# Blender 4.1.0
# www.blender.org
mtllib Explosion0002.mtl
g Circle_Circle
v 0.073705 0.917962 -0.370538
v 0.107002 0.826144 -0.537937
v 0.136188 0.702578 -0.684664
v 0.160140 0.552012 -0.805080
v 0.177939 0.380232 -0.894557
v 0.188899 0.193841 -0.949657
v 0.193841 0.000000 -0.974503
v 0.000000 0.193841 -0.968262
v 0.000000 0.380232 -0.912083
v 0.000000 0.552012 -0.820853
v 0.038970 0.973792 -0.195917
v 0.144577 0.917962 -0.349039
v 0.209893 0.826144 -0.506726
v 0.267143 0.702578 -0.644940
v 0.314127 0.552012 -0.758369
v 0.349039 0.380232 -0.842655
v 0.370538 0.193841 -0.894557
v 0.380232 0.000000 -0.917962
v 0.076443 0.973792 -0.184550
v 0.209893 0.917962 -0.314127
v 0.304717 0.826144 -0.456041
v 0.387831 0.702578 -0.580431
v 0.456041 0.552012 -0.682514
v 0.506726 0.380232 -0.758369
v 0.537938 0.193841 -0.805080
v 0.552012 0.000000 -0.826144
v 0.110978 0.973792 -0.166091
v 0.267143 0.917962 -0.267143
v 0.387831 0.826144 -0.387831
v 0.493616 0.702578 -0.493616
v 0.580431 0.552012 -0.580431
v 0.644940 0.380232 -0.644940
v 0.684665 0.193841 -0.684664
v 0.702578 0.000000 -0.702578
v 0.141248 0.973792 -0.141248
v 0.314127 0.917962 -0.209893
v 0.456041 0.826144 -0.304717
v 0.580431 0.702578 -0.387831
v 0.682514 0.552012 -0.456041
v 0.758369 0.380232 -0.506726
v 0.805080 0.193841 -0.537937
v 0.826144 0.000000 -0.552012
v 0.166091 0.973792 -0.110978
v 0.349039 0.917962 -0.144577
v 0.506726 0.826144 -0.209893
v 0.644940 0.702578 -0.267143
v 0.758369 0.552012 -0.314127
v 0.842654 0.380232 -0.349039
v 0.894557 0.193841 -0.370538
v 0.917962 0.000000 -0.380232
v 0.184550 0.973792 -0.076443
v 0.370538 0.917962 -0.073705
v 0.537937 0.826144 -0.107002
v 0.684664 0.702578 -0.136188
v 0.805080 0.552012 -0.160140
v 0.894557 0.380232 -0.177939
v 0.949657 0.193841 -0.188898
v 0.974503 0.000000 -0.193841
v 0.195917 0.973792 -0.038970
v 0.377797 0.917962 0.000000
v 0.548476 0.826144 0.000000
v 0.698078 0.702578 0.000000
v 0.820853 0.552012 0.000000
v 0.912083 0.380232 -0.000000
v 0.968262 0.193841 0.000000
v 0.993595 0.000000 0.000000
v 0.199755 0.973792 0.000000
v 0.370538 0.917962 0.073705
v 0.537937 0.826144 0.107002
v 0.684664 0.702578 0.136188
v 0.805080 0.552012 0.160140
v 0.894557 0.380232 0.177939
v 0.949657 0.193841 0.188899
v 0.974503 0.000000 0.193841
v 0.195917 0.973792 0.038970
v 0.349039 0.917962 0.144577
v 0.506726 0.826144 0.209893
v 0.644940 0.702578 0.267143
v 0.758369 0.552012 0.314127
v 0.842654 0.380232 0.349039
v 0.894557 0.193841 0.370538
v 0.917962 0.000000 0.380232
v 0.184550 0.973792 0.076443
v 0.314127 0.917962 0.209893
v 0.456041 0.826144 0.304717
v 0.580431 0.702578 0.387831
v 0.682514 0.552012 0.456041
v 0.758369 0.380232 0.506726
v 0.805080 0.193841 0.537937
v 0.826144 0.000000 0.552012
v 0.166090 0.973792 0.110978
v 0.267143 0.917962 0.267143
v 0.387831 0.826144 0.387831
v 0.493616 0.702578 0.493616
v 0.580430 0.552012 0.580430
v 0.644940 0.380232 0.644940
v 0.684664 0.193841 0.684664
v 0.702577 0.000000 0.702578
v 0.141248 0.973792 0.141248
v 0.209893 0.917962 0.314127
v 0.304717 0.826144 0.456041
v 0.387831 0.702578 0.580430
v 0.456041 0.552012 0.682514
v 0.506726 0.380232 0.758369
v 0.537937 0.193841 0.805080
v 0.552011 0.000000 0.826144
v 0.110978 0.973792 0.166090
v 0.144577 0.917962 0.349039
v 0.209893 0.826144 0.506726
v 0.267143 0.702578 0.644940
v 0.314127 0.552012 0.758369
v 0.349039 0.380232 0.842654
v 0.370538 0.193841 0.894557
v 0.380232 0.000000 0.917962
v 0.076443 0.973792 0.184550
v 0.073704 0.917962 0.370538
v 0.107002 0.826144 0.537937
v 0.136188 0.702578 0.684664
v 0.160140 0.552012 0.805080
v 0.177938 0.380232 0.894557
v 0.188898 0.193841 0.949657
v 0.193840 0.000000 0.974503
v 0.038970 0.973792 0.195917
v -0.000000 0.917962 0.377797
v -0.000000 0.826144 0.548476
v -0.000000 0.702578 0.698078
v -0.000000 0.552012 0.820853
v -0.000000 0.380232 0.912082
v -0.000000 0.193841 0.968262
v -0.000000 0.000000 0.993595
v -0.000000 0.973792 0.199755
v -0.073705 0.917962 0.370538
v -0.107002 0.826144 0.537937
v -0.136188 0.702578 0.684664
v -0.160140 0.552012 0.805080
v -0.177938 0.380232 0.894557
v -0.188899 0.193841 0.949657
v -0.193841 0.000000 0.974503
v -0.038970 0.973792 0.195917
v -0.144577 0.917962 0.349039
v -0.209893 0.826144 0.506726
v -0.267143 0.702578 0.644940
v -0.314127 0.552012 0.758369
v -0.349039 0.380232 0.842654
v -0.370538 0.193841 0.894557
v -0.380232 0.000000 0.917961
v -0.076443 0.973792 0.184550
v -0.209893 0.917962 0.314127
v -0.304717 0.826144 0.456041
v -0.387831 0.702578 0.580430
v -0.456041 0.552012 0.682514
v -0.506726 0.380232 0.758369
v -0.537937 0.193841 0.805080
v -0.552012 0.000000 0.826143
v -0.110978 0.973792 0.166090
v -0.267143 0.917962 0.267143
v -0.387831 0.826144 0.387831
v -0.493615 0.702578 0.493615
v -0.580430 0.552012 0.580430
v -0.644940 0.380232 0.644940
v -0.684664 0.193841 0.684664
v -0.702578 0.000000 0.702577
v -0.141248 0.973792 0.141248
v -0.314127 0.917962 0.209893
v -0.456041 0.826144 0.304717
v -0.580430 0.702578 0.387831
v -0.682514 0.552012 0.456041
v -0.758369 0.380232 0.506726
v -0.805080 0.193841 0.537937
v -0.826144 0.000000 0.552011
v -0.166090 0.973792 0.110978
v -0.349039 0.917962 0.144577
v -0.506726 0.826144 0.209893
v -0.644940 0.702578 0.267143
v -0.758369 0.552012 0.314126
v -0.842654 0.380232 0.349039
v -0.894557 0.193841 0.370537
v -0.917962 0.000000 0.380232
v -0.184550 0.973792 0.076443
v 0.000000 0.997577 0.000000
v -0.370538 0.917962 0.073704
v -0.537937 0.826144 0.107002
v -0.684664 0.702578 0.136188
v -0.805080 0.552012 0.160140
v -0.894557 0.380232 0.177938
v -0.949657 0.193841 0.188898
v -0.974503 0.000000 0.193840
v -0.195917 0.973792 0.038970
v -0.377797 0.917962 -0.000000
v -0.548476 0.826144 -0.000000
v -0.698078 0.702578 -0.000000
v -0.820852 0.552012 -0.000000
v -0.912082 0.380232 -0.000000
v -0.968261 0.193841 -0.000000
v -0.993594 0.000000 -0.000000
v -0.199755 0.973792 -0.000000
v -0.370538 0.917962 -0.073705
v -0.537937 0.826144 -0.107002
v -0.684664 0.702578 -0.136188
v -0.805080 0.552012 -0.160140
v -0.894557 0.380232 -0.177939
v -0.949656 0.193841 -0.188899
v -0.974503 0.000000 -0.193841
v -0.195917 0.973792 -0.038970
v -0.349039 0.917962 -0.144577
v -0.506726 0.826144 -0.209893
v -0.644940 0.702578 -0.267143
v -0.758369 0.552012 -0.314127
v -0.842654 0.380232 -0.349039
v -0.894557 0.193841 -0.370538
v -0.917961 0.000000 -0.380232
v -0.184550 0.973792 -0.076443
v -0.314127 0.917962 -0.209893
v -0.456041 0.826144 -0.304717
v -0.580430 0.702578 -0.387831
v -0.682514 0.552012 -0.456041
v -0.758369 0.380232 -0.506726
v -0.805080 0.193841 -0.537937
v -0.826143 0.000000 -0.552012
v -0.166090 0.973792 -0.110978
v -0.267143 0.917962 -0.267143
v -0.387831 0.826144 -0.387831
v -0.493615 0.702578 -0.493615
v -0.580430 0.552012 -0.580430
v -0.644939 0.380232 -0.644940
v -0.684664 0.193841 -0.684664
v -0.702577 0.000000 -0.702577
v -0.141248 0.973792 -0.141248
v -0.209893 0.917962 -0.314127
v -0.304717 0.826144 -0.456041
v -0.387831 0.702578 -0.580430
v -0.456041 0.552012 -0.682514
v -0.506726 0.380232 -0.758369
v -0.537937 0.193841 -0.805080
v -0.552011 0.000000 -0.826144
v -0.110978 0.973792 -0.166090
v -0.144577 0.917962 -0.349039
v -0.209892 0.826144 -0.506726
v -0.267143 0.702578 -0.644940
v -0.314126 0.552012 -0.758369
v -0.349039 0.380232 -0.842654
v -0.370537 0.193841 -0.894557
v -0.380232 0.000000 -0.917961
v -0.076443 0.973792 -0.184550
v -0.073704 0.917962 -0.370538
v -0.107002 0.826144 -0.537937
v -0.136188 0.702578 -0.684664
v -0.160140 0.552012 -0.805080
v -0.177938 0.380232 -0.894557
v -0.188898 0.193841 -0.949656
v -0.193840 0.000000 -0.974503
v -0.038970 0.973792 -0.195917
v 0.000000 0.917962 -0.377797
v 0.000000 0.826144 -0.548476
v 0.000000 0.702578 -0.698078
v 0.000000 0.000000 -0.993594
v 0.000000 0.973792 -0.199755
v 0.090790 0.876269 -0.456434
v 0.122183 0.768056 -0.614256
v 0.148881 0.630328 -0.748474
v 0.169857 0.468376 -0.853927
v 0.184305 0.288424 -0.926565
v 0.191826 0.097389 -0.964376
v 0.000000 0.288424 -0.944718
v 0.000000 0.468376 -0.870657
v 0.056083 0.950719 -0.281948
v 0.089399 0.380232 -0.907687
v 0.080457 0.552012 -0.816897
v 0.094906 0.193841 -0.963596
v 0.178092 0.876269 -0.429951
v 0.239671 0.768056 -0.578617
v 0.292040 0.630328 -0.705047
v 0.333186 0.468376 -0.804382
v 0.361528 0.288424 -0.872805
v 0.376281 0.097389 -0.908422
v 0.110011 0.950719 -0.265589
v 0.238280 0.552012 -0.785504
v 0.202641 0.702578 -0.668016
v 0.264763 0.380232 -0.872805
v 0.281071 0.193841 -0.926565
v 0.288424 0.000000 -0.950808
v 0.058513 0.973614 -0.192890
v 0.159214 0.826144 -0.524857
v 0.109668 0.917962 -0.361528
v 0.258549 0.876269 -0.386946
v 0.347948 0.768056 -0.520741
v 0.423976 0.630328 -0.634525
v 0.483711 0.468376 -0.723925
v 0.524857 0.288424 -0.785504
v 0.546275 0.097389 -0.817558
v 0.159711 0.950719 -0.239024
v 0.468376 0.000000 -0.876269
v 0.456434 0.193841 -0.853927
v 0.095019 0.973614 -0.177769
v 0.178092 0.917962 -0.333186
v 0.258549 0.826144 -0.483711
v 0.329070 0.702578 -0.615647
v 0.386946 0.552012 -0.723925
v 0.429951 0.380232 -0.804382
v 0.329070 0.876269 -0.329070
v 0.442854 0.768056 -0.442854
v 0.539619 0.630328 -0.539619
v 0.615647 0.468376 -0.615647
v 0.668016 0.288424 -0.668016
v 0.695276 0.097389 -0.695276
v 0.203273 0.950719 -0.203273
v 0.442854 0.702578 -0.539619
v 0.347948 0.826144 -0.423976
v 0.520741 0.552012 -0.634525
v 0.578617 0.380232 -0.705047
v 0.614257 0.193841 -0.748474
v 0.630328 0.000000 -0.768056
v 0.127874 0.973614 -0.155815
v 0.239671 0.917962 -0.292040
v 0.386946 0.876269 -0.258549
v 0.520741 0.768056 -0.347948
v 0.634525 0.630328 -0.423976
v 0.723925 0.468376 -0.483711
v 0.785504 0.288424 -0.524857
v 0.817558 0.097389 -0.546275
v 0.239024 0.950719 -0.159711
v 0.768056 0.000000 -0.630327
v 0.748474 0.193841 -0.614256
v 0.155815 0.973614 -0.127874
v 0.292040 0.917962 -0.239671
v 0.423976 0.826144 -0.347948
v 0.539620 0.702578 -0.442854
v 0.634525 0.552012 -0.520741
v 0.705047 0.380232 -0.578617
v 0.429951 0.876269 -0.178092
v 0.578617 0.768056 -0.239671
v 0.705047 0.630328 -0.292040
v 0.804382 0.468376 -0.333186
v 0.872805 0.288424 -0.361528
v 0.908422 0.097389 -0.376281
v 0.265589 0.950719 -0.110011
v 0.723925 0.552012 -0.386946
v 0.615647 0.702578 -0.329070
v 0.804382 0.380232 -0.429951
v 0.853927 0.193841 -0.456434
v 0.876269 0.000000 -0.468375
v 0.177769 0.973614 -0.095019
v 0.333186 0.917962 -0.178092
v 0.483711 0.826144 -0.258549
v 0.456434 0.876269 -0.090790
v 0.614256 0.768056 -0.122183
v 0.748474 0.630328 -0.148881
v 0.853927 0.468376 -0.169857
v 0.926565 0.288424 -0.184305
v 0.964376 0.097389 -0.191826
v 0.281948 0.950719 -0.056083
v 0.950807 0.000000 -0.288424
v 0.192890 0.973614 -0.058513
v 0.361528 0.917962 -0.109668
v 0.524857 0.826144 -0.159214
v 0.668016 0.702578 -0.202641
v 0.785504 0.552012 -0.238280
v 0.872805 0.380232 -0.264763
v 0.926565 0.193841 -0.281070
v 0.465376 0.876269 0.000000
v 0.626290 0.768056 0.000000
v 0.763137 0.630328 0.000000
v 0.870657 0.468376 0.000000
v 0.944718 0.288424 0.000000
v 0.983269 0.097389 0.000000
v 0.287471 0.950719 0.000000
v 0.816897 0.552012 -0.080457
v 0.694714 0.702578 -0.068423
v 0.907687 0.380232 -0.089399
v 0.963596 0.193841 -0.094906
v 0.988807 0.000000 -0.097389
v 0.200599 0.973614 -0.019757
v 0.375976 0.917962 -0.037030
v 0.545833 0.826144 -0.053760
v 0.456434 0.876269 0.090790
v 0.614256 0.768056 0.122183
v 0.748474 0.630328 0.148881
v 0.853927 0.468376 0.169857
v 0.926565 0.288424 0.184305
v 0.964376 0.097389 0.191826
v 0.281948 0.950719 0.056083
v 0.988807 0.000000 0.097389
v 0.200599 0.973614 0.019757
v 0.375976 0.917962 0.037030
v 0.545833 0.826144 0.053760
v 0.694714 0.702578 0.068423
v 0.816897 0.552012 0.080457
v 0.907687 0.380232 0.089399
v 0.963596 0.193841 0.094906
v 0.429951 0.876269 0.178092
v 0.578617 0.768056 0.239671
v 0.705047 0.630328 0.292040
v 0.804382 0.468376 0.333186
v 0.872805 0.288424 0.361528
v 0.908422 0.097389 0.376281
v 0.265589 0.950719 0.110011
v 0.872805 0.380232 0.264763
v 0.785504 0.552012 0.238280
v 0.926565 0.193841 0.281071
v 0.950807 0.000000 0.288424
v 0.192890 0.973614 0.058513
v 0.361528 0.917962 0.109668
v 0.524857 0.826144 0.159214
v 0.668016 0.702578 0.202641
v 0.386946 0.876269 0.258549
v 0.520741 0.768056 0.347948
v 0.634525 0.630328 0.423976
v 0.723924 0.468376 0.483711
v 0.785504 0.288424 0.524857
v 0.817558 0.097389 0.546275
v 0.239024 0.950719 0.159711
v 0.333186 0.917962 0.178092
v 0.177769 0.973614 0.095019
v 0.483711 0.826144 0.258549
v 0.615647 0.702578 0.329070
v 0.723924 0.552012 0.386946
v 0.804382 0.380232 0.429951
v 0.853927 0.193841 0.456434
v 0.876269 0.000000 0.468376
v 0.329070 0.876269 0.329070
v 0.442854 0.768056 0.442854
v 0.539619 0.630328 0.539619
v 0.615647 0.468376 0.615647
v 0.668016 0.288424 0.668016
v 0.695276 0.097389 0.695276
v 0.203273 0.950719 0.203273
v 0.748473 0.193841 0.614256
v 0.705047 0.380232 0.578617
v 0.768056 0.000000 0.630328
v 0.155815 0.973614 0.127874
v 0.292040 0.917962 0.239671
v 0.423976 0.826144 0.347948
v 0.539619 0.702578 0.442854
v 0.634525 0.552012 0.520741
v 0.258549 0.876269 0.386946
v 0.347948 0.768056 0.520741
v 0.423976 0.630328 0.634525
v 0.483711 0.468376 0.723925
v 0.524857 0.288424 0.785504
v 0.546275 0.097389 0.817558
v 0.159711 0.950719 0.239024
v 0.347948 0.826144 0.423976
v 0.239671 0.917962 0.292040
v 0.442854 0.702578 0.539619
v 0.520741 0.552012 0.634525
v 0.578617 0.380232 0.705047
v 0.614256 0.193841 0.748474
v 0.630327 0.000000 0.768056
v 0.127874 0.973614 0.155815
v 0.178091 0.876269 0.429951
v 0.239671 0.768056 0.578617
v 0.292040 0.630328 0.705047
v 0.333186 0.468376 0.804382
v 0.361528 0.288424 0.872805
v 0.376280 0.097389 0.908422
v 0.110011 0.950719 0.265589
v 0.456433 0.193841 0.853927
v 0.429951 0.380232 0.804382
v 0.468375 0.000000 0.876269
v 0.095019 0.973614 0.177769
v 0.178091 0.917962 0.333186
v 0.258549 0.826144 0.483711
v 0.329070 0.702578 0.615647
v 0.386946 0.552012 0.723925
v 0.090790 0.876269 0.456434
v 0.122183 0.768056 0.614256
v 0.148881 0.630328 0.748473
v 0.169857 0.468376 0.853927
v 0.184305 0.288424 0.926565
v 0.191826 0.097389 0.964375
v 0.056083 0.950719 0.281948
v 0.202640 0.702578 0.668016
v 0.159214 0.826144 0.524857
v 0.238280 0.552012 0.785504
v 0.264763 0.380232 0.872805
v 0.281070 0.193841 0.926565
v 0.288424 0.000000 0.950807
v 0.058513 0.973614 0.192890
v 0.109668 0.917962 0.361528
v -0.000000 0.876269 0.465376
v -0.000000 0.768056 0.626290
v -0.000000 0.630328 0.763137
v -0.000000 0.468376 0.870657
v -0.000000 0.288424 0.944717
v -0.000000 0.097389 0.983269
v -0.000000 0.950719 0.287471
v 0.097389 0.000000 0.988806
v 0.094906 0.193841 0.963595
v 0.019757 0.973614 0.200599
v 0.037030 0.917962 0.375976
v 0.053760 0.826144 0.545833
v 0.068423 0.702578 0.694714
v 0.080457 0.552012 0.816897
v 0.089399 0.380232 0.907687
v -0.090790 0.876269 0.456434
v -0.122183 0.768056 0.614256
v -0.148881 0.630328 0.748473
v -0.169857 0.468376 0.853927
v -0.184305 0.288424 0.926565
v -0.191826 0.097389 0.964375
v -0.056083 0.950719 0.281948
v -0.068423 0.702578 0.694714
v -0.053760 0.826144 0.545833
v -0.080457 0.552012 0.816897
v -0.089399 0.380232 0.907687
v -0.094906 0.193841 0.963595
v -0.097389 0.000000 0.988806
v -0.019757 0.973614 0.200599
v -0.037030 0.917962 0.375976
v -0.178092 0.876269 0.429951
v -0.239671 0.768056 0.578617
v -0.292040 0.630328 0.705047
v -0.333186 0.468376 0.804382
v -0.361528 0.288424 0.872805
v -0.376281 0.097389 0.908422
v -0.110011 0.950719 0.265589
v -0.288424 0.000000 0.950807
v -0.281071 0.193841 0.926565
v -0.058513 0.973614 0.192890
v -0.109668 0.917962 0.361528
v -0.159214 0.826144 0.524857
v -0.202641 0.702578 0.668016
v -0.238280 0.552012 0.785504
v -0.264763 0.380232 0.872805
v -0.258549 0.876269 0.386946
v -0.347948 0.768056 0.520741
v -0.423976 0.630328 0.634525
v -0.483711 0.468376 0.723924
v -0.524857 0.288424 0.785504
v -0.546275 0.097389 0.817558
v -0.159711 0.950719 0.239024
v -0.386946 0.552012 0.723924
v -0.329070 0.702578 0.615647
v -0.429951 0.380232 0.804382
v -0.456434 0.193841 0.853927
v -0.468376 0.000000 0.876269
v -0.095019 0.973614 0.177768
v -0.178092 0.917962 0.333186
v -0.258549 0.826144 0.483711
v -0.329070 0.876269 0.329070
v -0.442854 0.768056 0.442854
v -0.539619 0.630328 0.539619
v -0.615647 0.468376 0.615647
v -0.668016 0.288424 0.668016
v -0.695276 0.097389 0.695276
v -0.203273 0.950719 0.203273
v -0.630327 0.000000 0.768056
v -0.127874 0.973614 0.155815
v -0.239671 0.917962 0.292040
v -0.347948 0.826144 0.423976
v -0.442854 0.702578 0.539619
v -0.520741 0.552012 0.634525
v -0.578617 0.380232 0.705046
v -0.614256 0.193841 0.748473
v -0.386946 0.876269 0.258549
v -0.520741 0.768056 0.347948
v -0.634525 0.630328 0.423976
v -0.723924 0.468376 0.483711
v -0.785504 0.288424 0.524857
v -0.817558 0.097389 0.546274
v -0.239024 0.950719 0.159711
v -0.705047 0.380232 0.578617
v -0.634525 0.552012 0.520741
v -0.748473 0.193841 0.614256
v -0.768056 0.000000 0.630327
v -0.155815 0.973614 0.127874
v -0.292040 0.917962 0.239671
v -0.423976 0.826144 0.347948
v -0.539619 0.702578 0.442854
v -0.109146 0.987361 0.045210
v -0.429951 0.876269 0.178091
v -0.578617 0.768056 0.239671
v -0.705047 0.630328 0.292040
v -0.804382 0.468376 0.333186
v -0.872805 0.288424 0.361528
v -0.908422 0.097389 0.376280
v -0.265589 0.950719 0.110010
v -0.177768 0.973614 0.095019
v -0.333186 0.917962 0.178091
v -0.483711 0.826144 0.258549
v -0.615647 0.702578 0.329070
v -0.723924 0.552012 0.386946
v -0.804382 0.380232 0.429951
v -0.853927 0.193841 0.456433
v -0.876269 0.000000 0.468375
v -0.456433 0.876269 0.090790
v -0.614256 0.768056 0.122183
v -0.748473 0.630328 0.148881
v -0.853927 0.468376 0.169857
v -0.926565 0.288424 0.184305
v -0.964375 0.097389 0.191826
v -0.281948 0.950719 0.056083
v -0.872805 0.380232 0.264762
v -0.785504 0.552012 0.238280
v -0.926565 0.193841 0.281070
v -0.950807 0.000000 0.288424
v -0.192890 0.973614 0.058513
v -0.361528 0.917962 0.109668
v -0.524857 0.826144 0.159213
v -0.668016 0.702578 0.202640
v -0.465376 0.876269 -0.000000
v -0.626290 0.768057 -0.000000
v -0.763137 0.630328 -0.000000
v -0.870656 0.468376 -0.000000
v -0.944717 0.288424 -0.000000
v -0.983268 0.097389 -0.000000
v -0.287471 0.950719 -0.000000
v -0.545833 0.826144 0.053760
v -0.375976 0.917962 0.037030
v -0.694714 0.702578 0.068423
v -0.816897 0.552012 0.080457
v -0.907687 0.380232 0.089399
v -0.963595 0.193841 0.094906
v -0.988806 0.000000 0.097388
v -0.200599 0.973614 0.019757
v -0.456433 0.876269 -0.090790
v -0.614256 0.768056 -0.122183
v -0.748473 0.630328 -0.148881
v -0.853927 0.468376 -0.169857
v -0.926565 0.288424 -0.184305
v -0.964375 0.097389 -0.191826
v -0.281948 0.950719 -0.056083
v -0.963595 0.193841 -0.094906
v -0.907687 0.380232 -0.089399
v -0.988806 0.000000 -0.097389
v -0.200599 0.973614 -0.019757
v -0.375976 0.917962 -0.037030
v -0.545833 0.826144 -0.053760
v -0.694713 0.702578 -0.068423
v -0.816896 0.552012 -0.080457
v -0.429951 0.876269 -0.178092
v -0.578617 0.768056 -0.239671
v -0.705047 0.630328 -0.292040
v -0.804382 0.468376 -0.333186
v -0.872805 0.288424 -0.361528
v -0.908421 0.097389 -0.376281
v -0.265589 0.950719 -0.110011
v -0.524857 0.826144 -0.159214
v -0.361528 0.917962 -0.109668
v -0.668016 0.702578 -0.202641
v -0.785504 0.552012 -0.238280
v -0.872805 0.380232 -0.264763
v -0.926565 0.193841 -0.281071
v -0.950807 0.000000 -0.288424
v -0.192890 0.973614 -0.058513
v -0.386945 0.876269 -0.258549
v -0.520741 0.768056 -0.347948
v -0.634525 0.630328 -0.423976
v -0.723924 0.468376 -0.483711
v -0.785504 0.288424 -0.524857
v -0.817558 0.097389 -0.546275
v -0.239024 0.950719 -0.159711
v -0.853927 0.193841 -0.456434
v -0.804382 0.380232 -0.429951
v -0.876268 0.000000 -0.468376
v -0.177768 0.973614 -0.095019
v -0.333186 0.917962 -0.178092
v -0.483711 0.826144 -0.258549
v -0.615647 0.702578 -0.329070
v -0.723924 0.552012 -0.386946
v -0.329070 0.876269 -0.329070
v -0.442854 0.768056 -0.442854
v -0.539619 0.630328 -0.539619
v -0.615647 0.468376 -0.615647
v -0.668016 0.288424 -0.668016
v -0.695275 0.097389 -0.695276
v -0.203273 0.950719 -0.203273
v -0.539619 0.702578 -0.442854
v -0.423976 0.826144 -0.347948
v -0.634525 0.552012 -0.520741
v -0.705046 0.380232 -0.578617
v -0.748473 0.193841 -0.614256
v -0.768055 0.000000 -0.630327
v -0.155815 0.973614 -0.127874
v -0.292040 0.917962 -0.239671
v -0.258549 0.876269 -0.386946
v -0.347948 0.768056 -0.520741
v -0.423976 0.630328 -0.634525
v -0.483711 0.468376 -0.723924
v -0.524857 0.288424 -0.785504
v -0.546274 0.097389 -0.817558
v -0.159710 0.950719 -0.239024
v -0.630327 0.000000 -0.768056
v -0.614256 0.193841 -0.748473
v -0.127874 0.973614 -0.155815
v -0.239671 0.917962 -0.292040
v -0.347948 0.826144 -0.423976
v -0.442854 0.702578 -0.539619
v -0.520741 0.552012 -0.634525
v -0.578617 0.380232 -0.705047
v -0.178091 0.876269 -0.429951
v -0.239671 0.768056 -0.578617
v -0.292040 0.630328 -0.705046
v -0.333186 0.468376 -0.804382
v -0.361528 0.288424 -0.872805
v -0.376280 0.097389 -0.908422
v -0.110010 0.950719 -0.265589
v -0.386945 0.552012 -0.723924
v -0.329070 0.702578 -0.615647
v -0.429951 0.380232 -0.804382
v -0.456433 0.193841 -0.853927
v -0.468375 0.000000 -0.876269
v -0.095019 0.973614 -0.177768
v -0.178091 0.917962 -0.333186
v -0.258549 0.826144 -0.483711
v -0.090790 0.876269 -0.456433
v -0.122183 0.768056 -0.614256
v -0.148880 0.630328 -0.748473
v -0.169857 0.468376 -0.853927
v -0.184305 0.288424 -0.926565
v -0.191826 0.097389 -0.964375
v -0.056083 0.950719 -0.281948
v -0.288424 0.000000 -0.950807
v -0.058513 0.973614 -0.192890
v -0.109668 0.917962 -0.361528
v -0.159213 0.826144 -0.524857
v -0.202640 0.702578 -0.668016
v -0.238280 0.552012 -0.785504
v -0.264762 0.380232 -0.872805
v -0.281070 0.193841 -0.926565
v 0.000000 0.876269 -0.465375
v 0.000000 0.768056 -0.626290
v 0.000000 0.950719 -0.287471
v -0.068423 0.702578 -0.694713
v -0.097388 0.000000 -0.988806
v -0.019757 0.973614 -0.200599
v -0.037030 0.917962 -0.375976
v -0.053760 0.826144 -0.545833
v 0.023048 0.987361 -0.115869
v 0.000000 0.097389 -0.983269
v 0.000000 0.630328 -0.763137
v 0.000000 0.987361 -0.118139
v 0.068423 0.702578 -0.694714
v 0.053760 0.826144 -0.545833
v 0.037030 0.917962 -0.375976
v 0.019757 0.973614 -0.200599
v 0.097389 0.000000 -0.988806
v 0.045210 0.987361 -0.109146
v 0.065634 0.987361 -0.098229
v 0.083537 0.987361 -0.083537
v 0.098229 0.987361 -0.065634
v 0.109146 0.987361 -0.045210
v 0.115869 0.987361 -0.023048
v 0.118139 0.987361 0.000000
v 0.115869 0.987361 0.023048
v 0.109146 0.987361 0.045210
v 0.098229 0.987361 0.065634
v 0.083537 0.987361 0.083537
v 0.065634 0.987361 0.098229
v 0.045210 0.987361 0.109146
v 0.023048 0.987361 0.115869
v -0.000000 0.987361 0.118139
v -0.023048 0.987361 0.115869
v -0.045210 0.987361 0.109146
v -0.065634 0.987361 0.098229
v -0.083537 0.987361 0.083537
v -0.098229 0.987361 0.065634
v -0.115869 0.987361 0.023048
v -0.118139 0.987361 -0.000000
v -0.115869 0.987361 -0.023048
v -0.109146 0.987361 -0.045210
v -0.098229 0.987361 -0.065634
v -0.083537 0.987361 -0.083537
v -0.065634 0.987361 -0.098229
v -0.045210 0.987361 -0.109146
v -0.023048 0.987361 -0.115869
v -0.080457 0.552012 -0.816897
v -0.089399 0.380232 -0.907687
v -0.094906 0.193841 -0.963595
v 0.085339 0.468376 -0.866461
v 0.074800 0.630328 -0.759459
v 0.061387 0.768056 -0.623272
v 0.045615 0.876269 -0.463133
v 0.028199 0.950696 -0.286312
v 0.013329 0.985270 -0.135336
v 0.096377 0.097389 -0.978530
v 0.092598 0.288424 -0.940165
v 0.221526 0.630328 -0.730274
v 0.252737 0.468376 -0.833163
v 0.274236 0.288424 -0.904035
v 0.285427 0.097389 -0.940926
v 0.039476 0.985270 -0.130136
v 0.135091 0.876269 -0.445335
v 0.083514 0.950696 -0.275309
v 0.181802 0.768056 -0.599320
v 0.463508 0.097389 -0.867163
v 0.064106 0.985270 -0.119934
v 0.135620 0.950696 -0.253726
v 0.219376 0.876269 -0.410423
v 0.295230 0.768056 -0.552337
v 0.359739 0.630328 -0.673024
v 0.410423 0.468376 -0.767848
v 0.445335 0.288424 -0.833163
v 0.397313 0.768056 -0.484127
v 0.484127 0.630328 -0.589911
v 0.552337 0.468376 -0.673024
v 0.599320 0.288424 -0.730274
v 0.623777 0.097389 -0.760074
v 0.086272 0.985270 -0.105123
v 0.182513 0.950696 -0.222393
v 0.295230 0.876269 -0.359739
v 0.760074 0.097389 -0.623777
v 0.105123 0.985270 -0.086272
v 0.222393 0.950696 -0.182513
v 0.359739 0.876269 -0.295230
v 0.484127 0.768056 -0.397313
v 0.589911 0.630328 -0.484127
v 0.673024 0.468376 -0.552337
v 0.730274 0.288424 -0.599320
v 0.673024 0.630328 -0.359739
v 0.767848 0.468376 -0.410423
v 0.833163 0.288424 -0.445335
v 0.867163 0.097389 -0.463508
v 0.119934 0.985270 -0.064106
v 0.253726 0.950696 -0.135620
v 0.410423 0.876269 -0.219376
v 0.552337 0.768056 -0.295230
v 0.130136 0.985270 -0.039476
v 0.275309 0.950696 -0.083514
v 0.445335 0.876269 -0.135091
v 0.599320 0.768056 -0.181802
v 0.730274 0.630328 -0.221526
v 0.833163 0.468376 -0.252737
v 0.904035 0.288424 -0.274236
v 0.940926 0.097389 -0.285427
v 0.759459 0.630328 -0.074800
v 0.866461 0.468376 -0.085339
v 0.940165 0.288424 -0.092598
v 0.978530 0.097389 -0.096377
v 0.135336 0.985270 -0.013329
v 0.286312 0.950696 -0.028199
v 0.463133 0.876269 -0.045615
v 0.623272 0.768056 -0.061387
v 0.135336 0.985270 0.013329
v 0.286312 0.950696 0.028199
v 0.463133 0.876269 0.045615
v 0.623272 0.768056 0.061387
v 0.759459 0.630328 0.074800
v 0.866461 0.468376 0.085339
v 0.940165 0.288424 0.092598
v 0.978530 0.097389 0.096377
v 0.833163 0.468376 0.252737
v 0.904035 0.288424 0.274236
v 0.940926 0.097389 0.285427
v 0.130136 0.985270 0.039476
v 0.275309 0.950696 0.083514
v 0.445335 0.876269 0.135091
v 0.599320 0.768056 0.181802
v 0.730274 0.630328 0.221526
v 0.253726 0.950696 0.135620
v 0.410423 0.876269 0.219376
v 0.552337 0.768056 0.295230
v 0.673024 0.630328 0.359739
v 0.767848 0.468376 0.410423
v 0.833163 0.288424 0.445335
v 0.867162 0.097389 0.463508
v 0.119934 0.985270 0.064106
v 0.730274 0.288424 0.599320
v 0.760074 0.097389 0.623777
v 0.105123 0.985270 0.086272
v 0.222393 0.950696 0.182513
v 0.359739 0.876269 0.295230
v 0.484127 0.768056 0.397313
v 0.589910 0.630328 0.484127
v 0.673024 0.468376 0.552337
v 0.295230 0.876269 0.359739
v 0.397313 0.768056 0.484127
v 0.484127 0.630328 0.589911
v 0.552337 0.468376 0.673024
v 0.599320 0.288424 0.730274
v 0.623777 0.097389 0.760074
v 0.086272 0.985270 0.105123
v 0.182513 0.950696 0.222393
v 0.445335 0.288424 0.833163
v 0.463508 0.097389 0.867162
v 0.064106 0.985270 0.119934
v 0.135620 0.950696 0.253726
v 0.219376 0.876269 0.410423
v 0.295230 0.768056 0.552336
v 0.359739 0.630328 0.673024
v 0.410423 0.468376 0.767848
v 0.181802 0.768056 0.599320
v 0.221526 0.630328 0.730274
v 0.252737 0.468376 0.833163
v 0.274236 0.288424 0.904035
v 0.285426 0.097389 0.940926
v 0.039476 0.985270 0.130136
v 0.083514 0.950696 0.275309
v 0.135091 0.876269 0.445335
v 0.096377 0.097389 0.978530
v 0.013329 0.985270 0.135336
v 0.028199 0.950696 0.286312
v 0.045615 0.876269 0.463133
v 0.061387 0.768056 0.623272
v 0.074800 0.630328 0.759459
v 0.085339 0.468376 0.866461
v 0.092598 0.288424 0.940165
v -0.061387 0.768056 0.623272
v -0.074800 0.630328 0.759459
v -0.085339 0.468376 0.866461
v -0.092598 0.288424 0.940165
v -0.096377 0.097389 0.978530
v -0.013329 0.985270 0.135336
v -0.028199 0.950696 0.286312
v -0.045615 0.876269 0.463133
v -0.285427 0.097389 0.940926
v -0.039476 0.985270 0.130136
v -0.083514 0.950696 0.275309
v -0.135091 0.876269 0.445335
v -0.181802 0.768056 0.599320
v -0.221526 0.630328 0.730274
v -0.252737 0.468376 0.833163
v -0.274236 0.288424 0.904035
v -0.359739 0.630328 0.673024
v -0.410423 0.468376 0.767847
v -0.445335 0.288424 0.833163
v -0.463508 0.097389 0.867162
v -0.064106 0.985270 0.119934
v -0.135620 0.950696 0.253726
v -0.219376 0.876269 0.410423
v -0.295230 0.768056 0.552336
v -0.086272 0.985270 0.105123
v -0.182513 0.950696 0.222393
v -0.295230 0.876269 0.359739
v -0.397313 0.768056 0.484127
v -0.484127 0.630328 0.589910
v -0.552336 0.468376 0.673024
v -0.599320 0.288424 0.730273
v -0.623777 0.097389 0.760074
v -0.673024 0.468376 0.552336
v -0.730274 0.288424 0.599320
v -0.760074 0.097389 0.623776
v -0.105123 0.985270 0.086272
v -0.222393 0.950696 0.182513
v -0.359739 0.876269 0.295230
v -0.484127 0.768056 0.397313
v -0.589911 0.630328 0.484127
v -0.119934 0.985270 0.064106
v -0.253726 0.950696 0.135619
v -0.410423 0.876269 0.219376
v -0.552336 0.768056 0.295230
v -0.673024 0.630328 0.359739
v -0.767847 0.468376 0.410423
v -0.833163 0.288424 0.445335
v -0.867162 0.097389 0.463507
v -0.833163 0.468376 0.252737
v -0.904035 0.288424 0.274236
v -0.940926 0.097389 0.285426
v -0.130136 0.985270 0.039476
v -0.275309 0.950696 0.083514
v -0.445335 0.876269 0.135091
v -0.599320 0.768056 0.181802
v -0.730273 0.630328 0.221526
v -0.463133 0.876269 0.045615
v -0.623272 0.768057 0.061387
v -0.759459 0.630328 0.074800
v -0.866461 0.468376 0.085339
v -0.940165 0.288424 0.092598
v -0.978530 0.097389 0.096376
v -0.135336 0.985270 0.013329
v -0.286312 0.950696 0.028199
v -0.940165 0.288424 -0.092598
v -0.978530 0.097389 -0.096377
v -0.135336 0.985270 -0.013329
v -0.286312 0.950696 -0.028199
v -0.463133 0.876269 -0.045615
v -0.623272 0.768056 -0.061387
v -0.759459 0.630328 -0.074800
v -0.866461 0.468376 -0.085339
v -0.445335 0.876269 -0.135091
v -0.599320 0.768056 -0.181802
v -0.730273 0.630328 -0.221526
v -0.833163 0.468376 -0.252737
v -0.904034 0.288424 -0.274236
v -0.940925 0.097389 -0.285427
v -0.130136 0.985270 -0.039476
v -0.275309 0.950696 -0.083514
v -0.833163 0.288424 -0.445335
v -0.867162 0.097389 -0.463508
v -0.119934 0.985270 -0.064106
v -0.253726 0.950696 -0.135619
v -0.410423 0.876269 -0.219376
v -0.552336 0.768056 -0.295230
v -0.673024 0.630328 -0.359739
v -0.767847 0.468376 -0.410423
v -0.484127 0.768056 -0.397313
v -0.589910 0.630328 -0.484127
v -0.673024 0.468376 -0.552336
v -0.730273 0.288424 -0.599320
v -0.760073 0.097389 -0.623777
v -0.105123 0.985270 -0.086272
v -0.222393 0.950696 -0.182513
v -0.359739 0.876269 -0.295230
v -0.623776 0.097389 -0.760074
v -0.086272 0.985270 -0.105123
v -0.182513 0.950696 -0.222393
v -0.295230 0.876269 -0.359739
v -0.397313 0.768056 -0.484127
v -0.484127 0.630328 -0.589910
v -0.552336 0.468376 -0.673024
v -0.599320 0.288424 -0.730273
v -0.359739 0.630328 -0.673024
v -0.410423 0.468376 -0.767847
v -0.445335 0.288424 -0.833163
v -0.463507 0.097389 -0.867162
v -0.064106 0.985270 -0.119934
v -0.135619 0.950696 -0.253726
v -0.219375 0.876269 -0.410423
v -0.295230 0.768056 -0.552336
v -0.039476 0.985270 -0.130135
v -0.083514 0.950696 -0.275309
v -0.135091 0.876269 -0.445335
v -0.181802 0.768056 -0.599320
v -0.221526 0.630328 -0.730273
v -0.252737 0.468376 -0.833163
v -0.274236 0.288424 -0.904034
v -0.285426 0.097389 -0.940925
v -0.074800 0.630328 -0.759459
v -0.085339 0.468376 -0.866461
v -0.092598 0.288424 -0.940165
v -0.096376 0.097389 -0.978530
v -0.013329 0.985270 -0.135336
v -0.028199 0.950696 -0.286312
v -0.045614 0.876269 -0.463133
v -0.061387 0.768056 -0.623272
vn 0.0445 0.4249 -0.9041
vn 0.0422 0.5112 -0.8584
vn 0.1261 0.5112 -0.8502
vn 0.1328 0.4249 -0.8954
vn 0.0395 0.5928 -0.8044
vn 0.0365 0.6687 -0.7426
vn 0.1091 0.6687 -0.7355
vn 0.1181 0.5928 -0.7966
vn 0.0331 0.7384 -0.6735
vn 0.0294 0.8010 -0.5979
vn 0.0878 0.8010 -0.5922
vn 0.0989 0.7384 -0.6670
vn 0.0254 0.8560 -0.5163
vn 0.0211 0.9027 -0.4297
vn 0.0631 0.9027 -0.4256
vn 0.0758 0.8560 -0.5114
vn 0.0159 0.9399 -0.3412
vn 0.0057 0.9666 -0.2561
vn 0.0443 0.9666 -0.2523
vn 0.0510 0.9399 -0.3377
vn -0.0253 0.9851 -0.1703
vn 0.0088 0.9959 -0.0897
vn 0.0580 0.9851 -0.1621
vn 0.0488 0.1053 -0.9932
vn 0.0485 0.1536 -0.9869
vn 0.1450 0.1536 -0.9775
vn 0.1459 0.1053 -0.9837
vn 0.0477 0.2413 -0.9693
vn 0.0463 0.3346 -0.9412
vn 0.1382 0.3346 -0.9322
vn 0.1424 0.2413 -0.9600
vn 0.1957 0.5928 -0.7812
vn 0.1807 0.6687 -0.7212
vn 0.2505 0.6687 -0.7001
vn 0.2713 0.5928 -0.7583
vn 0.2200 0.4249 -0.8781
vn 0.2089 0.5112 -0.8337
vn 0.2895 0.5112 -0.8092
vn 0.3049 0.4249 -0.8523
vn 0.2358 0.2413 -0.9414
vn 0.2290 0.3346 -0.9141
vn 0.3174 0.3346 -0.8873
vn 0.3269 0.2413 -0.9137
vn 0.2417 0.1053 -0.9646
vn 0.2401 0.1536 -0.9585
vn 0.3329 0.1536 -0.9304
vn 0.3350 0.1053 -0.9363
vn 0.0084 0.9851 -0.1720
vn 0.0262 0.9959 -0.0862
vn 0.0885 0.9851 -0.1476
vn 0.1256 0.8560 -0.5015
vn 0.1046 0.9027 -0.4174
vn 0.1449 0.9027 -0.4051
vn 0.1741 0.8560 -0.4867
vn 0.0822 0.9399 -0.3315
vn 0.0556 0.9666 -0.2500
vn 0.0927 0.9666 -0.2388
vn 0.1159 0.9399 -0.3213
vn 0.1639 0.7384 -0.6541
vn 0.1455 0.8010 -0.5807
vn 0.2017 0.8010 -0.5637
vn 0.2272 0.7384 -0.6349
vn 0.4252 0.1053 -0.8989
vn 0.4225 0.1536 -0.8933
vn 0.5080 0.1536 -0.8476
vn 0.5112 0.1053 -0.8530
vn 0.0418 0.9851 -0.1670
vn 0.0425 0.9959 -0.0795
vn 0.1156 0.9851 -0.1275
vn 0.1453 0.9399 -0.3091
vn 0.1033 0.9666 -0.2344
vn 0.1375 0.9666 -0.2161
vn 0.1763 0.9399 -0.2925
vn 0.2210 0.8560 -0.4673
vn 0.1840 0.9027 -0.3889
vn 0.2212 0.9027 -0.3691
vn 0.2658 0.8560 -0.4434
vn 0.2883 0.7384 -0.6096
vn 0.2560 0.8010 -0.5412
vn 0.3078 0.8010 -0.5135
vn 0.3467 0.7384 -0.5784
vn 0.3444 0.5928 -0.7280
vn 0.3179 0.6687 -0.6721
vn 0.3822 0.6687 -0.6378
vn 0.4140 0.5928 -0.6908
vn 0.3871 0.4249 -0.8183
vn 0.3675 0.5112 -0.7769
vn 0.4418 0.5112 -0.7372
vn 0.4653 0.4249 -0.7765
vn 0.4150 0.2413 -0.8773
vn 0.4029 0.3346 -0.8519
vn 0.4844 0.3346 -0.8083
vn 0.4989 0.2413 -0.8324
vn 0.4017 0.7384 -0.5416
vn 0.3566 0.8010 -0.4808
vn 0.4020 0.8010 -0.4436
vn 0.4528 0.7384 -0.4997
vn 0.4798 0.5928 -0.6468
vn 0.4429 0.6687 -0.5972
vn 0.4993 0.6687 -0.5509
vn 0.5408 0.5928 -0.5967
vn 0.5393 0.4249 -0.7271
vn 0.5120 0.5112 -0.6903
vn 0.5772 0.5112 -0.6368
vn 0.6079 0.4249 -0.6708
vn 0.5781 0.2413 -0.7795
vn 0.5614 0.3346 -0.7569
vn 0.6328 0.3346 -0.6983
vn 0.6517 0.2413 -0.7191
vn 0.5924 0.1053 -0.7987
vn 0.5887 0.1536 -0.7937
vn 0.6636 0.1536 -0.7322
vn 0.6678 0.1053 -0.7369
vn 0.0736 0.9851 -0.1556
vn 0.0572 0.9959 -0.0697
vn 0.1383 0.9851 -0.1025
vn 0.2028 0.9399 -0.2749
vn 0.1470 0.9666 -0.2097
vn 0.1770 0.9666 -0.1851
vn 0.2300 0.9399 -0.2525
vn 0.3080 0.8560 -0.4152
vn 0.2563 0.9027 -0.3456
vn 0.2889 0.9027 -0.3188
vn 0.3472 0.8560 -0.3831
vn 0.7369 0.1053 -0.6678
vn 0.7322 0.1536 -0.6636
vn 0.7937 0.1536 -0.5887
vn 0.7987 0.1053 -0.5924
vn 0.1025 0.9851 -0.1383
vn 0.0697 0.9959 -0.0572
vn 0.1556 0.9851 -0.0736
vn 0.2525 0.9399 -0.2300
vn 0.1851 0.9666 -0.1770
vn 0.2097 0.9666 -0.1470
vn 0.2749 0.9399 -0.2028
vn 0.3831 0.8560 -0.3472
vn 0.3188 0.9027 -0.2889
vn 0.3456 0.9027 -0.2563
vn 0.4152 0.8560 -0.3080
vn 0.4997 0.7384 -0.4528
vn 0.4436 0.8010 -0.4020
vn 0.4808 0.8010 -0.3566
vn 0.5416 0.7384 -0.4017
vn 0.5967 0.5928 -0.5408
vn 0.5509 0.6687 -0.4993
vn 0.5972 0.6687 -0.4429
vn 0.6468 0.5928 -0.4798
vn 0.6708 0.4249 -0.6079
vn 0.6368 0.5112 -0.5772
vn 0.6903 0.5112 -0.5120
vn 0.7271 0.4249 -0.5393
vn 0.7191 0.2413 -0.6517
vn 0.6983 0.3346 -0.6328
vn 0.7569 0.3346 -0.5614
vn 0.7795 0.2413 -0.5781
vn 0.6908 0.5928 -0.4140
vn 0.6378 0.6687 -0.3822
vn 0.6721 0.6687 -0.3179
vn 0.7280 0.5928 -0.3444
vn 0.7765 0.4249 -0.4653
vn 0.7372 0.5112 -0.4418
vn 0.7769 0.5112 -0.3675
vn 0.8183 0.4249 -0.3871
vn 0.8324 0.2413 -0.4989
vn 0.8083 0.3346 -0.4844
vn 0.8519 0.3346 -0.4029
vn 0.8773 0.2413 -0.4150
vn 0.8530 0.1053 -0.5112
vn 0.8476 0.1536 -0.5080
vn 0.8933 0.1536 -0.4225
vn 0.8989 0.1053 -0.4252
vn 0.1275 0.9851 -0.1156
vn 0.0795 0.9959 -0.0425
vn 0.1670 0.9851 -0.0418
vn 0.2925 0.9399 -0.1763
vn 0.2161 0.9666 -0.1375
vn 0.2344 0.9666 -0.1033
vn 0.3091 0.9399 -0.1453
vn 0.4434 0.8560 -0.2658
vn 0.3691 0.9027 -0.2212
vn 0.3889 0.9027 -0.1840
vn 0.4673 0.8560 -0.2210
vn 0.5784 0.7384 -0.3467
vn 0.5135 0.8010 -0.3078
vn 0.5412 0.8010 -0.2560
vn 0.6096 0.7384 -0.2883
vn 0.1476 0.9851 -0.0885
vn 0.0862 0.9959 -0.0262
vn 0.1720 0.9851 -0.0084
vn 0.3213 0.9399 -0.1159
vn 0.2388 0.9666 -0.0927
vn 0.2500 0.9666 -0.0556
vn 0.3315 0.9399 -0.0822
vn 0.4867 0.8560 -0.1741
vn 0.4051 0.9027 -0.1449
vn 0.4174 0.9027 -0.1046
vn 0.5015 0.8560 -0.1256
vn 0.6349 0.7384 -0.2272
vn 0.5637 0.8010 -0.2017
vn 0.5807 0.8010 -0.1455
vn 0.6541 0.7384 -0.1639
vn 0.7583 0.5928 -0.2713
vn 0.7001 0.6687 -0.2505
vn 0.7212 0.6687 -0.1807
vn 0.7812 0.5928 -0.1957
vn 0.8523 0.4249 -0.3049
vn 0.8092 0.5112 -0.2895
vn 0.8337 0.5112 -0.2089
vn 0.8781 0.4249 -0.2200
vn 0.9137 0.2413 -0.3269
vn 0.8873 0.3346 -0.3174
vn 0.9141 0.3346 -0.2290
vn 0.9414 0.2413 -0.2358
vn 0.9363 0.1053 -0.3350
vn 0.9304 0.1536 -0.3329
vn 0.9585 0.1536 -0.2401
vn 0.9646 0.1053 -0.2417
vn 0.7966 0.5928 -0.1181
vn 0.7355 0.6687 -0.1091
vn 0.7426 0.6687 -0.0365
vn 0.8044 0.5928 -0.0395
vn 0.8954 0.4249 -0.1328
vn 0.8502 0.5112 -0.1261
vn 0.8584 0.5112 -0.0422
vn 0.9041 0.4249 -0.0445
vn 0.9600 0.2413 -0.1424
vn 0.9322 0.3346 -0.1382
vn 0.9412 0.3346 -0.0463
vn 0.9693 0.2413 -0.0477
vn 0.9837 0.1053 -0.1459
vn 0.9774 0.1536 -0.1450
vn 0.9869 0.1536 -0.0485
vn 0.9932 0.1053 -0.0488
vn 0.1621 0.9851 -0.0580
vn 0.0897 0.9959 -0.0088
vn 0.1703 0.9851 0.0253
vn 0.3377 0.9399 -0.0510
vn 0.2523 0.9666 -0.0443
vn 0.2561 0.9666 -0.0057
vn 0.3412 0.9399 -0.0159
vn 0.5114 0.8560 -0.0758
vn 0.4256 0.9027 -0.0631
vn 0.4297 0.9027 -0.0211
vn 0.5163 0.8560 -0.0254
vn 0.6670 0.7384 -0.0989
vn 0.5922 0.8010 -0.0878
vn 0.5979 0.8010 -0.0294
vn 0.6735 0.7384 -0.0331
vn 0.1703 0.9851 -0.0253
vn 0.0897 0.9959 0.0088
vn 0.1621 0.9851 0.0580
vn 0.3412 0.9399 0.0159
vn 0.2561 0.9666 0.0057
vn 0.2523 0.9666 0.0443
vn 0.3377 0.9399 0.0510
vn 0.5163 0.8560 0.0254
vn 0.4297 0.9027 0.0211
vn 0.4256 0.9027 0.0631
vn 0.5114 0.8560 0.0758
vn 0.6735 0.7384 0.0331
vn 0.5979 0.8010 0.0294
vn 0.5922 0.8010 0.0878
vn 0.6670 0.7384 0.0989
vn 0.8044 0.5928 0.0395
vn 0.7426 0.6687 0.0365
vn 0.7355 0.6687 0.1091
vn 0.7966 0.5928 0.1181
vn 0.9041 0.4249 0.0445
vn 0.8584 0.5112 0.0422
vn 0.8502 0.5112 0.1261
vn 0.8954 0.4249 0.1328
vn 0.9693 0.2413 0.0477
vn 0.9412 0.3346 0.0463
vn 0.9322 0.3346 0.1382
vn 0.9600 0.2413 0.1424
vn 0.9932 0.1053 0.0488
vn 0.9869 0.1536 0.0485
vn 0.9774 0.1536 0.1450
vn 0.9837 0.1053 0.1459
vn 0.8781 0.4249 0.2200
vn 0.8337 0.5112 0.2089
vn 0.8092 0.5112 0.2895
vn 0.8523 0.4249 0.3049
vn 0.9414 0.2413 0.2358
vn 0.9141 0.3346 0.2290
vn 0.8873 0.3346 0.3174
vn 0.9137 0.2413 0.3269
vn 0.9646 0.1053 0.2417
vn 0.9585 0.1536 0.2401
vn 0.9304 0.1536 0.3329
vn 0.9363 0.1053 0.3350
vn 0.1720 0.9851 0.0084
vn 0.0862 0.9959 0.0262
vn 0.1476 0.9851 0.0885
vn 0.3315 0.9399 0.0822
vn 0.2500 0.9666 0.0556
vn 0.2388 0.9666 0.0927
vn 0.3213 0.9399 0.1159
vn 0.5015 0.8560 0.1256
vn 0.4174 0.9027 0.1046
vn 0.4051 0.9027 0.1449
vn 0.4867 0.8560 0.1741
vn 0.6541 0.7384 0.1639
vn 0.5807 0.8010 0.1455
vn 0.5637 0.8010 0.2017
vn 0.6349 0.7384 0.2272
vn 0.7812 0.5928 0.1957
vn 0.7212 0.6687 0.1807
vn 0.7001 0.6687 0.2505
vn 0.7583 0.5928 0.2713
vn 0.3091 0.9399 0.1453
vn 0.2344 0.9666 0.1033
vn 0.2161 0.9666 0.1375
vn 0.2925 0.9399 0.1763
vn 0.4673 0.8560 0.2210
vn 0.3889 0.9027 0.1840
vn 0.3691 0.9027 0.2212
vn 0.4434 0.8560 0.2658
vn 0.6096 0.7384 0.2883
vn 0.5412 0.8010 0.2560
vn 0.5135 0.8010 0.3078
vn 0.5784 0.7384 0.3467
vn 0.7280 0.5928 0.3444
vn 0.6721 0.6687 0.3179
vn 0.6378 0.6687 0.3822
vn 0.6908 0.5928 0.4140
vn 0.8183 0.4249 0.3871
vn 0.7769 0.5112 0.3675
vn 0.7372 0.5112 0.4418
vn 0.7765 0.4249 0.4653
vn 0.8773 0.2413 0.4150
vn 0.8519 0.3346 0.4029
vn 0.8083 0.3346 0.4844
vn 0.8324 0.2413 0.4989
vn 0.8989 0.1053 0.4252
vn 0.8933 0.1536 0.4225
vn 0.8476 0.1536 0.5080
vn 0.8530 0.1053 0.5112
vn 0.1670 0.9851 0.0418
vn 0.0795 0.9959 0.0425
vn 0.1275 0.9851 0.1156
vn 0.7795 0.2413 0.5781
vn 0.7569 0.3346 0.5614
vn 0.6983 0.3346 0.6328
vn 0.7191 0.2413 0.6517
vn 0.7987 0.1053 0.5924
vn 0.7937 0.1536 0.5887
vn 0.7322 0.1536 0.6636
vn 0.7369 0.1053 0.6678
vn 0.1556 0.9851 0.0736
vn 0.0697 0.9959 0.0572
vn 0.1025 0.9851 0.1383
vn 0.2749 0.9399 0.2028
vn 0.2097 0.9666 0.1470
vn 0.1851 0.9666 0.1770
vn 0.2525 0.9399 0.2300
vn 0.4152 0.8560 0.3080
vn 0.3456 0.9027 0.2563
vn 0.3188 0.9027 0.2889
vn 0.3831 0.8560 0.3472
vn 0.5416 0.7384 0.4017
vn 0.4808 0.8010 0.3566
vn 0.4436 0.8010 0.4020
vn 0.4997 0.7384 0.4528
vn 0.6468 0.5928 0.4798
vn 0.5972 0.6687 0.4429
vn 0.5509 0.6687 0.4993
vn 0.5967 0.5928 0.5408
vn 0.7271 0.4249 0.5393
vn 0.6903 0.5112 0.5120
vn 0.6368 0.5112 0.5772
vn 0.6708 0.4249 0.6079
vn 0.3472 0.8560 0.3831
vn 0.2889 0.9027 0.3188
vn 0.2563 0.9027 0.3456
vn 0.3080 0.8560 0.4152
vn 0.4528 0.7384 0.4997
vn 0.4020 0.8010 0.4436
vn 0.3566 0.8010 0.4808
vn 0.4017 0.7384 0.5416
vn 0.5408 0.5928 0.5967
vn 0.4993 0.6687 0.5509
vn 0.4429 0.6687 0.5972
vn 0.4798 0.5928 0.6468
vn 0.6079 0.4249 0.6708
vn 0.5772 0.5112 0.6368
vn 0.5120 0.5112 0.6903
vn 0.5393 0.4249 0.7271
vn 0.6517 0.2413 0.7191
vn 0.6328 0.3346 0.6983
vn 0.5614 0.3346 0.7569
vn 0.5781 0.2413 0.7795
vn 0.6678 0.1053 0.7369
vn 0.6636 0.1536 0.7322
vn 0.5887 0.1536 0.7937
vn 0.5924 0.1053 0.7987
vn 0.1383 0.9851 0.1025
vn 0.0572 0.9959 0.0697
vn 0.0736 0.9851 0.1556
vn 0.2300 0.9399 0.2525
vn 0.1770 0.9666 0.1851
vn 0.1470 0.9666 0.2097
vn 0.2028 0.9399 0.2749
vn 0.4989 0.2413 0.8324
vn 0.4844 0.3346 0.8083
vn 0.4029 0.3346 0.8519
vn 0.4150 0.2413 0.8773
vn 0.5112 0.1053 0.8530
vn 0.5080 0.1536 0.8476
vn 0.4225 0.1536 0.8933
vn 0.4252 0.1053 0.8989
vn 0.1156 0.9851 0.1275
vn 0.0425 0.9959 0.0795
vn 0.0418 0.9851 0.1670
vn 0.1763 0.9399 0.2925
vn 0.1375 0.9666 0.2161
vn 0.1033 0.9666 0.2344
vn 0.1453 0.9399 0.3091
vn 0.2658 0.8560 0.4434
vn 0.2212 0.9027 0.3691
vn 0.1840 0.9027 0.3889
vn 0.2210 0.8560 0.4673
vn 0.3467 0.7384 0.5784
vn 0.3078 0.8010 0.5135
vn 0.2560 0.8010 0.5412
vn 0.2883 0.7384 0.6096
vn 0.4140 0.5928 0.6908
vn 0.3822 0.6687 0.6378
vn 0.3179 0.6687 0.6721
vn 0.3444 0.5928 0.7280
vn 0.4653 0.4249 0.7765
vn 0.4418 0.5112 0.7372
vn 0.3675 0.5112 0.7769
vn 0.3871 0.4249 0.8183
vn 0.2272 0.7384 0.6349
vn 0.2017 0.8010 0.5637
vn 0.1455 0.8010 0.5807
vn 0.1639 0.7384 0.6541
vn 0.2713 0.5928 0.7583
vn 0.2505 0.6687 0.7001
vn 0.1807 0.6687 0.7212
vn 0.1957 0.5928 0.7812
vn 0.3049 0.4249 0.8523
vn 0.2895 0.5112 0.8092
vn 0.2089 0.5112 0.8337
vn 0.2200 0.4249 0.8781
vn 0.3269 0.2413 0.9137
vn 0.3174 0.3346 0.8873
vn 0.2290 0.3346 0.9141
vn 0.2358 0.2413 0.9414
vn 0.3350 0.1053 0.9363
vn 0.3329 0.1536 0.9304
vn 0.2401 0.1536 0.9585
vn 0.2417 0.1053 0.9646
vn 0.0885 0.9851 0.1476
vn 0.0262 0.9959 0.0862
vn 0.0084 0.9851 0.1720
vn 0.1159 0.9399 0.3213
vn 0.0927 0.9666 0.2388
vn 0.0556 0.9666 0.2500
vn 0.0822 0.9399 0.3315
vn 0.1741 0.8560 0.4867
vn 0.1449 0.9027 0.4051
vn 0.1046 0.9027 0.4174
vn 0.1256 0.8560 0.5015
vn 0.1459 0.1053 0.9837
vn 0.1450 0.1536 0.9775
vn 0.0485 0.1536 0.9869
vn 0.0488 0.1053 0.9932
vn 0.0580 0.9851 0.1621
vn 0.0088 0.9959 0.0897
vn -0.0253 0.9851 0.1703
vn 0.0510 0.9399 0.3377
vn 0.0443 0.9666 0.2523
vn 0.0057 0.9666 0.2561
vn 0.0159 0.9399 0.3412
vn 0.0758 0.8560 0.5114
vn 0.0631 0.9027 0.4256
vn 0.0211 0.9027 0.4297
vn 0.0254 0.8560 0.5163
vn 0.0989 0.7384 0.6670
vn 0.0878 0.8010 0.5922
vn 0.0294 0.8010 0.5979
vn 0.0331 0.7384 0.6735
vn 0.1181 0.5928 0.7966
vn 0.1091 0.6687 0.7355
vn 0.0365 0.6687 0.7426
vn 0.0395 0.5928 0.8044
vn 0.1328 0.4249 0.8954
vn 0.1261 0.5112 0.8502
vn 0.0422 0.5112 0.8584
vn 0.0445 0.4249 0.9041
vn 0.1424 0.2413 0.9600
vn 0.1382 0.3346 0.9322
vn 0.0463 0.3346 0.9412
vn 0.0477 0.2413 0.9693
vn -0.0331 0.7384 0.6735
vn -0.0294 0.8010 0.5979
vn -0.0878 0.8010 0.5922
vn -0.0989 0.7384 0.6670
vn -0.0395 0.5928 0.8044
vn -0.0365 0.6687 0.7426
vn -0.1091 0.6687 0.7355
vn -0.1181 0.5928 0.7966
vn -0.0445 0.4249 0.9041
vn -0.0422 0.5112 0.8584
vn -0.1261 0.5112 0.8502
vn -0.1328 0.4249 0.8954
vn -0.0477 0.2413 0.9693
vn -0.0463 0.3346 0.9412
vn -0.1382 0.3346 0.9322
vn -0.1424 0.2413 0.9600
vn -0.0488 0.1053 0.9932
vn -0.0485 0.1536 0.9869
vn -0.1450 0.1536 0.9774
vn -0.1459 0.1053 0.9837
vn 0.0253 0.9851 0.1703
vn -0.0088 0.9959 0.0897
vn -0.0580 0.9851 0.1621
vn -0.0159 0.9399 0.3412
vn -0.0057 0.9666 0.2561
vn -0.0443 0.9666 0.2523
vn -0.0510 0.9399 0.3377
vn -0.0254 0.8560 0.5163
vn -0.0211 0.9027 0.4297
vn -0.0631 0.9027 0.4256
vn -0.0758 0.8560 0.5114
vn -0.2417 0.1053 0.9646
vn -0.2401 0.1536 0.9585
vn -0.3329 0.1536 0.9304
vn -0.3350 0.1053 0.9363
vn -0.0084 0.9851 0.1720
vn -0.0262 0.9959 0.0862
vn -0.0885 0.9851 0.1476
vn -0.0822 0.9399 0.3315
vn -0.0556 0.9666 0.2500
vn -0.0927 0.9666 0.2388
vn -0.1159 0.9399 0.3213
vn -0.1256 0.8560 0.5015
vn -0.1046 0.9027 0.4174
vn -0.1449 0.9027 0.4051
vn -0.1741 0.8560 0.4867
vn -0.1639 0.7384 0.6541
vn -0.1455 0.8010 0.5807
vn -0.2017 0.8010 0.5637
vn -0.2272 0.7384 0.6349
vn -0.1957 0.5928 0.7812
vn -0.1807 0.6687 0.7212
vn -0.2505 0.6687 0.7001
vn -0.2713 0.5928 0.7583
vn -0.2200 0.4249 0.8781
vn -0.2089 0.5112 0.8337
vn -0.2895 0.5112 0.8092
vn -0.3049 0.4249 0.8523
vn -0.2358 0.2413 0.9414
vn -0.2290 0.3346 0.9141
vn -0.3174 0.3346 0.8873
vn -0.3269 0.2413 0.9137
vn -0.3444 0.5928 0.7280
vn -0.3179 0.6687 0.6721
vn -0.3822 0.6687 0.6378
vn -0.4140 0.5928 0.6908
vn -0.3871 0.4249 0.8183
vn -0.3675 0.5112 0.7769
vn -0.4418 0.5112 0.7372
vn -0.4653 0.4249 0.7765
vn -0.4150 0.2413 0.8773
vn -0.4029 0.3346 0.8519
vn -0.4844 0.3346 0.8083
vn -0.4989 0.2413 0.8324
vn -0.4252 0.1053 0.8989
vn -0.4225 0.1536 0.8933
vn -0.5080 0.1536 0.8476
vn -0.5112 0.1053 0.8530
vn -0.0418 0.9851 0.1670
vn -0.0425 0.9959 0.0795
vn -0.1156 0.9851 0.1275
vn -0.1453 0.9399 0.3091
vn -0.1033 0.9666 0.2344
vn -0.1375 0.9666 0.2161
vn -0.1763 0.9399 0.2925
vn -0.2210 0.8560 0.4673
vn -0.1840 0.9027 0.3889
vn -0.2212 0.9027 0.3691
vn -0.2658 0.8560 0.4434
vn -0.2883 0.7384 0.6096
vn -0.2560 0.8010 0.5412
vn -0.3078 0.8010 0.5135
vn -0.3467 0.7384 0.5784
vn -0.0736 0.9851 0.1556
vn -0.0572 0.9959 0.0697
vn -0.1383 0.9851 0.1025
vn -0.2028 0.9399 0.2749
vn -0.1470 0.9666 0.2097
vn -0.1770 0.9666 0.1851
vn -0.2300 0.9399 0.2525
vn -0.3080 0.8560 0.4152
vn -0.2563 0.9027 0.3456
vn -0.2889 0.9027 0.3188
vn -0.3472 0.8560 0.3831
vn -0.4017 0.7384 0.5416
vn -0.3566 0.8010 0.4808
vn -0.4020 0.8010 0.4436
vn -0.4528 0.7384 0.4997
vn -0.4798 0.5928 0.6468
vn -0.4429 0.6687 0.5972
vn -0.4993 0.6687 0.5509
vn -0.5408 0.5928 0.5967
vn -0.5393 0.4249 0.7271
vn -0.5120 0.5112 0.6903
vn -0.5772 0.5112 0.6368
vn -0.6079 0.4249 0.6708
vn -0.5781 0.2413 0.7795
vn -0.5614 0.3346 0.7569
vn -0.6328 0.3346 0.6983
vn -0.6517 0.2413 0.7191
vn -0.5924 0.1053 0.7987
vn -0.5887 0.1536 0.7937
vn -0.6636 0.1536 0.7322
vn -0.6678 0.1053 0.7369
vn -0.6708 0.4249 0.6079
vn -0.6368 0.5112 0.5772
vn -0.6903 0.5112 0.5120
vn -0.7271 0.4249 0.5393
vn -0.7191 0.2413 0.6517
vn -0.6983 0.3346 0.6328
vn -0.7569 0.3346 0.5614
vn -0.7795 0.2413 0.5781
vn -0.7369 0.1053 0.6678
vn -0.7322 0.1536 0.6636
vn -0.7937 0.1536 0.5887
vn -0.7987 0.1053 0.5924
vn -0.1025 0.9851 0.1383
vn -0.0697 0.9959 0.0572
vn -0.1556 0.9851 0.0736
vn -0.2525 0.9399 0.2300
vn -0.1851 0.9666 0.1770
vn -0.2097 0.9666 0.1470
vn -0.2749 0.9399 0.2028
vn -0.3831 0.8560 0.3472
vn -0.3188 0.9027 0.2889
vn -0.3456 0.9027 0.2563
vn -0.4152 0.8560 0.3080
vn -0.4997 0.7384 0.4528
vn -0.4436 0.8010 0.4020
vn -0.4808 0.8010 0.3566
vn -0.5416 0.7384 0.4017
vn -0.5967 0.5928 0.5408
vn -0.5509 0.6687 0.4993
vn -0.5972 0.6687 0.4429
vn -0.6468 0.5928 0.4798
vn -0.1275 0.9851 0.1156
vn -0.0795 0.9959 0.0425
vn -0.1670 0.9851 0.0418
vn -0.2925 0.9399 0.1763
vn -0.2161 0.9666 0.1375
vn -0.2344 0.9666 0.1033
vn -0.3091 0.9399 0.1453
vn -0.4434 0.8560 0.2658
vn -0.3691 0.9027 0.2212
vn -0.3889 0.9027 0.1840
vn -0.4673 0.8560 0.2210
vn -0.5784 0.7384 0.3467
vn -0.5135 0.8010 0.3078
vn -0.5412 0.8010 0.2560
vn -0.6096 0.7384 0.2883
vn -0.6908 0.5928 0.4140
vn -0.6378 0.6687 0.3822
vn -0.6721 0.6687 0.3179
vn -0.7280 0.5928 0.3444
vn -0.7765 0.4249 0.4653
vn -0.7372 0.5112 0.4418
vn -0.7769 0.5112 0.3675
vn -0.8183 0.4249 0.3871
vn -0.8324 0.2413 0.4989
vn -0.8083 0.3346 0.4844
vn -0.8519 0.3346 0.4029
vn -0.8773 0.2413 0.4150
vn -0.8530 0.1053 0.5112
vn -0.8476 0.1536 0.5080
vn -0.8933 0.1536 0.4225
vn -0.8989 0.1053 0.4252
vn -0.8523 0.4249 0.3049
vn -0.8092 0.5112 0.2895
vn -0.8337 0.5112 0.2089
vn -0.8781 0.4249 0.2200
vn -0.9137 0.2413 0.3269
vn -0.8873 0.3346 0.3174
vn -0.9141 0.3346 0.2290
vn -0.9414 0.2413 0.2358
vn -0.9363 0.1053 0.3350
vn -0.9304 0.1536 0.3329
vn -0.9585 0.1536 0.2401
vn -0.9646 0.1053 0.2417
vn -0.1476 0.9851 0.0885
vn -0.0862 0.9959 0.0262
vn -0.1720 0.9851 0.0084
vn -0.3213 0.9399 0.1159
vn -0.2388 0.9666 0.0927
vn -0.2500 0.9666 0.0556
vn -0.3315 0.9399 0.0822
vn -0.4867 0.8560 0.1741
vn -0.4051 0.9027 0.1449
vn -0.4174 0.9027 0.1046
vn -0.5015 0.8560 0.1256
vn -0.6349 0.7384 0.2272
vn -0.5637 0.8010 0.2017
vn -0.5807 0.8010 0.1455
vn -0.6541 0.7384 0.1639
vn -0.7583 0.5928 0.2713
vn -0.7001 0.6687 0.2505
vn -0.7212 0.6687 0.1807
vn -0.7812 0.5928 0.1957
vn -0.5114 0.8560 0.0758
vn -0.4256 0.9027 0.0631
vn -0.4297 0.9027 0.0211
vn -0.5163 0.8560 0.0254
vn -0.6670 0.7384 0.0989
vn -0.5922 0.8010 0.0878
vn -0.5979 0.8010 0.0294
vn -0.6735 0.7384 0.0331
vn -0.7966 0.5928 0.1181
vn -0.7355 0.6687 0.1091
vn -0.7426 0.6687 0.0365
vn -0.8044 0.5928 0.0395
vn -0.8954 0.4249 0.1328
vn -0.8502 0.5112 0.1261
vn -0.8584 0.5112 0.0422
vn -0.9041 0.4249 0.0445
vn -0.9600 0.2413 0.1424
vn -0.9322 0.3346 0.1382
vn -0.9412 0.3346 0.0463
vn -0.9693 0.2413 0.0477
vn -0.9837 0.1053 0.1459
vn -0.9775 0.1536 0.1450
vn -0.9869 0.1536 0.0485
vn -0.9932 0.1053 0.0488
vn -0.1621 0.9851 0.0580
vn -0.0897 0.9959 0.0088
vn -0.1703 0.9851 -0.0253
vn -0.3377 0.9399 0.0510
vn -0.2523 0.9666 0.0443
vn -0.2561 0.9666 0.0057
vn -0.3412 0.9399 0.0159
vn -0.9693 0.2413 -0.0477
vn -0.9412 0.3346 -0.0463
vn -0.9322 0.3346 -0.1382
vn -0.9600 0.2413 -0.1424
vn -0.9932 0.1053 -0.0488
vn -0.9869 0.1536 -0.0485
vn -0.9774 0.1536 -0.1450
vn -0.9837 0.1053 -0.1459
vn -0.1703 0.9851 0.0253
vn -0.0897 0.9959 -0.0088
vn -0.1621 0.9851 -0.0580
vn -0.3412 0.9399 -0.0159
vn -0.2561 0.9666 -0.0057
vn -0.2523 0.9666 -0.0443
vn -0.3377 0.9399 -0.0510
vn -0.5163 0.8560 -0.0254
vn -0.4297 0.9027 -0.0211
vn -0.4256 0.9027 -0.0631
vn -0.5114 0.8560 -0.0758
vn -0.6735 0.7384 -0.0331
vn -0.5979 0.8010 -0.0294
vn -0.5922 0.8010 -0.0878
vn -0.6670 0.7384 -0.0989
vn -0.8044 0.5928 -0.0395
vn -0.7426 0.6687 -0.0365
vn -0.7355 0.6687 -0.1091
vn -0.7966 0.5928 -0.1181
vn -0.9041 0.4249 -0.0445
vn -0.8584 0.5112 -0.0422
vn -0.8502 0.5112 -0.1261
vn -0.8954 0.4249 -0.1328
vn -0.5015 0.8560 -0.1256
vn -0.4174 0.9027 -0.1046
vn -0.4051 0.9027 -0.1449
vn -0.4867 0.8560 -0.1741
vn -0.6541 0.7384 -0.1639
vn -0.5807 0.8010 -0.1455
vn -0.5637 0.8010 -0.2017
vn -0.6349 0.7384 -0.2272
vn -0.7812 0.5928 -0.1957
vn -0.7212 0.6687 -0.1807
vn -0.7001 0.6687 -0.2505
vn -0.7583 0.5928 -0.2713
vn -0.8781 0.4249 -0.2200
vn -0.8337 0.5112 -0.2089
vn -0.8092 0.5112 -0.2895
vn -0.8523 0.4249 -0.3049
vn -0.9414 0.2413 -0.2358
vn -0.9141 0.3346 -0.2290
vn -0.8873 0.3346 -0.3174
vn -0.9137 0.2413 -0.3269
vn -0.9646 0.1053 -0.2417
vn -0.9585 0.1536 -0.2401
vn -0.9304 0.1536 -0.3329
vn -0.9363 0.1053 -0.3350
vn -0.1720 0.9851 -0.0084
vn -0.0862 0.9959 -0.0262
vn -0.1476 0.9851 -0.0885
vn -0.3315 0.9399 -0.0822
vn -0.2500 0.9666 -0.0556
vn -0.2388 0.9666 -0.0927
vn -0.3213 0.9399 -0.1159
vn -0.8773 0.2413 -0.4150
vn -0.8519 0.3346 -0.4029
vn -0.8083 0.3346 -0.4844
vn -0.8324 0.2413 -0.4989
vn -0.8989 0.1053 -0.4252
vn -0.8933 0.1536 -0.4225
vn -0.8476 0.1536 -0.5080
vn -0.8530 0.1053 -0.5112
vn -0.1670 0.9851 -0.0418
vn -0.0795 0.9959 -0.0425
vn -0.1275 0.9851 -0.1156
vn -0.3091 0.9399 -0.1453
vn -0.2344 0.9666 -0.1033
vn -0.2161 0.9666 -0.1375
vn -0.2925 0.9399 -0.1763
vn -0.4673 0.8560 -0.2210
vn -0.3889 0.9027 -0.1840
vn -0.3691 0.9027 -0.2212
vn -0.4434 0.8560 -0.2658
vn -0.6096 0.7384 -0.2883
vn -0.5412 0.8010 -0.2560
vn -0.5135 0.8010 -0.3078
vn -0.5784 0.7384 -0.3467
vn -0.7280 0.5928 -0.3444
vn -0.6721 0.6687 -0.3179
vn -0.6378 0.6687 -0.3822
vn -0.6908 0.5928 -0.4140
vn -0.8183 0.4249 -0.3871
vn -0.7769 0.5112 -0.3675
vn -0.7372 0.5112 -0.4418
vn -0.7765 0.4249 -0.4653
vn -0.5416 0.7384 -0.4017
vn -0.4808 0.8010 -0.3566
vn -0.4436 0.8010 -0.4020
vn -0.4997 0.7384 -0.4528
vn -0.6468 0.5928 -0.4798
vn -0.5972 0.6687 -0.4429
vn -0.5509 0.6687 -0.4993
vn -0.5967 0.5928 -0.5408
vn -0.7271 0.4249 -0.5393
vn -0.6903 0.5112 -0.5120
vn -0.6368 0.5112 -0.5772
vn -0.6708 0.4249 -0.6079
vn -0.7795 0.2413 -0.5781
vn -0.7569 0.3346 -0.5614
vn -0.6983 0.3346 -0.6328
vn -0.7191 0.2413 -0.6517
vn -0.7987 0.1053 -0.5924
vn -0.7937 0.1536 -0.5887
vn -0.7322 0.1536 -0.6636
vn -0.7369 0.1053 -0.6678
vn -0.1556 0.9851 -0.0736
vn -0.0697 0.9959 -0.0572
vn -0.1025 0.9851 -0.1383
vn -0.2749 0.9399 -0.2028
vn -0.2097 0.9666 -0.1470
vn -0.1851 0.9666 -0.1770
vn -0.2525 0.9399 -0.2300
vn -0.4152 0.8560 -0.3080
vn -0.3456 0.9027 -0.2563
vn -0.3188 0.9027 -0.2889
vn -0.3831 0.8560 -0.3472
vn -0.6678 0.1053 -0.7369
vn -0.6636 0.1536 -0.7322
vn -0.5887 0.1536 -0.7937
vn -0.5924 0.1053 -0.7987
vn -0.1383 0.9851 -0.1025
vn -0.0572 0.9959 -0.0697
vn -0.0736 0.9851 -0.1556
vn -0.2300 0.9399 -0.2525
vn -0.1770 0.9666 -0.1851
vn -0.1470 0.9666 -0.2097
vn -0.2028 0.9399 -0.2749
vn -0.3472 0.8560 -0.3831
vn -0.2889 0.9027 -0.3188
vn -0.2563 0.9027 -0.3456
vn -0.3080 0.8560 -0.4152
vn -0.4528 0.7384 -0.4997
vn -0.4020 0.8010 -0.4436
vn -0.3566 0.8010 -0.4808
vn -0.4017 0.7384 -0.5416
vn -0.5408 0.5928 -0.5967
vn -0.4993 0.6687 -0.5509
vn -0.4429 0.6687 -0.5972
vn -0.4798 0.5928 -0.6468
vn -0.6079 0.4249 -0.6708
vn -0.5772 0.5112 -0.6368
vn -0.5120 0.5112 -0.6903
vn -0.5393 0.4249 -0.7271
vn -0.6517 0.2413 -0.7191
vn -0.6328 0.3346 -0.6983
vn -0.5614 0.3346 -0.7569
vn -0.5781 0.2413 -0.7795
vn -0.4140 0.5928 -0.6908
vn -0.3822 0.6687 -0.6378
vn -0.3179 0.6687 -0.6721
vn -0.3444 0.5928 -0.7280
vn -0.4653 0.4249 -0.7765
vn -0.4418 0.5112 -0.7372
vn -0.3675 0.5112 -0.7769
vn -0.3871 0.4249 -0.8183
vn -0.4989 0.2413 -0.8324
vn -0.4844 0.3346 -0.8083
vn -0.4029 0.3346 -0.8519
vn -0.4150 0.2413 -0.8773
vn -0.5112 0.1053 -0.8530
vn -0.5080 0.1536 -0.8476
vn -0.4225 0.1536 -0.8933
vn -0.4252 0.1053 -0.8989
vn -0.1156 0.9851 -0.1275
vn -0.0425 0.9959 -0.0795
vn -0.0418 0.9851 -0.1670
vn -0.1763 0.9399 -0.2925
vn -0.1375 0.9666 -0.2161
vn -0.1033 0.9666 -0.2344
vn -0.1453 0.9399 -0.3091
vn -0.2658 0.8560 -0.4434
vn -0.2212 0.9027 -0.3691
vn -0.1840 0.9027 -0.3889
vn -0.2210 0.8560 -0.4673
vn -0.3467 0.7384 -0.5784
vn -0.3078 0.8010 -0.5135
vn -0.2560 0.8010 -0.5412
vn -0.2883 0.7384 -0.6096
vn -0.0885 0.9851 -0.1476
vn -0.0262 0.9959 -0.0862
vn -0.0084 0.9851 -0.1720
vn -0.1159 0.9399 -0.3213
vn -0.0927 0.9666 -0.2388
vn -0.0556 0.9666 -0.2500
vn -0.0822 0.9399 -0.3315
vn -0.1741 0.8560 -0.4867
vn -0.1449 0.9027 -0.4051
vn -0.1046 0.9027 -0.4174
vn -0.1256 0.8560 -0.5015
vn -0.2272 0.7384 -0.6349
vn -0.2017 0.8010 -0.5637
vn -0.1455 0.8010 -0.5807
vn -0.1639 0.7384 -0.6541
vn -0.2713 0.5928 -0.7583
vn -0.2505 0.6687 -0.7001
vn -0.1807 0.6687 -0.7212
vn -0.1957 0.5928 -0.7812
vn -0.3049 0.4249 -0.8523
vn -0.2895 0.5112 -0.8092
vn -0.2089 0.5112 -0.8337
vn -0.2200 0.4249 -0.8781
vn -0.3269 0.2413 -0.9137
vn -0.3174 0.3346 -0.8873
vn -0.2290 0.3346 -0.9141
vn -0.2358 0.2413 -0.9414
vn -0.3350 0.1053 -0.9363
vn -0.3329 0.1536 -0.9304
vn -0.2401 0.1536 -0.9585
vn -0.2417 0.1053 -0.9646
vn -0.1181 0.5928 -0.7966
vn -0.1091 0.6687 -0.7355
vn -0.0365 0.6687 -0.7426
vn -0.0396 0.5928 -0.8044
vn -0.1328 0.4249 -0.8954
vn -0.1261 0.5112 -0.8502
vn -0.0422 0.5112 -0.8584
vn -0.0445 0.4249 -0.9041
vn -0.1424 0.2413 -0.9600
vn -0.1382 0.3346 -0.9322
vn -0.0463 0.3346 -0.9412
vn -0.0477 0.2413 -0.9693
vn -0.1459 0.1053 -0.9837
vn -0.1450 0.1536 -0.9775
vn -0.0485 0.1536 -0.9869
vn -0.0488 0.1053 -0.9932
vn -0.0580 0.9851 -0.1621
vn -0.0088 0.9959 -0.0897
vn 0.0253 0.9851 -0.1703
vn -0.0510 0.9399 -0.3377
vn -0.0443 0.9666 -0.2523
vn -0.0057 0.9666 -0.2561
vn -0.0159 0.9399 -0.3412
vn -0.0758 0.8560 -0.5114
vn -0.0631 0.9027 -0.4256
vn -0.0211 0.9027 -0.4297
vn -0.0254 0.8560 -0.5163
vn -0.0989 0.7384 -0.6670
vn -0.0878 0.8010 -0.5922
vn -0.0294 0.8010 -0.5979
vn -0.0331 0.7384 -0.6735
vt 0.750000 0.625000
vt 0.750000 0.656250
vt 0.734375 0.656250
vt 0.734375 0.625000
vt 0.750000 0.687500
vt 0.734375 0.687500
vt 0.718750 0.687500
vt 0.718750 0.656250
vt 0.718750 0.625000
vt 0.750000 0.718750
vt 0.734375 0.718750
vt 0.750000 0.750000
vt 0.734375 0.750000
vt 0.718750 0.750000
vt 0.718750 0.718750
vt 0.750000 0.781250
vt 0.734375 0.781250
vt 0.750000 0.812500
vt 0.734375 0.812500
vt 0.718750 0.812500
vt 0.718750 0.781250
vt 0.750000 0.843750
vt 0.734375 0.843750
vt 0.750000 0.875000
vt 0.734375 0.875000
vt 0.718750 0.875000
vt 0.718750 0.843750
vt 0.750000 0.906105
vt 0.734375 0.905961
vt 0.750000 0.937500
vt 0.734375 0.935185
vt 0.718750 0.937500
vt 0.718750 0.906105
vt 0.742188 0.968750
vt 0.734375 0.957899
vt 0.734375 1.000000
vt 0.726563 0.968750
vt 0.750000 0.500000
vt 0.750000 0.531250
vt 0.734375 0.531250
vt 0.734375 0.500000
vt 0.750000 0.562500
vt 0.734375 0.562500
vt 0.718750 0.562500
vt 0.718750 0.531250
vt 0.718750 0.500000
vt 0.750000 0.593750
vt 0.734375 0.593750
vt 0.718750 0.593750
vt 0.703125 0.718750
vt 0.703125 0.687500
vt 0.703125 0.750000
vt 0.687500 0.750000
vt 0.687500 0.718750
vt 0.687500 0.687500
vt 0.703125 0.656250
vt 0.703125 0.625000
vt 0.687500 0.656250
vt 0.687500 0.625000
vt 0.703125 0.593750
vt 0.703125 0.562500
vt 0.687500 0.593750
vt 0.687500 0.562500
vt 0.703125 0.531250
vt 0.703125 0.500000
vt 0.687500 0.531250
vt 0.687500 0.500000
vt 0.710938 0.968750
vt 0.703125 0.957899
vt 0.703125 0.935185
vt 0.703125 1.000000
vt 0.695313 0.968750
vt 0.687500 0.937500
vt 0.703125 0.843750
vt 0.703125 0.812500
vt 0.703125 0.875000
vt 0.687500 0.875000
vt 0.687500 0.843750
vt 0.687500 0.812500
vt 0.703125 0.905961
vt 0.687500 0.906105
vt 0.703125 0.781250
vt 0.687500 0.781250
vt 0.671875 0.531250
vt 0.671875 0.500000
vt 0.671875 0.562500
vt 0.656250 0.562500
vt 0.656250 0.531250
vt 0.656250 0.500000
vt 0.679688 0.968750
vt 0.671875 0.957899
vt 0.671875 0.935185
vt 0.671875 1.000000
vt 0.664063 0.968750
vt 0.656250 0.937500
vt 0.671875 0.905961
vt 0.671875 0.875000
vt 0.656250 0.906105
vt 0.656250 0.875000
vt 0.671875 0.843750
vt 0.671875 0.812500
vt 0.656250 0.843750
vt 0.656250 0.812500
vt 0.671875 0.781250
vt 0.671875 0.750000
vt 0.656250 0.781250
vt 0.656250 0.750000
vt 0.671875 0.718750
vt 0.671875 0.687500
vt 0.656250 0.718750
vt 0.656250 0.687500
vt 0.671875 0.656250
vt 0.671875 0.625000
vt 0.656250 0.656250
vt 0.656250 0.625000
vt 0.671875 0.593750
vt 0.656250 0.593750
vt 0.640625 0.781250
vt 0.640625 0.750000
vt 0.640625 0.812500
vt 0.625000 0.812500
vt 0.625000 0.781250
vt 0.625000 0.750000
vt 0.640625 0.718750
vt 0.640625 0.687500
vt 0.625000 0.718750
vt 0.625000 0.687500
vt 0.640625 0.656250
vt 0.640625 0.625000
vt 0.625000 0.656250
vt 0.625000 0.625000
vt 0.640625 0.593750
vt 0.640625 0.562500
vt 0.625000 0.593750
vt 0.625000 0.562500
vt 0.640625 0.531250
vt 0.640625 0.500000
vt 0.625000 0.531250
vt 0.625000 0.500000
vt 0.648438 0.968750
vt 0.640625 0.957899
vt 0.640625 0.935185
vt 0.640625 1.000000
vt 0.632813 0.968750
vt 0.625000 0.937500
vt 0.640625 0.905961
vt 0.640625 0.875000
vt 0.625000 0.906105
vt 0.625000 0.875000
vt 0.640625 0.843750
vt 0.625000 0.843750
vt 0.609375 0.531250
vt 0.609375 0.500000
vt 0.609375 0.562500
vt 0.593750 0.562500
vt 0.593750 0.531250
vt 0.593750 0.500000
vt 0.617188 0.968750
vt 0.609375 0.957899
vt 0.609375 0.935185
vt 0.609375 1.000000
vt 0.601563 0.968750
vt 0.593750 0.937500
vt 0.609375 0.905961
vt 0.609375 0.875000
vt 0.593750 0.906105
vt 0.593750 0.875000
vt 0.609375 0.843750
vt 0.609375 0.812500
vt 0.593750 0.843750
vt 0.593750 0.812500
vt 0.609375 0.781250
vt 0.609375 0.750000
vt 0.593750 0.781250
vt 0.593750 0.750000
vt 0.609375 0.718750
vt 0.609375 0.687500
vt 0.593750 0.718750
vt 0.593750 0.687500
vt 0.609375 0.656250
vt 0.609375 0.625000
vt 0.593750 0.656250
vt 0.593750 0.625000
vt 0.609375 0.593750
vt 0.593750 0.593750
vt 0.578125 0.718750
vt 0.578125 0.687500
vt 0.578125 0.750000
vt 0.562500 0.750000
vt 0.562500 0.718750
vt 0.562500 0.687500
vt 0.578125 0.656250
vt 0.578125 0.625000
vt 0.562500 0.656250
vt 0.562500 0.625000
vt 0.578125 0.593750
vt 0.578125 0.562500
vt 0.562500 0.593750
vt 0.562500 0.562500
vt 0.578125 0.531250
vt 0.578125 0.500000
vt 0.562500 0.531250
vt 0.562500 0.500000
vt 0.585938 0.968750
vt 0.578125 0.957899
vt 0.578125 0.935185
vt 0.578125 1.000000
vt 0.570313 0.968750
vt 0.562500 0.937500
vt 0.578125 0.905961
vt 0.578125 0.875000
vt 0.562500 0.906105
vt 0.562500 0.875000
vt 0.578125 0.843750
vt 0.578125 0.812500
vt 0.562500 0.843750
vt 0.562500 0.812500
vt 0.578125 0.781250
vt 0.562500 0.781250
vt 0.554688 0.968750
vt 0.546875 0.957899
vt 0.546875 0.935185
vt 0.546875 1.000000
vt 0.539063 0.968750
vt 0.531250 0.937500
vt 0.546875 0.905961
vt 0.546875 0.875000
vt 0.531250 0.906105
vt 0.531250 0.875000
vt 0.546875 0.843750
vt 0.546875 0.812500
vt 0.531250 0.843750
vt 0.531250 0.812500
vt 0.546875 0.781250
vt 0.546875 0.750000
vt 0.531250 0.781250
vt 0.531250 0.750000
vt 0.546875 0.718750
vt 0.546875 0.687500
vt 0.531250 0.718750
vt 0.531250 0.687500
vt 0.546875 0.656250
vt 0.546875 0.625000
vt 0.531250 0.656250
vt 0.531250 0.625000
vt 0.546875 0.593750
vt 0.546875 0.562500
vt 0.531250 0.593750
vt 0.531250 0.562500
vt 0.546875 0.531250
vt 0.546875 0.500000
vt 0.531250 0.531250
vt 0.531250 0.500000
vt 0.515625 0.718750
vt 0.515625 0.687500
vt 0.515625 0.750000
vt 0.500000 0.750000
vt 0.500000 0.718750
vt 0.500000 0.687500
vt 0.515625 0.656250
vt 0.515625 0.625000
vt 0.500000 0.656250
vt 0.500000 0.625000
vt 0.515625 0.593750
vt 0.515625 0.562500
vt 0.500000 0.593750
vt 0.500000 0.562500
vt 0.515625 0.531250
vt 0.515625 0.500000
vt 0.500000 0.531250
vt 0.500000 0.500000
vt 0.523438 0.968750
vt 0.515625 0.957899
vt 0.515625 0.935185
vt 0.515625 1.000000
vt 0.507813 0.968750
vt 0.500000 0.937500
vt 0.515625 0.905961
vt 0.515625 0.875000
vt 0.500000 0.906105
vt 0.500000 0.875000
vt 0.515625 0.843750
vt 0.515625 0.812500
vt 0.500000 0.843750
vt 0.500000 0.812500
vt 0.515625 0.781250
vt 0.500000 0.781250
vt 0.492188 0.968750
vt 0.484375 0.957899
vt 0.484375 0.935185
vt 0.484375 1.000000
vt 0.476563 0.968750
vt 0.468750 0.937500
vt 0.484375 0.905961
vt 0.484375 0.875000
vt 0.468750 0.906105
vt 0.468750 0.875000
vt 0.484375 0.843750
vt 0.484375 0.812500
vt 0.468750 0.843750
vt 0.468750 0.812500
vt 0.484375 0.781250
vt 0.484375 0.750000
vt 0.468750 0.781250
vt 0.468750 0.750000
vt 0.484375 0.718750
vt 0.484375 0.687500
vt 0.468750 0.718750
vt 0.468750 0.687500
vt 0.484375 0.656250
vt 0.484375 0.625000
vt 0.468750 0.656250
vt 0.468750 0.625000
vt 0.484375 0.593750
vt 0.484375 0.562500
vt 0.468750 0.593750
vt 0.468750 0.562500
vt 0.484375 0.531250
vt 0.484375 0.500000
vt 0.468750 0.531250
vt 0.468750 0.500000
vt 0.453125 0.656250
vt 0.453125 0.625000
vt 0.453125 0.687500
vt 0.437500 0.687500
vt 0.437500 0.656250
vt 0.437500 0.625000
vt 0.453125 0.593750
vt 0.453125 0.562500
vt 0.437500 0.593750
vt 0.437500 0.562500
vt 0.453125 0.531250
vt 0.453125 0.500000
vt 0.437500 0.531250
vt 0.437500 0.500000
vt 0.460938 0.968750
vt 0.453125 0.957899
vt 0.453125 0.935185
vt 0.453125 1.000000
vt 0.445313 0.968750
vt 0.437500 0.937500
vt 0.453125 0.905961
vt 0.453125 0.875000
vt 0.437500 0.906105
vt 0.437500 0.875000
vt 0.453125 0.843750
vt 0.453125 0.812500
vt 0.437500 0.843750
vt 0.437500 0.812500
vt 0.453125 0.781250
vt 0.453125 0.750000
vt 0.437500 0.781250
vt 0.437500 0.750000
vt 0.453125 0.718750
vt 0.437500 0.718750
vt 0.421875 0.905961
vt 0.421875 0.875000
vt 0.421875 0.935185
vt 0.406250 0.937500
vt 0.406250 0.906105
vt 0.406250 0.875000
vt 0.421875 0.843750
vt 0.421875 0.812500
vt 0.406250 0.843750
vt 0.406250 0.812500
vt 0.421875 0.781250
vt 0.421875 0.750000
vt 0.406250 0.781250
vt 0.406250 0.750000
vt 0.421875 0.718750
vt 0.421875 0.687500
vt 0.406250 0.718750
vt 0.406250 0.687500
vt 0.421875 0.656250
vt 0.421875 0.625000
vt 0.406250 0.656250
vt 0.406250 0.625000
vt 0.421875 0.593750
vt 0.421875 0.562500
vt 0.406250 0.593750
vt 0.406250 0.562500
vt 0.421875 0.531250
vt 0.421875 0.500000
vt 0.406250 0.531250
vt 0.406250 0.500000
vt 0.429688 0.968750
vt 0.421875 0.957899
vt 0.421875 1.000000
vt 0.414063 0.968750
vt 0.390625 0.593750
vt 0.390625 0.562500
vt 0.390625 0.625000
vt 0.375000 0.625000
vt 0.375000 0.593750
vt 0.375000 0.562500
vt 0.390625 0.531250
vt 0.390625 0.500000
vt 0.375000 0.531250
vt 0.375000 0.500000
vt 0.398438 0.968750
vt 0.390625 0.957899
vt 0.390625 0.935185
vt 0.390625 1.000000
vt 0.382813 0.968750
vt 0.375000 0.937500
vt 0.390625 0.905961
vt 0.390625 0.875000
vt 0.375000 0.906105
vt 0.375000 0.875000
vt 0.390625 0.843750
vt 0.390625 0.812500
vt 0.375000 0.843750
vt 0.375000 0.812500
vt 0.390625 0.781250
vt 0.390625 0.750000
vt 0.375000 0.781250
vt 0.375000 0.750000
vt 0.390625 0.718750
vt 0.390625 0.687500
vt 0.375000 0.718750
vt 0.375000 0.687500
vt 0.390625 0.656250
vt 0.375000 0.656250
vt 0.359375 0.843750
vt 0.359375 0.812500
vt 0.359375 0.875000
vt 0.343750 0.875000
vt 0.343750 0.843750
vt 0.343750 0.812500
vt 0.359375 0.781250
vt 0.359375 0.750000
vt 0.343750 0.781250
vt 0.343750 0.750000
vt 0.359375 0.718750
vt 0.359375 0.687500
vt 0.343750 0.718750
vt 0.343750 0.687500
vt 0.359375 0.656250
vt 0.359375 0.625000
vt 0.343750 0.656250
vt 0.343750 0.625000
vt 0.359375 0.593750
vt 0.359375 0.562500
vt 0.343750 0.593750
vt 0.343750 0.562500
vt 0.359375 0.531250
vt 0.359375 0.500000
vt 0.343750 0.531250
vt 0.343750 0.500000
vt 0.367188 0.968750
vt 0.359375 0.957899
vt 0.359375 0.935185
vt 0.359375 1.000000
vt 0.351563 0.968750
vt 0.343750 0.937500
vt 0.359375 0.905961
vt 0.343750 0.906105
vt 0.328125 0.593750
vt 0.328125 0.562500
vt 0.328125 0.625000
vt 0.312500 0.625000
vt 0.312500 0.593750
vt 0.312500 0.562500
vt 0.328125 0.531250
vt 0.328125 0.500000
vt 0.312500 0.531250
vt 0.312500 0.500000
vt 0.335938 0.968750
vt 0.328125 0.957899
vt 0.328125 0.935185
vt 0.328125 1.000000
vt 0.320313 0.968750
vt 0.312500 0.937500
vt 0.328125 0.905961
vt 0.328125 0.875000
vt 0.312500 0.906105
vt 0.312500 0.875000
vt 0.328125 0.843750
vt 0.328125 0.812500
vt 0.312500 0.843750
vt 0.312500 0.812500
vt 0.328125 0.781250
vt 0.328125 0.750000
vt 0.312500 0.781250
vt 0.312500 0.750000
vt 0.328125 0.718750
vt 0.328125 0.687500
vt 0.312500 0.718750
vt 0.312500 0.687500
vt 0.328125 0.656250
vt 0.312500 0.656250
vt 0.296875 0.781250
vt 0.296875 0.750000
vt 0.296875 0.812500
vt 0.281250 0.812500
vt 0.281250 0.781250
vt 0.281250 0.750000
vt 0.296875 0.718750
vt 0.296875 0.687500
vt 0.281250 0.718750
vt 0.281250 0.687500
vt 0.296875 0.656250
vt 0.296875 0.625000
vt 0.281250 0.656250
vt 0.281250 0.625000
vt 0.296875 0.593750
vt 0.296875 0.562500
vt 0.281250 0.593750
vt 0.281250 0.562500
vt 0.296875 0.531250
vt 0.296875 0.500000
vt 0.281250 0.531250
vt 0.281250 0.500000
vt 0.304688 0.968750
vt 0.296875 0.957899
vt 0.296875 0.935185
vt 0.296875 1.000000
vt 0.289063 0.968750
vt 0.281250 0.937500
vt 0.296875 0.905961
vt 0.296875 0.875000
vt 0.281250 0.906105
vt 0.281250 0.875000
vt 0.296875 0.843750
vt 0.281250 0.843750
vt 0.265625 0.531250
vt 0.265625 0.500000
vt 0.265625 0.562500
vt 0.250000 0.562500
vt 0.250000 0.531250
vt 0.250000 0.500000
vt 0.273438 0.968750
vt 0.265625 0.957899
vt 0.265625 0.935185
vt 0.265625 1.000000
vt 0.257813 0.968750
vt 0.250000 0.937500
vt 0.265625 0.905961
vt 0.265625 0.875000
vt 0.250000 0.906105
vt 0.250000 0.875000
vt 0.265625 0.843750
vt 0.265625 0.812500
vt 0.250000 0.843750
vt 0.250000 0.812500
vt 0.265625 0.781250
vt 0.265625 0.750000
vt 0.250000 0.781250
vt 0.250000 0.750000
vt 0.265625 0.718750
vt 0.265625 0.687500
vt 0.250000 0.718750
vt 0.250000 0.687500
vt 0.265625 0.656250
vt 0.265625 0.625000
vt 0.250000 0.656250
vt 0.250000 0.625000
vt 0.265625 0.593750
vt 0.250000 0.593750
vt 0.234375 0.781250
vt 0.234375 0.750000
vt 0.234375 0.812500
vt 0.218750 0.812500
vt 0.218750 0.781250
vt 0.218750 0.750000
vt 0.234375 0.718750
vt 0.234375 0.687500
vt 0.218750 0.718750
vt 0.218750 0.687500
vt 0.234375 0.656250
vt 0.234375 0.625000
vt 0.218750 0.656250
vt 0.218750 0.625000
vt 0.234375 0.593750
vt 0.234375 0.562500
vt 0.218750 0.593750
vt 0.218750 0.562500
vt 0.234375 0.531250
vt 0.234375 0.500000
vt 0.218750 0.531250
vt 0.218750 0.500000
vt 0.242188 0.968750
vt 0.234375 0.957899
vt 0.234375 0.935185
vt 0.234375 1.000000
vt 0.226563 0.968750
vt 0.218750 0.937500
vt 0.234375 0.905961
vt 0.234375 0.875000
vt 0.218750 0.906105
vt 0.218750 0.875000
vt 0.234375 0.843750
vt 0.218750 0.843750
vt 0.203125 0.531250
vt 0.203125 0.500000
vt 0.203125 0.562500
vt 0.187500 0.562500
vt 0.187500 0.531250
vt 0.187500 0.500000
vt 0.210938 0.968750
vt 0.203125 0.957899
vt 0.203125 0.935185
vt 0.203125 1.000000
vt 0.195313 0.968750
vt 0.187500 0.937500
vt 0.203125 0.905961
vt 0.203125 0.875000
vt 0.187500 0.906105
vt 0.187500 0.875000
vt 0.203125 0.843750
vt 0.203125 0.812500
vt 0.187500 0.843750
vt 0.187500 0.812500
vt 0.203125 0.781250
vt 0.203125 0.750000
vt 0.187500 0.781250
vt 0.187500 0.750000
vt 0.203125 0.718750
vt 0.203125 0.687500
vt 0.187500 0.718750
vt 0.187500 0.687500
vt 0.203125 0.656250
vt 0.203125 0.625000
vt 0.187500 0.656250
vt 0.187500 0.625000
vt 0.203125 0.593750
vt 0.187500 0.593750
vt 0.171875 0.718750
vt 0.171875 0.687500
vt 0.171875 0.750000
vt 0.156250 0.750000
vt 0.156250 0.718750
vt 0.156250 0.687500
vt 0.171875 0.656250
vt 0.171875 0.625000
vt 0.156250 0.656250
vt 0.156250 0.625000
vt 0.171875 0.593750
vt 0.171875 0.562500
vt 0.156250 0.593750
vt 0.156250 0.562500
vt 0.171875 0.531250
vt 0.171875 0.500000
vt 0.156250 0.531250
vt 0.156250 0.500000
vt 0.179688 0.968750
vt 0.171875 0.957899
vt 0.171875 0.935185
vt 0.171875 1.000000
vt 0.164063 0.968750
vt 0.156250 0.937500
vt 0.171875 0.905961
vt 0.171875 0.875000
vt 0.156250 0.906105
vt 0.156250 0.875000
vt 0.171875 0.843750
vt 0.171875 0.812500
vt 0.156250 0.843750
vt 0.156250 0.812500
vt 0.171875 0.781250
vt 0.156250 0.781250
vt 0.148438 0.968750
vt 0.140625 0.957899
vt 0.140625 0.935185
vt 0.140625 1.000000
vt 0.132813 0.968750
vt 0.125000 0.937500
vt 0.140625 0.905961
vt 0.140625 0.875000
vt 0.125000 0.906105
vt 0.125000 0.875000
vt 0.140625 0.843750
vt 0.140625 0.812500
vt 0.125000 0.843750
vt 0.125000 0.812500
vt 0.140625 0.781250
vt 0.140625 0.750000
vt 0.125000 0.781250
vt 0.125000 0.750000
vt 0.140625 0.718750
vt 0.140625 0.687500
vt 0.125000 0.718750
vt 0.125000 0.687500
vt 0.140625 0.656250
vt 0.140625 0.625000
vt 0.125000 0.656250
vt 0.125000 0.625000
vt 0.140625 0.593750
vt 0.140625 0.562500
vt 0.125000 0.593750
vt 0.125000 0.562500
vt 0.140625 0.531250
vt 0.140625 0.500000
vt 0.125000 0.531250
vt 0.125000 0.500000
vt 0.109375 0.656250
vt 0.109375 0.625000
vt 0.109375 0.687500
vt 0.093750 0.687500
vt 0.093750 0.656250
vt 0.093750 0.625000
vt 0.109375 0.593750
vt 0.109375 0.562500
vt 0.093750 0.593750
vt 0.093750 0.562500
vt 0.109375 0.531250
vt 0.109375 0.500000
vt 0.093750 0.531250
vt 0.093750 0.500000
vt 0.117188 0.968750
vt 0.109375 0.957899
vt 0.109375 0.935185
vt 0.109375 1.000000
vt 0.101563 0.968750
vt 0.093750 0.937500
vt 0.109375 0.905961
vt 0.109375 0.875000
vt 0.093750 0.906105
vt 0.093750 0.875000
vt 0.109375 0.843750
vt 0.109375 0.812500
vt 0.093750 0.843750
vt 0.093750 0.812500
vt 0.109375 0.781250
vt 0.109375 0.750000
vt 0.093750 0.781250
vt 0.093750 0.750000
vt 0.109375 0.718750
vt 0.093750 0.718750
vt 0.085938 0.968750
vt 0.078125 0.957899
vt 0.078125 0.935185
vt 0.078125 1.000000
vt 0.070313 0.968750
vt 0.062500 0.937500
vt 0.078125 0.905961
vt 0.078125 0.875000
vt 0.062500 0.906105
vt 0.062500 0.875000
vt 0.078125 0.843750
vt 0.078125 0.812500
vt 0.062500 0.843750
vt 0.062500 0.812500
vt 0.078125 0.781250
vt 0.078125 0.750000
vt 0.062500 0.781250
vt 0.062500 0.750000
vt 0.078125 0.718750
vt 0.078125 0.687500
vt 0.062500 0.718750
vt 0.062500 0.687500
vt 0.078125 0.656250
vt 0.078125 0.625000
vt 0.062500 0.656250
vt 0.062500 0.625000
vt 0.078125 0.593750
vt 0.078125 0.562500
vt 0.062500 0.593750
vt 0.062500 0.562500
vt 0.078125 0.531250
vt 0.078125 0.500000
vt 0.062500 0.531250
vt 0.062500 0.500000
vt 0.046875 0.656250
vt 0.046875 0.625000
vt 0.046875 0.687500
vt 0.031250 0.687500
vt 0.031250 0.656250
vt 0.031250 0.625000
vt 0.046875 0.593750
vt 0.046875 0.562500
vt 0.031250 0.593750
vt 0.031250 0.562500
vt 0.046875 0.531250
vt 0.046875 0.500000
vt 0.031250 0.531250
vt 0.031250 0.500000
vt 0.054687 0.968750
vt 0.046875 0.957899
vt 0.046875 0.935185
vt 0.046875 1.000000
vt 0.039062 0.968750
vt 0.031250 0.937500
vt 0.046875 0.905961
vt 0.046875 0.875000
vt 0.031250 0.906105
vt 0.031250 0.875000
vt 0.046875 0.843750
vt 0.046875 0.812500
vt 0.031250 0.843750
vt 0.031250 0.812500
vt 0.046875 0.781250
vt 0.046875 0.750000
vt 0.031250 0.781250
vt 0.031250 0.750000
vt 0.046875 0.718750
vt 0.031250 0.718750
vt 0.015625 0.843750
vt 0.015625 0.812500
vt 0.015625 0.875000
vt 0.000000 0.875000
vt 0.000000 0.843750
vt 0.000000 0.812500
vt 0.015625 0.781250
vt 0.015625 0.750000
vt 0.000000 0.781250
vt 0.000000 0.750000
vt 0.015625 0.718750
vt 0.015625 0.687500
vt 0.000000 0.718750
vt 0.000000 0.687500
vt 0.015625 0.656250
vt 0.015625 0.625000
vt 0.000000 0.656250
vt 0.000000 0.625000
vt 0.015625 0.593750
vt 0.015625 0.562500
vt 0.000000 0.593750
vt 0.000000 0.562500
vt 0.015625 0.531250
vt 0.015625 0.500000
vt 0.000000 0.531250
vt 0.000000 0.500000
vt 0.023438 0.968750
vt 0.015625 0.957899
vt 0.015625 0.935185
vt 0.015625 1.000000
vt 0.007813 0.968750
vt 0.000000 0.937500
vt 0.015625 0.905961
vt 0.000000 0.906250
vt 1.000000 0.562500
vt 1.000000 0.593750
vt 0.984375 0.593750
vt 0.984375 0.562500
vt 1.000000 0.625000
vt 0.984375 0.625000
vt 0.968750 0.625000
vt 0.968750 0.593750
vt 0.968750 0.562500
vt 1.000000 0.500000
vt 1.000000 0.531250
vt 0.984375 0.531250
vt 0.984375 0.500000
vt 0.968750 0.531250
vt 0.968750 0.500000
vt 1.000000 0.937500
vt 0.992188 0.968750
vt 0.984375 0.957899
vt 0.984375 0.935185
vt 0.984375 1.000000
vt 0.976563 0.968750
vt 0.968750 0.937500
vt 1.000000 0.875000
vt 1.000000 0.906250
vt 0.984375 0.905961
vt 0.984375 0.875000
vt 0.968750 0.906105
vt 0.968750 0.875000
vt 1.000000 0.812500
vt 1.000000 0.843750
vt 0.984375 0.843750
vt 0.984375 0.812500
vt 0.968750 0.843750
vt 0.968750 0.812500
vt 1.000000 0.750000
vt 1.000000 0.781250
vt 0.984375 0.781250
vt 0.984375 0.750000
vt 0.968750 0.781250
vt 0.968750 0.750000
vt 1.000000 0.687500
vt 1.000000 0.718750
vt 0.984375 0.718750
vt 0.984375 0.687500
vt 0.968750 0.718750
vt 0.968750 0.687500
vt 1.000000 0.656250
vt 0.984375 0.656250
vt 0.968750 0.656250
vt 0.953125 0.843750
vt 0.953125 0.812500
vt 0.953125 0.875000
vt 0.937500 0.875000
vt 0.937500 0.843750
vt 0.937500 0.812500
vt 0.953125 0.781250
vt 0.953125 0.750000
vt 0.937500 0.781250
vt 0.937500 0.750000
vt 0.953125 0.718750
vt 0.953125 0.687500
vt 0.937500 0.718750
vt 0.937500 0.687500
vt 0.953125 0.656250
vt 0.953125 0.625000
vt 0.937500 0.656250
vt 0.937500 0.625000
vt 0.953125 0.593750
vt 0.953125 0.562500
vt 0.937500 0.593750
vt 0.937500 0.562500
vt 0.953125 0.531250
vt 0.953125 0.500000
vt 0.937500 0.531250
vt 0.937500 0.500000
vt 0.960938 0.968750
vt 0.953125 0.957899
vt 0.953125 0.935185
vt 0.953125 1.000000
vt 0.945313 0.968750
vt 0.937500 0.937500
vt 0.953125 0.905961
vt 0.937500 0.906105
vt 0.921875 0.593750
vt 0.921875 0.562500
vt 0.921875 0.625000
vt 0.906250 0.625000
vt 0.906250 0.593750
vt 0.906250 0.562500
vt 0.921875 0.531250
vt 0.921875 0.500000
vt 0.906250 0.531250
vt 0.906250 0.500000
vt 0.929688 0.968750
vt 0.921875 0.957899
vt 0.921875 0.935185
vt 0.921875 1.000000
vt 0.914063 0.968750
vt 0.906250 0.937500
vt 0.921875 0.905961
vt 0.921875 0.875000
vt 0.906250 0.906105
vt 0.906250 0.875000
vt 0.921875 0.843750
vt 0.921875 0.812500
vt 0.906250 0.843750
vt 0.906250 0.812500
vt 0.921875 0.781250
vt 0.921875 0.750000
vt 0.906250 0.781250
vt 0.906250 0.750000
vt 0.921875 0.718750
vt 0.921875 0.687500
vt 0.906250 0.718750
vt 0.906250 0.687500
vt 0.921875 0.656250
vt 0.906250 0.656250
vt 0.890625 0.781250
vt 0.890625 0.750000
vt 0.890625 0.812500
vt 0.875000 0.812500
vt 0.875000 0.781250
vt 0.875000 0.750000
vt 0.890625 0.718750
vt 0.890625 0.687500
vt 0.875000 0.718750
vt 0.875000 0.687500
vt 0.890625 0.656250
vt 0.890625 0.625000
vt 0.875000 0.656250
vt 0.875000 0.625000
vt 0.890625 0.593750
vt 0.890625 0.562500
vt 0.875000 0.593750
vt 0.875000 0.562500
vt 0.890625 0.531250
vt 0.890625 0.500000
vt 0.875000 0.531250
vt 0.875000 0.500000
vt 0.898438 0.968750
vt 0.890625 0.957899
vt 0.890625 0.935185
vt 0.890625 1.000000
vt 0.882813 0.968750
vt 0.875000 0.937500
vt 0.890625 0.905961
vt 0.890625 0.875000
vt 0.875000 0.906105
vt 0.875000 0.875000
vt 0.890625 0.843750
vt 0.875000 0.843750
vt 0.859375 0.531250
vt 0.859375 0.500000
vt 0.859375 0.562500
vt 0.843750 0.562500
vt 0.843750 0.531250
vt 0.843750 0.500000
vt 0.867188 0.968750
vt 0.859375 0.957899
vt 0.859375 0.935185
vt 0.859375 1.000000
vt 0.851563 0.968750
vt 0.843750 0.937500
vt 0.859375 0.905961
vt 0.859375 0.875000
vt 0.843750 0.906105
vt 0.843750 0.875000
vt 0.859375 0.843750
vt 0.859375 0.812500
vt 0.843750 0.843750
vt 0.843750 0.812500
vt 0.859375 0.781250
vt 0.859375 0.750000
vt 0.843750 0.781250
vt 0.843750 0.750000
vt 0.859375 0.718750
vt 0.859375 0.687500
vt 0.843750 0.718750
vt 0.843750 0.687500
vt 0.859375 0.656250
vt 0.859375 0.625000
vt 0.843750 0.656250
vt 0.843750 0.625000
vt 0.859375 0.593750
vt 0.843750 0.593750
vt 0.828125 0.718750
vt 0.828125 0.687500
vt 0.828125 0.750000
vt 0.812500 0.750000
vt 0.812500 0.718750
vt 0.812500 0.687500
vt 0.828125 0.656250
vt 0.828125 0.625000
vt 0.812500 0.656250
vt 0.812500 0.625000
vt 0.828125 0.593750
vt 0.828125 0.562500
vt 0.812500 0.593750
vt 0.812500 0.562500
vt 0.828125 0.531250
vt 0.828125 0.500000
vt 0.812500 0.531250
vt 0.812500 0.500000
vt 0.835938 0.968750
vt 0.828125 0.957899
vt 0.828125 0.935185
vt 0.828125 1.000000
vt 0.820313 0.968750
vt 0.812500 0.937500
vt 0.828125 0.905961
vt 0.828125 0.875000
vt 0.812500 0.906105
vt 0.812500 0.875000
vt 0.828125 0.843750
vt 0.828125 0.812500
vt 0.812500 0.843750
vt 0.812500 0.812500
vt 0.828125 0.781250
vt 0.812500 0.781250
vt 0.804688 0.968750
vt 0.796875 0.957899
vt 0.796875 0.935185
vt 0.796875 1.000000
vt 0.789063 0.968750
vt 0.781250 0.937500
vt 0.796875 0.905961
vt 0.796875 0.875000
vt 0.781250 0.906105
vt 0.781250 0.875000
vt 0.796875 0.843750
vt 0.796875 0.812500
vt 0.781250 0.843750
vt 0.781250 0.812500
vt 0.796875 0.781250
vt 0.796875 0.750000
vt 0.781250 0.781250
vt 0.781250 0.750000
vt 0.796875 0.718750
vt 0.796875 0.687500
vt 0.781250 0.718750
vt 0.781250 0.687500
vt 0.796875 0.656250
vt 0.796875 0.625000
vt 0.781250 0.656250
vt 0.781250 0.625000
vt 0.796875 0.593750
vt 0.796875 0.562500
vt 0.781250 0.593750
vt 0.781250 0.562500
vt 0.796875 0.531250
vt 0.796875 0.500000
vt 0.781250 0.531250
vt 0.781250 0.500000
vt 0.765625 0.718750
vt 0.765625 0.687500
vt 0.765625 0.750000
vt 0.765625 0.656250
vt 0.765625 0.625000
vt 0.765625 0.593750
vt 0.765625 0.562500
vt 0.765625 0.531250
vt 0.765625 0.500000
vt 0.773438 0.968750
vt 0.765625 0.957899
vt 0.765625 0.935185
vt 0.765625 1.000000
vt 0.757813 0.968750
vt 0.765625 0.905961
vt 0.765625 0.875000
vt 0.765625 0.843750
vt 0.765625 0.812500
vt 0.765625 0.781250
s 0
g Circle_Material.001
usemtl Material.001
f 9/1/1 265/2/1 770/3/1 267/4/1
f 265/2/2 10/5/2 268/6/2 770/3/2
f 770/3/3 268/6/3 4/7/3 261/8/3
f 267/4/4 770/3/4 261/8/4 5/9/4
f 10/5/5 731/10/5 771/11/5 268/6/5
f 731/10/6 255/12/6 733/13/6 771/11/6
f 771/11/7 733/13/7 3/14/7 260/15/7
f 268/6/8 771/11/8 260/15/8 4/7/8
f 255/12/9 722/16/9 772/17/9 733/13/9
f 722/16/10 254/18/10 734/19/10 772/17/10
f 772/17/11 734/19/11 2/20/11 259/21/11
f 733/13/12 772/17/12 259/21/12 3/14/12
f 254/18/13 721/22/13 773/23/13 734/19/13
f 721/22/14 253/24/14 735/25/14 773/23/14
f 773/23/15 735/25/15 1/26/15 258/27/15
f 734/19/16 773/23/16 258/27/16 2/20/16
f 253/24/17 723/28/17 774/29/17 735/25/17
f 723/28/18 257/30/18 736/31/18 774/29/18
f 774/29/19 736/31/19 11/32/19 266/33/19
f 735/25/20 774/29/20 266/33/20 1/26/20
f 257/30/21 732/34/21 775/35/21 736/31/21
f 180/36/22 729/37/22 775/35/22 732/34/22
f 11/32/23 736/31/23 775/35/23 729/37/23
f 256/38/24 730/39/24 776/40/24 737/41/24
f 730/39/25 8/42/25 269/43/25 776/40/25
f 776/40/26 269/43/26 6/44/26 263/45/26
f 737/41/27 776/40/27 263/45/27 7/46/27
f 8/42/28 264/47/28 777/48/28 269/43/28
f 264/47/29 9/1/29 267/4/29 777/48/29
f 777/48/30 267/4/30 5/9/30 262/49/30
f 269/43/31 777/48/31 262/49/31 6/44/31
f 4/7/32 260/15/32 778/50/32 277/51/32
f 260/15/33 3/14/33 278/52/33 778/50/33
f 778/50/34 278/52/34 14/53/34 272/54/34
f 277/51/35 778/50/35 272/54/35 15/55/35
f 5/9/36 261/8/36 779/56/36 279/57/36
f 261/8/37 4/7/37 277/51/37 779/56/37
f 779/56/38 277/51/38 15/55/38 273/58/38
f 279/57/39 779/56/39 273/58/39 16/59/39
f 6/44/40 262/49/40 780/60/40 280/61/40
f 262/49/41 5/9/41 279/57/41 780/60/41
f 780/60/42 279/57/42 16/59/42 274/62/42
f 280/61/43 780/60/43 274/62/43 17/63/43
f 7/46/44 263/45/44 781/64/44 281/65/44
f 263/45/45 6/44/45 280/61/45 781/64/45
f 781/64/46 280/61/46 17/63/46 275/66/46
f 281/65/47 781/64/47 275/66/47 18/67/47
f 11/32/48 729/68/48 782/69/48 282/70/48
f 180/71/49 738/72/49 782/69/49 729/68/49
f 19/73/50 282/70/50 782/69/50 738/72/50
f 2/20/51 258/27/51 783/74/51 283/75/51
f 258/27/52 1/26/52 284/76/52 783/74/52
f 783/74/53 284/76/53 12/77/53 270/78/53
f 283/75/54 783/74/54 270/78/54 13/79/54
f 1/26/55 266/33/55 784/80/55 284/76/55
f 266/33/56 11/32/56 282/70/56 784/80/56
f 784/80/57 282/70/57 19/73/57 276/81/57
f 284/76/58 784/80/58 276/81/58 12/77/58
f 3/14/59 259/21/59 785/82/59 278/52/59
f 259/21/60 2/20/60 283/75/60 785/82/60
f 785/82/61 283/75/61 13/79/61 271/83/61
f 278/52/62 785/82/62 271/83/62 14/53/62
f 18/67/63 275/66/63 786/84/63 292/85/63
f 275/66/64 17/63/64 293/86/64 786/84/64
f 786/84/65 293/86/65 25/87/65 290/88/65
f 292/85/66 786/84/66 290/88/66 26/89/66
f 19/73/67 738/90/67 787/91/67 294/92/67
f 180/93/68 739/94/68 787/91/68 738/90/68
f 27/95/69 294/92/69 787/91/69 739/94/69
f 12/77/70 276/81/70 788/96/70 295/97/70
f 276/81/71 19/73/71 294/92/71 788/96/71
f 788/96/72 294/92/72 27/95/72 291/98/72
f 295/97/73 788/96/73 291/98/73 20/99/73
f 13/79/74 270/78/74 789/100/74 296/101/74
f 270/78/75 12/77/75 295/97/75 789/100/75
f 789/100/76 295/97/76 20/99/76 285/102/76
f 296/101/77 789/100/77 285/102/77 21/103/77
f 14/53/78 271/83/78 790/104/78 297/105/78
f 271/83/79 13/79/79 296/101/79 790/104/79
f 790/104/80 296/101/80 21/103/80 286/106/80
f 297/105/81 790/104/81 286/106/81 22/107/81
f 15/55/82 272/54/82 791/108/82 298/109/82
f 272/54/83 14/53/83 297/105/83 791/108/83
f 791/108/84 297/105/84 22/107/84 287/110/84
f 298/109/85 791/108/85 287/110/85 23/111/85
f 16/59/86 273/58/86 792/112/86 299/113/86
f 273/58/87 15/55/87 298/109/87 792/112/87
f 792/112/88 298/109/88 23/111/88 288/114/88
f 299/113/89 792/112/89 288/114/89 24/115/89
f 17/63/90 274/62/90 793/116/90 293/86/90
f 274/62/91 16/59/91 299/113/91 793/116/91
f 793/116/92 299/113/92 24/115/92 289/117/92
f 293/86/93 793/116/93 289/117/93 25/87/93
f 22/107/94 286/106/94 794/118/94 307/119/94
f 286/106/95 21/103/95 308/120/95 794/118/95
f 794/118/96 308/120/96 29/121/96 301/122/96
f 307/119/97 794/118/97 301/122/97 30/123/97
f 23/111/98 287/110/98 795/124/98 309/125/98
f 287/110/99 22/107/99 307/119/99 795/124/99
f 795/124/100 307/119/100 30/123/100 302/126/100
f 309/125/101 795/124/101 302/126/101 31/127/101
f 24/115/102 288/114/102 796/128/102 310/129/102
f 288/114/103 23/111/103 309/125/103 796/128/103
f 796/128/104 309/125/104 31/127/104 303/130/104
f 310/129/105 796/128/105 303/130/105 32/131/105
f 25/87/106 289/117/106 797/132/106 311/133/106
f 289/117/107 24/115/107 310/129/107 797/132/107
f 797/132/108 310/129/108 32/131/108 304/134/108
f 311/133/109 797/132/109 304/134/109 33/135/109
f 26/89/110 290/88/110 798/136/110 312/137/110
f 290/88/111 25/87/111 311/133/111 798/136/111
f 798/136/112 311/133/112 33/135/112 305/138/112
f 312/137/113 798/136/113 305/138/113 34/139/113
f 27/95/114 739/140/114 799/141/114 313/142/114
f 180/143/115 740/144/115 799/141/115 739/140/115
f 35/145/116 313/142/116 799/141/116 740/144/116
f 20/99/117 291/98/117 800/146/117 314/147/117
f 291/98/118 27/95/118 313/142/118 800/146/118
f 800/146/119 313/142/119 35/145/119 306/148/119
f 314/147/120 800/146/120 306/148/120 28/149/120
f 21/103/121 285/102/121 801/150/121 308/120/121
f 285/102/122 20/99/122 314/147/122 801/150/122
f 801/150/123 314/147/123 28/149/123 300/151/123
f 308/120/124 801/150/124 300/151/124 29/121/124
f 34/139/125 305/138/125 802/152/125 322/153/125
f 305/138/126 33/135/126 323/154/126 802/152/126
f 802/152/127 323/154/127 41/155/127 320/156/127
f 322/153/128 802/152/128 320/156/128 42/157/128
f 35/145/129 740/158/129 803/159/129 324/160/129
f 180/161/130 741/162/130 803/159/130 740/158/130
f 43/163/131 324/160/131 803/159/131 741/162/131
f 28/149/132 306/148/132 804/164/132 325/165/132
f 306/148/133 35/145/133 324/160/133 804/164/133
f 804/164/134 324/160/134 43/163/134 321/166/134
f 325/165/135 804/164/135 321/166/135 36/167/135
f 29/121/136 300/151/136 805/168/136 326/169/136
f 300/151/137 28/149/137 325/165/137 805/168/137
f 805/168/138 325/165/138 36/167/138 315/170/138
f 326/169/139 805/168/139 315/170/139 37/171/139
f 30/123/140 301/122/140 806/172/140 327/173/140
f 301/122/141 29/121/141 326/169/141 806/172/141
f 806/172/142 326/169/142 37/171/142 316/174/142
f 327/173/143 806/172/143 316/174/143 38/175/143
f 31/127/144 302/126/144 807/176/144 328/177/144
f 302/126/145 30/123/145 327/173/145 807/176/145
f 807/176/146 327/173/146 38/175/146 317/178/146
f 328/177/147 807/176/147 317/178/147 39/179/147
f 32/131/148 303/130/148 808/180/148 329/181/148
f 303/130/149 31/127/149 328/177/149 808/180/149
f 808/180/150 328/177/150 39/179/150 318/182/150
f 329/181/151 808/180/151 318/182/151 40/183/151
f 33/135/152 304/134/152 809/184/152 323/154/152
f 304/134/153 32/131/153 329/181/153 809/184/153
f 809/184/154 329/181/154 40/183/154 319/185/154
f 323/154/155 809/184/155 319/185/155 41/155/155
f 39/179/156 317/178/156 810/186/156 337/187/156
f 317/178/157 38/175/157 338/188/157 810/186/157
f 810/186/158 338/188/158 46/189/158 332/190/158
f 337/187/159 810/186/159 332/190/159 47/191/159
f 40/183/160 318/182/160 811/192/160 339/193/160
f 318/182/161 39/179/161 337/187/161 811/192/161
f 811/192/162 337/187/162 47/191/162 333/194/162
f 339/193/163 811/192/163 333/194/163 48/195/163
f 41/155/164 319/185/164 812/196/164 340/197/164
f 319/185/165 40/183/165 339/193/165 812/196/165
f 812/196/166 339/193/166 48/195/166 334/198/166
f 340/197/167 812/196/167 334/198/167 49/199/167
f 42/157/168 320/156/168 813/200/168 341/201/168
f 320/156/169 41/155/169 340/197/169 813/200/169
f 813/200/170 340/197/170 49/199/170 335/202/170
f 341/201/171 813/200/171 335/202/171 50/203/171
f 43/163/172 741/204/172 814/205/172 342/206/172
f 180/207/173 742/208/173 814/205/173 741/204/173
f 51/209/174 342/206/174 814/205/174 742/208/174
f 36/167/175 321/166/175 815/210/175 343/211/175
f 321/166/176 43/163/176 342/206/176 815/210/176
f 815/210/177 342/206/177 51/209/177 336/212/177
f 343/211/178 815/210/178 336/212/178 44/213/178
f 37/171/179 315/170/179 816/214/179 344/215/179
f 315/170/180 36/167/180 343/211/180 816/214/180
f 816/214/181 343/211/181 44/213/181 330/216/181
f 344/215/182 816/214/182 330/216/182 45/217/182
f 38/175/183 316/174/183 817/218/183 338/188/183
f 316/174/184 37/171/184 344/215/184 817/218/184
f 817/218/185 344/215/185 45/217/185 331/219/185
f 338/188/186 817/218/186 331/219/186 46/189/186
f 51/209/187 742/220/187 818/221/187 353/222/187
f 180/223/188 743/224/188 818/221/188 742/220/188
f 59/225/189 353/222/189 818/221/189 743/224/189
f 44/213/190 336/212/190 819/226/190 354/227/190
f 336/212/191 51/209/191 353/222/191 819/226/191
f 819/226/192 353/222/192 59/225/192 351/228/192
f 354/227/193 819/226/193 351/228/193 52/229/193
f 45/217/194 330/216/194 820/230/194 355/231/194
f 330/216/195 44/213/195 354/227/195 820/230/195
f 820/230/196 354/227/196 52/229/196 345/232/196
f 355/231/197 820/230/197 345/232/197 53/233/197
f 46/189/198 331/219/198 821/234/198 356/235/198
f 331/219/199 45/217/199 355/231/199 821/234/199
f 821/234/200 355/231/200 53/233/200 346/236/200
f 356/235/201 821/234/201 346/236/201 54/237/201
f 47/191/202 332/190/202 822/238/202 357/239/202
f 332/190/203 46/189/203 356/235/203 822/238/203
f 822/238/204 356/235/204 54/237/204 347/240/204
f 357/239/205 822/238/205 347/240/205 55/241/205
f 48/195/206 333/194/206 823/242/206 358/243/206
f 333/194/207 47/191/207 357/239/207 823/242/207
f 823/242/208 357/239/208 55/241/208 348/244/208
f 358/243/209 823/242/209 348/244/209 56/245/209
f 49/199/210 334/198/210 824/246/210 359/247/210
f 334/198/211 48/195/211 358/243/211 824/246/211
f 824/246/212 358/243/212 56/245/212 349/248/212
f 359/247/213 824/246/213 349/248/213 57/249/213
f 50/203/214 335/202/214 825/250/214 352/251/214
f 335/202/215 49/199/215 359/247/215 825/250/215
f 825/250/216 359/247/216 57/249/216 350/252/216
f 352/251/217 825/250/217 350/252/217 58/253/217
f 55/241/218 347/240/218 826/254/218 367/255/218
f 347/240/219 54/237/219 368/256/219 826/254/219
f 826/254/220 368/256/220 62/257/220 362/258/220
f 367/255/221 826/254/221 362/258/221 63/259/221
f 56/245/222 348/244/222 827/260/222 369/261/222
f 348/244/223 55/241/223 367/255/223 827/260/223
f 827/260/224 367/255/224 63/259/224 363/262/224
f 369/261/225 827/260/225 363/262/225 64/263/225
f 57/249/226 349/248/226 828/264/226 370/265/226
f 349/248/227 56/245/227 369/261/227 828/264/227
f 828/264/228 369/261/228 64/263/228 364/266/228
f 370/265/229 828/264/229 364/266/229 65/267/229
f 58/253/230 350/252/230 829/268/230 371/269/230
f 350/252/231 57/249/231 370/265/231 829/268/231
f 829/268/232 370/265/232 65/267/232 365/270/232
f 371/269/233 829/268/233 365/270/233 66/271/233
f 59/225/234 743/272/234 830/273/234 372/274/234
f 180/275/235 744/276/235 830/273/235 743/272/235
f 67/277/236 372/274/236 830/273/236 744/276/236
f 52/229/237 351/228/237 831/278/237 373/279/237
f 351/228/238 59/225/238 372/274/238 831/278/238
f 831/278/239 372/274/239 67/277/239 366/280/239
f 373/279/240 831/278/240 366/280/240 60/281/240
f 53/233/241 345/232/241 832/282/241 374/283/241
f 345/232/242 52/229/242 373/279/242 832/282/242
f 832/282/243 373/279/243 60/281/243 360/284/243
f 374/283/244 832/282/244 360/284/244 61/285/244
f 54/237/245 346/236/245 833/286/245 368/256/245
f 346/236/246 53/233/246 374/283/246 833/286/246
f 833/286/247 374/283/247 61/285/247 361/287/247
f 368/256/248 833/286/248 361/287/248 62/257/248
f 67/277/249 744/288/249 834/289/249 383/290/249
f 180/291/250 745/292/250 834/289/250 744/288/250
f 75/293/251 383/290/251 834/289/251 745/292/251
f 60/281/252 366/280/252 835/294/252 384/295/252
f 366/280/253 67/277/253 383/290/253 835/294/253
f 835/294/254 383/290/254 75/293/254 381/296/254
f 384/295/255 835/294/255 381/296/255 68/297/255
f 61/285/256 360/284/256 836/298/256 385/299/256
f 360/284/257 60/281/257 384/295/257 836/298/257
f 836/298/258 384/295/258 68/297/258 375/300/258
f 385/299/259 836/298/259 375/300/259 69/301/259
f 62/257/260 361/287/260 837/302/260 386/303/260
f 361/287/261 61/285/261 385/299/261 837/302/261
f 837/302/262 385/299/262 69/301/262 376/304/262
f 386/303/263 837/302/263 376/304/263 70/305/263
f 63/259/264 362/258/264 838/306/264 387/307/264
f 362/258/265 62/257/265 386/303/265 838/306/265
f 838/306/266 386/303/266 70/305/266 377/308/266
f 387/307/267 838/306/267 377/308/267 71/309/267
f 64/263/268 363/262/268 839/310/268 388/311/268
f 363/262/269 63/259/269 387/307/269 839/310/269
f 839/310/270 387/307/270 71/309/270 378/312/270
f 388/311/271 839/310/271 378/312/271 72/313/271
f 65/267/272 364/266/272 840/314/272 389/315/272
f 364/266/273 64/263/273 388/311/273 840/314/273
f 840/314/274 388/311/274 72/313/274 379/316/274
f 389/315/275 840/314/275 379/316/275 73/317/275
f 66/271/276 365/270/276 841/318/276 382/319/276
f 365/270/277 65/267/277 389/315/277 841/318/277
f 841/318/278 389/315/278 73/317/278 380/320/278
f 382/319/279 841/318/279 380/320/279 74/321/279
f 72/313/280 378/312/280 842/322/280 397/323/280
f 378/312/281 71/309/281 398/324/281 842/322/281
f 842/322/282 398/324/282 79/325/282 393/326/282
f 397/323/283 842/322/283 393/326/283 80/327/283
f 73/317/284 379/316/284 843/328/284 399/329/284
f 379/316/285 72/313/285 397/323/285 843/328/285
f 843/328/286 397/323/286 80/327/286 394/330/286
f 399/329/287 843/328/287 394/330/287 81/331/287
f 74/321/288 380/320/288 844/332/288 400/333/288
f 380/320/289 73/317/289 399/329/289 844/332/289
f 844/332/290 399/329/290 81/331/290 395/334/290
f 400/333/291 844/332/291 395/334/291 82/335/291
f 75/293/292 745/336/292 845/337/292 401/338/292
f 180/339/293 746/340/293 845/337/293 745/336/293
f 83/341/294 401/338/294 845/337/294 746/340/294
f 68/297/295 381/296/295 846/342/295 402/343/295
f 381/296/296 75/293/296 401/338/296 846/342/296
f 846/342/297 401/338/297 83/341/297 396/344/297
f 402/343/298 846/342/298 396/344/298 76/345/298
f 69/301/299 375/300/299 847/346/299 403/347/299
f 375/300/300 68/297/300 402/343/300 847/346/300
f 847/346/301 402/343/301 76/345/301 390/348/301
f 403/347/302 847/346/302 390/348/302 77/349/302
f 70/305/303 376/304/303 848/350/303 404/351/303
f 376/304/304 69/301/304 403/347/304 848/350/304
f 848/350/305 403/347/305 77/349/305 391/352/305
f 404/351/306 848/350/306 391/352/306 78/353/306
f 71/309/307 377/308/307 849/354/307 398/324/307
f 377/308/308 70/305/308 404/351/308 849/354/308
f 849/354/309 404/351/309 78/353/309 392/355/309
f 398/324/310 849/354/310 392/355/310 79/325/310
f 76/345/311 396/344/311 850/356/311 412/357/311
f 396/344/312 83/341/312 413/358/312 850/356/312
f 850/356/313 413/358/313 91/359/313 411/360/313
f 412/357/314 850/356/314 411/360/314 84/361/314
f 77/349/315 390/348/315 851/362/315 414/363/315
f 390/348/316 76/345/316 412/357/316 851/362/316
f 851/362/317 412/357/317 84/361/317 405/364/317
f 414/363/318 851/362/318 405/364/318 85/365/318
f 78/353/319 391/352/319 852/366/319 415/367/319
f 391/352/320 77/349/320 414/363/320 852/366/320
f 852/366/321 414/363/321 85/365/321 406/368/321
f 415/367/322 852/366/322 406/368/322 86/369/322
f 79/325/323 392/355/323 853/370/323 416/371/323
f 392/355/324 78/353/324 415/367/324 853/370/324
f 853/370/325 415/367/325 86/369/325 407/372/325
f 416/371/326 853/370/326 407/372/326 87/373/326
f 80/327/327 393/326/327 854/374/327 417/375/327
f 393/326/328 79/325/328 416/371/328 854/374/328
f 854/374/329 416/371/329 87/373/329 408/376/329
f 417/375/330 854/374/330 408/376/330 88/377/330
f 81/331/331 394/330/331 855/378/331 418/379/331
f 394/330/332 80/327/332 417/375/332 855/378/332
f 855/378/333 417/375/333 88/377/333 409/380/333
f 418/379/334 855/378/334 409/380/334 89/381/334
f 82/335/335 395/334/335 856/382/335 419/383/335
f 395/334/336 81/331/336 418/379/336 856/382/336
f 856/382/337 418/379/337 89/381/337 410/384/337
f 419/383/338 856/382/338 410/384/338 90/385/338
f 83/341/339 746/386/339 857/387/339 413/358/339
f 180/388/340 747/389/340 857/387/340 746/386/340
f 91/359/341 413/358/341 857/387/341 747/389/341
f 89/381/342 409/380/342 858/390/342 427/391/342
f 409/380/343 88/377/343 428/392/343 858/390/343
f 858/390/344 428/392/344 96/393/344 424/394/344
f 427/391/345 858/390/345 424/394/345 97/395/345
f 90/385/346 410/384/346 859/396/346 429/397/346
f 410/384/347 89/381/347 427/391/347 859/396/347
f 859/396/348 427/391/348 97/395/348 425/398/348
f 429/397/349 859/396/349 425/398/349 98/399/349
f 91/359/350 747/400/350 860/401/350 430/402/350
f 180/403/351 748/404/351 860/401/351 747/400/351
f 99/405/352 430/402/352 860/401/352 748/404/352
f 84/361/353 411/360/353 861/406/353 431/407/353
f 411/360/354 91/359/354 430/402/354 861/406/354
f 861/406/355 430/402/355 99/405/355 426/408/355
f 431/407/356 861/406/356 426/408/356 92/409/356
f 85/365/357 405/364/357 862/410/357 432/411/357
f 405/364/358 84/361/358 431/407/358 862/410/358
f 862/410/359 431/407/359 92/409/359 420/412/359
f 432/411/360 862/410/360 420/412/360 93/413/360
f 86/369/361 406/368/361 863/414/361 433/415/361
f 406/368/362 85/365/362 432/411/362 863/414/362
f 863/414/363 432/411/363 93/413/363 421/416/363
f 433/415/364 863/414/364 421/416/364 94/417/364
f 87/373/365 407/372/365 864/418/365 434/419/365
f 407/372/366 86/369/366 433/415/366 864/418/366
f 864/418/367 433/415/367 94/417/367 422/420/367
f 434/419/368 864/418/368 422/420/368 95/421/368
f 88/377/369 408/376/369 865/422/369 428/392/369
f 408/376/370 87/373/370 434/419/370 865/422/370
f 865/422/371 434/419/371 95/421/371 423/423/371
f 428/392/372 865/422/372 423/423/372 96/393/372
f 93/413/373 420/412/373 866/424/373 442/425/373
f 420/412/374 92/409/374 443/426/374 866/424/374
f 866/424/375 443/426/375 100/427/375 435/428/375
f 442/425/376 866/424/376 435/428/376 101/429/376
f 94/417/377 421/416/377 867/430/377 444/431/377
f 421/416/378 93/413/378 442/425/378 867/430/378
f 867/430/379 442/425/379 101/429/379 436/432/379
f 444/431/380 867/430/380 436/432/380 102/433/380
f 95/421/381 422/420/381 868/434/381 445/435/381
f 422/420/382 94/417/382 444/431/382 868/434/382
f 868/434/383 444/431/383 102/433/383 437/436/383
f 445/435/384 868/434/384 437/436/384 103/437/384
f 96/393/385 423/423/385 869/438/385 446/439/385
f 423/423/386 95/421/386 445/435/386 869/438/386
f 869/438/387 445/435/387 103/437/387 438/440/387
f 446/439/388 869/438/388 438/440/388 104/441/388
f 97/395/389 424/394/389 870/442/389 447/443/389
f 424/394/390 96/393/390 446/439/390 870/442/390
f 870/442/391 446/439/391 104/441/391 439/444/391
f 447/443/392 870/442/392 439/444/392 105/445/392
f 98/399/393 425/398/393 871/446/393 448/447/393
f 425/398/394 97/395/394 447/443/394 871/446/394
f 871/446/395 447/443/395 105/445/395 440/448/395
f 448/447/396 871/446/396 440/448/396 106/449/396
f 99/405/397 748/450/397 872/451/397 449/452/397
f 180/453/398 749/454/398 872/451/398 748/450/398
f 107/455/399 449/452/399 872/451/399 749/454/399
f 92/409/400 426/408/400 873/456/400 443/426/400
f 426/408/401 99/405/401 449/452/401 873/456/401
f 873/456/402 449/452/402 107/455/402 441/457/402
f 443/426/403 873/456/403 441/457/403 100/427/403
f 105/445/404 439/444/404 874/458/404 457/459/404
f 439/444/405 104/441/405 458/460/405 874/458/405
f 874/458/406 458/460/406 112/461/406 454/462/406
f 457/459/407 874/458/407 454/462/407 113/463/407
f 106/449/408 440/448/408 875/464/408 459/465/408
f 440/448/409 105/445/409 457/459/409 875/464/409
f 875/464/410 457/459/410 113/463/410 455/466/410
f 459/465/411 875/464/411 455/466/411 114/467/411
f 107/455/412 749/468/412 876/469/412 460/470/412
f 180/471/413 750/472/413 876/469/413 749/468/413
f 115/473/414 460/470/414 876/469/414 750/472/414
f 100/427/415 441/457/415 877/474/415 461/475/415
f 441/457/416 107/455/416 460/470/416 877/474/416
f 877/474/417 460/470/417 115/473/417 456/476/417
f 461/475/418 877/474/418 456/476/418 108/477/418
f 101/429/419 435/428/419 878/478/419 462/479/419
f 435/428/420 100/427/420 461/475/420 878/478/420
f 878/478/421 461/475/421 108/477/421 450/480/421
f 462/479/422 878/478/422 450/480/422 109/481/422
f 102/433/423 436/432/423 879/482/423 463/483/423
f 436/432/424 101/429/424 462/479/424 879/482/424
f 879/482/425 462/479/425 109/481/425 451/484/425
f 463/483/426 879/482/426 451/484/426 110/485/426
f 103/437/427 437/436/427 880/486/427 464/487/427
f 437/436/428 102/433/428 463/483/428 880/486/428
f 880/486/429 463/483/429 110/485/429 452/488/429
f 464/487/430 880/486/430 452/488/430 111/489/430
f 104/441/431 438/440/431 881/490/431 458/460/431
f 438/440/432 103/437/432 464/487/432 881/490/432
f 881/490/433 464/487/433 111/489/433 453/491/433
f 458/460/434 881/490/434 453/491/434 112/461/434
f 110/485/435 451/484/435 882/492/435 472/493/435
f 451/484/436 109/481/436 473/494/436 882/492/436
f 882/492/437 473/494/437 117/495/437 466/496/437
f 472/493/438 882/492/438 466/496/438 118/497/438
f 111/489/439 452/488/439 883/498/439 474/499/439
f 452/488/440 110/485/440 472/493/440 883/498/440
f 883/498/441 472/493/441 118/497/441 467/500/441
f 474/499/442 883/498/442 467/500/442 119/501/442
f 112/461/443 453/491/443 884/502/443 475/503/443
f 453/491/444 111/489/444 474/499/444 884/502/444
f 884/502/445 474/499/445 119/501/445 468/504/445
f 475/503/446 884/502/446 468/504/446 120/505/446
f 113/463/447 454/462/447 885/506/447 476/507/447
f 454/462/448 112/461/448 475/503/448 885/506/448
f 885/506/449 475/503/449 120/505/449 469/508/449
f 476/507/450 885/506/450 469/508/450 121/509/450
f 114/467/451 455/466/451 886/510/451 477/511/451
f 455/466/452 113/463/452 476/507/452 886/510/452
f 886/510/453 476/507/453 121/509/453 470/512/453
f 477/511/454 886/510/454 470/512/454 122/513/454
f 115/473/455 750/514/455 887/515/455 478/516/455
f 180/517/456 751/518/456 887/515/456 750/514/456
f 123/519/457 478/516/457 887/515/457 751/518/457
f 108/477/458 456/476/458 888/520/458 479/521/458
f 456/476/459 115/473/459 478/516/459 888/520/459
f 888/520/460 478/516/460 123/519/460 471/522/460
f 479/521/461 888/520/461 471/522/461 116/523/461
f 109/481/462 450/480/462 889/524/462 473/494/462
f 450/480/463 108/477/463 479/521/463 889/524/463
f 889/524/464 479/521/464 116/523/464 465/525/464
f 473/494/465 889/524/465 465/525/465 117/495/465
f 122/513/466 470/512/466 890/526/466 487/527/466
f 470/512/467 121/509/467 488/528/467 890/526/467
f 890/526/468 488/528/468 129/529/468 485/530/468
f 487/527/469 890/526/469 485/530/469 130/531/469
f 123/519/470 751/532/470 891/533/470 489/534/470
f 180/535/471 752/536/471 891/533/471 751/532/471
f 131/537/472 489/534/472 891/533/472 752/536/472
f 116/523/473 471/522/473 892/538/473 490/539/473
f 471/522/474 123/519/474 489/534/474 892/538/474
f 892/538/475 489/534/475 131/537/475 486/540/475
f 490/539/476 892/538/476 486/540/476 124/541/476
f 117/495/477 465/525/477 893/542/477 491/543/477
f 465/525/478 116/523/478 490/539/478 893/542/478
f 893/542/479 490/539/479 124/541/479 480/544/479
f 491/543/480 893/542/480 480/544/480 125/545/480
f 118/497/481 466/496/481 894/546/481 492/547/481
f 466/496/482 117/495/482 491/543/482 894/546/482
f 894/546/483 491/543/483 125/545/483 481/548/483
f 492/547/484 894/546/484 481/548/484 126/549/484
f 119/501/485 467/500/485 895/550/485 493/551/485
f 467/500/486 118/497/486 492/547/486 895/550/486
f 895/550/487 492/547/487 126/549/487 482/552/487
f 493/551/488 895/550/488 482/552/488 127/553/488
f 120/505/489 468/504/489 896/554/489 494/555/489
f 468/504/490 119/501/490 493/551/490 896/554/490
f 896/554/491 493/551/491 127/553/491 483/556/491
f 494/555/492 896/554/492 483/556/492 128/557/492
f 121/509/493 469/508/493 897/558/493 488/528/493
f 469/508/494 120/505/494 494/555/494 897/558/494
f 897/558/495 494/555/495 128/557/495 484/559/495
f 488/528/496 897/558/496 484/559/496 129/529/496
f 126/549/497 481/548/497 898/560/497 502/561/497
f 481/548/498 125/545/498 503/562/498 898/560/498
f 898/560/499 503/562/499 133/563/499 496/564/499
f 502/561/500 898/560/500 496/564/500 134/565/500
f 127/553/501 482/552/501 899/566/501 504/567/501
f 482/552/502 126/549/502 502/561/502 899/566/502
f 899/566/503 502/561/503 134/565/503 497/568/503
f 504/567/504 899/566/504 497/568/504 135/569/504
f 128/557/505 483/556/505 900/570/505 505/571/505
f 483/556/506 127/553/506 504/567/506 900/570/506
f 900/570/507 504/567/507 135/569/507 498/572/507
f 505/571/508 900/570/508 498/572/508 136/573/508
f 129/529/509 484/559/509 901/574/509 506/575/509
f 484/559/510 128/557/510 505/571/510 901/574/510
f 901/574/511 505/571/511 136/573/511 499/576/511
f 506/575/512 901/574/512 499/576/512 137/577/512
f 130/531/513 485/530/513 902/578/513 507/579/513
f 485/530/514 129/529/514 506/575/514 902/578/514
f 902/578/515 506/575/515 137/577/515 500/580/515
f 507/579/516 902/578/516 500/580/516 138/581/516
f 131/537/517 752/582/517 903/583/517 508/584/517
f 180/585/518 753/586/518 903/583/518 752/582/518
f 139/587/519 508/584/519 903/583/519 753/586/519
f 124/541/520 486/540/520 904/588/520 509/589/520
f 486/540/521 131/537/521 508/584/521 904/588/521
f 904/588/522 508/584/522 139/587/522 501/590/522
f 509/589/523 904/588/523 501/590/523 132/591/523
f 125/545/524 480/544/524 905/592/524 503/562/524
f 480/544/525 124/541/525 509/589/525 905/592/525
f 905/592/526 509/589/526 132/591/526 495/593/526
f 503/562/527 905/592/527 495/593/527 133/563/527
f 138/581/528 500/580/528 906/594/528 517/595/528
f 500/580/529 137/577/529 518/596/529 906/594/529
f 906/594/530 518/596/530 145/597/530 515/598/530
f 517/595/531 906/594/531 515/598/531 146/599/531
f 139/587/532 753/600/532 907/601/532 519/602/532
f 180/603/533 754/604/533 907/601/533 753/600/533
f 147/605/534 519/602/534 907/601/534 754/604/534
f 132/591/535 501/590/535 908/606/535 520/607/535
f 501/590/536 139/587/536 519/602/536 908/606/536
f 908/606/537 519/602/537 147/605/537 516/608/537
f 520/607/538 908/606/538 516/608/538 140/609/538
f 133/563/539 495/593/539 909/610/539 521/611/539
f 495/593/540 132/591/540 520/607/540 909/610/540
f 909/610/541 520/607/541 140/609/541 510/612/541
f 521/611/542 909/610/542 510/612/542 141/613/542
f 134/565/543 496/564/543 910/614/543 522/615/543
f 496/564/544 133/563/544 521/611/544 910/614/544
f 910/614/545 521/611/545 141/613/545 511/616/545
f 522/615/546 910/614/546 511/616/546 142/617/546
f 135/569/547 497/568/547 911/618/547 523/619/547
f 497/568/548 134/565/548 522/615/548 911/618/548
f 911/618/549 522/615/549 142/617/549 512/620/549
f 523/619/550 911/618/550 512/620/550 143/621/550
f 136/573/551 498/572/551 912/622/551 524/623/551
f 498/572/552 135/569/552 523/619/552 912/622/552
f 912/622/553 523/619/553 143/621/553 513/624/553
f 524/623/554 912/622/554 513/624/554 144/625/554
f 137/577/555 499/576/555 913/626/555 518/596/555
f 499/576/556 136/573/556 524/623/556 913/626/556
f 913/626/557 524/623/557 144/625/557 514/627/557
f 518/596/558 913/626/558 514/627/558 145/597/558
f 143/621/559 512/620/559 914/628/559 532/629/559
f 512/620/560 142/617/560 533/630/560 914/628/560
f 914/628/561 533/630/561 150/631/561 527/632/561
f 532/629/562 914/628/562 527/632/562 151/633/562
f 144/625/563 513/624/563 915/634/563 534/635/563
f 513/624/564 143/621/564 532/629/564 915/634/564
f 915/634/565 532/629/565 151/633/565 528/636/565
f 534/635/566 915/634/566 528/636/566 152/637/566
f 145/597/567 514/627/567 916/638/567 535/639/567
f 514/627/568 144/625/568 534/635/568 916/638/568
f 916/638/569 534/635/569 152/637/569 529/640/569
f 535/639/570 916/638/570 529/640/570 153/641/570
f 146/599/571 515/598/571 917/642/571 536/643/571
f 515/598/572 145/597/572 535/639/572 917/642/572
f 917/642/573 535/639/573 153/641/573 530/644/573
f 536/643/574 917/642/574 530/644/574 154/645/574
f 147/605/575 754/646/575 918/647/575 537/648/575
f 180/649/576 755/650/576 918/647/576 754/646/576
f 155/651/577 537/648/577 918/647/577 755/650/577
f 140/609/578 516/608/578 919/652/578 538/653/578
f 516/608/579 147/605/579 537/648/579 919/652/579
f 919/652/580 537/648/580 155/651/580 531/654/580
f 538/653/581 919/652/581 531/654/581 148/655/581
f 141/613/582 510/612/582 920/656/582 539/657/582
f 510/612/583 140/609/583 538/653/583 920/656/583
f 920/656/584 538/653/584 148/655/584 525/658/584
f 539/657/585 920/656/585 525/658/585 149/659/585
f 142/617/586 511/616/586 921/660/586 533/630/586
f 511/616/587 141/613/587 539/657/587 921/660/587
f 921/660/588 539/657/588 149/659/588 526/661/588
f 533/630/589 921/660/589 526/661/589 150/631/589
f 155/651/590 755/662/590 922/663/590 548/664/590
f 180/665/591 756/666/591 922/663/591 755/662/591
f 163/667/592 548/664/592 922/663/592 756/666/592
f 148/655/593 531/654/593 923/668/593 549/669/593
f 531/654/594 155/651/594 548/664/594 923/668/594
f 923/668/595 548/664/595 163/667/595 546/670/595
f 549/669/596 923/668/596 546/670/596 156/671/596
f 149/659/597 525/658/597 924/672/597 550/673/597
f 525/658/598 148/655/598 549/669/598 924/672/598
f 924/672/599 549/669/599 156/671/599 540/674/599
f 550/673/600 924/672/600 540/674/600 157/675/600
f 150/631/601 526/661/601 925/676/601 551/677/601
f 526/661/602 149/659/602 550/673/602 925/676/602
f 925/676/603 550/673/603 157/675/603 541/678/603
f 551/677/604 925/676/604 541/678/604 158/679/604
f 151/633/605 527/632/605 926/680/605 552/681/605
f 527/632/606 150/631/606 551/677/606 926/680/606
f 926/680/607 551/677/607 158/679/607 542/682/607
f 552/681/608 926/680/608 542/682/608 159/683/608
f 152/637/609 528/636/609 927/684/609 553/685/609
f 528/636/610 151/633/610 552/681/610 927/684/610
f 927/684/611 552/681/611 159/683/611 543/686/611
f 553/685/612 927/684/612 543/686/612 160/687/612
f 153/641/613 529/640/613 928/688/613 554/689/613
f 529/640/614 152/637/614 553/685/614 928/688/614
f 928/688/615 553/685/615 160/687/615 544/690/615
f 554/689/616 928/688/616 544/690/616 161/691/616
f 154/645/617 530/644/617 929/692/617 547/693/617
f 530/644/618 153/641/618 554/689/618 929/692/618
f 929/692/619 554/689/619 161/691/619 545/694/619
f 547/693/620 929/692/620 545/694/620 162/695/620
f 160/687/621 543/686/621 930/696/621 562/697/621
f 543/686/622 159/683/622 563/698/622 930/696/622
f 930/696/623 563/698/623 167/699/623 558/700/623
f 562/697/624 930/696/624 558/700/624 168/701/624
f 161/691/625 544/690/625 931/702/625 564/703/625
f 544/690/626 160/687/626 562/697/626 931/702/626
f 931/702/627 562/697/627 168/701/627 559/704/627
f 564/703/628 931/702/628 559/704/628 169/705/628
f 162/695/629 545/694/629 932/706/629 565/707/629
f 545/694/630 161/691/630 564/703/630 932/706/630
f 932/706/631 564/703/631 169/705/631 560/708/631
f 565/707/632 932/706/632 560/708/632 170/709/632
f 163/667/633 756/710/633 933/711/633 566/712/633
f 180/713/634 757/714/634 933/711/634 756/710/634
f 171/715/635 566/712/635 933/711/635 757/714/635
f 156/671/636 546/670/636 934/716/636 567/717/636
f 546/670/637 163/667/637 566/712/637 934/716/637
f 934/716/638 566/712/638 171/715/638 561/718/638
f 567/717/639 934/716/639 561/718/639 164/719/639
f 157/675/640 540/674/640 935/720/640 568/721/640
f 540/674/641 156/671/641 567/717/641 935/720/641
f 935/720/642 567/717/642 164/719/642 555/722/642
f 568/721/643 935/720/643 555/722/643 165/723/643
f 158/679/644 541/678/644 936/724/644 569/725/644
f 541/678/645 157/675/645 568/721/645 936/724/645
f 936/724/646 568/721/646 165/723/646 556/726/646
f 569/725/647 936/724/647 556/726/647 166/727/647
f 159/683/648 542/682/648 937/728/648 563/698/648
f 542/682/649 158/679/649 569/725/649 937/728/649
f 937/728/650 569/725/650 166/727/650 557/729/650
f 563/698/651 937/728/651 557/729/651 167/699/651
f 171/715/652 757/730/652 938/731/652 578/732/652
f 180/733/653 570/734/653 938/731/653 757/730/653
f 179/735/654 578/732/654 938/731/654 570/734/654
f 164/719/655 561/718/655 939/736/655 579/737/655
f 561/718/656 171/715/656 578/732/656 939/736/656
f 939/736/657 578/732/657 179/735/657 577/738/657
f 579/737/658 939/736/658 577/738/658 172/739/658
f 165/723/659 555/722/659 940/740/659 580/741/659
f 555/722/660 164/719/660 579/737/660 940/740/660
f 940/740/661 579/737/661 172/739/661 571/742/661
f 580/741/662 940/740/662 571/742/662 173/743/662
f 166/727/663 556/726/663 941/744/663 581/745/663
f 556/726/664 165/723/664 580/741/664 941/744/664
f 941/744/665 580/741/665 173/743/665 572/746/665
f 581/745/666 941/744/666 572/746/666 174/747/666
f 167/699/667 557/729/667 942/748/667 582/749/667
f 557/729/668 166/727/668 581/745/668 942/748/668
f 942/748/669 581/745/669 174/747/669 573/750/669
f 582/749/670 942/748/670 573/750/670 175/751/670
f 168/701/671 558/700/671 943/752/671 583/753/671
f 558/700/672 167/699/672 582/749/672 943/752/672
f 943/752/673 582/749/673 175/751/673 574/754/673
f 583/753/674 943/752/674 574/754/674 176/755/674
f 169/705/675 559/704/675 944/756/675 584/757/675
f 559/704/676 168/701/676 583/753/676 944/756/676
f 944/756/677 583/753/677 176/755/677 575/758/677
f 584/757/678 944/756/678 575/758/678 177/759/678
f 170/709/679 560/708/679 945/760/679 585/761/679
f 560/708/680 169/705/680 584/757/680 945/760/680
f 945/760/681 584/757/681 177/759/681 576/762/681
f 585/761/682 945/760/682 576/762/682 178/763/682
f 176/755/683 574/754/683 946/764/683 593/765/683
f 574/754/684 175/751/684 594/766/684 946/764/684
f 946/764/685 594/766/685 184/767/685 589/768/685
f 593/765/686 946/764/686 589/768/686 185/769/686
f 177/759/687 575/758/687 947/770/687 595/771/687
f 575/758/688 176/755/688 593/765/688 947/770/688
f 947/770/689 593/765/689 185/769/689 590/772/689
f 595/771/690 947/770/690 590/772/690 186/773/690
f 178/763/691 576/762/691 948/774/691 596/775/691
f 576/762/692 177/759/692 595/771/692 948/774/692
f 948/774/693 595/771/693 186/773/693 591/776/693
f 596/775/694 948/774/694 591/776/694 187/777/694
f 179/735/695 570/778/695 949/779/695 597/780/695
f 180/781/696 758/782/696 949/779/696 570/778/696
f 188/783/697 597/780/697 949/779/697 758/782/697
f 172/739/698 577/738/698 950/784/698 598/785/698
f 577/738/699 179/735/699 597/780/699 950/784/699
f 950/784/700 597/780/700 188/783/700 592/786/700
f 598/785/701 950/784/701 592/786/701 181/787/701
f 173/743/702 571/742/702 951/788/702 599/789/702
f 571/742/703 172/739/703 598/785/703 951/788/703
f 951/788/704 598/785/704 181/787/704 586/790/704
f 599/789/705 951/788/705 586/790/705 182/791/705
f 174/747/706 572/746/706 952/792/706 600/793/706
f 572/746/707 173/743/707 599/789/707 952/792/707
f 952/792/708 599/789/708 182/791/708 587/794/708
f 600/793/709 952/792/709 587/794/709 183/795/709
f 175/751/710 573/750/710 953/796/710 594/766/710
f 573/750/711 174/747/711 600/793/711 953/796/711
f 953/796/712 600/793/712 183/795/712 588/797/712
f 594/766/713 953/796/713 588/797/713 184/767/713
f 182/791/714 586/790/714 954/798/714 608/799/714
f 586/790/715 181/787/715 609/800/715 954/798/715
f 954/798/716 609/800/716 189/801/716 601/802/716
f 608/799/717 954/798/717 601/802/717 190/803/717
f 183/795/718 587/794/718 955/804/718 610/805/718
f 587/794/719 182/791/719 608/799/719 955/804/719
f 955/804/720 608/799/720 190/803/720 602/806/720
f 610/805/721 955/804/721 602/806/721 191/807/721
f 184/767/722 588/797/722 956/808/722 611/809/722
f 588/797/723 183/795/723 610/805/723 956/808/723
f 956/808/724 610/805/724 191/807/724 603/810/724
f 611/809/725 956/808/725 603/810/725 192/811/725
f 185/769/726 589/768/726 957/812/726 612/813/726
f 589/768/727 184/767/727 611/809/727 957/812/727
f 957/812/728 611/809/728 192/811/728 604/814/728
f 612/813/729 957/812/729 604/814/729 193/815/729
f 186/773/730 590/772/730 958/816/730 613/817/730
f 590/772/731 185/769/731 612/813/731 958/816/731
f 958/816/732 612/813/732 193/815/732 605/818/732
f 613/817/733 958/816/733 605/818/733 194/819/733
f 187/777/734 591/776/734 959/820/734 614/821/734
f 591/776/735 186/773/735 613/817/735 959/820/735
f 959/820/736 613/817/736 194/819/736 606/822/736
f 614/821/737 959/820/737 606/822/737 195/823/737
f 188/783/738 758/824/738 960/825/738 615/826/738
f 180/827/739 759/828/739 960/825/739 758/824/739
f 196/829/740 615/826/740 960/825/740 759/828/740
f 181/787/741 592/786/741 961/830/741 609/800/741
f 592/786/742 188/783/742 615/826/742 961/830/742
f 961/830/743 615/826/743 196/829/743 607/831/743
f 609/800/744 961/830/744 607/831/744 189/801/744
f 194/832/745 605/833/745 962/834/745 623/835/745
f 605/833/746 193/836/746 624/837/746 962/834/746
f 962/834/747 624/837/747 201/838/747 620/839/747
f 623/835/748 962/834/748 620/839/748 202/840/748
f 195/841/749 606/842/749 963/843/749 625/844/749
f 606/842/750 194/832/750 623/835/750 963/843/750
f 963/843/751 623/835/751 202/840/751 621/845/751
f 625/844/752 963/843/752 621/845/752 203/846/752
f 196/847/753 759/848/753 964/849/753 626/850/753
f 180/851/754 760/852/754 964/849/754 759/848/754
f 204/853/755 626/850/755 964/849/755 760/852/755
f 189/854/756 607/855/756 965/856/756 627/857/756
f 607/855/757 196/847/757 626/850/757 965/856/757
f 965/856/758 626/850/758 204/853/758 622/858/758
f 627/857/759 965/856/759 622/858/759 197/859/759
f 190/860/760 601/861/760 966/862/760 628/863/760
f 601/861/761 189/854/761 627/857/761 966/862/761
f 966/862/762 627/857/762 197/859/762 616/864/762
f 628/863/763 966/862/763 616/864/763 198/865/763
f 191/866/764 602/867/764 967/868/764 629/869/764
f 602/867/765 190/860/765 628/863/765 967/868/765
f 967/868/766 628/863/766 198/865/766 617/870/766
f 629/869/767 967/868/767 617/870/767 199/871/767
f 192/872/768 603/873/768 968/874/768 630/875/768
f 603/873/769 191/866/769 629/869/769 968/874/769
f 968/874/770 629/869/770 199/871/770 618/876/770
f 630/875/771 968/874/771 618/876/771 200/877/771
f 193/836/772 604/878/772 969/879/772 624/837/772
f 604/878/773 192/872/773 630/875/773 969/879/773
f 969/879/774 630/875/774 200/877/774 619/880/774
f 624/837/775 969/879/775 619/880/775 201/838/775
f 198/865/776 616/864/776 970/881/776 638/882/776
f 616/864/777 197/859/777 639/883/777 970/881/777
f 970/881/778 639/883/778 205/884/778 631/885/778
f 638/882/779 970/881/779 631/885/779 206/886/779
f 199/871/780 617/870/780 971/887/780 640/888/780
f 617/870/781 198/865/781 638/882/781 971/887/781
f 971/887/782 638/882/782 206/886/782 632/889/782
f 640/888/783 971/887/783 632/889/783 207/890/783
f 200/877/784 618/876/784 972/891/784 641/892/784
f 618/876/785 199/871/785 640/888/785 972/891/785
f 972/891/786 640/888/786 207/890/786 633/893/786
f 641/892/787 972/891/787 633/893/787 208/894/787
f 201/838/788 619/880/788 973/895/788 642/896/788
f 619/880/789 200/877/789 641/892/789 973/895/789
f 973/895/790 641/892/790 208/894/790 634/897/790
f 642/896/791 973/895/791 634/897/791 209/898/791
f 202/840/792 620/839/792 974/899/792 643/900/792
f 620/839/793 201/838/793 642/896/793 974/899/793
f 974/899/794 642/896/794 209/898/794 635/901/794
f 643/900/795 974/899/795 635/901/795 210/902/795
f 203/846/796 621/845/796 975/903/796 644/904/796
f 621/845/797 202/840/797 643/900/797 975/903/797
f 975/903/798 643/900/798 210/902/798 636/905/798
f 644/904/799 975/903/799 636/905/799 211/906/799
f 204/853/800 760/907/800 976/908/800 645/909/800
f 180/910/801 761/911/801 976/908/801 760/907/801
f 212/912/802 645/909/802 976/908/802 761/911/802
f 197/859/803 622/858/803 977/913/803 639/883/803
f 622/858/804 204/853/804 645/909/804 977/913/804
f 977/913/805 645/909/805 212/912/805 637/914/805
f 639/883/806 977/913/806 637/914/806 205/884/806
f 210/902/807 635/901/807 978/915/807 653/916/807
f 635/901/808 209/898/808 654/917/808 978/915/808
f 978/915/809 654/917/809 217/918/809 650/919/809
f 653/916/810 978/915/810 650/919/810 218/920/810
f 211/906/811 636/905/811 979/921/811 655/922/811
f 636/905/812 210/902/812 653/916/812 979/921/812
f 979/921/813 653/916/813 218/920/813 651/923/813
f 655/922/814 979/921/814 651/923/814 219/924/814
f 212/912/815 761/925/815 980/926/815 656/927/815
f 180/928/816 762/929/816 980/926/816 761/925/816
f 220/930/817 656/927/817 980/926/817 762/929/817
f 205/884/818 637/914/818 981/931/818 657/932/818
f 637/914/819 212/912/819 656/927/819 981/931/819
f 981/931/820 656/927/820 220/930/820 652/933/820
f 657/932/821 981/931/821 652/933/821 213/934/821
f 206/886/822 631/885/822 982/935/822 658/936/822
f 631/885/823 205/884/823 657/932/823 982/935/823
f 982/935/824 657/932/824 213/934/824 646/937/824
f 658/936/825 982/935/825 646/937/825 214/938/825
f 207/890/826 632/889/826 983/939/826 659/940/826
f 632/889/827 206/886/827 658/936/827 983/939/827
f 983/939/828 658/936/828 214/938/828 647/941/828
f 659/940/829 983/939/829 647/941/829 215/942/829
f 208/894/830 633/893/830 984/943/830 660/944/830
f 633/893/831 207/890/831 659/940/831 984/943/831
f 984/943/832 659/940/832 215/942/832 648/945/832
f 660/944/833 984/943/833 648/945/833 216/946/833
f 209/898/834 634/897/834 985/947/834 654/917/834
f 634/897/835 208/894/835 660/944/835 985/947/835
f 985/947/836 660/944/836 216/946/836 649/948/836
f 654/917/837 985/947/837 649/948/837 217/918/837
f 215/942/838 647/941/838 986/949/838 668/950/838
f 647/941/839 214/938/839 669/951/839 986/949/839
f 986/949/840 669/951/840 222/952/840 662/953/840
f 668/950/841 986/949/841 662/953/841 223/954/841
f 216/946/842 648/945/842 987/955/842 670/956/842
f 648/945/843 215/942/843 668/950/843 987/955/843
f 987/955/844 668/950/844 223/954/844 663/957/844
f 670/956/845 987/955/845 663/957/845 224/958/845
f 217/918/846 649/948/846 988/959/846 671/960/846
f 649/948/847 216/946/847 670/956/847 988/959/847
f 988/959/848 670/956/848 224/958/848 664/961/848
f 671/960/849 988/959/849 664/961/849 225/962/849
f 218/920/850 650/919/850 989/963/850 672/964/850
f 650/919/851 217/918/851 671/960/851 989/963/851
f 989/963/852 671/960/852 225/962/852 665/965/852
f 672/964/853 989/963/853 665/965/853 226/966/853
f 219/924/854 651/923/854 990/967/854 673/968/854
f 651/923/855 218/920/855 672/964/855 990/967/855
f 990/967/856 672/964/856 226/966/856 666/969/856
f 673/968/857 990/967/857 666/969/857 227/970/857
f 220/930/858 762/971/858 991/972/858 674/973/858
f 180/974/859 763/975/859 991/972/859 762/971/859
f 228/976/860 674/973/860 991/972/860 763/975/860
f 213/934/861 652/933/861 992/977/861 675/978/861
f 652/933/862 220/930/862 674/973/862 992/977/862
f 992/977/863 674/973/863 228/976/863 667/979/863
f 675/978/864 992/977/864 667/979/864 221/980/864
f 214/938/865 646/937/865 993/981/865 669/951/865
f 646/937/866 213/934/866 675/978/866 993/981/866
f 993/981/867 675/978/867 221/980/867 661/982/867
f 669/951/868 993/981/868 661/982/868 222/952/868
f 227/970/869 666/969/869 994/983/869 683/984/869
f 666/969/870 226/966/870 684/985/870 994/983/870
f 994/983/871 684/985/871 234/986/871 681/987/871
f 683/984/872 994/983/872 681/987/872 235/988/872
f 228/976/873 763/989/873 995/990/873 685/991/873
f 180/992/874 764/993/874 995/990/874 763/989/874
f 236/994/875 685/991/875 995/990/875 764/993/875
f 221/980/876 667/979/876 996/995/876 686/996/876
f 667/979/877 228/976/877 685/991/877 996/995/877
f 996/995/878 685/991/878 236/994/878 682/997/878
f 686/996/879 996/995/879 682/997/879 229/998/879
f 222/952/880 661/982/880 997/999/880 687/1000/880
f 661/982/881 221/980/881 686/996/881 997/999/881
f 997/999/882 686/996/882 229/998/882 676/1001/882
f 687/1000/883 997/999/883 676/1001/883 230/1002/883
f 223/954/884 662/953/884 998/1003/884 688/1004/884
f 662/953/885 222/952/885 687/1000/885 998/1003/885
f 998/1003/886 687/1000/886 230/1002/886 677/1005/886
f 688/1004/887 998/1003/887 677/1005/887 231/1006/887
f 224/958/888 663/957/888 999/1007/888 689/1008/888
f 663/957/889 223/954/889 688/1004/889 999/1007/889
f 999/1007/890 688/1004/890 231/1006/890 678/1009/890
f 689/1008/891 999/1007/891 678/1009/891 232/1010/891
f 225/962/892 664/961/892 1000/1011/892 690/1012/892
f 664/961/893 224/958/893 689/1008/893 1000/1011/893
f 1000/1011/894 689/1008/894 232/1010/894 679/1013/894
f 690/1012/895 1000/1011/895 679/1013/895 233/1014/895
f 226/966/896 665/965/896 1001/1015/896 684/985/896
f 665/965/897 225/962/897 690/1012/897 1001/1015/897
f 1001/1015/898 690/1012/898 233/1014/898 680/1016/898
f 684/985/899 1001/1015/899 680/1016/899 234/986/899
f 232/1010/900 678/1009/900 1002/1017/900 698/1018/900
f 678/1009/901 231/1006/901 699/1019/901 1002/1017/901
f 1002/1017/902 699/1019/902 239/1020/902 693/1021/902
f 698/1018/903 1002/1017/903 693/1021/903 240/1022/903
f 233/1014/904 679/1013/904 1003/1023/904 700/1024/904
f 679/1013/905 232/1010/905 698/1018/905 1003/1023/905
f 1003/1023/906 698/1018/906 240/1022/906 694/1025/906
f 700/1024/907 1003/1023/907 694/1025/907 241/1026/907
f 234/986/908 680/1016/908 1004/1027/908 701/1028/908
f 680/1016/909 233/1014/909 700/1024/909 1004/1027/909
f 1004/1027/910 700/1024/910 241/1026/910 695/1029/910
f 701/1028/911 1004/1027/911 695/1029/911 242/1030/911
f 235/988/912 681/987/912 1005/1031/912 702/1032/912
f 681/987/913 234/986/913 701/1028/913 1005/1031/913
f 1005/1031/914 701/1028/914 242/1030/914 696/1033/914
f 702/1032/915 1005/1031/915 696/1033/915 243/1034/915
f 236/994/916 764/1035/916 1006/1036/916 703/1037/916
f 180/1038/917 765/1039/917 1006/1036/917 764/1035/917
f 244/1040/918 703/1037/918 1006/1036/918 765/1039/918
f 229/998/919 682/997/919 1007/1041/919 704/1042/919
f 682/997/920 236/994/920 703/1037/920 1007/1041/920
f 1007/1041/921 703/1037/921 244/1040/921 697/1043/921
f 704/1042/922 1007/1041/922 697/1043/922 237/1044/922
f 230/1002/923 676/1001/923 1008/1045/923 705/1046/923
f 676/1001/924 229/998/924 704/1042/924 1008/1045/924
f 1008/1045/925 704/1042/925 237/1044/925 691/1047/925
f 705/1046/926 1008/1045/926 691/1047/926 238/1048/926
f 231/1006/927 677/1005/927 1009/1049/927 699/1019/927
f 677/1005/928 230/1002/928 705/1046/928 1009/1049/928
f 1009/1049/929 705/1046/929 238/1048/929 692/1050/929
f 699/1019/930 1009/1049/930 692/1050/930 239/1020/930
f 244/1040/931 765/1051/931 1010/1052/931 714/1053/931
f 180/1054/932 766/1055/932 1010/1052/932 765/1051/932
f 252/1056/933 714/1053/933 1010/1052/933 766/1055/933
f 237/1044/934 697/1043/934 1011/1057/934 715/1058/934
f 697/1043/935 244/1040/935 714/1053/935 1011/1057/935
f 1011/1057/936 714/1053/936 252/1056/936 712/1059/936
f 715/1058/937 1011/1057/937 712/1059/937 245/1060/937
f 238/1048/938 691/1047/938 1012/1061/938 716/1062/938
f 691/1047/939 237/1044/939 715/1058/939 1012/1061/939
f 1012/1061/940 715/1058/940 245/1060/940 706/1063/940
f 716/1062/941 1012/1061/941 706/1063/941 246/1064/941
f 239/1020/942 692/1050/942 1013/1065/942 717/1066/942
f 692/1050/943 238/1048/943 716/1062/943 1013/1065/943
f 1013/1065/944 716/1062/944 246/1064/944 707/1067/944
f 717/1066/945 1013/1065/945 707/1067/945 247/1068/945
f 240/1022/946 693/1021/946 1014/1069/946 718/1070/946
f 693/1021/947 239/1020/947 717/1066/947 1014/1069/947
f 1014/1069/948 717/1066/948 247/1068/948 708/1071/948
f 718/1070/949 1014/1069/949 708/1071/949 248/1072/949
f 241/1026/950 694/1025/950 1015/1073/950 719/1074/950
f 694/1025/951 240/1022/951 718/1070/951 1015/1073/951
f 1015/1073/952 718/1070/952 248/1072/952 709/1075/952
f 719/1074/953 1015/1073/953 709/1075/953 249/1076/953
f 242/1030/954 695/1029/954 1016/1077/954 720/1078/954
f 695/1029/955 241/1026/955 719/1074/955 1016/1077/955
f 1016/1077/956 719/1074/956 249/1076/956 710/1079/956
f 720/1078/957 1016/1077/957 710/1079/957 250/1080/957
f 243/1034/958 696/1033/958 1017/1081/958 713/1082/958
f 696/1033/959 242/1030/959 720/1078/959 1017/1081/959
f 1017/1081/960 720/1078/960 250/1080/960 711/1083/960
f 713/1082/961 1017/1081/961 711/1083/961 251/1084/961
f 248/1072/962 708/1071/962 1018/1085/962 767/1086/962
f 708/1071/963 247/1068/963 724/1087/963 1018/1085/963
f 1018/1085/964 724/1087/964 255/12/964 731/10/964
f 767/1086/965 1018/1085/965 731/10/965 10/5/965
f 249/1076/966 709/1075/966 1019/1088/966 768/1089/966
f 709/1075/967 248/1072/967 767/1086/967 1019/1088/967
f 1019/1088/968 767/1086/968 10/5/968 265/2/968
f 768/1089/969 1019/1088/969 265/2/969 9/1/969
f 250/1080/970 710/1079/970 1020/1090/970 769/1091/970
f 710/1079/971 249/1076/971 768/1089/971 1020/1090/971
f 1020/1090/972 768/1089/972 9/1/972 264/47/972
f 769/1091/973 1020/1090/973 264/47/973 8/42/973
f 251/1084/974 711/1083/974 1021/1092/974 725/1093/974
f 711/1083/975 250/1080/975 769/1091/975 1021/1092/975
f 1021/1092/976 769/1091/976 8/42/976 730/39/976
f 725/1093/977 1021/1092/977 730/39/977 256/38/977
f 252/1056/978 766/1094/978 1022/1095/978 726/1096/978
f 180/1097/979 732/1098/979 1022/1095/979 766/1094/979
f 257/30/980 726/1096/980 1022/1095/980 732/1098/980
f 245/1060/981 712/1059/981 1023/1099/981 727/1100/981
f 712/1059/982 252/1056/982 726/1096/982 1023/1099/982
f 1023/1099/983 726/1096/983 257/30/983 723/28/983
f 727/1100/984 1023/1099/984 723/28/984 253/24/984
f 246/1064/985 706/1063/985 1024/1101/985 728/1102/985
f 706/1063/986 245/1060/986 727/1100/986 1024/1101/986
f 1024/1101/987 727/1100/987 253/24/987 721/22/987
f 728/1102/988 1024/1101/988 721/22/988 254/18/988
f 247/1068/989 707/1067/989 1025/1103/989 724/1087/989
f 707/1067/990 246/1064/990 728/1102/990 1025/1103/990
f 1025/1103/991 728/1102/991 254/18/991 722/16/991
f 724/1087/992 1025/1103/992 722/16/992 255/12/992
g Cube_Cube
v 1.302214 0.324739 1.009896
v 0.657256 0.419157 0.031954
v 1.004277 -0.195058 0.243281
v 1.216024 0.188321 -0.234642
v 0.663162 0.462396 0.734548
v 1.545757 -0.088931 0.566973
v 1.692903 0.100652 0.050922
v 1.100714 0.930505 0.050292
v 1.395884 0.942674 0.605485
v 1.719857 0.746017 0.239264
vn -0.5334 -0.5286 -0.6604
vn 0.1887 -0.8051 -0.5623
vn -0.5002 0.8297 0.2478
vn -0.7544 0.6555 -0.0340
vn 0.9219 -0.0411 0.3852
vn -0.8755 -0.4819 0.0370
vn -0.3308 -0.7164 0.6143
vn 0.3246 -0.9141 -0.2433
vn -0.2244 0.5572 0.7995
vn 0.7879 0.2492 0.5632
vn 0.4419 0.3147 -0.8401
vn 0.3350 0.9211 -0.1983
vn -0.3075 0.2990 -0.9034
vt 0.550384 0.206938
vt 0.375000 0.305791
vt 0.375000 0.049496
vt 0.180791 0.500000
vt 0.330928 0.574320
vt 0.125000 0.700504
vt 0.804283 0.500000
vt 0.842867 0.681766
vt 0.658516 0.626313
vt 0.875000 0.500000
vt 0.501754 0.540833
vt 0.565165 0.799791
vt 0.325310 0.750000
vt 0.604031 0.069198
vt 0.375000 1.000000
vt 0.375000 0.799690
vt 0.578028 1.000000
vt 0.615335 0.592735
vt 0.589707 0.775249
vt 0.581909 0.353207
s 0
g Cube_Material
usemtl Material
f 1027/1104/993 1029/1105/993 1028/1106/993
f 1029/1107/994 1032/1108/994 1028/1109/994
f 1033/1110/995 1030/1111/995 1034/1112/995
f 1030/1111/996 1033/1110/996 1027/1113/996
f 1035/1114/997 1026/1115/997 1031/1116/997 1032/1108/997
f 1028/1106/998 1030/1117/998 1027/1104/998
f 1028/1118/999 1031/1119/999 1026/1115/999 1030/1120/999
f 1032/1108/1000 1031/1116/1000 1028/1109/1000
f 1034/1121/1001 1030/1111/1001 1026/1122/1001
f 1026/1115/1002 1035/1114/1002 1034/1121/1002
f 1035/1114/1003 1032/1108/1003 1029/1105/1003 1033/1123/1003
f 1035/1114/1004 1033/1123/1004 1034/1121/1004
f 1029/1105/1005 1027/1104/1005 1033/1123/1005
g Cube_Cube
v 0.729056 0.454142 0.455037
v 0.416853 0.856953 0.936230
v 0.668915 1.009887 0.610696
v 0.786713 0.986281 0.978160
v 0.363057 0.577310 0.627755
v 0.948341 0.771956 0.506459
v 1.052220 0.858025 0.817914
v 0.618579 0.562306 1.124789
v 0.747457 0.313307 0.875665
v 0.984490 0.494694 0.974166
vn -0.3423 0.9242 0.1691
vn 0.3996 0.9140 -0.0694
vn -0.6685 -0.6697 0.3235
vn -0.8498 -0.3082 0.4276
vn 0.8585 -0.4093 -0.3090
vn -0.7720 0.5321 -0.3478
vn -0.2709 0.2323 -0.9342
vn 0.5118 0.7689 -0.3832
vn -0.4196 -0.8661 -0.2716
vn 0.6531 -0.7090 -0.2660
vn 0.4798 0.1861 0.8574
vn 0.1858 -0.6452 0.7410
vn -0.2404 0.4011 0.8839
vt 0.550384 0.206938
vt 0.375000 0.305791
vt 0.375000 0.049496
vt 0.180791 0.500000
vt 0.330928 0.574320
vt 0.125000 0.700504
vt 0.804283 0.500000
vt 0.842867 0.681766
vt 0.658516 0.626313
vt 0.875000 0.500000
vt 0.501754 0.540833
vt 0.565165 0.799791
vt 0.325310 0.750000
vt 0.604031 0.069198
vt 0.375000 1.000000
vt 0.375000 0.799690
vt 0.578028 1.000000
vt 0.615335 0.592735
vt 0.589707 0.775249
vt 0.581909 0.353207
s 0
g Cube_Material
usemtl Material
f 1037/1124/1006 1039/1125/1006 1038/1126/1006
f 1039/1127/1007 1042/1128/1007 1038/1129/1007
f 1043/1130/1008 1040/1131/1008 1044/1132/1008
f 1040/1131/1009 1043/1130/1009 1037/1133/1009
f 1045/1134/1010 1036/1135/1010 1041/1136/1010 1042/1128/1010
f 1038/1126/1011 1040/1137/1011 1037/1124/1011
f 1038/1138/1012 1041/1139/1012 1036/1135/1012 1040/1140/1012
f 1042/1128/1013 1041/1136/1013 1038/1129/1013
f 1044/1141/1014 1040/1131/1014 1036/1142/1014
f 1036/1135/1015 1045/1134/1015 1044/1141/1015
f 1045/1134/1016 1042/1128/1016 1039/1125/1016 1043/1143/1016
f 1045/1134/1017 1043/1143/1017 1044/1141/1017
f 1039/1125/1018 1037/1124/1018 1043/1143/1018
g Cube_Cube
v -0.854143 0.336163 -1.187896
v 0.440731 -0.006262 -1.011564
v -0.068179 0.271715 -0.394852
v 0.460300 0.691069 -0.711232
v -0.294522 -0.254461 -1.240821
v -0.580481 0.747540 -0.622595
v -0.038256 1.103163 -0.709174
v 0.392365 0.489319 -1.609755
v -0.299937 0.608852 -1.780108
v -0.080631 1.088005 -1.481262
vn 0.6583 -0.3133 0.6845
vn 0.2773 0.3310 0.9020
vn 0.1166 -0.5257 -0.8427
vn 0.4175 -0.6829 -0.5995
vn -0.6558 0.7502 -0.0843
vn 0.1343 -0.8572 0.4972
vn -0.6227 -0.5318 0.5739
vn -0.0842 0.3550 0.9311
vn -0.5404 -0.4482 -0.7121
vn -0.7121 0.5761 -0.4012
vn 0.7053 0.6956 -0.1369
vn 0.2841 0.4104 -0.8665
vn 0.9971 0.0050 -0.0765
vt 0.550384 0.206938
vt 0.375000 0.305791
vt 0.375000 0.049496
vt 0.180791 0.500000
vt 0.330928 0.574320
vt 0.125000 0.700504
vt 0.804283 0.500000
vt 0.842867 0.681766
vt 0.658516 0.626313
vt 0.875000 0.500000
vt 0.501754 0.540833
vt 0.565165 0.799791
vt 0.325310 0.750000
vt 0.604031 0.069198
vt 0.375000 1.000000
vt 0.375000 0.799690
vt 0.578028 1.000000
vt 0.615335 0.592735
vt 0.589707 0.775249
vt 0.581909 0.353207
s 0
g Cube_Material
usemtl Material
f 1047/1144/1019 1049/1145/1019 1048/1146/1019
f 1049/1147/1020 1052/1148/1020 1048/1149/1020
f 1053/1150/1021 1050/1151/1021 1054/1152/1021
f 1050/1151/1022 1053/1150/1022 1047/1153/1022
f 1055/1154/1023 1046/1155/1023 1051/1156/1023 1052/1148/1023
f 1048/1146/1024 1050/1157/1024 1047/1144/1024
f 1048/1158/1025 1051/1159/1025 1046/1155/1025 1050/1160/1025
f 1052/1148/1026 1051/1156/1026 1048/1149/1026
f 1054/1161/1027 1050/1151/1027 1046/1162/1027
f 1046/1155/1028 1055/1154/1028 1054/1161/1028
f 1055/1154/1029 1052/1148/1029 1049/1145/1029 1053/1163/1029
f 1055/1154/1030 1053/1163/1030 1054/1161/1030
f 1049/1145/1031 1047/1144/1031 1053/1163/1031
g Cube_Cube
v -0.756692 0.519016 -0.972346
v -0.031405 0.889459 -0.699427
v -0.155435 0.809305 -1.216986
v 0.160021 0.546610 -0.980491
v -0.545340 0.911424 -0.707602
v -0.414975 0.427926 -1.292965
v -0.056930 0.254316 -1.171863
v -0.092605 0.462261 -0.457286
v -0.506464 0.284987 -0.549727
v -0.237420 0.090336 -0.744865
vn 0.7280 0.6294 -0.2719
vn 0.6241 0.0474 -0.7799
vn -0.2999 0.2156 0.9293
vn 0.0072 0.4923 0.8704
vn -0.4195 -0.8273 -0.3737
vn 0.0447 0.9856 -0.1633
vn -0.5320 0.5908 -0.6065
vn 0.3107 -0.0221 -0.9503
vn -0.8361 0.0847 0.5420
vn -0.6170 -0.7839 -0.0688
vn 0.7882 -0.5792 0.2079
vn 0.0994 -0.6326 0.7681
vn 0.8851 0.1270 0.4478
vt 0.550384 0.206938
vt 0.375000 0.305791
vt 0.375000 0.049496
vt 0.180791 0.500000
vt 0.330928 0.574320
vt 0.125000 0.700504
vt 0.804283 0.500000
vt 0.842867 0.681766
vt 0.658516 0.626313
vt 0.875000 0.500000
vt 0.501754 0.540833
vt 0.565165 0.799791
vt 0.325310 0.750000
vt 0.604031 0.069198
vt 0.375000 1.000000
vt 0.375000 0.799690
vt 0.578028 1.000000
vt 0.615335 0.592735
vt 0.589707 0.775249
vt 0.581909 0.353207
s 0
g Cube_Material
usemtl Material
f 1057/1164/1032 1059/1165/1032 1058/1166/1032
f 1059/1167/1033 1062/1168/1033 1058/1169/1033
f 1063/1170/1034 1060/1171/1034 1064/1172/1034
f 1060/1171/1035 1063/1170/1035 1057/1173/1035
f 1065/1174/1036 1056/1175/1036 1061/1176/1036 1062/1168/1036
f 1058/1166/1037 1060/1177/1037 1057/1164/1037
f 1058/1178/1038 1061/1179/1038 1056/1175/1038 1060/1180/1038
f 1062/1168/1039 1061/1176/1039 1058/1169/1039
f 1064/1181/1040 1060/1171/1040 1056/1182/1040
f 1056/1175/1041 1065/1174/1041 1064/1181/1041
f 1065/1174/1042 1062/1168/1042 1059/1165/1042 1063/1183/1042
f 1065/1174/1043 1063/1183/1043 1064/1181/1043
f 1059/1165/1044 1057/1164/1044 1063/1183/1044
g Cube_Cube
v -0.773349 -0.244885 0.641019
v -0.284710 0.837134 0.145248
v -0.544492 0.761395 0.904675
v -0.908762 1.100640 0.398881
v -0.158599 0.094960 0.309998
v -1.073289 0.308506 0.980225
v -1.353572 0.759295 0.654033
v -0.814781 0.585754 -0.307819
v -1.023723 -0.038611 -0.106568
v -1.419725 0.353416 0.042964
vn 0.4593 0.8546 0.2424
vn -0.2006 0.7407 0.6412
vn 0.4466 -0.4064 -0.7971
vn 0.6632 -0.0530 -0.7465
vn -0.8288 -0.4826 0.2832
vn 0.9136 0.2297 0.3354
vn 0.5086 -0.3246 0.7975
vn -0.2651 0.4516 0.8519
vn 0.3039 -0.8874 -0.3466
vn -0.6963 -0.7169 0.0354
vn -0.6154 0.6400 -0.4602
vn -0.4598 -0.1293 -0.8786
vn 0.1080 0.8103 -0.5760
vt 0.550384 0.206938
vt 0.375000 0.305791
vt 0.375000 0.049496
vt 0.180791 0.500000
vt 0.330928 0.574320
vt 0.125000 0.700504
vt 0.804283 0.500000
vt 0.842867 0.681766
vt 0.658516 0.626313
vt 0.875000 0.500000
vt 0.501754 0.540833
vt 0.565165 0.799791
vt 0.325310 0.750000
vt 0.604031 0.069198
vt 0.375000 1.000000
vt 0.375000 0.799690
vt 0.578028 1.000000
vt 0.615335 0.592735
vt 0.589707 0.775249
vt 0.581909 0.353207
s 0
g Cube_Material
usemtl Material
f 1067/1184/1045 1069/1185/1045 1068/1186/1045
f 1069/1187/1046 1072/1188/1046 1068/1189/1046
f 1073/1190/1047 1070/1191/1047 1074/1192/1047
f 1070/1191/1048 1073/1190/1048 1067/1193/1048
f 1075/1194/1049 1066/1195/1049 1071/1196/1049 1072/1188/1049
f 1068/1186/1050 1070/1197/1050 1067/1184/1050
f 1068/1198/1051 1071/1199/1051 1066/1195/1051 1070/1200/1051
f 1072/1188/1052 1071/1196/1052 1068/1189/1052
f 1074/1201/1053 1070/1191/1053 1066/1202/1053
f 1066/1195/1054 1075/1194/1054 1074/1201/1054
f 1075/1194/1055 1072/1188/1055 1069/1185/1055 1073/1203/1055
f 1075/1194/1056 1073/1203/1056 1074/1201/1056
f 1069/1185/1057 1067/1184/1057 1073/1203/1057
g Circle.001_Circle.001
v 0.073705 0.917962 -0.370538
v 0.107002 0.826144 -0.537937
v 0.136188 0.702578 -0.684664
v 0.160140 0.552012 -0.805080
v 0.177939 0.380232 -0.894557
v 0.188899 0.193841 -0.949657
v 0.193841 0.000000 -0.974503
v 0.000000 0.193841 -0.968262
v 0.000000 0.380232 -0.912083
v 0.000000 0.552012 -0.820853
v 0.038970 0.973792 -0.195917
v 0.144577 0.917962 -0.349039
v 0.209893 0.826144 -0.506726
v 0.267143 0.702578 -0.644940
v 0.314127 0.552012 -0.758369
v 0.349039 0.380232 -0.842655
v 0.370538 0.193841 -0.894557
v 0.380232 0.000000 -0.917962
v 0.076443 0.973792 -0.184550
v 0.209893 0.917962 -0.314127
v 0.304717 0.826144 -0.456041
v 0.387831 0.702578 -0.580431
v 0.456041 0.552012 -0.682514
v 0.506726 0.380232 -0.758369
v 0.537938 0.193841 -0.805080
v 0.552012 0.000000 -0.826144
v 0.110978 0.973792 -0.166091
v 0.267143 0.917962 -0.267143
v 0.387831 0.826144 -0.387831
v 0.493616 0.702578 -0.493616
v 0.580431 0.552012 -0.580431
v 0.644940 0.380232 -0.644940
v 0.684665 0.193841 -0.684664
v 0.702578 0.000000 -0.702578
v 0.141248 0.973792 -0.141248
v 0.314127 0.917962 -0.209893
v 0.456041 0.826144 -0.304717
v 0.580431 0.702578 -0.387831
v 0.682514 0.552012 -0.456041
v 0.758369 0.380232 -0.506726
v 0.805080 0.193841 -0.537937
v 0.826144 0.000000 -0.552012
v 0.166091 0.973792 -0.110978
v 0.349039 0.917962 -0.144577
v 0.506726 0.826144 -0.209893
v 0.644940 0.702578 -0.267143
v 0.758369 0.552012 -0.314127
v 0.842654 0.380232 -0.349039
v 0.894557 0.193841 -0.370538
v 0.917962 0.000000 -0.380232
v 0.184550 0.973792 -0.076443
v 0.370538 0.917962 -0.073705
v 0.537937 0.826144 -0.107002
v 0.684664 0.702578 -0.136188
v 0.805080 0.552012 -0.160140
v 0.894557 0.380232 -0.177939
v 0.949657 0.193841 -0.188898
v 0.974503 0.000000 -0.193841
v 0.195917 0.973792 -0.038970
v 0.377797 0.917962 0.000000
v 0.548476 0.826144 0.000000
v 0.698078 0.702578 0.000000
v 0.820853 0.552012 0.000000
v 0.912083 0.380232 -0.000000
v 0.968262 0.193841 0.000000
v 0.993595 0.000000 0.000000
v 0.199755 0.973792 0.000000
v 0.370538 0.917962 0.073705
v 0.537937 0.826144 0.107002
v 0.684664 0.702578 0.136188
v 0.805080 0.552012 0.160140
v 0.894557 0.380232 0.177939
v 0.949657 0.193841 0.188899
v 0.974503 0.000000 0.193841
v 0.195917 0.973792 0.038970
v 0.349039 0.917962 0.144577
v 0.506726 0.826144 0.209893
v 0.644940 0.702578 0.267143
v 0.758369 0.552012 0.314127
v 0.842654 0.380232 0.349039
v 0.894557 0.193841 0.370538
v 0.917962 0.000000 0.380232
v 0.184550 0.973792 0.076443
v 0.314127 0.917962 0.209893
v 0.456041 0.826144 0.304717
v 0.580431 0.702578 0.387831
v 0.682514 0.552012 0.456041
v 0.758369 0.380232 0.506726
v 0.805080 0.193841 0.537937
v 0.826144 0.000000 0.552012
v 0.166090 0.973792 0.110978
v 0.267143 0.917962 0.267143
v 0.387831 0.826144 0.387831
v 0.493616 0.702578 0.493616
v 0.580430 0.552012 0.580430
v 0.644940 0.380232 0.644940
v 0.684664 0.193841 0.684664
v 0.702577 0.000000 0.702578
v 0.141248 0.973792 0.141248
v 0.209893 0.917962 0.314127
v 0.304717 0.826144 0.456041
v 0.387831 0.702578 0.580430
v 0.456041 0.552012 0.682514
v 0.506726 0.380232 0.758369
v 0.537937 0.193841 0.805080
v 0.552011 0.000000 0.826144
v 0.110978 0.973792 0.166090
v 0.144577 0.917962 0.349039
v 0.209893 0.826144 0.506726
v 0.267143 0.702578 0.644940
v 0.314127 0.552012 0.758369
v 0.349039 0.380232 0.842654
v 0.370538 0.193841 0.894557
v 0.380232 0.000000 0.917962
v 0.076443 0.973792 0.184550
v 0.073704 0.917962 0.370538
v 0.107002 0.826144 0.537937
v 0.136188 0.702578 0.684664
v 0.160140 0.552012 0.805080
v 0.177938 0.380232 0.894557
v 0.188898 0.193841 0.949657
v 0.193840 0.000000 0.974503
v 0.038970 0.973792 0.195917
v -0.000000 0.917962 0.377797
v -0.000000 0.826144 0.548476
v -0.000000 0.702578 0.698078
v -0.000000 0.552012 0.820853
v -0.000000 0.380232 0.912082
v -0.000000 0.193841 0.968262
v -0.000000 0.000000 0.993595
v -0.000000 0.973792 0.199755
v -0.073705 0.917962 0.370538
v -0.107002 0.826144 0.537937
v -0.136188 0.702578 0.684664
v -0.160140 0.552012 0.805080
v -0.177938 0.380232 0.894557
v -0.188899 0.193841 0.949657
v -0.193841 0.000000 0.974503
v -0.038970 0.973792 0.195917
v -0.144577 0.917962 0.349039
v -0.209893 0.826144 0.506726
v -0.267143 0.702578 0.644940
v -0.314127 0.552012 0.758369
v -0.349039 0.380232 0.842654
v -0.370538 0.193841 0.894557
v -0.380232 0.000000 0.917961
v -0.076443 0.973792 0.184550
v -0.209893 0.917962 0.314127
v -0.304717 0.826144 0.456041
v -0.387831 0.702578 0.580430
v -0.456041 0.552012 0.682514
v -0.506726 0.380232 0.758369
v -0.537937 0.193841 0.805080
v -0.552012 0.000000 0.826143
v -0.110978 0.973792 0.166090
v -0.267143 0.917962 0.267143
v -0.387831 0.826144 0.387831
v -0.493615 0.702578 0.493615
v -0.580430 0.552012 0.580430
v -0.644940 0.380232 0.644940
v -0.684664 0.193841 0.684664
v -0.702578 0.000000 0.702577
v -0.141248 0.973792 0.141248
v -0.314127 0.917962 0.209893
v -0.456041 0.826144 0.304717
v -0.580430 0.702578 0.387831
v -0.682514 0.552012 0.456041
v -0.758369 0.380232 0.506726
v -0.805080 0.193841 0.537937
v -0.826144 0.000000 0.552011
v -0.166090 0.973792 0.110978
v -0.349039 0.917962 0.144577
v -0.506726 0.826144 0.209893
v -0.644940 0.702578 0.267143
v -0.758369 0.552012 0.314126
v -0.842654 0.380232 0.349039
v -0.894557 0.193841 0.370537
v -0.917962 0.000000 0.380232
v -0.184550 0.973792 0.076443
v 0.000000 0.997577 0.000000
v -0.370538 0.917962 0.073704
v -0.537937 0.826144 0.107002
v -0.684664 0.702578 0.136188
v -0.805080 0.552012 0.160140
v -0.894557 0.380232 0.177938
v -0.949657 0.193841 0.188898
v -0.974503 0.000000 0.193840
v -0.195917 0.973792 0.038970
v -0.377797 0.917962 -0.000000
v -0.548476 0.826144 -0.000000
v -0.698078 0.702578 -0.000000
v -0.820852 0.552012 -0.000000
v -0.912082 0.380232 -0.000000
v -0.968261 0.193841 -0.000000
v -0.993594 0.000000 -0.000000
v -0.199755 0.973792 -0.000000
v -0.370538 0.917962 -0.073705
v -0.537937 0.826144 -0.107002
v -0.684664 0.702578 -0.136188
v -0.805080 0.552012 -0.160140
v -0.894557 0.380232 -0.177939
v -0.949656 0.193841 -0.188899
v -0.974503 0.000000 -0.193841
v -0.195917 0.973792 -0.038970
v -0.349039 0.917962 -0.144577
v -0.506726 0.826144 -0.209893
v -0.644940 0.702578 -0.267143
v -0.758369 0.552012 -0.314127
v -0.842654 0.380232 -0.349039
v -0.894557 0.193841 -0.370538
v -0.917961 0.000000 -0.380232
v -0.184550 0.973792 -0.076443
v -0.314127 0.917962 -0.209893
v -0.456041 0.826144 -0.304717
v -0.580430 0.702578 -0.387831
v -0.682514 0.552012 -0.456041
v -0.758369 0.380232 -0.506726
v -0.805080 0.193841 -0.537937
v -0.826143 0.000000 -0.552012
v -0.166090 0.973792 -0.110978
v -0.267143 0.917962 -0.267143
v -0.387831 0.826144 -0.387831
v -0.493615 0.702578 -0.493615
v -0.580430 0.552012 -0.580430
v -0.644939 0.380232 -0.644940
v -0.684664 0.193841 -0.684664
v -0.702577 0.000000 -0.702577
v -0.141248 0.973792 -0.141248
v -0.209893 0.917962 -0.314127
v -0.304717 0.826144 -0.456041
v -0.387831 0.702578 -0.580430
v -0.456041 0.552012 -0.682514
v -0.506726 0.380232 -0.758369
v -0.537937 0.193841 -0.805080
v -0.552011 0.000000 -0.826144
v -0.110978 0.973792 -0.166090
v -0.144577 0.917962 -0.349039
v -0.209892 0.826144 -0.506726
v -0.267143 0.702578 -0.644940
v -0.314126 0.552012 -0.758369
v -0.349039 0.380232 -0.842654
v -0.370537 0.193841 -0.894557
v -0.380232 0.000000 -0.917961
v -0.076443 0.973792 -0.184550
v -0.073704 0.917962 -0.370538
v -0.107002 0.826144 -0.537937
v -0.136188 0.702578 -0.684664
v -0.160140 0.552012 -0.805080
v -0.177938 0.380232 -0.894557
v -0.188898 0.193841 -0.949656
v -0.193840 0.000000 -0.974503
v -0.038970 0.973792 -0.195917
v 0.000000 0.917962 -0.377797
v 0.000000 0.826144 -0.548476
v 0.000000 0.702578 -0.698078
v 0.000000 0.000000 -0.993594
v 0.000000 0.973792 -0.199755
v 0.090790 0.876269 -0.456434
v 0.122183 0.768056 -0.614256
v 0.148881 0.630328 -0.748474
v 0.169857 0.468376 -0.853927
v 0.184305 0.288424 -0.926565
v 0.191826 0.097389 -0.964376
v 0.000000 0.288424 -0.944718
v 0.000000 0.468376 -0.870657
v 0.056083 0.950719 -0.281948
v 0.089399 0.380232 -0.907687
v 0.080457 0.552012 -0.816897
v 0.094906 0.193841 -0.963596
v 0.178092 0.876269 -0.429951
v 0.239671 0.768056 -0.578617
v 0.292040 0.630328 -0.705047
v 0.333186 0.468376 -0.804382
v 0.361528 0.288424 -0.872805
v 0.376281 0.097389 -0.908422
v 0.110011 0.950719 -0.265589
v 0.238280 0.552012 -0.785504
v 0.202641 0.702578 -0.668016
v 0.264763 0.380232 -0.872805
v 0.281071 0.193841 -0.926565
v 0.288424 0.000000 -0.950808
v 0.058513 0.973614 -0.192890
v 0.159214 0.826144 -0.524857
v 0.109668 0.917962 -0.361528
v 0.258549 0.876269 -0.386946
v 0.347948 0.768056 -0.520741
v 0.423976 0.630328 -0.634525
v 0.483711 0.468376 -0.723925
v 0.524857 0.288424 -0.785504
v 0.546275 0.097389 -0.817558
v 0.159711 0.950719 -0.239024
v 0.468376 0.000000 -0.876269
v 0.456434 0.193841 -0.853927
v 0.095019 0.973614 -0.177769
v 0.178092 0.917962 -0.333186
v 0.258549 0.826144 -0.483711
v 0.329070 0.702578 -0.615647
v 0.386946 0.552012 -0.723925
v 0.429951 0.380232 -0.804382
v 0.329070 0.876269 -0.329070
v 0.442854 0.768056 -0.442854
v 0.539619 0.630328 -0.539619
v 0.615647 0.468376 -0.615647
v 0.668016 0.288424 -0.668016
v 0.695276 0.097389 -0.695276
v 0.203273 0.950719 -0.203273
v 0.442854 0.702578 -0.539619
v 0.347948 0.826144 -0.423976
v 0.520741 0.552012 -0.634525
v 0.578617 0.380232 -0.705047
v 0.614257 0.193841 -0.748474
v 0.630328 0.000000 -0.768056
v 0.127874 0.973614 -0.155815
v 0.239671 0.917962 -0.292040
v 0.386946 0.876269 -0.258549
v 0.520741 0.768056 -0.347948
v 0.634525 0.630328 -0.423976
v 0.723925 0.468376 -0.483711
v 0.785504 0.288424 -0.524857
v 0.817558 0.097389 -0.546275
v 0.239024 0.950719 -0.159711
v 0.768056 0.000000 -0.630327
v 0.748474 0.193841 -0.614256
v 0.155815 0.973614 -0.127874
v 0.292040 0.917962 -0.239671
v 0.423976 0.826144 -0.347948
v 0.539620 0.702578 -0.442854
v 0.634525 0.552012 -0.520741
v 0.705047 0.380232 -0.578617
v 0.429951 0.876269 -0.178092
v 0.578617 0.768056 -0.239671
v 0.705047 0.630328 -0.292040
v 0.804382 0.468376 -0.333186
v 0.872805 0.288424 -0.361528
v 0.908422 0.097389 -0.376281
v 0.265589 0.950719 -0.110011
v 0.723925 0.552012 -0.386946
v 0.615647 0.702578 -0.329070
v 0.804382 0.380232 -0.429951
v 0.853927 0.193841 -0.456434
v 0.876269 0.000000 -0.468375
v 0.177769 0.973614 -0.095019
v 0.333186 0.917962 -0.178092
v 0.483711 0.826144 -0.258549
v 0.456434 0.876269 -0.090790
v 0.614256 0.768056 -0.122183
v 0.748474 0.630328 -0.148881
v 0.853927 0.468376 -0.169857
v 0.926565 0.288424 -0.184305
v 0.964376 0.097389 -0.191826
v 0.281948 0.950719 -0.056083
v 0.950807 0.000000 -0.288424
v 0.192890 0.973614 -0.058513
v 0.361528 0.917962 -0.109668
v 0.524857 0.826144 -0.159214
v 0.668016 0.702578 -0.202641
v 0.785504 0.552012 -0.238280
v 0.872805 0.380232 -0.264763
v 0.926565 0.193841 -0.281070
v 0.465376 0.876269 0.000000
v 0.626290 0.768056 0.000000
v 0.763137 0.630328 0.000000
v 0.870657 0.468376 0.000000
v 0.944718 0.288424 0.000000
v 0.983269 0.097389 0.000000
v 0.287471 0.950719 0.000000
v 0.816897 0.552012 -0.080457
v 0.694714 0.702578 -0.068423
v 0.907687 0.380232 -0.089399
v 0.963596 0.193841 -0.094906
v 0.988807 0.000000 -0.097389
v 0.200599 0.973614 -0.019757
v 0.375976 0.917962 -0.037030
v 0.545833 0.826144 -0.053760
v 0.456434 0.876269 0.090790
v 0.614256 0.768056 0.122183
v 0.748474 0.630328 0.148881
v 0.853927 0.468376 0.169857
v 0.926565 0.288424 0.184305
v 0.964376 0.097389 0.191826
v 0.281948 0.950719 0.056083
v 0.988807 0.000000 0.097389
v 0.200599 0.973614 0.019757
v 0.375976 0.917962 0.037030
v 0.545833 0.826144 0.053760
v 0.694714 0.702578 0.068423
v 0.816897 0.552012 0.080457
v 0.907687 0.380232 0.089399
v 0.963596 0.193841 0.094906
v 0.429951 0.876269 0.178092
v 0.578617 0.768056 0.239671
v 0.705047 0.630328 0.292040
v 0.804382 0.468376 0.333186
v 0.872805 0.288424 0.361528
v 0.908422 0.097389 0.376281
v 0.265589 0.950719 0.110011
v 0.872805 0.380232 0.264763
v 0.785504 0.552012 0.238280
v 0.926565 0.193841 0.281071
v 0.950807 0.000000 0.288424
v 0.192890 0.973614 0.058513
v 0.361528 0.917962 0.109668
v 0.524857 0.826144 0.159214
v 0.668016 0.702578 0.202641
v 0.386946 0.876269 0.258549
v 0.520741 0.768056 0.347948
v 0.634525 0.630328 0.423976
v 0.723924 0.468376 0.483711
v 0.785504 0.288424 0.524857
v 0.817558 0.097389 0.546275
v 0.239024 0.950719 0.159711
v 0.333186 0.917962 0.178092
v 0.177769 0.973614 0.095019
v 0.483711 0.826144 0.258549
v 0.615647 0.702578 0.329070
v 0.723924 0.552012 0.386946
v 0.804382 0.380232 0.429951
v 0.853927 0.193841 0.456434
v 0.876269 0.000000 0.468376
v 0.329070 0.876269 0.329070
v 0.442854 0.768056 0.442854
v 0.539619 0.630328 0.539619
v 0.615647 0.468376 0.615647
v 0.668016 0.288424 0.668016
v 0.695276 0.097389 0.695276
v 0.203273 0.950719 0.203273
v 0.748473 0.193841 0.614256
v 0.705047 0.380232 0.578617
v 0.768056 0.000000 0.630328
v 0.155815 0.973614 0.127874
v 0.292040 0.917962 0.239671
v 0.423976 0.826144 0.347948
v 0.539619 0.702578 0.442854
v 0.634525 0.552012 0.520741
v 0.258549 0.876269 0.386946
v 0.347948 0.768056 0.520741
v 0.423976 0.630328 0.634525
v 0.483711 0.468376 0.723925
v 0.524857 0.288424 0.785504
v 0.546275 0.097389 0.817558
v 0.159711 0.950719 0.239024
v 0.347948 0.826144 0.423976
v 0.239671 0.917962 0.292040
v 0.442854 0.702578 0.539619
v 0.520741 0.552012 0.634525
v 0.578617 0.380232 0.705047
v 0.614256 0.193841 0.748474
v 0.630327 0.000000 0.768056
v 0.127874 0.973614 0.155815
v 0.178091 0.876269 0.429951
v 0.239671 0.768056 0.578617
v 0.292040 0.630328 0.705047
v 0.333186 0.468376 0.804382
v 0.361528 0.288424 0.872805
v 0.376280 0.097389 0.908422
v 0.110011 0.950719 0.265589
v 0.456433 0.193841 0.853927
v 0.429951 0.380232 0.804382
v 0.468375 0.000000 0.876269
v 0.095019 0.973614 0.177769
v 0.178091 0.917962 0.333186
v 0.258549 0.826144 0.483711
v 0.329070 0.702578 0.615647
v 0.386946 0.552012 0.723925
v 0.090790 0.876269 0.456434
v 0.122183 0.768056 0.614256
v 0.148881 0.630328 0.748473
v 0.169857 0.468376 0.853927
v 0.184305 0.288424 0.926565
v 0.191826 0.097389 0.964375
v 0.056083 0.950719 0.281948
v 0.202640 0.702578 0.668016
v 0.159214 0.826144 0.524857
v 0.238280 0.552012 0.785504
v 0.264763 0.380232 0.872805
v 0.281070 0.193841 0.926565
v 0.288424 0.000000 0.950807
v 0.058513 0.973614 0.192890
v 0.109668 0.917962 0.361528
v -0.000000 0.876269 0.465376
v -0.000000 0.768056 0.626290
v -0.000000 0.630328 0.763137
v -0.000000 0.468376 0.870657
v -0.000000 0.288424 0.944717
v -0.000000 0.097389 0.983269
v -0.000000 0.950719 0.287471
v 0.097389 0.000000 0.988806
v 0.094906 0.193841 0.963595
v 0.019757 0.973614 0.200599
v 0.037030 0.917962 0.375976
v 0.053760 0.826144 0.545833
v 0.068423 0.702578 0.694714
v 0.080457 0.552012 0.816897
v 0.089399 0.380232 0.907687
v -0.090790 0.876269 0.456434
v -0.122183 0.768056 0.614256
v -0.148881 0.630328 0.748473
v -0.169857 0.468376 0.853927
v -0.184305 0.288424 0.926565
v -0.191826 0.097389 0.964375
v -0.056083 0.950719 0.281948
v -0.068423 0.702578 0.694714
v -0.053760 0.826144 0.545833
v -0.080457 0.552012 0.816897
v -0.089399 0.380232 0.907687
v -0.094906 0.193841 0.963595
v -0.097389 0.000000 0.988806
v -0.019757 0.973614 0.200599
v -0.037030 0.917962 0.375976
v -0.178092 0.876269 0.429951
v -0.239671 0.768056 0.578617
v -0.292040 0.630328 0.705047
v -0.333186 0.468376 0.804382
v -0.361528 0.288424 0.872805
v -0.376281 0.097389 0.908422
v -0.110011 0.950719 0.265589
v -0.288424 0.000000 0.950807
v -0.281071 0.193841 0.926565
v -0.058513 0.973614 0.192890
v -0.109668 0.917962 0.361528
v -0.159214 0.826144 0.524857
v -0.202641 0.702578 0.668016
v -0.238280 0.552012 0.785504
v -0.264763 0.380232 0.872805
v -0.258549 0.876269 0.386946
v -0.347948 0.768056 0.520741
v -0.423976 0.630328 0.634525
v -0.483711 0.468376 0.723924
v -0.524857 0.288424 0.785504
v -0.546275 0.097389 0.817558
v -0.159711 0.950719 0.239024
v -0.386946 0.552012 0.723924
v -0.329070 0.702578 0.615647
v -0.429951 0.380232 0.804382
v -0.456434 0.193841 0.853927
v -0.468376 0.000000 0.876269
v -0.095019 0.973614 0.177768
v -0.178092 0.917962 0.333186
v -0.258549 0.826144 0.483711
v -0.329070 0.876269 0.329070
v -0.442854 0.768056 0.442854
v -0.539619 0.630328 0.539619
v -0.615647 0.468376 0.615647
v -0.668016 0.288424 0.668016
v -0.695276 0.097389 0.695276
v -0.203273 0.950719 0.203273
v -0.630327 0.000000 0.768056
v -0.127874 0.973614 0.155815
v -0.239671 0.917962 0.292040
v -0.347948 0.826144 0.423976
v -0.442854 0.702578 0.539619
v -0.520741 0.552012 0.634525
v -0.578617 0.380232 0.705046
v -0.614256 0.193841 0.748473
v -0.386946 0.876269 0.258549
v -0.520741 0.768056 0.347948
v -0.634525 0.630328 0.423976
v -0.723924 0.468376 0.483711
v -0.785504 0.288424 0.524857
v -0.817558 0.097389 0.546274
v -0.239024 0.950719 0.159711
v -0.705047 0.380232 0.578617
v -0.634525 0.552012 0.520741
v -0.748473 0.193841 0.614256
v -0.768056 0.000000 0.630327
v -0.155815 0.973614 0.127874
v -0.292040 0.917962 0.239671
v -0.423976 0.826144 0.347948
v -0.539619 0.702578 0.442854
v -0.109146 0.987361 0.045210
v -0.429951 0.876269 0.178091
v -0.578617 0.768056 0.239671
v -0.705047 0.630328 0.292040
v -0.804382 0.468376 0.333186
v -0.872805 0.288424 0.361528
v -0.908422 0.097389 0.376280
v -0.265589 0.950719 0.110010
v -0.177768 0.973614 0.095019
v -0.333186 0.917962 0.178091
v -0.483711 0.826144 0.258549
v -0.615647 0.702578 0.329070
v -0.723924 0.552012 0.386946
v -0.804382 0.380232 0.429951
v -0.853927 0.193841 0.456433
v -0.876269 0.000000 0.468375
v -0.456433 0.876269 0.090790
v -0.614256 0.768056 0.122183
v -0.748473 0.630328 0.148881
v -0.853927 0.468376 0.169857
v -0.926565 0.288424 0.184305
v -0.964375 0.097389 0.191826
v -0.281948 0.950719 0.056083
v -0.872805 0.380232 0.264762
v -0.785504 0.552012 0.238280
v -0.926565 0.193841 0.281070
v -0.950807 0.000000 0.288424
v -0.192890 0.973614 0.058513
v -0.361528 0.917962 0.109668
v -0.524857 0.826144 0.159213
v -0.668016 0.702578 0.202640
v -0.465376 0.876269 -0.000000
v -0.626290 0.768057 -0.000000
v -0.763137 0.630328 -0.000000
v -0.870656 0.468376 -0.000000
v -0.944717 0.288424 -0.000000
v -0.983268 0.097389 -0.000000
v -0.287471 0.950719 -0.000000
v -0.545833 0.826144 0.053760
v -0.375976 0.917962 0.037030
v -0.694714 0.702578 0.068423
v -0.816897 0.552012 0.080457
v -0.907687 0.380232 0.089399
v -0.963595 0.193841 0.094906
v -0.988806 0.000000 0.097388
v -0.200599 0.973614 0.019757
v -0.456433 0.876269 -0.090790
v -0.614256 0.768056 -0.122183
v -0.748473 0.630328 -0.148881
v -0.853927 0.468376 -0.169857
v -0.926565 0.288424 -0.184305
v -0.964375 0.097389 -0.191826
v -0.281948 0.950719 -0.056083
v -0.963595 0.193841 -0.094906
v -0.907687 0.380232 -0.089399
v -0.988806 0.000000 -0.097389
v -0.200599 0.973614 -0.019757
v -0.375976 0.917962 -0.037030
v -0.545833 0.826144 -0.053760
v -0.694713 0.702578 -0.068423
v -0.816896 0.552012 -0.080457
v -0.429951 0.876269 -0.178092
v -0.578617 0.768056 -0.239671
v -0.705047 0.630328 -0.292040
v -0.804382 0.468376 -0.333186
v -0.872805 0.288424 -0.361528
v -0.908421 0.097389 -0.376281
v -0.265589 0.950719 -0.110011
v -0.524857 0.826144 -0.159214
v -0.361528 0.917962 -0.109668
v -0.668016 0.702578 -0.202641
v -0.785504 0.552012 -0.238280
v -0.872805 0.380232 -0.264763
v -0.926565 0.193841 -0.281071
v -0.950807 0.000000 -0.288424
v -0.192890 0.973614 -0.058513
v -0.386945 0.876269 -0.258549
v -0.520741 0.768056 -0.347948
v -0.634525 0.630328 -0.423976
v -0.723924 0.468376 -0.483711
v -0.785504 0.288424 -0.524857
v -0.817558 0.097389 -0.546275
v -0.239024 0.950719 -0.159711
v -0.853927 0.193841 -0.456434
v -0.804382 0.380232 -0.429951
v -0.876268 0.000000 -0.468376
v -0.177768 0.973614 -0.095019
v -0.333186 0.917962 -0.178092
v -0.483711 0.826144 -0.258549
v -0.615647 0.702578 -0.329070
v -0.723924 0.552012 -0.386946
v -0.329070 0.876269 -0.329070
v -0.442854 0.768056 -0.442854
v -0.539619 0.630328 -0.539619
v -0.615647 0.468376 -0.615647
v -0.668016 0.288424 -0.668016
v -0.695275 0.097389 -0.695276
v -0.203273 0.950719 -0.203273
v -0.539619 0.702578 -0.442854
v -0.423976 0.826144 -0.347948
v -0.634525 0.552012 -0.520741
v -0.705046 0.380232 -0.578617
v -0.748473 0.193841 -0.614256
v -0.768055 0.000000 -0.630327
v -0.155815 0.973614 -0.127874
v -0.292040 0.917962 -0.239671
v -0.258549 0.876269 -0.386946
v -0.347948 0.768056 -0.520741
v -0.423976 0.630328 -0.634525
v -0.483711 0.468376 -0.723924
v -0.524857 0.288424 -0.785504
v -0.546274 0.097389 -0.817558
v -0.159710 0.950719 -0.239024
v -0.630327 0.000000 -0.768056
v -0.614256 0.193841 -0.748473
v -0.127874 0.973614 -0.155815
v -0.239671 0.917962 -0.292040
v -0.347948 0.826144 -0.423976
v -0.442854 0.702578 -0.539619
v -0.520741 0.552012 -0.634525
v -0.578617 0.380232 -0.705047
v -0.178091 0.876269 -0.429951
v -0.239671 0.768056 -0.578617
v -0.292040 0.630328 -0.705046
v -0.333186 0.468376 -0.804382
v -0.361528 0.288424 -0.872805
v -0.376280 0.097389 -0.908422
v -0.110010 0.950719 -0.265589
v -0.386945 0.552012 -0.723924
v -0.329070 0.702578 -0.615647
v -0.429951 0.380232 -0.804382
v -0.456433 0.193841 -0.853927
v -0.468375 0.000000 -0.876269
v -0.095019 0.973614 -0.177768
v -0.178091 0.917962 -0.333186
v -0.258549 0.826144 -0.483711
v -0.090790 0.876269 -0.456433
v -0.122183 0.768056 -0.614256
v -0.148880 0.630328 -0.748473
v -0.169857 0.468376 -0.853927
v -0.184305 0.288424 -0.926565
v -0.191826 0.097389 -0.964375
v -0.056083 0.950719 -0.281948
v -0.288424 0.000000 -0.950807
v -0.058513 0.973614 -0.192890
v -0.109668 0.917962 -0.361528
v -0.159213 0.826144 -0.524857
v -0.202640 0.702578 -0.668016
v -0.238280 0.552012 -0.785504
v -0.264762 0.380232 -0.872805
v -0.281070 0.193841 -0.926565
v 0.000000 0.876269 -0.465375
v 0.000000 0.768056 -0.626290
v 0.000000 0.950719 -0.287471
v -0.068423 0.702578 -0.694713
v -0.097388 0.000000 -0.988806
v -0.019757 0.973614 -0.200599
v -0.037030 0.917962 -0.375976
v -0.053760 0.826144 -0.545833
v 0.023048 0.987361 -0.115869
v 0.000000 0.097389 -0.983269
v 0.000000 0.630328 -0.763137
v 0.000000 0.987361 -0.118139
v 0.068423 0.702578 -0.694714
v 0.053760 0.826144 -0.545833
v 0.037030 0.917962 -0.375976
v 0.019757 0.973614 -0.200599
v 0.097389 0.000000 -0.988806
v 0.045210 0.987361 -0.109146
v 0.065634 0.987361 -0.098229
v 0.083537 0.987361 -0.083537
v 0.098229 0.987361 -0.065634
v 0.109146 0.987361 -0.045210
v 0.115869 0.987361 -0.023048
v 0.118139 0.987361 0.000000
v 0.115869 0.987361 0.023048
v 0.109146 0.987361 0.045210
v 0.098229 0.987361 0.065634
v 0.083537 0.987361 0.083537
v 0.065634 0.987361 0.098229
v 0.045210 0.987361 0.109146
v 0.023048 0.987361 0.115869
v -0.000000 0.987361 0.118139
v -0.023048 0.987361 0.115869
v -0.045210 0.987361 0.109146
v -0.065634 0.987361 0.098229
v -0.083537 0.987361 0.083537
v -0.098229 0.987361 0.065634
v -0.115869 0.987361 0.023048
v -0.118139 0.987361 -0.000000
v -0.115869 0.987361 -0.023048
v -0.109146 0.987361 -0.045210
v -0.098229 0.987361 -0.065634
v -0.083537 0.987361 -0.083537
v -0.065634 0.987361 -0.098229
v -0.045210 0.987361 -0.109146
v -0.023048 0.987361 -0.115869
v -0.080457 0.552012 -0.816897
v -0.089399 0.380232 -0.907687
v -0.094906 0.193841 -0.963595
v 0.085339 0.468376 -0.866461
v 0.074800 0.630328 -0.759459
v 0.061387 0.768056 -0.623272
v 0.045615 0.876269 -0.463133
v 0.028199 0.950696 -0.286312
v 0.013329 0.985270 -0.135336
v 0.096377 0.097389 -0.978530
v 0.092598 0.288424 -0.940165
v 0.221526 0.630328 -0.730274
v 0.252737 0.468376 -0.833163
v 0.274236 0.288424 -0.904035
v 0.285427 0.097389 -0.940926
v 0.039476 0.985270 -0.130136
v 0.135091 0.876269 -0.445335
v 0.083514 0.950696 -0.275309
v 0.181802 0.768056 -0.599320
v 0.463508 0.097389 -0.867163
v 0.064106 0.985270 -0.119934
v 0.135620 0.950696 -0.253726
v 0.219376 0.876269 -0.410423
v 0.295230 0.768056 -0.552337
v 0.359739 0.630328 -0.673024
v 0.410423 0.468376 -0.767848
v 0.445335 0.288424 -0.833163
v 0.397313 0.768056 -0.484127
v 0.484127 0.630328 -0.589911
v 0.552337 0.468376 -0.673024
v 0.599320 0.288424 -0.730274
v 0.623777 0.097389 -0.760074
v 0.086272 0.985270 -0.105123
v 0.182513 0.950696 -0.222393
v 0.295230 0.876269 -0.359739
v 0.760074 0.097389 -0.623777
v 0.105123 0.985270 -0.086272
v 0.222393 0.950696 -0.182513
v 0.359739 0.876269 -0.295230
v 0.484127 0.768056 -0.397313
v 0.589911 0.630328 -0.484127
v 0.673024 0.468376 -0.552337
v 0.730274 0.288424 -0.599320
v 0.673024 0.630328 -0.359739
v 0.767848 0.468376 -0.410423
v 0.833163 0.288424 -0.445335
v 0.867163 0.097389 -0.463508
v 0.119934 0.985270 -0.064106
v 0.253726 0.950696 -0.135620
v 0.410423 0.876269 -0.219376
v 0.552337 0.768056 -0.295230
v 0.130136 0.985270 -0.039476
v 0.275309 0.950696 -0.083514
v 0.445335 0.876269 -0.135091
v 0.599320 0.768056 -0.181802
v 0.730274 0.630328 -0.221526
v 0.833163 0.468376 -0.252737
v 0.904035 0.288424 -0.274236
v 0.940926 0.097389 -0.285427
v 0.759459 0.630328 -0.074800
v 0.866461 0.468376 -0.085339
v 0.940165 0.288424 -0.092598
v 0.978530 0.097389 -0.096377
v 0.135336 0.985270 -0.013329
v 0.286312 0.950696 -0.028199
v 0.463133 0.876269 -0.045615
v 0.623272 0.768056 -0.061387
v 0.135336 0.985270 0.013329
v 0.286312 0.950696 0.028199
v 0.463133 0.876269 0.045615
v 0.623272 0.768056 0.061387
v 0.759459 0.630328 0.074800
v 0.866461 0.468376 0.085339
v 0.940165 0.288424 0.092598
v 0.978530 0.097389 0.096377
v 0.833163 0.468376 0.252737
v 0.904035 0.288424 0.274236
v 0.940926 0.097389 0.285427
v 0.130136 0.985270 0.039476
v 0.275309 0.950696 0.083514
v 0.445335 0.876269 0.135091
v 0.599320 0.768056 0.181802
v 0.730274 0.630328 0.221526
v 0.253726 0.950696 0.135620
v 0.410423 0.876269 0.219376
v 0.552337 0.768056 0.295230
v 0.673024 0.630328 0.359739
v 0.767848 0.468376 0.410423
v 0.833163 0.288424 0.445335
v 0.867162 0.097389 0.463508
v 0.119934 0.985270 0.064106
v 0.730274 0.288424 0.599320
v 0.760074 0.097389 0.623777
v 0.105123 0.985270 0.086272
v 0.222393 0.950696 0.182513
v 0.359739 0.876269 0.295230
v 0.484127 0.768056 0.397313
v 0.589910 0.630328 0.484127
v 0.673024 0.468376 0.552337
v 0.295230 0.876269 0.359739
v 0.397313 0.768056 0.484127
v 0.484127 0.630328 0.589911
v 0.552337 0.468376 0.673024
v 0.599320 0.288424 0.730274
v 0.623777 0.097389 0.760074
v 0.086272 0.985270 0.105123
v 0.182513 0.950696 0.222393
v 0.445335 0.288424 0.833163
v 0.463508 0.097389 0.867162
v 0.064106 0.985270 0.119934
v 0.135620 0.950696 0.253726
v 0.219376 0.876269 0.410423
v 0.295230 0.768056 0.552336
v 0.359739 0.630328 0.673024
v 0.410423 0.468376 0.767848
v 0.181802 0.768056 0.599320
v 0.221526 0.630328 0.730274
v 0.252737 0.468376 0.833163
v 0.274236 0.288424 0.904035
v 0.285426 0.097389 0.940926
v 0.039476 0.985270 0.130136
v 0.083514 0.950696 0.275309
v 0.135091 0.876269 0.445335
v 0.096377 0.097389 0.978530
v 0.013329 0.985270 0.135336
v 0.028199 0.950696 0.286312
v 0.045615 0.876269 0.463133
v 0.061387 0.768056 0.623272
v 0.074800 0.630328 0.759459
v 0.085339 0.468376 0.866461
v 0.092598 0.288424 0.940165
v -0.061387 0.768056 0.623272
v -0.074800 0.630328 0.759459
v -0.085339 0.468376 0.866461
v -0.092598 0.288424 0.940165
v -0.096377 0.097389 0.978530
v -0.013329 0.985270 0.135336
v -0.028199 0.950696 0.286312
v -0.045615 0.876269 0.463133
v -0.285427 0.097389 0.940926
v -0.039476 0.985270 0.130136
v -0.083514 0.950696 0.275309
v -0.135091 0.876269 0.445335
v -0.181802 0.768056 0.599320
v -0.221526 0.630328 0.730274
v -0.252737 0.468376 0.833163
v -0.274236 0.288424 0.904035
v -0.359739 0.630328 0.673024
v -0.410423 0.468376 0.767847
v -0.445335 0.288424 0.833163
v -0.463508 0.097389 0.867162
v -0.064106 0.985270 0.119934
v -0.135620 0.950696 0.253726
v -0.219376 0.876269 0.410423
v -0.295230 0.768056 0.552336
v -0.086272 0.985270 0.105123
v -0.182513 0.950696 0.222393
v -0.295230 0.876269 0.359739
v -0.397313 0.768056 0.484127
v -0.484127 0.630328 0.589910
v -0.552336 0.468376 0.673024
v -0.599320 0.288424 0.730273
v -0.623777 0.097389 0.760074
v -0.673024 0.468376 0.552336
v -0.730274 0.288424 0.599320
v -0.760074 0.097389 0.623776
v -0.105123 0.985270 0.086272
v -0.222393 0.950696 0.182513
v -0.359739 0.876269 0.295230
v -0.484127 0.768056 0.397313
v -0.589911 0.630328 0.484127
v -0.119934 0.985270 0.064106
v -0.253726 0.950696 0.135619
v -0.410423 0.876269 0.219376
v -0.552336 0.768056 0.295230
v -0.673024 0.630328 0.359739
v -0.767847 0.468376 0.410423
v -0.833163 0.288424 0.445335
v -0.867162 0.097389 0.463507
v -0.833163 0.468376 0.252737
v -0.904035 0.288424 0.274236
v -0.940926 0.097389 0.285426
v -0.130136 0.985270 0.039476
v -0.275309 0.950696 0.083514
v -0.445335 0.876269 0.135091
v -0.599320 0.768056 0.181802
v -0.730273 0.630328 0.221526
v -0.463133 0.876269 0.045615
v -0.623272 0.768057 0.061387
v -0.759459 0.630328 0.074800
v -0.866461 0.468376 0.085339
v -0.940165 0.288424 0.092598
v -0.978530 0.097389 0.096376
v -0.135336 0.985270 0.013329
v -0.286312 0.950696 0.028199
v -0.940165 0.288424 -0.092598
v -0.978530 0.097389 -0.096377
v -0.135336 0.985270 -0.013329
v -0.286312 0.950696 -0.028199
v -0.463133 0.876269 -0.045615
v -0.623272 0.768056 -0.061387
v -0.759459 0.630328 -0.074800
v -0.866461 0.468376 -0.085339
v -0.445335 0.876269 -0.135091
v -0.599320 0.768056 -0.181802
v -0.730273 0.630328 -0.221526
v -0.833163 0.468376 -0.252737
v -0.904034 0.288424 -0.274236
v -0.940925 0.097389 -0.285427
v -0.130136 0.985270 -0.039476
v -0.275309 0.950696 -0.083514
v -0.833163 0.288424 -0.445335
v -0.867162 0.097389 -0.463508
v -0.119934 0.985270 -0.064106
v -0.253726 0.950696 -0.135619
v -0.410423 0.876269 -0.219376
v -0.552336 0.768056 -0.295230
v -0.673024 0.630328 -0.359739
v -0.767847 0.468376 -0.410423
v -0.484127 0.768056 -0.397313
v -0.589910 0.630328 -0.484127
v -0.673024 0.468376 -0.552336
v -0.730273 0.288424 -0.599320
v -0.760073 0.097389 -0.623777
v -0.105123 0.985270 -0.086272
v -0.222393 0.950696 -0.182513
v -0.359739 0.876269 -0.295230
v -0.623776 0.097389 -0.760074
v -0.086272 0.985270 -0.105123
v -0.182513 0.950696 -0.222393
v -0.295230 0.876269 -0.359739
v -0.397313 0.768056 -0.484127
v -0.484127 0.630328 -0.589910
v -0.552336 0.468376 -0.673024
v -0.599320 0.288424 -0.730273
v -0.359739 0.630328 -0.673024
v -0.410423 0.468376 -0.767847
v -0.445335 0.288424 -0.833163
v -0.463507 0.097389 -0.867162
v -0.064106 0.985270 -0.119934
v -0.135619 0.950696 -0.253726
v -0.219375 0.876269 -0.410423
v -0.295230 0.768056 -0.552336
v -0.039476 0.985270 -0.130135
v -0.083514 0.950696 -0.275309
v -0.135091 0.876269 -0.445335
v -0.181802 0.768056 -0.599320
v -0.221526 0.630328 -0.730273
v -0.252737 0.468376 -0.833163
v -0.274236 0.288424 -0.904034
v -0.285426 0.097389 -0.940925
v -0.074800 0.630328 -0.759459
v -0.085339 0.468376 -0.866461
v -0.092598 0.288424 -0.940165
v -0.096376 0.097389 -0.978530
v -0.013329 0.985270 -0.135336
v -0.028199 0.950696 -0.286312
v -0.045614 0.876269 -0.463133
v -0.061387 0.768056 -0.623272
vn 0.0445 0.4249 -0.9041
vn 0.0422 0.5112 -0.8584
vn 0.1261 0.5112 -0.8502
vn 0.1328 0.4249 -0.8954
vn 0.0395 0.5928 -0.8044
vn 0.0365 0.6687 -0.7426
vn 0.1091 0.6687 -0.7355
vn 0.1181 0.5928 -0.7966
vn 0.0331 0.7384 -0.6735
vn 0.0294 0.8010 -0.5979
vn 0.0878 0.8010 -0.5922
vn 0.0989 0.7384 -0.6670
vn 0.0254 0.8560 -0.5163
vn 0.0211 0.9027 -0.4297
vn 0.0631 0.9027 -0.4256
vn 0.0758 0.8560 -0.5114
vn 0.0159 0.9399 -0.3412
vn 0.0057 0.9666 -0.2561
vn 0.0443 0.9666 -0.2523
vn 0.0510 0.9399 -0.3377
vn -0.0253 0.9851 -0.1703
vn 0.0088 0.9959 -0.0897
vn 0.0580 0.9851 -0.1621
vn 0.0488 0.1053 -0.9932
vn 0.0485 0.1536 -0.9869
vn 0.1450 0.1536 -0.9775
vn 0.1459 0.1053 -0.9837
vn 0.0477 0.2413 -0.9693
vn 0.0463 0.3346 -0.9412
vn 0.1382 0.3346 -0.9322
vn 0.1424 0.2413 -0.9600
vn 0.1957 0.5928 -0.7812
vn 0.1807 0.6687 -0.7212
vn 0.2505 0.6687 -0.7001
vn 0.2713 0.5928 -0.7583
vn 0.2200 0.4249 -0.8781
vn 0.2089 0.5112 -0.8337
vn 0.2895 0.5112 -0.8092
vn 0.3049 0.4249 -0.8523
vn 0.2358 0.2413 -0.9414
vn 0.2290 0.3346 -0.9141
vn 0.3174 0.3346 -0.8873
vn 0.3269 0.2413 -0.9137
vn 0.2417 0.1053 -0.9646
vn 0.2401 0.1536 -0.9585
vn 0.3329 0.1536 -0.9304
vn 0.3350 0.1053 -0.9363
vn 0.0084 0.9851 -0.1720
vn 0.0262 0.9959 -0.0862
vn 0.0885 0.9851 -0.1476
vn 0.1256 0.8560 -0.5015
vn 0.1046 0.9027 -0.4174
vn 0.1449 0.9027 -0.4051
vn 0.1741 0.8560 -0.4867
vn 0.0822 0.9399 -0.3315
vn 0.0556 0.9666 -0.2500
vn 0.0927 0.9666 -0.2388
vn 0.1159 0.9399 -0.3213
vn 0.1639 0.7384 -0.6541
vn 0.1455 0.8010 -0.5807
vn 0.2017 0.8010 -0.5637
vn 0.2272 0.7384 -0.6349
vn 0.4252 0.1053 -0.8989
vn 0.4225 0.1536 -0.8933
vn 0.5080 0.1536 -0.8476
vn 0.5112 0.1053 -0.8530
vn 0.0418 0.9851 -0.1670
vn 0.0425 0.9959 -0.0795
vn 0.1156 0.9851 -0.1275
vn 0.1453 0.9399 -0.3091
vn 0.1033 0.9666 -0.2344
vn 0.1375 0.9666 -0.2161
vn 0.1763 0.9399 -0.2925
vn 0.2210 0.8560 -0.4673
vn 0.1840 0.9027 -0.3889
vn 0.2212 0.9027 -0.3691
vn 0.2658 0.8560 -0.4434
vn 0.2883 0.7384 -0.6096
vn 0.2560 0.8010 -0.5412
vn 0.3078 0.8010 -0.5135
vn 0.3467 0.7384 -0.5784
vn 0.3444 0.5928 -0.7280
vn 0.3179 0.6687 -0.6721
vn 0.3822 0.6687 -0.6378
vn 0.4140 0.5928 -0.6908
vn 0.3871 0.4249 -0.8183
vn 0.3675 0.5112 -0.7769
vn 0.4418 0.5112 -0.7372
vn 0.4653 0.4249 -0.7765
vn 0.4150 0.2413 -0.8773
vn 0.4029 0.3346 -0.8519
vn 0.4844 0.3346 -0.8083
vn 0.4989 0.2413 -0.8324
vn 0.4017 0.7384 -0.5416
vn 0.3566 0.8010 -0.4808
vn 0.4020 0.8010 -0.4436
vn 0.4528 0.7384 -0.4997
vn 0.4798 0.5928 -0.6468
vn 0.4429 0.6687 -0.5972
vn 0.4993 0.6687 -0.5509
vn 0.5408 0.5928 -0.5967
vn 0.5393 0.4249 -0.7271
vn 0.5120 0.5112 -0.6903
vn 0.5772 0.5112 -0.6368
vn 0.6079 0.4249 -0.6708
vn 0.5781 0.2413 -0.7795
vn 0.5614 0.3346 -0.7569
vn 0.6328 0.3346 -0.6983
vn 0.6517 0.2413 -0.7191
vn 0.5924 0.1053 -0.7987
vn 0.5887 0.1536 -0.7937
vn 0.6636 0.1536 -0.7322
vn 0.6678 0.1053 -0.7369
vn 0.0736 0.9851 -0.1556
vn 0.0572 0.9959 -0.0697
vn 0.1383 0.9851 -0.1025
vn 0.2028 0.9399 -0.2749
vn 0.1470 0.9666 -0.2097
vn 0.1770 0.9666 -0.1851
vn 0.2300 0.9399 -0.2525
vn 0.3080 0.8560 -0.4152
vn 0.2563 0.9027 -0.3456
vn 0.2889 0.9027 -0.3188
vn 0.3472 0.8560 -0.3831
vn 0.7369 0.1053 -0.6678
vn 0.7322 0.1536 -0.6636
vn 0.7937 0.1536 -0.5887
vn 0.7987 0.1053 -0.5924
vn 0.1025 0.9851 -0.1383
vn 0.0697 0.9959 -0.0572
vn 0.1556 0.9851 -0.0736
vn 0.2525 0.9399 -0.2300
vn 0.1851 0.9666 -0.1770
vn 0.2097 0.9666 -0.1470
vn 0.2749 0.9399 -0.2028
vn 0.3831 0.8560 -0.3472
vn 0.3188 0.9027 -0.2889
vn 0.3456 0.9027 -0.2563
vn 0.4152 0.8560 -0.3080
vn 0.4997 0.7384 -0.4528
vn 0.4436 0.8010 -0.4020
vn 0.4808 0.8010 -0.3566
vn 0.5416 0.7384 -0.4017
vn 0.5967 0.5928 -0.5408
vn 0.5509 0.6687 -0.4993
vn 0.5972 0.6687 -0.4429
vn 0.6468 0.5928 -0.4798
vn 0.6708 0.4249 -0.6079
vn 0.6368 0.5112 -0.5772
vn 0.6903 0.5112 -0.5120
vn 0.7271 0.4249 -0.5393
vn 0.7191 0.2413 -0.6517
vn 0.6983 0.3346 -0.6328
vn 0.7569 0.3346 -0.5614
vn 0.7795 0.2413 -0.5781
vn 0.6908 0.5928 -0.4140
vn 0.6378 0.6687 -0.3822
vn 0.6721 0.6687 -0.3179
vn 0.7280 0.5928 -0.3444
vn 0.7765 0.4249 -0.4653
vn 0.7372 0.5112 -0.4418
vn 0.7769 0.5112 -0.3675
vn 0.8183 0.4249 -0.3871
vn 0.8324 0.2413 -0.4989
vn 0.8083 0.3346 -0.4844
vn 0.8519 0.3346 -0.4029
vn 0.8773 0.2413 -0.4150
vn 0.8530 0.1053 -0.5112
vn 0.8476 0.1536 -0.5080
vn 0.8933 0.1536 -0.4225
vn 0.8989 0.1053 -0.4252
vn 0.1275 0.9851 -0.1156
vn 0.0795 0.9959 -0.0425
vn 0.1670 0.9851 -0.0418
vn 0.2925 0.9399 -0.1763
vn 0.2161 0.9666 -0.1375
vn 0.2344 0.9666 -0.1033
vn 0.3091 0.9399 -0.1453
vn 0.4434 0.8560 -0.2658
vn 0.3691 0.9027 -0.2212
vn 0.3889 0.9027 -0.1840
vn 0.4673 0.8560 -0.2210
vn 0.5784 0.7384 -0.3467
vn 0.5135 0.8010 -0.3078
vn 0.5412 0.8010 -0.2560
vn 0.6096 0.7384 -0.2883
vn 0.1476 0.9851 -0.0885
vn 0.0862 0.9959 -0.0262
vn 0.1720 0.9851 -0.0084
vn 0.3213 0.9399 -0.1159
vn 0.2388 0.9666 -0.0927
vn 0.2500 0.9666 -0.0556
vn 0.3315 0.9399 -0.0822
vn 0.4867 0.8560 -0.1741
vn 0.4051 0.9027 -0.1449
vn 0.4174 0.9027 -0.1046
vn 0.5015 0.8560 -0.1256
vn 0.6349 0.7384 -0.2272
vn 0.5637 0.8010 -0.2017
vn 0.5807 0.8010 -0.1455
vn 0.6541 0.7384 -0.1639
vn 0.7583 0.5928 -0.2713
vn 0.7001 0.6687 -0.2505
vn 0.7212 0.6687 -0.1807
vn 0.7812 0.5928 -0.1957
vn 0.8523 0.4249 -0.3049
vn 0.8092 0.5112 -0.2895
vn 0.8337 0.5112 -0.2089
vn 0.8781 0.4249 -0.2200
vn 0.9137 0.2413 -0.3269
vn 0.8873 0.3346 -0.3174
vn 0.9141 0.3346 -0.2290
vn 0.9414 0.2413 -0.2358
vn 0.9363 0.1053 -0.3350
vn 0.9304 0.1536 -0.3329
vn 0.9585 0.1536 -0.2401
vn 0.9646 0.1053 -0.2417
vn 0.7966 0.5928 -0.1181
vn 0.7355 0.6687 -0.1091
vn 0.7426 0.6687 -0.0365
vn 0.8044 0.5928 -0.0395
vn 0.8954 0.4249 -0.1328
vn 0.8502 0.5112 -0.1261
vn 0.8584 0.5112 -0.0422
vn 0.9041 0.4249 -0.0445
vn 0.9600 0.2413 -0.1424
vn 0.9322 0.3346 -0.1382
vn 0.9412 0.3346 -0.0463
vn 0.9693 0.2413 -0.0477
vn 0.9837 0.1053 -0.1459
vn 0.9774 0.1536 -0.1450
vn 0.9869 0.1536 -0.0485
vn 0.9932 0.1053 -0.0488
vn 0.1621 0.9851 -0.0580
vn 0.0897 0.9959 -0.0088
vn 0.1703 0.9851 0.0253
vn 0.3377 0.9399 -0.0510
vn 0.2523 0.9666 -0.0443
vn 0.2561 0.9666 -0.0057
vn 0.3412 0.9399 -0.0159
vn 0.5114 0.8560 -0.0758
vn 0.4256 0.9027 -0.0631
vn 0.4297 0.9027 -0.0211
vn 0.5163 0.8560 -0.0254
vn 0.6670 0.7384 -0.0989
vn 0.5922 0.8010 -0.0878
vn 0.5979 0.8010 -0.0294
vn 0.6735 0.7384 -0.0331
vn 0.1703 0.9851 -0.0253
vn 0.0897 0.9959 0.0088
vn 0.1621 0.9851 0.0580
vn 0.3412 0.9399 0.0159
vn 0.2561 0.9666 0.0057
vn 0.2523 0.9666 0.0443
vn 0.3377 0.9399 0.0510
vn 0.5163 0.8560 0.0254
vn 0.4297 0.9027 0.0211
vn 0.4256 0.9027 0.0631
vn 0.5114 0.8560 0.0758
vn 0.6735 0.7384 0.0331
vn 0.5979 0.8010 0.0294
vn 0.5922 0.8010 0.0878
vn 0.6670 0.7384 0.0989
vn 0.8044 0.5928 0.0395
vn 0.7426 0.6687 0.0365
vn 0.7355 0.6687 0.1091
vn 0.7966 0.5928 0.1181
vn 0.9041 0.4249 0.0445
vn 0.8584 0.5112 0.0422
vn 0.8502 0.5112 0.1261
vn 0.8954 0.4249 0.1328
vn 0.9693 0.2413 0.0477
vn 0.9412 0.3346 0.0463
vn 0.9322 0.3346 0.1382
vn 0.9600 0.2413 0.1424
vn 0.9932 0.1053 0.0488
vn 0.9869 0.1536 0.0485
vn 0.9774 0.1536 0.1450
vn 0.9837 0.1053 0.1459
vn 0.8781 0.4249 0.2200
vn 0.8337 0.5112 0.2089
vn 0.8092 0.5112 0.2895
vn 0.8523 0.4249 0.3049
vn 0.9414 0.2413 0.2358
vn 0.9141 0.3346 0.2290
vn 0.8873 0.3346 0.3174
vn 0.9137 0.2413 0.3269
vn 0.9646 0.1053 0.2417
vn 0.9585 0.1536 0.2401
vn 0.9304 0.1536 0.3329
vn 0.9363 0.1053 0.3350
vn 0.1720 0.9851 0.0084
vn 0.0862 0.9959 0.0262
vn 0.1476 0.9851 0.0885
vn 0.3315 0.9399 0.0822
vn 0.2500 0.9666 0.0556
vn 0.2388 0.9666 0.0927
vn 0.3213 0.9399 0.1159
vn 0.5015 0.8560 0.1256
vn 0.4174 0.9027 0.1046
vn 0.4051 0.9027 0.1449
vn 0.4867 0.8560 0.1741
vn 0.6541 0.7384 0.1639
vn 0.5807 0.8010 0.1455
vn 0.5637 0.8010 0.2017
vn 0.6349 0.7384 0.2272
vn 0.7812 0.5928 0.1957
vn 0.7212 0.6687 0.1807
vn 0.7001 0.6687 0.2505
vn 0.7583 0.5928 0.2713
vn 0.3091 0.9399 0.1453
vn 0.2344 0.9666 0.1033
vn 0.2161 0.9666 0.1375
vn 0.2925 0.9399 0.1763
vn 0.4673 0.8560 0.2210
vn 0.3889 0.9027 0.1840
vn 0.3691 0.9027 0.2212
vn 0.4434 0.8560 0.2658
vn 0.6096 0.7384 0.2883
vn 0.5412 0.8010 0.2560
vn 0.5135 0.8010 0.3078
vn 0.5784 0.7384 0.3467
vn 0.7280 0.5928 0.3444
vn 0.6721 0.6687 0.3179
vn 0.6378 0.6687 0.3822
vn 0.6908 0.5928 0.4140
vn 0.8183 0.4249 0.3871
vn 0.7769 0.5112 0.3675
vn 0.7372 0.5112 0.4418
vn 0.7765 0.4249 0.4653
vn 0.8773 0.2413 0.4150
vn 0.8519 0.3346 0.4029
vn 0.8083 0.3346 0.4844
vn 0.8324 0.2413 0.4989
vn 0.8989 0.1053 0.4252
vn 0.8933 0.1536 0.4225
vn 0.8476 0.1536 0.5080
vn 0.8530 0.1053 0.5112
vn 0.1670 0.9851 0.0418
vn 0.0795 0.9959 0.0425
vn 0.1275 0.9851 0.1156
vn 0.7795 0.2413 0.5781
vn 0.7569 0.3346 0.5614
vn 0.6983 0.3346 0.6328
vn 0.7191 0.2413 0.6517
vn 0.7987 0.1053 0.5924
vn 0.7937 0.1536 0.5887
vn 0.7322 0.1536 0.6636
vn 0.7369 0.1053 0.6678
vn 0.1556 0.9851 0.0736
vn 0.0697 0.9959 0.0572
vn 0.1025 0.9851 0.1383
vn 0.2749 0.9399 0.2028
vn 0.2097 0.9666 0.1470
vn 0.1851 0.9666 0.1770
vn 0.2525 0.9399 0.2300
vn 0.4152 0.8560 0.3080
vn 0.3456 0.9027 0.2563
vn 0.3188 0.9027 0.2889
vn 0.3831 0.8560 0.3472
vn 0.5416 0.7384 0.4017
vn 0.4808 0.8010 0.3566
vn 0.4436 0.8010 0.4020
vn 0.4997 0.7384 0.4528
vn 0.6468 0.5928 0.4798
vn 0.5972 0.6687 0.4429
vn 0.5509 0.6687 0.4993
vn 0.5967 0.5928 0.5408
vn 0.7271 0.4249 0.5393
vn 0.6903 0.5112 0.5120
vn 0.6368 0.5112 0.5772
vn 0.6708 0.4249 0.6079
vn 0.3472 0.8560 0.3831
vn 0.2889 0.9027 0.3188
vn 0.2563 0.9027 0.3456
vn 0.3080 0.8560 0.4152
vn 0.4528 0.7384 0.4997
vn 0.4020 0.8010 0.4436
vn 0.3566 0.8010 0.4808
vn 0.4017 0.7384 0.5416
vn 0.5408 0.5928 0.5967
vn 0.4993 0.6687 0.5509
vn 0.4429 0.6687 0.5972
vn 0.4798 0.5928 0.6468
vn 0.6079 0.4249 0.6708
vn 0.5772 0.5112 0.6368
vn 0.5120 0.5112 0.6903
vn 0.5393 0.4249 0.7271
vn 0.6517 0.2413 0.7191
vn 0.6328 0.3346 0.6983
vn 0.5614 0.3346 0.7569
vn 0.5781 0.2413 0.7795
vn 0.6678 0.1053 0.7369
vn 0.6636 0.1536 0.7322
vn 0.5887 0.1536 0.7937
vn 0.5924 0.1053 0.7987
vn 0.1383 0.9851 0.1025
vn 0.0572 0.9959 0.0697
vn 0.0736 0.9851 0.1556
vn 0.2300 0.9399 0.2525
vn 0.1770 0.9666 0.1851
vn 0.1470 0.9666 0.2097
vn 0.2028 0.9399 0.2749
vn 0.4989 0.2413 0.8324
vn 0.4844 0.3346 0.8083
vn 0.4029 0.3346 0.8519
vn 0.4150 0.2413 0.8773
vn 0.5112 0.1053 0.8530
vn 0.5080 0.1536 0.8476
vn 0.4225 0.1536 0.8933
vn 0.4252 0.1053 0.8989
vn 0.1156 0.9851 0.1275
vn 0.0425 0.9959 0.0795
vn 0.0418 0.9851 0.1670
vn 0.1763 0.9399 0.2925
vn 0.1375 0.9666 0.2161
vn 0.1033 0.9666 0.2344
vn 0.1453 0.9399 0.3091
vn 0.2658 0.8560 0.4434
vn 0.2212 0.9027 0.3691
vn 0.1840 0.9027 0.3889
vn 0.2210 0.8560 0.4673
vn 0.3467 0.7384 0.5784
vn 0.3078 0.8010 0.5135
vn 0.2560 0.8010 0.5412
vn 0.2883 0.7384 0.6096
vn 0.4140 0.5928 0.6908
vn 0.3822 0.6687 0.6378
vn 0.3179 0.6687 0.6721
vn 0.3444 0.5928 0.7280
vn 0.4653 0.4249 0.7765
vn 0.4418 0.5112 0.7372
vn 0.3675 0.5112 0.7769
vn 0.3871 0.4249 0.8183
vn 0.2272 0.7384 0.6349
vn 0.2017 0.8010 0.5637
vn 0.1455 0.8010 0.5807
vn 0.1639 0.7384 0.6541
vn 0.2713 0.5928 0.7583
vn 0.2505 0.6687 0.7001
vn 0.1807 0.6687 0.7212
vn 0.1957 0.5928 0.7812
vn 0.3049 0.4249 0.8523
vn 0.2895 0.5112 0.8092
vn 0.2089 0.5112 0.8337
vn 0.2200 0.4249 0.8781
vn 0.3269 0.2413 0.9137
vn 0.3174 0.3346 0.8873
vn 0.2290 0.3346 0.9141
vn 0.2358 0.2413 0.9414
vn 0.3350 0.1053 0.9363
vn 0.3329 0.1536 0.9304
vn 0.2401 0.1536 0.9585
vn 0.2417 0.1053 0.9646
vn 0.0885 0.9851 0.1476
vn 0.0262 0.9959 0.0862
vn 0.0084 0.9851 0.1720
vn 0.1159 0.9399 0.3213
vn 0.0927 0.9666 0.2388
vn 0.0556 0.9666 0.2500
vn 0.0822 0.9399 0.3315
vn 0.1741 0.8560 0.4867
vn 0.1449 0.9027 0.4051
vn 0.1046 0.9027 0.4174
vn 0.1256 0.8560 0.5015
vn 0.1459 0.1053 0.9837
vn 0.1450 0.1536 0.9775
vn 0.0485 0.1536 0.9869
vn 0.0488 0.1053 0.9932
vn 0.0580 0.9851 0.1621
vn 0.0088 0.9959 0.0897
vn -0.0253 0.9851 0.1703
vn 0.0510 0.9399 0.3377
vn 0.0443 0.9666 0.2523
vn 0.0057 0.9666 0.2561
vn 0.0159 0.9399 0.3412
vn 0.0758 0.8560 0.5114
vn 0.0631 0.9027 0.4256
vn 0.0211 0.9027 0.4297
vn 0.0254 0.8560 0.5163
vn 0.0989 0.7384 0.6670
vn 0.0878 0.8010 0.5922
vn 0.0294 0.8010 0.5979
vn 0.0331 0.7384 0.6735
vn 0.1181 0.5928 0.7966
vn 0.1091 0.6687 0.7355
vn 0.0365 0.6687 0.7426
vn 0.0395 0.5928 0.8044
vn 0.1328 0.4249 0.8954
vn 0.1261 0.5112 0.8502
vn 0.0422 0.5112 0.8584
vn 0.0445 0.4249 0.9041
vn 0.1424 0.2413 0.9600
vn 0.1382 0.3346 0.9322
vn 0.0463 0.3346 0.9412
vn 0.0477 0.2413 0.9693
vn -0.0331 0.7384 0.6735
vn -0.0294 0.8010 0.5979
vn -0.0878 0.8010 0.5922
vn -0.0989 0.7384 0.6670
vn -0.0395 0.5928 0.8044
vn -0.0365 0.6687 0.7426
vn -0.1091 0.6687 0.7355
vn -0.1181 0.5928 0.7966
vn -0.0445 0.4249 0.9041
vn -0.0422 0.5112 0.8584
vn -0.1261 0.5112 0.8502
vn -0.1328 0.4249 0.8954
vn -0.0477 0.2413 0.9693
vn -0.0463 0.3346 0.9412
vn -0.1382 0.3346 0.9322
vn -0.1424 0.2413 0.9600
vn -0.0488 0.1053 0.9932
vn -0.0485 0.1536 0.9869
vn -0.1450 0.1536 0.9774
vn -0.1459 0.1053 0.9837
vn 0.0253 0.9851 0.1703
vn -0.0088 0.9959 0.0897
vn -0.0580 0.9851 0.1621
vn -0.0159 0.9399 0.3412
vn -0.0057 0.9666 0.2561
vn -0.0443 0.9666 0.2523
vn -0.0510 0.9399 0.3377
vn -0.0254 0.8560 0.5163
vn -0.0211 0.9027 0.4297
vn -0.0631 0.9027 0.4256
vn -0.0758 0.8560 0.5114
vn -0.2417 0.1053 0.9646
vn -0.2401 0.1536 0.9585
vn -0.3329 0.1536 0.9304
vn -0.3350 0.1053 0.9363
vn -0.0084 0.9851 0.1720
vn -0.0262 0.9959 0.0862
vn -0.0885 0.9851 0.1476
vn -0.0822 0.9399 0.3315
vn -0.0556 0.9666 0.2500
vn -0.0927 0.9666 0.2388
vn -0.1159 0.9399 0.3213
vn -0.1256 0.8560 0.5015
vn -0.1046 0.9027 0.4174
vn -0.1449 0.9027 0.4051
vn -0.1741 0.8560 0.4867
vn -0.1639 0.7384 0.6541
vn -0.1455 0.8010 0.5807
vn -0.2017 0.8010 0.5637
vn -0.2272 0.7384 0.6349
vn -0.1957 0.5928 0.7812
vn -0.1807 0.6687 0.7212
vn -0.2505 0.6687 0.7001
vn -0.2713 0.5928 0.7583
vn -0.2200 0.4249 0.8781
vn -0.2089 0.5112 0.8337
vn -0.2895 0.5112 0.8092
vn -0.3049 0.4249 0.8523
vn -0.2358 0.2413 0.9414
vn -0.2290 0.3346 0.9141
vn -0.3174 0.3346 0.8873
vn -0.3269 0.2413 0.9137
vn -0.3444 0.5928 0.7280
vn -0.3179 0.6687 0.6721
vn -0.3822 0.6687 0.6378
vn -0.4140 0.5928 0.6908
vn -0.3871 0.4249 0.8183
vn -0.3675 0.5112 0.7769
vn -0.4418 0.5112 0.7372
vn -0.4653 0.4249 0.7765
vn -0.4150 0.2413 0.8773
vn -0.4029 0.3346 0.8519
vn -0.4844 0.3346 0.8083
vn -0.4989 0.2413 0.8324
vn -0.4252 0.1053 0.8989
vn -0.4225 0.1536 0.8933
vn -0.5080 0.1536 0.8476
vn -0.5112 0.1053 0.8530
vn -0.0418 0.9851 0.1670
vn -0.0425 0.9959 0.0795
vn -0.1156 0.9851 0.1275
vn -0.1453 0.9399 0.3091
vn -0.1033 0.9666 0.2344
vn -0.1375 0.9666 0.2161
vn -0.1763 0.9399 0.2925
vn -0.2210 0.8560 0.4673
vn -0.1840 0.9027 0.3889
vn -0.2212 0.9027 0.3691
vn -0.2658 0.8560 0.4434
vn -0.2883 0.7384 0.6096
vn -0.2560 0.8010 0.5412
vn -0.3078 0.8010 0.5135
vn -0.3467 0.7384 0.5784
vn -0.0736 0.9851 0.1556
vn -0.0572 0.9959 0.0697
vn -0.1383 0.9851 0.1025
vn -0.2028 0.9399 0.2749
vn -0.1470 0.9666 0.2097
vn -0.1770 0.9666 0.1851
vn -0.2300 0.9399 0.2525
vn -0.3080 0.8560 0.4152
vn -0.2563 0.9027 0.3456
vn -0.2889 0.9027 0.3188
vn -0.3472 0.8560 0.3831
vn -0.4017 0.7384 0.5416
vn -0.3566 0.8010 0.4808
vn -0.4020 0.8010 0.4436
vn -0.4528 0.7384 0.4997
vn -0.4798 0.5928 0.6468
vn -0.4429 0.6687 0.5972
vn -0.4993 0.6687 0.5509
vn -0.5408 0.5928 0.5967
vn -0.5393 0.4249 0.7271
vn -0.5120 0.5112 0.6903
vn -0.5772 0.5112 0.6368
vn -0.6079 0.4249 0.6708
vn -0.5781 0.2413 0.7795
vn -0.5614 0.3346 0.7569
vn -0.6328 0.3346 0.6983
vn -0.6517 0.2413 0.7191
vn -0.5924 0.1053 0.7987
vn -0.5887 0.1536 0.7937
vn -0.6636 0.1536 0.7322
vn -0.6678 0.1053 0.7369
vn -0.6708 0.4249 0.6079
vn -0.6368 0.5112 0.5772
vn -0.6903 0.5112 0.5120
vn -0.7271 0.4249 0.5393
vn -0.7191 0.2413 0.6517
vn -0.6983 0.3346 0.6328
vn -0.7569 0.3346 0.5614
vn -0.7795 0.2413 0.5781
vn -0.7369 0.1053 0.6678
vn -0.7322 0.1536 0.6636
vn -0.7937 0.1536 0.5887
vn -0.7987 0.1053 0.5924
vn -0.1025 0.9851 0.1383
vn -0.0697 0.9959 0.0572
vn -0.1556 0.9851 0.0736
vn -0.2525 0.9399 0.2300
vn -0.1851 0.9666 0.1770
vn -0.2097 0.9666 0.1470
vn -0.2749 0.9399 0.2028
vn -0.3831 0.8560 0.3472
vn -0.3188 0.9027 0.2889
vn -0.3456 0.9027 0.2563
vn -0.4152 0.8560 0.3080
vn -0.4997 0.7384 0.4528
vn -0.4436 0.8010 0.4020
vn -0.4808 0.8010 0.3566
vn -0.5416 0.7384 0.4017
vn -0.5967 0.5928 0.5408
vn -0.5509 0.6687 0.4993
vn -0.5972 0.6687 0.4429
vn -0.6468 0.5928 0.4798
vn -0.1275 0.9851 0.1156
vn -0.0795 0.9959 0.0425
vn -0.1670 0.9851 0.0418
vn -0.2925 0.9399 0.1763
vn -0.2161 0.9666 0.1375
vn -0.2344 0.9666 0.1033
vn -0.3091 0.9399 0.1453
vn -0.4434 0.8560 0.2658
vn -0.3691 0.9027 0.2212
vn -0.3889 0.9027 0.1840
vn -0.4673 0.8560 0.2210
vn -0.5784 0.7384 0.3467
vn -0.5135 0.8010 0.3078
vn -0.5412 0.8010 0.2560
vn -0.6096 0.7384 0.2883
vn -0.6908 0.5928 0.4140
vn -0.6378 0.6687 0.3822
vn -0.6721 0.6687 0.3179
vn -0.7280 0.5928 0.3444
vn -0.7765 0.4249 0.4653
vn -0.7372 0.5112 0.4418
vn -0.7769 0.5112 0.3675
vn -0.8183 0.4249 0.3871
vn -0.8324 0.2413 0.4989
vn -0.8083 0.3346 0.4844
vn -0.8519 0.3346 0.4029
vn -0.8773 0.2413 0.4150
vn -0.8530 0.1053 0.5112
vn -0.8476 0.1536 0.5080
vn -0.8933 0.1536 0.4225
vn -0.8989 0.1053 0.4252
vn -0.8523 0.4249 0.3049
vn -0.8092 0.5112 0.2895
vn -0.8337 0.5112 0.2089
vn -0.8781 0.4249 0.2200
vn -0.9137 0.2413 0.3269
vn -0.8873 0.3346 0.3174
vn -0.9141 0.3346 0.2290
vn -0.9414 0.2413 0.2358
vn -0.9363 0.1053 0.3350
vn -0.9304 0.1536 0.3329
vn -0.9585 0.1536 0.2401
vn -0.9646 0.1053 0.2417
vn -0.1476 0.9851 0.0885
vn -0.0862 0.9959 0.0262
vn -0.1720 0.9851 0.0084
vn -0.3213 0.9399 0.1159
vn -0.2388 0.9666 0.0927
vn -0.2500 0.9666 0.0556
vn -0.3315 0.9399 0.0822
vn -0.4867 0.8560 0.1741
vn -0.4051 0.9027 0.1449
vn -0.4174 0.9027 0.1046
vn -0.5015 0.8560 0.1256
vn -0.6349 0.7384 0.2272
vn -0.5637 0.8010 0.2017
vn -0.5807 0.8010 0.1455
vn -0.6541 0.7384 0.1639
vn -0.7583 0.5928 0.2713
vn -0.7001 0.6687 0.2505
vn -0.7212 0.6687 0.1807
vn -0.7812 0.5928 0.1957
vn -0.5114 0.8560 0.0758
vn -0.4256 0.9027 0.0631
vn -0.4297 0.9027 0.0211
vn -0.5163 0.8560 0.0254
vn -0.6670 0.7384 0.0989
vn -0.5922 0.8010 0.0878
vn -0.5979 0.8010 0.0294
vn -0.6735 0.7384 0.0331
vn -0.7966 0.5928 0.1181
vn -0.7355 0.6687 0.1091
vn -0.7426 0.6687 0.0365
vn -0.8044 0.5928 0.0395
vn -0.8954 0.4249 0.1328
vn -0.8502 0.5112 0.1261
vn -0.8584 0.5112 0.0422
vn -0.9041 0.4249 0.0445
vn -0.9600 0.2413 0.1424
vn -0.9322 0.3346 0.1382
vn -0.9412 0.3346 0.0463
vn -0.9693 0.2413 0.0477
vn -0.9837 0.1053 0.1459
vn -0.9775 0.1536 0.1450
vn -0.9869 0.1536 0.0485
vn -0.9932 0.1053 0.0488
vn -0.1621 0.9851 0.0580
vn -0.0897 0.9959 0.0088
vn -0.1703 0.9851 -0.0253
vn -0.3377 0.9399 0.0510
vn -0.2523 0.9666 0.0443
vn -0.2561 0.9666 0.0057
vn -0.3412 0.9399 0.0159
vn -0.9693 0.2413 -0.0477
vn -0.9412 0.3346 -0.0463
vn -0.9322 0.3346 -0.1382
vn -0.9600 0.2413 -0.1424
vn -0.9932 0.1053 -0.0488
vn -0.9869 0.1536 -0.0485
vn -0.9774 0.1536 -0.1450
vn -0.9837 0.1053 -0.1459
vn -0.1703 0.9851 0.0253
vn -0.0897 0.9959 -0.0088
vn -0.1621 0.9851 -0.0580
vn -0.3412 0.9399 -0.0159
vn -0.2561 0.9666 -0.0057
vn -0.2523 0.9666 -0.0443
vn -0.3377 0.9399 -0.0510
vn -0.5163 0.8560 -0.0254
vn -0.4297 0.9027 -0.0211
vn -0.4256 0.9027 -0.0631
vn -0.5114 0.8560 -0.0758
vn -0.6735 0.7384 -0.0331
vn -0.5979 0.8010 -0.0294
vn -0.5922 0.8010 -0.0878
vn -0.6670 0.7384 -0.0989
vn -0.8044 0.5928 -0.0395
vn -0.7426 0.6687 -0.0365
vn -0.7355 0.6687 -0.1091
vn -0.7966 0.5928 -0.1181
vn -0.9041 0.4249 -0.0445
vn -0.8584 0.5112 -0.0422
vn -0.8502 0.5112 -0.1261
vn -0.8954 0.4249 -0.1328
vn -0.5015 0.8560 -0.1256
vn -0.4174 0.9027 -0.1046
vn -0.4051 0.9027 -0.1449
vn -0.4867 0.8560 -0.1741
vn -0.6541 0.7384 -0.1639
vn -0.5807 0.8010 -0.1455
vn -0.5637 0.8010 -0.2017
vn -0.6349 0.7384 -0.2272
vn -0.7812 0.5928 -0.1957
vn -0.7212 0.6687 -0.1807
vn -0.7001 0.6687 -0.2505
vn -0.7583 0.5928 -0.2713
vn -0.8781 0.4249 -0.2200
vn -0.8337 0.5112 -0.2089
vn -0.8092 0.5112 -0.2895
vn -0.8523 0.4249 -0.3049
vn -0.9414 0.2413 -0.2358
vn -0.9141 0.3346 -0.2290
vn -0.8873 0.3346 -0.3174
vn -0.9137 0.2413 -0.3269
vn -0.9646 0.1053 -0.2417
vn -0.9585 0.1536 -0.2401
vn -0.9304 0.1536 -0.3329
vn -0.9363 0.1053 -0.3350
vn -0.1720 0.9851 -0.0084
vn -0.0862 0.9959 -0.0262
vn -0.1476 0.9851 -0.0885
vn -0.3315 0.9399 -0.0822
vn -0.2500 0.9666 -0.0556
vn -0.2388 0.9666 -0.0927
vn -0.3213 0.9399 -0.1159
vn -0.8773 0.2413 -0.4150
vn -0.8519 0.3346 -0.4029
vn -0.8083 0.3346 -0.4844
vn -0.8324 0.2413 -0.4989
vn -0.8989 0.1053 -0.4252
vn -0.8933 0.1536 -0.4225
vn -0.8476 0.1536 -0.5080
vn -0.8530 0.1053 -0.5112
vn -0.1670 0.9851 -0.0418
vn -0.0795 0.9959 -0.0425
vn -0.1275 0.9851 -0.1156
vn -0.3091 0.9399 -0.1453
vn -0.2344 0.9666 -0.1033
vn -0.2161 0.9666 -0.1375
vn -0.2925 0.9399 -0.1763
vn -0.4673 0.8560 -0.2210
vn -0.3889 0.9027 -0.1840
vn -0.3691 0.9027 -0.2212
vn -0.4434 0.8560 -0.2658
vn -0.6096 0.7384 -0.2883
vn -0.5412 0.8010 -0.2560
vn -0.5135 0.8010 -0.3078
vn -0.5784 0.7384 -0.3467
vn -0.7280 0.5928 -0.3444
vn -0.6721 0.6687 -0.3179
vn -0.6378 0.6687 -0.3822
vn -0.6908 0.5928 -0.4140
vn -0.8183 0.4249 -0.3871
vn -0.7769 0.5112 -0.3675
vn -0.7372 0.5112 -0.4418
vn -0.7765 0.4249 -0.4653
vn -0.5416 0.7384 -0.4017
vn -0.4808 0.8010 -0.3566
vn -0.4436 0.8010 -0.4020
vn -0.4997 0.7384 -0.4528
vn -0.6468 0.5928 -0.4798
vn -0.5972 0.6687 -0.4429
vn -0.5509 0.6687 -0.4993
vn -0.5967 0.5928 -0.5408
vn -0.7271 0.4249 -0.5393
vn -0.6903 0.5112 -0.5120
vn -0.6368 0.5112 -0.5772
vn -0.6708 0.4249 -0.6079
vn -0.7795 0.2413 -0.5781
vn -0.7569 0.3346 -0.5614
vn -0.6983 0.3346 -0.6328
vn -0.7191 0.2413 -0.6517
vn -0.7987 0.1053 -0.5924
vn -0.7937 0.1536 -0.5887
vn -0.7322 0.1536 -0.6636
vn -0.7369 0.1053 -0.6678
vn -0.1556 0.9851 -0.0736
vn -0.0697 0.9959 -0.0572
vn -0.1025 0.9851 -0.1383
vn -0.2749 0.9399 -0.2028
vn -0.2097 0.9666 -0.1470
vn -0.1851 0.9666 -0.1770
vn -0.2525 0.9399 -0.2300
vn -0.4152 0.8560 -0.3080
vn -0.3456 0.9027 -0.2563
vn -0.3188 0.9027 -0.2889
vn -0.3831 0.8560 -0.3472
vn -0.6678 0.1053 -0.7369
vn -0.6636 0.1536 -0.7322
vn -0.5887 0.1536 -0.7937
vn -0.5924 0.1053 -0.7987
vn -0.1383 0.9851 -0.1025
vn -0.0572 0.9959 -0.0697
vn -0.0736 0.9851 -0.1556
vn -0.2300 0.9399 -0.2525
vn -0.1770 0.9666 -0.1851
vn -0.1470 0.9666 -0.2097
vn -0.2028 0.9399 -0.2749
vn -0.3472 0.8560 -0.3831
vn -0.2889 0.9027 -0.3188
vn -0.2563 0.9027 -0.3456
vn -0.3080 0.8560 -0.4152
vn -0.4528 0.7384 -0.4997
vn -0.4020 0.8010 -0.4436
vn -0.3566 0.8010 -0.4808
vn -0.4017 0.7384 -0.5416
vn -0.5408 0.5928 -0.5967
vn -0.4993 0.6687 -0.5509
vn -0.4429 0.6687 -0.5972
vn -0.4798 0.5928 -0.6468
vn -0.6079 0.4249 -0.6708
vn -0.5772 0.5112 -0.6368
vn -0.5120 0.5112 -0.6903
vn -0.5393 0.4249 -0.7271
vn -0.6517 0.2413 -0.7191
vn -0.6328 0.3346 -0.6983
vn -0.5614 0.3346 -0.7569
vn -0.5781 0.2413 -0.7795
vn -0.4140 0.5928 -0.6908
vn -0.3822 0.6687 -0.6378
vn -0.3179 0.6687 -0.6721
vn -0.3444 0.5928 -0.7280
vn -0.4653 0.4249 -0.7765
vn -0.4418 0.5112 -0.7372
vn -0.3675 0.5112 -0.7769
vn -0.3871 0.4249 -0.8183
vn -0.4989 0.2413 -0.8324
vn -0.4844 0.3346 -0.8083
vn -0.4029 0.3346 -0.8519
vn -0.4150 0.2413 -0.8773
vn -0.5112 0.1053 -0.8530
vn -0.5080 0.1536 -0.8476
vn -0.4225 0.1536 -0.8933
vn -0.4252 0.1053 -0.8989
vn -0.1156 0.9851 -0.1275
vn -0.0425 0.9959 -0.0795
vn -0.0418 0.9851 -0.1670
vn -0.1763 0.9399 -0.2925
vn -0.1375 0.9666 -0.2161
vn -0.1033 0.9666 -0.2344
vn -0.1453 0.9399 -0.3091
vn -0.2658 0.8560 -0.4434
vn -0.2212 0.9027 -0.3691
vn -0.1840 0.9027 -0.3889
vn -0.2210 0.8560 -0.4673
vn -0.3467 0.7384 -0.5784
vn -0.3078 0.8010 -0.5135
vn -0.2560 0.8010 -0.5412
vn -0.2883 0.7384 -0.6096
vn -0.0885 0.9851 -0.1476
vn -0.0262 0.9959 -0.0862
vn -0.0084 0.9851 -0.1720
vn -0.1159 0.9399 -0.3213
vn -0.0927 0.9666 -0.2388
vn -0.0556 0.9666 -0.2500
vn -0.0822 0.9399 -0.3315
vn -0.1741 0.8560 -0.4867
vn -0.1449 0.9027 -0.4051
vn -0.1046 0.9027 -0.4174
vn -0.1256 0.8560 -0.5015
vn -0.2272 0.7384 -0.6349
vn -0.2017 0.8010 -0.5637
vn -0.1455 0.8010 -0.5807
vn -0.1639 0.7384 -0.6541
vn -0.2713 0.5928 -0.7583
vn -0.2505 0.6687 -0.7001
vn -0.1807 0.6687 -0.7212
vn -0.1957 0.5928 -0.7812
vn -0.3049 0.4249 -0.8523
vn -0.2895 0.5112 -0.8092
vn -0.2089 0.5112 -0.8337
vn -0.2200 0.4249 -0.8781
vn -0.3269 0.2413 -0.9137
vn -0.3174 0.3346 -0.8873
vn -0.2290 0.3346 -0.9141
vn -0.2358 0.2413 -0.9414
vn -0.3350 0.1053 -0.9363
vn -0.3329 0.1536 -0.9304
vn -0.2401 0.1536 -0.9585
vn -0.2417 0.1053 -0.9646
vn -0.1181 0.5928 -0.7966
vn -0.1091 0.6687 -0.7355
vn -0.0365 0.6687 -0.7426
vn -0.0396 0.5928 -0.8044
vn -0.1328 0.4249 -0.8954
vn -0.1261 0.5112 -0.8502
vn -0.0422 0.5112 -0.8584
vn -0.0445 0.4249 -0.9041
vn -0.1424 0.2413 -0.9600
vn -0.1382 0.3346 -0.9322
vn -0.0463 0.3346 -0.9412
vn -0.0477 0.2413 -0.9693
vn -0.1459 0.1053 -0.9837
vn -0.1450 0.1536 -0.9775
vn -0.0485 0.1536 -0.9869
vn -0.0488 0.1053 -0.9932
vn -0.0580 0.9851 -0.1621
vn -0.0088 0.9959 -0.0897
vn 0.0253 0.9851 -0.1703
vn -0.0510 0.9399 -0.3377
vn -0.0443 0.9666 -0.2523
vn -0.0057 0.9666 -0.2561
vn -0.0159 0.9399 -0.3412
vn -0.0758 0.8560 -0.5114
vn -0.0631 0.9027 -0.4256
vn -0.0211 0.9027 -0.4297
vn -0.0254 0.8560 -0.5163
vn -0.0989 0.7384 -0.6670
vn -0.0878 0.8010 -0.5922
vn -0.0294 0.8010 -0.5979
vn -0.0331 0.7384 -0.6735
vt 0.750000 0.625000
vt 0.750000 0.656250
vt 0.734375 0.656250
vt 0.734375 0.625000
vt 0.750000 0.687500
vt 0.734375 0.687500
vt 0.718750 0.687500
vt 0.718750 0.656250
vt 0.718750 0.625000
vt 0.750000 0.718750
vt 0.734375 0.718750
vt 0.750000 0.750000
vt 0.734375 0.750000
vt 0.718750 0.750000
vt 0.718750 0.718750
vt 0.750000 0.781250
vt 0.734375 0.781250
vt 0.750000 0.812500
vt 0.734375 0.812500
vt 0.718750 0.812500
vt 0.718750 0.781250
vt 0.750000 0.843750
vt 0.734375 0.843750
vt 0.750000 0.875000
vt 0.734375 0.875000
vt 0.718750 0.875000
vt 0.718750 0.843750
vt 0.750000 0.906105
vt 0.734375 0.905961
vt 0.750000 0.937500
vt 0.734375 0.935185
vt 0.718750 0.937500
vt 0.718750 0.906105
vt 0.742188 0.968750
vt 0.734375 0.957899
vt 0.734375 1.000000
vt 0.726563 0.968750
vt 0.750000 0.500000
vt 0.750000 0.531250
vt 0.734375 0.531250
vt 0.734375 0.500000
vt 0.750000 0.562500
vt 0.734375 0.562500
vt 0.718750 0.562500
vt 0.718750 0.531250
vt 0.718750 0.500000
vt 0.750000 0.593750
vt 0.734375 0.593750
vt 0.718750 0.593750
vt 0.703125 0.718750
vt 0.703125 0.687500
vt 0.703125 0.750000
vt 0.687500 0.750000
vt 0.687500 0.718750
vt 0.687500 0.687500
vt 0.703125 0.656250
vt 0.703125 0.625000
vt 0.687500 0.656250
vt 0.687500 0.625000
vt 0.703125 0.593750
vt 0.703125 0.562500
vt 0.687500 0.593750
vt 0.687500 0.562500
vt 0.703125 0.531250
vt 0.703125 0.500000
vt 0.687500 0.531250
vt 0.687500 0.500000
vt 0.710938 0.968750
vt 0.703125 0.957899
vt 0.703125 0.935185
vt 0.703125 1.000000
vt 0.695313 0.968750
vt 0.687500 0.937500
vt 0.703125 0.843750
vt 0.703125 0.812500
vt 0.703125 0.875000
vt 0.687500 0.875000
vt 0.687500 0.843750
vt 0.687500 0.812500
vt 0.703125 0.905961
vt 0.687500 0.906105
vt 0.703125 0.781250
vt 0.687500 0.781250
vt 0.671875 0.531250
vt 0.671875 0.500000
vt 0.671875 0.562500
vt 0.656250 0.562500
vt 0.656250 0.531250
vt 0.656250 0.500000
vt 0.679688 0.968750
vt 0.671875 0.957899
vt 0.671875 0.935185
vt 0.671875 1.000000
vt 0.664063 0.968750
vt 0.656250 0.937500
vt 0.671875 0.905961
vt 0.671875 0.875000
vt 0.656250 0.906105
vt 0.656250 0.875000
vt 0.671875 0.843750
vt 0.671875 0.812500
vt 0.656250 0.843750
vt 0.656250 0.812500
vt 0.671875 0.781250
vt 0.671875 0.750000
vt 0.656250 0.781250
vt 0.656250 0.750000
vt 0.671875 0.718750
vt 0.671875 0.687500
vt 0.656250 0.718750
vt 0.656250 0.687500
vt 0.671875 0.656250
vt 0.671875 0.625000
vt 0.656250 0.656250
vt 0.656250 0.625000
vt 0.671875 0.593750
vt 0.656250 0.593750
vt 0.640625 0.781250
vt 0.640625 0.750000
vt 0.640625 0.812500
vt 0.625000 0.812500
vt 0.625000 0.781250
vt 0.625000 0.750000
vt 0.640625 0.718750
vt 0.640625 0.687500
vt 0.625000 0.718750
vt 0.625000 0.687500
vt 0.640625 0.656250
vt 0.640625 0.625000
vt 0.625000 0.656250
vt 0.625000 0.625000
vt 0.640625 0.593750
vt 0.640625 0.562500
vt 0.625000 0.593750
vt 0.625000 0.562500
vt 0.640625 0.531250
vt 0.640625 0.500000
vt 0.625000 0.531250
vt 0.625000 0.500000
vt 0.648438 0.968750
vt 0.640625 0.957899
vt 0.640625 0.935185
vt 0.640625 1.000000
vt 0.632813 0.968750
vt 0.625000 0.937500
vt 0.640625 0.905961
vt 0.640625 0.875000
vt 0.625000 0.906105
vt 0.625000 0.875000
vt 0.640625 0.843750
vt 0.625000 0.843750
vt 0.609375 0.531250
vt 0.609375 0.500000
vt 0.609375 0.562500
vt 0.593750 0.562500
vt 0.593750 0.531250
vt 0.593750 0.500000
vt 0.617188 0.968750
vt 0.609375 0.957899
vt 0.609375 0.935185
vt 0.609375 1.000000
vt 0.601563 0.968750
vt 0.593750 0.937500
vt 0.609375 0.905961
vt 0.609375 0.875000
vt 0.593750 0.906105
vt 0.593750 0.875000
vt 0.609375 0.843750
vt 0.609375 0.812500
vt 0.593750 0.843750
vt 0.593750 0.812500
vt 0.609375 0.781250
vt 0.609375 0.750000
vt 0.593750 0.781250
vt 0.593750 0.750000
vt 0.609375 0.718750
vt 0.609375 0.687500
vt 0.593750 0.718750
vt 0.593750 0.687500
vt 0.609375 0.656250
vt 0.609375 0.625000
vt 0.593750 0.656250
vt 0.593750 0.625000
vt 0.609375 0.593750
vt 0.593750 0.593750
vt 0.578125 0.718750
vt 0.578125 0.687500
vt 0.578125 0.750000
vt 0.562500 0.750000
vt 0.562500 0.718750
vt 0.562500 0.687500
vt 0.578125 0.656250
vt 0.578125 0.625000
vt 0.562500 0.656250
vt 0.562500 0.625000
vt 0.578125 0.593750
vt 0.578125 0.562500
vt 0.562500 0.593750
vt 0.562500 0.562500
vt 0.578125 0.531250
vt 0.578125 0.500000
vt 0.562500 0.531250
vt 0.562500 0.500000
vt 0.585938 0.968750
vt 0.578125 0.957899
vt 0.578125 0.935185
vt 0.578125 1.000000
vt 0.570313 0.968750
vt 0.562500 0.937500
vt 0.578125 0.905961
vt 0.578125 0.875000
vt 0.562500 0.906105
vt 0.562500 0.875000
vt 0.578125 0.843750
vt 0.578125 0.812500
vt 0.562500 0.843750
vt 0.562500 0.812500
vt 0.578125 0.781250
vt 0.562500 0.781250
vt 0.554688 0.968750
vt 0.546875 0.957899
vt 0.546875 0.935185
vt 0.546875 1.000000
vt 0.539063 0.968750
vt 0.531250 0.937500
vt 0.546875 0.905961
vt 0.546875 0.875000
vt 0.531250 0.906105
vt 0.531250 0.875000
vt 0.546875 0.843750
vt 0.546875 0.812500
vt 0.531250 0.843750
vt 0.531250 0.812500
vt 0.546875 0.781250
vt 0.546875 0.750000
vt 0.531250 0.781250
vt 0.531250 0.750000
vt 0.546875 0.718750
vt 0.546875 0.687500
vt 0.531250 0.718750
vt 0.531250 0.687500
vt 0.546875 0.656250
vt 0.546875 0.625000
vt 0.531250 0.656250
vt 0.531250 0.625000
vt 0.546875 0.593750
vt 0.546875 0.562500
vt 0.531250 0.593750
vt 0.531250 0.562500
vt 0.546875 0.531250
vt 0.546875 0.500000
vt 0.531250 0.531250
vt 0.531250 0.500000
vt 0.515625 0.718750
vt 0.515625 0.687500
vt 0.515625 0.750000
vt 0.500000 0.750000
vt 0.500000 0.718750
vt 0.500000 0.687500
vt 0.515625 0.656250
vt 0.515625 0.625000
vt 0.500000 0.656250
vt 0.500000 0.625000
vt 0.515625 0.593750
vt 0.515625 0.562500
vt 0.500000 0.593750
vt 0.500000 0.562500
vt 0.515625 0.531250
vt 0.515625 0.500000
vt 0.500000 0.531250
vt 0.500000 0.500000
vt 0.523438 0.968750
vt 0.515625 0.957899
vt 0.515625 0.935185
vt 0.515625 1.000000
vt 0.507813 0.968750
vt 0.500000 0.937500
vt 0.515625 0.905961
vt 0.515625 0.875000
vt 0.500000 0.906105
vt 0.500000 0.875000
vt 0.515625 0.843750
vt 0.515625 0.812500
vt 0.500000 0.843750
vt 0.500000 0.812500
vt 0.515625 0.781250
vt 0.500000 0.781250
vt 0.492188 0.968750
vt 0.484375 0.957899
vt 0.484375 0.935185
vt 0.484375 1.000000
vt 0.476563 0.968750
vt 0.468750 0.937500
vt 0.484375 0.905961
vt 0.484375 0.875000
vt 0.468750 0.906105
vt 0.468750 0.875000
vt 0.484375 0.843750
vt 0.484375 0.812500
vt 0.468750 0.843750
vt 0.468750 0.812500
vt 0.484375 0.781250
vt 0.484375 0.750000
vt 0.468750 0.781250
vt 0.468750 0.750000
vt 0.484375 0.718750
vt 0.484375 0.687500
vt 0.468750 0.718750
vt 0.468750 0.687500
vt 0.484375 0.656250
vt 0.484375 0.625000
vt 0.468750 0.656250
vt 0.468750 0.625000
vt 0.484375 0.593750
vt 0.484375 0.562500
vt 0.468750 0.593750
vt 0.468750 0.562500
vt 0.484375 0.531250
vt 0.484375 0.500000
vt 0.468750 0.531250
vt 0.468750 0.500000
vt 0.453125 0.656250
vt 0.453125 0.625000
vt 0.453125 0.687500
vt 0.437500 0.687500
vt 0.437500 0.656250
vt 0.437500 0.625000
vt 0.453125 0.593750
vt 0.453125 0.562500
vt 0.437500 0.593750
vt 0.437500 0.562500
vt 0.453125 0.531250
vt 0.453125 0.500000
vt 0.437500 0.531250
vt 0.437500 0.500000
vt 0.460938 0.968750
vt 0.453125 0.957899
vt 0.453125 0.935185
vt 0.453125 1.000000
vt 0.445313 0.968750
vt 0.437500 0.937500
vt 0.453125 0.905961
vt 0.453125 0.875000
vt 0.437500 0.906105
vt 0.437500 0.875000
vt 0.453125 0.843750
vt 0.453125 0.812500
vt 0.437500 0.843750
vt 0.437500 0.812500
vt 0.453125 0.781250
vt 0.453125 0.750000
vt 0.437500 0.781250
vt 0.437500 0.750000
vt 0.453125 0.718750
vt 0.437500 0.718750
vt 0.421875 0.905961
vt 0.421875 0.875000
vt 0.421875 0.935185
vt 0.406250 0.937500
vt 0.406250 0.906105
vt 0.406250 0.875000
vt 0.421875 0.843750
vt 0.421875 0.812500
vt 0.406250 0.843750
vt 0.406250 0.812500
vt 0.421875 0.781250
vt 0.421875 0.750000
vt 0.406250 0.781250
vt 0.406250 0.750000
vt 0.421875 0.718750
vt 0.421875 0.687500
vt 0.406250 0.718750
vt 0.406250 0.687500
vt 0.421875 0.656250
vt 0.421875 0.625000
vt 0.406250 0.656250
vt 0.406250 0.625000
vt 0.421875 0.593750
vt 0.421875 0.562500
vt 0.406250 0.593750
vt 0.406250 0.562500
vt 0.421875 0.531250
vt 0.421875 0.500000
vt 0.406250 0.531250
vt 0.406250 0.500000
vt 0.429688 0.968750
vt 0.421875 0.957899
vt 0.421875 1.000000
vt 0.414063 0.968750
vt 0.390625 0.593750
vt 0.390625 0.562500
vt 0.390625 0.625000
vt 0.375000 0.625000
vt 0.375000 0.593750
vt 0.375000 0.562500
vt 0.390625 0.531250
vt 0.390625 0.500000
vt 0.375000 0.531250
vt 0.375000 0.500000
vt 0.398438 0.968750
vt 0.390625 0.957899
vt 0.390625 0.935185
vt 0.390625 1.000000
vt 0.382813 0.968750
vt 0.375000 0.937500
vt 0.390625 0.905961
vt 0.390625 0.875000
vt 0.375000 0.906105
vt 0.375000 0.875000
vt 0.390625 0.843750
vt 0.390625 0.812500
vt 0.375000 0.843750
vt 0.375000 0.812500
vt 0.390625 0.781250
vt 0.390625 0.750000
vt 0.375000 0.781250
vt 0.375000 0.750000
vt 0.390625 0.718750
vt 0.390625 0.687500
vt 0.375000 0.718750
vt 0.375000 0.687500
vt 0.390625 0.656250
vt 0.375000 0.656250
vt 0.359375 0.843750
vt 0.359375 0.812500
vt 0.359375 0.875000
vt 0.343750 0.875000
vt 0.343750 0.843750
vt 0.343750 0.812500
vt 0.359375 0.781250
vt 0.359375 0.750000
vt 0.343750 0.781250
vt 0.343750 0.750000
vt 0.359375 0.718750
vt 0.359375 0.687500
vt 0.343750 0.718750
vt 0.343750 0.687500
vt 0.359375 0.656250
vt 0.359375 0.625000
vt 0.343750 0.656250
vt 0.343750 0.625000
vt 0.359375 0.593750
vt 0.359375 0.562500
vt 0.343750 0.593750
vt 0.343750 0.562500
vt 0.359375 0.531250
vt 0.359375 0.500000
vt 0.343750 0.531250
vt 0.343750 0.500000
vt 0.367188 0.968750
vt 0.359375 0.957899
vt 0.359375 0.935185
vt 0.359375 1.000000
vt 0.351563 0.968750
vt 0.343750 0.937500
vt 0.359375 0.905961
vt 0.343750 0.906105
vt 0.328125 0.593750
vt 0.328125 0.562500
vt 0.328125 0.625000
vt 0.312500 0.625000
vt 0.312500 0.593750
vt 0.312500 0.562500
vt 0.328125 0.531250
vt 0.328125 0.500000
vt 0.312500 0.531250
vt 0.312500 0.500000
vt 0.335938 0.968750
vt 0.328125 0.957899
vt 0.328125 0.935185
vt 0.328125 1.000000
vt 0.320313 0.968750
vt 0.312500 0.937500
vt 0.328125 0.905961
vt 0.328125 0.875000
vt 0.312500 0.906105
vt 0.312500 0.875000
vt 0.328125 0.843750
vt 0.328125 0.812500
vt 0.312500 0.843750
vt 0.312500 0.812500
vt 0.328125 0.781250
vt 0.328125 0.750000
vt 0.312500 0.781250
vt 0.312500 0.750000
vt 0.328125 0.718750
vt 0.328125 0.687500
vt 0.312500 0.718750
vt 0.312500 0.687500
vt 0.328125 0.656250
vt 0.312500 0.656250
vt 0.296875 0.781250
vt 0.296875 0.750000
vt 0.296875 0.812500
vt 0.281250 0.812500
vt 0.281250 0.781250
vt 0.281250 0.750000
vt 0.296875 0.718750
vt 0.296875 0.687500
vt 0.281250 0.718750
vt 0.281250 0.687500
vt 0.296875 0.656250
vt 0.296875 0.625000
vt 0.281250 0.656250
vt 0.281250 0.625000
vt 0.296875 0.593750
vt 0.296875 0.562500
vt 0.281250 0.593750
vt 0.281250 0.562500
vt 0.296875 0.531250
vt 0.296875 0.500000
vt 0.281250 0.531250
vt 0.281250 0.500000
vt 0.304688 0.968750
vt 0.296875 0.957899
vt 0.296875 0.935185
vt 0.296875 1.000000
vt 0.289063 0.968750
vt 0.281250 0.937500
vt 0.296875 0.905961
vt 0.296875 0.875000
vt 0.281250 0.906105
vt 0.281250 0.875000
vt 0.296875 0.843750
vt 0.281250 0.843750
vt 0.265625 0.531250
vt 0.265625 0.500000
vt 0.265625 0.562500
vt 0.250000 0.562500
vt 0.250000 0.531250
vt 0.250000 0.500000
vt 0.273438 0.968750
vt 0.265625 0.957899
vt 0.265625 0.935185
vt 0.265625 1.000000
vt 0.257813 0.968750
vt 0.250000 0.937500
vt 0.265625 0.905961
vt 0.265625 0.875000
vt 0.250000 0.906105
vt 0.250000 0.875000
vt 0.265625 0.843750
vt 0.265625 0.812500
vt 0.250000 0.843750
vt 0.250000 0.812500
vt 0.265625 0.781250
vt 0.265625 0.750000
vt 0.250000 0.781250
vt 0.250000 0.750000
vt 0.265625 0.718750
vt 0.265625 0.687500
vt 0.250000 0.718750
vt 0.250000 0.687500
vt 0.265625 0.656250
vt 0.265625 0.625000
vt 0.250000 0.656250
vt 0.250000 0.625000
vt 0.265625 0.593750
vt 0.250000 0.593750
vt 0.234375 0.781250
vt 0.234375 0.750000
vt 0.234375 0.812500
vt 0.218750 0.812500
vt 0.218750 0.781250
vt 0.218750 0.750000
vt 0.234375 0.718750
vt 0.234375 0.687500
vt 0.218750 0.718750
vt 0.218750 0.687500
vt 0.234375 0.656250
vt 0.234375 0.625000
vt 0.218750 0.656250
vt 0.218750 0.625000
vt 0.234375 0.593750
vt 0.234375 0.562500
vt 0.218750 0.593750
vt 0.218750 0.562500
vt 0.234375 0.531250
vt 0.234375 0.500000
vt 0.218750 0.531250
vt 0.218750 0.500000
vt 0.242188 0.968750
vt 0.234375 0.957899
vt 0.234375 0.935185
vt 0.234375 1.000000
vt 0.226563 0.968750
vt 0.218750 0.937500
vt 0.234375 0.905961
vt 0.234375 0.875000
vt 0.218750 0.906105
vt 0.218750 0.875000
vt 0.234375 0.843750
vt 0.218750 0.843750
vt 0.203125 0.531250
vt 0.203125 0.500000
vt 0.203125 0.562500
vt 0.187500 0.562500
vt 0.187500 0.531250
vt 0.187500 0.500000
vt 0.210938 0.968750
vt 0.203125 0.957899
vt 0.203125 0.935185
vt 0.203125 1.000000
vt 0.195313 0.968750
vt 0.187500 0.937500
vt 0.203125 0.905961
vt 0.203125 0.875000
vt 0.187500 0.906105
vt 0.187500 0.875000
vt 0.203125 0.843750
vt 0.203125 0.812500
vt 0.187500 0.843750
vt 0.187500 0.812500
vt 0.203125 0.781250
vt 0.203125 0.750000
vt 0.187500 0.781250
vt 0.187500 0.750000
vt 0.203125 0.718750
vt 0.203125 0.687500
vt 0.187500 0.718750
vt 0.187500 0.687500
vt 0.203125 0.656250
vt 0.203125 0.625000
vt 0.187500 0.656250
vt 0.187500 0.625000
vt 0.203125 0.593750
vt 0.187500 0.593750
vt 0.171875 0.718750
vt 0.171875 0.687500
vt 0.171875 0.750000
vt 0.156250 0.750000
vt 0.156250 0.718750
vt 0.156250 0.687500
vt 0.171875 0.656250
vt 0.171875 0.625000
vt 0.156250 0.656250
vt 0.156250 0.625000
vt 0.171875 0.593750
vt 0.171875 0.562500
vt 0.156250 0.593750
vt 0.156250 0.562500
vt 0.171875 0.531250
vt 0.171875 0.500000
vt 0.156250 0.531250
vt 0.156250 0.500000
vt 0.179688 0.968750
vt 0.171875 0.957899
vt 0.171875 0.935185
vt 0.171875 1.000000
vt 0.164063 0.968750
vt 0.156250 0.937500
vt 0.171875 0.905961
vt 0.171875 0.875000
vt 0.156250 0.906105
vt 0.156250 0.875000
vt 0.171875 0.843750
vt 0.171875 0.812500
vt 0.156250 0.843750
vt 0.156250 0.812500
vt 0.171875 0.781250
vt 0.156250 0.781250
vt 0.148438 0.968750
vt 0.140625 0.957899
vt 0.140625 0.935185
vt 0.140625 1.000000
vt 0.132813 0.968750
vt 0.125000 0.937500
vt 0.140625 0.905961
vt 0.140625 0.875000
vt 0.125000 0.906105
vt 0.125000 0.875000
vt 0.140625 0.843750
vt 0.140625 0.812500
vt 0.125000 0.843750
vt 0.125000 0.812500
vt 0.140625 0.781250
vt 0.140625 0.750000
vt 0.125000 0.781250
vt 0.125000 0.750000
vt 0.140625 0.718750
vt 0.140625 0.687500
vt 0.125000 0.718750
vt 0.125000 0.687500
vt 0.140625 0.656250
vt 0.140625 0.625000
vt 0.125000 0.656250
vt 0.125000 0.625000
vt 0.140625 0.593750
vt 0.140625 0.562500
vt 0.125000 0.593750
vt 0.125000 0.562500
vt 0.140625 0.531250
vt 0.140625 0.500000
vt 0.125000 0.531250
vt 0.125000 0.500000
vt 0.109375 0.656250
vt 0.109375 0.625000
vt 0.109375 0.687500
vt 0.093750 0.687500
vt 0.093750 0.656250
vt 0.093750 0.625000
vt 0.109375 0.593750
vt 0.109375 0.562500
vt 0.093750 0.593750
vt 0.093750 0.562500
vt 0.109375 0.531250
vt 0.109375 0.500000
vt 0.093750 0.531250
vt 0.093750 0.500000
vt 0.117188 0.968750
vt 0.109375 0.957899
vt 0.109375 0.935185
vt 0.109375 1.000000
vt 0.101563 0.968750
vt 0.093750 0.937500
vt 0.109375 0.905961
vt 0.109375 0.875000
vt 0.093750 0.906105
vt 0.093750 0.875000
vt 0.109375 0.843750
vt 0.109375 0.812500
vt 0.093750 0.843750
vt 0.093750 0.812500
vt 0.109375 0.781250
vt 0.109375 0.750000
vt 0.093750 0.781250
vt 0.093750 0.750000
vt 0.109375 0.718750
vt 0.093750 0.718750
vt 0.085938 0.968750
vt 0.078125 0.957899
vt 0.078125 0.935185
vt 0.078125 1.000000
vt 0.070313 0.968750
vt 0.062500 0.937500
vt 0.078125 0.905961
vt 0.078125 0.875000
vt 0.062500 0.906105
vt 0.062500 0.875000
vt 0.078125 0.843750
vt 0.078125 0.812500
vt 0.062500 0.843750
vt 0.062500 0.812500
vt 0.078125 0.781250
vt 0.078125 0.750000
vt 0.062500 0.781250
vt 0.062500 0.750000
vt 0.078125 0.718750
vt 0.078125 0.687500
vt 0.062500 0.718750
vt 0.062500 0.687500
vt 0.078125 0.656250
vt 0.078125 0.625000
vt 0.062500 0.656250
vt 0.062500 0.625000
vt 0.078125 0.593750
vt 0.078125 0.562500
vt 0.062500 0.593750
vt 0.062500 0.562500
vt 0.078125 0.531250
vt 0.078125 0.500000
vt 0.062500 0.531250
vt 0.062500 0.500000
vt 0.046875 0.656250
vt 0.046875 0.625000
vt 0.046875 0.687500
vt 0.031250 0.687500
vt 0.031250 0.656250
vt 0.031250 0.625000
vt 0.046875 0.593750
vt 0.046875 0.562500
vt 0.031250 0.593750
vt 0.031250 0.562500
vt 0.046875 0.531250
vt 0.046875 0.500000
vt 0.031250 0.531250
vt 0.031250 0.500000
vt 0.054687 0.968750
vt 0.046875 0.957899
vt 0.046875 0.935185
vt 0.046875 1.000000
vt 0.039062 0.968750
vt 0.031250 0.937500
vt 0.046875 0.905961
vt 0.046875 0.875000
vt 0.031250 0.906105
vt 0.031250 0.875000
vt 0.046875 0.843750
vt 0.046875 0.812500
vt 0.031250 0.843750
vt 0.031250 0.812500
vt 0.046875 0.781250
vt 0.046875 0.750000
vt 0.031250 0.781250
vt 0.031250 0.750000
vt 0.046875 0.718750
vt 0.031250 0.718750
vt 0.015625 0.843750
vt 0.015625 0.812500
vt 0.015625 0.875000
vt 0.000000 0.875000
vt 0.000000 0.843750
vt 0.000000 0.812500
vt 0.015625 0.781250
vt 0.015625 0.750000
vt 0.000000 0.781250
vt 0.000000 0.750000
vt 0.015625 0.718750
vt 0.015625 0.687500
vt 0.000000 0.718750
vt 0.000000 0.687500
vt 0.015625 0.656250
vt 0.015625 0.625000
vt 0.000000 0.656250
vt 0.000000 0.625000
vt 0.015625 0.593750
vt 0.015625 0.562500
vt 0.000000 0.593750
vt 0.000000 0.562500
vt 0.015625 0.531250
vt 0.015625 0.500000
vt 0.000000 0.531250
vt 0.000000 0.500000
vt 0.023438 0.968750
vt 0.015625 0.957899
vt 0.015625 0.935185
vt 0.015625 1.000000
vt 0.007813 0.968750
vt 0.000000 0.937500
vt 0.015625 0.905961
vt 0.000000 0.906250
vt 1.000000 0.562500
vt 1.000000 0.593750
vt 0.984375 0.593750
vt 0.984375 0.562500
vt 1.000000 0.625000
vt 0.984375 0.625000
vt 0.968750 0.625000
vt 0.968750 0.593750
vt 0.968750 0.562500
vt 1.000000 0.500000
vt 1.000000 0.531250
vt 0.984375 0.531250
vt 0.984375 0.500000
vt 0.968750 0.531250
vt 0.968750 0.500000
vt 1.000000 0.937500
vt 0.992188 0.968750
vt 0.984375 0.957899
vt 0.984375 0.935185
vt 0.984375 1.000000
vt 0.976563 0.968750
vt 0.968750 0.937500
vt 1.000000 0.875000
vt 1.000000 0.906250
vt 0.984375 0.905961
vt 0.984375 0.875000
vt 0.968750 0.906105
vt 0.968750 0.875000
vt 1.000000 0.812500
vt 1.000000 0.843750
vt 0.984375 0.843750
vt 0.984375 0.812500
vt 0.968750 0.843750
vt 0.968750 0.812500
vt 1.000000 0.750000
vt 1.000000 0.781250
vt 0.984375 0.781250
vt 0.984375 0.750000
vt 0.968750 0.781250
vt 0.968750 0.750000
vt 1.000000 0.687500
vt 1.000000 0.718750
vt 0.984375 0.718750
vt 0.984375 0.687500
vt 0.968750 0.718750
vt 0.968750 0.687500
vt 1.000000 0.656250
vt 0.984375 0.656250
vt 0.968750 0.656250
vt 0.953125 0.843750
vt 0.953125 0.812500
vt 0.953125 0.875000
vt 0.937500 0.875000
vt 0.937500 0.843750
vt 0.937500 0.812500
vt 0.953125 0.781250
vt 0.953125 0.750000
vt 0.937500 0.781250
vt 0.937500 0.750000
vt 0.953125 0.718750
vt 0.953125 0.687500
vt 0.937500 0.718750
vt 0.937500 0.687500
vt 0.953125 0.656250
vt 0.953125 0.625000
vt 0.937500 0.656250
vt 0.937500 0.625000
vt 0.953125 0.593750
vt 0.953125 0.562500
vt 0.937500 0.593750
vt 0.937500 0.562500
vt 0.953125 0.531250
vt 0.953125 0.500000
vt 0.937500 0.531250
vt 0.937500 0.500000
vt 0.960938 0.968750
vt 0.953125 0.957899
vt 0.953125 0.935185
vt 0.953125 1.000000
vt 0.945313 0.968750
vt 0.937500 0.937500
vt 0.953125 0.905961
vt 0.937500 0.906105
vt 0.921875 0.593750
vt 0.921875 0.562500
vt 0.921875 0.625000
vt 0.906250 0.625000
vt 0.906250 0.593750
vt 0.906250 0.562500
vt 0.921875 0.531250
vt 0.921875 0.500000
vt 0.906250 0.531250
vt 0.906250 0.500000
vt 0.929688 0.968750
vt 0.921875 0.957899
vt 0.921875 0.935185
vt 0.921875 1.000000
vt 0.914063 0.968750
vt 0.906250 0.937500
vt 0.921875 0.905961
vt 0.921875 0.875000
vt 0.906250 0.906105
vt 0.906250 0.875000
vt 0.921875 0.843750
vt 0.921875 0.812500
vt 0.906250 0.843750
vt 0.906250 0.812500
vt 0.921875 0.781250
vt 0.921875 0.750000
vt 0.906250 0.781250
vt 0.906250 0.750000
vt 0.921875 0.718750
vt 0.921875 0.687500
vt 0.906250 0.718750
vt 0.906250 0.687500
vt 0.921875 0.656250
vt 0.906250 0.656250
vt 0.890625 0.781250
vt 0.890625 0.750000
vt 0.890625 0.812500
vt 0.875000 0.812500
vt 0.875000 0.781250
vt 0.875000 0.750000
vt 0.890625 0.718750
vt 0.890625 0.687500
vt 0.875000 0.718750
vt 0.875000 0.687500
vt 0.890625 0.656250
vt 0.890625 0.625000
vt 0.875000 0.656250
vt 0.875000 0.625000
vt 0.890625 0.593750
vt 0.890625 0.562500
vt 0.875000 0.593750
vt 0.875000 0.562500
vt 0.890625 0.531250
vt 0.890625 0.500000
vt 0.875000 0.531250
vt 0.875000 0.500000
vt 0.898438 0.968750
vt 0.890625 0.957899
vt 0.890625 0.935185
vt 0.890625 1.000000
vt 0.882813 0.968750
vt 0.875000 0.937500
vt 0.890625 0.905961
vt 0.890625 0.875000
vt 0.875000 0.906105
vt 0.875000 0.875000
vt 0.890625 0.843750
vt 0.875000 0.843750
vt 0.859375 0.531250
vt 0.859375 0.500000
vt 0.859375 0.562500
vt 0.843750 0.562500
vt 0.843750 0.531250
vt 0.843750 0.500000
vt 0.867188 0.968750
vt 0.859375 0.957899
vt 0.859375 0.935185
vt 0.859375 1.000000
vt 0.851563 0.968750
vt 0.843750 0.937500
vt 0.859375 0.905961
vt 0.859375 0.875000
vt 0.843750 0.906105
vt 0.843750 0.875000
vt 0.859375 0.843750
vt 0.859375 0.812500
vt 0.843750 0.843750
vt 0.843750 0.812500
vt 0.859375 0.781250
vt 0.859375 0.750000
vt 0.843750 0.781250
vt 0.843750 0.750000
vt 0.859375 0.718750
vt 0.859375 0.687500
vt 0.843750 0.718750
vt 0.843750 0.687500
vt 0.859375 0.656250
vt 0.859375 0.625000
vt 0.843750 0.656250
vt 0.843750 0.625000
vt 0.859375 0.593750
vt 0.843750 0.593750
vt 0.828125 0.718750
vt 0.828125 0.687500
vt 0.828125 0.750000
vt 0.812500 0.750000
vt 0.812500 0.718750
vt 0.812500 0.687500
vt 0.828125 0.656250
vt 0.828125 0.625000
vt 0.812500 0.656250
vt 0.812500 0.625000
vt 0.828125 0.593750
vt 0.828125 0.562500
vt 0.812500 0.593750
vt 0.812500 0.562500
vt 0.828125 0.531250
vt 0.828125 0.500000
vt 0.812500 0.531250
vt 0.812500 0.500000
vt 0.835938 0.968750
vt 0.828125 0.957899
vt 0.828125 0.935185
vt 0.828125 1.000000
vt 0.820313 0.968750
vt 0.812500 0.937500
vt 0.828125 0.905961
vt 0.828125 0.875000
vt 0.812500 0.906105
vt 0.812500 0.875000
vt 0.828125 0.843750
vt 0.828125 0.812500
vt 0.812500 0.843750
vt 0.812500 0.812500
vt 0.828125 0.781250
vt 0.812500 0.781250
vt 0.804688 0.968750
vt 0.796875 0.957899
vt 0.796875 0.935185
vt 0.796875 1.000000
vt 0.789063 0.968750
vt 0.781250 0.937500
vt 0.796875 0.905961
vt 0.796875 0.875000
vt 0.781250 0.906105
vt 0.781250 0.875000
vt 0.796875 0.843750
vt 0.796875 0.812500
vt 0.781250 0.843750
vt 0.781250 0.812500
vt 0.796875 0.781250
vt 0.796875 0.750000
vt 0.781250 0.781250
vt 0.781250 0.750000
vt 0.796875 0.718750
vt 0.796875 0.687500
vt 0.781250 0.718750
vt 0.781250 0.687500
vt 0.796875 0.656250
vt 0.796875 0.625000
vt 0.781250 0.656250
vt 0.781250 0.625000
vt 0.796875 0.593750
vt 0.796875 0.562500
vt 0.781250 0.593750
vt 0.781250 0.562500
vt 0.796875 0.531250
vt 0.796875 0.500000
vt 0.781250 0.531250
vt 0.781250 0.500000
vt 0.765625 0.718750
vt 0.765625 0.687500
vt 0.765625 0.750000
vt 0.765625 0.656250
vt 0.765625 0.625000
vt 0.765625 0.593750
vt 0.765625 0.562500
vt 0.765625 0.531250
vt 0.765625 0.500000
vt 0.773438 0.968750
vt 0.765625 0.957899
vt 0.765625 0.935185
vt 0.765625 1.000000
vt 0.757813 0.968750
vt 0.765625 0.905961
vt 0.765625 0.875000
vt 0.765625 0.843750
vt 0.765625 0.812500
vt 0.765625 0.781250
s 0
g Circle.001_Material.001
usemtl Material.001
f 1084/1204/1058 1340/1205/1058 1845/1206/1058 1342/1207/1058
f 1340/1205/1059 1085/1208/1059 1343/1209/1059 1845/1206/1059
f 1845/1206/1060 1343/1209/1060 1079/1210/1060 1336/1211/1060
f 1342/1207/1061 1845/1206/1061 1336/1211/1061 1080/1212/1061
f 1085/1208/1062 1806/1213/1062 1846/1214/1062 1343/1209/1062
f 1806/1213/1063 1330/1215/1063 1808/1216/1063 1846/1214/1063
f 1846/1214/1064 1808/1216/1064 1078/1217/1064 1335/1218/1064
f 1343/1209/1065 1846/1214/1065 1335/1218/1065 1079/1210/1065
f 1330/1215/1066 1797/1219/1066 1847/1220/1066 1808/1216/1066
f 1797/1219/1067 1329/1221/1067 1809/1222/1067 1847/1220/1067
f 1847/1220/1068 1809/1222/1068 1077/1223/1068 1334/1224/1068
f 1808/1216/1069 1847/1220/1069 1334/1224/1069 1078/1217/1069
f 1329/1221/1070 1796/1225/1070 1848/1226/1070 1809/1222/1070
f 1796/1225/1071 1328/1227/1071 1810/1228/1071 1848/1226/1071
f 1848/1226/1072 1810/1228/1072 1076/1229/1072 1333/1230/1072
f 1809/1222/1073 1848/1226/1073 1333/1230/1073 1077/1223/1073
f 1328/1227/1074 1798/1231/1074 1849/1232/1074 1810/1228/1074
f 1798/1231/1075 1332/1233/1075 1811/1234/1075 1849/1232/1075
f 1849/1232/1076 1811/1234/1076 1086/1235/1076 1341/1236/1076
f 1810/1228/1077 1849/1232/1077 1341/1236/1077 1076/1229/1077
f 1332/1233/1078 1807/1237/1078 1850/1238/1078 1811/1234/1078
f 1255/1239/1079 1804/1240/1079 1850/1238/1079 1807/1237/1079
f 1086/1235/1080 1811/1234/1080 1850/1238/1080 1804/1240/1080
f 1331/1241/1081 1805/1242/1081 1851/1243/1081 1812/1244/1081
f 1805/1242/1082 1083/1245/1082 1344/1246/1082 1851/1243/1082
f 1851/1243/1083 1344/1246/1083 1081/1247/1083 1338/1248/1083
f 1812/1244/1084 1851/1243/1084 1338/1248/1084 1082/1249/1084
f 1083/1245/1085 1339/1250/1085 1852/1251/1085 1344/1246/1085
f 1339/1250/1086 1084/1204/1086 1342/1207/1086 1852/1251/1086
f 1852/1251/1087 1342/1207/1087 1080/1212/1087 1337/1252/1087
f 1344/1246/1088 1852/1251/1088 1337/1252/1088 1081/1247/1088
f 1079/1210/1089 1335/1218/1089 1853/1253/1089 1352/1254/1089
f 1335/1218/1090 1078/1217/1090 1353/1255/1090 1853/1253/1090
f 1853/1253/1091 1353/1255/1091 1089/1256/1091 1347/1257/1091
f 1352/1254/1092 1853/1253/1092 1347/1257/1092 1090/1258/1092
f 1080/1212/1093 1336/1211/1093 1854/1259/1093 1354/1260/1093
f 1336/1211/1094 1079/1210/1094 1352/1254/1094 1854/1259/1094
f 1854/1259/1095 1352/1254/1095 1090/1258/1095 1348/1261/1095
f 1354/1260/1096 1854/1259/1096 1348/1261/1096 1091/1262/1096
f 1081/1247/1097 1337/1252/1097 1855/1263/1097 1355/1264/1097
f 1337/1252/1098 1080/1212/1098 1354/1260/1098 1855/1263/1098
f 1855/1263/1099 1354/1260/1099 1091/1262/1099 1349/1265/1099
f 1355/1264/1100 1855/1263/1100 1349/1265/1100 1092/1266/1100
f 1082/1249/1101 1338/1248/1101 1856/1267/1101 1356/1268/1101
f 1338/1248/1102 1081/1247/1102 1355/1264/1102 1856/1267/1102
f 1856/1267/1103 1355/1264/1103 1092/1266/1103 1350/1269/1103
f 1356/1268/1104 1856/1267/1104 1350/1269/1104 1093/1270/1104
f 1086/1235/1105 1804/1271/1105 1857/1272/1105 1357/1273/1105
f 1255/1274/1106 1813/1275/1106 1857/1272/1106 1804/1271/1106
f 1094/1276/1107 1357/1273/1107 1857/1272/1107 1813/1275/1107
f 1077/1223/1108 1333/1230/1108 1858/1277/1108 1358/1278/1108
f 1333/1230/1109 1076/1229/1109 1359/1279/1109 1858/1277/1109
f 1858/1277/1110 1359/1279/1110 1087/1280/1110 1345/1281/1110
f 1358/1278/1111 1858/1277/1111 1345/1281/1111 1088/1282/1111
f 1076/1229/1112 1341/1236/1112 1859/1283/1112 1359/1279/1112
f 1341/1236/1113 1086/1235/1113 1357/1273/1113 1859/1283/1113
f 1859/1283/1114 1357/1273/1114 1094/1276/1114 1351/1284/1114
f 1359/1279/1115 1859/1283/1115 1351/1284/1115 1087/1280/1115
f 1078/1217/1116 1334/1224/1116 1860/1285/1116 1353/1255/1116
f 1334/1224/1117 1077/1223/1117 1358/1278/1117 1860/1285/1117
f 1860/1285/1118 1358/1278/1118 1088/1282/1118 1346/1286/1118
f 1353/1255/1119 1860/1285/1119 1346/1286/1119 1089/1256/1119
f 1093/1270/1120 1350/1269/1120 1861/1287/1120 1367/1288/1120
f 1350/1269/1121 1092/1266/1121 1368/1289/1121 1861/1287/1121
f 1861/1287/1122 1368/1289/1122 1100/1290/1122 1365/1291/1122
f 1367/1288/1123 1861/1287/1123 1365/1291/1123 1101/1292/1123
f 1094/1276/1124 1813/1293/1124 1862/1294/1124 1369/1295/1124
f 1255/1296/1125 1814/1297/1125 1862/1294/1125 1813/1293/1125
f 1102/1298/1126 1369/1295/1126 1862/1294/1126 1814/1297/1126
f 1087/1280/1127 1351/1284/1127 1863/1299/1127 1370/1300/1127
f 1351/1284/1128 1094/1276/1128 1369/1295/1128 1863/1299/1128
f 1863/1299/1129 1369/1295/1129 1102/1298/1129 1366/1301/1129
f 1370/1300/1130 1863/1299/1130 1366/1301/1130 1095/1302/1130
f 1088/1282/1131 1345/1281/1131 1864/1303/1131 1371/1304/1131
f 1345/1281/1132 1087/1280/1132 1370/1300/1132 1864/1303/1132
f 1864/1303/1133 1370/1300/1133 1095/1302/1133 1360/1305/1133
f 1371/1304/1134 1864/1303/1134 1360/1305/1134 1096/1306/1134
f 1089/1256/1135 1346/1286/1135 1865/1307/1135 1372/1308/1135
f 1346/1286/1136 1088/1282/1136 1371/1304/1136 1865/1307/1136
f 1865/1307/1137 1371/1304/1137 1096/1306/1137 1361/1309/1137
f 1372/1308/1138 1865/1307/1138 1361/1309/1138 1097/1310/1138
f 1090/1258/1139 1347/1257/1139 1866/1311/1139 1373/1312/1139
f 1347/1257/1140 1089/1256/1140 1372/1308/1140 1866/1311/1140
f 1866/1311/1141 1372/1308/1141 1097/1310/1141 1362/1313/1141
f 1373/1312/1142 1866/1311/1142 1362/1313/1142 1098/1314/1142
f 1091/1262/1143 1348/1261/1143 1867/1315/1143 1374/1316/1143
f 1348/1261/1144 1090/1258/1144 1373/1312/1144 1867/1315/1144
f 1867/1315/1145 1373/1312/1145 1098/1314/1145 1363/1317/1145
f 1374/1316/1146 1867/1315/1146 1363/1317/1146 1099/1318/1146
f 1092/1266/1147 1349/1265/1147 1868/1319/1147 1368/1289/1147
f 1349/1265/1148 1091/1262/1148 1374/1316/1148 1868/1319/1148
f 1868/1319/1149 1374/1316/1149 1099/1318/1149 1364/1320/1149
f 1368/1289/1150 1868/1319/1150 1364/1320/1150 1100/1290/1150
f 1097/1310/1151 1361/1309/1151 1869/1321/1151 1382/1322/1151
f 1361/1309/1152 1096/1306/1152 1383/1323/1152 1869/1321/1152
f 1869/1321/1153 1383/1323/1153 1104/1324/1153 1376/1325/1153
f 1382/1322/1154 1869/1321/1154 1376/1325/1154 1105/1326/1154
f 1098/1314/1155 1362/1313/1155 1870/1327/1155 1384/1328/1155
f 1362/1313/1156 1097/1310/1156 1382/1322/1156 1870/1327/1156
f 1870/1327/1157 1382/1322/1157 1105/1326/1157 1377/1329/1157
f 1384/1328/1158 1870/1327/1158 1377/1329/1158 1106/1330/1158
f 1099/1318/1159 1363/1317/1159 1871/1331/1159 1385/1332/1159
f 1363/1317/1160 1098/1314/1160 1384/1328/1160 1871/1331/1160
f 1871/1331/1161 1384/1328/1161 1106/1330/1161 1378/1333/1161
f 1385/1332/1162 1871/1331/1162 1378/1333/1162 1107/1334/1162
f 1100/1290/1163 1364/1320/1163 1872/1335/1163 1386/1336/1163
f 1364/1320/1164 1099/1318/1164 1385/1332/1164 1872/1335/1164
f 1872/1335/1165 1385/1332/1165 1107/1334/1165 1379/1337/1165
f 1386/1336/1166 1872/1335/1166 1379/1337/1166 1108/1338/1166
f 1101/1292/1167 1365/1291/1167 1873/1339/1167 1387/1340/1167
f 1365/1291/1168 1100/1290/1168 1386/1336/1168 1873/1339/1168
f 1873/1339/1169 1386/1336/1169 1108/1338/1169 1380/1341/1169
f 1387/1340/1170 1873/1339/1170 1380/1341/1170 1109/1342/1170
f 1102/1298/1171 1814/1343/1171 1874/1344/1171 1388/1345/1171
f 1255/1346/1172 1815/1347/1172 1874/1344/1172 1814/1343/1172
f 1110/1348/1173 1388/1345/1173 1874/1344/1173 1815/1347/1173
f 1095/1302/1174 1366/1301/1174 1875/1349/1174 1389/1350/1174
f 1366/1301/1175 1102/1298/1175 1388/1345/1175 1875/1349/1175
f 1875/1349/1176 1388/1345/1176 1110/1348/1176 1381/1351/1176
f 1389/1350/1177 1875/1349/1177 1381/1351/1177 1103/1352/1177
f 1096/1306/1178 1360/1305/1178 1876/1353/1178 1383/1323/1178
f 1360/1305/1179 1095/1302/1179 1389/1350/1179 1876/1353/1179
f 1876/1353/1180 1389/1350/1180 1103/1352/1180 1375/1354/1180
f 1383/1323/1181 1876/1353/1181 1375/1354/1181 1104/1324/1181
f 1109/1342/1182 1380/1341/1182 1877/1355/1182 1397/1356/1182
f 1380/1341/1183 1108/1338/1183 1398/1357/1183 1877/1355/1183
f 1877/1355/1184 1398/1357/1184 1116/1358/1184 1395/1359/1184
f 1397/1356/1185 1877/1355/1185 1395/1359/1185 1117/1360/1185
f 1110/1348/1186 1815/1361/1186 1878/1362/1186 1399/1363/1186
f 1255/1364/1187 1816/1365/1187 1878/1362/1187 1815/1361/1187
f 1118/1366/1188 1399/1363/1188 1878/1362/1188 1816/1365/1188
f 1103/1352/1189 1381/1351/1189 1879/1367/1189 1400/1368/1189
f 1381/1351/1190 1110/1348/1190 1399/1363/1190 1879/1367/1190
f 1879/1367/1191 1399/1363/1191 1118/1366/1191 1396/1369/1191
f 1400/1368/1192 1879/1367/1192 1396/1369/1192 1111/1370/1192
f 1104/1324/1193 1375/1354/1193 1880/1371/1193 1401/1372/1193
f 1375/1354/1194 1103/1352/1194 1400/1368/1194 1880/1371/1194
f 1880/1371/1195 1400/1368/1195 1111/1370/1195 1390/1373/1195
f 1401/1372/1196 1880/1371/1196 1390/1373/1196 1112/1374/1196
f 1105/1326/1197 1376/1325/1197 1881/1375/1197 1402/1376/1197
f 1376/1325/1198 1104/1324/1198 1401/1372/1198 1881/1375/1198
f 1881/1375/1199 1401/1372/1199 1112/1374/1199 1391/1377/1199
f 1402/1376/1200 1881/1375/1200 1391/1377/1200 1113/1378/1200
f 1106/1330/1201 1377/1329/1201 1882/1379/1201 1403/1380/1201
f 1377/1329/1202 1105/1326/1202 1402/1376/1202 1882/1379/1202
f 1882/1379/1203 1402/1376/1203 1113/1378/1203 1392/1381/1203
f 1403/1380/1204 1882/1379/1204 1392/1381/1204 1114/1382/1204
f 1107/1334/1205 1378/1333/1205 1883/1383/1205 1404/1384/1205
f 1378/1333/1206 1106/1330/1206 1403/1380/1206 1883/1383/1206
f 1883/1383/1207 1403/1380/1207 1114/1382/1207 1393/1385/1207
f 1404/1384/1208 1883/1383/1208 1393/1385/1208 1115/1386/1208
f 1108/1338/1209 1379/1337/1209 1884/1387/1209 1398/1357/1209
f 1379/1337/1210 1107/1334/1210 1404/1384/1210 1884/1387/1210
f 1884/1387/1211 1404/1384/1211 1115/1386/1211 1394/1388/1211
f 1398/1357/1212 1884/1387/1212 1394/1388/1212 1116/1358/1212
f 1114/1382/1213 1392/1381/1213 1885/1389/1213 1412/1390/1213
f 1392/1381/1214 1113/1378/1214 1413/1391/1214 1885/1389/1214
f 1885/1389/1215 1413/1391/1215 1121/1392/1215 1407/1393/1215
f 1412/1390/1216 1885/1389/1216 1407/1393/1216 1122/1394/1216
f 1115/1386/1217 1393/1385/1217 1886/1395/1217 1414/1396/1217
f 1393/1385/1218 1114/1382/1218 1412/1390/1218 1886/1395/1218
f 1886/1395/1219 1412/1390/1219 1122/1394/1219 1408/1397/1219
f 1414/1396/1220 1886/1395/1220 1408/1397/1220 1123/1398/1220
f 1116/1358/1221 1394/1388/1221 1887/1399/1221 1415/1400/1221
f 1394/1388/1222 1115/1386/1222 1414/1396/1222 1887/1399/1222
f 1887/1399/1223 1414/1396/1223 1123/1398/1223 1409/1401/1223
f 1415/1400/1224 1887/1399/1224 1409/1401/1224 1124/1402/1224
f 1117/1360/1225 1395/1359/1225 1888/1403/1225 1416/1404/1225
f 1395/1359/1226 1116/1358/1226 1415/1400/1226 1888/1403/1226
f 1888/1403/1227 1415/1400/1227 1124/1402/1227 1410/1405/1227
f 1416/1404/1228 1888/1403/1228 1410/1405/1228 1125/1406/1228
f 1118/1366/1229 1816/1407/1229 1889/1408/1229 1417/1409/1229
f 1255/1410/1230 1817/1411/1230 1889/1408/1230 1816/1407/1230
f 1126/1412/1231 1417/1409/1231 1889/1408/1231 1817/1411/1231
f 1111/1370/1232 1396/1369/1232 1890/1413/1232 1418/1414/1232
f 1396/1369/1233 1118/1366/1233 1417/1409/1233 1890/1413/1233
f 1890/1413/1234 1417/1409/1234 1126/1412/1234 1411/1415/1234
f 1418/1414/1235 1890/1413/1235 1411/1415/1235 1119/1416/1235
f 1112/1374/1236 1390/1373/1236 1891/1417/1236 1419/1418/1236
f 1390/1373/1237 1111/1370/1237 1418/1414/1237 1891/1417/1237
f 1891/1417/1238 1418/1414/1238 1119/1416/1238 1405/1419/1238
f 1419/1418/1239 1891/1417/1239 1405/1419/1239 1120/1420/1239
f 1113/1378/1240 1391/1377/1240 1892/1421/1240 1413/1391/1240
f 1391/1377/1241 1112/1374/1241 1419/1418/1241 1892/1421/1241
f 1892/1421/1242 1419/1418/1242 1120/1420/1242 1406/1422/1242
f 1413/1391/1243 1892/1421/1243 1406/1422/1243 1121/1392/1243
f 1126/1412/1244 1817/1423/1244 1893/1424/1244 1428/1425/1244
f 1255/1426/1245 1818/1427/1245 1893/1424/1245 1817/1423/1245
f 1134/1428/1246 1428/1425/1246 1893/1424/1246 1818/1427/1246
f 1119/1416/1247 1411/1415/1247 1894/1429/1247 1429/1430/1247
f 1411/1415/1248 1126/1412/1248 1428/1425/1248 1894/1429/1248
f 1894/1429/1249 1428/1425/1249 1134/1428/1249 1426/1431/1249
f 1429/1430/1250 1894/1429/1250 1426/1431/1250 1127/1432/1250
f 1120/1420/1251 1405/1419/1251 1895/1433/1251 1430/1434/1251
f 1405/1419/1252 1119/1416/1252 1429/1430/1252 1895/1433/1252
f 1895/1433/1253 1429/1430/1253 1127/1432/1253 1420/1435/1253
f 1430/1434/1254 1895/1433/1254 1420/1435/1254 1128/1436/1254
f 1121/1392/1255 1406/1422/1255 1896/1437/1255 1431/1438/1255
f 1406/1422/1256 1120/1420/1256 1430/1434/1256 1896/1437/1256
f 1896/1437/1257 1430/1434/1257 1128/1436/1257 1421/1439/1257
f 1431/1438/1258 1896/1437/1258 1421/1439/1258 1129/1440/1258
f 1122/1394/1259 1407/1393/1259 1897/1441/1259 1432/1442/1259
f 1407/1393/1260 1121/1392/1260 1431/1438/1260 1897/1441/1260
f 1897/1441/1261 1431/1438/1261 1129/1440/1261 1422/1443/1261
f 1432/1442/1262 1897/1441/1262 1422/1443/1262 1130/1444/1262
f 1123/1398/1263 1408/1397/1263 1898/1445/1263 1433/1446/1263
f 1408/1397/1264 1122/1394/1264 1432/1442/1264 1898/1445/1264
f 1898/1445/1265 1432/1442/1265 1130/1444/1265 1423/1447/1265
f 1433/1446/1266 1898/1445/1266 1423/1447/1266 1131/1448/1266
f 1124/1402/1267 1409/1401/1267 1899/1449/1267 1434/1450/1267
f 1409/1401/1268 1123/1398/1268 1433/1446/1268 1899/1449/1268
f 1899/1449/1269 1433/1446/1269 1131/1448/1269 1424/1451/1269
f 1434/1450/1270 1899/1449/1270 1424/1451/1270 1132/1452/1270
f 1125/1406/1271 1410/1405/1271 1900/1453/1271 1427/1454/1271
f 1410/1405/1272 1124/1402/1272 1434/1450/1272 1900/1453/1272
f 1900/1453/1273 1434/1450/1273 1132/1452/1273 1425/1455/1273
f 1427/1454/1274 1900/1453/1274 1425/1455/1274 1133/1456/1274
f 1130/1444/1275 1422/1443/1275 1901/1457/1275 1442/1458/1275
f 1422/1443/1276 1129/1440/1276 1443/1459/1276 1901/1457/1276
f 1901/1457/1277 1443/1459/1277 1137/1460/1277 1437/1461/1277
f 1442/1458/1278 1901/1457/1278 1437/1461/1278 1138/1462/1278
f 1131/1448/1279 1423/1447/1279 1902/1463/1279 1444/1464/1279
f 1423/1447/1280 1130/1444/1280 1442/1458/1280 1902/1463/1280
f 1902/1463/1281 1442/1458/1281 1138/1462/1281 1438/1465/1281
f 1444/1464/1282 1902/1463/1282 1438/1465/1282 1139/1466/1282
f 1132/1452/1283 1424/1451/1283 1903/1467/1283 1445/1468/1283
f 1424/1451/1284 1131/1448/1284 1444/1464/1284 1903/1467/1284
f 1903/1467/1285 1444/1464/1285 1139/1466/1285 1439/1469/1285
f 1445/1468/1286 1903/1467/1286 1439/1469/1286 1140/1470/1286
f 1133/1456/1287 1425/1455/1287 1904/1471/1287 1446/1472/1287
f 1425/1455/1288 1132/1452/1288 1445/1468/1288 1904/1471/1288
f 1904/1471/1289 1445/1468/1289 1140/1470/1289 1440/1473/1289
f 1446/1472/1290 1904/1471/1290 1440/1473/1290 1141/1474/1290
f 1134/1428/1291 1818/1475/1291 1905/1476/1291 1447/1477/1291
f 1255/1478/1292 1819/1479/1292 1905/1476/1292 1818/1475/1292
f 1142/1480/1293 1447/1477/1293 1905/1476/1293 1819/1479/1293
f 1127/1432/1294 1426/1431/1294 1906/1481/1294 1448/1482/1294
f 1426/1431/1295 1134/1428/1295 1447/1477/1295 1906/1481/1295
f 1906/1481/1296 1447/1477/1296 1142/1480/1296 1441/1483/1296
f 1448/1482/1297 1906/1481/1297 1441/1483/1297 1135/1484/1297
f 1128/1436/1298 1420/1435/1298 1907/1485/1298 1449/1486/1298
f 1420/1435/1299 1127/1432/1299 1448/1482/1299 1907/1485/1299
f 1907/1485/1300 1448/1482/1300 1135/1484/1300 1435/1487/1300
f 1449/1486/1301 1907/1485/1301 1435/1487/1301 1136/1488/1301
f 1129/1440/1302 1421/1439/1302 1908/1489/1302 1443/1459/1302
f 1421/1439/1303 1128/1436/1303 1449/1486/1303 1908/1489/1303
f 1908/1489/1304 1449/1486/1304 1136/1488/1304 1436/1490/1304
f 1443/1459/1305 1908/1489/1305 1436/1490/1305 1137/1460/1305
f 1142/1480/1306 1819/1491/1306 1909/1492/1306 1458/1493/1306
f 1255/1494/1307 1820/1495/1307 1909/1492/1307 1819/1491/1307
f 1150/1496/1308 1458/1493/1308 1909/1492/1308 1820/1495/1308
f 1135/1484/1309 1441/1483/1309 1910/1497/1309 1459/1498/1309
f 1441/1483/1310 1142/1480/1310 1458/1493/1310 1910/1497/1310
f 1910/1497/1311 1458/1493/1311 1150/1496/1311 1456/1499/1311
f 1459/1498/1312 1910/1497/1312 1456/1499/1312 1143/1500/1312
f 1136/1488/1313 1435/1487/1313 1911/1501/1313 1460/1502/1313
f 1435/1487/1314 1135/1484/1314 1459/1498/1314 1911/1501/1314
f 1911/1501/1315 1459/1498/1315 1143/1500/1315 1450/1503/1315
f 1460/1502/1316 1911/1501/1316 1450/1503/1316 1144/1504/1316
f 1137/1460/1317 1436/1490/1317 1912/1505/1317 1461/1506/1317
f 1436/1490/1318 1136/1488/1318 1460/1502/1318 1912/1505/1318
f 1912/1505/1319 1460/1502/1319 1144/1504/1319 1451/1507/1319
f 1461/1506/1320 1912/1505/1320 1451/1507/1320 1145/1508/1320
f 1138/1462/1321 1437/1461/1321 1913/1509/1321 1462/1510/1321
f 1437/1461/1322 1137/1460/1322 1461/1506/1322 1913/1509/1322
f 1913/1509/1323 1461/1506/1323 1145/1508/1323 1452/1511/1323
f 1462/1510/1324 1913/1509/1324 1452/1511/1324 1146/1512/1324
f 1139/1466/1325 1438/1465/1325 1914/1513/1325 1463/1514/1325
f 1438/1465/1326 1138/1462/1326 1462/1510/1326 1914/1513/1326
f 1914/1513/1327 1462/1510/1327 1146/1512/1327 1453/1515/1327
f 1463/1514/1328 1914/1513/1328 1453/1515/1328 1147/1516/1328
f 1140/1470/1329 1439/1469/1329 1915/1517/1329 1464/1518/1329
f 1439/1469/1330 1139/1466/1330 1463/1514/1330 1915/1517/1330
f 1915/1517/1331 1463/1514/1331 1147/1516/1331 1454/1519/1331
f 1464/1518/1332 1915/1517/1332 1454/1519/1332 1148/1520/1332
f 1141/1474/1333 1440/1473/1333 1916/1521/1333 1457/1522/1333
f 1440/1473/1334 1140/1470/1334 1464/1518/1334 1916/1521/1334
f 1916/1521/1335 1464/1518/1335 1148/1520/1335 1455/1523/1335
f 1457/1522/1336 1916/1521/1336 1455/1523/1336 1149/1524/1336
f 1147/1516/1337 1453/1515/1337 1917/1525/1337 1472/1526/1337
f 1453/1515/1338 1146/1512/1338 1473/1527/1338 1917/1525/1338
f 1917/1525/1339 1473/1527/1339 1154/1528/1339 1468/1529/1339
f 1472/1526/1340 1917/1525/1340 1468/1529/1340 1155/1530/1340
f 1148/1520/1341 1454/1519/1341 1918/1531/1341 1474/1532/1341
f 1454/1519/1342 1147/1516/1342 1472/1526/1342 1918/1531/1342
f 1918/1531/1343 1472/1526/1343 1155/1530/1343 1469/1533/1343
f 1474/1532/1344 1918/1531/1344 1469/1533/1344 1156/1534/1344
f 1149/1524/1345 1455/1523/1345 1919/1535/1345 1475/1536/1345
f 1455/1523/1346 1148/1520/1346 1474/1532/1346 1919/1535/1346
f 1919/1535/1347 1474/1532/1347 1156/1534/1347 1470/1537/1347
f 1475/1536/1348 1919/1535/1348 1470/1537/1348 1157/1538/1348
f 1150/1496/1349 1820/1539/1349 1920/1540/1349 1476/1541/1349
f 1255/1542/1350 1821/1543/1350 1920/1540/1350 1820/1539/1350
f 1158/1544/1351 1476/1541/1351 1920/1540/1351 1821/1543/1351
f 1143/1500/1352 1456/1499/1352 1921/1545/1352 1477/1546/1352
f 1456/1499/1353 1150/1496/1353 1476/1541/1353 1921/1545/1353
f 1921/1545/1354 1476/1541/1354 1158/1544/1354 1471/1547/1354
f 1477/1546/1355 1921/1545/1355 1471/1547/1355 1151/1548/1355
f 1144/1504/1356 1450/1503/1356 1922/1549/1356 1478/1550/1356
f 1450/1503/1357 1143/1500/1357 1477/1546/1357 1922/1549/1357
f 1922/1549/1358 1477/1546/1358 1151/1548/1358 1465/1551/1358
f 1478/1550/1359 1922/1549/1359 1465/1551/1359 1152/1552/1359
f 1145/1508/1360 1451/1507/1360 1923/1553/1360 1479/1554/1360
f 1451/1507/1361 1144/1504/1361 1478/1550/1361 1923/1553/1361
f 1923/1553/1362 1478/1550/1362 1152/1552/1362 1466/1555/1362
f 1479/1554/1363 1923/1553/1363 1466/1555/1363 1153/1556/1363
f 1146/1512/1364 1452/1511/1364 1924/1557/1364 1473/1527/1364
f 1452/1511/1365 1145/1508/1365 1479/1554/1365 1924/1557/1365
f 1924/1557/1366 1479/1554/1366 1153/1556/1366 1467/1558/1366
f 1473/1527/1367 1924/1557/1367 1467/1558/1367 1154/1528/1367
f 1151/1548/1368 1471/1547/1368 1925/1559/1368 1487/1560/1368
f 1471/1547/1369 1158/1544/1369 1488/1561/1369 1925/1559/1369
f 1925/1559/1370 1488/1561/1370 1166/1562/1370 1486/1563/1370
f 1487/1560/1371 1925/1559/1371 1486/1563/1371 1159/1564/1371
f 1152/1552/1372 1465/1551/1372 1926/1565/1372 1489/1566/1372
f 1465/1551/1373 1151/1548/1373 1487/1560/1373 1926/1565/1373
f 1926/1565/1374 1487/1560/1374 1159/1564/1374 1480/1567/1374
f 1489/1566/1375 1926/1565/1375 1480/1567/1375 1160/1568/1375
f 1153/1556/1376 1466/1555/1376 1927/1569/1376 1490/1570/1376
f 1466/1555/1377 1152/1552/1377 1489/1566/1377 1927/1569/1377
f 1927/1569/1378 1489/1566/1378 1160/1568/1378 1481/1571/1378
f 1490/1570/1379 1927/1569/1379 1481/1571/1379 1161/1572/1379
f 1154/1528/1380 1467/1558/1380 1928/1573/1380 1491/1574/1380
f 1467/1558/1381 1153/1556/1381 1490/1570/1381 1928/1573/1381
f 1928/1573/1382 1490/1570/1382 1161/1572/1382 1482/1575/1382
f 1491/1574/1383 1928/1573/1383 1482/1575/1383 1162/1576/1383
f 1155/1530/1384 1468/1529/1384 1929/1577/1384 1492/1578/1384
f 1468/1529/1385 1154/1528/1385 1491/1574/1385 1929/1577/1385
f 1929/1577/1386 1491/1574/1386 1162/1576/1386 1483/1579/1386
f 1492/1578/1387 1929/1577/1387 1483/1579/1387 1163/1580/1387
f 1156/1534/1388 1469/1533/1388 1930/1581/1388 1493/1582/1388
f 1469/1533/1389 1155/1530/1389 1492/1578/1389 1930/1581/1389
f 1930/1581/1390 1492/1578/1390 1163/1580/1390 1484/1583/1390
f 1493/1582/1391 1930/1581/1391 1484/1583/1391 1164/1584/1391
f 1157/1538/1392 1470/1537/1392 1931/1585/1392 1494/1586/1392
f 1470/1537/1393 1156/1534/1393 1493/1582/1393 1931/1585/1393
f 1931/1585/1394 1493/1582/1394 1164/1584/1394 1485/1587/1394
f 1494/1586/1395 1931/1585/1395 1485/1587/1395 1165/1588/1395
f 1158/1544/1396 1821/1589/1396 1932/1590/1396 1488/1561/1396
f 1255/1591/1397 1822/1592/1397 1932/1590/1397 1821/1589/1397
f 1166/1562/1398 1488/1561/1398 1932/1590/1398 1822/1592/1398
f 1164/1584/1399 1484/1583/1399 1933/1593/1399 1502/1594/1399
f 1484/1583/1400 1163/1580/1400 1503/1595/1400 1933/1593/1400
f 1933/1593/1401 1503/1595/1401 1171/1596/1401 1499/1597/1401
f 1502/1594/1402 1933/1593/1402 1499/1597/1402 1172/1598/1402
f 1165/1588/1403 1485/1587/1403 1934/1599/1403 1504/1600/1403
f 1485/1587/1404 1164/1584/1404 1502/1594/1404 1934/1599/1404
f 1934/1599/1405 1502/1594/1405 1172/1598/1405 1500/1601/1405
f 1504/1600/1406 1934/1599/1406 1500/1601/1406 1173/1602/1406
f 1166/1562/1407 1822/1603/1407 1935/1604/1407 1505/1605/1407
f 1255/1606/1408 1823/1607/1408 1935/1604/1408 1822/1603/1408
f 1174/1608/1409 1505/1605/1409 1935/1604/1409 1823/1607/1409
f 1159/1564/1410 1486/1563/1410 1936/1609/1410 1506/1610/1410
f 1486/1563/1411 1166/1562/1411 1505/1605/1411 1936/1609/1411
f 1936/1609/1412 1505/1605/1412 1174/1608/1412 1501/1611/1412
f 1506/1610/1413 1936/1609/1413 1501/1611/1413 1167/1612/1413
f 1160/1568/1414 1480/1567/1414 1937/1613/1414 1507/1614/1414
f 1480/1567/1415 1159/1564/1415 1506/1610/1415 1937/1613/1415
f 1937/1613/1416 1506/1610/1416 1167/1612/1416 1495/1615/1416
f 1507/1614/1417 1937/1613/1417 1495/1615/1417 1168/1616/1417
f 1161/1572/1418 1481/1571/1418 1938/1617/1418 1508/1618/1418
f 1481/1571/1419 1160/1568/1419 1507/1614/1419 1938/1617/1419
f 1938/1617/1420 1507/1614/1420 1168/1616/1420 1496/1619/1420
f 1508/1618/1421 1938/1617/1421 1496/1619/1421 1169/1620/1421
f 1162/1576/1422 1482/1575/1422 1939/1621/1422 1509/1622/1422
f 1482/1575/1423 1161/1572/1423 1508/1618/1423 1939/1621/1423
f 1939/1621/1424 1508/1618/1424 1169/1620/1424 1497/1623/1424
f 1509/1622/1425 1939/1621/1425 1497/1623/1425 1170/1624/1425
f 1163/1580/1426 1483/1579/1426 1940/1625/1426 1503/1595/1426
f 1483/1579/1427 1162/1576/1427 1509/1622/1427 1940/1625/1427
f 1940/1625/1428 1509/1622/1428 1170/1624/1428 1498/1626/1428
f 1503/1595/1429 1940/1625/1429 1498/1626/1429 1171/1596/1429
f 1168/1616/1430 1495/1615/1430 1941/1627/1430 1517/1628/1430
f 1495/1615/1431 1167/1612/1431 1518/1629/1431 1941/1627/1431
f 1941/1627/1432 1518/1629/1432 1175/1630/1432 1510/1631/1432
f 1517/1628/1433 1941/1627/1433 1510/1631/1433 1176/1632/1433
f 1169/1620/1434 1496/1619/1434 1942/1633/1434 1519/1634/1434
f 1496/1619/1435 1168/1616/1435 1517/1628/1435 1942/1633/1435
f 1942/1633/1436 1517/1628/1436 1176/1632/1436 1511/1635/1436
f 1519/1634/1437 1942/1633/1437 1511/1635/1437 1177/1636/1437
f 1170/1624/1438 1497/1623/1438 1943/1637/1438 1520/1638/1438
f 1497/1623/1439 1169/1620/1439 1519/1634/1439 1943/1637/1439
f 1943/1637/1440 1519/1634/1440 1177/1636/1440 1512/1639/1440
f 1520/1638/1441 1943/1637/1441 1512/1639/1441 1178/1640/1441
f 1171/1596/1442 1498/1626/1442 1944/1641/1442 1521/1642/1442
f 1498/1626/1443 1170/1624/1443 1520/1638/1443 1944/1641/1443
f 1944/1641/1444 1520/1638/1444 1178/1640/1444 1513/1643/1444
f 1521/1642/1445 1944/1641/1445 1513/1643/1445 1179/1644/1445
f 1172/1598/1446 1499/1597/1446 1945/1645/1446 1522/1646/1446
f 1499/1597/1447 1171/1596/1447 1521/1642/1447 1945/1645/1447
f 1945/1645/1448 1521/1642/1448 1179/1644/1448 1514/1647/1448
f 1522/1646/1449 1945/1645/1449 1514/1647/1449 1180/1648/1449
f 1173/1602/1450 1500/1601/1450 1946/1649/1450 1523/1650/1450
f 1500/1601/1451 1172/1598/1451 1522/1646/1451 1946/1649/1451
f 1946/1649/1452 1522/1646/1452 1180/1648/1452 1515/1651/1452
f 1523/1650/1453 1946/1649/1453 1515/1651/1453 1181/1652/1453
f 1174/1608/1454 1823/1653/1454 1947/1654/1454 1524/1655/1454
f 1255/1656/1455 1824/1657/1455 1947/1654/1455 1823/1653/1455
f 1182/1658/1456 1524/1655/1456 1947/1654/1456 1824/1657/1456
f 1167/1612/1457 1501/1611/1457 1948/1659/1457 1518/1629/1457
f 1501/1611/1458 1174/1608/1458 1524/1655/1458 1948/1659/1458
f 1948/1659/1459 1524/1655/1459 1182/1658/1459 1516/1660/1459
f 1518/1629/1460 1948/1659/1460 1516/1660/1460 1175/1630/1460
f 1180/1648/1461 1514/1647/1461 1949/1661/1461 1532/1662/1461
f 1514/1647/1462 1179/1644/1462 1533/1663/1462 1949/1661/1462
f 1949/1661/1463 1533/1663/1463 1187/1664/1463 1529/1665/1463
f 1532/1662/1464 1949/1661/1464 1529/1665/1464 1188/1666/1464
f 1181/1652/1465 1515/1651/1465 1950/1667/1465 1534/1668/1465
f 1515/1651/1466 1180/1648/1466 1532/1662/1466 1950/1667/1466
f 1950/1667/1467 1532/1662/1467 1188/1666/1467 1530/1669/1467
f 1534/1668/1468 1950/1667/1468 1530/1669/1468 1189/1670/1468
f 1182/1658/1469 1824/1671/1469 1951/1672/1469 1535/1673/1469
f 1255/1674/1470 1825/1675/1470 1951/1672/1470 1824/1671/1470
f 1190/1676/1471 1535/1673/1471 1951/1672/1471 1825/1675/1471
f 1175/1630/1472 1516/1660/1472 1952/1677/1472 1536/1678/1472
f 1516/1660/1473 1182/1658/1473 1535/1673/1473 1952/1677/1473
f 1952/1677/1474 1535/1673/1474 1190/1676/1474 1531/1679/1474
f 1536/1678/1475 1952/1677/1475 1531/1679/1475 1183/1680/1475
f 1176/1632/1476 1510/1631/1476 1953/1681/1476 1537/1682/1476
f 1510/1631/1477 1175/1630/1477 1536/1678/1477 1953/1681/1477
f 1953/1681/1478 1536/1678/1478 1183/1680/1478 1525/1683/1478
f 1537/1682/1479 1953/1681/1479 1525/1683/1479 1184/1684/1479
f 1177/1636/1480 1511/1635/1480 1954/1685/1480 1538/1686/1480
f 1511/1635/1481 1176/1632/1481 1537/1682/1481 1954/1685/1481
f 1954/1685/1482 1537/1682/1482 1184/1684/1482 1526/1687/1482
f 1538/1686/1483 1954/1685/1483 1526/1687/1483 1185/1688/1483
f 1178/1640/1484 1512/1639/1484 1955/1689/1484 1539/1690/1484
f 1512/1639/1485 1177/1636/1485 1538/1686/1485 1955/1689/1485
f 1955/1689/1486 1538/1686/1486 1185/1688/1486 1527/1691/1486
f 1539/1690/1487 1955/1689/1487 1527/1691/1487 1186/1692/1487
f 1179/1644/1488 1513/1643/1488 1956/1693/1488 1533/1663/1488
f 1513/1643/1489 1178/1640/1489 1539/1690/1489 1956/1693/1489
f 1956/1693/1490 1539/1690/1490 1186/1692/1490 1528/1694/1490
f 1533/1663/1491 1956/1693/1491 1528/1694/1491 1187/1664/1491
f 1185/1688/1492 1526/1687/1492 1957/1695/1492 1547/1696/1492
f 1526/1687/1493 1184/1684/1493 1548/1697/1493 1957/1695/1493
f 1957/1695/1494 1548/1697/1494 1192/1698/1494 1541/1699/1494
f 1547/1696/1495 1957/1695/1495 1541/1699/1495 1193/1700/1495
f 1186/1692/1496 1527/1691/1496 1958/1701/1496 1549/1702/1496
f 1527/1691/1497 1185/1688/1497 1547/1696/1497 1958/1701/1497
f 1958/1701/1498 1547/1696/1498 1193/1700/1498 1542/1703/1498
f 1549/1702/1499 1958/1701/1499 1542/1703/1499 1194/1704/1499
f 1187/1664/1500 1528/1694/1500 1959/1705/1500 1550/1706/1500
f 1528/1694/1501 1186/1692/1501 1549/1702/1501 1959/1705/1501
f 1959/1705/1502 1549/1702/1502 1194/1704/1502 1543/1707/1502
f 1550/1706/1503 1959/1705/1503 1543/1707/1503 1195/1708/1503
f 1188/1666/1504 1529/1665/1504 1960/1709/1504 1551/1710/1504
f 1529/1665/1505 1187/1664/1505 1550/1706/1505 1960/1709/1505
f 1960/1709/1506 1550/1706/1506 1195/1708/1506 1544/1711/1506
f 1551/1710/1507 1960/1709/1507 1544/1711/1507 1196/1712/1507
f 1189/1670/1508 1530/1669/1508 1961/1713/1508 1552/1714/1508
f 1530/1669/1509 1188/1666/1509 1551/1710/1509 1961/1713/1509
f 1961/1713/1510 1551/1710/1510 1196/1712/1510 1545/1715/1510
f 1552/1714/1511 1961/1713/1511 1545/1715/1511 1197/1716/1511
f 1190/1676/1512 1825/1717/1512 1962/1718/1512 1553/1719/1512
f 1255/1720/1513 1826/1721/1513 1962/1718/1513 1825/1717/1513
f 1198/1722/1514 1553/1719/1514 1962/1718/1514 1826/1721/1514
f 1183/1680/1515 1531/1679/1515 1963/1723/1515 1554/1724/1515
f 1531/1679/1516 1190/1676/1516 1553/1719/1516 1963/1723/1516
f 1963/1723/1517 1553/1719/1517 1198/1722/1517 1546/1725/1517
f 1554/1724/1518 1963/1723/1518 1546/1725/1518 1191/1726/1518
f 1184/1684/1519 1525/1683/1519 1964/1727/1519 1548/1697/1519
f 1525/1683/1520 1183/1680/1520 1554/1724/1520 1964/1727/1520
f 1964/1727/1521 1554/1724/1521 1191/1726/1521 1540/1728/1521
f 1548/1697/1522 1964/1727/1522 1540/1728/1522 1192/1698/1522
f 1197/1716/1523 1545/1715/1523 1965/1729/1523 1562/1730/1523
f 1545/1715/1524 1196/1712/1524 1563/1731/1524 1965/1729/1524
f 1965/1729/1525 1563/1731/1525 1204/1732/1525 1560/1733/1525
f 1562/1730/1526 1965/1729/1526 1560/1733/1526 1205/1734/1526
f 1198/1722/1527 1826/1735/1527 1966/1736/1527 1564/1737/1527
f 1255/1738/1528 1827/1739/1528 1966/1736/1528 1826/1735/1528
f 1206/1740/1529 1564/1737/1529 1966/1736/1529 1827/1739/1529
f 1191/1726/1530 1546/1725/1530 1967/1741/1530 1565/1742/1530
f 1546/1725/1531 1198/1722/1531 1564/1737/1531 1967/1741/1531
f 1967/1741/1532 1564/1737/1532 1206/1740/1532 1561/1743/1532
f 1565/1742/1533 1967/1741/1533 1561/1743/1533 1199/1744/1533
f 1192/1698/1534 1540/1728/1534 1968/1745/1534 1566/1746/1534
f 1540/1728/1535 1191/1726/1535 1565/1742/1535 1968/1745/1535
f 1968/1745/1536 1565/1742/1536 1199/1744/1536 1555/1747/1536
f 1566/1746/1537 1968/1745/1537 1555/1747/1537 1200/1748/1537
f 1193/1700/1538 1541/1699/1538 1969/1749/1538 1567/1750/1538
f 1541/1699/1539 1192/1698/1539 1566/1746/1539 1969/1749/1539
f 1969/1749/1540 1566/1746/1540 1200/1748/1540 1556/1751/1540
f 1567/1750/1541 1969/1749/1541 1556/1751/1541 1201/1752/1541
f 1194/1704/1542 1542/1703/1542 1970/1753/1542 1568/1754/1542
f 1542/1703/1543 1193/1700/1543 1567/1750/1543 1970/1753/1543
f 1970/1753/1544 1567/1750/1544 1201/1752/1544 1557/1755/1544
f 1568/1754/1545 1970/1753/1545 1557/1755/1545 1202/1756/1545
f 1195/1708/1546 1543/1707/1546 1971/1757/1546 1569/1758/1546
f 1543/1707/1547 1194/1704/1547 1568/1754/1547 1971/1757/1547
f 1971/1757/1548 1568/1754/1548 1202/1756/1548 1558/1759/1548
f 1569/1758/1549 1971/1757/1549 1558/1759/1549 1203/1760/1549
f 1196/1712/1550 1544/1711/1550 1972/1761/1550 1563/1731/1550
f 1544/1711/1551 1195/1708/1551 1569/1758/1551 1972/1761/1551
f 1972/1761/1552 1569/1758/1552 1203/1760/1552 1559/1762/1552
f 1563/1731/1553 1972/1761/1553 1559/1762/1553 1204/1732/1553
f 1201/1752/1554 1556/1751/1554 1973/1763/1554 1577/1764/1554
f 1556/1751/1555 1200/1748/1555 1578/1765/1555 1973/1763/1555
f 1973/1763/1556 1578/1765/1556 1208/1766/1556 1571/1767/1556
f 1577/1764/1557 1973/1763/1557 1571/1767/1557 1209/1768/1557
f 1202/1756/1558 1557/1755/1558 1974/1769/1558 1579/1770/1558
f 1557/1755/1559 1201/1752/1559 1577/1764/1559 1974/1769/1559
f 1974/1769/1560 1577/1764/1560 1209/1768/1560 1572/1771/1560
f 1579/1770/1561 1974/1769/1561 1572/1771/1561 1210/1772/1561
f 1203/1760/1562 1558/1759/1562 1975/1773/1562 1580/1774/1562
f 1558/1759/1563 1202/1756/1563 1579/1770/1563 1975/1773/1563
f 1975/1773/1564 1579/1770/1564 1210/1772/1564 1573/1775/1564
f 1580/1774/1565 1975/1773/1565 1573/1775/1565 1211/1776/1565
f 1204/1732/1566 1559/1762/1566 1976/1777/1566 1581/1778/1566
f 1559/1762/1567 1203/1760/1567 1580/1774/1567 1976/1777/1567
f 1976/1777/1568 1580/1774/1568 1211/1776/1568 1574/1779/1568
f 1581/1778/1569 1976/1777/1569 1574/1779/1569 1212/1780/1569
f 1205/1734/1570 1560/1733/1570 1977/1781/1570 1582/1782/1570
f 1560/1733/1571 1204/1732/1571 1581/1778/1571 1977/1781/1571
f 1977/1781/1572 1581/1778/1572 1212/1780/1572 1575/1783/1572
f 1582/1782/1573 1977/1781/1573 1575/1783/1573 1213/1784/1573
f 1206/1740/1574 1827/1785/1574 1978/1786/1574 1583/1787/1574
f 1255/1788/1575 1828/1789/1575 1978/1786/1575 1827/1785/1575
f 1214/1790/1576 1583/1787/1576 1978/1786/1576 1828/1789/1576
f 1199/1744/1577 1561/1743/1577 1979/1791/1577 1584/1792/1577
f 1561/1743/1578 1206/1740/1578 1583/1787/1578 1979/1791/1578
f 1979/1791/1579 1583/1787/1579 1214/1790/1579 1576/1793/1579
f 1584/1792/1580 1979/1791/1580 1576/1793/1580 1207/1794/1580
f 1200/1748/1581 1555/1747/1581 1980/1795/1581 1578/1765/1581
f 1555/1747/1582 1199/1744/1582 1584/1792/1582 1980/1795/1582
f 1980/1795/1583 1584/1792/1583 1207/1794/1583 1570/1796/1583
f 1578/1765/1584 1980/1795/1584 1570/1796/1584 1208/1766/1584
f 1213/1784/1585 1575/1783/1585 1981/1797/1585 1592/1798/1585
f 1575/1783/1586 1212/1780/1586 1593/1799/1586 1981/1797/1586
f 1981/1797/1587 1593/1799/1587 1220/1800/1587 1590/1801/1587
f 1592/1798/1588 1981/1797/1588 1590/1801/1588 1221/1802/1588
f 1214/1790/1589 1828/1803/1589 1982/1804/1589 1594/1805/1589
f 1255/1806/1590 1829/1807/1590 1982/1804/1590 1828/1803/1590
f 1222/1808/1591 1594/1805/1591 1982/1804/1591 1829/1807/1591
f 1207/1794/1592 1576/1793/1592 1983/1809/1592 1595/1810/1592
f 1576/1793/1593 1214/1790/1593 1594/1805/1593 1983/1809/1593
f 1983/1809/1594 1594/1805/1594 1222/1808/1594 1591/1811/1594
f 1595/1810/1595 1983/1809/1595 1591/1811/1595 1215/1812/1595
f 1208/1766/1596 1570/1796/1596 1984/1813/1596 1596/1814/1596
f 1570/1796/1597 1207/1794/1597 1595/1810/1597 1984/1813/1597
f 1984/1813/1598 1595/1810/1598 1215/1812/1598 1585/1815/1598
f 1596/1814/1599 1984/1813/1599 1585/1815/1599 1216/1816/1599
f 1209/1768/1600 1571/1767/1600 1985/1817/1600 1597/1818/1600
f 1571/1767/1601 1208/1766/1601 1596/1814/1601 1985/1817/1601
f 1985/1817/1602 1596/1814/1602 1216/1816/1602 1586/1819/1602
f 1597/1818/1603 1985/1817/1603 1586/1819/1603 1217/1820/1603
f 1210/1772/1604 1572/1771/1604 1986/1821/1604 1598/1822/1604
f 1572/1771/1605 1209/1768/1605 1597/1818/1605 1986/1821/1605
f 1986/1821/1606 1597/1818/1606 1217/1820/1606 1587/1823/1606
f 1598/1822/1607 1986/1821/1607 1587/1823/1607 1218/1824/1607
f 1211/1776/1608 1573/1775/1608 1987/1825/1608 1599/1826/1608
f 1573/1775/1609 1210/1772/1609 1598/1822/1609 1987/1825/1609
f 1987/1825/1610 1598/1822/1610 1218/1824/1610 1588/1827/1610
f 1599/1826/1611 1987/1825/1611 1588/1827/1611 1219/1828/1611
f 1212/1780/1612 1574/1779/1612 1988/1829/1612 1593/1799/1612
f 1574/1779/1613 1211/1776/1613 1599/1826/1613 1988/1829/1613
f 1988/1829/1614 1599/1826/1614 1219/1828/1614 1589/1830/1614
f 1593/1799/1615 1988/1829/1615 1589/1830/1615 1220/1800/1615
f 1218/1824/1616 1587/1823/1616 1989/1831/1616 1607/1832/1616
f 1587/1823/1617 1217/1820/1617 1608/1833/1617 1989/1831/1617
f 1989/1831/1618 1608/1833/1618 1225/1834/1618 1602/1835/1618
f 1607/1832/1619 1989/1831/1619 1602/1835/1619 1226/1836/1619
f 1219/1828/1620 1588/1827/1620 1990/1837/1620 1609/1838/1620
f 1588/1827/1621 1218/1824/1621 1607/1832/1621 1990/1837/1621
f 1990/1837/1622 1607/1832/1622 1226/1836/1622 1603/1839/1622
f 1609/1838/1623 1990/1837/1623 1603/1839/1623 1227/1840/1623
f 1220/1800/1624 1589/1830/1624 1991/1841/1624 1610/1842/1624
f 1589/1830/1625 1219/1828/1625 1609/1838/1625 1991/1841/1625
f 1991/1841/1626 1609/1838/1626 1227/1840/1626 1604/1843/1626
f 1610/1842/1627 1991/1841/1627 1604/1843/1627 1228/1844/1627
f 1221/1802/1628 1590/1801/1628 1992/1845/1628 1611/1846/1628
f 1590/1801/1629 1220/1800/1629 1610/1842/1629 1992/1845/1629
f 1992/1845/1630 1610/1842/1630 1228/1844/1630 1605/1847/1630
f 1611/1846/1631 1992/1845/1631 1605/1847/1631 1229/1848/1631
f 1222/1808/1632 1829/1849/1632 1993/1850/1632 1612/1851/1632
f 1255/1852/1633 1830/1853/1633 1993/1850/1633 1829/1849/1633
f 1230/1854/1634 1612/1851/1634 1993/1850/1634 1830/1853/1634
f 1215/1812/1635 1591/1811/1635 1994/1855/1635 1613/1856/1635
f 1591/1811/1636 1222/1808/1636 1612/1851/1636 1994/1855/1636
f 1994/1855/1637 1612/1851/1637 1230/1854/1637 1606/1857/1637
f 1613/1856/1638 1994/1855/1638 1606/1857/1638 1223/1858/1638
f 1216/1816/1639 1585/1815/1639 1995/1859/1639 1614/1860/1639
f 1585/1815/1640 1215/1812/1640 1613/1856/1640 1995/1859/1640
f 1995/1859/1641 1613/1856/1641 1223/1858/1641 1600/1861/1641
f 1614/1860/1642 1995/1859/1642 1600/1861/1642 1224/1862/1642
f 1217/1820/1643 1586/1819/1643 1996/1863/1643 1608/1833/1643
f 1586/1819/1644 1216/1816/1644 1614/1860/1644 1996/1863/1644
f 1996/1863/1645 1614/1860/1645 1224/1862/1645 1601/1864/1645
f 1608/1833/1646 1996/1863/1646 1601/1864/1646 1225/1834/1646
f 1230/1854/1647 1830/1865/1647 1997/1866/1647 1623/1867/1647
f 1255/1868/1648 1831/1869/1648 1997/1866/1648 1830/1865/1648
f 1238/1870/1649 1623/1867/1649 1997/1866/1649 1831/1869/1649
f 1223/1858/1650 1606/1857/1650 1998/1871/1650 1624/1872/1650
f 1606/1857/1651 1230/1854/1651 1623/1867/1651 1998/1871/1651
f 1998/1871/1652 1623/1867/1652 1238/1870/1652 1621/1873/1652
f 1624/1872/1653 1998/1871/1653 1621/1873/1653 1231/1874/1653
f 1224/1862/1654 1600/1861/1654 1999/1875/1654 1625/1876/1654
f 1600/1861/1655 1223/1858/1655 1624/1872/1655 1999/1875/1655
f 1999/1875/1656 1624/1872/1656 1231/1874/1656 1615/1877/1656
f 1625/1876/1657 1999/1875/1657 1615/1877/1657 1232/1878/1657
f 1225/1834/1658 1601/1864/1658 2000/1879/1658 1626/1880/1658
f 1601/1864/1659 1224/1862/1659 1625/1876/1659 2000/1879/1659
f 2000/1879/1660 1625/1876/1660 1232/1878/1660 1616/1881/1660
f 1626/1880/1661 2000/1879/1661 1616/1881/1661 1233/1882/1661
f 1226/1836/1662 1602/1835/1662 2001/1883/1662 1627/1884/1662
f 1602/1835/1663 1225/1834/1663 1626/1880/1663 2001/1883/1663
f 2001/1883/1664 1626/1880/1664 1233/1882/1664 1617/1885/1664
f 1627/1884/1665 2001/1883/1665 1617/1885/1665 1234/1886/1665
f 1227/1840/1666 1603/1839/1666 2002/1887/1666 1628/1888/1666
f 1603/1839/1667 1226/1836/1667 1627/1884/1667 2002/1887/1667
f 2002/1887/1668 1627/1884/1668 1234/1886/1668 1618/1889/1668
f 1628/1888/1669 2002/1887/1669 1618/1889/1669 1235/1890/1669
f 1228/1844/1670 1604/1843/1670 2003/1891/1670 1629/1892/1670
f 1604/1843/1671 1227/1840/1671 1628/1888/1671 2003/1891/1671
f 2003/1891/1672 1628/1888/1672 1235/1890/1672 1619/1893/1672
f 1629/1892/1673 2003/1891/1673 1619/1893/1673 1236/1894/1673
f 1229/1848/1674 1605/1847/1674 2004/1895/1674 1622/1896/1674
f 1605/1847/1675 1228/1844/1675 1629/1892/1675 2004/1895/1675
f 2004/1895/1676 1629/1892/1676 1236/1894/1676 1620/1897/1676
f 1622/1896/1677 2004/1895/1677 1620/1897/1677 1237/1898/1677
f 1235/1890/1678 1618/1889/1678 2005/1899/1678 1637/1900/1678
f 1618/1889/1679 1234/1886/1679 1638/1901/1679 2005/1899/1679
f 2005/1899/1680 1638/1901/1680 1242/1902/1680 1633/1903/1680
f 1637/1900/1681 2005/1899/1681 1633/1903/1681 1243/1904/1681
f 1236/1894/1682 1619/1893/1682 2006/1905/1682 1639/1906/1682
f 1619/1893/1683 1235/1890/1683 1637/1900/1683 2006/1905/1683
f 2006/1905/1684 1637/1900/1684 1243/1904/1684 1634/1907/1684
f 1639/1906/1685 2006/1905/1685 1634/1907/1685 1244/1908/1685
f 1237/1898/1686 1620/1897/1686 2007/1909/1686 1640/1910/1686
f 1620/1897/1687 1236/1894/1687 1639/1906/1687 2007/1909/1687
f 2007/1909/1688 1639/1906/1688 1244/1908/1688 1635/1911/1688
f 1640/1910/1689 2007/1909/1689 1635/1911/1689 1245/1912/1689
f 1238/1870/1690 1831/1913/1690 2008/1914/1690 1641/1915/1690
f 1255/1916/1691 1832/1917/1691 2008/1914/1691 1831/1913/1691
f 1246/1918/1692 1641/1915/1692 2008/1914/1692 1832/1917/1692
f 1231/1874/1693 1621/1873/1693 2009/1919/1693 1642/1920/1693
f 1621/1873/1694 1238/1870/1694 1641/1915/1694 2009/1919/1694
f 2009/1919/1695 1641/1915/1695 1246/1918/1695 1636/1921/1695
f 1642/1920/1696 2009/1919/1696 1636/1921/1696 1239/1922/1696
f 1232/1878/1697 1615/1877/1697 2010/1923/1697 1643/1924/1697
f 1615/1877/1698 1231/1874/1698 1642/1920/1698 2010/1923/1698
f 2010/1923/1699 1642/1920/1699 1239/1922/1699 1630/1925/1699
f 1643/1924/1700 2010/1923/1700 1630/1925/1700 1240/1926/1700
f 1233/1882/1701 1616/1881/1701 2011/1927/1701 1644/1928/1701
f 1616/1881/1702 1232/1878/1702 1643/1924/1702 2011/1927/1702
f 2011/1927/1703 1643/1924/1703 1240/1926/1703 1631/1929/1703
f 1644/1928/1704 2011/1927/1704 1631/1929/1704 1241/1930/1704
f 1234/1886/1705 1617/1885/1705 2012/1931/1705 1638/1901/1705
f 1617/1885/1706 1233/1882/1706 1644/1928/1706 2012/1931/1706
f 2012/1931/1707 1644/1928/1707 1241/1930/1707 1632/1932/1707
f 1638/1901/1708 2012/1931/1708 1632/1932/1708 1242/1902/1708
f 1246/1918/1709 1832/1933/1709 2013/1934/1709 1653/1935/1709
f 1255/1936/1710 1645/1937/1710 2013/1934/1710 1832/1933/1710
f 1254/1938/1711 1653/1935/1711 2013/1934/1711 1645/1937/1711
f 1239/1922/1712 1636/1921/1712 2014/1939/1712 1654/1940/1712
f 1636/1921/1713 1246/1918/1713 1653/1935/1713 2014/1939/1713
f 2014/1939/1714 1653/1935/1714 1254/1938/1714 1652/1941/1714
f 1654/1940/1715 2014/1939/1715 1652/1941/1715 1247/1942/1715
f 1240/1926/1716 1630/1925/1716 2015/1943/1716 1655/1944/1716
f 1630/1925/1717 1239/1922/1717 1654/1940/1717 2015/1943/1717
f 2015/1943/1718 1654/1940/1718 1247/1942/1718 1646/1945/1718
f 1655/1944/1719 2015/1943/1719 1646/1945/1719 1248/1946/1719
f 1241/1930/1720 1631/1929/1720 2016/1947/1720 1656/1948/1720
f 1631/1929/1721 1240/1926/1721 1655/1944/1721 2016/1947/1721
f 2016/1947/1722 1655/1944/1722 1248/1946/1722 1647/1949/1722
f 1656/1948/1723 2016/1947/1723 1647/1949/1723 1249/1950/1723
f 1242/1902/1724 1632/1932/1724 2017/1951/1724 1657/1952/1724
f 1632/1932/1725 1241/1930/1725 1656/1948/1725 2017/1951/1725
f 2017/1951/1726 1656/1948/1726 1249/1950/1726 1648/1953/1726
f 1657/1952/1727 2017/1951/1727 1648/1953/1727 1250/1954/1727
f 1243/1904/1728 1633/1903/1728 2018/1955/1728 1658/1956/1728
f 1633/1903/1729 1242/1902/1729 1657/1952/1729 2018/1955/1729
f 2018/1955/1730 1657/1952/1730 1250/1954/1730 1649/1957/1730
f 1658/1956/1731 2018/1955/1731 1649/1957/1731 1251/1958/1731
f 1244/1908/1732 1634/1907/1732 2019/1959/1732 1659/1960/1732
f 1634/1907/1733 1243/1904/1733 1658/1956/1733 2019/1959/1733
f 2019/1959/1734 1658/1956/1734 1251/1958/1734 1650/1961/1734
f 1659/1960/1735 2019/1959/1735 1650/1961/1735 1252/1962/1735
f 1245/1912/1736 1635/1911/1736 2020/1963/1736 1660/1964/1736
f 1635/1911/1737 1244/1908/1737 1659/1960/1737 2020/1963/1737
f 2020/1963/1738 1659/1960/1738 1252/1962/1738 1651/1965/1738
f 1660/1964/1739 2020/1963/1739 1651/1965/1739 1253/1966/1739
f 1251/1958/1740 1649/1957/1740 2021/1967/1740 1668/1968/1740
f 1649/1957/1741 1250/1954/1741 1669/1969/1741 2021/1967/1741
f 2021/1967/1742 1669/1969/1742 1259/1970/1742 1664/1971/1742
f 1668/1968/1743 2021/1967/1743 1664/1971/1743 1260/1972/1743
f 1252/1962/1744 1650/1961/1744 2022/1973/1744 1670/1974/1744
f 1650/1961/1745 1251/1958/1745 1668/1968/1745 2022/1973/1745
f 2022/1973/1746 1668/1968/1746 1260/1972/1746 1665/1975/1746
f 1670/1974/1747 2022/1973/1747 1665/1975/1747 1261/1976/1747
f 1253/1966/1748 1651/1965/1748 2023/1977/1748 1671/1978/1748
f 1651/1965/1749 1252/1962/1749 1670/1974/1749 2023/1977/1749
f 2023/1977/1750 1670/1974/1750 1261/1976/1750 1666/1979/1750
f 1671/1978/1751 2023/1977/1751 1666/1979/1751 1262/1980/1751
f 1254/1938/1752 1645/1981/1752 2024/1982/1752 1672/1983/1752
f 1255/1984/1753 1833/1985/1753 2024/1982/1753 1645/1981/1753
f 1263/1986/1754 1672/1983/1754 2024/1982/1754 1833/1985/1754
f 1247/1942/1755 1652/1941/1755 2025/1987/1755 1673/1988/1755
f 1652/1941/1756 1254/1938/1756 1672/1983/1756 2025/1987/1756
f 2025/1987/1757 1672/1983/1757 1263/1986/1757 1667/1989/1757
f 1673/1988/1758 2025/1987/1758 1667/1989/1758 1256/1990/1758
f 1248/1946/1759 1646/1945/1759 2026/1991/1759 1674/1992/1759
f 1646/1945/1760 1247/1942/1760 1673/1988/1760 2026/1991/1760
f 2026/1991/1761 1673/1988/1761 1256/1990/1761 1661/1993/1761
f 1674/1992/1762 2026/1991/1762 1661/1993/1762 1257/1994/1762
f 1249/1950/1763 1647/1949/1763 2027/1995/1763 1675/1996/1763
f 1647/1949/1764 1248/1946/1764 1674/1992/1764 2027/1995/1764
f 2027/1995/1765 1674/1992/1765 1257/1994/1765 1662/1997/1765
f 1675/1996/1766 2027/1995/1766 1662/1997/1766 1258/1998/1766
f 1250/1954/1767 1648/1953/1767 2028/1999/1767 1669/1969/1767
f 1648/1953/1768 1249/1950/1768 1675/1996/1768 2028/1999/1768
f 2028/1999/1769 1675/1996/1769 1258/1998/1769 1663/2000/1769
f 1669/1969/1770 2028/1999/1770 1663/2000/1770 1259/1970/1770
f 1257/1994/1771 1661/1993/1771 2029/2001/1771 1683/2002/1771
f 1661/1993/1772 1256/1990/1772 1684/2003/1772 2029/2001/1772
f 2029/2001/1773 1684/2003/1773 1264/2004/1773 1676/2005/1773
f 1683/2002/1774 2029/2001/1774 1676/2005/1774 1265/2006/1774
f 1258/1998/1775 1662/1997/1775 2030/2007/1775 1685/2008/1775
f 1662/1997/1776 1257/1994/1776 1683/2002/1776 2030/2007/1776
f 2030/2007/1777 1683/2002/1777 1265/2006/1777 1677/2009/1777
f 1685/2008/1778 2030/2007/1778 1677/2009/1778 1266/2010/1778
f 1259/1970/1779 1663/2000/1779 2031/2011/1779 1686/2012/1779
f 1663/2000/1780 1258/1998/1780 1685/2008/1780 2031/2011/1780
f 2031/2011/1781 1685/2008/1781 1266/2010/1781 1678/2013/1781
f 1686/2012/1782 2031/2011/1782 1678/2013/1782 1267/2014/1782
f 1260/1972/1783 1664/1971/1783 2032/2015/1783 1687/2016/1783
f 1664/1971/1784 1259/1970/1784 1686/2012/1784 2032/2015/1784
f 2032/2015/1785 1686/2012/1785 1267/2014/1785 1679/2017/1785
f 1687/2016/1786 2032/2015/1786 1679/2017/1786 1268/2018/1786
f 1261/1976/1787 1665/1975/1787 2033/2019/1787 1688/2020/1787
f 1665/1975/1788 1260/1972/1788 1687/2016/1788 2033/2019/1788
f 2033/2019/1789 1687/2016/1789 1268/2018/1789 1680/2021/1789
f 1688/2020/1790 2033/2019/1790 1680/2021/1790 1269/2022/1790
f 1262/1980/1791 1666/1979/1791 2034/2023/1791 1689/2024/1791
f 1666/1979/1792 1261/1976/1792 1688/2020/1792 2034/2023/1792
f 2034/2023/1793 1688/2020/1793 1269/2022/1793 1681/2025/1793
f 1689/2024/1794 2034/2023/1794 1681/2025/1794 1270/2026/1794
f 1263/1986/1795 1833/2027/1795 2035/2028/1795 1690/2029/1795
f 1255/2030/1796 1834/2031/1796 2035/2028/1796 1833/2027/1796
f 1271/2032/1797 1690/2029/1797 2035/2028/1797 1834/2031/1797
f 1256/1990/1798 1667/1989/1798 2036/2033/1798 1684/2003/1798
f 1667/1989/1799 1263/1986/1799 1690/2029/1799 2036/2033/1799
f 2036/2033/1800 1690/2029/1800 1271/2032/1800 1682/2034/1800
f 1684/2003/1801 2036/2033/1801 1682/2034/1801 1264/2004/1801
f 1269/2035/1802 1680/2036/1802 2037/2037/1802 1698/2038/1802
f 1680/2036/1803 1268/2039/1803 1699/2040/1803 2037/2037/1803
f 2037/2037/1804 1699/2040/1804 1276/2041/1804 1695/2042/1804
f 1698/2038/1805 2037/2037/1805 1695/2042/1805 1277/2043/1805
f 1270/2044/1806 1681/2045/1806 2038/2046/1806 1700/2047/1806
f 1681/2045/1807 1269/2035/1807 1698/2038/1807 2038/2046/1807
f 2038/2046/1808 1698/2038/1808 1277/2043/1808 1696/2048/1808
f 1700/2047/1809 2038/2046/1809 1696/2048/1809 1278/2049/1809
f 1271/2050/1810 1834/2051/1810 2039/2052/1810 1701/2053/1810
f 1255/2054/1811 1835/2055/1811 2039/2052/1811 1834/2051/1811
f 1279/2056/1812 1701/2053/1812 2039/2052/1812 1835/2055/1812
f 1264/2057/1813 1682/2058/1813 2040/2059/1813 1702/2060/1813
f 1682/2058/1814 1271/2050/1814 1701/2053/1814 2040/2059/1814
f 2040/2059/1815 1701/2053/1815 1279/2056/1815 1697/2061/1815
f 1702/2060/1816 2040/2059/1816 1697/2061/1816 1272/2062/1816
f 1265/2063/1817 1676/2064/1817 2041/2065/1817 1703/2066/1817
f 1676/2064/1818 1264/2057/1818 1702/2060/1818 2041/2065/1818
f 2041/2065/1819 1702/2060/1819 1272/2062/1819 1691/2067/1819
f 1703/2066/1820 2041/2065/1820 1691/2067/1820 1273/2068/1820
f 1266/2069/1821 1677/2070/1821 2042/2071/1821 1704/2072/1821
f 1677/2070/1822 1265/2063/1822 1703/2066/1822 2042/2071/1822
f 2042/2071/1823 1703/2066/1823 1273/2068/1823 1692/2073/1823
f 1704/2072/1824 2042/2071/1824 1692/2073/1824 1274/2074/1824
f 1267/2075/1825 1678/2076/1825 2043/2077/1825 1705/2078/1825
f 1678/2076/1826 1266/2069/1826 1704/2072/1826 2043/2077/1826
f 2043/2077/1827 1704/2072/1827 1274/2074/1827 1693/2079/1827
f 1705/2078/1828 2043/2077/1828 1693/2079/1828 1275/2080/1828
f 1268/2039/1829 1679/2081/1829 2044/2082/1829 1699/2040/1829
f 1679/2081/1830 1267/2075/1830 1705/2078/1830 2044/2082/1830
f 2044/2082/1831 1705/2078/1831 1275/2080/1831 1694/2083/1831
f 1699/2040/1832 2044/2082/1832 1694/2083/1832 1276/2041/1832
f 1273/2068/1833 1691/2067/1833 2045/2084/1833 1713/2085/1833
f 1691/2067/1834 1272/2062/1834 1714/2086/1834 2045/2084/1834
f 2045/2084/1835 1714/2086/1835 1280/2087/1835 1706/2088/1835
f 1713/2085/1836 2045/2084/1836 1706/2088/1836 1281/2089/1836
f 1274/2074/1837 1692/2073/1837 2046/2090/1837 1715/2091/1837
f 1692/2073/1838 1273/2068/1838 1713/2085/1838 2046/2090/1838
f 2046/2090/1839 1713/2085/1839 1281/2089/1839 1707/2092/1839
f 1715/2091/1840 2046/2090/1840 1707/2092/1840 1282/2093/1840
f 1275/2080/1841 1693/2079/1841 2047/2094/1841 1716/2095/1841
f 1693/2079/1842 1274/2074/1842 1715/2091/1842 2047/2094/1842
f 2047/2094/1843 1715/2091/1843 1282/2093/1843 1708/2096/1843
f 1716/2095/1844 2047/2094/1844 1708/2096/1844 1283/2097/1844
f 1276/2041/1845 1694/2083/1845 2048/2098/1845 1717/2099/1845
f 1694/2083/1846 1275/2080/1846 1716/2095/1846 2048/2098/1846
f 2048/2098/1847 1716/2095/1847 1283/2097/1847 1709/2100/1847
f 1717/2099/1848 2048/2098/1848 1709/2100/1848 1284/2101/1848
f 1277/2043/1849 1695/2042/1849 2049/2102/1849 1718/2103/1849
f 1695/2042/1850 1276/2041/1850 1717/2099/1850 2049/2102/1850
f 2049/2102/1851 1717/2099/1851 1284/2101/1851 1710/2104/1851
f 1718/2103/1852 2049/2102/1852 1710/2104/1852 1285/2105/1852
f 1278/2049/1853 1696/2048/1853 2050/2106/1853 1719/2107/1853
f 1696/2048/1854 1277/2043/1854 1718/2103/1854 2050/2106/1854
f 2050/2106/1855 1718/2103/1855 1285/2105/1855 1711/2108/1855
f 1719/2107/1856 2050/2106/1856 1711/2108/1856 1286/2109/1856
f 1279/2056/1857 1835/2110/1857 2051/2111/1857 1720/2112/1857
f 1255/2113/1858 1836/2114/1858 2051/2111/1858 1835/2110/1858
f 1287/2115/1859 1720/2112/1859 2051/2111/1859 1836/2114/1859
f 1272/2062/1860 1697/2061/1860 2052/2116/1860 1714/2086/1860
f 1697/2061/1861 1279/2056/1861 1720/2112/1861 2052/2116/1861
f 2052/2116/1862 1720/2112/1862 1287/2115/1862 1712/2117/1862
f 1714/2086/1863 2052/2116/1863 1712/2117/1863 1280/2087/1863
f 1285/2105/1864 1710/2104/1864 2053/2118/1864 1728/2119/1864
f 1710/2104/1865 1284/2101/1865 1729/2120/1865 2053/2118/1865
f 2053/2118/1866 1729/2120/1866 1292/2121/1866 1725/2122/1866
f 1728/2119/1867 2053/2118/1867 1725/2122/1867 1293/2123/1867
f 1286/2109/1868 1711/2108/1868 2054/2124/1868 1730/2125/1868
f 1711/2108/1869 1285/2105/1869 1728/2119/1869 2054/2124/1869
f 2054/2124/1870 1728/2119/1870 1293/2123/1870 1726/2126/1870
f 1730/2125/1871 2054/2124/1871 1726/2126/1871 1294/2127/1871
f 1287/2115/1872 1836/2128/1872 2055/2129/1872 1731/2130/1872
f 1255/2131/1873 1837/2132/1873 2055/2129/1873 1836/2128/1873
f 1295/2133/1874 1731/2130/1874 2055/2129/1874 1837/2132/1874
f 1280/2087/1875 1712/2117/1875 2056/2134/1875 1732/2135/1875
f 1712/2117/1876 1287/2115/1876 1731/2130/1876 2056/2134/1876
f 2056/2134/1877 1731/2130/1877 1295/2133/1877 1727/2136/1877
f 1732/2135/1878 2056/2134/1878 1727/2136/1878 1288/2137/1878
f 1281/2089/1879 1706/2088/1879 2057/2138/1879 1733/2139/1879
f 1706/2088/1880 1280/2087/1880 1732/2135/1880 2057/2138/1880
f 2057/2138/1881 1732/2135/1881 1288/2137/1881 1721/2140/1881
f 1733/2139/1882 2057/2138/1882 1721/2140/1882 1289/2141/1882
f 1282/2093/1883 1707/2092/1883 2058/2142/1883 1734/2143/1883
f 1707/2092/1884 1281/2089/1884 1733/2139/1884 2058/2142/1884
f 2058/2142/1885 1733/2139/1885 1289/2141/1885 1722/2144/1885
f 1734/2143/1886 2058/2142/1886 1722/2144/1886 1290/2145/1886
f 1283/2097/1887 1708/2096/1887 2059/2146/1887 1735/2147/1887
f 1708/2096/1888 1282/2093/1888 1734/2143/1888 2059/2146/1888
f 2059/2146/1889 1734/2143/1889 1290/2145/1889 1723/2148/1889
f 1735/2147/1890 2059/2146/1890 1723/2148/1890 1291/2149/1890
f 1284/2101/1891 1709/2100/1891 2060/2150/1891 1729/2120/1891
f 1709/2100/1892 1283/2097/1892 1735/2147/1892 2060/2150/1892
f 2060/2150/1893 1735/2147/1893 1291/2149/1893 1724/2151/1893
f 1729/2120/1894 2060/2150/1894 1724/2151/1894 1292/2121/1894
f 1290/2145/1895 1722/2144/1895 2061/2152/1895 1743/2153/1895
f 1722/2144/1896 1289/2141/1896 1744/2154/1896 2061/2152/1896
f 2061/2152/1897 1744/2154/1897 1297/2155/1897 1737/2156/1897
f 1743/2153/1898 2061/2152/1898 1737/2156/1898 1298/2157/1898
f 1291/2149/1899 1723/2148/1899 2062/2158/1899 1745/2159/1899
f 1723/2148/1900 1290/2145/1900 1743/2153/1900 2062/2158/1900
f 2062/2158/1901 1743/2153/1901 1298/2157/1901 1738/2160/1901
f 1745/2159/1902 2062/2158/1902 1738/2160/1902 1299/2161/1902
f 1292/2121/1903 1724/2151/1903 2063/2162/1903 1746/2163/1903
f 1724/2151/1904 1291/2149/1904 1745/2159/1904 2063/2162/1904
f 2063/2162/1905 1745/2159/1905 1299/2161/1905 1739/2164/1905
f 1746/2163/1906 2063/2162/1906 1739/2164/1906 1300/2165/1906
f 1293/2123/1907 1725/2122/1907 2064/2166/1907 1747/2167/1907
f 1725/2122/1908 1292/2121/1908 1746/2163/1908 2064/2166/1908
f 2064/2166/1909 1746/2163/1909 1300/2165/1909 1740/2168/1909
f 1747/2167/1910 2064/2166/1910 1740/2168/1910 1301/2169/1910
f 1294/2127/1911 1726/2126/1911 2065/2170/1911 1748/2171/1911
f 1726/2126/1912 1293/2123/1912 1747/2167/1912 2065/2170/1912
f 2065/2170/1913 1747/2167/1913 1301/2169/1913 1741/2172/1913
f 1748/2171/1914 2065/2170/1914 1741/2172/1914 1302/2173/1914
f 1295/2133/1915 1837/2174/1915 2066/2175/1915 1749/2176/1915
f 1255/2177/1916 1838/2178/1916 2066/2175/1916 1837/2174/1916
f 1303/2179/1917 1749/2176/1917 2066/2175/1917 1838/2178/1917
f 1288/2137/1918 1727/2136/1918 2067/2180/1918 1750/2181/1918
f 1727/2136/1919 1295/2133/1919 1749/2176/1919 2067/2180/1919
f 2067/2180/1920 1749/2176/1920 1303/2179/1920 1742/2182/1920
f 1750/2181/1921 2067/2180/1921 1742/2182/1921 1296/2183/1921
f 1289/2141/1922 1721/2140/1922 2068/2184/1922 1744/2154/1922
f 1721/2140/1923 1288/2137/1923 1750/2181/1923 2068/2184/1923
f 2068/2184/1924 1750/2181/1924 1296/2183/1924 1736/2185/1924
f 1744/2154/1925 2068/2184/1925 1736/2185/1925 1297/2155/1925
f 1302/2173/1926 1741/2172/1926 2069/2186/1926 1758/2187/1926
f 1741/2172/1927 1301/2169/1927 1759/2188/1927 2069/2186/1927
f 2069/2186/1928 1759/2188/1928 1309/2189/1928 1756/2190/1928
f 1758/2187/1929 2069/2186/1929 1756/2190/1929 1310/2191/1929
f 1303/2179/1930 1838/2192/1930 2070/2193/1930 1760/2194/1930
f 1255/2195/1931 1839/2196/1931 2070/2193/1931 1838/2192/1931
f 1311/2197/1932 1760/2194/1932 2070/2193/1932 1839/2196/1932
f 1296/2183/1933 1742/2182/1933 2071/2198/1933 1761/2199/1933
f 1742/2182/1934 1303/2179/1934 1760/2194/1934 2071/2198/1934
f 2071/2198/1935 1760/2194/1935 1311/2197/1935 1757/2200/1935
f 1761/2199/1936 2071/2198/1936 1757/2200/1936 1304/2201/1936
f 1297/2155/1937 1736/2185/1937 2072/2202/1937 1762/2203/1937
f 1736/2185/1938 1296/2183/1938 1761/2199/1938 2072/2202/1938
f 2072/2202/1939 1761/2199/1939 1304/2201/1939 1751/2204/1939
f 1762/2203/1940 2072/2202/1940 1751/2204/1940 1305/2205/1940
f 1298/2157/1941 1737/2156/1941 2073/2206/1941 1763/2207/1941
f 1737/2156/1942 1297/2155/1942 1762/2203/1942 2073/2206/1942
f 2073/2206/1943 1762/2203/1943 1305/2205/1943 1752/2208/1943
f 1763/2207/1944 2073/2206/1944 1752/2208/1944 1306/2209/1944
f 1299/2161/1945 1738/2160/1945 2074/2210/1945 1764/2211/1945
f 1738/2160/1946 1298/2157/1946 1763/2207/1946 2074/2210/1946
f 2074/2210/1947 1763/2207/1947 1306/2209/1947 1753/2212/1947
f 1764/2211/1948 2074/2210/1948 1753/2212/1948 1307/2213/1948
f 1300/2165/1949 1739/2164/1949 2075/2214/1949 1765/2215/1949
f 1739/2164/1950 1299/2161/1950 1764/2211/1950 2075/2214/1950
f 2075/2214/1951 1764/2211/1951 1307/2213/1951 1754/2216/1951
f 1765/2215/1952 2075/2214/1952 1754/2216/1952 1308/2217/1952
f 1301/2169/1953 1740/2168/1953 2076/2218/1953 1759/2188/1953
f 1740/2168/1954 1300/2165/1954 1765/2215/1954 2076/2218/1954
f 2076/2218/1955 1765/2215/1955 1308/2217/1955 1755/2219/1955
f 1759/2188/1956 2076/2218/1956 1755/2219/1956 1309/2189/1956
f 1307/2213/1957 1753/2212/1957 2077/2220/1957 1773/2221/1957
f 1753/2212/1958 1306/2209/1958 1774/2222/1958 2077/2220/1958
f 2077/2220/1959 1774/2222/1959 1314/2223/1959 1768/2224/1959
f 1773/2221/1960 2077/2220/1960 1768/2224/1960 1315/2225/1960
f 1308/2217/1961 1754/2216/1961 2078/2226/1961 1775/2227/1961
f 1754/2216/1962 1307/2213/1962 1773/2221/1962 2078/2226/1962
f 2078/2226/1963 1773/2221/1963 1315/2225/1963 1769/2228/1963
f 1775/2227/1964 2078/2226/1964 1769/2228/1964 1316/2229/1964
f 1309/2189/1965 1755/2219/1965 2079/2230/1965 1776/2231/1965
f 1755/2219/1966 1308/2217/1966 1775/2227/1966 2079/2230/1966
f 2079/2230/1967 1775/2227/1967 1316/2229/1967 1770/2232/1967
f 1776/2231/1968 2079/2230/1968 1770/2232/1968 1317/2233/1968
f 1310/2191/1969 1756/2190/1969 2080/2234/1969 1777/2235/1969
f 1756/2190/1970 1309/2189/1970 1776/2231/1970 2080/2234/1970
f 2080/2234/1971 1776/2231/1971 1317/2233/1971 1771/2236/1971
f 1777/2235/1972 2080/2234/1972 1771/2236/1972 1318/2237/1972
f 1311/2197/1973 1839/2238/1973 2081/2239/1973 1778/2240/1973
f 1255/2241/1974 1840/2242/1974 2081/2239/1974 1839/2238/1974
f 1319/2243/1975 1778/2240/1975 2081/2239/1975 1840/2242/1975
f 1304/2201/1976 1757/2200/1976 2082/2244/1976 1779/2245/1976
f 1757/2200/1977 1311/2197/1977 1778/2240/1977 2082/2244/1977
f 2082/2244/1978 1778/2240/1978 1319/2243/1978 1772/2246/1978
f 1779/2245/1979 2082/2244/1979 1772/2246/1979 1312/2247/1979
f 1305/2205/1980 1751/2204/1980 2083/2248/1980 1780/2249/1980
f 1751/2204/1981 1304/2201/1981 1779/2245/1981 2083/2248/1981
f 2083/2248/1982 1779/2245/1982 1312/2247/1982 1766/2250/1982
f 1780/2249/1983 2083/2248/1983 1766/2250/1983 1313/2251/1983
f 1306/2209/1984 1752/2208/1984 2084/2252/1984 1774/2222/1984
f 1752/2208/1985 1305/2205/1985 1780/2249/1985 2084/2252/1985
f 2084/2252/1986 1780/2249/1986 1313/2251/1986 1767/2253/1986
f 1774/2222/1987 2084/2252/1987 1767/2253/1987 1314/2223/1987
f 1319/2243/1988 1840/2254/1988 2085/2255/1988 1789/2256/1988
f 1255/2257/1989 1841/2258/1989 2085/2255/1989 1840/2254/1989
f 1327/2259/1990 1789/2256/1990 2085/2255/1990 1841/2258/1990
f 1312/2247/1991 1772/2246/1991 2086/2260/1991 1790/2261/1991
f 1772/2246/1992 1319/2243/1992 1789/2256/1992 2086/2260/1992
f 2086/2260/1993 1789/2256/1993 1327/2259/1993 1787/2262/1993
f 1790/2261/1994 2086/2260/1994 1787/2262/1994 1320/2263/1994
f 1313/2251/1995 1766/2250/1995 2087/2264/1995 1791/2265/1995
f 1766/2250/1996 1312/2247/1996 1790/2261/1996 2087/2264/1996
f 2087/2264/1997 1790/2261/1997 1320/2263/1997 1781/2266/1997
f 1791/2265/1998 2087/2264/1998 1781/2266/1998 1321/2267/1998
f 1314/2223/1999 1767/2253/1999 2088/2268/1999 1792/2269/1999
f 1767/2253/2000 1313/2251/2000 1791/2265/2000 2088/2268/2000
f 2088/2268/2001 1791/2265/2001 1321/2267/2001 1782/2270/2001
f 1792/2269/2002 2088/2268/2002 1782/2270/2002 1322/2271/2002
f 1315/2225/2003 1768/2224/2003 2089/2272/2003 1793/2273/2003
f 1768/2224/2004 1314/2223/2004 1792/2269/2004 2089/2272/2004
f 2089/2272/2005 1792/2269/2005 1322/2271/2005 1783/2274/2005
f 1793/2273/2006 2089/2272/2006 1783/2274/2006 1323/2275/2006
f 1316/2229/2007 1769/2228/2007 2090/2276/2007 1794/2277/2007
f 1769/2228/2008 1315/2225/2008 1793/2273/2008 2090/2276/2008
f 2090/2276/2009 1793/2273/2009 1323/2275/2009 1784/2278/2009
f 1794/2277/2010 2090/2276/2010 1784/2278/2010 1324/2279/2010
f 1317/2233/2011 1770/2232/2011 2091/2280/2011 1795/2281/2011
f 1770/2232/2012 1316/2229/2012 1794/2277/2012 2091/2280/2012
f 2091/2280/2013 1794/2277/2013 1324/2279/2013 1785/2282/2013
f 1795/2281/2014 2091/2280/2014 1785/2282/2014 1325/2283/2014
f 1318/2237/2015 1771/2236/2015 2092/2284/2015 1788/2285/2015
f 1771/2236/2016 1317/2233/2016 1795/2281/2016 2092/2284/2016
f 2092/2284/2017 1795/2281/2017 1325/2283/2017 1786/2286/2017
f 1788/2285/2018 2092/2284/2018 1786/2286/2018 1326/2287/2018
f 1323/2275/2019 1783/2274/2019 2093/2288/2019 1842/2289/2019
f 1783/2274/2020 1322/2271/2020 1799/2290/2020 2093/2288/2020
f 2093/2288/2021 1799/2290/2021 1330/1215/2021 1806/1213/2021
f 1842/2289/2022 2093/2288/2022 1806/1213/2022 1085/1208/2022
f 1324/2279/2023 1784/2278/2023 2094/2291/2023 1843/2292/2023
f 1784/2278/2024 1323/2275/2024 1842/2289/2024 2094/2291/2024
f 2094/2291/2025 1842/2289/2025 1085/1208/2025 1340/1205/2025
f 1843/2292/2026 2094/2291/2026 1340/1205/2026 1084/1204/2026
f 1325/2283/2027 1785/2282/2027 2095/2293/2027 1844/2294/2027
f 1785/2282/2028 1324/2279/2028 1843/2292/2028 2095/2293/2028
f 2095/2293/2029 1843/2292/2029 1084/1204/2029 1339/1250/2029
f 1844/2294/2030 2095/2293/2030 1339/1250/2030 1083/1245/2030
f 1326/2287/2031 1786/2286/2031 2096/2295/2031 1800/2296/2031
f 1786/2286/2032 1325/2283/2032 1844/2294/2032 2096/2295/2032
f 2096/2295/2033 1844/2294/2033 1083/1245/2033 1805/1242/2033
f 1800/2296/2034 2096/2295/2034 1805/1242/2034 1331/1241/2034
f 1327/2259/2035 1841/2297/2035 2097/2298/2035 1801/2299/2035
f 1255/2300/2036 1807/2301/2036 2097/2298/2036 1841/2297/2036
f 1332/1233/2037 1801/2299/2037 2097/2298/2037 1807/2301/2037
f 1320/2263/2038 1787/2262/2038 2098/2302/2038 1802/2303/2038
f 1787/2262/2039 1327/2259/2039 1801/2299/2039 2098/2302/2039
f 2098/2302/2040 1801/2299/2040 1332/1233/2040 1798/1231/2040
f 1802/2303/2041 2098/2302/2041 1798/1231/2041 1328/1227/2041
f 1321/2267/2042 1781/2266/2042 2099/2304/2042 1803/2305/2042
f 1781/2266/2043 1320/2263/2043 1802/2303/2043 2099/2304/2043
f 2099/2304/2044 1802/2303/2044 1328/1227/2044 1796/1225/2044
f 1803/2305/2045 2099/2304/2045 1796/1225/2045 1329/1221/2045
f 1322/2271/2046 1782/2270/2046 2100/2306/2046 1799/2290/2046
f 1782/2270/2047 1321/2267/2047 1803/2305/2047 2100/2306/2047
f 2100/2306/2048 1803/2305/2048 1329/1221/2048 1797/1219/2048
f 1799/2290/2049 2100/2306/2049 1797/1219/2049 1330/1215/2049
g Cube.001_Cube.002
v 1.136071 0.392260 1.151831
v 0.511616 0.456960 -0.313436
v 0.560538 -0.088909 -0.167991
v 0.328554 0.699672 0.470279
v 1.731765 -0.060737 -0.048073
v 1.806603 1.065865 0.438080
v 1.376126 0.136914 -0.461758
v 0.361478 0.172465 0.395682
v 1.567499 -0.318614 0.502709
v 1.051461 -0.322782 0.604901
v 1.627781 1.234414 0.244287
v 1.233256 -0.401546 -0.173103
v 1.036044 0.847571 1.063830
v 1.677401 0.918614 0.886436
v 0.790907 0.922649 -0.313933
v 0.909033 1.147601 0.530224
vn 0.5191 -0.5067 -0.6883
vn -0.2324 -0.3441 -0.9097
vn -0.2046 0.9526 -0.2252
vn -0.5599 0.6582 0.5033
vn -0.8072 0.4837 -0.3383
vn -0.6060 -0.7815 0.1484
vn -0.4215 -0.9068 -0.0067
vn 0.3766 0.8425 0.3852
vn 0.0527 0.8878 0.4571
vn 0.9630 -0.1561 0.2196
vn -0.5977 0.7916 -0.1273
vn -0.9665 -0.0896 -0.2406
vn 0.6286 -0.2808 0.7253
vn -0.6078 -0.3349 0.7200
vn 0.1584 -0.6116 0.7751
vn 0.7916 0.1943 -0.5793
vn 0.5863 -0.7866 -0.1934
vn 0.0293 -0.9938 0.1075
vn -0.6435 0.0066 0.7654
vn 0.2350 0.2340 0.9434
vn 0.3808 0.4369 -0.8149
vn -0.1389 0.0822 -0.9869
vt 0.353793 0.570506
vt 0.221212 0.626914
vt 0.229007 0.523868
vt 0.429000 0.143207
vt 0.503814 0.228458
vt 0.377938 0.402995
vt 0.375000 0.177643
vt 0.830749 0.500000
vt 0.778201 0.597763
vt 0.731400 0.563157
vt 0.750691 0.654040
vt 0.847688 0.615258
vt 0.875000 0.500000
vt 0.408549 0.899854
vt 0.476514 1.000000
vt 0.375000 1.000000
vt 0.225155 0.725252
vt 0.125000 0.700504
vt 0.552525 0.568757
vt 0.561099 0.485695
vt 0.570825 0.653041
vt 0.658516 0.626313
vt 0.361646 0.704347
vt 0.503386 0.092874
vt 0.586916 0.113140
vt 0.568511 0.851875
vt 0.578028 1.000000
vt 0.415981 0.799712
vt 0.655566 0.750930
vt 0.697420 0.668614
vt 0.606820 0.653373
vt 0.546763 0.301169
s 0
g Cube.001_Material.002
usemtl Material.002
f 2105/2307/2050 2112/2308/2050 2107/2309/2050
f 2103/2310/2051 2102/2311/2051 2107/2312/2051 2112/2313/2051
f 2115/2314/2052 2116/2315/2052 2111/2316/2052
f 2113/2317/2053 2116/2315/2053 2104/2318/2053
f 2102/2319/2054 2104/2318/2054 2115/2314/2054
f 2110/2320/2055 2108/2321/2055 2103/2322/2055
f 2112/2308/2056 2110/2323/2056 2103/2324/2056
f 2106/2325/2057 2111/2326/2057 2114/2327/2057
f 2116/2315/2058 2113/2317/2058 2114/2328/2058 2111/2316/2058
f 2105/2307/2059 2106/2325/2059 2114/2327/2059 2109/2329/2059
f 2115/2314/2060 2104/2318/2060 2116/2315/2060
f 2108/2330/2061 2104/2331/2061 2102/2311/2061 2103/2310/2061
f 2114/2327/2062 2101/2332/2062 2109/2329/2062
f 2101/2332/2063 2104/2333/2063 2108/2321/2063 2110/2320/2063
f 2110/2320/2064 2109/2334/2064 2101/2332/2064
f 2107/2312/2065 2111/2326/2065 2106/2325/2065 2105/2307/2065
f 2105/2307/2066 2109/2329/2066 2112/2308/2066
f 2109/2329/2067 2110/2323/2067 2112/2308/2067
f 2104/2318/2068 2101/2335/2068 2113/2336/2068
f 2101/2335/2069 2114/2337/2069 2113/2336/2069
f 2111/2326/2070 2107/2312/2070 2115/2338/2070
f 2107/2312/2071 2102/2311/2071 2115/2338/2071
g Cube.001_Cube.002
v 0.553714 0.281638 0.325000
v 0.374815 0.916447 1.009709
v 0.517081 1.080110 0.750227
v 0.127869 0.598227 0.711242
v 1.119423 0.719521 0.771671
v 0.828605 0.068631 0.942702
v 0.929801 0.871709 1.017905
v 0.282464 0.833048 0.562305
v 1.031337 0.682558 0.408324
v 0.746053 0.785411 0.327896
v 0.714764 0.111706 1.084195
v 0.951714 1.034181 0.681540
v 0.399702 0.149406 0.522084
v 0.744030 0.011418 0.669350
v 0.409960 0.650399 1.190985
v 0.320587 0.239753 0.875079
vn 0.8032 0.5142 0.3007
vn 0.1093 0.8590 0.5003
vn -0.5282 -0.4425 0.7247
vn -0.8657 -0.4961 -0.0671
vn -0.8522 0.2131 0.4779
vn -0.2499 0.7253 -0.6415
vn -0.0041 0.8190 -0.5737
vn -0.0828 -0.9700 0.2286
vn -0.4042 -0.8994 0.1662
vn 0.8803 -0.4416 -0.1734
vn -0.8319 -0.2131 0.5123
vn -0.7789 0.6256 0.0442
vn 0.5351 -0.4953 -0.6844
vn -0.5446 0.0909 -0.8338
vn 0.2413 -0.0866 -0.9666
vn 0.7388 -0.1545 0.6560
vn 0.8818 0.3972 -0.2542
vn 0.4114 0.6155 -0.6722
vn -0.7247 -0.1561 -0.6711
vn -0.0685 -0.8029 -0.5922
vn 0.3188 -0.0075 0.9478
vn 0.0334 0.5658 0.8239
vt 0.353793 0.570506
vt 0.221212 0.626914
vt 0.229007 0.523868
vt 0.429000 0.143207
vt 0.503814 0.228458
vt 0.377938 0.402995
vt 0.375000 0.177643
vt 0.830749 0.500000
vt 0.778201 0.597763
vt 0.731400 0.563157
vt 0.750691 0.654040
vt 0.847688 0.615258
vt 0.875000 0.500000
vt 0.408549 0.899854
vt 0.476514 1.000000
vt 0.375000 1.000000
vt 0.225155 0.725252
vt 0.125000 0.700504
vt 0.552525 0.568757
vt 0.561099 0.485695
vt 0.570825 0.653041
vt 0.658516 0.626313
vt 0.361646 0.704347
vt 0.503386 0.092874
vt 0.586916 0.113140
vt 0.568511 0.851875
vt 0.578028 1.000000
vt 0.415981 0.799712
vt 0.655566 0.750930
vt 0.697420 0.668614
vt 0.606820 0.653373
vt 0.546763 0.301169
s 0
g Cube.001_Material.002
usemtl Material.002
f 2121/2339/2072 2128/2340/2072 2123/2341/2072
f 2119/2342/2073 2118/2343/2073 2123/2344/2073 2128/2345/2073
f 2131/2346/2074 2132/2347/2074 2127/2348/2074
f 2129/2349/2075 2132/2347/2075 2120/2350/2075
f 2118/2351/2076 2120/2350/2076 2131/2346/2076
f 2126/2352/2077 2124/2353/2077 2119/2354/2077
f 2128/2340/2078 2126/2355/2078 2119/2356/2078
f 2122/2357/2079 2127/2358/2079 2130/2359/2079
f 2132/2347/2080 2129/2349/2080 2130/2360/2080 2127/2348/2080
f 2121/2339/2081 2122/2357/2081 2130/2359/2081 2125/2361/2081
f 2131/2346/2082 2120/2350/2082 2132/2347/2082
f 2124/2362/2083 2120/2363/2083 2118/2343/2083 2119/2342/2083
f 2130/2359/2084 2117/2364/2084 2125/2361/2084
f 2117/2364/2085 2120/2365/2085 2124/2353/2085 2126/2352/2085
f 2126/2352/2086 2125/2366/2086 2117/2364/2086
f 2123/2344/2087 2127/2358/2087 2122/2357/2087 2121/2339/2087
f 2121/2339/2088 2125/2361/2088 2128/2340/2088
f 2125/2361/2089 2126/2355/2089 2128/2340/2089
f 2120/2350/2090 2117/2367/2090 2129/2368/2090
f 2117/2367/2091 2130/2369/2091 2129/2368/2091
f 2127/2358/2092 2123/2344/2092 2131/2370/2092
f 2123/2344/2093 2118/2343/2093 2131/2370/2093
g Circle.002_Circle.002
v 0.073705 0.917962 -0.370538
v 0.107002 0.826144 -0.537937
v 0.136188 0.702578 -0.684664
v 0.160140 0.552012 -0.805080
v 0.177939 0.380232 -0.894557
v 0.188899 0.193841 -0.949657
v 0.193841 0.000000 -0.974503
v 0.000000 0.193841 -0.968262
v 0.000000 0.380232 -0.912083
v 0.000000 0.552012 -0.820853
v 0.038970 0.973792 -0.195917
v 0.144577 0.917962 -0.349039
v 0.209893 0.826144 -0.506726
v 0.267143 0.702578 -0.644940
v 0.314127 0.552012 -0.758369
v 0.349039 0.380232 -0.842655
v 0.370538 0.193841 -0.894557
v 0.380232 0.000000 -0.917962
v 0.076443 0.973792 -0.184550
v 0.209893 0.917962 -0.314127
v 0.304717 0.826144 -0.456041
v 0.387831 0.702578 -0.580431
v 0.456041 0.552012 -0.682514
v 0.506726 0.380232 -0.758369
v 0.537938 0.193841 -0.805080
v 0.552012 0.000000 -0.826144
v 0.110978 0.973792 -0.166091
v 0.267143 0.917962 -0.267143
v 0.387831 0.826144 -0.387831
v 0.493616 0.702578 -0.493616
v 0.580431 0.552012 -0.580431
v 0.644940 0.380232 -0.644940
v 0.684665 0.193841 -0.684664
v 0.702578 0.000000 -0.702578
v 0.141248 0.973792 -0.141248
v 0.314127 0.917962 -0.209893
v 0.456041 0.826144 -0.304717
v 0.580431 0.702578 -0.387831
v 0.682514 0.552012 -0.456041
v 0.758369 0.380232 -0.506726
v 0.805080 0.193841 -0.537937
v 0.826144 0.000000 -0.552012
v 0.166091 0.973792 -0.110978
v 0.349039 0.917962 -0.144577
v 0.506726 0.826144 -0.209893
v 0.644940 0.702578 -0.267143
v 0.758369 0.552012 -0.314127
v 0.842654 0.380232 -0.349039
v 0.894557 0.193841 -0.370538
v 0.917962 0.000000 -0.380232
v 0.184550 0.973792 -0.076443
v 0.370538 0.917962 -0.073705
v 0.537937 0.826144 -0.107002
v 0.684664 0.702578 -0.136188
v 0.805080 0.552012 -0.160140
v 0.894557 0.380232 -0.177939
v 0.949657 0.193841 -0.188898
v 0.974503 0.000000 -0.193841
v 0.195917 0.973792 -0.038970
v 0.377797 0.917962 0.000000
v 0.548476 0.826144 0.000000
v 0.698078 0.702578 0.000000
v 0.820853 0.552012 0.000000
v 0.912083 0.380232 -0.000000
v 0.968262 0.193841 0.000000
v 0.993595 0.000000 0.000000
v 0.199755 0.973792 0.000000
v 0.370538 0.917962 0.073705
v 0.537937 0.826144 0.107002
v 0.684664 0.702578 0.136188
v 0.805080 0.552012 0.160140
v 0.894557 0.380232 0.177939
v 0.949657 0.193841 0.188899
v 0.974503 0.000000 0.193841
v 0.195917 0.973792 0.038970
v 0.349039 0.917962 0.144577
v 0.506726 0.826144 0.209893
v 0.644940 0.702578 0.267143
v 0.758369 0.552012 0.314127
v 0.842654 0.380232 0.349039
v 0.894557 0.193841 0.370538
v 0.917962 0.000000 0.380232
v 0.184550 0.973792 0.076443
v 0.314127 0.917962 0.209893
v 0.456041 0.826144 0.304717
v 0.580431 0.702578 0.387831
v 0.682514 0.552012 0.456041
v 0.758369 0.380232 0.506726
v 0.805080 0.193841 0.537937
v 0.826144 0.000000 0.552012
v 0.166090 0.973792 0.110978
v 0.267143 0.917962 0.267143
v 0.387831 0.826144 0.387831
v 0.493616 0.702578 0.493616
v 0.580430 0.552012 0.580430
v 0.644940 0.380232 0.644940
v 0.684664 0.193841 0.684664
v 0.702577 0.000000 0.702578
v 0.141248 0.973792 0.141248
v 0.209893 0.917962 0.314127
v 0.304717 0.826144 0.456041
v 0.387831 0.702578 0.580430
v 0.456041 0.552012 0.682514
v 0.506726 0.380232 0.758369
v 0.537937 0.193841 0.805080
v 0.552011 0.000000 0.826144
v 0.110978 0.973792 0.166090
v 0.144577 0.917962 0.349039
v 0.209893 0.826144 0.506726
v 0.267143 0.702578 0.644940
v 0.314127 0.552012 0.758369
v 0.349039 0.380232 0.842654
v 0.370538 0.193841 0.894557
v 0.380232 0.000000 0.917962
v 0.076443 0.973792 0.184550
v 0.073704 0.917962 0.370538
v 0.107002 0.826144 0.537937
v 0.136188 0.702578 0.684664
v 0.160140 0.552012 0.805080
v 0.177938 0.380232 0.894557
v 0.188898 0.193841 0.949657
v 0.193840 0.000000 0.974503
v 0.038970 0.973792 0.195917
v -0.000000 0.917962 0.377797
v -0.000000 0.826144 0.548476
v -0.000000 0.702578 0.698078
v -0.000000 0.552012 0.820853
v -0.000000 0.380232 0.912082
v -0.000000 0.193841 0.968262
v -0.000000 0.000000 0.993595
v -0.000000 0.973792 0.199755
v -0.073705 0.917962 0.370538
v -0.107002 0.826144 0.537937
v -0.136188 0.702578 0.684664
v -0.160140 0.552012 0.805080
v -0.177938 0.380232 0.894557
v -0.188899 0.193841 0.949657
v -0.193841 0.000000 0.974503
v -0.038970 0.973792 0.195917
v -0.144577 0.917962 0.349039
v -0.209893 0.826144 0.506726
v -0.267143 0.702578 0.644940
v -0.314127 0.552012 0.758369
v -0.349039 0.380232 0.842654
v -0.370538 0.193841 0.894557
v -0.380232 0.000000 0.917961
v -0.076443 0.973792 0.184550
v -0.209893 0.917962 0.314127
v -0.304717 0.826144 0.456041
v -0.387831 0.702578 0.580430
v -0.456041 0.552012 0.682514
v -0.506726 0.380232 0.758369
v -0.537937 0.193841 0.805080
v -0.552012 0.000000 0.826143
v -0.110978 0.973792 0.166090
v -0.267143 0.917962 0.267143
v -0.387831 0.826144 0.387831
v -0.493615 0.702578 0.493615
v -0.580430 0.552012 0.580430
v -0.644940 0.380232 0.644940
v -0.684664 0.193841 0.684664
v -0.702578 0.000000 0.702577
v -0.141248 0.973792 0.141248
v -0.314127 0.917962 0.209893
v -0.456041 0.826144 0.304717
v -0.580430 0.702578 0.387831
v -0.682514 0.552012 0.456041
v -0.758369 0.380232 0.506726
v -0.805080 0.193841 0.537937
v -0.826144 0.000000 0.552011
v -0.166090 0.973792 0.110978
v -0.349039 0.917962 0.144577
v -0.506726 0.826144 0.209893
v -0.644940 0.702578 0.267143
v -0.758369 0.552012 0.314126
v -0.842654 0.380232 0.349039
v -0.894557 0.193841 0.370537
v -0.917962 0.000000 0.380232
v -0.184550 0.973792 0.076443
v 0.000000 0.997577 0.000000
v -0.370538 0.917962 0.073704
v -0.537937 0.826144 0.107002
v -0.684664 0.702578 0.136188
v -0.805080 0.552012 0.160140
v -0.894557 0.380232 0.177938
v -0.949657 0.193841 0.188898
v -0.974503 0.000000 0.193840
v -0.195917 0.973792 0.038970
v -0.377797 0.917962 -0.000000
v -0.548476 0.826144 -0.000000
v -0.698078 0.702578 -0.000000
v -0.820852 0.552012 -0.000000
v -0.912082 0.380232 -0.000000
v -0.968261 0.193841 -0.000000
v -0.993594 0.000000 -0.000000
v -0.199755 0.973792 -0.000000
v -0.370538 0.917962 -0.073705
v -0.537937 0.826144 -0.107002
v -0.684664 0.702578 -0.136188
v -0.805080 0.552012 -0.160140
v -0.894557 0.380232 -0.177939
v -0.949656 0.193841 -0.188899
v -0.974503 0.000000 -0.193841
v -0.195917 0.973792 -0.038970
v -0.349039 0.917962 -0.144577
v -0.506726 0.826144 -0.209893
v -0.644940 0.702578 -0.267143
v -0.758369 0.552012 -0.314127
v -0.842654 0.380232 -0.349039
v -0.894557 0.193841 -0.370538
v -0.917961 0.000000 -0.380232
v -0.184550 0.973792 -0.076443
v -0.314127 0.917962 -0.209893
v -0.456041 0.826144 -0.304717
v -0.580430 0.702578 -0.387831
v -0.682514 0.552012 -0.456041
v -0.758369 0.380232 -0.506726
v -0.805080 0.193841 -0.537937
v -0.826143 0.000000 -0.552012
v -0.166090 0.973792 -0.110978
v -0.267143 0.917962 -0.267143
v -0.387831 0.826144 -0.387831
v -0.493615 0.702578 -0.493615
v -0.580430 0.552012 -0.580430
v -0.644939 0.380232 -0.644940
v -0.684664 0.193841 -0.684664
v -0.702577 0.000000 -0.702577
v -0.141248 0.973792 -0.141248
v -0.209893 0.917962 -0.314127
v -0.304717 0.826144 -0.456041
v -0.387831 0.702578 -0.580430
v -0.456041 0.552012 -0.682514
v -0.506726 0.380232 -0.758369
v -0.537937 0.193841 -0.805080
v -0.552011 0.000000 -0.826144
v -0.110978 0.973792 -0.166090
v -0.144577 0.917962 -0.349039
v -0.209892 0.826144 -0.506726
v -0.267143 0.702578 -0.644940
v -0.314126 0.552012 -0.758369
v -0.349039 0.380232 -0.842654
v -0.370537 0.193841 -0.894557
v -0.380232 0.000000 -0.917961
v -0.076443 0.973792 -0.184550
v -0.073704 0.917962 -0.370538
v -0.107002 0.826144 -0.537937
v -0.136188 0.702578 -0.684664
v -0.160140 0.552012 -0.805080
v -0.177938 0.380232 -0.894557
v -0.188898 0.193841 -0.949656
v -0.193840 0.000000 -0.974503
v -0.038970 0.973792 -0.195917
v 0.000000 0.917962 -0.377797
v 0.000000 0.826144 -0.548476
v 0.000000 0.702578 -0.698078
v 0.000000 0.000000 -0.993594
v 0.000000 0.973792 -0.199755
v 0.090790 0.876269 -0.456434
v 0.122183 0.768056 -0.614256
v 0.148881 0.630328 -0.748474
v 0.169857 0.468376 -0.853927
v 0.184305 0.288424 -0.926565
v 0.191826 0.097389 -0.964376
v 0.000000 0.288424 -0.944718
v 0.000000 0.468376 -0.870657
v 0.056083 0.950719 -0.281948
v 0.089399 0.380232 -0.907687
v 0.080457 0.552012 -0.816897
v 0.094906 0.193841 -0.963596
v 0.178092 0.876269 -0.429951
v 0.239671 0.768056 -0.578617
v 0.292040 0.630328 -0.705047
v 0.333186 0.468376 -0.804382
v 0.361528 0.288424 -0.872805
v 0.376281 0.097389 -0.908422
v 0.110011 0.950719 -0.265589
v 0.238280 0.552012 -0.785504
v 0.202641 0.702578 -0.668016
v 0.264763 0.380232 -0.872805
v 0.281071 0.193841 -0.926565
v 0.288424 0.000000 -0.950808
v 0.058513 0.973614 -0.192890
v 0.159214 0.826144 -0.524857
v 0.109668 0.917962 -0.361528
v 0.258549 0.876269 -0.386946
v 0.347948 0.768056 -0.520741
v 0.423976 0.630328 -0.634525
v 0.483711 0.468376 -0.723925
v 0.524857 0.288424 -0.785504
v 0.546275 0.097389 -0.817558
v 0.159711 0.950719 -0.239024
v 0.468376 0.000000 -0.876269
v 0.456434 0.193841 -0.853927
v 0.095019 0.973614 -0.177769
v 0.178092 0.917962 -0.333186
v 0.258549 0.826144 -0.483711
v 0.329070 0.702578 -0.615647
v 0.386946 0.552012 -0.723925
v 0.429951 0.380232 -0.804382
v 0.329070 0.876269 -0.329070
v 0.442854 0.768056 -0.442854
v 0.539619 0.630328 -0.539619
v 0.615647 0.468376 -0.615647
v 0.668016 0.288424 -0.668016
v 0.695276 0.097389 -0.695276
v 0.203273 0.950719 -0.203273
v 0.442854 0.702578 -0.539619
v 0.347948 0.826144 -0.423976
v 0.520741 0.552012 -0.634525
v 0.578617 0.380232 -0.705047
v 0.614257 0.193841 -0.748474
v 0.630328 0.000000 -0.768056
v 0.127874 0.973614 -0.155815
v 0.239671 0.917962 -0.292040
v 0.386946 0.876269 -0.258549
v 0.520741 0.768056 -0.347948
v 0.634525 0.630328 -0.423976
v 0.723925 0.468376 -0.483711
v 0.785504 0.288424 -0.524857
v 0.817558 0.097389 -0.546275
v 0.239024 0.950719 -0.159711
v 0.768056 0.000000 -0.630327
v 0.748474 0.193841 -0.614256
v 0.155815 0.973614 -0.127874
v 0.292040 0.917962 -0.239671
v 0.423976 0.826144 -0.347948
v 0.539620 0.702578 -0.442854
v 0.634525 0.552012 -0.520741
v 0.705047 0.380232 -0.578617
v 0.429951 0.876269 -0.178092
v 0.578617 0.768056 -0.239671
v 0.705047 0.630328 -0.292040
v 0.804382 0.468376 -0.333186
v 0.872805 0.288424 -0.361528
v 0.908422 0.097389 -0.376281
v 0.265589 0.950719 -0.110011
v 0.723925 0.552012 -0.386946
v 0.615647 0.702578 -0.329070
v 0.804382 0.380232 -0.429951
v 0.853927 0.193841 -0.456434
v 0.876269 0.000000 -0.468375
v 0.177769 0.973614 -0.095019
v 0.333186 0.917962 -0.178092
v 0.483711 0.826144 -0.258549
v 0.456434 0.876269 -0.090790
v 0.614256 0.768056 -0.122183
v 0.748474 0.630328 -0.148881
v 0.853927 0.468376 -0.169857
v 0.926565 0.288424 -0.184305
v 0.964376 0.097389 -0.191826
v 0.281948 0.950719 -0.056083
v 0.950807 0.000000 -0.288424
v 0.192890 0.973614 -0.058513
v 0.361528 0.917962 -0.109668
v 0.524857 0.826144 -0.159214
v 0.668016 0.702578 -0.202641
v 0.785504 0.552012 -0.238280
v 0.872805 0.380232 -0.264763
v 0.926565 0.193841 -0.281070
v 0.465376 0.876269 0.000000
v 0.626290 0.768056 0.000000
v 0.763137 0.630328 0.000000
v 0.870657 0.468376 0.000000
v 0.944718 0.288424 0.000000
v 0.983269 0.097389 0.000000
v 0.287471 0.950719 0.000000
v 0.816897 0.552012 -0.080457
v 0.694714 0.702578 -0.068423
v 0.907687 0.380232 -0.089399
v 0.963596 0.193841 -0.094906
v 0.988807 0.000000 -0.097389
v 0.200599 0.973614 -0.019757
v 0.375976 0.917962 -0.037030
v 0.545833 0.826144 -0.053760
v 0.456434 0.876269 0.090790
v 0.614256 0.768056 0.122183
v 0.748474 0.630328 0.148881
v 0.853927 0.468376 0.169857
v 0.926565 0.288424 0.184305
v 0.964376 0.097389 0.191826
v 0.281948 0.950719 0.056083
v 0.988807 0.000000 0.097389
v 0.200599 0.973614 0.019757
v 0.375976 0.917962 0.037030
v 0.545833 0.826144 0.053760
v 0.694714 0.702578 0.068423
v 0.816897 0.552012 0.080457
v 0.907687 0.380232 0.089399
v 0.963596 0.193841 0.094906
v 0.429951 0.876269 0.178092
v 0.578617 0.768056 0.239671
v 0.705047 0.630328 0.292040
v 0.804382 0.468376 0.333186
v 0.872805 0.288424 0.361528
v 0.908422 0.097389 0.376281
v 0.265589 0.950719 0.110011
v 0.872805 0.380232 0.264763
v 0.785504 0.552012 0.238280
v 0.926565 0.193841 0.281071
v 0.950807 0.000000 0.288424
v 0.192890 0.973614 0.058513
v 0.361528 0.917962 0.109668
v 0.524857 0.826144 0.159214
v 0.668016 0.702578 0.202641
v 0.386946 0.876269 0.258549
v 0.520741 0.768056 0.347948
v 0.634525 0.630328 0.423976
v 0.723924 0.468376 0.483711
v 0.785504 0.288424 0.524857
v 0.817558 0.097389 0.546275
v 0.239024 0.950719 0.159711
v 0.333186 0.917962 0.178092
v 0.177769 0.973614 0.095019
v 0.483711 0.826144 0.258549
v 0.615647 0.702578 0.329070
v 0.723924 0.552012 0.386946
v 0.804382 0.380232 0.429951
v 0.853927 0.193841 0.456434
v 0.876269 0.000000 0.468376
v 0.329070 0.876269 0.329070
v 0.442854 0.768056 0.442854
v 0.539619 0.630328 0.539619
v 0.615647 0.468376 0.615647
v 0.668016 0.288424 0.668016
v 0.695276 0.097389 0.695276
v 0.203273 0.950719 0.203273
v 0.748473 0.193841 0.614256
v 0.705047 0.380232 0.578617
v 0.768056 0.000000 0.630328
v 0.155815 0.973614 0.127874
v 0.292040 0.917962 0.239671
v 0.423976 0.826144 0.347948
v 0.539619 0.702578 0.442854
v 0.634525 0.552012 0.520741
v 0.258549 0.876269 0.386946
v 0.347948 0.768056 0.520741
v 0.423976 0.630328 0.634525
v 0.483711 0.468376 0.723925
v 0.524857 0.288424 0.785504
v 0.546275 0.097389 0.817558
v 0.159711 0.950719 0.239024
v 0.347948 0.826144 0.423976
v 0.239671 0.917962 0.292040
v 0.442854 0.702578 0.539619
v 0.520741 0.552012 0.634525
v 0.578617 0.380232 0.705047
v 0.614256 0.193841 0.748474
v 0.630327 0.000000 0.768056
v 0.127874 0.973614 0.155815
v 0.178091 0.876269 0.429951
v 0.239671 0.768056 0.578617
v 0.292040 0.630328 0.705047
v 0.333186 0.468376 0.804382
v 0.361528 0.288424 0.872805
v 0.376280 0.097389 0.908422
v 0.110011 0.950719 0.265589
v 0.456433 0.193841 0.853927
v 0.429951 0.380232 0.804382
v 0.468375 0.000000 0.876269
v 0.095019 0.973614 0.177769
v 0.178091 0.917962 0.333186
v 0.258549 0.826144 0.483711
v 0.329070 0.702578 0.615647
v 0.386946 0.552012 0.723925
v 0.090790 0.876269 0.456434
v 0.122183 0.768056 0.614256
v 0.148881 0.630328 0.748473
v 0.169857 0.468376 0.853927
v 0.184305 0.288424 0.926565
v 0.191826 0.097389 0.964375
v 0.056083 0.950719 0.281948
v 0.202640 0.702578 0.668016
v 0.159214 0.826144 0.524857
v 0.238280 0.552012 0.785504
v 0.264763 0.380232 0.872805
v 0.281070 0.193841 0.926565
v 0.288424 0.000000 0.950807
v 0.058513 0.973614 0.192890
v 0.109668 0.917962 0.361528
v -0.000000 0.876269 0.465376
v -0.000000 0.768056 0.626290
v -0.000000 0.630328 0.763137
v -0.000000 0.468376 0.870657
v -0.000000 0.288424 0.944717
v -0.000000 0.097389 0.983269
v -0.000000 0.950719 0.287471
v 0.097389 0.000000 0.988806
v 0.094906 0.193841 0.963595
v 0.019757 0.973614 0.200599
v 0.037030 0.917962 0.375976
v 0.053760 0.826144 0.545833
v 0.068423 0.702578 0.694714
v 0.080457 0.552012 0.816897
v 0.089399 0.380232 0.907687
v -0.090790 0.876269 0.456434
v -0.122183 0.768056 0.614256
v -0.148881 0.630328 0.748473
v -0.169857 0.468376 0.853927
v -0.184305 0.288424 0.926565
v -0.191826 0.097389 0.964375
v -0.056083 0.950719 0.281948
v -0.068423 0.702578 0.694714
v -0.053760 0.826144 0.545833
v -0.080457 0.552012 0.816897
v -0.089399 0.380232 0.907687
v -0.094906 0.193841 0.963595
v -0.097389 0.000000 0.988806
v -0.019757 0.973614 0.200599
v -0.037030 0.917962 0.375976
v -0.178092 0.876269 0.429951
v -0.239671 0.768056 0.578617
v -0.292040 0.630328 0.705047
v -0.333186 0.468376 0.804382
v -0.361528 0.288424 0.872805
v -0.376281 0.097389 0.908422
v -0.110011 0.950719 0.265589
v -0.288424 0.000000 0.950807
v -0.281071 0.193841 0.926565
v -0.058513 0.973614 0.192890
v -0.109668 0.917962 0.361528
v -0.159214 0.826144 0.524857
v -0.202641 0.702578 0.668016
v -0.238280 0.552012 0.785504
v -0.264763 0.380232 0.872805
v -0.258549 0.876269 0.386946
v -0.347948 0.768056 0.520741
v -0.423976 0.630328 0.634525
v -0.483711 0.468376 0.723924
v -0.524857 0.288424 0.785504
v -0.546275 0.097389 0.817558
v -0.159711 0.950719 0.239024
v -0.386946 0.552012 0.723924
v -0.329070 0.702578 0.615647
v -0.429951 0.380232 0.804382
v -0.456434 0.193841 0.853927
v -0.468376 0.000000 0.876269
v -0.095019 0.973614 0.177768
v -0.178092 0.917962 0.333186
v -0.258549 0.826144 0.483711
v -0.329070 0.876269 0.329070
v -0.442854 0.768056 0.442854
v -0.539619 0.630328 0.539619
v -0.615647 0.468376 0.615647
v -0.668016 0.288424 0.668016
v -0.695276 0.097389 0.695276
v -0.203273 0.950719 0.203273
v -0.630327 0.000000 0.768056
v -0.127874 0.973614 0.155815
v -0.239671 0.917962 0.292040
v -0.347948 0.826144 0.423976
v -0.442854 0.702578 0.539619
v -0.520741 0.552012 0.634525
v -0.578617 0.380232 0.705046
v -0.614256 0.193841 0.748473
v -0.386946 0.876269 0.258549
v -0.520741 0.768056 0.347948
v -0.634525 0.630328 0.423976
v -0.723924 0.468376 0.483711
v -0.785504 0.288424 0.524857
v -0.817558 0.097389 0.546274
v -0.239024 0.950719 0.159711
v -0.705047 0.380232 0.578617
v -0.634525 0.552012 0.520741
v -0.748473 0.193841 0.614256
v -0.768056 0.000000 0.630327
v -0.155815 0.973614 0.127874
v -0.292040 0.917962 0.239671
v -0.423976 0.826144 0.347948
v -0.539619 0.702578 0.442854
v -0.109146 0.987361 0.045210
v -0.429951 0.876269 0.178091
v -0.578617 0.768056 0.239671
v -0.705047 0.630328 0.292040
v -0.804382 0.468376 0.333186
v -0.872805 0.288424 0.361528
v -0.908422 0.097389 0.376280
v -0.265589 0.950719 0.110010
v -0.177768 0.973614 0.095019
v -0.333186 0.917962 0.178091
v -0.483711 0.826144 0.258549
v -0.615647 0.702578 0.329070
v -0.723924 0.552012 0.386946
v -0.804382 0.380232 0.429951
v -0.853927 0.193841 0.456433
v -0.876269 0.000000 0.468375
v -0.456433 0.876269 0.090790
v -0.614256 0.768056 0.122183
v -0.748473 0.630328 0.148881
v -0.853927 0.468376 0.169857
v -0.926565 0.288424 0.184305
v -0.964375 0.097389 0.191826
v -0.281948 0.950719 0.056083
v -0.872805 0.380232 0.264762
v -0.785504 0.552012 0.238280
v -0.926565 0.193841 0.281070
v -0.950807 0.000000 0.288424
v -0.192890 0.973614 0.058513
v -0.361528 0.917962 0.109668
v -0.524857 0.826144 0.159213
v -0.668016 0.702578 0.202640
v -0.465376 0.876269 -0.000000
v -0.626290 0.768057 -0.000000
v -0.763137 0.630328 -0.000000
v -0.870656 0.468376 -0.000000
v -0.944717 0.288424 -0.000000
v -0.983268 0.097389 -0.000000
v -0.287471 0.950719 -0.000000
v -0.545833 0.826144 0.053760
v -0.375976 0.917962 0.037030
v -0.694714 0.702578 0.068423
v -0.816897 0.552012 0.080457
v -0.907687 0.380232 0.089399
v -0.963595 0.193841 0.094906
v -0.988806 0.000000 0.097388
v -0.200599 0.973614 0.019757
v -0.456433 0.876269 -0.090790
v -0.614256 0.768056 -0.122183
v -0.748473 0.630328 -0.148881
v -0.853927 0.468376 -0.169857
v -0.926565 0.288424 -0.184305
v -0.964375 0.097389 -0.191826
v -0.281948 0.950719 -0.056083
v -0.963595 0.193841 -0.094906
v -0.907687 0.380232 -0.089399
v -0.988806 0.000000 -0.097389
v -0.200599 0.973614 -0.019757
v -0.375976 0.917962 -0.037030
v -0.545833 0.826144 -0.053760
v -0.694713 0.702578 -0.068423
v -0.816896 0.552012 -0.080457
v -0.429951 0.876269 -0.178092
v -0.578617 0.768056 -0.239671
v -0.705047 0.630328 -0.292040
v -0.804382 0.468376 -0.333186
v -0.872805 0.288424 -0.361528
v -0.908421 0.097389 -0.376281
v -0.265589 0.950719 -0.110011
v -0.524857 0.826144 -0.159214
v -0.361528 0.917962 -0.109668
v -0.668016 0.702578 -0.202641
v -0.785504 0.552012 -0.238280
v -0.872805 0.380232 -0.264763
v -0.926565 0.193841 -0.281071
v -0.950807 0.000000 -0.288424
v -0.192890 0.973614 -0.058513
v -0.386945 0.876269 -0.258549
v -0.520741 0.768056 -0.347948
v -0.634525 0.630328 -0.423976
v -0.723924 0.468376 -0.483711
v -0.785504 0.288424 -0.524857
v -0.817558 0.097389 -0.546275
v -0.239024 0.950719 -0.159711
v -0.853927 0.193841 -0.456434
v -0.804382 0.380232 -0.429951
v -0.876268 0.000000 -0.468376
v -0.177768 0.973614 -0.095019
v -0.333186 0.917962 -0.178092
v -0.483711 0.826144 -0.258549
v -0.615647 0.702578 -0.329070
v -0.723924 0.552012 -0.386946
v -0.329070 0.876269 -0.329070
v -0.442854 0.768056 -0.442854
v -0.539619 0.630328 -0.539619
v -0.615647 0.468376 -0.615647
v -0.668016 0.288424 -0.668016
v -0.695275 0.097389 -0.695276
v -0.203273 0.950719 -0.203273
v -0.539619 0.702578 -0.442854
v -0.423976 0.826144 -0.347948
v -0.634525 0.552012 -0.520741
v -0.705046 0.380232 -0.578617
v -0.748473 0.193841 -0.614256
v -0.768055 0.000000 -0.630327
v -0.155815 0.973614 -0.127874
v -0.292040 0.917962 -0.239671
v -0.258549 0.876269 -0.386946
v -0.347948 0.768056 -0.520741
v -0.423976 0.630328 -0.634525
v -0.483711 0.468376 -0.723924
v -0.524857 0.288424 -0.785504
v -0.546274 0.097389 -0.817558
v -0.159710 0.950719 -0.239024
v -0.630327 0.000000 -0.768056
v -0.614256 0.193841 -0.748473
v -0.127874 0.973614 -0.155815
v -0.239671 0.917962 -0.292040
v -0.347948 0.826144 -0.423976
v -0.442854 0.702578 -0.539619
v -0.520741 0.552012 -0.634525
v -0.578617 0.380232 -0.705047
v -0.178091 0.876269 -0.429951
v -0.239671 0.768056 -0.578617
v -0.292040 0.630328 -0.705046
v -0.333186 0.468376 -0.804382
v -0.361528 0.288424 -0.872805
v -0.376280 0.097389 -0.908422
v -0.110010 0.950719 -0.265589
v -0.386945 0.552012 -0.723924
v -0.329070 0.702578 -0.615647
v -0.429951 0.380232 -0.804382
v -0.456433 0.193841 -0.853927
v -0.468375 0.000000 -0.876269
v -0.095019 0.973614 -0.177768
v -0.178091 0.917962 -0.333186
v -0.258549 0.826144 -0.483711
v -0.090790 0.876269 -0.456433
v -0.122183 0.768056 -0.614256
v -0.148880 0.630328 -0.748473
v -0.169857 0.468376 -0.853927
v -0.184305 0.288424 -0.926565
v -0.191826 0.097389 -0.964375
v -0.056083 0.950719 -0.281948
v -0.288424 0.000000 -0.950807
v -0.058513 0.973614 -0.192890
v -0.109668 0.917962 -0.361528
v -0.159213 0.826144 -0.524857
v -0.202640 0.702578 -0.668016
v -0.238280 0.552012 -0.785504
v -0.264762 0.380232 -0.872805
v -0.281070 0.193841 -0.926565
v 0.000000 0.876269 -0.465375
v 0.000000 0.768056 -0.626290
v 0.000000 0.950719 -0.287471
v -0.068423 0.702578 -0.694713
v -0.097388 0.000000 -0.988806
v -0.019757 0.973614 -0.200599
v -0.037030 0.917962 -0.375976
v -0.053760 0.826144 -0.545833
v 0.023048 0.987361 -0.115869
v 0.000000 0.097389 -0.983269
v 0.000000 0.630328 -0.763137
v 0.000000 0.987361 -0.118139
v 0.068423 0.702578 -0.694714
v 0.053760 0.826144 -0.545833
v 0.037030 0.917962 -0.375976
v 0.019757 0.973614 -0.200599
v 0.097389 0.000000 -0.988806
v 0.045210 0.987361 -0.109146
v 0.065634 0.987361 -0.098229
v 0.083537 0.987361 -0.083537
v 0.098229 0.987361 -0.065634
v 0.109146 0.987361 -0.045210
v 0.115869 0.987361 -0.023048
v 0.118139 0.987361 0.000000
v 0.115869 0.987361 0.023048
v 0.109146 0.987361 0.045210
v 0.098229 0.987361 0.065634
v 0.083537 0.987361 0.083537
v 0.065634 0.987361 0.098229
v 0.045210 0.987361 0.109146
v 0.023048 0.987361 0.115869
v -0.000000 0.987361 0.118139
v -0.023048 0.987361 0.115869
v -0.045210 0.987361 0.109146
v -0.065634 0.987361 0.098229
v -0.083537 0.987361 0.083537
v -0.098229 0.987361 0.065634
v -0.115869 0.987361 0.023048
v -0.118139 0.987361 -0.000000
v -0.115869 0.987361 -0.023048
v -0.109146 0.987361 -0.045210
v -0.098229 0.987361 -0.065634
v -0.083537 0.987361 -0.083537
v -0.065634 0.987361 -0.098229
v -0.045210 0.987361 -0.109146
v -0.023048 0.987361 -0.115869
v -0.080457 0.552012 -0.816897
v -0.089399 0.380232 -0.907687
v -0.094906 0.193841 -0.963595
v 0.085339 0.468376 -0.866461
v 0.074800 0.630328 -0.759459
v 0.061387 0.768056 -0.623272
v 0.045615 0.876269 -0.463133
v 0.028199 0.950696 -0.286312
v 0.013329 0.985270 -0.135336
v 0.096377 0.097389 -0.978530
v 0.092598 0.288424 -0.940165
v 0.221526 0.630328 -0.730274
v 0.252737 0.468376 -0.833163
v 0.274236 0.288424 -0.904035
v 0.285427 0.097389 -0.940926
v 0.039476 0.985270 -0.130136
v 0.135091 0.876269 -0.445335
v 0.083514 0.950696 -0.275309
v 0.181802 0.768056 -0.599320
v 0.463508 0.097389 -0.867163
v 0.064106 0.985270 -0.119934
v 0.135620 0.950696 -0.253726
v 0.219376 0.876269 -0.410423
v 0.295230 0.768056 -0.552337
v 0.359739 0.630328 -0.673024
v 0.410423 0.468376 -0.767848
v 0.445335 0.288424 -0.833163
v 0.397313 0.768056 -0.484127
v 0.484127 0.630328 -0.589911
v 0.552337 0.468376 -0.673024
v 0.599320 0.288424 -0.730274
v 0.623777 0.097389 -0.760074
v 0.086272 0.985270 -0.105123
v 0.182513 0.950696 -0.222393
v 0.295230 0.876269 -0.359739
v 0.760074 0.097389 -0.623777
v 0.105123 0.985270 -0.086272
v 0.222393 0.950696 -0.182513
v 0.359739 0.876269 -0.295230
v 0.484127 0.768056 -0.397313
v 0.589911 0.630328 -0.484127
v 0.673024 0.468376 -0.552337
v 0.730274 0.288424 -0.599320
v 0.673024 0.630328 -0.359739
v 0.767848 0.468376 -0.410423
v 0.833163 0.288424 -0.445335
v 0.867163 0.097389 -0.463508
v 0.119934 0.985270 -0.064106
v 0.253726 0.950696 -0.135620
v 0.410423 0.876269 -0.219376
v 0.552337 0.768056 -0.295230
v 0.130136 0.985270 -0.039476
v 0.275309 0.950696 -0.083514
v 0.445335 0.876269 -0.135091
v 0.599320 0.768056 -0.181802
v 0.730274 0.630328 -0.221526
v 0.833163 0.468376 -0.252737
v 0.904035 0.288424 -0.274236
v 0.940926 0.097389 -0.285427
v 0.759459 0.630328 -0.074800
v 0.866461 0.468376 -0.085339
v 0.940165 0.288424 -0.092598
v 0.978530 0.097389 -0.096377
v 0.135336 0.985270 -0.013329
v 0.286312 0.950696 -0.028199
v 0.463133 0.876269 -0.045615
v 0.623272 0.768056 -0.061387
v 0.135336 0.985270 0.013329
v 0.286312 0.950696 0.028199
v 0.463133 0.876269 0.045615
v 0.623272 0.768056 0.061387
v 0.759459 0.630328 0.074800
v 0.866461 0.468376 0.085339
v 0.940165 0.288424 0.092598
v 0.978530 0.097389 0.096377
v 0.833163 0.468376 0.252737
v 0.904035 0.288424 0.274236
v 0.940926 0.097389 0.285427
v 0.130136 0.985270 0.039476
v 0.275309 0.950696 0.083514
v 0.445335 0.876269 0.135091
v 0.599320 0.768056 0.181802
v 0.730274 0.630328 0.221526
v 0.253726 0.950696 0.135620
v 0.410423 0.876269 0.219376
v 0.552337 0.768056 0.295230
v 0.673024 0.630328 0.359739
v 0.767848 0.468376 0.410423
v 0.833163 0.288424 0.445335
v 0.867162 0.097389 0.463508
v 0.119934 0.985270 0.064106
v 0.730274 0.288424 0.599320
v 0.760074 0.097389 0.623777
v 0.105123 0.985270 0.086272
v 0.222393 0.950696 0.182513
v 0.359739 0.876269 0.295230
v 0.484127 0.768056 0.397313
v 0.589910 0.630328 0.484127
v 0.673024 0.468376 0.552337
v 0.295230 0.876269 0.359739
v 0.397313 0.768056 0.484127
v 0.484127 0.630328 0.589911
v 0.552337 0.468376 0.673024
v 0.599320 0.288424 0.730274
v 0.623777 0.097389 0.760074
v 0.086272 0.985270 0.105123
v 0.182513 0.950696 0.222393
v 0.445335 0.288424 0.833163
v 0.463508 0.097389 0.867162
v 0.064106 0.985270 0.119934
v 0.135620 0.950696 0.253726
v 0.219376 0.876269 0.410423
v 0.295230 0.768056 0.552336
v 0.359739 0.630328 0.673024
v 0.410423 0.468376 0.767848
v 0.181802 0.768056 0.599320
v 0.221526 0.630328 0.730274
v 0.252737 0.468376 0.833163
v 0.274236 0.288424 0.904035
v 0.285426 0.097389 0.940926
v 0.039476 0.985270 0.130136
v 0.083514 0.950696 0.275309
v 0.135091 0.876269 0.445335
v 0.096377 0.097389 0.978530
v 0.013329 0.985270 0.135336
v 0.028199 0.950696 0.286312
v 0.045615 0.876269 0.463133
v 0.061387 0.768056 0.623272
v 0.074800 0.630328 0.759459
v 0.085339 0.468376 0.866461
v 0.092598 0.288424 0.940165
v -0.061387 0.768056 0.623272
v -0.074800 0.630328 0.759459
v -0.085339 0.468376 0.866461
v -0.092598 0.288424 0.940165
v -0.096377 0.097389 0.978530
v -0.013329 0.985270 0.135336
v -0.028199 0.950696 0.286312
v -0.045615 0.876269 0.463133
v -0.285427 0.097389 0.940926
v -0.039476 0.985270 0.130136
v -0.083514 0.950696 0.275309
v -0.135091 0.876269 0.445335
v -0.181802 0.768056 0.599320
v -0.221526 0.630328 0.730274
v -0.252737 0.468376 0.833163
v -0.274236 0.288424 0.904035
v -0.359739 0.630328 0.673024
v -0.410423 0.468376 0.767847
v -0.445335 0.288424 0.833163
v -0.463508 0.097389 0.867162
v -0.064106 0.985270 0.119934
v -0.135620 0.950696 0.253726
v -0.219376 0.876269 0.410423
v -0.295230 0.768056 0.552336
v -0.086272 0.985270 0.105123
v -0.182513 0.950696 0.222393
v -0.295230 0.876269 0.359739
v -0.397313 0.768056 0.484127
v -0.484127 0.630328 0.589910
v -0.552336 0.468376 0.673024
v -0.599320 0.288424 0.730273
v -0.623777 0.097389 0.760074
v -0.673024 0.468376 0.552336
v -0.730274 0.288424 0.599320
v -0.760074 0.097389 0.623776
v -0.105123 0.985270 0.086272
v -0.222393 0.950696 0.182513
v -0.359739 0.876269 0.295230
v -0.484127 0.768056 0.397313
v -0.589911 0.630328 0.484127
v -0.119934 0.985270 0.064106
v -0.253726 0.950696 0.135619
v -0.410423 0.876269 0.219376
v -0.552336 0.768056 0.295230
v -0.673024 0.630328 0.359739
v -0.767847 0.468376 0.410423
v -0.833163 0.288424 0.445335
v -0.867162 0.097389 0.463507
v -0.833163 0.468376 0.252737
v -0.904035 0.288424 0.274236
v -0.940926 0.097389 0.285426
v -0.130136 0.985270 0.039476
v -0.275309 0.950696 0.083514
v -0.445335 0.876269 0.135091
v -0.599320 0.768056 0.181802
v -0.730273 0.630328 0.221526
v -0.463133 0.876269 0.045615
v -0.623272 0.768057 0.061387
v -0.759459 0.630328 0.074800
v -0.866461 0.468376 0.085339
v -0.940165 0.288424 0.092598
v -0.978530 0.097389 0.096376
v -0.135336 0.985270 0.013329
v -0.286312 0.950696 0.028199
v -0.940165 0.288424 -0.092598
v -0.978530 0.097389 -0.096377
v -0.135336 0.985270 -0.013329
v -0.286312 0.950696 -0.028199
v -0.463133 0.876269 -0.045615
v -0.623272 0.768056 -0.061387
v -0.759459 0.630328 -0.074800
v -0.866461 0.468376 -0.085339
v -0.445335 0.876269 -0.135091
v -0.599320 0.768056 -0.181802
v -0.730273 0.630328 -0.221526
v -0.833163 0.468376 -0.252737
v -0.904034 0.288424 -0.274236
v -0.940925 0.097389 -0.285427
v -0.130136 0.985270 -0.039476
v -0.275309 0.950696 -0.083514
v -0.833163 0.288424 -0.445335
v -0.867162 0.097389 -0.463508
v -0.119934 0.985270 -0.064106
v -0.253726 0.950696 -0.135619
v -0.410423 0.876269 -0.219376
v -0.552336 0.768056 -0.295230
v -0.673024 0.630328 -0.359739
v -0.767847 0.468376 -0.410423
v -0.484127 0.768056 -0.397313
v -0.589910 0.630328 -0.484127
v -0.673024 0.468376 -0.552336
v -0.730273 0.288424 -0.599320
v -0.760073 0.097389 -0.623777
v -0.105123 0.985270 -0.086272
v -0.222393 0.950696 -0.182513
v -0.359739 0.876269 -0.295230
v -0.623776 0.097389 -0.760074
v -0.086272 0.985270 -0.105123
v -0.182513 0.950696 -0.222393
v -0.295230 0.876269 -0.359739
v -0.397313 0.768056 -0.484127
v -0.484127 0.630328 -0.589910
v -0.552336 0.468376 -0.673024
v -0.599320 0.288424 -0.730273
v -0.359739 0.630328 -0.673024
v -0.410423 0.468376 -0.767847
v -0.445335 0.288424 -0.833163
v -0.463507 0.097389 -0.867162
v -0.064106 0.985270 -0.119934
v -0.135619 0.950696 -0.253726
v -0.219375 0.876269 -0.410423
v -0.295230 0.768056 -0.552336
v -0.039476 0.985270 -0.130135
v -0.083514 0.950696 -0.275309
v -0.135091 0.876269 -0.445335
v -0.181802 0.768056 -0.599320
v -0.221526 0.630328 -0.730273
v -0.252737 0.468376 -0.833163
v -0.274236 0.288424 -0.904034
v -0.285426 0.097389 -0.940925
v -0.074800 0.630328 -0.759459
v -0.085339 0.468376 -0.866461
v -0.092598 0.288424 -0.940165
v -0.096376 0.097389 -0.978530
v -0.013329 0.985270 -0.135336
v -0.028199 0.950696 -0.286312
v -0.045614 0.876269 -0.463133
v -0.061387 0.768056 -0.623272
vn 0.0445 0.4249 -0.9041
vn 0.0422 0.5112 -0.8584
vn 0.1261 0.5112 -0.8502
vn 0.1328 0.4249 -0.8954
vn 0.0395 0.5928 -0.8044
vn 0.0365 0.6687 -0.7426
vn 0.1091 0.6687 -0.7355
vn 0.1181 0.5928 -0.7966
vn 0.0331 0.7384 -0.6735
vn 0.0294 0.8010 -0.5979
vn 0.0878 0.8010 -0.5922
vn 0.0989 0.7384 -0.6670
vn 0.0254 0.8560 -0.5163
vn 0.0211 0.9027 -0.4297
vn 0.0631 0.9027 -0.4256
vn 0.0758 0.8560 -0.5114
vn 0.0159 0.9399 -0.3412
vn 0.0057 0.9666 -0.2561
vn 0.0443 0.9666 -0.2523
vn 0.0510 0.9399 -0.3377
vn -0.0253 0.9851 -0.1703
vn 0.0088 0.9959 -0.0897
vn 0.0580 0.9851 -0.1621
vn 0.0488 0.1053 -0.9932
vn 0.0485 0.1536 -0.9869
vn 0.1450 0.1536 -0.9775
vn 0.1459 0.1053 -0.9837
vn 0.0477 0.2413 -0.9693
vn 0.0463 0.3346 -0.9412
vn 0.1382 0.3346 -0.9322
vn 0.1424 0.2413 -0.9600
vn 0.1957 0.5928 -0.7812
vn 0.1807 0.6687 -0.7212
vn 0.2505 0.6687 -0.7001
vn 0.2713 0.5928 -0.7583
vn 0.2200 0.4249 -0.8781
vn 0.2089 0.5112 -0.8337
vn 0.2895 0.5112 -0.8092
vn 0.3049 0.4249 -0.8523
vn 0.2358 0.2413 -0.9414
vn 0.2290 0.3346 -0.9141
vn 0.3174 0.3346 -0.8873
vn 0.3269 0.2413 -0.9137
vn 0.2417 0.1053 -0.9646
vn 0.2401 0.1536 -0.9585
vn 0.3329 0.1536 -0.9304
vn 0.3350 0.1053 -0.9363
vn 0.0084 0.9851 -0.1720
vn 0.0262 0.9959 -0.0862
vn 0.0885 0.9851 -0.1476
vn 0.1256 0.8560 -0.5015
vn 0.1046 0.9027 -0.4174
vn 0.1449 0.9027 -0.4051
vn 0.1741 0.8560 -0.4867
vn 0.0822 0.9399 -0.3315
vn 0.0556 0.9666 -0.2500
vn 0.0927 0.9666 -0.2388
vn 0.1159 0.9399 -0.3213
vn 0.1639 0.7384 -0.6541
vn 0.1455 0.8010 -0.5807
vn 0.2017 0.8010 -0.5637
vn 0.2272 0.7384 -0.6349
vn 0.4252 0.1053 -0.8989
vn 0.4225 0.1536 -0.8933
vn 0.5080 0.1536 -0.8476
vn 0.5112 0.1053 -0.8530
vn 0.0418 0.9851 -0.1670
vn 0.0425 0.9959 -0.0795
vn 0.1156 0.9851 -0.1275
vn 0.1453 0.9399 -0.3091
vn 0.1033 0.9666 -0.2344
vn 0.1375 0.9666 -0.2161
vn 0.1763 0.9399 -0.2925
vn 0.2210 0.8560 -0.4673
vn 0.1840 0.9027 -0.3889
vn 0.2212 0.9027 -0.3691
vn 0.2658 0.8560 -0.4434
vn 0.2883 0.7384 -0.6096
vn 0.2560 0.8010 -0.5412
vn 0.3078 0.8010 -0.5135
vn 0.3467 0.7384 -0.5784
vn 0.3444 0.5928 -0.7280
vn 0.3179 0.6687 -0.6721
vn 0.3822 0.6687 -0.6378
vn 0.4140 0.5928 -0.6908
vn 0.3871 0.4249 -0.8183
vn 0.3675 0.5112 -0.7769
vn 0.4418 0.5112 -0.7372
vn 0.4653 0.4249 -0.7765
vn 0.4150 0.2413 -0.8773
vn 0.4029 0.3346 -0.8519
vn 0.4844 0.3346 -0.8083
vn 0.4989 0.2413 -0.8324
vn 0.4017 0.7384 -0.5416
vn 0.3566 0.8010 -0.4808
vn 0.4020 0.8010 -0.4436
vn 0.4528 0.7384 -0.4997
vn 0.4798 0.5928 -0.6468
vn 0.4429 0.6687 -0.5972
vn 0.4993 0.6687 -0.5509
vn 0.5408 0.5928 -0.5967
vn 0.5393 0.4249 -0.7271
vn 0.5120 0.5112 -0.6903
vn 0.5772 0.5112 -0.6368
vn 0.6079 0.4249 -0.6708
vn 0.5781 0.2413 -0.7795
vn 0.5614 0.3346 -0.7569
vn 0.6328 0.3346 -0.6983
vn 0.6517 0.2413 -0.7191
vn 0.5924 0.1053 -0.7987
vn 0.5887 0.1536 -0.7937
vn 0.6636 0.1536 -0.7322
vn 0.6678 0.1053 -0.7369
vn 0.0736 0.9851 -0.1556
vn 0.0572 0.9959 -0.0697
vn 0.1383 0.9851 -0.1025
vn 0.2028 0.9399 -0.2749
vn 0.1470 0.9666 -0.2097
vn 0.1770 0.9666 -0.1851
vn 0.2300 0.9399 -0.2525
vn 0.3080 0.8560 -0.4152
vn 0.2563 0.9027 -0.3456
vn 0.2889 0.9027 -0.3188
vn 0.3472 0.8560 -0.3831
vn 0.7369 0.1053 -0.6678
vn 0.7322 0.1536 -0.6636
vn 0.7937 0.1536 -0.5887
vn 0.7987 0.1053 -0.5924
vn 0.1025 0.9851 -0.1383
vn 0.0697 0.9959 -0.0572
vn 0.1556 0.9851 -0.0736
vn 0.2525 0.9399 -0.2300
vn 0.1851 0.9666 -0.1770
vn 0.2097 0.9666 -0.1470
vn 0.2749 0.9399 -0.2028
vn 0.3831 0.8560 -0.3472
vn 0.3188 0.9027 -0.2889
vn 0.3456 0.9027 -0.2563
vn 0.4152 0.8560 -0.3080
vn 0.4997 0.7384 -0.4528
vn 0.4436 0.8010 -0.4020
vn 0.4808 0.8010 -0.3566
vn 0.5416 0.7384 -0.4017
vn 0.5967 0.5928 -0.5408
vn 0.5509 0.6687 -0.4993
vn 0.5972 0.6687 -0.4429
vn 0.6468 0.5928 -0.4798
vn 0.6708 0.4249 -0.6079
vn 0.6368 0.5112 -0.5772
vn 0.6903 0.5112 -0.5120
vn 0.7271 0.4249 -0.5393
vn 0.7191 0.2413 -0.6517
vn 0.6983 0.3346 -0.6328
vn 0.7569 0.3346 -0.5614
vn 0.7795 0.2413 -0.5781
vn 0.6908 0.5928 -0.4140
vn 0.6378 0.6687 -0.3822
vn 0.6721 0.6687 -0.3179
vn 0.7280 0.5928 -0.3444
vn 0.7765 0.4249 -0.4653
vn 0.7372 0.5112 -0.4418
vn 0.7769 0.5112 -0.3675
vn 0.8183 0.4249 -0.3871
vn 0.8324 0.2413 -0.4989
vn 0.8083 0.3346 -0.4844
vn 0.8519 0.3346 -0.4029
vn 0.8773 0.2413 -0.4150
vn 0.8530 0.1053 -0.5112
vn 0.8476 0.1536 -0.5080
vn 0.8933 0.1536 -0.4225
vn 0.8989 0.1053 -0.4252
vn 0.1275 0.9851 -0.1156
vn 0.0795 0.9959 -0.0425
vn 0.1670 0.9851 -0.0418
vn 0.2925 0.9399 -0.1763
vn 0.2161 0.9666 -0.1375
vn 0.2344 0.9666 -0.1033
vn 0.3091 0.9399 -0.1453
vn 0.4434 0.8560 -0.2658
vn 0.3691 0.9027 -0.2212
vn 0.3889 0.9027 -0.1840
vn 0.4673 0.8560 -0.2210
vn 0.5784 0.7384 -0.3467
vn 0.5135 0.8010 -0.3078
vn 0.5412 0.8010 -0.2560
vn 0.6096 0.7384 -0.2883
vn 0.1476 0.9851 -0.0885
vn 0.0862 0.9959 -0.0262
vn 0.1720 0.9851 -0.0084
vn 0.3213 0.9399 -0.1159
vn 0.2388 0.9666 -0.0927
vn 0.2500 0.9666 -0.0556
vn 0.3315 0.9399 -0.0822
vn 0.4867 0.8560 -0.1741
vn 0.4051 0.9027 -0.1449
vn 0.4174 0.9027 -0.1046
vn 0.5015 0.8560 -0.1256
vn 0.6349 0.7384 -0.2272
vn 0.5637 0.8010 -0.2017
vn 0.5807 0.8010 -0.1455
vn 0.6541 0.7384 -0.1639
vn 0.7583 0.5928 -0.2713
vn 0.7001 0.6687 -0.2505
vn 0.7212 0.6687 -0.1807
vn 0.7812 0.5928 -0.1957
vn 0.8523 0.4249 -0.3049
vn 0.8092 0.5112 -0.2895
vn 0.8337 0.5112 -0.2089
vn 0.8781 0.4249 -0.2200
vn 0.9137 0.2413 -0.3269
vn 0.8873 0.3346 -0.3174
vn 0.9141 0.3346 -0.2290
vn 0.9414 0.2413 -0.2358
vn 0.9363 0.1053 -0.3350
vn 0.9304 0.1536 -0.3329
vn 0.9585 0.1536 -0.2401
vn 0.9646 0.1053 -0.2417
vn 0.7966 0.5928 -0.1181
vn 0.7355 0.6687 -0.1091
vn 0.7426 0.6687 -0.0365
vn 0.8044 0.5928 -0.0395
vn 0.8954 0.4249 -0.1328
vn 0.8502 0.5112 -0.1261
vn 0.8584 0.5112 -0.0422
vn 0.9041 0.4249 -0.0445
vn 0.9600 0.2413 -0.1424
vn 0.9322 0.3346 -0.1382
vn 0.9412 0.3346 -0.0463
vn 0.9693 0.2413 -0.0477
vn 0.9837 0.1053 -0.1459
vn 0.9774 0.1536 -0.1450
vn 0.9869 0.1536 -0.0485
vn 0.9932 0.1053 -0.0488
vn 0.1621 0.9851 -0.0580
vn 0.0897 0.9959 -0.0088
vn 0.1703 0.9851 0.0253
vn 0.3377 0.9399 -0.0510
vn 0.2523 0.9666 -0.0443
vn 0.2561 0.9666 -0.0057
vn 0.3412 0.9399 -0.0159
vn 0.5114 0.8560 -0.0758
vn 0.4256 0.9027 -0.0631
vn 0.4297 0.9027 -0.0211
vn 0.5163 0.8560 -0.0254
vn 0.6670 0.7384 -0.0989
vn 0.5922 0.8010 -0.0878
vn 0.5979 0.8010 -0.0294
vn 0.6735 0.7384 -0.0331
vn 0.1703 0.9851 -0.0253
vn 0.0897 0.9959 0.0088
vn 0.1621 0.9851 0.0580
vn 0.3412 0.9399 0.0159
vn 0.2561 0.9666 0.0057
vn 0.2523 0.9666 0.0443
vn 0.3377 0.9399 0.0510
vn 0.5163 0.8560 0.0254
vn 0.4297 0.9027 0.0211
vn 0.4256 0.9027 0.0631
vn 0.5114 0.8560 0.0758
vn 0.6735 0.7384 0.0331
vn 0.5979 0.8010 0.0294
vn 0.5922 0.8010 0.0878
vn 0.6670 0.7384 0.0989
vn 0.8044 0.5928 0.0395
vn 0.7426 0.6687 0.0365
vn 0.7355 0.6687 0.1091
vn 0.7966 0.5928 0.1181
vn 0.9041 0.4249 0.0445
vn 0.8584 0.5112 0.0422
vn 0.8502 0.5112 0.1261
vn 0.8954 0.4249 0.1328
vn 0.9693 0.2413 0.0477
vn 0.9412 0.3346 0.0463
vn 0.9322 0.3346 0.1382
vn 0.9600 0.2413 0.1424
vn 0.9932 0.1053 0.0488
vn 0.9869 0.1536 0.0485
vn 0.9774 0.1536 0.1450
vn 0.9837 0.1053 0.1459
vn 0.8781 0.4249 0.2200
vn 0.8337 0.5112 0.2089
vn 0.8092 0.5112 0.2895
vn 0.8523 0.4249 0.3049
vn 0.9414 0.2413 0.2358
vn 0.9141 0.3346 0.2290
vn 0.8873 0.3346 0.3174
vn 0.9137 0.2413 0.3269
vn 0.9646 0.1053 0.2417
vn 0.9585 0.1536 0.2401
vn 0.9304 0.1536 0.3329
vn 0.9363 0.1053 0.3350
vn 0.1720 0.9851 0.0084
vn 0.0862 0.9959 0.0262
vn 0.1476 0.9851 0.0885
vn 0.3315 0.9399 0.0822
vn 0.2500 0.9666 0.0556
vn 0.2388 0.9666 0.0927
vn 0.3213 0.9399 0.1159
vn 0.5015 0.8560 0.1256
vn 0.4174 0.9027 0.1046
vn 0.4051 0.9027 0.1449
vn 0.4867 0.8560 0.1741
vn 0.6541 0.7384 0.1639
vn 0.5807 0.8010 0.1455
vn 0.5637 0.8010 0.2017
vn 0.6349 0.7384 0.2272
vn 0.7812 0.5928 0.1957
vn 0.7212 0.6687 0.1807
vn 0.7001 0.6687 0.2505
vn 0.7583 0.5928 0.2713
vn 0.3091 0.9399 0.1453
vn 0.2344 0.9666 0.1033
vn 0.2161 0.9666 0.1375
vn 0.2925 0.9399 0.1763
vn 0.4673 0.8560 0.2210
vn 0.3889 0.9027 0.1840
vn 0.3691 0.9027 0.2212
vn 0.4434 0.8560 0.2658
vn 0.6096 0.7384 0.2883
vn 0.5412 0.8010 0.2560
vn 0.5135 0.8010 0.3078
vn 0.5784 0.7384 0.3467
vn 0.7280 0.5928 0.3444
vn 0.6721 0.6687 0.3179
vn 0.6378 0.6687 0.3822
vn 0.6908 0.5928 0.4140
vn 0.8183 0.4249 0.3871
vn 0.7769 0.5112 0.3675
vn 0.7372 0.5112 0.4418
vn 0.7765 0.4249 0.4653
vn 0.8773 0.2413 0.4150
vn 0.8519 0.3346 0.4029
vn 0.8083 0.3346 0.4844
vn 0.8324 0.2413 0.4989
vn 0.8989 0.1053 0.4252
vn 0.8933 0.1536 0.4225
vn 0.8476 0.1536 0.5080
vn 0.8530 0.1053 0.5112
vn 0.1670 0.9851 0.0418
vn 0.0795 0.9959 0.0425
vn 0.1275 0.9851 0.1156
vn 0.7795 0.2413 0.5781
vn 0.7569 0.3346 0.5614
vn 0.6983 0.3346 0.6328
vn 0.7191 0.2413 0.6517
vn 0.7987 0.1053 0.5924
vn 0.7937 0.1536 0.5887
vn 0.7322 0.1536 0.6636
vn 0.7369 0.1053 0.6678
vn 0.1556 0.9851 0.0736
vn 0.0697 0.9959 0.0572
vn 0.1025 0.9851 0.1383
vn 0.2749 0.9399 0.2028
vn 0.2097 0.9666 0.1470
vn 0.1851 0.9666 0.1770
vn 0.2525 0.9399 0.2300
vn 0.4152 0.8560 0.3080
vn 0.3456 0.9027 0.2563
vn 0.3188 0.9027 0.2889
vn 0.3831 0.8560 0.3472
vn 0.5416 0.7384 0.4017
vn 0.4808 0.8010 0.3566
vn 0.4436 0.8010 0.4020
vn 0.4997 0.7384 0.4528
vn 0.6468 0.5928 0.4798
vn 0.5972 0.6687 0.4429
vn 0.5509 0.6687 0.4993
vn 0.5967 0.5928 0.5408
vn 0.7271 0.4249 0.5393
vn 0.6903 0.5112 0.5120
vn 0.6368 0.5112 0.5772
vn 0.6708 0.4249 0.6079
vn 0.3472 0.8560 0.3831
vn 0.2889 0.9027 0.3188
vn 0.2563 0.9027 0.3456
vn 0.3080 0.8560 0.4152
vn 0.4528 0.7384 0.4997
vn 0.4020 0.8010 0.4436
vn 0.3566 0.8010 0.4808
vn 0.4017 0.7384 0.5416
vn 0.5408 0.5928 0.5967
vn 0.4993 0.6687 0.5509
vn 0.4429 0.6687 0.5972
vn 0.4798 0.5928 0.6468
vn 0.6079 0.4249 0.6708
vn 0.5772 0.5112 0.6368
vn 0.5120 0.5112 0.6903
vn 0.5393 0.4249 0.7271
vn 0.6517 0.2413 0.7191
vn 0.6328 0.3346 0.6983
vn 0.5614 0.3346 0.7569
vn 0.5781 0.2413 0.7795
vn 0.6678 0.1053 0.7369
vn 0.6636 0.1536 0.7322
vn 0.5887 0.1536 0.7937
vn 0.5924 0.1053 0.7987
vn 0.1383 0.9851 0.1025
vn 0.0572 0.9959 0.0697
vn 0.0736 0.9851 0.1556
vn 0.2300 0.9399 0.2525
vn 0.1770 0.9666 0.1851
vn 0.1470 0.9666 0.2097
vn 0.2028 0.9399 0.2749
vn 0.4989 0.2413 0.8324
vn 0.4844 0.3346 0.8083
vn 0.4029 0.3346 0.8519
vn 0.4150 0.2413 0.8773
vn 0.5112 0.1053 0.8530
vn 0.5080 0.1536 0.8476
vn 0.4225 0.1536 0.8933
vn 0.4252 0.1053 0.8989
vn 0.1156 0.9851 0.1275
vn 0.0425 0.9959 0.0795
vn 0.0418 0.9851 0.1670
vn 0.1763 0.9399 0.2925
vn 0.1375 0.9666 0.2161
vn 0.1033 0.9666 0.2344
vn 0.1453 0.9399 0.3091
vn 0.2658 0.8560 0.4434
vn 0.2212 0.9027 0.3691
vn 0.1840 0.9027 0.3889
vn 0.2210 0.8560 0.4673
vn 0.3467 0.7384 0.5784
vn 0.3078 0.8010 0.5135
vn 0.2560 0.8010 0.5412
vn 0.2883 0.7384 0.6096
vn 0.4140 0.5928 0.6908
vn 0.3822 0.6687 0.6378
vn 0.3179 0.6687 0.6721
vn 0.3444 0.5928 0.7280
vn 0.4653 0.4249 0.7765
vn 0.4418 0.5112 0.7372
vn 0.3675 0.5112 0.7769
vn 0.3871 0.4249 0.8183
vn 0.2272 0.7384 0.6349
vn 0.2017 0.8010 0.5637
vn 0.1455 0.8010 0.5807
vn 0.1639 0.7384 0.6541
vn 0.2713 0.5928 0.7583
vn 0.2505 0.6687 0.7001
vn 0.1807 0.6687 0.7212
vn 0.1957 0.5928 0.7812
vn 0.3049 0.4249 0.8523
vn 0.2895 0.5112 0.8092
vn 0.2089 0.5112 0.8337
vn 0.2200 0.4249 0.8781
vn 0.3269 0.2413 0.9137
vn 0.3174 0.3346 0.8873
vn 0.2290 0.3346 0.9141
vn 0.2358 0.2413 0.9414
vn 0.3350 0.1053 0.9363
vn 0.3329 0.1536 0.9304
vn 0.2401 0.1536 0.9585
vn 0.2417 0.1053 0.9646
vn 0.0885 0.9851 0.1476
vn 0.0262 0.9959 0.0862
vn 0.0084 0.9851 0.1720
vn 0.1159 0.9399 0.3213
vn 0.0927 0.9666 0.2388
vn 0.0556 0.9666 0.2500
vn 0.0822 0.9399 0.3315
vn 0.1741 0.8560 0.4867
vn 0.1449 0.9027 0.4051
vn 0.1046 0.9027 0.4174
vn 0.1256 0.8560 0.5015
vn 0.1459 0.1053 0.9837
vn 0.1450 0.1536 0.9775
vn 0.0485 0.1536 0.9869
vn 0.0488 0.1053 0.9932
vn 0.0580 0.9851 0.1621
vn 0.0088 0.9959 0.0897
vn -0.0253 0.9851 0.1703
vn 0.0510 0.9399 0.3377
vn 0.0443 0.9666 0.2523
vn 0.0057 0.9666 0.2561
vn 0.0159 0.9399 0.3412
vn 0.0758 0.8560 0.5114
vn 0.0631 0.9027 0.4256
vn 0.0211 0.9027 0.4297
vn 0.0254 0.8560 0.5163
vn 0.0989 0.7384 0.6670
vn 0.0878 0.8010 0.5922
vn 0.0294 0.8010 0.5979
vn 0.0331 0.7384 0.6735
vn 0.1181 0.5928 0.7966
vn 0.1091 0.6687 0.7355
vn 0.0365 0.6687 0.7426
vn 0.0395 0.5928 0.8044
vn 0.1328 0.4249 0.8954
vn 0.1261 0.5112 0.8502
vn 0.0422 0.5112 0.8584
vn 0.0445 0.4249 0.9041
vn 0.1424 0.2413 0.9600
vn 0.1382 0.3346 0.9322
vn 0.0463 0.3346 0.9412
vn 0.0477 0.2413 0.9693
vn -0.0331 0.7384 0.6735
vn -0.0294 0.8010 0.5979
vn -0.0878 0.8010 0.5922
vn -0.0989 0.7384 0.6670
vn -0.0395 0.5928 0.8044
vn -0.0365 0.6687 0.7426
vn -0.1091 0.6687 0.7355
vn -0.1181 0.5928 0.7966
vn -0.0445 0.4249 0.9041
vn -0.0422 0.5112 0.8584
vn -0.1261 0.5112 0.8502
vn -0.1328 0.4249 0.8954
vn -0.0477 0.2413 0.9693
vn -0.0463 0.3346 0.9412
vn -0.1382 0.3346 0.9322
vn -0.1424 0.2413 0.9600
vn -0.0488 0.1053 0.9932
vn -0.0485 0.1536 0.9869
vn -0.1450 0.1536 0.9774
vn -0.1459 0.1053 0.9837
vn 0.0253 0.9851 0.1703
vn -0.0088 0.9959 0.0897
vn -0.0580 0.9851 0.1621
vn -0.0159 0.9399 0.3412
vn -0.0057 0.9666 0.2561
vn -0.0443 0.9666 0.2523
vn -0.0510 0.9399 0.3377
vn -0.0254 0.8560 0.5163
vn -0.0211 0.9027 0.4297
vn -0.0631 0.9027 0.4256
vn -0.0758 0.8560 0.5114
vn -0.2417 0.1053 0.9646
vn -0.2401 0.1536 0.9585
vn -0.3329 0.1536 0.9304
vn -0.3350 0.1053 0.9363
vn -0.0084 0.9851 0.1720
vn -0.0262 0.9959 0.0862
vn -0.0885 0.9851 0.1476
vn -0.0822 0.9399 0.3315
vn -0.0556 0.9666 0.2500
vn -0.0927 0.9666 0.2388
vn -0.1159 0.9399 0.3213
vn -0.1256 0.8560 0.5015
vn -0.1046 0.9027 0.4174
vn -0.1449 0.9027 0.4051
vn -0.1741 0.8560 0.4867
vn -0.1639 0.7384 0.6541
vn -0.1455 0.8010 0.5807
vn -0.2017 0.8010 0.5637
vn -0.2272 0.7384 0.6349
vn -0.1957 0.5928 0.7812
vn -0.1807 0.6687 0.7212
vn -0.2505 0.6687 0.7001
vn -0.2713 0.5928 0.7583
vn -0.2200 0.4249 0.8781
vn -0.2089 0.5112 0.8337
vn -0.2895 0.5112 0.8092
vn -0.3049 0.4249 0.8523
vn -0.2358 0.2413 0.9414
vn -0.2290 0.3346 0.9141
vn -0.3174 0.3346 0.8873
vn -0.3269 0.2413 0.9137
vn -0.3444 0.5928 0.7280
vn -0.3179 0.6687 0.6721
vn -0.3822 0.6687 0.6378
vn -0.4140 0.5928 0.6908
vn -0.3871 0.4249 0.8183
vn -0.3675 0.5112 0.7769
vn -0.4418 0.5112 0.7372
vn -0.4653 0.4249 0.7765
vn -0.4150 0.2413 0.8773
vn -0.4029 0.3346 0.8519
vn -0.4844 0.3346 0.8083
vn -0.4989 0.2413 0.8324
vn -0.4252 0.1053 0.8989
vn -0.4225 0.1536 0.8933
vn -0.5080 0.1536 0.8476
vn -0.5112 0.1053 0.8530
vn -0.0418 0.9851 0.1670
vn -0.0425 0.9959 0.0795
vn -0.1156 0.9851 0.1275
vn -0.1453 0.9399 0.3091
vn -0.1033 0.9666 0.2344
vn -0.1375 0.9666 0.2161
vn -0.1763 0.9399 0.2925
vn -0.2210 0.8560 0.4673
vn -0.1840 0.9027 0.3889
vn -0.2212 0.9027 0.3691
vn -0.2658 0.8560 0.4434
vn -0.2883 0.7384 0.6096
vn -0.2560 0.8010 0.5412
vn -0.3078 0.8010 0.5135
vn -0.3467 0.7384 0.5784
vn -0.0736 0.9851 0.1556
vn -0.0572 0.9959 0.0697
vn -0.1383 0.9851 0.1025
vn -0.2028 0.9399 0.2749
vn -0.1470 0.9666 0.2097
vn -0.1770 0.9666 0.1851
vn -0.2300 0.9399 0.2525
vn -0.3080 0.8560 0.4152
vn -0.2563 0.9027 0.3456
vn -0.2889 0.9027 0.3188
vn -0.3472 0.8560 0.3831
vn -0.4017 0.7384 0.5416
vn -0.3566 0.8010 0.4808
vn -0.4020 0.8010 0.4436
vn -0.4528 0.7384 0.4997
vn -0.4798 0.5928 0.6468
vn -0.4429 0.6687 0.5972
vn -0.4993 0.6687 0.5509
vn -0.5408 0.5928 0.5967
vn -0.5393 0.4249 0.7271
vn -0.5120 0.5112 0.6903
vn -0.5772 0.5112 0.6368
vn -0.6079 0.4249 0.6708
vn -0.5781 0.2413 0.7795
vn -0.5614 0.3346 0.7569
vn -0.6328 0.3346 0.6983
vn -0.6517 0.2413 0.7191
vn -0.5924 0.1053 0.7987
vn -0.5887 0.1536 0.7937
vn -0.6636 0.1536 0.7322
vn -0.6678 0.1053 0.7369
vn -0.6708 0.4249 0.6079
vn -0.6368 0.5112 0.5772
vn -0.6903 0.5112 0.5120
vn -0.7271 0.4249 0.5393
vn -0.7191 0.2413 0.6517
vn -0.6983 0.3346 0.6328
vn -0.7569 0.3346 0.5614
vn -0.7795 0.2413 0.5781
vn -0.7369 0.1053 0.6678
vn -0.7322 0.1536 0.6636
vn -0.7937 0.1536 0.5887
vn -0.7987 0.1053 0.5924
vn -0.1025 0.9851 0.1383
vn -0.0697 0.9959 0.0572
vn -0.1556 0.9851 0.0736
vn -0.2525 0.9399 0.2300
vn -0.1851 0.9666 0.1770
vn -0.2097 0.9666 0.1470
vn -0.2749 0.9399 0.2028
vn -0.3831 0.8560 0.3472
vn -0.3188 0.9027 0.2889
vn -0.3456 0.9027 0.2563
vn -0.4152 0.8560 0.3080
vn -0.4997 0.7384 0.4528
vn -0.4436 0.8010 0.4020
vn -0.4808 0.8010 0.3566
vn -0.5416 0.7384 0.4017
vn -0.5967 0.5928 0.5408
vn -0.5509 0.6687 0.4993
vn -0.5972 0.6687 0.4429
vn -0.6468 0.5928 0.4798
vn -0.1275 0.9851 0.1156
vn -0.0795 0.9959 0.0425
vn -0.1670 0.9851 0.0418
vn -0.2925 0.9399 0.1763
vn -0.2161 0.9666 0.1375
vn -0.2344 0.9666 0.1033
vn -0.3091 0.9399 0.1453
vn -0.4434 0.8560 0.2658
vn -0.3691 0.9027 0.2212
vn -0.3889 0.9027 0.1840
vn -0.4673 0.8560 0.2210
vn -0.5784 0.7384 0.3467
vn -0.5135 0.8010 0.3078
vn -0.5412 0.8010 0.2560
vn -0.6096 0.7384 0.2883
vn -0.6908 0.5928 0.4140
vn -0.6378 0.6687 0.3822
vn -0.6721 0.6687 0.3179
vn -0.7280 0.5928 0.3444
vn -0.7765 0.4249 0.4653
vn -0.7372 0.5112 0.4418
vn -0.7769 0.5112 0.3675
vn -0.8183 0.4249 0.3871
vn -0.8324 0.2413 0.4989
vn -0.8083 0.3346 0.4844
vn -0.8519 0.3346 0.4029
vn -0.8773 0.2413 0.4150
vn -0.8530 0.1053 0.5112
vn -0.8476 0.1536 0.5080
vn -0.8933 0.1536 0.4225
vn -0.8989 0.1053 0.4252
vn -0.8523 0.4249 0.3049
vn -0.8092 0.5112 0.2895
vn -0.8337 0.5112 0.2089
vn -0.8781 0.4249 0.2200
vn -0.9137 0.2413 0.3269
vn -0.8873 0.3346 0.3174
vn -0.9141 0.3346 0.2290
vn -0.9414 0.2413 0.2358
vn -0.9363 0.1053 0.3350
vn -0.9304 0.1536 0.3329
vn -0.9585 0.1536 0.2401
vn -0.9646 0.1053 0.2417
vn -0.1476 0.9851 0.0885
vn -0.0862 0.9959 0.0262
vn -0.1720 0.9851 0.0084
vn -0.3213 0.9399 0.1159
vn -0.2388 0.9666 0.0927
vn -0.2500 0.9666 0.0556
vn -0.3315 0.9399 0.0822
vn -0.4867 0.8560 0.1741
vn -0.4051 0.9027 0.1449
vn -0.4174 0.9027 0.1046
vn -0.5015 0.8560 0.1256
vn -0.6349 0.7384 0.2272
vn -0.5637 0.8010 0.2017
vn -0.5807 0.8010 0.1455
vn -0.6541 0.7384 0.1639
vn -0.7583 0.5928 0.2713
vn -0.7001 0.6687 0.2505
vn -0.7212 0.6687 0.1807
vn -0.7812 0.5928 0.1957
vn -0.5114 0.8560 0.0758
vn -0.4256 0.9027 0.0631
vn -0.4297 0.9027 0.0211
vn -0.5163 0.8560 0.0254
vn -0.6670 0.7384 0.0989
vn -0.5922 0.8010 0.0878
vn -0.5979 0.8010 0.0294
vn -0.6735 0.7384 0.0331
vn -0.7966 0.5928 0.1181
vn -0.7355 0.6687 0.1091
vn -0.7426 0.6687 0.0365
vn -0.8044 0.5928 0.0395
vn -0.8954 0.4249 0.1328
vn -0.8502 0.5112 0.1261
vn -0.8584 0.5112 0.0422
vn -0.9041 0.4249 0.0445
vn -0.9600 0.2413 0.1424
vn -0.9322 0.3346 0.1382
vn -0.9412 0.3346 0.0463
vn -0.9693 0.2413 0.0477
vn -0.9837 0.1053 0.1459
vn -0.9775 0.1536 0.1450
vn -0.9869 0.1536 0.0485
vn -0.9932 0.1053 0.0488
vn -0.1621 0.9851 0.0580
vn -0.0897 0.9959 0.0088
vn -0.1703 0.9851 -0.0253
vn -0.3377 0.9399 0.0510
vn -0.2523 0.9666 0.0443
vn -0.2561 0.9666 0.0057
vn -0.3412 0.9399 0.0159
vn -0.9693 0.2413 -0.0477
vn -0.9412 0.3346 -0.0463
vn -0.9322 0.3346 -0.1382
vn -0.9600 0.2413 -0.1424
vn -0.9932 0.1053 -0.0488
vn -0.9869 0.1536 -0.0485
vn -0.9774 0.1536 -0.1450
vn -0.9837 0.1053 -0.1459
vn -0.1703 0.9851 0.0253
vn -0.0897 0.9959 -0.0088
vn -0.1621 0.9851 -0.0580
vn -0.3412 0.9399 -0.0159
vn -0.2561 0.9666 -0.0057
vn -0.2523 0.9666 -0.0443
vn -0.3377 0.9399 -0.0510
vn -0.5163 0.8560 -0.0254
vn -0.4297 0.9027 -0.0211
vn -0.4256 0.9027 -0.0631
vn -0.5114 0.8560 -0.0758
vn -0.6735 0.7384 -0.0331
vn -0.5979 0.8010 -0.0294
vn -0.5922 0.8010 -0.0878
vn -0.6670 0.7384 -0.0989
vn -0.8044 0.5928 -0.0395
vn -0.7426 0.6687 -0.0365
vn -0.7355 0.6687 -0.1091
vn -0.7966 0.5928 -0.1181
vn -0.9041 0.4249 -0.0445
vn -0.8584 0.5112 -0.0422
vn -0.8502 0.5112 -0.1261
vn -0.8954 0.4249 -0.1328
vn -0.5015 0.8560 -0.1256
vn -0.4174 0.9027 -0.1046
vn -0.4051 0.9027 -0.1449
vn -0.4867 0.8560 -0.1741
vn -0.6541 0.7384 -0.1639
vn -0.5807 0.8010 -0.1455
vn -0.5637 0.8010 -0.2017
vn -0.6349 0.7384 -0.2272
vn -0.7812 0.5928 -0.1957
vn -0.7212 0.6687 -0.1807
vn -0.7001 0.6687 -0.2505
vn -0.7583 0.5928 -0.2713
vn -0.8781 0.4249 -0.2200
vn -0.8337 0.5112 -0.2089
vn -0.8092 0.5112 -0.2895
vn -0.8523 0.4249 -0.3049
vn -0.9414 0.2413 -0.2358
vn -0.9141 0.3346 -0.2290
vn -0.8873 0.3346 -0.3174
vn -0.9137 0.2413 -0.3269
vn -0.9646 0.1053 -0.2417
vn -0.9585 0.1536 -0.2401
vn -0.9304 0.1536 -0.3329
vn -0.9363 0.1053 -0.3350
vn -0.1720 0.9851 -0.0084
vn -0.0862 0.9959 -0.0262
vn -0.1476 0.9851 -0.0885
vn -0.3315 0.9399 -0.0822
vn -0.2500 0.9666 -0.0556
vn -0.2388 0.9666 -0.0927
vn -0.3213 0.9399 -0.1159
vn -0.8773 0.2413 -0.4150
vn -0.8519 0.3346 -0.4029
vn -0.8083 0.3346 -0.4844
vn -0.8324 0.2413 -0.4989
vn -0.8989 0.1053 -0.4252
vn -0.8933 0.1536 -0.4225
vn -0.8476 0.1536 -0.5080
vn -0.8530 0.1053 -0.5112
vn -0.1670 0.9851 -0.0418
vn -0.0795 0.9959 -0.0425
vn -0.1275 0.9851 -0.1156
vn -0.3091 0.9399 -0.1453
vn -0.2344 0.9666 -0.1033
vn -0.2161 0.9666 -0.1375
vn -0.2925 0.9399 -0.1763
vn -0.4673 0.8560 -0.2210
vn -0.3889 0.9027 -0.1840
vn -0.3691 0.9027 -0.2212
vn -0.4434 0.8560 -0.2658
vn -0.6096 0.7384 -0.2883
vn -0.5412 0.8010 -0.2560
vn -0.5135 0.8010 -0.3078
vn -0.5784 0.7384 -0.3467
vn -0.7280 0.5928 -0.3444
vn -0.6721 0.6687 -0.3179
vn -0.6378 0.6687 -0.3822
vn -0.6908 0.5928 -0.4140
vn -0.8183 0.4249 -0.3871
vn -0.7769 0.5112 -0.3675
vn -0.7372 0.5112 -0.4418
vn -0.7765 0.4249 -0.4653
vn -0.5416 0.7384 -0.4017
vn -0.4808 0.8010 -0.3566
vn -0.4436 0.8010 -0.4020
vn -0.4997 0.7384 -0.4528
vn -0.6468 0.5928 -0.4798
vn -0.5972 0.6687 -0.4429
vn -0.5509 0.6687 -0.4993
vn -0.5967 0.5928 -0.5408
vn -0.7271 0.4249 -0.5393
vn -0.6903 0.5112 -0.5120
vn -0.6368 0.5112 -0.5772
vn -0.6708 0.4249 -0.6079
vn -0.7795 0.2413 -0.5781
vn -0.7569 0.3346 -0.5614
vn -0.6983 0.3346 -0.6328
vn -0.7191 0.2413 -0.6517
vn -0.7987 0.1053 -0.5924
vn -0.7937 0.1536 -0.5887
vn -0.7322 0.1536 -0.6636
vn -0.7369 0.1053 -0.6678
vn -0.1556 0.9851 -0.0736
vn -0.0697 0.9959 -0.0572
vn -0.1025 0.9851 -0.1383
vn -0.2749 0.9399 -0.2028
vn -0.2097 0.9666 -0.1470
vn -0.1851 0.9666 -0.1770
vn -0.2525 0.9399 -0.2300
vn -0.4152 0.8560 -0.3080
vn -0.3456 0.9027 -0.2563
vn -0.3188 0.9027 -0.2889
vn -0.3831 0.8560 -0.3472
vn -0.6678 0.1053 -0.7369
vn -0.6636 0.1536 -0.7322
vn -0.5887 0.1536 -0.7937
vn -0.5924 0.1053 -0.7987
vn -0.1383 0.9851 -0.1025
vn -0.0572 0.9959 -0.0697
vn -0.0736 0.9851 -0.1556
vn -0.2300 0.9399 -0.2525
vn -0.1770 0.9666 -0.1851
vn -0.1470 0.9666 -0.2097
vn -0.2028 0.9399 -0.2749
vn -0.3472 0.8560 -0.3831
vn -0.2889 0.9027 -0.3188
vn -0.2563 0.9027 -0.3456
vn -0.3080 0.8560 -0.4152
vn -0.4528 0.7384 -0.4997
vn -0.4020 0.8010 -0.4436
vn -0.3566 0.8010 -0.4808
vn -0.4017 0.7384 -0.5416
vn -0.5408 0.5928 -0.5967
vn -0.4993 0.6687 -0.5509
vn -0.4429 0.6687 -0.5972
vn -0.4798 0.5928 -0.6468
vn -0.6079 0.4249 -0.6708
vn -0.5772 0.5112 -0.6368
vn -0.5120 0.5112 -0.6903
vn -0.5393 0.4249 -0.7271
vn -0.6517 0.2413 -0.7191
vn -0.6328 0.3346 -0.6983
vn -0.5614 0.3346 -0.7569
vn -0.5781 0.2413 -0.7795
vn -0.4140 0.5928 -0.6908
vn -0.3822 0.6687 -0.6378
vn -0.3179 0.6687 -0.6721
vn -0.3444 0.5928 -0.7280
vn -0.4653 0.4249 -0.7765
vn -0.4418 0.5112 -0.7372
vn -0.3675 0.5112 -0.7769
vn -0.3871 0.4249 -0.8183
vn -0.4989 0.2413 -0.8324
vn -0.4844 0.3346 -0.8083
vn -0.4029 0.3346 -0.8519
vn -0.4150 0.2413 -0.8773
vn -0.5112 0.1053 -0.8530
vn -0.5080 0.1536 -0.8476
vn -0.4225 0.1536 -0.8933
vn -0.4252 0.1053 -0.8989
vn -0.1156 0.9851 -0.1275
vn -0.0425 0.9959 -0.0795
vn -0.0418 0.9851 -0.1670
vn -0.1763 0.9399 -0.2925
vn -0.1375 0.9666 -0.2161
vn -0.1033 0.9666 -0.2344
vn -0.1453 0.9399 -0.3091
vn -0.2658 0.8560 -0.4434
vn -0.2212 0.9027 -0.3691
vn -0.1840 0.9027 -0.3889
vn -0.2210 0.8560 -0.4673
vn -0.3467 0.7384 -0.5784
vn -0.3078 0.8010 -0.5135
vn -0.2560 0.8010 -0.5412
vn -0.2883 0.7384 -0.6096
vn -0.0885 0.9851 -0.1476
vn -0.0262 0.9959 -0.0862
vn -0.0084 0.9851 -0.1720
vn -0.1159 0.9399 -0.3213
vn -0.0927 0.9666 -0.2388
vn -0.0556 0.9666 -0.2500
vn -0.0822 0.9399 -0.3315
vn -0.1741 0.8560 -0.4867
vn -0.1449 0.9027 -0.4051
vn -0.1046 0.9027 -0.4174
vn -0.1256 0.8560 -0.5015
vn -0.2272 0.7384 -0.6349
vn -0.2017 0.8010 -0.5637
vn -0.1455 0.8010 -0.5807
vn -0.1639 0.7384 -0.6541
vn -0.2713 0.5928 -0.7583
vn -0.2505 0.6687 -0.7001
vn -0.1807 0.6687 -0.7212
vn -0.1957 0.5928 -0.7812
vn -0.3049 0.4249 -0.8523
vn -0.2895 0.5112 -0.8092
vn -0.2089 0.5112 -0.8337
vn -0.2200 0.4249 -0.8781
vn -0.3269 0.2413 -0.9137
vn -0.3174 0.3346 -0.8873
vn -0.2290 0.3346 -0.9141
vn -0.2358 0.2413 -0.9414
vn -0.3350 0.1053 -0.9363
vn -0.3329 0.1536 -0.9304
vn -0.2401 0.1536 -0.9585
vn -0.2417 0.1053 -0.9646
vn -0.1181 0.5928 -0.7966
vn -0.1091 0.6687 -0.7355
vn -0.0365 0.6687 -0.7426
vn -0.0396 0.5928 -0.8044
vn -0.1328 0.4249 -0.8954
vn -0.1261 0.5112 -0.8502
vn -0.0422 0.5112 -0.8584
vn -0.0445 0.4249 -0.9041
vn -0.1424 0.2413 -0.9600
vn -0.1382 0.3346 -0.9322
vn -0.0463 0.3346 -0.9412
vn -0.0477 0.2413 -0.9693
vn -0.1459 0.1053 -0.9837
vn -0.1450 0.1536 -0.9775
vn -0.0485 0.1536 -0.9869
vn -0.0488 0.1053 -0.9932
vn -0.0580 0.9851 -0.1621
vn -0.0088 0.9959 -0.0897
vn 0.0253 0.9851 -0.1703
vn -0.0510 0.9399 -0.3377
vn -0.0443 0.9666 -0.2523
vn -0.0057 0.9666 -0.2561
vn -0.0159 0.9399 -0.3412
vn -0.0758 0.8560 -0.5114
vn -0.0631 0.9027 -0.4256
vn -0.0211 0.9027 -0.4297
vn -0.0254 0.8560 -0.5163
vn -0.0989 0.7384 -0.6670
vn -0.0878 0.8010 -0.5922
vn -0.0294 0.8010 -0.5979
vn -0.0331 0.7384 -0.6735
vt 0.750000 0.625000
vt 0.750000 0.656250
vt 0.734375 0.656250
vt 0.734375 0.625000
vt 0.750000 0.687500
vt 0.734375 0.687500
vt 0.718750 0.687500
vt 0.718750 0.656250
vt 0.718750 0.625000
vt 0.750000 0.718750
vt 0.734375 0.718750
vt 0.750000 0.750000
vt 0.734375 0.750000
vt 0.718750 0.750000
vt 0.718750 0.718750
vt 0.750000 0.781250
vt 0.734375 0.781250
vt 0.750000 0.812500
vt 0.734375 0.812500
vt 0.718750 0.812500
vt 0.718750 0.781250
vt 0.750000 0.843750
vt 0.734375 0.843750
vt 0.750000 0.875000
vt 0.734375 0.875000
vt 0.718750 0.875000
vt 0.718750 0.843750
vt 0.750000 0.906105
vt 0.734375 0.905961
vt 0.750000 0.937500
vt 0.734375 0.935185
vt 0.718750 0.937500
vt 0.718750 0.906105
vt 0.742188 0.968750
vt 0.734375 0.957899
vt 0.734375 1.000000
vt 0.726563 0.968750
vt 0.750000 0.500000
vt 0.750000 0.531250
vt 0.734375 0.531250
vt 0.734375 0.500000
vt 0.750000 0.562500
vt 0.734375 0.562500
vt 0.718750 0.562500
vt 0.718750 0.531250
vt 0.718750 0.500000
vt 0.750000 0.593750
vt 0.734375 0.593750
vt 0.718750 0.593750
vt 0.703125 0.718750
vt 0.703125 0.687500
vt 0.703125 0.750000
vt 0.687500 0.750000
vt 0.687500 0.718750
vt 0.687500 0.687500
vt 0.703125 0.656250
vt 0.703125 0.625000
vt 0.687500 0.656250
vt 0.687500 0.625000
vt 0.703125 0.593750
vt 0.703125 0.562500
vt 0.687500 0.593750
vt 0.687500 0.562500
vt 0.703125 0.531250
vt 0.703125 0.500000
vt 0.687500 0.531250
vt 0.687500 0.500000
vt 0.710938 0.968750
vt 0.703125 0.957899
vt 0.703125 0.935185
vt 0.703125 1.000000
vt 0.695313 0.968750
vt 0.687500 0.937500
vt 0.703125 0.843750
vt 0.703125 0.812500
vt 0.703125 0.875000
vt 0.687500 0.875000
vt 0.687500 0.843750
vt 0.687500 0.812500
vt 0.703125 0.905961
vt 0.687500 0.906105
vt 0.703125 0.781250
vt 0.687500 0.781250
vt 0.671875 0.531250
vt 0.671875 0.500000
vt 0.671875 0.562500
vt 0.656250 0.562500
vt 0.656250 0.531250
vt 0.656250 0.500000
vt 0.679688 0.968750
vt 0.671875 0.957899
vt 0.671875 0.935185
vt 0.671875 1.000000
vt 0.664063 0.968750
vt 0.656250 0.937500
vt 0.671875 0.905961
vt 0.671875 0.875000
vt 0.656250 0.906105
vt 0.656250 0.875000
vt 0.671875 0.843750
vt 0.671875 0.812500
vt 0.656250 0.843750
vt 0.656250 0.812500
vt 0.671875 0.781250
vt 0.671875 0.750000
vt 0.656250 0.781250
vt 0.656250 0.750000
vt 0.671875 0.718750
vt 0.671875 0.687500
vt 0.656250 0.718750
vt 0.656250 0.687500
vt 0.671875 0.656250
vt 0.671875 0.625000
vt 0.656250 0.656250
vt 0.656250 0.625000
vt 0.671875 0.593750
vt 0.656250 0.593750
vt 0.640625 0.781250
vt 0.640625 0.750000
vt 0.640625 0.812500
vt 0.625000 0.812500
vt 0.625000 0.781250
vt 0.625000 0.750000
vt 0.640625 0.718750
vt 0.640625 0.687500
vt 0.625000 0.718750
vt 0.625000 0.687500
vt 0.640625 0.656250
vt 0.640625 0.625000
vt 0.625000 0.656250
vt 0.625000 0.625000
vt 0.640625 0.593750
vt 0.640625 0.562500
vt 0.625000 0.593750
vt 0.625000 0.562500
vt 0.640625 0.531250
vt 0.640625 0.500000
vt 0.625000 0.531250
vt 0.625000 0.500000
vt 0.648438 0.968750
vt 0.640625 0.957899
vt 0.640625 0.935185
vt 0.640625 1.000000
vt 0.632813 0.968750
vt 0.625000 0.937500
vt 0.640625 0.905961
vt 0.640625 0.875000
vt 0.625000 0.906105
vt 0.625000 0.875000
vt 0.640625 0.843750
vt 0.625000 0.843750
vt 0.609375 0.531250
vt 0.609375 0.500000
vt 0.609375 0.562500
vt 0.593750 0.562500
vt 0.593750 0.531250
vt 0.593750 0.500000
vt 0.617188 0.968750
vt 0.609375 0.957899
vt 0.609375 0.935185
vt 0.609375 1.000000
vt 0.601563 0.968750
vt 0.593750 0.937500
vt 0.609375 0.905961
vt 0.609375 0.875000
vt 0.593750 0.906105
vt 0.593750 0.875000
vt 0.609375 0.843750
vt 0.609375 0.812500
vt 0.593750 0.843750
vt 0.593750 0.812500
vt 0.609375 0.781250
vt 0.609375 0.750000
vt 0.593750 0.781250
vt 0.593750 0.750000
vt 0.609375 0.718750
vt 0.609375 0.687500
vt 0.593750 0.718750
vt 0.593750 0.687500
vt 0.609375 0.656250
vt 0.609375 0.625000
vt 0.593750 0.656250
vt 0.593750 0.625000
vt 0.609375 0.593750
vt 0.593750 0.593750
vt 0.578125 0.718750
vt 0.578125 0.687500
vt 0.578125 0.750000
vt 0.562500 0.750000
vt 0.562500 0.718750
vt 0.562500 0.687500
vt 0.578125 0.656250
vt 0.578125 0.625000
vt 0.562500 0.656250
vt 0.562500 0.625000
vt 0.578125 0.593750
vt 0.578125 0.562500
vt 0.562500 0.593750
vt 0.562500 0.562500
vt 0.578125 0.531250
vt 0.578125 0.500000
vt 0.562500 0.531250
vt 0.562500 0.500000
vt 0.585938 0.968750
vt 0.578125 0.957899
vt 0.578125 0.935185
vt 0.578125 1.000000
vt 0.570313 0.968750
vt 0.562500 0.937500
vt 0.578125 0.905961
vt 0.578125 0.875000
vt 0.562500 0.906105
vt 0.562500 0.875000
vt 0.578125 0.843750
vt 0.578125 0.812500
vt 0.562500 0.843750
vt 0.562500 0.812500
vt 0.578125 0.781250
vt 0.562500 0.781250
vt 0.554688 0.968750
vt 0.546875 0.957899
vt 0.546875 0.935185
vt 0.546875 1.000000
vt 0.539063 0.968750
vt 0.531250 0.937500
vt 0.546875 0.905961
vt 0.546875 0.875000
vt 0.531250 0.906105
vt 0.531250 0.875000
vt 0.546875 0.843750
vt 0.546875 0.812500
vt 0.531250 0.843750
vt 0.531250 0.812500
vt 0.546875 0.781250
vt 0.546875 0.750000
vt 0.531250 0.781250
vt 0.531250 0.750000
vt 0.546875 0.718750
vt 0.546875 0.687500
vt 0.531250 0.718750
vt 0.531250 0.687500
vt 0.546875 0.656250
vt 0.546875 0.625000
vt 0.531250 0.656250
vt 0.531250 0.625000
vt 0.546875 0.593750
vt 0.546875 0.562500
vt 0.531250 0.593750
vt 0.531250 0.562500
vt 0.546875 0.531250
vt 0.546875 0.500000
vt 0.531250 0.531250
vt 0.531250 0.500000
vt 0.515625 0.718750
vt 0.515625 0.687500
vt 0.515625 0.750000
vt 0.500000 0.750000
vt 0.500000 0.718750
vt 0.500000 0.687500
vt 0.515625 0.656250
vt 0.515625 0.625000
vt 0.500000 0.656250
vt 0.500000 0.625000
vt 0.515625 0.593750
vt 0.515625 0.562500
vt 0.500000 0.593750
vt 0.500000 0.562500
vt 0.515625 0.531250
vt 0.515625 0.500000
vt 0.500000 0.531250
vt 0.500000 0.500000
vt 0.523438 0.968750
vt 0.515625 0.957899
vt 0.515625 0.935185
vt 0.515625 1.000000
vt 0.507813 0.968750
vt 0.500000 0.937500
vt 0.515625 0.905961
vt 0.515625 0.875000
vt 0.500000 0.906105
vt 0.500000 0.875000
vt 0.515625 0.843750
vt 0.515625 0.812500
vt 0.500000 0.843750
vt 0.500000 0.812500
vt 0.515625 0.781250
vt 0.500000 0.781250
vt 0.492188 0.968750
vt 0.484375 0.957899
vt 0.484375 0.935185
vt 0.484375 1.000000
vt 0.476563 0.968750
vt 0.468750 0.937500
vt 0.484375 0.905961
vt 0.484375 0.875000
vt 0.468750 0.906105
vt 0.468750 0.875000
vt 0.484375 0.843750
vt 0.484375 0.812500
vt 0.468750 0.843750
vt 0.468750 0.812500
vt 0.484375 0.781250
vt 0.484375 0.750000
vt 0.468750 0.781250
vt 0.468750 0.750000
vt 0.484375 0.718750
vt 0.484375 0.687500
vt 0.468750 0.718750
vt 0.468750 0.687500
vt 0.484375 0.656250
vt 0.484375 0.625000
vt 0.468750 0.656250
vt 0.468750 0.625000
vt 0.484375 0.593750
vt 0.484375 0.562500
vt 0.468750 0.593750
vt 0.468750 0.562500
vt 0.484375 0.531250
vt 0.484375 0.500000
vt 0.468750 0.531250
vt 0.468750 0.500000
vt 0.453125 0.656250
vt 0.453125 0.625000
vt 0.453125 0.687500
vt 0.437500 0.687500
vt 0.437500 0.656250
vt 0.437500 0.625000
vt 0.453125 0.593750
vt 0.453125 0.562500
vt 0.437500 0.593750
vt 0.437500 0.562500
vt 0.453125 0.531250
vt 0.453125 0.500000
vt 0.437500 0.531250
vt 0.437500 0.500000
vt 0.460938 0.968750
vt 0.453125 0.957899
vt 0.453125 0.935185
vt 0.453125 1.000000
vt 0.445313 0.968750
vt 0.437500 0.937500
vt 0.453125 0.905961
vt 0.453125 0.875000
vt 0.437500 0.906105
vt 0.437500 0.875000
vt 0.453125 0.843750
vt 0.453125 0.812500
vt 0.437500 0.843750
vt 0.437500 0.812500
vt 0.453125 0.781250
vt 0.453125 0.750000
vt 0.437500 0.781250
vt 0.437500 0.750000
vt 0.453125 0.718750
vt 0.437500 0.718750
vt 0.421875 0.905961
vt 0.421875 0.875000
vt 0.421875 0.935185
vt 0.406250 0.937500
vt 0.406250 0.906105
vt 0.406250 0.875000
vt 0.421875 0.843750
vt 0.421875 0.812500
vt 0.406250 0.843750
vt 0.406250 0.812500
vt 0.421875 0.781250
vt 0.421875 0.750000
vt 0.406250 0.781250
vt 0.406250 0.750000
vt 0.421875 0.718750
vt 0.421875 0.687500
vt 0.406250 0.718750
vt 0.406250 0.687500
vt 0.421875 0.656250
vt 0.421875 0.625000
vt 0.406250 0.656250
vt 0.406250 0.625000
vt 0.421875 0.593750
vt 0.421875 0.562500
vt 0.406250 0.593750
vt 0.406250 0.562500
vt 0.421875 0.531250
vt 0.421875 0.500000
vt 0.406250 0.531250
vt 0.406250 0.500000
vt 0.429688 0.968750
vt 0.421875 0.957899
vt 0.421875 1.000000
vt 0.414063 0.968750
vt 0.390625 0.593750
vt 0.390625 0.562500
vt 0.390625 0.625000
vt 0.375000 0.625000
vt 0.375000 0.593750
vt 0.375000 0.562500
vt 0.390625 0.531250
vt 0.390625 0.500000
vt 0.375000 0.531250
vt 0.375000 0.500000
vt 0.398438 0.968750
vt 0.390625 0.957899
vt 0.390625 0.935185
vt 0.390625 1.000000
vt 0.382813 0.968750
vt 0.375000 0.937500
vt 0.390625 0.905961
vt 0.390625 0.875000
vt 0.375000 0.906105
vt 0.375000 0.875000
vt 0.390625 0.843750
vt 0.390625 0.812500
vt 0.375000 0.843750
vt 0.375000 0.812500
vt 0.390625 0.781250
vt 0.390625 0.750000
vt 0.375000 0.781250
vt 0.375000 0.750000
vt 0.390625 0.718750
vt 0.390625 0.687500
vt 0.375000 0.718750
vt 0.375000 0.687500
vt 0.390625 0.656250
vt 0.375000 0.656250
vt 0.359375 0.843750
vt 0.359375 0.812500
vt 0.359375 0.875000
vt 0.343750 0.875000
vt 0.343750 0.843750
vt 0.343750 0.812500
vt 0.359375 0.781250
vt 0.359375 0.750000
vt 0.343750 0.781250
vt 0.343750 0.750000
vt 0.359375 0.718750
vt 0.359375 0.687500
vt 0.343750 0.718750
vt 0.343750 0.687500
vt 0.359375 0.656250
vt 0.359375 0.625000
vt 0.343750 0.656250
vt 0.343750 0.625000
vt 0.359375 0.593750
vt 0.359375 0.562500
vt 0.343750 0.593750
vt 0.343750 0.562500
vt 0.359375 0.531250
vt 0.359375 0.500000
vt 0.343750 0.531250
vt 0.343750 0.500000
vt 0.367188 0.968750
vt 0.359375 0.957899
vt 0.359375 0.935185
vt 0.359375 1.000000
vt 0.351563 0.968750
vt 0.343750 0.937500
vt 0.359375 0.905961
vt 0.343750 0.906105
vt 0.328125 0.593750
vt 0.328125 0.562500
vt 0.328125 0.625000
vt 0.312500 0.625000
vt 0.312500 0.593750
vt 0.312500 0.562500
vt 0.328125 0.531250
vt 0.328125 0.500000
vt 0.312500 0.531250
vt 0.312500 0.500000
vt 0.335938 0.968750
vt 0.328125 0.957899
vt 0.328125 0.935185
vt 0.328125 1.000000
vt 0.320313 0.968750
vt 0.312500 0.937500
vt 0.328125 0.905961
vt 0.328125 0.875000
vt 0.312500 0.906105
vt 0.312500 0.875000
vt 0.328125 0.843750
vt 0.328125 0.812500
vt 0.312500 0.843750
vt 0.312500 0.812500
vt 0.328125 0.781250
vt 0.328125 0.750000
vt 0.312500 0.781250
vt 0.312500 0.750000
vt 0.328125 0.718750
vt 0.328125 0.687500
vt 0.312500 0.718750
vt 0.312500 0.687500
vt 0.328125 0.656250
vt 0.312500 0.656250
vt 0.296875 0.781250
vt 0.296875 0.750000
vt 0.296875 0.812500
vt 0.281250 0.812500
vt 0.281250 0.781250
vt 0.281250 0.750000
vt 0.296875 0.718750
vt 0.296875 0.687500
vt 0.281250 0.718750
vt 0.281250 0.687500
vt 0.296875 0.656250
vt 0.296875 0.625000
vt 0.281250 0.656250
vt 0.281250 0.625000
vt 0.296875 0.593750
vt 0.296875 0.562500
vt 0.281250 0.593750
vt 0.281250 0.562500
vt 0.296875 0.531250
vt 0.296875 0.500000
vt 0.281250 0.531250
vt 0.281250 0.500000
vt 0.304688 0.968750
vt 0.296875 0.957899
vt 0.296875 0.935185
vt 0.296875 1.000000
vt 0.289063 0.968750
vt 0.281250 0.937500
vt 0.296875 0.905961
vt 0.296875 0.875000
vt 0.281250 0.906105
vt 0.281250 0.875000
vt 0.296875 0.843750
vt 0.281250 0.843750
vt 0.265625 0.531250
vt 0.265625 0.500000
vt 0.265625 0.562500
vt 0.250000 0.562500
vt 0.250000 0.531250
vt 0.250000 0.500000
vt 0.273438 0.968750
vt 0.265625 0.957899
vt 0.265625 0.935185
vt 0.265625 1.000000
vt 0.257813 0.968750
vt 0.250000 0.937500
vt 0.265625 0.905961
vt 0.265625 0.875000
vt 0.250000 0.906105
vt 0.250000 0.875000
vt 0.265625 0.843750
vt 0.265625 0.812500
vt 0.250000 0.843750
vt 0.250000 0.812500
vt 0.265625 0.781250
vt 0.265625 0.750000
vt 0.250000 0.781250
vt 0.250000 0.750000
vt 0.265625 0.718750
vt 0.265625 0.687500
vt 0.250000 0.718750
vt 0.250000 0.687500
vt 0.265625 0.656250
vt 0.265625 0.625000
vt 0.250000 0.656250
vt 0.250000 0.625000
vt 0.265625 0.593750
vt 0.250000 0.593750
vt 0.234375 0.781250
vt 0.234375 0.750000
vt 0.234375 0.812500
vt 0.218750 0.812500
vt 0.218750 0.781250
vt 0.218750 0.750000
vt 0.234375 0.718750
vt 0.234375 0.687500
vt 0.218750 0.718750
vt 0.218750 0.687500
vt 0.234375 0.656250
vt 0.234375 0.625000
vt 0.218750 0.656250
vt 0.218750 0.625000
vt 0.234375 0.593750
vt 0.234375 0.562500
vt 0.218750 0.593750
vt 0.218750 0.562500
vt 0.234375 0.531250
vt 0.234375 0.500000
vt 0.218750 0.531250
vt 0.218750 0.500000
vt 0.242188 0.968750
vt 0.234375 0.957899
vt 0.234375 0.935185
vt 0.234375 1.000000
vt 0.226563 0.968750
vt 0.218750 0.937500
vt 0.234375 0.905961
vt 0.234375 0.875000
vt 0.218750 0.906105
vt 0.218750 0.875000
vt 0.234375 0.843750
vt 0.218750 0.843750
vt 0.203125 0.531250
vt 0.203125 0.500000
vt 0.203125 0.562500
vt 0.187500 0.562500
vt 0.187500 0.531250
vt 0.187500 0.500000
vt 0.210938 0.968750
vt 0.203125 0.957899
vt 0.203125 0.935185
vt 0.203125 1.000000
vt 0.195313 0.968750
vt 0.187500 0.937500
vt 0.203125 0.905961
vt 0.203125 0.875000
vt 0.187500 0.906105
vt 0.187500 0.875000
vt 0.203125 0.843750
vt 0.203125 0.812500
vt 0.187500 0.843750
vt 0.187500 0.812500
vt 0.203125 0.781250
vt 0.203125 0.750000
vt 0.187500 0.781250
vt 0.187500 0.750000
vt 0.203125 0.718750
vt 0.203125 0.687500
vt 0.187500 0.718750
vt 0.187500 0.687500
vt 0.203125 0.656250
vt 0.203125 0.625000
vt 0.187500 0.656250
vt 0.187500 0.625000
vt 0.203125 0.593750
vt 0.187500 0.593750
vt 0.171875 0.718750
vt 0.171875 0.687500
vt 0.171875 0.750000
vt 0.156250 0.750000
vt 0.156250 0.718750
vt 0.156250 0.687500
vt 0.171875 0.656250
vt 0.171875 0.625000
vt 0.156250 0.656250
vt 0.156250 0.625000
vt 0.171875 0.593750
vt 0.171875 0.562500
vt 0.156250 0.593750
vt 0.156250 0.562500
vt 0.171875 0.531250
vt 0.171875 0.500000
vt 0.156250 0.531250
vt 0.156250 0.500000
vt 0.179688 0.968750
vt 0.171875 0.957899
vt 0.171875 0.935185
vt 0.171875 1.000000
vt 0.164063 0.968750
vt 0.156250 0.937500
vt 0.171875 0.905961
vt 0.171875 0.875000
vt 0.156250 0.906105
vt 0.156250 0.875000
vt 0.171875 0.843750
vt 0.171875 0.812500
vt 0.156250 0.843750
vt 0.156250 0.812500
vt 0.171875 0.781250
vt 0.156250 0.781250
vt 0.148438 0.968750
vt 0.140625 0.957899
vt 0.140625 0.935185
vt 0.140625 1.000000
vt 0.132813 0.968750
vt 0.125000 0.937500
vt 0.140625 0.905961
vt 0.140625 0.875000
vt 0.125000 0.906105
vt 0.125000 0.875000
vt 0.140625 0.843750
vt 0.140625 0.812500
vt 0.125000 0.843750
vt 0.125000 0.812500
vt 0.140625 0.781250
vt 0.140625 0.750000
vt 0.125000 0.781250
vt 0.125000 0.750000
vt 0.140625 0.718750
vt 0.140625 0.687500
vt 0.125000 0.718750
vt 0.125000 0.687500
vt 0.140625 0.656250
vt 0.140625 0.625000
vt 0.125000 0.656250
vt 0.125000 0.625000
vt 0.140625 0.593750
vt 0.140625 0.562500
vt 0.125000 0.593750
vt 0.125000 0.562500
vt 0.140625 0.531250
vt 0.140625 0.500000
vt 0.125000 0.531250
vt 0.125000 0.500000
vt 0.109375 0.656250
vt 0.109375 0.625000
vt 0.109375 0.687500
vt 0.093750 0.687500
vt 0.093750 0.656250
vt 0.093750 0.625000
vt 0.109375 0.593750
vt 0.109375 0.562500
vt 0.093750 0.593750
vt 0.093750 0.562500
vt 0.109375 0.531250
vt 0.109375 0.500000
vt 0.093750 0.531250
vt 0.093750 0.500000
vt 0.117188 0.968750
vt 0.109375 0.957899
vt 0.109375 0.935185
vt 0.109375 1.000000
vt 0.101563 0.968750
vt 0.093750 0.937500
vt 0.109375 0.905961
vt 0.109375 0.875000
vt 0.093750 0.906105
vt 0.093750 0.875000
vt 0.109375 0.843750
vt 0.109375 0.812500
vt 0.093750 0.843750
vt 0.093750 0.812500
vt 0.109375 0.781250
vt 0.109375 0.750000
vt 0.093750 0.781250
vt 0.093750 0.750000
vt 0.109375 0.718750
vt 0.093750 0.718750
vt 0.085938 0.968750
vt 0.078125 0.957899
vt 0.078125 0.935185
vt 0.078125 1.000000
vt 0.070313 0.968750
vt 0.062500 0.937500
vt 0.078125 0.905961
vt 0.078125 0.875000
vt 0.062500 0.906105
vt 0.062500 0.875000
vt 0.078125 0.843750
vt 0.078125 0.812500
vt 0.062500 0.843750
vt 0.062500 0.812500
vt 0.078125 0.781250
vt 0.078125 0.750000
vt 0.062500 0.781250
vt 0.062500 0.750000
vt 0.078125 0.718750
vt 0.078125 0.687500
vt 0.062500 0.718750
vt 0.062500 0.687500
vt 0.078125 0.656250
vt 0.078125 0.625000
vt 0.062500 0.656250
vt 0.062500 0.625000
vt 0.078125 0.593750
vt 0.078125 0.562500
vt 0.062500 0.593750
vt 0.062500 0.562500
vt 0.078125 0.531250
vt 0.078125 0.500000
vt 0.062500 0.531250
vt 0.062500 0.500000
vt 0.046875 0.656250
vt 0.046875 0.625000
vt 0.046875 0.687500
vt 0.031250 0.687500
vt 0.031250 0.656250
vt 0.031250 0.625000
vt 0.046875 0.593750
vt 0.046875 0.562500
vt 0.031250 0.593750
vt 0.031250 0.562500
vt 0.046875 0.531250
vt 0.046875 0.500000
vt 0.031250 0.531250
vt 0.031250 0.500000
vt 0.054687 0.968750
vt 0.046875 0.957899
vt 0.046875 0.935185
vt 0.046875 1.000000
vt 0.039062 0.968750
vt 0.031250 0.937500
vt 0.046875 0.905961
vt 0.046875 0.875000
vt 0.031250 0.906105
vt 0.031250 0.875000
vt 0.046875 0.843750
vt 0.046875 0.812500
vt 0.031250 0.843750
vt 0.031250 0.812500
vt 0.046875 0.781250
vt 0.046875 0.750000
vt 0.031250 0.781250
vt 0.031250 0.750000
vt 0.046875 0.718750
vt 0.031250 0.718750
vt 0.015625 0.843750
vt 0.015625 0.812500
vt 0.015625 0.875000
vt 0.000000 0.875000
vt 0.000000 0.843750
vt 0.000000 0.812500
vt 0.015625 0.781250
vt 0.015625 0.750000
vt 0.000000 0.781250
vt 0.000000 0.750000
vt 0.015625 0.718750
vt 0.015625 0.687500
vt 0.000000 0.718750
vt 0.000000 0.687500
vt 0.015625 0.656250
vt 0.015625 0.625000
vt 0.000000 0.656250
vt 0.000000 0.625000
vt 0.015625 0.593750
vt 0.015625 0.562500
vt 0.000000 0.593750
vt 0.000000 0.562500
vt 0.015625 0.531250
vt 0.015625 0.500000
vt 0.000000 0.531250
vt 0.000000 0.500000
vt 0.023438 0.968750
vt 0.015625 0.957899
vt 0.015625 0.935185
vt 0.015625 1.000000
vt 0.007813 0.968750
vt 0.000000 0.937500
vt 0.015625 0.905961
vt 0.000000 0.906250
vt 1.000000 0.562500
vt 1.000000 0.593750
vt 0.984375 0.593750
vt 0.984375 0.562500
vt 1.000000 0.625000
vt 0.984375 0.625000
vt 0.968750 0.625000
vt 0.968750 0.593750
vt 0.968750 0.562500
vt 1.000000 0.500000
vt 1.000000 0.531250
vt 0.984375 0.531250
vt 0.984375 0.500000
vt 0.968750 0.531250
vt 0.968750 0.500000
vt 1.000000 0.937500
vt 0.992188 0.968750
vt 0.984375 0.957899
vt 0.984375 0.935185
vt 0.984375 1.000000
vt 0.976563 0.968750
vt 0.968750 0.937500
vt 1.000000 0.875000
vt 1.000000 0.906250
vt 0.984375 0.905961
vt 0.984375 0.875000
vt 0.968750 0.906105
vt 0.968750 0.875000
vt 1.000000 0.812500
vt 1.000000 0.843750
vt 0.984375 0.843750
vt 0.984375 0.812500
vt 0.968750 0.843750
vt 0.968750 0.812500
vt 1.000000 0.750000
vt 1.000000 0.781250
vt 0.984375 0.781250
vt 0.984375 0.750000
vt 0.968750 0.781250
vt 0.968750 0.750000
vt 1.000000 0.687500
vt 1.000000 0.718750
vt 0.984375 0.718750
vt 0.984375 0.687500
vt 0.968750 0.718750
vt 0.968750 0.687500
vt 1.000000 0.656250
vt 0.984375 0.656250
vt 0.968750 0.656250
vt 0.953125 0.843750
vt 0.953125 0.812500
vt 0.953125 0.875000
vt 0.937500 0.875000
vt 0.937500 0.843750
vt 0.937500 0.812500
vt 0.953125 0.781250
vt 0.953125 0.750000
vt 0.937500 0.781250
vt 0.937500 0.750000
vt 0.953125 0.718750
vt 0.953125 0.687500
vt 0.937500 0.718750
vt 0.937500 0.687500
vt 0.953125 0.656250
vt 0.953125 0.625000
vt 0.937500 0.656250
vt 0.937500 0.625000
vt 0.953125 0.593750
vt 0.953125 0.562500
vt 0.937500 0.593750
vt 0.937500 0.562500
vt 0.953125 0.531250
vt 0.953125 0.500000
vt 0.937500 0.531250
vt 0.937500 0.500000
vt 0.960938 0.968750
vt 0.953125 0.957899
vt 0.953125 0.935185
vt 0.953125 1.000000
vt 0.945313 0.968750
vt 0.937500 0.937500
vt 0.953125 0.905961
vt 0.937500 0.906105
vt 0.921875 0.593750
vt 0.921875 0.562500
vt 0.921875 0.625000
vt 0.906250 0.625000
vt 0.906250 0.593750
vt 0.906250 0.562500
vt 0.921875 0.531250
vt 0.921875 0.500000
vt 0.906250 0.531250
vt 0.906250 0.500000
vt 0.929688 0.968750
vt 0.921875 0.957899
vt 0.921875 0.935185
vt 0.921875 1.000000
vt 0.914063 0.968750
vt 0.906250 0.937500
vt 0.921875 0.905961
vt 0.921875 0.875000
vt 0.906250 0.906105
vt 0.906250 0.875000
vt 0.921875 0.843750
vt 0.921875 0.812500
vt 0.906250 0.843750
vt 0.906250 0.812500
vt 0.921875 0.781250
vt 0.921875 0.750000
vt 0.906250 0.781250
vt 0.906250 0.750000
vt 0.921875 0.718750
vt 0.921875 0.687500
vt 0.906250 0.718750
vt 0.906250 0.687500
vt 0.921875 0.656250
vt 0.906250 0.656250
vt 0.890625 0.781250
vt 0.890625 0.750000
vt 0.890625 0.812500
vt 0.875000 0.812500
vt 0.875000 0.781250
vt 0.875000 0.750000
vt 0.890625 0.718750
vt 0.890625 0.687500
vt 0.875000 0.718750
vt 0.875000 0.687500
vt 0.890625 0.656250
vt 0.890625 0.625000
vt 0.875000 0.656250
vt 0.875000 0.625000
vt 0.890625 0.593750
vt 0.890625 0.562500
vt 0.875000 0.593750
vt 0.875000 0.562500
vt 0.890625 0.531250
vt 0.890625 0.500000
vt 0.875000 0.531250
vt 0.875000 0.500000
vt 0.898438 0.968750
vt 0.890625 0.957899
vt 0.890625 0.935185
vt 0.890625 1.000000
vt 0.882813 0.968750
vt 0.875000 0.937500
vt 0.890625 0.905961
vt 0.890625 0.875000
vt 0.875000 0.906105
vt 0.875000 0.875000
vt 0.890625 0.843750
vt 0.875000 0.843750
vt 0.859375 0.531250
vt 0.859375 0.500000
vt 0.859375 0.562500
vt 0.843750 0.562500
vt 0.843750 0.531250
vt 0.843750 0.500000
vt 0.867188 0.968750
vt 0.859375 0.957899
vt 0.859375 0.935185
vt 0.859375 1.000000
vt 0.851563 0.968750
vt 0.843750 0.937500
vt 0.859375 0.905961
vt 0.859375 0.875000
vt 0.843750 0.906105
vt 0.843750 0.875000
vt 0.859375 0.843750
vt 0.859375 0.812500
vt 0.843750 0.843750
vt 0.843750 0.812500
vt 0.859375 0.781250
vt 0.859375 0.750000
vt 0.843750 0.781250
vt 0.843750 0.750000
vt 0.859375 0.718750
vt 0.859375 0.687500
vt 0.843750 0.718750
vt 0.843750 0.687500
vt 0.859375 0.656250
vt 0.859375 0.625000
vt 0.843750 0.656250
vt 0.843750 0.625000
vt 0.859375 0.593750
vt 0.843750 0.593750
vt 0.828125 0.718750
vt 0.828125 0.687500
vt 0.828125 0.750000
vt 0.812500 0.750000
vt 0.812500 0.718750
vt 0.812500 0.687500
vt 0.828125 0.656250
vt 0.828125 0.625000
vt 0.812500 0.656250
vt 0.812500 0.625000
vt 0.828125 0.593750
vt 0.828125 0.562500
vt 0.812500 0.593750
vt 0.812500 0.562500
vt 0.828125 0.531250
vt 0.828125 0.500000
vt 0.812500 0.531250
vt 0.812500 0.500000
vt 0.835938 0.968750
vt 0.828125 0.957899
vt 0.828125 0.935185
vt 0.828125 1.000000
vt 0.820313 0.968750
vt 0.812500 0.937500
vt 0.828125 0.905961
vt 0.828125 0.875000
vt 0.812500 0.906105
vt 0.812500 0.875000
vt 0.828125 0.843750
vt 0.828125 0.812500
vt 0.812500 0.843750
vt 0.812500 0.812500
vt 0.828125 0.781250
vt 0.812500 0.781250
vt 0.804688 0.968750
vt 0.796875 0.957899
vt 0.796875 0.935185
vt 0.796875 1.000000
vt 0.789063 0.968750
vt 0.781250 0.937500
vt 0.796875 0.905961
vt 0.796875 0.875000
vt 0.781250 0.906105
vt 0.781250 0.875000
vt 0.796875 0.843750
vt 0.796875 0.812500
vt 0.781250 0.843750
vt 0.781250 0.812500
vt 0.796875 0.781250
vt 0.796875 0.750000
vt 0.781250 0.781250
vt 0.781250 0.750000
vt 0.796875 0.718750
vt 0.796875 0.687500
vt 0.781250 0.718750
vt 0.781250 0.687500
vt 0.796875 0.656250
vt 0.796875 0.625000
vt 0.781250 0.656250
vt 0.781250 0.625000
vt 0.796875 0.593750
vt 0.796875 0.562500
vt 0.781250 0.593750
vt 0.781250 0.562500
vt 0.796875 0.531250
vt 0.796875 0.500000
vt 0.781250 0.531250
vt 0.781250 0.500000
vt 0.765625 0.718750
vt 0.765625 0.687500
vt 0.765625 0.750000
vt 0.765625 0.656250
vt 0.765625 0.625000
vt 0.765625 0.593750
vt 0.765625 0.562500
vt 0.765625 0.531250
vt 0.765625 0.500000
vt 0.773438 0.968750
vt 0.765625 0.957899
vt 0.765625 0.935185
vt 0.765625 1.000000
vt 0.757813 0.968750
vt 0.765625 0.905961
vt 0.765625 0.875000
vt 0.765625 0.843750
vt 0.765625 0.812500
vt 0.765625 0.781250
s 0
g Circle.002_Material.001
usemtl Material.001
f 2141/2371/2094 2397/2372/2094 2902/2373/2094 2399/2374/2094
f 2397/2372/2095 2142/2375/2095 2400/2376/2095 2902/2373/2095
f 2902/2373/2096 2400/2376/2096 2136/2377/2096 2393/2378/2096
f 2399/2374/2097 2902/2373/2097 2393/2378/2097 2137/2379/2097
f 2142/2375/2098 2863/2380/2098 2903/2381/2098 2400/2376/2098
f 2863/2380/2099 2387/2382/2099 2865/2383/2099 2903/2381/2099
f 2903/2381/2100 2865/2383/2100 2135/2384/2100 2392/2385/2100
f 2400/2376/2101 2903/2381/2101 2392/2385/2101 2136/2377/2101
f 2387/2382/2102 2854/2386/2102 2904/2387/2102 2865/2383/2102
f 2854/2386/2103 2386/2388/2103 2866/2389/2103 2904/2387/2103
f 2904/2387/2104 2866/2389/2104 2134/2390/2104 2391/2391/2104
f 2865/2383/2105 2904/2387/2105 2391/2391/2105 2135/2384/2105
f 2386/2388/2106 2853/2392/2106 2905/2393/2106 2866/2389/2106
f 2853/2392/2107 2385/2394/2107 2867/2395/2107 2905/2393/2107
f 2905/2393/2108 2867/2395/2108 2133/2396/2108 2390/2397/2108
f 2866/2389/2109 2905/2393/2109 2390/2397/2109 2134/2390/2109
f 2385/2394/2110 2855/2398/2110 2906/2399/2110 2867/2395/2110
f 2855/2398/2111 2389/2400/2111 2868/2401/2111 2906/2399/2111
f 2906/2399/2112 2868/2401/2112 2143/2402/2112 2398/2403/2112
f 2867/2395/2113 2906/2399/2113 2398/2403/2113 2133/2396/2113
f 2389/2400/2114 2864/2404/2114 2907/2405/2114 2868/2401/2114
f 2312/2406/2115 2861/2407/2115 2907/2405/2115 2864/2404/2115
f 2143/2402/2116 2868/2401/2116 2907/2405/2116 2861/2407/2116
f 2388/2408/2117 2862/2409/2117 2908/2410/2117 2869/2411/2117
f 2862/2409/2118 2140/2412/2118 2401/2413/2118 2908/2410/2118
f 2908/2410/2119 2401/2413/2119 2138/2414/2119 2395/2415/2119
f 2869/2411/2120 2908/2410/2120 2395/2415/2120 2139/2416/2120
f 2140/2412/2121 2396/2417/2121 2909/2418/2121 2401/2413/2121
f 2396/2417/2122 2141/2371/2122 2399/2374/2122 2909/2418/2122
f 2909/2418/2123 2399/2374/2123 2137/2379/2123 2394/2419/2123
f 2401/2413/2124 2909/2418/2124 2394/2419/2124 2138/2414/2124
f 2136/2377/2125 2392/2385/2125 2910/2420/2125 2409/2421/2125
f 2392/2385/2126 2135/2384/2126 2410/2422/2126 2910/2420/2126
f 2910/2420/2127 2410/2422/2127 2146/2423/2127 2404/2424/2127
f 2409/2421/2128 2910/2420/2128 2404/2424/2128 2147/2425/2128
f 2137/2379/2129 2393/2378/2129 2911/2426/2129 2411/2427/2129
f 2393/2378/2130 2136/2377/2130 2409/2421/2130 2911/2426/2130
f 2911/2426/2131 2409/2421/2131 2147/2425/2131 2405/2428/2131
f 2411/2427/2132 2911/2426/2132 2405/2428/2132 2148/2429/2132
f 2138/2414/2133 2394/2419/2133 2912/2430/2133 2412/2431/2133
f 2394/2419/2134 2137/2379/2134 2411/2427/2134 2912/2430/2134
f 2912/2430/2135 2411/2427/2135 2148/2429/2135 2406/2432/2135
f 2412/2431/2136 2912/2430/2136 2406/2432/2136 2149/2433/2136
f 2139/2416/2137 2395/2415/2137 2913/2434/2137 2413/2435/2137
f 2395/2415/2138 2138/2414/2138 2412/2431/2138 2913/2434/2138
f 2913/2434/2139 2412/2431/2139 2149/2433/2139 2407/2436/2139
f 2413/2435/2140 2913/2434/2140 2407/2436/2140 2150/2437/2140
f 2143/2402/2141 2861/2438/2141 2914/2439/2141 2414/2440/2141
f 2312/2441/2142 2870/2442/2142 2914/2439/2142 2861/2438/2142
f 2151/2443/2143 2414/2440/2143 2914/2439/2143 2870/2442/2143
f 2134/2390/2144 2390/2397/2144 2915/2444/2144 2415/2445/2144
f 2390/2397/2145 2133/2396/2145 2416/2446/2145 2915/2444/2145
f 2915/2444/2146 2416/2446/2146 2144/2447/2146 2402/2448/2146
f 2415/2445/2147 2915/2444/2147 2402/2448/2147 2145/2449/2147
f 2133/2396/2148 2398/2403/2148 2916/2450/2148 2416/2446/2148
f 2398/2403/2149 2143/2402/2149 2414/2440/2149 2916/2450/2149
f 2916/2450/2150 2414/2440/2150 2151/2443/2150 2408/2451/2150
f 2416/2446/2151 2916/2450/2151 2408/2451/2151 2144/2447/2151
f 2135/2384/2152 2391/2391/2152 2917/2452/2152 2410/2422/2152
f 2391/2391/2153 2134/2390/2153 2415/2445/2153 2917/2452/2153
f 2917/2452/2154 2415/2445/2154 2145/2449/2154 2403/2453/2154
f 2410/2422/2155 2917/2452/2155 2403/2453/2155 2146/2423/2155
f 2150/2437/2156 2407/2436/2156 2918/2454/2156 2424/2455/2156
f 2407/2436/2157 2149/2433/2157 2425/2456/2157 2918/2454/2157
f 2918/2454/2158 2425/2456/2158 2157/2457/2158 2422/2458/2158
f 2424/2455/2159 2918/2454/2159 2422/2458/2159 2158/2459/2159
f 2151/2443/2160 2870/2460/2160 2919/2461/2160 2426/2462/2160
f 2312/2463/2161 2871/2464/2161 2919/2461/2161 2870/2460/2161
f 2159/2465/2162 2426/2462/2162 2919/2461/2162 2871/2464/2162
f 2144/2447/2163 2408/2451/2163 2920/2466/2163 2427/2467/2163
f 2408/2451/2164 2151/2443/2164 2426/2462/2164 2920/2466/2164
f 2920/2466/2165 2426/2462/2165 2159/2465/2165 2423/2468/2165
f 2427/2467/2166 2920/2466/2166 2423/2468/2166 2152/2469/2166
f 2145/2449/2167 2402/2448/2167 2921/2470/2167 2428/2471/2167
f 2402/2448/2168 2144/2447/2168 2427/2467/2168 2921/2470/2168
f 2921/2470/2169 2427/2467/2169 2152/2469/2169 2417/2472/2169
f 2428/2471/2170 2921/2470/2170 2417/2472/2170 2153/2473/2170
f 2146/2423/2171 2403/2453/2171 2922/2474/2171 2429/2475/2171
f 2403/2453/2172 2145/2449/2172 2428/2471/2172 2922/2474/2172
f 2922/2474/2173 2428/2471/2173 2153/2473/2173 2418/2476/2173
f 2429/2475/2174 2922/2474/2174 2418/2476/2174 2154/2477/2174
f 2147/2425/2175 2404/2424/2175 2923/2478/2175 2430/2479/2175
f 2404/2424/2176 2146/2423/2176 2429/2475/2176 2923/2478/2176
f 2923/2478/2177 2429/2475/2177 2154/2477/2177 2419/2480/2177
f 2430/2479/2178 2923/2478/2178 2419/2480/2178 2155/2481/2178
f 2148/2429/2179 2405/2428/2179 2924/2482/2179 2431/2483/2179
f 2405/2428/2180 2147/2425/2180 2430/2479/2180 2924/2482/2180
f 2924/2482/2181 2430/2479/2181 2155/2481/2181 2420/2484/2181
f 2431/2483/2182 2924/2482/2182 2420/2484/2182 2156/2485/2182
f 2149/2433/2183 2406/2432/2183 2925/2486/2183 2425/2456/2183
f 2406/2432/2184 2148/2429/2184 2431/2483/2184 2925/2486/2184
f 2925/2486/2185 2431/2483/2185 2156/2485/2185 2421/2487/2185
f 2425/2456/2186 2925/2486/2186 2421/2487/2186 2157/2457/2186
f 2154/2477/2187 2418/2476/2187 2926/2488/2187 2439/2489/2187
f 2418/2476/2188 2153/2473/2188 2440/2490/2188 2926/2488/2188
f 2926/2488/2189 2440/2490/2189 2161/2491/2189 2433/2492/2189
f 2439/2489/2190 2926/2488/2190 2433/2492/2190 2162/2493/2190
f 2155/2481/2191 2419/2480/2191 2927/2494/2191 2441/2495/2191
f 2419/2480/2192 2154/2477/2192 2439/2489/2192 2927/2494/2192
f 2927/2494/2193 2439/2489/2193 2162/2493/2193 2434/2496/2193
f 2441/2495/2194 2927/2494/2194 2434/2496/2194 2163/2497/2194
f 2156/2485/2195 2420/2484/2195 2928/2498/2195 2442/2499/2195
f 2420/2484/2196 2155/2481/2196 2441/2495/2196 2928/2498/2196
f 2928/2498/2197 2441/2495/2197 2163/2497/2197 2435/2500/2197
f 2442/2499/2198 2928/2498/2198 2435/2500/2198 2164/2501/2198
f 2157/2457/2199 2421/2487/2199 2929/2502/2199 2443/2503/2199
f 2421/2487/2200 2156/2485/2200 2442/2499/2200 2929/2502/2200
f 2929/2502/2201 2442/2499/2201 2164/2501/2201 2436/2504/2201
f 2443/2503/2202 2929/2502/2202 2436/2504/2202 2165/2505/2202
f 2158/2459/2203 2422/2458/2203 2930/2506/2203 2444/2507/2203
f 2422/2458/2204 2157/2457/2204 2443/2503/2204 2930/2506/2204
f 2930/2506/2205 2443/2503/2205 2165/2505/2205 2437/2508/2205
f 2444/2507/2206 2930/2506/2206 2437/2508/2206 2166/2509/2206
f 2159/2465/2207 2871/2510/2207 2931/2511/2207 2445/2512/2207
f 2312/2513/2208 2872/2514/2208 2931/2511/2208 2871/2510/2208
f 2167/2515/2209 2445/2512/2209 2931/2511/2209 2872/2514/2209
f 2152/2469/2210 2423/2468/2210 2932/2516/2210 2446/2517/2210
f 2423/2468/2211 2159/2465/2211 2445/2512/2211 2932/2516/2211
f 2932/2516/2212 2445/2512/2212 2167/2515/2212 2438/2518/2212
f 2446/2517/2213 2932/2516/2213 2438/2518/2213 2160/2519/2213
f 2153/2473/2214 2417/2472/2214 2933/2520/2214 2440/2490/2214
f 2417/2472/2215 2152/2469/2215 2446/2517/2215 2933/2520/2215
f 2933/2520/2216 2446/2517/2216 2160/2519/2216 2432/2521/2216
f 2440/2490/2217 2933/2520/2217 2432/2521/2217 2161/2491/2217
f 2166/2509/2218 2437/2508/2218 2934/2522/2218 2454/2523/2218
f 2437/2508/2219 2165/2505/2219 2455/2524/2219 2934/2522/2219
f 2934/2522/2220 2455/2524/2220 2173/2525/2220 2452/2526/2220
f 2454/2523/2221 2934/2522/2221 2452/2526/2221 2174/2527/2221
f 2167/2515/2222 2872/2528/2222 2935/2529/2222 2456/2530/2222
f 2312/2531/2223 2873/2532/2223 2935/2529/2223 2872/2528/2223
f 2175/2533/2224 2456/2530/2224 2935/2529/2224 2873/2532/2224
f 2160/2519/2225 2438/2518/2225 2936/2534/2225 2457/2535/2225
f 2438/2518/2226 2167/2515/2226 2456/2530/2226 2936/2534/2226
f 2936/2534/2227 2456/2530/2227 2175/2533/2227 2453/2536/2227
f 2457/2535/2228 2936/2534/2228 2453/2536/2228 2168/2537/2228
f 2161/2491/2229 2432/2521/2229 2937/2538/2229 2458/2539/2229
f 2432/2521/2230 2160/2519/2230 2457/2535/2230 2937/2538/2230
f 2937/2538/2231 2457/2535/2231 2168/2537/2231 2447/2540/2231
f 2458/2539/2232 2937/2538/2232 2447/2540/2232 2169/2541/2232
f 2162/2493/2233 2433/2492/2233 2938/2542/2233 2459/2543/2233
f 2433/2492/2234 2161/2491/2234 2458/2539/2234 2938/2542/2234
f 2938/2542/2235 2458/2539/2235 2169/2541/2235 2448/2544/2235
f 2459/2543/2236 2938/2542/2236 2448/2544/2236 2170/2545/2236
f 2163/2497/2237 2434/2496/2237 2939/2546/2237 2460/2547/2237
f 2434/2496/2238 2162/2493/2238 2459/2543/2238 2939/2546/2238
f 2939/2546/2239 2459/2543/2239 2170/2545/2239 2449/2548/2239
f 2460/2547/2240 2939/2546/2240 2449/2548/2240 2171/2549/2240
f 2164/2501/2241 2435/2500/2241 2940/2550/2241 2461/2551/2241
f 2435/2500/2242 2163/2497/2242 2460/2547/2242 2940/2550/2242
f 2940/2550/2243 2460/2547/2243 2171/2549/2243 2450/2552/2243
f 2461/2551/2244 2940/2550/2244 2450/2552/2244 2172/2553/2244
f 2165/2505/2245 2436/2504/2245 2941/2554/2245 2455/2524/2245
f 2436/2504/2246 2164/2501/2246 2461/2551/2246 2941/2554/2246
f 2941/2554/2247 2461/2551/2247 2172/2553/2247 2451/2555/2247
f 2455/2524/2248 2941/2554/2248 2451/2555/2248 2173/2525/2248
f 2171/2549/2249 2449/2548/2249 2942/2556/2249 2469/2557/2249
f 2449/2548/2250 2170/2545/2250 2470/2558/2250 2942/2556/2250
f 2942/2556/2251 2470/2558/2251 2178/2559/2251 2464/2560/2251
f 2469/2557/2252 2942/2556/2252 2464/2560/2252 2179/2561/2252
f 2172/2553/2253 2450/2552/2253 2943/2562/2253 2471/2563/2253
f 2450/2552/2254 2171/2549/2254 2469/2557/2254 2943/2562/2254
f 2943/2562/2255 2469/2557/2255 2179/2561/2255 2465/2564/2255
f 2471/2563/2256 2943/2562/2256 2465/2564/2256 2180/2565/2256
f 2173/2525/2257 2451/2555/2257 2944/2566/2257 2472/2567/2257
f 2451/2555/2258 2172/2553/2258 2471/2563/2258 2944/2566/2258
f 2944/2566/2259 2471/2563/2259 2180/2565/2259 2466/2568/2259
f 2472/2567/2260 2944/2566/2260 2466/2568/2260 2181/2569/2260
f 2174/2527/2261 2452/2526/2261 2945/2570/2261 2473/2571/2261
f 2452/2526/2262 2173/2525/2262 2472/2567/2262 2945/2570/2262
f 2945/2570/2263 2472/2567/2263 2181/2569/2263 2467/2572/2263
f 2473/2571/2264 2945/2570/2264 2467/2572/2264 2182/2573/2264
f 2175/2533/2265 2873/2574/2265 2946/2575/2265 2474/2576/2265
f 2312/2577/2266 2874/2578/2266 2946/2575/2266 2873/2574/2266
f 2183/2579/2267 2474/2576/2267 2946/2575/2267 2874/2578/2267
f 2168/2537/2268 2453/2536/2268 2947/2580/2268 2475/2581/2268
f 2453/2536/2269 2175/2533/2269 2474/2576/2269 2947/2580/2269
f 2947/2580/2270 2474/2576/2270 2183/2579/2270 2468/2582/2270
f 2475/2581/2271 2947/2580/2271 2468/2582/2271 2176/2583/2271
f 2169/2541/2272 2447/2540/2272 2948/2584/2272 2476/2585/2272
f 2447/2540/2273 2168/2537/2273 2475/2581/2273 2948/2584/2273
f 2948/2584/2274 2475/2581/2274 2176/2583/2274 2462/2586/2274
f 2476/2585/2275 2948/2584/2275 2462/2586/2275 2177/2587/2275
f 2170/2545/2276 2448/2544/2276 2949/2588/2276 2470/2558/2276
f 2448/2544/2277 2169/2541/2277 2476/2585/2277 2949/2588/2277
f 2949/2588/2278 2476/2585/2278 2177/2587/2278 2463/2589/2278
f 2470/2558/2279 2949/2588/2279 2463/2589/2279 2178/2559/2279
f 2183/2579/2280 2874/2590/2280 2950/2591/2280 2485/2592/2280
f 2312/2593/2281 2875/2594/2281 2950/2591/2281 2874/2590/2281
f 2191/2595/2282 2485/2592/2282 2950/2591/2282 2875/2594/2282
f 2176/2583/2283 2468/2582/2283 2951/2596/2283 2486/2597/2283
f 2468/2582/2284 2183/2579/2284 2485/2592/2284 2951/2596/2284
f 2951/2596/2285 2485/2592/2285 2191/2595/2285 2483/2598/2285
f 2486/2597/2286 2951/2596/2286 2483/2598/2286 2184/2599/2286
f 2177/2587/2287 2462/2586/2287 2952/2600/2287 2487/2601/2287
f 2462/2586/2288 2176/2583/2288 2486/2597/2288 2952/2600/2288
f 2952/2600/2289 2486/2597/2289 2184/2599/2289 2477/2602/2289
f 2487/2601/2290 2952/2600/2290 2477/2602/2290 2185/2603/2290
f 2178/2559/2291 2463/2589/2291 2953/2604/2291 2488/2605/2291
f 2463/2589/2292 2177/2587/2292 2487/2601/2292 2953/2604/2292
f 2953/2604/2293 2487/2601/2293 2185/2603/2293 2478/2606/2293
f 2488/2605/2294 2953/2604/2294 2478/2606/2294 2186/2607/2294
f 2179/2561/2295 2464/2560/2295 2954/2608/2295 2489/2609/2295
f 2464/2560/2296 2178/2559/2296 2488/2605/2296 2954/2608/2296
f 2954/2608/2297 2488/2605/2297 2186/2607/2297 2479/2610/2297
f 2489/2609/2298 2954/2608/2298 2479/2610/2298 2187/2611/2298
f 2180/2565/2299 2465/2564/2299 2955/2612/2299 2490/2613/2299
f 2465/2564/2300 2179/2561/2300 2489/2609/2300 2955/2612/2300
f 2955/2612/2301 2489/2609/2301 2187/2611/2301 2480/2614/2301
f 2490/2613/2302 2955/2612/2302 2480/2614/2302 2188/2615/2302
f 2181/2569/2303 2466/2568/2303 2956/2616/2303 2491/2617/2303
f 2466/2568/2304 2180/2565/2304 2490/2613/2304 2956/2616/2304
f 2956/2616/2305 2490/2613/2305 2188/2615/2305 2481/2618/2305
f 2491/2617/2306 2956/2616/2306 2481/2618/2306 2189/2619/2306
f 2182/2573/2307 2467/2572/2307 2957/2620/2307 2484/2621/2307
f 2467/2572/2308 2181/2569/2308 2491/2617/2308 2957/2620/2308
f 2957/2620/2309 2491/2617/2309 2189/2619/2309 2482/2622/2309
f 2484/2621/2310 2957/2620/2310 2482/2622/2310 2190/2623/2310
f 2187/2611/2311 2479/2610/2311 2958/2624/2311 2499/2625/2311
f 2479/2610/2312 2186/2607/2312 2500/2626/2312 2958/2624/2312
f 2958/2624/2313 2500/2626/2313 2194/2627/2313 2494/2628/2313
f 2499/2625/2314 2958/2624/2314 2494/2628/2314 2195/2629/2314
f 2188/2615/2315 2480/2614/2315 2959/2630/2315 2501/2631/2315
f 2480/2614/2316 2187/2611/2316 2499/2625/2316 2959/2630/2316
f 2959/2630/2317 2499/2625/2317 2195/2629/2317 2495/2632/2317
f 2501/2631/2318 2959/2630/2318 2495/2632/2318 2196/2633/2318
f 2189/2619/2319 2481/2618/2319 2960/2634/2319 2502/2635/2319
f 2481/2618/2320 2188/2615/2320 2501/2631/2320 2960/2634/2320
f 2960/2634/2321 2501/2631/2321 2196/2633/2321 2496/2636/2321
f 2502/2635/2322 2960/2634/2322 2496/2636/2322 2197/2637/2322
f 2190/2623/2323 2482/2622/2323 2961/2638/2323 2503/2639/2323
f 2482/2622/2324 2189/2619/2324 2502/2635/2324 2961/2638/2324
f 2961/2638/2325 2502/2635/2325 2197/2637/2325 2497/2640/2325
f 2503/2639/2326 2961/2638/2326 2497/2640/2326 2198/2641/2326
f 2191/2595/2327 2875/2642/2327 2962/2643/2327 2504/2644/2327
f 2312/2645/2328 2876/2646/2328 2962/2643/2328 2875/2642/2328
f 2199/2647/2329 2504/2644/2329 2962/2643/2329 2876/2646/2329
f 2184/2599/2330 2483/2598/2330 2963/2648/2330 2505/2649/2330
f 2483/2598/2331 2191/2595/2331 2504/2644/2331 2963/2648/2331
f 2963/2648/2332 2504/2644/2332 2199/2647/2332 2498/2650/2332
f 2505/2649/2333 2963/2648/2333 2498/2650/2333 2192/2651/2333
f 2185/2603/2334 2477/2602/2334 2964/2652/2334 2506/2653/2334
f 2477/2602/2335 2184/2599/2335 2505/2649/2335 2964/2652/2335
f 2964/2652/2336 2505/2649/2336 2192/2651/2336 2492/2654/2336
f 2506/2653/2337 2964/2652/2337 2492/2654/2337 2193/2655/2337
f 2186/2607/2338 2478/2606/2338 2965/2656/2338 2500/2626/2338
f 2478/2606/2339 2185/2603/2339 2506/2653/2339 2965/2656/2339
f 2965/2656/2340 2506/2653/2340 2193/2655/2340 2493/2657/2340
f 2500/2626/2341 2965/2656/2341 2493/2657/2341 2194/2627/2341
f 2199/2647/2342 2876/2658/2342 2966/2659/2342 2515/2660/2342
f 2312/2661/2343 2877/2662/2343 2966/2659/2343 2876/2658/2343
f 2207/2663/2344 2515/2660/2344 2966/2659/2344 2877/2662/2344
f 2192/2651/2345 2498/2650/2345 2967/2664/2345 2516/2665/2345
f 2498/2650/2346 2199/2647/2346 2515/2660/2346 2967/2664/2346
f 2967/2664/2347 2515/2660/2347 2207/2663/2347 2513/2666/2347
f 2516/2665/2348 2967/2664/2348 2513/2666/2348 2200/2667/2348
f 2193/2655/2349 2492/2654/2349 2968/2668/2349 2517/2669/2349
f 2492/2654/2350 2192/2651/2350 2516/2665/2350 2968/2668/2350
f 2968/2668/2351 2516/2665/2351 2200/2667/2351 2507/2670/2351
f 2517/2669/2352 2968/2668/2352 2507/2670/2352 2201/2671/2352
f 2194/2627/2353 2493/2657/2353 2969/2672/2353 2518/2673/2353
f 2493/2657/2354 2193/2655/2354 2517/2669/2354 2969/2672/2354
f 2969/2672/2355 2517/2669/2355 2201/2671/2355 2508/2674/2355
f 2518/2673/2356 2969/2672/2356 2508/2674/2356 2202/2675/2356
f 2195/2629/2357 2494/2628/2357 2970/2676/2357 2519/2677/2357
f 2494/2628/2358 2194/2627/2358 2518/2673/2358 2970/2676/2358
f 2970/2676/2359 2518/2673/2359 2202/2675/2359 2509/2678/2359
f 2519/2677/2360 2970/2676/2360 2509/2678/2360 2203/2679/2360
f 2196/2633/2361 2495/2632/2361 2971/2680/2361 2520/2681/2361
f 2495/2632/2362 2195/2629/2362 2519/2677/2362 2971/2680/2362
f 2971/2680/2363 2519/2677/2363 2203/2679/2363 2510/2682/2363
f 2520/2681/2364 2971/2680/2364 2510/2682/2364 2204/2683/2364
f 2197/2637/2365 2496/2636/2365 2972/2684/2365 2521/2685/2365
f 2496/2636/2366 2196/2633/2366 2520/2681/2366 2972/2684/2366
f 2972/2684/2367 2520/2681/2367 2204/2683/2367 2511/2686/2367
f 2521/2685/2368 2972/2684/2368 2511/2686/2368 2205/2687/2368
f 2198/2641/2369 2497/2640/2369 2973/2688/2369 2514/2689/2369
f 2497/2640/2370 2197/2637/2370 2521/2685/2370 2973/2688/2370
f 2973/2688/2371 2521/2685/2371 2205/2687/2371 2512/2690/2371
f 2514/2689/2372 2973/2688/2372 2512/2690/2372 2206/2691/2372
f 2204/2683/2373 2510/2682/2373 2974/2692/2373 2529/2693/2373
f 2510/2682/2374 2203/2679/2374 2530/2694/2374 2974/2692/2374
f 2974/2692/2375 2530/2694/2375 2211/2695/2375 2525/2696/2375
f 2529/2693/2376 2974/2692/2376 2525/2696/2376 2212/2697/2376
f 2205/2687/2377 2511/2686/2377 2975/2698/2377 2531/2699/2377
f 2511/2686/2378 2204/2683/2378 2529/2693/2378 2975/2698/2378
f 2975/2698/2379 2529/2693/2379 2212/2697/2379 2526/2700/2379
f 2531/2699/2380 2975/2698/2380 2526/2700/2380 2213/2701/2380
f 2206/2691/2381 2512/2690/2381 2976/2702/2381 2532/2703/2381
f 2512/2690/2382 2205/2687/2382 2531/2699/2382 2976/2702/2382
f 2976/2702/2383 2531/2699/2383 2213/2701/2383 2527/2704/2383
f 2532/2703/2384 2976/2702/2384 2527/2704/2384 2214/2705/2384
f 2207/2663/2385 2877/2706/2385 2977/2707/2385 2533/2708/2385
f 2312/2709/2386 2878/2710/2386 2977/2707/2386 2877/2706/2386
f 2215/2711/2387 2533/2708/2387 2977/2707/2387 2878/2710/2387
f 2200/2667/2388 2513/2666/2388 2978/2712/2388 2534/2713/2388
f 2513/2666/2389 2207/2663/2389 2533/2708/2389 2978/2712/2389
f 2978/2712/2390 2533/2708/2390 2215/2711/2390 2528/2714/2390
f 2534/2713/2391 2978/2712/2391 2528/2714/2391 2208/2715/2391
f 2201/2671/2392 2507/2670/2392 2979/2716/2392 2535/2717/2392
f 2507/2670/2393 2200/2667/2393 2534/2713/2393 2979/2716/2393
f 2979/2716/2394 2534/2713/2394 2208/2715/2394 2522/2718/2394
f 2535/2717/2395 2979/2716/2395 2522/2718/2395 2209/2719/2395
f 2202/2675/2396 2508/2674/2396 2980/2720/2396 2536/2721/2396
f 2508/2674/2397 2201/2671/2397 2535/2717/2397 2980/2720/2397
f 2980/2720/2398 2535/2717/2398 2209/2719/2398 2523/2722/2398
f 2536/2721/2399 2980/2720/2399 2523/2722/2399 2210/2723/2399
f 2203/2679/2400 2509/2678/2400 2981/2724/2400 2530/2694/2400
f 2509/2678/2401 2202/2675/2401 2536/2721/2401 2981/2724/2401
f 2981/2724/2402 2536/2721/2402 2210/2723/2402 2524/2725/2402
f 2530/2694/2403 2981/2724/2403 2524/2725/2403 2211/2695/2403
f 2208/2715/2404 2528/2714/2404 2982/2726/2404 2544/2727/2404
f 2528/2714/2405 2215/2711/2405 2545/2728/2405 2982/2726/2405
f 2982/2726/2406 2545/2728/2406 2223/2729/2406 2543/2730/2406
f 2544/2727/2407 2982/2726/2407 2543/2730/2407 2216/2731/2407
f 2209/2719/2408 2522/2718/2408 2983/2732/2408 2546/2733/2408
f 2522/2718/2409 2208/2715/2409 2544/2727/2409 2983/2732/2409
f 2983/2732/2410 2544/2727/2410 2216/2731/2410 2537/2734/2410
f 2546/2733/2411 2983/2732/2411 2537/2734/2411 2217/2735/2411
f 2210/2723/2412 2523/2722/2412 2984/2736/2412 2547/2737/2412
f 2523/2722/2413 2209/2719/2413 2546/2733/2413 2984/2736/2413
f 2984/2736/2414 2546/2733/2414 2217/2735/2414 2538/2738/2414
f 2547/2737/2415 2984/2736/2415 2538/2738/2415 2218/2739/2415
f 2211/2695/2416 2524/2725/2416 2985/2740/2416 2548/2741/2416
f 2524/2725/2417 2210/2723/2417 2547/2737/2417 2985/2740/2417
f 2985/2740/2418 2547/2737/2418 2218/2739/2418 2539/2742/2418
f 2548/2741/2419 2985/2740/2419 2539/2742/2419 2219/2743/2419
f 2212/2697/2420 2525/2696/2420 2986/2744/2420 2549/2745/2420
f 2525/2696/2421 2211/2695/2421 2548/2741/2421 2986/2744/2421
f 2986/2744/2422 2548/2741/2422 2219/2743/2422 2540/2746/2422
f 2549/2745/2423 2986/2744/2423 2540/2746/2423 2220/2747/2423
f 2213/2701/2424 2526/2700/2424 2987/2748/2424 2550/2749/2424
f 2526/2700/2425 2212/2697/2425 2549/2745/2425 2987/2748/2425
f 2987/2748/2426 2549/2745/2426 2220/2747/2426 2541/2750/2426
f 2550/2749/2427 2987/2748/2427 2541/2750/2427 2221/2751/2427
f 2214/2705/2428 2527/2704/2428 2988/2752/2428 2551/2753/2428
f 2527/2704/2429 2213/2701/2429 2550/2749/2429 2988/2752/2429
f 2988/2752/2430 2550/2749/2430 2221/2751/2430 2542/2754/2430
f 2551/2753/2431 2988/2752/2431 2542/2754/2431 2222/2755/2431
f 2215/2711/2432 2878/2756/2432 2989/2757/2432 2545/2728/2432
f 2312/2758/2433 2879/2759/2433 2989/2757/2433 2878/2756/2433
f 2223/2729/2434 2545/2728/2434 2989/2757/2434 2879/2759/2434
f 2221/2751/2435 2541/2750/2435 2990/2760/2435 2559/2761/2435
f 2541/2750/2436 2220/2747/2436 2560/2762/2436 2990/2760/2436
f 2990/2760/2437 2560/2762/2437 2228/2763/2437 2556/2764/2437
f 2559/2761/2438 2990/2760/2438 2556/2764/2438 2229/2765/2438
f 2222/2755/2439 2542/2754/2439 2991/2766/2439 2561/2767/2439
f 2542/2754/2440 2221/2751/2440 2559/2761/2440 2991/2766/2440
f 2991/2766/2441 2559/2761/2441 2229/2765/2441 2557/2768/2441
f 2561/2767/2442 2991/2766/2442 2557/2768/2442 2230/2769/2442
f 2223/2729/2443 2879/2770/2443 2992/2771/2443 2562/2772/2443
f 2312/2773/2444 2880/2774/2444 2992/2771/2444 2879/2770/2444
f 2231/2775/2445 2562/2772/2445 2992/2771/2445 2880/2774/2445
f 2216/2731/2446 2543/2730/2446 2993/2776/2446 2563/2777/2446
f 2543/2730/2447 2223/2729/2447 2562/2772/2447 2993/2776/2447
f 2993/2776/2448 2562/2772/2448 2231/2775/2448 2558/2778/2448
f 2563/2777/2449 2993/2776/2449 2558/2778/2449 2224/2779/2449
f 2217/2735/2450 2537/2734/2450 2994/2780/2450 2564/2781/2450
f 2537/2734/2451 2216/2731/2451 2563/2777/2451 2994/2780/2451
f 2994/2780/2452 2563/2777/2452 2224/2779/2452 2552/2782/2452
f 2564/2781/2453 2994/2780/2453 2552/2782/2453 2225/2783/2453
f 2218/2739/2454 2538/2738/2454 2995/2784/2454 2565/2785/2454
f 2538/2738/2455 2217/2735/2455 2564/2781/2455 2995/2784/2455
f 2995/2784/2456 2564/2781/2456 2225/2783/2456 2553/2786/2456
f 2565/2785/2457 2995/2784/2457 2553/2786/2457 2226/2787/2457
f 2219/2743/2458 2539/2742/2458 2996/2788/2458 2566/2789/2458
f 2539/2742/2459 2218/2739/2459 2565/2785/2459 2996/2788/2459
f 2996/2788/2460 2565/2785/2460 2226/2787/2460 2554/2790/2460
f 2566/2789/2461 2996/2788/2461 2554/2790/2461 2227/2791/2461
f 2220/2747/2462 2540/2746/2462 2997/2792/2462 2560/2762/2462
f 2540/2746/2463 2219/2743/2463 2566/2789/2463 2997/2792/2463
f 2997/2792/2464 2566/2789/2464 2227/2791/2464 2555/2793/2464
f 2560/2762/2465 2997/2792/2465 2555/2793/2465 2228/2763/2465
f 2225/2783/2466 2552/2782/2466 2998/2794/2466 2574/2795/2466
f 2552/2782/2467 2224/2779/2467 2575/2796/2467 2998/2794/2467
f 2998/2794/2468 2575/2796/2468 2232/2797/2468 2567/2798/2468
f 2574/2795/2469 2998/2794/2469 2567/2798/2469 2233/2799/2469
f 2226/2787/2470 2553/2786/2470 2999/2800/2470 2576/2801/2470
f 2553/2786/2471 2225/2783/2471 2574/2795/2471 2999/2800/2471
f 2999/2800/2472 2574/2795/2472 2233/2799/2472 2568/2802/2472
f 2576/2801/2473 2999/2800/2473 2568/2802/2473 2234/2803/2473
f 2227/2791/2474 2554/2790/2474 3000/2804/2474 2577/2805/2474
f 2554/2790/2475 2226/2787/2475 2576/2801/2475 3000/2804/2475
f 3000/2804/2476 2576/2801/2476 2234/2803/2476 2569/2806/2476
f 2577/2805/2477 3000/2804/2477 2569/2806/2477 2235/2807/2477
f 2228/2763/2478 2555/2793/2478 3001/2808/2478 2578/2809/2478
f 2555/2793/2479 2227/2791/2479 2577/2805/2479 3001/2808/2479
f 3001/2808/2480 2577/2805/2480 2235/2807/2480 2570/2810/2480
f 2578/2809/2481 3001/2808/2481 2570/2810/2481 2236/2811/2481
f 2229/2765/2482 2556/2764/2482 3002/2812/2482 2579/2813/2482
f 2556/2764/2483 2228/2763/2483 2578/2809/2483 3002/2812/2483
f 3002/2812/2484 2578/2809/2484 2236/2811/2484 2571/2814/2484
f 2579/2813/2485 3002/2812/2485 2571/2814/2485 2237/2815/2485
f 2230/2769/2486 2557/2768/2486 3003/2816/2486 2580/2817/2486
f 2557/2768/2487 2229/2765/2487 2579/2813/2487 3003/2816/2487
f 3003/2816/2488 2579/2813/2488 2237/2815/2488 2572/2818/2488
f 2580/2817/2489 3003/2816/2489 2572/2818/2489 2238/2819/2489
f 2231/2775/2490 2880/2820/2490 3004/2821/2490 2581/2822/2490
f 2312/2823/2491 2881/2824/2491 3004/2821/2491 2880/2820/2491
f 2239/2825/2492 2581/2822/2492 3004/2821/2492 2881/2824/2492
f 2224/2779/2493 2558/2778/2493 3005/2826/2493 2575/2796/2493
f 2558/2778/2494 2231/2775/2494 2581/2822/2494 3005/2826/2494
f 3005/2826/2495 2581/2822/2495 2239/2825/2495 2573/2827/2495
f 2575/2796/2496 3005/2826/2496 2573/2827/2496 2232/2797/2496
f 2237/2815/2497 2571/2814/2497 3006/2828/2497 2589/2829/2497
f 2571/2814/2498 2236/2811/2498 2590/2830/2498 3006/2828/2498
f 3006/2828/2499 2590/2830/2499 2244/2831/2499 2586/2832/2499
f 2589/2829/2500 3006/2828/2500 2586/2832/2500 2245/2833/2500
f 2238/2819/2501 2572/2818/2501 3007/2834/2501 2591/2835/2501
f 2572/2818/2502 2237/2815/2502 2589/2829/2502 3007/2834/2502
f 3007/2834/2503 2589/2829/2503 2245/2833/2503 2587/2836/2503
f 2591/2835/2504 3007/2834/2504 2587/2836/2504 2246/2837/2504
f 2239/2825/2505 2881/2838/2505 3008/2839/2505 2592/2840/2505
f 2312/2841/2506 2882/2842/2506 3008/2839/2506 2881/2838/2506
f 2247/2843/2507 2592/2840/2507 3008/2839/2507 2882/2842/2507
f 2232/2797/2508 2573/2827/2508 3009/2844/2508 2593/2845/2508
f 2573/2827/2509 2239/2825/2509 2592/2840/2509 3009/2844/2509
f 3009/2844/2510 2592/2840/2510 2247/2843/2510 2588/2846/2510
f 2593/2845/2511 3009/2844/2511 2588/2846/2511 2240/2847/2511
f 2233/2799/2512 2567/2798/2512 3010/2848/2512 2594/2849/2512
f 2567/2798/2513 2232/2797/2513 2593/2845/2513 3010/2848/2513
f 3010/2848/2514 2593/2845/2514 2240/2847/2514 2582/2850/2514
f 2594/2849/2515 3010/2848/2515 2582/2850/2515 2241/2851/2515
f 2234/2803/2516 2568/2802/2516 3011/2852/2516 2595/2853/2516
f 2568/2802/2517 2233/2799/2517 2594/2849/2517 3011/2852/2517
f 3011/2852/2518 2594/2849/2518 2241/2851/2518 2583/2854/2518
f 2595/2853/2519 3011/2852/2519 2583/2854/2519 2242/2855/2519
f 2235/2807/2520 2569/2806/2520 3012/2856/2520 2596/2857/2520
f 2569/2806/2521 2234/2803/2521 2595/2853/2521 3012/2856/2521
f 3012/2856/2522 2595/2853/2522 2242/2855/2522 2584/2858/2522
f 2596/2857/2523 3012/2856/2523 2584/2858/2523 2243/2859/2523
f 2236/2811/2524 2570/2810/2524 3013/2860/2524 2590/2830/2524
f 2570/2810/2525 2235/2807/2525 2596/2857/2525 3013/2860/2525
f 3013/2860/2526 2596/2857/2526 2243/2859/2526 2585/2861/2526
f 2590/2830/2527 3013/2860/2527 2585/2861/2527 2244/2831/2527
f 2242/2855/2528 2583/2854/2528 3014/2862/2528 2604/2863/2528
f 2583/2854/2529 2241/2851/2529 2605/2864/2529 3014/2862/2529
f 3014/2862/2530 2605/2864/2530 2249/2865/2530 2598/2866/2530
f 2604/2863/2531 3014/2862/2531 2598/2866/2531 2250/2867/2531
f 2243/2859/2532 2584/2858/2532 3015/2868/2532 2606/2869/2532
f 2584/2858/2533 2242/2855/2533 2604/2863/2533 3015/2868/2533
f 3015/2868/2534 2604/2863/2534 2250/2867/2534 2599/2870/2534
f 2606/2869/2535 3015/2868/2535 2599/2870/2535 2251/2871/2535
f 2244/2831/2536 2585/2861/2536 3016/2872/2536 2607/2873/2536
f 2585/2861/2537 2243/2859/2537 2606/2869/2537 3016/2872/2537
f 3016/2872/2538 2606/2869/2538 2251/2871/2538 2600/2874/2538
f 2607/2873/2539 3016/2872/2539 2600/2874/2539 2252/2875/2539
f 2245/2833/2540 2586/2832/2540 3017/2876/2540 2608/2877/2540
f 2586/2832/2541 2244/2831/2541 2607/2873/2541 3017/2876/2541
f 3017/2876/2542 2607/2873/2542 2252/2875/2542 2601/2878/2542
f 2608/2877/2543 3017/2876/2543 2601/2878/2543 2253/2879/2543
f 2246/2837/2544 2587/2836/2544 3018/2880/2544 2609/2881/2544
f 2587/2836/2545 2245/2833/2545 2608/2877/2545 3018/2880/2545
f 3018/2880/2546 2608/2877/2546 2253/2879/2546 2602/2882/2546
f 2609/2881/2547 3018/2880/2547 2602/2882/2547 2254/2883/2547
f 2247/2843/2548 2882/2884/2548 3019/2885/2548 2610/2886/2548
f 2312/2887/2549 2883/2888/2549 3019/2885/2549 2882/2884/2549
f 2255/2889/2550 2610/2886/2550 3019/2885/2550 2883/2888/2550
f 2240/2847/2551 2588/2846/2551 3020/2890/2551 2611/2891/2551
f 2588/2846/2552 2247/2843/2552 2610/2886/2552 3020/2890/2552
f 3020/2890/2553 2610/2886/2553 2255/2889/2553 2603/2892/2553
f 2611/2891/2554 3020/2890/2554 2603/2892/2554 2248/2893/2554
f 2241/2851/2555 2582/2850/2555 3021/2894/2555 2605/2864/2555
f 2582/2850/2556 2240/2847/2556 2611/2891/2556 3021/2894/2556
f 3021/2894/2557 2611/2891/2557 2248/2893/2557 2597/2895/2557
f 2605/2864/2558 3021/2894/2558 2597/2895/2558 2249/2865/2558
f 2254/2883/2559 2602/2882/2559 3022/2896/2559 2619/2897/2559
f 2602/2882/2560 2253/2879/2560 2620/2898/2560 3022/2896/2560
f 3022/2896/2561 2620/2898/2561 2261/2899/2561 2617/2900/2561
f 2619/2897/2562 3022/2896/2562 2617/2900/2562 2262/2901/2562
f 2255/2889/2563 2883/2902/2563 3023/2903/2563 2621/2904/2563
f 2312/2905/2564 2884/2906/2564 3023/2903/2564 2883/2902/2564
f 2263/2907/2565 2621/2904/2565 3023/2903/2565 2884/2906/2565
f 2248/2893/2566 2603/2892/2566 3024/2908/2566 2622/2909/2566
f 2603/2892/2567 2255/2889/2567 2621/2904/2567 3024/2908/2567
f 3024/2908/2568 2621/2904/2568 2263/2907/2568 2618/2910/2568
f 2622/2909/2569 3024/2908/2569 2618/2910/2569 2256/2911/2569
f 2249/2865/2570 2597/2895/2570 3025/2912/2570 2623/2913/2570
f 2597/2895/2571 2248/2893/2571 2622/2909/2571 3025/2912/2571
f 3025/2912/2572 2622/2909/2572 2256/2911/2572 2612/2914/2572
f 2623/2913/2573 3025/2912/2573 2612/2914/2573 2257/2915/2573
f 2250/2867/2574 2598/2866/2574 3026/2916/2574 2624/2917/2574
f 2598/2866/2575 2249/2865/2575 2623/2913/2575 3026/2916/2575
f 3026/2916/2576 2623/2913/2576 2257/2915/2576 2613/2918/2576
f 2624/2917/2577 3026/2916/2577 2613/2918/2577 2258/2919/2577
f 2251/2871/2578 2599/2870/2578 3027/2920/2578 2625/2921/2578
f 2599/2870/2579 2250/2867/2579 2624/2917/2579 3027/2920/2579
f 3027/2920/2580 2624/2917/2580 2258/2919/2580 2614/2922/2580
f 2625/2921/2581 3027/2920/2581 2614/2922/2581 2259/2923/2581
f 2252/2875/2582 2600/2874/2582 3028/2924/2582 2626/2925/2582
f 2600/2874/2583 2251/2871/2583 2625/2921/2583 3028/2924/2583
f 3028/2924/2584 2625/2921/2584 2259/2923/2584 2615/2926/2584
f 2626/2925/2585 3028/2924/2585 2615/2926/2585 2260/2927/2585
f 2253/2879/2586 2601/2878/2586 3029/2928/2586 2620/2898/2586
f 2601/2878/2587 2252/2875/2587 2626/2925/2587 3029/2928/2587
f 3029/2928/2588 2626/2925/2588 2260/2927/2588 2616/2929/2588
f 2620/2898/2589 3029/2928/2589 2616/2929/2589 2261/2899/2589
f 2258/2919/2590 2613/2918/2590 3030/2930/2590 2634/2931/2590
f 2613/2918/2591 2257/2915/2591 2635/2932/2591 3030/2930/2591
f 3030/2930/2592 2635/2932/2592 2265/2933/2592 2628/2934/2592
f 2634/2931/2593 3030/2930/2593 2628/2934/2593 2266/2935/2593
f 2259/2923/2594 2614/2922/2594 3031/2936/2594 2636/2937/2594
f 2614/2922/2595 2258/2919/2595 2634/2931/2595 3031/2936/2595
f 3031/2936/2596 2634/2931/2596 2266/2935/2596 2629/2938/2596
f 2636/2937/2597 3031/2936/2597 2629/2938/2597 2267/2939/2597
f 2260/2927/2598 2615/2926/2598 3032/2940/2598 2637/2941/2598
f 2615/2926/2599 2259/2923/2599 2636/2937/2599 3032/2940/2599
f 3032/2940/2600 2636/2937/2600 2267/2939/2600 2630/2942/2600
f 2637/2941/2601 3032/2940/2601 2630/2942/2601 2268/2943/2601
f 2261/2899/2602 2616/2929/2602 3033/2944/2602 2638/2945/2602
f 2616/2929/2603 2260/2927/2603 2637/2941/2603 3033/2944/2603
f 3033/2944/2604 2637/2941/2604 2268/2943/2604 2631/2946/2604
f 2638/2945/2605 3033/2944/2605 2631/2946/2605 2269/2947/2605
f 2262/2901/2606 2617/2900/2606 3034/2948/2606 2639/2949/2606
f 2617/2900/2607 2261/2899/2607 2638/2945/2607 3034/2948/2607
f 3034/2948/2608 2638/2945/2608 2269/2947/2608 2632/2950/2608
f 2639/2949/2609 3034/2948/2609 2632/2950/2609 2270/2951/2609
f 2263/2907/2610 2884/2952/2610 3035/2953/2610 2640/2954/2610
f 2312/2955/2611 2885/2956/2611 3035/2953/2611 2884/2952/2611
f 2271/2957/2612 2640/2954/2612 3035/2953/2612 2885/2956/2612
f 2256/2911/2613 2618/2910/2613 3036/2958/2613 2641/2959/2613
f 2618/2910/2614 2263/2907/2614 2640/2954/2614 3036/2958/2614
f 3036/2958/2615 2640/2954/2615 2271/2957/2615 2633/2960/2615
f 2641/2959/2616 3036/2958/2616 2633/2960/2616 2264/2961/2616
f 2257/2915/2617 2612/2914/2617 3037/2962/2617 2635/2932/2617
f 2612/2914/2618 2256/2911/2618 2641/2959/2618 3037/2962/2618
f 3037/2962/2619 2641/2959/2619 2264/2961/2619 2627/2963/2619
f 2635/2932/2620 3037/2962/2620 2627/2963/2620 2265/2933/2620
f 2270/2951/2621 2632/2950/2621 3038/2964/2621 2649/2965/2621
f 2632/2950/2622 2269/2947/2622 2650/2966/2622 3038/2964/2622
f 3038/2964/2623 2650/2966/2623 2277/2967/2623 2647/2968/2623
f 2649/2965/2624 3038/2964/2624 2647/2968/2624 2278/2969/2624
f 2271/2957/2625 2885/2970/2625 3039/2971/2625 2651/2972/2625
f 2312/2973/2626 2886/2974/2626 3039/2971/2626 2885/2970/2626
f 2279/2975/2627 2651/2972/2627 3039/2971/2627 2886/2974/2627
f 2264/2961/2628 2633/2960/2628 3040/2976/2628 2652/2977/2628
f 2633/2960/2629 2271/2957/2629 2651/2972/2629 3040/2976/2629
f 3040/2976/2630 2651/2972/2630 2279/2975/2630 2648/2978/2630
f 2652/2977/2631 3040/2976/2631 2648/2978/2631 2272/2979/2631
f 2265/2933/2632 2627/2963/2632 3041/2980/2632 2653/2981/2632
f 2627/2963/2633 2264/2961/2633 2652/2977/2633 3041/2980/2633
f 3041/2980/2634 2652/2977/2634 2272/2979/2634 2642/2982/2634
f 2653/2981/2635 3041/2980/2635 2642/2982/2635 2273/2983/2635
f 2266/2935/2636 2628/2934/2636 3042/2984/2636 2654/2985/2636
f 2628/2934/2637 2265/2933/2637 2653/2981/2637 3042/2984/2637
f 3042/2984/2638 2653/2981/2638 2273/2983/2638 2643/2986/2638
f 2654/2985/2639 3042/2984/2639 2643/2986/2639 2274/2987/2639
f 2267/2939/2640 2629/2938/2640 3043/2988/2640 2655/2989/2640
f 2629/2938/2641 2266/2935/2641 2654/2985/2641 3043/2988/2641
f 3043/2988/2642 2654/2985/2642 2274/2987/2642 2644/2990/2642
f 2655/2989/2643 3043/2988/2643 2644/2990/2643 2275/2991/2643
f 2268/2943/2644 2630/2942/2644 3044/2992/2644 2656/2993/2644
f 2630/2942/2645 2267/2939/2645 2655/2989/2645 3044/2992/2645
f 3044/2992/2646 2655/2989/2646 2275/2991/2646 2645/2994/2646
f 2656/2993/2647 3044/2992/2647 2645/2994/2647 2276/2995/2647
f 2269/2947/2648 2631/2946/2648 3045/2996/2648 2650/2966/2648
f 2631/2946/2649 2268/2943/2649 2656/2993/2649 3045/2996/2649
f 3045/2996/2650 2656/2993/2650 2276/2995/2650 2646/2997/2650
f 2650/2966/2651 3045/2996/2651 2646/2997/2651 2277/2967/2651
f 2275/2991/2652 2644/2990/2652 3046/2998/2652 2664/2999/2652
f 2644/2990/2653 2274/2987/2653 2665/3000/2653 3046/2998/2653
f 3046/2998/2654 2665/3000/2654 2282/3001/2654 2659/3002/2654
f 2664/2999/2655 3046/2998/2655 2659/3002/2655 2283/3003/2655
f 2276/2995/2656 2645/2994/2656 3047/3004/2656 2666/3005/2656
f 2645/2994/2657 2275/2991/2657 2664/2999/2657 3047/3004/2657
f 3047/3004/2658 2664/2999/2658 2283/3003/2658 2660/3006/2658
f 2666/3005/2659 3047/3004/2659 2660/3006/2659 2284/3007/2659
f 2277/2967/2660 2646/2997/2660 3048/3008/2660 2667/3009/2660
f 2646/2997/2661 2276/2995/2661 2666/3005/2661 3048/3008/2661
f 3048/3008/2662 2666/3005/2662 2284/3007/2662 2661/3010/2662
f 2667/3009/2663 3048/3008/2663 2661/3010/2663 2285/3011/2663
f 2278/2969/2664 2647/2968/2664 3049/3012/2664 2668/3013/2664
f 2647/2968/2665 2277/2967/2665 2667/3009/2665 3049/3012/2665
f 3049/3012/2666 2667/3009/2666 2285/3011/2666 2662/3014/2666
f 2668/3013/2667 3049/3012/2667 2662/3014/2667 2286/3015/2667
f 2279/2975/2668 2886/3016/2668 3050/3017/2668 2669/3018/2668
f 2312/3019/2669 2887/3020/2669 3050/3017/2669 2886/3016/2669
f 2287/3021/2670 2669/3018/2670 3050/3017/2670 2887/3020/2670
f 2272/2979/2671 2648/2978/2671 3051/3022/2671 2670/3023/2671
f 2648/2978/2672 2279/2975/2672 2669/3018/2672 3051/3022/2672
f 3051/3022/2673 2669/3018/2673 2287/3021/2673 2663/3024/2673
f 2670/3023/2674 3051/3022/2674 2663/3024/2674 2280/3025/2674
f 2273/2983/2675 2642/2982/2675 3052/3026/2675 2671/3027/2675
f 2642/2982/2676 2272/2979/2676 2670/3023/2676 3052/3026/2676
f 3052/3026/2677 2670/3023/2677 2280/3025/2677 2657/3028/2677
f 2671/3027/2678 3052/3026/2678 2657/3028/2678 2281/3029/2678
f 2274/2987/2679 2643/2986/2679 3053/3030/2679 2665/3000/2679
f 2643/2986/2680 2273/2983/2680 2671/3027/2680 3053/3030/2680
f 3053/3030/2681 2671/3027/2681 2281/3029/2681 2658/3031/2681
f 2665/3000/2682 3053/3030/2682 2658/3031/2682 2282/3001/2682
f 2287/3021/2683 2887/3032/2683 3054/3033/2683 2680/3034/2683
f 2312/3035/2684 2888/3036/2684 3054/3033/2684 2887/3032/2684
f 2295/3037/2685 2680/3034/2685 3054/3033/2685 2888/3036/2685
f 2280/3025/2686 2663/3024/2686 3055/3038/2686 2681/3039/2686
f 2663/3024/2687 2287/3021/2687 2680/3034/2687 3055/3038/2687
f 3055/3038/2688 2680/3034/2688 2295/3037/2688 2678/3040/2688
f 2681/3039/2689 3055/3038/2689 2678/3040/2689 2288/3041/2689
f 2281/3029/2690 2657/3028/2690 3056/3042/2690 2682/3043/2690
f 2657/3028/2691 2280/3025/2691 2681/3039/2691 3056/3042/2691
f 3056/3042/2692 2681/3039/2692 2288/3041/2692 2672/3044/2692
f 2682/3043/2693 3056/3042/2693 2672/3044/2693 2289/3045/2693
f 2282/3001/2694 2658/3031/2694 3057/3046/2694 2683/3047/2694
f 2658/3031/2695 2281/3029/2695 2682/3043/2695 3057/3046/2695
f 3057/3046/2696 2682/3043/2696 2289/3045/2696 2673/3048/2696
f 2683/3047/2697 3057/3046/2697 2673/3048/2697 2290/3049/2697
f 2283/3003/2698 2659/3002/2698 3058/3050/2698 2684/3051/2698
f 2659/3002/2699 2282/3001/2699 2683/3047/2699 3058/3050/2699
f 3058/3050/2700 2683/3047/2700 2290/3049/2700 2674/3052/2700
f 2684/3051/2701 3058/3050/2701 2674/3052/2701 2291/3053/2701
f 2284/3007/2702 2660/3006/2702 3059/3054/2702 2685/3055/2702
f 2660/3006/2703 2283/3003/2703 2684/3051/2703 3059/3054/2703
f 3059/3054/2704 2684/3051/2704 2291/3053/2704 2675/3056/2704
f 2685/3055/2705 3059/3054/2705 2675/3056/2705 2292/3057/2705
f 2285/3011/2706 2661/3010/2706 3060/3058/2706 2686/3059/2706
f 2661/3010/2707 2284/3007/2707 2685/3055/2707 3060/3058/2707
f 3060/3058/2708 2685/3055/2708 2292/3057/2708 2676/3060/2708
f 2686/3059/2709 3060/3058/2709 2676/3060/2709 2293/3061/2709
f 2286/3015/2710 2662/3014/2710 3061/3062/2710 2679/3063/2710
f 2662/3014/2711 2285/3011/2711 2686/3059/2711 3061/3062/2711
f 3061/3062/2712 2686/3059/2712 2293/3061/2712 2677/3064/2712
f 2679/3063/2713 3061/3062/2713 2677/3064/2713 2294/3065/2713
f 2292/3057/2714 2675/3056/2714 3062/3066/2714 2694/3067/2714
f 2675/3056/2715 2291/3053/2715 2695/3068/2715 3062/3066/2715
f 3062/3066/2716 2695/3068/2716 2299/3069/2716 2690/3070/2716
f 2694/3067/2717 3062/3066/2717 2690/3070/2717 2300/3071/2717
f 2293/3061/2718 2676/3060/2718 3063/3072/2718 2696/3073/2718
f 2676/3060/2719 2292/3057/2719 2694/3067/2719 3063/3072/2719
f 3063/3072/2720 2694/3067/2720 2300/3071/2720 2691/3074/2720
f 2696/3073/2721 3063/3072/2721 2691/3074/2721 2301/3075/2721
f 2294/3065/2722 2677/3064/2722 3064/3076/2722 2697/3077/2722
f 2677/3064/2723 2293/3061/2723 2696/3073/2723 3064/3076/2723
f 3064/3076/2724 2696/3073/2724 2301/3075/2724 2692/3078/2724
f 2697/3077/2725 3064/3076/2725 2692/3078/2725 2302/3079/2725
f 2295/3037/2726 2888/3080/2726 3065/3081/2726 2698/3082/2726
f 2312/3083/2727 2889/3084/2727 3065/3081/2727 2888/3080/2727
f 2303/3085/2728 2698/3082/2728 3065/3081/2728 2889/3084/2728
f 2288/3041/2729 2678/3040/2729 3066/3086/2729 2699/3087/2729
f 2678/3040/2730 2295/3037/2730 2698/3082/2730 3066/3086/2730
f 3066/3086/2731 2698/3082/2731 2303/3085/2731 2693/3088/2731
f 2699/3087/2732 3066/3086/2732 2693/3088/2732 2296/3089/2732
f 2289/3045/2733 2672/3044/2733 3067/3090/2733 2700/3091/2733
f 2672/3044/2734 2288/3041/2734 2699/3087/2734 3067/3090/2734
f 3067/3090/2735 2699/3087/2735 2296/3089/2735 2687/3092/2735
f 2700/3091/2736 3067/3090/2736 2687/3092/2736 2297/3093/2736
f 2290/3049/2737 2673/3048/2737 3068/3094/2737 2701/3095/2737
f 2673/3048/2738 2289/3045/2738 2700/3091/2738 3068/3094/2738
f 3068/3094/2739 2700/3091/2739 2297/3093/2739 2688/3096/2739
f 2701/3095/2740 3068/3094/2740 2688/3096/2740 2298/3097/2740
f 2291/3053/2741 2674/3052/2741 3069/3098/2741 2695/3068/2741
f 2674/3052/2742 2290/3049/2742 2701/3095/2742 3069/3098/2742
f 3069/3098/2743 2701/3095/2743 2298/3097/2743 2689/3099/2743
f 2695/3068/2744 3069/3098/2744 2689/3099/2744 2299/3069/2744
f 2303/3085/2745 2889/3100/2745 3070/3101/2745 2710/3102/2745
f 2312/3103/2746 2702/3104/2746 3070/3101/2746 2889/3100/2746
f 2311/3105/2747 2710/3102/2747 3070/3101/2747 2702/3104/2747
f 2296/3089/2748 2693/3088/2748 3071/3106/2748 2711/3107/2748
f 2693/3088/2749 2303/3085/2749 2710/3102/2749 3071/3106/2749
f 3071/3106/2750 2710/3102/2750 2311/3105/2750 2709/3108/2750
f 2711/3107/2751 3071/3106/2751 2709/3108/2751 2304/3109/2751
f 2297/3093/2752 2687/3092/2752 3072/3110/2752 2712/3111/2752
f 2687/3092/2753 2296/3089/2753 2711/3107/2753 3072/3110/2753
f 3072/3110/2754 2711/3107/2754 2304/3109/2754 2703/3112/2754
f 2712/3111/2755 3072/3110/2755 2703/3112/2755 2305/3113/2755
f 2298/3097/2756 2688/3096/2756 3073/3114/2756 2713/3115/2756
f 2688/3096/2757 2297/3093/2757 2712/3111/2757 3073/3114/2757
f 3073/3114/2758 2712/3111/2758 2305/3113/2758 2704/3116/2758
f 2713/3115/2759 3073/3114/2759 2704/3116/2759 2306/3117/2759
f 2299/3069/2760 2689/3099/2760 3074/3118/2760 2714/3119/2760
f 2689/3099/2761 2298/3097/2761 2713/3115/2761 3074/3118/2761
f 3074/3118/2762 2713/3115/2762 2306/3117/2762 2705/3120/2762
f 2714/3119/2763 3074/3118/2763 2705/3120/2763 2307/3121/2763
f 2300/3071/2764 2690/3070/2764 3075/3122/2764 2715/3123/2764
f 2690/3070/2765 2299/3069/2765 2714/3119/2765 3075/3122/2765
f 3075/3122/2766 2714/3119/2766 2307/3121/2766 2706/3124/2766
f 2715/3123/2767 3075/3122/2767 2706/3124/2767 2308/3125/2767
f 2301/3075/2768 2691/3074/2768 3076/3126/2768 2716/3127/2768
f 2691/3074/2769 2300/3071/2769 2715/3123/2769 3076/3126/2769
f 3076/3126/2770 2715/3123/2770 2308/3125/2770 2707/3128/2770
f 2716/3127/2771 3076/3126/2771 2707/3128/2771 2309/3129/2771
f 2302/3079/2772 2692/3078/2772 3077/3130/2772 2717/3131/2772
f 2692/3078/2773 2301/3075/2773 2716/3127/2773 3077/3130/2773
f 3077/3130/2774 2716/3127/2774 2309/3129/2774 2708/3132/2774
f 2717/3131/2775 3077/3130/2775 2708/3132/2775 2310/3133/2775
f 2308/3125/2776 2706/3124/2776 3078/3134/2776 2725/3135/2776
f 2706/3124/2777 2307/3121/2777 2726/3136/2777 3078/3134/2777
f 3078/3134/2778 2726/3136/2778 2316/3137/2778 2721/3138/2778
f 2725/3135/2779 3078/3134/2779 2721/3138/2779 2317/3139/2779
f 2309/3129/2780 2707/3128/2780 3079/3140/2780 2727/3141/2780
f 2707/3128/2781 2308/3125/2781 2725/3135/2781 3079/3140/2781
f 3079/3140/2782 2725/3135/2782 2317/3139/2782 2722/3142/2782
f 2727/3141/2783 3079/3140/2783 2722/3142/2783 2318/3143/2783
f 2310/3133/2784 2708/3132/2784 3080/3144/2784 2728/3145/2784
f 2708/3132/2785 2309/3129/2785 2727/3141/2785 3080/3144/2785
f 3080/3144/2786 2727/3141/2786 2318/3143/2786 2723/3146/2786
f 2728/3145/2787 3080/3144/2787 2723/3146/2787 2319/3147/2787
f 2311/3105/2788 2702/3148/2788 3081/3149/2788 2729/3150/2788
f 2312/3151/2789 2890/3152/2789 3081/3149/2789 2702/3148/2789
f 2320/3153/2790 2729/3150/2790 3081/3149/2790 2890/3152/2790
f 2304/3109/2791 2709/3108/2791 3082/3154/2791 2730/3155/2791
f 2709/3108/2792 2311/3105/2792 2729/3150/2792 3082/3154/2792
f 3082/3154/2793 2729/3150/2793 2320/3153/2793 2724/3156/2793
f 2730/3155/2794 3082/3154/2794 2724/3156/2794 2313/3157/2794
f 2305/3113/2795 2703/3112/2795 3083/3158/2795 2731/3159/2795
f 2703/3112/2796 2304/3109/2796 2730/3155/2796 3083/3158/2796
f 3083/3158/2797 2730/3155/2797 2313/3157/2797 2718/3160/2797
f 2731/3159/2798 3083/3158/2798 2718/3160/2798 2314/3161/2798
f 2306/3117/2799 2704/3116/2799 3084/3162/2799 2732/3163/2799
f 2704/3116/2800 2305/3113/2800 2731/3159/2800 3084/3162/2800
f 3084/3162/2801 2731/3159/2801 2314/3161/2801 2719/3164/2801
f 2732/3163/2802 3084/3162/2802 2719/3164/2802 2315/3165/2802
f 2307/3121/2803 2705/3120/2803 3085/3166/2803 2726/3136/2803
f 2705/3120/2804 2306/3117/2804 2732/3163/2804 3085/3166/2804
f 3085/3166/2805 2732/3163/2805 2315/3165/2805 2720/3167/2805
f 2726/3136/2806 3085/3166/2806 2720/3167/2806 2316/3137/2806
f 2314/3161/2807 2718/3160/2807 3086/3168/2807 2740/3169/2807
f 2718/3160/2808 2313/3157/2808 2741/3170/2808 3086/3168/2808
f 3086/3168/2809 2741/3170/2809 2321/3171/2809 2733/3172/2809
f 2740/3169/2810 3086/3168/2810 2733/3172/2810 2322/3173/2810
f 2315/3165/2811 2719/3164/2811 3087/3174/2811 2742/3175/2811
f 2719/3164/2812 2314/3161/2812 2740/3169/2812 3087/3174/2812
f 3087/3174/2813 2740/3169/2813 2322/3173/2813 2734/3176/2813
f 2742/3175/2814 3087/3174/2814 2734/3176/2814 2323/3177/2814
f 2316/3137/2815 2720/3167/2815 3088/3178/2815 2743/3179/2815
f 2720/3167/2816 2315/3165/2816 2742/3175/2816 3088/3178/2816
f 3088/3178/2817 2742/3175/2817 2323/3177/2817 2735/3180/2817
f 2743/3179/2818 3088/3178/2818 2735/3180/2818 2324/3181/2818
f 2317/3139/2819 2721/3138/2819 3089/3182/2819 2744/3183/2819
f 2721/3138/2820 2316/3137/2820 2743/3179/2820 3089/3182/2820
f 3089/3182/2821 2743/3179/2821 2324/3181/2821 2736/3184/2821
f 2744/3183/2822 3089/3182/2822 2736/3184/2822 2325/3185/2822
f 2318/3143/2823 2722/3142/2823 3090/3186/2823 2745/3187/2823
f 2722/3142/2824 2317/3139/2824 2744/3183/2824 3090/3186/2824
f 3090/3186/2825 2744/3183/2825 2325/3185/2825 2737/3188/2825
f 2745/3187/2826 3090/3186/2826 2737/3188/2826 2326/3189/2826
f 2319/3147/2827 2723/3146/2827 3091/3190/2827 2746/3191/2827
f 2723/3146/2828 2318/3143/2828 2745/3187/2828 3091/3190/2828
f 3091/3190/2829 2745/3187/2829 2326/3189/2829 2738/3192/2829
f 2746/3191/2830 3091/3190/2830 2738/3192/2830 2327/3193/2830
f 2320/3153/2831 2890/3194/2831 3092/3195/2831 2747/3196/2831
f 2312/3197/2832 2891/3198/2832 3092/3195/2832 2890/3194/2832
f 2328/3199/2833 2747/3196/2833 3092/3195/2833 2891/3198/2833
f 2313/3157/2834 2724/3156/2834 3093/3200/2834 2741/3170/2834
f 2724/3156/2835 2320/3153/2835 2747/3196/2835 3093/3200/2835
f 3093/3200/2836 2747/3196/2836 2328/3199/2836 2739/3201/2836
f 2741/3170/2837 3093/3200/2837 2739/3201/2837 2321/3171/2837
f 2326/3202/2838 2737/3203/2838 3094/3204/2838 2755/3205/2838
f 2737/3203/2839 2325/3206/2839 2756/3207/2839 3094/3204/2839
f 3094/3204/2840 2756/3207/2840 2333/3208/2840 2752/3209/2840
f 2755/3205/2841 3094/3204/2841 2752/3209/2841 2334/3210/2841
f 2327/3211/2842 2738/3212/2842 3095/3213/2842 2757/3214/2842
f 2738/3212/2843 2326/3202/2843 2755/3205/2843 3095/3213/2843
f 3095/3213/2844 2755/3205/2844 2334/3210/2844 2753/3215/2844
f 2757/3214/2845 3095/3213/2845 2753/3215/2845 2335/3216/2845
f 2328/3217/2846 2891/3218/2846 3096/3219/2846 2758/3220/2846
f 2312/3221/2847 2892/3222/2847 3096/3219/2847 2891/3218/2847
f 2336/3223/2848 2758/3220/2848 3096/3219/2848 2892/3222/2848
f 2321/3224/2849 2739/3225/2849 3097/3226/2849 2759/3227/2849
f 2739/3225/2850 2328/3217/2850 2758/3220/2850 3097/3226/2850
f 3097/3226/2851 2758/3220/2851 2336/3223/2851 2754/3228/2851
f 2759/3227/2852 3097/3226/2852 2754/3228/2852 2329/3229/2852
f 2322/3230/2853 2733/3231/2853 3098/3232/2853 2760/3233/2853
f 2733/3231/2854 2321/3224/2854 2759/3227/2854 3098/3232/2854
f 3098/3232/2855 2759/3227/2855 2329/3229/2855 2748/3234/2855
f 2760/3233/2856 3098/3232/2856 2748/3234/2856 2330/3235/2856
f 2323/3236/2857 2734/3237/2857 3099/3238/2857 2761/3239/2857
f 2734/3237/2858 2322/3230/2858 2760/3233/2858 3099/3238/2858
f 3099/3238/2859 2760/3233/2859 2330/3235/2859 2749/3240/2859
f 2761/3239/2860 3099/3238/2860 2749/3240/2860 2331/3241/2860
f 2324/3242/2861 2735/3243/2861 3100/3244/2861 2762/3245/2861
f 2735/3243/2862 2323/3236/2862 2761/3239/2862 3100/3244/2862
f 3100/3244/2863 2761/3239/2863 2331/3241/2863 2750/3246/2863
f 2762/3245/2864 3100/3244/2864 2750/3246/2864 2332/3247/2864
f 2325/3206/2865 2736/3248/2865 3101/3249/2865 2756/3207/2865
f 2736/3248/2866 2324/3242/2866 2762/3245/2866 3101/3249/2866
f 3101/3249/2867 2762/3245/2867 2332/3247/2867 2751/3250/2867
f 2756/3207/2868 3101/3249/2868 2751/3250/2868 2333/3208/2868
f 2330/3235/2869 2748/3234/2869 3102/3251/2869 2770/3252/2869
f 2748/3234/2870 2329/3229/2870 2771/3253/2870 3102/3251/2870
f 3102/3251/2871 2771/3253/2871 2337/3254/2871 2763/3255/2871
f 2770/3252/2872 3102/3251/2872 2763/3255/2872 2338/3256/2872
f 2331/3241/2873 2749/3240/2873 3103/3257/2873 2772/3258/2873
f 2749/3240/2874 2330/3235/2874 2770/3252/2874 3103/3257/2874
f 3103/3257/2875 2770/3252/2875 2338/3256/2875 2764/3259/2875
f 2772/3258/2876 3103/3257/2876 2764/3259/2876 2339/3260/2876
f 2332/3247/2877 2750/3246/2877 3104/3261/2877 2773/3262/2877
f 2750/3246/2878 2331/3241/2878 2772/3258/2878 3104/3261/2878
f 3104/3261/2879 2772/3258/2879 2339/3260/2879 2765/3263/2879
f 2773/3262/2880 3104/3261/2880 2765/3263/2880 2340/3264/2880
f 2333/3208/2881 2751/3250/2881 3105/3265/2881 2774/3266/2881
f 2751/3250/2882 2332/3247/2882 2773/3262/2882 3105/3265/2882
f 3105/3265/2883 2773/3262/2883 2340/3264/2883 2766/3267/2883
f 2774/3266/2884 3105/3265/2884 2766/3267/2884 2341/3268/2884
f 2334/3210/2885 2752/3209/2885 3106/3269/2885 2775/3270/2885
f 2752/3209/2886 2333/3208/2886 2774/3266/2886 3106/3269/2886
f 3106/3269/2887 2774/3266/2887 2341/3268/2887 2767/3271/2887
f 2775/3270/2888 3106/3269/2888 2767/3271/2888 2342/3272/2888
f 2335/3216/2889 2753/3215/2889 3107/3273/2889 2776/3274/2889
f 2753/3215/2890 2334/3210/2890 2775/3270/2890 3107/3273/2890
f 3107/3273/2891 2775/3270/2891 2342/3272/2891 2768/3275/2891
f 2776/3274/2892 3107/3273/2892 2768/3275/2892 2343/3276/2892
f 2336/3223/2893 2892/3277/2893 3108/3278/2893 2777/3279/2893
f 2312/3280/2894 2893/3281/2894 3108/3278/2894 2892/3277/2894
f 2344/3282/2895 2777/3279/2895 3108/3278/2895 2893/3281/2895
f 2329/3229/2896 2754/3228/2896 3109/3283/2896 2771/3253/2896
f 2754/3228/2897 2336/3223/2897 2777/3279/2897 3109/3283/2897
f 3109/3283/2898 2777/3279/2898 2344/3282/2898 2769/3284/2898
f 2771/3253/2899 3109/3283/2899 2769/3284/2899 2337/3254/2899
f 2342/3272/2900 2767/3271/2900 3110/3285/2900 2785/3286/2900
f 2767/3271/2901 2341/3268/2901 2786/3287/2901 3110/3285/2901
f 3110/3285/2902 2786/3287/2902 2349/3288/2902 2782/3289/2902
f 2785/3286/2903 3110/3285/2903 2782/3289/2903 2350/3290/2903
f 2343/3276/2904 2768/3275/2904 3111/3291/2904 2787/3292/2904
f 2768/3275/2905 2342/3272/2905 2785/3286/2905 3111/3291/2905
f 3111/3291/2906 2785/3286/2906 2350/3290/2906 2783/3293/2906
f 2787/3292/2907 3111/3291/2907 2783/3293/2907 2351/3294/2907
f 2344/3282/2908 2893/3295/2908 3112/3296/2908 2788/3297/2908
f 2312/3298/2909 2894/3299/2909 3112/3296/2909 2893/3295/2909
f 2352/3300/2910 2788/3297/2910 3112/3296/2910 2894/3299/2910
f 2337/3254/2911 2769/3284/2911 3113/3301/2911 2789/3302/2911
f 2769/3284/2912 2344/3282/2912 2788/3297/2912 3113/3301/2912
f 3113/3301/2913 2788/3297/2913 2352/3300/2913 2784/3303/2913
f 2789/3302/2914 3113/3301/2914 2784/3303/2914 2345/3304/2914
f 2338/3256/2915 2763/3255/2915 3114/3305/2915 2790/3306/2915
f 2763/3255/2916 2337/3254/2916 2789/3302/2916 3114/3305/2916
f 3114/3305/2917 2789/3302/2917 2345/3304/2917 2778/3307/2917
f 2790/3306/2918 3114/3305/2918 2778/3307/2918 2346/3308/2918
f 2339/3260/2919 2764/3259/2919 3115/3309/2919 2791/3310/2919
f 2764/3259/2920 2338/3256/2920 2790/3306/2920 3115/3309/2920
f 3115/3309/2921 2790/3306/2921 2346/3308/2921 2779/3311/2921
f 2791/3310/2922 3115/3309/2922 2779/3311/2922 2347/3312/2922
f 2340/3264/2923 2765/3263/2923 3116/3313/2923 2792/3314/2923
f 2765/3263/2924 2339/3260/2924 2791/3310/2924 3116/3313/2924
f 3116/3313/2925 2791/3310/2925 2347/3312/2925 2780/3315/2925
f 2792/3314/2926 3116/3313/2926 2780/3315/2926 2348/3316/2926
f 2341/3268/2927 2766/3267/2927 3117/3317/2927 2786/3287/2927
f 2766/3267/2928 2340/3264/2928 2792/3314/2928 3117/3317/2928
f 3117/3317/2929 2792/3314/2929 2348/3316/2929 2781/3318/2929
f 2786/3287/2930 3117/3317/2930 2781/3318/2930 2349/3288/2930
f 2347/3312/2931 2779/3311/2931 3118/3319/2931 2800/3320/2931
f 2779/3311/2932 2346/3308/2932 2801/3321/2932 3118/3319/2932
f 3118/3319/2933 2801/3321/2933 2354/3322/2933 2794/3323/2933
f 2800/3320/2934 3118/3319/2934 2794/3323/2934 2355/3324/2934
f 2348/3316/2935 2780/3315/2935 3119/3325/2935 2802/3326/2935
f 2780/3315/2936 2347/3312/2936 2800/3320/2936 3119/3325/2936
f 3119/3325/2937 2800/3320/2937 2355/3324/2937 2795/3327/2937
f 2802/3326/2938 3119/3325/2938 2795/3327/2938 2356/3328/2938
f 2349/3288/2939 2781/3318/2939 3120/3329/2939 2803/3330/2939
f 2781/3318/2940 2348/3316/2940 2802/3326/2940 3120/3329/2940
f 3120/3329/2941 2802/3326/2941 2356/3328/2941 2796/3331/2941
f 2803/3330/2942 3120/3329/2942 2796/3331/2942 2357/3332/2942
f 2350/3290/2943 2782/3289/2943 3121/3333/2943 2804/3334/2943
f 2782/3289/2944 2349/3288/2944 2803/3330/2944 3121/3333/2944
f 3121/3333/2945 2803/3330/2945 2357/3332/2945 2797/3335/2945
f 2804/3334/2946 3121/3333/2946 2797/3335/2946 2358/3336/2946
f 2351/3294/2947 2783/3293/2947 3122/3337/2947 2805/3338/2947
f 2783/3293/2948 2350/3290/2948 2804/3334/2948 3122/3337/2948
f 3122/3337/2949 2804/3334/2949 2358/3336/2949 2798/3339/2949
f 2805/3338/2950 3122/3337/2950 2798/3339/2950 2359/3340/2950
f 2352/3300/2951 2894/3341/2951 3123/3342/2951 2806/3343/2951
f 2312/3344/2952 2895/3345/2952 3123/3342/2952 2894/3341/2952
f 2360/3346/2953 2806/3343/2953 3123/3342/2953 2895/3345/2953
f 2345/3304/2954 2784/3303/2954 3124/3347/2954 2807/3348/2954
f 2784/3303/2955 2352/3300/2955 2806/3343/2955 3124/3347/2955
f 3124/3347/2956 2806/3343/2956 2360/3346/2956 2799/3349/2956
f 2807/3348/2957 3124/3347/2957 2799/3349/2957 2353/3350/2957
f 2346/3308/2958 2778/3307/2958 3125/3351/2958 2801/3321/2958
f 2778/3307/2959 2345/3304/2959 2807/3348/2959 3125/3351/2959
f 3125/3351/2960 2807/3348/2960 2353/3350/2960 2793/3352/2960
f 2801/3321/2961 3125/3351/2961 2793/3352/2961 2354/3322/2961
f 2359/3340/2962 2798/3339/2962 3126/3353/2962 2815/3354/2962
f 2798/3339/2963 2358/3336/2963 2816/3355/2963 3126/3353/2963
f 3126/3353/2964 2816/3355/2964 2366/3356/2964 2813/3357/2964
f 2815/3354/2965 3126/3353/2965 2813/3357/2965 2367/3358/2965
f 2360/3346/2966 2895/3359/2966 3127/3360/2966 2817/3361/2966
f 2312/3362/2967 2896/3363/2967 3127/3360/2967 2895/3359/2967
f 2368/3364/2968 2817/3361/2968 3127/3360/2968 2896/3363/2968
f 2353/3350/2969 2799/3349/2969 3128/3365/2969 2818/3366/2969
f 2799/3349/2970 2360/3346/2970 2817/3361/2970 3128/3365/2970
f 3128/3365/2971 2817/3361/2971 2368/3364/2971 2814/3367/2971
f 2818/3366/2972 3128/3365/2972 2814/3367/2972 2361/3368/2972
f 2354/3322/2973 2793/3352/2973 3129/3369/2973 2819/3370/2973
f 2793/3352/2974 2353/3350/2974 2818/3366/2974 3129/3369/2974
f 3129/3369/2975 2818/3366/2975 2361/3368/2975 2808/3371/2975
f 2819/3370/2976 3129/3369/2976 2808/3371/2976 2362/3372/2976
f 2355/3324/2977 2794/3323/2977 3130/3373/2977 2820/3374/2977
f 2794/3323/2978 2354/3322/2978 2819/3370/2978 3130/3373/2978
f 3130/3373/2979 2819/3370/2979 2362/3372/2979 2809/3375/2979
f 2820/3374/2980 3130/3373/2980 2809/3375/2980 2363/3376/2980
f 2356/3328/2981 2795/3327/2981 3131/3377/2981 2821/3378/2981
f 2795/3327/2982 2355/3324/2982 2820/3374/2982 3131/3377/2982
f 3131/3377/2983 2820/3374/2983 2363/3376/2983 2810/3379/2983
f 2821/3378/2984 3131/3377/2984 2810/3379/2984 2364/3380/2984
f 2357/3332/2985 2796/3331/2985 3132/3381/2985 2822/3382/2985
f 2796/3331/2986 2356/3328/2986 2821/3378/2986 3132/3381/2986
f 3132/3381/2987 2821/3378/2987 2364/3380/2987 2811/3383/2987
f 2822/3382/2988 3132/3381/2988 2811/3383/2988 2365/3384/2988
f 2358/3336/2989 2797/3335/2989 3133/3385/2989 2816/3355/2989
f 2797/3335/2990 2357/3332/2990 2822/3382/2990 3133/3385/2990
f 3133/3385/2991 2822/3382/2991 2365/3384/2991 2812/3386/2991
f 2816/3355/2992 3133/3385/2992 2812/3386/2992 2366/3356/2992
f 2364/3380/2993 2810/3379/2993 3134/3387/2993 2830/3388/2993
f 2810/3379/2994 2363/3376/2994 2831/3389/2994 3134/3387/2994
f 3134/3387/2995 2831/3389/2995 2371/3390/2995 2825/3391/2995
f 2830/3388/2996 3134/3387/2996 2825/3391/2996 2372/3392/2996
f 2365/3384/2997 2811/3383/2997 3135/3393/2997 2832/3394/2997
f 2811/3383/2998 2364/3380/2998 2830/3388/2998 3135/3393/2998
f 3135/3393/2999 2830/3388/2999 2372/3392/2999 2826/3395/2999
f 2832/3394/3000 3135/3393/3000 2826/3395/3000 2373/3396/3000
f 2366/3356/3001 2812/3386/3001 3136/3397/3001 2833/3398/3001
f 2812/3386/3002 2365/3384/3002 2832/3394/3002 3136/3397/3002
f 3136/3397/3003 2832/3394/3003 2373/3396/3003 2827/3399/3003
f 2833/3398/3004 3136/3397/3004 2827/3399/3004 2374/3400/3004
f 2367/3358/3005 2813/3357/3005 3137/3401/3005 2834/3402/3005
f 2813/3357/3006 2366/3356/3006 2833/3398/3006 3137/3401/3006
f 3137/3401/3007 2833/3398/3007 2374/3400/3007 2828/3403/3007
f 2834/3402/3008 3137/3401/3008 2828/3403/3008 2375/3404/3008
f 2368/3364/3009 2896/3405/3009 3138/3406/3009 2835/3407/3009
f 2312/3408/3010 2897/3409/3010 3138/3406/3010 2896/3405/3010
f 2376/3410/3011 2835/3407/3011 3138/3406/3011 2897/3409/3011
f 2361/3368/3012 2814/3367/3012 3139/3411/3012 2836/3412/3012
f 2814/3367/3013 2368/3364/3013 2835/3407/3013 3139/3411/3013
f 3139/3411/3014 2835/3407/3014 2376/3410/3014 2829/3413/3014
f 2836/3412/3015 3139/3411/3015 2829/3413/3015 2369/3414/3015
f 2362/3372/3016 2808/3371/3016 3140/3415/3016 2837/3416/3016
f 2808/3371/3017 2361/3368/3017 2836/3412/3017 3140/3415/3017
f 3140/3415/3018 2836/3412/3018 2369/3414/3018 2823/3417/3018
f 2837/3416/3019 3140/3415/3019 2823/3417/3019 2370/3418/3019
f 2363/3376/3020 2809/3375/3020 3141/3419/3020 2831/3389/3020
f 2809/3375/3021 2362/3372/3021 2837/3416/3021 3141/3419/3021
f 3141/3419/3022 2837/3416/3022 2370/3418/3022 2824/3420/3022
f 2831/3389/3023 3141/3419/3023 2824/3420/3023 2371/3390/3023
f 2376/3410/3024 2897/3421/3024 3142/3422/3024 2846/3423/3024
f 2312/3424/3025 2898/3425/3025 3142/3422/3025 2897/3421/3025
f 2384/3426/3026 2846/3423/3026 3142/3422/3026 2898/3425/3026
f 2369/3414/3027 2829/3413/3027 3143/3427/3027 2847/3428/3027
f 2829/3413/3028 2376/3410/3028 2846/3423/3028 3143/3427/3028
f 3143/3427/3029 2846/3423/3029 2384/3426/3029 2844/3429/3029
f 2847/3428/3030 3143/3427/3030 2844/3429/3030 2377/3430/3030
f 2370/3418/3031 2823/3417/3031 3144/3431/3031 2848/3432/3031
f 2823/3417/3032 2369/3414/3032 2847/3428/3032 3144/3431/3032
f 3144/3431/3033 2847/3428/3033 2377/3430/3033 2838/3433/3033
f 2848/3432/3034 3144/3431/3034 2838/3433/3034 2378/3434/3034
f 2371/3390/3035 2824/3420/3035 3145/3435/3035 2849/3436/3035
f 2824/3420/3036 2370/3418/3036 2848/3432/3036 3145/3435/3036
f 3145/3435/3037 2848/3432/3037 2378/3434/3037 2839/3437/3037
f 2849/3436/3038 3145/3435/3038 2839/3437/3038 2379/3438/3038
f 2372/3392/3039 2825/3391/3039 3146/3439/3039 2850/3440/3039
f 2825/3391/3040 2371/3390/3040 2849/3436/3040 3146/3439/3040
f 3146/3439/3041 2849/3436/3041 2379/3438/3041 2840/3441/3041
f 2850/3440/3042 3146/3439/3042 2840/3441/3042 2380/3442/3042
f 2373/3396/3043 2826/3395/3043 3147/3443/3043 2851/3444/3043
f 2826/3395/3044 2372/3392/3044 2850/3440/3044 3147/3443/3044
f 3147/3443/3045 2850/3440/3045 2380/3442/3045 2841/3445/3045
f 2851/3444/3046 3147/3443/3046 2841/3445/3046 2381/3446/3046
f 2374/3400/3047 2827/3399/3047 3148/3447/3047 2852/3448/3047
f 2827/3399/3048 2373/3396/3048 2851/3444/3048 3148/3447/3048
f 3148/3447/3049 2851/3444/3049 2381/3446/3049 2842/3449/3049
f 2852/3448/3050 3148/3447/3050 2842/3449/3050 2382/3450/3050
f 2375/3404/3051 2828/3403/3051 3149/3451/3051 2845/3452/3051
f 2828/3403/3052 2374/3400/3052 2852/3448/3052 3149/3451/3052
f 3149/3451/3053 2852/3448/3053 2382/3450/3053 2843/3453/3053
f 2845/3452/3054 3149/3451/3054 2843/3453/3054 2383/3454/3054
f 2380/3442/3055 2840/3441/3055 3150/3455/3055 2899/3456/3055
f 2840/3441/3056 2379/3438/3056 2856/3457/3056 3150/3455/3056
f 3150/3455/3057 2856/3457/3057 2387/2382/3057 2863/2380/3057
f 2899/3456/3058 3150/3455/3058 2863/2380/3058 2142/2375/3058
f 2381/3446/3059 2841/3445/3059 3151/3458/3059 2900/3459/3059
f 2841/3445/3060 2380/3442/3060 2899/3456/3060 3151/3458/3060
f 3151/3458/3061 2899/3456/3061 2142/2375/3061 2397/2372/3061
f 2900/3459/3062 3151/3458/3062 2397/2372/3062 2141/2371/3062
f 2382/3450/3063 2842/3449/3063 3152/3460/3063 2901/3461/3063
f 2842/3449/3064 2381/3446/3064 2900/3459/3064 3152/3460/3064
f 3152/3460/3065 2900/3459/3065 2141/2371/3065 2396/2417/3065
f 2901/3461/3066 3152/3460/3066 2396/2417/3066 2140/2412/3066
f 2383/3454/3067 2843/3453/3067 3153/3462/3067 2857/3463/3067
f 2843/3453/3068 2382/3450/3068 2901/3461/3068 3153/3462/3068
f 3153/3462/3069 2901/3461/3069 2140/2412/3069 2862/2409/3069
f 2857/3463/3070 3153/3462/3070 2862/2409/3070 2388/2408/3070
f 2384/3426/3071 2898/3464/3071 3154/3465/3071 2858/3466/3071
f 2312/3467/3072 2864/3468/3072 3154/3465/3072 2898/3464/3072
f 2389/2400/3073 2858/3466/3073 3154/3465/3073 2864/3468/3073
f 2377/3430/3074 2844/3429/3074 3155/3469/3074 2859/3470/3074
f 2844/3429/3075 2384/3426/3075 2858/3466/3075 3155/3469/3075
f 3155/3469/3076 2858/3466/3076 2389/2400/3076 2855/2398/3076
f 2859/3470/3077 3155/3469/3077 2855/2398/3077 2385/2394/3077
f 2378/3434/3078 2838/3433/3078 3156/3471/3078 2860/3472/3078
f 2838/3433/3079 2377/3430/3079 2859/3470/3079 3156/3471/3079
f 3156/3471/3080 2859/3470/3080 2385/2394/3080 2853/2392/3080
f 2860/3472/3081 3156/3471/3081 2853/2392/3081 2386/2388/3081
f 2379/3438/3082 2839/3437/3082 3157/3473/3082 2856/3457/3082
f 2839/3437/3083 2378/3434/3083 2860/3472/3083 3157/3473/3083
f 3157/3473/3084 2860/3472/3084 2386/2388/3084 2854/2386/3084
f 2856/3457/3085 3157/3473/3085 2854/2386/3085 2387/2382/3085
g Cube.002_Cube.003
v 0.332441 1.386715 0.820573
v 0.454054 -0.109075 0.859200
v 0.572215 0.078490 1.345005
v -0.094114 0.446748 0.727804
v 1.443547 0.677433 1.010198
v 0.998787 1.021992 -0.001579
v 1.288628 0.163533 0.907721
v 0.101777 0.442228 1.190414
v 1.141685 1.088304 1.313539
v 0.688484 0.953148 1.461151
v 0.896705 0.769733 -0.114746
v 1.190438 0.387971 1.445424
v 0.172398 1.232738 0.432919
v 0.740314 1.353198 0.187660
v 0.554799 -0.028552 0.364348
v 0.224394 0.708078 0.170824
vn 0.8948 -0.3298 0.3010
vn 0.3175 -0.8818 0.3488
vn -0.3327 -0.3764 -0.8646
vn -0.8860 0.1339 -0.4438
vn -0.6593 -0.7092 -0.2496
vn -0.3632 -0.0750 0.9287
vn -0.1015 -0.1177 0.9878
vn -0.0926 0.4385 -0.8939
vn -0.4115 0.3511 -0.8411
vn 0.7547 0.6459 -0.1146
vn -0.6648 -0.4540 -0.5932
vn -0.6800 -0.6445 0.3496
vn 0.2745 0.9532 0.1264
vn -0.7513 0.3915 0.5313
vn -0.0535 0.8129 0.5799
vn 0.8805 -0.1709 -0.4421
vn 0.8014 0.1641 0.5752
vn 0.2504 0.1960 0.9481
vn -0.8968 0.3855 0.2171
vn -0.3004 0.9225 -0.2424
vn 0.5751 -0.5878 -0.5690
vn 0.3140 -0.9452 -0.0899
vt 0.353793 0.570506
vt 0.221212 0.626914
vt 0.229007 0.523868
vt 0.429000 0.143207
vt 0.503814 0.228458
vt 0.377938 0.402995
vt 0.375000 0.177643
vt 0.830749 0.500000
vt 0.778201 0.597763
vt 0.731400 0.563157
vt 0.750691 0.654040
vt 0.847688 0.615258
vt 0.875000 0.500000
vt 0.408549 0.899854
vt 0.476514 1.000000
vt 0.375000 1.000000
vt 0.225155 0.725252
vt 0.125000 0.700504
vt 0.552525 0.568757
vt 0.561099 0.485695
vt 0.570825 0.653041
vt 0.658516 0.626313
vt 0.361646 0.704347
vt 0.503386 0.092874
vt 0.586916 0.113140
vt 0.568511 0.851875
vt 0.578028 1.000000
vt 0.415981 0.799712
vt 0.655566 0.750930
vt 0.697420 0.668614
vt 0.606820 0.653373
vt 0.546763 0.301169
s 0
g Cube.002_Material.003
usemtl Material.003
f 3162/3474/3086 3169/3475/3086 3164/3476/3086
f 3160/3477/3087 3159/3478/3087 3164/3479/3087 3169/3480/3087
f 3172/3481/3088 3173/3482/3088 3168/3483/3088
f 3170/3484/3089 3173/3482/3089 3161/3485/3089
f 3159/3486/3090 3161/3485/3090 3172/3481/3090
f 3167/3487/3091 3165/3488/3091 3160/3489/3091
f 3169/3475/3092 3167/3490/3092 3160/3491/3092
f 3163/3492/3093 3168/3493/3093 3171/3494/3093
f 3173/3482/3094 3170/3484/3094 3171/3495/3094 3168/3483/3094
f 3162/3474/3095 3163/3492/3095 3171/3494/3095 3166/3496/3095
f 3172/3481/3096 3161/3485/3096 3173/3482/3096
f 3165/3497/3097 3161/3498/3097 3159/3478/3097 3160/3477/3097
f 3171/3494/3098 3158/3499/3098 3166/3496/3098
f 3158/3499/3099 3161/3500/3099 3165/3488/3099 3167/3487/3099
f 3167/3487/3100 3166/3501/3100 3158/3499/3100
f 3164/3479/3101 3168/3493/3101 3163/3492/3101 3162/3474/3101
f 3162/3474/3102 3166/3496/3102 3169/3475/3102
f 3166/3496/3103 3167/3490/3103 3169/3475/3103
f 3161/3485/3104 3158/3502/3104 3170/3503/3104
f 3158/3502/3105 3171/3504/3105 3170/3503/3105
f 3168/3493/3106 3164/3479/3106 3172/3505/3106
f 3164/3479/3107 3159/3478/3107 3172/3505/3107
g Cube.002_Cube.003
v 1.041780 -0.277959 -1.153248
v 1.246258 1.137586 0.243627
v 0.814767 0.634875 0.502090
v 1.837127 0.443807 -0.286438
v -0.221138 0.804046 -0.537019
v 0.735605 1.067675 -1.716852
v 0.144763 1.281053 -0.126981
v 1.370773 0.177871 0.112835
v -0.108916 0.022875 -0.573835
v 0.399373 -0.206879 -0.221481
v 0.978035 1.338834 -1.569378
v -0.059968 0.589832 0.188436
v 1.466718 0.092926 -1.342603
v 0.871929 0.474556 -1.795368
v 1.350939 1.513646 -0.314413
v 1.664466 0.816034 -1.112784
vn -0.8641 0.3970 0.3092
vn -0.2548 0.5258 0.8115
vn 0.6958 0.6535 -0.2978
vn 0.9461 -0.1714 -0.2749
vn 0.8244 0.3855 0.4144
vn -0.0035 -0.6509 0.7592
vn -0.2554 -0.5547 0.7919
vn 0.3369 0.1993 -0.9202
vn 0.6232 0.1033 -0.7752
vn -0.7631 -0.0842 -0.6408
vn 0.9104 0.4136 -0.0039
vn 0.6070 -0.0295 0.7942
vn -0.4742 -0.6310 -0.6140
vn 0.4108 -0.8866 0.2124
vn -0.3197 -0.9357 -0.1490
vn -0.6028 0.7301 -0.3220
vn -0.9738 -0.1480 0.1726
vn -0.6186 -0.6109 0.4941
vn 0.6617 -0.7495 0.0169
vn 0.1918 -0.6116 -0.7675
vn -0.2002 0.9767 -0.0766
vn -0.0756 0.8334 0.5474
vt 0.353793 0.570506
vt 0.221212 0.626914
vt 0.229007 0.523868
vt 0.429000 0.143207
vt 0.503814 0.228458
vt 0.377938 0.402995
vt 0.375000 0.177643
vt 0.830749 0.500000
vt 0.778201 0.597763
vt 0.731400 0.563157
vt 0.750691 0.654040
vt 0.847688 0.615258
vt 0.875000 0.500000
vt 0.408549 0.899854
vt 0.476514 1.000000
vt 0.375000 1.000000
vt 0.225155 0.725252
vt 0.125000 0.700504
vt 0.552525 0.568757
vt 0.561099 0.485695
vt 0.570825 0.653041
vt 0.658516 0.626313
vt 0.361646 0.704347
vt 0.503386 0.092874
vt 0.586916 0.113140
vt 0.568511 0.851875
vt 0.578028 1.000000
vt 0.415981 0.799712
vt 0.655566 0.750930
vt 0.697420 0.668614
vt 0.606820 0.653373
vt 0.546763 0.301169
s 0
g Cube.002_Material.003
usemtl Material.003
f 3178/3506/3108 3185/3507/3108 3180/3508/3108
f 3176/3509/3109 3175/3510/3109 3180/3511/3109 3185/3512/3109
f 3188/3513/3110 3189/3514/3110 3184/3515/3110
f 3186/3516/3111 3189/3514/3111 3177/3517/3111
f 3175/3518/3112 3177/3517/3112 3188/3513/3112
f 3183/3519/3113 3181/3520/3113 3176/3521/3113
f 3185/3507/3114 3183/3522/3114 3176/3523/3114
f 3179/3524/3115 3184/3525/3115 3187/3526/3115
f 3189/3514/3116 3186/3516/3116 3187/3527/3116 3184/3515/3116
f 3178/3506/3117 3179/3524/3117 3187/3526/3117 3182/3528/3117
f 3188/3513/3118 3177/3517/3118 3189/3514/3118
f 3181/3529/3119 3177/3530/3119 3175/3510/3119 3176/3509/3119
f 3187/3526/3120 3174/3531/3120 3182/3528/3120
f 3174/3531/3121 3177/3532/3121 3181/3520/3121 3183/3519/3121
f 3183/3519/3122 3182/3533/3122 3174/3531/3122
f 3180/3511/3123 3184/3525/3123 3179/3524/3123 3178/3506/3123
f 3178/3506/3124 3182/3528/3124 3185/3507/3124
f 3182/3528/3125 3183/3522/3125 3185/3507/3125
f 3177/3517/3126 3174/3534/3126 3186/3535/3126
f 3174/3534/3127 3187/3536/3127 3186/3535/3127
f 3184/3525/3128 3180/3511/3128 3188/3537/3128
f 3180/3511/3129 3175/3510/3129 3188/3537/3129
g Circle.003_Circle.003
v 0.073705 0.917962 -0.370538
v 0.107002 0.826144 -0.537937
v 0.136188 0.702578 -0.684664
v 0.160140 0.552012 -0.805080
v 0.177939 0.380232 -0.894557
v 0.188899 0.193841 -0.949657
v 0.193841 0.000000 -0.974503
v 0.000000 0.193841 -0.968262
v 0.000000 0.380232 -0.912083
v 0.000000 0.552012 -0.820853
v 0.038970 0.973792 -0.195917
v 0.144577 0.917962 -0.349039
v 0.209893 0.826144 -0.506726
v 0.267143 0.702578 -0.644940
v 0.314127 0.552012 -0.758369
v 0.349039 0.380232 -0.842655
v 0.370538 0.193841 -0.894557
v 0.380232 0.000000 -0.917962
v 0.076443 0.973792 -0.184550
v 0.209893 0.917962 -0.314127
v 0.304717 0.826144 -0.456041
v 0.387831 0.702578 -0.580431
v 0.456041 0.552012 -0.682514
v 0.506726 0.380232 -0.758369
v 0.537938 0.193841 -0.805080
v 0.552012 0.000000 -0.826144
v 0.110978 0.973792 -0.166091
v 0.267143 0.917962 -0.267143
v 0.387831 0.826144 -0.387831
v 0.493616 0.702578 -0.493616
v 0.580431 0.552012 -0.580431
v 0.644940 0.380232 -0.644940
v 0.684665 0.193841 -0.684664
v 0.702578 0.000000 -0.702578
v 0.141248 0.973792 -0.141248
v 0.314127 0.917962 -0.209893
v 0.456041 0.826144 -0.304717
v 0.580431 0.702578 -0.387831
v 0.682514 0.552012 -0.456041
v 0.758369 0.380232 -0.506726
v 0.805080 0.193841 -0.537937
v 0.826144 0.000000 -0.552012
v 0.166091 0.973792 -0.110978
v 0.349039 0.917962 -0.144577
v 0.506726 0.826144 -0.209893
v 0.644940 0.702578 -0.267143
v 0.758369 0.552012 -0.314127
v 0.842654 0.380232 -0.349039
v 0.894557 0.193841 -0.370538
v 0.917962 0.000000 -0.380232
v 0.184550 0.973792 -0.076443
v 0.370538 0.917962 -0.073705
v 0.537937 0.826144 -0.107002
v 0.684664 0.702578 -0.136188
v 0.805080 0.552012 -0.160140
v 0.894557 0.380232 -0.177939
v 0.949657 0.193841 -0.188898
v 0.974503 0.000000 -0.193841
v 0.195917 0.973792 -0.038970
v 0.377797 0.917962 0.000000
v 0.548476 0.826144 0.000000
v 0.698078 0.702578 0.000000
v 0.820853 0.552012 0.000000
v 0.912083 0.380232 -0.000000
v 0.968262 0.193841 0.000000
v 0.993595 0.000000 0.000000
v 0.199755 0.973792 0.000000
v 0.370538 0.917962 0.073705
v 0.537937 0.826144 0.107002
v 0.684664 0.702578 0.136188
v 0.805080 0.552012 0.160140
v 0.894557 0.380232 0.177939
v 0.949657 0.193841 0.188899
v 0.974503 0.000000 0.193841
v 0.195917 0.973792 0.038970
v 0.349039 0.917962 0.144577
v 0.506726 0.826144 0.209893
v 0.644940 0.702578 0.267143
v 0.758369 0.552012 0.314127
v 0.842654 0.380232 0.349039
v 0.894557 0.193841 0.370538
v 0.917962 0.000000 0.380232
v 0.184550 0.973792 0.076443
v 0.314127 0.917962 0.209893
v 0.456041 0.826144 0.304717
v 0.580431 0.702578 0.387831
v 0.682514 0.552012 0.456041
v 0.758369 0.380232 0.506726
v 0.805080 0.193841 0.537937
v 0.826144 0.000000 0.552012
v 0.166090 0.973792 0.110978
v 0.267143 0.917962 0.267143
v 0.387831 0.826144 0.387831
v 0.493616 0.702578 0.493616
v 0.580430 0.552012 0.580430
v 0.644940 0.380232 0.644940
v 0.684664 0.193841 0.684664
v 0.702577 0.000000 0.702578
v 0.141248 0.973792 0.141248
v 0.209893 0.917962 0.314127
v 0.304717 0.826144 0.456041
v 0.387831 0.702578 0.580430
v 0.456041 0.552012 0.682514
v 0.506726 0.380232 0.758369
v 0.537937 0.193841 0.805080
v 0.552011 0.000000 0.826144
v 0.110978 0.973792 0.166090
v 0.144577 0.917962 0.349039
v 0.209893 0.826144 0.506726
v 0.267143 0.702578 0.644940
v 0.314127 0.552012 0.758369
v 0.349039 0.380232 0.842654
v 0.370538 0.193841 0.894557
v 0.380232 0.000000 0.917962
v 0.076443 0.973792 0.184550
v 0.073704 0.917962 0.370538
v 0.107002 0.826144 0.537937
v 0.136188 0.702578 0.684664
v 0.160140 0.552012 0.805080
v 0.177938 0.380232 0.894557
v 0.188898 0.193841 0.949657
v 0.193840 0.000000 0.974503
v 0.038970 0.973792 0.195917
v -0.000000 0.917962 0.377797
v -0.000000 0.826144 0.548476
v -0.000000 0.702578 0.698078
v -0.000000 0.552012 0.820853
v -0.000000 0.380232 0.912082
v -0.000000 0.193841 0.968262
v -0.000000 0.000000 0.993595
v -0.000000 0.973792 0.199755
v -0.073705 0.917962 0.370538
v -0.107002 0.826144 0.537937
v -0.136188 0.702578 0.684664
v -0.160140 0.552012 0.805080
v -0.177938 0.380232 0.894557
v -0.188899 0.193841 0.949657
v -0.193841 0.000000 0.974503
v -0.038970 0.973792 0.195917
v -0.144577 0.917962 0.349039
v -0.209893 0.826144 0.506726
v -0.267143 0.702578 0.644940
v -0.314127 0.552012 0.758369
v -0.349039 0.380232 0.842654
v -0.370538 0.193841 0.894557
v -0.380232 0.000000 0.917961
v -0.076443 0.973792 0.184550
v -0.209893 0.917962 0.314127
v -0.304717 0.826144 0.456041
v -0.387831 0.702578 0.580430
v -0.456041 0.552012 0.682514
v -0.506726 0.380232 0.758369
v -0.537937 0.193841 0.805080
v -0.552012 0.000000 0.826143
v -0.110978 0.973792 0.166090
v -0.267143 0.917962 0.267143
v -0.387831 0.826144 0.387831
v -0.493615 0.702578 0.493615
v -0.580430 0.552012 0.580430
v -0.644940 0.380232 0.644940
v -0.684664 0.193841 0.684664
v -0.702578 0.000000 0.702577
v -0.141248 0.973792 0.141248
v -0.314127 0.917962 0.209893
v -0.456041 0.826144 0.304717
v -0.580430 0.702578 0.387831
v -0.682514 0.552012 0.456041
v -0.758369 0.380232 0.506726
v -0.805080 0.193841 0.537937
v -0.826144 0.000000 0.552011
v -0.166090 0.973792 0.110978
v -0.349039 0.917962 0.144577
v -0.506726 0.826144 0.209893
v -0.644940 0.702578 0.267143
v -0.758369 0.552012 0.314126
v -0.842654 0.380232 0.349039
v -0.894557 0.193841 0.370537
v -0.917962 0.000000 0.380232
v -0.184550 0.973792 0.076443
v 0.000000 0.997577 0.000000
v -0.370538 0.917962 0.073704
v -0.537937 0.826144 0.107002
v -0.684664 0.702578 0.136188
v -0.805080 0.552012 0.160140
v -0.894557 0.380232 0.177938
v -0.949657 0.193841 0.188898
v -0.974503 0.000000 0.193840
v -0.195917 0.973792 0.038970
v -0.377797 0.917962 -0.000000
v -0.548476 0.826144 -0.000000
v -0.698078 0.702578 -0.000000
v -0.820852 0.552012 -0.000000
v -0.912082 0.380232 -0.000000
v -0.968261 0.193841 -0.000000
v -0.993594 0.000000 -0.000000
v -0.199755 0.973792 -0.000000
v -0.370538 0.917962 -0.073705
v -0.537937 0.826144 -0.107002
v -0.684664 0.702578 -0.136188
v -0.805080 0.552012 -0.160140
v -0.894557 0.380232 -0.177939
v -0.949656 0.193841 -0.188899
v -0.974503 0.000000 -0.193841
v -0.195917 0.973792 -0.038970
v -0.349039 0.917962 -0.144577
v -0.506726 0.826144 -0.209893
v -0.644940 0.702578 -0.267143
v -0.758369 0.552012 -0.314127
v -0.842654 0.380232 -0.349039
v -0.894557 0.193841 -0.370538
v -0.917961 0.000000 -0.380232
v -0.184550 0.973792 -0.076443
v -0.314127 0.917962 -0.209893
v -0.456041 0.826144 -0.304717
v -0.580430 0.702578 -0.387831
v -0.682514 0.552012 -0.456041
v -0.758369 0.380232 -0.506726
v -0.805080 0.193841 -0.537937
v -0.826143 0.000000 -0.552012
v -0.166090 0.973792 -0.110978
v -0.267143 0.917962 -0.267143
v -0.387831 0.826144 -0.387831
v -0.493615 0.702578 -0.493615
v -0.580430 0.552012 -0.580430
v -0.644939 0.380232 -0.644940
v -0.684664 0.193841 -0.684664
v -0.702577 0.000000 -0.702577
v -0.141248 0.973792 -0.141248
v -0.209893 0.917962 -0.314127
v -0.304717 0.826144 -0.456041
v -0.387831 0.702578 -0.580430
v -0.456041 0.552012 -0.682514
v -0.506726 0.380232 -0.758369
v -0.537937 0.193841 -0.805080
v -0.552011 0.000000 -0.826144
v -0.110978 0.973792 -0.166090
v -0.144577 0.917962 -0.349039
v -0.209892 0.826144 -0.506726
v -0.267143 0.702578 -0.644940
v -0.314126 0.552012 -0.758369
v -0.349039 0.380232 -0.842654
v -0.370537 0.193841 -0.894557
v -0.380232 0.000000 -0.917961
v -0.076443 0.973792 -0.184550
v -0.073704 0.917962 -0.370538
v -0.107002 0.826144 -0.537937
v -0.136188 0.702578 -0.684664
v -0.160140 0.552012 -0.805080
v -0.177938 0.380232 -0.894557
v -0.188898 0.193841 -0.949656
v -0.193840 0.000000 -0.974503
v -0.038970 0.973792 -0.195917
v 0.000000 0.917962 -0.377797
v 0.000000 0.826144 -0.548476
v 0.000000 0.702578 -0.698078
v 0.000000 0.000000 -0.993594
v 0.000000 0.973792 -0.199755
v 0.090790 0.876269 -0.456434
v 0.122183 0.768056 -0.614256
v 0.148881 0.630328 -0.748474
v 0.169857 0.468376 -0.853927
v 0.184305 0.288424 -0.926565
v 0.191826 0.097389 -0.964376
v 0.000000 0.288424 -0.944718
v 0.000000 0.468376 -0.870657
v 0.056083 0.950719 -0.281948
v 0.089399 0.380232 -0.907687
v 0.080457 0.552012 -0.816897
v 0.094906 0.193841 -0.963596
v 0.178092 0.876269 -0.429951
v 0.239671 0.768056 -0.578617
v 0.292040 0.630328 -0.705047
v 0.333186 0.468376 -0.804382
v 0.361528 0.288424 -0.872805
v 0.376281 0.097389 -0.908422
v 0.110011 0.950719 -0.265589
v 0.238280 0.552012 -0.785504
v 0.202641 0.702578 -0.668016
v 0.264763 0.380232 -0.872805
v 0.281071 0.193841 -0.926565
v 0.288424 0.000000 -0.950808
v 0.058513 0.973614 -0.192890
v 0.159214 0.826144 -0.524857
v 0.109668 0.917962 -0.361528
v 0.258549 0.876269 -0.386946
v 0.347948 0.768056 -0.520741
v 0.423976 0.630328 -0.634525
v 0.483711 0.468376 -0.723925
v 0.524857 0.288424 -0.785504
v 0.546275 0.097389 -0.817558
v 0.159711 0.950719 -0.239024
v 0.468376 0.000000 -0.876269
v 0.456434 0.193841 -0.853927
v 0.095019 0.973614 -0.177769
v 0.178092 0.917962 -0.333186
v 0.258549 0.826144 -0.483711
v 0.329070 0.702578 -0.615647
v 0.386946 0.552012 -0.723925
v 0.429951 0.380232 -0.804382
v 0.329070 0.876269 -0.329070
v 0.442854 0.768056 -0.442854
v 0.539619 0.630328 -0.539619
v 0.615647 0.468376 -0.615647
v 0.668016 0.288424 -0.668016
v 0.695276 0.097389 -0.695276
v 0.203273 0.950719 -0.203273
v 0.442854 0.702578 -0.539619
v 0.347948 0.826144 -0.423976
v 0.520741 0.552012 -0.634525
v 0.578617 0.380232 -0.705047
v 0.614257 0.193841 -0.748474
v 0.630328 0.000000 -0.768056
v 0.127874 0.973614 -0.155815
v 0.239671 0.917962 -0.292040
v 0.386946 0.876269 -0.258549
v 0.520741 0.768056 -0.347948
v 0.634525 0.630328 -0.423976
v 0.723925 0.468376 -0.483711
v 0.785504 0.288424 -0.524857
v 0.817558 0.097389 -0.546275
v 0.239024 0.950719 -0.159711
v 0.768056 0.000000 -0.630327
v 0.748474 0.193841 -0.614256
v 0.155815 0.973614 -0.127874
v 0.292040 0.917962 -0.239671
v 0.423976 0.826144 -0.347948
v 0.539620 0.702578 -0.442854
v 0.634525 0.552012 -0.520741
v 0.705047 0.380232 -0.578617
v 0.429951 0.876269 -0.178092
v 0.578617 0.768056 -0.239671
v 0.705047 0.630328 -0.292040
v 0.804382 0.468376 -0.333186
v 0.872805 0.288424 -0.361528
v 0.908422 0.097389 -0.376281
v 0.265589 0.950719 -0.110011
v 0.723925 0.552012 -0.386946
v 0.615647 0.702578 -0.329070
v 0.804382 0.380232 -0.429951
v 0.853927 0.193841 -0.456434
v 0.876269 0.000000 -0.468375
v 0.177769 0.973614 -0.095019
v 0.333186 0.917962 -0.178092
v 0.483711 0.826144 -0.258549
v 0.456434 0.876269 -0.090790
v 0.614256 0.768056 -0.122183
v 0.748474 0.630328 -0.148881
v 0.853927 0.468376 -0.169857
v 0.926565 0.288424 -0.184305
v 0.964376 0.097389 -0.191826
v 0.281948 0.950719 -0.056083
v 0.950807 0.000000 -0.288424
v 0.192890 0.973614 -0.058513
v 0.361528 0.917962 -0.109668
v 0.524857 0.826144 -0.159214
v 0.668016 0.702578 -0.202641
v 0.785504 0.552012 -0.238280
v 0.872805 0.380232 -0.264763
v 0.926565 0.193841 -0.281070
v 0.465376 0.876269 0.000000
v 0.626290 0.768056 0.000000
v 0.763137 0.630328 0.000000
v 0.870657 0.468376 0.000000
v 0.944718 0.288424 0.000000
v 0.983269 0.097389 0.000000
v 0.287471 0.950719 0.000000
v 0.816897 0.552012 -0.080457
v 0.694714 0.702578 -0.068423
v 0.907687 0.380232 -0.089399
v 0.963596 0.193841 -0.094906
v 0.988807 0.000000 -0.097389
v 0.200599 0.973614 -0.019757
v 0.375976 0.917962 -0.037030
v 0.545833 0.826144 -0.053760
v 0.456434 0.876269 0.090790
v 0.614256 0.768056 0.122183
v 0.748474 0.630328 0.148881
v 0.853927 0.468376 0.169857
v 0.926565 0.288424 0.184305
v 0.964376 0.097389 0.191826
v 0.281948 0.950719 0.056083
v 0.988807 0.000000 0.097389
v 0.200599 0.973614 0.019757
v 0.375976 0.917962 0.037030
v 0.545833 0.826144 0.053760
v 0.694714 0.702578 0.068423
v 0.816897 0.552012 0.080457
v 0.907687 0.380232 0.089399
v 0.963596 0.193841 0.094906
v 0.429951 0.876269 0.178092
v 0.578617 0.768056 0.239671
v 0.705047 0.630328 0.292040
v 0.804382 0.468376 0.333186
v 0.872805 0.288424 0.361528
v 0.908422 0.097389 0.376281
v 0.265589 0.950719 0.110011
v 0.872805 0.380232 0.264763
v 0.785504 0.552012 0.238280
v 0.926565 0.193841 0.281071
v 0.950807 0.000000 0.288424
v 0.192890 0.973614 0.058513
v 0.361528 0.917962 0.109668
v 0.524857 0.826144 0.159214
v 0.668016 0.702578 0.202641
v 0.386946 0.876269 0.258549
v 0.520741 0.768056 0.347948
v 0.634525 0.630328 0.423976
v 0.723924 0.468376 0.483711
v 0.785504 0.288424 0.524857
v 0.817558 0.097389 0.546275
v 0.239024 0.950719 0.159711
v 0.333186 0.917962 0.178092
v 0.177769 0.973614 0.095019
v 0.483711 0.826144 0.258549
v 0.615647 0.702578 0.329070
v 0.723924 0.552012 0.386946
v 0.804382 0.380232 0.429951
v 0.853927 0.193841 0.456434
v 0.876269 0.000000 0.468376
v 0.329070 0.876269 0.329070
v 0.442854 0.768056 0.442854
v 0.539619 0.630328 0.539619
v 0.615647 0.468376 0.615647
v 0.668016 0.288424 0.668016
v 0.695276 0.097389 0.695276
v 0.203273 0.950719 0.203273
v 0.748473 0.193841 0.614256
v 0.705047 0.380232 0.578617
v 0.768056 0.000000 0.630328
v 0.155815 0.973614 0.127874
v 0.292040 0.917962 0.239671
v 0.423976 0.826144 0.347948
v 0.539619 0.702578 0.442854
v 0.634525 0.552012 0.520741
v 0.258549 0.876269 0.386946
v 0.347948 0.768056 0.520741
v 0.423976 0.630328 0.634525
v 0.483711 0.468376 0.723925
v 0.524857 0.288424 0.785504
v 0.546275 0.097389 0.817558
v 0.159711 0.950719 0.239024
v 0.347948 0.826144 0.423976
v 0.239671 0.917962 0.292040
v 0.442854 0.702578 0.539619
v 0.520741 0.552012 0.634525
v 0.578617 0.380232 0.705047
v 0.614256 0.193841 0.748474
v 0.630327 0.000000 0.768056
v 0.127874 0.973614 0.155815
v 0.178091 0.876269 0.429951
v 0.239671 0.768056 0.578617
v 0.292040 0.630328 0.705047
v 0.333186 0.468376 0.804382
v 0.361528 0.288424 0.872805
v 0.376280 0.097389 0.908422
v 0.110011 0.950719 0.265589
v 0.456433 0.193841 0.853927
v 0.429951 0.380232 0.804382
v 0.468375 0.000000 0.876269
v 0.095019 0.973614 0.177769
v 0.178091 0.917962 0.333186
v 0.258549 0.826144 0.483711
v 0.329070 0.702578 0.615647
v 0.386946 0.552012 0.723925
v 0.090790 0.876269 0.456434
v 0.122183 0.768056 0.614256
v 0.148881 0.630328 0.748473
v 0.169857 0.468376 0.853927
v 0.184305 0.288424 0.926565
v 0.191826 0.097389 0.964375
v 0.056083 0.950719 0.281948
v 0.202640 0.702578 0.668016
v 0.159214 0.826144 0.524857
v 0.238280 0.552012 0.785504
v 0.264763 0.380232 0.872805
v 0.281070 0.193841 0.926565
v 0.288424 0.000000 0.950807
v 0.058513 0.973614 0.192890
v 0.109668 0.917962 0.361528
v -0.000000 0.876269 0.465376
v -0.000000 0.768056 0.626290
v -0.000000 0.630328 0.763137
v -0.000000 0.468376 0.870657
v -0.000000 0.288424 0.944717
v -0.000000 0.097389 0.983269
v -0.000000 0.950719 0.287471
v 0.097389 0.000000 0.988806
v 0.094906 0.193841 0.963595
v 0.019757 0.973614 0.200599
v 0.037030 0.917962 0.375976
v 0.053760 0.826144 0.545833
v 0.068423 0.702578 0.694714
v 0.080457 0.552012 0.816897
v 0.089399 0.380232 0.907687
v -0.090790 0.876269 0.456434
v -0.122183 0.768056 0.614256
v -0.148881 0.630328 0.748473
v -0.169857 0.468376 0.853927
v -0.184305 0.288424 0.926565
v -0.191826 0.097389 0.964375
v -0.056083 0.950719 0.281948
v -0.068423 0.702578 0.694714
v -0.053760 0.826144 0.545833
v -0.080457 0.552012 0.816897
v -0.089399 0.380232 0.907687
v -0.094906 0.193841 0.963595
v -0.097389 0.000000 0.988806
v -0.019757 0.973614 0.200599
v -0.037030 0.917962 0.375976
v -0.178092 0.876269 0.429951
v -0.239671 0.768056 0.578617
v -0.292040 0.630328 0.705047
v -0.333186 0.468376 0.804382
v -0.361528 0.288424 0.872805
v -0.376281 0.097389 0.908422
v -0.110011 0.950719 0.265589
v -0.288424 0.000000 0.950807
v -0.281071 0.193841 0.926565
v -0.058513 0.973614 0.192890
v -0.109668 0.917962 0.361528
v -0.159214 0.826144 0.524857
v -0.202641 0.702578 0.668016
v -0.238280 0.552012 0.785504
v -0.264763 0.380232 0.872805
v -0.258549 0.876269 0.386946
v -0.347948 0.768056 0.520741
v -0.423976 0.630328 0.634525
v -0.483711 0.468376 0.723924
v -0.524857 0.288424 0.785504
v -0.546275 0.097389 0.817558
v -0.159711 0.950719 0.239024
v -0.386946 0.552012 0.723924
v -0.329070 0.702578 0.615647
v -0.429951 0.380232 0.804382
v -0.456434 0.193841 0.853927
v -0.468376 0.000000 0.876269
v -0.095019 0.973614 0.177768
v -0.178092 0.917962 0.333186
v -0.258549 0.826144 0.483711
v -0.329070 0.876269 0.329070
v -0.442854 0.768056 0.442854
v -0.539619 0.630328 0.539619
v -0.615647 0.468376 0.615647
v -0.668016 0.288424 0.668016
v -0.695276 0.097389 0.695276
v -0.203273 0.950719 0.203273
v -0.630327 0.000000 0.768056
v -0.127874 0.973614 0.155815
v -0.239671 0.917962 0.292040
v -0.347948 0.826144 0.423976
v -0.442854 0.702578 0.539619
v -0.520741 0.552012 0.634525
v -0.578617 0.380232 0.705046
v -0.614256 0.193841 0.748473
v -0.386946 0.876269 0.258549
v -0.520741 0.768056 0.347948
v -0.634525 0.630328 0.423976
v -0.723924 0.468376 0.483711
v -0.785504 0.288424 0.524857
v -0.817558 0.097389 0.546274
v -0.239024 0.950719 0.159711
v -0.705047 0.380232 0.578617
v -0.634525 0.552012 0.520741
v -0.748473 0.193841 0.614256
v -0.768056 0.000000 0.630327
v -0.155815 0.973614 0.127874
v -0.292040 0.917962 0.239671
v -0.423976 0.826144 0.347948
v -0.539619 0.702578 0.442854
v -0.109146 0.987361 0.045210
v -0.429951 0.876269 0.178091
v -0.578617 0.768056 0.239671
v -0.705047 0.630328 0.292040
v -0.804382 0.468376 0.333186
v -0.872805 0.288424 0.361528
v -0.908422 0.097389 0.376280
v -0.265589 0.950719 0.110010
v -0.177768 0.973614 0.095019
v -0.333186 0.917962 0.178091
v -0.483711 0.826144 0.258549
v -0.615647 0.702578 0.329070
v -0.723924 0.552012 0.386946
v -0.804382 0.380232 0.429951
v -0.853927 0.193841 0.456433
v -0.876269 0.000000 0.468375
v -0.456433 0.876269 0.090790
v -0.614256 0.768056 0.122183
v -0.748473 0.630328 0.148881
v -0.853927 0.468376 0.169857
v -0.926565 0.288424 0.184305
v -0.964375 0.097389 0.191826
v -0.281948 0.950719 0.056083
v -0.872805 0.380232 0.264762
v -0.785504 0.552012 0.238280
v -0.926565 0.193841 0.281070
v -0.950807 0.000000 0.288424
v -0.192890 0.973614 0.058513
v -0.361528 0.917962 0.109668
v -0.524857 0.826144 0.159213
v -0.668016 0.702578 0.202640
v -0.465376 0.876269 -0.000000
v -0.626290 0.768057 -0.000000
v -0.763137 0.630328 -0.000000
v -0.870656 0.468376 -0.000000
v -0.944717 0.288424 -0.000000
v -0.983268 0.097389 -0.000000
v -0.287471 0.950719 -0.000000
v -0.545833 0.826144 0.053760
v -0.375976 0.917962 0.037030
v -0.694714 0.702578 0.068423
v -0.816897 0.552012 0.080457
v -0.907687 0.380232 0.089399
v -0.963595 0.193841 0.094906
v -0.988806 0.000000 0.097388
v -0.200599 0.973614 0.019757
v -0.456433 0.876269 -0.090790
v -0.614256 0.768056 -0.122183
v -0.748473 0.630328 -0.148881
v -0.853927 0.468376 -0.169857
v -0.926565 0.288424 -0.184305
v -0.964375 0.097389 -0.191826
v -0.281948 0.950719 -0.056083
v -0.963595 0.193841 -0.094906
v -0.907687 0.380232 -0.089399
v -0.988806 0.000000 -0.097389
v -0.200599 0.973614 -0.019757
v -0.375976 0.917962 -0.037030
v -0.545833 0.826144 -0.053760
v -0.694713 0.702578 -0.068423
v -0.816896 0.552012 -0.080457
v -0.429951 0.876269 -0.178092
v -0.578617 0.768056 -0.239671
v -0.705047 0.630328 -0.292040
v -0.804382 0.468376 -0.333186
v -0.872805 0.288424 -0.361528
v -0.908421 0.097389 -0.376281
v -0.265589 0.950719 -0.110011
v -0.524857 0.826144 -0.159214
v -0.361528 0.917962 -0.109668
v -0.668016 0.702578 -0.202641
v -0.785504 0.552012 -0.238280
v -0.872805 0.380232 -0.264763
v -0.926565 0.193841 -0.281071
v -0.950807 0.000000 -0.288424
v -0.192890 0.973614 -0.058513
v -0.386945 0.876269 -0.258549
v -0.520741 0.768056 -0.347948
v -0.634525 0.630328 -0.423976
v -0.723924 0.468376 -0.483711
v -0.785504 0.288424 -0.524857
v -0.817558 0.097389 -0.546275
v -0.239024 0.950719 -0.159711
v -0.853927 0.193841 -0.456434
v -0.804382 0.380232 -0.429951
v -0.876268 0.000000 -0.468376
v -0.177768 0.973614 -0.095019
v -0.333186 0.917962 -0.178092
v -0.483711 0.826144 -0.258549
v -0.615647 0.702578 -0.329070
v -0.723924 0.552012 -0.386946
v -0.329070 0.876269 -0.329070
v -0.442854 0.768056 -0.442854
v -0.539619 0.630328 -0.539619
v -0.615647 0.468376 -0.615647
v -0.668016 0.288424 -0.668016
v -0.695275 0.097389 -0.695276
v -0.203273 0.950719 -0.203273
v -0.539619 0.702578 -0.442854
v -0.423976 0.826144 -0.347948
v -0.634525 0.552012 -0.520741
v -0.705046 0.380232 -0.578617
v -0.748473 0.193841 -0.614256
v -0.768055 0.000000 -0.630327
v -0.155815 0.973614 -0.127874
v -0.292040 0.917962 -0.239671
v -0.258549 0.876269 -0.386946
v -0.347948 0.768056 -0.520741
v -0.423976 0.630328 -0.634525
v -0.483711 0.468376 -0.723924
v -0.524857 0.288424 -0.785504
v -0.546274 0.097389 -0.817558
v -0.159710 0.950719 -0.239024
v -0.630327 0.000000 -0.768056
v -0.614256 0.193841 -0.748473
v -0.127874 0.973614 -0.155815
v -0.239671 0.917962 -0.292040
v -0.347948 0.826144 -0.423976
v -0.442854 0.702578 -0.539619
v -0.520741 0.552012 -0.634525
v -0.578617 0.380232 -0.705047
v -0.178091 0.876269 -0.429951
v -0.239671 0.768056 -0.578617
v -0.292040 0.630328 -0.705046
v -0.333186 0.468376 -0.804382
v -0.361528 0.288424 -0.872805
v -0.376280 0.097389 -0.908422
v -0.110010 0.950719 -0.265589
v -0.386945 0.552012 -0.723924
v -0.329070 0.702578 -0.615647
v -0.429951 0.380232 -0.804382
v -0.456433 0.193841 -0.853927
v -0.468375 0.000000 -0.876269
v -0.095019 0.973614 -0.177768
v -0.178091 0.917962 -0.333186
v -0.258549 0.826144 -0.483711
v -0.090790 0.876269 -0.456433
v -0.122183 0.768056 -0.614256
v -0.148880 0.630328 -0.748473
v -0.169857 0.468376 -0.853927
v -0.184305 0.288424 -0.926565
v -0.191826 0.097389 -0.964375
v -0.056083 0.950719 -0.281948
v -0.288424 0.000000 -0.950807
v -0.058513 0.973614 -0.192890
v -0.109668 0.917962 -0.361528
v -0.159213 0.826144 -0.524857
v -0.202640 0.702578 -0.668016
v -0.238280 0.552012 -0.785504
v -0.264762 0.380232 -0.872805
v -0.281070 0.193841 -0.926565
v 0.000000 0.876269 -0.465375
v 0.000000 0.768056 -0.626290
v 0.000000 0.950719 -0.287471
v -0.068423 0.702578 -0.694713
v -0.097388 0.000000 -0.988806
v -0.019757 0.973614 -0.200599
v -0.037030 0.917962 -0.375976
v -0.053760 0.826144 -0.545833
v 0.023048 0.987361 -0.115869
v 0.000000 0.097389 -0.983269
v 0.000000 0.630328 -0.763137
v 0.000000 0.987361 -0.118139
v 0.068423 0.702578 -0.694714
v 0.053760 0.826144 -0.545833
v 0.037030 0.917962 -0.375976
v 0.019757 0.973614 -0.200599
v 0.097389 0.000000 -0.988806
v 0.045210 0.987361 -0.109146
v 0.065634 0.987361 -0.098229
v 0.083537 0.987361 -0.083537
v 0.098229 0.987361 -0.065634
v 0.109146 0.987361 -0.045210
v 0.115869 0.987361 -0.023048
v 0.118139 0.987361 0.000000
v 0.115869 0.987361 0.023048
v 0.109146 0.987361 0.045210
v 0.098229 0.987361 0.065634
v 0.083537 0.987361 0.083537
v 0.065634 0.987361 0.098229
v 0.045210 0.987361 0.109146
v 0.023048 0.987361 0.115869
v -0.000000 0.987361 0.118139
v -0.023048 0.987361 0.115869
v -0.045210 0.987361 0.109146
v -0.065634 0.987361 0.098229
v -0.083537 0.987361 0.083537
v -0.098229 0.987361 0.065634
v -0.115869 0.987361 0.023048
v -0.118139 0.987361 -0.000000
v -0.115869 0.987361 -0.023048
v -0.109146 0.987361 -0.045210
v -0.098229 0.987361 -0.065634
v -0.083537 0.987361 -0.083537
v -0.065634 0.987361 -0.098229
v -0.045210 0.987361 -0.109146
v -0.023048 0.987361 -0.115869
v -0.080457 0.552012 -0.816897
v -0.089399 0.380232 -0.907687
v -0.094906 0.193841 -0.963595
v 0.085339 0.468376 -0.866461
v 0.074800 0.630328 -0.759459
v 0.061387 0.768056 -0.623272
v 0.045615 0.876269 -0.463133
v 0.028199 0.950696 -0.286312
v 0.013329 0.985270 -0.135336
v 0.096377 0.097389 -0.978530
v 0.092598 0.288424 -0.940165
v 0.221526 0.630328 -0.730274
v 0.252737 0.468376 -0.833163
v 0.274236 0.288424 -0.904035
v 0.285427 0.097389 -0.940926
v 0.039476 0.985270 -0.130136
v 0.135091 0.876269 -0.445335
v 0.083514 0.950696 -0.275309
v 0.181802 0.768056 -0.599320
v 0.463508 0.097389 -0.867163
v 0.064106 0.985270 -0.119934
v 0.135620 0.950696 -0.253726
v 0.219376 0.876269 -0.410423
v 0.295230 0.768056 -0.552337
v 0.359739 0.630328 -0.673024
v 0.410423 0.468376 -0.767848
v 0.445335 0.288424 -0.833163
v 0.397313 0.768056 -0.484127
v 0.484127 0.630328 -0.589911
v 0.552337 0.468376 -0.673024
v 0.599320 0.288424 -0.730274
v 0.623777 0.097389 -0.760074
v 0.086272 0.985270 -0.105123
v 0.182513 0.950696 -0.222393
v 0.295230 0.876269 -0.359739
v 0.760074 0.097389 -0.623777
v 0.105123 0.985270 -0.086272
v 0.222393 0.950696 -0.182513
v 0.359739 0.876269 -0.295230
v 0.484127 0.768056 -0.397313
v 0.589911 0.630328 -0.484127
v 0.673024 0.468376 -0.552337
v 0.730274 0.288424 -0.599320
v 0.673024 0.630328 -0.359739
v 0.767848 0.468376 -0.410423
v 0.833163 0.288424 -0.445335
v 0.867163 0.097389 -0.463508
v 0.119934 0.985270 -0.064106
v 0.253726 0.950696 -0.135620
v 0.410423 0.876269 -0.219376
v 0.552337 0.768056 -0.295230
v 0.130136 0.985270 -0.039476
v 0.275309 0.950696 -0.083514
v 0.445335 0.876269 -0.135091
v 0.599320 0.768056 -0.181802
v 0.730274 0.630328 -0.221526
v 0.833163 0.468376 -0.252737
v 0.904035 0.288424 -0.274236
v 0.940926 0.097389 -0.285427
v 0.759459 0.630328 -0.074800
v 0.866461 0.468376 -0.085339
v 0.940165 0.288424 -0.092598
v 0.978530 0.097389 -0.096377
v 0.135336 0.985270 -0.013329
v 0.286312 0.950696 -0.028199
v 0.463133 0.876269 -0.045615
v 0.623272 0.768056 -0.061387
v 0.135336 0.985270 0.013329
v 0.286312 0.950696 0.028199
v 0.463133 0.876269 0.045615
v 0.623272 0.768056 0.061387
v 0.759459 0.630328 0.074800
v 0.866461 0.468376 0.085339
v 0.940165 0.288424 0.092598
v 0.978530 0.097389 0.096377
v 0.833163 0.468376 0.252737
v 0.904035 0.288424 0.274236
v 0.940926 0.097389 0.285427
v 0.130136 0.985270 0.039476
v 0.275309 0.950696 0.083514
v 0.445335 0.876269 0.135091
v 0.599320 0.768056 0.181802
v 0.730274 0.630328 0.221526
v 0.253726 0.950696 0.135620
v 0.410423 0.876269 0.219376
v 0.552337 0.768056 0.295230
v 0.673024 0.630328 0.359739
v 0.767848 0.468376 0.410423
v 0.833163 0.288424 0.445335
v 0.867162 0.097389 0.463508
v 0.119934 0.985270 0.064106
v 0.730274 0.288424 0.599320
v 0.760074 0.097389 0.623777
v 0.105123 0.985270 0.086272
v 0.222393 0.950696 0.182513
v 0.359739 0.876269 0.295230
v 0.484127 0.768056 0.397313
v 0.589910 0.630328 0.484127
v 0.673024 0.468376 0.552337
v 0.295230 0.876269 0.359739
v 0.397313 0.768056 0.484127
v 0.484127 0.630328 0.589911
v 0.552337 0.468376 0.673024
v 0.599320 0.288424 0.730274
v 0.623777 0.097389 0.760074
v 0.086272 0.985270 0.105123
v 0.182513 0.950696 0.222393
v 0.445335 0.288424 0.833163
v 0.463508 0.097389 0.867162
v 0.064106 0.985270 0.119934
v 0.135620 0.950696 0.253726
v 0.219376 0.876269 0.410423
v 0.295230 0.768056 0.552336
v 0.359739 0.630328 0.673024
v 0.410423 0.468376 0.767848
v 0.181802 0.768056 0.599320
v 0.221526 0.630328 0.730274
v 0.252737 0.468376 0.833163
v 0.274236 0.288424 0.904035
v 0.285426 0.097389 0.940926
v 0.039476 0.985270 0.130136
v 0.083514 0.950696 0.275309
v 0.135091 0.876269 0.445335
v 0.096377 0.097389 0.978530
v 0.013329 0.985270 0.135336
v 0.028199 0.950696 0.286312
v 0.045615 0.876269 0.463133
v 0.061387 0.768056 0.623272
v 0.074800 0.630328 0.759459
v 0.085339 0.468376 0.866461
v 0.092598 0.288424 0.940165
v -0.061387 0.768056 0.623272
v -0.074800 0.630328 0.759459
v -0.085339 0.468376 0.866461
v -0.092598 0.288424 0.940165
v -0.096377 0.097389 0.978530
v -0.013329 0.985270 0.135336
v -0.028199 0.950696 0.286312
v -0.045615 0.876269 0.463133
v -0.285427 0.097389 0.940926
v -0.039476 0.985270 0.130136
v -0.083514 0.950696 0.275309
v -0.135091 0.876269 0.445335
v -0.181802 0.768056 0.599320
v -0.221526 0.630328 0.730274
v -0.252737 0.468376 0.833163
v -0.274236 0.288424 0.904035
v -0.359739 0.630328 0.673024
v -0.410423 0.468376 0.767847
v -0.445335 0.288424 0.833163
v -0.463508 0.097389 0.867162
v -0.064106 0.985270 0.119934
v -0.135620 0.950696 0.253726
v -0.219376 0.876269 0.410423
v -0.295230 0.768056 0.552336
v -0.086272 0.985270 0.105123
v -0.182513 0.950696 0.222393
v -0.295230 0.876269 0.359739
v -0.397313 0.768056 0.484127
v -0.484127 0.630328 0.589910
v -0.552336 0.468376 0.673024
v -0.599320 0.288424 0.730273
v -0.623777 0.097389 0.760074
v -0.673024 0.468376 0.552336
v -0.730274 0.288424 0.599320
v -0.760074 0.097389 0.623776
v -0.105123 0.985270 0.086272
v -0.222393 0.950696 0.182513
v -0.359739 0.876269 0.295230
v -0.484127 0.768056 0.397313
v -0.589911 0.630328 0.484127
v -0.119934 0.985270 0.064106
v -0.253726 0.950696 0.135619
v -0.410423 0.876269 0.219376
v -0.552336 0.768056 0.295230
v -0.673024 0.630328 0.359739
v -0.767847 0.468376 0.410423
v -0.833163 0.288424 0.445335
v -0.867162 0.097389 0.463507
v -0.833163 0.468376 0.252737
v -0.904035 0.288424 0.274236
v -0.940926 0.097389 0.285426
v -0.130136 0.985270 0.039476
v -0.275309 0.950696 0.083514
v -0.445335 0.876269 0.135091
v -0.599320 0.768056 0.181802
v -0.730273 0.630328 0.221526
v -0.463133 0.876269 0.045615
v -0.623272 0.768057 0.061387
v -0.759459 0.630328 0.074800
v -0.866461 0.468376 0.085339
v -0.940165 0.288424 0.092598
v -0.978530 0.097389 0.096376
v -0.135336 0.985270 0.013329
v -0.286312 0.950696 0.028199
v -0.940165 0.288424 -0.092598
v -0.978530 0.097389 -0.096377
v -0.135336 0.985270 -0.013329
v -0.286312 0.950696 -0.028199
v -0.463133 0.876269 -0.045615
v -0.623272 0.768056 -0.061387
v -0.759459 0.630328 -0.074800
v -0.866461 0.468376 -0.085339
v -0.445335 0.876269 -0.135091
v -0.599320 0.768056 -0.181802
v -0.730273 0.630328 -0.221526
v -0.833163 0.468376 -0.252737
v -0.904034 0.288424 -0.274236
v -0.940925 0.097389 -0.285427
v -0.130136 0.985270 -0.039476
v -0.275309 0.950696 -0.083514
v -0.833163 0.288424 -0.445335
v -0.867162 0.097389 -0.463508
v -0.119934 0.985270 -0.064106
v -0.253726 0.950696 -0.135619
v -0.410423 0.876269 -0.219376
v -0.552336 0.768056 -0.295230
v -0.673024 0.630328 -0.359739
v -0.767847 0.468376 -0.410423
v -0.484127 0.768056 -0.397313
v -0.589910 0.630328 -0.484127
v -0.673024 0.468376 -0.552336
v -0.730273 0.288424 -0.599320
v -0.760073 0.097389 -0.623777
v -0.105123 0.985270 -0.086272
v -0.222393 0.950696 -0.182513
v -0.359739 0.876269 -0.295230
v -0.623776 0.097389 -0.760074
v -0.086272 0.985270 -0.105123
v -0.182513 0.950696 -0.222393
v -0.295230 0.876269 -0.359739
v -0.397313 0.768056 -0.484127
v -0.484127 0.630328 -0.589910
v -0.552336 0.468376 -0.673024
v -0.599320 0.288424 -0.730273
v -0.359739 0.630328 -0.673024
v -0.410423 0.468376 -0.767847
v -0.445335 0.288424 -0.833163
v -0.463507 0.097389 -0.867162
v -0.064106 0.985270 -0.119934
v -0.135619 0.950696 -0.253726
v -0.219375 0.876269 -0.410423
v -0.295230 0.768056 -0.552336
v -0.039476 0.985270 -0.130135
v -0.083514 0.950696 -0.275309
v -0.135091 0.876269 -0.445335
v -0.181802 0.768056 -0.599320
v -0.221526 0.630328 -0.730273
v -0.252737 0.468376 -0.833163
v -0.274236 0.288424 -0.904034
v -0.285426 0.097389 -0.940925
v -0.074800 0.630328 -0.759459
v -0.085339 0.468376 -0.866461
v -0.092598 0.288424 -0.940165
v -0.096376 0.097389 -0.978530
v -0.013329 0.985270 -0.135336
v -0.028199 0.950696 -0.286312
v -0.045614 0.876269 -0.463133
v -0.061387 0.768056 -0.623272
vn 0.0445 0.4249 -0.9041
vn 0.0422 0.5112 -0.8584
vn 0.1261 0.5112 -0.8502
vn 0.1328 0.4249 -0.8954
vn 0.0395 0.5928 -0.8044
vn 0.0365 0.6687 -0.7426
vn 0.1091 0.6687 -0.7355
vn 0.1181 0.5928 -0.7966
vn 0.0331 0.7384 -0.6735
vn 0.0294 0.8010 -0.5979
vn 0.0878 0.8010 -0.5922
vn 0.0989 0.7384 -0.6670
vn 0.0254 0.8560 -0.5163
vn 0.0211 0.9027 -0.4297
vn 0.0631 0.9027 -0.4256
vn 0.0758 0.8560 -0.5114
vn 0.0159 0.9399 -0.3412
vn 0.0057 0.9666 -0.2561
vn 0.0443 0.9666 -0.2523
vn 0.0510 0.9399 -0.3377
vn -0.0253 0.9851 -0.1703
vn 0.0088 0.9959 -0.0897
vn 0.0580 0.9851 -0.1621
vn 0.0488 0.1053 -0.9932
vn 0.0485 0.1536 -0.9869
vn 0.1450 0.1536 -0.9775
vn 0.1459 0.1053 -0.9837
vn 0.0477 0.2413 -0.9693
vn 0.0463 0.3346 -0.9412
vn 0.1382 0.3346 -0.9322
vn 0.1424 0.2413 -0.9600
vn 0.1957 0.5928 -0.7812
vn 0.1807 0.6687 -0.7212
vn 0.2505 0.6687 -0.7001
vn 0.2713 0.5928 -0.7583
vn 0.2200 0.4249 -0.8781
vn 0.2089 0.5112 -0.8337
vn 0.2895 0.5112 -0.8092
vn 0.3049 0.4249 -0.8523
vn 0.2358 0.2413 -0.9414
vn 0.2290 0.3346 -0.9141
vn 0.3174 0.3346 -0.8873
vn 0.3269 0.2413 -0.9137
vn 0.2417 0.1053 -0.9646
vn 0.2401 0.1536 -0.9585
vn 0.3329 0.1536 -0.9304
vn 0.3350 0.1053 -0.9363
vn 0.0084 0.9851 -0.1720
vn 0.0262 0.9959 -0.0862
vn 0.0885 0.9851 -0.1476
vn 0.1256 0.8560 -0.5015
vn 0.1046 0.9027 -0.4174
vn 0.1449 0.9027 -0.4051
vn 0.1741 0.8560 -0.4867
vn 0.0822 0.9399 -0.3315
vn 0.0556 0.9666 -0.2500
vn 0.0927 0.9666 -0.2388
vn 0.1159 0.9399 -0.3213
vn 0.1639 0.7384 -0.6541
vn 0.1455 0.8010 -0.5807
vn 0.2017 0.8010 -0.5637
vn 0.2272 0.7384 -0.6349
vn 0.4252 0.1053 -0.8989
vn 0.4225 0.1536 -0.8933
vn 0.5080 0.1536 -0.8476
vn 0.5112 0.1053 -0.8530
vn 0.0418 0.9851 -0.1670
vn 0.0425 0.9959 -0.0795
vn 0.1156 0.9851 -0.1275
vn 0.1453 0.9399 -0.3091
vn 0.1033 0.9666 -0.2344
vn 0.1375 0.9666 -0.2161
vn 0.1763 0.9399 -0.2925
vn 0.2210 0.8560 -0.4673
vn 0.1840 0.9027 -0.3889
vn 0.2212 0.9027 -0.3691
vn 0.2658 0.8560 -0.4434
vn 0.2883 0.7384 -0.6096
vn 0.2560 0.8010 -0.5412
vn 0.3078 0.8010 -0.5135
vn 0.3467 0.7384 -0.5784
vn 0.3444 0.5928 -0.7280
vn 0.3179 0.6687 -0.6721
vn 0.3822 0.6687 -0.6378
vn 0.4140 0.5928 -0.6908
vn 0.3871 0.4249 -0.8183
vn 0.3675 0.5112 -0.7769
vn 0.4418 0.5112 -0.7372
vn 0.4653 0.4249 -0.7765
vn 0.4150 0.2413 -0.8773
vn 0.4029 0.3346 -0.8519
vn 0.4844 0.3346 -0.8083
vn 0.4989 0.2413 -0.8324
vn 0.4017 0.7384 -0.5416
vn 0.3566 0.8010 -0.4808
vn 0.4020 0.8010 -0.4436
vn 0.4528 0.7384 -0.4997
vn 0.4798 0.5928 -0.6468
vn 0.4429 0.6687 -0.5972
vn 0.4993 0.6687 -0.5509
vn 0.5408 0.5928 -0.5967
vn 0.5393 0.4249 -0.7271
vn 0.5120 0.5112 -0.6903
vn 0.5772 0.5112 -0.6368
vn 0.6079 0.4249 -0.6708
vn 0.5781 0.2413 -0.7795
vn 0.5614 0.3346 -0.7569
vn 0.6328 0.3346 -0.6983
vn 0.6517 0.2413 -0.7191
vn 0.5924 0.1053 -0.7987
vn 0.5887 0.1536 -0.7937
vn 0.6636 0.1536 -0.7322
vn 0.6678 0.1053 -0.7369
vn 0.0736 0.9851 -0.1556
vn 0.0572 0.9959 -0.0697
vn 0.1383 0.9851 -0.1025
vn 0.2028 0.9399 -0.2749
vn 0.1470 0.9666 -0.2097
vn 0.1770 0.9666 -0.1851
vn 0.2300 0.9399 -0.2525
vn 0.3080 0.8560 -0.4152
vn 0.2563 0.9027 -0.3456
vn 0.2889 0.9027 -0.3188
vn 0.3472 0.8560 -0.3831
vn 0.7369 0.1053 -0.6678
vn 0.7322 0.1536 -0.6636
vn 0.7937 0.1536 -0.5887
vn 0.7987 0.1053 -0.5924
vn 0.1025 0.9851 -0.1383
vn 0.0697 0.9959 -0.0572
vn 0.1556 0.9851 -0.0736
vn 0.2525 0.9399 -0.2300
vn 0.1851 0.9666 -0.1770
vn 0.2097 0.9666 -0.1470
vn 0.2749 0.9399 -0.2028
vn 0.3831 0.8560 -0.3472
vn 0.3188 0.9027 -0.2889
vn 0.3456 0.9027 -0.2563
vn 0.4152 0.8560 -0.3080
vn 0.4997 0.7384 -0.4528
vn 0.4436 0.8010 -0.4020
vn 0.4808 0.8010 -0.3566
vn 0.5416 0.7384 -0.4017
vn 0.5967 0.5928 -0.5408
vn 0.5509 0.6687 -0.4993
vn 0.5972 0.6687 -0.4429
vn 0.6468 0.5928 -0.4798
vn 0.6708 0.4249 -0.6079
vn 0.6368 0.5112 -0.5772
vn 0.6903 0.5112 -0.5120
vn 0.7271 0.4249 -0.5393
vn 0.7191 0.2413 -0.6517
vn 0.6983 0.3346 -0.6328
vn 0.7569 0.3346 -0.5614
vn 0.7795 0.2413 -0.5781
vn 0.6908 0.5928 -0.4140
vn 0.6378 0.6687 -0.3822
vn 0.6721 0.6687 -0.3179
vn 0.7280 0.5928 -0.3444
vn 0.7765 0.4249 -0.4653
vn 0.7372 0.5112 -0.4418
vn 0.7769 0.5112 -0.3675
vn 0.8183 0.4249 -0.3871
vn 0.8324 0.2413 -0.4989
vn 0.8083 0.3346 -0.4844
vn 0.8519 0.3346 -0.4029
vn 0.8773 0.2413 -0.4150
vn 0.8530 0.1053 -0.5112
vn 0.8476 0.1536 -0.5080
vn 0.8933 0.1536 -0.4225
vn 0.8989 0.1053 -0.4252
vn 0.1275 0.9851 -0.1156
vn 0.0795 0.9959 -0.0425
vn 0.1670 0.9851 -0.0418
vn 0.2925 0.9399 -0.1763
vn 0.2161 0.9666 -0.1375
vn 0.2344 0.9666 -0.1033
vn 0.3091 0.9399 -0.1453
vn 0.4434 0.8560 -0.2658
vn 0.3691 0.9027 -0.2212
vn 0.3889 0.9027 -0.1840
vn 0.4673 0.8560 -0.2210
vn 0.5784 0.7384 -0.3467
vn 0.5135 0.8010 -0.3078
vn 0.5412 0.8010 -0.2560
vn 0.6096 0.7384 -0.2883
vn 0.1476 0.9851 -0.0885
vn 0.0862 0.9959 -0.0262
vn 0.1720 0.9851 -0.0084
vn 0.3213 0.9399 -0.1159
vn 0.2388 0.9666 -0.0927
vn 0.2500 0.9666 -0.0556
vn 0.3315 0.9399 -0.0822
vn 0.4867 0.8560 -0.1741
vn 0.4051 0.9027 -0.1449
vn 0.4174 0.9027 -0.1046
vn 0.5015 0.8560 -0.1256
vn 0.6349 0.7384 -0.2272
vn 0.5637 0.8010 -0.2017
vn 0.5807 0.8010 -0.1455
vn 0.6541 0.7384 -0.1639
vn 0.7583 0.5928 -0.2713
vn 0.7001 0.6687 -0.2505
vn 0.7212 0.6687 -0.1807
vn 0.7812 0.5928 -0.1957
vn 0.8523 0.4249 -0.3049
vn 0.8092 0.5112 -0.2895
vn 0.8337 0.5112 -0.2089
vn 0.8781 0.4249 -0.2200
vn 0.9137 0.2413 -0.3269
vn 0.8873 0.3346 -0.3174
vn 0.9141 0.3346 -0.2290
vn 0.9414 0.2413 -0.2358
vn 0.9363 0.1053 -0.3350
vn 0.9304 0.1536 -0.3329
vn 0.9585 0.1536 -0.2401
vn 0.9646 0.1053 -0.2417
vn 0.7966 0.5928 -0.1181
vn 0.7355 0.6687 -0.1091
vn 0.7426 0.6687 -0.0365
vn 0.8044 0.5928 -0.0395
vn 0.8954 0.4249 -0.1328
vn 0.8502 0.5112 -0.1261
vn 0.8584 0.5112 -0.0422
vn 0.9041 0.4249 -0.0445
vn 0.9600 0.2413 -0.1424
vn 0.9322 0.3346 -0.1382
vn 0.9412 0.3346 -0.0463
vn 0.9693 0.2413 -0.0477
vn 0.9837 0.1053 -0.1459
vn 0.9774 0.1536 -0.1450
vn 0.9869 0.1536 -0.0485
vn 0.9932 0.1053 -0.0488
vn 0.1621 0.9851 -0.0580
vn 0.0897 0.9959 -0.0088
vn 0.1703 0.9851 0.0253
vn 0.3377 0.9399 -0.0510
vn 0.2523 0.9666 -0.0443
vn 0.2561 0.9666 -0.0057
vn 0.3412 0.9399 -0.0159
vn 0.5114 0.8560 -0.0758
vn 0.4256 0.9027 -0.0631
vn 0.4297 0.9027 -0.0211
vn 0.5163 0.8560 -0.0254
vn 0.6670 0.7384 -0.0989
vn 0.5922 0.8010 -0.0878
vn 0.5979 0.8010 -0.0294
vn 0.6735 0.7384 -0.0331
vn 0.1703 0.9851 -0.0253
vn 0.0897 0.9959 0.0088
vn 0.1621 0.9851 0.0580
vn 0.3412 0.9399 0.0159
vn 0.2561 0.9666 0.0057
vn 0.2523 0.9666 0.0443
vn 0.3377 0.9399 0.0510
vn 0.5163 0.8560 0.0254
vn 0.4297 0.9027 0.0211
vn 0.4256 0.9027 0.0631
vn 0.5114 0.8560 0.0758
vn 0.6735 0.7384 0.0331
vn 0.5979 0.8010 0.0294
vn 0.5922 0.8010 0.0878
vn 0.6670 0.7384 0.0989
vn 0.8044 0.5928 0.0395
vn 0.7426 0.6687 0.0365
vn 0.7355 0.6687 0.1091
vn 0.7966 0.5928 0.1181
vn 0.9041 0.4249 0.0445
vn 0.8584 0.5112 0.0422
vn 0.8502 0.5112 0.1261
vn 0.8954 0.4249 0.1328
vn 0.9693 0.2413 0.0477
vn 0.9412 0.3346 0.0463
vn 0.9322 0.3346 0.1382
vn 0.9600 0.2413 0.1424
vn 0.9932 0.1053 0.0488
vn 0.9869 0.1536 0.0485
vn 0.9774 0.1536 0.1450
vn 0.9837 0.1053 0.1459
vn 0.8781 0.4249 0.2200
vn 0.8337 0.5112 0.2089
vn 0.8092 0.5112 0.2895
vn 0.8523 0.4249 0.3049
vn 0.9414 0.2413 0.2358
vn 0.9141 0.3346 0.2290
vn 0.8873 0.3346 0.3174
vn 0.9137 0.2413 0.3269
vn 0.9646 0.1053 0.2417
vn 0.9585 0.1536 0.2401
vn 0.9304 0.1536 0.3329
vn 0.9363 0.1053 0.3350
vn 0.1720 0.9851 0.0084
vn 0.0862 0.9959 0.0262
vn 0.1476 0.9851 0.0885
vn 0.3315 0.9399 0.0822
vn 0.2500 0.9666 0.0556
vn 0.2388 0.9666 0.0927
vn 0.3213 0.9399 0.1159
vn 0.5015 0.8560 0.1256
vn 0.4174 0.9027 0.1046
vn 0.4051 0.9027 0.1449
vn 0.4867 0.8560 0.1741
vn 0.6541 0.7384 0.1639
vn 0.5807 0.8010 0.1455
vn 0.5637 0.8010 0.2017
vn 0.6349 0.7384 0.2272
vn 0.7812 0.5928 0.1957
vn 0.7212 0.6687 0.1807
vn 0.7001 0.6687 0.2505
vn 0.7583 0.5928 0.2713
vn 0.3091 0.9399 0.1453
vn 0.2344 0.9666 0.1033
vn 0.2161 0.9666 0.1375
vn 0.2925 0.9399 0.1763
vn 0.4673 0.8560 0.2210
vn 0.3889 0.9027 0.1840
vn 0.3691 0.9027 0.2212
vn 0.4434 0.8560 0.2658
vn 0.6096 0.7384 0.2883
vn 0.5412 0.8010 0.2560
vn 0.5135 0.8010 0.3078
vn 0.5784 0.7384 0.3467
vn 0.7280 0.5928 0.3444
vn 0.6721 0.6687 0.3179
vn 0.6378 0.6687 0.3822
vn 0.6908 0.5928 0.4140
vn 0.8183 0.4249 0.3871
vn 0.7769 0.5112 0.3675
vn 0.7372 0.5112 0.4418
vn 0.7765 0.4249 0.4653
vn 0.8773 0.2413 0.4150
vn 0.8519 0.3346 0.4029
vn 0.8083 0.3346 0.4844
vn 0.8324 0.2413 0.4989
vn 0.8989 0.1053 0.4252
vn 0.8933 0.1536 0.4225
vn 0.8476 0.1536 0.5080
vn 0.8530 0.1053 0.5112
vn 0.1670 0.9851 0.0418
vn 0.0795 0.9959 0.0425
vn 0.1275 0.9851 0.1156
vn 0.7795 0.2413 0.5781
vn 0.7569 0.3346 0.5614
vn 0.6983 0.3346 0.6328
vn 0.7191 0.2413 0.6517
vn 0.7987 0.1053 0.5924
vn 0.7937 0.1536 0.5887
vn 0.7322 0.1536 0.6636
vn 0.7369 0.1053 0.6678
vn 0.1556 0.9851 0.0736
vn 0.0697 0.9959 0.0572
vn 0.1025 0.9851 0.1383
vn 0.2749 0.9399 0.2028
vn 0.2097 0.9666 0.1470
vn 0.1851 0.9666 0.1770
vn 0.2525 0.9399 0.2300
vn 0.4152 0.8560 0.3080
vn 0.3456 0.9027 0.2563
vn 0.3188 0.9027 0.2889
vn 0.3831 0.8560 0.3472
vn 0.5416 0.7384 0.4017
vn 0.4808 0.8010 0.3566
vn 0.4436 0.8010 0.4020
vn 0.4997 0.7384 0.4528
vn 0.6468 0.5928 0.4798
vn 0.5972 0.6687 0.4429
vn 0.5509 0.6687 0.4993
vn 0.5967 0.5928 0.5408
vn 0.7271 0.4249 0.5393
vn 0.6903 0.5112 0.5120
vn 0.6368 0.5112 0.5772
vn 0.6708 0.4249 0.6079
vn 0.3472 0.8560 0.3831
vn 0.2889 0.9027 0.3188
vn 0.2563 0.9027 0.3456
vn 0.3080 0.8560 0.4152
vn 0.4528 0.7384 0.4997
vn 0.4020 0.8010 0.4436
vn 0.3566 0.8010 0.4808
vn 0.4017 0.7384 0.5416
vn 0.5408 0.5928 0.5967
vn 0.4993 0.6687 0.5509
vn 0.4429 0.6687 0.5972
vn 0.4798 0.5928 0.6468
vn 0.6079 0.4249 0.6708
vn 0.5772 0.5112 0.6368
vn 0.5120 0.5112 0.6903
vn 0.5393 0.4249 0.7271
vn 0.6517 0.2413 0.7191
vn 0.6328 0.3346 0.6983
vn 0.5614 0.3346 0.7569
vn 0.5781 0.2413 0.7795
vn 0.6678 0.1053 0.7369
vn 0.6636 0.1536 0.7322
vn 0.5887 0.1536 0.7937
vn 0.5924 0.1053 0.7987
vn 0.1383 0.9851 0.1025
vn 0.0572 0.9959 0.0697
vn 0.0736 0.9851 0.1556
vn 0.2300 0.9399 0.2525
vn 0.1770 0.9666 0.1851
vn 0.1470 0.9666 0.2097
vn 0.2028 0.9399 0.2749
vn 0.4989 0.2413 0.8324
vn 0.4844 0.3346 0.8083
vn 0.4029 0.3346 0.8519
vn 0.4150 0.2413 0.8773
vn 0.5112 0.1053 0.8530
vn 0.5080 0.1536 0.8476
vn 0.4225 0.1536 0.8933
vn 0.4252 0.1053 0.8989
vn 0.1156 0.9851 0.1275
vn 0.0425 0.9959 0.0795
vn 0.0418 0.9851 0.1670
vn 0.1763 0.9399 0.2925
vn 0.1375 0.9666 0.2161
vn 0.1033 0.9666 0.2344
vn 0.1453 0.9399 0.3091
vn 0.2658 0.8560 0.4434
vn 0.2212 0.9027 0.3691
vn 0.1840 0.9027 0.3889
vn 0.2210 0.8560 0.4673
vn 0.3467 0.7384 0.5784
vn 0.3078 0.8010 0.5135
vn 0.2560 0.8010 0.5412
vn 0.2883 0.7384 0.6096
vn 0.4140 0.5928 0.6908
vn 0.3822 0.6687 0.6378
vn 0.3179 0.6687 0.6721
vn 0.3444 0.5928 0.7280
vn 0.4653 0.4249 0.7765
vn 0.4418 0.5112 0.7372
vn 0.3675 0.5112 0.7769
vn 0.3871 0.4249 0.8183
vn 0.2272 0.7384 0.6349
vn 0.2017 0.8010 0.5637
vn 0.1455 0.8010 0.5807
vn 0.1639 0.7384 0.6541
vn 0.2713 0.5928 0.7583
vn 0.2505 0.6687 0.7001
vn 0.1807 0.6687 0.7212
vn 0.1957 0.5928 0.7812
vn 0.3049 0.4249 0.8523
vn 0.2895 0.5112 0.8092
vn 0.2089 0.5112 0.8337
vn 0.2200 0.4249 0.8781
vn 0.3269 0.2413 0.9137
vn 0.3174 0.3346 0.8873
vn 0.2290 0.3346 0.9141
vn 0.2358 0.2413 0.9414
vn 0.3350 0.1053 0.9363
vn 0.3329 0.1536 0.9304
vn 0.2401 0.1536 0.9585
vn 0.2417 0.1053 0.9646
vn 0.0885 0.9851 0.1476
vn 0.0262 0.9959 0.0862
vn 0.0084 0.9851 0.1720
vn 0.1159 0.9399 0.3213
vn 0.0927 0.9666 0.2388
vn 0.0556 0.9666 0.2500
vn 0.0822 0.9399 0.3315
vn 0.1741 0.8560 0.4867
vn 0.1449 0.9027 0.4051
vn 0.1046 0.9027 0.4174
vn 0.1256 0.8560 0.5015
vn 0.1459 0.1053 0.9837
vn 0.1450 0.1536 0.9775
vn 0.0485 0.1536 0.9869
vn 0.0488 0.1053 0.9932
vn 0.0580 0.9851 0.1621
vn 0.0088 0.9959 0.0897
vn -0.0253 0.9851 0.1703
vn 0.0510 0.9399 0.3377
vn 0.0443 0.9666 0.2523
vn 0.0057 0.9666 0.2561
vn 0.0159 0.9399 0.3412
vn 0.0758 0.8560 0.5114
vn 0.0631 0.9027 0.4256
vn 0.0211 0.9027 0.4297
vn 0.0254 0.8560 0.5163
vn 0.0989 0.7384 0.6670
vn 0.0878 0.8010 0.5922
vn 0.0294 0.8010 0.5979
vn 0.0331 0.7384 0.6735
vn 0.1181 0.5928 0.7966
vn 0.1091 0.6687 0.7355
vn 0.0365 0.6687 0.7426
vn 0.0395 0.5928 0.8044
vn 0.1328 0.4249 0.8954
vn 0.1261 0.5112 0.8502
vn 0.0422 0.5112 0.8584
vn 0.0445 0.4249 0.9041
vn 0.1424 0.2413 0.9600
vn 0.1382 0.3346 0.9322
vn 0.0463 0.3346 0.9412
vn 0.0477 0.2413 0.9693
vn -0.0331 0.7384 0.6735
vn -0.0294 0.8010 0.5979
vn -0.0878 0.8010 0.5922
vn -0.0989 0.7384 0.6670
vn -0.0395 0.5928 0.8044
vn -0.0365 0.6687 0.7426
vn -0.1091 0.6687 0.7355
vn -0.1181 0.5928 0.7966
vn -0.0445 0.4249 0.9041
vn -0.0422 0.5112 0.8584
vn -0.1261 0.5112 0.8502
vn -0.1328 0.4249 0.8954
vn -0.0477 0.2413 0.9693
vn -0.0463 0.3346 0.9412
vn -0.1382 0.3346 0.9322
vn -0.1424 0.2413 0.9600
vn -0.0488 0.1053 0.9932
vn -0.0485 0.1536 0.9869
vn -0.1450 0.1536 0.9774
vn -0.1459 0.1053 0.9837
vn 0.0253 0.9851 0.1703
vn -0.0088 0.9959 0.0897
vn -0.0580 0.9851 0.1621
vn -0.0159 0.9399 0.3412
vn -0.0057 0.9666 0.2561
vn -0.0443 0.9666 0.2523
vn -0.0510 0.9399 0.3377
vn -0.0254 0.8560 0.5163
vn -0.0211 0.9027 0.4297
vn -0.0631 0.9027 0.4256
vn -0.0758 0.8560 0.5114
vn -0.2417 0.1053 0.9646
vn -0.2401 0.1536 0.9585
vn -0.3329 0.1536 0.9304
vn -0.3350 0.1053 0.9363
vn -0.0084 0.9851 0.1720
vn -0.0262 0.9959 0.0862
vn -0.0885 0.9851 0.1476
vn -0.0822 0.9399 0.3315
vn -0.0556 0.9666 0.2500
vn -0.0927 0.9666 0.2388
vn -0.1159 0.9399 0.3213
vn -0.1256 0.8560 0.5015
vn -0.1046 0.9027 0.4174
vn -0.1449 0.9027 0.4051
vn -0.1741 0.8560 0.4867
vn -0.1639 0.7384 0.6541
vn -0.1455 0.8010 0.5807
vn -0.2017 0.8010 0.5637
vn -0.2272 0.7384 0.6349
vn -0.1957 0.5928 0.7812
vn -0.1807 0.6687 0.7212
vn -0.2505 0.6687 0.7001
vn -0.2713 0.5928 0.7583
vn -0.2200 0.4249 0.8781
vn -0.2089 0.5112 0.8337
vn -0.2895 0.5112 0.8092
vn -0.3049 0.4249 0.8523
vn -0.2358 0.2413 0.9414
vn -0.2290 0.3346 0.9141
vn -0.3174 0.3346 0.8873
vn -0.3269 0.2413 0.9137
vn -0.3444 0.5928 0.7280
vn -0.3179 0.6687 0.6721
vn -0.3822 0.6687 0.6378
vn -0.4140 0.5928 0.6908
vn -0.3871 0.4249 0.8183
vn -0.3675 0.5112 0.7769
vn -0.4418 0.5112 0.7372
vn -0.4653 0.4249 0.7765
vn -0.4150 0.2413 0.8773
vn -0.4029 0.3346 0.8519
vn -0.4844 0.3346 0.8083
vn -0.4989 0.2413 0.8324
vn -0.4252 0.1053 0.8989
vn -0.4225 0.1536 0.8933
vn -0.5080 0.1536 0.8476
vn -0.5112 0.1053 0.8530
vn -0.0418 0.9851 0.1670
vn -0.0425 0.9959 0.0795
vn -0.1156 0.9851 0.1275
vn -0.1453 0.9399 0.3091
vn -0.1033 0.9666 0.2344
vn -0.1375 0.9666 0.2161
vn -0.1763 0.9399 0.2925
vn -0.2210 0.8560 0.4673
vn -0.1840 0.9027 0.3889
vn -0.2212 0.9027 0.3691
vn -0.2658 0.8560 0.4434
vn -0.2883 0.7384 0.6096
vn -0.2560 0.8010 0.5412
vn -0.3078 0.8010 0.5135
vn -0.3467 0.7384 0.5784
vn -0.0736 0.9851 0.1556
vn -0.0572 0.9959 0.0697
vn -0.1383 0.9851 0.1025
vn -0.2028 0.9399 0.2749
vn -0.1470 0.9666 0.2097
vn -0.1770 0.9666 0.1851
vn -0.2300 0.9399 0.2525
vn -0.3080 0.8560 0.4152
vn -0.2563 0.9027 0.3456
vn -0.2889 0.9027 0.3188
vn -0.3472 0.8560 0.3831
vn -0.4017 0.7384 0.5416
vn -0.3566 0.8010 0.4808
vn -0.4020 0.8010 0.4436
vn -0.4528 0.7384 0.4997
vn -0.4798 0.5928 0.6468
vn -0.4429 0.6687 0.5972
vn -0.4993 0.6687 0.5509
vn -0.5408 0.5928 0.5967
vn -0.5393 0.4249 0.7271
vn -0.5120 0.5112 0.6903
vn -0.5772 0.5112 0.6368
vn -0.6079 0.4249 0.6708
vn -0.5781 0.2413 0.7795
vn -0.5614 0.3346 0.7569
vn -0.6328 0.3346 0.6983
vn -0.6517 0.2413 0.7191
vn -0.5924 0.1053 0.7987
vn -0.5887 0.1536 0.7937
vn -0.6636 0.1536 0.7322
vn -0.6678 0.1053 0.7369
vn -0.6708 0.4249 0.6079
vn -0.6368 0.5112 0.5772
vn -0.6903 0.5112 0.5120
vn -0.7271 0.4249 0.5393
vn -0.7191 0.2413 0.6517
vn -0.6983 0.3346 0.6328
vn -0.7569 0.3346 0.5614
vn -0.7795 0.2413 0.5781
vn -0.7369 0.1053 0.6678
vn -0.7322 0.1536 0.6636
vn -0.7937 0.1536 0.5887
vn -0.7987 0.1053 0.5924
vn -0.1025 0.9851 0.1383
vn -0.0697 0.9959 0.0572
vn -0.1556 0.9851 0.0736
vn -0.2525 0.9399 0.2300
vn -0.1851 0.9666 0.1770
vn -0.2097 0.9666 0.1470
vn -0.2749 0.9399 0.2028
vn -0.3831 0.8560 0.3472
vn -0.3188 0.9027 0.2889
vn -0.3456 0.9027 0.2563
vn -0.4152 0.8560 0.3080
vn -0.4997 0.7384 0.4528
vn -0.4436 0.8010 0.4020
vn -0.4808 0.8010 0.3566
vn -0.5416 0.7384 0.4017
vn -0.5967 0.5928 0.5408
vn -0.5509 0.6687 0.4993
vn -0.5972 0.6687 0.4429
vn -0.6468 0.5928 0.4798
vn -0.1275 0.9851 0.1156
vn -0.0795 0.9959 0.0425
vn -0.1670 0.9851 0.0418
vn -0.2925 0.9399 0.1763
vn -0.2161 0.9666 0.1375
vn -0.2344 0.9666 0.1033
vn -0.3091 0.9399 0.1453
vn -0.4434 0.8560 0.2658
vn -0.3691 0.9027 0.2212
vn -0.3889 0.9027 0.1840
vn -0.4673 0.8560 0.2210
vn -0.5784 0.7384 0.3467
vn -0.5135 0.8010 0.3078
vn -0.5412 0.8010 0.2560
vn -0.6096 0.7384 0.2883
vn -0.6908 0.5928 0.4140
vn -0.6378 0.6687 0.3822
vn -0.6721 0.6687 0.3179
vn -0.7280 0.5928 0.3444
vn -0.7765 0.4249 0.4653
vn -0.7372 0.5112 0.4418
vn -0.7769 0.5112 0.3675
vn -0.8183 0.4249 0.3871
vn -0.8324 0.2413 0.4989
vn -0.8083 0.3346 0.4844
vn -0.8519 0.3346 0.4029
vn -0.8773 0.2413 0.4150
vn -0.8530 0.1053 0.5112
vn -0.8476 0.1536 0.5080
vn -0.8933 0.1536 0.4225
vn -0.8989 0.1053 0.4252
vn -0.8523 0.4249 0.3049
vn -0.8092 0.5112 0.2895
vn -0.8337 0.5112 0.2089
vn -0.8781 0.4249 0.2200
vn -0.9137 0.2413 0.3269
vn -0.8873 0.3346 0.3174
vn -0.9141 0.3346 0.2290
vn -0.9414 0.2413 0.2358
vn -0.9363 0.1053 0.3350
vn -0.9304 0.1536 0.3329
vn -0.9585 0.1536 0.2401
vn -0.9646 0.1053 0.2417
vn -0.1476 0.9851 0.0885
vn -0.0862 0.9959 0.0262
vn -0.1720 0.9851 0.0084
vn -0.3213 0.9399 0.1159
vn -0.2388 0.9666 0.0927
vn -0.2500 0.9666 0.0556
vn -0.3315 0.9399 0.0822
vn -0.4867 0.8560 0.1741
vn -0.4051 0.9027 0.1449
vn -0.4174 0.9027 0.1046
vn -0.5015 0.8560 0.1256
vn -0.6349 0.7384 0.2272
vn -0.5637 0.8010 0.2017
vn -0.5807 0.8010 0.1455
vn -0.6541 0.7384 0.1639
vn -0.7583 0.5928 0.2713
vn -0.7001 0.6687 0.2505
vn -0.7212 0.6687 0.1807
vn -0.7812 0.5928 0.1957
vn -0.5114 0.8560 0.0758
vn -0.4256 0.9027 0.0631
vn -0.4297 0.9027 0.0211
vn -0.5163 0.8560 0.0254
vn -0.6670 0.7384 0.0989
vn -0.5922 0.8010 0.0878
vn -0.5979 0.8010 0.0294
vn -0.6735 0.7384 0.0331
vn -0.7966 0.5928 0.1181
vn -0.7355 0.6687 0.1091
vn -0.7426 0.6687 0.0365
vn -0.8044 0.5928 0.0395
vn -0.8954 0.4249 0.1328
vn -0.8502 0.5112 0.1261
vn -0.8584 0.5112 0.0422
vn -0.9041 0.4249 0.0445
vn -0.9600 0.2413 0.1424
vn -0.9322 0.3346 0.1382
vn -0.9412 0.3346 0.0463
vn -0.9693 0.2413 0.0477
vn -0.9837 0.1053 0.1459
vn -0.9775 0.1536 0.1450
vn -0.9869 0.1536 0.0485
vn -0.9932 0.1053 0.0488
vn -0.1621 0.9851 0.0580
vn -0.0897 0.9959 0.0088
vn -0.1703 0.9851 -0.0253
vn -0.3377 0.9399 0.0510
vn -0.2523 0.9666 0.0443
vn -0.2561 0.9666 0.0057
vn -0.3412 0.9399 0.0159
vn -0.9693 0.2413 -0.0477
vn -0.9412 0.3346 -0.0463
vn -0.9322 0.3346 -0.1382
vn -0.9600 0.2413 -0.1424
vn -0.9932 0.1053 -0.0488
vn -0.9869 0.1536 -0.0485
vn -0.9774 0.1536 -0.1450
vn -0.9837 0.1053 -0.1459
vn -0.1703 0.9851 0.0253
vn -0.0897 0.9959 -0.0088
vn -0.1621 0.9851 -0.0580
vn -0.3412 0.9399 -0.0159
vn -0.2561 0.9666 -0.0057
vn -0.2523 0.9666 -0.0443
vn -0.3377 0.9399 -0.0510
vn -0.5163 0.8560 -0.0254
vn -0.4297 0.9027 -0.0211
vn -0.4256 0.9027 -0.0631
vn -0.5114 0.8560 -0.0758
vn -0.6735 0.7384 -0.0331
vn -0.5979 0.8010 -0.0294
vn -0.5922 0.8010 -0.0878
vn -0.6670 0.7384 -0.0989
vn -0.8044 0.5928 -0.0395
vn -0.7426 0.6687 -0.0365
vn -0.7355 0.6687 -0.1091
vn -0.7966 0.5928 -0.1181
vn -0.9041 0.4249 -0.0445
vn -0.8584 0.5112 -0.0422
vn -0.8502 0.5112 -0.1261
vn -0.8954 0.4249 -0.1328
vn -0.5015 0.8560 -0.1256
vn -0.4174 0.9027 -0.1046
vn -0.4051 0.9027 -0.1449
vn -0.4867 0.8560 -0.1741
vn -0.6541 0.7384 -0.1639
vn -0.5807 0.8010 -0.1455
vn -0.5637 0.8010 -0.2017
vn -0.6349 0.7384 -0.2272
vn -0.7812 0.5928 -0.1957
vn -0.7212 0.6687 -0.1807
vn -0.7001 0.6687 -0.2505
vn -0.7583 0.5928 -0.2713
vn -0.8781 0.4249 -0.2200
vn -0.8337 0.5112 -0.2089
vn -0.8092 0.5112 -0.2895
vn -0.8523 0.4249 -0.3049
vn -0.9414 0.2413 -0.2358
vn -0.9141 0.3346 -0.2290
vn -0.8873 0.3346 -0.3174
vn -0.9137 0.2413 -0.3269
vn -0.9646 0.1053 -0.2417
vn -0.9585 0.1536 -0.2401
vn -0.9304 0.1536 -0.3329
vn -0.9363 0.1053 -0.3350
vn -0.1720 0.9851 -0.0084
vn -0.0862 0.9959 -0.0262
vn -0.1476 0.9851 -0.0885
vn -0.3315 0.9399 -0.0822
vn -0.2500 0.9666 -0.0556
vn -0.2388 0.9666 -0.0927
vn -0.3213 0.9399 -0.1159
vn -0.8773 0.2413 -0.4150
vn -0.8519 0.3346 -0.4029
vn -0.8083 0.3346 -0.4844
vn -0.8324 0.2413 -0.4989
vn -0.8989 0.1053 -0.4252
vn -0.8933 0.1536 -0.4225
vn -0.8476 0.1536 -0.5080
vn -0.8530 0.1053 -0.5112
vn -0.1670 0.9851 -0.0418
vn -0.0795 0.9959 -0.0425
vn -0.1275 0.9851 -0.1156
vn -0.3091 0.9399 -0.1453
vn -0.2344 0.9666 -0.1033
vn -0.2161 0.9666 -0.1375
vn -0.2925 0.9399 -0.1763
vn -0.4673 0.8560 -0.2210
vn -0.3889 0.9027 -0.1840
vn -0.3691 0.9027 -0.2212
vn -0.4434 0.8560 -0.2658
vn -0.6096 0.7384 -0.2883
vn -0.5412 0.8010 -0.2560
vn -0.5135 0.8010 -0.3078
vn -0.5784 0.7384 -0.3467
vn -0.7280 0.5928 -0.3444
vn -0.6721 0.6687 -0.3179
vn -0.6378 0.6687 -0.3822
vn -0.6908 0.5928 -0.4140
vn -0.8183 0.4249 -0.3871
vn -0.7769 0.5112 -0.3675
vn -0.7372 0.5112 -0.4418
vn -0.7765 0.4249 -0.4653
vn -0.5416 0.7384 -0.4017
vn -0.4808 0.8010 -0.3566
vn -0.4436 0.8010 -0.4020
vn -0.4997 0.7384 -0.4528
vn -0.6468 0.5928 -0.4798
vn -0.5972 0.6687 -0.4429
vn -0.5509 0.6687 -0.4993
vn -0.5967 0.5928 -0.5408
vn -0.7271 0.4249 -0.5393
vn -0.6903 0.5112 -0.5120
vn -0.6368 0.5112 -0.5772
vn -0.6708 0.4249 -0.6079
vn -0.7795 0.2413 -0.5781
vn -0.7569 0.3346 -0.5614
vn -0.6983 0.3346 -0.6328
vn -0.7191 0.2413 -0.6517
vn -0.7987 0.1053 -0.5924
vn -0.7937 0.1536 -0.5887
vn -0.7322 0.1536 -0.6636
vn -0.7369 0.1053 -0.6678
vn -0.1556 0.9851 -0.0736
vn -0.0697 0.9959 -0.0572
vn -0.1025 0.9851 -0.1383
vn -0.2749 0.9399 -0.2028
vn -0.2097 0.9666 -0.1470
vn -0.1851 0.9666 -0.1770
vn -0.2525 0.9399 -0.2300
vn -0.4152 0.8560 -0.3080
vn -0.3456 0.9027 -0.2563
vn -0.3188 0.9027 -0.2889
vn -0.3831 0.8560 -0.3472
vn -0.6678 0.1053 -0.7369
vn -0.6636 0.1536 -0.7322
vn -0.5887 0.1536 -0.7937
vn -0.5924 0.1053 -0.7987
vn -0.1383 0.9851 -0.1025
vn -0.0572 0.9959 -0.0697
vn -0.0736 0.9851 -0.1556
vn -0.2300 0.9399 -0.2525
vn -0.1770 0.9666 -0.1851
vn -0.1470 0.9666 -0.2097
vn -0.2028 0.9399 -0.2749
vn -0.3472 0.8560 -0.3831
vn -0.2889 0.9027 -0.3188
vn -0.2563 0.9027 -0.3456
vn -0.3080 0.8560 -0.4152
vn -0.4528 0.7384 -0.4997
vn -0.4020 0.8010 -0.4436
vn -0.3566 0.8010 -0.4808
vn -0.4017 0.7384 -0.5416
vn -0.5408 0.5928 -0.5967
vn -0.4993 0.6687 -0.5509
vn -0.4429 0.6687 -0.5972
vn -0.4798 0.5928 -0.6468
vn -0.6079 0.4249 -0.6708
vn -0.5772 0.5112 -0.6368
vn -0.5120 0.5112 -0.6903
vn -0.5393 0.4249 -0.7271
vn -0.6517 0.2413 -0.7191
vn -0.6328 0.3346 -0.6983
vn -0.5614 0.3346 -0.7569
vn -0.5781 0.2413 -0.7795
vn -0.4140 0.5928 -0.6908
vn -0.3822 0.6687 -0.6378
vn -0.3179 0.6687 -0.6721
vn -0.3444 0.5928 -0.7280
vn -0.4653 0.4249 -0.7765
vn -0.4418 0.5112 -0.7372
vn -0.3675 0.5112 -0.7769
vn -0.3871 0.4249 -0.8183
vn -0.4989 0.2413 -0.8324
vn -0.4844 0.3346 -0.8083
vn -0.4029 0.3346 -0.8519
vn -0.4150 0.2413 -0.8773
vn -0.5112 0.1053 -0.8530
vn -0.5080 0.1536 -0.8476
vn -0.4225 0.1536 -0.8933
vn -0.4252 0.1053 -0.8989
vn -0.1156 0.9851 -0.1275
vn -0.0425 0.9959 -0.0795
vn -0.0418 0.9851 -0.1670
vn -0.1763 0.9399 -0.2925
vn -0.1375 0.9666 -0.2161
vn -0.1033 0.9666 -0.2344
vn -0.1453 0.9399 -0.3091
vn -0.2658 0.8560 -0.4434
vn -0.2212 0.9027 -0.3691
vn -0.1840 0.9027 -0.3889
vn -0.2210 0.8560 -0.4673
vn -0.3467 0.7384 -0.5784
vn -0.3078 0.8010 -0.5135
vn -0.2560 0.8010 -0.5412
vn -0.2883 0.7384 -0.6096
vn -0.0885 0.9851 -0.1476
vn -0.0262 0.9959 -0.0862
vn -0.0084 0.9851 -0.1720
vn -0.1159 0.9399 -0.3213
vn -0.0927 0.9666 -0.2388
vn -0.0556 0.9666 -0.2500
vn -0.0822 0.9399 -0.3315
vn -0.1741 0.8560 -0.4867
vn -0.1449 0.9027 -0.4051
vn -0.1046 0.9027 -0.4174
vn -0.1256 0.8560 -0.5015
vn -0.2272 0.7384 -0.6349
vn -0.2017 0.8010 -0.5637
vn -0.1455 0.8010 -0.5807
vn -0.1639 0.7384 -0.6541
vn -0.2713 0.5928 -0.7583
vn -0.2505 0.6687 -0.7001
vn -0.1807 0.6687 -0.7212
vn -0.1957 0.5928 -0.7812
vn -0.3049 0.4249 -0.8523
vn -0.2895 0.5112 -0.8092
vn -0.2089 0.5112 -0.8337
vn -0.2200 0.4249 -0.8781
vn -0.3269 0.2413 -0.9137
vn -0.3174 0.3346 -0.8873
vn -0.2290 0.3346 -0.9141
vn -0.2358 0.2413 -0.9414
vn -0.3350 0.1053 -0.9363
vn -0.3329 0.1536 -0.9304
vn -0.2401 0.1536 -0.9585
vn -0.2417 0.1053 -0.9646
vn -0.1181 0.5928 -0.7966
vn -0.1091 0.6687 -0.7355
vn -0.0365 0.6687 -0.7426
vn -0.0396 0.5928 -0.8044
vn -0.1328 0.4249 -0.8954
vn -0.1261 0.5112 -0.8502
vn -0.0422 0.5112 -0.8584
vn -0.0445 0.4249 -0.9041
vn -0.1424 0.2413 -0.9600
vn -0.1382 0.3346 -0.9322
vn -0.0463 0.3346 -0.9412
vn -0.0477 0.2413 -0.9693
vn -0.1459 0.1053 -0.9837
vn -0.1450 0.1536 -0.9775
vn -0.0485 0.1536 -0.9869
vn -0.0488 0.1053 -0.9932
vn -0.0580 0.9851 -0.1621
vn -0.0088 0.9959 -0.0897
vn 0.0253 0.9851 -0.1703
vn -0.0510 0.9399 -0.3377
vn -0.0443 0.9666 -0.2523
vn -0.0057 0.9666 -0.2561
vn -0.0159 0.9399 -0.3412
vn -0.0758 0.8560 -0.5114
vn -0.0631 0.9027 -0.4256
vn -0.0211 0.9027 -0.4297
vn -0.0254 0.8560 -0.5163
vn -0.0989 0.7384 -0.6670
vn -0.0878 0.8010 -0.5922
vn -0.0294 0.8010 -0.5979
vn -0.0331 0.7384 -0.6735
vt 0.750000 0.625000
vt 0.750000 0.656250
vt 0.734375 0.656250
vt 0.734375 0.625000
vt 0.750000 0.687500
vt 0.734375 0.687500
vt 0.718750 0.687500
vt 0.718750 0.656250
vt 0.718750 0.625000
vt 0.750000 0.718750
vt 0.734375 0.718750
vt 0.750000 0.750000
vt 0.734375 0.750000
vt 0.718750 0.750000
vt 0.718750 0.718750
vt 0.750000 0.781250
vt 0.734375 0.781250
vt 0.750000 0.812500
vt 0.734375 0.812500
vt 0.718750 0.812500
vt 0.718750 0.781250
vt 0.750000 0.843750
vt 0.734375 0.843750
vt 0.750000 0.875000
vt 0.734375 0.875000
vt 0.718750 0.875000
vt 0.718750 0.843750
vt 0.750000 0.906105
vt 0.734375 0.905961
vt 0.750000 0.937500
vt 0.734375 0.935185
vt 0.718750 0.937500
vt 0.718750 0.906105
vt 0.742188 0.968750
vt 0.734375 0.957899
vt 0.734375 1.000000
vt 0.726563 0.968750
vt 0.750000 0.500000
vt 0.750000 0.531250
vt 0.734375 0.531250
vt 0.734375 0.500000
vt 0.750000 0.562500
vt 0.734375 0.562500
vt 0.718750 0.562500
vt 0.718750 0.531250
vt 0.718750 0.500000
vt 0.750000 0.593750
vt 0.734375 0.593750
vt 0.718750 0.593750
vt 0.703125 0.718750
vt 0.703125 0.687500
vt 0.703125 0.750000
vt 0.687500 0.750000
vt 0.687500 0.718750
vt 0.687500 0.687500
vt 0.703125 0.656250
vt 0.703125 0.625000
vt 0.687500 0.656250
vt 0.687500 0.625000
vt 0.703125 0.593750
vt 0.703125 0.562500
vt 0.687500 0.593750
vt 0.687500 0.562500
vt 0.703125 0.531250
vt 0.703125 0.500000
vt 0.687500 0.531250
vt 0.687500 0.500000
vt 0.710938 0.968750
vt 0.703125 0.957899
vt 0.703125 0.935185
vt 0.703125 1.000000
vt 0.695313 0.968750
vt 0.687500 0.937500
vt 0.703125 0.843750
vt 0.703125 0.812500
vt 0.703125 0.875000
vt 0.687500 0.875000
vt 0.687500 0.843750
vt 0.687500 0.812500
vt 0.703125 0.905961
vt 0.687500 0.906105
vt 0.703125 0.781250
vt 0.687500 0.781250
vt 0.671875 0.531250
vt 0.671875 0.500000
vt 0.671875 0.562500
vt 0.656250 0.562500
vt 0.656250 0.531250
vt 0.656250 0.500000
vt 0.679688 0.968750
vt 0.671875 0.957899
vt 0.671875 0.935185
vt 0.671875 1.000000
vt 0.664063 0.968750
vt 0.656250 0.937500
vt 0.671875 0.905961
vt 0.671875 0.875000
vt 0.656250 0.906105
vt 0.656250 0.875000
vt 0.671875 0.843750
vt 0.671875 0.812500
vt 0.656250 0.843750
vt 0.656250 0.812500
vt 0.671875 0.781250
vt 0.671875 0.750000
vt 0.656250 0.781250
vt 0.656250 0.750000
vt 0.671875 0.718750
vt 0.671875 0.687500
vt 0.656250 0.718750
vt 0.656250 0.687500
vt 0.671875 0.656250
vt 0.671875 0.625000
vt 0.656250 0.656250
vt 0.656250 0.625000
vt 0.671875 0.593750
vt 0.656250 0.593750
vt 0.640625 0.781250
vt 0.640625 0.750000
vt 0.640625 0.812500
vt 0.625000 0.812500
vt 0.625000 0.781250
vt 0.625000 0.750000
vt 0.640625 0.718750
vt 0.640625 0.687500
vt 0.625000 0.718750
vt 0.625000 0.687500
vt 0.640625 0.656250
vt 0.640625 0.625000
vt 0.625000 0.656250
vt 0.625000 0.625000
vt 0.640625 0.593750
vt 0.640625 0.562500
vt 0.625000 0.593750
vt 0.625000 0.562500
vt 0.640625 0.531250
vt 0.640625 0.500000
vt 0.625000 0.531250
vt 0.625000 0.500000
vt 0.648438 0.968750
vt 0.640625 0.957899
vt 0.640625 0.935185
vt 0.640625 1.000000
vt 0.632813 0.968750
vt 0.625000 0.937500
vt 0.640625 0.905961
vt 0.640625 0.875000
vt 0.625000 0.906105
vt 0.625000 0.875000
vt 0.640625 0.843750
vt 0.625000 0.843750
vt 0.609375 0.531250
vt 0.609375 0.500000
vt 0.609375 0.562500
vt 0.593750 0.562500
vt 0.593750 0.531250
vt 0.593750 0.500000
vt 0.617188 0.968750
vt 0.609375 0.957899
vt 0.609375 0.935185
vt 0.609375 1.000000
vt 0.601563 0.968750
vt 0.593750 0.937500
vt 0.609375 0.905961
vt 0.609375 0.875000
vt 0.593750 0.906105
vt 0.593750 0.875000
vt 0.609375 0.843750
vt 0.609375 0.812500
vt 0.593750 0.843750
vt 0.593750 0.812500
vt 0.609375 0.781250
vt 0.609375 0.750000
vt 0.593750 0.781250
vt 0.593750 0.750000
vt 0.609375 0.718750
vt 0.609375 0.687500
vt 0.593750 0.718750
vt 0.593750 0.687500
vt 0.609375 0.656250
vt 0.609375 0.625000
vt 0.593750 0.656250
vt 0.593750 0.625000
vt 0.609375 0.593750
vt 0.593750 0.593750
vt 0.578125 0.718750
vt 0.578125 0.687500
vt 0.578125 0.750000
vt 0.562500 0.750000
vt 0.562500 0.718750
vt 0.562500 0.687500
vt 0.578125 0.656250
vt 0.578125 0.625000
vt 0.562500 0.656250
vt 0.562500 0.625000
vt 0.578125 0.593750
vt 0.578125 0.562500
vt 0.562500 0.593750
vt 0.562500 0.562500
vt 0.578125 0.531250
vt 0.578125 0.500000
vt 0.562500 0.531250
vt 0.562500 0.500000
vt 0.585938 0.968750
vt 0.578125 0.957899
vt 0.578125 0.935185
vt 0.578125 1.000000
vt 0.570313 0.968750
vt 0.562500 0.937500
vt 0.578125 0.905961
vt 0.578125 0.875000
vt 0.562500 0.906105
vt 0.562500 0.875000
vt 0.578125 0.843750
vt 0.578125 0.812500
vt 0.562500 0.843750
vt 0.562500 0.812500
vt 0.578125 0.781250
vt 0.562500 0.781250
vt 0.554688 0.968750
vt 0.546875 0.957899
vt 0.546875 0.935185
vt 0.546875 1.000000
vt 0.539063 0.968750
vt 0.531250 0.937500
vt 0.546875 0.905961
vt 0.546875 0.875000
vt 0.531250 0.906105
vt 0.531250 0.875000
vt 0.546875 0.843750
vt 0.546875 0.812500
vt 0.531250 0.843750
vt 0.531250 0.812500
vt 0.546875 0.781250
vt 0.546875 0.750000
vt 0.531250 0.781250
vt 0.531250 0.750000
vt 0.546875 0.718750
vt 0.546875 0.687500
vt 0.531250 0.718750
vt 0.531250 0.687500
vt 0.546875 0.656250
vt 0.546875 0.625000
vt 0.531250 0.656250
vt 0.531250 0.625000
vt 0.546875 0.593750
vt 0.546875 0.562500
vt 0.531250 0.593750
vt 0.531250 0.562500
vt 0.546875 0.531250
vt 0.546875 0.500000
vt 0.531250 0.531250
vt 0.531250 0.500000
vt 0.515625 0.718750
vt 0.515625 0.687500
vt 0.515625 0.750000
vt 0.500000 0.750000
vt 0.500000 0.718750
vt 0.500000 0.687500
vt 0.515625 0.656250
vt 0.515625 0.625000
vt 0.500000 0.656250
vt 0.500000 0.625000
vt 0.515625 0.593750
vt 0.515625 0.562500
vt 0.500000 0.593750
vt 0.500000 0.562500
vt 0.515625 0.531250
vt 0.515625 0.500000
vt 0.500000 0.531250
vt 0.500000 0.500000
vt 0.523438 0.968750
vt 0.515625 0.957899
vt 0.515625 0.935185
vt 0.515625 1.000000
vt 0.507813 0.968750
vt 0.500000 0.937500
vt 0.515625 0.905961
vt 0.515625 0.875000
vt 0.500000 0.906105
vt 0.500000 0.875000
vt 0.515625 0.843750
vt 0.515625 0.812500
vt 0.500000 0.843750
vt 0.500000 0.812500
vt 0.515625 0.781250
vt 0.500000 0.781250
vt 0.492188 0.968750
vt 0.484375 0.957899
vt 0.484375 0.935185
vt 0.484375 1.000000
vt 0.476563 0.968750
vt 0.468750 0.937500
vt 0.484375 0.905961
vt 0.484375 0.875000
vt 0.468750 0.906105
vt 0.468750 0.875000
vt 0.484375 0.843750
vt 0.484375 0.812500
vt 0.468750 0.843750
vt 0.468750 0.812500
vt 0.484375 0.781250
vt 0.484375 0.750000
vt 0.468750 0.781250
vt 0.468750 0.750000
vt 0.484375 0.718750
vt 0.484375 0.687500
vt 0.468750 0.718750
vt 0.468750 0.687500
vt 0.484375 0.656250
vt 0.484375 0.625000
vt 0.468750 0.656250
vt 0.468750 0.625000
vt 0.484375 0.593750
vt 0.484375 0.562500
vt 0.468750 0.593750
vt 0.468750 0.562500
vt 0.484375 0.531250
vt 0.484375 0.500000
vt 0.468750 0.531250
vt 0.468750 0.500000
vt 0.453125 0.656250
vt 0.453125 0.625000
vt 0.453125 0.687500
vt 0.437500 0.687500
vt 0.437500 0.656250
vt 0.437500 0.625000
vt 0.453125 0.593750
vt 0.453125 0.562500
vt 0.437500 0.593750
vt 0.437500 0.562500
vt 0.453125 0.531250
vt 0.453125 0.500000
vt 0.437500 0.531250
vt 0.437500 0.500000
vt 0.460938 0.968750
vt 0.453125 0.957899
vt 0.453125 0.935185
vt 0.453125 1.000000
vt 0.445313 0.968750
vt 0.437500 0.937500
vt 0.453125 0.905961
vt 0.453125 0.875000
vt 0.437500 0.906105
vt 0.437500 0.875000
vt 0.453125 0.843750
vt 0.453125 0.812500
vt 0.437500 0.843750
vt 0.437500 0.812500
vt 0.453125 0.781250
vt 0.453125 0.750000
vt 0.437500 0.781250
vt 0.437500 0.750000
vt 0.453125 0.718750
vt 0.437500 0.718750
vt 0.421875 0.905961
vt 0.421875 0.875000
vt 0.421875 0.935185
vt 0.406250 0.937500
vt 0.406250 0.906105
vt 0.406250 0.875000
vt 0.421875 0.843750
vt 0.421875 0.812500
vt 0.406250 0.843750
vt 0.406250 0.812500
vt 0.421875 0.781250
vt 0.421875 0.750000
vt 0.406250 0.781250
vt 0.406250 0.750000
vt 0.421875 0.718750
vt 0.421875 0.687500
vt 0.406250 0.718750
vt 0.406250 0.687500
vt 0.421875 0.656250
vt 0.421875 0.625000
vt 0.406250 0.656250
vt 0.406250 0.625000
vt 0.421875 0.593750
vt 0.421875 0.562500
vt 0.406250 0.593750
vt 0.406250 0.562500
vt 0.421875 0.531250
vt 0.421875 0.500000
vt 0.406250 0.531250
vt 0.406250 0.500000
vt 0.429688 0.968750
vt 0.421875 0.957899
vt 0.421875 1.000000
vt 0.414063 0.968750
vt 0.390625 0.593750
vt 0.390625 0.562500
vt 0.390625 0.625000
vt 0.375000 0.625000
vt 0.375000 0.593750
vt 0.375000 0.562500
vt 0.390625 0.531250
vt 0.390625 0.500000
vt 0.375000 0.531250
vt 0.375000 0.500000
vt 0.398438 0.968750
vt 0.390625 0.957899
vt 0.390625 0.935185
vt 0.390625 1.000000
vt 0.382813 0.968750
vt 0.375000 0.937500
vt 0.390625 0.905961
vt 0.390625 0.875000
vt 0.375000 0.906105
vt 0.375000 0.875000
vt 0.390625 0.843750
vt 0.390625 0.812500
vt 0.375000 0.843750
vt 0.375000 0.812500
vt 0.390625 0.781250
vt 0.390625 0.750000
vt 0.375000 0.781250
vt 0.375000 0.750000
vt 0.390625 0.718750
vt 0.390625 0.687500
vt 0.375000 0.718750
vt 0.375000 0.687500
vt 0.390625 0.656250
vt 0.375000 0.656250
vt 0.359375 0.843750
vt 0.359375 0.812500
vt 0.359375 0.875000
vt 0.343750 0.875000
vt 0.343750 0.843750
vt 0.343750 0.812500
vt 0.359375 0.781250
vt 0.359375 0.750000
vt 0.343750 0.781250
vt 0.343750 0.750000
vt 0.359375 0.718750
vt 0.359375 0.687500
vt 0.343750 0.718750
vt 0.343750 0.687500
vt 0.359375 0.656250
vt 0.359375 0.625000
vt 0.343750 0.656250
vt 0.343750 0.625000
vt 0.359375 0.593750
vt 0.359375 0.562500
vt 0.343750 0.593750
vt 0.343750 0.562500
vt 0.359375 0.531250
vt 0.359375 0.500000
vt 0.343750 0.531250
vt 0.343750 0.500000
vt 0.367188 0.968750
vt 0.359375 0.957899
vt 0.359375 0.935185
vt 0.359375 1.000000
vt 0.351563 0.968750
vt 0.343750 0.937500
vt 0.359375 0.905961
vt 0.343750 0.906105
vt 0.328125 0.593750
vt 0.328125 0.562500
vt 0.328125 0.625000
vt 0.312500 0.625000
vt 0.312500 0.593750
vt 0.312500 0.562500
vt 0.328125 0.531250
vt 0.328125 0.500000
vt 0.312500 0.531250
vt 0.312500 0.500000
vt 0.335938 0.968750
vt 0.328125 0.957899
vt 0.328125 0.935185
vt 0.328125 1.000000
vt 0.320313 0.968750
vt 0.312500 0.937500
vt 0.328125 0.905961
vt 0.328125 0.875000
vt 0.312500 0.906105
vt 0.312500 0.875000
vt 0.328125 0.843750
vt 0.328125 0.812500
vt 0.312500 0.843750
vt 0.312500 0.812500
vt 0.328125 0.781250
vt 0.328125 0.750000
vt 0.312500 0.781250
vt 0.312500 0.750000
vt 0.328125 0.718750
vt 0.328125 0.687500
vt 0.312500 0.718750
vt 0.312500 0.687500
vt 0.328125 0.656250
vt 0.312500 0.656250
vt 0.296875 0.781250
vt 0.296875 0.750000
vt 0.296875 0.812500
vt 0.281250 0.812500
vt 0.281250 0.781250
vt 0.281250 0.750000
vt 0.296875 0.718750
vt 0.296875 0.687500
vt 0.281250 0.718750
vt 0.281250 0.687500
vt 0.296875 0.656250
vt 0.296875 0.625000
vt 0.281250 0.656250
vt 0.281250 0.625000
vt 0.296875 0.593750
vt 0.296875 0.562500
vt 0.281250 0.593750
vt 0.281250 0.562500
vt 0.296875 0.531250
vt 0.296875 0.500000
vt 0.281250 0.531250
vt 0.281250 0.500000
vt 0.304688 0.968750
vt 0.296875 0.957899
vt 0.296875 0.935185
vt 0.296875 1.000000
vt 0.289063 0.968750
vt 0.281250 0.937500
vt 0.296875 0.905961
vt 0.296875 0.875000
vt 0.281250 0.906105
vt 0.281250 0.875000
vt 0.296875 0.843750
vt 0.281250 0.843750
vt 0.265625 0.531250
vt 0.265625 0.500000
vt 0.265625 0.562500
vt 0.250000 0.562500
vt 0.250000 0.531250
vt 0.250000 0.500000
vt 0.273438 0.968750
vt 0.265625 0.957899
vt 0.265625 0.935185
vt 0.265625 1.000000
vt 0.257813 0.968750
vt 0.250000 0.937500
vt 0.265625 0.905961
vt 0.265625 0.875000
vt 0.250000 0.906105
vt 0.250000 0.875000
vt 0.265625 0.843750
vt 0.265625 0.812500
vt 0.250000 0.843750
vt 0.250000 0.812500
vt 0.265625 0.781250
vt 0.265625 0.750000
vt 0.250000 0.781250
vt 0.250000 0.750000
vt 0.265625 0.718750
vt 0.265625 0.687500
vt 0.250000 0.718750
vt 0.250000 0.687500
vt 0.265625 0.656250
vt 0.265625 0.625000
vt 0.250000 0.656250
vt 0.250000 0.625000
vt 0.265625 0.593750
vt 0.250000 0.593750
vt 0.234375 0.781250
vt 0.234375 0.750000
vt 0.234375 0.812500
vt 0.218750 0.812500
vt 0.218750 0.781250
vt 0.218750 0.750000
vt 0.234375 0.718750
vt 0.234375 0.687500
vt 0.218750 0.718750
vt 0.218750 0.687500
vt 0.234375 0.656250
vt 0.234375 0.625000
vt 0.218750 0.656250
vt 0.218750 0.625000
vt 0.234375 0.593750
vt 0.234375 0.562500
vt 0.218750 0.593750
vt 0.218750 0.562500
vt 0.234375 0.531250
vt 0.234375 0.500000
vt 0.218750 0.531250
vt 0.218750 0.500000
vt 0.242188 0.968750
vt 0.234375 0.957899
vt 0.234375 0.935185
vt 0.234375 1.000000
vt 0.226563 0.968750
vt 0.218750 0.937500
vt 0.234375 0.905961
vt 0.234375 0.875000
vt 0.218750 0.906105
vt 0.218750 0.875000
vt 0.234375 0.843750
vt 0.218750 0.843750
vt 0.203125 0.531250
vt 0.203125 0.500000
vt 0.203125 0.562500
vt 0.187500 0.562500
vt 0.187500 0.531250
vt 0.187500 0.500000
vt 0.210938 0.968750
vt 0.203125 0.957899
vt 0.203125 0.935185
vt 0.203125 1.000000
vt 0.195313 0.968750
vt 0.187500 0.937500
vt 0.203125 0.905961
vt 0.203125 0.875000
vt 0.187500 0.906105
vt 0.187500 0.875000
vt 0.203125 0.843750
vt 0.203125 0.812500
vt 0.187500 0.843750
vt 0.187500 0.812500
vt 0.203125 0.781250
vt 0.203125 0.750000
vt 0.187500 0.781250
vt 0.187500 0.750000
vt 0.203125 0.718750
vt 0.203125 0.687500
vt 0.187500 0.718750
vt 0.187500 0.687500
vt 0.203125 0.656250
vt 0.203125 0.625000
vt 0.187500 0.656250
vt 0.187500 0.625000
vt 0.203125 0.593750
vt 0.187500 0.593750
vt 0.171875 0.718750
vt 0.171875 0.687500
vt 0.171875 0.750000
vt 0.156250 0.750000
vt 0.156250 0.718750
vt 0.156250 0.687500
vt 0.171875 0.656250
vt 0.171875 0.625000
vt 0.156250 0.656250
vt 0.156250 0.625000
vt 0.171875 0.593750
vt 0.171875 0.562500
vt 0.156250 0.593750
vt 0.156250 0.562500
vt 0.171875 0.531250
vt 0.171875 0.500000
vt 0.156250 0.531250
vt 0.156250 0.500000
vt 0.179688 0.968750
vt 0.171875 0.957899
vt 0.171875 0.935185
vt 0.171875 1.000000
vt 0.164063 0.968750
vt 0.156250 0.937500
vt 0.171875 0.905961
vt 0.171875 0.875000
vt 0.156250 0.906105
vt 0.156250 0.875000
vt 0.171875 0.843750
vt 0.171875 0.812500
vt 0.156250 0.843750
vt 0.156250 0.812500
vt 0.171875 0.781250
vt 0.156250 0.781250
vt 0.148438 0.968750
vt 0.140625 0.957899
vt 0.140625 0.935185
vt 0.140625 1.000000
vt 0.132813 0.968750
vt 0.125000 0.937500
vt 0.140625 0.905961
vt 0.140625 0.875000
vt 0.125000 0.906105
vt 0.125000 0.875000
vt 0.140625 0.843750
vt 0.140625 0.812500
vt 0.125000 0.843750
vt 0.125000 0.812500
vt 0.140625 0.781250
vt 0.140625 0.750000
vt 0.125000 0.781250
vt 0.125000 0.750000
vt 0.140625 0.718750
vt 0.140625 0.687500
vt 0.125000 0.718750
vt 0.125000 0.687500
vt 0.140625 0.656250
vt 0.140625 0.625000
vt 0.125000 0.656250
vt 0.125000 0.625000
vt 0.140625 0.593750
vt 0.140625 0.562500
vt 0.125000 0.593750
vt 0.125000 0.562500
vt 0.140625 0.531250
vt 0.140625 0.500000
vt 0.125000 0.531250
vt 0.125000 0.500000
vt 0.109375 0.656250
vt 0.109375 0.625000
vt 0.109375 0.687500
vt 0.093750 0.687500
vt 0.093750 0.656250
vt 0.093750 0.625000
vt 0.109375 0.593750
vt 0.109375 0.562500
vt 0.093750 0.593750
vt 0.093750 0.562500
vt 0.109375 0.531250
vt 0.109375 0.500000
vt 0.093750 0.531250
vt 0.093750 0.500000
vt 0.117188 0.968750
vt 0.109375 0.957899
vt 0.109375 0.935185
vt 0.109375 1.000000
vt 0.101563 0.968750
vt 0.093750 0.937500
vt 0.109375 0.905961
vt 0.109375 0.875000
vt 0.093750 0.906105
vt 0.093750 0.875000
vt 0.109375 0.843750
vt 0.109375 0.812500
vt 0.093750 0.843750
vt 0.093750 0.812500
vt 0.109375 0.781250
vt 0.109375 0.750000
vt 0.093750 0.781250
vt 0.093750 0.750000
vt 0.109375 0.718750
vt 0.093750 0.718750
vt 0.085938 0.968750
vt 0.078125 0.957899
vt 0.078125 0.935185
vt 0.078125 1.000000
vt 0.070313 0.968750
vt 0.062500 0.937500
vt 0.078125 0.905961
vt 0.078125 0.875000
vt 0.062500 0.906105
vt 0.062500 0.875000
vt 0.078125 0.843750
vt 0.078125 0.812500
vt 0.062500 0.843750
vt 0.062500 0.812500
vt 0.078125 0.781250
vt 0.078125 0.750000
vt 0.062500 0.781250
vt 0.062500 0.750000
vt 0.078125 0.718750
vt 0.078125 0.687500
vt 0.062500 0.718750
vt 0.062500 0.687500
vt 0.078125 0.656250
vt 0.078125 0.625000
vt 0.062500 0.656250
vt 0.062500 0.625000
vt 0.078125 0.593750
vt 0.078125 0.562500
vt 0.062500 0.593750
vt 0.062500 0.562500
vt 0.078125 0.531250
vt 0.078125 0.500000
vt 0.062500 0.531250
vt 0.062500 0.500000
vt 0.046875 0.656250
vt 0.046875 0.625000
vt 0.046875 0.687500
vt 0.031250 0.687500
vt 0.031250 0.656250
vt 0.031250 0.625000
vt 0.046875 0.593750
vt 0.046875 0.562500
vt 0.031250 0.593750
vt 0.031250 0.562500
vt 0.046875 0.531250
vt 0.046875 0.500000
vt 0.031250 0.531250
vt 0.031250 0.500000
vt 0.054687 0.968750
vt 0.046875 0.957899
vt 0.046875 0.935185
vt 0.046875 1.000000
vt 0.039062 0.968750
vt 0.031250 0.937500
vt 0.046875 0.905961
vt 0.046875 0.875000
vt 0.031250 0.906105
vt 0.031250 0.875000
vt 0.046875 0.843750
vt 0.046875 0.812500
vt 0.031250 0.843750
vt 0.031250 0.812500
vt 0.046875 0.781250
vt 0.046875 0.750000
vt 0.031250 0.781250
vt 0.031250 0.750000
vt 0.046875 0.718750
vt 0.031250 0.718750
vt 0.015625 0.843750
vt 0.015625 0.812500
vt 0.015625 0.875000
vt 0.000000 0.875000
vt 0.000000 0.843750
vt 0.000000 0.812500
vt 0.015625 0.781250
vt 0.015625 0.750000
vt 0.000000 0.781250
vt 0.000000 0.750000
vt 0.015625 0.718750
vt 0.015625 0.687500
vt 0.000000 0.718750
vt 0.000000 0.687500
vt 0.015625 0.656250
vt 0.015625 0.625000
vt 0.000000 0.656250
vt 0.000000 0.625000
vt 0.015625 0.593750
vt 0.015625 0.562500
vt 0.000000 0.593750
vt 0.000000 0.562500
vt 0.015625 0.531250
vt 0.015625 0.500000
vt 0.000000 0.531250
vt 0.000000 0.500000
vt 0.023438 0.968750
vt 0.015625 0.957899
vt 0.015625 0.935185
vt 0.015625 1.000000
vt 0.007813 0.968750
vt 0.000000 0.937500
vt 0.015625 0.905961
vt 0.000000 0.906250
vt 1.000000 0.562500
vt 1.000000 0.593750
vt 0.984375 0.593750
vt 0.984375 0.562500
vt 1.000000 0.625000
vt 0.984375 0.625000
vt 0.968750 0.625000
vt 0.968750 0.593750
vt 0.968750 0.562500
vt 1.000000 0.500000
vt 1.000000 0.531250
vt 0.984375 0.531250
vt 0.984375 0.500000
vt 0.968750 0.531250
vt 0.968750 0.500000
vt 1.000000 0.937500
vt 0.992188 0.968750
vt 0.984375 0.957899
vt 0.984375 0.935185
vt 0.984375 1.000000
vt 0.976563 0.968750
vt 0.968750 0.937500
vt 1.000000 0.875000
vt 1.000000 0.906250
vt 0.984375 0.905961
vt 0.984375 0.875000
vt 0.968750 0.906105
vt 0.968750 0.875000
vt 1.000000 0.812500
vt 1.000000 0.843750
vt 0.984375 0.843750
vt 0.984375 0.812500
vt 0.968750 0.843750
vt 0.968750 0.812500
vt 1.000000 0.750000
vt 1.000000 0.781250
vt 0.984375 0.781250
vt 0.984375 0.750000
vt 0.968750 0.781250
vt 0.968750 0.750000
vt 1.000000 0.687500
vt 1.000000 0.718750
vt 0.984375 0.718750
vt 0.984375 0.687500
vt 0.968750 0.718750
vt 0.968750 0.687500
vt 1.000000 0.656250
vt 0.984375 0.656250
vt 0.968750 0.656250
vt 0.953125 0.843750
vt 0.953125 0.812500
vt 0.953125 0.875000
vt 0.937500 0.875000
vt 0.937500 0.843750
vt 0.937500 0.812500
vt 0.953125 0.781250
vt 0.953125 0.750000
vt 0.937500 0.781250
vt 0.937500 0.750000
vt 0.953125 0.718750
vt 0.953125 0.687500
vt 0.937500 0.718750
vt 0.937500 0.687500
vt 0.953125 0.656250
vt 0.953125 0.625000
vt 0.937500 0.656250
vt 0.937500 0.625000
vt 0.953125 0.593750
vt 0.953125 0.562500
vt 0.937500 0.593750
vt 0.937500 0.562500
vt 0.953125 0.531250
vt 0.953125 0.500000
vt 0.937500 0.531250
vt 0.937500 0.500000
vt 0.960938 0.968750
vt 0.953125 0.957899
vt 0.953125 0.935185
vt 0.953125 1.000000
vt 0.945313 0.968750
vt 0.937500 0.937500
vt 0.953125 0.905961
vt 0.937500 0.906105
vt 0.921875 0.593750
vt 0.921875 0.562500
vt 0.921875 0.625000
vt 0.906250 0.625000
vt 0.906250 0.593750
vt 0.906250 0.562500
vt 0.921875 0.531250
vt 0.921875 0.500000
vt 0.906250 0.531250
vt 0.906250 0.500000
vt 0.929688 0.968750
vt 0.921875 0.957899
vt 0.921875 0.935185
vt 0.921875 1.000000
vt 0.914063 0.968750
vt 0.906250 0.937500
vt 0.921875 0.905961
vt 0.921875 0.875000
vt 0.906250 0.906105
vt 0.906250 0.875000
vt 0.921875 0.843750
vt 0.921875 0.812500
vt 0.906250 0.843750
vt 0.906250 0.812500
vt 0.921875 0.781250
vt 0.921875 0.750000
vt 0.906250 0.781250
vt 0.906250 0.750000
vt 0.921875 0.718750
vt 0.921875 0.687500
vt 0.906250 0.718750
vt 0.906250 0.687500
vt 0.921875 0.656250
vt 0.906250 0.656250
vt 0.890625 0.781250
vt 0.890625 0.750000
vt 0.890625 0.812500
vt 0.875000 0.812500
vt 0.875000 0.781250
vt 0.875000 0.750000
vt 0.890625 0.718750
vt 0.890625 0.687500
vt 0.875000 0.718750
vt 0.875000 0.687500
vt 0.890625 0.656250
vt 0.890625 0.625000
vt 0.875000 0.656250
vt 0.875000 0.625000
vt 0.890625 0.593750
vt 0.890625 0.562500
vt 0.875000 0.593750
vt 0.875000 0.562500
vt 0.890625 0.531250
vt 0.890625 0.500000
vt 0.875000 0.531250
vt 0.875000 0.500000
vt 0.898438 0.968750
vt 0.890625 0.957899
vt 0.890625 0.935185
vt 0.890625 1.000000
vt 0.882813 0.968750
vt 0.875000 0.937500
vt 0.890625 0.905961
vt 0.890625 0.875000
vt 0.875000 0.906105
vt 0.875000 0.875000
vt 0.890625 0.843750
vt 0.875000 0.843750
vt 0.859375 0.531250
vt 0.859375 0.500000
vt 0.859375 0.562500
vt 0.843750 0.562500
vt 0.843750 0.531250
vt 0.843750 0.500000
vt 0.867188 0.968750
vt 0.859375 0.957899
vt 0.859375 0.935185
vt 0.859375 1.000000
vt 0.851563 0.968750
vt 0.843750 0.937500
vt 0.859375 0.905961
vt 0.859375 0.875000
vt 0.843750 0.906105
vt 0.843750 0.875000
vt 0.859375 0.843750
vt 0.859375 0.812500
vt 0.843750 0.843750
vt 0.843750 0.812500
vt 0.859375 0.781250
vt 0.859375 0.750000
vt 0.843750 0.781250
vt 0.843750 0.750000
vt 0.859375 0.718750
vt 0.859375 0.687500
vt 0.843750 0.718750
vt 0.843750 0.687500
vt 0.859375 0.656250
vt 0.859375 0.625000
vt 0.843750 0.656250
vt 0.843750 0.625000
vt 0.859375 0.593750
vt 0.843750 0.593750
vt 0.828125 0.718750
vt 0.828125 0.687500
vt 0.828125 0.750000
vt 0.812500 0.750000
vt 0.812500 0.718750
vt 0.812500 0.687500
vt 0.828125 0.656250
vt 0.828125 0.625000
vt 0.812500 0.656250
vt 0.812500 0.625000
vt 0.828125 0.593750
vt 0.828125 0.562500
vt 0.812500 0.593750
vt 0.812500 0.562500
vt 0.828125 0.531250
vt 0.828125 0.500000
vt 0.812500 0.531250
vt 0.812500 0.500000
vt 0.835938 0.968750
vt 0.828125 0.957899
vt 0.828125 0.935185
vt 0.828125 1.000000
vt 0.820313 0.968750
vt 0.812500 0.937500
vt 0.828125 0.905961
vt 0.828125 0.875000
vt 0.812500 0.906105
vt 0.812500 0.875000
vt 0.828125 0.843750
vt 0.828125 0.812500
vt 0.812500 0.843750
vt 0.812500 0.812500
vt 0.828125 0.781250
vt 0.812500 0.781250
vt 0.804688 0.968750
vt 0.796875 0.957899
vt 0.796875 0.935185
vt 0.796875 1.000000
vt 0.789063 0.968750
vt 0.781250 0.937500
vt 0.796875 0.905961
vt 0.796875 0.875000
vt 0.781250 0.906105
vt 0.781250 0.875000
vt 0.796875 0.843750
vt 0.796875 0.812500
vt 0.781250 0.843750
vt 0.781250 0.812500
vt 0.796875 0.781250
vt 0.796875 0.750000
vt 0.781250 0.781250
vt 0.781250 0.750000
vt 0.796875 0.718750
vt 0.796875 0.687500
vt 0.781250 0.718750
vt 0.781250 0.687500
vt 0.796875 0.656250
vt 0.796875 0.625000
vt 0.781250 0.656250
vt 0.781250 0.625000
vt 0.796875 0.593750
vt 0.796875 0.562500
vt 0.781250 0.593750
vt 0.781250 0.562500
vt 0.796875 0.531250
vt 0.796875 0.500000
vt 0.781250 0.531250
vt 0.781250 0.500000
vt 0.765625 0.718750
vt 0.765625 0.687500
vt 0.765625 0.750000
vt 0.765625 0.656250
vt 0.765625 0.625000
vt 0.765625 0.593750
vt 0.765625 0.562500
vt 0.765625 0.531250
vt 0.765625 0.500000
vt 0.773438 0.968750
vt 0.765625 0.957899
vt 0.765625 0.935185
vt 0.765625 1.000000
vt 0.757813 0.968750
vt 0.765625 0.905961
vt 0.765625 0.875000
vt 0.765625 0.843750
vt 0.765625 0.812500
vt 0.765625 0.781250
s 0
g Circle.003_Material.001
usemtl Material.001
f 3198/3538/3130 3454/3539/3130 3959/3540/3130 3456/3541/3130
f 3454/3539/3131 3199/3542/3131 3457/3543/3131 3959/3540/3131
f 3959/3540/3132 3457/3543/3132 3193/3544/3132 3450/3545/3132
f 3456/3541/3133 3959/3540/3133 3450/3545/3133 3194/3546/3133
f 3199/3542/3134 3920/3547/3134 3960/3548/3134 3457/3543/3134
f 3920/3547/3135 3444/3549/3135 3922/3550/3135 3960/3548/3135
f 3960/3548/3136 3922/3550/3136 3192/3551/3136 3449/3552/3136
f 3457/3543/3137 3960/3548/3137 3449/3552/3137 3193/3544/3137
f 3444/3549/3138 3911/3553/3138 3961/3554/3138 3922/3550/3138
f 3911/3553/3139 3443/3555/3139 3923/3556/3139 3961/3554/3139
f 3961/3554/3140 3923/3556/3140 3191/3557/3140 3448/3558/3140
f 3922/3550/3141 3961/3554/3141 3448/3558/3141 3192/3551/3141
f 3443/3555/3142 3910/3559/3142 3962/3560/3142 3923/3556/3142
f 3910/3559/3143 3442/3561/3143 3924/3562/3143 3962/3560/3143
f 3962/3560/3144 3924/3562/3144 3190/3563/3144 3447/3564/3144
f 3923/3556/3145 3962/3560/3145 3447/3564/3145 3191/3557/3145
f 3442/3561/3146 3912/3565/3146 3963/3566/3146 3924/3562/3146
f 3912/3565/3147 3446/3567/3147 3925/3568/3147 3963/3566/3147
f 3963/3566/3148 3925/3568/3148 3200/3569/3148 3455/3570/3148
f 3924/3562/3149 3963/3566/3149 3455/3570/3149 3190/3563/3149
f 3446/3567/3150 3921/3571/3150 3964/3572/3150 3925/3568/3150
f 3369/3573/3151 3918/3574/3151 3964/3572/3151 3921/3571/3151
f 3200/3569/3152 3925/3568/3152 3964/3572/3152 3918/3574/3152
f 3445/3575/3153 3919/3576/3153 3965/3577/3153 3926/3578/3153
f 3919/3576/3154 3197/3579/3154 3458/3580/3154 3965/3577/3154
f 3965/3577/3155 3458/3580/3155 3195/3581/3155 3452/3582/3155
f 3926/3578/3156 3965/3577/3156 3452/3582/3156 3196/3583/3156
f 3197/3579/3157 3453/3584/3157 3966/3585/3157 3458/3580/3157
f 3453/3584/3158 3198/3538/3158 3456/3541/3158 3966/3585/3158
f 3966/3585/3159 3456/3541/3159 3194/3546/3159 3451/3586/3159
f 3458/3580/3160 3966/3585/3160 3451/3586/3160 3195/3581/3160
f 3193/3544/3161 3449/3552/3161 3967/3587/3161 3466/3588/3161
f 3449/3552/3162 3192/3551/3162 3467/3589/3162 3967/3587/3162
f 3967/3587/3163 3467/3589/3163 3203/3590/3163 3461/3591/3163
f 3466/3588/3164 3967/3587/3164 3461/3591/3164 3204/3592/3164
f 3194/3546/3165 3450/3545/3165 3968/3593/3165 3468/3594/3165
f 3450/3545/3166 3193/3544/3166 3466/3588/3166 3968/3593/3166
f 3968/3593/3167 3466/3588/3167 3204/3592/3167 3462/3595/3167
f 3468/3594/3168 3968/3593/3168 3462/3595/3168 3205/3596/3168
f 3195/3581/3169 3451/3586/3169 3969/3597/3169 3469/3598/3169
f 3451/3586/3170 3194/3546/3170 3468/3594/3170 3969/3597/3170
f 3969/3597/3171 3468/3594/3171 3205/3596/3171 3463/3599/3171
f 3469/3598/3172 3969/3597/3172 3463/3599/3172 3206/3600/3172
f 3196/3583/3173 3452/3582/3173 3970/3601/3173 3470/3602/3173
f 3452/3582/3174 3195/3581/3174 3469/3598/3174 3970/3601/3174
f 3970/3601/3175 3469/3598/3175 3206/3600/3175 3464/3603/3175
f 3470/3602/3176 3970/3601/3176 3464/3603/3176 3207/3604/3176
f 3200/3569/3177 3918/3605/3177 3971/3606/3177 3471/3607/3177
f 3369/3608/3178 3927/3609/3178 3971/3606/3178 3918/3605/3178
f 3208/3610/3179 3471/3607/3179 3971/3606/3179 3927/3609/3179
f 3191/3557/3180 3447/3564/3180 3972/3611/3180 3472/3612/3180
f 3447/3564/3181 3190/3563/3181 3473/3613/3181 3972/3611/3181
f 3972/3611/3182 3473/3613/3182 3201/3614/3182 3459/3615/3182
f 3472/3612/3183 3972/3611/3183 3459/3615/3183 3202/3616/3183
f 3190/3563/3184 3455/3570/3184 3973/3617/3184 3473/3613/3184
f 3455/3570/3185 3200/3569/3185 3471/3607/3185 3973/3617/3185
f 3973/3617/3186 3471/3607/3186 3208/3610/3186 3465/3618/3186
f 3473/3613/3187 3973/3617/3187 3465/3618/3187 3201/3614/3187
f 3192/3551/3188 3448/3558/3188 3974/3619/3188 3467/3589/3188
f 3448/3558/3189 3191/3557/3189 3472/3612/3189 3974/3619/3189
f 3974/3619/3190 3472/3612/3190 3202/3616/3190 3460/3620/3190
f 3467/3589/3191 3974/3619/3191 3460/3620/3191 3203/3590/3191
f 3207/3604/3192 3464/3603/3192 3975/3621/3192 3481/3622/3192
f 3464/3603/3193 3206/3600/3193 3482/3623/3193 3975/3621/3193
f 3975/3621/3194 3482/3623/3194 3214/3624/3194 3479/3625/3194
f 3481/3622/3195 3975/3621/3195 3479/3625/3195 3215/3626/3195
f 3208/3610/3196 3927/3627/3196 3976/3628/3196 3483/3629/3196
f 3369/3630/3197 3928/3631/3197 3976/3628/3197 3927/3627/3197
f 3216/3632/3198 3483/3629/3198 3976/3628/3198 3928/3631/3198
f 3201/3614/3199 3465/3618/3199 3977/3633/3199 3484/3634/3199
f 3465/3618/3200 3208/3610/3200 3483/3629/3200 3977/3633/3200
f 3977/3633/3201 3483/3629/3201 3216/3632/3201 3480/3635/3201
f 3484/3634/3202 3977/3633/3202 3480/3635/3202 3209/3636/3202
f 3202/3616/3203 3459/3615/3203 3978/3637/3203 3485/3638/3203
f 3459/3615/3204 3201/3614/3204 3484/3634/3204 3978/3637/3204
f 3978/3637/3205 3484/3634/3205 3209/3636/3205 3474/3639/3205
f 3485/3638/3206 3978/3637/3206 3474/3639/3206 3210/3640/3206
f 3203/3590/3207 3460/3620/3207 3979/3641/3207 3486/3642/3207
f 3460/3620/3208 3202/3616/3208 3485/3638/3208 3979/3641/3208
f 3979/3641/3209 3485/3638/3209 3210/3640/3209 3475/3643/3209
f 3486/3642/3210 3979/3641/3210 3475/3643/3210 3211/3644/3210
f 3204/3592/3211 3461/3591/3211 3980/3645/3211 3487/3646/3211
f 3461/3591/3212 3203/3590/3212 3486/3642/3212 3980/3645/3212
f 3980/3645/3213 3486/3642/3213 3211/3644/3213 3476/3647/3213
f 3487/3646/3214 3980/3645/3214 3476/3647/3214 3212/3648/3214
f 3205/3596/3215 3462/3595/3215 3981/3649/3215 3488/3650/3215
f 3462/3595/3216 3204/3592/3216 3487/3646/3216 3981/3649/3216
f 3981/3649/3217 3487/3646/3217 3212/3648/3217 3477/3651/3217
f 3488/3650/3218 3981/3649/3218 3477/3651/3218 3213/3652/3218
f 3206/3600/3219 3463/3599/3219 3982/3653/3219 3482/3623/3219
f 3463/3599/3220 3205/3596/3220 3488/3650/3220 3982/3653/3220
f 3982/3653/3221 3488/3650/3221 3213/3652/3221 3478/3654/3221
f 3482/3623/3222 3982/3653/3222 3478/3654/3222 3214/3624/3222
f 3211/3644/3223 3475/3643/3223 3983/3655/3223 3496/3656/3223
f 3475/3643/3224 3210/3640/3224 3497/3657/3224 3983/3655/3224
f 3983/3655/3225 3497/3657/3225 3218/3658/3225 3490/3659/3225
f 3496/3656/3226 3983/3655/3226 3490/3659/3226 3219/3660/3226
f 3212/3648/3227 3476/3647/3227 3984/3661/3227 3498/3662/3227
f 3476/3647/3228 3211/3644/3228 3496/3656/3228 3984/3661/3228
f 3984/3661/3229 3496/3656/3229 3219/3660/3229 3491/3663/3229
f 3498/3662/3230 3984/3661/3230 3491/3663/3230 3220/3664/3230
f 3213/3652/3231 3477/3651/3231 3985/3665/3231 3499/3666/3231
f 3477/3651/3232 3212/3648/3232 3498/3662/3232 3985/3665/3232
f 3985/3665/3233 3498/3662/3233 3220/3664/3233 3492/3667/3233
f 3499/3666/3234 3985/3665/3234 3492/3667/3234 3221/3668/3234
f 3214/3624/3235 3478/3654/3235 3986/3669/3235 3500/3670/3235
f 3478/3654/3236 3213/3652/3236 3499/3666/3236 3986/3669/3236
f 3986/3669/3237 3499/3666/3237 3221/3668/3237 3493/3671/3237
f 3500/3670/3238 3986/3669/3238 3493/3671/3238 3222/3672/3238
f 3215/3626/3239 3479/3625/3239 3987/3673/3239 3501/3674/3239
f 3479/3625/3240 3214/3624/3240 3500/3670/3240 3987/3673/3240
f 3987/3673/3241 3500/3670/3241 3222/3672/3241 3494/3675/3241
f 3501/3674/3242 3987/3673/3242 3494/3675/3242 3223/3676/3242
f 3216/3632/3243 3928/3677/3243 3988/3678/3243 3502/3679/3243
f 3369/3680/3244 3929/3681/3244 3988/3678/3244 3928/3677/3244
f 3224/3682/3245 3502/3679/3245 3988/3678/3245 3929/3681/3245
f 3209/3636/3246 3480/3635/3246 3989/3683/3246 3503/3684/3246
f 3480/3635/3247 3216/3632/3247 3502/3679/3247 3989/3683/3247
f 3989/3683/3248 3502/3679/3248 3224/3682/3248 3495/3685/3248
f 3503/3684/3249 3989/3683/3249 3495/3685/3249 3217/3686/3249
f 3210/3640/3250 3474/3639/3250 3990/3687/3250 3497/3657/3250
f 3474/3639/3251 3209/3636/3251 3503/3684/3251 3990/3687/3251
f 3990/3687/3252 3503/3684/3252 3217/3686/3252 3489/3688/3252
f 3497/3657/3253 3990/3687/3253 3489/3688/3253 3218/3658/3253
f 3223/3676/3254 3494/3675/3254 3991/3689/3254 3511/3690/3254
f 3494/3675/3255 3222/3672/3255 3512/3691/3255 3991/3689/3255
f 3991/3689/3256 3512/3691/3256 3230/3692/3256 3509/3693/3256
f 3511/3690/3257 3991/3689/3257 3509/3693/3257 3231/3694/3257
f 3224/3682/3258 3929/3695/3258 3992/3696/3258 3513/3697/3258
f 3369/3698/3259 3930/3699/3259 3992/3696/3259 3929/3695/3259
f 3232/3700/3260 3513/3697/3260 3992/3696/3260 3930/3699/3260
f 3217/3686/3261 3495/3685/3261 3993/3701/3261 3514/3702/3261
f 3495/3685/3262 3224/3682/3262 3513/3697/3262 3993/3701/3262
f 3993/3701/3263 3513/3697/3263 3232/3700/3263 3510/3703/3263
f 3514/3702/3264 3993/3701/3264 3510/3703/3264 3225/3704/3264
f 3218/3658/3265 3489/3688/3265 3994/3705/3265 3515/3706/3265
f 3489/3688/3266 3217/3686/3266 3514/3702/3266 3994/3705/3266
f 3994/3705/3267 3514/3702/3267 3225/3704/3267 3504/3707/3267
f 3515/3706/3268 3994/3705/3268 3504/3707/3268 3226/3708/3268
f 3219/3660/3269 3490/3659/3269 3995/3709/3269 3516/3710/3269
f 3490/3659/3270 3218/3658/3270 3515/3706/3270 3995/3709/3270
f 3995/3709/3271 3515/3706/3271 3226/3708/3271 3505/3711/3271
f 3516/3710/3272 3995/3709/3272 3505/3711/3272 3227/3712/3272
f 3220/3664/3273 3491/3663/3273 3996/3713/3273 3517/3714/3273
f 3491/3663/3274 3219/3660/3274 3516/3710/3274 3996/3713/3274
f 3996/3713/3275 3516/3710/3275 3227/3712/3275 3506/3715/3275
f 3517/3714/3276 3996/3713/3276 3506/3715/3276 3228/3716/3276
f 3221/3668/3277 3492/3667/3277 3997/3717/3277 3518/3718/3277
f 3492/3667/3278 3220/3664/3278 3517/3714/3278 3997/3717/3278
f 3997/3717/3279 3517/3714/3279 3228/3716/3279 3507/3719/3279
f 3518/3718/3280 3997/3717/3280 3507/3719/3280 3229/3720/3280
f 3222/3672/3281 3493/3671/3281 3998/3721/3281 3512/3691/3281
f 3493/3671/3282 3221/3668/3282 3518/3718/3282 3998/3721/3282
f 3998/3721/3283 3518/3718/3283 3229/3720/3283 3508/3722/3283
f 3512/3691/3284 3998/3721/3284 3508/3722/3284 3230/3692/3284
f 3228/3716/3285 3506/3715/3285 3999/3723/3285 3526/3724/3285
f 3506/3715/3286 3227/3712/3286 3527/3725/3286 3999/3723/3286
f 3999/3723/3287 3527/3725/3287 3235/3726/3287 3521/3727/3287
f 3526/3724/3288 3999/3723/3288 3521/3727/3288 3236/3728/3288
f 3229/3720/3289 3507/3719/3289 4000/3729/3289 3528/3730/3289
f 3507/3719/3290 3228/3716/3290 3526/3724/3290 4000/3729/3290
f 4000/3729/3291 3526/3724/3291 3236/3728/3291 3522/3731/3291
f 3528/3730/3292 4000/3729/3292 3522/3731/3292 3237/3732/3292
f 3230/3692/3293 3508/3722/3293 4001/3733/3293 3529/3734/3293
f 3508/3722/3294 3229/3720/3294 3528/3730/3294 4001/3733/3294
f 4001/3733/3295 3528/3730/3295 3237/3732/3295 3523/3735/3295
f 3529/3734/3296 4001/3733/3296 3523/3735/3296 3238/3736/3296
f 3231/3694/3297 3509/3693/3297 4002/3737/3297 3530/3738/3297
f 3509/3693/3298 3230/3692/3298 3529/3734/3298 4002/3737/3298
f 4002/3737/3299 3529/3734/3299 3238/3736/3299 3524/3739/3299
f 3530/3738/3300 4002/3737/3300 3524/3739/3300 3239/3740/3300
f 3232/3700/3301 3930/3741/3301 4003/3742/3301 3531/3743/3301
f 3369/3744/3302 3931/3745/3302 4003/3742/3302 3930/3741/3302
f 3240/3746/3303 3531/3743/3303 4003/3742/3303 3931/3745/3303
f 3225/3704/3304 3510/3703/3304 4004/3747/3304 3532/3748/3304
f 3510/3703/3305 3232/3700/3305 3531/3743/3305 4004/3747/3305
f 4004/3747/3306 3531/3743/3306 3240/3746/3306 3525/3749/3306
f 3532/3748/3307 4004/3747/3307 3525/3749/3307 3233/3750/3307
f 3226/3708/3308 3504/3707/3308 4005/3751/3308 3533/3752/3308
f 3504/3707/3309 3225/3704/3309 3532/3748/3309 4005/3751/3309
f 4005/3751/3310 3532/3748/3310 3233/3750/3310 3519/3753/3310
f 3533/3752/3311 4005/3751/3311 3519/3753/3311 3234/3754/3311
f 3227/3712/3312 3505/3711/3312 4006/3755/3312 3527/3725/3312
f 3505/3711/3313 3226/3708/3313 3533/3752/3313 4006/3755/3313
f 4006/3755/3314 3533/3752/3314 3234/3754/3314 3520/3756/3314
f 3527/3725/3315 4006/3755/3315 3520/3756/3315 3235/3726/3315
f 3240/3746/3316 3931/3757/3316 4007/3758/3316 3542/3759/3316
f 3369/3760/3317 3932/3761/3317 4007/3758/3317 3931/3757/3317
f 3248/3762/3318 3542/3759/3318 4007/3758/3318 3932/3761/3318
f 3233/3750/3319 3525/3749/3319 4008/3763/3319 3543/3764/3319
f 3525/3749/3320 3240/3746/3320 3542/3759/3320 4008/3763/3320
f 4008/3763/3321 3542/3759/3321 3248/3762/3321 3540/3765/3321
f 3543/3764/3322 4008/3763/3322 3540/3765/3322 3241/3766/3322
f 3234/3754/3323 3519/3753/3323 4009/3767/3323 3544/3768/3323
f 3519/3753/3324 3233/3750/3324 3543/3764/3324 4009/3767/3324
f 4009/3767/3325 3543/3764/3325 3241/3766/3325 3534/3769/3325
f 3544/3768/3326 4009/3767/3326 3534/3769/3326 3242/3770/3326
f 3235/3726/3327 3520/3756/3327 4010/3771/3327 3545/3772/3327
f 3520/3756/3328 3234/3754/3328 3544/3768/3328 4010/3771/3328
f 4010/3771/3329 3544/3768/3329 3242/3770/3329 3535/3773/3329
f 3545/3772/3330 4010/3771/3330 3535/3773/3330 3243/3774/3330
f 3236/3728/3331 3521/3727/3331 4011/3775/3331 3546/3776/3331
f 3521/3727/3332 3235/3726/3332 3545/3772/3332 4011/3775/3332
f 4011/3775/3333 3545/3772/3333 3243/3774/3333 3536/3777/3333
f 3546/3776/3334 4011/3775/3334 3536/3777/3334 3244/3778/3334
f 3237/3732/3335 3522/3731/3335 4012/3779/3335 3547/3780/3335
f 3522/3731/3336 3236/3728/3336 3546/3776/3336 4012/3779/3336
f 4012/3779/3337 3546/3776/3337 3244/3778/3337 3537/3781/3337
f 3547/3780/3338 4012/3779/3338 3537/3781/3338 3245/3782/3338
f 3238/3736/3339 3523/3735/3339 4013/3783/3339 3548/3784/3339
f 3523/3735/3340 3237/3732/3340 3547/3780/3340 4013/3783/3340
f 4013/3783/3341 3547/3780/3341 3245/3782/3341 3538/3785/3341
f 3548/3784/3342 4013/3783/3342 3538/3785/3342 3246/3786/3342
f 3239/3740/3343 3524/3739/3343 4014/3787/3343 3541/3788/3343
f 3524/3739/3344 3238/3736/3344 3548/3784/3344 4014/3787/3344
f 4014/3787/3345 3548/3784/3345 3246/3786/3345 3539/3789/3345
f 3541/3788/3346 4014/3787/3346 3539/3789/3346 3247/3790/3346
f 3244/3778/3347 3536/3777/3347 4015/3791/3347 3556/3792/3347
f 3536/3777/3348 3243/3774/3348 3557/3793/3348 4015/3791/3348
f 4015/3791/3349 3557/3793/3349 3251/3794/3349 3551/3795/3349
f 3556/3792/3350 4015/3791/3350 3551/3795/3350 3252/3796/3350
f 3245/3782/3351 3537/3781/3351 4016/3797/3351 3558/3798/3351
f 3537/3781/3352 3244/3778/3352 3556/3792/3352 4016/3797/3352
f 4016/3797/3353 3556/3792/3353 3252/3796/3353 3552/3799/3353
f 3558/3798/3354 4016/3797/3354 3552/3799/3354 3253/3800/3354
f 3246/3786/3355 3538/3785/3355 4017/3801/3355 3559/3802/3355
f 3538/3785/3356 3245/3782/3356 3558/3798/3356 4017/3801/3356
f 4017/3801/3357 3558/3798/3357 3253/3800/3357 3553/3803/3357
f 3559/3802/3358 4017/3801/3358 3553/3803/3358 3254/3804/3358
f 3247/3790/3359 3539/3789/3359 4018/3805/3359 3560/3806/3359
f 3539/3789/3360 3246/3786/3360 3559/3802/3360 4018/3805/3360
f 4018/3805/3361 3559/3802/3361 3254/3804/3361 3554/3807/3361
f 3560/3806/3362 4018/3805/3362 3554/3807/3362 3255/3808/3362
f 3248/3762/3363 3932/3809/3363 4019/3810/3363 3561/3811/3363
f 3369/3812/3364 3933/3813/3364 4019/3810/3364 3932/3809/3364
f 3256/3814/3365 3561/3811/3365 4019/3810/3365 3933/3813/3365
f 3241/3766/3366 3540/3765/3366 4020/3815/3366 3562/3816/3366
f 3540/3765/3367 3248/3762/3367 3561/3811/3367 4020/3815/3367
f 4020/3815/3368 3561/3811/3368 3256/3814/3368 3555/3817/3368
f 3562/3816/3369 4020/3815/3369 3555/3817/3369 3249/3818/3369
f 3242/3770/3370 3534/3769/3370 4021/3819/3370 3563/3820/3370
f 3534/3769/3371 3241/3766/3371 3562/3816/3371 4021/3819/3371
f 4021/3819/3372 3562/3816/3372 3249/3818/3372 3549/3821/3372
f 3563/3820/3373 4021/3819/3373 3549/3821/3373 3250/3822/3373
f 3243/3774/3374 3535/3773/3374 4022/3823/3374 3557/3793/3374
f 3535/3773/3375 3242/3770/3375 3563/3820/3375 4022/3823/3375
f 4022/3823/3376 3563/3820/3376 3250/3822/3376 3550/3824/3376
f 3557/3793/3377 4022/3823/3377 3550/3824/3377 3251/3794/3377
f 3256/3814/3378 3933/3825/3378 4023/3826/3378 3572/3827/3378
f 3369/3828/3379 3934/3829/3379 4023/3826/3379 3933/3825/3379
f 3264/3830/3380 3572/3827/3380 4023/3826/3380 3934/3829/3380
f 3249/3818/3381 3555/3817/3381 4024/3831/3381 3573/3832/3381
f 3555/3817/3382 3256/3814/3382 3572/3827/3382 4024/3831/3382
f 4024/3831/3383 3572/3827/3383 3264/3830/3383 3570/3833/3383
f 3573/3832/3384 4024/3831/3384 3570/3833/3384 3257/3834/3384
f 3250/3822/3385 3549/3821/3385 4025/3835/3385 3574/3836/3385
f 3549/3821/3386 3249/3818/3386 3573/3832/3386 4025/3835/3386
f 4025/3835/3387 3573/3832/3387 3257/3834/3387 3564/3837/3387
f 3574/3836/3388 4025/3835/3388 3564/3837/3388 3258/3838/3388
f 3251/3794/3389 3550/3824/3389 4026/3839/3389 3575/3840/3389
f 3550/3824/3390 3250/3822/3390 3574/3836/3390 4026/3839/3390
f 4026/3839/3391 3574/3836/3391 3258/3838/3391 3565/3841/3391
f 3575/3840/3392 4026/3839/3392 3565/3841/3392 3259/3842/3392
f 3252/3796/3393 3551/3795/3393 4027/3843/3393 3576/3844/3393
f 3551/3795/3394 3251/3794/3394 3575/3840/3394 4027/3843/3394
f 4027/3843/3395 3575/3840/3395 3259/3842/3395 3566/3845/3395
f 3576/3844/3396 4027/3843/3396 3566/3845/3396 3260/3846/3396
f 3253/3800/3397 3552/3799/3397 4028/3847/3397 3577/3848/3397
f 3552/3799/3398 3252/3796/3398 3576/3844/3398 4028/3847/3398
f 4028/3847/3399 3576/3844/3399 3260/3846/3399 3567/3849/3399
f 3577/3848/3400 4028/3847/3400 3567/3849/3400 3261/3850/3400
f 3254/3804/3401 3553/3803/3401 4029/3851/3401 3578/3852/3401
f 3553/3803/3402 3253/3800/3402 3577/3848/3402 4029/3851/3402
f 4029/3851/3403 3577/3848/3403 3261/3850/3403 3568/3853/3403
f 3578/3852/3404 4029/3851/3404 3568/3853/3404 3262/3854/3404
f 3255/3808/3405 3554/3807/3405 4030/3855/3405 3571/3856/3405
f 3554/3807/3406 3254/3804/3406 3578/3852/3406 4030/3855/3406
f 4030/3855/3407 3578/3852/3407 3262/3854/3407 3569/3857/3407
f 3571/3856/3408 4030/3855/3408 3569/3857/3408 3263/3858/3408
f 3261/3850/3409 3567/3849/3409 4031/3859/3409 3586/3860/3409
f 3567/3849/3410 3260/3846/3410 3587/3861/3410 4031/3859/3410
f 4031/3859/3411 3587/3861/3411 3268/3862/3411 3582/3863/3411
f 3586/3860/3412 4031/3859/3412 3582/3863/3412 3269/3864/3412
f 3262/3854/3413 3568/3853/3413 4032/3865/3413 3588/3866/3413
f 3568/3853/3414 3261/3850/3414 3586/3860/3414 4032/3865/3414
f 4032/3865/3415 3586/3860/3415 3269/3864/3415 3583/3867/3415
f 3588/3866/3416 4032/3865/3416 3583/3867/3416 3270/3868/3416
f 3263/3858/3417 3569/3857/3417 4033/3869/3417 3589/3870/3417
f 3569/3857/3418 3262/3854/3418 3588/3866/3418 4033/3869/3418
f 4033/3869/3419 3588/3866/3419 3270/3868/3419 3584/3871/3419
f 3589/3870/3420 4033/3869/3420 3584/3871/3420 3271/3872/3420
f 3264/3830/3421 3934/3873/3421 4034/3874/3421 3590/3875/3421
f 3369/3876/3422 3935/3877/3422 4034/3874/3422 3934/3873/3422
f 3272/3878/3423 3590/3875/3423 4034/3874/3423 3935/3877/3423
f 3257/3834/3424 3570/3833/3424 4035/3879/3424 3591/3880/3424
f 3570/3833/3425 3264/3830/3425 3590/3875/3425 4035/3879/3425
f 4035/3879/3426 3590/3875/3426 3272/3878/3426 3585/3881/3426
f 3591/3880/3427 4035/3879/3427 3585/3881/3427 3265/3882/3427
f 3258/3838/3428 3564/3837/3428 4036/3883/3428 3592/3884/3428
f 3564/3837/3429 3257/3834/3429 3591/3880/3429 4036/3883/3429
f 4036/3883/3430 3591/3880/3430 3265/3882/3430 3579/3885/3430
f 3592/3884/3431 4036/3883/3431 3579/3885/3431 3266/3886/3431
f 3259/3842/3432 3565/3841/3432 4037/3887/3432 3593/3888/3432
f 3565/3841/3433 3258/3838/3433 3592/3884/3433 4037/3887/3433
f 4037/3887/3434 3592/3884/3434 3266/3886/3434 3580/3889/3434
f 3593/3888/3435 4037/3887/3435 3580/3889/3435 3267/3890/3435
f 3260/3846/3436 3566/3845/3436 4038/3891/3436 3587/3861/3436
f 3566/3845/3437 3259/3842/3437 3593/3888/3437 4038/3891/3437
f 4038/3891/3438 3593/3888/3438 3267/3890/3438 3581/3892/3438
f 3587/3861/3439 4038/3891/3439 3581/3892/3439 3268/3862/3439
f 3265/3882/3440 3585/3881/3440 4039/3893/3440 3601/3894/3440
f 3585/3881/3441 3272/3878/3441 3602/3895/3441 4039/3893/3441
f 4039/3893/3442 3602/3895/3442 3280/3896/3442 3600/3897/3442
f 3601/3894/3443 4039/3893/3443 3600/3897/3443 3273/3898/3443
f 3266/3886/3444 3579/3885/3444 4040/3899/3444 3603/3900/3444
f 3579/3885/3445 3265/3882/3445 3601/3894/3445 4040/3899/3445
f 4040/3899/3446 3601/3894/3446 3273/3898/3446 3594/3901/3446
f 3603/3900/3447 4040/3899/3447 3594/3901/3447 3274/3902/3447
f 3267/3890/3448 3580/3889/3448 4041/3903/3448 3604/3904/3448
f 3580/3889/3449 3266/3886/3449 3603/3900/3449 4041/3903/3449
f 4041/3903/3450 3603/3900/3450 3274/3902/3450 3595/3905/3450
f 3604/3904/3451 4041/3903/3451 3595/3905/3451 3275/3906/3451
f 3268/3862/3452 3581/3892/3452 4042/3907/3452 3605/3908/3452
f 3581/3892/3453 3267/3890/3453 3604/3904/3453 4042/3907/3453
f 4042/3907/3454 3604/3904/3454 3275/3906/3454 3596/3909/3454
f 3605/3908/3455 4042/3907/3455 3596/3909/3455 3276/3910/3455
f 3269/3864/3456 3582/3863/3456 4043/3911/3456 3606/3912/3456
f 3582/3863/3457 3268/3862/3457 3605/3908/3457 4043/3911/3457
f 4043/3911/3458 3605/3908/3458 3276/3910/3458 3597/3913/3458
f 3606/3912/3459 4043/3911/3459 3597/3913/3459 3277/3914/3459
f 3270/3868/3460 3583/3867/3460 4044/3915/3460 3607/3916/3460
f 3583/3867/3461 3269/3864/3461 3606/3912/3461 4044/3915/3461
f 4044/3915/3462 3606/3912/3462 3277/3914/3462 3598/3917/3462
f 3607/3916/3463 4044/3915/3463 3598/3917/3463 3278/3918/3463
f 3271/3872/3464 3584/3871/3464 4045/3919/3464 3608/3920/3464
f 3584/3871/3465 3270/3868/3465 3607/3916/3465 4045/3919/3465
f 4045/3919/3466 3607/3916/3466 3278/3918/3466 3599/3921/3466
f 3608/3920/3467 4045/3919/3467 3599/3921/3467 3279/3922/3467
f 3272/3878/3468 3935/3923/3468 4046/3924/3468 3602/3895/3468
f 3369/3925/3469 3936/3926/3469 4046/3924/3469 3935/3923/3469
f 3280/3896/3470 3602/3895/3470 4046/3924/3470 3936/3926/3470
f 3278/3918/3471 3598/3917/3471 4047/3927/3471 3616/3928/3471
f 3598/3917/3472 3277/3914/3472 3617/3929/3472 4047/3927/3472
f 4047/3927/3473 3617/3929/3473 3285/3930/3473 3613/3931/3473
f 3616/3928/3474 4047/3927/3474 3613/3931/3474 3286/3932/3474
f 3279/3922/3475 3599/3921/3475 4048/3933/3475 3618/3934/3475
f 3599/3921/3476 3278/3918/3476 3616/3928/3476 4048/3933/3476
f 4048/3933/3477 3616/3928/3477 3286/3932/3477 3614/3935/3477
f 3618/3934/3478 4048/3933/3478 3614/3935/3478 3287/3936/3478
f 3280/3896/3479 3936/3937/3479 4049/3938/3479 3619/3939/3479
f 3369/3940/3480 3937/3941/3480 4049/3938/3480 3936/3937/3480
f 3288/3942/3481 3619/3939/3481 4049/3938/3481 3937/3941/3481
f 3273/3898/3482 3600/3897/3482 4050/3943/3482 3620/3944/3482
f 3600/3897/3483 3280/3896/3483 3619/3939/3483 4050/3943/3483
f 4050/3943/3484 3619/3939/3484 3288/3942/3484 3615/3945/3484
f 3620/3944/3485 4050/3943/3485 3615/3945/3485 3281/3946/3485
f 3274/3902/3486 3594/3901/3486 4051/3947/3486 3621/3948/3486
f 3594/3901/3487 3273/3898/3487 3620/3944/3487 4051/3947/3487
f 4051/3947/3488 3620/3944/3488 3281/3946/3488 3609/3949/3488
f 3621/3948/3489 4051/3947/3489 3609/3949/3489 3282/3950/3489
f 3275/3906/3490 3595/3905/3490 4052/3951/3490 3622/3952/3490
f 3595/3905/3491 3274/3902/3491 3621/3948/3491 4052/3951/3491
f 4052/3951/3492 3621/3948/3492 3282/3950/3492 3610/3953/3492
f 3622/3952/3493 4052/3951/3493 3610/3953/3493 3283/3954/3493
f 3276/3910/3494 3596/3909/3494 4053/3955/3494 3623/3956/3494
f 3596/3909/3495 3275/3906/3495 3622/3952/3495 4053/3955/3495
f 4053/3955/3496 3622/3952/3496 3283/3954/3496 3611/3957/3496
f 3623/3956/3497 4053/3955/3497 3611/3957/3497 3284/3958/3497
f 3277/3914/3498 3597/3913/3498 4054/3959/3498 3617/3929/3498
f 3597/3913/3499 3276/3910/3499 3623/3956/3499 4054/3959/3499
f 4054/3959/3500 3623/3956/3500 3284/3958/3500 3612/3960/3500
f 3617/3929/3501 4054/3959/3501 3612/3960/3501 3285/3930/3501
f 3282/3950/3502 3609/3949/3502 4055/3961/3502 3631/3962/3502
f 3609/3949/3503 3281/3946/3503 3632/3963/3503 4055/3961/3503
f 4055/3961/3504 3632/3963/3504 3289/3964/3504 3624/3965/3504
f 3631/3962/3505 4055/3961/3505 3624/3965/3505 3290/3966/3505
f 3283/3954/3506 3610/3953/3506 4056/3967/3506 3633/3968/3506
f 3610/3953/3507 3282/3950/3507 3631/3962/3507 4056/3967/3507
f 4056/3967/3508 3631/3962/3508 3290/3966/3508 3625/3969/3508
f 3633/3968/3509 4056/3967/3509 3625/3969/3509 3291/3970/3509
f 3284/3958/3510 3611/3957/3510 4057/3971/3510 3634/3972/3510
f 3611/3957/3511 3283/3954/3511 3633/3968/3511 4057/3971/3511
f 4057/3971/3512 3633/3968/3512 3291/3970/3512 3626/3973/3512
f 3634/3972/3513 4057/3971/3513 3626/3973/3513 3292/3974/3513
f 3285/3930/3514 3612/3960/3514 4058/3975/3514 3635/3976/3514
f 3612/3960/3515 3284/3958/3515 3634/3972/3515 4058/3975/3515
f 4058/3975/3516 3634/3972/3516 3292/3974/3516 3627/3977/3516
f 3635/3976/3517 4058/3975/3517 3627/3977/3517 3293/3978/3517
f 3286/3932/3518 3613/3931/3518 4059/3979/3518 3636/3980/3518
f 3613/3931/3519 3285/3930/3519 3635/3976/3519 4059/3979/3519
f 4059/3979/3520 3635/3976/3520 3293/3978/3520 3628/3981/3520
f 3636/3980/3521 4059/3979/3521 3628/3981/3521 3294/3982/3521
f 3287/3936/3522 3614/3935/3522 4060/3983/3522 3637/3984/3522
f 3614/3935/3523 3286/3932/3523 3636/3980/3523 4060/3983/3523
f 4060/3983/3524 3636/3980/3524 3294/3982/3524 3629/3985/3524
f 3637/3984/3525 4060/3983/3525 3629/3985/3525 3295/3986/3525
f 3288/3942/3526 3937/3987/3526 4061/3988/3526 3638/3989/3526
f 3369/3990/3527 3938/3991/3527 4061/3988/3527 3937/3987/3527
f 3296/3992/3528 3638/3989/3528 4061/3988/3528 3938/3991/3528
f 3281/3946/3529 3615/3945/3529 4062/3993/3529 3632/3963/3529
f 3615/3945/3530 3288/3942/3530 3638/3989/3530 4062/3993/3530
f 4062/3993/3531 3638/3989/3531 3296/3992/3531 3630/3994/3531
f 3632/3963/3532 4062/3993/3532 3630/3994/3532 3289/3964/3532
f 3294/3982/3533 3628/3981/3533 4063/3995/3533 3646/3996/3533
f 3628/3981/3534 3293/3978/3534 3647/3997/3534 4063/3995/3534
f 4063/3995/3535 3647/3997/3535 3301/3998/3535 3643/3999/3535
f 3646/3996/3536 4063/3995/3536 3643/3999/3536 3302/4000/3536
f 3295/3986/3537 3629/3985/3537 4064/4001/3537 3648/4002/3537
f 3629/3985/3538 3294/3982/3538 3646/3996/3538 4064/4001/3538
f 4064/4001/3539 3646/3996/3539 3302/4000/3539 3644/4003/3539
f 3648/4002/3540 4064/4001/3540 3644/4003/3540 3303/4004/3540
f 3296/3992/3541 3938/4005/3541 4065/4006/3541 3649/4007/3541
f 3369/4008/3542 3939/4009/3542 4065/4006/3542 3938/4005/3542
f 3304/4010/3543 3649/4007/3543 4065/4006/3543 3939/4009/3543
f 3289/3964/3544 3630/3994/3544 4066/4011/3544 3650/4012/3544
f 3630/3994/3545 3296/3992/3545 3649/4007/3545 4066/4011/3545
f 4066/4011/3546 3649/4007/3546 3304/4010/3546 3645/4013/3546
f 3650/4012/3547 4066/4011/3547 3645/4013/3547 3297/4014/3547
f 3290/3966/3548 3624/3965/3548 4067/4015/3548 3651/4016/3548
f 3624/3965/3549 3289/3964/3549 3650/4012/3549 4067/4015/3549
f 4067/4015/3550 3650/4012/3550 3297/4014/3550 3639/4017/3550
f 3651/4016/3551 4067/4015/3551 3639/4017/3551 3298/4018/3551
f 3291/3970/3552 3625/3969/3552 4068/4019/3552 3652/4020/3552
f 3625/3969/3553 3290/3966/3553 3651/4016/3553 4068/4019/3553
f 4068/4019/3554 3651/4016/3554 3298/4018/3554 3640/4021/3554
f 3652/4020/3555 4068/4019/3555 3640/4021/3555 3299/4022/3555
f 3292/3974/3556 3626/3973/3556 4069/4023/3556 3653/4024/3556
f 3626/3973/3557 3291/3970/3557 3652/4020/3557 4069/4023/3557
f 4069/4023/3558 3652/4020/3558 3299/4022/3558 3641/4025/3558
f 3653/4024/3559 4069/4023/3559 3641/4025/3559 3300/4026/3559
f 3293/3978/3560 3627/3977/3560 4070/4027/3560 3647/3997/3560
f 3627/3977/3561 3292/3974/3561 3653/4024/3561 4070/4027/3561
f 4070/4027/3562 3653/4024/3562 3300/4026/3562 3642/4028/3562
f 3647/3997/3563 4070/4027/3563 3642/4028/3563 3301/3998/3563
f 3299/4022/3564 3640/4021/3564 4071/4029/3564 3661/4030/3564
f 3640/4021/3565 3298/4018/3565 3662/4031/3565 4071/4029/3565
f 4071/4029/3566 3662/4031/3566 3306/4032/3566 3655/4033/3566
f 3661/4030/3567 4071/4029/3567 3655/4033/3567 3307/4034/3567
f 3300/4026/3568 3641/4025/3568 4072/4035/3568 3663/4036/3568
f 3641/4025/3569 3299/4022/3569 3661/4030/3569 4072/4035/3569
f 4072/4035/3570 3661/4030/3570 3307/4034/3570 3656/4037/3570
f 3663/4036/3571 4072/4035/3571 3656/4037/3571 3308/4038/3571
f 3301/3998/3572 3642/4028/3572 4073/4039/3572 3664/4040/3572
f 3642/4028/3573 3300/4026/3573 3663/4036/3573 4073/4039/3573
f 4073/4039/3574 3663/4036/3574 3308/4038/3574 3657/4041/3574
f 3664/4040/3575 4073/4039/3575 3657/4041/3575 3309/4042/3575
f 3302/4000/3576 3643/3999/3576 4074/4043/3576 3665/4044/3576
f 3643/3999/3577 3301/3998/3577 3664/4040/3577 4074/4043/3577
f 4074/4043/3578 3664/4040/3578 3309/4042/3578 3658/4045/3578
f 3665/4044/3579 4074/4043/3579 3658/4045/3579 3310/4046/3579
f 3303/4004/3580 3644/4003/3580 4075/4047/3580 3666/4048/3580
f 3644/4003/3581 3302/4000/3581 3665/4044/3581 4075/4047/3581
f 4075/4047/3582 3665/4044/3582 3310/4046/3582 3659/4049/3582
f 3666/4048/3583 4075/4047/3583 3659/4049/3583 3311/4050/3583
f 3304/4010/3584 3939/4051/3584 4076/4052/3584 3667/4053/3584
f 3369/4054/3585 3940/4055/3585 4076/4052/3585 3939/4051/3585
f 3312/4056/3586 3667/4053/3586 4076/4052/3586 3940/4055/3586
f 3297/4014/3587 3645/4013/3587 4077/4057/3587 3668/4058/3587
f 3645/4013/3588 3304/4010/3588 3667/4053/3588 4077/4057/3588
f 4077/4057/3589 3667/4053/3589 3312/4056/3589 3660/4059/3589
f 3668/4058/3590 4077/4057/3590 3660/4059/3590 3305/4060/3590
f 3298/4018/3591 3639/4017/3591 4078/4061/3591 3662/4031/3591
f 3639/4017/3592 3297/4014/3592 3668/4058/3592 4078/4061/3592
f 4078/4061/3593 3668/4058/3593 3305/4060/3593 3654/4062/3593
f 3662/4031/3594 4078/4061/3594 3654/4062/3594 3306/4032/3594
f 3311/4050/3595 3659/4049/3595 4079/4063/3595 3676/4064/3595
f 3659/4049/3596 3310/4046/3596 3677/4065/3596 4079/4063/3596
f 4079/4063/3597 3677/4065/3597 3318/4066/3597 3674/4067/3597
f 3676/4064/3598 4079/4063/3598 3674/4067/3598 3319/4068/3598
f 3312/4056/3599 3940/4069/3599 4080/4070/3599 3678/4071/3599
f 3369/4072/3600 3941/4073/3600 4080/4070/3600 3940/4069/3600
f 3320/4074/3601 3678/4071/3601 4080/4070/3601 3941/4073/3601
f 3305/4060/3602 3660/4059/3602 4081/4075/3602 3679/4076/3602
f 3660/4059/3603 3312/4056/3603 3678/4071/3603 4081/4075/3603
f 4081/4075/3604 3678/4071/3604 3320/4074/3604 3675/4077/3604
f 3679/4076/3605 4081/4075/3605 3675/4077/3605 3313/4078/3605
f 3306/4032/3606 3654/4062/3606 4082/4079/3606 3680/4080/3606
f 3654/4062/3607 3305/4060/3607 3679/4076/3607 4082/4079/3607
f 4082/4079/3608 3679/4076/3608 3313/4078/3608 3669/4081/3608
f 3680/4080/3609 4082/4079/3609 3669/4081/3609 3314/4082/3609
f 3307/4034/3610 3655/4033/3610 4083/4083/3610 3681/4084/3610
f 3655/4033/3611 3306/4032/3611 3680/4080/3611 4083/4083/3611
f 4083/4083/3612 3680/4080/3612 3314/4082/3612 3670/4085/3612
f 3681/4084/3613 4083/4083/3613 3670/4085/3613 3315/4086/3613
f 3308/4038/3614 3656/4037/3614 4084/4087/3614 3682/4088/3614
f 3656/4037/3615 3307/4034/3615 3681/4084/3615 4084/4087/3615
f 4084/4087/3616 3681/4084/3616 3315/4086/3616 3671/4089/3616
f 3682/4088/3617 4084/4087/3617 3671/4089/3617 3316/4090/3617
f 3309/4042/3618 3657/4041/3618 4085/4091/3618 3683/4092/3618
f 3657/4041/3619 3308/4038/3619 3682/4088/3619 4085/4091/3619
f 4085/4091/3620 3682/4088/3620 3316/4090/3620 3672/4093/3620
f 3683/4092/3621 4085/4091/3621 3672/4093/3621 3317/4094/3621
f 3310/4046/3622 3658/4045/3622 4086/4095/3622 3677/4065/3622
f 3658/4045/3623 3309/4042/3623 3683/4092/3623 4086/4095/3623
f 4086/4095/3624 3683/4092/3624 3317/4094/3624 3673/4096/3624
f 3677/4065/3625 4086/4095/3625 3673/4096/3625 3318/4066/3625
f 3315/4086/3626 3670/4085/3626 4087/4097/3626 3691/4098/3626
f 3670/4085/3627 3314/4082/3627 3692/4099/3627 4087/4097/3627
f 4087/4097/3628 3692/4099/3628 3322/4100/3628 3685/4101/3628
f 3691/4098/3629 4087/4097/3629 3685/4101/3629 3323/4102/3629
f 3316/4090/3630 3671/4089/3630 4088/4103/3630 3693/4104/3630
f 3671/4089/3631 3315/4086/3631 3691/4098/3631 4088/4103/3631
f 4088/4103/3632 3691/4098/3632 3323/4102/3632 3686/4105/3632
f 3693/4104/3633 4088/4103/3633 3686/4105/3633 3324/4106/3633
f 3317/4094/3634 3672/4093/3634 4089/4107/3634 3694/4108/3634
f 3672/4093/3635 3316/4090/3635 3693/4104/3635 4089/4107/3635
f 4089/4107/3636 3693/4104/3636 3324/4106/3636 3687/4109/3636
f 3694/4108/3637 4089/4107/3637 3687/4109/3637 3325/4110/3637
f 3318/4066/3638 3673/4096/3638 4090/4111/3638 3695/4112/3638
f 3673/4096/3639 3317/4094/3639 3694/4108/3639 4090/4111/3639
f 4090/4111/3640 3694/4108/3640 3325/4110/3640 3688/4113/3640
f 3695/4112/3641 4090/4111/3641 3688/4113/3641 3326/4114/3641
f 3319/4068/3642 3674/4067/3642 4091/4115/3642 3696/4116/3642
f 3674/4067/3643 3318/4066/3643 3695/4112/3643 4091/4115/3643
f 4091/4115/3644 3695/4112/3644 3326/4114/3644 3689/4117/3644
f 3696/4116/3645 4091/4115/3645 3689/4117/3645 3327/4118/3645
f 3320/4074/3646 3941/4119/3646 4092/4120/3646 3697/4121/3646
f 3369/4122/3647 3942/4123/3647 4092/4120/3647 3941/4119/3647
f 3328/4124/3648 3697/4121/3648 4092/4120/3648 3942/4123/3648
f 3313/4078/3649 3675/4077/3649 4093/4125/3649 3698/4126/3649
f 3675/4077/3650 3320/4074/3650 3697/4121/3650 4093/4125/3650
f 4093/4125/3651 3697/4121/3651 3328/4124/3651 3690/4127/3651
f 3698/4126/3652 4093/4125/3652 3690/4127/3652 3321/4128/3652
f 3314/4082/3653 3669/4081/3653 4094/4129/3653 3692/4099/3653
f 3669/4081/3654 3313/4078/3654 3698/4126/3654 4094/4129/3654
f 4094/4129/3655 3698/4126/3655 3321/4128/3655 3684/4130/3655
f 3692/4099/3656 4094/4129/3656 3684/4130/3656 3322/4100/3656
f 3327/4118/3657 3689/4117/3657 4095/4131/3657 3706/4132/3657
f 3689/4117/3658 3326/4114/3658 3707/4133/3658 4095/4131/3658
f 4095/4131/3659 3707/4133/3659 3334/4134/3659 3704/4135/3659
f 3706/4132/3660 4095/4131/3660 3704/4135/3660 3335/4136/3660
f 3328/4124/3661 3942/4137/3661 4096/4138/3661 3708/4139/3661
f 3369/4140/3662 3943/4141/3662 4096/4138/3662 3942/4137/3662
f 3336/4142/3663 3708/4139/3663 4096/4138/3663 3943/4141/3663
f 3321/4128/3664 3690/4127/3664 4097/4143/3664 3709/4144/3664
f 3690/4127/3665 3328/4124/3665 3708/4139/3665 4097/4143/3665
f 4097/4143/3666 3708/4139/3666 3336/4142/3666 3705/4145/3666
f 3709/4144/3667 4097/4143/3667 3705/4145/3667 3329/4146/3667
f 3322/4100/3668 3684/4130/3668 4098/4147/3668 3710/4148/3668
f 3684/4130/3669 3321/4128/3669 3709/4144/3669 4098/4147/3669
f 4098/4147/3670 3709/4144/3670 3329/4146/3670 3699/4149/3670
f 3710/4148/3671 4098/4147/3671 3699/4149/3671 3330/4150/3671
f 3323/4102/3672 3685/4101/3672 4099/4151/3672 3711/4152/3672
f 3685/4101/3673 3322/4100/3673 3710/4148/3673 4099/4151/3673
f 4099/4151/3674 3710/4148/3674 3330/4150/3674 3700/4153/3674
f 3711/4152/3675 4099/4151/3675 3700/4153/3675 3331/4154/3675
f 3324/4106/3676 3686/4105/3676 4100/4155/3676 3712/4156/3676
f 3686/4105/3677 3323/4102/3677 3711/4152/3677 4100/4155/3677
f 4100/4155/3678 3711/4152/3678 3331/4154/3678 3701/4157/3678
f 3712/4156/3679 4100/4155/3679 3701/4157/3679 3332/4158/3679
f 3325/4110/3680 3687/4109/3680 4101/4159/3680 3713/4160/3680
f 3687/4109/3681 3324/4106/3681 3712/4156/3681 4101/4159/3681
f 4101/4159/3682 3712/4156/3682 3332/4158/3682 3702/4161/3682
f 3713/4160/3683 4101/4159/3683 3702/4161/3683 3333/4162/3683
f 3326/4114/3684 3688/4113/3684 4102/4163/3684 3707/4133/3684
f 3688/4113/3685 3325/4110/3685 3713/4160/3685 4102/4163/3685
f 4102/4163/3686 3713/4160/3686 3333/4162/3686 3703/4164/3686
f 3707/4133/3687 4102/4163/3687 3703/4164/3687 3334/4134/3687
f 3332/4158/3688 3701/4157/3688 4103/4165/3688 3721/4166/3688
f 3701/4157/3689 3331/4154/3689 3722/4167/3689 4103/4165/3689
f 4103/4165/3690 3722/4167/3690 3339/4168/3690 3716/4169/3690
f 3721/4166/3691 4103/4165/3691 3716/4169/3691 3340/4170/3691
f 3333/4162/3692 3702/4161/3692 4104/4171/3692 3723/4172/3692
f 3702/4161/3693 3332/4158/3693 3721/4166/3693 4104/4171/3693
f 4104/4171/3694 3721/4166/3694 3340/4170/3694 3717/4173/3694
f 3723/4172/3695 4104/4171/3695 3717/4173/3695 3341/4174/3695
f 3334/4134/3696 3703/4164/3696 4105/4175/3696 3724/4176/3696
f 3703/4164/3697 3333/4162/3697 3723/4172/3697 4105/4175/3697
f 4105/4175/3698 3723/4172/3698 3341/4174/3698 3718/4177/3698
f 3724/4176/3699 4105/4175/3699 3718/4177/3699 3342/4178/3699
f 3335/4136/3700 3704/4135/3700 4106/4179/3700 3725/4180/3700
f 3704/4135/3701 3334/4134/3701 3724/4176/3701 4106/4179/3701
f 4106/4179/3702 3724/4176/3702 3342/4178/3702 3719/4181/3702
f 3725/4180/3703 4106/4179/3703 3719/4181/3703 3343/4182/3703
f 3336/4142/3704 3943/4183/3704 4107/4184/3704 3726/4185/3704
f 3369/4186/3705 3944/4187/3705 4107/4184/3705 3943/4183/3705
f 3344/4188/3706 3726/4185/3706 4107/4184/3706 3944/4187/3706
f 3329/4146/3707 3705/4145/3707 4108/4189/3707 3727/4190/3707
f 3705/4145/3708 3336/4142/3708 3726/4185/3708 4108/4189/3708
f 4108/4189/3709 3726/4185/3709 3344/4188/3709 3720/4191/3709
f 3727/4190/3710 4108/4189/3710 3720/4191/3710 3337/4192/3710
f 3330/4150/3711 3699/4149/3711 4109/4193/3711 3728/4194/3711
f 3699/4149/3712 3329/4146/3712 3727/4190/3712 4109/4193/3712
f 4109/4193/3713 3727/4190/3713 3337/4192/3713 3714/4195/3713
f 3728/4194/3714 4109/4193/3714 3714/4195/3714 3338/4196/3714
f 3331/4154/3715 3700/4153/3715 4110/4197/3715 3722/4167/3715
f 3700/4153/3716 3330/4150/3716 3728/4194/3716 4110/4197/3716
f 4110/4197/3717 3728/4194/3717 3338/4196/3717 3715/4198/3717
f 3722/4167/3718 4110/4197/3718 3715/4198/3718 3339/4168/3718
f 3344/4188/3719 3944/4199/3719 4111/4200/3719 3737/4201/3719
f 3369/4202/3720 3945/4203/3720 4111/4200/3720 3944/4199/3720
f 3352/4204/3721 3737/4201/3721 4111/4200/3721 3945/4203/3721
f 3337/4192/3722 3720/4191/3722 4112/4205/3722 3738/4206/3722
f 3720/4191/3723 3344/4188/3723 3737/4201/3723 4112/4205/3723
f 4112/4205/3724 3737/4201/3724 3352/4204/3724 3735/4207/3724
f 3738/4206/3725 4112/4205/3725 3735/4207/3725 3345/4208/3725
f 3338/4196/3726 3714/4195/3726 4113/4209/3726 3739/4210/3726
f 3714/4195/3727 3337/4192/3727 3738/4206/3727 4113/4209/3727
f 4113/4209/3728 3738/4206/3728 3345/4208/3728 3729/4211/3728
f 3739/4210/3729 4113/4209/3729 3729/4211/3729 3346/4212/3729
f 3339/4168/3730 3715/4198/3730 4114/4213/3730 3740/4214/3730
f 3715/4198/3731 3338/4196/3731 3739/4210/3731 4114/4213/3731
f 4114/4213/3732 3739/4210/3732 3346/4212/3732 3730/4215/3732
f 3740/4214/3733 4114/4213/3733 3730/4215/3733 3347/4216/3733
f 3340/4170/3734 3716/4169/3734 4115/4217/3734 3741/4218/3734
f 3716/4169/3735 3339/4168/3735 3740/4214/3735 4115/4217/3735
f 4115/4217/3736 3740/4214/3736 3347/4216/3736 3731/4219/3736
f 3741/4218/3737 4115/4217/3737 3731/4219/3737 3348/4220/3737
f 3341/4174/3738 3717/4173/3738 4116/4221/3738 3742/4222/3738
f 3717/4173/3739 3340/4170/3739 3741/4218/3739 4116/4221/3739
f 4116/4221/3740 3741/4218/3740 3348/4220/3740 3732/4223/3740
f 3742/4222/3741 4116/4221/3741 3732/4223/3741 3349/4224/3741
f 3342/4178/3742 3718/4177/3742 4117/4225/3742 3743/4226/3742
f 3718/4177/3743 3341/4174/3743 3742/4222/3743 4117/4225/3743
f 4117/4225/3744 3742/4222/3744 3349/4224/3744 3733/4227/3744
f 3743/4226/3745 4117/4225/3745 3733/4227/3745 3350/4228/3745
f 3343/4182/3746 3719/4181/3746 4118/4229/3746 3736/4230/3746
f 3719/4181/3747 3342/4178/3747 3743/4226/3747 4118/4229/3747
f 4118/4229/3748 3743/4226/3748 3350/4228/3748 3734/4231/3748
f 3736/4230/3749 4118/4229/3749 3734/4231/3749 3351/4232/3749
f 3349/4224/3750 3732/4223/3750 4119/4233/3750 3751/4234/3750
f 3732/4223/3751 3348/4220/3751 3752/4235/3751 4119/4233/3751
f 4119/4233/3752 3752/4235/3752 3356/4236/3752 3747/4237/3752
f 3751/4234/3753 4119/4233/3753 3747/4237/3753 3357/4238/3753
f 3350/4228/3754 3733/4227/3754 4120/4239/3754 3753/4240/3754
f 3733/4227/3755 3349/4224/3755 3751/4234/3755 4120/4239/3755
f 4120/4239/3756 3751/4234/3756 3357/4238/3756 3748/4241/3756
f 3753/4240/3757 4120/4239/3757 3748/4241/3757 3358/4242/3757
f 3351/4232/3758 3734/4231/3758 4121/4243/3758 3754/4244/3758
f 3734/4231/3759 3350/4228/3759 3753/4240/3759 4121/4243/3759
f 4121/4243/3760 3753/4240/3760 3358/4242/3760 3749/4245/3760
f 3754/4244/3761 4121/4243/3761 3749/4245/3761 3359/4246/3761
f 3352/4204/3762 3945/4247/3762 4122/4248/3762 3755/4249/3762
f 3369/4250/3763 3946/4251/3763 4122/4248/3763 3945/4247/3763
f 3360/4252/3764 3755/4249/3764 4122/4248/3764 3946/4251/3764
f 3345/4208/3765 3735/4207/3765 4123/4253/3765 3756/4254/3765
f 3735/4207/3766 3352/4204/3766 3755/4249/3766 4123/4253/3766
f 4123/4253/3767 3755/4249/3767 3360/4252/3767 3750/4255/3767
f 3756/4254/3768 4123/4253/3768 3750/4255/3768 3353/4256/3768
f 3346/4212/3769 3729/4211/3769 4124/4257/3769 3757/4258/3769
f 3729/4211/3770 3345/4208/3770 3756/4254/3770 4124/4257/3770
f 4124/4257/3771 3756/4254/3771 3353/4256/3771 3744/4259/3771
f 3757/4258/3772 4124/4257/3772 3744/4259/3772 3354/4260/3772
f 3347/4216/3773 3730/4215/3773 4125/4261/3773 3758/4262/3773
f 3730/4215/3774 3346/4212/3774 3757/4258/3774 4125/4261/3774
f 4125/4261/3775 3757/4258/3775 3354/4260/3775 3745/4263/3775
f 3758/4262/3776 4125/4261/3776 3745/4263/3776 3355/4264/3776
f 3348/4220/3777 3731/4219/3777 4126/4265/3777 3752/4235/3777
f 3731/4219/3778 3347/4216/3778 3758/4262/3778 4126/4265/3778
f 4126/4265/3779 3758/4262/3779 3355/4264/3779 3746/4266/3779
f 3752/4235/3780 4126/4265/3780 3746/4266/3780 3356/4236/3780
f 3360/4252/3781 3946/4267/3781 4127/4268/3781 3767/4269/3781
f 3369/4270/3782 3759/4271/3782 4127/4268/3782 3946/4267/3782
f 3368/4272/3783 3767/4269/3783 4127/4268/3783 3759/4271/3783
f 3353/4256/3784 3750/4255/3784 4128/4273/3784 3768/4274/3784
f 3750/4255/3785 3360/4252/3785 3767/4269/3785 4128/4273/3785
f 4128/4273/3786 3767/4269/3786 3368/4272/3786 3766/4275/3786
f 3768/4274/3787 4128/4273/3787 3766/4275/3787 3361/4276/3787
f 3354/4260/3788 3744/4259/3788 4129/4277/3788 3769/4278/3788
f 3744/4259/3789 3353/4256/3789 3768/4274/3789 4129/4277/3789
f 4129/4277/3790 3768/4274/3790 3361/4276/3790 3760/4279/3790
f 3769/4278/3791 4129/4277/3791 3760/4279/3791 3362/4280/3791
f 3355/4264/3792 3745/4263/3792 4130/4281/3792 3770/4282/3792
f 3745/4263/3793 3354/4260/3793 3769/4278/3793 4130/4281/3793
f 4130/4281/3794 3769/4278/3794 3362/4280/3794 3761/4283/3794
f 3770/4282/3795 4130/4281/3795 3761/4283/3795 3363/4284/3795
f 3356/4236/3796 3746/4266/3796 4131/4285/3796 3771/4286/3796
f 3746/4266/3797 3355/4264/3797 3770/4282/3797 4131/4285/3797
f 4131/4285/3798 3770/4282/3798 3363/4284/3798 3762/4287/3798
f 3771/4286/3799 4131/4285/3799 3762/4287/3799 3364/4288/3799
f 3357/4238/3800 3747/4237/3800 4132/4289/3800 3772/4290/3800
f 3747/4237/3801 3356/4236/3801 3771/4286/3801 4132/4289/3801
f 4132/4289/3802 3771/4286/3802 3364/4288/3802 3763/4291/3802
f 3772/4290/3803 4132/4289/3803 3763/4291/3803 3365/4292/3803
f 3358/4242/3804 3748/4241/3804 4133/4293/3804 3773/4294/3804
f 3748/4241/3805 3357/4238/3805 3772/4290/3805 4133/4293/3805
f 4133/4293/3806 3772/4290/3806 3365/4292/3806 3764/4295/3806
f 3773/4294/3807 4133/4293/3807 3764/4295/3807 3366/4296/3807
f 3359/4246/3808 3749/4245/3808 4134/4297/3808 3774/4298/3808
f 3749/4245/3809 3358/4242/3809 3773/4294/3809 4134/4297/3809
f 4134/4297/3810 3773/4294/3810 3366/4296/3810 3765/4299/3810
f 3774/4298/3811 4134/4297/3811 3765/4299/3811 3367/4300/3811
f 3365/4292/3812 3763/4291/3812 4135/4301/3812 3782/4302/3812
f 3763/4291/3813 3364/4288/3813 3783/4303/3813 4135/4301/3813
f 4135/4301/3814 3783/4303/3814 3373/4304/3814 3778/4305/3814
f 3782/4302/3815 4135/4301/3815 3778/4305/3815 3374/4306/3815
f 3366/4296/3816 3764/4295/3816 4136/4307/3816 3784/4308/3816
f 3764/4295/3817 3365/4292/3817 3782/4302/3817 4136/4307/3817
f 4136/4307/3818 3782/4302/3818 3374/4306/3818 3779/4309/3818
f 3784/4308/3819 4136/4307/3819 3779/4309/3819 3375/4310/3819
f 3367/4300/3820 3765/4299/3820 4137/4311/3820 3785/4312/3820
f 3765/4299/3821 3366/4296/3821 3784/4308/3821 4137/4311/3821
f 4137/4311/3822 3784/4308/3822 3375/4310/3822 3780/4313/3822
f 3785/4312/3823 4137/4311/3823 3780/4313/3823 3376/4314/3823
f 3368/4272/3824 3759/4315/3824 4138/4316/3824 3786/4317/3824
f 3369/4318/3825 3947/4319/3825 4138/4316/3825 3759/4315/3825
f 3377/4320/3826 3786/4317/3826 4138/4316/3826 3947/4319/3826
f 3361/4276/3827 3766/4275/3827 4139/4321/3827 3787/4322/3827
f 3766/4275/3828 3368/4272/3828 3786/4317/3828 4139/4321/3828
f 4139/4321/3829 3786/4317/3829 3377/4320/3829 3781/4323/3829
f 3787/4322/3830 4139/4321/3830 3781/4323/3830 3370/4324/3830
f 3362/4280/3831 3760/4279/3831 4140/4325/3831 3788/4326/3831
f 3760/4279/3832 3361/4276/3832 3787/4322/3832 4140/4325/3832
f 4140/4325/3833 3787/4322/3833 3370/4324/3833 3775/4327/3833
f 3788/4326/3834 4140/4325/3834 3775/4327/3834 3371/4328/3834
f 3363/4284/3835 3761/4283/3835 4141/4329/3835 3789/4330/3835
f 3761/4283/3836 3362/4280/3836 3788/4326/3836 4141/4329/3836
f 4141/4329/3837 3788/4326/3837 3371/4328/3837 3776/4331/3837
f 3789/4330/3838 4141/4329/3838 3776/4331/3838 3372/4332/3838
f 3364/4288/3839 3762/4287/3839 4142/4333/3839 3783/4303/3839
f 3762/4287/3840 3363/4284/3840 3789/4330/3840 4142/4333/3840
f 4142/4333/3841 3789/4330/3841 3372/4332/3841 3777/4334/3841
f 3783/4303/3842 4142/4333/3842 3777/4334/3842 3373/4304/3842
f 3371/4328/3843 3775/4327/3843 4143/4335/3843 3797/4336/3843
f 3775/4327/3844 3370/4324/3844 3798/4337/3844 4143/4335/3844
f 4143/4335/3845 3798/4337/3845 3378/4338/3845 3790/4339/3845
f 3797/4336/3846 4143/4335/3846 3790/4339/3846 3379/4340/3846
f 3372/4332/3847 3776/4331/3847 4144/4341/3847 3799/4342/3847
f 3776/4331/3848 3371/4328/3848 3797/4336/3848 4144/4341/3848
f 4144/4341/3849 3797/4336/3849 3379/4340/3849 3791/4343/3849
f 3799/4342/3850 4144/4341/3850 3791/4343/3850 3380/4344/3850
f 3373/4304/3851 3777/4334/3851 4145/4345/3851 3800/4346/3851
f 3777/4334/3852 3372/4332/3852 3799/4342/3852 4145/4345/3852
f 4145/4345/3853 3799/4342/3853 3380/4344/3853 3792/4347/3853
f 3800/4346/3854 4145/4345/3854 3792/4347/3854 3381/4348/3854
f 3374/4306/3855 3778/4305/3855 4146/4349/3855 3801/4350/3855
f 3778/4305/3856 3373/4304/3856 3800/4346/3856 4146/4349/3856
f 4146/4349/3857 3800/4346/3857 3381/4348/3857 3793/4351/3857
f 3801/4350/3858 4146/4349/3858 3793/4351/3858 3382/4352/3858
f 3375/4310/3859 3779/4309/3859 4147/4353/3859 3802/4354/3859
f 3779/4309/3860 3374/4306/3860 3801/4350/3860 4147/4353/3860
f 4147/4353/3861 3801/4350/3861 3382/4352/3861 3794/4355/3861
f 3802/4354/3862 4147/4353/3862 3794/4355/3862 3383/4356/3862
f 3376/4314/3863 3780/4313/3863 4148/4357/3863 3803/4358/3863
f 3780/4313/3864 3375/4310/3864 3802/4354/3864 4148/4357/3864
f 4148/4357/3865 3802/4354/3865 3383/4356/3865 3795/4359/3865
f 3803/4358/3866 4148/4357/3866 3795/4359/3866 3384/4360/3866
f 3377/4320/3867 3947/4361/3867 4149/4362/3867 3804/4363/3867
f 3369/4364/3868 3948/4365/3868 4149/4362/3868 3947/4361/3868
f 3385/4366/3869 3804/4363/3869 4149/4362/3869 3948/4365/3869
f 3370/4324/3870 3781/4323/3870 4150/4367/3870 3798/4337/3870
f 3781/4323/3871 3377/4320/3871 3804/4363/3871 4150/4367/3871
f 4150/4367/3872 3804/4363/3872 3385/4366/3872 3796/4368/3872
f 3798/4337/3873 4150/4367/3873 3796/4368/3873 3378/4338/3873
f 3383/4369/3874 3794/4370/3874 4151/4371/3874 3812/4372/3874
f 3794/4370/3875 3382/4373/3875 3813/4374/3875 4151/4371/3875
f 4151/4371/3876 3813/4374/3876 3390/4375/3876 3809/4376/3876
f 3812/4372/3877 4151/4371/3877 3809/4376/3877 3391/4377/3877
f 3384/4378/3878 3795/4379/3878 4152/4380/3878 3814/4381/3878
f 3795/4379/3879 3383/4369/3879 3812/4372/3879 4152/4380/3879
f 4152/4380/3880 3812/4372/3880 3391/4377/3880 3810/4382/3880
f 3814/4381/3881 4152/4380/3881 3810/4382/3881 3392/4383/3881
f 3385/4384/3882 3948/4385/3882 4153/4386/3882 3815/4387/3882
f 3369/4388/3883 3949/4389/3883 4153/4386/3883 3948/4385/3883
f 3393/4390/3884 3815/4387/3884 4153/4386/3884 3949/4389/3884
f 3378/4391/3885 3796/4392/3885 4154/4393/3885 3816/4394/3885
f 3796/4392/3886 3385/4384/3886 3815/4387/3886 4154/4393/3886
f 4154/4393/3887 3815/4387/3887 3393/4390/3887 3811/4395/3887
f 3816/4394/3888 4154/4393/3888 3811/4395/3888 3386/4396/3888
f 3379/4397/3889 3790/4398/3889 4155/4399/3889 3817/4400/3889
f 3790/4398/3890 3378/4391/3890 3816/4394/3890 4155/4399/3890
f 4155/4399/3891 3816/4394/3891 3386/4396/3891 3805/4401/3891
f 3817/4400/3892 4155/4399/3892 3805/4401/3892 3387/4402/3892
f 3380/4403/3893 3791/4404/3893 4156/4405/3893 3818/4406/3893
f 3791/4404/3894 3379/4397/3894 3817/4400/3894 4156/4405/3894
f 4156/4405/3895 3817/4400/3895 3387/4402/3895 3806/4407/3895
f 3818/4406/3896 4156/4405/3896 3806/4407/3896 3388/4408/3896
f 3381/4409/3897 3792/4410/3897 4157/4411/3897 3819/4412/3897
f 3792/4410/3898 3380/4403/3898 3818/4406/3898 4157/4411/3898
f 4157/4411/3899 3818/4406/3899 3388/4408/3899 3807/4413/3899
f 3819/4412/3900 4157/4411/3900 3807/4413/3900 3389/4414/3900
f 3382/4373/3901 3793/4415/3901 4158/4416/3901 3813/4374/3901
f 3793/4415/3902 3381/4409/3902 3819/4412/3902 4158/4416/3902
f 4158/4416/3903 3819/4412/3903 3389/4414/3903 3808/4417/3903
f 3813/4374/3904 4158/4416/3904 3808/4417/3904 3390/4375/3904
f 3387/4402/3905 3805/4401/3905 4159/4418/3905 3827/4419/3905
f 3805/4401/3906 3386/4396/3906 3828/4420/3906 4159/4418/3906
f 4159/4418/3907 3828/4420/3907 3394/4421/3907 3820/4422/3907
f 3827/4419/3908 4159/4418/3908 3820/4422/3908 3395/4423/3908
f 3388/4408/3909 3806/4407/3909 4160/4424/3909 3829/4425/3909
f 3806/4407/3910 3387/4402/3910 3827/4419/3910 4160/4424/3910
f 4160/4424/3911 3827/4419/3911 3395/4423/3911 3821/4426/3911
f 3829/4425/3912 4160/4424/3912 3821/4426/3912 3396/4427/3912
f 3389/4414/3913 3807/4413/3913 4161/4428/3913 3830/4429/3913
f 3807/4413/3914 3388/4408/3914 3829/4425/3914 4161/4428/3914
f 4161/4428/3915 3829/4425/3915 3396/4427/3915 3822/4430/3915
f 3830/4429/3916 4161/4428/3916 3822/4430/3916 3397/4431/3916
f 3390/4375/3917 3808/4417/3917 4162/4432/3917 3831/4433/3917
f 3808/4417/3918 3389/4414/3918 3830/4429/3918 4162/4432/3918
f 4162/4432/3919 3830/4429/3919 3397/4431/3919 3823/4434/3919
f 3831/4433/3920 4162/4432/3920 3823/4434/3920 3398/4435/3920
f 3391/4377/3921 3809/4376/3921 4163/4436/3921 3832/4437/3921
f 3809/4376/3922 3390/4375/3922 3831/4433/3922 4163/4436/3922
f 4163/4436/3923 3831/4433/3923 3398/4435/3923 3824/4438/3923
f 3832/4437/3924 4163/4436/3924 3824/4438/3924 3399/4439/3924
f 3392/4383/3925 3810/4382/3925 4164/4440/3925 3833/4441/3925
f 3810/4382/3926 3391/4377/3926 3832/4437/3926 4164/4440/3926
f 4164/4440/3927 3832/4437/3927 3399/4439/3927 3825/4442/3927
f 3833/4441/3928 4164/4440/3928 3825/4442/3928 3400/4443/3928
f 3393/4390/3929 3949/4444/3929 4165/4445/3929 3834/4446/3929
f 3369/4447/3930 3950/4448/3930 4165/4445/3930 3949/4444/3930
f 3401/4449/3931 3834/4446/3931 4165/4445/3931 3950/4448/3931
f 3386/4396/3932 3811/4395/3932 4166/4450/3932 3828/4420/3932
f 3811/4395/3933 3393/4390/3933 3834/4446/3933 4166/4450/3933
f 4166/4450/3934 3834/4446/3934 3401/4449/3934 3826/4451/3934
f 3828/4420/3935 4166/4450/3935 3826/4451/3935 3394/4421/3935
f 3399/4439/3936 3824/4438/3936 4167/4452/3936 3842/4453/3936
f 3824/4438/3937 3398/4435/3937 3843/4454/3937 4167/4452/3937
f 4167/4452/3938 3843/4454/3938 3406/4455/3938 3839/4456/3938
f 3842/4453/3939 4167/4452/3939 3839/4456/3939 3407/4457/3939
f 3400/4443/3940 3825/4442/3940 4168/4458/3940 3844/4459/3940
f 3825/4442/3941 3399/4439/3941 3842/4453/3941 4168/4458/3941
f 4168/4458/3942 3842/4453/3942 3407/4457/3942 3840/4460/3942
f 3844/4459/3943 4168/4458/3943 3840/4460/3943 3408/4461/3943
f 3401/4449/3944 3950/4462/3944 4169/4463/3944 3845/4464/3944
f 3369/4465/3945 3951/4466/3945 4169/4463/3945 3950/4462/3945
f 3409/4467/3946 3845/4464/3946 4169/4463/3946 3951/4466/3946
f 3394/4421/3947 3826/4451/3947 4170/4468/3947 3846/4469/3947
f 3826/4451/3948 3401/4449/3948 3845/4464/3948 4170/4468/3948
f 4170/4468/3949 3845/4464/3949 3409/4467/3949 3841/4470/3949
f 3846/4469/3950 4170/4468/3950 3841/4470/3950 3402/4471/3950
f 3395/4423/3951 3820/4422/3951 4171/4472/3951 3847/4473/3951
f 3820/4422/3952 3394/4421/3952 3846/4469/3952 4171/4472/3952
f 4171/4472/3953 3846/4469/3953 3402/4471/3953 3835/4474/3953
f 3847/4473/3954 4171/4472/3954 3835/4474/3954 3403/4475/3954
f 3396/4427/3955 3821/4426/3955 4172/4476/3955 3848/4477/3955
f 3821/4426/3956 3395/4423/3956 3847/4473/3956 4172/4476/3956
f 4172/4476/3957 3847/4473/3957 3403/4475/3957 3836/4478/3957
f 3848/4477/3958 4172/4476/3958 3836/4478/3958 3404/4479/3958
f 3397/4431/3959 3822/4430/3959 4173/4480/3959 3849/4481/3959
f 3822/4430/3960 3396/4427/3960 3848/4477/3960 4173/4480/3960
f 4173/4480/3961 3848/4477/3961 3404/4479/3961 3837/4482/3961
f 3849/4481/3962 4173/4480/3962 3837/4482/3962 3405/4483/3962
f 3398/4435/3963 3823/4434/3963 4174/4484/3963 3843/4454/3963
f 3823/4434/3964 3397/4431/3964 3849/4481/3964 4174/4484/3964
f 4174/4484/3965 3849/4481/3965 3405/4483/3965 3838/4485/3965
f 3843/4454/3966 4174/4484/3966 3838/4485/3966 3406/4455/3966
f 3404/4479/3967 3836/4478/3967 4175/4486/3967 3857/4487/3967
f 3836/4478/3968 3403/4475/3968 3858/4488/3968 4175/4486/3968
f 4175/4486/3969 3858/4488/3969 3411/4489/3969 3851/4490/3969
f 3857/4487/3970 4175/4486/3970 3851/4490/3970 3412/4491/3970
f 3405/4483/3971 3837/4482/3971 4176/4492/3971 3859/4493/3971
f 3837/4482/3972 3404/4479/3972 3857/4487/3972 4176/4492/3972
f 4176/4492/3973 3857/4487/3973 3412/4491/3973 3852/4494/3973
f 3859/4493/3974 4176/4492/3974 3852/4494/3974 3413/4495/3974
f 3406/4455/3975 3838/4485/3975 4177/4496/3975 3860/4497/3975
f 3838/4485/3976 3405/4483/3976 3859/4493/3976 4177/4496/3976
f 4177/4496/3977 3859/4493/3977 3413/4495/3977 3853/4498/3977
f 3860/4497/3978 4177/4496/3978 3853/4498/3978 3414/4499/3978
f 3407/4457/3979 3839/4456/3979 4178/4500/3979 3861/4501/3979
f 3839/4456/3980 3406/4455/3980 3860/4497/3980 4178/4500/3980
f 4178/4500/3981 3860/4497/3981 3414/4499/3981 3854/4502/3981
f 3861/4501/3982 4178/4500/3982 3854/4502/3982 3415/4503/3982
f 3408/4461/3983 3840/4460/3983 4179/4504/3983 3862/4505/3983
f 3840/4460/3984 3407/4457/3984 3861/4501/3984 4179/4504/3984
f 4179/4504/3985 3861/4501/3985 3415/4503/3985 3855/4506/3985
f 3862/4505/3986 4179/4504/3986 3855/4506/3986 3416/4507/3986
f 3409/4467/3987 3951/4508/3987 4180/4509/3987 3863/4510/3987
f 3369/4511/3988 3952/4512/3988 4180/4509/3988 3951/4508/3988
f 3417/4513/3989 3863/4510/3989 4180/4509/3989 3952/4512/3989
f 3402/4471/3990 3841/4470/3990 4181/4514/3990 3864/4515/3990
f 3841/4470/3991 3409/4467/3991 3863/4510/3991 4181/4514/3991
f 4181/4514/3992 3863/4510/3992 3417/4513/3992 3856/4516/3992
f 3864/4515/3993 4181/4514/3993 3856/4516/3993 3410/4517/3993
f 3403/4475/3994 3835/4474/3994 4182/4518/3994 3858/4488/3994
f 3835/4474/3995 3402/4471/3995 3864/4515/3995 4182/4518/3995
f 4182/4518/3996 3864/4515/3996 3410/4517/3996 3850/4519/3996
f 3858/4488/3997 4182/4518/3997 3850/4519/3997 3411/4489/3997
f 3416/4507/3998 3855/4506/3998 4183/4520/3998 3872/4521/3998
f 3855/4506/3999 3415/4503/3999 3873/4522/3999 4183/4520/3999
f 4183/4520/4000 3873/4522/4000 3423/4523/4000 3870/4524/4000
f 3872/4521/4001 4183/4520/4001 3870/4524/4001 3424/4525/4001
f 3417/4513/4002 3952/4526/4002 4184/4527/4002 3874/4528/4002
f 3369/4529/4003 3953/4530/4003 4184/4527/4003 3952/4526/4003
f 3425/4531/4004 3874/4528/4004 4184/4527/4004 3953/4530/4004
f 3410/4517/4005 3856/4516/4005 4185/4532/4005 3875/4533/4005
f 3856/4516/4006 3417/4513/4006 3874/4528/4006 4185/4532/4006
f 4185/4532/4007 3874/4528/4007 3425/4531/4007 3871/4534/4007
f 3875/4533/4008 4185/4532/4008 3871/4534/4008 3418/4535/4008
f 3411/4489/4009 3850/4519/4009 4186/4536/4009 3876/4537/4009
f 3850/4519/4010 3410/4517/4010 3875/4533/4010 4186/4536/4010
f 4186/4536/4011 3875/4533/4011 3418/4535/4011 3865/4538/4011
f 3876/4537/4012 4186/4536/4012 3865/4538/4012 3419/4539/4012
f 3412/4491/4013 3851/4490/4013 4187/4540/4013 3877/4541/4013
f 3851/4490/4014 3411/4489/4014 3876/4537/4014 4187/4540/4014
f 4187/4540/4015 3876/4537/4015 3419/4539/4015 3866/4542/4015
f 3877/4541/4016 4187/4540/4016 3866/4542/4016 3420/4543/4016
f 3413/4495/4017 3852/4494/4017 4188/4544/4017 3878/4545/4017
f 3852/4494/4018 3412/4491/4018 3877/4541/4018 4188/4544/4018
f 4188/4544/4019 3877/4541/4019 3420/4543/4019 3867/4546/4019
f 3878/4545/4020 4188/4544/4020 3867/4546/4020 3421/4547/4020
f 3414/4499/4021 3853/4498/4021 4189/4548/4021 3879/4549/4021
f 3853/4498/4022 3413/4495/4022 3878/4545/4022 4189/4548/4022
f 4189/4548/4023 3878/4545/4023 3421/4547/4023 3868/4550/4023
f 3879/4549/4024 4189/4548/4024 3868/4550/4024 3422/4551/4024
f 3415/4503/4025 3854/4502/4025 4190/4552/4025 3873/4522/4025
f 3854/4502/4026 3414/4499/4026 3879/4549/4026 4190/4552/4026
f 4190/4552/4027 3879/4549/4027 3422/4551/4027 3869/4553/4027
f 3873/4522/4028 4190/4552/4028 3869/4553/4028 3423/4523/4028
f 3421/4547/4029 3867/4546/4029 4191/4554/4029 3887/4555/4029
f 3867/4546/4030 3420/4543/4030 3888/4556/4030 4191/4554/4030
f 4191/4554/4031 3888/4556/4031 3428/4557/4031 3882/4558/4031
f 3887/4555/4032 4191/4554/4032 3882/4558/4032 3429/4559/4032
f 3422/4551/4033 3868/4550/4033 4192/4560/4033 3889/4561/4033
f 3868/4550/4034 3421/4547/4034 3887/4555/4034 4192/4560/4034
f 4192/4560/4035 3887/4555/4035 3429/4559/4035 3883/4562/4035
f 3889/4561/4036 4192/4560/4036 3883/4562/4036 3430/4563/4036
f 3423/4523/4037 3869/4553/4037 4193/4564/4037 3890/4565/4037
f 3869/4553/4038 3422/4551/4038 3889/4561/4038 4193/4564/4038
f 4193/4564/4039 3889/4561/4039 3430/4563/4039 3884/4566/4039
f 3890/4565/4040 4193/4564/4040 3884/4566/4040 3431/4567/4040
f 3424/4525/4041 3870/4524/4041 4194/4568/4041 3891/4569/4041
f 3870/4524/4042 3423/4523/4042 3890/4565/4042 4194/4568/4042
f 4194/4568/4043 3890/4565/4043 3431/4567/4043 3885/4570/4043
f 3891/4569/4044 4194/4568/4044 3885/4570/4044 3432/4571/4044
f 3425/4531/4045 3953/4572/4045 4195/4573/4045 3892/4574/4045
f 3369/4575/4046 3954/4576/4046 4195/4573/4046 3953/4572/4046
f 3433/4577/4047 3892/4574/4047 4195/4573/4047 3954/4576/4047
f 3418/4535/4048 3871/4534/4048 4196/4578/4048 3893/4579/4048
f 3871/4534/4049 3425/4531/4049 3892/4574/4049 4196/4578/4049
f 4196/4578/4050 3892/4574/4050 3433/4577/4050 3886/4580/4050
f 3893/4579/4051 4196/4578/4051 3886/4580/4051 3426/4581/4051
f 3419/4539/4052 3865/4538/4052 4197/4582/4052 3894/4583/4052
f 3865/4538/4053 3418/4535/4053 3893/4579/4053 4197/4582/4053
f 4197/4582/4054 3893/4579/4054 3426/4581/4054 3880/4584/4054
f 3894/4583/4055 4197/4582/4055 3880/4584/4055 3427/4585/4055
f 3420/4543/4056 3866/4542/4056 4198/4586/4056 3888/4556/4056
f 3866/4542/4057 3419/4539/4057 3894/4583/4057 4198/4586/4057
f 4198/4586/4058 3894/4583/4058 3427/4585/4058 3881/4587/4058
f 3888/4556/4059 4198/4586/4059 3881/4587/4059 3428/4557/4059
f 3433/4577/4060 3954/4588/4060 4199/4589/4060 3903/4590/4060
f 3369/4591/4061 3955/4592/4061 4199/4589/4061 3954/4588/4061
f 3441/4593/4062 3903/4590/4062 4199/4589/4062 3955/4592/4062
f 3426/4581/4063 3886/4580/4063 4200/4594/4063 3904/4595/4063
f 3886/4580/4064 3433/4577/4064 3903/4590/4064 4200/4594/4064
f 4200/4594/4065 3903/4590/4065 3441/4593/4065 3901/4596/4065
f 3904/4595/4066 4200/4594/4066 3901/4596/4066 3434/4597/4066
f 3427/4585/4067 3880/4584/4067 4201/4598/4067 3905/4599/4067
f 3880/4584/4068 3426/4581/4068 3904/4595/4068 4201/4598/4068
f 4201/4598/4069 3904/4595/4069 3434/4597/4069 3895/4600/4069
f 3905/4599/4070 4201/4598/4070 3895/4600/4070 3435/4601/4070
f 3428/4557/4071 3881/4587/4071 4202/4602/4071 3906/4603/4071
f 3881/4587/4072 3427/4585/4072 3905/4599/4072 4202/4602/4072
f 4202/4602/4073 3905/4599/4073 3435/4601/4073 3896/4604/4073
f 3906/4603/4074 4202/4602/4074 3896/4604/4074 3436/4605/4074
f 3429/4559/4075 3882/4558/4075 4203/4606/4075 3907/4607/4075
f 3882/4558/4076 3428/4557/4076 3906/4603/4076 4203/4606/4076
f 4203/4606/4077 3906/4603/4077 3436/4605/4077 3897/4608/4077
f 3907/4607/4078 4203/4606/4078 3897/4608/4078 3437/4609/4078
f 3430/4563/4079 3883/4562/4079 4204/4610/4079 3908/4611/4079
f 3883/4562/4080 3429/4559/4080 3907/4607/4080 4204/4610/4080
f 4204/4610/4081 3907/4607/4081 3437/4609/4081 3898/4612/4081
f 3908/4611/4082 4204/4610/4082 3898/4612/4082 3438/4613/4082
f 3431/4567/4083 3884/4566/4083 4205/4614/4083 3909/4615/4083
f 3884/4566/4084 3430/4563/4084 3908/4611/4084 4205/4614/4084
f 4205/4614/4085 3908/4611/4085 3438/4613/4085 3899/4616/4085
f 3909/4615/4086 4205/4614/4086 3899/4616/4086 3439/4617/4086
f 3432/4571/4087 3885/4570/4087 4206/4618/4087 3902/4619/4087
f 3885/4570/4088 3431/4567/4088 3909/4615/4088 4206/4618/4088
f 4206/4618/4089 3909/4615/4089 3439/4617/4089 3900/4620/4089
f 3902/4619/4090 4206/4618/4090 3900/4620/4090 3440/4621/4090
f 3437/4609/4091 3897/4608/4091 4207/4622/4091 3956/4623/4091
f 3897/4608/4092 3436/4605/4092 3913/4624/4092 4207/4622/4092
f 4207/4622/4093 3913/4624/4093 3444/3549/4093 3920/3547/4093
f 3956/4623/4094 4207/4622/4094 3920/3547/4094 3199/3542/4094
f 3438/4613/4095 3898/4612/4095 4208/4625/4095 3957/4626/4095
f 3898/4612/4096 3437/4609/4096 3956/4623/4096 4208/4625/4096
f 4208/4625/4097 3956/4623/4097 3199/3542/4097 3454/3539/4097
f 3957/4626/4098 4208/4625/4098 3454/3539/4098 3198/3538/4098
f 3439/4617/4099 3899/4616/4099 4209/4627/4099 3958/4628/4099
f 3899/4616/4100 3438/4613/4100 3957/4626/4100 4209/4627/4100
f 4209/4627/4101 3957/4626/4101 3198/3538/4101 3453/3584/4101
f 3958/4628/4102 4209/4627/4102 3453/3584/4102 3197/3579/4102
f 3440/4621/4103 3900/4620/4103 4210/4629/4103 3914/4630/4103
f 3900/4620/4104 3439/4617/4104 3958/4628/4104 4210/4629/4104
f 4210/4629/4105 3958/4628/4105 3197/3579/4105 3919/3576/4105
f 3914/4630/4106 4210/4629/4106 3919/3576/4106 3445/3575/4106
f 3441/4593/4107 3955/4631/4107 4211/4632/4107 3915/4633/4107
f 3369/4634/4108 3921/4635/4108 4211/4632/4108 3955/4631/4108
f 3446/3567/4109 3915/4633/4109 4211/4632/4109 3921/4635/4109
f 3434/4597/4110 3901/4596/4110 4212/4636/4110 3916/4637/4110
f 3901/4596/4111 3441/4593/4111 3915/4633/4111 4212/4636/4111
f 4212/4636/4112 3915/4633/4112 3446/3567/4112 3912/3565/4112
f 3916/4637/4113 4212/4636/4113 3912/3565/4113 3442/3561/4113
f 3435/4601/4114 3895/4600/4114 4213/4638/4114 3917/4639/4114
f 3895/4600/4115 3434/4597/4115 3916/4637/4115 4213/4638/4115
f 4213/4638/4116 3916/4637/4116 3442/3561/4116 3910/3559/4116
f 3917/4639/4117 4213/4638/4117 3910/3559/4117 3443/3555/4117
f 3436/4605/4118 3896/4604/4118 4214/4640/4118 3913/4624/4118
f 3896/4604/4119 3435/4601/4119 3917/4639/4119 4214/4640/4119
f 4214/4640/4120 3917/4639/4120 3443/3555/4120 3911/3553/4120
f 3913/4624/4121 4214/4640/4121 3911/3553/4121 3444/3549/4121
g Cube.003_Cube.004
v 0.257340 -0.024105 -0.616317
v 1.019122 1.287205 -1.627943
v 1.299486 1.297109 -1.043328
v 0.919954 0.331029 -1.625607
v 0.165184 1.571749 -0.371210
v -0.694960 0.782688 -1.154672
v 0.434167 1.831284 -0.919472
v 1.236063 0.562602 -1.158022
v 0.401897 1.002203 0.001036
v 0.873423 0.715356 -0.238370
v -0.605890 0.879639 -1.487468
v 0.868467 1.621107 -0.388394
v 0.074094 -0.088200 -1.122911
v -0.546436 0.303832 -0.906243
v 0.460500 1.260352 -1.897838
v 0.081182 0.350257 -1.687618
vn -0.0541 0.9125 0.4054
vn 0.5003 0.8494 -0.1680
vn -0.3337 -0.0779 -0.9395
vn 0.0272 -0.7897 -0.6128
vn 0.4364 -0.0475 -0.8985
vn 0.9132 -0.1387 0.3831
vn 0.8518 0.0901 0.5160
vn -0.8283 -0.4381 -0.3493
vn -0.5972 -0.6140 -0.5161
vn -0.7314 0.1278 0.6699
vn 0.0657 -0.2505 -0.9659
vn 0.8738 -0.0519 -0.4834
vn -0.4532 -0.4118 0.7906
vn 0.5918 -0.7715 0.2336
vn 0.1103 -0.5237 0.8447
vn -0.6824 0.7307 0.0183
vn -0.0175 0.5419 0.8403
vn 0.5157 0.1427 0.8448
vn 0.4249 -0.9044 -0.0393
vn -0.4455 -0.8539 0.2692
vn -0.4501 0.7659 -0.4591
vn 0.1961 0.8492 -0.4903
vt 0.353793 0.570506
vt 0.221212 0.626914
vt 0.229007 0.523868
vt 0.429000 0.143207
vt 0.503814 0.228458
vt 0.377938 0.402995
vt 0.375000 0.177643
vt 0.830749 0.500000
vt 0.778201 0.597763
vt 0.731400 0.563157
vt 0.750691 0.654040
vt 0.847688 0.615258
vt 0.875000 0.500000
vt 0.408549 0.899854
vt 0.476514 1.000000
vt 0.375000 1.000000
vt 0.225155 0.725252
vt 0.125000 0.700504
vt 0.552525 0.568757
vt 0.561099 0.485695
vt 0.570825 0.653041
vt 0.658516 0.626313
vt 0.361646 0.704347
vt 0.503386 0.092874
vt 0.586916 0.113140
vt 0.568511 0.851875
vt 0.578028 1.000000
vt 0.415981 0.799712
vt 0.655566 0.750930
vt 0.697420 0.668614
vt 0.606820 0.653373
vt 0.546763 0.301169
s 0
g Cube.003_Material.004
usemtl Material.004
f 4219/4641/4122 4226/4642/4122 4221/4643/4122
f 4217/4644/4123 4216/4645/4123 4221/4646/4123 4226/4647/4123
f 4229/4648/4124 4230/4649/4124 4225/4650/4124
f 4227/4651/4125 4230/4649/4125 4218/4652/4125
f 4216/4653/4126 4218/4652/4126 4229/4648/4126
f 4224/4654/4127 4222/4655/4127 4217/4656/4127
f 4226/4642/4128 4224/4657/4128 4217/4658/4128
f 4220/4659/4129 4225/4660/4129 4228/4661/4129
f 4230/4649/4130 4227/4651/4130 4228/4662/4130 4225/4650/4130
f 4219/4641/4131 4220/4659/4131 4228/4661/4131 4223/4663/4131
f 4229/4648/4132 4218/4652/4132 4230/4649/4132
f 4222/4664/4133 4218/4665/4133 4216/4645/4133 4217/4644/4133
f 4228/4661/4134 4215/4666/4134 4223/4663/4134
f 4215/4666/4135 4218/4667/4135 4222/4655/4135 4224/4654/4135
f 4224/4654/4136 4223/4668/4136 4215/4666/4136
f 4221/4646/4137 4225/4660/4137 4220/4659/4137 4219/4641/4137
f 4219/4641/4138 4223/4663/4138 4226/4642/4138
f 4223/4663/4139 4224/4657/4139 4226/4642/4139
f 4218/4652/4140 4215/4669/4140 4227/4670/4140
f 4215/4669/4141 4228/4671/4141 4227/4670/4141
f 4225/4660/4142 4221/4646/4142 4229/4672/4142
f 4221/4646/4143 4216/4645/4143 4229/4672/4143
