# Blender 4.1.0
# www.blender.org
mtllib Explosion0006.mtl
g Circle_Circle
v 0.073705 0.917962 -0.370538
v 0.107002 0.826144 -0.537937
v 0.136188 0.702578 -0.684664
v 0.160140 0.552012 -0.805080
v 0.177939 0.380232 -0.894557
v 0.188899 0.193841 -0.949657
v 0.193841 0.000000 -0.974503
v 0.000000 0.193841 -0.968262
v 0.000000 0.380232 -0.912083
v 0.000000 0.552012 -0.820853
v 0.038970 0.973792 -0.195917
v 0.144577 0.917962 -0.349039
v 0.209893 0.826144 -0.506726
v 0.267143 0.702578 -0.644940
v 0.314127 0.552012 -0.758369
v 0.349039 0.380232 -0.842655
v 0.370538 0.193841 -0.894557
v 0.380232 0.000000 -0.917962
v 0.076443 0.973792 -0.184550
v 0.209893 0.917962 -0.314127
v 0.304717 0.826144 -0.456041
v 0.387831 0.702578 -0.580431
v 0.456041 0.552012 -0.682514
v 0.506726 0.380232 -0.758369
v 0.537938 0.193841 -0.805080
v 0.552012 0.000000 -0.826144
v 0.110978 0.973792 -0.166091
v 0.267143 0.917962 -0.267143
v 0.387831 0.826144 -0.387831
v 0.493616 0.702578 -0.493616
v 0.580431 0.552012 -0.580431
v 0.644940 0.380232 -0.644940
v 0.684665 0.193841 -0.684664
v 0.702578 0.000000 -0.702578
v 0.141248 0.973792 -0.141248
v 0.314127 0.917962 -0.209893
v 0.456041 0.826144 -0.304717
v 0.580431 0.702578 -0.387831
v 0.682514 0.552012 -0.456041
v 0.758369 0.380232 -0.506726
v 0.805080 0.193841 -0.537937
v 0.826144 0.000000 -0.552012
v 0.166091 0.973792 -0.110978
v 0.349039 0.917962 -0.144577
v 0.506726 0.826144 -0.209893
v 0.644940 0.702578 -0.267143
v 0.758369 0.552012 -0.314127
v 0.842654 0.380232 -0.349039
v 0.894557 0.193841 -0.370538
v 0.917962 0.000000 -0.380232
v 0.184550 0.973792 -0.076443
v 0.370538 0.917962 -0.073705
v 0.537937 0.826144 -0.107002
v 0.684664 0.702578 -0.136188
v 0.805080 0.552012 -0.160140
v 0.894557 0.380232 -0.177939
v 0.949657 0.193841 -0.188898
v 0.974503 0.000000 -0.193841
v 0.195917 0.973792 -0.038970
v 0.377797 0.917962 0.000000
v 0.548476 0.826144 0.000000
v 0.698078 0.702578 0.000000
v 0.820853 0.552012 0.000000
v 0.912083 0.380232 -0.000000
v 0.968262 0.193841 0.000000
v 0.993595 0.000000 0.000000
v 0.199755 0.973792 0.000000
v 0.370538 0.917962 0.073705
v 0.537937 0.826144 0.107002
v 0.684664 0.702578 0.136188
v 0.805080 0.552012 0.160140
v 0.894557 0.380232 0.177939
v 0.949657 0.193841 0.188899
v 0.974503 0.000000 0.193841
v 0.195917 0.973792 0.038970
v 0.349039 0.917962 0.144577
v 0.506726 0.826144 0.209893
v 0.644940 0.702578 0.267143
v 0.758369 0.552012 0.314127
v 0.842654 0.380232 0.349039
v 0.894557 0.193841 0.370538
v 0.917962 0.000000 0.380232
v 0.184550 0.973792 0.076443
v 0.314127 0.917962 0.209893
v 0.456041 0.826144 0.304717
v 0.580431 0.702578 0.387831
v 0.682514 0.552012 0.456041
v 0.758369 0.380232 0.506726
v 0.805080 0.193841 0.537937
v 0.826144 0.000000 0.552012
v 0.166090 0.973792 0.110978
v 0.267143 0.917962 0.267143
v 0.387831 0.826144 0.387831
v 0.493616 0.702578 0.493616
v 0.580430 0.552012 0.580430
v 0.644940 0.380232 0.644940
v 0.684664 0.193841 0.684664
v 0.702577 0.000000 0.702578
v 0.141248 0.973792 0.141248
v 0.209893 0.917962 0.314127
v 0.304717 0.826144 0.456041
v 0.387831 0.702578 0.580430
v 0.456041 0.552012 0.682514
v 0.506726 0.380232 0.758369
v 0.537937 0.193841 0.805080
v 0.552011 0.000000 0.826144
v 0.110978 0.973792 0.166090
v 0.144577 0.917962 0.349039
v 0.209893 0.826144 0.506726
v 0.267143 0.702578 0.644940
v 0.314127 0.552012 0.758369
v 0.349039 0.380232 0.842654
v 0.370538 0.193841 0.894557
v 0.380232 0.000000 0.917962
v 0.076443 0.973792 0.184550
v 0.073704 0.917962 0.370538
v 0.107002 0.826144 0.537937
v 0.136188 0.702578 0.684664
v 0.160140 0.552012 0.805080
v 0.177938 0.380232 0.894557
v 0.188898 0.193841 0.949657
v 0.193840 0.000000 0.974503
v 0.038970 0.973792 0.195917
v -0.000000 0.917962 0.377797
v -0.000000 0.826144 0.548476
v -0.000000 0.702578 0.698078
v -0.000000 0.552012 0.820853
v -0.000000 0.380232 0.912082
v -0.000000 0.193841 0.968262
v -0.000000 0.000000 0.993595
v -0.000000 0.973792 0.199755
v -0.073705 0.917962 0.370538
v -0.107002 0.826144 0.537937
v -0.136188 0.702578 0.684664
v -0.160140 0.552012 0.805080
v -0.177938 0.380232 0.894557
v -0.188899 0.193841 0.949657
v -0.193841 0.000000 0.974503
v -0.038970 0.973792 0.195917
v -0.144577 0.917962 0.349039
v -0.209893 0.826144 0.506726
v -0.267143 0.702578 0.644940
v -0.314127 0.552012 0.758369
v -0.349039 0.380232 0.842654
v -0.370538 0.193841 0.894557
v -0.380232 0.000000 0.917961
v -0.076443 0.973792 0.184550
v -0.209893 0.917962 0.314127
v -0.304717 0.826144 0.456041
v -0.387831 0.702578 0.580430
v -0.456041 0.552012 0.682514
v -0.506726 0.380232 0.758369
v -0.537937 0.193841 0.805080
v -0.552012 0.000000 0.826143
v -0.110978 0.973792 0.166090
v -0.267143 0.917962 0.267143
v -0.387831 0.826144 0.387831
v -0.493615 0.702578 0.493615
v -0.580430 0.552012 0.580430
v -0.644940 0.380232 0.644940
v -0.684664 0.193841 0.684664
v -0.702578 0.000000 0.702577
v -0.141248 0.973792 0.141248
v -0.314127 0.917962 0.209893
v -0.456041 0.826144 0.304717
v -0.580430 0.702578 0.387831
v -0.682514 0.552012 0.456041
v -0.758369 0.380232 0.506726
v -0.805080 0.193841 0.537937
v -0.826144 0.000000 0.552011
v -0.166090 0.973792 0.110978
v -0.349039 0.917962 0.144577
v -0.506726 0.826144 0.209893
v -0.644940 0.702578 0.267143
v -0.758369 0.552012 0.314126
v -0.842654 0.380232 0.349039
v -0.894557 0.193841 0.370537
v -0.917962 0.000000 0.380232
v -0.184550 0.973792 0.076443
v 0.000000 0.997577 0.000000
v -0.370538 0.917962 0.073704
v -0.537937 0.826144 0.107002
v -0.684664 0.702578 0.136188
v -0.805080 0.552012 0.160140
v -0.894557 0.380232 0.177938
v -0.949657 0.193841 0.188898
v -0.974503 0.000000 0.193840
v -0.195917 0.973792 0.038970
v -0.377797 0.917962 -0.000000
v -0.548476 0.826144 -0.000000
v -0.698078 0.702578 -0.000000
v -0.820852 0.552012 -0.000000
v -0.912082 0.380232 -0.000000
v -0.968261 0.193841 -0.000000
v -0.993594 0.000000 -0.000000
v -0.199755 0.973792 -0.000000
v -0.370538 0.917962 -0.073705
v -0.537937 0.826144 -0.107002
v -0.684664 0.702578 -0.136188
v -0.805080 0.552012 -0.160140
v -0.894557 0.380232 -0.177939
v -0.949656 0.193841 -0.188899
v -0.974503 0.000000 -0.193841
v -0.195917 0.973792 -0.038970
v -0.349039 0.917962 -0.144577
v -0.506726 0.826144 -0.209893
v -0.644940 0.702578 -0.267143
v -0.758369 0.552012 -0.314127
v -0.842654 0.380232 -0.349039
v -0.894557 0.193841 -0.370538
v -0.917961 0.000000 -0.380232
v -0.184550 0.973792 -0.076443
v -0.314127 0.917962 -0.209893
v -0.456041 0.826144 -0.304717
v -0.580430 0.702578 -0.387831
v -0.682514 0.552012 -0.456041
v -0.758369 0.380232 -0.506726
v -0.805080 0.193841 -0.537937
v -0.826143 0.000000 -0.552012
v -0.166090 0.973792 -0.110978
v -0.267143 0.917962 -0.267143
v -0.387831 0.826144 -0.387831
v -0.493615 0.702578 -0.493615
v -0.580430 0.552012 -0.580430
v -0.644939 0.380232 -0.644940
v -0.684664 0.193841 -0.684664
v -0.702577 0.000000 -0.702577
v -0.141248 0.973792 -0.141248
v -0.209893 0.917962 -0.314127
v -0.304717 0.826144 -0.456041
v -0.387831 0.702578 -0.580430
v -0.456041 0.552012 -0.682514
v -0.506726 0.380232 -0.758369
v -0.537937 0.193841 -0.805080
v -0.552011 0.000000 -0.826144
v -0.110978 0.973792 -0.166090
v -0.144577 0.917962 -0.349039
v -0.209892 0.826144 -0.506726
v -0.267143 0.702578 -0.644940
v -0.314126 0.552012 -0.758369
v -0.349039 0.380232 -0.842654
v -0.370537 0.193841 -0.894557
v -0.380232 0.000000 -0.917961
v -0.076443 0.973792 -0.184550
v -0.073704 0.917962 -0.370538
v -0.107002 0.826144 -0.537937
v -0.136188 0.702578 -0.684664
v -0.160140 0.552012 -0.805080
v -0.177938 0.380232 -0.894557
v -0.188898 0.193841 -0.949656
v -0.193840 0.000000 -0.974503
v -0.038970 0.973792 -0.195917
v 0.000000 0.917962 -0.377797
v 0.000000 0.826144 -0.548476
v 0.000000 0.702578 -0.698078
v 0.000000 0.000000 -0.993594
v 0.000000 0.973792 -0.199755
v 0.090790 0.876269 -0.456434
v 0.122183 0.768056 -0.614256
v 0.148881 0.630328 -0.748474
v 0.169857 0.468376 -0.853927
v 0.184305 0.288424 -0.926565
v 0.191826 0.097389 -0.964376
v 0.000000 0.288424 -0.944718
v 0.000000 0.468376 -0.870657
v 0.056083 0.950719 -0.281948
v 0.089399 0.380232 -0.907687
v 0.080457 0.552012 -0.816897
v 0.094906 0.193841 -0.963596
v 0.178092 0.876269 -0.429951
v 0.239671 0.768056 -0.578617
v 0.292040 0.630328 -0.705047
v 0.333186 0.468376 -0.804382
v 0.361528 0.288424 -0.872805
v 0.376281 0.097389 -0.908422
v 0.110011 0.950719 -0.265589
v 0.238280 0.552012 -0.785504
v 0.202641 0.702578 -0.668016
v 0.264763 0.380232 -0.872805
v 0.281071 0.193841 -0.926565
v 0.288424 0.000000 -0.950808
v 0.058513 0.973614 -0.192890
v 0.159214 0.826144 -0.524857
v 0.109668 0.917962 -0.361528
v 0.258549 0.876269 -0.386946
v 0.347948 0.768056 -0.520741
v 0.423976 0.630328 -0.634525
v 0.483711 0.468376 -0.723925
v 0.524857 0.288424 -0.785504
v 0.546275 0.097389 -0.817558
v 0.159711 0.950719 -0.239024
v 0.468376 0.000000 -0.876269
v 0.456434 0.193841 -0.853927
v 0.095019 0.973614 -0.177769
v 0.178092 0.917962 -0.333186
v 0.258549 0.826144 -0.483711
v 0.329070 0.702578 -0.615647
v 0.386946 0.552012 -0.723925
v 0.429951 0.380232 -0.804382
v 0.329070 0.876269 -0.329070
v 0.442854 0.768056 -0.442854
v 0.539619 0.630328 -0.539619
v 0.615647 0.468376 -0.615647
v 0.668016 0.288424 -0.668016
v 0.695276 0.097389 -0.695276
v 0.203273 0.950719 -0.203273
v 0.442854 0.702578 -0.539619
v 0.347948 0.826144 -0.423976
v 0.520741 0.552012 -0.634525
v 0.578617 0.380232 -0.705047
v 0.614257 0.193841 -0.748474
v 0.630328 0.000000 -0.768056
v 0.127874 0.973614 -0.155815
v 0.239671 0.917962 -0.292040
v 0.386946 0.876269 -0.258549
v 0.520741 0.768056 -0.347948
v 0.634525 0.630328 -0.423976
v 0.723925 0.468376 -0.483711
v 0.785504 0.288424 -0.524857
v 0.817558 0.097389 -0.546275
v 0.239024 0.950719 -0.159711
v 0.768056 0.000000 -0.630327
v 0.748474 0.193841 -0.614256
v 0.155815 0.973614 -0.127874
v 0.292040 0.917962 -0.239671
v 0.423976 0.826144 -0.347948
v 0.539620 0.702578 -0.442854
v 0.634525 0.552012 -0.520741
v 0.705047 0.380232 -0.578617
v 0.429951 0.876269 -0.178092
v 0.578617 0.768056 -0.239671
v 0.705047 0.630328 -0.292040
v 0.804382 0.468376 -0.333186
v 0.872805 0.288424 -0.361528
v 0.908422 0.097389 -0.376281
v 0.265589 0.950719 -0.110011
v 0.723925 0.552012 -0.386946
v 0.615647 0.702578 -0.329070
v 0.804382 0.380232 -0.429951
v 0.853927 0.193841 -0.456434
v 0.876269 0.000000 -0.468375
v 0.177769 0.973614 -0.095019
v 0.333186 0.917962 -0.178092
v 0.483711 0.826144 -0.258549
v 0.456434 0.876269 -0.090790
v 0.614256 0.768056 -0.122183
v 0.748474 0.630328 -0.148881
v 0.853927 0.468376 -0.169857
v 0.926565 0.288424 -0.184305
v 0.964376 0.097389 -0.191826
v 0.281948 0.950719 -0.056083
v 0.950807 0.000000 -0.288424
v 0.192890 0.973614 -0.058513
v 0.361528 0.917962 -0.109668
v 0.524857 0.826144 -0.159214
v 0.668016 0.702578 -0.202641
v 0.785504 0.552012 -0.238280
v 0.872805 0.380232 -0.264763
v 0.926565 0.193841 -0.281070
v 0.465376 0.876269 0.000000
v 0.626290 0.768056 0.000000
v 0.763137 0.630328 0.000000
v 0.870657 0.468376 0.000000
v 0.944718 0.288424 0.000000
v 0.983269 0.097389 0.000000
v 0.287471 0.950719 0.000000
v 0.816897 0.552012 -0.080457
v 0.694714 0.702578 -0.068423
v 0.907687 0.380232 -0.089399
v 0.963596 0.193841 -0.094906
v 0.988807 0.000000 -0.097389
v 0.200599 0.973614 -0.019757
v 0.375976 0.917962 -0.037030
v 0.545833 0.826144 -0.053760
v 0.456434 0.876269 0.090790
v 0.614256 0.768056 0.122183
v 0.748474 0.630328 0.148881
v 0.853927 0.468376 0.169857
v 0.926565 0.288424 0.184305
v 0.964376 0.097389 0.191826
v 0.281948 0.950719 0.056083
v 0.988807 0.000000 0.097389
v 0.200599 0.973614 0.019757
v 0.375976 0.917962 0.037030
v 0.545833 0.826144 0.053760
v 0.694714 0.702578 0.068423
v 0.816897 0.552012 0.080457
v 0.907687 0.380232 0.089399
v 0.963596 0.193841 0.094906
v 0.429951 0.876269 0.178092
v 0.578617 0.768056 0.239671
v 0.705047 0.630328 0.292040
v 0.804382 0.468376 0.333186
v 0.872805 0.288424 0.361528
v 0.908422 0.097389 0.376281
v 0.265589 0.950719 0.110011
v 0.872805 0.380232 0.264763
v 0.785504 0.552012 0.238280
v 0.926565 0.193841 0.281071
v 0.950807 0.000000 0.288424
v 0.192890 0.973614 0.058513
v 0.361528 0.917962 0.109668
v 0.524857 0.826144 0.159214
v 0.668016 0.702578 0.202641
v 0.386946 0.876269 0.258549
v 0.520741 0.768056 0.347948
v 0.634525 0.630328 0.423976
v 0.723924 0.468376 0.483711
v 0.785504 0.288424 0.524857
v 0.817558 0.097389 0.546275
v 0.239024 0.950719 0.159711
v 0.333186 0.917962 0.178092
v 0.177769 0.973614 0.095019
v 0.483711 0.826144 0.258549
v 0.615647 0.702578 0.329070
v 0.723924 0.552012 0.386946
v 0.804382 0.380232 0.429951
v 0.853927 0.193841 0.456434
v 0.876269 0.000000 0.468376
v 0.329070 0.876269 0.329070
v 0.442854 0.768056 0.442854
v 0.539619 0.630328 0.539619
v 0.615647 0.468376 0.615647
v 0.668016 0.288424 0.668016
v 0.695276 0.097389 0.695276
v 0.203273 0.950719 0.203273
v 0.748473 0.193841 0.614256
v 0.705047 0.380232 0.578617
v 0.768056 0.000000 0.630328
v 0.155815 0.973614 0.127874
v 0.292040 0.917962 0.239671
v 0.423976 0.826144 0.347948
v 0.539619 0.702578 0.442854
v 0.634525 0.552012 0.520741
v 0.258549 0.876269 0.386946
v 0.347948 0.768056 0.520741
v 0.423976 0.630328 0.634525
v 0.483711 0.468376 0.723925
v 0.524857 0.288424 0.785504
v 0.546275 0.097389 0.817558
v 0.159711 0.950719 0.239024
v 0.347948 0.826144 0.423976
v 0.239671 0.917962 0.292040
v 0.442854 0.702578 0.539619
v 0.520741 0.552012 0.634525
v 0.578617 0.380232 0.705047
v 0.614256 0.193841 0.748474
v 0.630327 0.000000 0.768056
v 0.127874 0.973614 0.155815
v 0.178091 0.876269 0.429951
v 0.239671 0.768056 0.578617
v 0.292040 0.630328 0.705047
v 0.333186 0.468376 0.804382
v 0.361528 0.288424 0.872805
v 0.376280 0.097389 0.908422
v 0.110011 0.950719 0.265589
v 0.456433 0.193841 0.853927
v 0.429951 0.380232 0.804382
v 0.468375 0.000000 0.876269
v 0.095019 0.973614 0.177769
v 0.178091 0.917962 0.333186
v 0.258549 0.826144 0.483711
v 0.329070 0.702578 0.615647
v 0.386946 0.552012 0.723925
v 0.090790 0.876269 0.456434
v 0.122183 0.768056 0.614256
v 0.148881 0.630328 0.748473
v 0.169857 0.468376 0.853927
v 0.184305 0.288424 0.926565
v 0.191826 0.097389 0.964375
v 0.056083 0.950719 0.281948
v 0.202640 0.702578 0.668016
v 0.159214 0.826144 0.524857
v 0.238280 0.552012 0.785504
v 0.264763 0.380232 0.872805
v 0.281070 0.193841 0.926565
v 0.288424 0.000000 0.950807
v 0.058513 0.973614 0.192890
v 0.109668 0.917962 0.361528
v -0.000000 0.876269 0.465376
v -0.000000 0.768056 0.626290
v -0.000000 0.630328 0.763137
v -0.000000 0.468376 0.870657
v -0.000000 0.288424 0.944717
v -0.000000 0.097389 0.983269
v -0.000000 0.950719 0.287471
v 0.097389 0.000000 0.988806
v 0.094906 0.193841 0.963595
v 0.019757 0.973614 0.200599
v 0.037030 0.917962 0.375976
v 0.053760 0.826144 0.545833
v 0.068423 0.702578 0.694714
v 0.080457 0.552012 0.816897
v 0.089399 0.380232 0.907687
v -0.090790 0.876269 0.456434
v -0.122183 0.768056 0.614256
v -0.148881 0.630328 0.748473
v -0.169857 0.468376 0.853927
v -0.184305 0.288424 0.926565
v -0.191826 0.097389 0.964375
v -0.056083 0.950719 0.281948
v -0.068423 0.702578 0.694714
v -0.053760 0.826144 0.545833
v -0.080457 0.552012 0.816897
v -0.089399 0.380232 0.907687
v -0.094906 0.193841 0.963595
v -0.097389 0.000000 0.988806
v -0.019757 0.973614 0.200599
v -0.037030 0.917962 0.375976
v -0.178092 0.876269 0.429951
v -0.239671 0.768056 0.578617
v -0.292040 0.630328 0.705047
v -0.333186 0.468376 0.804382
v -0.361528 0.288424 0.872805
v -0.376281 0.097389 0.908422
v -0.110011 0.950719 0.265589
v -0.288424 0.000000 0.950807
v -0.281071 0.193841 0.926565
v -0.058513 0.973614 0.192890
v -0.109668 0.917962 0.361528
v -0.159214 0.826144 0.524857
v -0.202641 0.702578 0.668016
v -0.238280 0.552012 0.785504
v -0.264763 0.380232 0.872805
v -0.258549 0.876269 0.386946
v -0.347948 0.768056 0.520741
v -0.423976 0.630328 0.634525
v -0.483711 0.468376 0.723924
v -0.524857 0.288424 0.785504
v -0.546275 0.097389 0.817558
v -0.159711 0.950719 0.239024
v -0.386946 0.552012 0.723924
v -0.329070 0.702578 0.615647
v -0.429951 0.380232 0.804382
v -0.456434 0.193841 0.853927
v -0.468376 0.000000 0.876269
v -0.095019 0.973614 0.177768
v -0.178092 0.917962 0.333186
v -0.258549 0.826144 0.483711
v -0.329070 0.876269 0.329070
v -0.442854 0.768056 0.442854
v -0.539619 0.630328 0.539619
v -0.615647 0.468376 0.615647
v -0.668016 0.288424 0.668016
v -0.695276 0.097389 0.695276
v -0.203273 0.950719 0.203273
v -0.630327 0.000000 0.768056
v -0.127874 0.973614 0.155815
v -0.239671 0.917962 0.292040
v -0.347948 0.826144 0.423976
v -0.442854 0.702578 0.539619
v -0.520741 0.552012 0.634525
v -0.578617 0.380232 0.705046
v -0.614256 0.193841 0.748473
v -0.386946 0.876269 0.258549
v -0.520741 0.768056 0.347948
v -0.634525 0.630328 0.423976
v -0.723924 0.468376 0.483711
v -0.785504 0.288424 0.524857
v -0.817558 0.097389 0.546274
v -0.239024 0.950719 0.159711
v -0.705047 0.380232 0.578617
v -0.634525 0.552012 0.520741
v -0.748473 0.193841 0.614256
v -0.768056 0.000000 0.630327
v -0.155815 0.973614 0.127874
v -0.292040 0.917962 0.239671
v -0.423976 0.826144 0.347948
v -0.539619 0.702578 0.442854
v -0.109146 0.987361 0.045210
v -0.429951 0.876269 0.178091
v -0.578617 0.768056 0.239671
v -0.705047 0.630328 0.292040
v -0.804382 0.468376 0.333186
v -0.872805 0.288424 0.361528
v -0.908422 0.097389 0.376280
v -0.265589 0.950719 0.110010
v -0.177768 0.973614 0.095019
v -0.333186 0.917962 0.178091
v -0.483711 0.826144 0.258549
v -0.615647 0.702578 0.329070
v -0.723924 0.552012 0.386946
v -0.804382 0.380232 0.429951
v -0.853927 0.193841 0.456433
v -0.876269 0.000000 0.468375
v -0.456433 0.876269 0.090790
v -0.614256 0.768056 0.122183
v -0.748473 0.630328 0.148881
v -0.853927 0.468376 0.169857
v -0.926565 0.288424 0.184305
v -0.964375 0.097389 0.191826
v -0.281948 0.950719 0.056083
v -0.872805 0.380232 0.264762
v -0.785504 0.552012 0.238280
v -0.926565 0.193841 0.281070
v -0.950807 0.000000 0.288424
v -0.192890 0.973614 0.058513
v -0.361528 0.917962 0.109668
v -0.524857 0.826144 0.159213
v -0.668016 0.702578 0.202640
v -0.465376 0.876269 -0.000000
v -0.626290 0.768057 -0.000000
v -0.763137 0.630328 -0.000000
v -0.870656 0.468376 -0.000000
v -0.944717 0.288424 -0.000000
v -0.983268 0.097389 -0.000000
v -0.287471 0.950719 -0.000000
v -0.545833 0.826144 0.053760
v -0.375976 0.917962 0.037030
v -0.694714 0.702578 0.068423
v -0.816897 0.552012 0.080457
v -0.907687 0.380232 0.089399
v -0.963595 0.193841 0.094906
v -0.988806 0.000000 0.097388
v -0.200599 0.973614 0.019757
v -0.456433 0.876269 -0.090790
v -0.614256 0.768056 -0.122183
v -0.748473 0.630328 -0.148881
v -0.853927 0.468376 -0.169857
v -0.926565 0.288424 -0.184305
v -0.964375 0.097389 -0.191826
v -0.281948 0.950719 -0.056083
v -0.963595 0.193841 -0.094906
v -0.907687 0.380232 -0.089399
v -0.988806 0.000000 -0.097389
v -0.200599 0.973614 -0.019757
v -0.375976 0.917962 -0.037030
v -0.545833 0.826144 -0.053760
v -0.694713 0.702578 -0.068423
v -0.816896 0.552012 -0.080457
v -0.429951 0.876269 -0.178092
v -0.578617 0.768056 -0.239671
v -0.705047 0.630328 -0.292040
v -0.804382 0.468376 -0.333186
v -0.872805 0.288424 -0.361528
v -0.908421 0.097389 -0.376281
v -0.265589 0.950719 -0.110011
v -0.524857 0.826144 -0.159214
v -0.361528 0.917962 -0.109668
v -0.668016 0.702578 -0.202641
v -0.785504 0.552012 -0.238280
v -0.872805 0.380232 -0.264763
v -0.926565 0.193841 -0.281071
v -0.950807 0.000000 -0.288424
v -0.192890 0.973614 -0.058513
v -0.386945 0.876269 -0.258549
v -0.520741 0.768056 -0.347948
v -0.634525 0.630328 -0.423976
v -0.723924 0.468376 -0.483711
v -0.785504 0.288424 -0.524857
v -0.817558 0.097389 -0.546275
v -0.239024 0.950719 -0.159711
v -0.853927 0.193841 -0.456434
v -0.804382 0.380232 -0.429951
v -0.876268 0.000000 -0.468376
v -0.177768 0.973614 -0.095019
v -0.333186 0.917962 -0.178092
v -0.483711 0.826144 -0.258549
v -0.615647 0.702578 -0.329070
v -0.723924 0.552012 -0.386946
v -0.329070 0.876269 -0.329070
v -0.442854 0.768056 -0.442854
v -0.539619 0.630328 -0.539619
v -0.615647 0.468376 -0.615647
v -0.668016 0.288424 -0.668016
v -0.695275 0.097389 -0.695276
v -0.203273 0.950719 -0.203273
v -0.539619 0.702578 -0.442854
v -0.423976 0.826144 -0.347948
v -0.634525 0.552012 -0.520741
v -0.705046 0.380232 -0.578617
v -0.748473 0.193841 -0.614256
v -0.768055 0.000000 -0.630327
v -0.155815 0.973614 -0.127874
v -0.292040 0.917962 -0.239671
v -0.258549 0.876269 -0.386946
v -0.347948 0.768056 -0.520741
v -0.423976 0.630328 -0.634525
v -0.483711 0.468376 -0.723924
v -0.524857 0.288424 -0.785504
v -0.546274 0.097389 -0.817558
v -0.159710 0.950719 -0.239024
v -0.630327 0.000000 -0.768056
v -0.614256 0.193841 -0.748473
v -0.127874 0.973614 -0.155815
v -0.239671 0.917962 -0.292040
v -0.347948 0.826144 -0.423976
v -0.442854 0.702578 -0.539619
v -0.520741 0.552012 -0.634525
v -0.578617 0.380232 -0.705047
v -0.178091 0.876269 -0.429951
v -0.239671 0.768056 -0.578617
v -0.292040 0.630328 -0.705046
v -0.333186 0.468376 -0.804382
v -0.361528 0.288424 -0.872805
v -0.376280 0.097389 -0.908422
v -0.110010 0.950719 -0.265589
v -0.386945 0.552012 -0.723924
v -0.329070 0.702578 -0.615647
v -0.429951 0.380232 -0.804382
v -0.456433 0.193841 -0.853927
v -0.468375 0.000000 -0.876269
v -0.095019 0.973614 -0.177768
v -0.178091 0.917962 -0.333186
v -0.258549 0.826144 -0.483711
v -0.090790 0.876269 -0.456433
v -0.122183 0.768056 -0.614256
v -0.148880 0.630328 -0.748473
v -0.169857 0.468376 -0.853927
v -0.184305 0.288424 -0.926565
v -0.191826 0.097389 -0.964375
v -0.056083 0.950719 -0.281948
v -0.288424 0.000000 -0.950807
v -0.058513 0.973614 -0.192890
v -0.109668 0.917962 -0.361528
v -0.159213 0.826144 -0.524857
v -0.202640 0.702578 -0.668016
v -0.238280 0.552012 -0.785504
v -0.264762 0.380232 -0.872805
v -0.281070 0.193841 -0.926565
v 0.000000 0.876269 -0.465375
v 0.000000 0.768056 -0.626290
v 0.000000 0.950719 -0.287471
v -0.068423 0.702578 -0.694713
v -0.097388 0.000000 -0.988806
v -0.019757 0.973614 -0.200599
v -0.037030 0.917962 -0.375976
v -0.053760 0.826144 -0.545833
v 0.023048 0.987361 -0.115869
v 0.000000 0.097389 -0.983269
v 0.000000 0.630328 -0.763137
v 0.000000 0.987361 -0.118139
v 0.068423 0.702578 -0.694714
v 0.053760 0.826144 -0.545833
v 0.037030 0.917962 -0.375976
v 0.019757 0.973614 -0.200599
v 0.097389 0.000000 -0.988806
v 0.045210 0.987361 -0.109146
v 0.065634 0.987361 -0.098229
v 0.083537 0.987361 -0.083537
v 0.098229 0.987361 -0.065634
v 0.109146 0.987361 -0.045210
v 0.115869 0.987361 -0.023048
v 0.118139 0.987361 0.000000
v 0.115869 0.987361 0.023048
v 0.109146 0.987361 0.045210
v 0.098229 0.987361 0.065634
v 0.083537 0.987361 0.083537
v 0.065634 0.987361 0.098229
v 0.045210 0.987361 0.109146
v 0.023048 0.987361 0.115869
v -0.000000 0.987361 0.118139
v -0.023048 0.987361 0.115869
v -0.045210 0.987361 0.109146
v -0.065634 0.987361 0.098229
v -0.083537 0.987361 0.083537
v -0.098229 0.987361 0.065634
v -0.115869 0.987361 0.023048
v -0.118139 0.987361 -0.000000
v -0.115869 0.987361 -0.023048
v -0.109146 0.987361 -0.045210
v -0.098229 0.987361 -0.065634
v -0.083537 0.987361 -0.083537
v -0.065634 0.987361 -0.098229
v -0.045210 0.987361 -0.109146
v -0.023048 0.987361 -0.115869
v -0.080457 0.552012 -0.816897
v -0.089399 0.380232 -0.907687
v -0.094906 0.193841 -0.963595
v 0.085339 0.468376 -0.866461
v 0.074800 0.630328 -0.759459
v 0.061387 0.768056 -0.623272
v 0.045615 0.876269 -0.463133
v 0.028199 0.950696 -0.286312
v 0.013329 0.985270 -0.135336
v 0.096377 0.097389 -0.978530
v 0.092598 0.288424 -0.940165
v 0.221526 0.630328 -0.730274
v 0.252737 0.468376 -0.833163
v 0.274236 0.288424 -0.904035
v 0.285427 0.097389 -0.940926
v 0.039476 0.985270 -0.130136
v 0.135091 0.876269 -0.445335
v 0.083514 0.950696 -0.275309
v 0.181802 0.768056 -0.599320
v 0.463508 0.097389 -0.867163
v 0.064106 0.985270 -0.119934
v 0.135620 0.950696 -0.253726
v 0.219376 0.876269 -0.410423
v 0.295230 0.768056 -0.552337
v 0.359739 0.630328 -0.673024
v 0.410423 0.468376 -0.767848
v 0.445335 0.288424 -0.833163
v 0.397313 0.768056 -0.484127
v 0.484127 0.630328 -0.589911
v 0.552337 0.468376 -0.673024
v 0.599320 0.288424 -0.730274
v 0.623777 0.097389 -0.760074
v 0.086272 0.985270 -0.105123
v 0.182513 0.950696 -0.222393
v 0.295230 0.876269 -0.359739
v 0.760074 0.097389 -0.623777
v 0.105123 0.985270 -0.086272
v 0.222393 0.950696 -0.182513
v 0.359739 0.876269 -0.295230
v 0.484127 0.768056 -0.397313
v 0.589911 0.630328 -0.484127
v 0.673024 0.468376 -0.552337
v 0.730274 0.288424 -0.599320
v 0.673024 0.630328 -0.359739
v 0.767848 0.468376 -0.410423
v 0.833163 0.288424 -0.445335
v 0.867163 0.097389 -0.463508
v 0.119934 0.985270 -0.064106
v 0.253726 0.950696 -0.135620
v 0.410423 0.876269 -0.219376
v 0.552337 0.768056 -0.295230
v 0.130136 0.985270 -0.039476
v 0.275309 0.950696 -0.083514
v 0.445335 0.876269 -0.135091
v 0.599320 0.768056 -0.181802
v 0.730274 0.630328 -0.221526
v 0.833163 0.468376 -0.252737
v 0.904035 0.288424 -0.274236
v 0.940926 0.097389 -0.285427
v 0.759459 0.630328 -0.074800
v 0.866461 0.468376 -0.085339
v 0.940165 0.288424 -0.092598
v 0.978530 0.097389 -0.096377
v 0.135336 0.985270 -0.013329
v 0.286312 0.950696 -0.028199
v 0.463133 0.876269 -0.045615
v 0.623272 0.768056 -0.061387
v 0.135336 0.985270 0.013329
v 0.286312 0.950696 0.028199
v 0.463133 0.876269 0.045615
v 0.623272 0.768056 0.061387
v 0.759459 0.630328 0.074800
v 0.866461 0.468376 0.085339
v 0.940165 0.288424 0.092598
v 0.978530 0.097389 0.096377
v 0.833163 0.468376 0.252737
v 0.904035 0.288424 0.274236
v 0.940926 0.097389 0.285427
v 0.130136 0.985270 0.039476
v 0.275309 0.950696 0.083514
v 0.445335 0.876269 0.135091
v 0.599320 0.768056 0.181802
v 0.730274 0.630328 0.221526
v 0.253726 0.950696 0.135620
v 0.410423 0.876269 0.219376
v 0.552337 0.768056 0.295230
v 0.673024 0.630328 0.359739
v 0.767848 0.468376 0.410423
v 0.833163 0.288424 0.445335
v 0.867162 0.097389 0.463508
v 0.119934 0.985270 0.064106
v 0.730274 0.288424 0.599320
v 0.760074 0.097389 0.623777
v 0.105123 0.985270 0.086272
v 0.222393 0.950696 0.182513
v 0.359739 0.876269 0.295230
v 0.484127 0.768056 0.397313
v 0.589910 0.630328 0.484127
v 0.673024 0.468376 0.552337
v 0.295230 0.876269 0.359739
v 0.397313 0.768056 0.484127
v 0.484127 0.630328 0.589911
v 0.552337 0.468376 0.673024
v 0.599320 0.288424 0.730274
v 0.623777 0.097389 0.760074
v 0.086272 0.985270 0.105123
v 0.182513 0.950696 0.222393
v 0.445335 0.288424 0.833163
v 0.463508 0.097389 0.867162
v 0.064106 0.985270 0.119934
v 0.135620 0.950696 0.253726
v 0.219376 0.876269 0.410423
v 0.295230 0.768056 0.552336
v 0.359739 0.630328 0.673024
v 0.410423 0.468376 0.767848
v 0.181802 0.768056 0.599320
v 0.221526 0.630328 0.730274
v 0.252737 0.468376 0.833163
v 0.274236 0.288424 0.904035
v 0.285426 0.097389 0.940926
v 0.039476 0.985270 0.130136
v 0.083514 0.950696 0.275309
v 0.135091 0.876269 0.445335
v 0.096377 0.097389 0.978530
v 0.013329 0.985270 0.135336
v 0.028199 0.950696 0.286312
v 0.045615 0.876269 0.463133
v 0.061387 0.768056 0.623272
v 0.074800 0.630328 0.759459
v 0.085339 0.468376 0.866461
v 0.092598 0.288424 0.940165
v -0.061387 0.768056 0.623272
v -0.074800 0.630328 0.759459
v -0.085339 0.468376 0.866461
v -0.092598 0.288424 0.940165
v -0.096377 0.097389 0.978530
v -0.013329 0.985270 0.135336
v -0.028199 0.950696 0.286312
v -0.045615 0.876269 0.463133
v -0.285427 0.097389 0.940926
v -0.039476 0.985270 0.130136
v -0.083514 0.950696 0.275309
v -0.135091 0.876269 0.445335
v -0.181802 0.768056 0.599320
v -0.221526 0.630328 0.730274
v -0.252737 0.468376 0.833163
v -0.274236 0.288424 0.904035
v -0.359739 0.630328 0.673024
v -0.410423 0.468376 0.767847
v -0.445335 0.288424 0.833163
v -0.463508 0.097389 0.867162
v -0.064106 0.985270 0.119934
v -0.135620 0.950696 0.253726
v -0.219376 0.876269 0.410423
v -0.295230 0.768056 0.552336
v -0.086272 0.985270 0.105123
v -0.182513 0.950696 0.222393
v -0.295230 0.876269 0.359739
v -0.397313 0.768056 0.484127
v -0.484127 0.630328 0.589910
v -0.552336 0.468376 0.673024
v -0.599320 0.288424 0.730273
v -0.623777 0.097389 0.760074
v -0.673024 0.468376 0.552336
v -0.730274 0.288424 0.599320
v -0.760074 0.097389 0.623776
v -0.105123 0.985270 0.086272
v -0.222393 0.950696 0.182513
v -0.359739 0.876269 0.295230
v -0.484127 0.768056 0.397313
v -0.589911 0.630328 0.484127
v -0.119934 0.985270 0.064106
v -0.253726 0.950696 0.135619
v -0.410423 0.876269 0.219376
v -0.552336 0.768056 0.295230
v -0.673024 0.630328 0.359739
v -0.767847 0.468376 0.410423
v -0.833163 0.288424 0.445335
v -0.867162 0.097389 0.463507
v -0.833163 0.468376 0.252737
v -0.904035 0.288424 0.274236
v -0.940926 0.097389 0.285426
v -0.130136 0.985270 0.039476
v -0.275309 0.950696 0.083514
v -0.445335 0.876269 0.135091
v -0.599320 0.768056 0.181802
v -0.730273 0.630328 0.221526
v -0.463133 0.876269 0.045615
v -0.623272 0.768057 0.061387
v -0.759459 0.630328 0.074800
v -0.866461 0.468376 0.085339
v -0.940165 0.288424 0.092598
v -0.978530 0.097389 0.096376
v -0.135336 0.985270 0.013329
v -0.286312 0.950696 0.028199
v -0.940165 0.288424 -0.092598
v -0.978530 0.097389 -0.096377
v -0.135336 0.985270 -0.013329
v -0.286312 0.950696 -0.028199
v -0.463133 0.876269 -0.045615
v -0.623272 0.768056 -0.061387
v -0.759459 0.630328 -0.074800
v -0.866461 0.468376 -0.085339
v -0.445335 0.876269 -0.135091
v -0.599320 0.768056 -0.181802
v -0.730273 0.630328 -0.221526
v -0.833163 0.468376 -0.252737
v -0.904034 0.288424 -0.274236
v -0.940925 0.097389 -0.285427
v -0.130136 0.985270 -0.039476
v -0.275309 0.950696 -0.083514
v -0.833163 0.288424 -0.445335
v -0.867162 0.097389 -0.463508
v -0.119934 0.985270 -0.064106
v -0.253726 0.950696 -0.135619
v -0.410423 0.876269 -0.219376
v -0.552336 0.768056 -0.295230
v -0.673024 0.630328 -0.359739
v -0.767847 0.468376 -0.410423
v -0.484127 0.768056 -0.397313
v -0.589910 0.630328 -0.484127
v -0.673024 0.468376 -0.552336
v -0.730273 0.288424 -0.599320
v -0.760073 0.097389 -0.623777
v -0.105123 0.985270 -0.086272
v -0.222393 0.950696 -0.182513
v -0.359739 0.876269 -0.295230
v -0.623776 0.097389 -0.760074
v -0.086272 0.985270 -0.105123
v -0.182513 0.950696 -0.222393
v -0.295230 0.876269 -0.359739
v -0.397313 0.768056 -0.484127
v -0.484127 0.630328 -0.589910
v -0.552336 0.468376 -0.673024
v -0.599320 0.288424 -0.730273
v -0.359739 0.630328 -0.673024
v -0.410423 0.468376 -0.767847
v -0.445335 0.288424 -0.833163
v -0.463507 0.097389 -0.867162
v -0.064106 0.985270 -0.119934
v -0.135619 0.950696 -0.253726
v -0.219375 0.876269 -0.410423
v -0.295230 0.768056 -0.552336
v -0.039476 0.985270 -0.130135
v -0.083514 0.950696 -0.275309
v -0.135091 0.876269 -0.445335
v -0.181802 0.768056 -0.599320
v -0.221526 0.630328 -0.730273
v -0.252737 0.468376 -0.833163
v -0.274236 0.288424 -0.904034
v -0.285426 0.097389 -0.940925
v -0.074800 0.630328 -0.759459
v -0.085339 0.468376 -0.866461
v -0.092598 0.288424 -0.940165
v -0.096376 0.097389 -0.978530
v -0.013329 0.985270 -0.135336
v -0.028199 0.950696 -0.286312
v -0.045614 0.876269 -0.463133
v -0.061387 0.768056 -0.623272
vn 0.0445 0.4249 -0.9041
vn 0.0422 0.5112 -0.8584
vn 0.1261 0.5112 -0.8502
vn 0.1328 0.4249 -0.8954
vn 0.0395 0.5928 -0.8044
vn 0.0365 0.6687 -0.7426
vn 0.1091 0.6687 -0.7355
vn 0.1181 0.5928 -0.7966
vn 0.0331 0.7384 -0.6735
vn 0.0294 0.8010 -0.5979
vn 0.0878 0.8010 -0.5922
vn 0.0989 0.7384 -0.6670
vn 0.0254 0.8560 -0.5163
vn 0.0211 0.9027 -0.4297
vn 0.0631 0.9027 -0.4256
vn 0.0758 0.8560 -0.5114
vn 0.0159 0.9399 -0.3412
vn 0.0057 0.9666 -0.2561
vn 0.0443 0.9666 -0.2523
vn 0.0510 0.9399 -0.3377
vn -0.0253 0.9851 -0.1703
vn 0.0088 0.9959 -0.0897
vn 0.0580 0.9851 -0.1621
vn 0.0488 0.1053 -0.9932
vn 0.0485 0.1536 -0.9869
vn 0.1450 0.1536 -0.9775
vn 0.1459 0.1053 -0.9837
vn 0.0477 0.2413 -0.9693
vn 0.0463 0.3346 -0.9412
vn 0.1382 0.3346 -0.9322
vn 0.1424 0.2413 -0.9600
vn 0.1957 0.5928 -0.7812
vn 0.1807 0.6687 -0.7212
vn 0.2505 0.6687 -0.7001
vn 0.2713 0.5928 -0.7583
vn 0.2200 0.4249 -0.8781
vn 0.2089 0.5112 -0.8337
vn 0.2895 0.5112 -0.8092
vn 0.3049 0.4249 -0.8523
vn 0.2358 0.2413 -0.9414
vn 0.2290 0.3346 -0.9141
vn 0.3174 0.3346 -0.8873
vn 0.3269 0.2413 -0.9137
vn 0.2417 0.1053 -0.9646
vn 0.2401 0.1536 -0.9585
vn 0.3329 0.1536 -0.9304
vn 0.3350 0.1053 -0.9363
vn 0.0084 0.9851 -0.1720
vn 0.0262 0.9959 -0.0862
vn 0.0885 0.9851 -0.1476
vn 0.1256 0.8560 -0.5015
vn 0.1046 0.9027 -0.4174
vn 0.1449 0.9027 -0.4051
vn 0.1741 0.8560 -0.4867
vn 0.0822 0.9399 -0.3315
vn 0.0556 0.9666 -0.2500
vn 0.0927 0.9666 -0.2388
vn 0.1159 0.9399 -0.3213
vn 0.1639 0.7384 -0.6541
vn 0.1455 0.8010 -0.5807
vn 0.2017 0.8010 -0.5637
vn 0.2272 0.7384 -0.6349
vn 0.4252 0.1053 -0.8989
vn 0.4225 0.1536 -0.8933
vn 0.5080 0.1536 -0.8476
vn 0.5112 0.1053 -0.8530
vn 0.0418 0.9851 -0.1670
vn 0.0425 0.9959 -0.0795
vn 0.1156 0.9851 -0.1275
vn 0.1453 0.9399 -0.3091
vn 0.1033 0.9666 -0.2344
vn 0.1375 0.9666 -0.2161
vn 0.1763 0.9399 -0.2925
vn 0.2210 0.8560 -0.4673
vn 0.1840 0.9027 -0.3889
vn 0.2212 0.9027 -0.3691
vn 0.2658 0.8560 -0.4434
vn 0.2883 0.7384 -0.6096
vn 0.2560 0.8010 -0.5412
vn 0.3078 0.8010 -0.5135
vn 0.3467 0.7384 -0.5784
vn 0.3444 0.5928 -0.7280
vn 0.3179 0.6687 -0.6721
vn 0.3822 0.6687 -0.6378
vn 0.4140 0.5928 -0.6908
vn 0.3871 0.4249 -0.8183
vn 0.3675 0.5112 -0.7769
vn 0.4418 0.5112 -0.7372
vn 0.4653 0.4249 -0.7765
vn 0.4150 0.2413 -0.8773
vn 0.4029 0.3346 -0.8519
vn 0.4844 0.3346 -0.8083
vn 0.4989 0.2413 -0.8324
vn 0.4017 0.7384 -0.5416
vn 0.3566 0.8010 -0.4808
vn 0.4020 0.8010 -0.4436
vn 0.4528 0.7384 -0.4997
vn 0.4798 0.5928 -0.6468
vn 0.4429 0.6687 -0.5972
vn 0.4993 0.6687 -0.5509
vn 0.5408 0.5928 -0.5967
vn 0.5393 0.4249 -0.7271
vn 0.5120 0.5112 -0.6903
vn 0.5772 0.5112 -0.6368
vn 0.6079 0.4249 -0.6708
vn 0.5781 0.2413 -0.7795
vn 0.5614 0.3346 -0.7569
vn 0.6328 0.3346 -0.6983
vn 0.6517 0.2413 -0.7191
vn 0.5924 0.1053 -0.7987
vn 0.5887 0.1536 -0.7937
vn 0.6636 0.1536 -0.7322
vn 0.6678 0.1053 -0.7369
vn 0.0736 0.9851 -0.1556
vn 0.0572 0.9959 -0.0697
vn 0.1383 0.9851 -0.1025
vn 0.2028 0.9399 -0.2749
vn 0.1470 0.9666 -0.2097
vn 0.1770 0.9666 -0.1851
vn 0.2300 0.9399 -0.2525
vn 0.3080 0.8560 -0.4152
vn 0.2563 0.9027 -0.3456
vn 0.2889 0.9027 -0.3188
vn 0.3472 0.8560 -0.3831
vn 0.7369 0.1053 -0.6678
vn 0.7322 0.1536 -0.6636
vn 0.7937 0.1536 -0.5887
vn 0.7987 0.1053 -0.5924
vn 0.1025 0.9851 -0.1383
vn 0.0697 0.9959 -0.0572
vn 0.1556 0.9851 -0.0736
vn 0.2525 0.9399 -0.2300
vn 0.1851 0.9666 -0.1770
vn 0.2097 0.9666 -0.1470
vn 0.2749 0.9399 -0.2028
vn 0.3831 0.8560 -0.3472
vn 0.3188 0.9027 -0.2889
vn 0.3456 0.9027 -0.2563
vn 0.4152 0.8560 -0.3080
vn 0.4997 0.7384 -0.4528
vn 0.4436 0.8010 -0.4020
vn 0.4808 0.8010 -0.3566
vn 0.5416 0.7384 -0.4017
vn 0.5967 0.5928 -0.5408
vn 0.5509 0.6687 -0.4993
vn 0.5972 0.6687 -0.4429
vn 0.6468 0.5928 -0.4798
vn 0.6708 0.4249 -0.6079
vn 0.6368 0.5112 -0.5772
vn 0.6903 0.5112 -0.5120
vn 0.7271 0.4249 -0.5393
vn 0.7191 0.2413 -0.6517
vn 0.6983 0.3346 -0.6328
vn 0.7569 0.3346 -0.5614
vn 0.7795 0.2413 -0.5781
vn 0.6908 0.5928 -0.4140
vn 0.6378 0.6687 -0.3822
vn 0.6721 0.6687 -0.3179
vn 0.7280 0.5928 -0.3444
vn 0.7765 0.4249 -0.4653
vn 0.7372 0.5112 -0.4418
vn 0.7769 0.5112 -0.3675
vn 0.8183 0.4249 -0.3871
vn 0.8324 0.2413 -0.4989
vn 0.8083 0.3346 -0.4844
vn 0.8519 0.3346 -0.4029
vn 0.8773 0.2413 -0.4150
vn 0.8530 0.1053 -0.5112
vn 0.8476 0.1536 -0.5080
vn 0.8933 0.1536 -0.4225
vn 0.8989 0.1053 -0.4252
vn 0.1275 0.9851 -0.1156
vn 0.0795 0.9959 -0.0425
vn 0.1670 0.9851 -0.0418
vn 0.2925 0.9399 -0.1763
vn 0.2161 0.9666 -0.1375
vn 0.2344 0.9666 -0.1033
vn 0.3091 0.9399 -0.1453
vn 0.4434 0.8560 -0.2658
vn 0.3691 0.9027 -0.2212
vn 0.3889 0.9027 -0.1840
vn 0.4673 0.8560 -0.2210
vn 0.5784 0.7384 -0.3467
vn 0.5135 0.8010 -0.3078
vn 0.5412 0.8010 -0.2560
vn 0.6096 0.7384 -0.2883
vn 0.1476 0.9851 -0.0885
vn 0.0862 0.9959 -0.0262
vn 0.1720 0.9851 -0.0084
vn 0.3213 0.9399 -0.1159
vn 0.2388 0.9666 -0.0927
vn 0.2500 0.9666 -0.0556
vn 0.3315 0.9399 -0.0822
vn 0.4867 0.8560 -0.1741
vn 0.4051 0.9027 -0.1449
vn 0.4174 0.9027 -0.1046
vn 0.5015 0.8560 -0.1256
vn 0.6349 0.7384 -0.2272
vn 0.5637 0.8010 -0.2017
vn 0.5807 0.8010 -0.1455
vn 0.6541 0.7384 -0.1639
vn 0.7583 0.5928 -0.2713
vn 0.7001 0.6687 -0.2505
vn 0.7212 0.6687 -0.1807
vn 0.7812 0.5928 -0.1957
vn 0.8523 0.4249 -0.3049
vn 0.8092 0.5112 -0.2895
vn 0.8337 0.5112 -0.2089
vn 0.8781 0.4249 -0.2200
vn 0.9137 0.2413 -0.3269
vn 0.8873 0.3346 -0.3174
vn 0.9141 0.3346 -0.2290
vn 0.9414 0.2413 -0.2358
vn 0.9363 0.1053 -0.3350
vn 0.9304 0.1536 -0.3329
vn 0.9585 0.1536 -0.2401
vn 0.9646 0.1053 -0.2417
vn 0.7966 0.5928 -0.1181
vn 0.7355 0.6687 -0.1091
vn 0.7426 0.6687 -0.0365
vn 0.8044 0.5928 -0.0395
vn 0.8954 0.4249 -0.1328
vn 0.8502 0.5112 -0.1261
vn 0.8584 0.5112 -0.0422
vn 0.9041 0.4249 -0.0445
vn 0.9600 0.2413 -0.1424
vn 0.9322 0.3346 -0.1382
vn 0.9412 0.3346 -0.0463
vn 0.9693 0.2413 -0.0477
vn 0.9837 0.1053 -0.1459
vn 0.9774 0.1536 -0.1450
vn 0.9869 0.1536 -0.0485
vn 0.9932 0.1053 -0.0488
vn 0.1621 0.9851 -0.0580
vn 0.0897 0.9959 -0.0088
vn 0.1703 0.9851 0.0253
vn 0.3377 0.9399 -0.0510
vn 0.2523 0.9666 -0.0443
vn 0.2561 0.9666 -0.0057
vn 0.3412 0.9399 -0.0159
vn 0.5114 0.8560 -0.0758
vn 0.4256 0.9027 -0.0631
vn 0.4297 0.9027 -0.0211
vn 0.5163 0.8560 -0.0254
vn 0.6670 0.7384 -0.0989
vn 0.5922 0.8010 -0.0878
vn 0.5979 0.8010 -0.0294
vn 0.6735 0.7384 -0.0331
vn 0.1703 0.9851 -0.0253
vn 0.0897 0.9959 0.0088
vn 0.1621 0.9851 0.0580
vn 0.3412 0.9399 0.0159
vn 0.2561 0.9666 0.0057
vn 0.2523 0.9666 0.0443
vn 0.3377 0.9399 0.0510
vn 0.5163 0.8560 0.0254
vn 0.4297 0.9027 0.0211
vn 0.4256 0.9027 0.0631
vn 0.5114 0.8560 0.0758
vn 0.6735 0.7384 0.0331
vn 0.5979 0.8010 0.0294
vn 0.5922 0.8010 0.0878
vn 0.6670 0.7384 0.0989
vn 0.8044 0.5928 0.0395
vn 0.7426 0.6687 0.0365
vn 0.7355 0.6687 0.1091
vn 0.7966 0.5928 0.1181
vn 0.9041 0.4249 0.0445
vn 0.8584 0.5112 0.0422
vn 0.8502 0.5112 0.1261
vn 0.8954 0.4249 0.1328
vn 0.9693 0.2413 0.0477
vn 0.9412 0.3346 0.0463
vn 0.9322 0.3346 0.1382
vn 0.9600 0.2413 0.1424
vn 0.9932 0.1053 0.0488
vn 0.9869 0.1536 0.0485
vn 0.9774 0.1536 0.1450
vn 0.9837 0.1053 0.1459
vn 0.8781 0.4249 0.2200
vn 0.8337 0.5112 0.2089
vn 0.8092 0.5112 0.2895
vn 0.8523 0.4249 0.3049
vn 0.9414 0.2413 0.2358
vn 0.9141 0.3346 0.2290
vn 0.8873 0.3346 0.3174
vn 0.9137 0.2413 0.3269
vn 0.9646 0.1053 0.2417
vn 0.9585 0.1536 0.2401
vn 0.9304 0.1536 0.3329
vn 0.9363 0.1053 0.3350
vn 0.1720 0.9851 0.0084
vn 0.0862 0.9959 0.0262
vn 0.1476 0.9851 0.0885
vn 0.3315 0.9399 0.0822
vn 0.2500 0.9666 0.0556
vn 0.2388 0.9666 0.0927
vn 0.3213 0.9399 0.1159
vn 0.5015 0.8560 0.1256
vn 0.4174 0.9027 0.1046
vn 0.4051 0.9027 0.1449
vn 0.4867 0.8560 0.1741
vn 0.6541 0.7384 0.1639
vn 0.5807 0.8010 0.1455
vn 0.5637 0.8010 0.2017
vn 0.6349 0.7384 0.2272
vn 0.7812 0.5928 0.1957
vn 0.7212 0.6687 0.1807
vn 0.7001 0.6687 0.2505
vn 0.7583 0.5928 0.2713
vn 0.3091 0.9399 0.1453
vn 0.2344 0.9666 0.1033
vn 0.2161 0.9666 0.1375
vn 0.2925 0.9399 0.1763
vn 0.4673 0.8560 0.2210
vn 0.3889 0.9027 0.1840
vn 0.3691 0.9027 0.2212
vn 0.4434 0.8560 0.2658
vn 0.6096 0.7384 0.2883
vn 0.5412 0.8010 0.2560
vn 0.5135 0.8010 0.3078
vn 0.5784 0.7384 0.3467
vn 0.7280 0.5928 0.3444
vn 0.6721 0.6687 0.3179
vn 0.6378 0.6687 0.3822
vn 0.6908 0.5928 0.4140
vn 0.8183 0.4249 0.3871
vn 0.7769 0.5112 0.3675
vn 0.7372 0.5112 0.4418
vn 0.7765 0.4249 0.4653
vn 0.8773 0.2413 0.4150
vn 0.8519 0.3346 0.4029
vn 0.8083 0.3346 0.4844
vn 0.8324 0.2413 0.4989
vn 0.8989 0.1053 0.4252
vn 0.8933 0.1536 0.4225
vn 0.8476 0.1536 0.5080
vn 0.8530 0.1053 0.5112
vn 0.1670 0.9851 0.0418
vn 0.0795 0.9959 0.0425
vn 0.1275 0.9851 0.1156
vn 0.7795 0.2413 0.5781
vn 0.7569 0.3346 0.5614
vn 0.6983 0.3346 0.6328
vn 0.7191 0.2413 0.6517
vn 0.7987 0.1053 0.5924
vn 0.7937 0.1536 0.5887
vn 0.7322 0.1536 0.6636
vn 0.7369 0.1053 0.6678
vn 0.1556 0.9851 0.0736
vn 0.0697 0.9959 0.0572
vn 0.1025 0.9851 0.1383
vn 0.2749 0.9399 0.2028
vn 0.2097 0.9666 0.1470
vn 0.1851 0.9666 0.1770
vn 0.2525 0.9399 0.2300
vn 0.4152 0.8560 0.3080
vn 0.3456 0.9027 0.2563
vn 0.3188 0.9027 0.2889
vn 0.3831 0.8560 0.3472
vn 0.5416 0.7384 0.4017
vn 0.4808 0.8010 0.3566
vn 0.4436 0.8010 0.4020
vn 0.4997 0.7384 0.4528
vn 0.6468 0.5928 0.4798
vn 0.5972 0.6687 0.4429
vn 0.5509 0.6687 0.4993
vn 0.5967 0.5928 0.5408
vn 0.7271 0.4249 0.5393
vn 0.6903 0.5112 0.5120
vn 0.6368 0.5112 0.5772
vn 0.6708 0.4249 0.6079
vn 0.3472 0.8560 0.3831
vn 0.2889 0.9027 0.3188
vn 0.2563 0.9027 0.3456
vn 0.3080 0.8560 0.4152
vn 0.4528 0.7384 0.4997
vn 0.4020 0.8010 0.4436
vn 0.3566 0.8010 0.4808
vn 0.4017 0.7384 0.5416
vn 0.5408 0.5928 0.5967
vn 0.4993 0.6687 0.5509
vn 0.4429 0.6687 0.5972
vn 0.4798 0.5928 0.6468
vn 0.6079 0.4249 0.6708
vn 0.5772 0.5112 0.6368
vn 0.5120 0.5112 0.6903
vn 0.5393 0.4249 0.7271
vn 0.6517 0.2413 0.7191
vn 0.6328 0.3346 0.6983
vn 0.5614 0.3346 0.7569
vn 0.5781 0.2413 0.7795
vn 0.6678 0.1053 0.7369
vn 0.6636 0.1536 0.7322
vn 0.5887 0.1536 0.7937
vn 0.5924 0.1053 0.7987
vn 0.1383 0.9851 0.1025
vn 0.0572 0.9959 0.0697
vn 0.0736 0.9851 0.1556
vn 0.2300 0.9399 0.2525
vn 0.1770 0.9666 0.1851
vn 0.1470 0.9666 0.2097
vn 0.2028 0.9399 0.2749
vn 0.4989 0.2413 0.8324
vn 0.4844 0.3346 0.8083
vn 0.4029 0.3346 0.8519
vn 0.4150 0.2413 0.8773
vn 0.5112 0.1053 0.8530
vn 0.5080 0.1536 0.8476
vn 0.4225 0.1536 0.8933
vn 0.4252 0.1053 0.8989
vn 0.1156 0.9851 0.1275
vn 0.0425 0.9959 0.0795
vn 0.0418 0.9851 0.1670
vn 0.1763 0.9399 0.2925
vn 0.1375 0.9666 0.2161
vn 0.1033 0.9666 0.2344
vn 0.1453 0.9399 0.3091
vn 0.2658 0.8560 0.4434
vn 0.2212 0.9027 0.3691
vn 0.1840 0.9027 0.3889
vn 0.2210 0.8560 0.4673
vn 0.3467 0.7384 0.5784
vn 0.3078 0.8010 0.5135
vn 0.2560 0.8010 0.5412
vn 0.2883 0.7384 0.6096
vn 0.4140 0.5928 0.6908
vn 0.3822 0.6687 0.6378
vn 0.3179 0.6687 0.6721
vn 0.3444 0.5928 0.7280
vn 0.4653 0.4249 0.7765
vn 0.4418 0.5112 0.7372
vn 0.3675 0.5112 0.7769
vn 0.3871 0.4249 0.8183
vn 0.2272 0.7384 0.6349
vn 0.2017 0.8010 0.5637
vn 0.1455 0.8010 0.5807
vn 0.1639 0.7384 0.6541
vn 0.2713 0.5928 0.7583
vn 0.2505 0.6687 0.7001
vn 0.1807 0.6687 0.7212
vn 0.1957 0.5928 0.7812
vn 0.3049 0.4249 0.8523
vn 0.2895 0.5112 0.8092
vn 0.2089 0.5112 0.8337
vn 0.2200 0.4249 0.8781
vn 0.3269 0.2413 0.9137
vn 0.3174 0.3346 0.8873
vn 0.2290 0.3346 0.9141
vn 0.2358 0.2413 0.9414
vn 0.3350 0.1053 0.9363
vn 0.3329 0.1536 0.9304
vn 0.2401 0.1536 0.9585
vn 0.2417 0.1053 0.9646
vn 0.0885 0.9851 0.1476
vn 0.0262 0.9959 0.0862
vn 0.0084 0.9851 0.1720
vn 0.1159 0.9399 0.3213
vn 0.0927 0.9666 0.2388
vn 0.0556 0.9666 0.2500
vn 0.0822 0.9399 0.3315
vn 0.1741 0.8560 0.4867
vn 0.1449 0.9027 0.4051
vn 0.1046 0.9027 0.4174
vn 0.1256 0.8560 0.5015
vn 0.1459 0.1053 0.9837
vn 0.1450 0.1536 0.9775
vn 0.0485 0.1536 0.9869
vn 0.0488 0.1053 0.9932
vn 0.0580 0.9851 0.1621
vn 0.0088 0.9959 0.0897
vn -0.0253 0.9851 0.1703
vn 0.0510 0.9399 0.3377
vn 0.0443 0.9666 0.2523
vn 0.0057 0.9666 0.2561
vn 0.0159 0.9399 0.3412
vn 0.0758 0.8560 0.5114
vn 0.0631 0.9027 0.4256
vn 0.0211 0.9027 0.4297
vn 0.0254 0.8560 0.5163
vn 0.0989 0.7384 0.6670
vn 0.0878 0.8010 0.5922
vn 0.0294 0.8010 0.5979
vn 0.0331 0.7384 0.6735
vn 0.1181 0.5928 0.7966
vn 0.1091 0.6687 0.7355
vn 0.0365 0.6687 0.7426
vn 0.0395 0.5928 0.8044
vn 0.1328 0.4249 0.8954
vn 0.1261 0.5112 0.8502
vn 0.0422 0.5112 0.8584
vn 0.0445 0.4249 0.9041
vn 0.1424 0.2413 0.9600
vn 0.1382 0.3346 0.9322
vn 0.0463 0.3346 0.9412
vn 0.0477 0.2413 0.9693
vn -0.0331 0.7384 0.6735
vn -0.0294 0.8010 0.5979
vn -0.0878 0.8010 0.5922
vn -0.0989 0.7384 0.6670
vn -0.0395 0.5928 0.8044
vn -0.0365 0.6687 0.7426
vn -0.1091 0.6687 0.7355
vn -0.1181 0.5928 0.7966
vn -0.0445 0.4249 0.9041
vn -0.0422 0.5112 0.8584
vn -0.1261 0.5112 0.8502
vn -0.1328 0.4249 0.8954
vn -0.0477 0.2413 0.9693
vn -0.0463 0.3346 0.9412
vn -0.1382 0.3346 0.9322
vn -0.1424 0.2413 0.9600
vn -0.0488 0.1053 0.9932
vn -0.0485 0.1536 0.9869
vn -0.1450 0.1536 0.9774
vn -0.1459 0.1053 0.9837
vn 0.0253 0.9851 0.1703
vn -0.0088 0.9959 0.0897
vn -0.0580 0.9851 0.1621
vn -0.0159 0.9399 0.3412
vn -0.0057 0.9666 0.2561
vn -0.0443 0.9666 0.2523
vn -0.0510 0.9399 0.3377
vn -0.0254 0.8560 0.5163
vn -0.0211 0.9027 0.4297
vn -0.0631 0.9027 0.4256
vn -0.0758 0.8560 0.5114
vn -0.2417 0.1053 0.9646
vn -0.2401 0.1536 0.9585
vn -0.3329 0.1536 0.9304
vn -0.3350 0.1053 0.9363
vn -0.0084 0.9851 0.1720
vn -0.0262 0.9959 0.0862
vn -0.0885 0.9851 0.1476
vn -0.0822 0.9399 0.3315
vn -0.0556 0.9666 0.2500
vn -0.0927 0.9666 0.2388
vn -0.1159 0.9399 0.3213
vn -0.1256 0.8560 0.5015
vn -0.1046 0.9027 0.4174
vn -0.1449 0.9027 0.4051
vn -0.1741 0.8560 0.4867
vn -0.1639 0.7384 0.6541
vn -0.1455 0.8010 0.5807
vn -0.2017 0.8010 0.5637
vn -0.2272 0.7384 0.6349
vn -0.1957 0.5928 0.7812
vn -0.1807 0.6687 0.7212
vn -0.2505 0.6687 0.7001
vn -0.2713 0.5928 0.7583
vn -0.2200 0.4249 0.8781
vn -0.2089 0.5112 0.8337
vn -0.2895 0.5112 0.8092
vn -0.3049 0.4249 0.8523
vn -0.2358 0.2413 0.9414
vn -0.2290 0.3346 0.9141
vn -0.3174 0.3346 0.8873
vn -0.3269 0.2413 0.9137
vn -0.3444 0.5928 0.7280
vn -0.3179 0.6687 0.6721
vn -0.3822 0.6687 0.6378
vn -0.4140 0.5928 0.6908
vn -0.3871 0.4249 0.8183
vn -0.3675 0.5112 0.7769
vn -0.4418 0.5112 0.7372
vn -0.4653 0.4249 0.7765
vn -0.4150 0.2413 0.8773
vn -0.4029 0.3346 0.8519
vn -0.4844 0.3346 0.8083
vn -0.4989 0.2413 0.8324
vn -0.4252 0.1053 0.8989
vn -0.4225 0.1536 0.8933
vn -0.5080 0.1536 0.8476
vn -0.5112 0.1053 0.8530
vn -0.0418 0.9851 0.1670
vn -0.0425 0.9959 0.0795
vn -0.1156 0.9851 0.1275
vn -0.1453 0.9399 0.3091
vn -0.1033 0.9666 0.2344
vn -0.1375 0.9666 0.2161
vn -0.1763 0.9399 0.2925
vn -0.2210 0.8560 0.4673
vn -0.1840 0.9027 0.3889
vn -0.2212 0.9027 0.3691
vn -0.2658 0.8560 0.4434
vn -0.2883 0.7384 0.6096
vn -0.2560 0.8010 0.5412
vn -0.3078 0.8010 0.5135
vn -0.3467 0.7384 0.5784
vn -0.0736 0.9851 0.1556
vn -0.0572 0.9959 0.0697
vn -0.1383 0.9851 0.1025
vn -0.2028 0.9399 0.2749
vn -0.1470 0.9666 0.2097
vn -0.1770 0.9666 0.1851
vn -0.2300 0.9399 0.2525
vn -0.3080 0.8560 0.4152
vn -0.2563 0.9027 0.3456
vn -0.2889 0.9027 0.3188
vn -0.3472 0.8560 0.3831
vn -0.4017 0.7384 0.5416
vn -0.3566 0.8010 0.4808
vn -0.4020 0.8010 0.4436
vn -0.4528 0.7384 0.4997
vn -0.4798 0.5928 0.6468
vn -0.4429 0.6687 0.5972
vn -0.4993 0.6687 0.5509
vn -0.5408 0.5928 0.5967
vn -0.5393 0.4249 0.7271
vn -0.5120 0.5112 0.6903
vn -0.5772 0.5112 0.6368
vn -0.6079 0.4249 0.6708
vn -0.5781 0.2413 0.7795
vn -0.5614 0.3346 0.7569
vn -0.6328 0.3346 0.6983
vn -0.6517 0.2413 0.7191
vn -0.5924 0.1053 0.7987
vn -0.5887 0.1536 0.7937
vn -0.6636 0.1536 0.7322
vn -0.6678 0.1053 0.7369
vn -0.6708 0.4249 0.6079
vn -0.6368 0.5112 0.5772
vn -0.6903 0.5112 0.5120
vn -0.7271 0.4249 0.5393
vn -0.7191 0.2413 0.6517
vn -0.6983 0.3346 0.6328
vn -0.7569 0.3346 0.5614
vn -0.7795 0.2413 0.5781
vn -0.7369 0.1053 0.6678
vn -0.7322 0.1536 0.6636
vn -0.7937 0.1536 0.5887
vn -0.7987 0.1053 0.5924
vn -0.1025 0.9851 0.1383
vn -0.0697 0.9959 0.0572
vn -0.1556 0.9851 0.0736
vn -0.2525 0.9399 0.2300
vn -0.1851 0.9666 0.1770
vn -0.2097 0.9666 0.1470
vn -0.2749 0.9399 0.2028
vn -0.3831 0.8560 0.3472
vn -0.3188 0.9027 0.2889
vn -0.3456 0.9027 0.2563
vn -0.4152 0.8560 0.3080
vn -0.4997 0.7384 0.4528
vn -0.4436 0.8010 0.4020
vn -0.4808 0.8010 0.3566
vn -0.5416 0.7384 0.4017
vn -0.5967 0.5928 0.5408
vn -0.5509 0.6687 0.4993
vn -0.5972 0.6687 0.4429
vn -0.6468 0.5928 0.4798
vn -0.1275 0.9851 0.1156
vn -0.0795 0.9959 0.0425
vn -0.1670 0.9851 0.0418
vn -0.2925 0.9399 0.1763
vn -0.2161 0.9666 0.1375
vn -0.2344 0.9666 0.1033
vn -0.3091 0.9399 0.1453
vn -0.4434 0.8560 0.2658
vn -0.3691 0.9027 0.2212
vn -0.3889 0.9027 0.1840
vn -0.4673 0.8560 0.2210
vn -0.5784 0.7384 0.3467
vn -0.5135 0.8010 0.3078
vn -0.5412 0.8010 0.2560
vn -0.6096 0.7384 0.2883
vn -0.6908 0.5928 0.4140
vn -0.6378 0.6687 0.3822
vn -0.6721 0.6687 0.3179
vn -0.7280 0.5928 0.3444
vn -0.7765 0.4249 0.4653
vn -0.7372 0.5112 0.4418
vn -0.7769 0.5112 0.3675
vn -0.8183 0.4249 0.3871
vn -0.8324 0.2413 0.4989
vn -0.8083 0.3346 0.4844
vn -0.8519 0.3346 0.4029
vn -0.8773 0.2413 0.4150
vn -0.8530 0.1053 0.5112
vn -0.8476 0.1536 0.5080
vn -0.8933 0.1536 0.4225
vn -0.8989 0.1053 0.4252
vn -0.8523 0.4249 0.3049
vn -0.8092 0.5112 0.2895
vn -0.8337 0.5112 0.2089
vn -0.8781 0.4249 0.2200
vn -0.9137 0.2413 0.3269
vn -0.8873 0.3346 0.3174
vn -0.9141 0.3346 0.2290
vn -0.9414 0.2413 0.2358
vn -0.9363 0.1053 0.3350
vn -0.9304 0.1536 0.3329
vn -0.9585 0.1536 0.2401
vn -0.9646 0.1053 0.2417
vn -0.1476 0.9851 0.0885
vn -0.0862 0.9959 0.0262
vn -0.1720 0.9851 0.0084
vn -0.3213 0.9399 0.1159
vn -0.2388 0.9666 0.0927
vn -0.2500 0.9666 0.0556
vn -0.3315 0.9399 0.0822
vn -0.4867 0.8560 0.1741
vn -0.4051 0.9027 0.1449
vn -0.4174 0.9027 0.1046
vn -0.5015 0.8560 0.1256
vn -0.6349 0.7384 0.2272
vn -0.5637 0.8010 0.2017
vn -0.5807 0.8010 0.1455
vn -0.6541 0.7384 0.1639
vn -0.7583 0.5928 0.2713
vn -0.7001 0.6687 0.2505
vn -0.7212 0.6687 0.1807
vn -0.7812 0.5928 0.1957
vn -0.5114 0.8560 0.0758
vn -0.4256 0.9027 0.0631
vn -0.4297 0.9027 0.0211
vn -0.5163 0.8560 0.0254
vn -0.6670 0.7384 0.0989
vn -0.5922 0.8010 0.0878
vn -0.5979 0.8010 0.0294
vn -0.6735 0.7384 0.0331
vn -0.7966 0.5928 0.1181
vn -0.7355 0.6687 0.1091
vn -0.7426 0.6687 0.0365
vn -0.8044 0.5928 0.0395
vn -0.8954 0.4249 0.1328
vn -0.8502 0.5112 0.1261
vn -0.8584 0.5112 0.0422
vn -0.9041 0.4249 0.0445
vn -0.9600 0.2413 0.1424
vn -0.9322 0.3346 0.1382
vn -0.9412 0.3346 0.0463
vn -0.9693 0.2413 0.0477
vn -0.9837 0.1053 0.1459
vn -0.9775 0.1536 0.1450
vn -0.9869 0.1536 0.0485
vn -0.9932 0.1053 0.0488
vn -0.1621 0.9851 0.0580
vn -0.0897 0.9959 0.0088
vn -0.1703 0.9851 -0.0253
vn -0.3377 0.9399 0.0510
vn -0.2523 0.9666 0.0443
vn -0.2561 0.9666 0.0057
vn -0.3412 0.9399 0.0159
vn -0.9693 0.2413 -0.0477
vn -0.9412 0.3346 -0.0463
vn -0.9322 0.3346 -0.1382
vn -0.9600 0.2413 -0.1424
vn -0.9932 0.1053 -0.0488
vn -0.9869 0.1536 -0.0485
vn -0.9774 0.1536 -0.1450
vn -0.9837 0.1053 -0.1459
vn -0.1703 0.9851 0.0253
vn -0.0897 0.9959 -0.0088
vn -0.1621 0.9851 -0.0580
vn -0.3412 0.9399 -0.0159
vn -0.2561 0.9666 -0.0057
vn -0.2523 0.9666 -0.0443
vn -0.3377 0.9399 -0.0510
vn -0.5163 0.8560 -0.0254
vn -0.4297 0.9027 -0.0211
vn -0.4256 0.9027 -0.0631
vn -0.5114 0.8560 -0.0758
vn -0.6735 0.7384 -0.0331
vn -0.5979 0.8010 -0.0294
vn -0.5922 0.8010 -0.0878
vn -0.6670 0.7384 -0.0989
vn -0.8044 0.5928 -0.0395
vn -0.7426 0.6687 -0.0365
vn -0.7355 0.6687 -0.1091
vn -0.7966 0.5928 -0.1181
vn -0.9041 0.4249 -0.0445
vn -0.8584 0.5112 -0.0422
vn -0.8502 0.5112 -0.1261
vn -0.8954 0.4249 -0.1328
vn -0.5015 0.8560 -0.1256
vn -0.4174 0.9027 -0.1046
vn -0.4051 0.9027 -0.1449
vn -0.4867 0.8560 -0.1741
vn -0.6541 0.7384 -0.1639
vn -0.5807 0.8010 -0.1455
vn -0.5637 0.8010 -0.2017
vn -0.6349 0.7384 -0.2272
vn -0.7812 0.5928 -0.1957
vn -0.7212 0.6687 -0.1807
vn -0.7001 0.6687 -0.2505
vn -0.7583 0.5928 -0.2713
vn -0.8781 0.4249 -0.2200
vn -0.8337 0.5112 -0.2089
vn -0.8092 0.5112 -0.2895
vn -0.8523 0.4249 -0.3049
vn -0.9414 0.2413 -0.2358
vn -0.9141 0.3346 -0.2290
vn -0.8873 0.3346 -0.3174
vn -0.9137 0.2413 -0.3269
vn -0.9646 0.1053 -0.2417
vn -0.9585 0.1536 -0.2401
vn -0.9304 0.1536 -0.3329
vn -0.9363 0.1053 -0.3350
vn -0.1720 0.9851 -0.0084
vn -0.0862 0.9959 -0.0262
vn -0.1476 0.9851 -0.0885
vn -0.3315 0.9399 -0.0822
vn -0.2500 0.9666 -0.0556
vn -0.2388 0.9666 -0.0927
vn -0.3213 0.9399 -0.1159
vn -0.8773 0.2413 -0.4150
vn -0.8519 0.3346 -0.4029
vn -0.8083 0.3346 -0.4844
vn -0.8324 0.2413 -0.4989
vn -0.8989 0.1053 -0.4252
vn -0.8933 0.1536 -0.4225
vn -0.8476 0.1536 -0.5080
vn -0.8530 0.1053 -0.5112
vn -0.1670 0.9851 -0.0418
vn -0.0795 0.9959 -0.0425
vn -0.1275 0.9851 -0.1156
vn -0.3091 0.9399 -0.1453
vn -0.2344 0.9666 -0.1033
vn -0.2161 0.9666 -0.1375
vn -0.2925 0.9399 -0.1763
vn -0.4673 0.8560 -0.2210
vn -0.3889 0.9027 -0.1840
vn -0.3691 0.9027 -0.2212
vn -0.4434 0.8560 -0.2658
vn -0.6096 0.7384 -0.2883
vn -0.5412 0.8010 -0.2560
vn -0.5135 0.8010 -0.3078
vn -0.5784 0.7384 -0.3467
vn -0.7280 0.5928 -0.3444
vn -0.6721 0.6687 -0.3179
vn -0.6378 0.6687 -0.3822
vn -0.6908 0.5928 -0.4140
vn -0.8183 0.4249 -0.3871
vn -0.7769 0.5112 -0.3675
vn -0.7372 0.5112 -0.4418
vn -0.7765 0.4249 -0.4653
vn -0.5416 0.7384 -0.4017
vn -0.4808 0.8010 -0.3566
vn -0.4436 0.8010 -0.4020
vn -0.4997 0.7384 -0.4528
vn -0.6468 0.5928 -0.4798
vn -0.5972 0.6687 -0.4429
vn -0.5509 0.6687 -0.4993
vn -0.5967 0.5928 -0.5408
vn -0.7271 0.4249 -0.5393
vn -0.6903 0.5112 -0.5120
vn -0.6368 0.5112 -0.5772
vn -0.6708 0.4249 -0.6079
vn -0.7795 0.2413 -0.5781
vn -0.7569 0.3346 -0.5614
vn -0.6983 0.3346 -0.6328
vn -0.7191 0.2413 -0.6517
vn -0.7987 0.1053 -0.5924
vn -0.7937 0.1536 -0.5887
vn -0.7322 0.1536 -0.6636
vn -0.7369 0.1053 -0.6678
vn -0.1556 0.9851 -0.0736
vn -0.0697 0.9959 -0.0572
vn -0.1025 0.9851 -0.1383
vn -0.2749 0.9399 -0.2028
vn -0.2097 0.9666 -0.1470
vn -0.1851 0.9666 -0.1770
vn -0.2525 0.9399 -0.2300
vn -0.4152 0.8560 -0.3080
vn -0.3456 0.9027 -0.2563
vn -0.3188 0.9027 -0.2889
vn -0.3831 0.8560 -0.3472
vn -0.6678 0.1053 -0.7369
vn -0.6636 0.1536 -0.7322
vn -0.5887 0.1536 -0.7937
vn -0.5924 0.1053 -0.7987
vn -0.1383 0.9851 -0.1025
vn -0.0572 0.9959 -0.0697
vn -0.0736 0.9851 -0.1556
vn -0.2300 0.9399 -0.2525
vn -0.1770 0.9666 -0.1851
vn -0.1470 0.9666 -0.2097
vn -0.2028 0.9399 -0.2749
vn -0.3472 0.8560 -0.3831
vn -0.2889 0.9027 -0.3188
vn -0.2563 0.9027 -0.3456
vn -0.3080 0.8560 -0.4152
vn -0.4528 0.7384 -0.4997
vn -0.4020 0.8010 -0.4436
vn -0.3566 0.8010 -0.4808
vn -0.4017 0.7384 -0.5416
vn -0.5408 0.5928 -0.5967
vn -0.4993 0.6687 -0.5509
vn -0.4429 0.6687 -0.5972
vn -0.4798 0.5928 -0.6468
vn -0.6079 0.4249 -0.6708
vn -0.5772 0.5112 -0.6368
vn -0.5120 0.5112 -0.6903
vn -0.5393 0.4249 -0.7271
vn -0.6517 0.2413 -0.7191
vn -0.6328 0.3346 -0.6983
vn -0.5614 0.3346 -0.7569
vn -0.5781 0.2413 -0.7795
vn -0.4140 0.5928 -0.6908
vn -0.3822 0.6687 -0.6378
vn -0.3179 0.6687 -0.6721
vn -0.3444 0.5928 -0.7280
vn -0.4653 0.4249 -0.7765
vn -0.4418 0.5112 -0.7372
vn -0.3675 0.5112 -0.7769
vn -0.3871 0.4249 -0.8183
vn -0.4989 0.2413 -0.8324
vn -0.4844 0.3346 -0.8083
vn -0.4029 0.3346 -0.8519
vn -0.4150 0.2413 -0.8773
vn -0.5112 0.1053 -0.8530
vn -0.5080 0.1536 -0.8476
vn -0.4225 0.1536 -0.8933
vn -0.4252 0.1053 -0.8989
vn -0.1156 0.9851 -0.1275
vn -0.0425 0.9959 -0.0795
vn -0.0418 0.9851 -0.1670
vn -0.1763 0.9399 -0.2925
vn -0.1375 0.9666 -0.2161
vn -0.1033 0.9666 -0.2344
vn -0.1453 0.9399 -0.3091
vn -0.2658 0.8560 -0.4434
vn -0.2212 0.9027 -0.3691
vn -0.1840 0.9027 -0.3889
vn -0.2210 0.8560 -0.4673
vn -0.3467 0.7384 -0.5784
vn -0.3078 0.8010 -0.5135
vn -0.2560 0.8010 -0.5412
vn -0.2883 0.7384 -0.6096
vn -0.0885 0.9851 -0.1476
vn -0.0262 0.9959 -0.0862
vn -0.0084 0.9851 -0.1720
vn -0.1159 0.9399 -0.3213
vn -0.0927 0.9666 -0.2388
vn -0.0556 0.9666 -0.2500
vn -0.0822 0.9399 -0.3315
vn -0.1741 0.8560 -0.4867
vn -0.1449 0.9027 -0.4051
vn -0.1046 0.9027 -0.4174
vn -0.1256 0.8560 -0.5015
vn -0.2272 0.7384 -0.6349
vn -0.2017 0.8010 -0.5637
vn -0.1455 0.8010 -0.5807
vn -0.1639 0.7384 -0.6541
vn -0.2713 0.5928 -0.7583
vn -0.2505 0.6687 -0.7001
vn -0.1807 0.6687 -0.7212
vn -0.1957 0.5928 -0.7812
vn -0.3049 0.4249 -0.8523
vn -0.2895 0.5112 -0.8092
vn -0.2089 0.5112 -0.8337
vn -0.2200 0.4249 -0.8781
vn -0.3269 0.2413 -0.9137
vn -0.3174 0.3346 -0.8873
vn -0.2290 0.3346 -0.9141
vn -0.2358 0.2413 -0.9414
vn -0.3350 0.1053 -0.9363
vn -0.3329 0.1536 -0.9304
vn -0.2401 0.1536 -0.9585
vn -0.2417 0.1053 -0.9646
vn -0.1181 0.5928 -0.7966
vn -0.1091 0.6687 -0.7355
vn -0.0365 0.6687 -0.7426
vn -0.0396 0.5928 -0.8044
vn -0.1328 0.4249 -0.8954
vn -0.1261 0.5112 -0.8502
vn -0.0422 0.5112 -0.8584
vn -0.0445 0.4249 -0.9041
vn -0.1424 0.2413 -0.9600
vn -0.1382 0.3346 -0.9322
vn -0.0463 0.3346 -0.9412
vn -0.0477 0.2413 -0.9693
vn -0.1459 0.1053 -0.9837
vn -0.1450 0.1536 -0.9775
vn -0.0485 0.1536 -0.9869
vn -0.0488 0.1053 -0.9932
vn -0.0580 0.9851 -0.1621
vn -0.0088 0.9959 -0.0897
vn 0.0253 0.9851 -0.1703
vn -0.0510 0.9399 -0.3377
vn -0.0443 0.9666 -0.2523
vn -0.0057 0.9666 -0.2561
vn -0.0159 0.9399 -0.3412
vn -0.0758 0.8560 -0.5114
vn -0.0631 0.9027 -0.4256
vn -0.0211 0.9027 -0.4297
vn -0.0254 0.8560 -0.5163
vn -0.0989 0.7384 -0.6670
vn -0.0878 0.8010 -0.5922
vn -0.0294 0.8010 -0.5979
vn -0.0331 0.7384 -0.6735
vt 0.750000 0.625000
vt 0.750000 0.656250
vt 0.734375 0.656250
vt 0.734375 0.625000
vt 0.750000 0.687500
vt 0.734375 0.687500
vt 0.718750 0.687500
vt 0.718750 0.656250
vt 0.718750 0.625000
vt 0.750000 0.718750
vt 0.734375 0.718750
vt 0.750000 0.750000
vt 0.734375 0.750000
vt 0.718750 0.750000
vt 0.718750 0.718750
vt 0.750000 0.781250
vt 0.734375 0.781250
vt 0.750000 0.812500
vt 0.734375 0.812500
vt 0.718750 0.812500
vt 0.718750 0.781250
vt 0.750000 0.843750
vt 0.734375 0.843750
vt 0.750000 0.875000
vt 0.734375 0.875000
vt 0.718750 0.875000
vt 0.718750 0.843750
vt 0.750000 0.906105
vt 0.734375 0.905961
vt 0.750000 0.937500
vt 0.734375 0.935185
vt 0.718750 0.937500
vt 0.718750 0.906105
vt 0.742188 0.968750
vt 0.734375 0.957899
vt 0.734375 1.000000
vt 0.726563 0.968750
vt 0.750000 0.500000
vt 0.750000 0.531250
vt 0.734375 0.531250
vt 0.734375 0.500000
vt 0.750000 0.562500
vt 0.734375 0.562500
vt 0.718750 0.562500
vt 0.718750 0.531250
vt 0.718750 0.500000
vt 0.750000 0.593750
vt 0.734375 0.593750
vt 0.718750 0.593750
vt 0.703125 0.718750
vt 0.703125 0.687500
vt 0.703125 0.750000
vt 0.687500 0.750000
vt 0.687500 0.718750
vt 0.687500 0.687500
vt 0.703125 0.656250
vt 0.703125 0.625000
vt 0.687500 0.656250
vt 0.687500 0.625000
vt 0.703125 0.593750
vt 0.703125 0.562500
vt 0.687500 0.593750
vt 0.687500 0.562500
vt 0.703125 0.531250
vt 0.703125 0.500000
vt 0.687500 0.531250
vt 0.687500 0.500000
vt 0.710938 0.968750
vt 0.703125 0.957899
vt 0.703125 0.935185
vt 0.703125 1.000000
vt 0.695313 0.968750
vt 0.687500 0.937500
vt 0.703125 0.843750
vt 0.703125 0.812500
vt 0.703125 0.875000
vt 0.687500 0.875000
vt 0.687500 0.843750
vt 0.687500 0.812500
vt 0.703125 0.905961
vt 0.687500 0.906105
vt 0.703125 0.781250
vt 0.687500 0.781250
vt 0.671875 0.531250
vt 0.671875 0.500000
vt 0.671875 0.562500
vt 0.656250 0.562500
vt 0.656250 0.531250
vt 0.656250 0.500000
vt 0.679688 0.968750
vt 0.671875 0.957899
vt 0.671875 0.935185
vt 0.671875 1.000000
vt 0.664063 0.968750
vt 0.656250 0.937500
vt 0.671875 0.905961
vt 0.671875 0.875000
vt 0.656250 0.906105
vt 0.656250 0.875000
vt 0.671875 0.843750
vt 0.671875 0.812500
vt 0.656250 0.843750
vt 0.656250 0.812500
vt 0.671875 0.781250
vt 0.671875 0.750000
vt 0.656250 0.781250
vt 0.656250 0.750000
vt 0.671875 0.718750
vt 0.671875 0.687500
vt 0.656250 0.718750
vt 0.656250 0.687500
vt 0.671875 0.656250
vt 0.671875 0.625000
vt 0.656250 0.656250
vt 0.656250 0.625000
vt 0.671875 0.593750
vt 0.656250 0.593750
vt 0.640625 0.781250
vt 0.640625 0.750000
vt 0.640625 0.812500
vt 0.625000 0.812500
vt 0.625000 0.781250
vt 0.625000 0.750000
vt 0.640625 0.718750
vt 0.640625 0.687500
vt 0.625000 0.718750
vt 0.625000 0.687500
vt 0.640625 0.656250
vt 0.640625 0.625000
vt 0.625000 0.656250
vt 0.625000 0.625000
vt 0.640625 0.593750
vt 0.640625 0.562500
vt 0.625000 0.593750
vt 0.625000 0.562500
vt 0.640625 0.531250
vt 0.640625 0.500000
vt 0.625000 0.531250
vt 0.625000 0.500000
vt 0.648438 0.968750
vt 0.640625 0.957899
vt 0.640625 0.935185
vt 0.640625 1.000000
vt 0.632813 0.968750
vt 0.625000 0.937500
vt 0.640625 0.905961
vt 0.640625 0.875000
vt 0.625000 0.906105
vt 0.625000 0.875000
vt 0.640625 0.843750
vt 0.625000 0.843750
vt 0.609375 0.531250
vt 0.609375 0.500000
vt 0.609375 0.562500
vt 0.593750 0.562500
vt 0.593750 0.531250
vt 0.593750 0.500000
vt 0.617188 0.968750
vt 0.609375 0.957899
vt 0.609375 0.935185
vt 0.609375 1.000000
vt 0.601563 0.968750
vt 0.593750 0.937500
vt 0.609375 0.905961
vt 0.609375 0.875000
vt 0.593750 0.906105
vt 0.593750 0.875000
vt 0.609375 0.843750
vt 0.609375 0.812500
vt 0.593750 0.843750
vt 0.593750 0.812500
vt 0.609375 0.781250
vt 0.609375 0.750000
vt 0.593750 0.781250
vt 0.593750 0.750000
vt 0.609375 0.718750
vt 0.609375 0.687500
vt 0.593750 0.718750
vt 0.593750 0.687500
vt 0.609375 0.656250
vt 0.609375 0.625000
vt 0.593750 0.656250
vt 0.593750 0.625000
vt 0.609375 0.593750
vt 0.593750 0.593750
vt 0.578125 0.718750
vt 0.578125 0.687500
vt 0.578125 0.750000
vt 0.562500 0.750000
vt 0.562500 0.718750
vt 0.562500 0.687500
vt 0.578125 0.656250
vt 0.578125 0.625000
vt 0.562500 0.656250
vt 0.562500 0.625000
vt 0.578125 0.593750
vt 0.578125 0.562500
vt 0.562500 0.593750
vt 0.562500 0.562500
vt 0.578125 0.531250
vt 0.578125 0.500000
vt 0.562500 0.531250
vt 0.562500 0.500000
vt 0.585938 0.968750
vt 0.578125 0.957899
vt 0.578125 0.935185
vt 0.578125 1.000000
vt 0.570313 0.968750
vt 0.562500 0.937500
vt 0.578125 0.905961
vt 0.578125 0.875000
vt 0.562500 0.906105
vt 0.562500 0.875000
vt 0.578125 0.843750
vt 0.578125 0.812500
vt 0.562500 0.843750
vt 0.562500 0.812500
vt 0.578125 0.781250
vt 0.562500 0.781250
vt 0.554688 0.968750
vt 0.546875 0.957899
vt 0.546875 0.935185
vt 0.546875 1.000000
vt 0.539063 0.968750
vt 0.531250 0.937500
vt 0.546875 0.905961
vt 0.546875 0.875000
vt 0.531250 0.906105
vt 0.531250 0.875000
vt 0.546875 0.843750
vt 0.546875 0.812500
vt 0.531250 0.843750
vt 0.531250 0.812500
vt 0.546875 0.781250
vt 0.546875 0.750000
vt 0.531250 0.781250
vt 0.531250 0.750000
vt 0.546875 0.718750
vt 0.546875 0.687500
vt 0.531250 0.718750
vt 0.531250 0.687500
vt 0.546875 0.656250
vt 0.546875 0.625000
vt 0.531250 0.656250
vt 0.531250 0.625000
vt 0.546875 0.593750
vt 0.546875 0.562500
vt 0.531250 0.593750
vt 0.531250 0.562500
vt 0.546875 0.531250
vt 0.546875 0.500000
vt 0.531250 0.531250
vt 0.531250 0.500000
vt 0.515625 0.718750
vt 0.515625 0.687500
vt 0.515625 0.750000
vt 0.500000 0.750000
vt 0.500000 0.718750
vt 0.500000 0.687500
vt 0.515625 0.656250
vt 0.515625 0.625000
vt 0.500000 0.656250
vt 0.500000 0.625000
vt 0.515625 0.593750
vt 0.515625 0.562500
vt 0.500000 0.593750
vt 0.500000 0.562500
vt 0.515625 0.531250
vt 0.515625 0.500000
vt 0.500000 0.531250
vt 0.500000 0.500000
vt 0.523438 0.968750
vt 0.515625 0.957899
vt 0.515625 0.935185
vt 0.515625 1.000000
vt 0.507813 0.968750
vt 0.500000 0.937500
vt 0.515625 0.905961
vt 0.515625 0.875000
vt 0.500000 0.906105
vt 0.500000 0.875000
vt 0.515625 0.843750
vt 0.515625 0.812500
vt 0.500000 0.843750
vt 0.500000 0.812500
vt 0.515625 0.781250
vt 0.500000 0.781250
vt 0.492188 0.968750
vt 0.484375 0.957899
vt 0.484375 0.935185
vt 0.484375 1.000000
vt 0.476563 0.968750
vt 0.468750 0.937500
vt 0.484375 0.905961
vt 0.484375 0.875000
vt 0.468750 0.906105
vt 0.468750 0.875000
vt 0.484375 0.843750
vt 0.484375 0.812500
vt 0.468750 0.843750
vt 0.468750 0.812500
vt 0.484375 0.781250
vt 0.484375 0.750000
vt 0.468750 0.781250
vt 0.468750 0.750000
vt 0.484375 0.718750
vt 0.484375 0.687500
vt 0.468750 0.718750
vt 0.468750 0.687500
vt 0.484375 0.656250
vt 0.484375 0.625000
vt 0.468750 0.656250
vt 0.468750 0.625000
vt 0.484375 0.593750
vt 0.484375 0.562500
vt 0.468750 0.593750
vt 0.468750 0.562500
vt 0.484375 0.531250
vt 0.484375 0.500000
vt 0.468750 0.531250
vt 0.468750 0.500000
vt 0.453125 0.656250
vt 0.453125 0.625000
vt 0.453125 0.687500
vt 0.437500 0.687500
vt 0.437500 0.656250
vt 0.437500 0.625000
vt 0.453125 0.593750
vt 0.453125 0.562500
vt 0.437500 0.593750
vt 0.437500 0.562500
vt 0.453125 0.531250
vt 0.453125 0.500000
vt 0.437500 0.531250
vt 0.437500 0.500000
vt 0.460938 0.968750
vt 0.453125 0.957899
vt 0.453125 0.935185
vt 0.453125 1.000000
vt 0.445313 0.968750
vt 0.437500 0.937500
vt 0.453125 0.905961
vt 0.453125 0.875000
vt 0.437500 0.906105
vt 0.437500 0.875000
vt 0.453125 0.843750
vt 0.453125 0.812500
vt 0.437500 0.843750
vt 0.437500 0.812500
vt 0.453125 0.781250
vt 0.453125 0.750000
vt 0.437500 0.781250
vt 0.437500 0.750000
vt 0.453125 0.718750
vt 0.437500 0.718750
vt 0.421875 0.905961
vt 0.421875 0.875000
vt 0.421875 0.935185
vt 0.406250 0.937500
vt 0.406250 0.906105
vt 0.406250 0.875000
vt 0.421875 0.843750
vt 0.421875 0.812500
vt 0.406250 0.843750
vt 0.406250 0.812500
vt 0.421875 0.781250
vt 0.421875 0.750000
vt 0.406250 0.781250
vt 0.406250 0.750000
vt 0.421875 0.718750
vt 0.421875 0.687500
vt 0.406250 0.718750
vt 0.406250 0.687500
vt 0.421875 0.656250
vt 0.421875 0.625000
vt 0.406250 0.656250
vt 0.406250 0.625000
vt 0.421875 0.593750
vt 0.421875 0.562500
vt 0.406250 0.593750
vt 0.406250 0.562500
vt 0.421875 0.531250
vt 0.421875 0.500000
vt 0.406250 0.531250
vt 0.406250 0.500000
vt 0.429688 0.968750
vt 0.421875 0.957899
vt 0.421875 1.000000
vt 0.414063 0.968750
vt 0.390625 0.593750
vt 0.390625 0.562500
vt 0.390625 0.625000
vt 0.375000 0.625000
vt 0.375000 0.593750
vt 0.375000 0.562500
vt 0.390625 0.531250
vt 0.390625 0.500000
vt 0.375000 0.531250
vt 0.375000 0.500000
vt 0.398438 0.968750
vt 0.390625 0.957899
vt 0.390625 0.935185
vt 0.390625 1.000000
vt 0.382813 0.968750
vt 0.375000 0.937500
vt 0.390625 0.905961
vt 0.390625 0.875000
vt 0.375000 0.906105
vt 0.375000 0.875000
vt 0.390625 0.843750
vt 0.390625 0.812500
vt 0.375000 0.843750
vt 0.375000 0.812500
vt 0.390625 0.781250
vt 0.390625 0.750000
vt 0.375000 0.781250
vt 0.375000 0.750000
vt 0.390625 0.718750
vt 0.390625 0.687500
vt 0.375000 0.718750
vt 0.375000 0.687500
vt 0.390625 0.656250
vt 0.375000 0.656250
vt 0.359375 0.843750
vt 0.359375 0.812500
vt 0.359375 0.875000
vt 0.343750 0.875000
vt 0.343750 0.843750
vt 0.343750 0.812500
vt 0.359375 0.781250
vt 0.359375 0.750000
vt 0.343750 0.781250
vt 0.343750 0.750000
vt 0.359375 0.718750
vt 0.359375 0.687500
vt 0.343750 0.718750
vt 0.343750 0.687500
vt 0.359375 0.656250
vt 0.359375 0.625000
vt 0.343750 0.656250
vt 0.343750 0.625000
vt 0.359375 0.593750
vt 0.359375 0.562500
vt 0.343750 0.593750
vt 0.343750 0.562500
vt 0.359375 0.531250
vt 0.359375 0.500000
vt 0.343750 0.531250
vt 0.343750 0.500000
vt 0.367188 0.968750
vt 0.359375 0.957899
vt 0.359375 0.935185
vt 0.359375 1.000000
vt 0.351563 0.968750
vt 0.343750 0.937500
vt 0.359375 0.905961
vt 0.343750 0.906105
vt 0.328125 0.593750
vt 0.328125 0.562500
vt 0.328125 0.625000
vt 0.312500 0.625000
vt 0.312500 0.593750
vt 0.312500 0.562500
vt 0.328125 0.531250
vt 0.328125 0.500000
vt 0.312500 0.531250
vt 0.312500 0.500000
vt 0.335938 0.968750
vt 0.328125 0.957899
vt 0.328125 0.935185
vt 0.328125 1.000000
vt 0.320313 0.968750
vt 0.312500 0.937500
vt 0.328125 0.905961
vt 0.328125 0.875000
vt 0.312500 0.906105
vt 0.312500 0.875000
vt 0.328125 0.843750
vt 0.328125 0.812500
vt 0.312500 0.843750
vt 0.312500 0.812500
vt 0.328125 0.781250
vt 0.328125 0.750000
vt 0.312500 0.781250
vt 0.312500 0.750000
vt 0.328125 0.718750
vt 0.328125 0.687500
vt 0.312500 0.718750
vt 0.312500 0.687500
vt 0.328125 0.656250
vt 0.312500 0.656250
vt 0.296875 0.781250
vt 0.296875 0.750000
vt 0.296875 0.812500
vt 0.281250 0.812500
vt 0.281250 0.781250
vt 0.281250 0.750000
vt 0.296875 0.718750
vt 0.296875 0.687500
vt 0.281250 0.718750
vt 0.281250 0.687500
vt 0.296875 0.656250
vt 0.296875 0.625000
vt 0.281250 0.656250
vt 0.281250 0.625000
vt 0.296875 0.593750
vt 0.296875 0.562500
vt 0.281250 0.593750
vt 0.281250 0.562500
vt 0.296875 0.531250
vt 0.296875 0.500000
vt 0.281250 0.531250
vt 0.281250 0.500000
vt 0.304688 0.968750
vt 0.296875 0.957899
vt 0.296875 0.935185
vt 0.296875 1.000000
vt 0.289063 0.968750
vt 0.281250 0.937500
vt 0.296875 0.905961
vt 0.296875 0.875000
vt 0.281250 0.906105
vt 0.281250 0.875000
vt 0.296875 0.843750
vt 0.281250 0.843750
vt 0.265625 0.531250
vt 0.265625 0.500000
vt 0.265625 0.562500
vt 0.250000 0.562500
vt 0.250000 0.531250
vt 0.250000 0.500000
vt 0.273438 0.968750
vt 0.265625 0.957899
vt 0.265625 0.935185
vt 0.265625 1.000000
vt 0.257813 0.968750
vt 0.250000 0.937500
vt 0.265625 0.905961
vt 0.265625 0.875000
vt 0.250000 0.906105
vt 0.250000 0.875000
vt 0.265625 0.843750
vt 0.265625 0.812500
vt 0.250000 0.843750
vt 0.250000 0.812500
vt 0.265625 0.781250
vt 0.265625 0.750000
vt 0.250000 0.781250
vt 0.250000 0.750000
vt 0.265625 0.718750
vt 0.265625 0.687500
vt 0.250000 0.718750
vt 0.250000 0.687500
vt 0.265625 0.656250
vt 0.265625 0.625000
vt 0.250000 0.656250
vt 0.250000 0.625000
vt 0.265625 0.593750
vt 0.250000 0.593750
vt 0.234375 0.781250
vt 0.234375 0.750000
vt 0.234375 0.812500
vt 0.218750 0.812500
vt 0.218750 0.781250
vt 0.218750 0.750000
vt 0.234375 0.718750
vt 0.234375 0.687500
vt 0.218750 0.718750
vt 0.218750 0.687500
vt 0.234375 0.656250
vt 0.234375 0.625000
vt 0.218750 0.656250
vt 0.218750 0.625000
vt 0.234375 0.593750
vt 0.234375 0.562500
vt 0.218750 0.593750
vt 0.218750 0.562500
vt 0.234375 0.531250
vt 0.234375 0.500000
vt 0.218750 0.531250
vt 0.218750 0.500000
vt 0.242188 0.968750
vt 0.234375 0.957899
vt 0.234375 0.935185
vt 0.234375 1.000000
vt 0.226563 0.968750
vt 0.218750 0.937500
vt 0.234375 0.905961
vt 0.234375 0.875000
vt 0.218750 0.906105
vt 0.218750 0.875000
vt 0.234375 0.843750
vt 0.218750 0.843750
vt 0.203125 0.531250
vt 0.203125 0.500000
vt 0.203125 0.562500
vt 0.187500 0.562500
vt 0.187500 0.531250
vt 0.187500 0.500000
vt 0.210938 0.968750
vt 0.203125 0.957899
vt 0.203125 0.935185
vt 0.203125 1.000000
vt 0.195313 0.968750
vt 0.187500 0.937500
vt 0.203125 0.905961
vt 0.203125 0.875000
vt 0.187500 0.906105
vt 0.187500 0.875000
vt 0.203125 0.843750
vt 0.203125 0.812500
vt 0.187500 0.843750
vt 0.187500 0.812500
vt 0.203125 0.781250
vt 0.203125 0.750000
vt 0.187500 0.781250
vt 0.187500 0.750000
vt 0.203125 0.718750
vt 0.203125 0.687500
vt 0.187500 0.718750
vt 0.187500 0.687500
vt 0.203125 0.656250
vt 0.203125 0.625000
vt 0.187500 0.656250
vt 0.187500 0.625000
vt 0.203125 0.593750
vt 0.187500 0.593750
vt 0.171875 0.718750
vt 0.171875 0.687500
vt 0.171875 0.750000
vt 0.156250 0.750000
vt 0.156250 0.718750
vt 0.156250 0.687500
vt 0.171875 0.656250
vt 0.171875 0.625000
vt 0.156250 0.656250
vt 0.156250 0.625000
vt 0.171875 0.593750
vt 0.171875 0.562500
vt 0.156250 0.593750
vt 0.156250 0.562500
vt 0.171875 0.531250
vt 0.171875 0.500000
vt 0.156250 0.531250
vt 0.156250 0.500000
vt 0.179688 0.968750
vt 0.171875 0.957899
vt 0.171875 0.935185
vt 0.171875 1.000000
vt 0.164063 0.968750
vt 0.156250 0.937500
vt 0.171875 0.905961
vt 0.171875 0.875000
vt 0.156250 0.906105
vt 0.156250 0.875000
vt 0.171875 0.843750
vt 0.171875 0.812500
vt 0.156250 0.843750
vt 0.156250 0.812500
vt 0.171875 0.781250
vt 0.156250 0.781250
vt 0.148438 0.968750
vt 0.140625 0.957899
vt 0.140625 0.935185
vt 0.140625 1.000000
vt 0.132813 0.968750
vt 0.125000 0.937500
vt 0.140625 0.905961
vt 0.140625 0.875000
vt 0.125000 0.906105
vt 0.125000 0.875000
vt 0.140625 0.843750
vt 0.140625 0.812500
vt 0.125000 0.843750
vt 0.125000 0.812500
vt 0.140625 0.781250
vt 0.140625 0.750000
vt 0.125000 0.781250
vt 0.125000 0.750000
vt 0.140625 0.718750
vt 0.140625 0.687500
vt 0.125000 0.718750
vt 0.125000 0.687500
vt 0.140625 0.656250
vt 0.140625 0.625000
vt 0.125000 0.656250
vt 0.125000 0.625000
vt 0.140625 0.593750
vt 0.140625 0.562500
vt 0.125000 0.593750
vt 0.125000 0.562500
vt 0.140625 0.531250
vt 0.140625 0.500000
vt 0.125000 0.531250
vt 0.125000 0.500000
vt 0.109375 0.656250
vt 0.109375 0.625000
vt 0.109375 0.687500
vt 0.093750 0.687500
vt 0.093750 0.656250
vt 0.093750 0.625000
vt 0.109375 0.593750
vt 0.109375 0.562500
vt 0.093750 0.593750
vt 0.093750 0.562500
vt 0.109375 0.531250
vt 0.109375 0.500000
vt 0.093750 0.531250
vt 0.093750 0.500000
vt 0.117188 0.968750
vt 0.109375 0.957899
vt 0.109375 0.935185
vt 0.109375 1.000000
vt 0.101563 0.968750
vt 0.093750 0.937500
vt 0.109375 0.905961
vt 0.109375 0.875000
vt 0.093750 0.906105
vt 0.093750 0.875000
vt 0.109375 0.843750
vt 0.109375 0.812500
vt 0.093750 0.843750
vt 0.093750 0.812500
vt 0.109375 0.781250
vt 0.109375 0.750000
vt 0.093750 0.781250
vt 0.093750 0.750000
vt 0.109375 0.718750
vt 0.093750 0.718750
vt 0.085938 0.968750
vt 0.078125 0.957899
vt 0.078125 0.935185
vt 0.078125 1.000000
vt 0.070313 0.968750
vt 0.062500 0.937500
vt 0.078125 0.905961
vt 0.078125 0.875000
vt 0.062500 0.906105
vt 0.062500 0.875000
vt 0.078125 0.843750
vt 0.078125 0.812500
vt 0.062500 0.843750
vt 0.062500 0.812500
vt 0.078125 0.781250
vt 0.078125 0.750000
vt 0.062500 0.781250
vt 0.062500 0.750000
vt 0.078125 0.718750
vt 0.078125 0.687500
vt 0.062500 0.718750
vt 0.062500 0.687500
vt 0.078125 0.656250
vt 0.078125 0.625000
vt 0.062500 0.656250
vt 0.062500 0.625000
vt 0.078125 0.593750
vt 0.078125 0.562500
vt 0.062500 0.593750
vt 0.062500 0.562500
vt 0.078125 0.531250
vt 0.078125 0.500000
vt 0.062500 0.531250
vt 0.062500 0.500000
vt 0.046875 0.656250
vt 0.046875 0.625000
vt 0.046875 0.687500
vt 0.031250 0.687500
vt 0.031250 0.656250
vt 0.031250 0.625000
vt 0.046875 0.593750
vt 0.046875 0.562500
vt 0.031250 0.593750
vt 0.031250 0.562500
vt 0.046875 0.531250
vt 0.046875 0.500000
vt 0.031250 0.531250
vt 0.031250 0.500000
vt 0.054687 0.968750
vt 0.046875 0.957899
vt 0.046875 0.935185
vt 0.046875 1.000000
vt 0.039062 0.968750
vt 0.031250 0.937500
vt 0.046875 0.905961
vt 0.046875 0.875000
vt 0.031250 0.906105
vt 0.031250 0.875000
vt 0.046875 0.843750
vt 0.046875 0.812500
vt 0.031250 0.843750
vt 0.031250 0.812500
vt 0.046875 0.781250
vt 0.046875 0.750000
vt 0.031250 0.781250
vt 0.031250 0.750000
vt 0.046875 0.718750
vt 0.031250 0.718750
vt 0.015625 0.843750
vt 0.015625 0.812500
vt 0.015625 0.875000
vt 0.000000 0.875000
vt 0.000000 0.843750
vt 0.000000 0.812500
vt 0.015625 0.781250
vt 0.015625 0.750000
vt 0.000000 0.781250
vt 0.000000 0.750000
vt 0.015625 0.718750
vt 0.015625 0.687500
vt 0.000000 0.718750
vt 0.000000 0.687500
vt 0.015625 0.656250
vt 0.015625 0.625000
vt 0.000000 0.656250
vt 0.000000 0.625000
vt 0.015625 0.593750
vt 0.015625 0.562500
vt 0.000000 0.593750
vt 0.000000 0.562500
vt 0.015625 0.531250
vt 0.015625 0.500000
vt 0.000000 0.531250
vt 0.000000 0.500000
vt 0.023438 0.968750
vt 0.015625 0.957899
vt 0.015625 0.935185
vt 0.015625 1.000000
vt 0.007813 0.968750
vt 0.000000 0.937500
vt 0.015625 0.905961
vt 0.000000 0.906250
vt 1.000000 0.562500
vt 1.000000 0.593750
vt 0.984375 0.593750
vt 0.984375 0.562500
vt 1.000000 0.625000
vt 0.984375 0.625000
vt 0.968750 0.625000
vt 0.968750 0.593750
vt 0.968750 0.562500
vt 1.000000 0.500000
vt 1.000000 0.531250
vt 0.984375 0.531250
vt 0.984375 0.500000
vt 0.968750 0.531250
vt 0.968750 0.500000
vt 1.000000 0.937500
vt 0.992188 0.968750
vt 0.984375 0.957899
vt 0.984375 0.935185
vt 0.984375 1.000000
vt 0.976563 0.968750
vt 0.968750 0.937500
vt 1.000000 0.875000
vt 1.000000 0.906250
vt 0.984375 0.905961
vt 0.984375 0.875000
vt 0.968750 0.906105
vt 0.968750 0.875000
vt 1.000000 0.812500
vt 1.000000 0.843750
vt 0.984375 0.843750
vt 0.984375 0.812500
vt 0.968750 0.843750
vt 0.968750 0.812500
vt 1.000000 0.750000
vt 1.000000 0.781250
vt 0.984375 0.781250
vt 0.984375 0.750000
vt 0.968750 0.781250
vt 0.968750 0.750000
vt 1.000000 0.687500
vt 1.000000 0.718750
vt 0.984375 0.718750
vt 0.984375 0.687500
vt 0.968750 0.718750
vt 0.968750 0.687500
vt 1.000000 0.656250
vt 0.984375 0.656250
vt 0.968750 0.656250
vt 0.953125 0.843750
vt 0.953125 0.812500
vt 0.953125 0.875000
vt 0.937500 0.875000
vt 0.937500 0.843750
vt 0.937500 0.812500
vt 0.953125 0.781250
vt 0.953125 0.750000
vt 0.937500 0.781250
vt 0.937500 0.750000
vt 0.953125 0.718750
vt 0.953125 0.687500
vt 0.937500 0.718750
vt 0.937500 0.687500
vt 0.953125 0.656250
vt 0.953125 0.625000
vt 0.937500 0.656250
vt 0.937500 0.625000
vt 0.953125 0.593750
vt 0.953125 0.562500
vt 0.937500 0.593750
vt 0.937500 0.562500
vt 0.953125 0.531250
vt 0.953125 0.500000
vt 0.937500 0.531250
vt 0.937500 0.500000
vt 0.960938 0.968750
vt 0.953125 0.957899
vt 0.953125 0.935185
vt 0.953125 1.000000
vt 0.945313 0.968750
vt 0.937500 0.937500
vt 0.953125 0.905961
vt 0.937500 0.906105
vt 0.921875 0.593750
vt 0.921875 0.562500
vt 0.921875 0.625000
vt 0.906250 0.625000
vt 0.906250 0.593750
vt 0.906250 0.562500
vt 0.921875 0.531250
vt 0.921875 0.500000
vt 0.906250 0.531250
vt 0.906250 0.500000
vt 0.929688 0.968750
vt 0.921875 0.957899
vt 0.921875 0.935185
vt 0.921875 1.000000
vt 0.914063 0.968750
vt 0.906250 0.937500
vt 0.921875 0.905961
vt 0.921875 0.875000
vt 0.906250 0.906105
vt 0.906250 0.875000
vt 0.921875 0.843750
vt 0.921875 0.812500
vt 0.906250 0.843750
vt 0.906250 0.812500
vt 0.921875 0.781250
vt 0.921875 0.750000
vt 0.906250 0.781250
vt 0.906250 0.750000
vt 0.921875 0.718750
vt 0.921875 0.687500
vt 0.906250 0.718750
vt 0.906250 0.687500
vt 0.921875 0.656250
vt 0.906250 0.656250
vt 0.890625 0.781250
vt 0.890625 0.750000
vt 0.890625 0.812500
vt 0.875000 0.812500
vt 0.875000 0.781250
vt 0.875000 0.750000
vt 0.890625 0.718750
vt 0.890625 0.687500
vt 0.875000 0.718750
vt 0.875000 0.687500
vt 0.890625 0.656250
vt 0.890625 0.625000
vt 0.875000 0.656250
vt 0.875000 0.625000
vt 0.890625 0.593750
vt 0.890625 0.562500
vt 0.875000 0.593750
vt 0.875000 0.562500
vt 0.890625 0.531250
vt 0.890625 0.500000
vt 0.875000 0.531250
vt 0.875000 0.500000
vt 0.898438 0.968750
vt 0.890625 0.957899
vt 0.890625 0.935185
vt 0.890625 1.000000
vt 0.882813 0.968750
vt 0.875000 0.937500
vt 0.890625 0.905961
vt 0.890625 0.875000
vt 0.875000 0.906105
vt 0.875000 0.875000
vt 0.890625 0.843750
vt 0.875000 0.843750
vt 0.859375 0.531250
vt 0.859375 0.500000
vt 0.859375 0.562500
vt 0.843750 0.562500
vt 0.843750 0.531250
vt 0.843750 0.500000
vt 0.867188 0.968750
vt 0.859375 0.957899
vt 0.859375 0.935185
vt 0.859375 1.000000
vt 0.851563 0.968750
vt 0.843750 0.937500
vt 0.859375 0.905961
vt 0.859375 0.875000
vt 0.843750 0.906105
vt 0.843750 0.875000
vt 0.859375 0.843750
vt 0.859375 0.812500
vt 0.843750 0.843750
vt 0.843750 0.812500
vt 0.859375 0.781250
vt 0.859375 0.750000
vt 0.843750 0.781250
vt 0.843750 0.750000
vt 0.859375 0.718750
vt 0.859375 0.687500
vt 0.843750 0.718750
vt 0.843750 0.687500
vt 0.859375 0.656250
vt 0.859375 0.625000
vt 0.843750 0.656250
vt 0.843750 0.625000
vt 0.859375 0.593750
vt 0.843750 0.593750
vt 0.828125 0.718750
vt 0.828125 0.687500
vt 0.828125 0.750000
vt 0.812500 0.750000
vt 0.812500 0.718750
vt 0.812500 0.687500
vt 0.828125 0.656250
vt 0.828125 0.625000
vt 0.812500 0.656250
vt 0.812500 0.625000
vt 0.828125 0.593750
vt 0.828125 0.562500
vt 0.812500 0.593750
vt 0.812500 0.562500
vt 0.828125 0.531250
vt 0.828125 0.500000
vt 0.812500 0.531250
vt 0.812500 0.500000
vt 0.835938 0.968750
vt 0.828125 0.957899
vt 0.828125 0.935185
vt 0.828125 1.000000
vt 0.820313 0.968750
vt 0.812500 0.937500
vt 0.828125 0.905961
vt 0.828125 0.875000
vt 0.812500 0.906105
vt 0.812500 0.875000
vt 0.828125 0.843750
vt 0.828125 0.812500
vt 0.812500 0.843750
vt 0.812500 0.812500
vt 0.828125 0.781250
vt 0.812500 0.781250
vt 0.804688 0.968750
vt 0.796875 0.957899
vt 0.796875 0.935185
vt 0.796875 1.000000
vt 0.789063 0.968750
vt 0.781250 0.937500
vt 0.796875 0.905961
vt 0.796875 0.875000
vt 0.781250 0.906105
vt 0.781250 0.875000
vt 0.796875 0.843750
vt 0.796875 0.812500
vt 0.781250 0.843750
vt 0.781250 0.812500
vt 0.796875 0.781250
vt 0.796875 0.750000
vt 0.781250 0.781250
vt 0.781250 0.750000
vt 0.796875 0.718750
vt 0.796875 0.687500
vt 0.781250 0.718750
vt 0.781250 0.687500
vt 0.796875 0.656250
vt 0.796875 0.625000
vt 0.781250 0.656250
vt 0.781250 0.625000
vt 0.796875 0.593750
vt 0.796875 0.562500
vt 0.781250 0.593750
vt 0.781250 0.562500
vt 0.796875 0.531250
vt 0.796875 0.500000
vt 0.781250 0.531250
vt 0.781250 0.500000
vt 0.765625 0.718750
vt 0.765625 0.687500
vt 0.765625 0.750000
vt 0.765625 0.656250
vt 0.765625 0.625000
vt 0.765625 0.593750
vt 0.765625 0.562500
vt 0.765625 0.531250
vt 0.765625 0.500000
vt 0.773438 0.968750
vt 0.765625 0.957899
vt 0.765625 0.935185
vt 0.765625 1.000000
vt 0.757813 0.968750
vt 0.765625 0.905961
vt 0.765625 0.875000
vt 0.765625 0.843750
vt 0.765625 0.812500
vt 0.765625 0.781250
s 0
g Circle_Material.001
usemtl Material.001
f 9/1/1 265/2/1 770/3/1 267/4/1
f 265/2/2 10/5/2 268/6/2 770/3/2
f 770/3/3 268/6/3 4/7/3 261/8/3
f 267/4/4 770/3/4 261/8/4 5/9/4
f 10/5/5 731/10/5 771/11/5 268/6/5
f 731/10/6 255/12/6 733/13/6 771/11/6
f 771/11/7 733/13/7 3/14/7 260/15/7
f 268/6/8 771/11/8 260/15/8 4/7/8
f 255/12/9 722/16/9 772/17/9 733/13/9
f 722/16/10 254/18/10 734/19/10 772/17/10
f 772/17/11 734/19/11 2/20/11 259/21/11
f 733/13/12 772/17/12 259/21/12 3/14/12
f 254/18/13 721/22/13 773/23/13 734/19/13
f 721/22/14 253/24/14 735/25/14 773/23/14
f 773/23/15 735/25/15 1/26/15 258/27/15
f 734/19/16 773/23/16 258/27/16 2/20/16
f 253/24/17 723/28/17 774/29/17 735/25/17
f 723/28/18 257/30/18 736/31/18 774/29/18
f 774/29/19 736/31/19 11/32/19 266/33/19
f 735/25/20 774/29/20 266/33/20 1/26/20
f 257/30/21 732/34/21 775/35/21 736/31/21
f 180/36/22 729/37/22 775/35/22 732/34/22
f 11/32/23 736/31/23 775/35/23 729/37/23
f 256/38/24 730/39/24 776/40/24 737/41/24
f 730/39/25 8/42/25 269/43/25 776/40/25
f 776/40/26 269/43/26 6/44/26 263/45/26
f 737/41/27 776/40/27 263/45/27 7/46/27
f 8/42/28 264/47/28 777/48/28 269/43/28
f 264/47/29 9/1/29 267/4/29 777/48/29
f 777/48/30 267/4/30 5/9/30 262/49/30
f 269/43/31 777/48/31 262/49/31 6/44/31
f 4/7/32 260/15/32 778/50/32 277/51/32
f 260/15/33 3/14/33 278/52/33 778/50/33
f 778/50/34 278/52/34 14/53/34 272/54/34
f 277/51/35 778/50/35 272/54/35 15/55/35
f 5/9/36 261/8/36 779/56/36 279/57/36
f 261/8/37 4/7/37 277/51/37 779/56/37
f 779/56/38 277/51/38 15/55/38 273/58/38
f 279/57/39 779/56/39 273/58/39 16/59/39
f 6/44/40 262/49/40 780/60/40 280/61/40
f 262/49/41 5/9/41 279/57/41 780/60/41
f 780/60/42 279/57/42 16/59/42 274/62/42
f 280/61/43 780/60/43 274/62/43 17/63/43
f 7/46/44 263/45/44 781/64/44 281/65/44
f 263/45/45 6/44/45 280/61/45 781/64/45
f 781/64/46 280/61/46 17/63/46 275/66/46
f 281/65/47 781/64/47 275/66/47 18/67/47
f 11/32/48 729/68/48 782/69/48 282/70/48
f 180/71/49 738/72/49 782/69/49 729/68/49
f 19/73/50 282/70/50 782/69/50 738/72/50
f 2/20/51 258/27/51 783/74/51 283/75/51
f 258/27/52 1/26/52 284/76/52 783/74/52
f 783/74/53 284/76/53 12/77/53 270/78/53
f 283/75/54 783/74/54 270/78/54 13/79/54
f 1/26/55 266/33/55 784/80/55 284/76/55
f 266/33/56 11/32/56 282/70/56 784/80/56
f 784/80/57 282/70/57 19/73/57 276/81/57
f 284/76/58 784/80/58 276/81/58 12/77/58
f 3/14/59 259/21/59 785/82/59 278/52/59
f 259/21/60 2/20/60 283/75/60 785/82/60
f 785/82/61 283/75/61 13/79/61 271/83/61
f 278/52/62 785/82/62 271/83/62 14/53/62
f 18/67/63 275/66/63 786/84/63 292/85/63
f 275/66/64 17/63/64 293/86/64 786/84/64
f 786/84/65 293/86/65 25/87/65 290/88/65
f 292/85/66 786/84/66 290/88/66 26/89/66
f 19/73/67 738/90/67 787/91/67 294/92/67
f 180/93/68 739/94/68 787/91/68 738/90/68
f 27/95/69 294/92/69 787/91/69 739/94/69
f 12/77/70 276/81/70 788/96/70 295/97/70
f 276/81/71 19/73/71 294/92/71 788/96/71
f 788/96/72 294/92/72 27/95/72 291/98/72
f 295/97/73 788/96/73 291/98/73 20/99/73
f 13/79/74 270/78/74 789/100/74 296/101/74
f 270/78/75 12/77/75 295/97/75 789/100/75
f 789/100/76 295/97/76 20/99/76 285/102/76
f 296/101/77 789/100/77 285/102/77 21/103/77
f 14/53/78 271/83/78 790/104/78 297/105/78
f 271/83/79 13/79/79 296/101/79 790/104/79
f 790/104/80 296/101/80 21/103/80 286/106/80
f 297/105/81 790/104/81 286/106/81 22/107/81
f 15/55/82 272/54/82 791/108/82 298/109/82
f 272/54/83 14/53/83 297/105/83 791/108/83
f 791/108/84 297/105/84 22/107/84 287/110/84
f 298/109/85 791/108/85 287/110/85 23/111/85
f 16/59/86 273/58/86 792/112/86 299/113/86
f 273/58/87 15/55/87 298/109/87 792/112/87
f 792/112/88 298/109/88 23/111/88 288/114/88
f 299/113/89 792/112/89 288/114/89 24/115/89
f 17/63/90 274/62/90 793/116/90 293/86/90
f 274/62/91 16/59/91 299/113/91 793/116/91
f 793/116/92 299/113/92 24/115/92 289/117/92
f 293/86/93 793/116/93 289/117/93 25/87/93
f 22/107/94 286/106/94 794/118/94 307/119/94
f 286/106/95 21/103/95 308/120/95 794/118/95
f 794/118/96 308/120/96 29/121/96 301/122/96
f 307/119/97 794/118/97 301/122/97 30/123/97
f 23/111/98 287/110/98 795/124/98 309/125/98
f 287/110/99 22/107/99 307/119/99 795/124/99
f 795/124/100 307/119/100 30/123/100 302/126/100
f 309/125/101 795/124/101 302/126/101 31/127/101
f 24/115/102 288/114/102 796/128/102 310/129/102
f 288/114/103 23/111/103 309/125/103 796/128/103
f 796/128/104 309/125/104 31/127/104 303/130/104
f 310/129/105 796/128/105 303/130/105 32/131/105
f 25/87/106 289/117/106 797/132/106 311/133/106
f 289/117/107 24/115/107 310/129/107 797/132/107
f 797/132/108 310/129/108 32/131/108 304/134/108
f 311/133/109 797/132/109 304/134/109 33/135/109
f 26/89/110 290/88/110 798/136/110 312/137/110
f 290/88/111 25/87/111 311/133/111 798/136/111
f 798/136/112 311/133/112 33/135/112 305/138/112
f 312/137/113 798/136/113 305/138/113 34/139/113
f 27/95/114 739/140/114 799/141/114 313/142/114
f 180/143/115 740/144/115 799/141/115 739/140/115
f 35/145/116 313/142/116 799/141/116 740/144/116
f 20/99/117 291/98/117 800/146/117 314/147/117
f 291/98/118 27/95/118 313/142/118 800/146/118
f 800/146/119 313/142/119 35/145/119 306/148/119
f 314/147/120 800/146/120 306/148/120 28/149/120
f 21/103/121 285/102/121 801/150/121 308/120/121
f 285/102/122 20/99/122 314/147/122 801/150/122
f 801/150/123 314/147/123 28/149/123 300/151/123
f 308/120/124 801/150/124 300/151/124 29/121/124
f 34/139/125 305/138/125 802/152/125 322/153/125
f 305/138/126 33/135/126 323/154/126 802/152/126
f 802/152/127 323/154/127 41/155/127 320/156/127
f 322/153/128 802/152/128 320/156/128 42/157/128
f 35/145/129 740/158/129 803/159/129 324/160/129
f 180/161/130 741/162/130 803/159/130 740/158/130
f 43/163/131 324/160/131 803/159/131 741/162/131
f 28/149/132 306/148/132 804/164/132 325/165/132
f 306/148/133 35/145/133 324/160/133 804/164/133
f 804/164/134 324/160/134 43/163/134 321/166/134
f 325/165/135 804/164/135 321/166/135 36/167/135
f 29/121/136 300/151/136 805/168/136 326/169/136
f 300/151/137 28/149/137 325/165/137 805/168/137
f 805/168/138 325/165/138 36/167/138 315/170/138
f 326/169/139 805/168/139 315/170/139 37/171/139
f 30/123/140 301/122/140 806/172/140 327/173/140
f 301/122/141 29/121/141 326/169/141 806/172/141
f 806/172/142 326/169/142 37/171/142 316/174/142
f 327/173/143 806/172/143 316/174/143 38/175/143
f 31/127/144 302/126/144 807/176/144 328/177/144
f 302/126/145 30/123/145 327/173/145 807/176/145
f 807/176/146 327/173/146 38/175/146 317/178/146
f 328/177/147 807/176/147 317/178/147 39/179/147
f 32/131/148 303/130/148 808/180/148 329/181/148
f 303/130/149 31/127/149 328/177/149 808/180/149
f 808/180/150 328/177/150 39/179/150 318/182/150
f 329/181/151 808/180/151 318/182/151 40/183/151
f 33/135/152 304/134/152 809/184/152 323/154/152
f 304/134/153 32/131/153 329/181/153 809/184/153
f 809/184/154 329/181/154 40/183/154 319/185/154
f 323/154/155 809/184/155 319/185/155 41/155/155
f 39/179/156 317/178/156 810/186/156 337/187/156
f 317/178/157 38/175/157 338/188/157 810/186/157
f 810/186/158 338/188/158 46/189/158 332/190/158
f 337/187/159 810/186/159 332/190/159 47/191/159
f 40/183/160 318/182/160 811/192/160 339/193/160
f 318/182/161 39/179/161 337/187/161 811/192/161
f 811/192/162 337/187/162 47/191/162 333/194/162
f 339/193/163 811/192/163 333/194/163 48/195/163
f 41/155/164 319/185/164 812/196/164 340/197/164
f 319/185/165 40/183/165 339/193/165 812/196/165
f 812/196/166 339/193/166 48/195/166 334/198/166
f 340/197/167 812/196/167 334/198/167 49/199/167
f 42/157/168 320/156/168 813/200/168 341/201/168
f 320/156/169 41/155/169 340/197/169 813/200/169
f 813/200/170 340/197/170 49/199/170 335/202/170
f 341/201/171 813/200/171 335/202/171 50/203/171
f 43/163/172 741/204/172 814/205/172 342/206/172
f 180/207/173 742/208/173 814/205/173 741/204/173
f 51/209/174 342/206/174 814/205/174 742/208/174
f 36/167/175 321/166/175 815/210/175 343/211/175
f 321/166/176 43/163/176 342/206/176 815/210/176
f 815/210/177 342/206/177 51/209/177 336/212/177
f 343/211/178 815/210/178 336/212/178 44/213/178
f 37/171/179 315/170/179 816/214/179 344/215/179
f 315/170/180 36/167/180 343/211/180 816/214/180
f 816/214/181 343/211/181 44/213/181 330/216/181
f 344/215/182 816/214/182 330/216/182 45/217/182
f 38/175/183 316/174/183 817/218/183 338/188/183
f 316/174/184 37/171/184 344/215/184 817/218/184
f 817/218/185 344/215/185 45/217/185 331/219/185
f 338/188/186 817/218/186 331/219/186 46/189/186
f 51/209/187 742/220/187 818/221/187 353/222/187
f 180/223/188 743/224/188 818/221/188 742/220/188
f 59/225/189 353/222/189 818/221/189 743/224/189
f 44/213/190 336/212/190 819/226/190 354/227/190
f 336/212/191 51/209/191 353/222/191 819/226/191
f 819/226/192 353/222/192 59/225/192 351/228/192
f 354/227/193 819/226/193 351/228/193 52/229/193
f 45/217/194 330/216/194 820/230/194 355/231/194
f 330/216/195 44/213/195 354/227/195 820/230/195
f 820/230/196 354/227/196 52/229/196 345/232/196
f 355/231/197 820/230/197 345/232/197 53/233/197
f 46/189/198 331/219/198 821/234/198 356/235/198
f 331/219/199 45/217/199 355/231/199 821/234/199
f 821/234/200 355/231/200 53/233/200 346/236/200
f 356/235/201 821/234/201 346/236/201 54/237/201
f 47/191/202 332/190/202 822/238/202 357/239/202
f 332/190/203 46/189/203 356/235/203 822/238/203
f 822/238/204 356/235/204 54/237/204 347/240/204
f 357/239/205 822/238/205 347/240/205 55/241/205
f 48/195/206 333/194/206 823/242/206 358/243/206
f 333/194/207 47/191/207 357/239/207 823/242/207
f 823/242/208 357/239/208 55/241/208 348/244/208
f 358/243/209 823/242/209 348/244/209 56/245/209
f 49/199/210 334/198/210 824/246/210 359/247/210
f 334/198/211 48/195/211 358/243/211 824/246/211
f 824/246/212 358/243/212 56/245/212 349/248/212
f 359/247/213 824/246/213 349/248/213 57/249/213
f 50/203/214 335/202/214 825/250/214 352/251/214
f 335/202/215 49/199/215 359/247/215 825/250/215
f 825/250/216 359/247/216 57/249/216 350/252/216
f 352/251/217 825/250/217 350/252/217 58/253/217
f 55/241/218 347/240/218 826/254/218 367/255/218
f 347/240/219 54/237/219 368/256/219 826/254/219
f 826/254/220 368/256/220 62/257/220 362/258/220
f 367/255/221 826/254/221 362/258/221 63/259/221
f 56/245/222 348/244/222 827/260/222 369/261/222
f 348/244/223 55/241/223 367/255/223 827/260/223
f 827/260/224 367/255/224 63/259/224 363/262/224
f 369/261/225 827/260/225 363/262/225 64/263/225
f 57/249/226 349/248/226 828/264/226 370/265/226
f 349/248/227 56/245/227 369/261/227 828/264/227
f 828/264/228 369/261/228 64/263/228 364/266/228
f 370/265/229 828/264/229 364/266/229 65/267/229
f 58/253/230 350/252/230 829/268/230 371/269/230
f 350/252/231 57/249/231 370/265/231 829/268/231
f 829/268/232 370/265/232 65/267/232 365/270/232
f 371/269/233 829/268/233 365/270/233 66/271/233
f 59/225/234 743/272/234 830/273/234 372/274/234
f 180/275/235 744/276/235 830/273/235 743/272/235
f 67/277/236 372/274/236 830/273/236 744/276/236
f 52/229/237 351/228/237 831/278/237 373/279/237
f 351/228/238 59/225/238 372/274/238 831/278/238
f 831/278/239 372/274/239 67/277/239 366/280/239
f 373/279/240 831/278/240 366/280/240 60/281/240
f 53/233/241 345/232/241 832/282/241 374/283/241
f 345/232/242 52/229/242 373/279/242 832/282/242
f 832/282/243 373/279/243 60/281/243 360/284/243
f 374/283/244 832/282/244 360/284/244 61/285/244
f 54/237/245 346/236/245 833/286/245 368/256/245
f 346/236/246 53/233/246 374/283/246 833/286/246
f 833/286/247 374/283/247 61/285/247 361/287/247
f 368/256/248 833/286/248 361/287/248 62/257/248
f 67/277/249 744/288/249 834/289/249 383/290/249
f 180/291/250 745/292/250 834/289/250 744/288/250
f 75/293/251 383/290/251 834/289/251 745/292/251
f 60/281/252 366/280/252 835/294/252 384/295/252
f 366/280/253 67/277/253 383/290/253 835/294/253
f 835/294/254 383/290/254 75/293/254 381/296/254
f 384/295/255 835/294/255 381/296/255 68/297/255
f 61/285/256 360/284/256 836/298/256 385/299/256
f 360/284/257 60/281/257 384/295/257 836/298/257
f 836/298/258 384/295/258 68/297/258 375/300/258
f 385/299/259 836/298/259 375/300/259 69/301/259
f 62/257/260 361/287/260 837/302/260 386/303/260
f 361/287/261 61/285/261 385/299/261 837/302/261
f 837/302/262 385/299/262 69/301/262 376/304/262
f 386/303/263 837/302/263 376/304/263 70/305/263
f 63/259/264 362/258/264 838/306/264 387/307/264
f 362/258/265 62/257/265 386/303/265 838/306/265
f 838/306/266 386/303/266 70/305/266 377/308/266
f 387/307/267 838/306/267 377/308/267 71/309/267
f 64/263/268 363/262/268 839/310/268 388/311/268
f 363/262/269 63/259/269 387/307/269 839/310/269
f 839/310/270 387/307/270 71/309/270 378/312/270
f 388/311/271 839/310/271 378/312/271 72/313/271
f 65/267/272 364/266/272 840/314/272 389/315/272
f 364/266/273 64/263/273 388/311/273 840/314/273
f 840/314/274 388/311/274 72/313/274 379/316/274
f 389/315/275 840/314/275 379/316/275 73/317/275
f 66/271/276 365/270/276 841/318/276 382/319/276
f 365/270/277 65/267/277 389/315/277 841/318/277
f 841/318/278 389/315/278 73/317/278 380/320/278
f 382/319/279 841/318/279 380/320/279 74/321/279
f 72/313/280 378/312/280 842/322/280 397/323/280
f 378/312/281 71/309/281 398/324/281 842/322/281
f 842/322/282 398/324/282 79/325/282 393/326/282
f 397/323/283 842/322/283 393/326/283 80/327/283
f 73/317/284 379/316/284 843/328/284 399/329/284
f 379/316/285 72/313/285 397/323/285 843/328/285
f 843/328/286 397/323/286 80/327/286 394/330/286
f 399/329/287 843/328/287 394/330/287 81/331/287
f 74/321/288 380/320/288 844/332/288 400/333/288
f 380/320/289 73/317/289 399/329/289 844/332/289
f 844/332/290 399/329/290 81/331/290 395/334/290
f 400/333/291 844/332/291 395/334/291 82/335/291
f 75/293/292 745/336/292 845/337/292 401/338/292
f 180/339/293 746/340/293 845/337/293 745/336/293
f 83/341/294 401/338/294 845/337/294 746/340/294
f 68/297/295 381/296/295 846/342/295 402/343/295
f 381/296/296 75/293/296 401/338/296 846/342/296
f 846/342/297 401/338/297 83/341/297 396/344/297
f 402/343/298 846/342/298 396/344/298 76/345/298
f 69/301/299 375/300/299 847/346/299 403/347/299
f 375/300/300 68/297/300 402/343/300 847/346/300
f 847/346/301 402/343/301 76/345/301 390/348/301
f 403/347/302 847/346/302 390/348/302 77/349/302
f 70/305/303 376/304/303 848/350/303 404/351/303
f 376/304/304 69/301/304 403/347/304 848/350/304
f 848/350/305 403/347/305 77/349/305 391/352/305
f 404/351/306 848/350/306 391/352/306 78/353/306
f 71/309/307 377/308/307 849/354/307 398/324/307
f 377/308/308 70/305/308 404/351/308 849/354/308
f 849/354/309 404/351/309 78/353/309 392/355/309
f 398/324/310 849/354/310 392/355/310 79/325/310
f 76/345/311 396/344/311 850/356/311 412/357/311
f 396/344/312 83/341/312 413/358/312 850/356/312
f 850/356/313 413/358/313 91/359/313 411/360/313
f 412/357/314 850/356/314 411/360/314 84/361/314
f 77/349/315 390/348/315 851/362/315 414/363/315
f 390/348/316 76/345/316 412/357/316 851/362/316
f 851/362/317 412/357/317 84/361/317 405/364/317
f 414/363/318 851/362/318 405/364/318 85/365/318
f 78/353/319 391/352/319 852/366/319 415/367/319
f 391/352/320 77/349/320 414/363/320 852/366/320
f 852/366/321 414/363/321 85/365/321 406/368/321
f 415/367/322 852/366/322 406/368/322 86/369/322
f 79/325/323 392/355/323 853/370/323 416/371/323
f 392/355/324 78/353/324 415/367/324 853/370/324
f 853/370/325 415/367/325 86/369/325 407/372/325
f 416/371/326 853/370/326 407/372/326 87/373/326
f 80/327/327 393/326/327 854/374/327 417/375/327
f 393/326/328 79/325/328 416/371/328 854/374/328
f 854/374/329 416/371/329 87/373/329 408/376/329
f 417/375/330 854/374/330 408/376/330 88/377/330
f 81/331/331 394/330/331 855/378/331 418/379/331
f 394/330/332 80/327/332 417/375/332 855/378/332
f 855/378/333 417/375/333 88/377/333 409/380/333
f 418/379/334 855/378/334 409/380/334 89/381/334
f 82/335/335 395/334/335 856/382/335 419/383/335
f 395/334/336 81/331/336 418/379/336 856/382/336
f 856/382/337 418/379/337 89/381/337 410/384/337
f 419/383/338 856/382/338 410/384/338 90/385/338
f 83/341/339 746/386/339 857/387/339 413/358/339
f 180/388/340 747/389/340 857/387/340 746/386/340
f 91/359/341 413/358/341 857/387/341 747/389/341
f 89/381/342 409/380/342 858/390/342 427/391/342
f 409/380/343 88/377/343 428/392/343 858/390/343
f 858/390/344 428/392/344 96/393/344 424/394/344
f 427/391/345 858/390/345 424/394/345 97/395/345
f 90/385/346 410/384/346 859/396/346 429/397/346
f 410/384/347 89/381/347 427/391/347 859/396/347
f 859/396/348 427/391/348 97/395/348 425/398/348
f 429/397/349 859/396/349 425/398/349 98/399/349
f 91/359/350 747/400/350 860/401/350 430/402/350
f 180/403/351 748/404/351 860/401/351 747/400/351
f 99/405/352 430/402/352 860/401/352 748/404/352
f 84/361/353 411/360/353 861/406/353 431/407/353
f 411/360/354 91/359/354 430/402/354 861/406/354
f 861/406/355 430/402/355 99/405/355 426/408/355
f 431/407/356 861/406/356 426/408/356 92/409/356
f 85/365/357 405/364/357 862/410/357 432/411/357
f 405/364/358 84/361/358 431/407/358 862/410/358
f 862/410/359 431/407/359 92/409/359 420/412/359
f 432/411/360 862/410/360 420/412/360 93/413/360
f 86/369/361 406/368/361 863/414/361 433/415/361
f 406/368/362 85/365/362 432/411/362 863/414/362
f 863/414/363 432/411/363 93/413/363 421/416/363
f 433/415/364 863/414/364 421/416/364 94/417/364
f 87/373/365 407/372/365 864/418/365 434/419/365
f 407/372/366 86/369/366 433/415/366 864/418/366
f 864/418/367 433/415/367 94/417/367 422/420/367
f 434/419/368 864/418/368 422/420/368 95/421/368
f 88/377/369 408/376/369 865/422/369 428/392/369
f 408/376/370 87/373/370 434/419/370 865/422/370
f 865/422/371 434/419/371 95/421/371 423/423/371
f 428/392/372 865/422/372 423/423/372 96/393/372
f 93/413/373 420/412/373 866/424/373 442/425/373
f 420/412/374 92/409/374 443/426/374 866/424/374
f 866/424/375 443/426/375 100/427/375 435/428/375
f 442/425/376 866/424/376 435/428/376 101/429/376
f 94/417/377 421/416/377 867/430/377 444/431/377
f 421/416/378 93/413/378 442/425/378 867/430/378
f 867/430/379 442/425/379 101/429/379 436/432/379
f 444/431/380 867/430/380 436/432/380 102/433/380
f 95/421/381 422/420/381 868/434/381 445/435/381
f 422/420/382 94/417/382 444/431/382 868/434/382
f 868/434/383 444/431/383 102/433/383 437/436/383
f 445/435/384 868/434/384 437/436/384 103/437/384
f 96/393/385 423/423/385 869/438/385 446/439/385
f 423/423/386 95/421/386 445/435/386 869/438/386
f 869/438/387 445/435/387 103/437/387 438/440/387
f 446/439/388 869/438/388 438/440/388 104/441/388
f 97/395/389 424/394/389 870/442/389 447/443/389
f 424/394/390 96/393/390 446/439/390 870/442/390
f 870/442/391 446/439/391 104/441/391 439/444/391
f 447/443/392 870/442/392 439/444/392 105/445/392
f 98/399/393 425/398/393 871/446/393 448/447/393
f 425/398/394 97/395/394 447/443/394 871/446/394
f 871/446/395 447/443/395 105/445/395 440/448/395
f 448/447/396 871/446/396 440/448/396 106/449/396
f 99/405/397 748/450/397 872/451/397 449/452/397
f 180/453/398 749/454/398 872/451/398 748/450/398
f 107/455/399 449/452/399 872/451/399 749/454/399
f 92/409/400 426/408/400 873/456/400 443/426/400
f 426/408/401 99/405/401 449/452/401 873/456/401
f 873/456/402 449/452/402 107/455/402 441/457/402
f 443/426/403 873/456/403 441/457/403 100/427/403
f 105/445/404 439/444/404 874/458/404 457/459/404
f 439/444/405 104/441/405 458/460/405 874/458/405
f 874/458/406 458/460/406 112/461/406 454/462/406
f 457/459/407 874/458/407 454/462/407 113/463/407
f 106/449/408 440/448/408 875/464/408 459/465/408
f 440/448/409 105/445/409 457/459/409 875/464/409
f 875/464/410 457/459/410 113/463/410 455/466/410
f 459/465/411 875/464/411 455/466/411 114/467/411
f 107/455/412 749/468/412 876/469/412 460/470/412
f 180/471/413 750/472/413 876/469/413 749/468/413
f 115/473/414 460/470/414 876/469/414 750/472/414
f 100/427/415 441/457/415 877/474/415 461/475/415
f 441/457/416 107/455/416 460/470/416 877/474/416
f 877/474/417 460/470/417 115/473/417 456/476/417
f 461/475/418 877/474/418 456/476/418 108/477/418
f 101/429/419 435/428/419 878/478/419 462/479/419
f 435/428/420 100/427/420 461/475/420 878/478/420
f 878/478/421 461/475/421 108/477/421 450/480/421
f 462/479/422 878/478/422 450/480/422 109/481/422
f 102/433/423 436/432/423 879/482/423 463/483/423
f 436/432/424 101/429/424 462/479/424 879/482/424
f 879/482/425 462/479/425 109/481/425 451/484/425
f 463/483/426 879/482/426 451/484/426 110/485/426
f 103/437/427 437/436/427 880/486/427 464/487/427
f 437/436/428 102/433/428 463/483/428 880/486/428
f 880/486/429 463/483/429 110/485/429 452/488/429
f 464/487/430 880/486/430 452/488/430 111/489/430
f 104/441/431 438/440/431 881/490/431 458/460/431
f 438/440/432 103/437/432 464/487/432 881/490/432
f 881/490/433 464/487/433 111/489/433 453/491/433
f 458/460/434 881/490/434 453/491/434 112/461/434
f 110/485/435 451/484/435 882/492/435 472/493/435
f 451/484/436 109/481/436 473/494/436 882/492/436
f 882/492/437 473/494/437 117/495/437 466/496/437
f 472/493/438 882/492/438 466/496/438 118/497/438
f 111/489/439 452/488/439 883/498/439 474/499/439
f 452/488/440 110/485/440 472/493/440 883/498/440
f 883/498/441 472/493/441 118/497/441 467/500/441
f 474/499/442 883/498/442 467/500/442 119/501/442
f 112/461/443 453/491/443 884/502/443 475/503/443
f 453/491/444 111/489/444 474/499/444 884/502/444
f 884/502/445 474/499/445 119/501/445 468/504/445
f 475/503/446 884/502/446 468/504/446 120/505/446
f 113/463/447 454/462/447 885/506/447 476/507/447
f 454/462/448 112/461/448 475/503/448 885/506/448
f 885/506/449 475/503/449 120/505/449 469/508/449
f 476/507/450 885/506/450 469/508/450 121/509/450
f 114/467/451 455/466/451 886/510/451 477/511/451
f 455/466/452 113/463/452 476/507/452 886/510/452
f 886/510/453 476/507/453 121/509/453 470/512/453
f 477/511/454 886/510/454 470/512/454 122/513/454
f 115/473/455 750/514/455 887/515/455 478/516/455
f 180/517/456 751/518/456 887/515/456 750/514/456
f 123/519/457 478/516/457 887/515/457 751/518/457
f 108/477/458 456/476/458 888/520/458 479/521/458
f 456/476/459 115/473/459 478/516/459 888/520/459
f 888/520/460 478/516/460 123/519/460 471/522/460
f 479/521/461 888/520/461 471/522/461 116/523/461
f 109/481/462 450/480/462 889/524/462 473/494/462
f 450/480/463 108/477/463 479/521/463 889/524/463
f 889/524/464 479/521/464 116/523/464 465/525/464
f 473/494/465 889/524/465 465/525/465 117/495/465
f 122/513/466 470/512/466 890/526/466 487/527/466
f 470/512/467 121/509/467 488/528/467 890/526/467
f 890/526/468 488/528/468 129/529/468 485/530/468
f 487/527/469 890/526/469 485/530/469 130/531/469
f 123/519/470 751/532/470 891/533/470 489/534/470
f 180/535/471 752/536/471 891/533/471 751/532/471
f 131/537/472 489/534/472 891/533/472 752/536/472
f 116/523/473 471/522/473 892/538/473 490/539/473
f 471/522/474 123/519/474 489/534/474 892/538/474
f 892/538/475 489/534/475 131/537/475 486/540/475
f 490/539/476 892/538/476 486/540/476 124/541/476
f 117/495/477 465/525/477 893/542/477 491/543/477
f 465/525/478 116/523/478 490/539/478 893/542/478
f 893/542/479 490/539/479 124/541/479 480/544/479
f 491/543/480 893/542/480 480/544/480 125/545/480
f 118/497/481 466/496/481 894/546/481 492/547/481
f 466/496/482 117/495/482 491/543/482 894/546/482
f 894/546/483 491/543/483 125/545/483 481/548/483
f 492/547/484 894/546/484 481/548/484 126/549/484
f 119/501/485 467/500/485 895/550/485 493/551/485
f 467/500/486 118/497/486 492/547/486 895/550/486
f 895/550/487 492/547/487 126/549/487 482/552/487
f 493/551/488 895/550/488 482/552/488 127/553/488
f 120/505/489 468/504/489 896/554/489 494/555/489
f 468/504/490 119/501/490 493/551/490 896/554/490
f 896/554/491 493/551/491 127/553/491 483/556/491
f 494/555/492 896/554/492 483/556/492 128/557/492
f 121/509/493 469/508/493 897/558/493 488/528/493
f 469/508/494 120/505/494 494/555/494 897/558/494
f 897/558/495 494/555/495 128/557/495 484/559/495
f 488/528/496 897/558/496 484/559/496 129/529/496
f 126/549/497 481/548/497 898/560/497 502/561/497
f 481/548/498 125/545/498 503/562/498 898/560/498
f 898/560/499 503/562/499 133/563/499 496/564/499
f 502/561/500 898/560/500 496/564/500 134/565/500
f 127/553/501 482/552/501 899/566/501 504/567/501
f 482/552/502 126/549/502 502/561/502 899/566/502
f 899/566/503 502/561/503 134/565/503 497/568/503
f 504/567/504 899/566/504 497/568/504 135/569/504
f 128/557/505 483/556/505 900/570/505 505/571/505
f 483/556/506 127/553/506 504/567/506 900/570/506
f 900/570/507 504/567/507 135/569/507 498/572/507
f 505/571/508 900/570/508 498/572/508 136/573/508
f 129/529/509 484/559/509 901/574/509 506/575/509
f 484/559/510 128/557/510 505/571/510 901/574/510
f 901/574/511 505/571/511 136/573/511 499/576/511
f 506/575/512 901/574/512 499/576/512 137/577/512
f 130/531/513 485/530/513 902/578/513 507/579/513
f 485/530/514 129/529/514 506/575/514 902/578/514
f 902/578/515 506/575/515 137/577/515 500/580/515
f 507/579/516 902/578/516 500/580/516 138/581/516
f 131/537/517 752/582/517 903/583/517 508/584/517
f 180/585/518 753/586/518 903/583/518 752/582/518
f 139/587/519 508/584/519 903/583/519 753/586/519
f 124/541/520 486/540/520 904/588/520 509/589/520
f 486/540/521 131/537/521 508/584/521 904/588/521
f 904/588/522 508/584/522 139/587/522 501/590/522
f 509/589/523 904/588/523 501/590/523 132/591/523
f 125/545/524 480/544/524 905/592/524 503/562/524
f 480/544/525 124/541/525 509/589/525 905/592/525
f 905/592/526 509/589/526 132/591/526 495/593/526
f 503/562/527 905/592/527 495/593/527 133/563/527
f 138/581/528 500/580/528 906/594/528 517/595/528
f 500/580/529 137/577/529 518/596/529 906/594/529
f 906/594/530 518/596/530 145/597/530 515/598/530
f 517/595/531 906/594/531 515/598/531 146/599/531
f 139/587/532 753/600/532 907/601/532 519/602/532
f 180/603/533 754/604/533 907/601/533 753/600/533
f 147/605/534 519/602/534 907/601/534 754/604/534
f 132/591/535 501/590/535 908/606/535 520/607/535
f 501/590/536 139/587/536 519/602/536 908/606/536
f 908/606/537 519/602/537 147/605/537 516/608/537
f 520/607/538 908/606/538 516/608/538 140/609/538
f 133/563/539 495/593/539 909/610/539 521/611/539
f 495/593/540 132/591/540 520/607/540 909/610/540
f 909/610/541 520/607/541 140/609/541 510/612/541
f 521/611/542 909/610/542 510/612/542 141/613/542
f 134/565/543 496/564/543 910/614/543 522/615/543
f 496/564/544 133/563/544 521/611/544 910/614/544
f 910/614/545 521/611/545 141/613/545 511/616/545
f 522/615/546 910/614/546 511/616/546 142/617/546
f 135/569/547 497/568/547 911/618/547 523/619/547
f 497/568/548 134/565/548 522/615/548 911/618/548
f 911/618/549 522/615/549 142/617/549 512/620/549
f 523/619/550 911/618/550 512/620/550 143/621/550
f 136/573/551 498/572/551 912/622/551 524/623/551
f 498/572/552 135/569/552 523/619/552 912/622/552
f 912/622/553 523/619/553 143/621/553 513/624/553
f 524/623/554 912/622/554 513/624/554 144/625/554
f 137/577/555 499/576/555 913/626/555 518/596/555
f 499/576/556 136/573/556 524/623/556 913/626/556
f 913/626/557 524/623/557 144/625/557 514/627/557
f 518/596/558 913/626/558 514/627/558 145/597/558
f 143/621/559 512/620/559 914/628/559 532/629/559
f 512/620/560 142/617/560 533/630/560 914/628/560
f 914/628/561 533/630/561 150/631/561 527/632/561
f 532/629/562 914/628/562 527/632/562 151/633/562
f 144/625/563 513/624/563 915/634/563 534/635/563
f 513/624/564 143/621/564 532/629/564 915/634/564
f 915/634/565 532/629/565 151/633/565 528/636/565
f 534/635/566 915/634/566 528/636/566 152/637/566
f 145/597/567 514/627/567 916/638/567 535/639/567
f 514/627/568 144/625/568 534/635/568 916/638/568
f 916/638/569 534/635/569 152/637/569 529/640/569
f 535/639/570 916/638/570 529/640/570 153/641/570
f 146/599/571 515/598/571 917/642/571 536/643/571
f 515/598/572 145/597/572 535/639/572 917/642/572
f 917/642/573 535/639/573 153/641/573 530/644/573
f 536/643/574 917/642/574 530/644/574 154/645/574
f 147/605/575 754/646/575 918/647/575 537/648/575
f 180/649/576 755/650/576 918/647/576 754/646/576
f 155/651/577 537/648/577 918/647/577 755/650/577
f 140/609/578 516/608/578 919/652/578 538/653/578
f 516/608/579 147/605/579 537/648/579 919/652/579
f 919/652/580 537/648/580 155/651/580 531/654/580
f 538/653/581 919/652/581 531/654/581 148/655/581
f 141/613/582 510/612/582 920/656/582 539/657/582
f 510/612/583 140/609/583 538/653/583 920/656/583
f 920/656/584 538/653/584 148/655/584 525/658/584
f 539/657/585 920/656/585 525/658/585 149/659/585
f 142/617/586 511/616/586 921/660/586 533/630/586
f 511/616/587 141/613/587 539/657/587 921/660/587
f 921/660/588 539/657/588 149/659/588 526/661/588
f 533/630/589 921/660/589 526/661/589 150/631/589
f 155/651/590 755/662/590 922/663/590 548/664/590
f 180/665/591 756/666/591 922/663/591 755/662/591
f 163/667/592 548/664/592 922/663/592 756/666/592
f 148/655/593 531/654/593 923/668/593 549/669/593
f 531/654/594 155/651/594 548/664/594 923/668/594
f 923/668/595 548/664/595 163/667/595 546/670/595
f 549/669/596 923/668/596 546/670/596 156/671/596
f 149/659/597 525/658/597 924/672/597 550/673/597
f 525/658/598 148/655/598 549/669/598 924/672/598
f 924/672/599 549/669/599 156/671/599 540/674/599
f 550/673/600 924/672/600 540/674/600 157/675/600
f 150/631/601 526/661/601 925/676/601 551/677/601
f 526/661/602 149/659/602 550/673/602 925/676/602
f 925/676/603 550/673/603 157/675/603 541/678/603
f 551/677/604 925/676/604 541/678/604 158/679/604
f 151/633/605 527/632/605 926/680/605 552/681/605
f 527/632/606 150/631/606 551/677/606 926/680/606
f 926/680/607 551/677/607 158/679/607 542/682/607
f 552/681/608 926/680/608 542/682/608 159/683/608
f 152/637/609 528/636/609 927/684/609 553/685/609
f 528/636/610 151/633/610 552/681/610 927/684/610
f 927/684/611 552/681/611 159/683/611 543/686/611
f 553/685/612 927/684/612 543/686/612 160/687/612
f 153/641/613 529/640/613 928/688/613 554/689/613
f 529/640/614 152/637/614 553/685/614 928/688/614
f 928/688/615 553/685/615 160/687/615 544/690/615
f 554/689/616 928/688/616 544/690/616 161/691/616
f 154/645/617 530/644/617 929/692/617 547/693/617
f 530/644/618 153/641/618 554/689/618 929/692/618
f 929/692/619 554/689/619 161/691/619 545/694/619
f 547/693/620 929/692/620 545/694/620 162/695/620
f 160/687/621 543/686/621 930/696/621 562/697/621
f 543/686/622 159/683/622 563/698/622 930/696/622
f 930/696/623 563/698/623 167/699/623 558/700/623
f 562/697/624 930/696/624 558/700/624 168/701/624
f 161/691/625 544/690/625 931/702/625 564/703/625
f 544/690/626 160/687/626 562/697/626 931/702/626
f 931/702/627 562/697/627 168/701/627 559/704/627
f 564/703/628 931/702/628 559/704/628 169/705/628
f 162/695/629 545/694/629 932/706/629 565/707/629
f 545/694/630 161/691/630 564/703/630 932/706/630
f 932/706/631 564/703/631 169/705/631 560/708/631
f 565/707/632 932/706/632 560/708/632 170/709/632
f 163/667/633 756/710/633 933/711/633 566/712/633
f 180/713/634 757/714/634 933/711/634 756/710/634
f 171/715/635 566/712/635 933/711/635 757/714/635
f 156/671/636 546/670/636 934/716/636 567/717/636
f 546/670/637 163/667/637 566/712/637 934/716/637
f 934/716/638 566/712/638 171/715/638 561/718/638
f 567/717/639 934/716/639 561/718/639 164/719/639
f 157/675/640 540/674/640 935/720/640 568/721/640
f 540/674/641 156/671/641 567/717/641 935/720/641
f 935/720/642 567/717/642 164/719/642 555/722/642
f 568/721/643 935/720/643 555/722/643 165/723/643
f 158/679/644 541/678/644 936/724/644 569/725/644
f 541/678/645 157/675/645 568/721/645 936/724/645
f 936/724/646 568/721/646 165/723/646 556/726/646
f 569/725/647 936/724/647 556/726/647 166/727/647
f 159/683/648 542/682/648 937/728/648 563/698/648
f 542/682/649 158/679/649 569/725/649 937/728/649
f 937/728/650 569/725/650 166/727/650 557/729/650
f 563/698/651 937/728/651 557/729/651 167/699/651
f 171/715/652 757/730/652 938/731/652 578/732/652
f 180/733/653 570/734/653 938/731/653 757/730/653
f 179/735/654 578/732/654 938/731/654 570/734/654
f 164/719/655 561/718/655 939/736/655 579/737/655
f 561/718/656 171/715/656 578/732/656 939/736/656
f 939/736/657 578/732/657 179/735/657 577/738/657
f 579/737/658 939/736/658 577/738/658 172/739/658
f 165/723/659 555/722/659 940/740/659 580/741/659
f 555/722/660 164/719/660 579/737/660 940/740/660
f 940/740/661 579/737/661 172/739/661 571/742/661
f 580/741/662 940/740/662 571/742/662 173/743/662
f 166/727/663 556/726/663 941/744/663 581/745/663
f 556/726/664 165/723/664 580/741/664 941/744/664
f 941/744/665 580/741/665 173/743/665 572/746/665
f 581/745/666 941/744/666 572/746/666 174/747/666
f 167/699/667 557/729/667 942/748/667 582/749/667
f 557/729/668 166/727/668 581/745/668 942/748/668
f 942/748/669 581/745/669 174/747/669 573/750/669
f 582/749/670 942/748/670 573/750/670 175/751/670
f 168/701/671 558/700/671 943/752/671 583/753/671
f 558/700/672 167/699/672 582/749/672 943/752/672
f 943/752/673 582/749/673 175/751/673 574/754/673
f 583/753/674 943/752/674 574/754/674 176/755/674
f 169/705/675 559/704/675 944/756/675 584/757/675
f 559/704/676 168/701/676 583/753/676 944/756/676
f 944/756/677 583/753/677 176/755/677 575/758/677
f 584/757/678 944/756/678 575/758/678 177/759/678
f 170/709/679 560/708/679 945/760/679 585/761/679
f 560/708/680 169/705/680 584/757/680 945/760/680
f 945/760/681 584/757/681 177/759/681 576/762/681
f 585/761/682 945/760/682 576/762/682 178/763/682
f 176/755/683 574/754/683 946/764/683 593/765/683
f 574/754/684 175/751/684 594/766/684 946/764/684
f 946/764/685 594/766/685 184/767/685 589/768/685
f 593/765/686 946/764/686 589/768/686 185/769/686
f 177/759/687 575/758/687 947/770/687 595/771/687
f 575/758/688 176/755/688 593/765/688 947/770/688
f 947/770/689 593/765/689 185/769/689 590/772/689
f 595/771/690 947/770/690 590/772/690 186/773/690
f 178/763/691 576/762/691 948/774/691 596/775/691
f 576/762/692 177/759/692 595/771/692 948/774/692
f 948/774/693 595/771/693 186/773/693 591/776/693
f 596/775/694 948/774/694 591/776/694 187/777/694
f 179/735/695 570/778/695 949/779/695 597/780/695
f 180/781/696 758/782/696 949/779/696 570/778/696
f 188/783/697 597/780/697 949/779/697 758/782/697
f 172/739/698 577/738/698 950/784/698 598/785/698
f 577/738/699 179/735/699 597/780/699 950/784/699
f 950/784/700 597/780/700 188/783/700 592/786/700
f 598/785/701 950/784/701 592/786/701 181/787/701
f 173/743/702 571/742/702 951/788/702 599/789/702
f 571/742/703 172/739/703 598/785/703 951/788/703
f 951/788/704 598/785/704 181/787/704 586/790/704
f 599/789/705 951/788/705 586/790/705 182/791/705
f 174/747/706 572/746/706 952/792/706 600/793/706
f 572/746/707 173/743/707 599/789/707 952/792/707
f 952/792/708 599/789/708 182/791/708 587/794/708
f 600/793/709 952/792/709 587/794/709 183/795/709
f 175/751/710 573/750/710 953/796/710 594/766/710
f 573/750/711 174/747/711 600/793/711 953/796/711
f 953/796/712 600/793/712 183/795/712 588/797/712
f 594/766/713 953/796/713 588/797/713 184/767/713
f 182/791/714 586/790/714 954/798/714 608/799/714
f 586/790/715 181/787/715 609/800/715 954/798/715
f 954/798/716 609/800/716 189/801/716 601/802/716
f 608/799/717 954/798/717 601/802/717 190/803/717
f 183/795/718 587/794/718 955/804/718 610/805/718
f 587/794/719 182/791/719 608/799/719 955/804/719
f 955/804/720 608/799/720 190/803/720 602/806/720
f 610/805/721 955/804/721 602/806/721 191/807/721
f 184/767/722 588/797/722 956/808/722 611/809/722
f 588/797/723 183/795/723 610/805/723 956/808/723
f 956/808/724 610/805/724 191/807/724 603/810/724
f 611/809/725 956/808/725 603/810/725 192/811/725
f 185/769/726 589/768/726 957/812/726 612/813/726
f 589/768/727 184/767/727 611/809/727 957/812/727
f 957/812/728 611/809/728 192/811/728 604/814/728
f 612/813/729 957/812/729 604/814/729 193/815/729
f 186/773/730 590/772/730 958/816/730 613/817/730
f 590/772/731 185/769/731 612/813/731 958/816/731
f 958/816/732 612/813/732 193/815/732 605/818/732
f 613/817/733 958/816/733 605/818/733 194/819/733
f 187/777/734 591/776/734 959/820/734 614/821/734
f 591/776/735 186/773/735 613/817/735 959/820/735
f 959/820/736 613/817/736 194/819/736 606/822/736
f 614/821/737 959/820/737 606/822/737 195/823/737
f 188/783/738 758/824/738 960/825/738 615/826/738
f 180/827/739 759/828/739 960/825/739 758/824/739
f 196/829/740 615/826/740 960/825/740 759/828/740
f 181/787/741 592/786/741 961/830/741 609/800/741
f 592/786/742 188/783/742 615/826/742 961/830/742
f 961/830/743 615/826/743 196/829/743 607/831/743
f 609/800/744 961/830/744 607/831/744 189/801/744
f 194/832/745 605/833/745 962/834/745 623/835/745
f 605/833/746 193/836/746 624/837/746 962/834/746
f 962/834/747 624/837/747 201/838/747 620/839/747
f 623/835/748 962/834/748 620/839/748 202/840/748
f 195/841/749 606/842/749 963/843/749 625/844/749
f 606/842/750 194/832/750 623/835/750 963/843/750
f 963/843/751 623/835/751 202/840/751 621/845/751
f 625/844/752 963/843/752 621/845/752 203/846/752
f 196/847/753 759/848/753 964/849/753 626/850/753
f 180/851/754 760/852/754 964/849/754 759/848/754
f 204/853/755 626/850/755 964/849/755 760/852/755
f 189/854/756 607/855/756 965/856/756 627/857/756
f 607/855/757 196/847/757 626/850/757 965/856/757
f 965/856/758 626/850/758 204/853/758 622/858/758
f 627/857/759 965/856/759 622/858/759 197/859/759
f 190/860/760 601/861/760 966/862/760 628/863/760
f 601/861/761 189/854/761 627/857/761 966/862/761
f 966/862/762 627/857/762 197/859/762 616/864/762
f 628/863/763 966/862/763 616/864/763 198/865/763
f 191/866/764 602/867/764 967/868/764 629/869/764
f 602/867/765 190/860/765 628/863/765 967/868/765
f 967/868/766 628/863/766 198/865/766 617/870/766
f 629/869/767 967/868/767 617/870/767 199/871/767
f 192/872/768 603/873/768 968/874/768 630/875/768
f 603/873/769 191/866/769 629/869/769 968/874/769
f 968/874/770 629/869/770 199/871/770 618/876/770
f 630/875/771 968/874/771 618/876/771 200/877/771
f 193/836/772 604/878/772 969/879/772 624/837/772
f 604/878/773 192/872/773 630/875/773 969/879/773
f 969/879/774 630/875/774 200/877/774 619/880/774
f 624/837/775 969/879/775 619/880/775 201/838/775
f 198/865/776 616/864/776 970/881/776 638/882/776
f 616/864/777 197/859/777 639/883/777 970/881/777
f 970/881/778 639/883/778 205/884/778 631/885/778
f 638/882/779 970/881/779 631/885/779 206/886/779
f 199/871/780 617/870/780 971/887/780 640/888/780
f 617/870/781 198/865/781 638/882/781 971/887/781
f 971/887/782 638/882/782 206/886/782 632/889/782
f 640/888/783 971/887/783 632/889/783 207/890/783
f 200/877/784 618/876/784 972/891/784 641/892/784
f 618/876/785 199/871/785 640/888/785 972/891/785
f 972/891/786 640/888/786 207/890/786 633/893/786
f 641/892/787 972/891/787 633/893/787 208/894/787
f 201/838/788 619/880/788 973/895/788 642/896/788
f 619/880/789 200/877/789 641/892/789 973/895/789
f 973/895/790 641/892/790 208/894/790 634/897/790
f 642/896/791 973/895/791 634/897/791 209/898/791
f 202/840/792 620/839/792 974/899/792 643/900/792
f 620/839/793 201/838/793 642/896/793 974/899/793
f 974/899/794 642/896/794 209/898/794 635/901/794
f 643/900/795 974/899/795 635/901/795 210/902/795
f 203/846/796 621/845/796 975/903/796 644/904/796
f 621/845/797 202/840/797 643/900/797 975/903/797
f 975/903/798 643/900/798 210/902/798 636/905/798
f 644/904/799 975/903/799 636/905/799 211/906/799
f 204/853/800 760/907/800 976/908/800 645/909/800
f 180/910/801 761/911/801 976/908/801 760/907/801
f 212/912/802 645/909/802 976/908/802 761/911/802
f 197/859/803 622/858/803 977/913/803 639/883/803
f 622/858/804 204/853/804 645/909/804 977/913/804
f 977/913/805 645/909/805 212/912/805 637/914/805
f 639/883/806 977/913/806 637/914/806 205/884/806
f 210/902/807 635/901/807 978/915/807 653/916/807
f 635/901/808 209/898/808 654/917/808 978/915/808
f 978/915/809 654/917/809 217/918/809 650/919/809
f 653/916/810 978/915/810 650/919/810 218/920/810
f 211/906/811 636/905/811 979/921/811 655/922/811
f 636/905/812 210/902/812 653/916/812 979/921/812
f 979/921/813 653/916/813 218/920/813 651/923/813
f 655/922/814 979/921/814 651/923/814 219/924/814
f 212/912/815 761/925/815 980/926/815 656/927/815
f 180/928/816 762/929/816 980/926/816 761/925/816
f 220/930/817 656/927/817 980/926/817 762/929/817
f 205/884/818 637/914/818 981/931/818 657/932/818
f 637/914/819 212/912/819 656/927/819 981/931/819
f 981/931/820 656/927/820 220/930/820 652/933/820
f 657/932/821 981/931/821 652/933/821 213/934/821
f 206/886/822 631/885/822 982/935/822 658/936/822
f 631/885/823 205/884/823 657/932/823 982/935/823
f 982/935/824 657/932/824 213/934/824 646/937/824
f 658/936/825 982/935/825 646/937/825 214/938/825
f 207/890/826 632/889/826 983/939/826 659/940/826
f 632/889/827 206/886/827 658/936/827 983/939/827
f 983/939/828 658/936/828 214/938/828 647/941/828
f 659/940/829 983/939/829 647/941/829 215/942/829
f 208/894/830 633/893/830 984/943/830 660/944/830
f 633/893/831 207/890/831 659/940/831 984/943/831
f 984/943/832 659/940/832 215/942/832 648/945/832
f 660/944/833 984/943/833 648/945/833 216/946/833
f 209/898/834 634/897/834 985/947/834 654/917/834
f 634/897/835 208/894/835 660/944/835 985/947/835
f 985/947/836 660/944/836 216/946/836 649/948/836
f 654/917/837 985/947/837 649/948/837 217/918/837
f 215/942/838 647/941/838 986/949/838 668/950/838
f 647/941/839 214/938/839 669/951/839 986/949/839
f 986/949/840 669/951/840 222/952/840 662/953/840
f 668/950/841 986/949/841 662/953/841 223/954/841
f 216/946/842 648/945/842 987/955/842 670/956/842
f 648/945/843 215/942/843 668/950/843 987/955/843
f 987/955/844 668/950/844 223/954/844 663/957/844
f 670/956/845 987/955/845 663/957/845 224/958/845
f 217/918/846 649/948/846 988/959/846 671/960/846
f 649/948/847 216/946/847 670/956/847 988/959/847
f 988/959/848 670/956/848 224/958/848 664/961/848
f 671/960/849 988/959/849 664/961/849 225/962/849
f 218/920/850 650/919/850 989/963/850 672/964/850
f 650/919/851 217/918/851 671/960/851 989/963/851
f 989/963/852 671/960/852 225/962/852 665/965/852
f 672/964/853 989/963/853 665/965/853 226/966/853
f 219/924/854 651/923/854 990/967/854 673/968/854
f 651/923/855 218/920/855 672/964/855 990/967/855
f 990/967/856 672/964/856 226/966/856 666/969/856
f 673/968/857 990/967/857 666/969/857 227/970/857
f 220/930/858 762/971/858 991/972/858 674/973/858
f 180/974/859 763/975/859 991/972/859 762/971/859
f 228/976/860 674/973/860 991/972/860 763/975/860
f 213/934/861 652/933/861 992/977/861 675/978/861
f 652/933/862 220/930/862 674/973/862 992/977/862
f 992/977/863 674/973/863 228/976/863 667/979/863
f 675/978/864 992/977/864 667/979/864 221/980/864
f 214/938/865 646/937/865 993/981/865 669/951/865
f 646/937/866 213/934/866 675/978/866 993/981/866
f 993/981/867 675/978/867 221/980/867 661/982/867
f 669/951/868 993/981/868 661/982/868 222/952/868
f 227/970/869 666/969/869 994/983/869 683/984/869
f 666/969/870 226/966/870 684/985/870 994/983/870
f 994/983/871 684/985/871 234/986/871 681/987/871
f 683/984/872 994/983/872 681/987/872 235/988/872
f 228/976/873 763/989/873 995/990/873 685/991/873
f 180/992/874 764/993/874 995/990/874 763/989/874
f 236/994/875 685/991/875 995/990/875 764/993/875
f 221/980/876 667/979/876 996/995/876 686/996/876
f 667/979/877 228/976/877 685/991/877 996/995/877
f 996/995/878 685/991/878 236/994/878 682/997/878
f 686/996/879 996/995/879 682/997/879 229/998/879
f 222/952/880 661/982/880 997/999/880 687/1000/880
f 661/982/881 221/980/881 686/996/881 997/999/881
f 997/999/882 686/996/882 229/998/882 676/1001/882
f 687/1000/883 997/999/883 676/1001/883 230/1002/883
f 223/954/884 662/953/884 998/1003/884 688/1004/884
f 662/953/885 222/952/885 687/1000/885 998/1003/885
f 998/1003/886 687/1000/886 230/1002/886 677/1005/886
f 688/1004/887 998/1003/887 677/1005/887 231/1006/887
f 224/958/888 663/957/888 999/1007/888 689/1008/888
f 663/957/889 223/954/889 688/1004/889 999/1007/889
f 999/1007/890 688/1004/890 231/1006/890 678/1009/890
f 689/1008/891 999/1007/891 678/1009/891 232/1010/891
f 225/962/892 664/961/892 1000/1011/892 690/1012/892
f 664/961/893 224/958/893 689/1008/893 1000/1011/893
f 1000/1011/894 689/1008/894 232/1010/894 679/1013/894
f 690/1012/895 1000/1011/895 679/1013/895 233/1014/895
f 226/966/896 665/965/896 1001/1015/896 684/985/896
f 665/965/897 225/962/897 690/1012/897 1001/1015/897
f 1001/1015/898 690/1012/898 233/1014/898 680/1016/898
f 684/985/899 1001/1015/899 680/1016/899 234/986/899
f 232/1010/900 678/1009/900 1002/1017/900 698/1018/900
f 678/1009/901 231/1006/901 699/1019/901 1002/1017/901
f 1002/1017/902 699/1019/902 239/1020/902 693/1021/902
f 698/1018/903 1002/1017/903 693/1021/903 240/1022/903
f 233/1014/904 679/1013/904 1003/1023/904 700/1024/904
f 679/1013/905 232/1010/905 698/1018/905 1003/1023/905
f 1003/1023/906 698/1018/906 240/1022/906 694/1025/906
f 700/1024/907 1003/1023/907 694/1025/907 241/1026/907
f 234/986/908 680/1016/908 1004/1027/908 701/1028/908
f 680/1016/909 233/1014/909 700/1024/909 1004/1027/909
f 1004/1027/910 700/1024/910 241/1026/910 695/1029/910
f 701/1028/911 1004/1027/911 695/1029/911 242/1030/911
f 235/988/912 681/987/912 1005/1031/912 702/1032/912
f 681/987/913 234/986/913 701/1028/913 1005/1031/913
f 1005/1031/914 701/1028/914 242/1030/914 696/1033/914
f 702/1032/915 1005/1031/915 696/1033/915 243/1034/915
f 236/994/916 764/1035/916 1006/1036/916 703/1037/916
f 180/1038/917 765/1039/917 1006/1036/917 764/1035/917
f 244/1040/918 703/1037/918 1006/1036/918 765/1039/918
f 229/998/919 682/997/919 1007/1041/919 704/1042/919
f 682/997/920 236/994/920 703/1037/920 1007/1041/920
f 1007/1041/921 703/1037/921 244/1040/921 697/1043/921
f 704/1042/922 1007/1041/922 697/1043/922 237/1044/922
f 230/1002/923 676/1001/923 1008/1045/923 705/1046/923
f 676/1001/924 229/998/924 704/1042/924 1008/1045/924
f 1008/1045/925 704/1042/925 237/1044/925 691/1047/925
f 705/1046/926 1008/1045/926 691/1047/926 238/1048/926
f 231/1006/927 677/1005/927 1009/1049/927 699/1019/927
f 677/1005/928 230/1002/928 705/1046/928 1009/1049/928
f 1009/1049/929 705/1046/929 238/1048/929 692/1050/929
f 699/1019/930 1009/1049/930 692/1050/930 239/1020/930
f 244/1040/931 765/1051/931 1010/1052/931 714/1053/931
f 180/1054/932 766/1055/932 1010/1052/932 765/1051/932
f 252/1056/933 714/1053/933 1010/1052/933 766/1055/933
f 237/1044/934 697/1043/934 1011/1057/934 715/1058/934
f 697/1043/935 244/1040/935 714/1053/935 1011/1057/935
f 1011/1057/936 714/1053/936 252/1056/936 712/1059/936
f 715/1058/937 1011/1057/937 712/1059/937 245/1060/937
f 238/1048/938 691/1047/938 1012/1061/938 716/1062/938
f 691/1047/939 237/1044/939 715/1058/939 1012/1061/939
f 1012/1061/940 715/1058/940 245/1060/940 706/1063/940
f 716/1062/941 1012/1061/941 706/1063/941 246/1064/941
f 239/1020/942 692/1050/942 1013/1065/942 717/1066/942
f 692/1050/943 238/1048/943 716/1062/943 1013/1065/943
f 1013/1065/944 716/1062/944 246/1064/944 707/1067/944
f 717/1066/945 1013/1065/945 707/1067/945 247/1068/945
f 240/1022/946 693/1021/946 1014/1069/946 718/1070/946
f 693/1021/947 239/1020/947 717/1066/947 1014/1069/947
f 1014/1069/948 717/1066/948 247/1068/948 708/1071/948
f 718/1070/949 1014/1069/949 708/1071/949 248/1072/949
f 241/1026/950 694/1025/950 1015/1073/950 719/1074/950
f 694/1025/951 240/1022/951 718/1070/951 1015/1073/951
f 1015/1073/952 718/1070/952 248/1072/952 709/1075/952
f 719/1074/953 1015/1073/953 709/1075/953 249/1076/953
f 242/1030/954 695/1029/954 1016/1077/954 720/1078/954
f 695/1029/955 241/1026/955 719/1074/955 1016/1077/955
f 1016/1077/956 719/1074/956 249/1076/956 710/1079/956
f 720/1078/957 1016/1077/957 710/1079/957 250/1080/957
f 243/1034/958 696/1033/958 1017/1081/958 713/1082/958
f 696/1033/959 242/1030/959 720/1078/959 1017/1081/959
f 1017/1081/960 720/1078/960 250/1080/960 711/1083/960
f 713/1082/961 1017/1081/961 711/1083/961 251/1084/961
f 248/1072/962 708/1071/962 1018/1085/962 767/1086/962
f 708/1071/963 247/1068/963 724/1087/963 1018/1085/963
f 1018/1085/964 724/1087/964 255/12/964 731/10/964
f 767/1086/965 1018/1085/965 731/10/965 10/5/965
f 249/1076/966 709/1075/966 1019/1088/966 768/1089/966
f 709/1075/967 248/1072/967 767/1086/967 1019/1088/967
f 1019/1088/968 767/1086/968 10/5/968 265/2/968
f 768/1089/969 1019/1088/969 265/2/969 9/1/969
f 250/1080/970 710/1079/970 1020/1090/970 769/1091/970
f 710/1079/971 249/1076/971 768/1089/971 1020/1090/971
f 1020/1090/972 768/1089/972 9/1/972 264/47/972
f 769/1091/973 1020/1090/973 264/47/973 8/42/973
f 251/1084/974 711/1083/974 1021/1092/974 725/1093/974
f 711/1083/975 250/1080/975 769/1091/975 1021/1092/975
f 1021/1092/976 769/1091/976 8/42/976 730/39/976
f 725/1093/977 1021/1092/977 730/39/977 256/38/977
f 252/1056/978 766/1094/978 1022/1095/978 726/1096/978
f 180/1097/979 732/1098/979 1022/1095/979 766/1094/979
f 257/30/980 726/1096/980 1022/1095/980 732/1098/980
f 245/1060/981 712/1059/981 1023/1099/981 727/1100/981
f 712/1059/982 252/1056/982 726/1096/982 1023/1099/982
f 1023/1099/983 726/1096/983 257/30/983 723/28/983
f 727/1100/984 1023/1099/984 723/28/984 253/24/984
f 246/1064/985 706/1063/985 1024/1101/985 728/1102/985
f 706/1063/986 245/1060/986 727/1100/986 1024/1101/986
f 1024/1101/987 727/1100/987 253/24/987 721/22/987
f 728/1102/988 1024/1101/988 721/22/988 254/18/988
f 247/1068/989 707/1067/989 1025/1103/989 724/1087/989
f 707/1067/990 246/1064/990 728/1102/990 1025/1103/990
f 1025/1103/991 728/1102/991 254/18/991 722/16/991
f 724/1087/992 1025/1103/992 722/16/992 255/12/992
g Cube_Cube
v 2.461588 1.089029 1.260231
v 1.645775 1.460630 0.500220
v 1.976817 0.803662 0.466370
v 2.120211 1.296625 0.070577
v 1.793997 1.312000 1.172144
v 2.578399 0.804665 0.683943
v 2.635445 1.123056 0.215674
v 2.124036 1.936680 0.556001
v 2.523171 1.790789 1.019595
v 2.751303 1.692508 0.554786
vn -0.6945 -0.3167 -0.6460
vn 0.0079 -0.6274 -0.7786
vn -0.3724 0.7440 0.5548
vn -0.6906 0.6589 0.2981
vn 0.9735 -0.1668 0.1566
vn -0.8869 -0.4519 0.0957
vn -0.2597 -0.8473 0.4632
vn 0.1949 -0.8220 -0.5351
vn -0.0160 0.3256 0.9454
vn 0.9012 0.0677 0.4280
vn 0.2910 0.5191 -0.8037
vn 0.3627 0.9317 -0.0190
vn -0.4548 0.5399 -0.7083
vt 0.550384 0.206938
vt 0.375000 0.305791
vt 0.375000 0.049496
vt 0.180791 0.500000
vt 0.330928 0.574320
vt 0.125000 0.700504
vt 0.804283 0.500000
vt 0.842867 0.681766
vt 0.658516 0.626313
vt 0.875000 0.500000
vt 0.501754 0.540833
vt 0.565165 0.799791
vt 0.325310 0.750000
vt 0.604031 0.069198
vt 0.375000 1.000000
vt 0.375000 0.799690
vt 0.578028 1.000000
vt 0.615335 0.592735
vt 0.589707 0.775249
vt 0.581909 0.353207
s 0
g Cube_Material
usemtl Material
f 1027/1104/993 1029/1105/993 1028/1106/993
f 1029/1107/994 1032/1108/994 1028/1109/994
f 1033/1110/995 1030/1111/995 1034/1112/995
f 1030/1111/996 1033/1110/996 1027/1113/996
f 1035/1114/997 1026/1115/997 1031/1116/997 1032/1108/997
f 1028/1106/998 1030/1117/998 1027/1104/998
f 1028/1118/999 1031/1119/999 1026/1115/999 1030/1120/999
f 1032/1108/1000 1031/1116/1000 1028/1109/1000
f 1034/1121/1001 1030/1111/1001 1026/1122/1001
f 1026/1115/1002 1035/1114/1002 1034/1121/1002
f 1035/1114/1003 1032/1108/1003 1029/1105/1003 1033/1123/1003
f 1035/1114/1004 1033/1123/1004 1034/1121/1004
f 1029/1105/1005 1027/1104/1005 1033/1123/1005
g Cube_Cube
v 1.238233 1.758670 1.062967
v 1.045817 2.035885 1.677298
v 1.195557 2.268722 1.336327
v 1.407188 2.190684 1.650311
v 0.925527 1.812644 1.342716
v 1.448285 2.081680 1.120225
v 1.626614 2.119756 1.406499
v 1.303658 1.732963 1.746730
v 1.373601 1.546676 1.428802
v 1.619531 1.729370 1.499017
vn -0.3281 0.8410 0.4302
vn 0.3242 0.9459 0.0166
vn -0.5275 -0.7785 0.3401
vn -0.6914 -0.4610 0.5562
vn 0.7645 -0.2618 -0.5891
vn -0.8603 0.5089 -0.0303
vn -0.5185 0.3698 -0.7710
vn 0.3561 0.8713 -0.3377
vn -0.4357 -0.8393 -0.3251
vn 0.5919 -0.5828 -0.5568
vn 0.6801 0.0738 0.7294
vn 0.4047 -0.7473 0.5269
vn -0.0168 0.2097 0.9776
vt 0.550384 0.206938
vt 0.375000 0.305791
vt 0.375000 0.049496
vt 0.180791 0.500000
vt 0.330928 0.574320
vt 0.125000 0.700504
vt 0.804283 0.500000
vt 0.842867 0.681766
vt 0.658516 0.626313
vt 0.875000 0.500000
vt 0.501754 0.540833
vt 0.565165 0.799791
vt 0.325310 0.750000
vt 0.604031 0.069198
vt 0.375000 1.000000
vt 0.375000 0.799690
vt 0.578028 1.000000
vt 0.615335 0.592735
vt 0.589707 0.775249
vt 0.581909 0.353207
s 0
g Cube_Material
usemtl Material
f 1037/1124/1006 1039/1125/1006 1038/1126/1006
f 1039/1127/1007 1042/1128/1007 1038/1129/1007
f 1043/1130/1008 1040/1131/1008 1044/1132/1008
f 1040/1131/1009 1043/1130/1009 1037/1133/1009
f 1045/1134/1010 1036/1135/1010 1041/1136/1010 1042/1128/1010
f 1038/1126/1011 1040/1137/1011 1037/1124/1011
f 1038/1138/1012 1041/1139/1012 1036/1135/1012 1040/1140/1012
f 1042/1128/1013 1041/1136/1013 1038/1129/1013
f 1044/1141/1014 1040/1131/1014 1036/1142/1014
f 1036/1135/1015 1045/1134/1015 1044/1141/1015
f 1045/1134/1016 1042/1128/1016 1039/1125/1016 1043/1143/1016
f 1045/1134/1017 1043/1143/1017 1044/1141/1017
f 1039/1125/1018 1037/1124/1018 1043/1143/1018
g Cube_Cube
v -0.949824 1.623840 -1.981122
v 0.263086 1.033214 -2.052235
v -0.016359 1.471678 -1.384212
v 0.483933 1.736387 -1.868858
v -0.538659 0.925601 -2.071786
v -0.473473 2.020875 -1.557873
v 0.085556 2.243111 -1.814912
v 0.158424 1.467007 -2.689919
v -0.520631 1.713579 -2.715940
v -0.150041 2.162066 -2.547081
vn 0.7396 -0.3776 0.5572
vn 0.5491 0.3509 0.7585
vn -0.1952 -0.6180 -0.7615
vn 0.1228 -0.8111 -0.5719
vn -0.5077 0.8604 -0.0432
vn 0.0952 -0.8135 0.5738
vn -0.5462 -0.3289 0.7703
vn 0.2170 0.4539 0.8643
vn -0.7734 -0.3906 -0.4994
vn -0.6721 0.6722 -0.3105
vn 0.7636 0.5133 -0.3917
vn 0.1290 0.2542 -0.9585
vn 0.9301 -0.2143 -0.2984
vt 0.550384 0.206938
vt 0.375000 0.305791
vt 0.375000 0.049496
vt 0.180791 0.500000
vt 0.330928 0.574320
vt 0.125000 0.700504
vt 0.804283 0.500000
vt 0.842867 0.681766
vt 0.658516 0.626313
vt 0.875000 0.500000
vt 0.501754 0.540833
vt 0.565165 0.799791
vt 0.325310 0.750000
vt 0.604031 0.069198
vt 0.375000 1.000000
vt 0.375000 0.799690
vt 0.578028 1.000000
vt 0.615335 0.592735
vt 0.589707 0.775249
vt 0.581909 0.353207
s 0
g Cube_Material
usemtl Material
f 1047/1144/1019 1049/1145/1019 1048/1146/1019
f 1049/1147/1020 1052/1148/1020 1048/1149/1020
f 1053/1150/1021 1050/1151/1021 1054/1152/1021
f 1050/1151/1022 1053/1150/1022 1047/1153/1022
f 1055/1154/1023 1046/1155/1023 1051/1156/1023 1052/1148/1023
f 1048/1146/1024 1050/1157/1024 1047/1144/1024
f 1048/1158/1025 1051/1159/1025 1046/1155/1025 1050/1160/1025
f 1052/1148/1026 1051/1156/1026 1048/1149/1026
f 1054/1161/1027 1050/1151/1027 1046/1162/1027
f 1046/1155/1028 1055/1154/1028 1054/1161/1028
f 1055/1154/1029 1052/1148/1029 1049/1145/1029 1053/1163/1029
f 1055/1154/1030 1053/1163/1030 1054/1161/1030
f 1049/1145/1031 1047/1144/1031 1053/1163/1031
g Cube_Cube
v -1.098179 1.801721 -1.689703
v -0.288154 2.086663 -1.669201
v -0.552496 1.954871 -2.119122
v -0.219271 1.681401 -1.922586
v -0.779823 2.188889 -1.557442
v -0.866049 1.612877 -2.061613
v -0.511867 1.403323 -2.001242
v -0.333541 1.713310 -1.347605
v -0.775080 1.592998 -1.304954
v -0.591772 1.332317 -1.521276
vn 0.6999 0.4604 -0.5461
vn 0.3981 -0.1636 -0.9026
vn -0.0173 0.3900 0.9207
vn 0.2939 0.6030 0.7416
vn -0.5977 -0.7943 -0.1090
vn 0.1163 0.9327 -0.3415
vn -0.5992 0.5762 -0.5559
vn 0.0450 -0.2056 -0.9776
vn -0.6481 0.2927 0.7031
vn -0.7015 -0.6773 0.2217
vn 0.7410 -0.6621 0.1119
vn 0.2225 -0.5252 0.8214
vn 0.9803 0.0464 0.1922
vt 0.550384 0.206938
vt 0.375000 0.305791
vt 0.375000 0.049496
vt 0.180791 0.500000
vt 0.330928 0.574320
vt 0.125000 0.700504
vt 0.804283 0.500000
vt 0.842867 0.681766
vt 0.658516 0.626313
vt 0.875000 0.500000
vt 0.501754 0.540833
vt 0.565165 0.799791
vt 0.325310 0.750000
vt 0.604031 0.069198
vt 0.375000 1.000000
vt 0.375000 0.799690
vt 0.578028 1.000000
vt 0.615335 0.592735
vt 0.589707 0.775249
vt 0.581909 0.353207
s 0
g Cube_Material
usemtl Material
f 1057/1164/1032 1059/1165/1032 1058/1166/1032
f 1059/1167/1033 1062/1168/1033 1058/1169/1033
f 1063/1170/1034 1060/1171/1034 1064/1172/1034
f 1060/1171/1035 1063/1170/1035 1057/1173/1035
f 1065/1174/1036 1056/1175/1036 1061/1176/1036 1062/1168/1036
f 1058/1166/1037 1060/1177/1037 1057/1164/1037
f 1058/1178/1038 1061/1179/1038 1056/1175/1038 1060/1180/1038
f 1062/1168/1039 1061/1176/1039 1058/1169/1039
f 1064/1181/1040 1060/1171/1040 1056/1182/1040
f 1056/1175/1041 1065/1174/1041 1064/1181/1041
f 1065/1174/1042 1062/1168/1042 1059/1165/1042 1063/1183/1042
f 1065/1174/1043 1063/1183/1043 1064/1181/1043
f 1059/1165/1044 1057/1164/1044 1063/1183/1044
g Cube_Cube
v -1.470863 1.176314 1.129673
v -1.314594 2.231430 0.410206
v -1.363144 2.232542 1.214939
v -1.893532 2.438875 0.791001
v -1.024773 1.546854 0.613251
v -1.770162 1.725809 1.475708
v -2.195862 2.079626 1.189763
v -1.887400 1.843946 0.143399
v -1.928708 1.232896 0.457885
v -2.338008 1.582949 0.664762
vn 0.3487 0.9370 0.0197
vn -0.1631 0.7913 0.5892
vn 0.3014 -0.4524 -0.8394
vn 0.4589 -0.0685 -0.8858
vn -0.6371 -0.5474 0.5426
vn 0.9136 0.4030 0.0546
vn 0.7369 -0.1287 0.6636
vn -0.1227 0.5303 0.8389
vn 0.3594 -0.8770 -0.3188
vn -0.5307 -0.7947 0.2947
vn -0.8110 0.4721 -0.3454
vn -0.6312 -0.3208 -0.7061
vn -0.1791 0.7237 -0.6665
vt 0.550384 0.206938
vt 0.375000 0.305791
vt 0.375000 0.049496
vt 0.180791 0.500000
vt 0.330928 0.574320
vt 0.125000 0.700504
vt 0.804283 0.500000
vt 0.842867 0.681766
vt 0.658516 0.626313
vt 0.875000 0.500000
vt 0.501754 0.540833
vt 0.565165 0.799791
vt 0.325310 0.750000
vt 0.604031 0.069198
vt 0.375000 1.000000
vt 0.375000 0.799690
vt 0.578028 1.000000
vt 0.615335 0.592735
vt 0.589707 0.775249
vt 0.581909 0.353207
s 0
g Cube_Material
usemtl Material
f 1067/1184/1045 1069/1185/1045 1068/1186/1045
f 1069/1187/1046 1072/1188/1046 1068/1189/1046
f 1073/1190/1047 1070/1191/1047 1074/1192/1047
f 1070/1191/1048 1073/1190/1048 1067/1193/1048
f 1075/1194/1049 1066/1195/1049 1071/1196/1049 1072/1188/1049
f 1068/1186/1050 1070/1197/1050 1067/1184/1050
f 1068/1198/1051 1071/1199/1051 1066/1195/1051 1070/1200/1051
f 1072/1188/1052 1071/1196/1052 1068/1189/1052
f 1074/1201/1053 1070/1191/1053 1066/1202/1053
f 1066/1195/1054 1075/1194/1054 1074/1201/1054
f 1075/1194/1055 1072/1188/1055 1069/1185/1055 1073/1203/1055
f 1075/1194/1056 1073/1203/1056 1074/1201/1056
f 1069/1185/1057 1067/1184/1057 1073/1203/1057
g Cube_Cube
v 0.983739 1.454715 -2.225032
v 0.747452 2.332229 -1.177609
v 0.866243 1.476643 -1.083266
v 0.182149 1.815104 -1.033337
v 1.248692 2.130543 -1.808455
v 0.619633 1.067010 -1.667323
v 0.038060 1.297063 -1.422823
v 0.191215 2.447402 -1.739397
v 0.357304 2.057853 -2.348734
v -0.102920 1.774297 -2.041375
vn 0.1346 0.1270 0.9827
vn -0.2125 -0.5488 0.8085
vn 0.2226 0.8478 -0.4813
vn 0.2811 0.9561 -0.0823
vn -0.3852 -0.7071 -0.5930
vn 0.7973 0.1744 0.5778
vn 0.8622 -0.4969 0.0983
vn -0.0687 -0.8029 0.5921
vn 0.4715 0.3213 -0.8212
vn -0.2781 -0.4616 -0.8423
vn -0.9454 0.1973 0.2594
vn -0.6721 0.5270 -0.5201
vn -0.4579 0.6652 0.5898
vt 0.550384 0.206938
vt 0.375000 0.305791
vt 0.375000 0.049496
vt 0.180791 0.500000
vt 0.330928 0.574320
vt 0.125000 0.700504
vt 0.804283 0.500000
vt 0.842867 0.681766
vt 0.658516 0.626313
vt 0.875000 0.500000
vt 0.501754 0.540833
vt 0.565165 0.799791
vt 0.325310 0.750000
vt 0.604031 0.069198
vt 0.375000 1.000000
vt 0.375000 0.799690
vt 0.578028 1.000000
vt 0.615335 0.592735
vt 0.589707 0.775249
vt 0.581909 0.353207
s 0
g Cube_Material
usemtl Material
f 1077/1204/1058 1079/1205/1058 1078/1206/1058
f 1079/1207/1059 1082/1208/1059 1078/1209/1059
f 1083/1210/1060 1080/1211/1060 1084/1212/1060
f 1080/1211/1061 1083/1210/1061 1077/1213/1061
f 1085/1214/1062 1076/1215/1062 1081/1216/1062 1082/1208/1062
f 1078/1206/1063 1080/1217/1063 1077/1204/1063
f 1078/1218/1064 1081/1219/1064 1076/1215/1064 1080/1220/1064
f 1082/1208/1065 1081/1216/1065 1078/1209/1065
f 1084/1221/1066 1080/1211/1066 1076/1222/1066
f 1076/1215/1067 1085/1214/1067 1084/1221/1067
f 1085/1214/1068 1082/1208/1068 1079/1205/1068 1083/1223/1068
f 1085/1214/1069 1083/1223/1069 1084/1221/1069
f 1079/1205/1070 1077/1204/1070 1083/1223/1070
g Cube_Cube
v 1.058578 2.658335 0.520785
v 0.981035 1.903359 1.011321
v 0.958370 1.920761 0.445788
v 0.556632 1.862554 0.735037
v 1.294842 2.325032 0.882120
v 0.767933 2.337315 0.266432
v 0.415053 2.162842 0.457566
v 0.650731 2.259390 1.198928
v 0.727858 2.687181 0.987075
v 0.393315 2.518750 0.832399
vn 0.1184 -0.9923 -0.0353
vn -0.3339 -0.7198 -0.6086
vn 0.3836 0.3534 0.8532
vn 0.4453 -0.0577 0.8935
vn -0.4798 0.6920 -0.5394
vn 0.7937 -0.6062 -0.0505
vn 0.7589 -0.0370 -0.6502
vn -0.2284 -0.4712 -0.8519
vn 0.5499 0.7616 0.3429
vn -0.3228 0.9026 -0.2848
vn -0.9058 -0.2735 0.3236
vn -0.5511 0.4480 0.7040
vn -0.3571 -0.6728 0.6480
vt 0.550384 0.206938
vt 0.375000 0.305791
vt 0.375000 0.049496
vt 0.180791 0.500000
vt 0.330928 0.574320
vt 0.125000 0.700504
vt 0.804283 0.500000
vt 0.842867 0.681766
vt 0.658516 0.626313
vt 0.875000 0.500000
vt 0.501754 0.540833
vt 0.565165 0.799791
vt 0.325310 0.750000
vt 0.604031 0.069198
vt 0.375000 1.000000
vt 0.375000 0.799690
vt 0.578028 1.000000
vt 0.615335 0.592735
vt 0.589707 0.775249
vt 0.581909 0.353207
s 0
g Cube_Material
usemtl Material
f 1087/1224/1071 1089/1225/1071 1088/1226/1071
f 1089/1227/1072 1092/1228/1072 1088/1229/1072
f 1093/1230/1073 1090/1231/1073 1094/1232/1073
f 1090/1231/1074 1093/1230/1074 1087/1233/1074
f 1095/1234/1075 1086/1235/1075 1091/1236/1075 1092/1228/1075
f 1088/1226/1076 1090/1237/1076 1087/1224/1076
f 1088/1238/1077 1091/1239/1077 1086/1235/1077 1090/1240/1077
f 1092/1228/1078 1091/1236/1078 1088/1229/1078
f 1094/1241/1079 1090/1231/1079 1086/1242/1079
f 1086/1235/1080 1095/1234/1080 1094/1241/1080
f 1095/1234/1081 1092/1228/1081 1089/1225/1081 1093/1243/1081
f 1095/1234/1082 1093/1243/1082 1094/1241/1082
f 1089/1225/1083 1087/1224/1083 1093/1243/1083
g Cube_Cube
v -0.997271 2.398173 0.727102
v -1.102840 1.541025 1.046804
v -1.249208 2.017430 1.337664
v -0.835070 1.742291 1.441571
v -1.235308 1.901706 0.651061
v -0.959571 2.414032 1.237258
v -0.668012 2.150293 1.447741
v -0.604553 1.598270 0.873829
v -0.553386 2.029634 0.641144
v -0.381375 2.054600 1.015739
vn -0.5295 -0.5546 0.6419
vn -0.2005 0.0673 0.9774
vn 0.0774 -0.4804 -0.8736
vn -0.1362 -0.7545 -0.6420
vn 0.5393 0.8410 0.0429
vn -0.9495 -0.3121 0.0334
vn -0.8608 0.5075 -0.0387
vn -0.2594 0.4108 0.8741
vn -0.0468 0.1731 -0.9838
vn 0.5702 0.7597 -0.3125
vn 0.7575 -0.4267 0.4941
vn 0.8721 -0.3084 -0.3799
vn 0.2177 -0.9213 0.3221
vt 0.550384 0.206938
vt 0.375000 0.305791
vt 0.375000 0.049496
vt 0.180791 0.500000
vt 0.330928 0.574320
vt 0.125000 0.700504
vt 0.804283 0.500000
vt 0.842867 0.681766
vt 0.658516 0.626313
vt 0.875000 0.500000
vt 0.501754 0.540833
vt 0.565165 0.799791
vt 0.325310 0.750000
vt 0.604031 0.069198
vt 0.375000 1.000000
vt 0.375000 0.799690
vt 0.578028 1.000000
vt 0.615335 0.592735
vt 0.589707 0.775249
vt 0.581909 0.353207
s 0
g Cube_Material
usemtl Material
f 1097/1244/1084 1099/1245/1084 1098/1246/1084
f 1099/1247/1085 1102/1248/1085 1098/1249/1085
f 1103/1250/1086 1100/1251/1086 1104/1252/1086
f 1100/1251/1087 1103/1250/1087 1097/1253/1087
f 1105/1254/1088 1096/1255/1088 1101/1256/1088 1102/1248/1088
f 1098/1246/1089 1100/1257/1089 1097/1244/1089
f 1098/1258/1090 1101/1259/1090 1096/1255/1090 1100/1260/1090
f 1102/1248/1091 1101/1256/1091 1098/1249/1091
f 1104/1261/1092 1100/1251/1092 1096/1262/1092
f 1096/1255/1093 1105/1254/1093 1104/1261/1093
f 1105/1254/1094 1102/1248/1094 1099/1245/1094 1103/1263/1094
f 1105/1254/1095 1103/1263/1095 1104/1261/1095
f 1099/1245/1096 1097/1244/1096 1103/1263/1096
g Cube_Cube
v -0.139149 1.185566 -1.468338
v -0.187310 2.042871 -1.081793
v -0.549717 1.847269 -1.504359
v -0.163316 2.183177 -1.591700
v -0.211642 1.486614 -0.991769
v -0.331943 1.514039 -1.827235
v -0.104755 1.894897 -1.933371
v 0.323482 1.951499 -1.240098
v 0.377369 1.472557 -1.387113
v 0.362544 1.722761 -1.726940
vn -0.6218 0.7621 0.1805
vn -0.6087 0.5519 -0.5700
vn 0.5441 -0.1897 0.8173
vn 0.3157 0.1381 0.9388
vn 0.2763 -0.5363 -0.7975
vn -0.7819 0.1328 0.6091
vn -0.8476 -0.5202 0.1050
vn -0.6893 0.2187 -0.6907
vn 0.3430 -0.7697 0.5384
vn 0.4729 -0.6996 -0.5357
vn 0.5448 0.7388 -0.3968
vn 0.9943 0.1021 0.0318
vn 0.2495 0.9306 0.2678
vt 0.550384 0.206938
vt 0.375000 0.305791
vt 0.375000 0.049496
vt 0.180791 0.500000
vt 0.330928 0.574320
vt 0.125000 0.700504
vt 0.804283 0.500000
vt 0.842867 0.681766
vt 0.658516 0.626313
vt 0.875000 0.500000
vt 0.501754 0.540833
vt 0.565165 0.799791
vt 0.325310 0.750000
vt 0.604031 0.069198
vt 0.375000 1.000000
vt 0.375000 0.799690
vt 0.578028 1.000000
vt 0.615335 0.592735
vt 0.589707 0.775249
vt 0.581909 0.353207
s 0
g Cube_Material
usemtl Material
f 1107/1264/1097 1109/1265/1097 1108/1266/1097
f 1109/1267/1098 1112/1268/1098 1108/1269/1098
f 1113/1270/1099 1110/1271/1099 1114/1272/1099
f 1110/1271/1100 1113/1270/1100 1107/1273/1100
f 1115/1274/1101 1106/1275/1101 1111/1276/1101 1112/1268/1101
f 1108/1266/1102 1110/1277/1102 1107/1264/1102
f 1108/1278/1103 1111/1279/1103 1106/1275/1103 1110/1280/1103
f 1112/1268/1104 1111/1276/1104 1108/1269/1104
f 1114/1281/1105 1110/1271/1105 1106/1282/1105
f 1106/1275/1106 1115/1274/1106 1114/1281/1106
f 1115/1274/1107 1112/1268/1107 1109/1265/1107 1113/1283/1107
f 1115/1274/1108 1113/1283/1108 1114/1281/1108
f 1109/1265/1109 1107/1264/1109 1113/1283/1109
g Cube_Cube
v 1.661430 0.629588 0.756926
v 1.811441 1.381712 -0.212137
v 2.193061 1.451057 0.458113
v 1.677716 1.858172 0.275550
v 1.855707 0.686825 0.039065
v 1.841474 1.248317 0.994571
v 1.529155 1.733055 0.834474
v 1.116018 1.329432 -0.068647
v 1.011300 0.864015 0.389334
v 0.963719 1.364886 0.621666
vn 0.6481 0.6259 -0.4338
vn 0.5169 0.7958 0.3155
vn -0.4118 -0.5904 -0.6941
vn -0.1648 -0.3446 -0.9242
vn -0.4011 -0.1120 0.9092
vn 0.8681 -0.1189 -0.4820
vn 0.8495 -0.4492 0.2766
vn 0.5752 0.5657 0.5908
vn -0.2611 -0.9541 -0.1467
vn -0.5559 -0.3927 0.7327
vn -0.5941 0.7998 -0.0857
vn -0.9764 0.0073 -0.2158
vn -0.1976 0.6736 -0.7122
vt 0.550384 0.206938
vt 0.375000 0.305791
vt 0.375000 0.049496
vt 0.180791 0.500000
vt 0.330928 0.574320
vt 0.125000 0.700504
vt 0.804283 0.500000
vt 0.842867 0.681766
vt 0.658516 0.626313
vt 0.875000 0.500000
vt 0.501754 0.540833
vt 0.565165 0.799791
vt 0.325310 0.750000
vt 0.604031 0.069198
vt 0.375000 1.000000
vt 0.375000 0.799690
vt 0.578028 1.000000
vt 0.615335 0.592735
vt 0.589707 0.775249
vt 0.581909 0.353207
s 0
g Cube_Material
usemtl Material
f 1117/1284/1110 1119/1285/1110 1118/1286/1110
f 1119/1287/1111 1122/1288/1111 1118/1289/1111
f 1123/1290/1112 1120/1291/1112 1124/1292/1112
f 1120/1291/1113 1123/1290/1113 1117/1293/1113
f 1125/1294/1114 1116/1295/1114 1121/1296/1114 1122/1288/1114
f 1118/1286/1115 1120/1297/1115 1117/1284/1115
f 1118/1298/1116 1121/1299/1116 1116/1295/1116 1120/1300/1116
f 1122/1288/1117 1121/1296/1117 1118/1289/1117
f 1124/1301/1118 1120/1291/1118 1116/1302/1118
f 1116/1295/1119 1125/1294/1119 1124/1301/1119
f 1125/1294/1120 1122/1288/1120 1119/1285/1120 1123/1303/1120
f 1125/1294/1121 1123/1303/1121 1124/1301/1121
f 1119/1285/1122 1117/1284/1122 1123/1303/1122
g Cube_Cube
v 0.461500 1.976815 -0.151891
v -0.639452 2.616302 -0.701021
v -0.504656 2.517287 0.151573
v -1.010640 2.103780 -0.245805
v 0.188011 2.606399 -0.630609
v -0.131849 1.886163 0.331359
v -0.710588 1.629040 0.108219
v -0.554811 1.903867 -1.052332
v 0.083609 1.588848 -0.843287
v -0.388874 1.315017 -0.545998
vn -0.7067 0.6813 0.1908
vn -0.6720 0.1201 0.7307
vn 0.3748 0.1527 -0.9145
vn 0.0811 0.4485 -0.8901
vn 0.3438 -0.8299 0.4395
vn 0.0021 0.9934 0.1150
vn 0.5231 0.5896 0.6154
vn -0.3756 0.0419 0.9258
vn 0.8747 0.0115 -0.4845
vn 0.5639 -0.8125 0.1477
vn -0.8048 -0.5442 -0.2369
vn -0.0837 -0.6631 -0.7438
vn -0.8434 0.1536 -0.5148
vt 0.550384 0.206938
vt 0.375000 0.305791
vt 0.375000 0.049496
vt 0.180791 0.500000
vt 0.330928 0.574320
vt 0.125000 0.700504
vt 0.804283 0.500000
vt 0.842867 0.681766
vt 0.658516 0.626313
vt 0.875000 0.500000
vt 0.501754 0.540833
vt 0.565165 0.799791
vt 0.325310 0.750000
vt 0.604031 0.069198
vt 0.375000 1.000000
vt 0.375000 0.799690
vt 0.578028 1.000000
vt 0.615335 0.592735
vt 0.589707 0.775249
vt 0.581909 0.353207
s 0
g Cube_Material
usemtl Material
f 1127/1304/1123 1129/1305/1123 1128/1306/1123
f 1129/1307/1124 1132/1308/1124 1128/1309/1124
f 1133/1310/1125 1130/1311/1125 1134/1312/1125
f 1130/1311/1126 1133/1310/1126 1127/1313/1126
f 1135/1314/1127 1126/1315/1127 1131/1316/1127 1132/1308/1127
f 1128/1306/1128 1130/1317/1128 1127/1304/1128
f 1128/1318/1129 1131/1319/1129 1126/1315/1129 1130/1320/1129
f 1132/1308/1130 1131/1316/1130 1128/1309/1130
f 1134/1321/1131 1130/1311/1131 1126/1322/1131
f 1126/1315/1132 1135/1314/1132 1134/1321/1132
f 1135/1314/1133 1132/1308/1133 1129/1305/1133 1133/1323/1133
f 1135/1314/1134 1133/1323/1134 1134/1321/1134
f 1129/1305/1135 1127/1304/1135 1133/1323/1135
g Cube_Cube
v -0.450618 0.993413 1.870931
v 0.136782 1.044690 1.448013
v -0.124947 1.396781 1.567462
v -0.133602 1.228827 1.204275
v -0.018356 0.931325 1.837858
v -0.505271 1.303509 1.618982
v -0.473210 1.256102 1.272291
v -0.110356 0.742448 1.298553
v -0.401203 0.672127 1.546002
v -0.513516 0.843172 1.293007
vn 0.7099 0.6327 -0.3095
vn -0.0111 0.9077 -0.4195
vn 0.4142 -0.8788 0.2371
vn 0.7441 -0.6599 0.1042
vn -0.9994 -0.0067 0.0348
vn 0.7859 0.4352 0.4393
vn 0.0638 0.5666 0.8215
vn -0.2550 0.9546 -0.1541
vn -0.0491 -0.7139 0.6985
vn -0.9249 -0.3311 0.1867
vn -0.1044 -0.1242 -0.9868
vn -0.2059 -0.8507 -0.4837
vn 0.6179 -0.1211 -0.7769
vt 0.550384 0.206938
vt 0.375000 0.305791
vt 0.375000 0.049496
vt 0.180791 0.500000
vt 0.330928 0.574320
vt 0.125000 0.700504
vt 0.804283 0.500000
vt 0.842867 0.681766
vt 0.658516 0.626313
vt 0.875000 0.500000
vt 0.501754 0.540833
vt 0.565165 0.799791
vt 0.325310 0.750000
vt 0.604031 0.069198
vt 0.375000 1.000000
vt 0.375000 0.799690
vt 0.578028 1.000000
vt 0.615335 0.592735
vt 0.589707 0.775249
vt 0.581909 0.353207
s 0
g Cube_Material
usemtl Material
f 1137/1324/1136 1139/1325/1136 1138/1326/1136
f 1139/1327/1137 1142/1328/1137 1138/1329/1137
f 1143/1330/1138 1140/1331/1138 1144/1332/1138
f 1140/1331/1139 1143/1330/1139 1137/1333/1139
f 1145/1334/1140 1136/1335/1140 1141/1336/1140 1142/1328/1140
f 1138/1326/1141 1140/1337/1141 1137/1324/1141
f 1138/1338/1142 1141/1339/1142 1136/1335/1142 1140/1340/1142
f 1142/1328/1143 1141/1336/1143 1138/1329/1143
f 1144/1341/1144 1140/1331/1144 1136/1342/1144
f 1136/1335/1145 1145/1334/1145 1144/1341/1145
f 1145/1334/1146 1142/1328/1146 1139/1325/1146 1143/1343/1146
f 1145/1334/1147 1143/1343/1147 1144/1341/1147
f 1139/1325/1148 1137/1324/1148 1143/1343/1148
g Cube_Cube
v -0.448694 1.524574 1.058677
v 0.476818 0.973943 0.864576
v 0.060964 0.856364 1.396939
v 0.587719 1.147197 1.444375
v -0.116486 1.137525 0.639123
v -0.223504 1.341517 1.593115
v 0.275649 1.460597 1.725266
v 0.600396 1.591778 0.843017
v 0.102458 1.898916 0.867580
v 0.328552 1.919938 1.302584
vn 0.4644 -0.8690 0.1708
vn 0.2152 -0.5242 0.8240
vn 0.1107 0.2563 -0.9602
vn 0.3296 -0.0987 -0.9390
vn -0.4465 0.7037 0.5527
vn -0.1388 -0.9386 -0.3157
vn -0.8035 -0.5942 0.0369
vn -0.1314 -0.4369 0.8899
vn -0.5224 0.3794 -0.7636
vn -0.4958 0.8408 0.2171
vn 0.8587 0.3557 0.3690
vn 0.4911 0.8197 -0.2948
vn 0.9718 -0.1988 -0.1265
vt 0.550384 0.206938
vt 0.375000 0.305791
vt 0.375000 0.049496
vt 0.180791 0.500000
vt 0.330928 0.574320
vt 0.125000 0.700504
vt 0.804283 0.500000
vt 0.842867 0.681766
vt 0.658516 0.626313
vt 0.875000 0.500000
vt 0.501754 0.540833
vt 0.565165 0.799791
vt 0.325310 0.750000
vt 0.604031 0.069198
vt 0.375000 1.000000
vt 0.375000 0.799690
vt 0.578028 1.000000
vt 0.615335 0.592735
vt 0.589707 0.775249
vt 0.581909 0.353207
s 0
g Cube_Material
usemtl Material
f 1147/1344/1149 1149/1345/1149 1148/1346/1149
f 1149/1347/1150 1152/1348/1150 1148/1349/1150
f 1153/1350/1151 1150/1351/1151 1154/1352/1151
f 1150/1351/1152 1153/1350/1152 1147/1353/1152
f 1155/1354/1153 1146/1355/1153 1151/1356/1153 1152/1348/1153
f 1148/1346/1154 1150/1357/1154 1147/1344/1154
f 1148/1358/1155 1151/1359/1155 1146/1355/1155 1150/1360/1155
f 1152/1348/1156 1151/1356/1156 1148/1349/1156
f 1154/1361/1157 1150/1351/1157 1146/1362/1157
f 1146/1355/1158 1155/1354/1158 1154/1361/1158
f 1155/1354/1159 1152/1348/1159 1149/1345/1159 1153/1363/1159
f 1155/1354/1160 1153/1363/1160 1154/1361/1160
f 1149/1345/1161 1147/1344/1161 1153/1363/1161
g Cube_Cube
v -0.363749 1.349952 -0.322712
v -0.890106 2.113887 0.405351
v -0.389717 2.301322 -0.105080
v -0.258004 2.269465 0.531116
v -0.979299 1.632177 -0.103512
v 0.049905 1.847371 -0.217807
v 0.187282 1.997025 0.315911
v -0.637966 1.600786 0.772453
v -0.427249 1.143296 0.392288
v -0.016219 1.413139 0.586952
vn -0.2567 0.9612 0.1013
vn 0.4996 0.8641 -0.0602
vn -0.7644 -0.5822 0.2770
vn -0.9154 -0.1997 0.3495
vn 0.8360 -0.5087 -0.2058
vn -0.6733 0.5922 -0.4426
vn -0.1523 0.2164 -0.9643
vn 0.6257 0.6943 -0.3557
vn -0.4811 -0.8299 -0.2826
vn 0.5966 -0.7836 -0.1735
vn 0.4112 0.1744 0.8947
vn 0.0430 -0.6267 0.7780
vn -0.2812 0.4631 0.8405
vt 0.550384 0.206938
vt 0.375000 0.305791
vt 0.375000 0.049496
vt 0.180791 0.500000
vt 0.330928 0.574320
vt 0.125000 0.700504
vt 0.804283 0.500000
vt 0.842867 0.681766
vt 0.658516 0.626313
vt 0.875000 0.500000
vt 0.501754 0.540833
vt 0.565165 0.799791
vt 0.325310 0.750000
vt 0.604031 0.069198
vt 0.375000 1.000000
vt 0.375000 0.799690
vt 0.578028 1.000000
vt 0.615335 0.592735
vt 0.589707 0.775249
vt 0.581909 0.353207
s 0
g Cube_Material
usemtl Material
f 1157/1364/1162 1159/1365/1162 1158/1366/1162
f 1159/1367/1163 1162/1368/1163 1158/1369/1163
f 1163/1370/1164 1160/1371/1164 1164/1372/1164
f 1160/1371/1165 1163/1370/1165 1157/1373/1165
f 1165/1374/1166 1156/1375/1166 1161/1376/1166 1162/1368/1166
f 1158/1366/1167 1160/1377/1167 1157/1364/1167
f 1158/1378/1168 1161/1379/1168 1156/1375/1168 1160/1380/1168
f 1162/1368/1169 1161/1376/1169 1158/1369/1169
f 1164/1381/1170 1160/1371/1170 1156/1382/1170
f 1156/1375/1171 1165/1374/1171 1164/1381/1171
f 1165/1374/1172 1162/1368/1172 1159/1365/1172 1163/1383/1172
f 1165/1374/1173 1163/1383/1173 1164/1381/1173
f 1159/1365/1174 1157/1364/1174 1163/1383/1174
g Cube_Cube
v -0.239736 1.379492 -1.341110
v -0.841037 1.066634 -0.342912
v -0.391121 0.601215 -0.733539
v -1.055673 0.572635 -0.755287
v -0.346218 1.506915 -0.632063
v -0.376318 0.724055 -1.378545
v -0.926104 0.536034 -1.317085
v -1.285247 1.364119 -0.787215
v -0.965259 1.614046 -1.289226
v -1.207352 1.154626 -1.441124
vn 0.0025 -0.6415 0.7671
vn 0.0404 -0.9964 0.0742
vn -0.1954 0.9219 0.3344
vn -0.2188 0.6955 0.6844
vn 0.0425 -0.0630 -0.9971
vn 0.5778 -0.1191 0.8074
vn 0.9884 -0.1228 0.0890
vn 0.3015 -0.9379 -0.1717
vn 0.2970 0.9466 -0.1255
vn 0.0288 0.3001 -0.9535
vn -0.9333 -0.3479 -0.0888
vn -0.8152 0.5163 -0.2625
vn -0.7556 -0.1939 0.6256
vt 0.550384 0.206938
vt 0.375000 0.305791
vt 0.375000 0.049496
vt 0.180791 0.500000
vt 0.330928 0.574320
vt 0.125000 0.700504
vt 0.804283 0.500000
vt 0.842867 0.681766
vt 0.658516 0.626313
vt 0.875000 0.500000
vt 0.501754 0.540833
vt 0.565165 0.799791
vt 0.325310 0.750000
vt 0.604031 0.069198
vt 0.375000 1.000000
vt 0.375000 0.799690
vt 0.578028 1.000000
vt 0.615335 0.592735
vt 0.589707 0.775249
vt 0.581909 0.353207
s 0
g Cube_Material
usemtl Material
f 1167/1384/1175 1169/1385/1175 1168/1386/1175
f 1169/1387/1176 1172/1388/1176 1168/1389/1176
f 1173/1390/1177 1170/1391/1177 1174/1392/1177
f 1170/1391/1178 1173/1390/1178 1167/1393/1178
f 1175/1394/1179 1166/1395/1179 1171/1396/1179 1172/1388/1179
f 1168/1386/1180 1170/1397/1180 1167/1384/1180
f 1168/1398/1181 1171/1399/1181 1166/1395/1181 1170/1400/1181
f 1172/1388/1182 1171/1396/1182 1168/1389/1182
f 1174/1401/1183 1170/1391/1183 1166/1402/1183
f 1166/1395/1184 1175/1394/1184 1174/1401/1184
f 1175/1394/1185 1172/1388/1185 1169/1385/1185 1173/1403/1185
f 1175/1394/1186 1173/1403/1186 1174/1401/1186
f 1169/1385/1187 1167/1384/1187 1173/1403/1187
g Cube_Cube
v -0.032008 0.601097 1.040042
v -0.390715 0.124105 1.285954
v -0.531673 0.492172 1.195075
v -0.467472 0.383409 1.527961
v -0.167069 0.238817 0.992173
v -0.295090 0.749014 1.233949
v -0.336953 0.663532 1.531687
v -0.085877 0.164384 1.495122
v 0.133376 0.385379 1.345462
v 0.000384 0.516725 1.566474
vn -0.9372 -0.3419 0.0691
vn -0.8668 0.3999 0.2978
vn 0.6183 -0.7569 -0.2118
vn 0.2500 -0.9512 -0.1811
vn 0.4719 0.8624 0.1832
vn -0.6435 -0.4066 -0.6486
vn -0.3446 0.3300 -0.8788
vn -0.7393 0.6677 0.0877
vn 0.7862 -0.2166 -0.5787
vn 0.7498 0.6590 0.0595
vn -0.0534 -0.0996 0.9936
vn 0.7264 -0.3028 0.6170
vn -0.3433 -0.6931 0.6338
vt 0.550384 0.206938
vt 0.375000 0.305791
vt 0.375000 0.049496
vt 0.180791 0.500000
vt 0.330928 0.574320
vt 0.125000 0.700504
vt 0.804283 0.500000
vt 0.842867 0.681766
vt 0.658516 0.626313
vt 0.875000 0.500000
vt 0.501754 0.540833
vt 0.565165 0.799791
vt 0.325310 0.750000
vt 0.604031 0.069198
vt 0.375000 1.000000
vt 0.375000 0.799690
vt 0.578028 1.000000
vt 0.615335 0.592735
vt 0.589707 0.775249
vt 0.581909 0.353207
s 0
g Cube_Material
usemtl Material
f 1177/1404/1188 1179/1405/1188 1178/1406/1188
f 1179/1407/1189 1182/1408/1189 1178/1409/1189
f 1183/1410/1190 1180/1411/1190 1184/1412/1190
f 1180/1411/1191 1183/1410/1191 1177/1413/1191
f 1185/1414/1192 1176/1415/1192 1181/1416/1192 1182/1408/1192
f 1178/1406/1193 1180/1417/1193 1177/1404/1193
f 1178/1418/1194 1181/1419/1194 1176/1415/1194 1180/1420/1194
f 1182/1408/1195 1181/1416/1195 1178/1409/1195
f 1184/1421/1196 1180/1411/1196 1176/1422/1196
f 1176/1415/1197 1185/1414/1197 1184/1421/1197
f 1185/1414/1198 1182/1408/1198 1179/1405/1198 1183/1423/1198
f 1185/1414/1199 1183/1423/1199 1184/1421/1199
f 1179/1405/1200 1177/1404/1200 1183/1423/1200
g Cube_Cube
v 0.881245 0.352665 -0.441854
v 1.405524 1.026312 0.340223
v 0.686242 0.957904 0.275262
v 1.010704 1.469233 0.072683
v 1.321316 0.381235 0.100142
v 0.492015 0.848831 -0.314221
v 0.681817 1.374067 -0.363250
v 1.658005 1.161002 -0.262264
v 1.448013 0.753204 -0.678669
v 1.200338 1.205326 -0.740000
vn -0.1218 0.4314 0.8939
vn -0.6968 0.5987 0.3950
vn 0.9081 -0.4157 -0.0508
vn 0.9131 -0.2415 0.3286
vn -0.5031 -0.0318 -0.8636
vn -0.0522 -0.3423 0.9381
vn -0.5956 -0.6864 0.4174
vn -0.9071 0.3497 0.2342
vn 0.4523 -0.8312 -0.3234
vn -0.2190 -0.2480 -0.9437
vn 0.2311 0.9399 -0.2513
vn 0.7030 0.2975 -0.6459
vn 0.5537 0.7326 0.3958
vt 0.550384 0.206938
vt 0.375000 0.305791
vt 0.375000 0.049496
vt 0.180791 0.500000
vt 0.330928 0.574320
vt 0.125000 0.700504
vt 0.804283 0.500000
vt 0.842867 0.681766
vt 0.658516 0.626313
vt 0.875000 0.500000
vt 0.501754 0.540833
vt 0.565165 0.799791
vt 0.325310 0.750000
vt 0.604031 0.069198
vt 0.375000 1.000000
vt 0.375000 0.799690
vt 0.578028 1.000000
vt 0.615335 0.592735
vt 0.589707 0.775249
vt 0.581909 0.353207
s 0
g Cube_Material
usemtl Material
f 1187/1424/1201 1189/1425/1201 1188/1426/1201
f 1189/1427/1202 1192/1428/1202 1188/1429/1202
f 1193/1430/1203 1190/1431/1203 1194/1432/1203
f 1190/1431/1204 1193/1430/1204 1187/1433/1204
f 1195/1434/1205 1186/1435/1205 1191/1436/1205 1192/1428/1205
f 1188/1426/1206 1190/1437/1206 1187/1424/1206
f 1188/1438/1207 1191/1439/1207 1186/1435/1207 1190/1440/1207
f 1192/1428/1208 1191/1436/1208 1188/1429/1208
f 1194/1441/1209 1190/1431/1209 1186/1442/1209
f 1186/1435/1210 1195/1434/1210 1194/1441/1210
f 1195/1434/1211 1192/1428/1211 1189/1425/1211 1193/1443/1211
f 1195/1434/1212 1193/1443/1212 1194/1441/1212
f 1189/1425/1213 1187/1424/1213 1193/1443/1213
g Cube_Cube
v -1.724493 0.930938 -0.131026
v -0.534201 0.522094 0.223704
v -0.742360 0.731973 -0.540467
v -0.659680 0.048784 -0.324614
v -1.092678 1.062079 0.323329
v -1.422437 0.597551 -0.701728
v -1.197753 0.008563 -0.642133
v -1.045174 0.032272 0.481570
v -1.691297 0.281751 0.382224
v -1.580279 -0.135104 -0.014916
vn 0.9667 0.0370 -0.2532
vn 0.5089 -0.2028 -0.8366
vn -0.0947 0.1469 0.9846
vn 0.3197 0.1583 0.9342
vn -0.8588 -0.2395 -0.4529
vn 0.6958 0.7182 0.0077
vn 0.0110 0.9095 -0.4157
vn 0.2325 -0.0097 -0.9725
vn -0.5738 0.4897 0.6565
vn -0.9818 -0.1460 -0.1212
vn 0.1940 -0.9810 -0.0057
vn -0.3630 -0.6916 0.6244
vn 0.7345 -0.5877 0.3392
vt 0.550384 0.206938
vt 0.375000 0.305791
vt 0.375000 0.049496
vt 0.180791 0.500000
vt 0.330928 0.574320
vt 0.125000 0.700504
vt 0.804283 0.500000
vt 0.842867 0.681766
vt 0.658516 0.626313
vt 0.875000 0.500000
vt 0.501754 0.540833
vt 0.565165 0.799791
vt 0.325310 0.750000
vt 0.604031 0.069198
vt 0.375000 1.000000
vt 0.375000 0.799690
vt 0.578028 1.000000
vt 0.615335 0.592735
vt 0.589707 0.775249
vt 0.581909 0.353207
s 0
g Cube_Material
usemtl Material
f 1197/1444/1214 1199/1445/1214 1198/1446/1214
f 1199/1447/1215 1202/1448/1215 1198/1449/1215
f 1203/1450/1216 1200/1451/1216 1204/1452/1216
f 1200/1451/1217 1203/1450/1217 1197/1453/1217
f 1205/1454/1218 1196/1455/1218 1201/1456/1218 1202/1448/1218
f 1198/1446/1219 1200/1457/1219 1197/1444/1219
f 1198/1458/1220 1201/1459/1220 1196/1455/1220 1200/1460/1220
f 1202/1448/1221 1201/1456/1221 1198/1449/1221
f 1204/1461/1222 1200/1451/1222 1196/1462/1222
f 1196/1455/1223 1205/1454/1223 1204/1461/1223
f 1205/1454/1224 1202/1448/1224 1199/1445/1224 1203/1463/1224
f 1205/1454/1225 1203/1463/1225 1204/1461/1225
f 1199/1445/1226 1197/1444/1226 1203/1463/1226
g Cube_Cube
v 0.277789 0.060158 -1.265324
v -0.076800 0.513052 -0.697686
v -0.302975 0.360895 -1.124434
v -0.156440 0.776742 -1.058991
v 0.138607 0.091573 -0.798920
v -0.029334 0.319000 -1.466275
v -0.022203 0.706907 -1.415100
v 0.331546 0.706507 -0.809902
v 0.555389 0.443226 -1.069857
v 0.415350 0.714559 -1.265019
vn -0.8892 0.2534 0.3809
vn -0.8475 0.3600 -0.3901
vn 0.6419 -0.1881 0.7433
vn 0.2977 -0.0764 0.9516
vn 0.4225 -0.0139 -0.9063
vn -0.6910 -0.4825 0.5383
vn -0.4854 -0.8576 -0.1701
vn -0.7711 0.0972 -0.6292
vn 0.7154 -0.6497 0.2572
vn 0.6963 -0.1460 -0.7027
vn 0.0895 0.9946 -0.0517
vn 0.8248 0.5418 0.1615
vn -0.1984 0.7703 0.6060
vt 0.550384 0.206938
vt 0.375000 0.305791
vt 0.375000 0.049496
vt 0.180791 0.500000
vt 0.330928 0.574320
vt 0.125000 0.700504
vt 0.804283 0.500000
vt 0.842867 0.681766
vt 0.658516 0.626313
vt 0.875000 0.500000
vt 0.501754 0.540833
vt 0.565165 0.799791
vt 0.325310 0.750000
vt 0.604031 0.069198
vt 0.375000 1.000000
vt 0.375000 0.799690
vt 0.578028 1.000000
vt 0.615335 0.592735
vt 0.589707 0.775249
vt 0.581909 0.353207
s 0
g Cube_Material
usemtl Material
f 1207/1464/1227 1209/1465/1227 1208/1466/1227
f 1209/1467/1228 1212/1468/1228 1208/1469/1228
f 1213/1470/1229 1210/1471/1229 1214/1472/1229
f 1210/1471/1230 1213/1470/1230 1207/1473/1230
f 1215/1474/1231 1206/1475/1231 1211/1476/1231 1212/1468/1231
f 1208/1466/1232 1210/1477/1232 1207/1464/1232
f 1208/1478/1233 1211/1479/1233 1206/1475/1233 1210/1480/1233
f 1212/1468/1234 1211/1476/1234 1208/1469/1234
f 1214/1481/1235 1210/1471/1235 1206/1482/1235
f 1206/1475/1236 1215/1474/1236 1214/1481/1236
f 1215/1474/1237 1212/1468/1237 1209/1465/1237 1213/1483/1237
f 1215/1474/1238 1213/1483/1238 1214/1481/1238
f 1209/1465/1239 1207/1464/1239 1213/1483/1239
g Cube_Cube
v 0.708572 0.874877 0.847484
v 0.315447 0.059465 0.508394
v 0.200423 0.292683 1.055456
v 0.514837 -0.130694 0.976830
v 0.380196 0.629761 0.432186
v 0.605960 0.553760 1.265770
v 0.772419 0.116290 1.271555
v 0.867821 0.032590 0.442691
v 1.083914 0.488640 0.556220
v 1.153721 0.211189 0.881870
vn -0.7913 -0.6046 0.0914
vn -0.4348 -0.4660 0.7706
vn 0.2001 0.1464 -0.9688
vn -0.1229 -0.1177 -0.9854
vn 0.6805 0.4004 0.6137
vn -0.9684 0.0783 -0.2370
vn -0.6843 0.6858 0.2479
vn -0.3863 -0.1349 0.9124
vn 0.2579 0.7289 -0.6342
vn 0.7867 0.5429 0.2939
vn 0.4834 -0.8637 0.1429
vn 0.8511 -0.2953 -0.4340
vn -0.0863 -0.9354 -0.3430
vt 0.550384 0.206938
vt 0.375000 0.305791
vt 0.375000 0.049496
vt 0.180791 0.500000
vt 0.330928 0.574320
vt 0.125000 0.700504
vt 0.804283 0.500000
vt 0.842867 0.681766
vt 0.658516 0.626313
vt 0.875000 0.500000
vt 0.501754 0.540833
vt 0.565165 0.799791
vt 0.325310 0.750000
vt 0.604031 0.069198
vt 0.375000 1.000000
vt 0.375000 0.799690
vt 0.578028 1.000000
vt 0.615335 0.592735
vt 0.589707 0.775249
vt 0.581909 0.353207
s 0
g Cube_Material
usemtl Material
f 1217/1484/1240 1219/1485/1240 1218/1486/1240
f 1219/1487/1241 1222/1488/1241 1218/1489/1241
f 1223/1490/1242 1220/1491/1242 1224/1492/1242
f 1220/1491/1243 1223/1490/1243 1217/1493/1243
f 1225/1494/1244 1216/1495/1244 1221/1496/1244 1222/1488/1244
f 1218/1486/1245 1220/1497/1245 1217/1484/1245
f 1218/1498/1246 1221/1499/1246 1216/1495/1246 1220/1500/1246
f 1222/1488/1247 1221/1496/1247 1218/1489/1247
f 1224/1501/1248 1220/1491/1248 1216/1502/1248
f 1216/1495/1249 1225/1494/1249 1224/1501/1249
f 1225/1494/1250 1222/1488/1250 1219/1485/1250 1223/1503/1250
f 1225/1494/1251 1223/1503/1251 1224/1501/1251
f 1219/1485/1252 1217/1484/1252 1223/1503/1252
g Cube_Cube
v -1.296023 -0.273848 0.149981
v -0.877010 0.572908 -0.337977
v -0.527592 0.040135 -0.143010
v -0.518666 0.553687 0.140142
v -1.295407 0.094203 -0.375767
v -0.736570 -0.216891 0.331609
v -0.574083 0.229992 0.529180
v -1.213881 0.765603 0.136028
v -1.504512 0.330989 0.360538
v -1.135124 0.437117 0.642764
vn 0.7695 0.2980 -0.5648
vn 0.9940 -0.0654 0.0872
vn -0.8502 0.3806 -0.3638
vn -0.5647 0.5426 -0.6219
vn -0.1175 -0.4841 0.8671
vn 0.2754 -0.1659 -0.9469
vn 0.1577 -0.8520 -0.4993
vn 0.8975 -0.4043 0.1763
vn -0.9472 -0.2622 -0.1847
vn -0.4669 -0.4300 0.7728
vn 0.3063 0.7733 0.5551
vn -0.5724 0.6446 0.5068
vn 0.2879 0.9410 -0.1779
vt 0.550384 0.206938
vt 0.375000 0.305791
vt 0.375000 0.049496
vt 0.180791 0.500000
vt 0.330928 0.574320
vt 0.125000 0.700504
vt 0.804283 0.500000
vt 0.842867 0.681766
vt 0.658516 0.626313
vt 0.875000 0.500000
vt 0.501754 0.540833
vt 0.565165 0.799791
vt 0.325310 0.750000
vt 0.604031 0.069198
vt 0.375000 1.000000
vt 0.375000 0.799690
vt 0.578028 1.000000
vt 0.615335 0.592735
vt 0.589707 0.775249
vt 0.581909 0.353207
s 0
g Cube_Material
usemtl Material
f 1227/1504/1253 1229/1505/1253 1228/1506/1253
f 1229/1507/1254 1232/1508/1254 1228/1509/1254
f 1233/1510/1255 1230/1511/1255 1234/1512/1255
f 1230/1511/1256 1233/1510/1256 1227/1513/1256
f 1235/1514/1257 1226/1515/1257 1231/1516/1257 1232/1508/1257
f 1228/1506/1258 1230/1517/1258 1227/1504/1258
f 1228/1518/1259 1231/1519/1259 1226/1515/1259 1230/1520/1259
f 1232/1508/1260 1231/1516/1260 1228/1509/1260
f 1234/1521/1261 1230/1511/1261 1226/1522/1261
f 1226/1515/1262 1235/1514/1262 1234/1521/1262
f 1235/1514/1263 1232/1508/1263 1229/1505/1263 1233/1523/1263
f 1235/1514/1264 1233/1523/1264 1234/1521/1264
f 1229/1505/1265 1227/1504/1265 1233/1523/1265
g Circle.001_Circle.001
v 0.073705 0.917962 -0.370538
v 0.107002 0.826144 -0.537937
v 0.136188 0.702578 -0.684664
v 0.160140 0.552012 -0.805080
v 0.177939 0.380232 -0.894557
v 0.188899 0.193841 -0.949657
v 0.193841 0.000000 -0.974503
v 0.000000 0.193841 -0.968262
v 0.000000 0.380232 -0.912083
v 0.000000 0.552012 -0.820853
v 0.038970 0.973792 -0.195917
v 0.144577 0.917962 -0.349039
v 0.209893 0.826144 -0.506726
v 0.267143 0.702578 -0.644940
v 0.314127 0.552012 -0.758369
v 0.349039 0.380232 -0.842655
v 0.370538 0.193841 -0.894557
v 0.380232 0.000000 -0.917962
v 0.076443 0.973792 -0.184550
v 0.209893 0.917962 -0.314127
v 0.304717 0.826144 -0.456041
v 0.387831 0.702578 -0.580431
v 0.456041 0.552012 -0.682514
v 0.506726 0.380232 -0.758369
v 0.537938 0.193841 -0.805080
v 0.552012 0.000000 -0.826144
v 0.110978 0.973792 -0.166091
v 0.267143 0.917962 -0.267143
v 0.387831 0.826144 -0.387831
v 0.493616 0.702578 -0.493616
v 0.580431 0.552012 -0.580431
v 0.644940 0.380232 -0.644940
v 0.684665 0.193841 -0.684664
v 0.702578 0.000000 -0.702578
v 0.141248 0.973792 -0.141248
v 0.314127 0.917962 -0.209893
v 0.456041 0.826144 -0.304717
v 0.580431 0.702578 -0.387831
v 0.682514 0.552012 -0.456041
v 0.758369 0.380232 -0.506726
v 0.805080 0.193841 -0.537937
v 0.826144 0.000000 -0.552012
v 0.166091 0.973792 -0.110978
v 0.349039 0.917962 -0.144577
v 0.506726 0.826144 -0.209893
v 0.644940 0.702578 -0.267143
v 0.758369 0.552012 -0.314127
v 0.842654 0.380232 -0.349039
v 0.894557 0.193841 -0.370538
v 0.917962 0.000000 -0.380232
v 0.184550 0.973792 -0.076443
v 0.370538 0.917962 -0.073705
v 0.537937 0.826144 -0.107002
v 0.684664 0.702578 -0.136188
v 0.805080 0.552012 -0.160140
v 0.894557 0.380232 -0.177939
v 0.949657 0.193841 -0.188898
v 0.974503 0.000000 -0.193841
v 0.195917 0.973792 -0.038970
v 0.377797 0.917962 0.000000
v 0.548476 0.826144 0.000000
v 0.698078 0.702578 0.000000
v 0.820853 0.552012 0.000000
v 0.912083 0.380232 -0.000000
v 0.968262 0.193841 0.000000
v 0.993595 0.000000 0.000000
v 0.199755 0.973792 0.000000
v 0.370538 0.917962 0.073705
v 0.537937 0.826144 0.107002
v 0.684664 0.702578 0.136188
v 0.805080 0.552012 0.160140
v 0.894557 0.380232 0.177939
v 0.949657 0.193841 0.188899
v 0.974503 0.000000 0.193841
v 0.195917 0.973792 0.038970
v 0.349039 0.917962 0.144577
v 0.506726 0.826144 0.209893
v 0.644940 0.702578 0.267143
v 0.758369 0.552012 0.314127
v 0.842654 0.380232 0.349039
v 0.894557 0.193841 0.370538
v 0.917962 0.000000 0.380232
v 0.184550 0.973792 0.076443
v 0.314127 0.917962 0.209893
v 0.456041 0.826144 0.304717
v 0.580431 0.702578 0.387831
v 0.682514 0.552012 0.456041
v 0.758369 0.380232 0.506726
v 0.805080 0.193841 0.537937
v 0.826144 0.000000 0.552012
v 0.166090 0.973792 0.110978
v 0.267143 0.917962 0.267143
v 0.387831 0.826144 0.387831
v 0.493616 0.702578 0.493616
v 0.580430 0.552012 0.580430
v 0.644940 0.380232 0.644940
v 0.684664 0.193841 0.684664
v 0.702577 0.000000 0.702578
v 0.141248 0.973792 0.141248
v 0.209893 0.917962 0.314127
v 0.304717 0.826144 0.456041
v 0.387831 0.702578 0.580430
v 0.456041 0.552012 0.682514
v 0.506726 0.380232 0.758369
v 0.537937 0.193841 0.805080
v 0.552011 0.000000 0.826144
v 0.110978 0.973792 0.166090
v 0.144577 0.917962 0.349039
v 0.209893 0.826144 0.506726
v 0.267143 0.702578 0.644940
v 0.314127 0.552012 0.758369
v 0.349039 0.380232 0.842654
v 0.370538 0.193841 0.894557
v 0.380232 0.000000 0.917962
v 0.076443 0.973792 0.184550
v 0.073704 0.917962 0.370538
v 0.107002 0.826144 0.537937
v 0.136188 0.702578 0.684664
v 0.160140 0.552012 0.805080
v 0.177938 0.380232 0.894557
v 0.188898 0.193841 0.949657
v 0.193840 0.000000 0.974503
v 0.038970 0.973792 0.195917
v -0.000000 0.917962 0.377797
v -0.000000 0.826144 0.548476
v -0.000000 0.702578 0.698078
v -0.000000 0.552012 0.820853
v -0.000000 0.380232 0.912082
v -0.000000 0.193841 0.968262
v -0.000000 0.000000 0.993595
v -0.000000 0.973792 0.199755
v -0.073705 0.917962 0.370538
v -0.107002 0.826144 0.537937
v -0.136188 0.702578 0.684664
v -0.160140 0.552012 0.805080
v -0.177938 0.380232 0.894557
v -0.188899 0.193841 0.949657
v -0.193841 0.000000 0.974503
v -0.038970 0.973792 0.195917
v -0.144577 0.917962 0.349039
v -0.209893 0.826144 0.506726
v -0.267143 0.702578 0.644940
v -0.314127 0.552012 0.758369
v -0.349039 0.380232 0.842654
v -0.370538 0.193841 0.894557
v -0.380232 0.000000 0.917961
v -0.076443 0.973792 0.184550
v -0.209893 0.917962 0.314127
v -0.304717 0.826144 0.456041
v -0.387831 0.702578 0.580430
v -0.456041 0.552012 0.682514
v -0.506726 0.380232 0.758369
v -0.537937 0.193841 0.805080
v -0.552012 0.000000 0.826143
v -0.110978 0.973792 0.166090
v -0.267143 0.917962 0.267143
v -0.387831 0.826144 0.387831
v -0.493615 0.702578 0.493615
v -0.580430 0.552012 0.580430
v -0.644940 0.380232 0.644940
v -0.684664 0.193841 0.684664
v -0.702578 0.000000 0.702577
v -0.141248 0.973792 0.141248
v -0.314127 0.917962 0.209893
v -0.456041 0.826144 0.304717
v -0.580430 0.702578 0.387831
v -0.682514 0.552012 0.456041
v -0.758369 0.380232 0.506726
v -0.805080 0.193841 0.537937
v -0.826144 0.000000 0.552011
v -0.166090 0.973792 0.110978
v -0.349039 0.917962 0.144577
v -0.506726 0.826144 0.209893
v -0.644940 0.702578 0.267143
v -0.758369 0.552012 0.314126
v -0.842654 0.380232 0.349039
v -0.894557 0.193841 0.370537
v -0.917962 0.000000 0.380232
v -0.184550 0.973792 0.076443
v 0.000000 0.997577 0.000000
v -0.370538 0.917962 0.073704
v -0.537937 0.826144 0.107002
v -0.684664 0.702578 0.136188
v -0.805080 0.552012 0.160140
v -0.894557 0.380232 0.177938
v -0.949657 0.193841 0.188898
v -0.974503 0.000000 0.193840
v -0.195917 0.973792 0.038970
v -0.377797 0.917962 -0.000000
v -0.548476 0.826144 -0.000000
v -0.698078 0.702578 -0.000000
v -0.820852 0.552012 -0.000000
v -0.912082 0.380232 -0.000000
v -0.968261 0.193841 -0.000000
v -0.993594 0.000000 -0.000000
v -0.199755 0.973792 -0.000000
v -0.370538 0.917962 -0.073705
v -0.537937 0.826144 -0.107002
v -0.684664 0.702578 -0.136188
v -0.805080 0.552012 -0.160140
v -0.894557 0.380232 -0.177939
v -0.949656 0.193841 -0.188899
v -0.974503 0.000000 -0.193841
v -0.195917 0.973792 -0.038970
v -0.349039 0.917962 -0.144577
v -0.506726 0.826144 -0.209893
v -0.644940 0.702578 -0.267143
v -0.758369 0.552012 -0.314127
v -0.842654 0.380232 -0.349039
v -0.894557 0.193841 -0.370538
v -0.917961 0.000000 -0.380232
v -0.184550 0.973792 -0.076443
v -0.314127 0.917962 -0.209893
v -0.456041 0.826144 -0.304717
v -0.580430 0.702578 -0.387831
v -0.682514 0.552012 -0.456041
v -0.758369 0.380232 -0.506726
v -0.805080 0.193841 -0.537937
v -0.826143 0.000000 -0.552012
v -0.166090 0.973792 -0.110978
v -0.267143 0.917962 -0.267143
v -0.387831 0.826144 -0.387831
v -0.493615 0.702578 -0.493615
v -0.580430 0.552012 -0.580430
v -0.644939 0.380232 -0.644940
v -0.684664 0.193841 -0.684664
v -0.702577 0.000000 -0.702577
v -0.141248 0.973792 -0.141248
v -0.209893 0.917962 -0.314127
v -0.304717 0.826144 -0.456041
v -0.387831 0.702578 -0.580430
v -0.456041 0.552012 -0.682514
v -0.506726 0.380232 -0.758369
v -0.537937 0.193841 -0.805080
v -0.552011 0.000000 -0.826144
v -0.110978 0.973792 -0.166090
v -0.144577 0.917962 -0.349039
v -0.209892 0.826144 -0.506726
v -0.267143 0.702578 -0.644940
v -0.314126 0.552012 -0.758369
v -0.349039 0.380232 -0.842654
v -0.370537 0.193841 -0.894557
v -0.380232 0.000000 -0.917961
v -0.076443 0.973792 -0.184550
v -0.073704 0.917962 -0.370538
v -0.107002 0.826144 -0.537937
v -0.136188 0.702578 -0.684664
v -0.160140 0.552012 -0.805080
v -0.177938 0.380232 -0.894557
v -0.188898 0.193841 -0.949656
v -0.193840 0.000000 -0.974503
v -0.038970 0.973792 -0.195917
v 0.000000 0.917962 -0.377797
v 0.000000 0.826144 -0.548476
v 0.000000 0.702578 -0.698078
v 0.000000 0.000000 -0.993594
v 0.000000 0.973792 -0.199755
v 0.090790 0.876269 -0.456434
v 0.122183 0.768056 -0.614256
v 0.148881 0.630328 -0.748474
v 0.169857 0.468376 -0.853927
v 0.184305 0.288424 -0.926565
v 0.191826 0.097389 -0.964376
v 0.000000 0.288424 -0.944718
v 0.000000 0.468376 -0.870657
v 0.056083 0.950719 -0.281948
v 0.089399 0.380232 -0.907687
v 0.080457 0.552012 -0.816897
v 0.094906 0.193841 -0.963596
v 0.178092 0.876269 -0.429951
v 0.239671 0.768056 -0.578617
v 0.292040 0.630328 -0.705047
v 0.333186 0.468376 -0.804382
v 0.361528 0.288424 -0.872805
v 0.376281 0.097389 -0.908422
v 0.110011 0.950719 -0.265589
v 0.238280 0.552012 -0.785504
v 0.202641 0.702578 -0.668016
v 0.264763 0.380232 -0.872805
v 0.281071 0.193841 -0.926565
v 0.288424 0.000000 -0.950808
v 0.058513 0.973614 -0.192890
v 0.159214 0.826144 -0.524857
v 0.109668 0.917962 -0.361528
v 0.258549 0.876269 -0.386946
v 0.347948 0.768056 -0.520741
v 0.423976 0.630328 -0.634525
v 0.483711 0.468376 -0.723925
v 0.524857 0.288424 -0.785504
v 0.546275 0.097389 -0.817558
v 0.159711 0.950719 -0.239024
v 0.468376 0.000000 -0.876269
v 0.456434 0.193841 -0.853927
v 0.095019 0.973614 -0.177769
v 0.178092 0.917962 -0.333186
v 0.258549 0.826144 -0.483711
v 0.329070 0.702578 -0.615647
v 0.386946 0.552012 -0.723925
v 0.429951 0.380232 -0.804382
v 0.329070 0.876269 -0.329070
v 0.442854 0.768056 -0.442854
v 0.539619 0.630328 -0.539619
v 0.615647 0.468376 -0.615647
v 0.668016 0.288424 -0.668016
v 0.695276 0.097389 -0.695276
v 0.203273 0.950719 -0.203273
v 0.442854 0.702578 -0.539619
v 0.347948 0.826144 -0.423976
v 0.520741 0.552012 -0.634525
v 0.578617 0.380232 -0.705047
v 0.614257 0.193841 -0.748474
v 0.630328 0.000000 -0.768056
v 0.127874 0.973614 -0.155815
v 0.239671 0.917962 -0.292040
v 0.386946 0.876269 -0.258549
v 0.520741 0.768056 -0.347948
v 0.634525 0.630328 -0.423976
v 0.723925 0.468376 -0.483711
v 0.785504 0.288424 -0.524857
v 0.817558 0.097389 -0.546275
v 0.239024 0.950719 -0.159711
v 0.768056 0.000000 -0.630327
v 0.748474 0.193841 -0.614256
v 0.155815 0.973614 -0.127874
v 0.292040 0.917962 -0.239671
v 0.423976 0.826144 -0.347948
v 0.539620 0.702578 -0.442854
v 0.634525 0.552012 -0.520741
v 0.705047 0.380232 -0.578617
v 0.429951 0.876269 -0.178092
v 0.578617 0.768056 -0.239671
v 0.705047 0.630328 -0.292040
v 0.804382 0.468376 -0.333186
v 0.872805 0.288424 -0.361528
v 0.908422 0.097389 -0.376281
v 0.265589 0.950719 -0.110011
v 0.723925 0.552012 -0.386946
v 0.615647 0.702578 -0.329070
v 0.804382 0.380232 -0.429951
v 0.853927 0.193841 -0.456434
v 0.876269 0.000000 -0.468375
v 0.177769 0.973614 -0.095019
v 0.333186 0.917962 -0.178092
v 0.483711 0.826144 -0.258549
v 0.456434 0.876269 -0.090790
v 0.614256 0.768056 -0.122183
v 0.748474 0.630328 -0.148881
v 0.853927 0.468376 -0.169857
v 0.926565 0.288424 -0.184305
v 0.964376 0.097389 -0.191826
v 0.281948 0.950719 -0.056083
v 0.950807 0.000000 -0.288424
v 0.192890 0.973614 -0.058513
v 0.361528 0.917962 -0.109668
v 0.524857 0.826144 -0.159214
v 0.668016 0.702578 -0.202641
v 0.785504 0.552012 -0.238280
v 0.872805 0.380232 -0.264763
v 0.926565 0.193841 -0.281070
v 0.465376 0.876269 0.000000
v 0.626290 0.768056 0.000000
v 0.763137 0.630328 0.000000
v 0.870657 0.468376 0.000000
v 0.944718 0.288424 0.000000
v 0.983269 0.097389 0.000000
v 0.287471 0.950719 0.000000
v 0.816897 0.552012 -0.080457
v 0.694714 0.702578 -0.068423
v 0.907687 0.380232 -0.089399
v 0.963596 0.193841 -0.094906
v 0.988807 0.000000 -0.097389
v 0.200599 0.973614 -0.019757
v 0.375976 0.917962 -0.037030
v 0.545833 0.826144 -0.053760
v 0.456434 0.876269 0.090790
v 0.614256 0.768056 0.122183
v 0.748474 0.630328 0.148881
v 0.853927 0.468376 0.169857
v 0.926565 0.288424 0.184305
v 0.964376 0.097389 0.191826
v 0.281948 0.950719 0.056083
v 0.988807 0.000000 0.097389
v 0.200599 0.973614 0.019757
v 0.375976 0.917962 0.037030
v 0.545833 0.826144 0.053760
v 0.694714 0.702578 0.068423
v 0.816897 0.552012 0.080457
v 0.907687 0.380232 0.089399
v 0.963596 0.193841 0.094906
v 0.429951 0.876269 0.178092
v 0.578617 0.768056 0.239671
v 0.705047 0.630328 0.292040
v 0.804382 0.468376 0.333186
v 0.872805 0.288424 0.361528
v 0.908422 0.097389 0.376281
v 0.265589 0.950719 0.110011
v 0.872805 0.380232 0.264763
v 0.785504 0.552012 0.238280
v 0.926565 0.193841 0.281071
v 0.950807 0.000000 0.288424
v 0.192890 0.973614 0.058513
v 0.361528 0.917962 0.109668
v 0.524857 0.826144 0.159214
v 0.668016 0.702578 0.202641
v 0.386946 0.876269 0.258549
v 0.520741 0.768056 0.347948
v 0.634525 0.630328 0.423976
v 0.723924 0.468376 0.483711
v 0.785504 0.288424 0.524857
v 0.817558 0.097389 0.546275
v 0.239024 0.950719 0.159711
v 0.333186 0.917962 0.178092
v 0.177769 0.973614 0.095019
v 0.483711 0.826144 0.258549
v 0.615647 0.702578 0.329070
v 0.723924 0.552012 0.386946
v 0.804382 0.380232 0.429951
v 0.853927 0.193841 0.456434
v 0.876269 0.000000 0.468376
v 0.329070 0.876269 0.329070
v 0.442854 0.768056 0.442854
v 0.539619 0.630328 0.539619
v 0.615647 0.468376 0.615647
v 0.668016 0.288424 0.668016
v 0.695276 0.097389 0.695276
v 0.203273 0.950719 0.203273
v 0.748473 0.193841 0.614256
v 0.705047 0.380232 0.578617
v 0.768056 0.000000 0.630328
v 0.155815 0.973614 0.127874
v 0.292040 0.917962 0.239671
v 0.423976 0.826144 0.347948
v 0.539619 0.702578 0.442854
v 0.634525 0.552012 0.520741
v 0.258549 0.876269 0.386946
v 0.347948 0.768056 0.520741
v 0.423976 0.630328 0.634525
v 0.483711 0.468376 0.723925
v 0.524857 0.288424 0.785504
v 0.546275 0.097389 0.817558
v 0.159711 0.950719 0.239024
v 0.347948 0.826144 0.423976
v 0.239671 0.917962 0.292040
v 0.442854 0.702578 0.539619
v 0.520741 0.552012 0.634525
v 0.578617 0.380232 0.705047
v 0.614256 0.193841 0.748474
v 0.630327 0.000000 0.768056
v 0.127874 0.973614 0.155815
v 0.178091 0.876269 0.429951
v 0.239671 0.768056 0.578617
v 0.292040 0.630328 0.705047
v 0.333186 0.468376 0.804382
v 0.361528 0.288424 0.872805
v 0.376280 0.097389 0.908422
v 0.110011 0.950719 0.265589
v 0.456433 0.193841 0.853927
v 0.429951 0.380232 0.804382
v 0.468375 0.000000 0.876269
v 0.095019 0.973614 0.177769
v 0.178091 0.917962 0.333186
v 0.258549 0.826144 0.483711
v 0.329070 0.702578 0.615647
v 0.386946 0.552012 0.723925
v 0.090790 0.876269 0.456434
v 0.122183 0.768056 0.614256
v 0.148881 0.630328 0.748473
v 0.169857 0.468376 0.853927
v 0.184305 0.288424 0.926565
v 0.191826 0.097389 0.964375
v 0.056083 0.950719 0.281948
v 0.202640 0.702578 0.668016
v 0.159214 0.826144 0.524857
v 0.238280 0.552012 0.785504
v 0.264763 0.380232 0.872805
v 0.281070 0.193841 0.926565
v 0.288424 0.000000 0.950807
v 0.058513 0.973614 0.192890
v 0.109668 0.917962 0.361528
v -0.000000 0.876269 0.465376
v -0.000000 0.768056 0.626290
v -0.000000 0.630328 0.763137
v -0.000000 0.468376 0.870657
v -0.000000 0.288424 0.944717
v -0.000000 0.097389 0.983269
v -0.000000 0.950719 0.287471
v 0.097389 0.000000 0.988806
v 0.094906 0.193841 0.963595
v 0.019757 0.973614 0.200599
v 0.037030 0.917962 0.375976
v 0.053760 0.826144 0.545833
v 0.068423 0.702578 0.694714
v 0.080457 0.552012 0.816897
v 0.089399 0.380232 0.907687
v -0.090790 0.876269 0.456434
v -0.122183 0.768056 0.614256
v -0.148881 0.630328 0.748473
v -0.169857 0.468376 0.853927
v -0.184305 0.288424 0.926565
v -0.191826 0.097389 0.964375
v -0.056083 0.950719 0.281948
v -0.068423 0.702578 0.694714
v -0.053760 0.826144 0.545833
v -0.080457 0.552012 0.816897
v -0.089399 0.380232 0.907687
v -0.094906 0.193841 0.963595
v -0.097389 0.000000 0.988806
v -0.019757 0.973614 0.200599
v -0.037030 0.917962 0.375976
v -0.178092 0.876269 0.429951
v -0.239671 0.768056 0.578617
v -0.292040 0.630328 0.705047
v -0.333186 0.468376 0.804382
v -0.361528 0.288424 0.872805
v -0.376281 0.097389 0.908422
v -0.110011 0.950719 0.265589
v -0.288424 0.000000 0.950807
v -0.281071 0.193841 0.926565
v -0.058513 0.973614 0.192890
v -0.109668 0.917962 0.361528
v -0.159214 0.826144 0.524857
v -0.202641 0.702578 0.668016
v -0.238280 0.552012 0.785504
v -0.264763 0.380232 0.872805
v -0.258549 0.876269 0.386946
v -0.347948 0.768056 0.520741
v -0.423976 0.630328 0.634525
v -0.483711 0.468376 0.723924
v -0.524857 0.288424 0.785504
v -0.546275 0.097389 0.817558
v -0.159711 0.950719 0.239024
v -0.386946 0.552012 0.723924
v -0.329070 0.702578 0.615647
v -0.429951 0.380232 0.804382
v -0.456434 0.193841 0.853927
v -0.468376 0.000000 0.876269
v -0.095019 0.973614 0.177768
v -0.178092 0.917962 0.333186
v -0.258549 0.826144 0.483711
v -0.329070 0.876269 0.329070
v -0.442854 0.768056 0.442854
v -0.539619 0.630328 0.539619
v -0.615647 0.468376 0.615647
v -0.668016 0.288424 0.668016
v -0.695276 0.097389 0.695276
v -0.203273 0.950719 0.203273
v -0.630327 0.000000 0.768056
v -0.127874 0.973614 0.155815
v -0.239671 0.917962 0.292040
v -0.347948 0.826144 0.423976
v -0.442854 0.702578 0.539619
v -0.520741 0.552012 0.634525
v -0.578617 0.380232 0.705046
v -0.614256 0.193841 0.748473
v -0.386946 0.876269 0.258549
v -0.520741 0.768056 0.347948
v -0.634525 0.630328 0.423976
v -0.723924 0.468376 0.483711
v -0.785504 0.288424 0.524857
v -0.817558 0.097389 0.546274
v -0.239024 0.950719 0.159711
v -0.705047 0.380232 0.578617
v -0.634525 0.552012 0.520741
v -0.748473 0.193841 0.614256
v -0.768056 0.000000 0.630327
v -0.155815 0.973614 0.127874
v -0.292040 0.917962 0.239671
v -0.423976 0.826144 0.347948
v -0.539619 0.702578 0.442854
v -0.109146 0.987361 0.045210
v -0.429951 0.876269 0.178091
v -0.578617 0.768056 0.239671
v -0.705047 0.630328 0.292040
v -0.804382 0.468376 0.333186
v -0.872805 0.288424 0.361528
v -0.908422 0.097389 0.376280
v -0.265589 0.950719 0.110010
v -0.177768 0.973614 0.095019
v -0.333186 0.917962 0.178091
v -0.483711 0.826144 0.258549
v -0.615647 0.702578 0.329070
v -0.723924 0.552012 0.386946
v -0.804382 0.380232 0.429951
v -0.853927 0.193841 0.456433
v -0.876269 0.000000 0.468375
v -0.456433 0.876269 0.090790
v -0.614256 0.768056 0.122183
v -0.748473 0.630328 0.148881
v -0.853927 0.468376 0.169857
v -0.926565 0.288424 0.184305
v -0.964375 0.097389 0.191826
v -0.281948 0.950719 0.056083
v -0.872805 0.380232 0.264762
v -0.785504 0.552012 0.238280
v -0.926565 0.193841 0.281070
v -0.950807 0.000000 0.288424
v -0.192890 0.973614 0.058513
v -0.361528 0.917962 0.109668
v -0.524857 0.826144 0.159213
v -0.668016 0.702578 0.202640
v -0.465376 0.876269 -0.000000
v -0.626290 0.768057 -0.000000
v -0.763137 0.630328 -0.000000
v -0.870656 0.468376 -0.000000
v -0.944717 0.288424 -0.000000
v -0.983268 0.097389 -0.000000
v -0.287471 0.950719 -0.000000
v -0.545833 0.826144 0.053760
v -0.375976 0.917962 0.037030
v -0.694714 0.702578 0.068423
v -0.816897 0.552012 0.080457
v -0.907687 0.380232 0.089399
v -0.963595 0.193841 0.094906
v -0.988806 0.000000 0.097388
v -0.200599 0.973614 0.019757
v -0.456433 0.876269 -0.090790
v -0.614256 0.768056 -0.122183
v -0.748473 0.630328 -0.148881
v -0.853927 0.468376 -0.169857
v -0.926565 0.288424 -0.184305
v -0.964375 0.097389 -0.191826
v -0.281948 0.950719 -0.056083
v -0.963595 0.193841 -0.094906
v -0.907687 0.380232 -0.089399
v -0.988806 0.000000 -0.097389
v -0.200599 0.973614 -0.019757
v -0.375976 0.917962 -0.037030
v -0.545833 0.826144 -0.053760
v -0.694713 0.702578 -0.068423
v -0.816896 0.552012 -0.080457
v -0.429951 0.876269 -0.178092
v -0.578617 0.768056 -0.239671
v -0.705047 0.630328 -0.292040
v -0.804382 0.468376 -0.333186
v -0.872805 0.288424 -0.361528
v -0.908421 0.097389 -0.376281
v -0.265589 0.950719 -0.110011
v -0.524857 0.826144 -0.159214
v -0.361528 0.917962 -0.109668
v -0.668016 0.702578 -0.202641
v -0.785504 0.552012 -0.238280
v -0.872805 0.380232 -0.264763
v -0.926565 0.193841 -0.281071
v -0.950807 0.000000 -0.288424
v -0.192890 0.973614 -0.058513
v -0.386945 0.876269 -0.258549
v -0.520741 0.768056 -0.347948
v -0.634525 0.630328 -0.423976
v -0.723924 0.468376 -0.483711
v -0.785504 0.288424 -0.524857
v -0.817558 0.097389 -0.546275
v -0.239024 0.950719 -0.159711
v -0.853927 0.193841 -0.456434
v -0.804382 0.380232 -0.429951
v -0.876268 0.000000 -0.468376
v -0.177768 0.973614 -0.095019
v -0.333186 0.917962 -0.178092
v -0.483711 0.826144 -0.258549
v -0.615647 0.702578 -0.329070
v -0.723924 0.552012 -0.386946
v -0.329070 0.876269 -0.329070
v -0.442854 0.768056 -0.442854
v -0.539619 0.630328 -0.539619
v -0.615647 0.468376 -0.615647
v -0.668016 0.288424 -0.668016
v -0.695275 0.097389 -0.695276
v -0.203273 0.950719 -0.203273
v -0.539619 0.702578 -0.442854
v -0.423976 0.826144 -0.347948
v -0.634525 0.552012 -0.520741
v -0.705046 0.380232 -0.578617
v -0.748473 0.193841 -0.614256
v -0.768055 0.000000 -0.630327
v -0.155815 0.973614 -0.127874
v -0.292040 0.917962 -0.239671
v -0.258549 0.876269 -0.386946
v -0.347948 0.768056 -0.520741
v -0.423976 0.630328 -0.634525
v -0.483711 0.468376 -0.723924
v -0.524857 0.288424 -0.785504
v -0.546274 0.097389 -0.817558
v -0.159710 0.950719 -0.239024
v -0.630327 0.000000 -0.768056
v -0.614256 0.193841 -0.748473
v -0.127874 0.973614 -0.155815
v -0.239671 0.917962 -0.292040
v -0.347948 0.826144 -0.423976
v -0.442854 0.702578 -0.539619
v -0.520741 0.552012 -0.634525
v -0.578617 0.380232 -0.705047
v -0.178091 0.876269 -0.429951
v -0.239671 0.768056 -0.578617
v -0.292040 0.630328 -0.705046
v -0.333186 0.468376 -0.804382
v -0.361528 0.288424 -0.872805
v -0.376280 0.097389 -0.908422
v -0.110010 0.950719 -0.265589
v -0.386945 0.552012 -0.723924
v -0.329070 0.702578 -0.615647
v -0.429951 0.380232 -0.804382
v -0.456433 0.193841 -0.853927
v -0.468375 0.000000 -0.876269
v -0.095019 0.973614 -0.177768
v -0.178091 0.917962 -0.333186
v -0.258549 0.826144 -0.483711
v -0.090790 0.876269 -0.456433
v -0.122183 0.768056 -0.614256
v -0.148880 0.630328 -0.748473
v -0.169857 0.468376 -0.853927
v -0.184305 0.288424 -0.926565
v -0.191826 0.097389 -0.964375
v -0.056083 0.950719 -0.281948
v -0.288424 0.000000 -0.950807
v -0.058513 0.973614 -0.192890
v -0.109668 0.917962 -0.361528
v -0.159213 0.826144 -0.524857
v -0.202640 0.702578 -0.668016
v -0.238280 0.552012 -0.785504
v -0.264762 0.380232 -0.872805
v -0.281070 0.193841 -0.926565
v 0.000000 0.876269 -0.465375
v 0.000000 0.768056 -0.626290
v 0.000000 0.950719 -0.287471
v -0.068423 0.702578 -0.694713
v -0.097388 0.000000 -0.988806
v -0.019757 0.973614 -0.200599
v -0.037030 0.917962 -0.375976
v -0.053760 0.826144 -0.545833
v 0.023048 0.987361 -0.115869
v 0.000000 0.097389 -0.983269
v 0.000000 0.630328 -0.763137
v 0.000000 0.987361 -0.118139
v 0.068423 0.702578 -0.694714
v 0.053760 0.826144 -0.545833
v 0.037030 0.917962 -0.375976
v 0.019757 0.973614 -0.200599
v 0.097389 0.000000 -0.988806
v 0.045210 0.987361 -0.109146
v 0.065634 0.987361 -0.098229
v 0.083537 0.987361 -0.083537
v 0.098229 0.987361 -0.065634
v 0.109146 0.987361 -0.045210
v 0.115869 0.987361 -0.023048
v 0.118139 0.987361 0.000000
v 0.115869 0.987361 0.023048
v 0.109146 0.987361 0.045210
v 0.098229 0.987361 0.065634
v 0.083537 0.987361 0.083537
v 0.065634 0.987361 0.098229
v 0.045210 0.987361 0.109146
v 0.023048 0.987361 0.115869
v -0.000000 0.987361 0.118139
v -0.023048 0.987361 0.115869
v -0.045210 0.987361 0.109146
v -0.065634 0.987361 0.098229
v -0.083537 0.987361 0.083537
v -0.098229 0.987361 0.065634
v -0.115869 0.987361 0.023048
v -0.118139 0.987361 -0.000000
v -0.115869 0.987361 -0.023048
v -0.109146 0.987361 -0.045210
v -0.098229 0.987361 -0.065634
v -0.083537 0.987361 -0.083537
v -0.065634 0.987361 -0.098229
v -0.045210 0.987361 -0.109146
v -0.023048 0.987361 -0.115869
v -0.080457 0.552012 -0.816897
v -0.089399 0.380232 -0.907687
v -0.094906 0.193841 -0.963595
v 0.085339 0.468376 -0.866461
v 0.074800 0.630328 -0.759459
v 0.061387 0.768056 -0.623272
v 0.045615 0.876269 -0.463133
v 0.028199 0.950696 -0.286312
v 0.013329 0.985270 -0.135336
v 0.096377 0.097389 -0.978530
v 0.092598 0.288424 -0.940165
v 0.221526 0.630328 -0.730274
v 0.252737 0.468376 -0.833163
v 0.274236 0.288424 -0.904035
v 0.285427 0.097389 -0.940926
v 0.039476 0.985270 -0.130136
v 0.135091 0.876269 -0.445335
v 0.083514 0.950696 -0.275309
v 0.181802 0.768056 -0.599320
v 0.463508 0.097389 -0.867163
v 0.064106 0.985270 -0.119934
v 0.135620 0.950696 -0.253726
v 0.219376 0.876269 -0.410423
v 0.295230 0.768056 -0.552337
v 0.359739 0.630328 -0.673024
v 0.410423 0.468376 -0.767848
v 0.445335 0.288424 -0.833163
v 0.397313 0.768056 -0.484127
v 0.484127 0.630328 -0.589911
v 0.552337 0.468376 -0.673024
v 0.599320 0.288424 -0.730274
v 0.623777 0.097389 -0.760074
v 0.086272 0.985270 -0.105123
v 0.182513 0.950696 -0.222393
v 0.295230 0.876269 -0.359739
v 0.760074 0.097389 -0.623777
v 0.105123 0.985270 -0.086272
v 0.222393 0.950696 -0.182513
v 0.359739 0.876269 -0.295230
v 0.484127 0.768056 -0.397313
v 0.589911 0.630328 -0.484127
v 0.673024 0.468376 -0.552337
v 0.730274 0.288424 -0.599320
v 0.673024 0.630328 -0.359739
v 0.767848 0.468376 -0.410423
v 0.833163 0.288424 -0.445335
v 0.867163 0.097389 -0.463508
v 0.119934 0.985270 -0.064106
v 0.253726 0.950696 -0.135620
v 0.410423 0.876269 -0.219376
v 0.552337 0.768056 -0.295230
v 0.130136 0.985270 -0.039476
v 0.275309 0.950696 -0.083514
v 0.445335 0.876269 -0.135091
v 0.599320 0.768056 -0.181802
v 0.730274 0.630328 -0.221526
v 0.833163 0.468376 -0.252737
v 0.904035 0.288424 -0.274236
v 0.940926 0.097389 -0.285427
v 0.759459 0.630328 -0.074800
v 0.866461 0.468376 -0.085339
v 0.940165 0.288424 -0.092598
v 0.978530 0.097389 -0.096377
v 0.135336 0.985270 -0.013329
v 0.286312 0.950696 -0.028199
v 0.463133 0.876269 -0.045615
v 0.623272 0.768056 -0.061387
v 0.135336 0.985270 0.013329
v 0.286312 0.950696 0.028199
v 0.463133 0.876269 0.045615
v 0.623272 0.768056 0.061387
v 0.759459 0.630328 0.074800
v 0.866461 0.468376 0.085339
v 0.940165 0.288424 0.092598
v 0.978530 0.097389 0.096377
v 0.833163 0.468376 0.252737
v 0.904035 0.288424 0.274236
v 0.940926 0.097389 0.285427
v 0.130136 0.985270 0.039476
v 0.275309 0.950696 0.083514
v 0.445335 0.876269 0.135091
v 0.599320 0.768056 0.181802
v 0.730274 0.630328 0.221526
v 0.253726 0.950696 0.135620
v 0.410423 0.876269 0.219376
v 0.552337 0.768056 0.295230
v 0.673024 0.630328 0.359739
v 0.767848 0.468376 0.410423
v 0.833163 0.288424 0.445335
v 0.867162 0.097389 0.463508
v 0.119934 0.985270 0.064106
v 0.730274 0.288424 0.599320
v 0.760074 0.097389 0.623777
v 0.105123 0.985270 0.086272
v 0.222393 0.950696 0.182513
v 0.359739 0.876269 0.295230
v 0.484127 0.768056 0.397313
v 0.589910 0.630328 0.484127
v 0.673024 0.468376 0.552337
v 0.295230 0.876269 0.359739
v 0.397313 0.768056 0.484127
v 0.484127 0.630328 0.589911
v 0.552337 0.468376 0.673024
v 0.599320 0.288424 0.730274
v 0.623777 0.097389 0.760074
v 0.086272 0.985270 0.105123
v 0.182513 0.950696 0.222393
v 0.445335 0.288424 0.833163
v 0.463508 0.097389 0.867162
v 0.064106 0.985270 0.119934
v 0.135620 0.950696 0.253726
v 0.219376 0.876269 0.410423
v 0.295230 0.768056 0.552336
v 0.359739 0.630328 0.673024
v 0.410423 0.468376 0.767848
v 0.181802 0.768056 0.599320
v 0.221526 0.630328 0.730274
v 0.252737 0.468376 0.833163
v 0.274236 0.288424 0.904035
v 0.285426 0.097389 0.940926
v 0.039476 0.985270 0.130136
v 0.083514 0.950696 0.275309
v 0.135091 0.876269 0.445335
v 0.096377 0.097389 0.978530
v 0.013329 0.985270 0.135336
v 0.028199 0.950696 0.286312
v 0.045615 0.876269 0.463133
v 0.061387 0.768056 0.623272
v 0.074800 0.630328 0.759459
v 0.085339 0.468376 0.866461
v 0.092598 0.288424 0.940165
v -0.061387 0.768056 0.623272
v -0.074800 0.630328 0.759459
v -0.085339 0.468376 0.866461
v -0.092598 0.288424 0.940165
v -0.096377 0.097389 0.978530
v -0.013329 0.985270 0.135336
v -0.028199 0.950696 0.286312
v -0.045615 0.876269 0.463133
v -0.285427 0.097389 0.940926
v -0.039476 0.985270 0.130136
v -0.083514 0.950696 0.275309
v -0.135091 0.876269 0.445335
v -0.181802 0.768056 0.599320
v -0.221526 0.630328 0.730274
v -0.252737 0.468376 0.833163
v -0.274236 0.288424 0.904035
v -0.359739 0.630328 0.673024
v -0.410423 0.468376 0.767847
v -0.445335 0.288424 0.833163
v -0.463508 0.097389 0.867162
v -0.064106 0.985270 0.119934
v -0.135620 0.950696 0.253726
v -0.219376 0.876269 0.410423
v -0.295230 0.768056 0.552336
v -0.086272 0.985270 0.105123
v -0.182513 0.950696 0.222393
v -0.295230 0.876269 0.359739
v -0.397313 0.768056 0.484127
v -0.484127 0.630328 0.589910
v -0.552336 0.468376 0.673024
v -0.599320 0.288424 0.730273
v -0.623777 0.097389 0.760074
v -0.673024 0.468376 0.552336
v -0.730274 0.288424 0.599320
v -0.760074 0.097389 0.623776
v -0.105123 0.985270 0.086272
v -0.222393 0.950696 0.182513
v -0.359739 0.876269 0.295230
v -0.484127 0.768056 0.397313
v -0.589911 0.630328 0.484127
v -0.119934 0.985270 0.064106
v -0.253726 0.950696 0.135619
v -0.410423 0.876269 0.219376
v -0.552336 0.768056 0.295230
v -0.673024 0.630328 0.359739
v -0.767847 0.468376 0.410423
v -0.833163 0.288424 0.445335
v -0.867162 0.097389 0.463507
v -0.833163 0.468376 0.252737
v -0.904035 0.288424 0.274236
v -0.940926 0.097389 0.285426
v -0.130136 0.985270 0.039476
v -0.275309 0.950696 0.083514
v -0.445335 0.876269 0.135091
v -0.599320 0.768056 0.181802
v -0.730273 0.630328 0.221526
v -0.463133 0.876269 0.045615
v -0.623272 0.768057 0.061387
v -0.759459 0.630328 0.074800
v -0.866461 0.468376 0.085339
v -0.940165 0.288424 0.092598
v -0.978530 0.097389 0.096376
v -0.135336 0.985270 0.013329
v -0.286312 0.950696 0.028199
v -0.940165 0.288424 -0.092598
v -0.978530 0.097389 -0.096377
v -0.135336 0.985270 -0.013329
v -0.286312 0.950696 -0.028199
v -0.463133 0.876269 -0.045615
v -0.623272 0.768056 -0.061387
v -0.759459 0.630328 -0.074800
v -0.866461 0.468376 -0.085339
v -0.445335 0.876269 -0.135091
v -0.599320 0.768056 -0.181802
v -0.730273 0.630328 -0.221526
v -0.833163 0.468376 -0.252737
v -0.904034 0.288424 -0.274236
v -0.940925 0.097389 -0.285427
v -0.130136 0.985270 -0.039476
v -0.275309 0.950696 -0.083514
v -0.833163 0.288424 -0.445335
v -0.867162 0.097389 -0.463508
v -0.119934 0.985270 -0.064106
v -0.253726 0.950696 -0.135619
v -0.410423 0.876269 -0.219376
v -0.552336 0.768056 -0.295230
v -0.673024 0.630328 -0.359739
v -0.767847 0.468376 -0.410423
v -0.484127 0.768056 -0.397313
v -0.589910 0.630328 -0.484127
v -0.673024 0.468376 -0.552336
v -0.730273 0.288424 -0.599320
v -0.760073 0.097389 -0.623777
v -0.105123 0.985270 -0.086272
v -0.222393 0.950696 -0.182513
v -0.359739 0.876269 -0.295230
v -0.623776 0.097389 -0.760074
v -0.086272 0.985270 -0.105123
v -0.182513 0.950696 -0.222393
v -0.295230 0.876269 -0.359739
v -0.397313 0.768056 -0.484127
v -0.484127 0.630328 -0.589910
v -0.552336 0.468376 -0.673024
v -0.599320 0.288424 -0.730273
v -0.359739 0.630328 -0.673024
v -0.410423 0.468376 -0.767847
v -0.445335 0.288424 -0.833163
v -0.463507 0.097389 -0.867162
v -0.064106 0.985270 -0.119934
v -0.135619 0.950696 -0.253726
v -0.219375 0.876269 -0.410423
v -0.295230 0.768056 -0.552336
v -0.039476 0.985270 -0.130135
v -0.083514 0.950696 -0.275309
v -0.135091 0.876269 -0.445335
v -0.181802 0.768056 -0.599320
v -0.221526 0.630328 -0.730273
v -0.252737 0.468376 -0.833163
v -0.274236 0.288424 -0.904034
v -0.285426 0.097389 -0.940925
v -0.074800 0.630328 -0.759459
v -0.085339 0.468376 -0.866461
v -0.092598 0.288424 -0.940165
v -0.096376 0.097389 -0.978530
v -0.013329 0.985270 -0.135336
v -0.028199 0.950696 -0.286312
v -0.045614 0.876269 -0.463133
v -0.061387 0.768056 -0.623272
vn 0.0445 0.4249 -0.9041
vn 0.0422 0.5112 -0.8584
vn 0.1261 0.5112 -0.8502
vn 0.1328 0.4249 -0.8954
vn 0.0395 0.5928 -0.8044
vn 0.0365 0.6687 -0.7426
vn 0.1091 0.6687 -0.7355
vn 0.1181 0.5928 -0.7966
vn 0.0331 0.7384 -0.6735
vn 0.0294 0.8010 -0.5979
vn 0.0878 0.8010 -0.5922
vn 0.0989 0.7384 -0.6670
vn 0.0254 0.8560 -0.5163
vn 0.0211 0.9027 -0.4297
vn 0.0631 0.9027 -0.4256
vn 0.0758 0.8560 -0.5114
vn 0.0159 0.9399 -0.3412
vn 0.0057 0.9666 -0.2561
vn 0.0443 0.9666 -0.2523
vn 0.0510 0.9399 -0.3377
vn -0.0253 0.9851 -0.1703
vn 0.0088 0.9959 -0.0897
vn 0.0580 0.9851 -0.1621
vn 0.0488 0.1053 -0.9932
vn 0.0485 0.1536 -0.9869
vn 0.1450 0.1536 -0.9775
vn 0.1459 0.1053 -0.9837
vn 0.0477 0.2413 -0.9693
vn 0.0463 0.3346 -0.9412
vn 0.1382 0.3346 -0.9322
vn 0.1424 0.2413 -0.9600
vn 0.1957 0.5928 -0.7812
vn 0.1807 0.6687 -0.7212
vn 0.2505 0.6687 -0.7001
vn 0.2713 0.5928 -0.7583
vn 0.2200 0.4249 -0.8781
vn 0.2089 0.5112 -0.8337
vn 0.2895 0.5112 -0.8092
vn 0.3049 0.4249 -0.8523
vn 0.2358 0.2413 -0.9414
vn 0.2290 0.3346 -0.9141
vn 0.3174 0.3346 -0.8873
vn 0.3269 0.2413 -0.9137
vn 0.2417 0.1053 -0.9646
vn 0.2401 0.1536 -0.9585
vn 0.3329 0.1536 -0.9304
vn 0.3350 0.1053 -0.9363
vn 0.0084 0.9851 -0.1720
vn 0.0262 0.9959 -0.0862
vn 0.0885 0.9851 -0.1476
vn 0.1256 0.8560 -0.5015
vn 0.1046 0.9027 -0.4174
vn 0.1449 0.9027 -0.4051
vn 0.1741 0.8560 -0.4867
vn 0.0822 0.9399 -0.3315
vn 0.0556 0.9666 -0.2500
vn 0.0927 0.9666 -0.2388
vn 0.1159 0.9399 -0.3213
vn 0.1639 0.7384 -0.6541
vn 0.1455 0.8010 -0.5807
vn 0.2017 0.8010 -0.5637
vn 0.2272 0.7384 -0.6349
vn 0.4252 0.1053 -0.8989
vn 0.4225 0.1536 -0.8933
vn 0.5080 0.1536 -0.8476
vn 0.5112 0.1053 -0.8530
vn 0.0418 0.9851 -0.1670
vn 0.0425 0.9959 -0.0795
vn 0.1156 0.9851 -0.1275
vn 0.1453 0.9399 -0.3091
vn 0.1033 0.9666 -0.2344
vn 0.1375 0.9666 -0.2161
vn 0.1763 0.9399 -0.2925
vn 0.2210 0.8560 -0.4673
vn 0.1840 0.9027 -0.3889
vn 0.2212 0.9027 -0.3691
vn 0.2658 0.8560 -0.4434
vn 0.2883 0.7384 -0.6096
vn 0.2560 0.8010 -0.5412
vn 0.3078 0.8010 -0.5135
vn 0.3467 0.7384 -0.5784
vn 0.3444 0.5928 -0.7280
vn 0.3179 0.6687 -0.6721
vn 0.3822 0.6687 -0.6378
vn 0.4140 0.5928 -0.6908
vn 0.3871 0.4249 -0.8183
vn 0.3675 0.5112 -0.7769
vn 0.4418 0.5112 -0.7372
vn 0.4653 0.4249 -0.7765
vn 0.4150 0.2413 -0.8773
vn 0.4029 0.3346 -0.8519
vn 0.4844 0.3346 -0.8083
vn 0.4989 0.2413 -0.8324
vn 0.4017 0.7384 -0.5416
vn 0.3566 0.8010 -0.4808
vn 0.4020 0.8010 -0.4436
vn 0.4528 0.7384 -0.4997
vn 0.4798 0.5928 -0.6468
vn 0.4429 0.6687 -0.5972
vn 0.4993 0.6687 -0.5509
vn 0.5408 0.5928 -0.5967
vn 0.5393 0.4249 -0.7271
vn 0.5120 0.5112 -0.6903
vn 0.5772 0.5112 -0.6368
vn 0.6079 0.4249 -0.6708
vn 0.5781 0.2413 -0.7795
vn 0.5614 0.3346 -0.7569
vn 0.6328 0.3346 -0.6983
vn 0.6517 0.2413 -0.7191
vn 0.5924 0.1053 -0.7987
vn 0.5887 0.1536 -0.7937
vn 0.6636 0.1536 -0.7322
vn 0.6678 0.1053 -0.7369
vn 0.0736 0.9851 -0.1556
vn 0.0572 0.9959 -0.0697
vn 0.1383 0.9851 -0.1025
vn 0.2028 0.9399 -0.2749
vn 0.1470 0.9666 -0.2097
vn 0.1770 0.9666 -0.1851
vn 0.2300 0.9399 -0.2525
vn 0.3080 0.8560 -0.4152
vn 0.2563 0.9027 -0.3456
vn 0.2889 0.9027 -0.3188
vn 0.3472 0.8560 -0.3831
vn 0.7369 0.1053 -0.6678
vn 0.7322 0.1536 -0.6636
vn 0.7937 0.1536 -0.5887
vn 0.7987 0.1053 -0.5924
vn 0.1025 0.9851 -0.1383
vn 0.0697 0.9959 -0.0572
vn 0.1556 0.9851 -0.0736
vn 0.2525 0.9399 -0.2300
vn 0.1851 0.9666 -0.1770
vn 0.2097 0.9666 -0.1470
vn 0.2749 0.9399 -0.2028
vn 0.3831 0.8560 -0.3472
vn 0.3188 0.9027 -0.2889
vn 0.3456 0.9027 -0.2563
vn 0.4152 0.8560 -0.3080
vn 0.4997 0.7384 -0.4528
vn 0.4436 0.8010 -0.4020
vn 0.4808 0.8010 -0.3566
vn 0.5416 0.7384 -0.4017
vn 0.5967 0.5928 -0.5408
vn 0.5509 0.6687 -0.4993
vn 0.5972 0.6687 -0.4429
vn 0.6468 0.5928 -0.4798
vn 0.6708 0.4249 -0.6079
vn 0.6368 0.5112 -0.5772
vn 0.6903 0.5112 -0.5120
vn 0.7271 0.4249 -0.5393
vn 0.7191 0.2413 -0.6517
vn 0.6983 0.3346 -0.6328
vn 0.7569 0.3346 -0.5614
vn 0.7795 0.2413 -0.5781
vn 0.6908 0.5928 -0.4140
vn 0.6378 0.6687 -0.3822
vn 0.6721 0.6687 -0.3179
vn 0.7280 0.5928 -0.3444
vn 0.7765 0.4249 -0.4653
vn 0.7372 0.5112 -0.4418
vn 0.7769 0.5112 -0.3675
vn 0.8183 0.4249 -0.3871
vn 0.8324 0.2413 -0.4989
vn 0.8083 0.3346 -0.4844
vn 0.8519 0.3346 -0.4029
vn 0.8773 0.2413 -0.4150
vn 0.8530 0.1053 -0.5112
vn 0.8476 0.1536 -0.5080
vn 0.8933 0.1536 -0.4225
vn 0.8989 0.1053 -0.4252
vn 0.1275 0.9851 -0.1156
vn 0.0795 0.9959 -0.0425
vn 0.1670 0.9851 -0.0418
vn 0.2925 0.9399 -0.1763
vn 0.2161 0.9666 -0.1375
vn 0.2344 0.9666 -0.1033
vn 0.3091 0.9399 -0.1453
vn 0.4434 0.8560 -0.2658
vn 0.3691 0.9027 -0.2212
vn 0.3889 0.9027 -0.1840
vn 0.4673 0.8560 -0.2210
vn 0.5784 0.7384 -0.3467
vn 0.5135 0.8010 -0.3078
vn 0.5412 0.8010 -0.2560
vn 0.6096 0.7384 -0.2883
vn 0.1476 0.9851 -0.0885
vn 0.0862 0.9959 -0.0262
vn 0.1720 0.9851 -0.0084
vn 0.3213 0.9399 -0.1159
vn 0.2388 0.9666 -0.0927
vn 0.2500 0.9666 -0.0556
vn 0.3315 0.9399 -0.0822
vn 0.4867 0.8560 -0.1741
vn 0.4051 0.9027 -0.1449
vn 0.4174 0.9027 -0.1046
vn 0.5015 0.8560 -0.1256
vn 0.6349 0.7384 -0.2272
vn 0.5637 0.8010 -0.2017
vn 0.5807 0.8010 -0.1455
vn 0.6541 0.7384 -0.1639
vn 0.7583 0.5928 -0.2713
vn 0.7001 0.6687 -0.2505
vn 0.7212 0.6687 -0.1807
vn 0.7812 0.5928 -0.1957
vn 0.8523 0.4249 -0.3049
vn 0.8092 0.5112 -0.2895
vn 0.8337 0.5112 -0.2089
vn 0.8781 0.4249 -0.2200
vn 0.9137 0.2413 -0.3269
vn 0.8873 0.3346 -0.3174
vn 0.9141 0.3346 -0.2290
vn 0.9414 0.2413 -0.2358
vn 0.9363 0.1053 -0.3350
vn 0.9304 0.1536 -0.3329
vn 0.9585 0.1536 -0.2401
vn 0.9646 0.1053 -0.2417
vn 0.7966 0.5928 -0.1181
vn 0.7355 0.6687 -0.1091
vn 0.7426 0.6687 -0.0365
vn 0.8044 0.5928 -0.0395
vn 0.8954 0.4249 -0.1328
vn 0.8502 0.5112 -0.1261
vn 0.8584 0.5112 -0.0422
vn 0.9041 0.4249 -0.0445
vn 0.9600 0.2413 -0.1424
vn 0.9322 0.3346 -0.1382
vn 0.9412 0.3346 -0.0463
vn 0.9693 0.2413 -0.0477
vn 0.9837 0.1053 -0.1459
vn 0.9774 0.1536 -0.1450
vn 0.9869 0.1536 -0.0485
vn 0.9932 0.1053 -0.0488
vn 0.1621 0.9851 -0.0580
vn 0.0897 0.9959 -0.0088
vn 0.1703 0.9851 0.0253
vn 0.3377 0.9399 -0.0510
vn 0.2523 0.9666 -0.0443
vn 0.2561 0.9666 -0.0057
vn 0.3412 0.9399 -0.0159
vn 0.5114 0.8560 -0.0758
vn 0.4256 0.9027 -0.0631
vn 0.4297 0.9027 -0.0211
vn 0.5163 0.8560 -0.0254
vn 0.6670 0.7384 -0.0989
vn 0.5922 0.8010 -0.0878
vn 0.5979 0.8010 -0.0294
vn 0.6735 0.7384 -0.0331
vn 0.1703 0.9851 -0.0253
vn 0.0897 0.9959 0.0088
vn 0.1621 0.9851 0.0580
vn 0.3412 0.9399 0.0159
vn 0.2561 0.9666 0.0057
vn 0.2523 0.9666 0.0443
vn 0.3377 0.9399 0.0510
vn 0.5163 0.8560 0.0254
vn 0.4297 0.9027 0.0211
vn 0.4256 0.9027 0.0631
vn 0.5114 0.8560 0.0758
vn 0.6735 0.7384 0.0331
vn 0.5979 0.8010 0.0294
vn 0.5922 0.8010 0.0878
vn 0.6670 0.7384 0.0989
vn 0.8044 0.5928 0.0395
vn 0.7426 0.6687 0.0365
vn 0.7355 0.6687 0.1091
vn 0.7966 0.5928 0.1181
vn 0.9041 0.4249 0.0445
vn 0.8584 0.5112 0.0422
vn 0.8502 0.5112 0.1261
vn 0.8954 0.4249 0.1328
vn 0.9693 0.2413 0.0477
vn 0.9412 0.3346 0.0463
vn 0.9322 0.3346 0.1382
vn 0.9600 0.2413 0.1424
vn 0.9932 0.1053 0.0488
vn 0.9869 0.1536 0.0485
vn 0.9774 0.1536 0.1450
vn 0.9837 0.1053 0.1459
vn 0.8781 0.4249 0.2200
vn 0.8337 0.5112 0.2089
vn 0.8092 0.5112 0.2895
vn 0.8523 0.4249 0.3049
vn 0.9414 0.2413 0.2358
vn 0.9141 0.3346 0.2290
vn 0.8873 0.3346 0.3174
vn 0.9137 0.2413 0.3269
vn 0.9646 0.1053 0.2417
vn 0.9585 0.1536 0.2401
vn 0.9304 0.1536 0.3329
vn 0.9363 0.1053 0.3350
vn 0.1720 0.9851 0.0084
vn 0.0862 0.9959 0.0262
vn 0.1476 0.9851 0.0885
vn 0.3315 0.9399 0.0822
vn 0.2500 0.9666 0.0556
vn 0.2388 0.9666 0.0927
vn 0.3213 0.9399 0.1159
vn 0.5015 0.8560 0.1256
vn 0.4174 0.9027 0.1046
vn 0.4051 0.9027 0.1449
vn 0.4867 0.8560 0.1741
vn 0.6541 0.7384 0.1639
vn 0.5807 0.8010 0.1455
vn 0.5637 0.8010 0.2017
vn 0.6349 0.7384 0.2272
vn 0.7812 0.5928 0.1957
vn 0.7212 0.6687 0.1807
vn 0.7001 0.6687 0.2505
vn 0.7583 0.5928 0.2713
vn 0.3091 0.9399 0.1453
vn 0.2344 0.9666 0.1033
vn 0.2161 0.9666 0.1375
vn 0.2925 0.9399 0.1763
vn 0.4673 0.8560 0.2210
vn 0.3889 0.9027 0.1840
vn 0.3691 0.9027 0.2212
vn 0.4434 0.8560 0.2658
vn 0.6096 0.7384 0.2883
vn 0.5412 0.8010 0.2560
vn 0.5135 0.8010 0.3078
vn 0.5784 0.7384 0.3467
vn 0.7280 0.5928 0.3444
vn 0.6721 0.6687 0.3179
vn 0.6378 0.6687 0.3822
vn 0.6908 0.5928 0.4140
vn 0.8183 0.4249 0.3871
vn 0.7769 0.5112 0.3675
vn 0.7372 0.5112 0.4418
vn 0.7765 0.4249 0.4653
vn 0.8773 0.2413 0.4150
vn 0.8519 0.3346 0.4029
vn 0.8083 0.3346 0.4844
vn 0.8324 0.2413 0.4989
vn 0.8989 0.1053 0.4252
vn 0.8933 0.1536 0.4225
vn 0.8476 0.1536 0.5080
vn 0.8530 0.1053 0.5112
vn 0.1670 0.9851 0.0418
vn 0.0795 0.9959 0.0425
vn 0.1275 0.9851 0.1156
vn 0.7795 0.2413 0.5781
vn 0.7569 0.3346 0.5614
vn 0.6983 0.3346 0.6328
vn 0.7191 0.2413 0.6517
vn 0.7987 0.1053 0.5924
vn 0.7937 0.1536 0.5887
vn 0.7322 0.1536 0.6636
vn 0.7369 0.1053 0.6678
vn 0.1556 0.9851 0.0736
vn 0.0697 0.9959 0.0572
vn 0.1025 0.9851 0.1383
vn 0.2749 0.9399 0.2028
vn 0.2097 0.9666 0.1470
vn 0.1851 0.9666 0.1770
vn 0.2525 0.9399 0.2300
vn 0.4152 0.8560 0.3080
vn 0.3456 0.9027 0.2563
vn 0.3188 0.9027 0.2889
vn 0.3831 0.8560 0.3472
vn 0.5416 0.7384 0.4017
vn 0.4808 0.8010 0.3566
vn 0.4436 0.8010 0.4020
vn 0.4997 0.7384 0.4528
vn 0.6468 0.5928 0.4798
vn 0.5972 0.6687 0.4429
vn 0.5509 0.6687 0.4993
vn 0.5967 0.5928 0.5408
vn 0.7271 0.4249 0.5393
vn 0.6903 0.5112 0.5120
vn 0.6368 0.5112 0.5772
vn 0.6708 0.4249 0.6079
vn 0.3472 0.8560 0.3831
vn 0.2889 0.9027 0.3188
vn 0.2563 0.9027 0.3456
vn 0.3080 0.8560 0.4152
vn 0.4528 0.7384 0.4997
vn 0.4020 0.8010 0.4436
vn 0.3566 0.8010 0.4808
vn 0.4017 0.7384 0.5416
vn 0.5408 0.5928 0.5967
vn 0.4993 0.6687 0.5509
vn 0.4429 0.6687 0.5972
vn 0.4798 0.5928 0.6468
vn 0.6079 0.4249 0.6708
vn 0.5772 0.5112 0.6368
vn 0.5120 0.5112 0.6903
vn 0.5393 0.4249 0.7271
vn 0.6517 0.2413 0.7191
vn 0.6328 0.3346 0.6983
vn 0.5614 0.3346 0.7569
vn 0.5781 0.2413 0.7795
vn 0.6678 0.1053 0.7369
vn 0.6636 0.1536 0.7322
vn 0.5887 0.1536 0.7937
vn 0.5924 0.1053 0.7987
vn 0.1383 0.9851 0.1025
vn 0.0572 0.9959 0.0697
vn 0.0736 0.9851 0.1556
vn 0.2300 0.9399 0.2525
vn 0.1770 0.9666 0.1851
vn 0.1470 0.9666 0.2097
vn 0.2028 0.9399 0.2749
vn 0.4989 0.2413 0.8324
vn 0.4844 0.3346 0.8083
vn 0.4029 0.3346 0.8519
vn 0.4150 0.2413 0.8773
vn 0.5112 0.1053 0.8530
vn 0.5080 0.1536 0.8476
vn 0.4225 0.1536 0.8933
vn 0.4252 0.1053 0.8989
vn 0.1156 0.9851 0.1275
vn 0.0425 0.9959 0.0795
vn 0.0418 0.9851 0.1670
vn 0.1763 0.9399 0.2925
vn 0.1375 0.9666 0.2161
vn 0.1033 0.9666 0.2344
vn 0.1453 0.9399 0.3091
vn 0.2658 0.8560 0.4434
vn 0.2212 0.9027 0.3691
vn 0.1840 0.9027 0.3889
vn 0.2210 0.8560 0.4673
vn 0.3467 0.7384 0.5784
vn 0.3078 0.8010 0.5135
vn 0.2560 0.8010 0.5412
vn 0.2883 0.7384 0.6096
vn 0.4140 0.5928 0.6908
vn 0.3822 0.6687 0.6378
vn 0.3179 0.6687 0.6721
vn 0.3444 0.5928 0.7280
vn 0.4653 0.4249 0.7765
vn 0.4418 0.5112 0.7372
vn 0.3675 0.5112 0.7769
vn 0.3871 0.4249 0.8183
vn 0.2272 0.7384 0.6349
vn 0.2017 0.8010 0.5637
vn 0.1455 0.8010 0.5807
vn 0.1639 0.7384 0.6541
vn 0.2713 0.5928 0.7583
vn 0.2505 0.6687 0.7001
vn 0.1807 0.6687 0.7212
vn 0.1957 0.5928 0.7812
vn 0.3049 0.4249 0.8523
vn 0.2895 0.5112 0.8092
vn 0.2089 0.5112 0.8337
vn 0.2200 0.4249 0.8781
vn 0.3269 0.2413 0.9137
vn 0.3174 0.3346 0.8873
vn 0.2290 0.3346 0.9141
vn 0.2358 0.2413 0.9414
vn 0.3350 0.1053 0.9363
vn 0.3329 0.1536 0.9304
vn 0.2401 0.1536 0.9585
vn 0.2417 0.1053 0.9646
vn 0.0885 0.9851 0.1476
vn 0.0262 0.9959 0.0862
vn 0.0084 0.9851 0.1720
vn 0.1159 0.9399 0.3213
vn 0.0927 0.9666 0.2388
vn 0.0556 0.9666 0.2500
vn 0.0822 0.9399 0.3315
vn 0.1741 0.8560 0.4867
vn 0.1449 0.9027 0.4051
vn 0.1046 0.9027 0.4174
vn 0.1256 0.8560 0.5015
vn 0.1459 0.1053 0.9837
vn 0.1450 0.1536 0.9775
vn 0.0485 0.1536 0.9869
vn 0.0488 0.1053 0.9932
vn 0.0580 0.9851 0.1621
vn 0.0088 0.9959 0.0897
vn -0.0253 0.9851 0.1703
vn 0.0510 0.9399 0.3377
vn 0.0443 0.9666 0.2523
vn 0.0057 0.9666 0.2561
vn 0.0159 0.9399 0.3412
vn 0.0758 0.8560 0.5114
vn 0.0631 0.9027 0.4256
vn 0.0211 0.9027 0.4297
vn 0.0254 0.8560 0.5163
vn 0.0989 0.7384 0.6670
vn 0.0878 0.8010 0.5922
vn 0.0294 0.8010 0.5979
vn 0.0331 0.7384 0.6735
vn 0.1181 0.5928 0.7966
vn 0.1091 0.6687 0.7355
vn 0.0365 0.6687 0.7426
vn 0.0395 0.5928 0.8044
vn 0.1328 0.4249 0.8954
vn 0.1261 0.5112 0.8502
vn 0.0422 0.5112 0.8584
vn 0.0445 0.4249 0.9041
vn 0.1424 0.2413 0.9600
vn 0.1382 0.3346 0.9322
vn 0.0463 0.3346 0.9412
vn 0.0477 0.2413 0.9693
vn -0.0331 0.7384 0.6735
vn -0.0294 0.8010 0.5979
vn -0.0878 0.8010 0.5922
vn -0.0989 0.7384 0.6670
vn -0.0395 0.5928 0.8044
vn -0.0365 0.6687 0.7426
vn -0.1091 0.6687 0.7355
vn -0.1181 0.5928 0.7966
vn -0.0445 0.4249 0.9041
vn -0.0422 0.5112 0.8584
vn -0.1261 0.5112 0.8502
vn -0.1328 0.4249 0.8954
vn -0.0477 0.2413 0.9693
vn -0.0463 0.3346 0.9412
vn -0.1382 0.3346 0.9322
vn -0.1424 0.2413 0.9600
vn -0.0488 0.1053 0.9932
vn -0.0485 0.1536 0.9869
vn -0.1450 0.1536 0.9774
vn -0.1459 0.1053 0.9837
vn 0.0253 0.9851 0.1703
vn -0.0088 0.9959 0.0897
vn -0.0580 0.9851 0.1621
vn -0.0159 0.9399 0.3412
vn -0.0057 0.9666 0.2561
vn -0.0443 0.9666 0.2523
vn -0.0510 0.9399 0.3377
vn -0.0254 0.8560 0.5163
vn -0.0211 0.9027 0.4297
vn -0.0631 0.9027 0.4256
vn -0.0758 0.8560 0.5114
vn -0.2417 0.1053 0.9646
vn -0.2401 0.1536 0.9585
vn -0.3329 0.1536 0.9304
vn -0.3350 0.1053 0.9363
vn -0.0084 0.9851 0.1720
vn -0.0262 0.9959 0.0862
vn -0.0885 0.9851 0.1476
vn -0.0822 0.9399 0.3315
vn -0.0556 0.9666 0.2500
vn -0.0927 0.9666 0.2388
vn -0.1159 0.9399 0.3213
vn -0.1256 0.8560 0.5015
vn -0.1046 0.9027 0.4174
vn -0.1449 0.9027 0.4051
vn -0.1741 0.8560 0.4867
vn -0.1639 0.7384 0.6541
vn -0.1455 0.8010 0.5807
vn -0.2017 0.8010 0.5637
vn -0.2272 0.7384 0.6349
vn -0.1957 0.5928 0.7812
vn -0.1807 0.6687 0.7212
vn -0.2505 0.6687 0.7001
vn -0.2713 0.5928 0.7583
vn -0.2200 0.4249 0.8781
vn -0.2089 0.5112 0.8337
vn -0.2895 0.5112 0.8092
vn -0.3049 0.4249 0.8523
vn -0.2358 0.2413 0.9414
vn -0.2290 0.3346 0.9141
vn -0.3174 0.3346 0.8873
vn -0.3269 0.2413 0.9137
vn -0.3444 0.5928 0.7280
vn -0.3179 0.6687 0.6721
vn -0.3822 0.6687 0.6378
vn -0.4140 0.5928 0.6908
vn -0.3871 0.4249 0.8183
vn -0.3675 0.5112 0.7769
vn -0.4418 0.5112 0.7372
vn -0.4653 0.4249 0.7765
vn -0.4150 0.2413 0.8773
vn -0.4029 0.3346 0.8519
vn -0.4844 0.3346 0.8083
vn -0.4989 0.2413 0.8324
vn -0.4252 0.1053 0.8989
vn -0.4225 0.1536 0.8933
vn -0.5080 0.1536 0.8476
vn -0.5112 0.1053 0.8530
vn -0.0418 0.9851 0.1670
vn -0.0425 0.9959 0.0795
vn -0.1156 0.9851 0.1275
vn -0.1453 0.9399 0.3091
vn -0.1033 0.9666 0.2344
vn -0.1375 0.9666 0.2161
vn -0.1763 0.9399 0.2925
vn -0.2210 0.8560 0.4673
vn -0.1840 0.9027 0.3889
vn -0.2212 0.9027 0.3691
vn -0.2658 0.8560 0.4434
vn -0.2883 0.7384 0.6096
vn -0.2560 0.8010 0.5412
vn -0.3078 0.8010 0.5135
vn -0.3467 0.7384 0.5784
vn -0.0736 0.9851 0.1556
vn -0.0572 0.9959 0.0697
vn -0.1383 0.9851 0.1025
vn -0.2028 0.9399 0.2749
vn -0.1470 0.9666 0.2097
vn -0.1770 0.9666 0.1851
vn -0.2300 0.9399 0.2525
vn -0.3080 0.8560 0.4152
vn -0.2563 0.9027 0.3456
vn -0.2889 0.9027 0.3188
vn -0.3472 0.8560 0.3831
vn -0.4017 0.7384 0.5416
vn -0.3566 0.8010 0.4808
vn -0.4020 0.8010 0.4436
vn -0.4528 0.7384 0.4997
vn -0.4798 0.5928 0.6468
vn -0.4429 0.6687 0.5972
vn -0.4993 0.6687 0.5509
vn -0.5408 0.5928 0.5967
vn -0.5393 0.4249 0.7271
vn -0.5120 0.5112 0.6903
vn -0.5772 0.5112 0.6368
vn -0.6079 0.4249 0.6708
vn -0.5781 0.2413 0.7795
vn -0.5614 0.3346 0.7569
vn -0.6328 0.3346 0.6983
vn -0.6517 0.2413 0.7191
vn -0.5924 0.1053 0.7987
vn -0.5887 0.1536 0.7937
vn -0.6636 0.1536 0.7322
vn -0.6678 0.1053 0.7369
vn -0.6708 0.4249 0.6079
vn -0.6368 0.5112 0.5772
vn -0.6903 0.5112 0.5120
vn -0.7271 0.4249 0.5393
vn -0.7191 0.2413 0.6517
vn -0.6983 0.3346 0.6328
vn -0.7569 0.3346 0.5614
vn -0.7795 0.2413 0.5781
vn -0.7369 0.1053 0.6678
vn -0.7322 0.1536 0.6636
vn -0.7937 0.1536 0.5887
vn -0.7987 0.1053 0.5924
vn -0.1025 0.9851 0.1383
vn -0.0697 0.9959 0.0572
vn -0.1556 0.9851 0.0736
vn -0.2525 0.9399 0.2300
vn -0.1851 0.9666 0.1770
vn -0.2097 0.9666 0.1470
vn -0.2749 0.9399 0.2028
vn -0.3831 0.8560 0.3472
vn -0.3188 0.9027 0.2889
vn -0.3456 0.9027 0.2563
vn -0.4152 0.8560 0.3080
vn -0.4997 0.7384 0.4528
vn -0.4436 0.8010 0.4020
vn -0.4808 0.8010 0.3566
vn -0.5416 0.7384 0.4017
vn -0.5967 0.5928 0.5408
vn -0.5509 0.6687 0.4993
vn -0.5972 0.6687 0.4429
vn -0.6468 0.5928 0.4798
vn -0.1275 0.9851 0.1156
vn -0.0795 0.9959 0.0425
vn -0.1670 0.9851 0.0418
vn -0.2925 0.9399 0.1763
vn -0.2161 0.9666 0.1375
vn -0.2344 0.9666 0.1033
vn -0.3091 0.9399 0.1453
vn -0.4434 0.8560 0.2658
vn -0.3691 0.9027 0.2212
vn -0.3889 0.9027 0.1840
vn -0.4673 0.8560 0.2210
vn -0.5784 0.7384 0.3467
vn -0.5135 0.8010 0.3078
vn -0.5412 0.8010 0.2560
vn -0.6096 0.7384 0.2883
vn -0.6908 0.5928 0.4140
vn -0.6378 0.6687 0.3822
vn -0.6721 0.6687 0.3179
vn -0.7280 0.5928 0.3444
vn -0.7765 0.4249 0.4653
vn -0.7372 0.5112 0.4418
vn -0.7769 0.5112 0.3675
vn -0.8183 0.4249 0.3871
vn -0.8324 0.2413 0.4989
vn -0.8083 0.3346 0.4844
vn -0.8519 0.3346 0.4029
vn -0.8773 0.2413 0.4150
vn -0.8530 0.1053 0.5112
vn -0.8476 0.1536 0.5080
vn -0.8933 0.1536 0.4225
vn -0.8989 0.1053 0.4252
vn -0.8523 0.4249 0.3049
vn -0.8092 0.5112 0.2895
vn -0.8337 0.5112 0.2089
vn -0.8781 0.4249 0.2200
vn -0.9137 0.2413 0.3269
vn -0.8873 0.3346 0.3174
vn -0.9141 0.3346 0.2290
vn -0.9414 0.2413 0.2358
vn -0.9363 0.1053 0.3350
vn -0.9304 0.1536 0.3329
vn -0.9585 0.1536 0.2401
vn -0.9646 0.1053 0.2417
vn -0.1476 0.9851 0.0885
vn -0.0862 0.9959 0.0262
vn -0.1720 0.9851 0.0084
vn -0.3213 0.9399 0.1159
vn -0.2388 0.9666 0.0927
vn -0.2500 0.9666 0.0556
vn -0.3315 0.9399 0.0822
vn -0.4867 0.8560 0.1741
vn -0.4051 0.9027 0.1449
vn -0.4174 0.9027 0.1046
vn -0.5015 0.8560 0.1256
vn -0.6349 0.7384 0.2272
vn -0.5637 0.8010 0.2017
vn -0.5807 0.8010 0.1455
vn -0.6541 0.7384 0.1639
vn -0.7583 0.5928 0.2713
vn -0.7001 0.6687 0.2505
vn -0.7212 0.6687 0.1807
vn -0.7812 0.5928 0.1957
vn -0.5114 0.8560 0.0758
vn -0.4256 0.9027 0.0631
vn -0.4297 0.9027 0.0211
vn -0.5163 0.8560 0.0254
vn -0.6670 0.7384 0.0989
vn -0.5922 0.8010 0.0878
vn -0.5979 0.8010 0.0294
vn -0.6735 0.7384 0.0331
vn -0.7966 0.5928 0.1181
vn -0.7355 0.6687 0.1091
vn -0.7426 0.6687 0.0365
vn -0.8044 0.5928 0.0395
vn -0.8954 0.4249 0.1328
vn -0.8502 0.5112 0.1261
vn -0.8584 0.5112 0.0422
vn -0.9041 0.4249 0.0445
vn -0.9600 0.2413 0.1424
vn -0.9322 0.3346 0.1382
vn -0.9412 0.3346 0.0463
vn -0.9693 0.2413 0.0477
vn -0.9837 0.1053 0.1459
vn -0.9775 0.1536 0.1450
vn -0.9869 0.1536 0.0485
vn -0.9932 0.1053 0.0488
vn -0.1621 0.9851 0.0580
vn -0.0897 0.9959 0.0088
vn -0.1703 0.9851 -0.0253
vn -0.3377 0.9399 0.0510
vn -0.2523 0.9666 0.0443
vn -0.2561 0.9666 0.0057
vn -0.3412 0.9399 0.0159
vn -0.9693 0.2413 -0.0477
vn -0.9412 0.3346 -0.0463
vn -0.9322 0.3346 -0.1382
vn -0.9600 0.2413 -0.1424
vn -0.9932 0.1053 -0.0488
vn -0.9869 0.1536 -0.0485
vn -0.9774 0.1536 -0.1450
vn -0.9837 0.1053 -0.1459
vn -0.1703 0.9851 0.0253
vn -0.0897 0.9959 -0.0088
vn -0.1621 0.9851 -0.0580
vn -0.3412 0.9399 -0.0159
vn -0.2561 0.9666 -0.0057
vn -0.2523 0.9666 -0.0443
vn -0.3377 0.9399 -0.0510
vn -0.5163 0.8560 -0.0254
vn -0.4297 0.9027 -0.0211
vn -0.4256 0.9027 -0.0631
vn -0.5114 0.8560 -0.0758
vn -0.6735 0.7384 -0.0331
vn -0.5979 0.8010 -0.0294
vn -0.5922 0.8010 -0.0878
vn -0.6670 0.7384 -0.0989
vn -0.8044 0.5928 -0.0395
vn -0.7426 0.6687 -0.0365
vn -0.7355 0.6687 -0.1091
vn -0.7966 0.5928 -0.1181
vn -0.9041 0.4249 -0.0445
vn -0.8584 0.5112 -0.0422
vn -0.8502 0.5112 -0.1261
vn -0.8954 0.4249 -0.1328
vn -0.5015 0.8560 -0.1256
vn -0.4174 0.9027 -0.1046
vn -0.4051 0.9027 -0.1449
vn -0.4867 0.8560 -0.1741
vn -0.6541 0.7384 -0.1639
vn -0.5807 0.8010 -0.1455
vn -0.5637 0.8010 -0.2017
vn -0.6349 0.7384 -0.2272
vn -0.7812 0.5928 -0.1957
vn -0.7212 0.6687 -0.1807
vn -0.7001 0.6687 -0.2505
vn -0.7583 0.5928 -0.2713
vn -0.8781 0.4249 -0.2200
vn -0.8337 0.5112 -0.2089
vn -0.8092 0.5112 -0.2895
vn -0.8523 0.4249 -0.3049
vn -0.9414 0.2413 -0.2358
vn -0.9141 0.3346 -0.2290
vn -0.8873 0.3346 -0.3174
vn -0.9137 0.2413 -0.3269
vn -0.9646 0.1053 -0.2417
vn -0.9585 0.1536 -0.2401
vn -0.9304 0.1536 -0.3329
vn -0.9363 0.1053 -0.3350
vn -0.1720 0.9851 -0.0084
vn -0.0862 0.9959 -0.0262
vn -0.1476 0.9851 -0.0885
vn -0.3315 0.9399 -0.0822
vn -0.2500 0.9666 -0.0556
vn -0.2388 0.9666 -0.0927
vn -0.3213 0.9399 -0.1159
vn -0.8773 0.2413 -0.4150
vn -0.8519 0.3346 -0.4029
vn -0.8083 0.3346 -0.4844
vn -0.8324 0.2413 -0.4989
vn -0.8989 0.1053 -0.4252
vn -0.8933 0.1536 -0.4225
vn -0.8476 0.1536 -0.5080
vn -0.8530 0.1053 -0.5112
vn -0.1670 0.9851 -0.0418
vn -0.0795 0.9959 -0.0425
vn -0.1275 0.9851 -0.1156
vn -0.3091 0.9399 -0.1453
vn -0.2344 0.9666 -0.1033
vn -0.2161 0.9666 -0.1375
vn -0.2925 0.9399 -0.1763
vn -0.4673 0.8560 -0.2210
vn -0.3889 0.9027 -0.1840
vn -0.3691 0.9027 -0.2212
vn -0.4434 0.8560 -0.2658
vn -0.6096 0.7384 -0.2883
vn -0.5412 0.8010 -0.2560
vn -0.5135 0.8010 -0.3078
vn -0.5784 0.7384 -0.3467
vn -0.7280 0.5928 -0.3444
vn -0.6721 0.6687 -0.3179
vn -0.6378 0.6687 -0.3822
vn -0.6908 0.5928 -0.4140
vn -0.8183 0.4249 -0.3871
vn -0.7769 0.5112 -0.3675
vn -0.7372 0.5112 -0.4418
vn -0.7765 0.4249 -0.4653
vn -0.5416 0.7384 -0.4017
vn -0.4808 0.8010 -0.3566
vn -0.4436 0.8010 -0.4020
vn -0.4997 0.7384 -0.4528
vn -0.6468 0.5928 -0.4798
vn -0.5972 0.6687 -0.4429
vn -0.5509 0.6687 -0.4993
vn -0.5967 0.5928 -0.5408
vn -0.7271 0.4249 -0.5393
vn -0.6903 0.5112 -0.5120
vn -0.6368 0.5112 -0.5772
vn -0.6708 0.4249 -0.6079
vn -0.7795 0.2413 -0.5781
vn -0.7569 0.3346 -0.5614
vn -0.6983 0.3346 -0.6328
vn -0.7191 0.2413 -0.6517
vn -0.7987 0.1053 -0.5924
vn -0.7937 0.1536 -0.5887
vn -0.7322 0.1536 -0.6636
vn -0.7369 0.1053 -0.6678
vn -0.1556 0.9851 -0.0736
vn -0.0697 0.9959 -0.0572
vn -0.1025 0.9851 -0.1383
vn -0.2749 0.9399 -0.2028
vn -0.2097 0.9666 -0.1470
vn -0.1851 0.9666 -0.1770
vn -0.2525 0.9399 -0.2300
vn -0.4152 0.8560 -0.3080
vn -0.3456 0.9027 -0.2563
vn -0.3188 0.9027 -0.2889
vn -0.3831 0.8560 -0.3472
vn -0.6678 0.1053 -0.7369
vn -0.6636 0.1536 -0.7322
vn -0.5887 0.1536 -0.7937
vn -0.5924 0.1053 -0.7987
vn -0.1383 0.9851 -0.1025
vn -0.0572 0.9959 -0.0697
vn -0.0736 0.9851 -0.1556
vn -0.2300 0.9399 -0.2525
vn -0.1770 0.9666 -0.1851
vn -0.1470 0.9666 -0.2097
vn -0.2028 0.9399 -0.2749
vn -0.3472 0.8560 -0.3831
vn -0.2889 0.9027 -0.3188
vn -0.2563 0.9027 -0.3456
vn -0.3080 0.8560 -0.4152
vn -0.4528 0.7384 -0.4997
vn -0.4020 0.8010 -0.4436
vn -0.3566 0.8010 -0.4808
vn -0.4017 0.7384 -0.5416
vn -0.5408 0.5928 -0.5967
vn -0.4993 0.6687 -0.5509
vn -0.4429 0.6687 -0.5972
vn -0.4798 0.5928 -0.6468
vn -0.6079 0.4249 -0.6708
vn -0.5772 0.5112 -0.6368
vn -0.5120 0.5112 -0.6903
vn -0.5393 0.4249 -0.7271
vn -0.6517 0.2413 -0.7191
vn -0.6328 0.3346 -0.6983
vn -0.5614 0.3346 -0.7569
vn -0.5781 0.2413 -0.7795
vn -0.4140 0.5928 -0.6908
vn -0.3822 0.6687 -0.6378
vn -0.3179 0.6687 -0.6721
vn -0.3444 0.5928 -0.7280
vn -0.4653 0.4249 -0.7765
vn -0.4418 0.5112 -0.7372
vn -0.3675 0.5112 -0.7769
vn -0.3871 0.4249 -0.8183
vn -0.4989 0.2413 -0.8324
vn -0.4844 0.3346 -0.8083
vn -0.4029 0.3346 -0.8519
vn -0.4150 0.2413 -0.8773
vn -0.5112 0.1053 -0.8530
vn -0.5080 0.1536 -0.8476
vn -0.4225 0.1536 -0.8933
vn -0.4252 0.1053 -0.8989
vn -0.1156 0.9851 -0.1275
vn -0.0425 0.9959 -0.0795
vn -0.0418 0.9851 -0.1670
vn -0.1763 0.9399 -0.2925
vn -0.1375 0.9666 -0.2161
vn -0.1033 0.9666 -0.2344
vn -0.1453 0.9399 -0.3091
vn -0.2658 0.8560 -0.4434
vn -0.2212 0.9027 -0.3691
vn -0.1840 0.9027 -0.3889
vn -0.2210 0.8560 -0.4673
vn -0.3467 0.7384 -0.5784
vn -0.3078 0.8010 -0.5135
vn -0.2560 0.8010 -0.5412
vn -0.2883 0.7384 -0.6096
vn -0.0885 0.9851 -0.1476
vn -0.0262 0.9959 -0.0862
vn -0.0084 0.9851 -0.1720
vn -0.1159 0.9399 -0.3213
vn -0.0927 0.9666 -0.2388
vn -0.0556 0.9666 -0.2500
vn -0.0822 0.9399 -0.3315
vn -0.1741 0.8560 -0.4867
vn -0.1449 0.9027 -0.4051
vn -0.1046 0.9027 -0.4174
vn -0.1256 0.8560 -0.5015
vn -0.2272 0.7384 -0.6349
vn -0.2017 0.8010 -0.5637
vn -0.1455 0.8010 -0.5807
vn -0.1639 0.7384 -0.6541
vn -0.2713 0.5928 -0.7583
vn -0.2505 0.6687 -0.7001
vn -0.1807 0.6687 -0.7212
vn -0.1957 0.5928 -0.7812
vn -0.3049 0.4249 -0.8523
vn -0.2895 0.5112 -0.8092
vn -0.2089 0.5112 -0.8337
vn -0.2200 0.4249 -0.8781
vn -0.3269 0.2413 -0.9137
vn -0.3174 0.3346 -0.8873
vn -0.2290 0.3346 -0.9141
vn -0.2358 0.2413 -0.9414
vn -0.3350 0.1053 -0.9363
vn -0.3329 0.1536 -0.9304
vn -0.2401 0.1536 -0.9585
vn -0.2417 0.1053 -0.9646
vn -0.1181 0.5928 -0.7966
vn -0.1091 0.6687 -0.7355
vn -0.0365 0.6687 -0.7426
vn -0.0396 0.5928 -0.8044
vn -0.1328 0.4249 -0.8954
vn -0.1261 0.5112 -0.8502
vn -0.0422 0.5112 -0.8584
vn -0.0445 0.4249 -0.9041
vn -0.1424 0.2413 -0.9600
vn -0.1382 0.3346 -0.9322
vn -0.0463 0.3346 -0.9412
vn -0.0477 0.2413 -0.9693
vn -0.1459 0.1053 -0.9837
vn -0.1450 0.1536 -0.9775
vn -0.0485 0.1536 -0.9869
vn -0.0488 0.1053 -0.9932
vn -0.0580 0.9851 -0.1621
vn -0.0088 0.9959 -0.0897
vn 0.0253 0.9851 -0.1703
vn -0.0510 0.9399 -0.3377
vn -0.0443 0.9666 -0.2523
vn -0.0057 0.9666 -0.2561
vn -0.0159 0.9399 -0.3412
vn -0.0758 0.8560 -0.5114
vn -0.0631 0.9027 -0.4256
vn -0.0211 0.9027 -0.4297
vn -0.0254 0.8560 -0.5163
vn -0.0989 0.7384 -0.6670
vn -0.0878 0.8010 -0.5922
vn -0.0294 0.8010 -0.5979
vn -0.0331 0.7384 -0.6735
vt 0.750000 0.625000
vt 0.750000 0.656250
vt 0.734375 0.656250
vt 0.734375 0.625000
vt 0.750000 0.687500
vt 0.734375 0.687500
vt 0.718750 0.687500
vt 0.718750 0.656250
vt 0.718750 0.625000
vt 0.750000 0.718750
vt 0.734375 0.718750
vt 0.750000 0.750000
vt 0.734375 0.750000
vt 0.718750 0.750000
vt 0.718750 0.718750
vt 0.750000 0.781250
vt 0.734375 0.781250
vt 0.750000 0.812500
vt 0.734375 0.812500
vt 0.718750 0.812500
vt 0.718750 0.781250
vt 0.750000 0.843750
vt 0.734375 0.843750
vt 0.750000 0.875000
vt 0.734375 0.875000
vt 0.718750 0.875000
vt 0.718750 0.843750
vt 0.750000 0.906105
vt 0.734375 0.905961
vt 0.750000 0.937500
vt 0.734375 0.935185
vt 0.718750 0.937500
vt 0.718750 0.906105
vt 0.742188 0.968750
vt 0.734375 0.957899
vt 0.734375 1.000000
vt 0.726563 0.968750
vt 0.750000 0.500000
vt 0.750000 0.531250
vt 0.734375 0.531250
vt 0.734375 0.500000
vt 0.750000 0.562500
vt 0.734375 0.562500
vt 0.718750 0.562500
vt 0.718750 0.531250
vt 0.718750 0.500000
vt 0.750000 0.593750
vt 0.734375 0.593750
vt 0.718750 0.593750
vt 0.703125 0.718750
vt 0.703125 0.687500
vt 0.703125 0.750000
vt 0.687500 0.750000
vt 0.687500 0.718750
vt 0.687500 0.687500
vt 0.703125 0.656250
vt 0.703125 0.625000
vt 0.687500 0.656250
vt 0.687500 0.625000
vt 0.703125 0.593750
vt 0.703125 0.562500
vt 0.687500 0.593750
vt 0.687500 0.562500
vt 0.703125 0.531250
vt 0.703125 0.500000
vt 0.687500 0.531250
vt 0.687500 0.500000
vt 0.710938 0.968750
vt 0.703125 0.957899
vt 0.703125 0.935185
vt 0.703125 1.000000
vt 0.695313 0.968750
vt 0.687500 0.937500
vt 0.703125 0.843750
vt 0.703125 0.812500
vt 0.703125 0.875000
vt 0.687500 0.875000
vt 0.687500 0.843750
vt 0.687500 0.812500
vt 0.703125 0.905961
vt 0.687500 0.906105
vt 0.703125 0.781250
vt 0.687500 0.781250
vt 0.671875 0.531250
vt 0.671875 0.500000
vt 0.671875 0.562500
vt 0.656250 0.562500
vt 0.656250 0.531250
vt 0.656250 0.500000
vt 0.679688 0.968750
vt 0.671875 0.957899
vt 0.671875 0.935185
vt 0.671875 1.000000
vt 0.664063 0.968750
vt 0.656250 0.937500
vt 0.671875 0.905961
vt 0.671875 0.875000
vt 0.656250 0.906105
vt 0.656250 0.875000
vt 0.671875 0.843750
vt 0.671875 0.812500
vt 0.656250 0.843750
vt 0.656250 0.812500
vt 0.671875 0.781250
vt 0.671875 0.750000
vt 0.656250 0.781250
vt 0.656250 0.750000
vt 0.671875 0.718750
vt 0.671875 0.687500
vt 0.656250 0.718750
vt 0.656250 0.687500
vt 0.671875 0.656250
vt 0.671875 0.625000
vt 0.656250 0.656250
vt 0.656250 0.625000
vt 0.671875 0.593750
vt 0.656250 0.593750
vt 0.640625 0.781250
vt 0.640625 0.750000
vt 0.640625 0.812500
vt 0.625000 0.812500
vt 0.625000 0.781250
vt 0.625000 0.750000
vt 0.640625 0.718750
vt 0.640625 0.687500
vt 0.625000 0.718750
vt 0.625000 0.687500
vt 0.640625 0.656250
vt 0.640625 0.625000
vt 0.625000 0.656250
vt 0.625000 0.625000
vt 0.640625 0.593750
vt 0.640625 0.562500
vt 0.625000 0.593750
vt 0.625000 0.562500
vt 0.640625 0.531250
vt 0.640625 0.500000
vt 0.625000 0.531250
vt 0.625000 0.500000
vt 0.648438 0.968750
vt 0.640625 0.957899
vt 0.640625 0.935185
vt 0.640625 1.000000
vt 0.632813 0.968750
vt 0.625000 0.937500
vt 0.640625 0.905961
vt 0.640625 0.875000
vt 0.625000 0.906105
vt 0.625000 0.875000
vt 0.640625 0.843750
vt 0.625000 0.843750
vt 0.609375 0.531250
vt 0.609375 0.500000
vt 0.609375 0.562500
vt 0.593750 0.562500
vt 0.593750 0.531250
vt 0.593750 0.500000
vt 0.617188 0.968750
vt 0.609375 0.957899
vt 0.609375 0.935185
vt 0.609375 1.000000
vt 0.601563 0.968750
vt 0.593750 0.937500
vt 0.609375 0.905961
vt 0.609375 0.875000
vt 0.593750 0.906105
vt 0.593750 0.875000
vt 0.609375 0.843750
vt 0.609375 0.812500
vt 0.593750 0.843750
vt 0.593750 0.812500
vt 0.609375 0.781250
vt 0.609375 0.750000
vt 0.593750 0.781250
vt 0.593750 0.750000
vt 0.609375 0.718750
vt 0.609375 0.687500
vt 0.593750 0.718750
vt 0.593750 0.687500
vt 0.609375 0.656250
vt 0.609375 0.625000
vt 0.593750 0.656250
vt 0.593750 0.625000
vt 0.609375 0.593750
vt 0.593750 0.593750
vt 0.578125 0.718750
vt 0.578125 0.687500
vt 0.578125 0.750000
vt 0.562500 0.750000
vt 0.562500 0.718750
vt 0.562500 0.687500
vt 0.578125 0.656250
vt 0.578125 0.625000
vt 0.562500 0.656250
vt 0.562500 0.625000
vt 0.578125 0.593750
vt 0.578125 0.562500
vt 0.562500 0.593750
vt 0.562500 0.562500
vt 0.578125 0.531250
vt 0.578125 0.500000
vt 0.562500 0.531250
vt 0.562500 0.500000
vt 0.585938 0.968750
vt 0.578125 0.957899
vt 0.578125 0.935185
vt 0.578125 1.000000
vt 0.570313 0.968750
vt 0.562500 0.937500
vt 0.578125 0.905961
vt 0.578125 0.875000
vt 0.562500 0.906105
vt 0.562500 0.875000
vt 0.578125 0.843750
vt 0.578125 0.812500
vt 0.562500 0.843750
vt 0.562500 0.812500
vt 0.578125 0.781250
vt 0.562500 0.781250
vt 0.554688 0.968750
vt 0.546875 0.957899
vt 0.546875 0.935185
vt 0.546875 1.000000
vt 0.539063 0.968750
vt 0.531250 0.937500
vt 0.546875 0.905961
vt 0.546875 0.875000
vt 0.531250 0.906105
vt 0.531250 0.875000
vt 0.546875 0.843750
vt 0.546875 0.812500
vt 0.531250 0.843750
vt 0.531250 0.812500
vt 0.546875 0.781250
vt 0.546875 0.750000
vt 0.531250 0.781250
vt 0.531250 0.750000
vt 0.546875 0.718750
vt 0.546875 0.687500
vt 0.531250 0.718750
vt 0.531250 0.687500
vt 0.546875 0.656250
vt 0.546875 0.625000
vt 0.531250 0.656250
vt 0.531250 0.625000
vt 0.546875 0.593750
vt 0.546875 0.562500
vt 0.531250 0.593750
vt 0.531250 0.562500
vt 0.546875 0.531250
vt 0.546875 0.500000
vt 0.531250 0.531250
vt 0.531250 0.500000
vt 0.515625 0.718750
vt 0.515625 0.687500
vt 0.515625 0.750000
vt 0.500000 0.750000
vt 0.500000 0.718750
vt 0.500000 0.687500
vt 0.515625 0.656250
vt 0.515625 0.625000
vt 0.500000 0.656250
vt 0.500000 0.625000
vt 0.515625 0.593750
vt 0.515625 0.562500
vt 0.500000 0.593750
vt 0.500000 0.562500
vt 0.515625 0.531250
vt 0.515625 0.500000
vt 0.500000 0.531250
vt 0.500000 0.500000
vt 0.523438 0.968750
vt 0.515625 0.957899
vt 0.515625 0.935185
vt 0.515625 1.000000
vt 0.507813 0.968750
vt 0.500000 0.937500
vt 0.515625 0.905961
vt 0.515625 0.875000
vt 0.500000 0.906105
vt 0.500000 0.875000
vt 0.515625 0.843750
vt 0.515625 0.812500
vt 0.500000 0.843750
vt 0.500000 0.812500
vt 0.515625 0.781250
vt 0.500000 0.781250
vt 0.492188 0.968750
vt 0.484375 0.957899
vt 0.484375 0.935185
vt 0.484375 1.000000
vt 0.476563 0.968750
vt 0.468750 0.937500
vt 0.484375 0.905961
vt 0.484375 0.875000
vt 0.468750 0.906105
vt 0.468750 0.875000
vt 0.484375 0.843750
vt 0.484375 0.812500
vt 0.468750 0.843750
vt 0.468750 0.812500
vt 0.484375 0.781250
vt 0.484375 0.750000
vt 0.468750 0.781250
vt 0.468750 0.750000
vt 0.484375 0.718750
vt 0.484375 0.687500
vt 0.468750 0.718750
vt 0.468750 0.687500
vt 0.484375 0.656250
vt 0.484375 0.625000
vt 0.468750 0.656250
vt 0.468750 0.625000
vt 0.484375 0.593750
vt 0.484375 0.562500
vt 0.468750 0.593750
vt 0.468750 0.562500
vt 0.484375 0.531250
vt 0.484375 0.500000
vt 0.468750 0.531250
vt 0.468750 0.500000
vt 0.453125 0.656250
vt 0.453125 0.625000
vt 0.453125 0.687500
vt 0.437500 0.687500
vt 0.437500 0.656250
vt 0.437500 0.625000
vt 0.453125 0.593750
vt 0.453125 0.562500
vt 0.437500 0.593750
vt 0.437500 0.562500
vt 0.453125 0.531250
vt 0.453125 0.500000
vt 0.437500 0.531250
vt 0.437500 0.500000
vt 0.460938 0.968750
vt 0.453125 0.957899
vt 0.453125 0.935185
vt 0.453125 1.000000
vt 0.445313 0.968750
vt 0.437500 0.937500
vt 0.453125 0.905961
vt 0.453125 0.875000
vt 0.437500 0.906105
vt 0.437500 0.875000
vt 0.453125 0.843750
vt 0.453125 0.812500
vt 0.437500 0.843750
vt 0.437500 0.812500
vt 0.453125 0.781250
vt 0.453125 0.750000
vt 0.437500 0.781250
vt 0.437500 0.750000
vt 0.453125 0.718750
vt 0.437500 0.718750
vt 0.421875 0.905961
vt 0.421875 0.875000
vt 0.421875 0.935185
vt 0.406250 0.937500
vt 0.406250 0.906105
vt 0.406250 0.875000
vt 0.421875 0.843750
vt 0.421875 0.812500
vt 0.406250 0.843750
vt 0.406250 0.812500
vt 0.421875 0.781250
vt 0.421875 0.750000
vt 0.406250 0.781250
vt 0.406250 0.750000
vt 0.421875 0.718750
vt 0.421875 0.687500
vt 0.406250 0.718750
vt 0.406250 0.687500
vt 0.421875 0.656250
vt 0.421875 0.625000
vt 0.406250 0.656250
vt 0.406250 0.625000
vt 0.421875 0.593750
vt 0.421875 0.562500
vt 0.406250 0.593750
vt 0.406250 0.562500
vt 0.421875 0.531250
vt 0.421875 0.500000
vt 0.406250 0.531250
vt 0.406250 0.500000
vt 0.429688 0.968750
vt 0.421875 0.957899
vt 0.421875 1.000000
vt 0.414063 0.968750
vt 0.390625 0.593750
vt 0.390625 0.562500
vt 0.390625 0.625000
vt 0.375000 0.625000
vt 0.375000 0.593750
vt 0.375000 0.562500
vt 0.390625 0.531250
vt 0.390625 0.500000
vt 0.375000 0.531250
vt 0.375000 0.500000
vt 0.398438 0.968750
vt 0.390625 0.957899
vt 0.390625 0.935185
vt 0.390625 1.000000
vt 0.382813 0.968750
vt 0.375000 0.937500
vt 0.390625 0.905961
vt 0.390625 0.875000
vt 0.375000 0.906105
vt 0.375000 0.875000
vt 0.390625 0.843750
vt 0.390625 0.812500
vt 0.375000 0.843750
vt 0.375000 0.812500
vt 0.390625 0.781250
vt 0.390625 0.750000
vt 0.375000 0.781250
vt 0.375000 0.750000
vt 0.390625 0.718750
vt 0.390625 0.687500
vt 0.375000 0.718750
vt 0.375000 0.687500
vt 0.390625 0.656250
vt 0.375000 0.656250
vt 0.359375 0.843750
vt 0.359375 0.812500
vt 0.359375 0.875000
vt 0.343750 0.875000
vt 0.343750 0.843750
vt 0.343750 0.812500
vt 0.359375 0.781250
vt 0.359375 0.750000
vt 0.343750 0.781250
vt 0.343750 0.750000
vt 0.359375 0.718750
vt 0.359375 0.687500
vt 0.343750 0.718750
vt 0.343750 0.687500
vt 0.359375 0.656250
vt 0.359375 0.625000
vt 0.343750 0.656250
vt 0.343750 0.625000
vt 0.359375 0.593750
vt 0.359375 0.562500
vt 0.343750 0.593750
vt 0.343750 0.562500
vt 0.359375 0.531250
vt 0.359375 0.500000
vt 0.343750 0.531250
vt 0.343750 0.500000
vt 0.367188 0.968750
vt 0.359375 0.957899
vt 0.359375 0.935185
vt 0.359375 1.000000
vt 0.351563 0.968750
vt 0.343750 0.937500
vt 0.359375 0.905961
vt 0.343750 0.906105
vt 0.328125 0.593750
vt 0.328125 0.562500
vt 0.328125 0.625000
vt 0.312500 0.625000
vt 0.312500 0.593750
vt 0.312500 0.562500
vt 0.328125 0.531250
vt 0.328125 0.500000
vt 0.312500 0.531250
vt 0.312500 0.500000
vt 0.335938 0.968750
vt 0.328125 0.957899
vt 0.328125 0.935185
vt 0.328125 1.000000
vt 0.320313 0.968750
vt 0.312500 0.937500
vt 0.328125 0.905961
vt 0.328125 0.875000
vt 0.312500 0.906105
vt 0.312500 0.875000
vt 0.328125 0.843750
vt 0.328125 0.812500
vt 0.312500 0.843750
vt 0.312500 0.812500
vt 0.328125 0.781250
vt 0.328125 0.750000
vt 0.312500 0.781250
vt 0.312500 0.750000
vt 0.328125 0.718750
vt 0.328125 0.687500
vt 0.312500 0.718750
vt 0.312500 0.687500
vt 0.328125 0.656250
vt 0.312500 0.656250
vt 0.296875 0.781250
vt 0.296875 0.750000
vt 0.296875 0.812500
vt 0.281250 0.812500
vt 0.281250 0.781250
vt 0.281250 0.750000
vt 0.296875 0.718750
vt 0.296875 0.687500
vt 0.281250 0.718750
vt 0.281250 0.687500
vt 0.296875 0.656250
vt 0.296875 0.625000
vt 0.281250 0.656250
vt 0.281250 0.625000
vt 0.296875 0.593750
vt 0.296875 0.562500
vt 0.281250 0.593750
vt 0.281250 0.562500
vt 0.296875 0.531250
vt 0.296875 0.500000
vt 0.281250 0.531250
vt 0.281250 0.500000
vt 0.304688 0.968750
vt 0.296875 0.957899
vt 0.296875 0.935185
vt 0.296875 1.000000
vt 0.289063 0.968750
vt 0.281250 0.937500
vt 0.296875 0.905961
vt 0.296875 0.875000
vt 0.281250 0.906105
vt 0.281250 0.875000
vt 0.296875 0.843750
vt 0.281250 0.843750
vt 0.265625 0.531250
vt 0.265625 0.500000
vt 0.265625 0.562500
vt 0.250000 0.562500
vt 0.250000 0.531250
vt 0.250000 0.500000
vt 0.273438 0.968750
vt 0.265625 0.957899
vt 0.265625 0.935185
vt 0.265625 1.000000
vt 0.257813 0.968750
vt 0.250000 0.937500
vt 0.265625 0.905961
vt 0.265625 0.875000
vt 0.250000 0.906105
vt 0.250000 0.875000
vt 0.265625 0.843750
vt 0.265625 0.812500
vt 0.250000 0.843750
vt 0.250000 0.812500
vt 0.265625 0.781250
vt 0.265625 0.750000
vt 0.250000 0.781250
vt 0.250000 0.750000
vt 0.265625 0.718750
vt 0.265625 0.687500
vt 0.250000 0.718750
vt 0.250000 0.687500
vt 0.265625 0.656250
vt 0.265625 0.625000
vt 0.250000 0.656250
vt 0.250000 0.625000
vt 0.265625 0.593750
vt 0.250000 0.593750
vt 0.234375 0.781250
vt 0.234375 0.750000
vt 0.234375 0.812500
vt 0.218750 0.812500
vt 0.218750 0.781250
vt 0.218750 0.750000
vt 0.234375 0.718750
vt 0.234375 0.687500
vt 0.218750 0.718750
vt 0.218750 0.687500
vt 0.234375 0.656250
vt 0.234375 0.625000
vt 0.218750 0.656250
vt 0.218750 0.625000
vt 0.234375 0.593750
vt 0.234375 0.562500
vt 0.218750 0.593750
vt 0.218750 0.562500
vt 0.234375 0.531250
vt 0.234375 0.500000
vt 0.218750 0.531250
vt 0.218750 0.500000
vt 0.242188 0.968750
vt 0.234375 0.957899
vt 0.234375 0.935185
vt 0.234375 1.000000
vt 0.226563 0.968750
vt 0.218750 0.937500
vt 0.234375 0.905961
vt 0.234375 0.875000
vt 0.218750 0.906105
vt 0.218750 0.875000
vt 0.234375 0.843750
vt 0.218750 0.843750
vt 0.203125 0.531250
vt 0.203125 0.500000
vt 0.203125 0.562500
vt 0.187500 0.562500
vt 0.187500 0.531250
vt 0.187500 0.500000
vt 0.210938 0.968750
vt 0.203125 0.957899
vt 0.203125 0.935185
vt 0.203125 1.000000
vt 0.195313 0.968750
vt 0.187500 0.937500
vt 0.203125 0.905961
vt 0.203125 0.875000
vt 0.187500 0.906105
vt 0.187500 0.875000
vt 0.203125 0.843750
vt 0.203125 0.812500
vt 0.187500 0.843750
vt 0.187500 0.812500
vt 0.203125 0.781250
vt 0.203125 0.750000
vt 0.187500 0.781250
vt 0.187500 0.750000
vt 0.203125 0.718750
vt 0.203125 0.687500
vt 0.187500 0.718750
vt 0.187500 0.687500
vt 0.203125 0.656250
vt 0.203125 0.625000
vt 0.187500 0.656250
vt 0.187500 0.625000
vt 0.203125 0.593750
vt 0.187500 0.593750
vt 0.171875 0.718750
vt 0.171875 0.687500
vt 0.171875 0.750000
vt 0.156250 0.750000
vt 0.156250 0.718750
vt 0.156250 0.687500
vt 0.171875 0.656250
vt 0.171875 0.625000
vt 0.156250 0.656250
vt 0.156250 0.625000
vt 0.171875 0.593750
vt 0.171875 0.562500
vt 0.156250 0.593750
vt 0.156250 0.562500
vt 0.171875 0.531250
vt 0.171875 0.500000
vt 0.156250 0.531250
vt 0.156250 0.500000
vt 0.179688 0.968750
vt 0.171875 0.957899
vt 0.171875 0.935185
vt 0.171875 1.000000
vt 0.164063 0.968750
vt 0.156250 0.937500
vt 0.171875 0.905961
vt 0.171875 0.875000
vt 0.156250 0.906105
vt 0.156250 0.875000
vt 0.171875 0.843750
vt 0.171875 0.812500
vt 0.156250 0.843750
vt 0.156250 0.812500
vt 0.171875 0.781250
vt 0.156250 0.781250
vt 0.148438 0.968750
vt 0.140625 0.957899
vt 0.140625 0.935185
vt 0.140625 1.000000
vt 0.132813 0.968750
vt 0.125000 0.937500
vt 0.140625 0.905961
vt 0.140625 0.875000
vt 0.125000 0.906105
vt 0.125000 0.875000
vt 0.140625 0.843750
vt 0.140625 0.812500
vt 0.125000 0.843750
vt 0.125000 0.812500
vt 0.140625 0.781250
vt 0.140625 0.750000
vt 0.125000 0.781250
vt 0.125000 0.750000
vt 0.140625 0.718750
vt 0.140625 0.687500
vt 0.125000 0.718750
vt 0.125000 0.687500
vt 0.140625 0.656250
vt 0.140625 0.625000
vt 0.125000 0.656250
vt 0.125000 0.625000
vt 0.140625 0.593750
vt 0.140625 0.562500
vt 0.125000 0.593750
vt 0.125000 0.562500
vt 0.140625 0.531250
vt 0.140625 0.500000
vt 0.125000 0.531250
vt 0.125000 0.500000
vt 0.109375 0.656250
vt 0.109375 0.625000
vt 0.109375 0.687500
vt 0.093750 0.687500
vt 0.093750 0.656250
vt 0.093750 0.625000
vt 0.109375 0.593750
vt 0.109375 0.562500
vt 0.093750 0.593750
vt 0.093750 0.562500
vt 0.109375 0.531250
vt 0.109375 0.500000
vt 0.093750 0.531250
vt 0.093750 0.500000
vt 0.117188 0.968750
vt 0.109375 0.957899
vt 0.109375 0.935185
vt 0.109375 1.000000
vt 0.101563 0.968750
vt 0.093750 0.937500
vt 0.109375 0.905961
vt 0.109375 0.875000
vt 0.093750 0.906105
vt 0.093750 0.875000
vt 0.109375 0.843750
vt 0.109375 0.812500
vt 0.093750 0.843750
vt 0.093750 0.812500
vt 0.109375 0.781250
vt 0.109375 0.750000
vt 0.093750 0.781250
vt 0.093750 0.750000
vt 0.109375 0.718750
vt 0.093750 0.718750
vt 0.085938 0.968750
vt 0.078125 0.957899
vt 0.078125 0.935185
vt 0.078125 1.000000
vt 0.070313 0.968750
vt 0.062500 0.937500
vt 0.078125 0.905961
vt 0.078125 0.875000
vt 0.062500 0.906105
vt 0.062500 0.875000
vt 0.078125 0.843750
vt 0.078125 0.812500
vt 0.062500 0.843750
vt 0.062500 0.812500
vt 0.078125 0.781250
vt 0.078125 0.750000
vt 0.062500 0.781250
vt 0.062500 0.750000
vt 0.078125 0.718750
vt 0.078125 0.687500
vt 0.062500 0.718750
vt 0.062500 0.687500
vt 0.078125 0.656250
vt 0.078125 0.625000
vt 0.062500 0.656250
vt 0.062500 0.625000
vt 0.078125 0.593750
vt 0.078125 0.562500
vt 0.062500 0.593750
vt 0.062500 0.562500
vt 0.078125 0.531250
vt 0.078125 0.500000
vt 0.062500 0.531250
vt 0.062500 0.500000
vt 0.046875 0.656250
vt 0.046875 0.625000
vt 0.046875 0.687500
vt 0.031250 0.687500
vt 0.031250 0.656250
vt 0.031250 0.625000
vt 0.046875 0.593750
vt 0.046875 0.562500
vt 0.031250 0.593750
vt 0.031250 0.562500
vt 0.046875 0.531250
vt 0.046875 0.500000
vt 0.031250 0.531250
vt 0.031250 0.500000
vt 0.054687 0.968750
vt 0.046875 0.957899
vt 0.046875 0.935185
vt 0.046875 1.000000
vt 0.039062 0.968750
vt 0.031250 0.937500
vt 0.046875 0.905961
vt 0.046875 0.875000
vt 0.031250 0.906105
vt 0.031250 0.875000
vt 0.046875 0.843750
vt 0.046875 0.812500
vt 0.031250 0.843750
vt 0.031250 0.812500
vt 0.046875 0.781250
vt 0.046875 0.750000
vt 0.031250 0.781250
vt 0.031250 0.750000
vt 0.046875 0.718750
vt 0.031250 0.718750
vt 0.015625 0.843750
vt 0.015625 0.812500
vt 0.015625 0.875000
vt 0.000000 0.875000
vt 0.000000 0.843750
vt 0.000000 0.812500
vt 0.015625 0.781250
vt 0.015625 0.750000
vt 0.000000 0.781250
vt 0.000000 0.750000
vt 0.015625 0.718750
vt 0.015625 0.687500
vt 0.000000 0.718750
vt 0.000000 0.687500
vt 0.015625 0.656250
vt 0.015625 0.625000
vt 0.000000 0.656250
vt 0.000000 0.625000
vt 0.015625 0.593750
vt 0.015625 0.562500
vt 0.000000 0.593750
vt 0.000000 0.562500
vt 0.015625 0.531250
vt 0.015625 0.500000
vt 0.000000 0.531250
vt 0.000000 0.500000
vt 0.023438 0.968750
vt 0.015625 0.957899
vt 0.015625 0.935185
vt 0.015625 1.000000
vt 0.007813 0.968750
vt 0.000000 0.937500
vt 0.015625 0.905961
vt 0.000000 0.906250
vt 1.000000 0.562500
vt 1.000000 0.593750
vt 0.984375 0.593750
vt 0.984375 0.562500
vt 1.000000 0.625000
vt 0.984375 0.625000
vt 0.968750 0.625000
vt 0.968750 0.593750
vt 0.968750 0.562500
vt 1.000000 0.500000
vt 1.000000 0.531250
vt 0.984375 0.531250
vt 0.984375 0.500000
vt 0.968750 0.531250
vt 0.968750 0.500000
vt 1.000000 0.937500
vt 0.992188 0.968750
vt 0.984375 0.957899
vt 0.984375 0.935185
vt 0.984375 1.000000
vt 0.976563 0.968750
vt 0.968750 0.937500
vt 1.000000 0.875000
vt 1.000000 0.906250
vt 0.984375 0.905961
vt 0.984375 0.875000
vt 0.968750 0.906105
vt 0.968750 0.875000
vt 1.000000 0.812500
vt 1.000000 0.843750
vt 0.984375 0.843750
vt 0.984375 0.812500
vt 0.968750 0.843750
vt 0.968750 0.812500
vt 1.000000 0.750000
vt 1.000000 0.781250
vt 0.984375 0.781250
vt 0.984375 0.750000
vt 0.968750 0.781250
vt 0.968750 0.750000
vt 1.000000 0.687500
vt 1.000000 0.718750
vt 0.984375 0.718750
vt 0.984375 0.687500
vt 0.968750 0.718750
vt 0.968750 0.687500
vt 1.000000 0.656250
vt 0.984375 0.656250
vt 0.968750 0.656250
vt 0.953125 0.843750
vt 0.953125 0.812500
vt 0.953125 0.875000
vt 0.937500 0.875000
vt 0.937500 0.843750
vt 0.937500 0.812500
vt 0.953125 0.781250
vt 0.953125 0.750000
vt 0.937500 0.781250
vt 0.937500 0.750000
vt 0.953125 0.718750
vt 0.953125 0.687500
vt 0.937500 0.718750
vt 0.937500 0.687500
vt 0.953125 0.656250
vt 0.953125 0.625000
vt 0.937500 0.656250
vt 0.937500 0.625000
vt 0.953125 0.593750
vt 0.953125 0.562500
vt 0.937500 0.593750
vt 0.937500 0.562500
vt 0.953125 0.531250
vt 0.953125 0.500000
vt 0.937500 0.531250
vt 0.937500 0.500000
vt 0.960938 0.968750
vt 0.953125 0.957899
vt 0.953125 0.935185
vt 0.953125 1.000000
vt 0.945313 0.968750
vt 0.937500 0.937500
vt 0.953125 0.905961
vt 0.937500 0.906105
vt 0.921875 0.593750
vt 0.921875 0.562500
vt 0.921875 0.625000
vt 0.906250 0.625000
vt 0.906250 0.593750
vt 0.906250 0.562500
vt 0.921875 0.531250
vt 0.921875 0.500000
vt 0.906250 0.531250
vt 0.906250 0.500000
vt 0.929688 0.968750
vt 0.921875 0.957899
vt 0.921875 0.935185
vt 0.921875 1.000000
vt 0.914063 0.968750
vt 0.906250 0.937500
vt 0.921875 0.905961
vt 0.921875 0.875000
vt 0.906250 0.906105
vt 0.906250 0.875000
vt 0.921875 0.843750
vt 0.921875 0.812500
vt 0.906250 0.843750
vt 0.906250 0.812500
vt 0.921875 0.781250
vt 0.921875 0.750000
vt 0.906250 0.781250
vt 0.906250 0.750000
vt 0.921875 0.718750
vt 0.921875 0.687500
vt 0.906250 0.718750
vt 0.906250 0.687500
vt 0.921875 0.656250
vt 0.906250 0.656250
vt 0.890625 0.781250
vt 0.890625 0.750000
vt 0.890625 0.812500
vt 0.875000 0.812500
vt 0.875000 0.781250
vt 0.875000 0.750000
vt 0.890625 0.718750
vt 0.890625 0.687500
vt 0.875000 0.718750
vt 0.875000 0.687500
vt 0.890625 0.656250
vt 0.890625 0.625000
vt 0.875000 0.656250
vt 0.875000 0.625000
vt 0.890625 0.593750
vt 0.890625 0.562500
vt 0.875000 0.593750
vt 0.875000 0.562500
vt 0.890625 0.531250
vt 0.890625 0.500000
vt 0.875000 0.531250
vt 0.875000 0.500000
vt 0.898438 0.968750
vt 0.890625 0.957899
vt 0.890625 0.935185
vt 0.890625 1.000000
vt 0.882813 0.968750
vt 0.875000 0.937500
vt 0.890625 0.905961
vt 0.890625 0.875000
vt 0.875000 0.906105
vt 0.875000 0.875000
vt 0.890625 0.843750
vt 0.875000 0.843750
vt 0.859375 0.531250
vt 0.859375 0.500000
vt 0.859375 0.562500
vt 0.843750 0.562500
vt 0.843750 0.531250
vt 0.843750 0.500000
vt 0.867188 0.968750
vt 0.859375 0.957899
vt 0.859375 0.935185
vt 0.859375 1.000000
vt 0.851563 0.968750
vt 0.843750 0.937500
vt 0.859375 0.905961
vt 0.859375 0.875000
vt 0.843750 0.906105
vt 0.843750 0.875000
vt 0.859375 0.843750
vt 0.859375 0.812500
vt 0.843750 0.843750
vt 0.843750 0.812500
vt 0.859375 0.781250
vt 0.859375 0.750000
vt 0.843750 0.781250
vt 0.843750 0.750000
vt 0.859375 0.718750
vt 0.859375 0.687500
vt 0.843750 0.718750
vt 0.843750 0.687500
vt 0.859375 0.656250
vt 0.859375 0.625000
vt 0.843750 0.656250
vt 0.843750 0.625000
vt 0.859375 0.593750
vt 0.843750 0.593750
vt 0.828125 0.718750
vt 0.828125 0.687500
vt 0.828125 0.750000
vt 0.812500 0.750000
vt 0.812500 0.718750
vt 0.812500 0.687500
vt 0.828125 0.656250
vt 0.828125 0.625000
vt 0.812500 0.656250
vt 0.812500 0.625000
vt 0.828125 0.593750
vt 0.828125 0.562500
vt 0.812500 0.593750
vt 0.812500 0.562500
vt 0.828125 0.531250
vt 0.828125 0.500000
vt 0.812500 0.531250
vt 0.812500 0.500000
vt 0.835938 0.968750
vt 0.828125 0.957899
vt 0.828125 0.935185
vt 0.828125 1.000000
vt 0.820313 0.968750
vt 0.812500 0.937500
vt 0.828125 0.905961
vt 0.828125 0.875000
vt 0.812500 0.906105
vt 0.812500 0.875000
vt 0.828125 0.843750
vt 0.828125 0.812500
vt 0.812500 0.843750
vt 0.812500 0.812500
vt 0.828125 0.781250
vt 0.812500 0.781250
vt 0.804688 0.968750
vt 0.796875 0.957899
vt 0.796875 0.935185
vt 0.796875 1.000000
vt 0.789063 0.968750
vt 0.781250 0.937500
vt 0.796875 0.905961
vt 0.796875 0.875000
vt 0.781250 0.906105
vt 0.781250 0.875000
vt 0.796875 0.843750
vt 0.796875 0.812500
vt 0.781250 0.843750
vt 0.781250 0.812500
vt 0.796875 0.781250
vt 0.796875 0.750000
vt 0.781250 0.781250
vt 0.781250 0.750000
vt 0.796875 0.718750
vt 0.796875 0.687500
vt 0.781250 0.718750
vt 0.781250 0.687500
vt 0.796875 0.656250
vt 0.796875 0.625000
vt 0.781250 0.656250
vt 0.781250 0.625000
vt 0.796875 0.593750
vt 0.796875 0.562500
vt 0.781250 0.593750
vt 0.781250 0.562500
vt 0.796875 0.531250
vt 0.796875 0.500000
vt 0.781250 0.531250
vt 0.781250 0.500000
vt 0.765625 0.718750
vt 0.765625 0.687500
vt 0.765625 0.750000
vt 0.765625 0.656250
vt 0.765625 0.625000
vt 0.765625 0.593750
vt 0.765625 0.562500
vt 0.765625 0.531250
vt 0.765625 0.500000
vt 0.773438 0.968750
vt 0.765625 0.957899
vt 0.765625 0.935185
vt 0.765625 1.000000
vt 0.757813 0.968750
vt 0.765625 0.905961
vt 0.765625 0.875000
vt 0.765625 0.843750
vt 0.765625 0.812500
vt 0.765625 0.781250
s 0
g Circle.001_Material.001
usemtl Material.001
f 1244/1524/1266 1500/1525/1266 2005/1526/1266 1502/1527/1266
f 1500/1525/1267 1245/1528/1267 1503/1529/1267 2005/1526/1267
f 2005/1526/1268 1503/1529/1268 1239/1530/1268 1496/1531/1268
f 1502/1527/1269 2005/1526/1269 1496/1531/1269 1240/1532/1269
f 1245/1528/1270 1966/1533/1270 2006/1534/1270 1503/1529/1270
f 1966/1533/1271 1490/1535/1271 1968/1536/1271 2006/1534/1271
f 2006/1534/1272 1968/1536/1272 1238/1537/1272 1495/1538/1272
f 1503/1529/1273 2006/1534/1273 1495/1538/1273 1239/1530/1273
f 1490/1535/1274 1957/1539/1274 2007/1540/1274 1968/1536/1274
f 1957/1539/1275 1489/1541/1275 1969/1542/1275 2007/1540/1275
f 2007/1540/1276 1969/1542/1276 1237/1543/1276 1494/1544/1276
f 1968/1536/1277 2007/1540/1277 1494/1544/1277 1238/1537/1277
f 1489/1541/1278 1956/1545/1278 2008/1546/1278 1969/1542/1278
f 1956/1545/1279 1488/1547/1279 1970/1548/1279 2008/1546/1279
f 2008/1546/1280 1970/1548/1280 1236/1549/1280 1493/1550/1280
f 1969/1542/1281 2008/1546/1281 1493/1550/1281 1237/1543/1281
f 1488/1547/1282 1958/1551/1282 2009/1552/1282 1970/1548/1282
f 1958/1551/1283 1492/1553/1283 1971/1554/1283 2009/1552/1283
f 2009/1552/1284 1971/1554/1284 1246/1555/1284 1501/1556/1284
f 1970/1548/1285 2009/1552/1285 1501/1556/1285 1236/1549/1285
f 1492/1553/1286 1967/1557/1286 2010/1558/1286 1971/1554/1286
f 1415/1559/1287 1964/1560/1287 2010/1558/1287 1967/1557/1287
f 1246/1555/1288 1971/1554/1288 2010/1558/1288 1964/1560/1288
f 1491/1561/1289 1965/1562/1289 2011/1563/1289 1972/1564/1289
f 1965/1562/1290 1243/1565/1290 1504/1566/1290 2011/1563/1290
f 2011/1563/1291 1504/1566/1291 1241/1567/1291 1498/1568/1291
f 1972/1564/1292 2011/1563/1292 1498/1568/1292 1242/1569/1292
f 1243/1565/1293 1499/1570/1293 2012/1571/1293 1504/1566/1293
f 1499/1570/1294 1244/1524/1294 1502/1527/1294 2012/1571/1294
f 2012/1571/1295 1502/1527/1295 1240/1532/1295 1497/1572/1295
f 1504/1566/1296 2012/1571/1296 1497/1572/1296 1241/1567/1296
f 1239/1530/1297 1495/1538/1297 2013/1573/1297 1512/1574/1297
f 1495/1538/1298 1238/1537/1298 1513/1575/1298 2013/1573/1298
f 2013/1573/1299 1513/1575/1299 1249/1576/1299 1507/1577/1299
f 1512/1574/1300 2013/1573/1300 1507/1577/1300 1250/1578/1300
f 1240/1532/1301 1496/1531/1301 2014/1579/1301 1514/1580/1301
f 1496/1531/1302 1239/1530/1302 1512/1574/1302 2014/1579/1302
f 2014/1579/1303 1512/1574/1303 1250/1578/1303 1508/1581/1303
f 1514/1580/1304 2014/1579/1304 1508/1581/1304 1251/1582/1304
f 1241/1567/1305 1497/1572/1305 2015/1583/1305 1515/1584/1305
f 1497/1572/1306 1240/1532/1306 1514/1580/1306 2015/1583/1306
f 2015/1583/1307 1514/1580/1307 1251/1582/1307 1509/1585/1307
f 1515/1584/1308 2015/1583/1308 1509/1585/1308 1252/1586/1308
f 1242/1569/1309 1498/1568/1309 2016/1587/1309 1516/1588/1309
f 1498/1568/1310 1241/1567/1310 1515/1584/1310 2016/1587/1310
f 2016/1587/1311 1515/1584/1311 1252/1586/1311 1510/1589/1311
f 1516/1588/1312 2016/1587/1312 1510/1589/1312 1253/1590/1312
f 1246/1555/1313 1964/1591/1313 2017/1592/1313 1517/1593/1313
f 1415/1594/1314 1973/1595/1314 2017/1592/1314 1964/1591/1314
f 1254/1596/1315 1517/1593/1315 2017/1592/1315 1973/1595/1315
f 1237/1543/1316 1493/1550/1316 2018/1597/1316 1518/1598/1316
f 1493/1550/1317 1236/1549/1317 1519/1599/1317 2018/1597/1317
f 2018/1597/1318 1519/1599/1318 1247/1600/1318 1505/1601/1318
f 1518/1598/1319 2018/1597/1319 1505/1601/1319 1248/1602/1319
f 1236/1549/1320 1501/1556/1320 2019/1603/1320 1519/1599/1320
f 1501/1556/1321 1246/1555/1321 1517/1593/1321 2019/1603/1321
f 2019/1603/1322 1517/1593/1322 1254/1596/1322 1511/1604/1322
f 1519/1599/1323 2019/1603/1323 1511/1604/1323 1247/1600/1323
f 1238/1537/1324 1494/1544/1324 2020/1605/1324 1513/1575/1324
f 1494/1544/1325 1237/1543/1325 1518/1598/1325 2020/1605/1325
f 2020/1605/1326 1518/1598/1326 1248/1602/1326 1506/1606/1326
f 1513/1575/1327 2020/1605/1327 1506/1606/1327 1249/1576/1327
f 1253/1590/1328 1510/1589/1328 2021/1607/1328 1527/1608/1328
f 1510/1589/1329 1252/1586/1329 1528/1609/1329 2021/1607/1329
f 2021/1607/1330 1528/1609/1330 1260/1610/1330 1525/1611/1330
f 1527/1608/1331 2021/1607/1331 1525/1611/1331 1261/1612/1331
f 1254/1596/1332 1973/1613/1332 2022/1614/1332 1529/1615/1332
f 1415/1616/1333 1974/1617/1333 2022/1614/1333 1973/1613/1333
f 1262/1618/1334 1529/1615/1334 2022/1614/1334 1974/1617/1334
f 1247/1600/1335 1511/1604/1335 2023/1619/1335 1530/1620/1335
f 1511/1604/1336 1254/1596/1336 1529/1615/1336 2023/1619/1336
f 2023/1619/1337 1529/1615/1337 1262/1618/1337 1526/1621/1337
f 1530/1620/1338 2023/1619/1338 1526/1621/1338 1255/1622/1338
f 1248/1602/1339 1505/1601/1339 2024/1623/1339 1531/1624/1339
f 1505/1601/1340 1247/1600/1340 1530/1620/1340 2024/1623/1340
f 2024/1623/1341 1530/1620/1341 1255/1622/1341 1520/1625/1341
f 1531/1624/1342 2024/1623/1342 1520/1625/1342 1256/1626/1342
f 1249/1576/1343 1506/1606/1343 2025/1627/1343 1532/1628/1343
f 1506/1606/1344 1248/1602/1344 1531/1624/1344 2025/1627/1344
f 2025/1627/1345 1531/1624/1345 1256/1626/1345 1521/1629/1345
f 1532/1628/1346 2025/1627/1346 1521/1629/1346 1257/1630/1346
f 1250/1578/1347 1507/1577/1347 2026/1631/1347 1533/1632/1347
f 1507/1577/1348 1249/1576/1348 1532/1628/1348 2026/1631/1348
f 2026/1631/1349 1532/1628/1349 1257/1630/1349 1522/1633/1349
f 1533/1632/1350 2026/1631/1350 1522/1633/1350 1258/1634/1350
f 1251/1582/1351 1508/1581/1351 2027/1635/1351 1534/1636/1351
f 1508/1581/1352 1250/1578/1352 1533/1632/1352 2027/1635/1352
f 2027/1635/1353 1533/1632/1353 1258/1634/1353 1523/1637/1353
f 1534/1636/1354 2027/1635/1354 1523/1637/1354 1259/1638/1354
f 1252/1586/1355 1509/1585/1355 2028/1639/1355 1528/1609/1355
f 1509/1585/1356 1251/1582/1356 1534/1636/1356 2028/1639/1356
f 2028/1639/1357 1534/1636/1357 1259/1638/1357 1524/1640/1357
f 1528/1609/1358 2028/1639/1358 1524/1640/1358 1260/1610/1358
f 1257/1630/1359 1521/1629/1359 2029/1641/1359 1542/1642/1359
f 1521/1629/1360 1256/1626/1360 1543/1643/1360 2029/1641/1360
f 2029/1641/1361 1543/1643/1361 1264/1644/1361 1536/1645/1361
f 1542/1642/1362 2029/1641/1362 1536/1645/1362 1265/1646/1362
f 1258/1634/1363 1522/1633/1363 2030/1647/1363 1544/1648/1363
f 1522/1633/1364 1257/1630/1364 1542/1642/1364 2030/1647/1364
f 2030/1647/1365 1542/1642/1365 1265/1646/1365 1537/1649/1365
f 1544/1648/1366 2030/1647/1366 1537/1649/1366 1266/1650/1366
f 1259/1638/1367 1523/1637/1367 2031/1651/1367 1545/1652/1367
f 1523/1637/1368 1258/1634/1368 1544/1648/1368 2031/1651/1368
f 2031/1651/1369 1544/1648/1369 1266/1650/1369 1538/1653/1369
f 1545/1652/1370 2031/1651/1370 1538/1653/1370 1267/1654/1370
f 1260/1610/1371 1524/1640/1371 2032/1655/1371 1546/1656/1371
f 1524/1640/1372 1259/1638/1372 1545/1652/1372 2032/1655/1372
f 2032/1655/1373 1545/1652/1373 1267/1654/1373 1539/1657/1373
f 1546/1656/1374 2032/1655/1374 1539/1657/1374 1268/1658/1374
f 1261/1612/1375 1525/1611/1375 2033/1659/1375 1547/1660/1375
f 1525/1611/1376 1260/1610/1376 1546/1656/1376 2033/1659/1376
f 2033/1659/1377 1546/1656/1377 1268/1658/1377 1540/1661/1377
f 1547/1660/1378 2033/1659/1378 1540/1661/1378 1269/1662/1378
f 1262/1618/1379 1974/1663/1379 2034/1664/1379 1548/1665/1379
f 1415/1666/1380 1975/1667/1380 2034/1664/1380 1974/1663/1380
f 1270/1668/1381 1548/1665/1381 2034/1664/1381 1975/1667/1381
f 1255/1622/1382 1526/1621/1382 2035/1669/1382 1549/1670/1382
f 1526/1621/1383 1262/1618/1383 1548/1665/1383 2035/1669/1383
f 2035/1669/1384 1548/1665/1384 1270/1668/1384 1541/1671/1384
f 1549/1670/1385 2035/1669/1385 1541/1671/1385 1263/1672/1385
f 1256/1626/1386 1520/1625/1386 2036/1673/1386 1543/1643/1386
f 1520/1625/1387 1255/1622/1387 1549/1670/1387 2036/1673/1387
f 2036/1673/1388 1549/1670/1388 1263/1672/1388 1535/1674/1388
f 1543/1643/1389 2036/1673/1389 1535/1674/1389 1264/1644/1389
f 1269/1662/1390 1540/1661/1390 2037/1675/1390 1557/1676/1390
f 1540/1661/1391 1268/1658/1391 1558/1677/1391 2037/1675/1391
f 2037/1675/1392 1558/1677/1392 1276/1678/1392 1555/1679/1392
f 1557/1676/1393 2037/1675/1393 1555/1679/1393 1277/1680/1393
f 1270/1668/1394 1975/1681/1394 2038/1682/1394 1559/1683/1394
f 1415/1684/1395 1976/1685/1395 2038/1682/1395 1975/1681/1395
f 1278/1686/1396 1559/1683/1396 2038/1682/1396 1976/1685/1396
f 1263/1672/1397 1541/1671/1397 2039/1687/1397 1560/1688/1397
f 1541/1671/1398 1270/1668/1398 1559/1683/1398 2039/1687/1398
f 2039/1687/1399 1559/1683/1399 1278/1686/1399 1556/1689/1399
f 1560/1688/1400 2039/1687/1400 1556/1689/1400 1271/1690/1400
f 1264/1644/1401 1535/1674/1401 2040/1691/1401 1561/1692/1401
f 1535/1674/1402 1263/1672/1402 1560/1688/1402 2040/1691/1402
f 2040/1691/1403 1560/1688/1403 1271/1690/1403 1550/1693/1403
f 1561/1692/1404 2040/1691/1404 1550/1693/1404 1272/1694/1404
f 1265/1646/1405 1536/1645/1405 2041/1695/1405 1562/1696/1405
f 1536/1645/1406 1264/1644/1406 1561/1692/1406 2041/1695/1406
f 2041/1695/1407 1561/1692/1407 1272/1694/1407 1551/1697/1407
f 1562/1696/1408 2041/1695/1408 1551/1697/1408 1273/1698/1408
f 1266/1650/1409 1537/1649/1409 2042/1699/1409 1563/1700/1409
f 1537/1649/1410 1265/1646/1410 1562/1696/1410 2042/1699/1410
f 2042/1699/1411 1562/1696/1411 1273/1698/1411 1552/1701/1411
f 1563/1700/1412 2042/1699/1412 1552/1701/1412 1274/1702/1412
f 1267/1654/1413 1538/1653/1413 2043/1703/1413 1564/1704/1413
f 1538/1653/1414 1266/1650/1414 1563/1700/1414 2043/1703/1414
f 2043/1703/1415 1563/1700/1415 1274/1702/1415 1553/1705/1415
f 1564/1704/1416 2043/1703/1416 1553/1705/1416 1275/1706/1416
f 1268/1658/1417 1539/1657/1417 2044/1707/1417 1558/1677/1417
f 1539/1657/1418 1267/1654/1418 1564/1704/1418 2044/1707/1418
f 2044/1707/1419 1564/1704/1419 1275/1706/1419 1554/1708/1419
f 1558/1677/1420 2044/1707/1420 1554/1708/1420 1276/1678/1420
f 1274/1702/1421 1552/1701/1421 2045/1709/1421 1572/1710/1421
f 1552/1701/1422 1273/1698/1422 1573/1711/1422 2045/1709/1422
f 2045/1709/1423 1573/1711/1423 1281/1712/1423 1567/1713/1423
f 1572/1710/1424 2045/1709/1424 1567/1713/1424 1282/1714/1424
f 1275/1706/1425 1553/1705/1425 2046/1715/1425 1574/1716/1425
f 1553/1705/1426 1274/1702/1426 1572/1710/1426 2046/1715/1426
f 2046/1715/1427 1572/1710/1427 1282/1714/1427 1568/1717/1427
f 1574/1716/1428 2046/1715/1428 1568/1717/1428 1283/1718/1428
f 1276/1678/1429 1554/1708/1429 2047/1719/1429 1575/1720/1429
f 1554/1708/1430 1275/1706/1430 1574/1716/1430 2047/1719/1430
f 2047/1719/1431 1574/1716/1431 1283/1718/1431 1569/1721/1431
f 1575/1720/1432 2047/1719/1432 1569/1721/1432 1284/1722/1432
f 1277/1680/1433 1555/1679/1433 2048/1723/1433 1576/1724/1433
f 1555/1679/1434 1276/1678/1434 1575/1720/1434 2048/1723/1434
f 2048/1723/1435 1575/1720/1435 1284/1722/1435 1570/1725/1435
f 1576/1724/1436 2048/1723/1436 1570/1725/1436 1285/1726/1436
f 1278/1686/1437 1976/1727/1437 2049/1728/1437 1577/1729/1437
f 1415/1730/1438 1977/1731/1438 2049/1728/1438 1976/1727/1438
f 1286/1732/1439 1577/1729/1439 2049/1728/1439 1977/1731/1439
f 1271/1690/1440 1556/1689/1440 2050/1733/1440 1578/1734/1440
f 1556/1689/1441 1278/1686/1441 1577/1729/1441 2050/1733/1441
f 2050/1733/1442 1577/1729/1442 1286/1732/1442 1571/1735/1442
f 1578/1734/1443 2050/1733/1443 1571/1735/1443 1279/1736/1443
f 1272/1694/1444 1550/1693/1444 2051/1737/1444 1579/1738/1444
f 1550/1693/1445 1271/1690/1445 1578/1734/1445 2051/1737/1445
f 2051/1737/1446 1578/1734/1446 1279/1736/1446 1565/1739/1446
f 1579/1738/1447 2051/1737/1447 1565/1739/1447 1280/1740/1447
f 1273/1698/1448 1551/1697/1448 2052/1741/1448 1573/1711/1448
f 1551/1697/1449 1272/1694/1449 1579/1738/1449 2052/1741/1449
f 2052/1741/1450 1579/1738/1450 1280/1740/1450 1566/1742/1450
f 1573/1711/1451 2052/1741/1451 1566/1742/1451 1281/1712/1451
f 1286/1732/1452 1977/1743/1452 2053/1744/1452 1588/1745/1452
f 1415/1746/1453 1978/1747/1453 2053/1744/1453 1977/1743/1453
f 1294/1748/1454 1588/1745/1454 2053/1744/1454 1978/1747/1454
f 1279/1736/1455 1571/1735/1455 2054/1749/1455 1589/1750/1455
f 1571/1735/1456 1286/1732/1456 1588/1745/1456 2054/1749/1456
f 2054/1749/1457 1588/1745/1457 1294/1748/1457 1586/1751/1457
f 1589/1750/1458 2054/1749/1458 1586/1751/1458 1287/1752/1458
f 1280/1740/1459 1565/1739/1459 2055/1753/1459 1590/1754/1459
f 1565/1739/1460 1279/1736/1460 1589/1750/1460 2055/1753/1460
f 2055/1753/1461 1589/1750/1461 1287/1752/1461 1580/1755/1461
f 1590/1754/1462 2055/1753/1462 1580/1755/1462 1288/1756/1462
f 1281/1712/1463 1566/1742/1463 2056/1757/1463 1591/1758/1463
f 1566/1742/1464 1280/1740/1464 1590/1754/1464 2056/1757/1464
f 2056/1757/1465 1590/1754/1465 1288/1756/1465 1581/1759/1465
f 1591/1758/1466 2056/1757/1466 1581/1759/1466 1289/1760/1466
f 1282/1714/1467 1567/1713/1467 2057/1761/1467 1592/1762/1467
f 1567/1713/1468 1281/1712/1468 1591/1758/1468 2057/1761/1468
f 2057/1761/1469 1591/1758/1469 1289/1760/1469 1582/1763/1469
f 1592/1762/1470 2057/1761/1470 1582/1763/1470 1290/1764/1470
f 1283/1718/1471 1568/1717/1471 2058/1765/1471 1593/1766/1471
f 1568/1717/1472 1282/1714/1472 1592/1762/1472 2058/1765/1472
f 2058/1765/1473 1592/1762/1473 1290/1764/1473 1583/1767/1473
f 1593/1766/1474 2058/1765/1474 1583/1767/1474 1291/1768/1474
f 1284/1722/1475 1569/1721/1475 2059/1769/1475 1594/1770/1475
f 1569/1721/1476 1283/1718/1476 1593/1766/1476 2059/1769/1476
f 2059/1769/1477 1593/1766/1477 1291/1768/1477 1584/1771/1477
f 1594/1770/1478 2059/1769/1478 1584/1771/1478 1292/1772/1478
f 1285/1726/1479 1570/1725/1479 2060/1773/1479 1587/1774/1479
f 1570/1725/1480 1284/1722/1480 1594/1770/1480 2060/1773/1480
f 2060/1773/1481 1594/1770/1481 1292/1772/1481 1585/1775/1481
f 1587/1774/1482 2060/1773/1482 1585/1775/1482 1293/1776/1482
f 1290/1764/1483 1582/1763/1483 2061/1777/1483 1602/1778/1483
f 1582/1763/1484 1289/1760/1484 1603/1779/1484 2061/1777/1484
f 2061/1777/1485 1603/1779/1485 1297/1780/1485 1597/1781/1485
f 1602/1778/1486 2061/1777/1486 1597/1781/1486 1298/1782/1486
f 1291/1768/1487 1583/1767/1487 2062/1783/1487 1604/1784/1487
f 1583/1767/1488 1290/1764/1488 1602/1778/1488 2062/1783/1488
f 2062/1783/1489 1602/1778/1489 1298/1782/1489 1598/1785/1489
f 1604/1784/1490 2062/1783/1490 1598/1785/1490 1299/1786/1490
f 1292/1772/1491 1584/1771/1491 2063/1787/1491 1605/1788/1491
f 1584/1771/1492 1291/1768/1492 1604/1784/1492 2063/1787/1492
f 2063/1787/1493 1604/1784/1493 1299/1786/1493 1599/1789/1493
f 1605/1788/1494 2063/1787/1494 1599/1789/1494 1300/1790/1494
f 1293/1776/1495 1585/1775/1495 2064/1791/1495 1606/1792/1495
f 1585/1775/1496 1292/1772/1496 1605/1788/1496 2064/1791/1496
f 2064/1791/1497 1605/1788/1497 1300/1790/1497 1600/1793/1497
f 1606/1792/1498 2064/1791/1498 1600/1793/1498 1301/1794/1498
f 1294/1748/1499 1978/1795/1499 2065/1796/1499 1607/1797/1499
f 1415/1798/1500 1979/1799/1500 2065/1796/1500 1978/1795/1500
f 1302/1800/1501 1607/1797/1501 2065/1796/1501 1979/1799/1501
f 1287/1752/1502 1586/1751/1502 2066/1801/1502 1608/1802/1502
f 1586/1751/1503 1294/1748/1503 1607/1797/1503 2066/1801/1503
f 2066/1801/1504 1607/1797/1504 1302/1800/1504 1601/1803/1504
f 1608/1802/1505 2066/1801/1505 1601/1803/1505 1295/1804/1505
f 1288/1756/1506 1580/1755/1506 2067/1805/1506 1609/1806/1506
f 1580/1755/1507 1287/1752/1507 1608/1802/1507 2067/1805/1507
f 2067/1805/1508 1608/1802/1508 1295/1804/1508 1595/1807/1508
f 1609/1806/1509 2067/1805/1509 1595/1807/1509 1296/1808/1509
f 1289/1760/1510 1581/1759/1510 2068/1809/1510 1603/1779/1510
f 1581/1759/1511 1288/1756/1511 1609/1806/1511 2068/1809/1511
f 2068/1809/1512 1609/1806/1512 1296/1808/1512 1596/1810/1512
f 1603/1779/1513 2068/1809/1513 1596/1810/1513 1297/1780/1513
f 1302/1800/1514 1979/1811/1514 2069/1812/1514 1618/1813/1514
f 1415/1814/1515 1980/1815/1515 2069/1812/1515 1979/1811/1515
f 1310/1816/1516 1618/1813/1516 2069/1812/1516 1980/1815/1516
f 1295/1804/1517 1601/1803/1517 2070/1817/1517 1619/1818/1517
f 1601/1803/1518 1302/1800/1518 1618/1813/1518 2070/1817/1518
f 2070/1817/1519 1618/1813/1519 1310/1816/1519 1616/1819/1519
f 1619/1818/1520 2070/1817/1520 1616/1819/1520 1303/1820/1520
f 1296/1808/1521 1595/1807/1521 2071/1821/1521 1620/1822/1521
f 1595/1807/1522 1295/1804/1522 1619/1818/1522 2071/1821/1522
f 2071/1821/1523 1619/1818/1523 1303/1820/1523 1610/1823/1523
f 1620/1822/1524 2071/1821/1524 1610/1823/1524 1304/1824/1524
f 1297/1780/1525 1596/1810/1525 2072/1825/1525 1621/1826/1525
f 1596/1810/1526 1296/1808/1526 1620/1822/1526 2072/1825/1526
f 2072/1825/1527 1620/1822/1527 1304/1824/1527 1611/1827/1527
f 1621/1826/1528 2072/1825/1528 1611/1827/1528 1305/1828/1528
f 1298/1782/1529 1597/1781/1529 2073/1829/1529 1622/1830/1529
f 1597/1781/1530 1297/1780/1530 1621/1826/1530 2073/1829/1530
f 2073/1829/1531 1621/1826/1531 1305/1828/1531 1612/1831/1531
f 1622/1830/1532 2073/1829/1532 1612/1831/1532 1306/1832/1532
f 1299/1786/1533 1598/1785/1533 2074/1833/1533 1623/1834/1533
f 1598/1785/1534 1298/1782/1534 1622/1830/1534 2074/1833/1534
f 2074/1833/1535 1622/1830/1535 1306/1832/1535 1613/1835/1535
f 1623/1834/1536 2074/1833/1536 1613/1835/1536 1307/1836/1536
f 1300/1790/1537 1599/1789/1537 2075/1837/1537 1624/1838/1537
f 1599/1789/1538 1299/1786/1538 1623/1834/1538 2075/1837/1538
f 2075/1837/1539 1623/1834/1539 1307/1836/1539 1614/1839/1539
f 1624/1838/1540 2075/1837/1540 1614/1839/1540 1308/1840/1540
f 1301/1794/1541 1600/1793/1541 2076/1841/1541 1617/1842/1541
f 1600/1793/1542 1300/1790/1542 1624/1838/1542 2076/1841/1542
f 2076/1841/1543 1624/1838/1543 1308/1840/1543 1615/1843/1543
f 1617/1842/1544 2076/1841/1544 1615/1843/1544 1309/1844/1544
f 1307/1836/1545 1613/1835/1545 2077/1845/1545 1632/1846/1545
f 1613/1835/1546 1306/1832/1546 1633/1847/1546 2077/1845/1546
f 2077/1845/1547 1633/1847/1547 1314/1848/1547 1628/1849/1547
f 1632/1846/1548 2077/1845/1548 1628/1849/1548 1315/1850/1548
f 1308/1840/1549 1614/1839/1549 2078/1851/1549 1634/1852/1549
f 1614/1839/1550 1307/1836/1550 1632/1846/1550 2078/1851/1550
f 2078/1851/1551 1632/1846/1551 1315/1850/1551 1629/1853/1551
f 1634/1852/1552 2078/1851/1552 1629/1853/1552 1316/1854/1552
f 1309/1844/1553 1615/1843/1553 2079/1855/1553 1635/1856/1553
f 1615/1843/1554 1308/1840/1554 1634/1852/1554 2079/1855/1554
f 2079/1855/1555 1634/1852/1555 1316/1854/1555 1630/1857/1555
f 1635/1856/1556 2079/1855/1556 1630/1857/1556 1317/1858/1556
f 1310/1816/1557 1980/1859/1557 2080/1860/1557 1636/1861/1557
f 1415/1862/1558 1981/1863/1558 2080/1860/1558 1980/1859/1558
f 1318/1864/1559 1636/1861/1559 2080/1860/1559 1981/1863/1559
f 1303/1820/1560 1616/1819/1560 2081/1865/1560 1637/1866/1560
f 1616/1819/1561 1310/1816/1561 1636/1861/1561 2081/1865/1561
f 2081/1865/1562 1636/1861/1562 1318/1864/1562 1631/1867/1562
f 1637/1866/1563 2081/1865/1563 1631/1867/1563 1311/1868/1563
f 1304/1824/1564 1610/1823/1564 2082/1869/1564 1638/1870/1564
f 1610/1823/1565 1303/1820/1565 1637/1866/1565 2082/1869/1565
f 2082/1869/1566 1637/1866/1566 1311/1868/1566 1625/1871/1566
f 1638/1870/1567 2082/1869/1567 1625/1871/1567 1312/1872/1567
f 1305/1828/1568 1611/1827/1568 2083/1873/1568 1639/1874/1568
f 1611/1827/1569 1304/1824/1569 1638/1870/1569 2083/1873/1569
f 2083/1873/1570 1638/1870/1570 1312/1872/1570 1626/1875/1570
f 1639/1874/1571 2083/1873/1571 1626/1875/1571 1313/1876/1571
f 1306/1832/1572 1612/1831/1572 2084/1877/1572 1633/1847/1572
f 1612/1831/1573 1305/1828/1573 1639/1874/1573 2084/1877/1573
f 2084/1877/1574 1639/1874/1574 1313/1876/1574 1627/1878/1574
f 1633/1847/1575 2084/1877/1575 1627/1878/1575 1314/1848/1575
f 1311/1868/1576 1631/1867/1576 2085/1879/1576 1647/1880/1576
f 1631/1867/1577 1318/1864/1577 1648/1881/1577 2085/1879/1577
f 2085/1879/1578 1648/1881/1578 1326/1882/1578 1646/1883/1578
f 1647/1880/1579 2085/1879/1579 1646/1883/1579 1319/1884/1579
f 1312/1872/1580 1625/1871/1580 2086/1885/1580 1649/1886/1580
f 1625/1871/1581 1311/1868/1581 1647/1880/1581 2086/1885/1581
f 2086/1885/1582 1647/1880/1582 1319/1884/1582 1640/1887/1582
f 1649/1886/1583 2086/1885/1583 1640/1887/1583 1320/1888/1583
f 1313/1876/1584 1626/1875/1584 2087/1889/1584 1650/1890/1584
f 1626/1875/1585 1312/1872/1585 1649/1886/1585 2087/1889/1585
f 2087/1889/1586 1649/1886/1586 1320/1888/1586 1641/1891/1586
f 1650/1890/1587 2087/1889/1587 1641/1891/1587 1321/1892/1587
f 1314/1848/1588 1627/1878/1588 2088/1893/1588 1651/1894/1588
f 1627/1878/1589 1313/1876/1589 1650/1890/1589 2088/1893/1589
f 2088/1893/1590 1650/1890/1590 1321/1892/1590 1642/1895/1590
f 1651/1894/1591 2088/1893/1591 1642/1895/1591 1322/1896/1591
f 1315/1850/1592 1628/1849/1592 2089/1897/1592 1652/1898/1592
f 1628/1849/1593 1314/1848/1593 1651/1894/1593 2089/1897/1593
f 2089/1897/1594 1651/1894/1594 1322/1896/1594 1643/1899/1594
f 1652/1898/1595 2089/1897/1595 1643/1899/1595 1323/1900/1595
f 1316/1854/1596 1629/1853/1596 2090/1901/1596 1653/1902/1596
f 1629/1853/1597 1315/1850/1597 1652/1898/1597 2090/1901/1597
f 2090/1901/1598 1652/1898/1598 1323/1900/1598 1644/1903/1598
f 1653/1902/1599 2090/1901/1599 1644/1903/1599 1324/1904/1599
f 1317/1858/1600 1630/1857/1600 2091/1905/1600 1654/1906/1600
f 1630/1857/1601 1316/1854/1601 1653/1902/1601 2091/1905/1601
f 2091/1905/1602 1653/1902/1602 1324/1904/1602 1645/1907/1602
f 1654/1906/1603 2091/1905/1603 1645/1907/1603 1325/1908/1603
f 1318/1864/1604 1981/1909/1604 2092/1910/1604 1648/1881/1604
f 1415/1911/1605 1982/1912/1605 2092/1910/1605 1981/1909/1605
f 1326/1882/1606 1648/1881/1606 2092/1910/1606 1982/1912/1606
f 1324/1904/1607 1644/1903/1607 2093/1913/1607 1662/1914/1607
f 1644/1903/1608 1323/1900/1608 1663/1915/1608 2093/1913/1608
f 2093/1913/1609 1663/1915/1609 1331/1916/1609 1659/1917/1609
f 1662/1914/1610 2093/1913/1610 1659/1917/1610 1332/1918/1610
f 1325/1908/1611 1645/1907/1611 2094/1919/1611 1664/1920/1611
f 1645/1907/1612 1324/1904/1612 1662/1914/1612 2094/1919/1612
f 2094/1919/1613 1662/1914/1613 1332/1918/1613 1660/1921/1613
f 1664/1920/1614 2094/1919/1614 1660/1921/1614 1333/1922/1614
f 1326/1882/1615 1982/1923/1615 2095/1924/1615 1665/1925/1615
f 1415/1926/1616 1983/1927/1616 2095/1924/1616 1982/1923/1616
f 1334/1928/1617 1665/1925/1617 2095/1924/1617 1983/1927/1617
f 1319/1884/1618 1646/1883/1618 2096/1929/1618 1666/1930/1618
f 1646/1883/1619 1326/1882/1619 1665/1925/1619 2096/1929/1619
f 2096/1929/1620 1665/1925/1620 1334/1928/1620 1661/1931/1620
f 1666/1930/1621 2096/1929/1621 1661/1931/1621 1327/1932/1621
f 1320/1888/1622 1640/1887/1622 2097/1933/1622 1667/1934/1622
f 1640/1887/1623 1319/1884/1623 1666/1930/1623 2097/1933/1623
f 2097/1933/1624 1666/1930/1624 1327/1932/1624 1655/1935/1624
f 1667/1934/1625 2097/1933/1625 1655/1935/1625 1328/1936/1625
f 1321/1892/1626 1641/1891/1626 2098/1937/1626 1668/1938/1626
f 1641/1891/1627 1320/1888/1627 1667/1934/1627 2098/1937/1627
f 2098/1937/1628 1667/1934/1628 1328/1936/1628 1656/1939/1628
f 1668/1938/1629 2098/1937/1629 1656/1939/1629 1329/1940/1629
f 1322/1896/1630 1642/1895/1630 2099/1941/1630 1669/1942/1630
f 1642/1895/1631 1321/1892/1631 1668/1938/1631 2099/1941/1631
f 2099/1941/1632 1668/1938/1632 1329/1940/1632 1657/1943/1632
f 1669/1942/1633 2099/1941/1633 1657/1943/1633 1330/1944/1633
f 1323/1900/1634 1643/1899/1634 2100/1945/1634 1663/1915/1634
f 1643/1899/1635 1322/1896/1635 1669/1942/1635 2100/1945/1635
f 2100/1945/1636 1669/1942/1636 1330/1944/1636 1658/1946/1636
f 1663/1915/1637 2100/1945/1637 1658/1946/1637 1331/1916/1637
f 1328/1936/1638 1655/1935/1638 2101/1947/1638 1677/1948/1638
f 1655/1935/1639 1327/1932/1639 1678/1949/1639 2101/1947/1639
f 2101/1947/1640 1678/1949/1640 1335/1950/1640 1670/1951/1640
f 1677/1948/1641 2101/1947/1641 1670/1951/1641 1336/1952/1641
f 1329/1940/1642 1656/1939/1642 2102/1953/1642 1679/1954/1642
f 1656/1939/1643 1328/1936/1643 1677/1948/1643 2102/1953/1643
f 2102/1953/1644 1677/1948/1644 1336/1952/1644 1671/1955/1644
f 1679/1954/1645 2102/1953/1645 1671/1955/1645 1337/1956/1645
f 1330/1944/1646 1657/1943/1646 2103/1957/1646 1680/1958/1646
f 1657/1943/1647 1329/1940/1647 1679/1954/1647 2103/1957/1647
f 2103/1957/1648 1679/1954/1648 1337/1956/1648 1672/1959/1648
f 1680/1958/1649 2103/1957/1649 1672/1959/1649 1338/1960/1649
f 1331/1916/1650 1658/1946/1650 2104/1961/1650 1681/1962/1650
f 1658/1946/1651 1330/1944/1651 1680/1958/1651 2104/1961/1651
f 2104/1961/1652 1680/1958/1652 1338/1960/1652 1673/1963/1652
f 1681/1962/1653 2104/1961/1653 1673/1963/1653 1339/1964/1653
f 1332/1918/1654 1659/1917/1654 2105/1965/1654 1682/1966/1654
f 1659/1917/1655 1331/1916/1655 1681/1962/1655 2105/1965/1655
f 2105/1965/1656 1681/1962/1656 1339/1964/1656 1674/1967/1656
f 1682/1966/1657 2105/1965/1657 1674/1967/1657 1340/1968/1657
f 1333/1922/1658 1660/1921/1658 2106/1969/1658 1683/1970/1658
f 1660/1921/1659 1332/1918/1659 1682/1966/1659 2106/1969/1659
f 2106/1969/1660 1682/1966/1660 1340/1968/1660 1675/1971/1660
f 1683/1970/1661 2106/1969/1661 1675/1971/1661 1341/1972/1661
f 1334/1928/1662 1983/1973/1662 2107/1974/1662 1684/1975/1662
f 1415/1976/1663 1984/1977/1663 2107/1974/1663 1983/1973/1663
f 1342/1978/1664 1684/1975/1664 2107/1974/1664 1984/1977/1664
f 1327/1932/1665 1661/1931/1665 2108/1979/1665 1678/1949/1665
f 1661/1931/1666 1334/1928/1666 1684/1975/1666 2108/1979/1666
f 2108/1979/1667 1684/1975/1667 1342/1978/1667 1676/1980/1667
f 1678/1949/1668 2108/1979/1668 1676/1980/1668 1335/1950/1668
f 1340/1968/1669 1674/1967/1669 2109/1981/1669 1692/1982/1669
f 1674/1967/1670 1339/1964/1670 1693/1983/1670 2109/1981/1670
f 2109/1981/1671 1693/1983/1671 1347/1984/1671 1689/1985/1671
f 1692/1982/1672 2109/1981/1672 1689/1985/1672 1348/1986/1672
f 1341/1972/1673 1675/1971/1673 2110/1987/1673 1694/1988/1673
f 1675/1971/1674 1340/1968/1674 1692/1982/1674 2110/1987/1674
f 2110/1987/1675 1692/1982/1675 1348/1986/1675 1690/1989/1675
f 1694/1988/1676 2110/1987/1676 1690/1989/1676 1349/1990/1676
f 1342/1978/1677 1984/1991/1677 2111/1992/1677 1695/1993/1677
f 1415/1994/1678 1985/1995/1678 2111/1992/1678 1984/1991/1678
f 1350/1996/1679 1695/1993/1679 2111/1992/1679 1985/1995/1679
f 1335/1950/1680 1676/1980/1680 2112/1997/1680 1696/1998/1680
f 1676/1980/1681 1342/1978/1681 1695/1993/1681 2112/1997/1681
f 2112/1997/1682 1695/1993/1682 1350/1996/1682 1691/1999/1682
f 1696/1998/1683 2112/1997/1683 1691/1999/1683 1343/2000/1683
f 1336/1952/1684 1670/1951/1684 2113/2001/1684 1697/2002/1684
f 1670/1951/1685 1335/1950/1685 1696/1998/1685 2113/2001/1685
f 2113/2001/1686 1696/1998/1686 1343/2000/1686 1685/2003/1686
f 1697/2002/1687 2113/2001/1687 1685/2003/1687 1344/2004/1687
f 1337/1956/1688 1671/1955/1688 2114/2005/1688 1698/2006/1688
f 1671/1955/1689 1336/1952/1689 1697/2002/1689 2114/2005/1689
f 2114/2005/1690 1697/2002/1690 1344/2004/1690 1686/2007/1690
f 1698/2006/1691 2114/2005/1691 1686/2007/1691 1345/2008/1691
f 1338/1960/1692 1672/1959/1692 2115/2009/1692 1699/2010/1692
f 1672/1959/1693 1337/1956/1693 1698/2006/1693 2115/2009/1693
f 2115/2009/1694 1698/2006/1694 1345/2008/1694 1687/2011/1694
f 1699/2010/1695 2115/2009/1695 1687/2011/1695 1346/2012/1695
f 1339/1964/1696 1673/1963/1696 2116/2013/1696 1693/1983/1696
f 1673/1963/1697 1338/1960/1697 1699/2010/1697 2116/2013/1697
f 2116/2013/1698 1699/2010/1698 1346/2012/1698 1688/2014/1698
f 1693/1983/1699 2116/2013/1699 1688/2014/1699 1347/1984/1699
f 1345/2008/1700 1686/2007/1700 2117/2015/1700 1707/2016/1700
f 1686/2007/1701 1344/2004/1701 1708/2017/1701 2117/2015/1701
f 2117/2015/1702 1708/2017/1702 1352/2018/1702 1701/2019/1702
f 1707/2016/1703 2117/2015/1703 1701/2019/1703 1353/2020/1703
f 1346/2012/1704 1687/2011/1704 2118/2021/1704 1709/2022/1704
f 1687/2011/1705 1345/2008/1705 1707/2016/1705 2118/2021/1705
f 2118/2021/1706 1707/2016/1706 1353/2020/1706 1702/2023/1706
f 1709/2022/1707 2118/2021/1707 1702/2023/1707 1354/2024/1707
f 1347/1984/1708 1688/2014/1708 2119/2025/1708 1710/2026/1708
f 1688/2014/1709 1346/2012/1709 1709/2022/1709 2119/2025/1709
f 2119/2025/1710 1709/2022/1710 1354/2024/1710 1703/2027/1710
f 1710/2026/1711 2119/2025/1711 1703/2027/1711 1355/2028/1711
f 1348/1986/1712 1689/1985/1712 2120/2029/1712 1711/2030/1712
f 1689/1985/1713 1347/1984/1713 1710/2026/1713 2120/2029/1713
f 2120/2029/1714 1710/2026/1714 1355/2028/1714 1704/2031/1714
f 1711/2030/1715 2120/2029/1715 1704/2031/1715 1356/2032/1715
f 1349/1990/1716 1690/1989/1716 2121/2033/1716 1712/2034/1716
f 1690/1989/1717 1348/1986/1717 1711/2030/1717 2121/2033/1717
f 2121/2033/1718 1711/2030/1718 1356/2032/1718 1705/2035/1718
f 1712/2034/1719 2121/2033/1719 1705/2035/1719 1357/2036/1719
f 1350/1996/1720 1985/2037/1720 2122/2038/1720 1713/2039/1720
f 1415/2040/1721 1986/2041/1721 2122/2038/1721 1985/2037/1721
f 1358/2042/1722 1713/2039/1722 2122/2038/1722 1986/2041/1722
f 1343/2000/1723 1691/1999/1723 2123/2043/1723 1714/2044/1723
f 1691/1999/1724 1350/1996/1724 1713/2039/1724 2123/2043/1724
f 2123/2043/1725 1713/2039/1725 1358/2042/1725 1706/2045/1725
f 1714/2044/1726 2123/2043/1726 1706/2045/1726 1351/2046/1726
f 1344/2004/1727 1685/2003/1727 2124/2047/1727 1708/2017/1727
f 1685/2003/1728 1343/2000/1728 1714/2044/1728 2124/2047/1728
f 2124/2047/1729 1714/2044/1729 1351/2046/1729 1700/2048/1729
f 1708/2017/1730 2124/2047/1730 1700/2048/1730 1352/2018/1730
f 1357/2036/1731 1705/2035/1731 2125/2049/1731 1722/2050/1731
f 1705/2035/1732 1356/2032/1732 1723/2051/1732 2125/2049/1732
f 2125/2049/1733 1723/2051/1733 1364/2052/1733 1720/2053/1733
f 1722/2050/1734 2125/2049/1734 1720/2053/1734 1365/2054/1734
f 1358/2042/1735 1986/2055/1735 2126/2056/1735 1724/2057/1735
f 1415/2058/1736 1987/2059/1736 2126/2056/1736 1986/2055/1736
f 1366/2060/1737 1724/2057/1737 2126/2056/1737 1987/2059/1737
f 1351/2046/1738 1706/2045/1738 2127/2061/1738 1725/2062/1738
f 1706/2045/1739 1358/2042/1739 1724/2057/1739 2127/2061/1739
f 2127/2061/1740 1724/2057/1740 1366/2060/1740 1721/2063/1740
f 1725/2062/1741 2127/2061/1741 1721/2063/1741 1359/2064/1741
f 1352/2018/1742 1700/2048/1742 2128/2065/1742 1726/2066/1742
f 1700/2048/1743 1351/2046/1743 1725/2062/1743 2128/2065/1743
f 2128/2065/1744 1725/2062/1744 1359/2064/1744 1715/2067/1744
f 1726/2066/1745 2128/2065/1745 1715/2067/1745 1360/2068/1745
f 1353/2020/1746 1701/2019/1746 2129/2069/1746 1727/2070/1746
f 1701/2019/1747 1352/2018/1747 1726/2066/1747 2129/2069/1747
f 2129/2069/1748 1726/2066/1748 1360/2068/1748 1716/2071/1748
f 1727/2070/1749 2129/2069/1749 1716/2071/1749 1361/2072/1749
f 1354/2024/1750 1702/2023/1750 2130/2073/1750 1728/2074/1750
f 1702/2023/1751 1353/2020/1751 1727/2070/1751 2130/2073/1751
f 2130/2073/1752 1727/2070/1752 1361/2072/1752 1717/2075/1752
f 1728/2074/1753 2130/2073/1753 1717/2075/1753 1362/2076/1753
f 1355/2028/1754 1703/2027/1754 2131/2077/1754 1729/2078/1754
f 1703/2027/1755 1354/2024/1755 1728/2074/1755 2131/2077/1755
f 2131/2077/1756 1728/2074/1756 1362/2076/1756 1718/2079/1756
f 1729/2078/1757 2131/2077/1757 1718/2079/1757 1363/2080/1757
f 1356/2032/1758 1704/2031/1758 2132/2081/1758 1723/2051/1758
f 1704/2031/1759 1355/2028/1759 1729/2078/1759 2132/2081/1759
f 2132/2081/1760 1729/2078/1760 1363/2080/1760 1719/2082/1760
f 1723/2051/1761 2132/2081/1761 1719/2082/1761 1364/2052/1761
f 1361/2072/1762 1716/2071/1762 2133/2083/1762 1737/2084/1762
f 1716/2071/1763 1360/2068/1763 1738/2085/1763 2133/2083/1763
f 2133/2083/1764 1738/2085/1764 1368/2086/1764 1731/2087/1764
f 1737/2084/1765 2133/2083/1765 1731/2087/1765 1369/2088/1765
f 1362/2076/1766 1717/2075/1766 2134/2089/1766 1739/2090/1766
f 1717/2075/1767 1361/2072/1767 1737/2084/1767 2134/2089/1767
f 2134/2089/1768 1737/2084/1768 1369/2088/1768 1732/2091/1768
f 1739/2090/1769 2134/2089/1769 1732/2091/1769 1370/2092/1769
f 1363/2080/1770 1718/2079/1770 2135/2093/1770 1740/2094/1770
f 1718/2079/1771 1362/2076/1771 1739/2090/1771 2135/2093/1771
f 2135/2093/1772 1739/2090/1772 1370/2092/1772 1733/2095/1772
f 1740/2094/1773 2135/2093/1773 1733/2095/1773 1371/2096/1773
f 1364/2052/1774 1719/2082/1774 2136/2097/1774 1741/2098/1774
f 1719/2082/1775 1363/2080/1775 1740/2094/1775 2136/2097/1775
f 2136/2097/1776 1740/2094/1776 1371/2096/1776 1734/2099/1776
f 1741/2098/1777 2136/2097/1777 1734/2099/1777 1372/2100/1777
f 1365/2054/1778 1720/2053/1778 2137/2101/1778 1742/2102/1778
f 1720/2053/1779 1364/2052/1779 1741/2098/1779 2137/2101/1779
f 2137/2101/1780 1741/2098/1780 1372/2100/1780 1735/2103/1780
f 1742/2102/1781 2137/2101/1781 1735/2103/1781 1373/2104/1781
f 1366/2060/1782 1987/2105/1782 2138/2106/1782 1743/2107/1782
f 1415/2108/1783 1988/2109/1783 2138/2106/1783 1987/2105/1783
f 1374/2110/1784 1743/2107/1784 2138/2106/1784 1988/2109/1784
f 1359/2064/1785 1721/2063/1785 2139/2111/1785 1744/2112/1785
f 1721/2063/1786 1366/2060/1786 1743/2107/1786 2139/2111/1786
f 2139/2111/1787 1743/2107/1787 1374/2110/1787 1736/2113/1787
f 1744/2112/1788 2139/2111/1788 1736/2113/1788 1367/2114/1788
f 1360/2068/1789 1715/2067/1789 2140/2115/1789 1738/2085/1789
f 1715/2067/1790 1359/2064/1790 1744/2112/1790 2140/2115/1790
f 2140/2115/1791 1744/2112/1791 1367/2114/1791 1730/2116/1791
f 1738/2085/1792 2140/2115/1792 1730/2116/1792 1368/2086/1792
f 1373/2104/1793 1735/2103/1793 2141/2117/1793 1752/2118/1793
f 1735/2103/1794 1372/2100/1794 1753/2119/1794 2141/2117/1794
f 2141/2117/1795 1753/2119/1795 1380/2120/1795 1750/2121/1795
f 1752/2118/1796 2141/2117/1796 1750/2121/1796 1381/2122/1796
f 1374/2110/1797 1988/2123/1797 2142/2124/1797 1754/2125/1797
f 1415/2126/1798 1989/2127/1798 2142/2124/1798 1988/2123/1798
f 1382/2128/1799 1754/2125/1799 2142/2124/1799 1989/2127/1799
f 1367/2114/1800 1736/2113/1800 2143/2129/1800 1755/2130/1800
f 1736/2113/1801 1374/2110/1801 1754/2125/1801 2143/2129/1801
f 2143/2129/1802 1754/2125/1802 1382/2128/1802 1751/2131/1802
f 1755/2130/1803 2143/2129/1803 1751/2131/1803 1375/2132/1803
f 1368/2086/1804 1730/2116/1804 2144/2133/1804 1756/2134/1804
f 1730/2116/1805 1367/2114/1805 1755/2130/1805 2144/2133/1805
f 2144/2133/1806 1755/2130/1806 1375/2132/1806 1745/2135/1806
f 1756/2134/1807 2144/2133/1807 1745/2135/1807 1376/2136/1807
f 1369/2088/1808 1731/2087/1808 2145/2137/1808 1757/2138/1808
f 1731/2087/1809 1368/2086/1809 1756/2134/1809 2145/2137/1809
f 2145/2137/1810 1756/2134/1810 1376/2136/1810 1746/2139/1810
f 1757/2138/1811 2145/2137/1811 1746/2139/1811 1377/2140/1811
f 1370/2092/1812 1732/2091/1812 2146/2141/1812 1758/2142/1812
f 1732/2091/1813 1369/2088/1813 1757/2138/1813 2146/2141/1813
f 2146/2141/1814 1757/2138/1814 1377/2140/1814 1747/2143/1814
f 1758/2142/1815 2146/2141/1815 1747/2143/1815 1378/2144/1815
f 1371/2096/1816 1733/2095/1816 2147/2145/1816 1759/2146/1816
f 1733/2095/1817 1370/2092/1817 1758/2142/1817 2147/2145/1817
f 2147/2145/1818 1758/2142/1818 1378/2144/1818 1748/2147/1818
f 1759/2146/1819 2147/2145/1819 1748/2147/1819 1379/2148/1819
f 1372/2100/1820 1734/2099/1820 2148/2149/1820 1753/2119/1820
f 1734/2099/1821 1371/2096/1821 1759/2146/1821 2148/2149/1821
f 2148/2149/1822 1759/2146/1822 1379/2148/1822 1749/2150/1822
f 1753/2119/1823 2148/2149/1823 1749/2150/1823 1380/2120/1823
f 1378/2144/1824 1747/2143/1824 2149/2151/1824 1767/2152/1824
f 1747/2143/1825 1377/2140/1825 1768/2153/1825 2149/2151/1825
f 2149/2151/1826 1768/2153/1826 1385/2154/1826 1762/2155/1826
f 1767/2152/1827 2149/2151/1827 1762/2155/1827 1386/2156/1827
f 1379/2148/1828 1748/2147/1828 2150/2157/1828 1769/2158/1828
f 1748/2147/1829 1378/2144/1829 1767/2152/1829 2150/2157/1829
f 2150/2157/1830 1767/2152/1830 1386/2156/1830 1763/2159/1830
f 1769/2158/1831 2150/2157/1831 1763/2159/1831 1387/2160/1831
f 1380/2120/1832 1749/2150/1832 2151/2161/1832 1770/2162/1832
f 1749/2150/1833 1379/2148/1833 1769/2158/1833 2151/2161/1833
f 2151/2161/1834 1769/2158/1834 1387/2160/1834 1764/2163/1834
f 1770/2162/1835 2151/2161/1835 1764/2163/1835 1388/2164/1835
f 1381/2122/1836 1750/2121/1836 2152/2165/1836 1771/2166/1836
f 1750/2121/1837 1380/2120/1837 1770/2162/1837 2152/2165/1837
f 2152/2165/1838 1770/2162/1838 1388/2164/1838 1765/2167/1838
f 1771/2166/1839 2152/2165/1839 1765/2167/1839 1389/2168/1839
f 1382/2128/1840 1989/2169/1840 2153/2170/1840 1772/2171/1840
f 1415/2172/1841 1990/2173/1841 2153/2170/1841 1989/2169/1841
f 1390/2174/1842 1772/2171/1842 2153/2170/1842 1990/2173/1842
f 1375/2132/1843 1751/2131/1843 2154/2175/1843 1773/2176/1843
f 1751/2131/1844 1382/2128/1844 1772/2171/1844 2154/2175/1844
f 2154/2175/1845 1772/2171/1845 1390/2174/1845 1766/2177/1845
f 1773/2176/1846 2154/2175/1846 1766/2177/1846 1383/2178/1846
f 1376/2136/1847 1745/2135/1847 2155/2179/1847 1774/2180/1847
f 1745/2135/1848 1375/2132/1848 1773/2176/1848 2155/2179/1848
f 2155/2179/1849 1773/2176/1849 1383/2178/1849 1760/2181/1849
f 1774/2180/1850 2155/2179/1850 1760/2181/1850 1384/2182/1850
f 1377/2140/1851 1746/2139/1851 2156/2183/1851 1768/2153/1851
f 1746/2139/1852 1376/2136/1852 1774/2180/1852 2156/2183/1852
f 2156/2183/1853 1774/2180/1853 1384/2182/1853 1761/2184/1853
f 1768/2153/1854 2156/2183/1854 1761/2184/1854 1385/2154/1854
f 1390/2174/1855 1990/2185/1855 2157/2186/1855 1783/2187/1855
f 1415/2188/1856 1991/2189/1856 2157/2186/1856 1990/2185/1856
f 1398/2190/1857 1783/2187/1857 2157/2186/1857 1991/2189/1857
f 1383/2178/1858 1766/2177/1858 2158/2191/1858 1784/2192/1858
f 1766/2177/1859 1390/2174/1859 1783/2187/1859 2158/2191/1859
f 2158/2191/1860 1783/2187/1860 1398/2190/1860 1781/2193/1860
f 1784/2192/1861 2158/2191/1861 1781/2193/1861 1391/2194/1861
f 1384/2182/1862 1760/2181/1862 2159/2195/1862 1785/2196/1862
f 1760/2181/1863 1383/2178/1863 1784/2192/1863 2159/2195/1863
f 2159/2195/1864 1784/2192/1864 1391/2194/1864 1775/2197/1864
f 1785/2196/1865 2159/2195/1865 1775/2197/1865 1392/2198/1865
f 1385/2154/1866 1761/2184/1866 2160/2199/1866 1786/2200/1866
f 1761/2184/1867 1384/2182/1867 1785/2196/1867 2160/2199/1867
f 2160/2199/1868 1785/2196/1868 1392/2198/1868 1776/2201/1868
f 1786/2200/1869 2160/2199/1869 1776/2201/1869 1393/2202/1869
f 1386/2156/1870 1762/2155/1870 2161/2203/1870 1787/2204/1870
f 1762/2155/1871 1385/2154/1871 1786/2200/1871 2161/2203/1871
f 2161/2203/1872 1786/2200/1872 1393/2202/1872 1777/2205/1872
f 1787/2204/1873 2161/2203/1873 1777/2205/1873 1394/2206/1873
f 1387/2160/1874 1763/2159/1874 2162/2207/1874 1788/2208/1874
f 1763/2159/1875 1386/2156/1875 1787/2204/1875 2162/2207/1875
f 2162/2207/1876 1787/2204/1876 1394/2206/1876 1778/2209/1876
f 1788/2208/1877 2162/2207/1877 1778/2209/1877 1395/2210/1877
f 1388/2164/1878 1764/2163/1878 2163/2211/1878 1789/2212/1878
f 1764/2163/1879 1387/2160/1879 1788/2208/1879 2163/2211/1879
f 2163/2211/1880 1788/2208/1880 1395/2210/1880 1779/2213/1880
f 1789/2212/1881 2163/2211/1881 1779/2213/1881 1396/2214/1881
f 1389/2168/1882 1765/2167/1882 2164/2215/1882 1782/2216/1882
f 1765/2167/1883 1388/2164/1883 1789/2212/1883 2164/2215/1883
f 2164/2215/1884 1789/2212/1884 1396/2214/1884 1780/2217/1884
f 1782/2216/1885 2164/2215/1885 1780/2217/1885 1397/2218/1885
f 1395/2210/1886 1778/2209/1886 2165/2219/1886 1797/2220/1886
f 1778/2209/1887 1394/2206/1887 1798/2221/1887 2165/2219/1887
f 2165/2219/1888 1798/2221/1888 1402/2222/1888 1793/2223/1888
f 1797/2220/1889 2165/2219/1889 1793/2223/1889 1403/2224/1889
f 1396/2214/1890 1779/2213/1890 2166/2225/1890 1799/2226/1890
f 1779/2213/1891 1395/2210/1891 1797/2220/1891 2166/2225/1891
f 2166/2225/1892 1797/2220/1892 1403/2224/1892 1794/2227/1892
f 1799/2226/1893 2166/2225/1893 1794/2227/1893 1404/2228/1893
f 1397/2218/1894 1780/2217/1894 2167/2229/1894 1800/2230/1894
f 1780/2217/1895 1396/2214/1895 1799/2226/1895 2167/2229/1895
f 2167/2229/1896 1799/2226/1896 1404/2228/1896 1795/2231/1896
f 1800/2230/1897 2167/2229/1897 1795/2231/1897 1405/2232/1897
f 1398/2190/1898 1991/2233/1898 2168/2234/1898 1801/2235/1898
f 1415/2236/1899 1992/2237/1899 2168/2234/1899 1991/2233/1899
f 1406/2238/1900 1801/2235/1900 2168/2234/1900 1992/2237/1900
f 1391/2194/1901 1781/2193/1901 2169/2239/1901 1802/2240/1901
f 1781/2193/1902 1398/2190/1902 1801/2235/1902 2169/2239/1902
f 2169/2239/1903 1801/2235/1903 1406/2238/1903 1796/2241/1903
f 1802/2240/1904 2169/2239/1904 1796/2241/1904 1399/2242/1904
f 1392/2198/1905 1775/2197/1905 2170/2243/1905 1803/2244/1905
f 1775/2197/1906 1391/2194/1906 1802/2240/1906 2170/2243/1906
f 2170/2243/1907 1802/2240/1907 1399/2242/1907 1790/2245/1907
f 1803/2244/1908 2170/2243/1908 1790/2245/1908 1400/2246/1908
f 1393/2202/1909 1776/2201/1909 2171/2247/1909 1804/2248/1909
f 1776/2201/1910 1392/2198/1910 1803/2244/1910 2171/2247/1910
f 2171/2247/1911 1803/2244/1911 1400/2246/1911 1791/2249/1911
f 1804/2248/1912 2171/2247/1912 1791/2249/1912 1401/2250/1912
f 1394/2206/1913 1777/2205/1913 2172/2251/1913 1798/2221/1913
f 1777/2205/1914 1393/2202/1914 1804/2248/1914 2172/2251/1914
f 2172/2251/1915 1804/2248/1915 1401/2250/1915 1792/2252/1915
f 1798/2221/1916 2172/2251/1916 1792/2252/1916 1402/2222/1916
f 1406/2238/1917 1992/2253/1917 2173/2254/1917 1813/2255/1917
f 1415/2256/1918 1805/2257/1918 2173/2254/1918 1992/2253/1918
f 1414/2258/1919 1813/2255/1919 2173/2254/1919 1805/2257/1919
f 1399/2242/1920 1796/2241/1920 2174/2259/1920 1814/2260/1920
f 1796/2241/1921 1406/2238/1921 1813/2255/1921 2174/2259/1921
f 2174/2259/1922 1813/2255/1922 1414/2258/1922 1812/2261/1922
f 1814/2260/1923 2174/2259/1923 1812/2261/1923 1407/2262/1923
f 1400/2246/1924 1790/2245/1924 2175/2263/1924 1815/2264/1924
f 1790/2245/1925 1399/2242/1925 1814/2260/1925 2175/2263/1925
f 2175/2263/1926 1814/2260/1926 1407/2262/1926 1806/2265/1926
f 1815/2264/1927 2175/2263/1927 1806/2265/1927 1408/2266/1927
f 1401/2250/1928 1791/2249/1928 2176/2267/1928 1816/2268/1928
f 1791/2249/1929 1400/2246/1929 1815/2264/1929 2176/2267/1929
f 2176/2267/1930 1815/2264/1930 1408/2266/1930 1807/2269/1930
f 1816/2268/1931 2176/2267/1931 1807/2269/1931 1409/2270/1931
f 1402/2222/1932 1792/2252/1932 2177/2271/1932 1817/2272/1932
f 1792/2252/1933 1401/2250/1933 1816/2268/1933 2177/2271/1933
f 2177/2271/1934 1816/2268/1934 1409/2270/1934 1808/2273/1934
f 1817/2272/1935 2177/2271/1935 1808/2273/1935 1410/2274/1935
f 1403/2224/1936 1793/2223/1936 2178/2275/1936 1818/2276/1936
f 1793/2223/1937 1402/2222/1937 1817/2272/1937 2178/2275/1937
f 2178/2275/1938 1817/2272/1938 1410/2274/1938 1809/2277/1938
f 1818/2276/1939 2178/2275/1939 1809/2277/1939 1411/2278/1939
f 1404/2228/1940 1794/2227/1940 2179/2279/1940 1819/2280/1940
f 1794/2227/1941 1403/2224/1941 1818/2276/1941 2179/2279/1941
f 2179/2279/1942 1818/2276/1942 1411/2278/1942 1810/2281/1942
f 1819/2280/1943 2179/2279/1943 1810/2281/1943 1412/2282/1943
f 1405/2232/1944 1795/2231/1944 2180/2283/1944 1820/2284/1944
f 1795/2231/1945 1404/2228/1945 1819/2280/1945 2180/2283/1945
f 2180/2283/1946 1819/2280/1946 1412/2282/1946 1811/2285/1946
f 1820/2284/1947 2180/2283/1947 1811/2285/1947 1413/2286/1947
f 1411/2278/1948 1809/2277/1948 2181/2287/1948 1828/2288/1948
f 1809/2277/1949 1410/2274/1949 1829/2289/1949 2181/2287/1949
f 2181/2287/1950 1829/2289/1950 1419/2290/1950 1824/2291/1950
f 1828/2288/1951 2181/2287/1951 1824/2291/1951 1420/2292/1951
f 1412/2282/1952 1810/2281/1952 2182/2293/1952 1830/2294/1952
f 1810/2281/1953 1411/2278/1953 1828/2288/1953 2182/2293/1953
f 2182/2293/1954 1828/2288/1954 1420/2292/1954 1825/2295/1954
f 1830/2294/1955 2182/2293/1955 1825/2295/1955 1421/2296/1955
f 1413/2286/1956 1811/2285/1956 2183/2297/1956 1831/2298/1956
f 1811/2285/1957 1412/2282/1957 1830/2294/1957 2183/2297/1957
f 2183/2297/1958 1830/2294/1958 1421/2296/1958 1826/2299/1958
f 1831/2298/1959 2183/2297/1959 1826/2299/1959 1422/2300/1959
f 1414/2258/1960 1805/2301/1960 2184/2302/1960 1832/2303/1960
f 1415/2304/1961 1993/2305/1961 2184/2302/1961 1805/2301/1961
f 1423/2306/1962 1832/2303/1962 2184/2302/1962 1993/2305/1962
f 1407/2262/1963 1812/2261/1963 2185/2307/1963 1833/2308/1963
f 1812/2261/1964 1414/2258/1964 1832/2303/1964 2185/2307/1964
f 2185/2307/1965 1832/2303/1965 1423/2306/1965 1827/2309/1965
f 1833/2308/1966 2185/2307/1966 1827/2309/1966 1416/2310/1966
f 1408/2266/1967 1806/2265/1967 2186/2311/1967 1834/2312/1967
f 1806/2265/1968 1407/2262/1968 1833/2308/1968 2186/2311/1968
f 2186/2311/1969 1833/2308/1969 1416/2310/1969 1821/2313/1969
f 1834/2312/1970 2186/2311/1970 1821/2313/1970 1417/2314/1970
f 1409/2270/1971 1807/2269/1971 2187/2315/1971 1835/2316/1971
f 1807/2269/1972 1408/2266/1972 1834/2312/1972 2187/2315/1972
f 2187/2315/1973 1834/2312/1973 1417/2314/1973 1822/2317/1973
f 1835/2316/1974 2187/2315/1974 1822/2317/1974 1418/2318/1974
f 1410/2274/1975 1808/2273/1975 2188/2319/1975 1829/2289/1975
f 1808/2273/1976 1409/2270/1976 1835/2316/1976 2188/2319/1976
f 2188/2319/1977 1835/2316/1977 1418/2318/1977 1823/2320/1977
f 1829/2289/1978 2188/2319/1978 1823/2320/1978 1419/2290/1978
f 1417/2314/1979 1821/2313/1979 2189/2321/1979 1843/2322/1979
f 1821/2313/1980 1416/2310/1980 1844/2323/1980 2189/2321/1980
f 2189/2321/1981 1844/2323/1981 1424/2324/1981 1836/2325/1981
f 1843/2322/1982 2189/2321/1982 1836/2325/1982 1425/2326/1982
f 1418/2318/1983 1822/2317/1983 2190/2327/1983 1845/2328/1983
f 1822/2317/1984 1417/2314/1984 1843/2322/1984 2190/2327/1984
f 2190/2327/1985 1843/2322/1985 1425/2326/1985 1837/2329/1985
f 1845/2328/1986 2190/2327/1986 1837/2329/1986 1426/2330/1986
f 1419/2290/1987 1823/2320/1987 2191/2331/1987 1846/2332/1987
f 1823/2320/1988 1418/2318/1988 1845/2328/1988 2191/2331/1988
f 2191/2331/1989 1845/2328/1989 1426/2330/1989 1838/2333/1989
f 1846/2332/1990 2191/2331/1990 1838/2333/1990 1427/2334/1990
f 1420/2292/1991 1824/2291/1991 2192/2335/1991 1847/2336/1991
f 1824/2291/1992 1419/2290/1992 1846/2332/1992 2192/2335/1992
f 2192/2335/1993 1846/2332/1993 1427/2334/1993 1839/2337/1993
f 1847/2336/1994 2192/2335/1994 1839/2337/1994 1428/2338/1994
f 1421/2296/1995 1825/2295/1995 2193/2339/1995 1848/2340/1995
f 1825/2295/1996 1420/2292/1996 1847/2336/1996 2193/2339/1996
f 2193/2339/1997 1847/2336/1997 1428/2338/1997 1840/2341/1997
f 1848/2340/1998 2193/2339/1998 1840/2341/1998 1429/2342/1998
f 1422/2300/1999 1826/2299/1999 2194/2343/1999 1849/2344/1999
f 1826/2299/2000 1421/2296/2000 1848/2340/2000 2194/2343/2000
f 2194/2343/2001 1848/2340/2001 1429/2342/2001 1841/2345/2001
f 1849/2344/2002 2194/2343/2002 1841/2345/2002 1430/2346/2002
f 1423/2306/2003 1993/2347/2003 2195/2348/2003 1850/2349/2003
f 1415/2350/2004 1994/2351/2004 2195/2348/2004 1993/2347/2004
f 1431/2352/2005 1850/2349/2005 2195/2348/2005 1994/2351/2005
f 1416/2310/2006 1827/2309/2006 2196/2353/2006 1844/2323/2006
f 1827/2309/2007 1423/2306/2007 1850/2349/2007 2196/2353/2007
f 2196/2353/2008 1850/2349/2008 1431/2352/2008 1842/2354/2008
f 1844/2323/2009 2196/2353/2009 1842/2354/2009 1424/2324/2009
f 1429/2355/2010 1840/2356/2010 2197/2357/2010 1858/2358/2010
f 1840/2356/2011 1428/2359/2011 1859/2360/2011 2197/2357/2011
f 2197/2357/2012 1859/2360/2012 1436/2361/2012 1855/2362/2012
f 1858/2358/2013 2197/2357/2013 1855/2362/2013 1437/2363/2013
f 1430/2364/2014 1841/2365/2014 2198/2366/2014 1860/2367/2014
f 1841/2365/2015 1429/2355/2015 1858/2358/2015 2198/2366/2015
f 2198/2366/2016 1858/2358/2016 1437/2363/2016 1856/2368/2016
f 1860/2367/2017 2198/2366/2017 1856/2368/2017 1438/2369/2017
f 1431/2370/2018 1994/2371/2018 2199/2372/2018 1861/2373/2018
f 1415/2374/2019 1995/2375/2019 2199/2372/2019 1994/2371/2019
f 1439/2376/2020 1861/2373/2020 2199/2372/2020 1995/2375/2020
f 1424/2377/2021 1842/2378/2021 2200/2379/2021 1862/2380/2021
f 1842/2378/2022 1431/2370/2022 1861/2373/2022 2200/2379/2022
f 2200/2379/2023 1861/2373/2023 1439/2376/2023 1857/2381/2023
f 1862/2380/2024 2200/2379/2024 1857/2381/2024 1432/2382/2024
f 1425/2383/2025 1836/2384/2025 2201/2385/2025 1863/2386/2025
f 1836/2384/2026 1424/2377/2026 1862/2380/2026 2201/2385/2026
f 2201/2385/2027 1862/2380/2027 1432/2382/2027 1851/2387/2027
f 1863/2386/2028 2201/2385/2028 1851/2387/2028 1433/2388/2028
f 1426/2389/2029 1837/2390/2029 2202/2391/2029 1864/2392/2029
f 1837/2390/2030 1425/2383/2030 1863/2386/2030 2202/2391/2030
f 2202/2391/2031 1863/2386/2031 1433/2388/2031 1852/2393/2031
f 1864/2392/2032 2202/2391/2032 1852/2393/2032 1434/2394/2032
f 1427/2395/2033 1838/2396/2033 2203/2397/2033 1865/2398/2033
f 1838/2396/2034 1426/2389/2034 1864/2392/2034 2203/2397/2034
f 2203/2397/2035 1864/2392/2035 1434/2394/2035 1853/2399/2035
f 1865/2398/2036 2203/2397/2036 1853/2399/2036 1435/2400/2036
f 1428/2359/2037 1839/2401/2037 2204/2402/2037 1859/2360/2037
f 1839/2401/2038 1427/2395/2038 1865/2398/2038 2204/2402/2038
f 2204/2402/2039 1865/2398/2039 1435/2400/2039 1854/2403/2039
f 1859/2360/2040 2204/2402/2040 1854/2403/2040 1436/2361/2040
f 1433/2388/2041 1851/2387/2041 2205/2404/2041 1873/2405/2041
f 1851/2387/2042 1432/2382/2042 1874/2406/2042 2205/2404/2042
f 2205/2404/2043 1874/2406/2043 1440/2407/2043 1866/2408/2043
f 1873/2405/2044 2205/2404/2044 1866/2408/2044 1441/2409/2044
f 1434/2394/2045 1852/2393/2045 2206/2410/2045 1875/2411/2045
f 1852/2393/2046 1433/2388/2046 1873/2405/2046 2206/2410/2046
f 2206/2410/2047 1873/2405/2047 1441/2409/2047 1867/2412/2047
f 1875/2411/2048 2206/2410/2048 1867/2412/2048 1442/2413/2048
f 1435/2400/2049 1853/2399/2049 2207/2414/2049 1876/2415/2049
f 1853/2399/2050 1434/2394/2050 1875/2411/2050 2207/2414/2050
f 2207/2414/2051 1875/2411/2051 1442/2413/2051 1868/2416/2051
f 1876/2415/2052 2207/2414/2052 1868/2416/2052 1443/2417/2052
f 1436/2361/2053 1854/2403/2053 2208/2418/2053 1877/2419/2053
f 1854/2403/2054 1435/2400/2054 1876/2415/2054 2208/2418/2054
f 2208/2418/2055 1876/2415/2055 1443/2417/2055 1869/2420/2055
f 1877/2419/2056 2208/2418/2056 1869/2420/2056 1444/2421/2056
f 1437/2363/2057 1855/2362/2057 2209/2422/2057 1878/2423/2057
f 1855/2362/2058 1436/2361/2058 1877/2419/2058 2209/2422/2058
f 2209/2422/2059 1877/2419/2059 1444/2421/2059 1870/2424/2059
f 1878/2423/2060 2209/2422/2060 1870/2424/2060 1445/2425/2060
f 1438/2369/2061 1856/2368/2061 2210/2426/2061 1879/2427/2061
f 1856/2368/2062 1437/2363/2062 1878/2423/2062 2210/2426/2062
f 2210/2426/2063 1878/2423/2063 1445/2425/2063 1871/2428/2063
f 1879/2427/2064 2210/2426/2064 1871/2428/2064 1446/2429/2064
f 1439/2376/2065 1995/2430/2065 2211/2431/2065 1880/2432/2065
f 1415/2433/2066 1996/2434/2066 2211/2431/2066 1995/2430/2066
f 1447/2435/2067 1880/2432/2067 2211/2431/2067 1996/2434/2067
f 1432/2382/2068 1857/2381/2068 2212/2436/2068 1874/2406/2068
f 1857/2381/2069 1439/2376/2069 1880/2432/2069 2212/2436/2069
f 2212/2436/2070 1880/2432/2070 1447/2435/2070 1872/2437/2070
f 1874/2406/2071 2212/2436/2071 1872/2437/2071 1440/2407/2071
f 1445/2425/2072 1870/2424/2072 2213/2438/2072 1888/2439/2072
f 1870/2424/2073 1444/2421/2073 1889/2440/2073 2213/2438/2073
f 2213/2438/2074 1889/2440/2074 1452/2441/2074 1885/2442/2074
f 1888/2439/2075 2213/2438/2075 1885/2442/2075 1453/2443/2075
f 1446/2429/2076 1871/2428/2076 2214/2444/2076 1890/2445/2076
f 1871/2428/2077 1445/2425/2077 1888/2439/2077 2214/2444/2077
f 2214/2444/2078 1888/2439/2078 1453/2443/2078 1886/2446/2078
f 1890/2445/2079 2214/2444/2079 1886/2446/2079 1454/2447/2079
f 1447/2435/2080 1996/2448/2080 2215/2449/2080 1891/2450/2080
f 1415/2451/2081 1997/2452/2081 2215/2449/2081 1996/2448/2081
f 1455/2453/2082 1891/2450/2082 2215/2449/2082 1997/2452/2082
f 1440/2407/2083 1872/2437/2083 2216/2454/2083 1892/2455/2083
f 1872/2437/2084 1447/2435/2084 1891/2450/2084 2216/2454/2084
f 2216/2454/2085 1891/2450/2085 1455/2453/2085 1887/2456/2085
f 1892/2455/2086 2216/2454/2086 1887/2456/2086 1448/2457/2086
f 1441/2409/2087 1866/2408/2087 2217/2458/2087 1893/2459/2087
f 1866/2408/2088 1440/2407/2088 1892/2455/2088 2217/2458/2088
f 2217/2458/2089 1892/2455/2089 1448/2457/2089 1881/2460/2089
f 1893/2459/2090 2217/2458/2090 1881/2460/2090 1449/2461/2090
f 1442/2413/2091 1867/2412/2091 2218/2462/2091 1894/2463/2091
f 1867/2412/2092 1441/2409/2092 1893/2459/2092 2218/2462/2092
f 2218/2462/2093 1893/2459/2093 1449/2461/2093 1882/2464/2093
f 1894/2463/2094 2218/2462/2094 1882/2464/2094 1450/2465/2094
f 1443/2417/2095 1868/2416/2095 2219/2466/2095 1895/2467/2095
f 1868/2416/2096 1442/2413/2096 1894/2463/2096 2219/2466/2096
f 2219/2466/2097 1894/2463/2097 1450/2465/2097 1883/2468/2097
f 1895/2467/2098 2219/2466/2098 1883/2468/2098 1451/2469/2098
f 1444/2421/2099 1869/2420/2099 2220/2470/2099 1889/2440/2099
f 1869/2420/2100 1443/2417/2100 1895/2467/2100 2220/2470/2100
f 2220/2470/2101 1895/2467/2101 1451/2469/2101 1884/2471/2101
f 1889/2440/2102 2220/2470/2102 1884/2471/2102 1452/2441/2102
f 1450/2465/2103 1882/2464/2103 2221/2472/2103 1903/2473/2103
f 1882/2464/2104 1449/2461/2104 1904/2474/2104 2221/2472/2104
f 2221/2472/2105 1904/2474/2105 1457/2475/2105 1897/2476/2105
f 1903/2473/2106 2221/2472/2106 1897/2476/2106 1458/2477/2106
f 1451/2469/2107 1883/2468/2107 2222/2478/2107 1905/2479/2107
f 1883/2468/2108 1450/2465/2108 1903/2473/2108 2222/2478/2108
f 2222/2478/2109 1903/2473/2109 1458/2477/2109 1898/2480/2109
f 1905/2479/2110 2222/2478/2110 1898/2480/2110 1459/2481/2110
f 1452/2441/2111 1884/2471/2111 2223/2482/2111 1906/2483/2111
f 1884/2471/2112 1451/2469/2112 1905/2479/2112 2223/2482/2112
f 2223/2482/2113 1905/2479/2113 1459/2481/2113 1899/2484/2113
f 1906/2483/2114 2223/2482/2114 1899/2484/2114 1460/2485/2114
f 1453/2443/2115 1885/2442/2115 2224/2486/2115 1907/2487/2115
f 1885/2442/2116 1452/2441/2116 1906/2483/2116 2224/2486/2116
f 2224/2486/2117 1906/2483/2117 1460/2485/2117 1900/2488/2117
f 1907/2487/2118 2224/2486/2118 1900/2488/2118 1461/2489/2118
f 1454/2447/2119 1886/2446/2119 2225/2490/2119 1908/2491/2119
f 1886/2446/2120 1453/2443/2120 1907/2487/2120 2225/2490/2120
f 2225/2490/2121 1907/2487/2121 1461/2489/2121 1901/2492/2121
f 1908/2491/2122 2225/2490/2122 1901/2492/2122 1462/2493/2122
f 1455/2453/2123 1997/2494/2123 2226/2495/2123 1909/2496/2123
f 1415/2497/2124 1998/2498/2124 2226/2495/2124 1997/2494/2124
f 1463/2499/2125 1909/2496/2125 2226/2495/2125 1998/2498/2125
f 1448/2457/2126 1887/2456/2126 2227/2500/2126 1910/2501/2126
f 1887/2456/2127 1455/2453/2127 1909/2496/2127 2227/2500/2127
f 2227/2500/2128 1909/2496/2128 1463/2499/2128 1902/2502/2128
f 1910/2501/2129 2227/2500/2129 1902/2502/2129 1456/2503/2129
f 1449/2461/2130 1881/2460/2130 2228/2504/2130 1904/2474/2130
f 1881/2460/2131 1448/2457/2131 1910/2501/2131 2228/2504/2131
f 2228/2504/2132 1910/2501/2132 1456/2503/2132 1896/2505/2132
f 1904/2474/2133 2228/2504/2133 1896/2505/2133 1457/2475/2133
f 1462/2493/2134 1901/2492/2134 2229/2506/2134 1918/2507/2134
f 1901/2492/2135 1461/2489/2135 1919/2508/2135 2229/2506/2135
f 2229/2506/2136 1919/2508/2136 1469/2509/2136 1916/2510/2136
f 1918/2507/2137 2229/2506/2137 1916/2510/2137 1470/2511/2137
f 1463/2499/2138 1998/2512/2138 2230/2513/2138 1920/2514/2138
f 1415/2515/2139 1999/2516/2139 2230/2513/2139 1998/2512/2139
f 1471/2517/2140 1920/2514/2140 2230/2513/2140 1999/2516/2140
f 1456/2503/2141 1902/2502/2141 2231/2518/2141 1921/2519/2141
f 1902/2502/2142 1463/2499/2142 1920/2514/2142 2231/2518/2142
f 2231/2518/2143 1920/2514/2143 1471/2517/2143 1917/2520/2143
f 1921/2519/2144 2231/2518/2144 1917/2520/2144 1464/2521/2144
f 1457/2475/2145 1896/2505/2145 2232/2522/2145 1922/2523/2145
f 1896/2505/2146 1456/2503/2146 1921/2519/2146 2232/2522/2146
f 2232/2522/2147 1921/2519/2147 1464/2521/2147 1911/2524/2147
f 1922/2523/2148 2232/2522/2148 1911/2524/2148 1465/2525/2148
f 1458/2477/2149 1897/2476/2149 2233/2526/2149 1923/2527/2149
f 1897/2476/2150 1457/2475/2150 1922/2523/2150 2233/2526/2150
f 2233/2526/2151 1922/2523/2151 1465/2525/2151 1912/2528/2151
f 1923/2527/2152 2233/2526/2152 1912/2528/2152 1466/2529/2152
f 1459/2481/2153 1898/2480/2153 2234/2530/2153 1924/2531/2153
f 1898/2480/2154 1458/2477/2154 1923/2527/2154 2234/2530/2154
f 2234/2530/2155 1923/2527/2155 1466/2529/2155 1913/2532/2155
f 1924/2531/2156 2234/2530/2156 1913/2532/2156 1467/2533/2156
f 1460/2485/2157 1899/2484/2157 2235/2534/2157 1925/2535/2157
f 1899/2484/2158 1459/2481/2158 1924/2531/2158 2235/2534/2158
f 2235/2534/2159 1924/2531/2159 1467/2533/2159 1914/2536/2159
f 1925/2535/2160 2235/2534/2160 1914/2536/2160 1468/2537/2160
f 1461/2489/2161 1900/2488/2161 2236/2538/2161 1919/2508/2161
f 1900/2488/2162 1460/2485/2162 1925/2535/2162 2236/2538/2162
f 2236/2538/2163 1925/2535/2163 1468/2537/2163 1915/2539/2163
f 1919/2508/2164 2236/2538/2164 1915/2539/2164 1469/2509/2164
f 1467/2533/2165 1913/2532/2165 2237/2540/2165 1933/2541/2165
f 1913/2532/2166 1466/2529/2166 1934/2542/2166 2237/2540/2166
f 2237/2540/2167 1934/2542/2167 1474/2543/2167 1928/2544/2167
f 1933/2541/2168 2237/2540/2168 1928/2544/2168 1475/2545/2168
f 1468/2537/2169 1914/2536/2169 2238/2546/2169 1935/2547/2169
f 1914/2536/2170 1467/2533/2170 1933/2541/2170 2238/2546/2170
f 2238/2546/2171 1933/2541/2171 1475/2545/2171 1929/2548/2171
f 1935/2547/2172 2238/2546/2172 1929/2548/2172 1476/2549/2172
f 1469/2509/2173 1915/2539/2173 2239/2550/2173 1936/2551/2173
f 1915/2539/2174 1468/2537/2174 1935/2547/2174 2239/2550/2174
f 2239/2550/2175 1935/2547/2175 1476/2549/2175 1930/2552/2175
f 1936/2551/2176 2239/2550/2176 1930/2552/2176 1477/2553/2176
f 1470/2511/2177 1916/2510/2177 2240/2554/2177 1937/2555/2177
f 1916/2510/2178 1469/2509/2178 1936/2551/2178 2240/2554/2178
f 2240/2554/2179 1936/2551/2179 1477/2553/2179 1931/2556/2179
f 1937/2555/2180 2240/2554/2180 1931/2556/2180 1478/2557/2180
f 1471/2517/2181 1999/2558/2181 2241/2559/2181 1938/2560/2181
f 1415/2561/2182 2000/2562/2182 2241/2559/2182 1999/2558/2182
f 1479/2563/2183 1938/2560/2183 2241/2559/2183 2000/2562/2183
f 1464/2521/2184 1917/2520/2184 2242/2564/2184 1939/2565/2184
f 1917/2520/2185 1471/2517/2185 1938/2560/2185 2242/2564/2185
f 2242/2564/2186 1938/2560/2186 1479/2563/2186 1932/2566/2186
f 1939/2565/2187 2242/2564/2187 1932/2566/2187 1472/2567/2187
f 1465/2525/2188 1911/2524/2188 2243/2568/2188 1940/2569/2188
f 1911/2524/2189 1464/2521/2189 1939/2565/2189 2243/2568/2189
f 2243/2568/2190 1939/2565/2190 1472/2567/2190 1926/2570/2190
f 1940/2569/2191 2243/2568/2191 1926/2570/2191 1473/2571/2191
f 1466/2529/2192 1912/2528/2192 2244/2572/2192 1934/2542/2192
f 1912/2528/2193 1465/2525/2193 1940/2569/2193 2244/2572/2193
f 2244/2572/2194 1940/2569/2194 1473/2571/2194 1927/2573/2194
f 1934/2542/2195 2244/2572/2195 1927/2573/2195 1474/2543/2195
f 1479/2563/2196 2000/2574/2196 2245/2575/2196 1949/2576/2196
f 1415/2577/2197 2001/2578/2197 2245/2575/2197 2000/2574/2197
f 1487/2579/2198 1949/2576/2198 2245/2575/2198 2001/2578/2198
f 1472/2567/2199 1932/2566/2199 2246/2580/2199 1950/2581/2199
f 1932/2566/2200 1479/2563/2200 1949/2576/2200 2246/2580/2200
f 2246/2580/2201 1949/2576/2201 1487/2579/2201 1947/2582/2201
f 1950/2581/2202 2246/2580/2202 1947/2582/2202 1480/2583/2202
f 1473/2571/2203 1926/2570/2203 2247/2584/2203 1951/2585/2203
f 1926/2570/2204 1472/2567/2204 1950/2581/2204 2247/2584/2204
f 2247/2584/2205 1950/2581/2205 1480/2583/2205 1941/2586/2205
f 1951/2585/2206 2247/2584/2206 1941/2586/2206 1481/2587/2206
f 1474/2543/2207 1927/2573/2207 2248/2588/2207 1952/2589/2207
f 1927/2573/2208 1473/2571/2208 1951/2585/2208 2248/2588/2208
f 2248/2588/2209 1951/2585/2209 1481/2587/2209 1942/2590/2209
f 1952/2589/2210 2248/2588/2210 1942/2590/2210 1482/2591/2210
f 1475/2545/2211 1928/2544/2211 2249/2592/2211 1953/2593/2211
f 1928/2544/2212 1474/2543/2212 1952/2589/2212 2249/2592/2212
f 2249/2592/2213 1952/2589/2213 1482/2591/2213 1943/2594/2213
f 1953/2593/2214 2249/2592/2214 1943/2594/2214 1483/2595/2214
f 1476/2549/2215 1929/2548/2215 2250/2596/2215 1954/2597/2215
f 1929/2548/2216 1475/2545/2216 1953/2593/2216 2250/2596/2216
f 2250/2596/2217 1953/2593/2217 1483/2595/2217 1944/2598/2217
f 1954/2597/2218 2250/2596/2218 1944/2598/2218 1484/2599/2218
f 1477/2553/2219 1930/2552/2219 2251/2600/2219 1955/2601/2219
f 1930/2552/2220 1476/2549/2220 1954/2597/2220 2251/2600/2220
f 2251/2600/2221 1954/2597/2221 1484/2599/2221 1945/2602/2221
f 1955/2601/2222 2251/2600/2222 1945/2602/2222 1485/2603/2222
f 1478/2557/2223 1931/2556/2223 2252/2604/2223 1948/2605/2223
f 1931/2556/2224 1477/2553/2224 1955/2601/2224 2252/2604/2224
f 2252/2604/2225 1955/2601/2225 1485/2603/2225 1946/2606/2225
f 1948/2605/2226 2252/2604/2226 1946/2606/2226 1486/2607/2226
f 1483/2595/2227 1943/2594/2227 2253/2608/2227 2002/2609/2227
f 1943/2594/2228 1482/2591/2228 1959/2610/2228 2253/2608/2228
f 2253/2608/2229 1959/2610/2229 1490/1535/2229 1966/1533/2229
f 2002/2609/2230 2253/2608/2230 1966/1533/2230 1245/1528/2230
f 1484/2599/2231 1944/2598/2231 2254/2611/2231 2003/2612/2231
f 1944/2598/2232 1483/2595/2232 2002/2609/2232 2254/2611/2232
f 2254/2611/2233 2002/2609/2233 1245/1528/2233 1500/1525/2233
f 2003/2612/2234 2254/2611/2234 1500/1525/2234 1244/1524/2234
f 1485/2603/2235 1945/2602/2235 2255/2613/2235 2004/2614/2235
f 1945/2602/2236 1484/2599/2236 2003/2612/2236 2255/2613/2236
f 2255/2613/2237 2003/2612/2237 1244/1524/2237 1499/1570/2237
f 2004/2614/2238 2255/2613/2238 1499/1570/2238 1243/1565/2238
f 1486/2607/2239 1946/2606/2239 2256/2615/2239 1960/2616/2239
f 1946/2606/2240 1485/2603/2240 2004/2614/2240 2256/2615/2240
f 2256/2615/2241 2004/2614/2241 1243/1565/2241 1965/1562/2241
f 1960/2616/2242 2256/2615/2242 1965/1562/2242 1491/1561/2242
f 1487/2579/2243 2001/2617/2243 2257/2618/2243 1961/2619/2243
f 1415/2620/2244 1967/2621/2244 2257/2618/2244 2001/2617/2244
f 1492/1553/2245 1961/2619/2245 2257/2618/2245 1967/2621/2245
f 1480/2583/2246 1947/2582/2246 2258/2622/2246 1962/2623/2246
f 1947/2582/2247 1487/2579/2247 1961/2619/2247 2258/2622/2247
f 2258/2622/2248 1961/2619/2248 1492/1553/2248 1958/1551/2248
f 1962/2623/2249 2258/2622/2249 1958/1551/2249 1488/1547/2249
f 1481/2587/2250 1941/2586/2250 2259/2624/2250 1963/2625/2250
f 1941/2586/2251 1480/2583/2251 1962/2623/2251 2259/2624/2251
f 2259/2624/2252 1962/2623/2252 1488/1547/2252 1956/1545/2252
f 1963/2625/2253 2259/2624/2253 1956/1545/2253 1489/1541/2253
f 1482/2591/2254 1942/2590/2254 2260/2626/2254 1959/2610/2254
f 1942/2590/2255 1481/2587/2255 1963/2625/2255 2260/2626/2255
f 2260/2626/2256 1963/2625/2256 1489/1541/2256 1957/1539/2256
f 1959/2610/2257 2260/2626/2257 1957/1539/2257 1490/1535/2257
g Cube.001_Cube.002
v 2.054384 1.101306 1.352401
v 1.116619 1.540660 0.140501
v 1.147875 0.974494 0.141265
v 1.142639 1.591725 0.979158
v 2.312645 0.933720 -0.027832
v 2.600245 1.905394 0.668095
v 1.890530 1.237640 -0.284994
v 1.109222 1.097624 0.780807
v 2.257380 0.555413 0.472842
v 1.780783 0.543722 0.695272
v 2.397589 2.121815 0.567920
v 1.769801 0.650258 -0.100387
v 1.978654 1.567426 1.397738
v 2.565344 1.658047 1.088809
v 1.429483 1.982971 0.177207
v 1.759597 1.992119 0.994581
vn 0.2974 -0.3414 -0.8916
vn -0.4668 -0.1049 -0.8781
vn -0.1635 0.9850 0.0550
vn -0.3659 0.5345 0.7619
vn -0.8160 0.5780 -0.0099
vn -0.6239 -0.7736 0.1112
vn -0.4925 -0.8635 -0.1088
vn 0.5307 0.7107 0.4619
vn 0.2377 0.7480 0.6197
vn 0.9694 -0.2367 -0.0658
vn -0.5362 0.8182 0.2074
vn -1.0000 0.0037 -0.0090
vn 0.7510 -0.4693 0.4646
vn -0.4528 -0.4794 0.7518
vn 0.2769 -0.7865 0.5520
vn 0.6505 0.3028 -0.6965
vn 0.4515 -0.7352 -0.5057
vn -0.0374 -0.9905 -0.1321
vn -0.4457 -0.1581 0.8811
vn 0.4671 -0.0101 0.8841
vn 0.2203 0.6088 -0.7621
vn -0.3552 0.3240 -0.8768
vt 0.353793 0.570506
vt 0.221212 0.626914
vt 0.229007 0.523868
vt 0.429000 0.143207
vt 0.503814 0.228458
vt 0.377938 0.402995
vt 0.375000 0.177643
vt 0.830749 0.500000
vt 0.778201 0.597763
vt 0.731400 0.563157
vt 0.750691 0.654040
vt 0.847688 0.615258
vt 0.875000 0.500000
vt 0.408549 0.899854
vt 0.476514 1.000000
vt 0.375000 1.000000
vt 0.225155 0.725252
vt 0.125000 0.700504
vt 0.552525 0.568757
vt 0.561099 0.485695
vt 0.570825 0.653041
vt 0.658516 0.626313
vt 0.361646 0.704347
vt 0.503386 0.092874
vt 0.586916 0.113140
vt 0.568511 0.851875
vt 0.578028 1.000000
vt 0.415981 0.799712
vt 0.655566 0.750930
vt 0.697420 0.668614
vt 0.606820 0.653373
vt 0.546763 0.301169
s 0
g Cube.001_Material.002
usemtl Material.002
f 2265/2627/2258 2272/2628/2258 2267/2629/2258
f 2263/2630/2259 2262/2631/2259 2267/2632/2259 2272/2633/2259
f 2275/2634/2260 2276/2635/2260 2271/2636/2260
f 2273/2637/2261 2276/2635/2261 2264/2638/2261
f 2262/2639/2262 2264/2638/2262 2275/2634/2262
f 2270/2640/2263 2268/2641/2263 2263/2642/2263
f 2272/2628/2264 2270/2643/2264 2263/2644/2264
f 2266/2645/2265 2271/2646/2265 2274/2647/2265
f 2276/2635/2266 2273/2637/2266 2274/2648/2266 2271/2636/2266
f 2265/2627/2267 2266/2645/2267 2274/2647/2267 2269/2649/2267
f 2275/2634/2268 2264/2638/2268 2276/2635/2268
f 2268/2650/2269 2264/2651/2269 2262/2631/2269 2263/2630/2269
f 2274/2647/2270 2261/2652/2270 2269/2649/2270
f 2261/2652/2271 2264/2653/2271 2268/2641/2271 2270/2640/2271
f 2270/2640/2272 2269/2654/2272 2261/2652/2272
f 2267/2632/2273 2271/2646/2273 2266/2645/2273 2265/2627/2273
f 2265/2627/2274 2269/2649/2274 2272/2628/2274
f 2269/2649/2275 2270/2643/2275 2272/2628/2275
f 2264/2638/2276 2261/2655/2276 2273/2656/2276
f 2261/2655/2277 2274/2657/2277 2273/2656/2277
f 2271/2646/2278 2267/2632/2278 2275/2658/2278
f 2267/2632/2279 2262/2631/2279 2275/2658/2279
g Cube.001_Cube.002
v 0.846344 1.460968 0.749227
v 0.853282 1.966759 1.554174
v 0.912320 2.178602 1.297282
v 0.539708 1.682375 1.285612
v 1.504612 1.862677 1.090689
v 1.289844 1.174116 1.222003
v 1.388812 1.960720 1.401697
v 0.640135 1.947931 1.142023
v 1.318224 1.876770 0.764794
v 1.019449 1.970450 0.784608
v 1.219693 1.186390 1.394524
v 1.310725 2.174871 1.104948
v 0.757629 1.289003 0.955637
v 1.132776 1.154452 0.976869
v 0.944685 1.678831 1.670880
v 0.779487 1.317276 1.326784
vn 0.8428 0.5165 0.1510
vn 0.2257 0.7758 0.5892
vn -0.2907 -0.5866 0.7559
vn -0.8371 -0.5396 0.0904
vn -0.6870 0.0749 0.7228
vn -0.4386 0.7970 -0.4152
vn -0.1860 0.8962 -0.4027
vn 0.0086 -0.9972 0.0745
vn -0.3189 -0.9407 0.1158
vn 0.8056 -0.3456 -0.4812
vn -0.6475 -0.3489 0.6775
vn -0.7494 0.5542 0.3622
vn 0.3313 -0.3431 -0.8789
vn -0.7603 0.1812 -0.6238
vn -0.0401 0.0828 -0.9958
vn 0.8977 -0.2024 0.3914
vn 0.7640 0.4935 -0.4156
vn 0.1894 0.7405 -0.6448
vn -0.8811 -0.1003 -0.4623
vn -0.2139 -0.7033 -0.6779
vn 0.5740 -0.1329 0.8080
vn 0.2516 0.4311 0.8665
vt 0.353793 0.570506
vt 0.221212 0.626914
vt 0.229007 0.523868
vt 0.429000 0.143207
vt 0.503814 0.228458
vt 0.377938 0.402995
vt 0.375000 0.177643
vt 0.830749 0.500000
vt 0.778201 0.597763
vt 0.731400 0.563157
vt 0.750691 0.654040
vt 0.847688 0.615258
vt 0.875000 0.500000
vt 0.408549 0.899854
vt 0.476514 1.000000
vt 0.375000 1.000000
vt 0.225155 0.725252
vt 0.125000 0.700504
vt 0.552525 0.568757
vt 0.561099 0.485695
vt 0.570825 0.653041
vt 0.658516 0.626313
vt 0.361646 0.704347
vt 0.503386 0.092874
vt 0.586916 0.113140
vt 0.568511 0.851875
vt 0.578028 1.000000
vt 0.415981 0.799712
vt 0.655566 0.750930
vt 0.697420 0.668614
vt 0.606820 0.653373
vt 0.546763 0.301169
s 0
g Cube.001_Material.002
usemtl Material.002
f 2281/2659/2280 2288/2660/2280 2283/2661/2280
f 2279/2662/2281 2278/2663/2281 2283/2664/2281 2288/2665/2281
f 2291/2666/2282 2292/2667/2282 2287/2668/2282
f 2289/2669/2283 2292/2667/2283 2280/2670/2283
f 2278/2671/2284 2280/2670/2284 2291/2666/2284
f 2286/2672/2285 2284/2673/2285 2279/2674/2285
f 2288/2660/2286 2286/2675/2286 2279/2676/2286
f 2282/2677/2287 2287/2678/2287 2290/2679/2287
f 2292/2667/2288 2289/2669/2288 2290/2680/2288 2287/2668/2288
f 2281/2659/2289 2282/2677/2289 2290/2679/2289 2285/2681/2289
f 2291/2666/2290 2280/2670/2290 2292/2667/2290
f 2284/2682/2291 2280/2683/2291 2278/2663/2291 2279/2662/2291
f 2290/2679/2292 2277/2684/2292 2285/2681/2292
f 2277/2684/2293 2280/2685/2293 2284/2673/2293 2286/2672/2293
f 2286/2672/2294 2285/2686/2294 2277/2684/2294
f 2283/2664/2295 2287/2678/2295 2282/2677/2295 2281/2659/2295
f 2281/2659/2296 2285/2681/2296 2288/2660/2296
f 2285/2681/2297 2286/2675/2297 2288/2660/2297
f 2280/2670/2298 2277/2687/2298 2289/2688/2298
f 2277/2687/2299 2290/2689/2299 2289/2688/2299
f 2287/2678/2300 2283/2664/2300 2291/2690/2300
f 2283/2664/2301 2278/2663/2301 2291/2690/2301
g Cube.001_Cube.002
v -1.042039 1.108768 -1.600268
v 0.771873 0.870070 -1.498558
v 0.567887 1.107788 -0.926977
v -0.030973 0.349185 -1.631917
v 0.089594 2.264892 -1.441677
v -0.413893 1.723937 -2.646080
v 0.664042 1.937474 -1.529213
v 0.014877 0.627253 -1.087296
v -0.486171 2.042859 -1.062803
v -0.447017 1.484005 -0.835148
v -0.137257 1.525964 -2.763084
v 0.358317 1.932782 -0.876014
v -0.891329 0.839806 -2.050061
v -0.880693 1.521414 -2.406500
v 0.713750 0.961022 -2.113344
v -0.246227 0.739534 -2.350503
vn 0.5080 0.8262 0.2437
vn 0.9225 0.1509 0.3552
vn 0.3128 -0.4749 -0.8226
vn -0.3122 -0.8709 -0.3796
vn 0.5561 -0.8129 -0.1728
vn -0.0222 -0.2933 0.9558
vn 0.0743 -0.0427 0.9963
vn -0.4310 -0.0707 -0.8996
vn -0.4150 -0.3954 -0.8194
vn -0.4669 0.8625 -0.1951
vn 0.3123 -0.7924 -0.5240
vn 0.4771 -0.7701 0.4235
vn -0.8745 0.4798 0.0706
vn -0.5535 -0.6049 0.5725
vn -0.8164 0.1679 0.5526
vn 0.3640 0.7849 -0.5014
vn 0.0005 0.8625 0.5061
vn -0.1558 0.3633 0.9186
vn -0.5728 -0.7737 0.2707
vn -0.9606 -0.1168 -0.2520
vn 0.7081 0.3887 -0.5895
vn 0.9920 0.0979 -0.0793
vt 0.353793 0.570506
vt 0.221212 0.626914
vt 0.229007 0.523868
vt 0.429000 0.143207
vt 0.503814 0.228458
vt 0.377938 0.402995
vt 0.375000 0.177643
vt 0.830749 0.500000
vt 0.778201 0.597763
vt 0.731400 0.563157
vt 0.750691 0.654040
vt 0.847688 0.615258
vt 0.875000 0.500000
vt 0.408549 0.899854
vt 0.476514 1.000000
vt 0.375000 1.000000
vt 0.225155 0.725252
vt 0.125000 0.700504
vt 0.552525 0.568757
vt 0.561099 0.485695
vt 0.570825 0.653041
vt 0.658516 0.626313
vt 0.361646 0.704347
vt 0.503386 0.092874
vt 0.586916 0.113140
vt 0.568511 0.851875
vt 0.578028 1.000000
vt 0.415981 0.799712
vt 0.655566 0.750930
vt 0.697420 0.668614
vt 0.606820 0.653373
vt 0.546763 0.301169
s 0
g Cube.001_Material.002
usemtl Material.002
f 2297/2691/2302 2304/2692/2302 2299/2693/2302
f 2295/2694/2303 2294/2695/2303 2299/2696/2303 2304/2697/2303
f 2307/2698/2304 2308/2699/2304 2303/2700/2304
f 2305/2701/2305 2308/2699/2305 2296/2702/2305
f 2294/2703/2306 2296/2702/2306 2307/2698/2306
f 2302/2704/2307 2300/2705/2307 2295/2706/2307
f 2304/2692/2308 2302/2707/2308 2295/2708/2308
f 2298/2709/2309 2303/2710/2309 2306/2711/2309
f 2308/2699/2310 2305/2701/2310 2306/2712/2310 2303/2700/2310
f 2297/2691/2311 2298/2709/2311 2306/2711/2311 2301/2713/2311
f 2307/2698/2312 2296/2702/2312 2308/2699/2312
f 2300/2714/2313 2296/2715/2313 2294/2695/2313 2295/2694/2313
f 2306/2711/2314 2293/2716/2314 2301/2713/2314
f 2293/2716/2315 2296/2717/2315 2300/2705/2315 2302/2704/2315
f 2302/2704/2316 2301/2718/2316 2293/2716/2316
f 2299/2696/2317 2303/2710/2317 2298/2709/2317 2297/2691/2317
f 2297/2691/2318 2301/2713/2318 2304/2692/2318
f 2301/2713/2319 2302/2707/2319 2304/2692/2319
f 2296/2702/2320 2293/2719/2320 2305/2720/2320
f 2293/2719/2321 2306/2721/2321 2305/2720/2321
f 2303/2710/2322 2299/2696/2322 2307/2722/2322
f 2299/2696/2323 2294/2695/2323 2307/2722/2323
g Cube.001_Cube.002
v -1.040599 1.465920 -1.185695
v 0.060506 1.803853 -1.360736
v -0.118430 1.754059 -1.731186
v -0.455578 2.011109 -1.099725
v -0.283412 0.916096 -1.624451
v -0.489205 0.954637 -0.750773
v 0.063613 1.150046 -1.556121
v -0.473491 1.956114 -1.485293
v -0.699631 1.067139 -1.750584
v -0.736791 1.449197 -1.772299
v -0.315839 1.076712 -0.665013
v -0.203259 1.251135 -1.915049
v -0.910997 1.553056 -0.876150
v -0.820144 1.077306 -0.808211
v 0.102017 1.623574 -1.009634
v -0.480947 1.616531 -0.735411
vn 0.5330 -0.6236 -0.5719
vn 0.8516 0.1080 -0.5129
vn 0.4108 0.2403 0.8795
vn -0.3208 0.6536 0.6855
vn 0.4960 0.7949 0.3495
vn -0.2265 0.5663 -0.7924
vn -0.1150 0.3581 -0.9266
vn -0.2628 -0.2762 0.9245
vn -0.2937 0.0559 0.9542
vn -0.3361 -0.9412 -0.0352
vn 0.3242 0.6304 0.7053
vn 0.3131 0.9262 -0.2099
vn -0.8212 -0.5620 -0.0990
vn -0.7060 0.6602 -0.2563
vn -0.8837 -0.1118 -0.4545
vn 0.5253 -0.8361 0.1577
vn -0.0082 -0.6541 -0.7564
vn -0.2859 -0.0821 -0.9547
vn -0.6859 0.7228 0.0837
vn -0.9045 -0.1141 0.4108
vn 0.8392 -0.4388 0.3212
vn 0.9944 0.0346 -0.0998
vt 0.353793 0.570506
vt 0.221212 0.626914
vt 0.229007 0.523868
vt 0.429000 0.143207
vt 0.503814 0.228458
vt 0.377938 0.402995
vt 0.375000 0.177643
vt 0.830749 0.500000
vt 0.778201 0.597763
vt 0.731400 0.563157
vt 0.750691 0.654040
vt 0.847688 0.615258
vt 0.875000 0.500000
vt 0.408549 0.899854
vt 0.476514 1.000000
vt 0.375000 1.000000
vt 0.225155 0.725252
vt 0.125000 0.700504
vt 0.552525 0.568757
vt 0.561099 0.485695
vt 0.570825 0.653041
vt 0.658516 0.626313
vt 0.361646 0.704347
vt 0.503386 0.092874
vt 0.586916 0.113140
vt 0.568511 0.851875
vt 0.578028 1.000000
vt 0.415981 0.799712
vt 0.655566 0.750930
vt 0.697420 0.668614
vt 0.606820 0.653373
vt 0.546763 0.301169
s 0
g Cube.001_Material.002
usemtl Material.002
f 2313/2723/2324 2320/2724/2324 2315/2725/2324
f 2311/2726/2325 2310/2727/2325 2315/2728/2325 2320/2729/2325
f 2323/2730/2326 2324/2731/2326 2319/2732/2326
f 2321/2733/2327 2324/2731/2327 2312/2734/2327
f 2310/2735/2328 2312/2734/2328 2323/2730/2328
f 2318/2736/2329 2316/2737/2329 2311/2738/2329
f 2320/2724/2330 2318/2739/2330 2311/2740/2330
f 2314/2741/2331 2319/2742/2331 2322/2743/2331
f 2324/2731/2332 2321/2733/2332 2322/2744/2332 2319/2732/2332
f 2313/2723/2333 2314/2741/2333 2322/2743/2333 2317/2745/2333
f 2323/2730/2334 2312/2734/2334 2324/2731/2334
f 2316/2746/2335 2312/2747/2335 2310/2727/2335 2311/2726/2335
f 2322/2743/2336 2309/2748/2336 2317/2745/2336
f 2309/2748/2337 2312/2749/2337 2316/2737/2337 2318/2736/2337
f 2318/2736/2338 2317/2750/2338 2309/2748/2338
f 2315/2728/2339 2319/2742/2339 2314/2741/2339 2313/2723/2339
f 2313/2723/2340 2317/2745/2340 2320/2724/2340
f 2317/2745/2341 2318/2739/2341 2320/2724/2341
f 2312/2734/2342 2309/2751/2342 2321/2752/2342
f 2309/2751/2343 2322/2753/2343 2321/2752/2343
f 2319/2742/2344 2315/2728/2344 2323/2754/2344
f 2315/2728/2345 2310/2727/2345 2323/2754/2345
g Cube.001_Cube.002
v -0.867640 0.532794 0.733236
v -0.948152 2.207056 0.247731
v -0.869946 2.189620 0.863277
v -0.426161 1.462394 0.106861
v -1.968323 1.557609 1.100499
v -1.933571 0.755031 0.020829
v -1.833789 2.060548 0.736578
v -0.437476 1.660258 0.656212
v -1.520893 1.163373 1.446867
v -0.965074 1.289366 1.364033
v -1.866610 0.975791 -0.232462
v -1.500575 1.985555 1.332506
v -0.859004 0.540742 0.214029
v -1.580453 0.415526 0.237496
v -1.272536 1.962808 -0.186431
v -1.016446 1.033555 -0.234069
vn -0.7121 0.5265 0.4644
vn -0.1478 0.9811 0.1251
vn -0.0053 0.0497 -0.9987
vn 0.6547 -0.3832 -0.6515
vn 0.5330 0.5024 -0.6808
vn 0.6838 0.2982 0.6659
vn 0.4638 0.3927 0.7941
vn -0.2550 -0.6945 -0.6727
vn 0.0624 -0.6408 -0.7652
vn -0.7557 -0.5384 0.3729
vn 0.4054 0.1579 -0.9004
vn 0.7737 0.6179 -0.1401
vn -0.2264 -0.8234 0.5203
vn 0.8871 -0.3155 0.3369
vn 0.2494 -0.6010 0.7593
vn -0.9783 0.1521 -0.1410
vn -0.5331 0.1295 0.8361
vn 0.1163 0.1340 0.9841
vn 0.9055 -0.4243 0.0086
vn 0.1706 -0.9853 -0.0122
vn -0.7338 0.4648 -0.4954
vn -0.3063 0.9090 -0.2825
vt 0.353793 0.570506
vt 0.221212 0.626914
vt 0.229007 0.523868
vt 0.429000 0.143207
vt 0.503814 0.228458
vt 0.377938 0.402995
vt 0.375000 0.177643
vt 0.830749 0.500000
vt 0.778201 0.597763
vt 0.731400 0.563157
vt 0.750691 0.654040
vt 0.847688 0.615258
vt 0.875000 0.500000
vt 0.408549 0.899854
vt 0.476514 1.000000
vt 0.375000 1.000000
vt 0.225155 0.725252
vt 0.125000 0.700504
vt 0.552525 0.568757
vt 0.561099 0.485695
vt 0.570825 0.653041
vt 0.658516 0.626313
vt 0.361646 0.704347
vt 0.503386 0.092874
vt 0.586916 0.113140
vt 0.568511 0.851875
vt 0.578028 1.000000
vt 0.415981 0.799712
vt 0.655566 0.750930
vt 0.697420 0.668614
vt 0.606820 0.653373
vt 0.546763 0.301169
s 0
g Cube.001_Material.002
usemtl Material.002
f 2329/2755/2346 2336/2756/2346 2331/2757/2346
f 2327/2758/2347 2326/2759/2347 2331/2760/2347 2336/2761/2347
f 2339/2762/2348 2340/2763/2348 2335/2764/2348
f 2337/2765/2349 2340/2763/2349 2328/2766/2349
f 2326/2767/2350 2328/2766/2350 2339/2762/2350
f 2334/2768/2351 2332/2769/2351 2327/2770/2351
f 2336/2756/2352 2334/2771/2352 2327/2772/2352
f 2330/2773/2353 2335/2774/2353 2338/2775/2353
f 2340/2763/2354 2337/2765/2354 2338/2776/2354 2335/2764/2354
f 2329/2755/2355 2330/2773/2355 2338/2775/2355 2333/2777/2355
f 2339/2762/2356 2328/2766/2356 2340/2763/2356
f 2332/2778/2357 2328/2779/2357 2326/2759/2357 2327/2758/2357
f 2338/2775/2358 2325/2780/2358 2333/2777/2358
f 2325/2780/2359 2328/2781/2359 2332/2769/2359 2334/2768/2359
f 2334/2768/2360 2333/2782/2360 2325/2780/2360
f 2331/2760/2361 2335/2774/2361 2330/2773/2361 2329/2755/2361
f 2329/2755/2362 2333/2777/2362 2336/2756/2362
f 2333/2777/2363 2334/2771/2363 2336/2756/2363
f 2328/2766/2364 2325/2783/2364 2337/2784/2364
f 2325/2783/2365 2338/2785/2365 2337/2784/2365
f 2335/2774/2366 2331/2760/2366 2339/2786/2366
f 2331/2760/2367 2326/2759/2367 2339/2786/2367
g Cube.001_Cube.002
v 1.078538 1.070034 -1.856586
v 0.302527 1.849650 -0.330895
v 0.562644 1.259843 -0.151776
v 1.023199 2.032967 -0.987236
v -0.239444 0.507913 -1.001562
v -0.249411 1.442800 -2.110490
v -0.379234 1.016557 -0.565144
v 1.104552 1.518850 -0.633295
v 0.431711 0.245994 -1.184399
v 0.912790 0.551870 -0.938845
v -0.329946 1.762273 -1.943745
v 0.145272 0.526424 -0.384237
v 0.934778 1.592909 -1.995353
v 0.273374 1.287190 -2.299616
v -0.060491 2.119732 -0.784532
v 0.486832 2.079171 -1.668126
vn -0.6884 -0.5720 0.4461
vn -0.4043 0.0112 0.9146
vn -0.2872 0.9321 -0.2207
vn 0.5417 0.7519 -0.3757
vn 0.1494 0.8976 0.4148
vn 0.7102 -0.3363 0.6184
vn 0.5145 -0.5110 0.6886
vn -0.1983 0.4138 -0.8885
vn 0.0501 0.6144 -0.7874
vn -0.4240 -0.6927 -0.5834
vn 0.0806 0.9967 0.0042
vn 0.4781 0.4974 0.7239
vn 0.1865 -0.7048 -0.6845
vn 0.9972 -0.0741 0.0060
vn 0.6161 -0.7283 -0.2999
vn -0.9776 -0.1668 -0.1281
vn -0.3031 -0.9280 0.2167
vn 0.3279 -0.8488 0.4148
vn 0.9598 0.2165 -0.1787
vn 0.4565 -0.1088 -0.8830
vn -0.9458 0.2987 0.1277
vn -0.6357 0.3231 0.7011
vt 0.353793 0.570506
vt 0.221212 0.626914
vt 0.229007 0.523868
vt 0.429000 0.143207
vt 0.503814 0.228458
vt 0.377938 0.402995
vt 0.375000 0.177643
vt 0.830749 0.500000
vt 0.778201 0.597763
vt 0.731400 0.563157
vt 0.750691 0.654040
vt 0.847688 0.615258
vt 0.875000 0.500000
vt 0.408549 0.899854
vt 0.476514 1.000000
vt 0.375000 1.000000
vt 0.225155 0.725252
vt 0.125000 0.700504
vt 0.552525 0.568757
vt 0.561099 0.485695
vt 0.570825 0.653041
vt 0.658516 0.626313
vt 0.361646 0.704347
vt 0.503386 0.092874
vt 0.586916 0.113140
vt 0.568511 0.851875
vt 0.578028 1.000000
vt 0.415981 0.799712
vt 0.655566 0.750930
vt 0.697420 0.668614
vt 0.606820 0.653373
vt 0.546763 0.301169
s 0
g Cube.001_Material.002
usemtl Material.002
f 2345/2787/2368 2352/2788/2368 2347/2789/2368
f 2343/2790/2369 2342/2791/2369 2347/2792/2369 2352/2793/2369
f 2355/2794/2370 2356/2795/2370 2351/2796/2370
f 2353/2797/2371 2356/2795/2371 2344/2798/2371
f 2342/2799/2372 2344/2798/2372 2355/2794/2372
f 2350/2800/2373 2348/2801/2373 2343/2802/2373
f 2352/2788/2374 2350/2803/2374 2343/2804/2374
f 2346/2805/2375 2351/2806/2375 2354/2807/2375
f 2356/2795/2376 2353/2797/2376 2354/2808/2376 2351/2796/2376
f 2345/2787/2377 2346/2805/2377 2354/2807/2377 2349/2809/2377
f 2355/2794/2378 2344/2798/2378 2356/2795/2378
f 2348/2810/2379 2344/2811/2379 2342/2791/2379 2343/2790/2379
f 2354/2807/2380 2341/2812/2380 2349/2809/2380
f 2341/2812/2381 2344/2813/2381 2348/2801/2381 2350/2800/2381
f 2350/2800/2382 2349/2814/2382 2341/2812/2382
f 2347/2792/2383 2351/2806/2383 2346/2805/2383 2345/2787/2383
f 2345/2787/2384 2349/2809/2384 2352/2788/2384
f 2349/2809/2385 2350/2803/2385 2352/2788/2385
f 2344/2798/2386 2341/2815/2386 2353/2816/2386
f 2341/2815/2387 2354/2817/2387 2353/2816/2387
f 2351/2806/2388 2347/2792/2388 2355/2818/2388
f 2347/2792/2389 2342/2791/2389 2355/2818/2389
g Cube.001_Cube.002
v 0.941105 1.934849 0.389160
v 0.552079 0.879269 0.875767
v 0.672464 0.801355 0.464030
v 1.014990 1.321057 0.966939
v 0.064812 1.362211 0.094990
v 0.110630 2.034987 0.757345
v 0.031898 1.048942 0.410952
v 1.031637 1.119746 0.609929
v 0.469387 1.517147 -0.121659
v 0.813643 1.359340 0.020500
v 0.091667 1.908141 0.960952
v 0.331710 0.974099 0.040468
v 0.890948 1.993943 0.745603
v 0.428769 2.183575 0.622264
v 0.329333 1.147601 1.105364
v 0.654260 1.741935 1.079624
vn -0.7402 -0.4373 -0.5107
vn -0.3597 -0.9330 -0.0110
vn -0.1667 0.1334 0.9769
vn 0.6226 0.3457 0.7020
vn 0.2878 -0.4734 0.8325
vn 0.6835 -0.5523 -0.4773
vn 0.4689 -0.6193 -0.6298
vn -0.1777 0.8426 0.5084
vn 0.0998 0.7399 0.6653
vn -0.5388 0.6110 -0.5799
vn 0.2157 -0.0758 0.9735
vn 0.5718 -0.7332 0.3682
vn 0.0595 0.7451 -0.6643
vn 0.9772 0.0528 -0.2058
vn 0.4979 0.3869 -0.7762
vn -0.9958 0.0882 -0.0247
vn -0.4172 -0.1613 -0.8944
vn 0.2266 -0.3309 -0.9160
vn 0.9719 0.2125 0.1015
vn 0.3995 0.9118 -0.0950
vn -0.8900 -0.2003 0.4097
vn -0.5554 -0.7565 0.3454
vt 0.353793 0.570506
vt 0.221212 0.626914
vt 0.229007 0.523868
vt 0.429000 0.143207
vt 0.503814 0.228458
vt 0.377938 0.402995
vt 0.375000 0.177643
vt 0.830749 0.500000
vt 0.778201 0.597763
vt 0.731400 0.563157
vt 0.750691 0.654040
vt 0.847688 0.615258
vt 0.875000 0.500000
vt 0.408549 0.899854
vt 0.476514 1.000000
vt 0.375000 1.000000
vt 0.225155 0.725252
vt 0.125000 0.700504
vt 0.552525 0.568757
vt 0.561099 0.485695
vt 0.570825 0.653041
vt 0.658516 0.626313
vt 0.361646 0.704347
vt 0.503386 0.092874
vt 0.586916 0.113140
vt 0.568511 0.851875
vt 0.578028 1.000000
vt 0.415981 0.799712
vt 0.655566 0.750930
vt 0.697420 0.668614
vt 0.606820 0.653373
vt 0.546763 0.301169
s 0
g Cube.001_Material.002
usemtl Material.002
f 2361/2819/2390 2368/2820/2390 2363/2821/2390
f 2359/2822/2391 2358/2823/2391 2363/2824/2391 2368/2825/2391
f 2371/2826/2392 2372/2827/2392 2367/2828/2392
f 2369/2829/2393 2372/2827/2393 2360/2830/2393
f 2358/2831/2394 2360/2830/2394 2371/2826/2394
f 2366/2832/2395 2364/2833/2395 2359/2834/2395
f 2368/2820/2396 2366/2835/2396 2359/2836/2396
f 2362/2837/2397 2367/2838/2397 2370/2839/2397
f 2372/2827/2398 2369/2829/2398 2370/2840/2398 2367/2828/2398
f 2361/2819/2399 2362/2837/2399 2370/2839/2399 2365/2841/2399
f 2371/2826/2400 2360/2830/2400 2372/2827/2400
f 2364/2842/2401 2360/2843/2401 2358/2823/2401 2359/2822/2401
f 2370/2839/2402 2357/2844/2402 2365/2841/2402
f 2357/2844/2403 2360/2845/2403 2364/2833/2403 2366/2832/2403
f 2366/2832/2404 2365/2846/2404 2357/2844/2404
f 2363/2824/2405 2367/2838/2405 2362/2837/2405 2361/2819/2405
f 2361/2819/2406 2365/2841/2406 2368/2820/2406
f 2365/2841/2407 2366/2835/2407 2368/2820/2407
f 2360/2830/2408 2357/2847/2408 2369/2848/2408
f 2357/2847/2409 2370/2849/2409 2369/2848/2409
f 2367/2838/2410 2363/2824/2410 2371/2850/2410
f 2363/2824/2411 2358/2823/2411 2371/2850/2411
g Cube.001_Cube.002
v -0.642733 1.554579 0.202921
v -0.876994 0.509645 0.845906
v -1.092638 0.843806 1.043998
v -0.969104 0.757401 0.242593
v -0.331595 1.326778 1.241739
v 0.150534 1.124132 0.432843
v -0.437603 0.887566 1.292424
v -1.165585 0.959352 0.551374
v -0.602463 1.674636 1.019753
v -0.949460 1.541511 0.841450
v 0.125380 0.880761 0.416358
v -0.788707 1.224862 1.360705
v -0.504599 1.271963 0.004861
v -0.040260 1.381633 0.222425
v -0.496623 0.409039 0.683921
v -0.406610 0.807799 0.127104
vn 0.2402 0.0539 0.9692
vn -0.2663 -0.5412 0.7976
vn 0.3778 -0.7806 -0.4979
vn -0.1683 -0.2841 -0.9439
vn -0.3631 -0.8801 -0.3060
vn -0.9469 0.2522 0.1994
vn -0.8429 0.3022 0.4452
vn 0.7232 -0.0280 -0.6900
vn 0.4704 -0.1561 -0.8685
vn 0.6858 0.6895 0.2331
vn -0.0480 -0.8084 -0.5867
vn -0.8199 -0.5688 -0.0651
vn 0.2772 0.9485 -0.1531
vn -0.7766 0.3946 -0.4912
vn -0.2991 0.9461 -0.1243
vn 0.8347 -0.1336 0.5343
vn 0.0814 0.5805 0.8102
vn -0.5309 0.6405 0.5549
vn -0.6257 0.2189 -0.7487
vn 0.2043 0.6268 -0.7519
vn 0.6559 -0.6230 0.4263
vn 0.0532 -0.7874 0.6141
vt 0.353793 0.570506
vt 0.221212 0.626914
vt 0.229007 0.523868
vt 0.429000 0.143207
vt 0.503814 0.228458
vt 0.377938 0.402995
vt 0.375000 0.177643
vt 0.830749 0.500000
vt 0.778201 0.597763
vt 0.731400 0.563157
vt 0.750691 0.654040
vt 0.847688 0.615258
vt 0.875000 0.500000
vt 0.408549 0.899854
vt 0.476514 1.000000
vt 0.375000 1.000000
vt 0.225155 0.725252
vt 0.125000 0.700504
vt 0.552525 0.568757
vt 0.561099 0.485695
vt 0.570825 0.653041
vt 0.658516 0.626313
vt 0.361646 0.704347
vt 0.503386 0.092874
vt 0.586916 0.113140
vt 0.568511 0.851875
vt 0.578028 1.000000
vt 0.415981 0.799712
vt 0.655566 0.750930
vt 0.697420 0.668614
vt 0.606820 0.653373
vt 0.546763 0.301169
s 0
g Cube.001_Material.002
usemtl Material.002
f 2377/2851/2412 2384/2852/2412 2379/2853/2412
f 2375/2854/2413 2374/2855/2413 2379/2856/2413 2384/2857/2413
f 2387/2858/2414 2388/2859/2414 2383/2860/2414
f 2385/2861/2415 2388/2859/2415 2376/2862/2415
f 2374/2863/2416 2376/2862/2416 2387/2858/2416
f 2382/2864/2417 2380/2865/2417 2375/2866/2417
f 2384/2852/2418 2382/2867/2418 2375/2868/2418
f 2378/2869/2419 2383/2870/2419 2386/2871/2419
f 2388/2859/2420 2385/2861/2420 2386/2872/2420 2383/2860/2420
f 2377/2851/2421 2378/2869/2421 2386/2871/2421 2381/2873/2421
f 2387/2858/2422 2376/2862/2422 2388/2859/2422
f 2380/2874/2423 2376/2875/2423 2374/2855/2423 2375/2854/2423
f 2386/2871/2424 2373/2876/2424 2381/2873/2424
f 2373/2876/2425 2376/2877/2425 2380/2865/2425 2382/2864/2425
f 2382/2864/2426 2381/2878/2426 2373/2876/2426
f 2379/2856/2427 2383/2870/2427 2378/2869/2427 2377/2851/2427
f 2377/2851/2428 2381/2873/2428 2384/2852/2428
f 2381/2873/2429 2382/2867/2429 2384/2852/2429
f 2376/2862/2430 2373/2879/2430 2385/2880/2430
f 2373/2879/2431 2386/2881/2431 2385/2880/2431
f 2383/2870/2432 2379/2856/2432 2387/2882/2432
f 2379/2856/2433 2374/2855/2433 2387/2882/2433
g Cube.001_Cube.002
v -0.009966 0.172047 -0.829351
v -0.288813 1.388567 -0.558004
v -0.589853 1.240699 -0.864457
v -0.250853 0.791074 -0.249476
v 0.052090 1.058967 -1.531724
v 0.758533 0.725047 -0.932099
v -0.015579 1.425202 -1.253464
v -0.546828 0.820532 -0.556445
v -0.195814 0.619415 -1.521966
v -0.475490 0.576511 -1.209545
v 0.765599 0.901483 -0.754067
v -0.416412 1.178091 -1.429505
v 0.209077 0.273300 -0.535675
v 0.596524 0.370161 -0.893457
v 0.138329 1.392291 -0.475358
v 0.326121 0.723197 -0.349056
vn -0.0209 0.6024 -0.7979
vn -0.3984 0.9032 -0.1598
vn 0.5756 0.3048 0.7588
vn 0.1090 -0.4049 0.9078
vn -0.1740 0.4431 0.8794
vn -0.9884 -0.1416 -0.0551
vn -0.9563 -0.0129 -0.2921
vn 0.8731 -0.3632 0.3253
vn 0.6896 -0.4014 0.6028
vn 0.5237 -0.3183 -0.7902
vn 0.1920 0.2338 0.9531
vn -0.7085 0.3236 0.6271
vn 0.2004 -0.7976 -0.5689
vn -0.6653 -0.6802 0.3077
vn -0.3605 -0.8246 -0.4359
vn 0.6813 0.5142 -0.5210
vn -0.1914 0.0862 -0.9777
vn -0.7217 -0.1741 -0.6700
vn -0.4356 -0.6998 0.5662
vn 0.3177 -0.9440 0.0885
vn 0.5910 0.8024 -0.0830
vn -0.0176 0.9988 0.0457
vt 0.353793 0.570506
vt 0.221212 0.626914
vt 0.229007 0.523868
vt 0.429000 0.143207
vt 0.503814 0.228458
vt 0.377938 0.402995
vt 0.375000 0.177643
vt 0.830749 0.500000
vt 0.778201 0.597763
vt 0.731400 0.563157
vt 0.750691 0.654040
vt 0.847688 0.615258
vt 0.875000 0.500000
vt 0.408549 0.899854
vt 0.476514 1.000000
vt 0.375000 1.000000
vt 0.225155 0.725252
vt 0.125000 0.700504
vt 0.552525 0.568757
vt 0.561099 0.485695
vt 0.570825 0.653041
vt 0.658516 0.626313
vt 0.361646 0.704347
vt 0.503386 0.092874
vt 0.586916 0.113140
vt 0.568511 0.851875
vt 0.578028 1.000000
vt 0.415981 0.799712
vt 0.655566 0.750930
vt 0.697420 0.668614
vt 0.606820 0.653373
vt 0.546763 0.301169
s 0
g Cube.001_Material.002
usemtl Material.002
f 2393/2883/2434 2400/2884/2434 2395/2885/2434
f 2391/2886/2435 2390/2887/2435 2395/2888/2435 2400/2889/2435
f 2403/2890/2436 2404/2891/2436 2399/2892/2436
f 2401/2893/2437 2404/2891/2437 2392/2894/2437
f 2390/2895/2438 2392/2894/2438 2403/2890/2438
f 2398/2896/2439 2396/2897/2439 2391/2898/2439
f 2400/2884/2440 2398/2899/2440 2391/2900/2440
f 2394/2901/2441 2399/2902/2441 2402/2903/2441
f 2404/2891/2442 2401/2893/2442 2402/2904/2442 2399/2892/2442
f 2393/2883/2443 2394/2901/2443 2402/2903/2443 2397/2905/2443
f 2403/2890/2444 2392/2894/2444 2404/2891/2444
f 2396/2906/2445 2392/2907/2445 2390/2887/2445 2391/2886/2445
f 2402/2903/2446 2389/2908/2446 2397/2905/2446
f 2389/2908/2447 2392/2909/2447 2396/2897/2447 2398/2896/2447
f 2398/2896/2448 2397/2910/2448 2389/2908/2448
f 2395/2888/2449 2399/2902/2449 2394/2901/2449 2393/2883/2449
f 2393/2883/2450 2397/2905/2450 2400/2884/2450
f 2397/2905/2451 2398/2899/2451 2400/2884/2451
f 2392/2894/2452 2389/2911/2452 2401/2912/2452
f 2389/2911/2453 2402/2913/2453 2401/2912/2453
f 2399/2902/2454 2395/2888/2454 2403/2914/2454
f 2395/2888/2455 2390/2887/2455 2403/2914/2455
g Cube.001_Cube.002
v 0.938207 -0.337366 0.653860
v 1.288221 0.812634 -0.514373
v 1.626511 0.926588 -0.036789
v 1.331053 -0.062742 -0.399414
v 0.673315 1.123958 0.728739
v -0.107745 0.213217 0.247663
v 0.796011 1.322627 0.165045
v 1.653256 0.241305 -0.055288
v 1.020019 0.683036 1.081134
v 1.446027 0.449883 0.816237
v -0.091470 0.270326 -0.076018
v 1.294468 1.249249 0.591011
v 0.706218 -0.479243 0.235646
v 0.128732 -0.171390 0.494369
v 0.750317 0.689360 -0.661019
v 0.567042 -0.151765 -0.317162
vn -0.1226 0.9441 0.3061
vn 0.3333 0.8763 -0.3480
vn -0.4680 -0.2451 -0.8490
vn 0.0439 -0.8547 -0.5173
vn 0.2850 -0.1111 -0.9521
vn 0.9741 0.0320 0.2240
vn 0.9018 0.2668 0.3399
vn -0.7995 -0.5834 -0.1431
vn -0.5753 -0.7489 -0.3288
vn -0.6222 0.1217 0.7733
vn -0.0572 -0.3671 -0.9284
vn 0.7804 -0.0039 -0.6253
vn -0.2505 -0.3568 0.9000
vn 0.7307 -0.6511 0.2055
vn 0.3246 -0.3873 0.8629
vn -0.7716 0.6331 0.0617
vn 0.0400 0.6428 0.7650
vn 0.6203 0.3194 0.7164
vn 0.5430 -0.8396 -0.0164
vn -0.2625 -0.8601 0.4374
vn -0.6287 0.6335 -0.4509
vn -0.0163 0.7940 -0.6078
vt 0.353793 0.570506
vt 0.221212 0.626914
vt 0.229007 0.523868
vt 0.429000 0.143207
vt 0.503814 0.228458
vt 0.377938 0.402995
vt 0.375000 0.177643
vt 0.830749 0.500000
vt 0.778201 0.597763
vt 0.731400 0.563157
vt 0.750691 0.654040
vt 0.847688 0.615258
vt 0.875000 0.500000
vt 0.408549 0.899854
vt 0.476514 1.000000
vt 0.375000 1.000000
vt 0.225155 0.725252
vt 0.125000 0.700504
vt 0.552525 0.568757
vt 0.561099 0.485695
vt 0.570825 0.653041
vt 0.658516 0.626313
vt 0.361646 0.704347
vt 0.503386 0.092874
vt 0.586916 0.113140
vt 0.568511 0.851875
vt 0.578028 1.000000
vt 0.415981 0.799712
vt 0.655566 0.750930
vt 0.697420 0.668614
vt 0.606820 0.653373
vt 0.546763 0.301169
s 0
g Cube.001_Material.002
usemtl Material.002
f 2409/2915/2456 2416/2916/2456 2411/2917/2456
f 2407/2918/2457 2406/2919/2457 2411/2920/2457 2416/2921/2457
f 2419/2922/2458 2420/2923/2458 2415/2924/2458
f 2417/2925/2459 2420/2923/2459 2408/2926/2459
f 2406/2927/2460 2408/2926/2460 2419/2922/2460
f 2414/2928/2461 2412/2929/2461 2407/2930/2461
f 2416/2916/2462 2414/2931/2462 2407/2932/2462
f 2410/2933/2463 2415/2934/2463 2418/2935/2463
f 2420/2923/2464 2417/2925/2464 2418/2936/2464 2415/2924/2464
f 2409/2915/2465 2410/2933/2465 2418/2935/2465 2413/2937/2465
f 2419/2922/2466 2408/2926/2466 2420/2923/2466
f 2412/2938/2467 2408/2939/2467 2406/2919/2467 2407/2918/2467
f 2418/2935/2468 2405/2940/2468 2413/2937/2468
f 2405/2940/2469 2408/2941/2469 2412/2929/2469 2414/2928/2469
f 2414/2928/2470 2413/2942/2470 2405/2940/2470
f 2411/2920/2471 2415/2934/2471 2410/2933/2471 2409/2915/2471
f 2409/2915/2472 2413/2937/2472 2416/2916/2472
f 2413/2937/2473 2414/2931/2473 2416/2916/2473
f 2408/2926/2474 2405/2943/2474 2417/2944/2474
f 2405/2943/2475 2418/2945/2475 2417/2944/2475
f 2415/2934/2476 2411/2920/2476 2419/2946/2476
f 2411/2920/2477 2406/2919/2477 2419/2946/2477
g Circle.002_Circle.002
v 0.073705 0.917962 -0.370538
v 0.107002 0.826144 -0.537937
v 0.136188 0.702578 -0.684664
v 0.160140 0.552012 -0.805080
v 0.177939 0.380232 -0.894557
v 0.188899 0.193841 -0.949657
v 0.193841 0.000000 -0.974503
v 0.000000 0.193841 -0.968262
v 0.000000 0.380232 -0.912083
v 0.000000 0.552012 -0.820853
v 0.038970 0.973792 -0.195917
v 0.144577 0.917962 -0.349039
v 0.209893 0.826144 -0.506726
v 0.267143 0.702578 -0.644940
v 0.314127 0.552012 -0.758369
v 0.349039 0.380232 -0.842655
v 0.370538 0.193841 -0.894557
v 0.380232 0.000000 -0.917962
v 0.076443 0.973792 -0.184550
v 0.209893 0.917962 -0.314127
v 0.304717 0.826144 -0.456041
v 0.387831 0.702578 -0.580431
v 0.456041 0.552012 -0.682514
v 0.506726 0.380232 -0.758369
v 0.537938 0.193841 -0.805080
v 0.552012 0.000000 -0.826144
v 0.110978 0.973792 -0.166091
v 0.267143 0.917962 -0.267143
v 0.387831 0.826144 -0.387831
v 0.493616 0.702578 -0.493616
v 0.580431 0.552012 -0.580431
v 0.644940 0.380232 -0.644940
v 0.684665 0.193841 -0.684664
v 0.702578 0.000000 -0.702578
v 0.141248 0.973792 -0.141248
v 0.314127 0.917962 -0.209893
v 0.456041 0.826144 -0.304717
v 0.580431 0.702578 -0.387831
v 0.682514 0.552012 -0.456041
v 0.758369 0.380232 -0.506726
v 0.805080 0.193841 -0.537937
v 0.826144 0.000000 -0.552012
v 0.166091 0.973792 -0.110978
v 0.349039 0.917962 -0.144577
v 0.506726 0.826144 -0.209893
v 0.644940 0.702578 -0.267143
v 0.758369 0.552012 -0.314127
v 0.842654 0.380232 -0.349039
v 0.894557 0.193841 -0.370538
v 0.917962 0.000000 -0.380232
v 0.184550 0.973792 -0.076443
v 0.370538 0.917962 -0.073705
v 0.537937 0.826144 -0.107002
v 0.684664 0.702578 -0.136188
v 0.805080 0.552012 -0.160140
v 0.894557 0.380232 -0.177939
v 0.949657 0.193841 -0.188898
v 0.974503 0.000000 -0.193841
v 0.195917 0.973792 -0.038970
v 0.377797 0.917962 0.000000
v 0.548476 0.826144 0.000000
v 0.698078 0.702578 0.000000
v 0.820853 0.552012 0.000000
v 0.912083 0.380232 -0.000000
v 0.968262 0.193841 0.000000
v 0.993595 0.000000 0.000000
v 0.199755 0.973792 0.000000
v 0.370538 0.917962 0.073705
v 0.537937 0.826144 0.107002
v 0.684664 0.702578 0.136188
v 0.805080 0.552012 0.160140
v 0.894557 0.380232 0.177939
v 0.949657 0.193841 0.188899
v 0.974503 0.000000 0.193841
v 0.195917 0.973792 0.038970
v 0.349039 0.917962 0.144577
v 0.506726 0.826144 0.209893
v 0.644940 0.702578 0.267143
v 0.758369 0.552012 0.314127
v 0.842654 0.380232 0.349039
v 0.894557 0.193841 0.370538
v 0.917962 0.000000 0.380232
v 0.184550 0.973792 0.076443
v 0.314127 0.917962 0.209893
v 0.456041 0.826144 0.304717
v 0.580431 0.702578 0.387831
v 0.682514 0.552012 0.456041
v 0.758369 0.380232 0.506726
v 0.805080 0.193841 0.537937
v 0.826144 0.000000 0.552012
v 0.166090 0.973792 0.110978
v 0.267143 0.917962 0.267143
v 0.387831 0.826144 0.387831
v 0.493616 0.702578 0.493616
v 0.580430 0.552012 0.580430
v 0.644940 0.380232 0.644940
v 0.684664 0.193841 0.684664
v 0.702577 0.000000 0.702578
v 0.141248 0.973792 0.141248
v 0.209893 0.917962 0.314127
v 0.304717 0.826144 0.456041
v 0.387831 0.702578 0.580430
v 0.456041 0.552012 0.682514
v 0.506726 0.380232 0.758369
v 0.537937 0.193841 0.805080
v 0.552011 0.000000 0.826144
v 0.110978 0.973792 0.166090
v 0.144577 0.917962 0.349039
v 0.209893 0.826144 0.506726
v 0.267143 0.702578 0.644940
v 0.314127 0.552012 0.758369
v 0.349039 0.380232 0.842654
v 0.370538 0.193841 0.894557
v 0.380232 0.000000 0.917962
v 0.076443 0.973792 0.184550
v 0.073704 0.917962 0.370538
v 0.107002 0.826144 0.537937
v 0.136188 0.702578 0.684664
v 0.160140 0.552012 0.805080
v 0.177938 0.380232 0.894557
v 0.188898 0.193841 0.949657
v 0.193840 0.000000 0.974503
v 0.038970 0.973792 0.195917
v -0.000000 0.917962 0.377797
v -0.000000 0.826144 0.548476
v -0.000000 0.702578 0.698078
v -0.000000 0.552012 0.820853
v -0.000000 0.380232 0.912082
v -0.000000 0.193841 0.968262
v -0.000000 0.000000 0.993595
v -0.000000 0.973792 0.199755
v -0.073705 0.917962 0.370538
v -0.107002 0.826144 0.537937
v -0.136188 0.702578 0.684664
v -0.160140 0.552012 0.805080
v -0.177938 0.380232 0.894557
v -0.188899 0.193841 0.949657
v -0.193841 0.000000 0.974503
v -0.038970 0.973792 0.195917
v -0.144577 0.917962 0.349039
v -0.209893 0.826144 0.506726
v -0.267143 0.702578 0.644940
v -0.314127 0.552012 0.758369
v -0.349039 0.380232 0.842654
v -0.370538 0.193841 0.894557
v -0.380232 0.000000 0.917961
v -0.076443 0.973792 0.184550
v -0.209893 0.917962 0.314127
v -0.304717 0.826144 0.456041
v -0.387831 0.702578 0.580430
v -0.456041 0.552012 0.682514
v -0.506726 0.380232 0.758369
v -0.537937 0.193841 0.805080
v -0.552012 0.000000 0.826143
v -0.110978 0.973792 0.166090
v -0.267143 0.917962 0.267143
v -0.387831 0.826144 0.387831
v -0.493615 0.702578 0.493615
v -0.580430 0.552012 0.580430
v -0.644940 0.380232 0.644940
v -0.684664 0.193841 0.684664
v -0.702578 0.000000 0.702577
v -0.141248 0.973792 0.141248
v -0.314127 0.917962 0.209893
v -0.456041 0.826144 0.304717
v -0.580430 0.702578 0.387831
v -0.682514 0.552012 0.456041
v -0.758369 0.380232 0.506726
v -0.805080 0.193841 0.537937
v -0.826144 0.000000 0.552011
v -0.166090 0.973792 0.110978
v -0.349039 0.917962 0.144577
v -0.506726 0.826144 0.209893
v -0.644940 0.702578 0.267143
v -0.758369 0.552012 0.314126
v -0.842654 0.380232 0.349039
v -0.894557 0.193841 0.370537
v -0.917962 0.000000 0.380232
v -0.184550 0.973792 0.076443
v 0.000000 0.997577 0.000000
v -0.370538 0.917962 0.073704
v -0.537937 0.826144 0.107002
v -0.684664 0.702578 0.136188
v -0.805080 0.552012 0.160140
v -0.894557 0.380232 0.177938
v -0.949657 0.193841 0.188898
v -0.974503 0.000000 0.193840
v -0.195917 0.973792 0.038970
v -0.377797 0.917962 -0.000000
v -0.548476 0.826144 -0.000000
v -0.698078 0.702578 -0.000000
v -0.820852 0.552012 -0.000000
v -0.912082 0.380232 -0.000000
v -0.968261 0.193841 -0.000000
v -0.993594 0.000000 -0.000000
v -0.199755 0.973792 -0.000000
v -0.370538 0.917962 -0.073705
v -0.537937 0.826144 -0.107002
v -0.684664 0.702578 -0.136188
v -0.805080 0.552012 -0.160140
v -0.894557 0.380232 -0.177939
v -0.949656 0.193841 -0.188899
v -0.974503 0.000000 -0.193841
v -0.195917 0.973792 -0.038970
v -0.349039 0.917962 -0.144577
v -0.506726 0.826144 -0.209893
v -0.644940 0.702578 -0.267143
v -0.758369 0.552012 -0.314127
v -0.842654 0.380232 -0.349039
v -0.894557 0.193841 -0.370538
v -0.917961 0.000000 -0.380232
v -0.184550 0.973792 -0.076443
v -0.314127 0.917962 -0.209893
v -0.456041 0.826144 -0.304717
v -0.580430 0.702578 -0.387831
v -0.682514 0.552012 -0.456041
v -0.758369 0.380232 -0.506726
v -0.805080 0.193841 -0.537937
v -0.826143 0.000000 -0.552012
v -0.166090 0.973792 -0.110978
v -0.267143 0.917962 -0.267143
v -0.387831 0.826144 -0.387831
v -0.493615 0.702578 -0.493615
v -0.580430 0.552012 -0.580430
v -0.644939 0.380232 -0.644940
v -0.684664 0.193841 -0.684664
v -0.702577 0.000000 -0.702577
v -0.141248 0.973792 -0.141248
v -0.209893 0.917962 -0.314127
v -0.304717 0.826144 -0.456041
v -0.387831 0.702578 -0.580430
v -0.456041 0.552012 -0.682514
v -0.506726 0.380232 -0.758369
v -0.537937 0.193841 -0.805080
v -0.552011 0.000000 -0.826144
v -0.110978 0.973792 -0.166090
v -0.144577 0.917962 -0.349039
v -0.209892 0.826144 -0.506726
v -0.267143 0.702578 -0.644940
v -0.314126 0.552012 -0.758369
v -0.349039 0.380232 -0.842654
v -0.370537 0.193841 -0.894557
v -0.380232 0.000000 -0.917961
v -0.076443 0.973792 -0.184550
v -0.073704 0.917962 -0.370538
v -0.107002 0.826144 -0.537937
v -0.136188 0.702578 -0.684664
v -0.160140 0.552012 -0.805080
v -0.177938 0.380232 -0.894557
v -0.188898 0.193841 -0.949656
v -0.193840 0.000000 -0.974503
v -0.038970 0.973792 -0.195917
v 0.000000 0.917962 -0.377797
v 0.000000 0.826144 -0.548476
v 0.000000 0.702578 -0.698078
v 0.000000 0.000000 -0.993594
v 0.000000 0.973792 -0.199755
v 0.090790 0.876269 -0.456434
v 0.122183 0.768056 -0.614256
v 0.148881 0.630328 -0.748474
v 0.169857 0.468376 -0.853927
v 0.184305 0.288424 -0.926565
v 0.191826 0.097389 -0.964376
v 0.000000 0.288424 -0.944718
v 0.000000 0.468376 -0.870657
v 0.056083 0.950719 -0.281948
v 0.089399 0.380232 -0.907687
v 0.080457 0.552012 -0.816897
v 0.094906 0.193841 -0.963596
v 0.178092 0.876269 -0.429951
v 0.239671 0.768056 -0.578617
v 0.292040 0.630328 -0.705047
v 0.333186 0.468376 -0.804382
v 0.361528 0.288424 -0.872805
v 0.376281 0.097389 -0.908422
v 0.110011 0.950719 -0.265589
v 0.238280 0.552012 -0.785504
v 0.202641 0.702578 -0.668016
v 0.264763 0.380232 -0.872805
v 0.281071 0.193841 -0.926565
v 0.288424 0.000000 -0.950808
v 0.058513 0.973614 -0.192890
v 0.159214 0.826144 -0.524857
v 0.109668 0.917962 -0.361528
v 0.258549 0.876269 -0.386946
v 0.347948 0.768056 -0.520741
v 0.423976 0.630328 -0.634525
v 0.483711 0.468376 -0.723925
v 0.524857 0.288424 -0.785504
v 0.546275 0.097389 -0.817558
v 0.159711 0.950719 -0.239024
v 0.468376 0.000000 -0.876269
v 0.456434 0.193841 -0.853927
v 0.095019 0.973614 -0.177769
v 0.178092 0.917962 -0.333186
v 0.258549 0.826144 -0.483711
v 0.329070 0.702578 -0.615647
v 0.386946 0.552012 -0.723925
v 0.429951 0.380232 -0.804382
v 0.329070 0.876269 -0.329070
v 0.442854 0.768056 -0.442854
v 0.539619 0.630328 -0.539619
v 0.615647 0.468376 -0.615647
v 0.668016 0.288424 -0.668016
v 0.695276 0.097389 -0.695276
v 0.203273 0.950719 -0.203273
v 0.442854 0.702578 -0.539619
v 0.347948 0.826144 -0.423976
v 0.520741 0.552012 -0.634525
v 0.578617 0.380232 -0.705047
v 0.614257 0.193841 -0.748474
v 0.630328 0.000000 -0.768056
v 0.127874 0.973614 -0.155815
v 0.239671 0.917962 -0.292040
v 0.386946 0.876269 -0.258549
v 0.520741 0.768056 -0.347948
v 0.634525 0.630328 -0.423976
v 0.723925 0.468376 -0.483711
v 0.785504 0.288424 -0.524857
v 0.817558 0.097389 -0.546275
v 0.239024 0.950719 -0.159711
v 0.768056 0.000000 -0.630327
v 0.748474 0.193841 -0.614256
v 0.155815 0.973614 -0.127874
v 0.292040 0.917962 -0.239671
v 0.423976 0.826144 -0.347948
v 0.539620 0.702578 -0.442854
v 0.634525 0.552012 -0.520741
v 0.705047 0.380232 -0.578617
v 0.429951 0.876269 -0.178092
v 0.578617 0.768056 -0.239671
v 0.705047 0.630328 -0.292040
v 0.804382 0.468376 -0.333186
v 0.872805 0.288424 -0.361528
v 0.908422 0.097389 -0.376281
v 0.265589 0.950719 -0.110011
v 0.723925 0.552012 -0.386946
v 0.615647 0.702578 -0.329070
v 0.804382 0.380232 -0.429951
v 0.853927 0.193841 -0.456434
v 0.876269 0.000000 -0.468375
v 0.177769 0.973614 -0.095019
v 0.333186 0.917962 -0.178092
v 0.483711 0.826144 -0.258549
v 0.456434 0.876269 -0.090790
v 0.614256 0.768056 -0.122183
v 0.748474 0.630328 -0.148881
v 0.853927 0.468376 -0.169857
v 0.926565 0.288424 -0.184305
v 0.964376 0.097389 -0.191826
v 0.281948 0.950719 -0.056083
v 0.950807 0.000000 -0.288424
v 0.192890 0.973614 -0.058513
v 0.361528 0.917962 -0.109668
v 0.524857 0.826144 -0.159214
v 0.668016 0.702578 -0.202641
v 0.785504 0.552012 -0.238280
v 0.872805 0.380232 -0.264763
v 0.926565 0.193841 -0.281070
v 0.465376 0.876269 0.000000
v 0.626290 0.768056 0.000000
v 0.763137 0.630328 0.000000
v 0.870657 0.468376 0.000000
v 0.944718 0.288424 0.000000
v 0.983269 0.097389 0.000000
v 0.287471 0.950719 0.000000
v 0.816897 0.552012 -0.080457
v 0.694714 0.702578 -0.068423
v 0.907687 0.380232 -0.089399
v 0.963596 0.193841 -0.094906
v 0.988807 0.000000 -0.097389
v 0.200599 0.973614 -0.019757
v 0.375976 0.917962 -0.037030
v 0.545833 0.826144 -0.053760
v 0.456434 0.876269 0.090790
v 0.614256 0.768056 0.122183
v 0.748474 0.630328 0.148881
v 0.853927 0.468376 0.169857
v 0.926565 0.288424 0.184305
v 0.964376 0.097389 0.191826
v 0.281948 0.950719 0.056083
v 0.988807 0.000000 0.097389
v 0.200599 0.973614 0.019757
v 0.375976 0.917962 0.037030
v 0.545833 0.826144 0.053760
v 0.694714 0.702578 0.068423
v 0.816897 0.552012 0.080457
v 0.907687 0.380232 0.089399
v 0.963596 0.193841 0.094906
v 0.429951 0.876269 0.178092
v 0.578617 0.768056 0.239671
v 0.705047 0.630328 0.292040
v 0.804382 0.468376 0.333186
v 0.872805 0.288424 0.361528
v 0.908422 0.097389 0.376281
v 0.265589 0.950719 0.110011
v 0.872805 0.380232 0.264763
v 0.785504 0.552012 0.238280
v 0.926565 0.193841 0.281071
v 0.950807 0.000000 0.288424
v 0.192890 0.973614 0.058513
v 0.361528 0.917962 0.109668
v 0.524857 0.826144 0.159214
v 0.668016 0.702578 0.202641
v 0.386946 0.876269 0.258549
v 0.520741 0.768056 0.347948
v 0.634525 0.630328 0.423976
v 0.723924 0.468376 0.483711
v 0.785504 0.288424 0.524857
v 0.817558 0.097389 0.546275
v 0.239024 0.950719 0.159711
v 0.333186 0.917962 0.178092
v 0.177769 0.973614 0.095019
v 0.483711 0.826144 0.258549
v 0.615647 0.702578 0.329070
v 0.723924 0.552012 0.386946
v 0.804382 0.380232 0.429951
v 0.853927 0.193841 0.456434
v 0.876269 0.000000 0.468376
v 0.329070 0.876269 0.329070
v 0.442854 0.768056 0.442854
v 0.539619 0.630328 0.539619
v 0.615647 0.468376 0.615647
v 0.668016 0.288424 0.668016
v 0.695276 0.097389 0.695276
v 0.203273 0.950719 0.203273
v 0.748473 0.193841 0.614256
v 0.705047 0.380232 0.578617
v 0.768056 0.000000 0.630328
v 0.155815 0.973614 0.127874
v 0.292040 0.917962 0.239671
v 0.423976 0.826144 0.347948
v 0.539619 0.702578 0.442854
v 0.634525 0.552012 0.520741
v 0.258549 0.876269 0.386946
v 0.347948 0.768056 0.520741
v 0.423976 0.630328 0.634525
v 0.483711 0.468376 0.723925
v 0.524857 0.288424 0.785504
v 0.546275 0.097389 0.817558
v 0.159711 0.950719 0.239024
v 0.347948 0.826144 0.423976
v 0.239671 0.917962 0.292040
v 0.442854 0.702578 0.539619
v 0.520741 0.552012 0.634525
v 0.578617 0.380232 0.705047
v 0.614256 0.193841 0.748474
v 0.630327 0.000000 0.768056
v 0.127874 0.973614 0.155815
v 0.178091 0.876269 0.429951
v 0.239671 0.768056 0.578617
v 0.292040 0.630328 0.705047
v 0.333186 0.468376 0.804382
v 0.361528 0.288424 0.872805
v 0.376280 0.097389 0.908422
v 0.110011 0.950719 0.265589
v 0.456433 0.193841 0.853927
v 0.429951 0.380232 0.804382
v 0.468375 0.000000 0.876269
v 0.095019 0.973614 0.177769
v 0.178091 0.917962 0.333186
v 0.258549 0.826144 0.483711
v 0.329070 0.702578 0.615647
v 0.386946 0.552012 0.723925
v 0.090790 0.876269 0.456434
v 0.122183 0.768056 0.614256
v 0.148881 0.630328 0.748473
v 0.169857 0.468376 0.853927
v 0.184305 0.288424 0.926565
v 0.191826 0.097389 0.964375
v 0.056083 0.950719 0.281948
v 0.202640 0.702578 0.668016
v 0.159214 0.826144 0.524857
v 0.238280 0.552012 0.785504
v 0.264763 0.380232 0.872805
v 0.281070 0.193841 0.926565
v 0.288424 0.000000 0.950807
v 0.058513 0.973614 0.192890
v 0.109668 0.917962 0.361528
v -0.000000 0.876269 0.465376
v -0.000000 0.768056 0.626290
v -0.000000 0.630328 0.763137
v -0.000000 0.468376 0.870657
v -0.000000 0.288424 0.944717
v -0.000000 0.097389 0.983269
v -0.000000 0.950719 0.287471
v 0.097389 0.000000 0.988806
v 0.094906 0.193841 0.963595
v 0.019757 0.973614 0.200599
v 0.037030 0.917962 0.375976
v 0.053760 0.826144 0.545833
v 0.068423 0.702578 0.694714
v 0.080457 0.552012 0.816897
v 0.089399 0.380232 0.907687
v -0.090790 0.876269 0.456434
v -0.122183 0.768056 0.614256
v -0.148881 0.630328 0.748473
v -0.169857 0.468376 0.853927
v -0.184305 0.288424 0.926565
v -0.191826 0.097389 0.964375
v -0.056083 0.950719 0.281948
v -0.068423 0.702578 0.694714
v -0.053760 0.826144 0.545833
v -0.080457 0.552012 0.816897
v -0.089399 0.380232 0.907687
v -0.094906 0.193841 0.963595
v -0.097389 0.000000 0.988806
v -0.019757 0.973614 0.200599
v -0.037030 0.917962 0.375976
v -0.178092 0.876269 0.429951
v -0.239671 0.768056 0.578617
v -0.292040 0.630328 0.705047
v -0.333186 0.468376 0.804382
v -0.361528 0.288424 0.872805
v -0.376281 0.097389 0.908422
v -0.110011 0.950719 0.265589
v -0.288424 0.000000 0.950807
v -0.281071 0.193841 0.926565
v -0.058513 0.973614 0.192890
v -0.109668 0.917962 0.361528
v -0.159214 0.826144 0.524857
v -0.202641 0.702578 0.668016
v -0.238280 0.552012 0.785504
v -0.264763 0.380232 0.872805
v -0.258549 0.876269 0.386946
v -0.347948 0.768056 0.520741
v -0.423976 0.630328 0.634525
v -0.483711 0.468376 0.723924
v -0.524857 0.288424 0.785504
v -0.546275 0.097389 0.817558
v -0.159711 0.950719 0.239024
v -0.386946 0.552012 0.723924
v -0.329070 0.702578 0.615647
v -0.429951 0.380232 0.804382
v -0.456434 0.193841 0.853927
v -0.468376 0.000000 0.876269
v -0.095019 0.973614 0.177768
v -0.178092 0.917962 0.333186
v -0.258549 0.826144 0.483711
v -0.329070 0.876269 0.329070
v -0.442854 0.768056 0.442854
v -0.539619 0.630328 0.539619
v -0.615647 0.468376 0.615647
v -0.668016 0.288424 0.668016
v -0.695276 0.097389 0.695276
v -0.203273 0.950719 0.203273
v -0.630327 0.000000 0.768056
v -0.127874 0.973614 0.155815
v -0.239671 0.917962 0.292040
v -0.347948 0.826144 0.423976
v -0.442854 0.702578 0.539619
v -0.520741 0.552012 0.634525
v -0.578617 0.380232 0.705046
v -0.614256 0.193841 0.748473
v -0.386946 0.876269 0.258549
v -0.520741 0.768056 0.347948
v -0.634525 0.630328 0.423976
v -0.723924 0.468376 0.483711
v -0.785504 0.288424 0.524857
v -0.817558 0.097389 0.546274
v -0.239024 0.950719 0.159711
v -0.705047 0.380232 0.578617
v -0.634525 0.552012 0.520741
v -0.748473 0.193841 0.614256
v -0.768056 0.000000 0.630327
v -0.155815 0.973614 0.127874
v -0.292040 0.917962 0.239671
v -0.423976 0.826144 0.347948
v -0.539619 0.702578 0.442854
v -0.109146 0.987361 0.045210
v -0.429951 0.876269 0.178091
v -0.578617 0.768056 0.239671
v -0.705047 0.630328 0.292040
v -0.804382 0.468376 0.333186
v -0.872805 0.288424 0.361528
v -0.908422 0.097389 0.376280
v -0.265589 0.950719 0.110010
v -0.177768 0.973614 0.095019
v -0.333186 0.917962 0.178091
v -0.483711 0.826144 0.258549
v -0.615647 0.702578 0.329070
v -0.723924 0.552012 0.386946
v -0.804382 0.380232 0.429951
v -0.853927 0.193841 0.456433
v -0.876269 0.000000 0.468375
v -0.456433 0.876269 0.090790
v -0.614256 0.768056 0.122183
v -0.748473 0.630328 0.148881
v -0.853927 0.468376 0.169857
v -0.926565 0.288424 0.184305
v -0.964375 0.097389 0.191826
v -0.281948 0.950719 0.056083
v -0.872805 0.380232 0.264762
v -0.785504 0.552012 0.238280
v -0.926565 0.193841 0.281070
v -0.950807 0.000000 0.288424
v -0.192890 0.973614 0.058513
v -0.361528 0.917962 0.109668
v -0.524857 0.826144 0.159213
v -0.668016 0.702578 0.202640
v -0.465376 0.876269 -0.000000
v -0.626290 0.768057 -0.000000
v -0.763137 0.630328 -0.000000
v -0.870656 0.468376 -0.000000
v -0.944717 0.288424 -0.000000
v -0.983268 0.097389 -0.000000
v -0.287471 0.950719 -0.000000
v -0.545833 0.826144 0.053760
v -0.375976 0.917962 0.037030
v -0.694714 0.702578 0.068423
v -0.816897 0.552012 0.080457
v -0.907687 0.380232 0.089399
v -0.963595 0.193841 0.094906
v -0.988806 0.000000 0.097388
v -0.200599 0.973614 0.019757
v -0.456433 0.876269 -0.090790
v -0.614256 0.768056 -0.122183
v -0.748473 0.630328 -0.148881
v -0.853927 0.468376 -0.169857
v -0.926565 0.288424 -0.184305
v -0.964375 0.097389 -0.191826
v -0.281948 0.950719 -0.056083
v -0.963595 0.193841 -0.094906
v -0.907687 0.380232 -0.089399
v -0.988806 0.000000 -0.097389
v -0.200599 0.973614 -0.019757
v -0.375976 0.917962 -0.037030
v -0.545833 0.826144 -0.053760
v -0.694713 0.702578 -0.068423
v -0.816896 0.552012 -0.080457
v -0.429951 0.876269 -0.178092
v -0.578617 0.768056 -0.239671
v -0.705047 0.630328 -0.292040
v -0.804382 0.468376 -0.333186
v -0.872805 0.288424 -0.361528
v -0.908421 0.097389 -0.376281
v -0.265589 0.950719 -0.110011
v -0.524857 0.826144 -0.159214
v -0.361528 0.917962 -0.109668
v -0.668016 0.702578 -0.202641
v -0.785504 0.552012 -0.238280
v -0.872805 0.380232 -0.264763
v -0.926565 0.193841 -0.281071
v -0.950807 0.000000 -0.288424
v -0.192890 0.973614 -0.058513
v -0.386945 0.876269 -0.258549
v -0.520741 0.768056 -0.347948
v -0.634525 0.630328 -0.423976
v -0.723924 0.468376 -0.483711
v -0.785504 0.288424 -0.524857
v -0.817558 0.097389 -0.546275
v -0.239024 0.950719 -0.159711
v -0.853927 0.193841 -0.456434
v -0.804382 0.380232 -0.429951
v -0.876268 0.000000 -0.468376
v -0.177768 0.973614 -0.095019
v -0.333186 0.917962 -0.178092
v -0.483711 0.826144 -0.258549
v -0.615647 0.702578 -0.329070
v -0.723924 0.552012 -0.386946
v -0.329070 0.876269 -0.329070
v -0.442854 0.768056 -0.442854
v -0.539619 0.630328 -0.539619
v -0.615647 0.468376 -0.615647
v -0.668016 0.288424 -0.668016
v -0.695275 0.097389 -0.695276
v -0.203273 0.950719 -0.203273
v -0.539619 0.702578 -0.442854
v -0.423976 0.826144 -0.347948
v -0.634525 0.552012 -0.520741
v -0.705046 0.380232 -0.578617
v -0.748473 0.193841 -0.614256
v -0.768055 0.000000 -0.630327
v -0.155815 0.973614 -0.127874
v -0.292040 0.917962 -0.239671
v -0.258549 0.876269 -0.386946
v -0.347948 0.768056 -0.520741
v -0.423976 0.630328 -0.634525
v -0.483711 0.468376 -0.723924
v -0.524857 0.288424 -0.785504
v -0.546274 0.097389 -0.817558
v -0.159710 0.950719 -0.239024
v -0.630327 0.000000 -0.768056
v -0.614256 0.193841 -0.748473
v -0.127874 0.973614 -0.155815
v -0.239671 0.917962 -0.292040
v -0.347948 0.826144 -0.423976
v -0.442854 0.702578 -0.539619
v -0.520741 0.552012 -0.634525
v -0.578617 0.380232 -0.705047
v -0.178091 0.876269 -0.429951
v -0.239671 0.768056 -0.578617
v -0.292040 0.630328 -0.705046
v -0.333186 0.468376 -0.804382
v -0.361528 0.288424 -0.872805
v -0.376280 0.097389 -0.908422
v -0.110010 0.950719 -0.265589
v -0.386945 0.552012 -0.723924
v -0.329070 0.702578 -0.615647
v -0.429951 0.380232 -0.804382
v -0.456433 0.193841 -0.853927
v -0.468375 0.000000 -0.876269
v -0.095019 0.973614 -0.177768
v -0.178091 0.917962 -0.333186
v -0.258549 0.826144 -0.483711
v -0.090790 0.876269 -0.456433
v -0.122183 0.768056 -0.614256
v -0.148880 0.630328 -0.748473
v -0.169857 0.468376 -0.853927
v -0.184305 0.288424 -0.926565
v -0.191826 0.097389 -0.964375
v -0.056083 0.950719 -0.281948
v -0.288424 0.000000 -0.950807
v -0.058513 0.973614 -0.192890
v -0.109668 0.917962 -0.361528
v -0.159213 0.826144 -0.524857
v -0.202640 0.702578 -0.668016
v -0.238280 0.552012 -0.785504
v -0.264762 0.380232 -0.872805
v -0.281070 0.193841 -0.926565
v 0.000000 0.876269 -0.465375
v 0.000000 0.768056 -0.626290
v 0.000000 0.950719 -0.287471
v -0.068423 0.702578 -0.694713
v -0.097388 0.000000 -0.988806
v -0.019757 0.973614 -0.200599
v -0.037030 0.917962 -0.375976
v -0.053760 0.826144 -0.545833
v 0.023048 0.987361 -0.115869
v 0.000000 0.097389 -0.983269
v 0.000000 0.630328 -0.763137
v 0.000000 0.987361 -0.118139
v 0.068423 0.702578 -0.694714
v 0.053760 0.826144 -0.545833
v 0.037030 0.917962 -0.375976
v 0.019757 0.973614 -0.200599
v 0.097389 0.000000 -0.988806
v 0.045210 0.987361 -0.109146
v 0.065634 0.987361 -0.098229
v 0.083537 0.987361 -0.083537
v 0.098229 0.987361 -0.065634
v 0.109146 0.987361 -0.045210
v 0.115869 0.987361 -0.023048
v 0.118139 0.987361 0.000000
v 0.115869 0.987361 0.023048
v 0.109146 0.987361 0.045210
v 0.098229 0.987361 0.065634
v 0.083537 0.987361 0.083537
v 0.065634 0.987361 0.098229
v 0.045210 0.987361 0.109146
v 0.023048 0.987361 0.115869
v -0.000000 0.987361 0.118139
v -0.023048 0.987361 0.115869
v -0.045210 0.987361 0.109146
v -0.065634 0.987361 0.098229
v -0.083537 0.987361 0.083537
v -0.098229 0.987361 0.065634
v -0.115869 0.987361 0.023048
v -0.118139 0.987361 -0.000000
v -0.115869 0.987361 -0.023048
v -0.109146 0.987361 -0.045210
v -0.098229 0.987361 -0.065634
v -0.083537 0.987361 -0.083537
v -0.065634 0.987361 -0.098229
v -0.045210 0.987361 -0.109146
v -0.023048 0.987361 -0.115869
v -0.080457 0.552012 -0.816897
v -0.089399 0.380232 -0.907687
v -0.094906 0.193841 -0.963595
v 0.085339 0.468376 -0.866461
v 0.074800 0.630328 -0.759459
v 0.061387 0.768056 -0.623272
v 0.045615 0.876269 -0.463133
v 0.028199 0.950696 -0.286312
v 0.013329 0.985270 -0.135336
v 0.096377 0.097389 -0.978530
v 0.092598 0.288424 -0.940165
v 0.221526 0.630328 -0.730274
v 0.252737 0.468376 -0.833163
v 0.274236 0.288424 -0.904035
v 0.285427 0.097389 -0.940926
v 0.039476 0.985270 -0.130136
v 0.135091 0.876269 -0.445335
v 0.083514 0.950696 -0.275309
v 0.181802 0.768056 -0.599320
v 0.463508 0.097389 -0.867163
v 0.064106 0.985270 -0.119934
v 0.135620 0.950696 -0.253726
v 0.219376 0.876269 -0.410423
v 0.295230 0.768056 -0.552337
v 0.359739 0.630328 -0.673024
v 0.410423 0.468376 -0.767848
v 0.445335 0.288424 -0.833163
v 0.397313 0.768056 -0.484127
v 0.484127 0.630328 -0.589911
v 0.552337 0.468376 -0.673024
v 0.599320 0.288424 -0.730274
v 0.623777 0.097389 -0.760074
v 0.086272 0.985270 -0.105123
v 0.182513 0.950696 -0.222393
v 0.295230 0.876269 -0.359739
v 0.760074 0.097389 -0.623777
v 0.105123 0.985270 -0.086272
v 0.222393 0.950696 -0.182513
v 0.359739 0.876269 -0.295230
v 0.484127 0.768056 -0.397313
v 0.589911 0.630328 -0.484127
v 0.673024 0.468376 -0.552337
v 0.730274 0.288424 -0.599320
v 0.673024 0.630328 -0.359739
v 0.767848 0.468376 -0.410423
v 0.833163 0.288424 -0.445335
v 0.867163 0.097389 -0.463508
v 0.119934 0.985270 -0.064106
v 0.253726 0.950696 -0.135620
v 0.410423 0.876269 -0.219376
v 0.552337 0.768056 -0.295230
v 0.130136 0.985270 -0.039476
v 0.275309 0.950696 -0.083514
v 0.445335 0.876269 -0.135091
v 0.599320 0.768056 -0.181802
v 0.730274 0.630328 -0.221526
v 0.833163 0.468376 -0.252737
v 0.904035 0.288424 -0.274236
v 0.940926 0.097389 -0.285427
v 0.759459 0.630328 -0.074800
v 0.866461 0.468376 -0.085339
v 0.940165 0.288424 -0.092598
v 0.978530 0.097389 -0.096377
v 0.135336 0.985270 -0.013329
v 0.286312 0.950696 -0.028199
v 0.463133 0.876269 -0.045615
v 0.623272 0.768056 -0.061387
v 0.135336 0.985270 0.013329
v 0.286312 0.950696 0.028199
v 0.463133 0.876269 0.045615
v 0.623272 0.768056 0.061387
v 0.759459 0.630328 0.074800
v 0.866461 0.468376 0.085339
v 0.940165 0.288424 0.092598
v 0.978530 0.097389 0.096377
v 0.833163 0.468376 0.252737
v 0.904035 0.288424 0.274236
v 0.940926 0.097389 0.285427
v 0.130136 0.985270 0.039476
v 0.275309 0.950696 0.083514
v 0.445335 0.876269 0.135091
v 0.599320 0.768056 0.181802
v 0.730274 0.630328 0.221526
v 0.253726 0.950696 0.135620
v 0.410423 0.876269 0.219376
v 0.552337 0.768056 0.295230
v 0.673024 0.630328 0.359739
v 0.767848 0.468376 0.410423
v 0.833163 0.288424 0.445335
v 0.867162 0.097389 0.463508
v 0.119934 0.985270 0.064106
v 0.730274 0.288424 0.599320
v 0.760074 0.097389 0.623777
v 0.105123 0.985270 0.086272
v 0.222393 0.950696 0.182513
v 0.359739 0.876269 0.295230
v 0.484127 0.768056 0.397313
v 0.589910 0.630328 0.484127
v 0.673024 0.468376 0.552337
v 0.295230 0.876269 0.359739
v 0.397313 0.768056 0.484127
v 0.484127 0.630328 0.589911
v 0.552337 0.468376 0.673024
v 0.599320 0.288424 0.730274
v 0.623777 0.097389 0.760074
v 0.086272 0.985270 0.105123
v 0.182513 0.950696 0.222393
v 0.445335 0.288424 0.833163
v 0.463508 0.097389 0.867162
v 0.064106 0.985270 0.119934
v 0.135620 0.950696 0.253726
v 0.219376 0.876269 0.410423
v 0.295230 0.768056 0.552336
v 0.359739 0.630328 0.673024
v 0.410423 0.468376 0.767848
v 0.181802 0.768056 0.599320
v 0.221526 0.630328 0.730274
v 0.252737 0.468376 0.833163
v 0.274236 0.288424 0.904035
v 0.285426 0.097389 0.940926
v 0.039476 0.985270 0.130136
v 0.083514 0.950696 0.275309
v 0.135091 0.876269 0.445335
v 0.096377 0.097389 0.978530
v 0.013329 0.985270 0.135336
v 0.028199 0.950696 0.286312
v 0.045615 0.876269 0.463133
v 0.061387 0.768056 0.623272
v 0.074800 0.630328 0.759459
v 0.085339 0.468376 0.866461
v 0.092598 0.288424 0.940165
v -0.061387 0.768056 0.623272
v -0.074800 0.630328 0.759459
v -0.085339 0.468376 0.866461
v -0.092598 0.288424 0.940165
v -0.096377 0.097389 0.978530
v -0.013329 0.985270 0.135336
v -0.028199 0.950696 0.286312
v -0.045615 0.876269 0.463133
v -0.285427 0.097389 0.940926
v -0.039476 0.985270 0.130136
v -0.083514 0.950696 0.275309
v -0.135091 0.876269 0.445335
v -0.181802 0.768056 0.599320
v -0.221526 0.630328 0.730274
v -0.252737 0.468376 0.833163
v -0.274236 0.288424 0.904035
v -0.359739 0.630328 0.673024
v -0.410423 0.468376 0.767847
v -0.445335 0.288424 0.833163
v -0.463508 0.097389 0.867162
v -0.064106 0.985270 0.119934
v -0.135620 0.950696 0.253726
v -0.219376 0.876269 0.410423
v -0.295230 0.768056 0.552336
v -0.086272 0.985270 0.105123
v -0.182513 0.950696 0.222393
v -0.295230 0.876269 0.359739
v -0.397313 0.768056 0.484127
v -0.484127 0.630328 0.589910
v -0.552336 0.468376 0.673024
v -0.599320 0.288424 0.730273
v -0.623777 0.097389 0.760074
v -0.673024 0.468376 0.552336
v -0.730274 0.288424 0.599320
v -0.760074 0.097389 0.623776
v -0.105123 0.985270 0.086272
v -0.222393 0.950696 0.182513
v -0.359739 0.876269 0.295230
v -0.484127 0.768056 0.397313
v -0.589911 0.630328 0.484127
v -0.119934 0.985270 0.064106
v -0.253726 0.950696 0.135619
v -0.410423 0.876269 0.219376
v -0.552336 0.768056 0.295230
v -0.673024 0.630328 0.359739
v -0.767847 0.468376 0.410423
v -0.833163 0.288424 0.445335
v -0.867162 0.097389 0.463507
v -0.833163 0.468376 0.252737
v -0.904035 0.288424 0.274236
v -0.940926 0.097389 0.285426
v -0.130136 0.985270 0.039476
v -0.275309 0.950696 0.083514
v -0.445335 0.876269 0.135091
v -0.599320 0.768056 0.181802
v -0.730273 0.630328 0.221526
v -0.463133 0.876269 0.045615
v -0.623272 0.768057 0.061387
v -0.759459 0.630328 0.074800
v -0.866461 0.468376 0.085339
v -0.940165 0.288424 0.092598
v -0.978530 0.097389 0.096376
v -0.135336 0.985270 0.013329
v -0.286312 0.950696 0.028199
v -0.940165 0.288424 -0.092598
v -0.978530 0.097389 -0.096377
v -0.135336 0.985270 -0.013329
v -0.286312 0.950696 -0.028199
v -0.463133 0.876269 -0.045615
v -0.623272 0.768056 -0.061387
v -0.759459 0.630328 -0.074800
v -0.866461 0.468376 -0.085339
v -0.445335 0.876269 -0.135091
v -0.599320 0.768056 -0.181802
v -0.730273 0.630328 -0.221526
v -0.833163 0.468376 -0.252737
v -0.904034 0.288424 -0.274236
v -0.940925 0.097389 -0.285427
v -0.130136 0.985270 -0.039476
v -0.275309 0.950696 -0.083514
v -0.833163 0.288424 -0.445335
v -0.867162 0.097389 -0.463508
v -0.119934 0.985270 -0.064106
v -0.253726 0.950696 -0.135619
v -0.410423 0.876269 -0.219376
v -0.552336 0.768056 -0.295230
v -0.673024 0.630328 -0.359739
v -0.767847 0.468376 -0.410423
v -0.484127 0.768056 -0.397313
v -0.589910 0.630328 -0.484127
v -0.673024 0.468376 -0.552336
v -0.730273 0.288424 -0.599320
v -0.760073 0.097389 -0.623777
v -0.105123 0.985270 -0.086272
v -0.222393 0.950696 -0.182513
v -0.359739 0.876269 -0.295230
v -0.623776 0.097389 -0.760074
v -0.086272 0.985270 -0.105123
v -0.182513 0.950696 -0.222393
v -0.295230 0.876269 -0.359739
v -0.397313 0.768056 -0.484127
v -0.484127 0.630328 -0.589910
v -0.552336 0.468376 -0.673024
v -0.599320 0.288424 -0.730273
v -0.359739 0.630328 -0.673024
v -0.410423 0.468376 -0.767847
v -0.445335 0.288424 -0.833163
v -0.463507 0.097389 -0.867162
v -0.064106 0.985270 -0.119934
v -0.135619 0.950696 -0.253726
v -0.219375 0.876269 -0.410423
v -0.295230 0.768056 -0.552336
v -0.039476 0.985270 -0.130135
v -0.083514 0.950696 -0.275309
v -0.135091 0.876269 -0.445335
v -0.181802 0.768056 -0.599320
v -0.221526 0.630328 -0.730273
v -0.252737 0.468376 -0.833163
v -0.274236 0.288424 -0.904034
v -0.285426 0.097389 -0.940925
v -0.074800 0.630328 -0.759459
v -0.085339 0.468376 -0.866461
v -0.092598 0.288424 -0.940165
v -0.096376 0.097389 -0.978530
v -0.013329 0.985270 -0.135336
v -0.028199 0.950696 -0.286312
v -0.045614 0.876269 -0.463133
v -0.061387 0.768056 -0.623272
vn 0.0445 0.4249 -0.9041
vn 0.0422 0.5112 -0.8584
vn 0.1261 0.5112 -0.8502
vn 0.1328 0.4249 -0.8954
vn 0.0395 0.5928 -0.8044
vn 0.0365 0.6687 -0.7426
vn 0.1091 0.6687 -0.7355
vn 0.1181 0.5928 -0.7966
vn 0.0331 0.7384 -0.6735
vn 0.0294 0.8010 -0.5979
vn 0.0878 0.8010 -0.5922
vn 0.0989 0.7384 -0.6670
vn 0.0254 0.8560 -0.5163
vn 0.0211 0.9027 -0.4297
vn 0.0631 0.9027 -0.4256
vn 0.0758 0.8560 -0.5114
vn 0.0159 0.9399 -0.3412
vn 0.0057 0.9666 -0.2561
vn 0.0443 0.9666 -0.2523
vn 0.0510 0.9399 -0.3377
vn -0.0253 0.9851 -0.1703
vn 0.0088 0.9959 -0.0897
vn 0.0580 0.9851 -0.1621
vn 0.0488 0.1053 -0.9932
vn 0.0485 0.1536 -0.9869
vn 0.1450 0.1536 -0.9775
vn 0.1459 0.1053 -0.9837
vn 0.0477 0.2413 -0.9693
vn 0.0463 0.3346 -0.9412
vn 0.1382 0.3346 -0.9322
vn 0.1424 0.2413 -0.9600
vn 0.1957 0.5928 -0.7812
vn 0.1807 0.6687 -0.7212
vn 0.2505 0.6687 -0.7001
vn 0.2713 0.5928 -0.7583
vn 0.2200 0.4249 -0.8781
vn 0.2089 0.5112 -0.8337
vn 0.2895 0.5112 -0.8092
vn 0.3049 0.4249 -0.8523
vn 0.2358 0.2413 -0.9414
vn 0.2290 0.3346 -0.9141
vn 0.3174 0.3346 -0.8873
vn 0.3269 0.2413 -0.9137
vn 0.2417 0.1053 -0.9646
vn 0.2401 0.1536 -0.9585
vn 0.3329 0.1536 -0.9304
vn 0.3350 0.1053 -0.9363
vn 0.0084 0.9851 -0.1720
vn 0.0262 0.9959 -0.0862
vn 0.0885 0.9851 -0.1476
vn 0.1256 0.8560 -0.5015
vn 0.1046 0.9027 -0.4174
vn 0.1449 0.9027 -0.4051
vn 0.1741 0.8560 -0.4867
vn 0.0822 0.9399 -0.3315
vn 0.0556 0.9666 -0.2500
vn 0.0927 0.9666 -0.2388
vn 0.1159 0.9399 -0.3213
vn 0.1639 0.7384 -0.6541
vn 0.1455 0.8010 -0.5807
vn 0.2017 0.8010 -0.5637
vn 0.2272 0.7384 -0.6349
vn 0.4252 0.1053 -0.8989
vn 0.4225 0.1536 -0.8933
vn 0.5080 0.1536 -0.8476
vn 0.5112 0.1053 -0.8530
vn 0.0418 0.9851 -0.1670
vn 0.0425 0.9959 -0.0795
vn 0.1156 0.9851 -0.1275
vn 0.1453 0.9399 -0.3091
vn 0.1033 0.9666 -0.2344
vn 0.1375 0.9666 -0.2161
vn 0.1763 0.9399 -0.2925
vn 0.2210 0.8560 -0.4673
vn 0.1840 0.9027 -0.3889
vn 0.2212 0.9027 -0.3691
vn 0.2658 0.8560 -0.4434
vn 0.2883 0.7384 -0.6096
vn 0.2560 0.8010 -0.5412
vn 0.3078 0.8010 -0.5135
vn 0.3467 0.7384 -0.5784
vn 0.3444 0.5928 -0.7280
vn 0.3179 0.6687 -0.6721
vn 0.3822 0.6687 -0.6378
vn 0.4140 0.5928 -0.6908
vn 0.3871 0.4249 -0.8183
vn 0.3675 0.5112 -0.7769
vn 0.4418 0.5112 -0.7372
vn 0.4653 0.4249 -0.7765
vn 0.4150 0.2413 -0.8773
vn 0.4029 0.3346 -0.8519
vn 0.4844 0.3346 -0.8083
vn 0.4989 0.2413 -0.8324
vn 0.4017 0.7384 -0.5416
vn 0.3566 0.8010 -0.4808
vn 0.4020 0.8010 -0.4436
vn 0.4528 0.7384 -0.4997
vn 0.4798 0.5928 -0.6468
vn 0.4429 0.6687 -0.5972
vn 0.4993 0.6687 -0.5509
vn 0.5408 0.5928 -0.5967
vn 0.5393 0.4249 -0.7271
vn 0.5120 0.5112 -0.6903
vn 0.5772 0.5112 -0.6368
vn 0.6079 0.4249 -0.6708
vn 0.5781 0.2413 -0.7795
vn 0.5614 0.3346 -0.7569
vn 0.6328 0.3346 -0.6983
vn 0.6517 0.2413 -0.7191
vn 0.5924 0.1053 -0.7987
vn 0.5887 0.1536 -0.7937
vn 0.6636 0.1536 -0.7322
vn 0.6678 0.1053 -0.7369
vn 0.0736 0.9851 -0.1556
vn 0.0572 0.9959 -0.0697
vn 0.1383 0.9851 -0.1025
vn 0.2028 0.9399 -0.2749
vn 0.1470 0.9666 -0.2097
vn 0.1770 0.9666 -0.1851
vn 0.2300 0.9399 -0.2525
vn 0.3080 0.8560 -0.4152
vn 0.2563 0.9027 -0.3456
vn 0.2889 0.9027 -0.3188
vn 0.3472 0.8560 -0.3831
vn 0.7369 0.1053 -0.6678
vn 0.7322 0.1536 -0.6636
vn 0.7937 0.1536 -0.5887
vn 0.7987 0.1053 -0.5924
vn 0.1025 0.9851 -0.1383
vn 0.0697 0.9959 -0.0572
vn 0.1556 0.9851 -0.0736
vn 0.2525 0.9399 -0.2300
vn 0.1851 0.9666 -0.1770
vn 0.2097 0.9666 -0.1470
vn 0.2749 0.9399 -0.2028
vn 0.3831 0.8560 -0.3472
vn 0.3188 0.9027 -0.2889
vn 0.3456 0.9027 -0.2563
vn 0.4152 0.8560 -0.3080
vn 0.4997 0.7384 -0.4528
vn 0.4436 0.8010 -0.4020
vn 0.4808 0.8010 -0.3566
vn 0.5416 0.7384 -0.4017
vn 0.5967 0.5928 -0.5408
vn 0.5509 0.6687 -0.4993
vn 0.5972 0.6687 -0.4429
vn 0.6468 0.5928 -0.4798
vn 0.6708 0.4249 -0.6079
vn 0.6368 0.5112 -0.5772
vn 0.6903 0.5112 -0.5120
vn 0.7271 0.4249 -0.5393
vn 0.7191 0.2413 -0.6517
vn 0.6983 0.3346 -0.6328
vn 0.7569 0.3346 -0.5614
vn 0.7795 0.2413 -0.5781
vn 0.6908 0.5928 -0.4140
vn 0.6378 0.6687 -0.3822
vn 0.6721 0.6687 -0.3179
vn 0.7280 0.5928 -0.3444
vn 0.7765 0.4249 -0.4653
vn 0.7372 0.5112 -0.4418
vn 0.7769 0.5112 -0.3675
vn 0.8183 0.4249 -0.3871
vn 0.8324 0.2413 -0.4989
vn 0.8083 0.3346 -0.4844
vn 0.8519 0.3346 -0.4029
vn 0.8773 0.2413 -0.4150
vn 0.8530 0.1053 -0.5112
vn 0.8476 0.1536 -0.5080
vn 0.8933 0.1536 -0.4225
vn 0.8989 0.1053 -0.4252
vn 0.1275 0.9851 -0.1156
vn 0.0795 0.9959 -0.0425
vn 0.1670 0.9851 -0.0418
vn 0.2925 0.9399 -0.1763
vn 0.2161 0.9666 -0.1375
vn 0.2344 0.9666 -0.1033
vn 0.3091 0.9399 -0.1453
vn 0.4434 0.8560 -0.2658
vn 0.3691 0.9027 -0.2212
vn 0.3889 0.9027 -0.1840
vn 0.4673 0.8560 -0.2210
vn 0.5784 0.7384 -0.3467
vn 0.5135 0.8010 -0.3078
vn 0.5412 0.8010 -0.2560
vn 0.6096 0.7384 -0.2883
vn 0.1476 0.9851 -0.0885
vn 0.0862 0.9959 -0.0262
vn 0.1720 0.9851 -0.0084
vn 0.3213 0.9399 -0.1159
vn 0.2388 0.9666 -0.0927
vn 0.2500 0.9666 -0.0556
vn 0.3315 0.9399 -0.0822
vn 0.4867 0.8560 -0.1741
vn 0.4051 0.9027 -0.1449
vn 0.4174 0.9027 -0.1046
vn 0.5015 0.8560 -0.1256
vn 0.6349 0.7384 -0.2272
vn 0.5637 0.8010 -0.2017
vn 0.5807 0.8010 -0.1455
vn 0.6541 0.7384 -0.1639
vn 0.7583 0.5928 -0.2713
vn 0.7001 0.6687 -0.2505
vn 0.7212 0.6687 -0.1807
vn 0.7812 0.5928 -0.1957
vn 0.8523 0.4249 -0.3049
vn 0.8092 0.5112 -0.2895
vn 0.8337 0.5112 -0.2089
vn 0.8781 0.4249 -0.2200
vn 0.9137 0.2413 -0.3269
vn 0.8873 0.3346 -0.3174
vn 0.9141 0.3346 -0.2290
vn 0.9414 0.2413 -0.2358
vn 0.9363 0.1053 -0.3350
vn 0.9304 0.1536 -0.3329
vn 0.9585 0.1536 -0.2401
vn 0.9646 0.1053 -0.2417
vn 0.7966 0.5928 -0.1181
vn 0.7355 0.6687 -0.1091
vn 0.7426 0.6687 -0.0365
vn 0.8044 0.5928 -0.0395
vn 0.8954 0.4249 -0.1328
vn 0.8502 0.5112 -0.1261
vn 0.8584 0.5112 -0.0422
vn 0.9041 0.4249 -0.0445
vn 0.9600 0.2413 -0.1424
vn 0.9322 0.3346 -0.1382
vn 0.9412 0.3346 -0.0463
vn 0.9693 0.2413 -0.0477
vn 0.9837 0.1053 -0.1459
vn 0.9774 0.1536 -0.1450
vn 0.9869 0.1536 -0.0485
vn 0.9932 0.1053 -0.0488
vn 0.1621 0.9851 -0.0580
vn 0.0897 0.9959 -0.0088
vn 0.1703 0.9851 0.0253
vn 0.3377 0.9399 -0.0510
vn 0.2523 0.9666 -0.0443
vn 0.2561 0.9666 -0.0057
vn 0.3412 0.9399 -0.0159
vn 0.5114 0.8560 -0.0758
vn 0.4256 0.9027 -0.0631
vn 0.4297 0.9027 -0.0211
vn 0.5163 0.8560 -0.0254
vn 0.6670 0.7384 -0.0989
vn 0.5922 0.8010 -0.0878
vn 0.5979 0.8010 -0.0294
vn 0.6735 0.7384 -0.0331
vn 0.1703 0.9851 -0.0253
vn 0.0897 0.9959 0.0088
vn 0.1621 0.9851 0.0580
vn 0.3412 0.9399 0.0159
vn 0.2561 0.9666 0.0057
vn 0.2523 0.9666 0.0443
vn 0.3377 0.9399 0.0510
vn 0.5163 0.8560 0.0254
vn 0.4297 0.9027 0.0211
vn 0.4256 0.9027 0.0631
vn 0.5114 0.8560 0.0758
vn 0.6735 0.7384 0.0331
vn 0.5979 0.8010 0.0294
vn 0.5922 0.8010 0.0878
vn 0.6670 0.7384 0.0989
vn 0.8044 0.5928 0.0395
vn 0.7426 0.6687 0.0365
vn 0.7355 0.6687 0.1091
vn 0.7966 0.5928 0.1181
vn 0.9041 0.4249 0.0445
vn 0.8584 0.5112 0.0422
vn 0.8502 0.5112 0.1261
vn 0.8954 0.4249 0.1328
vn 0.9693 0.2413 0.0477
vn 0.9412 0.3346 0.0463
vn 0.9322 0.3346 0.1382
vn 0.9600 0.2413 0.1424
vn 0.9932 0.1053 0.0488
vn 0.9869 0.1536 0.0485
vn 0.9774 0.1536 0.1450
vn 0.9837 0.1053 0.1459
vn 0.8781 0.4249 0.2200
vn 0.8337 0.5112 0.2089
vn 0.8092 0.5112 0.2895
vn 0.8523 0.4249 0.3049
vn 0.9414 0.2413 0.2358
vn 0.9141 0.3346 0.2290
vn 0.8873 0.3346 0.3174
vn 0.9137 0.2413 0.3269
vn 0.9646 0.1053 0.2417
vn 0.9585 0.1536 0.2401
vn 0.9304 0.1536 0.3329
vn 0.9363 0.1053 0.3350
vn 0.1720 0.9851 0.0084
vn 0.0862 0.9959 0.0262
vn 0.1476 0.9851 0.0885
vn 0.3315 0.9399 0.0822
vn 0.2500 0.9666 0.0556
vn 0.2388 0.9666 0.0927
vn 0.3213 0.9399 0.1159
vn 0.5015 0.8560 0.1256
vn 0.4174 0.9027 0.1046
vn 0.4051 0.9027 0.1449
vn 0.4867 0.8560 0.1741
vn 0.6541 0.7384 0.1639
vn 0.5807 0.8010 0.1455
vn 0.5637 0.8010 0.2017
vn 0.6349 0.7384 0.2272
vn 0.7812 0.5928 0.1957
vn 0.7212 0.6687 0.1807
vn 0.7001 0.6687 0.2505
vn 0.7583 0.5928 0.2713
vn 0.3091 0.9399 0.1453
vn 0.2344 0.9666 0.1033
vn 0.2161 0.9666 0.1375
vn 0.2925 0.9399 0.1763
vn 0.4673 0.8560 0.2210
vn 0.3889 0.9027 0.1840
vn 0.3691 0.9027 0.2212
vn 0.4434 0.8560 0.2658
vn 0.6096 0.7384 0.2883
vn 0.5412 0.8010 0.2560
vn 0.5135 0.8010 0.3078
vn 0.5784 0.7384 0.3467
vn 0.7280 0.5928 0.3444
vn 0.6721 0.6687 0.3179
vn 0.6378 0.6687 0.3822
vn 0.6908 0.5928 0.4140
vn 0.8183 0.4249 0.3871
vn 0.7769 0.5112 0.3675
vn 0.7372 0.5112 0.4418
vn 0.7765 0.4249 0.4653
vn 0.8773 0.2413 0.4150
vn 0.8519 0.3346 0.4029
vn 0.8083 0.3346 0.4844
vn 0.8324 0.2413 0.4989
vn 0.8989 0.1053 0.4252
vn 0.8933 0.1536 0.4225
vn 0.8476 0.1536 0.5080
vn 0.8530 0.1053 0.5112
vn 0.1670 0.9851 0.0418
vn 0.0795 0.9959 0.0425
vn 0.1275 0.9851 0.1156
vn 0.7795 0.2413 0.5781
vn 0.7569 0.3346 0.5614
vn 0.6983 0.3346 0.6328
vn 0.7191 0.2413 0.6517
vn 0.7987 0.1053 0.5924
vn 0.7937 0.1536 0.5887
vn 0.7322 0.1536 0.6636
vn 0.7369 0.1053 0.6678
vn 0.1556 0.9851 0.0736
vn 0.0697 0.9959 0.0572
vn 0.1025 0.9851 0.1383
vn 0.2749 0.9399 0.2028
vn 0.2097 0.9666 0.1470
vn 0.1851 0.9666 0.1770
vn 0.2525 0.9399 0.2300
vn 0.4152 0.8560 0.3080
vn 0.3456 0.9027 0.2563
vn 0.3188 0.9027 0.2889
vn 0.3831 0.8560 0.3472
vn 0.5416 0.7384 0.4017
vn 0.4808 0.8010 0.3566
vn 0.4436 0.8010 0.4020
vn 0.4997 0.7384 0.4528
vn 0.6468 0.5928 0.4798
vn 0.5972 0.6687 0.4429
vn 0.5509 0.6687 0.4993
vn 0.5967 0.5928 0.5408
vn 0.7271 0.4249 0.5393
vn 0.6903 0.5112 0.5120
vn 0.6368 0.5112 0.5772
vn 0.6708 0.4249 0.6079
vn 0.3472 0.8560 0.3831
vn 0.2889 0.9027 0.3188
vn 0.2563 0.9027 0.3456
vn 0.3080 0.8560 0.4152
vn 0.4528 0.7384 0.4997
vn 0.4020 0.8010 0.4436
vn 0.3566 0.8010 0.4808
vn 0.4017 0.7384 0.5416
vn 0.5408 0.5928 0.5967
vn 0.4993 0.6687 0.5509
vn 0.4429 0.6687 0.5972
vn 0.4798 0.5928 0.6468
vn 0.6079 0.4249 0.6708
vn 0.5772 0.5112 0.6368
vn 0.5120 0.5112 0.6903
vn 0.5393 0.4249 0.7271
vn 0.6517 0.2413 0.7191
vn 0.6328 0.3346 0.6983
vn 0.5614 0.3346 0.7569
vn 0.5781 0.2413 0.7795
vn 0.6678 0.1053 0.7369
vn 0.6636 0.1536 0.7322
vn 0.5887 0.1536 0.7937
vn 0.5924 0.1053 0.7987
vn 0.1383 0.9851 0.1025
vn 0.0572 0.9959 0.0697
vn 0.0736 0.9851 0.1556
vn 0.2300 0.9399 0.2525
vn 0.1770 0.9666 0.1851
vn 0.1470 0.9666 0.2097
vn 0.2028 0.9399 0.2749
vn 0.4989 0.2413 0.8324
vn 0.4844 0.3346 0.8083
vn 0.4029 0.3346 0.8519
vn 0.4150 0.2413 0.8773
vn 0.5112 0.1053 0.8530
vn 0.5080 0.1536 0.8476
vn 0.4225 0.1536 0.8933
vn 0.4252 0.1053 0.8989
vn 0.1156 0.9851 0.1275
vn 0.0425 0.9959 0.0795
vn 0.0418 0.9851 0.1670
vn 0.1763 0.9399 0.2925
vn 0.1375 0.9666 0.2161
vn 0.1033 0.9666 0.2344
vn 0.1453 0.9399 0.3091
vn 0.2658 0.8560 0.4434
vn 0.2212 0.9027 0.3691
vn 0.1840 0.9027 0.3889
vn 0.2210 0.8560 0.4673
vn 0.3467 0.7384 0.5784
vn 0.3078 0.8010 0.5135
vn 0.2560 0.8010 0.5412
vn 0.2883 0.7384 0.6096
vn 0.4140 0.5928 0.6908
vn 0.3822 0.6687 0.6378
vn 0.3179 0.6687 0.6721
vn 0.3444 0.5928 0.7280
vn 0.4653 0.4249 0.7765
vn 0.4418 0.5112 0.7372
vn 0.3675 0.5112 0.7769
vn 0.3871 0.4249 0.8183
vn 0.2272 0.7384 0.6349
vn 0.2017 0.8010 0.5637
vn 0.1455 0.8010 0.5807
vn 0.1639 0.7384 0.6541
vn 0.2713 0.5928 0.7583
vn 0.2505 0.6687 0.7001
vn 0.1807 0.6687 0.7212
vn 0.1957 0.5928 0.7812
vn 0.3049 0.4249 0.8523
vn 0.2895 0.5112 0.8092
vn 0.2089 0.5112 0.8337
vn 0.2200 0.4249 0.8781
vn 0.3269 0.2413 0.9137
vn 0.3174 0.3346 0.8873
vn 0.2290 0.3346 0.9141
vn 0.2358 0.2413 0.9414
vn 0.3350 0.1053 0.9363
vn 0.3329 0.1536 0.9304
vn 0.2401 0.1536 0.9585
vn 0.2417 0.1053 0.9646
vn 0.0885 0.9851 0.1476
vn 0.0262 0.9959 0.0862
vn 0.0084 0.9851 0.1720
vn 0.1159 0.9399 0.3213
vn 0.0927 0.9666 0.2388
vn 0.0556 0.9666 0.2500
vn 0.0822 0.9399 0.3315
vn 0.1741 0.8560 0.4867
vn 0.1449 0.9027 0.4051
vn 0.1046 0.9027 0.4174
vn 0.1256 0.8560 0.5015
vn 0.1459 0.1053 0.9837
vn 0.1450 0.1536 0.9775
vn 0.0485 0.1536 0.9869
vn 0.0488 0.1053 0.9932
vn 0.0580 0.9851 0.1621
vn 0.0088 0.9959 0.0897
vn -0.0253 0.9851 0.1703
vn 0.0510 0.9399 0.3377
vn 0.0443 0.9666 0.2523
vn 0.0057 0.9666 0.2561
vn 0.0159 0.9399 0.3412
vn 0.0758 0.8560 0.5114
vn 0.0631 0.9027 0.4256
vn 0.0211 0.9027 0.4297
vn 0.0254 0.8560 0.5163
vn 0.0989 0.7384 0.6670
vn 0.0878 0.8010 0.5922
vn 0.0294 0.8010 0.5979
vn 0.0331 0.7384 0.6735
vn 0.1181 0.5928 0.7966
vn 0.1091 0.6687 0.7355
vn 0.0365 0.6687 0.7426
vn 0.0395 0.5928 0.8044
vn 0.1328 0.4249 0.8954
vn 0.1261 0.5112 0.8502
vn 0.0422 0.5112 0.8584
vn 0.0445 0.4249 0.9041
vn 0.1424 0.2413 0.9600
vn 0.1382 0.3346 0.9322
vn 0.0463 0.3346 0.9412
vn 0.0477 0.2413 0.9693
vn -0.0331 0.7384 0.6735
vn -0.0294 0.8010 0.5979
vn -0.0878 0.8010 0.5922
vn -0.0989 0.7384 0.6670
vn -0.0395 0.5928 0.8044
vn -0.0365 0.6687 0.7426
vn -0.1091 0.6687 0.7355
vn -0.1181 0.5928 0.7966
vn -0.0445 0.4249 0.9041
vn -0.0422 0.5112 0.8584
vn -0.1261 0.5112 0.8502
vn -0.1328 0.4249 0.8954
vn -0.0477 0.2413 0.9693
vn -0.0463 0.3346 0.9412
vn -0.1382 0.3346 0.9322
vn -0.1424 0.2413 0.9600
vn -0.0488 0.1053 0.9932
vn -0.0485 0.1536 0.9869
vn -0.1450 0.1536 0.9774
vn -0.1459 0.1053 0.9837
vn 0.0253 0.9851 0.1703
vn -0.0088 0.9959 0.0897
vn -0.0580 0.9851 0.1621
vn -0.0159 0.9399 0.3412
vn -0.0057 0.9666 0.2561
vn -0.0443 0.9666 0.2523
vn -0.0510 0.9399 0.3377
vn -0.0254 0.8560 0.5163
vn -0.0211 0.9027 0.4297
vn -0.0631 0.9027 0.4256
vn -0.0758 0.8560 0.5114
vn -0.2417 0.1053 0.9646
vn -0.2401 0.1536 0.9585
vn -0.3329 0.1536 0.9304
vn -0.3350 0.1053 0.9363
vn -0.0084 0.9851 0.1720
vn -0.0262 0.9959 0.0862
vn -0.0885 0.9851 0.1476
vn -0.0822 0.9399 0.3315
vn -0.0556 0.9666 0.2500
vn -0.0927 0.9666 0.2388
vn -0.1159 0.9399 0.3213
vn -0.1256 0.8560 0.5015
vn -0.1046 0.9027 0.4174
vn -0.1449 0.9027 0.4051
vn -0.1741 0.8560 0.4867
vn -0.1639 0.7384 0.6541
vn -0.1455 0.8010 0.5807
vn -0.2017 0.8010 0.5637
vn -0.2272 0.7384 0.6349
vn -0.1957 0.5928 0.7812
vn -0.1807 0.6687 0.7212
vn -0.2505 0.6687 0.7001
vn -0.2713 0.5928 0.7583
vn -0.2200 0.4249 0.8781
vn -0.2089 0.5112 0.8337
vn -0.2895 0.5112 0.8092
vn -0.3049 0.4249 0.8523
vn -0.2358 0.2413 0.9414
vn -0.2290 0.3346 0.9141
vn -0.3174 0.3346 0.8873
vn -0.3269 0.2413 0.9137
vn -0.3444 0.5928 0.7280
vn -0.3179 0.6687 0.6721
vn -0.3822 0.6687 0.6378
vn -0.4140 0.5928 0.6908
vn -0.3871 0.4249 0.8183
vn -0.3675 0.5112 0.7769
vn -0.4418 0.5112 0.7372
vn -0.4653 0.4249 0.7765
vn -0.4150 0.2413 0.8773
vn -0.4029 0.3346 0.8519
vn -0.4844 0.3346 0.8083
vn -0.4989 0.2413 0.8324
vn -0.4252 0.1053 0.8989
vn -0.4225 0.1536 0.8933
vn -0.5080 0.1536 0.8476
vn -0.5112 0.1053 0.8530
vn -0.0418 0.9851 0.1670
vn -0.0425 0.9959 0.0795
vn -0.1156 0.9851 0.1275
vn -0.1453 0.9399 0.3091
vn -0.1033 0.9666 0.2344
vn -0.1375 0.9666 0.2161
vn -0.1763 0.9399 0.2925
vn -0.2210 0.8560 0.4673
vn -0.1840 0.9027 0.3889
vn -0.2212 0.9027 0.3691
vn -0.2658 0.8560 0.4434
vn -0.2883 0.7384 0.6096
vn -0.2560 0.8010 0.5412
vn -0.3078 0.8010 0.5135
vn -0.3467 0.7384 0.5784
vn -0.0736 0.9851 0.1556
vn -0.0572 0.9959 0.0697
vn -0.1383 0.9851 0.1025
vn -0.2028 0.9399 0.2749
vn -0.1470 0.9666 0.2097
vn -0.1770 0.9666 0.1851
vn -0.2300 0.9399 0.2525
vn -0.3080 0.8560 0.4152
vn -0.2563 0.9027 0.3456
vn -0.2889 0.9027 0.3188
vn -0.3472 0.8560 0.3831
vn -0.4017 0.7384 0.5416
vn -0.3566 0.8010 0.4808
vn -0.4020 0.8010 0.4436
vn -0.4528 0.7384 0.4997
vn -0.4798 0.5928 0.6468
vn -0.4429 0.6687 0.5972
vn -0.4993 0.6687 0.5509
vn -0.5408 0.5928 0.5967
vn -0.5393 0.4249 0.7271
vn -0.5120 0.5112 0.6903
vn -0.5772 0.5112 0.6368
vn -0.6079 0.4249 0.6708
vn -0.5781 0.2413 0.7795
vn -0.5614 0.3346 0.7569
vn -0.6328 0.3346 0.6983
vn -0.6517 0.2413 0.7191
vn -0.5924 0.1053 0.7987
vn -0.5887 0.1536 0.7937
vn -0.6636 0.1536 0.7322
vn -0.6678 0.1053 0.7369
vn -0.6708 0.4249 0.6079
vn -0.6368 0.5112 0.5772
vn -0.6903 0.5112 0.5120
vn -0.7271 0.4249 0.5393
vn -0.7191 0.2413 0.6517
vn -0.6983 0.3346 0.6328
vn -0.7569 0.3346 0.5614
vn -0.7795 0.2413 0.5781
vn -0.7369 0.1053 0.6678
vn -0.7322 0.1536 0.6636
vn -0.7937 0.1536 0.5887
vn -0.7987 0.1053 0.5924
vn -0.1025 0.9851 0.1383
vn -0.0697 0.9959 0.0572
vn -0.1556 0.9851 0.0736
vn -0.2525 0.9399 0.2300
vn -0.1851 0.9666 0.1770
vn -0.2097 0.9666 0.1470
vn -0.2749 0.9399 0.2028
vn -0.3831 0.8560 0.3472
vn -0.3188 0.9027 0.2889
vn -0.3456 0.9027 0.2563
vn -0.4152 0.8560 0.3080
vn -0.4997 0.7384 0.4528
vn -0.4436 0.8010 0.4020
vn -0.4808 0.8010 0.3566
vn -0.5416 0.7384 0.4017
vn -0.5967 0.5928 0.5408
vn -0.5509 0.6687 0.4993
vn -0.5972 0.6687 0.4429
vn -0.6468 0.5928 0.4798
vn -0.1275 0.9851 0.1156
vn -0.0795 0.9959 0.0425
vn -0.1670 0.9851 0.0418
vn -0.2925 0.9399 0.1763
vn -0.2161 0.9666 0.1375
vn -0.2344 0.9666 0.1033
vn -0.3091 0.9399 0.1453
vn -0.4434 0.8560 0.2658
vn -0.3691 0.9027 0.2212
vn -0.3889 0.9027 0.1840
vn -0.4673 0.8560 0.2210
vn -0.5784 0.7384 0.3467
vn -0.5135 0.8010 0.3078
vn -0.5412 0.8010 0.2560
vn -0.6096 0.7384 0.2883
vn -0.6908 0.5928 0.4140
vn -0.6378 0.6687 0.3822
vn -0.6721 0.6687 0.3179
vn -0.7280 0.5928 0.3444
vn -0.7765 0.4249 0.4653
vn -0.7372 0.5112 0.4418
vn -0.7769 0.5112 0.3675
vn -0.8183 0.4249 0.3871
vn -0.8324 0.2413 0.4989
vn -0.8083 0.3346 0.4844
vn -0.8519 0.3346 0.4029
vn -0.8773 0.2413 0.4150
vn -0.8530 0.1053 0.5112
vn -0.8476 0.1536 0.5080
vn -0.8933 0.1536 0.4225
vn -0.8989 0.1053 0.4252
vn -0.8523 0.4249 0.3049
vn -0.8092 0.5112 0.2895
vn -0.8337 0.5112 0.2089
vn -0.8781 0.4249 0.2200
vn -0.9137 0.2413 0.3269
vn -0.8873 0.3346 0.3174
vn -0.9141 0.3346 0.2290
vn -0.9414 0.2413 0.2358
vn -0.9363 0.1053 0.3350
vn -0.9304 0.1536 0.3329
vn -0.9585 0.1536 0.2401
vn -0.9646 0.1053 0.2417
vn -0.1476 0.9851 0.0885
vn -0.0862 0.9959 0.0262
vn -0.1720 0.9851 0.0084
vn -0.3213 0.9399 0.1159
vn -0.2388 0.9666 0.0927
vn -0.2500 0.9666 0.0556
vn -0.3315 0.9399 0.0822
vn -0.4867 0.8560 0.1741
vn -0.4051 0.9027 0.1449
vn -0.4174 0.9027 0.1046
vn -0.5015 0.8560 0.1256
vn -0.6349 0.7384 0.2272
vn -0.5637 0.8010 0.2017
vn -0.5807 0.8010 0.1455
vn -0.6541 0.7384 0.1639
vn -0.7583 0.5928 0.2713
vn -0.7001 0.6687 0.2505
vn -0.7212 0.6687 0.1807
vn -0.7812 0.5928 0.1957
vn -0.5114 0.8560 0.0758
vn -0.4256 0.9027 0.0631
vn -0.4297 0.9027 0.0211
vn -0.5163 0.8560 0.0254
vn -0.6670 0.7384 0.0989
vn -0.5922 0.8010 0.0878
vn -0.5979 0.8010 0.0294
vn -0.6735 0.7384 0.0331
vn -0.7966 0.5928 0.1181
vn -0.7355 0.6687 0.1091
vn -0.7426 0.6687 0.0365
vn -0.8044 0.5928 0.0395
vn -0.8954 0.4249 0.1328
vn -0.8502 0.5112 0.1261
vn -0.8584 0.5112 0.0422
vn -0.9041 0.4249 0.0445
vn -0.9600 0.2413 0.1424
vn -0.9322 0.3346 0.1382
vn -0.9412 0.3346 0.0463
vn -0.9693 0.2413 0.0477
vn -0.9837 0.1053 0.1459
vn -0.9775 0.1536 0.1450
vn -0.9869 0.1536 0.0485
vn -0.9932 0.1053 0.0488
vn -0.1621 0.9851 0.0580
vn -0.0897 0.9959 0.0088
vn -0.1703 0.9851 -0.0253
vn -0.3377 0.9399 0.0510
vn -0.2523 0.9666 0.0443
vn -0.2561 0.9666 0.0057
vn -0.3412 0.9399 0.0159
vn -0.9693 0.2413 -0.0477
vn -0.9412 0.3346 -0.0463
vn -0.9322 0.3346 -0.1382
vn -0.9600 0.2413 -0.1424
vn -0.9932 0.1053 -0.0488
vn -0.9869 0.1536 -0.0485
vn -0.9774 0.1536 -0.1450
vn -0.9837 0.1053 -0.1459
vn -0.1703 0.9851 0.0253
vn -0.0897 0.9959 -0.0088
vn -0.1621 0.9851 -0.0580
vn -0.3412 0.9399 -0.0159
vn -0.2561 0.9666 -0.0057
vn -0.2523 0.9666 -0.0443
vn -0.3377 0.9399 -0.0510
vn -0.5163 0.8560 -0.0254
vn -0.4297 0.9027 -0.0211
vn -0.4256 0.9027 -0.0631
vn -0.5114 0.8560 -0.0758
vn -0.6735 0.7384 -0.0331
vn -0.5979 0.8010 -0.0294
vn -0.5922 0.8010 -0.0878
vn -0.6670 0.7384 -0.0989
vn -0.8044 0.5928 -0.0395
vn -0.7426 0.6687 -0.0365
vn -0.7355 0.6687 -0.1091
vn -0.7966 0.5928 -0.1181
vn -0.9041 0.4249 -0.0445
vn -0.8584 0.5112 -0.0422
vn -0.8502 0.5112 -0.1261
vn -0.8954 0.4249 -0.1328
vn -0.5015 0.8560 -0.1256
vn -0.4174 0.9027 -0.1046
vn -0.4051 0.9027 -0.1449
vn -0.4867 0.8560 -0.1741
vn -0.6541 0.7384 -0.1639
vn -0.5807 0.8010 -0.1455
vn -0.5637 0.8010 -0.2017
vn -0.6349 0.7384 -0.2272
vn -0.7812 0.5928 -0.1957
vn -0.7212 0.6687 -0.1807
vn -0.7001 0.6687 -0.2505
vn -0.7583 0.5928 -0.2713
vn -0.8781 0.4249 -0.2200
vn -0.8337 0.5112 -0.2089
vn -0.8092 0.5112 -0.2895
vn -0.8523 0.4249 -0.3049
vn -0.9414 0.2413 -0.2358
vn -0.9141 0.3346 -0.2290
vn -0.8873 0.3346 -0.3174
vn -0.9137 0.2413 -0.3269
vn -0.9646 0.1053 -0.2417
vn -0.9585 0.1536 -0.2401
vn -0.9304 0.1536 -0.3329
vn -0.9363 0.1053 -0.3350
vn -0.1720 0.9851 -0.0084
vn -0.0862 0.9959 -0.0262
vn -0.1476 0.9851 -0.0885
vn -0.3315 0.9399 -0.0822
vn -0.2500 0.9666 -0.0556
vn -0.2388 0.9666 -0.0927
vn -0.3213 0.9399 -0.1159
vn -0.8773 0.2413 -0.4150
vn -0.8519 0.3346 -0.4029
vn -0.8083 0.3346 -0.4844
vn -0.8324 0.2413 -0.4989
vn -0.8989 0.1053 -0.4252
vn -0.8933 0.1536 -0.4225
vn -0.8476 0.1536 -0.5080
vn -0.8530 0.1053 -0.5112
vn -0.1670 0.9851 -0.0418
vn -0.0795 0.9959 -0.0425
vn -0.1275 0.9851 -0.1156
vn -0.3091 0.9399 -0.1453
vn -0.2344 0.9666 -0.1033
vn -0.2161 0.9666 -0.1375
vn -0.2925 0.9399 -0.1763
vn -0.4673 0.8560 -0.2210
vn -0.3889 0.9027 -0.1840
vn -0.3691 0.9027 -0.2212
vn -0.4434 0.8560 -0.2658
vn -0.6096 0.7384 -0.2883
vn -0.5412 0.8010 -0.2560
vn -0.5135 0.8010 -0.3078
vn -0.5784 0.7384 -0.3467
vn -0.7280 0.5928 -0.3444
vn -0.6721 0.6687 -0.3179
vn -0.6378 0.6687 -0.3822
vn -0.6908 0.5928 -0.4140
vn -0.8183 0.4249 -0.3871
vn -0.7769 0.5112 -0.3675
vn -0.7372 0.5112 -0.4418
vn -0.7765 0.4249 -0.4653
vn -0.5416 0.7384 -0.4017
vn -0.4808 0.8010 -0.3566
vn -0.4436 0.8010 -0.4020
vn -0.4997 0.7384 -0.4528
vn -0.6468 0.5928 -0.4798
vn -0.5972 0.6687 -0.4429
vn -0.5509 0.6687 -0.4993
vn -0.5967 0.5928 -0.5408
vn -0.7271 0.4249 -0.5393
vn -0.6903 0.5112 -0.5120
vn -0.6368 0.5112 -0.5772
vn -0.6708 0.4249 -0.6079
vn -0.7795 0.2413 -0.5781
vn -0.7569 0.3346 -0.5614
vn -0.6983 0.3346 -0.6328
vn -0.7191 0.2413 -0.6517
vn -0.7987 0.1053 -0.5924
vn -0.7937 0.1536 -0.5887
vn -0.7322 0.1536 -0.6636
vn -0.7369 0.1053 -0.6678
vn -0.1556 0.9851 -0.0736
vn -0.0697 0.9959 -0.0572
vn -0.1025 0.9851 -0.1383
vn -0.2749 0.9399 -0.2028
vn -0.2097 0.9666 -0.1470
vn -0.1851 0.9666 -0.1770
vn -0.2525 0.9399 -0.2300
vn -0.4152 0.8560 -0.3080
vn -0.3456 0.9027 -0.2563
vn -0.3188 0.9027 -0.2889
vn -0.3831 0.8560 -0.3472
vn -0.6678 0.1053 -0.7369
vn -0.6636 0.1536 -0.7322
vn -0.5887 0.1536 -0.7937
vn -0.5924 0.1053 -0.7987
vn -0.1383 0.9851 -0.1025
vn -0.0572 0.9959 -0.0697
vn -0.0736 0.9851 -0.1556
vn -0.2300 0.9399 -0.2525
vn -0.1770 0.9666 -0.1851
vn -0.1470 0.9666 -0.2097
vn -0.2028 0.9399 -0.2749
vn -0.3472 0.8560 -0.3831
vn -0.2889 0.9027 -0.3188
vn -0.2563 0.9027 -0.3456
vn -0.3080 0.8560 -0.4152
vn -0.4528 0.7384 -0.4997
vn -0.4020 0.8010 -0.4436
vn -0.3566 0.8010 -0.4808
vn -0.4017 0.7384 -0.5416
vn -0.5408 0.5928 -0.5967
vn -0.4993 0.6687 -0.5509
vn -0.4429 0.6687 -0.5972
vn -0.4798 0.5928 -0.6468
vn -0.6079 0.4249 -0.6708
vn -0.5772 0.5112 -0.6368
vn -0.5120 0.5112 -0.6903
vn -0.5393 0.4249 -0.7271
vn -0.6517 0.2413 -0.7191
vn -0.6328 0.3346 -0.6983
vn -0.5614 0.3346 -0.7569
vn -0.5781 0.2413 -0.7795
vn -0.4140 0.5928 -0.6908
vn -0.3822 0.6687 -0.6378
vn -0.3179 0.6687 -0.6721
vn -0.3444 0.5928 -0.7280
vn -0.4653 0.4249 -0.7765
vn -0.4418 0.5112 -0.7372
vn -0.3675 0.5112 -0.7769
vn -0.3871 0.4249 -0.8183
vn -0.4989 0.2413 -0.8324
vn -0.4844 0.3346 -0.8083
vn -0.4029 0.3346 -0.8519
vn -0.4150 0.2413 -0.8773
vn -0.5112 0.1053 -0.8530
vn -0.5080 0.1536 -0.8476
vn -0.4225 0.1536 -0.8933
vn -0.4252 0.1053 -0.8989
vn -0.1156 0.9851 -0.1275
vn -0.0425 0.9959 -0.0795
vn -0.0418 0.9851 -0.1670
vn -0.1763 0.9399 -0.2925
vn -0.1375 0.9666 -0.2161
vn -0.1033 0.9666 -0.2344
vn -0.1453 0.9399 -0.3091
vn -0.2658 0.8560 -0.4434
vn -0.2212 0.9027 -0.3691
vn -0.1840 0.9027 -0.3889
vn -0.2210 0.8560 -0.4673
vn -0.3467 0.7384 -0.5784
vn -0.3078 0.8010 -0.5135
vn -0.2560 0.8010 -0.5412
vn -0.2883 0.7384 -0.6096
vn -0.0885 0.9851 -0.1476
vn -0.0262 0.9959 -0.0862
vn -0.0084 0.9851 -0.1720
vn -0.1159 0.9399 -0.3213
vn -0.0927 0.9666 -0.2388
vn -0.0556 0.9666 -0.2500
vn -0.0822 0.9399 -0.3315
vn -0.1741 0.8560 -0.4867
vn -0.1449 0.9027 -0.4051
vn -0.1046 0.9027 -0.4174
vn -0.1256 0.8560 -0.5015
vn -0.2272 0.7384 -0.6349
vn -0.2017 0.8010 -0.5637
vn -0.1455 0.8010 -0.5807
vn -0.1639 0.7384 -0.6541
vn -0.2713 0.5928 -0.7583
vn -0.2505 0.6687 -0.7001
vn -0.1807 0.6687 -0.7212
vn -0.1957 0.5928 -0.7812
vn -0.3049 0.4249 -0.8523
vn -0.2895 0.5112 -0.8092
vn -0.2089 0.5112 -0.8337
vn -0.2200 0.4249 -0.8781
vn -0.3269 0.2413 -0.9137
vn -0.3174 0.3346 -0.8873
vn -0.2290 0.3346 -0.9141
vn -0.2358 0.2413 -0.9414
vn -0.3350 0.1053 -0.9363
vn -0.3329 0.1536 -0.9304
vn -0.2401 0.1536 -0.9585
vn -0.2417 0.1053 -0.9646
vn -0.1181 0.5928 -0.7966
vn -0.1091 0.6687 -0.7355
vn -0.0365 0.6687 -0.7426
vn -0.0396 0.5928 -0.8044
vn -0.1328 0.4249 -0.8954
vn -0.1261 0.5112 -0.8502
vn -0.0422 0.5112 -0.8584
vn -0.0445 0.4249 -0.9041
vn -0.1424 0.2413 -0.9600
vn -0.1382 0.3346 -0.9322
vn -0.0463 0.3346 -0.9412
vn -0.0477 0.2413 -0.9693
vn -0.1459 0.1053 -0.9837
vn -0.1450 0.1536 -0.9775
vn -0.0485 0.1536 -0.9869
vn -0.0488 0.1053 -0.9932
vn -0.0580 0.9851 -0.1621
vn -0.0088 0.9959 -0.0897
vn 0.0253 0.9851 -0.1703
vn -0.0510 0.9399 -0.3377
vn -0.0443 0.9666 -0.2523
vn -0.0057 0.9666 -0.2561
vn -0.0159 0.9399 -0.3412
vn -0.0758 0.8560 -0.5114
vn -0.0631 0.9027 -0.4256
vn -0.0211 0.9027 -0.4297
vn -0.0254 0.8560 -0.5163
vn -0.0989 0.7384 -0.6670
vn -0.0878 0.8010 -0.5922
vn -0.0294 0.8010 -0.5979
vn -0.0331 0.7384 -0.6735
vt 0.750000 0.625000
vt 0.750000 0.656250
vt 0.734375 0.656250
vt 0.734375 0.625000
vt 0.750000 0.687500
vt 0.734375 0.687500
vt 0.718750 0.687500
vt 0.718750 0.656250
vt 0.718750 0.625000
vt 0.750000 0.718750
vt 0.734375 0.718750
vt 0.750000 0.750000
vt 0.734375 0.750000
vt 0.718750 0.750000
vt 0.718750 0.718750
vt 0.750000 0.781250
vt 0.734375 0.781250
vt 0.750000 0.812500
vt 0.734375 0.812500
vt 0.718750 0.812500
vt 0.718750 0.781250
vt 0.750000 0.843750
vt 0.734375 0.843750
vt 0.750000 0.875000
vt 0.734375 0.875000
vt 0.718750 0.875000
vt 0.718750 0.843750
vt 0.750000 0.906105
vt 0.734375 0.905961
vt 0.750000 0.937500
vt 0.734375 0.935185
vt 0.718750 0.937500
vt 0.718750 0.906105
vt 0.742188 0.968750
vt 0.734375 0.957899
vt 0.734375 1.000000
vt 0.726563 0.968750
vt 0.750000 0.500000
vt 0.750000 0.531250
vt 0.734375 0.531250
vt 0.734375 0.500000
vt 0.750000 0.562500
vt 0.734375 0.562500
vt 0.718750 0.562500
vt 0.718750 0.531250
vt 0.718750 0.500000
vt 0.750000 0.593750
vt 0.734375 0.593750
vt 0.718750 0.593750
vt 0.703125 0.718750
vt 0.703125 0.687500
vt 0.703125 0.750000
vt 0.687500 0.750000
vt 0.687500 0.718750
vt 0.687500 0.687500
vt 0.703125 0.656250
vt 0.703125 0.625000
vt 0.687500 0.656250
vt 0.687500 0.625000
vt 0.703125 0.593750
vt 0.703125 0.562500
vt 0.687500 0.593750
vt 0.687500 0.562500
vt 0.703125 0.531250
vt 0.703125 0.500000
vt 0.687500 0.531250
vt 0.687500 0.500000
vt 0.710938 0.968750
vt 0.703125 0.957899
vt 0.703125 0.935185
vt 0.703125 1.000000
vt 0.695313 0.968750
vt 0.687500 0.937500
vt 0.703125 0.843750
vt 0.703125 0.812500
vt 0.703125 0.875000
vt 0.687500 0.875000
vt 0.687500 0.843750
vt 0.687500 0.812500
vt 0.703125 0.905961
vt 0.687500 0.906105
vt 0.703125 0.781250
vt 0.687500 0.781250
vt 0.671875 0.531250
vt 0.671875 0.500000
vt 0.671875 0.562500
vt 0.656250 0.562500
vt 0.656250 0.531250
vt 0.656250 0.500000
vt 0.679688 0.968750
vt 0.671875 0.957899
vt 0.671875 0.935185
vt 0.671875 1.000000
vt 0.664063 0.968750
vt 0.656250 0.937500
vt 0.671875 0.905961
vt 0.671875 0.875000
vt 0.656250 0.906105
vt 0.656250 0.875000
vt 0.671875 0.843750
vt 0.671875 0.812500
vt 0.656250 0.843750
vt 0.656250 0.812500
vt 0.671875 0.781250
vt 0.671875 0.750000
vt 0.656250 0.781250
vt 0.656250 0.750000
vt 0.671875 0.718750
vt 0.671875 0.687500
vt 0.656250 0.718750
vt 0.656250 0.687500
vt 0.671875 0.656250
vt 0.671875 0.625000
vt 0.656250 0.656250
vt 0.656250 0.625000
vt 0.671875 0.593750
vt 0.656250 0.593750
vt 0.640625 0.781250
vt 0.640625 0.750000
vt 0.640625 0.812500
vt 0.625000 0.812500
vt 0.625000 0.781250
vt 0.625000 0.750000
vt 0.640625 0.718750
vt 0.640625 0.687500
vt 0.625000 0.718750
vt 0.625000 0.687500
vt 0.640625 0.656250
vt 0.640625 0.625000
vt 0.625000 0.656250
vt 0.625000 0.625000
vt 0.640625 0.593750
vt 0.640625 0.562500
vt 0.625000 0.593750
vt 0.625000 0.562500
vt 0.640625 0.531250
vt 0.640625 0.500000
vt 0.625000 0.531250
vt 0.625000 0.500000
vt 0.648438 0.968750
vt 0.640625 0.957899
vt 0.640625 0.935185
vt 0.640625 1.000000
vt 0.632813 0.968750
vt 0.625000 0.937500
vt 0.640625 0.905961
vt 0.640625 0.875000
vt 0.625000 0.906105
vt 0.625000 0.875000
vt 0.640625 0.843750
vt 0.625000 0.843750
vt 0.609375 0.531250
vt 0.609375 0.500000
vt 0.609375 0.562500
vt 0.593750 0.562500
vt 0.593750 0.531250
vt 0.593750 0.500000
vt 0.617188 0.968750
vt 0.609375 0.957899
vt 0.609375 0.935185
vt 0.609375 1.000000
vt 0.601563 0.968750
vt 0.593750 0.937500
vt 0.609375 0.905961
vt 0.609375 0.875000
vt 0.593750 0.906105
vt 0.593750 0.875000
vt 0.609375 0.843750
vt 0.609375 0.812500
vt 0.593750 0.843750
vt 0.593750 0.812500
vt 0.609375 0.781250
vt 0.609375 0.750000
vt 0.593750 0.781250
vt 0.593750 0.750000
vt 0.609375 0.718750
vt 0.609375 0.687500
vt 0.593750 0.718750
vt 0.593750 0.687500
vt 0.609375 0.656250
vt 0.609375 0.625000
vt 0.593750 0.656250
vt 0.593750 0.625000
vt 0.609375 0.593750
vt 0.593750 0.593750
vt 0.578125 0.718750
vt 0.578125 0.687500
vt 0.578125 0.750000
vt 0.562500 0.750000
vt 0.562500 0.718750
vt 0.562500 0.687500
vt 0.578125 0.656250
vt 0.578125 0.625000
vt 0.562500 0.656250
vt 0.562500 0.625000
vt 0.578125 0.593750
vt 0.578125 0.562500
vt 0.562500 0.593750
vt 0.562500 0.562500
vt 0.578125 0.531250
vt 0.578125 0.500000
vt 0.562500 0.531250
vt 0.562500 0.500000
vt 0.585938 0.968750
vt 0.578125 0.957899
vt 0.578125 0.935185
vt 0.578125 1.000000
vt 0.570313 0.968750
vt 0.562500 0.937500
vt 0.578125 0.905961
vt 0.578125 0.875000
vt 0.562500 0.906105
vt 0.562500 0.875000
vt 0.578125 0.843750
vt 0.578125 0.812500
vt 0.562500 0.843750
vt 0.562500 0.812500
vt 0.578125 0.781250
vt 0.562500 0.781250
vt 0.554688 0.968750
vt 0.546875 0.957899
vt 0.546875 0.935185
vt 0.546875 1.000000
vt 0.539063 0.968750
vt 0.531250 0.937500
vt 0.546875 0.905961
vt 0.546875 0.875000
vt 0.531250 0.906105
vt 0.531250 0.875000
vt 0.546875 0.843750
vt 0.546875 0.812500
vt 0.531250 0.843750
vt 0.531250 0.812500
vt 0.546875 0.781250
vt 0.546875 0.750000
vt 0.531250 0.781250
vt 0.531250 0.750000
vt 0.546875 0.718750
vt 0.546875 0.687500
vt 0.531250 0.718750
vt 0.531250 0.687500
vt 0.546875 0.656250
vt 0.546875 0.625000
vt 0.531250 0.656250
vt 0.531250 0.625000
vt 0.546875 0.593750
vt 0.546875 0.562500
vt 0.531250 0.593750
vt 0.531250 0.562500
vt 0.546875 0.531250
vt 0.546875 0.500000
vt 0.531250 0.531250
vt 0.531250 0.500000
vt 0.515625 0.718750
vt 0.515625 0.687500
vt 0.515625 0.750000
vt 0.500000 0.750000
vt 0.500000 0.718750
vt 0.500000 0.687500
vt 0.515625 0.656250
vt 0.515625 0.625000
vt 0.500000 0.656250
vt 0.500000 0.625000
vt 0.515625 0.593750
vt 0.515625 0.562500
vt 0.500000 0.593750
vt 0.500000 0.562500
vt 0.515625 0.531250
vt 0.515625 0.500000
vt 0.500000 0.531250
vt 0.500000 0.500000
vt 0.523438 0.968750
vt 0.515625 0.957899
vt 0.515625 0.935185
vt 0.515625 1.000000
vt 0.507813 0.968750
vt 0.500000 0.937500
vt 0.515625 0.905961
vt 0.515625 0.875000
vt 0.500000 0.906105
vt 0.500000 0.875000
vt 0.515625 0.843750
vt 0.515625 0.812500
vt 0.500000 0.843750
vt 0.500000 0.812500
vt 0.515625 0.781250
vt 0.500000 0.781250
vt 0.492188 0.968750
vt 0.484375 0.957899
vt 0.484375 0.935185
vt 0.484375 1.000000
vt 0.476563 0.968750
vt 0.468750 0.937500
vt 0.484375 0.905961
vt 0.484375 0.875000
vt 0.468750 0.906105
vt 0.468750 0.875000
vt 0.484375 0.843750
vt 0.484375 0.812500
vt 0.468750 0.843750
vt 0.468750 0.812500
vt 0.484375 0.781250
vt 0.484375 0.750000
vt 0.468750 0.781250
vt 0.468750 0.750000
vt 0.484375 0.718750
vt 0.484375 0.687500
vt 0.468750 0.718750
vt 0.468750 0.687500
vt 0.484375 0.656250
vt 0.484375 0.625000
vt 0.468750 0.656250
vt 0.468750 0.625000
vt 0.484375 0.593750
vt 0.484375 0.562500
vt 0.468750 0.593750
vt 0.468750 0.562500
vt 0.484375 0.531250
vt 0.484375 0.500000
vt 0.468750 0.531250
vt 0.468750 0.500000
vt 0.453125 0.656250
vt 0.453125 0.625000
vt 0.453125 0.687500
vt 0.437500 0.687500
vt 0.437500 0.656250
vt 0.437500 0.625000
vt 0.453125 0.593750
vt 0.453125 0.562500
vt 0.437500 0.593750
vt 0.437500 0.562500
vt 0.453125 0.531250
vt 0.453125 0.500000
vt 0.437500 0.531250
vt 0.437500 0.500000
vt 0.460938 0.968750
vt 0.453125 0.957899
vt 0.453125 0.935185
vt 0.453125 1.000000
vt 0.445313 0.968750
vt 0.437500 0.937500
vt 0.453125 0.905961
vt 0.453125 0.875000
vt 0.437500 0.906105
vt 0.437500 0.875000
vt 0.453125 0.843750
vt 0.453125 0.812500
vt 0.437500 0.843750
vt 0.437500 0.812500
vt 0.453125 0.781250
vt 0.453125 0.750000
vt 0.437500 0.781250
vt 0.437500 0.750000
vt 0.453125 0.718750
vt 0.437500 0.718750
vt 0.421875 0.905961
vt 0.421875 0.875000
vt 0.421875 0.935185
vt 0.406250 0.937500
vt 0.406250 0.906105
vt 0.406250 0.875000
vt 0.421875 0.843750
vt 0.421875 0.812500
vt 0.406250 0.843750
vt 0.406250 0.812500
vt 0.421875 0.781250
vt 0.421875 0.750000
vt 0.406250 0.781250
vt 0.406250 0.750000
vt 0.421875 0.718750
vt 0.421875 0.687500
vt 0.406250 0.718750
vt 0.406250 0.687500
vt 0.421875 0.656250
vt 0.421875 0.625000
vt 0.406250 0.656250
vt 0.406250 0.625000
vt 0.421875 0.593750
vt 0.421875 0.562500
vt 0.406250 0.593750
vt 0.406250 0.562500
vt 0.421875 0.531250
vt 0.421875 0.500000
vt 0.406250 0.531250
vt 0.406250 0.500000
vt 0.429688 0.968750
vt 0.421875 0.957899
vt 0.421875 1.000000
vt 0.414063 0.968750
vt 0.390625 0.593750
vt 0.390625 0.562500
vt 0.390625 0.625000
vt 0.375000 0.625000
vt 0.375000 0.593750
vt 0.375000 0.562500
vt 0.390625 0.531250
vt 0.390625 0.500000
vt 0.375000 0.531250
vt 0.375000 0.500000
vt 0.398438 0.968750
vt 0.390625 0.957899
vt 0.390625 0.935185
vt 0.390625 1.000000
vt 0.382813 0.968750
vt 0.375000 0.937500
vt 0.390625 0.905961
vt 0.390625 0.875000
vt 0.375000 0.906105
vt 0.375000 0.875000
vt 0.390625 0.843750
vt 0.390625 0.812500
vt 0.375000 0.843750
vt 0.375000 0.812500
vt 0.390625 0.781250
vt 0.390625 0.750000
vt 0.375000 0.781250
vt 0.375000 0.750000
vt 0.390625 0.718750
vt 0.390625 0.687500
vt 0.375000 0.718750
vt 0.375000 0.687500
vt 0.390625 0.656250
vt 0.375000 0.656250
vt 0.359375 0.843750
vt 0.359375 0.812500
vt 0.359375 0.875000
vt 0.343750 0.875000
vt 0.343750 0.843750
vt 0.343750 0.812500
vt 0.359375 0.781250
vt 0.359375 0.750000
vt 0.343750 0.781250
vt 0.343750 0.750000
vt 0.359375 0.718750
vt 0.359375 0.687500
vt 0.343750 0.718750
vt 0.343750 0.687500
vt 0.359375 0.656250
vt 0.359375 0.625000
vt 0.343750 0.656250
vt 0.343750 0.625000
vt 0.359375 0.593750
vt 0.359375 0.562500
vt 0.343750 0.593750
vt 0.343750 0.562500
vt 0.359375 0.531250
vt 0.359375 0.500000
vt 0.343750 0.531250
vt 0.343750 0.500000
vt 0.367188 0.968750
vt 0.359375 0.957899
vt 0.359375 0.935185
vt 0.359375 1.000000
vt 0.351563 0.968750
vt 0.343750 0.937500
vt 0.359375 0.905961
vt 0.343750 0.906105
vt 0.328125 0.593750
vt 0.328125 0.562500
vt 0.328125 0.625000
vt 0.312500 0.625000
vt 0.312500 0.593750
vt 0.312500 0.562500
vt 0.328125 0.531250
vt 0.328125 0.500000
vt 0.312500 0.531250
vt 0.312500 0.500000
vt 0.335938 0.968750
vt 0.328125 0.957899
vt 0.328125 0.935185
vt 0.328125 1.000000
vt 0.320313 0.968750
vt 0.312500 0.937500
vt 0.328125 0.905961
vt 0.328125 0.875000
vt 0.312500 0.906105
vt 0.312500 0.875000
vt 0.328125 0.843750
vt 0.328125 0.812500
vt 0.312500 0.843750
vt 0.312500 0.812500
vt 0.328125 0.781250
vt 0.328125 0.750000
vt 0.312500 0.781250
vt 0.312500 0.750000
vt 0.328125 0.718750
vt 0.328125 0.687500
vt 0.312500 0.718750
vt 0.312500 0.687500
vt 0.328125 0.656250
vt 0.312500 0.656250
vt 0.296875 0.781250
vt 0.296875 0.750000
vt 0.296875 0.812500
vt 0.281250 0.812500
vt 0.281250 0.781250
vt 0.281250 0.750000
vt 0.296875 0.718750
vt 0.296875 0.687500
vt 0.281250 0.718750
vt 0.281250 0.687500
vt 0.296875 0.656250
vt 0.296875 0.625000
vt 0.281250 0.656250
vt 0.281250 0.625000
vt 0.296875 0.593750
vt 0.296875 0.562500
vt 0.281250 0.593750
vt 0.281250 0.562500
vt 0.296875 0.531250
vt 0.296875 0.500000
vt 0.281250 0.531250
vt 0.281250 0.500000
vt 0.304688 0.968750
vt 0.296875 0.957899
vt 0.296875 0.935185
vt 0.296875 1.000000
vt 0.289063 0.968750
vt 0.281250 0.937500
vt 0.296875 0.905961
vt 0.296875 0.875000
vt 0.281250 0.906105
vt 0.281250 0.875000
vt 0.296875 0.843750
vt 0.281250 0.843750
vt 0.265625 0.531250
vt 0.265625 0.500000
vt 0.265625 0.562500
vt 0.250000 0.562500
vt 0.250000 0.531250
vt 0.250000 0.500000
vt 0.273438 0.968750
vt 0.265625 0.957899
vt 0.265625 0.935185
vt 0.265625 1.000000
vt 0.257813 0.968750
vt 0.250000 0.937500
vt 0.265625 0.905961
vt 0.265625 0.875000
vt 0.250000 0.906105
vt 0.250000 0.875000
vt 0.265625 0.843750
vt 0.265625 0.812500
vt 0.250000 0.843750
vt 0.250000 0.812500
vt 0.265625 0.781250
vt 0.265625 0.750000
vt 0.250000 0.781250
vt 0.250000 0.750000
vt 0.265625 0.718750
vt 0.265625 0.687500
vt 0.250000 0.718750
vt 0.250000 0.687500
vt 0.265625 0.656250
vt 0.265625 0.625000
vt 0.250000 0.656250
vt 0.250000 0.625000
vt 0.265625 0.593750
vt 0.250000 0.593750
vt 0.234375 0.781250
vt 0.234375 0.750000
vt 0.234375 0.812500
vt 0.218750 0.812500
vt 0.218750 0.781250
vt 0.218750 0.750000
vt 0.234375 0.718750
vt 0.234375 0.687500
vt 0.218750 0.718750
vt 0.218750 0.687500
vt 0.234375 0.656250
vt 0.234375 0.625000
vt 0.218750 0.656250
vt 0.218750 0.625000
vt 0.234375 0.593750
vt 0.234375 0.562500
vt 0.218750 0.593750
vt 0.218750 0.562500
vt 0.234375 0.531250
vt 0.234375 0.500000
vt 0.218750 0.531250
vt 0.218750 0.500000
vt 0.242188 0.968750
vt 0.234375 0.957899
vt 0.234375 0.935185
vt 0.234375 1.000000
vt 0.226563 0.968750
vt 0.218750 0.937500
vt 0.234375 0.905961
vt 0.234375 0.875000
vt 0.218750 0.906105
vt 0.218750 0.875000
vt 0.234375 0.843750
vt 0.218750 0.843750
vt 0.203125 0.531250
vt 0.203125 0.500000
vt 0.203125 0.562500
vt 0.187500 0.562500
vt 0.187500 0.531250
vt 0.187500 0.500000
vt 0.210938 0.968750
vt 0.203125 0.957899
vt 0.203125 0.935185
vt 0.203125 1.000000
vt 0.195313 0.968750
vt 0.187500 0.937500
vt 0.203125 0.905961
vt 0.203125 0.875000
vt 0.187500 0.906105
vt 0.187500 0.875000
vt 0.203125 0.843750
vt 0.203125 0.812500
vt 0.187500 0.843750
vt 0.187500 0.812500
vt 0.203125 0.781250
vt 0.203125 0.750000
vt 0.187500 0.781250
vt 0.187500 0.750000
vt 0.203125 0.718750
vt 0.203125 0.687500
vt 0.187500 0.718750
vt 0.187500 0.687500
vt 0.203125 0.656250
vt 0.203125 0.625000
vt 0.187500 0.656250
vt 0.187500 0.625000
vt 0.203125 0.593750
vt 0.187500 0.593750
vt 0.171875 0.718750
vt 0.171875 0.687500
vt 0.171875 0.750000
vt 0.156250 0.750000
vt 0.156250 0.718750
vt 0.156250 0.687500
vt 0.171875 0.656250
vt 0.171875 0.625000
vt 0.156250 0.656250
vt 0.156250 0.625000
vt 0.171875 0.593750
vt 0.171875 0.562500
vt 0.156250 0.593750
vt 0.156250 0.562500
vt 0.171875 0.531250
vt 0.171875 0.500000
vt 0.156250 0.531250
vt 0.156250 0.500000
vt 0.179688 0.968750
vt 0.171875 0.957899
vt 0.171875 0.935185
vt 0.171875 1.000000
vt 0.164063 0.968750
vt 0.156250 0.937500
vt 0.171875 0.905961
vt 0.171875 0.875000
vt 0.156250 0.906105
vt 0.156250 0.875000
vt 0.171875 0.843750
vt 0.171875 0.812500
vt 0.156250 0.843750
vt 0.156250 0.812500
vt 0.171875 0.781250
vt 0.156250 0.781250
vt 0.148438 0.968750
vt 0.140625 0.957899
vt 0.140625 0.935185
vt 0.140625 1.000000
vt 0.132813 0.968750
vt 0.125000 0.937500
vt 0.140625 0.905961
vt 0.140625 0.875000
vt 0.125000 0.906105
vt 0.125000 0.875000
vt 0.140625 0.843750
vt 0.140625 0.812500
vt 0.125000 0.843750
vt 0.125000 0.812500
vt 0.140625 0.781250
vt 0.140625 0.750000
vt 0.125000 0.781250
vt 0.125000 0.750000
vt 0.140625 0.718750
vt 0.140625 0.687500
vt 0.125000 0.718750
vt 0.125000 0.687500
vt 0.140625 0.656250
vt 0.140625 0.625000
vt 0.125000 0.656250
vt 0.125000 0.625000
vt 0.140625 0.593750
vt 0.140625 0.562500
vt 0.125000 0.593750
vt 0.125000 0.562500
vt 0.140625 0.531250
vt 0.140625 0.500000
vt 0.125000 0.531250
vt 0.125000 0.500000
vt 0.109375 0.656250
vt 0.109375 0.625000
vt 0.109375 0.687500
vt 0.093750 0.687500
vt 0.093750 0.656250
vt 0.093750 0.625000
vt 0.109375 0.593750
vt 0.109375 0.562500
vt 0.093750 0.593750
vt 0.093750 0.562500
vt 0.109375 0.531250
vt 0.109375 0.500000
vt 0.093750 0.531250
vt 0.093750 0.500000
vt 0.117188 0.968750
vt 0.109375 0.957899
vt 0.109375 0.935185
vt 0.109375 1.000000
vt 0.101563 0.968750
vt 0.093750 0.937500
vt 0.109375 0.905961
vt 0.109375 0.875000
vt 0.093750 0.906105
vt 0.093750 0.875000
vt 0.109375 0.843750
vt 0.109375 0.812500
vt 0.093750 0.843750
vt 0.093750 0.812500
vt 0.109375 0.781250
vt 0.109375 0.750000
vt 0.093750 0.781250
vt 0.093750 0.750000
vt 0.109375 0.718750
vt 0.093750 0.718750
vt 0.085938 0.968750
vt 0.078125 0.957899
vt 0.078125 0.935185
vt 0.078125 1.000000
vt 0.070313 0.968750
vt 0.062500 0.937500
vt 0.078125 0.905961
vt 0.078125 0.875000
vt 0.062500 0.906105
vt 0.062500 0.875000
vt 0.078125 0.843750
vt 0.078125 0.812500
vt 0.062500 0.843750
vt 0.062500 0.812500
vt 0.078125 0.781250
vt 0.078125 0.750000
vt 0.062500 0.781250
vt 0.062500 0.750000
vt 0.078125 0.718750
vt 0.078125 0.687500
vt 0.062500 0.718750
vt 0.062500 0.687500
vt 0.078125 0.656250
vt 0.078125 0.625000
vt 0.062500 0.656250
vt 0.062500 0.625000
vt 0.078125 0.593750
vt 0.078125 0.562500
vt 0.062500 0.593750
vt 0.062500 0.562500
vt 0.078125 0.531250
vt 0.078125 0.500000
vt 0.062500 0.531250
vt 0.062500 0.500000
vt 0.046875 0.656250
vt 0.046875 0.625000
vt 0.046875 0.687500
vt 0.031250 0.687500
vt 0.031250 0.656250
vt 0.031250 0.625000
vt 0.046875 0.593750
vt 0.046875 0.562500
vt 0.031250 0.593750
vt 0.031250 0.562500
vt 0.046875 0.531250
vt 0.046875 0.500000
vt 0.031250 0.531250
vt 0.031250 0.500000
vt 0.054687 0.968750
vt 0.046875 0.957899
vt 0.046875 0.935185
vt 0.046875 1.000000
vt 0.039062 0.968750
vt 0.031250 0.937500
vt 0.046875 0.905961
vt 0.046875 0.875000
vt 0.031250 0.906105
vt 0.031250 0.875000
vt 0.046875 0.843750
vt 0.046875 0.812500
vt 0.031250 0.843750
vt 0.031250 0.812500
vt 0.046875 0.781250
vt 0.046875 0.750000
vt 0.031250 0.781250
vt 0.031250 0.750000
vt 0.046875 0.718750
vt 0.031250 0.718750
vt 0.015625 0.843750
vt 0.015625 0.812500
vt 0.015625 0.875000
vt 0.000000 0.875000
vt 0.000000 0.843750
vt 0.000000 0.812500
vt 0.015625 0.781250
vt 0.015625 0.750000
vt 0.000000 0.781250
vt 0.000000 0.750000
vt 0.015625 0.718750
vt 0.015625 0.687500
vt 0.000000 0.718750
vt 0.000000 0.687500
vt 0.015625 0.656250
vt 0.015625 0.625000
vt 0.000000 0.656250
vt 0.000000 0.625000
vt 0.015625 0.593750
vt 0.015625 0.562500
vt 0.000000 0.593750
vt 0.000000 0.562500
vt 0.015625 0.531250
vt 0.015625 0.500000
vt 0.000000 0.531250
vt 0.000000 0.500000
vt 0.023438 0.968750
vt 0.015625 0.957899
vt 0.015625 0.935185
vt 0.015625 1.000000
vt 0.007813 0.968750
vt 0.000000 0.937500
vt 0.015625 0.905961
vt 0.000000 0.906250
vt 1.000000 0.562500
vt 1.000000 0.593750
vt 0.984375 0.593750
vt 0.984375 0.562500
vt 1.000000 0.625000
vt 0.984375 0.625000
vt 0.968750 0.625000
vt 0.968750 0.593750
vt 0.968750 0.562500
vt 1.000000 0.500000
vt 1.000000 0.531250
vt 0.984375 0.531250
vt 0.984375 0.500000
vt 0.968750 0.531250
vt 0.968750 0.500000
vt 1.000000 0.937500
vt 0.992188 0.968750
vt 0.984375 0.957899
vt 0.984375 0.935185
vt 0.984375 1.000000
vt 0.976563 0.968750
vt 0.968750 0.937500
vt 1.000000 0.875000
vt 1.000000 0.906250
vt 0.984375 0.905961
vt 0.984375 0.875000
vt 0.968750 0.906105
vt 0.968750 0.875000
vt 1.000000 0.812500
vt 1.000000 0.843750
vt 0.984375 0.843750
vt 0.984375 0.812500
vt 0.968750 0.843750
vt 0.968750 0.812500
vt 1.000000 0.750000
vt 1.000000 0.781250
vt 0.984375 0.781250
vt 0.984375 0.750000
vt 0.968750 0.781250
vt 0.968750 0.750000
vt 1.000000 0.687500
vt 1.000000 0.718750
vt 0.984375 0.718750
vt 0.984375 0.687500
vt 0.968750 0.718750
vt 0.968750 0.687500
vt 1.000000 0.656250
vt 0.984375 0.656250
vt 0.968750 0.656250
vt 0.953125 0.843750
vt 0.953125 0.812500
vt 0.953125 0.875000
vt 0.937500 0.875000
vt 0.937500 0.843750
vt 0.937500 0.812500
vt 0.953125 0.781250
vt 0.953125 0.750000
vt 0.937500 0.781250
vt 0.937500 0.750000
vt 0.953125 0.718750
vt 0.953125 0.687500
vt 0.937500 0.718750
vt 0.937500 0.687500
vt 0.953125 0.656250
vt 0.953125 0.625000
vt 0.937500 0.656250
vt 0.937500 0.625000
vt 0.953125 0.593750
vt 0.953125 0.562500
vt 0.937500 0.593750
vt 0.937500 0.562500
vt 0.953125 0.531250
vt 0.953125 0.500000
vt 0.937500 0.531250
vt 0.937500 0.500000
vt 0.960938 0.968750
vt 0.953125 0.957899
vt 0.953125 0.935185
vt 0.953125 1.000000
vt 0.945313 0.968750
vt 0.937500 0.937500
vt 0.953125 0.905961
vt 0.937500 0.906105
vt 0.921875 0.593750
vt 0.921875 0.562500
vt 0.921875 0.625000
vt 0.906250 0.625000
vt 0.906250 0.593750
vt 0.906250 0.562500
vt 0.921875 0.531250
vt 0.921875 0.500000
vt 0.906250 0.531250
vt 0.906250 0.500000
vt 0.929688 0.968750
vt 0.921875 0.957899
vt 0.921875 0.935185
vt 0.921875 1.000000
vt 0.914063 0.968750
vt 0.906250 0.937500
vt 0.921875 0.905961
vt 0.921875 0.875000
vt 0.906250 0.906105
vt 0.906250 0.875000
vt 0.921875 0.843750
vt 0.921875 0.812500
vt 0.906250 0.843750
vt 0.906250 0.812500
vt 0.921875 0.781250
vt 0.921875 0.750000
vt 0.906250 0.781250
vt 0.906250 0.750000
vt 0.921875 0.718750
vt 0.921875 0.687500
vt 0.906250 0.718750
vt 0.906250 0.687500
vt 0.921875 0.656250
vt 0.906250 0.656250
vt 0.890625 0.781250
vt 0.890625 0.750000
vt 0.890625 0.812500
vt 0.875000 0.812500
vt 0.875000 0.781250
vt 0.875000 0.750000
vt 0.890625 0.718750
vt 0.890625 0.687500
vt 0.875000 0.718750
vt 0.875000 0.687500
vt 0.890625 0.656250
vt 0.890625 0.625000
vt 0.875000 0.656250
vt 0.875000 0.625000
vt 0.890625 0.593750
vt 0.890625 0.562500
vt 0.875000 0.593750
vt 0.875000 0.562500
vt 0.890625 0.531250
vt 0.890625 0.500000
vt 0.875000 0.531250
vt 0.875000 0.500000
vt 0.898438 0.968750
vt 0.890625 0.957899
vt 0.890625 0.935185
vt 0.890625 1.000000
vt 0.882813 0.968750
vt 0.875000 0.937500
vt 0.890625 0.905961
vt 0.890625 0.875000
vt 0.875000 0.906105
vt 0.875000 0.875000
vt 0.890625 0.843750
vt 0.875000 0.843750
vt 0.859375 0.531250
vt 0.859375 0.500000
vt 0.859375 0.562500
vt 0.843750 0.562500
vt 0.843750 0.531250
vt 0.843750 0.500000
vt 0.867188 0.968750
vt 0.859375 0.957899
vt 0.859375 0.935185
vt 0.859375 1.000000
vt 0.851563 0.968750
vt 0.843750 0.937500
vt 0.859375 0.905961
vt 0.859375 0.875000
vt 0.843750 0.906105
vt 0.843750 0.875000
vt 0.859375 0.843750
vt 0.859375 0.812500
vt 0.843750 0.843750
vt 0.843750 0.812500
vt 0.859375 0.781250
vt 0.859375 0.750000
vt 0.843750 0.781250
vt 0.843750 0.750000
vt 0.859375 0.718750
vt 0.859375 0.687500
vt 0.843750 0.718750
vt 0.843750 0.687500
vt 0.859375 0.656250
vt 0.859375 0.625000
vt 0.843750 0.656250
vt 0.843750 0.625000
vt 0.859375 0.593750
vt 0.843750 0.593750
vt 0.828125 0.718750
vt 0.828125 0.687500
vt 0.828125 0.750000
vt 0.812500 0.750000
vt 0.812500 0.718750
vt 0.812500 0.687500
vt 0.828125 0.656250
vt 0.828125 0.625000
vt 0.812500 0.656250
vt 0.812500 0.625000
vt 0.828125 0.593750
vt 0.828125 0.562500
vt 0.812500 0.593750
vt 0.812500 0.562500
vt 0.828125 0.531250
vt 0.828125 0.500000
vt 0.812500 0.531250
vt 0.812500 0.500000
vt 0.835938 0.968750
vt 0.828125 0.957899
vt 0.828125 0.935185
vt 0.828125 1.000000
vt 0.820313 0.968750
vt 0.812500 0.937500
vt 0.828125 0.905961
vt 0.828125 0.875000
vt 0.812500 0.906105
vt 0.812500 0.875000
vt 0.828125 0.843750
vt 0.828125 0.812500
vt 0.812500 0.843750
vt 0.812500 0.812500
vt 0.828125 0.781250
vt 0.812500 0.781250
vt 0.804688 0.968750
vt 0.796875 0.957899
vt 0.796875 0.935185
vt 0.796875 1.000000
vt 0.789063 0.968750
vt 0.781250 0.937500
vt 0.796875 0.905961
vt 0.796875 0.875000
vt 0.781250 0.906105
vt 0.781250 0.875000
vt 0.796875 0.843750
vt 0.796875 0.812500
vt 0.781250 0.843750
vt 0.781250 0.812500
vt 0.796875 0.781250
vt 0.796875 0.750000
vt 0.781250 0.781250
vt 0.781250 0.750000
vt 0.796875 0.718750
vt 0.796875 0.687500
vt 0.781250 0.718750
vt 0.781250 0.687500
vt 0.796875 0.656250
vt 0.796875 0.625000
vt 0.781250 0.656250
vt 0.781250 0.625000
vt 0.796875 0.593750
vt 0.796875 0.562500
vt 0.781250 0.593750
vt 0.781250 0.562500
vt 0.796875 0.531250
vt 0.796875 0.500000
vt 0.781250 0.531250
vt 0.781250 0.500000
vt 0.765625 0.718750
vt 0.765625 0.687500
vt 0.765625 0.750000
vt 0.765625 0.656250
vt 0.765625 0.625000
vt 0.765625 0.593750
vt 0.765625 0.562500
vt 0.765625 0.531250
vt 0.765625 0.500000
vt 0.773438 0.968750
vt 0.765625 0.957899
vt 0.765625 0.935185
vt 0.765625 1.000000
vt 0.757813 0.968750
vt 0.765625 0.905961
vt 0.765625 0.875000
vt 0.765625 0.843750
vt 0.765625 0.812500
vt 0.765625 0.781250
s 0
g Circle.002_Material.001
usemtl Material.001
f 2429/2947/2478 2685/2948/2478 3190/2949/2478 2687/2950/2478
f 2685/2948/2479 2430/2951/2479 2688/2952/2479 3190/2949/2479
f 3190/2949/2480 2688/2952/2480 2424/2953/2480 2681/2954/2480
f 2687/2950/2481 3190/2949/2481 2681/2954/2481 2425/2955/2481
f 2430/2951/2482 3151/2956/2482 3191/2957/2482 2688/2952/2482
f 3151/2956/2483 2675/2958/2483 3153/2959/2483 3191/2957/2483
f 3191/2957/2484 3153/2959/2484 2423/2960/2484 2680/2961/2484
f 2688/2952/2485 3191/2957/2485 2680/2961/2485 2424/2953/2485
f 2675/2958/2486 3142/2962/2486 3192/2963/2486 3153/2959/2486
f 3142/2962/2487 2674/2964/2487 3154/2965/2487 3192/2963/2487
f 3192/2963/2488 3154/2965/2488 2422/2966/2488 2679/2967/2488
f 3153/2959/2489 3192/2963/2489 2679/2967/2489 2423/2960/2489
f 2674/2964/2490 3141/2968/2490 3193/2969/2490 3154/2965/2490
f 3141/2968/2491 2673/2970/2491 3155/2971/2491 3193/2969/2491
f 3193/2969/2492 3155/2971/2492 2421/2972/2492 2678/2973/2492
f 3154/2965/2493 3193/2969/2493 2678/2973/2493 2422/2966/2493
f 2673/2970/2494 3143/2974/2494 3194/2975/2494 3155/2971/2494
f 3143/2974/2495 2677/2976/2495 3156/2977/2495 3194/2975/2495
f 3194/2975/2496 3156/2977/2496 2431/2978/2496 2686/2979/2496
f 3155/2971/2497 3194/2975/2497 2686/2979/2497 2421/2972/2497
f 2677/2976/2498 3152/2980/2498 3195/2981/2498 3156/2977/2498
f 2600/2982/2499 3149/2983/2499 3195/2981/2499 3152/2980/2499
f 2431/2978/2500 3156/2977/2500 3195/2981/2500 3149/2983/2500
f 2676/2984/2501 3150/2985/2501 3196/2986/2501 3157/2987/2501
f 3150/2985/2502 2428/2988/2502 2689/2989/2502 3196/2986/2502
f 3196/2986/2503 2689/2989/2503 2426/2990/2503 2683/2991/2503
f 3157/2987/2504 3196/2986/2504 2683/2991/2504 2427/2992/2504
f 2428/2988/2505 2684/2993/2505 3197/2994/2505 2689/2989/2505
f 2684/2993/2506 2429/2947/2506 2687/2950/2506 3197/2994/2506
f 3197/2994/2507 2687/2950/2507 2425/2955/2507 2682/2995/2507
f 2689/2989/2508 3197/2994/2508 2682/2995/2508 2426/2990/2508
f 2424/2953/2509 2680/2961/2509 3198/2996/2509 2697/2997/2509
f 2680/2961/2510 2423/2960/2510 2698/2998/2510 3198/2996/2510
f 3198/2996/2511 2698/2998/2511 2434/2999/2511 2692/3000/2511
f 2697/2997/2512 3198/2996/2512 2692/3000/2512 2435/3001/2512
f 2425/2955/2513 2681/2954/2513 3199/3002/2513 2699/3003/2513
f 2681/2954/2514 2424/2953/2514 2697/2997/2514 3199/3002/2514
f 3199/3002/2515 2697/2997/2515 2435/3001/2515 2693/3004/2515
f 2699/3003/2516 3199/3002/2516 2693/3004/2516 2436/3005/2516
f 2426/2990/2517 2682/2995/2517 3200/3006/2517 2700/3007/2517
f 2682/2995/2518 2425/2955/2518 2699/3003/2518 3200/3006/2518
f 3200/3006/2519 2699/3003/2519 2436/3005/2519 2694/3008/2519
f 2700/3007/2520 3200/3006/2520 2694/3008/2520 2437/3009/2520
f 2427/2992/2521 2683/2991/2521 3201/3010/2521 2701/3011/2521
f 2683/2991/2522 2426/2990/2522 2700/3007/2522 3201/3010/2522
f 3201/3010/2523 2700/3007/2523 2437/3009/2523 2695/3012/2523
f 2701/3011/2524 3201/3010/2524 2695/3012/2524 2438/3013/2524
f 2431/2978/2525 3149/3014/2525 3202/3015/2525 2702/3016/2525
f 2600/3017/2526 3158/3018/2526 3202/3015/2526 3149/3014/2526
f 2439/3019/2527 2702/3016/2527 3202/3015/2527 3158/3018/2527
f 2422/2966/2528 2678/2973/2528 3203/3020/2528 2703/3021/2528
f 2678/2973/2529 2421/2972/2529 2704/3022/2529 3203/3020/2529
f 3203/3020/2530 2704/3022/2530 2432/3023/2530 2690/3024/2530
f 2703/3021/2531 3203/3020/2531 2690/3024/2531 2433/3025/2531
f 2421/2972/2532 2686/2979/2532 3204/3026/2532 2704/3022/2532
f 2686/2979/2533 2431/2978/2533 2702/3016/2533 3204/3026/2533
f 3204/3026/2534 2702/3016/2534 2439/3019/2534 2696/3027/2534
f 2704/3022/2535 3204/3026/2535 2696/3027/2535 2432/3023/2535
f 2423/2960/2536 2679/2967/2536 3205/3028/2536 2698/2998/2536
f 2679/2967/2537 2422/2966/2537 2703/3021/2537 3205/3028/2537
f 3205/3028/2538 2703/3021/2538 2433/3025/2538 2691/3029/2538
f 2698/2998/2539 3205/3028/2539 2691/3029/2539 2434/2999/2539
f 2438/3013/2540 2695/3012/2540 3206/3030/2540 2712/3031/2540
f 2695/3012/2541 2437/3009/2541 2713/3032/2541 3206/3030/2541
f 3206/3030/2542 2713/3032/2542 2445/3033/2542 2710/3034/2542
f 2712/3031/2543 3206/3030/2543 2710/3034/2543 2446/3035/2543
f 2439/3019/2544 3158/3036/2544 3207/3037/2544 2714/3038/2544
f 2600/3039/2545 3159/3040/2545 3207/3037/2545 3158/3036/2545
f 2447/3041/2546 2714/3038/2546 3207/3037/2546 3159/3040/2546
f 2432/3023/2547 2696/3027/2547 3208/3042/2547 2715/3043/2547
f 2696/3027/2548 2439/3019/2548 2714/3038/2548 3208/3042/2548
f 3208/3042/2549 2714/3038/2549 2447/3041/2549 2711/3044/2549
f 2715/3043/2550 3208/3042/2550 2711/3044/2550 2440/3045/2550
f 2433/3025/2551 2690/3024/2551 3209/3046/2551 2716/3047/2551
f 2690/3024/2552 2432/3023/2552 2715/3043/2552 3209/3046/2552
f 3209/3046/2553 2715/3043/2553 2440/3045/2553 2705/3048/2553
f 2716/3047/2554 3209/3046/2554 2705/3048/2554 2441/3049/2554
f 2434/2999/2555 2691/3029/2555 3210/3050/2555 2717/3051/2555
f 2691/3029/2556 2433/3025/2556 2716/3047/2556 3210/3050/2556
f 3210/3050/2557 2716/3047/2557 2441/3049/2557 2706/3052/2557
f 2717/3051/2558 3210/3050/2558 2706/3052/2558 2442/3053/2558
f 2435/3001/2559 2692/3000/2559 3211/3054/2559 2718/3055/2559
f 2692/3000/2560 2434/2999/2560 2717/3051/2560 3211/3054/2560
f 3211/3054/2561 2717/3051/2561 2442/3053/2561 2707/3056/2561
f 2718/3055/2562 3211/3054/2562 2707/3056/2562 2443/3057/2562
f 2436/3005/2563 2693/3004/2563 3212/3058/2563 2719/3059/2563
f 2693/3004/2564 2435/3001/2564 2718/3055/2564 3212/3058/2564
f 3212/3058/2565 2718/3055/2565 2443/3057/2565 2708/3060/2565
f 2719/3059/2566 3212/3058/2566 2708/3060/2566 2444/3061/2566
f 2437/3009/2567 2694/3008/2567 3213/3062/2567 2713/3032/2567
f 2694/3008/2568 2436/3005/2568 2719/3059/2568 3213/3062/2568
f 3213/3062/2569 2719/3059/2569 2444/3061/2569 2709/3063/2569
f 2713/3032/2570 3213/3062/2570 2709/3063/2570 2445/3033/2570
f 2442/3053/2571 2706/3052/2571 3214/3064/2571 2727/3065/2571
f 2706/3052/2572 2441/3049/2572 2728/3066/2572 3214/3064/2572
f 3214/3064/2573 2728/3066/2573 2449/3067/2573 2721/3068/2573
f 2727/3065/2574 3214/3064/2574 2721/3068/2574 2450/3069/2574
f 2443/3057/2575 2707/3056/2575 3215/3070/2575 2729/3071/2575
f 2707/3056/2576 2442/3053/2576 2727/3065/2576 3215/3070/2576
f 3215/3070/2577 2727/3065/2577 2450/3069/2577 2722/3072/2577
f 2729/3071/2578 3215/3070/2578 2722/3072/2578 2451/3073/2578
f 2444/3061/2579 2708/3060/2579 3216/3074/2579 2730/3075/2579
f 2708/3060/2580 2443/3057/2580 2729/3071/2580 3216/3074/2580
f 3216/3074/2581 2729/3071/2581 2451/3073/2581 2723/3076/2581
f 2730/3075/2582 3216/3074/2582 2723/3076/2582 2452/3077/2582
f 2445/3033/2583 2709/3063/2583 3217/3078/2583 2731/3079/2583
f 2709/3063/2584 2444/3061/2584 2730/3075/2584 3217/3078/2584
f 3217/3078/2585 2730/3075/2585 2452/3077/2585 2724/3080/2585
f 2731/3079/2586 3217/3078/2586 2724/3080/2586 2453/3081/2586
f 2446/3035/2587 2710/3034/2587 3218/3082/2587 2732/3083/2587
f 2710/3034/2588 2445/3033/2588 2731/3079/2588 3218/3082/2588
f 3218/3082/2589 2731/3079/2589 2453/3081/2589 2725/3084/2589
f 2732/3083/2590 3218/3082/2590 2725/3084/2590 2454/3085/2590
f 2447/3041/2591 3159/3086/2591 3219/3087/2591 2733/3088/2591
f 2600/3089/2592 3160/3090/2592 3219/3087/2592 3159/3086/2592
f 2455/3091/2593 2733/3088/2593 3219/3087/2593 3160/3090/2593
f 2440/3045/2594 2711/3044/2594 3220/3092/2594 2734/3093/2594
f 2711/3044/2595 2447/3041/2595 2733/3088/2595 3220/3092/2595
f 3220/3092/2596 2733/3088/2596 2455/3091/2596 2726/3094/2596
f 2734/3093/2597 3220/3092/2597 2726/3094/2597 2448/3095/2597
f 2441/3049/2598 2705/3048/2598 3221/3096/2598 2728/3066/2598
f 2705/3048/2599 2440/3045/2599 2734/3093/2599 3221/3096/2599
f 3221/3096/2600 2734/3093/2600 2448/3095/2600 2720/3097/2600
f 2728/3066/2601 3221/3096/2601 2720/3097/2601 2449/3067/2601
f 2454/3085/2602 2725/3084/2602 3222/3098/2602 2742/3099/2602
f 2725/3084/2603 2453/3081/2603 2743/3100/2603 3222/3098/2603
f 3222/3098/2604 2743/3100/2604 2461/3101/2604 2740/3102/2604
f 2742/3099/2605 3222/3098/2605 2740/3102/2605 2462/3103/2605
f 2455/3091/2606 3160/3104/2606 3223/3105/2606 2744/3106/2606
f 2600/3107/2607 3161/3108/2607 3223/3105/2607 3160/3104/2607
f 2463/3109/2608 2744/3106/2608 3223/3105/2608 3161/3108/2608
f 2448/3095/2609 2726/3094/2609 3224/3110/2609 2745/3111/2609
f 2726/3094/2610 2455/3091/2610 2744/3106/2610 3224/3110/2610
f 3224/3110/2611 2744/3106/2611 2463/3109/2611 2741/3112/2611
f 2745/3111/2612 3224/3110/2612 2741/3112/2612 2456/3113/2612
f 2449/3067/2613 2720/3097/2613 3225/3114/2613 2746/3115/2613
f 2720/3097/2614 2448/3095/2614 2745/3111/2614 3225/3114/2614
f 3225/3114/2615 2745/3111/2615 2456/3113/2615 2735/3116/2615
f 2746/3115/2616 3225/3114/2616 2735/3116/2616 2457/3117/2616
f 2450/3069/2617 2721/3068/2617 3226/3118/2617 2747/3119/2617
f 2721/3068/2618 2449/3067/2618 2746/3115/2618 3226/3118/2618
f 3226/3118/2619 2746/3115/2619 2457/3117/2619 2736/3120/2619
f 2747/3119/2620 3226/3118/2620 2736/3120/2620 2458/3121/2620
f 2451/3073/2621 2722/3072/2621 3227/3122/2621 2748/3123/2621
f 2722/3072/2622 2450/3069/2622 2747/3119/2622 3227/3122/2622
f 3227/3122/2623 2747/3119/2623 2458/3121/2623 2737/3124/2623
f 2748/3123/2624 3227/3122/2624 2737/3124/2624 2459/3125/2624
f 2452/3077/2625 2723/3076/2625 3228/3126/2625 2749/3127/2625
f 2723/3076/2626 2451/3073/2626 2748/3123/2626 3228/3126/2626
f 3228/3126/2627 2748/3123/2627 2459/3125/2627 2738/3128/2627
f 2749/3127/2628 3228/3126/2628 2738/3128/2628 2460/3129/2628
f 2453/3081/2629 2724/3080/2629 3229/3130/2629 2743/3100/2629
f 2724/3080/2630 2452/3077/2630 2749/3127/2630 3229/3130/2630
f 3229/3130/2631 2749/3127/2631 2460/3129/2631 2739/3131/2631
f 2743/3100/2632 3229/3130/2632 2739/3131/2632 2461/3101/2632
f 2459/3125/2633 2737/3124/2633 3230/3132/2633 2757/3133/2633
f 2737/3124/2634 2458/3121/2634 2758/3134/2634 3230/3132/2634
f 3230/3132/2635 2758/3134/2635 2466/3135/2635 2752/3136/2635
f 2757/3133/2636 3230/3132/2636 2752/3136/2636 2467/3137/2636
f 2460/3129/2637 2738/3128/2637 3231/3138/2637 2759/3139/2637
f 2738/3128/2638 2459/3125/2638 2757/3133/2638 3231/3138/2638
f 3231/3138/2639 2757/3133/2639 2467/3137/2639 2753/3140/2639
f 2759/3139/2640 3231/3138/2640 2753/3140/2640 2468/3141/2640
f 2461/3101/2641 2739/3131/2641 3232/3142/2641 2760/3143/2641
f 2739/3131/2642 2460/3129/2642 2759/3139/2642 3232/3142/2642
f 3232/3142/2643 2759/3139/2643 2468/3141/2643 2754/3144/2643
f 2760/3143/2644 3232/3142/2644 2754/3144/2644 2469/3145/2644
f 2462/3103/2645 2740/3102/2645 3233/3146/2645 2761/3147/2645
f 2740/3102/2646 2461/3101/2646 2760/3143/2646 3233/3146/2646
f 3233/3146/2647 2760/3143/2647 2469/3145/2647 2755/3148/2647
f 2761/3147/2648 3233/3146/2648 2755/3148/2648 2470/3149/2648
f 2463/3109/2649 3161/3150/2649 3234/3151/2649 2762/3152/2649
f 2600/3153/2650 3162/3154/2650 3234/3151/2650 3161/3150/2650
f 2471/3155/2651 2762/3152/2651 3234/3151/2651 3162/3154/2651
f 2456/3113/2652 2741/3112/2652 3235/3156/2652 2763/3157/2652
f 2741/3112/2653 2463/3109/2653 2762/3152/2653 3235/3156/2653
f 3235/3156/2654 2762/3152/2654 2471/3155/2654 2756/3158/2654
f 2763/3157/2655 3235/3156/2655 2756/3158/2655 2464/3159/2655
f 2457/3117/2656 2735/3116/2656 3236/3160/2656 2764/3161/2656
f 2735/3116/2657 2456/3113/2657 2763/3157/2657 3236/3160/2657
f 3236/3160/2658 2763/3157/2658 2464/3159/2658 2750/3162/2658
f 2764/3161/2659 3236/3160/2659 2750/3162/2659 2465/3163/2659
f 2458/3121/2660 2736/3120/2660 3237/3164/2660 2758/3134/2660
f 2736/3120/2661 2457/3117/2661 2764/3161/2661 3237/3164/2661
f 3237/3164/2662 2764/3161/2662 2465/3163/2662 2751/3165/2662
f 2758/3134/2663 3237/3164/2663 2751/3165/2663 2466/3135/2663
f 2471/3155/2664 3162/3166/2664 3238/3167/2664 2773/3168/2664
f 2600/3169/2665 3163/3170/2665 3238/3167/2665 3162/3166/2665
f 2479/3171/2666 2773/3168/2666 3238/3167/2666 3163/3170/2666
f 2464/3159/2667 2756/3158/2667 3239/3172/2667 2774/3173/2667
f 2756/3158/2668 2471/3155/2668 2773/3168/2668 3239/3172/2668
f 3239/3172/2669 2773/3168/2669 2479/3171/2669 2771/3174/2669
f 2774/3173/2670 3239/3172/2670 2771/3174/2670 2472/3175/2670
f 2465/3163/2671 2750/3162/2671 3240/3176/2671 2775/3177/2671
f 2750/3162/2672 2464/3159/2672 2774/3173/2672 3240/3176/2672
f 3240/3176/2673 2774/3173/2673 2472/3175/2673 2765/3178/2673
f 2775/3177/2674 3240/3176/2674 2765/3178/2674 2473/3179/2674
f 2466/3135/2675 2751/3165/2675 3241/3180/2675 2776/3181/2675
f 2751/3165/2676 2465/3163/2676 2775/3177/2676 3241/3180/2676
f 3241/3180/2677 2775/3177/2677 2473/3179/2677 2766/3182/2677
f 2776/3181/2678 3241/3180/2678 2766/3182/2678 2474/3183/2678
f 2467/3137/2679 2752/3136/2679 3242/3184/2679 2777/3185/2679
f 2752/3136/2680 2466/3135/2680 2776/3181/2680 3242/3184/2680
f 3242/3184/2681 2776/3181/2681 2474/3183/2681 2767/3186/2681
f 2777/3185/2682 3242/3184/2682 2767/3186/2682 2475/3187/2682
f 2468/3141/2683 2753/3140/2683 3243/3188/2683 2778/3189/2683
f 2753/3140/2684 2467/3137/2684 2777/3185/2684 3243/3188/2684
f 3243/3188/2685 2777/3185/2685 2475/3187/2685 2768/3190/2685
f 2778/3189/2686 3243/3188/2686 2768/3190/2686 2476/3191/2686
f 2469/3145/2687 2754/3144/2687 3244/3192/2687 2779/3193/2687
f 2754/3144/2688 2468/3141/2688 2778/3189/2688 3244/3192/2688
f 3244/3192/2689 2778/3189/2689 2476/3191/2689 2769/3194/2689
f 2779/3193/2690 3244/3192/2690 2769/3194/2690 2477/3195/2690
f 2470/3149/2691 2755/3148/2691 3245/3196/2691 2772/3197/2691
f 2755/3148/2692 2469/3145/2692 2779/3193/2692 3245/3196/2692
f 3245/3196/2693 2779/3193/2693 2477/3195/2693 2770/3198/2693
f 2772/3197/2694 3245/3196/2694 2770/3198/2694 2478/3199/2694
f 2475/3187/2695 2767/3186/2695 3246/3200/2695 2787/3201/2695
f 2767/3186/2696 2474/3183/2696 2788/3202/2696 3246/3200/2696
f 3246/3200/2697 2788/3202/2697 2482/3203/2697 2782/3204/2697
f 2787/3201/2698 3246/3200/2698 2782/3204/2698 2483/3205/2698
f 2476/3191/2699 2768/3190/2699 3247/3206/2699 2789/3207/2699
f 2768/3190/2700 2475/3187/2700 2787/3201/2700 3247/3206/2700
f 3247/3206/2701 2787/3201/2701 2483/3205/2701 2783/3208/2701
f 2789/3207/2702 3247/3206/2702 2783/3208/2702 2484/3209/2702
f 2477/3195/2703 2769/3194/2703 3248/3210/2703 2790/3211/2703
f 2769/3194/2704 2476/3191/2704 2789/3207/2704 3248/3210/2704
f 3248/3210/2705 2789/3207/2705 2484/3209/2705 2784/3212/2705
f 2790/3211/2706 3248/3210/2706 2784/3212/2706 2485/3213/2706
f 2478/3199/2707 2770/3198/2707 3249/3214/2707 2791/3215/2707
f 2770/3198/2708 2477/3195/2708 2790/3211/2708 3249/3214/2708
f 3249/3214/2709 2790/3211/2709 2485/3213/2709 2785/3216/2709
f 2791/3215/2710 3249/3214/2710 2785/3216/2710 2486/3217/2710
f 2479/3171/2711 3163/3218/2711 3250/3219/2711 2792/3220/2711
f 2600/3221/2712 3164/3222/2712 3250/3219/2712 3163/3218/2712
f 2487/3223/2713 2792/3220/2713 3250/3219/2713 3164/3222/2713
f 2472/3175/2714 2771/3174/2714 3251/3224/2714 2793/3225/2714
f 2771/3174/2715 2479/3171/2715 2792/3220/2715 3251/3224/2715
f 3251/3224/2716 2792/3220/2716 2487/3223/2716 2786/3226/2716
f 2793/3225/2717 3251/3224/2717 2786/3226/2717 2480/3227/2717
f 2473/3179/2718 2765/3178/2718 3252/3228/2718 2794/3229/2718
f 2765/3178/2719 2472/3175/2719 2793/3225/2719 3252/3228/2719
f 3252/3228/2720 2793/3225/2720 2480/3227/2720 2780/3230/2720
f 2794/3229/2721 3252/3228/2721 2780/3230/2721 2481/3231/2721
f 2474/3183/2722 2766/3182/2722 3253/3232/2722 2788/3202/2722
f 2766/3182/2723 2473/3179/2723 2794/3229/2723 3253/3232/2723
f 3253/3232/2724 2794/3229/2724 2481/3231/2724 2781/3233/2724
f 2788/3202/2725 3253/3232/2725 2781/3233/2725 2482/3203/2725
f 2487/3223/2726 3164/3234/2726 3254/3235/2726 2803/3236/2726
f 2600/3237/2727 3165/3238/2727 3254/3235/2727 3164/3234/2727
f 2495/3239/2728 2803/3236/2728 3254/3235/2728 3165/3238/2728
f 2480/3227/2729 2786/3226/2729 3255/3240/2729 2804/3241/2729
f 2786/3226/2730 2487/3223/2730 2803/3236/2730 3255/3240/2730
f 3255/3240/2731 2803/3236/2731 2495/3239/2731 2801/3242/2731
f 2804/3241/2732 3255/3240/2732 2801/3242/2732 2488/3243/2732
f 2481/3231/2733 2780/3230/2733 3256/3244/2733 2805/3245/2733
f 2780/3230/2734 2480/3227/2734 2804/3241/2734 3256/3244/2734
f 3256/3244/2735 2804/3241/2735 2488/3243/2735 2795/3246/2735
f 2805/3245/2736 3256/3244/2736 2795/3246/2736 2489/3247/2736
f 2482/3203/2737 2781/3233/2737 3257/3248/2737 2806/3249/2737
f 2781/3233/2738 2481/3231/2738 2805/3245/2738 3257/3248/2738
f 3257/3248/2739 2805/3245/2739 2489/3247/2739 2796/3250/2739
f 2806/3249/2740 3257/3248/2740 2796/3250/2740 2490/3251/2740
f 2483/3205/2741 2782/3204/2741 3258/3252/2741 2807/3253/2741
f 2782/3204/2742 2482/3203/2742 2806/3249/2742 3258/3252/2742
f 3258/3252/2743 2806/3249/2743 2490/3251/2743 2797/3254/2743
f 2807/3253/2744 3258/3252/2744 2797/3254/2744 2491/3255/2744
f 2484/3209/2745 2783/3208/2745 3259/3256/2745 2808/3257/2745
f 2783/3208/2746 2483/3205/2746 2807/3253/2746 3259/3256/2746
f 3259/3256/2747 2807/3253/2747 2491/3255/2747 2798/3258/2747
f 2808/3257/2748 3259/3256/2748 2798/3258/2748 2492/3259/2748
f 2485/3213/2749 2784/3212/2749 3260/3260/2749 2809/3261/2749
f 2784/3212/2750 2484/3209/2750 2808/3257/2750 3260/3260/2750
f 3260/3260/2751 2808/3257/2751 2492/3259/2751 2799/3262/2751
f 2809/3261/2752 3260/3260/2752 2799/3262/2752 2493/3263/2752
f 2486/3217/2753 2785/3216/2753 3261/3264/2753 2802/3265/2753
f 2785/3216/2754 2485/3213/2754 2809/3261/2754 3261/3264/2754
f 3261/3264/2755 2809/3261/2755 2493/3263/2755 2800/3266/2755
f 2802/3265/2756 3261/3264/2756 2800/3266/2756 2494/3267/2756
f 2492/3259/2757 2798/3258/2757 3262/3268/2757 2817/3269/2757
f 2798/3258/2758 2491/3255/2758 2818/3270/2758 3262/3268/2758
f 3262/3268/2759 2818/3270/2759 2499/3271/2759 2813/3272/2759
f 2817/3269/2760 3262/3268/2760 2813/3272/2760 2500/3273/2760
f 2493/3263/2761 2799/3262/2761 3263/3274/2761 2819/3275/2761
f 2799/3262/2762 2492/3259/2762 2817/3269/2762 3263/3274/2762
f 3263/3274/2763 2817/3269/2763 2500/3273/2763 2814/3276/2763
f 2819/3275/2764 3263/3274/2764 2814/3276/2764 2501/3277/2764
f 2494/3267/2765 2800/3266/2765 3264/3278/2765 2820/3279/2765
f 2800/3266/2766 2493/3263/2766 2819/3275/2766 3264/3278/2766
f 3264/3278/2767 2819/3275/2767 2501/3277/2767 2815/3280/2767
f 2820/3279/2768 3264/3278/2768 2815/3280/2768 2502/3281/2768
f 2495/3239/2769 3165/3282/2769 3265/3283/2769 2821/3284/2769
f 2600/3285/2770 3166/3286/2770 3265/3283/2770 3165/3282/2770
f 2503/3287/2771 2821/3284/2771 3265/3283/2771 3166/3286/2771
f 2488/3243/2772 2801/3242/2772 3266/3288/2772 2822/3289/2772
f 2801/3242/2773 2495/3239/2773 2821/3284/2773 3266/3288/2773
f 3266/3288/2774 2821/3284/2774 2503/3287/2774 2816/3290/2774
f 2822/3289/2775 3266/3288/2775 2816/3290/2775 2496/3291/2775
f 2489/3247/2776 2795/3246/2776 3267/3292/2776 2823/3293/2776
f 2795/3246/2777 2488/3243/2777 2822/3289/2777 3267/3292/2777
f 3267/3292/2778 2822/3289/2778 2496/3291/2778 2810/3294/2778
f 2823/3293/2779 3267/3292/2779 2810/3294/2779 2497/3295/2779
f 2490/3251/2780 2796/3250/2780 3268/3296/2780 2824/3297/2780
f 2796/3250/2781 2489/3247/2781 2823/3293/2781 3268/3296/2781
f 3268/3296/2782 2823/3293/2782 2497/3295/2782 2811/3298/2782
f 2824/3297/2783 3268/3296/2783 2811/3298/2783 2498/3299/2783
f 2491/3255/2784 2797/3254/2784 3269/3300/2784 2818/3270/2784
f 2797/3254/2785 2490/3251/2785 2824/3297/2785 3269/3300/2785
f 3269/3300/2786 2824/3297/2786 2498/3299/2786 2812/3301/2786
f 2818/3270/2787 3269/3300/2787 2812/3301/2787 2499/3271/2787
f 2496/3291/2788 2816/3290/2788 3270/3302/2788 2832/3303/2788
f 2816/3290/2789 2503/3287/2789 2833/3304/2789 3270/3302/2789
f 3270/3302/2790 2833/3304/2790 2511/3305/2790 2831/3306/2790
f 2832/3303/2791 3270/3302/2791 2831/3306/2791 2504/3307/2791
f 2497/3295/2792 2810/3294/2792 3271/3308/2792 2834/3309/2792
f 2810/3294/2793 2496/3291/2793 2832/3303/2793 3271/3308/2793
f 3271/3308/2794 2832/3303/2794 2504/3307/2794 2825/3310/2794
f 2834/3309/2795 3271/3308/2795 2825/3310/2795 2505/3311/2795
f 2498/3299/2796 2811/3298/2796 3272/3312/2796 2835/3313/2796
f 2811/3298/2797 2497/3295/2797 2834/3309/2797 3272/3312/2797
f 3272/3312/2798 2834/3309/2798 2505/3311/2798 2826/3314/2798
f 2835/3313/2799 3272/3312/2799 2826/3314/2799 2506/3315/2799
f 2499/3271/2800 2812/3301/2800 3273/3316/2800 2836/3317/2800
f 2812/3301/2801 2498/3299/2801 2835/3313/2801 3273/3316/2801
f 3273/3316/2802 2835/3313/2802 2506/3315/2802 2827/3318/2802
f 2836/3317/2803 3273/3316/2803 2827/3318/2803 2507/3319/2803
f 2500/3273/2804 2813/3272/2804 3274/3320/2804 2837/3321/2804
f 2813/3272/2805 2499/3271/2805 2836/3317/2805 3274/3320/2805
f 3274/3320/2806 2836/3317/2806 2507/3319/2806 2828/3322/2806
f 2837/3321/2807 3274/3320/2807 2828/3322/2807 2508/3323/2807
f 2501/3277/2808 2814/3276/2808 3275/3324/2808 2838/3325/2808
f 2814/3276/2809 2500/3273/2809 2837/3321/2809 3275/3324/2809
f 3275/3324/2810 2837/3321/2810 2508/3323/2810 2829/3326/2810
f 2838/3325/2811 3275/3324/2811 2829/3326/2811 2509/3327/2811
f 2502/3281/2812 2815/3280/2812 3276/3328/2812 2839/3329/2812
f 2815/3280/2813 2501/3277/2813 2838/3325/2813 3276/3328/2813
f 3276/3328/2814 2838/3325/2814 2509/3327/2814 2830/3330/2814
f 2839/3329/2815 3276/3328/2815 2830/3330/2815 2510/3331/2815
f 2503/3287/2816 3166/3332/2816 3277/3333/2816 2833/3304/2816
f 2600/3334/2817 3167/3335/2817 3277/3333/2817 3166/3332/2817
f 2511/3305/2818 2833/3304/2818 3277/3333/2818 3167/3335/2818
f 2509/3327/2819 2829/3326/2819 3278/3336/2819 2847/3337/2819
f 2829/3326/2820 2508/3323/2820 2848/3338/2820 3278/3336/2820
f 3278/3336/2821 2848/3338/2821 2516/3339/2821 2844/3340/2821
f 2847/3337/2822 3278/3336/2822 2844/3340/2822 2517/3341/2822
f 2510/3331/2823 2830/3330/2823 3279/3342/2823 2849/3343/2823
f 2830/3330/2824 2509/3327/2824 2847/3337/2824 3279/3342/2824
f 3279/3342/2825 2847/3337/2825 2517/3341/2825 2845/3344/2825
f 2849/3343/2826 3279/3342/2826 2845/3344/2826 2518/3345/2826
f 2511/3305/2827 3167/3346/2827 3280/3347/2827 2850/3348/2827
f 2600/3349/2828 3168/3350/2828 3280/3347/2828 3167/3346/2828
f 2519/3351/2829 2850/3348/2829 3280/3347/2829 3168/3350/2829
f 2504/3307/2830 2831/3306/2830 3281/3352/2830 2851/3353/2830
f 2831/3306/2831 2511/3305/2831 2850/3348/2831 3281/3352/2831
f 3281/3352/2832 2850/3348/2832 2519/3351/2832 2846/3354/2832
f 2851/3353/2833 3281/3352/2833 2846/3354/2833 2512/3355/2833
f 2505/3311/2834 2825/3310/2834 3282/3356/2834 2852/3357/2834
f 2825/3310/2835 2504/3307/2835 2851/3353/2835 3282/3356/2835
f 3282/3356/2836 2851/3353/2836 2512/3355/2836 2840/3358/2836
f 2852/3357/2837 3282/3356/2837 2840/3358/2837 2513/3359/2837
f 2506/3315/2838 2826/3314/2838 3283/3360/2838 2853/3361/2838
f 2826/3314/2839 2505/3311/2839 2852/3357/2839 3283/3360/2839
f 3283/3360/2840 2852/3357/2840 2513/3359/2840 2841/3362/2840
f 2853/3361/2841 3283/3360/2841 2841/3362/2841 2514/3363/2841
f 2507/3319/2842 2827/3318/2842 3284/3364/2842 2854/3365/2842
f 2827/3318/2843 2506/3315/2843 2853/3361/2843 3284/3364/2843
f 3284/3364/2844 2853/3361/2844 2514/3363/2844 2842/3366/2844
f 2854/3365/2845 3284/3364/2845 2842/3366/2845 2515/3367/2845
f 2508/3323/2846 2828/3322/2846 3285/3368/2846 2848/3338/2846
f 2828/3322/2847 2507/3319/2847 2854/3365/2847 3285/3368/2847
f 3285/3368/2848 2854/3365/2848 2515/3367/2848 2843/3369/2848
f 2848/3338/2849 3285/3368/2849 2843/3369/2849 2516/3339/2849
f 2513/3359/2850 2840/3358/2850 3286/3370/2850 2862/3371/2850
f 2840/3358/2851 2512/3355/2851 2863/3372/2851 3286/3370/2851
f 3286/3370/2852 2863/3372/2852 2520/3373/2852 2855/3374/2852
f 2862/3371/2853 3286/3370/2853 2855/3374/2853 2521/3375/2853
f 2514/3363/2854 2841/3362/2854 3287/3376/2854 2864/3377/2854
f 2841/3362/2855 2513/3359/2855 2862/3371/2855 3287/3376/2855
f 3287/3376/2856 2862/3371/2856 2521/3375/2856 2856/3378/2856
f 2864/3377/2857 3287/3376/2857 2856/3378/2857 2522/3379/2857
f 2515/3367/2858 2842/3366/2858 3288/3380/2858 2865/3381/2858
f 2842/3366/2859 2514/3363/2859 2864/3377/2859 3288/3380/2859
f 3288/3380/2860 2864/3377/2860 2522/3379/2860 2857/3382/2860
f 2865/3381/2861 3288/3380/2861 2857/3382/2861 2523/3383/2861
f 2516/3339/2862 2843/3369/2862 3289/3384/2862 2866/3385/2862
f 2843/3369/2863 2515/3367/2863 2865/3381/2863 3289/3384/2863
f 3289/3384/2864 2865/3381/2864 2523/3383/2864 2858/3386/2864
f 2866/3385/2865 3289/3384/2865 2858/3386/2865 2524/3387/2865
f 2517/3341/2866 2844/3340/2866 3290/3388/2866 2867/3389/2866
f 2844/3340/2867 2516/3339/2867 2866/3385/2867 3290/3388/2867
f 3290/3388/2868 2866/3385/2868 2524/3387/2868 2859/3390/2868
f 2867/3389/2869 3290/3388/2869 2859/3390/2869 2525/3391/2869
f 2518/3345/2870 2845/3344/2870 3291/3392/2870 2868/3393/2870
f 2845/3344/2871 2517/3341/2871 2867/3389/2871 3291/3392/2871
f 3291/3392/2872 2867/3389/2872 2525/3391/2872 2860/3394/2872
f 2868/3393/2873 3291/3392/2873 2860/3394/2873 2526/3395/2873
f 2519/3351/2874 3168/3396/2874 3292/3397/2874 2869/3398/2874
f 2600/3399/2875 3169/3400/2875 3292/3397/2875 3168/3396/2875
f 2527/3401/2876 2869/3398/2876 3292/3397/2876 3169/3400/2876
f 2512/3355/2877 2846/3354/2877 3293/3402/2877 2863/3372/2877
f 2846/3354/2878 2519/3351/2878 2869/3398/2878 3293/3402/2878
f 3293/3402/2879 2869/3398/2879 2527/3401/2879 2861/3403/2879
f 2863/3372/2880 3293/3402/2880 2861/3403/2880 2520/3373/2880
f 2525/3391/2881 2859/3390/2881 3294/3404/2881 2877/3405/2881
f 2859/3390/2882 2524/3387/2882 2878/3406/2882 3294/3404/2882
f 3294/3404/2883 2878/3406/2883 2532/3407/2883 2874/3408/2883
f 2877/3405/2884 3294/3404/2884 2874/3408/2884 2533/3409/2884
f 2526/3395/2885 2860/3394/2885 3295/3410/2885 2879/3411/2885
f 2860/3394/2886 2525/3391/2886 2877/3405/2886 3295/3410/2886
f 3295/3410/2887 2877/3405/2887 2533/3409/2887 2875/3412/2887
f 2879/3411/2888 3295/3410/2888 2875/3412/2888 2534/3413/2888
f 2527/3401/2889 3169/3414/2889 3296/3415/2889 2880/3416/2889
f 2600/3417/2890 3170/3418/2890 3296/3415/2890 3169/3414/2890
f 2535/3419/2891 2880/3416/2891 3296/3415/2891 3170/3418/2891
f 2520/3373/2892 2861/3403/2892 3297/3420/2892 2881/3421/2892
f 2861/3403/2893 2527/3401/2893 2880/3416/2893 3297/3420/2893
f 3297/3420/2894 2880/3416/2894 2535/3419/2894 2876/3422/2894
f 2881/3421/2895 3297/3420/2895 2876/3422/2895 2528/3423/2895
f 2521/3375/2896 2855/3374/2896 3298/3424/2896 2882/3425/2896
f 2855/3374/2897 2520/3373/2897 2881/3421/2897 3298/3424/2897
f 3298/3424/2898 2881/3421/2898 2528/3423/2898 2870/3426/2898
f 2882/3425/2899 3298/3424/2899 2870/3426/2899 2529/3427/2899
f 2522/3379/2900 2856/3378/2900 3299/3428/2900 2883/3429/2900
f 2856/3378/2901 2521/3375/2901 2882/3425/2901 3299/3428/2901
f 3299/3428/2902 2882/3425/2902 2529/3427/2902 2871/3430/2902
f 2883/3429/2903 3299/3428/2903 2871/3430/2903 2530/3431/2903
f 2523/3383/2904 2857/3382/2904 3300/3432/2904 2884/3433/2904
f 2857/3382/2905 2522/3379/2905 2883/3429/2905 3300/3432/2905
f 3300/3432/2906 2883/3429/2906 2530/3431/2906 2872/3434/2906
f 2884/3433/2907 3300/3432/2907 2872/3434/2907 2531/3435/2907
f 2524/3387/2908 2858/3386/2908 3301/3436/2908 2878/3406/2908
f 2858/3386/2909 2523/3383/2909 2884/3433/2909 3301/3436/2909
f 3301/3436/2910 2884/3433/2910 2531/3435/2910 2873/3437/2910
f 2878/3406/2911 3301/3436/2911 2873/3437/2911 2532/3407/2911
f 2530/3431/2912 2871/3430/2912 3302/3438/2912 2892/3439/2912
f 2871/3430/2913 2529/3427/2913 2893/3440/2913 3302/3438/2913
f 3302/3438/2914 2893/3440/2914 2537/3441/2914 2886/3442/2914
f 2892/3439/2915 3302/3438/2915 2886/3442/2915 2538/3443/2915
f 2531/3435/2916 2872/3434/2916 3303/3444/2916 2894/3445/2916
f 2872/3434/2917 2530/3431/2917 2892/3439/2917 3303/3444/2917
f 3303/3444/2918 2892/3439/2918 2538/3443/2918 2887/3446/2918
f 2894/3445/2919 3303/3444/2919 2887/3446/2919 2539/3447/2919
f 2532/3407/2920 2873/3437/2920 3304/3448/2920 2895/3449/2920
f 2873/3437/2921 2531/3435/2921 2894/3445/2921 3304/3448/2921
f 3304/3448/2922 2894/3445/2922 2539/3447/2922 2888/3450/2922
f 2895/3449/2923 3304/3448/2923 2888/3450/2923 2540/3451/2923
f 2533/3409/2924 2874/3408/2924 3305/3452/2924 2896/3453/2924
f 2874/3408/2925 2532/3407/2925 2895/3449/2925 3305/3452/2925
f 3305/3452/2926 2895/3449/2926 2540/3451/2926 2889/3454/2926
f 2896/3453/2927 3305/3452/2927 2889/3454/2927 2541/3455/2927
f 2534/3413/2928 2875/3412/2928 3306/3456/2928 2897/3457/2928
f 2875/3412/2929 2533/3409/2929 2896/3453/2929 3306/3456/2929
f 3306/3456/2930 2896/3453/2930 2541/3455/2930 2890/3458/2930
f 2897/3457/2931 3306/3456/2931 2890/3458/2931 2542/3459/2931
f 2535/3419/2932 3170/3460/2932 3307/3461/2932 2898/3462/2932
f 2600/3463/2933 3171/3464/2933 3307/3461/2933 3170/3460/2933
f 2543/3465/2934 2898/3462/2934 3307/3461/2934 3171/3464/2934
f 2528/3423/2935 2876/3422/2935 3308/3466/2935 2899/3467/2935
f 2876/3422/2936 2535/3419/2936 2898/3462/2936 3308/3466/2936
f 3308/3466/2937 2898/3462/2937 2543/3465/2937 2891/3468/2937
f 2899/3467/2938 3308/3466/2938 2891/3468/2938 2536/3469/2938
f 2529/3427/2939 2870/3426/2939 3309/3470/2939 2893/3440/2939
f 2870/3426/2940 2528/3423/2940 2899/3467/2940 3309/3470/2940
f 3309/3470/2941 2899/3467/2941 2536/3469/2941 2885/3471/2941
f 2893/3440/2942 3309/3470/2942 2885/3471/2942 2537/3441/2942
f 2542/3459/2943 2890/3458/2943 3310/3472/2943 2907/3473/2943
f 2890/3458/2944 2541/3455/2944 2908/3474/2944 3310/3472/2944
f 3310/3472/2945 2908/3474/2945 2549/3475/2945 2905/3476/2945
f 2907/3473/2946 3310/3472/2946 2905/3476/2946 2550/3477/2946
f 2543/3465/2947 3171/3478/2947 3311/3479/2947 2909/3480/2947
f 2600/3481/2948 3172/3482/2948 3311/3479/2948 3171/3478/2948
f 2551/3483/2949 2909/3480/2949 3311/3479/2949 3172/3482/2949
f 2536/3469/2950 2891/3468/2950 3312/3484/2950 2910/3485/2950
f 2891/3468/2951 2543/3465/2951 2909/3480/2951 3312/3484/2951
f 3312/3484/2952 2909/3480/2952 2551/3483/2952 2906/3486/2952
f 2910/3485/2953 3312/3484/2953 2906/3486/2953 2544/3487/2953
f 2537/3441/2954 2885/3471/2954 3313/3488/2954 2911/3489/2954
f 2885/3471/2955 2536/3469/2955 2910/3485/2955 3313/3488/2955
f 3313/3488/2956 2910/3485/2956 2544/3487/2956 2900/3490/2956
f 2911/3489/2957 3313/3488/2957 2900/3490/2957 2545/3491/2957
f 2538/3443/2958 2886/3442/2958 3314/3492/2958 2912/3493/2958
f 2886/3442/2959 2537/3441/2959 2911/3489/2959 3314/3492/2959
f 3314/3492/2960 2911/3489/2960 2545/3491/2960 2901/3494/2960
f 2912/3493/2961 3314/3492/2961 2901/3494/2961 2546/3495/2961
f 2539/3447/2962 2887/3446/2962 3315/3496/2962 2913/3497/2962
f 2887/3446/2963 2538/3443/2963 2912/3493/2963 3315/3496/2963
f 3315/3496/2964 2912/3493/2964 2546/3495/2964 2902/3498/2964
f 2913/3497/2965 3315/3496/2965 2902/3498/2965 2547/3499/2965
f 2540/3451/2966 2888/3450/2966 3316/3500/2966 2914/3501/2966
f 2888/3450/2967 2539/3447/2967 2913/3497/2967 3316/3500/2967
f 3316/3500/2968 2913/3497/2968 2547/3499/2968 2903/3502/2968
f 2914/3501/2969 3316/3500/2969 2903/3502/2969 2548/3503/2969
f 2541/3455/2970 2889/3454/2970 3317/3504/2970 2908/3474/2970
f 2889/3454/2971 2540/3451/2971 2914/3501/2971 3317/3504/2971
f 3317/3504/2972 2914/3501/2972 2548/3503/2972 2904/3505/2972
f 2908/3474/2973 3317/3504/2973 2904/3505/2973 2549/3475/2973
f 2546/3495/2974 2901/3494/2974 3318/3506/2974 2922/3507/2974
f 2901/3494/2975 2545/3491/2975 2923/3508/2975 3318/3506/2975
f 3318/3506/2976 2923/3508/2976 2553/3509/2976 2916/3510/2976
f 2922/3507/2977 3318/3506/2977 2916/3510/2977 2554/3511/2977
f 2547/3499/2978 2902/3498/2978 3319/3512/2978 2924/3513/2978
f 2902/3498/2979 2546/3495/2979 2922/3507/2979 3319/3512/2979
f 3319/3512/2980 2922/3507/2980 2554/3511/2980 2917/3514/2980
f 2924/3513/2981 3319/3512/2981 2917/3514/2981 2555/3515/2981
f 2548/3503/2982 2903/3502/2982 3320/3516/2982 2925/3517/2982
f 2903/3502/2983 2547/3499/2983 2924/3513/2983 3320/3516/2983
f 3320/3516/2984 2924/3513/2984 2555/3515/2984 2918/3518/2984
f 2925/3517/2985 3320/3516/2985 2918/3518/2985 2556/3519/2985
f 2549/3475/2986 2904/3505/2986 3321/3520/2986 2926/3521/2986
f 2904/3505/2987 2548/3503/2987 2925/3517/2987 3321/3520/2987
f 3321/3520/2988 2925/3517/2988 2556/3519/2988 2919/3522/2988
f 2926/3521/2989 3321/3520/2989 2919/3522/2989 2557/3523/2989
f 2550/3477/2990 2905/3476/2990 3322/3524/2990 2927/3525/2990
f 2905/3476/2991 2549/3475/2991 2926/3521/2991 3322/3524/2991
f 3322/3524/2992 2926/3521/2992 2557/3523/2992 2920/3526/2992
f 2927/3525/2993 3322/3524/2993 2920/3526/2993 2558/3527/2993
f 2551/3483/2994 3172/3528/2994 3323/3529/2994 2928/3530/2994
f 2600/3531/2995 3173/3532/2995 3323/3529/2995 3172/3528/2995
f 2559/3533/2996 2928/3530/2996 3323/3529/2996 3173/3532/2996
f 2544/3487/2997 2906/3486/2997 3324/3534/2997 2929/3535/2997
f 2906/3486/2998 2551/3483/2998 2928/3530/2998 3324/3534/2998
f 3324/3534/2999 2928/3530/2999 2559/3533/2999 2921/3536/2999
f 2929/3535/3000 3324/3534/3000 2921/3536/3000 2552/3537/3000
f 2545/3491/3001 2900/3490/3001 3325/3538/3001 2923/3508/3001
f 2900/3490/3002 2544/3487/3002 2929/3535/3002 3325/3538/3002
f 3325/3538/3003 2929/3535/3003 2552/3537/3003 2915/3539/3003
f 2923/3508/3004 3325/3538/3004 2915/3539/3004 2553/3509/3004
f 2558/3527/3005 2920/3526/3005 3326/3540/3005 2937/3541/3005
f 2920/3526/3006 2557/3523/3006 2938/3542/3006 3326/3540/3006
f 3326/3540/3007 2938/3542/3007 2565/3543/3007 2935/3544/3007
f 2937/3541/3008 3326/3540/3008 2935/3544/3008 2566/3545/3008
f 2559/3533/3009 3173/3546/3009 3327/3547/3009 2939/3548/3009
f 2600/3549/3010 3174/3550/3010 3327/3547/3010 3173/3546/3010
f 2567/3551/3011 2939/3548/3011 3327/3547/3011 3174/3550/3011
f 2552/3537/3012 2921/3536/3012 3328/3552/3012 2940/3553/3012
f 2921/3536/3013 2559/3533/3013 2939/3548/3013 3328/3552/3013
f 3328/3552/3014 2939/3548/3014 2567/3551/3014 2936/3554/3014
f 2940/3553/3015 3328/3552/3015 2936/3554/3015 2560/3555/3015
f 2553/3509/3016 2915/3539/3016 3329/3556/3016 2941/3557/3016
f 2915/3539/3017 2552/3537/3017 2940/3553/3017 3329/3556/3017
f 3329/3556/3018 2940/3553/3018 2560/3555/3018 2930/3558/3018
f 2941/3557/3019 3329/3556/3019 2930/3558/3019 2561/3559/3019
f 2554/3511/3020 2916/3510/3020 3330/3560/3020 2942/3561/3020
f 2916/3510/3021 2553/3509/3021 2941/3557/3021 3330/3560/3021
f 3330/3560/3022 2941/3557/3022 2561/3559/3022 2931/3562/3022
f 2942/3561/3023 3330/3560/3023 2931/3562/3023 2562/3563/3023
f 2555/3515/3024 2917/3514/3024 3331/3564/3024 2943/3565/3024
f 2917/3514/3025 2554/3511/3025 2942/3561/3025 3331/3564/3025
f 3331/3564/3026 2942/3561/3026 2562/3563/3026 2932/3566/3026
f 2943/3565/3027 3331/3564/3027 2932/3566/3027 2563/3567/3027
f 2556/3519/3028 2918/3518/3028 3332/3568/3028 2944/3569/3028
f 2918/3518/3029 2555/3515/3029 2943/3565/3029 3332/3568/3029
f 3332/3568/3030 2943/3565/3030 2563/3567/3030 2933/3570/3030
f 2944/3569/3031 3332/3568/3031 2933/3570/3031 2564/3571/3031
f 2557/3523/3032 2919/3522/3032 3333/3572/3032 2938/3542/3032
f 2919/3522/3033 2556/3519/3033 2944/3569/3033 3333/3572/3033
f 3333/3572/3034 2944/3569/3034 2564/3571/3034 2934/3573/3034
f 2938/3542/3035 3333/3572/3035 2934/3573/3035 2565/3543/3035
f 2563/3567/3036 2932/3566/3036 3334/3574/3036 2952/3575/3036
f 2932/3566/3037 2562/3563/3037 2953/3576/3037 3334/3574/3037
f 3334/3574/3038 2953/3576/3038 2570/3577/3038 2947/3578/3038
f 2952/3575/3039 3334/3574/3039 2947/3578/3039 2571/3579/3039
f 2564/3571/3040 2933/3570/3040 3335/3580/3040 2954/3581/3040
f 2933/3570/3041 2563/3567/3041 2952/3575/3041 3335/3580/3041
f 3335/3580/3042 2952/3575/3042 2571/3579/3042 2948/3582/3042
f 2954/3581/3043 3335/3580/3043 2948/3582/3043 2572/3583/3043
f 2565/3543/3044 2934/3573/3044 3336/3584/3044 2955/3585/3044
f 2934/3573/3045 2564/3571/3045 2954/3581/3045 3336/3584/3045
f 3336/3584/3046 2954/3581/3046 2572/3583/3046 2949/3586/3046
f 2955/3585/3047 3336/3584/3047 2949/3586/3047 2573/3587/3047
f 2566/3545/3048 2935/3544/3048 3337/3588/3048 2956/3589/3048
f 2935/3544/3049 2565/3543/3049 2955/3585/3049 3337/3588/3049
f 3337/3588/3050 2955/3585/3050 2573/3587/3050 2950/3590/3050
f 2956/3589/3051 3337/3588/3051 2950/3590/3051 2574/3591/3051
f 2567/3551/3052 3174/3592/3052 3338/3593/3052 2957/3594/3052
f 2600/3595/3053 3175/3596/3053 3338/3593/3053 3174/3592/3053
f 2575/3597/3054 2957/3594/3054 3338/3593/3054 3175/3596/3054
f 2560/3555/3055 2936/3554/3055 3339/3598/3055 2958/3599/3055
f 2936/3554/3056 2567/3551/3056 2957/3594/3056 3339/3598/3056
f 3339/3598/3057 2957/3594/3057 2575/3597/3057 2951/3600/3057
f 2958/3599/3058 3339/3598/3058 2951/3600/3058 2568/3601/3058
f 2561/3559/3059 2930/3558/3059 3340/3602/3059 2959/3603/3059
f 2930/3558/3060 2560/3555/3060 2958/3599/3060 3340/3602/3060
f 3340/3602/3061 2958/3599/3061 2568/3601/3061 2945/3604/3061
f 2959/3603/3062 3340/3602/3062 2945/3604/3062 2569/3605/3062
f 2562/3563/3063 2931/3562/3063 3341/3606/3063 2953/3576/3063
f 2931/3562/3064 2561/3559/3064 2959/3603/3064 3341/3606/3064
f 3341/3606/3065 2959/3603/3065 2569/3605/3065 2946/3607/3065
f 2953/3576/3066 3341/3606/3066 2946/3607/3066 2570/3577/3066
f 2575/3597/3067 3175/3608/3067 3342/3609/3067 2968/3610/3067
f 2600/3611/3068 3176/3612/3068 3342/3609/3068 3175/3608/3068
f 2583/3613/3069 2968/3610/3069 3342/3609/3069 3176/3612/3069
f 2568/3601/3070 2951/3600/3070 3343/3614/3070 2969/3615/3070
f 2951/3600/3071 2575/3597/3071 2968/3610/3071 3343/3614/3071
f 3343/3614/3072 2968/3610/3072 2583/3613/3072 2966/3616/3072
f 2969/3615/3073 3343/3614/3073 2966/3616/3073 2576/3617/3073
f 2569/3605/3074 2945/3604/3074 3344/3618/3074 2970/3619/3074
f 2945/3604/3075 2568/3601/3075 2969/3615/3075 3344/3618/3075
f 3344/3618/3076 2969/3615/3076 2576/3617/3076 2960/3620/3076
f 2970/3619/3077 3344/3618/3077 2960/3620/3077 2577/3621/3077
f 2570/3577/3078 2946/3607/3078 3345/3622/3078 2971/3623/3078
f 2946/3607/3079 2569/3605/3079 2970/3619/3079 3345/3622/3079
f 3345/3622/3080 2970/3619/3080 2577/3621/3080 2961/3624/3080
f 2971/3623/3081 3345/3622/3081 2961/3624/3081 2578/3625/3081
f 2571/3579/3082 2947/3578/3082 3346/3626/3082 2972/3627/3082
f 2947/3578/3083 2570/3577/3083 2971/3623/3083 3346/3626/3083
f 3346/3626/3084 2971/3623/3084 2578/3625/3084 2962/3628/3084
f 2972/3627/3085 3346/3626/3085 2962/3628/3085 2579/3629/3085
f 2572/3583/3086 2948/3582/3086 3347/3630/3086 2973/3631/3086
f 2948/3582/3087 2571/3579/3087 2972/3627/3087 3347/3630/3087
f 3347/3630/3088 2972/3627/3088 2579/3629/3088 2963/3632/3088
f 2973/3631/3089 3347/3630/3089 2963/3632/3089 2580/3633/3089
f 2573/3587/3090 2949/3586/3090 3348/3634/3090 2974/3635/3090
f 2949/3586/3091 2572/3583/3091 2973/3631/3091 3348/3634/3091
f 3348/3634/3092 2973/3631/3092 2580/3633/3092 2964/3636/3092
f 2974/3635/3093 3348/3634/3093 2964/3636/3093 2581/3637/3093
f 2574/3591/3094 2950/3590/3094 3349/3638/3094 2967/3639/3094
f 2950/3590/3095 2573/3587/3095 2974/3635/3095 3349/3638/3095
f 3349/3638/3096 2974/3635/3096 2581/3637/3096 2965/3640/3096
f 2967/3639/3097 3349/3638/3097 2965/3640/3097 2582/3641/3097
f 2580/3633/3098 2963/3632/3098 3350/3642/3098 2982/3643/3098
f 2963/3632/3099 2579/3629/3099 2983/3644/3099 3350/3642/3099
f 3350/3642/3100 2983/3644/3100 2587/3645/3100 2978/3646/3100
f 2982/3643/3101 3350/3642/3101 2978/3646/3101 2588/3647/3101
f 2581/3637/3102 2964/3636/3102 3351/3648/3102 2984/3649/3102
f 2964/3636/3103 2580/3633/3103 2982/3643/3103 3351/3648/3103
f 3351/3648/3104 2982/3643/3104 2588/3647/3104 2979/3650/3104
f 2984/3649/3105 3351/3648/3105 2979/3650/3105 2589/3651/3105
f 2582/3641/3106 2965/3640/3106 3352/3652/3106 2985/3653/3106
f 2965/3640/3107 2581/3637/3107 2984/3649/3107 3352/3652/3107
f 3352/3652/3108 2984/3649/3108 2589/3651/3108 2980/3654/3108
f 2985/3653/3109 3352/3652/3109 2980/3654/3109 2590/3655/3109
f 2583/3613/3110 3176/3656/3110 3353/3657/3110 2986/3658/3110
f 2600/3659/3111 3177/3660/3111 3353/3657/3111 3176/3656/3111
f 2591/3661/3112 2986/3658/3112 3353/3657/3112 3177/3660/3112
f 2576/3617/3113 2966/3616/3113 3354/3662/3113 2987/3663/3113
f 2966/3616/3114 2583/3613/3114 2986/3658/3114 3354/3662/3114
f 3354/3662/3115 2986/3658/3115 2591/3661/3115 2981/3664/3115
f 2987/3663/3116 3354/3662/3116 2981/3664/3116 2584/3665/3116
f 2577/3621/3117 2960/3620/3117 3355/3666/3117 2988/3667/3117
f 2960/3620/3118 2576/3617/3118 2987/3663/3118 3355/3666/3118
f 3355/3666/3119 2987/3663/3119 2584/3665/3119 2975/3668/3119
f 2988/3667/3120 3355/3666/3120 2975/3668/3120 2585/3669/3120
f 2578/3625/3121 2961/3624/3121 3356/3670/3121 2989/3671/3121
f 2961/3624/3122 2577/3621/3122 2988/3667/3122 3356/3670/3122
f 3356/3670/3123 2988/3667/3123 2585/3669/3123 2976/3672/3123
f 2989/3671/3124 3356/3670/3124 2976/3672/3124 2586/3673/3124
f 2579/3629/3125 2962/3628/3125 3357/3674/3125 2983/3644/3125
f 2962/3628/3126 2578/3625/3126 2989/3671/3126 3357/3674/3126
f 3357/3674/3127 2989/3671/3127 2586/3673/3127 2977/3675/3127
f 2983/3644/3128 3357/3674/3128 2977/3675/3128 2587/3645/3128
f 2591/3661/3129 3177/3676/3129 3358/3677/3129 2998/3678/3129
f 2600/3679/3130 2990/3680/3130 3358/3677/3130 3177/3676/3130
f 2599/3681/3131 2998/3678/3131 3358/3677/3131 2990/3680/3131
f 2584/3665/3132 2981/3664/3132 3359/3682/3132 2999/3683/3132
f 2981/3664/3133 2591/3661/3133 2998/3678/3133 3359/3682/3133
f 3359/3682/3134 2998/3678/3134 2599/3681/3134 2997/3684/3134
f 2999/3683/3135 3359/3682/3135 2997/3684/3135 2592/3685/3135
f 2585/3669/3136 2975/3668/3136 3360/3686/3136 3000/3687/3136
f 2975/3668/3137 2584/3665/3137 2999/3683/3137 3360/3686/3137
f 3360/3686/3138 2999/3683/3138 2592/3685/3138 2991/3688/3138
f 3000/3687/3139 3360/3686/3139 2991/3688/3139 2593/3689/3139
f 2586/3673/3140 2976/3672/3140 3361/3690/3140 3001/3691/3140
f 2976/3672/3141 2585/3669/3141 3000/3687/3141 3361/3690/3141
f 3361/3690/3142 3000/3687/3142 2593/3689/3142 2992/3692/3142
f 3001/3691/3143 3361/3690/3143 2992/3692/3143 2594/3693/3143
f 2587/3645/3144 2977/3675/3144 3362/3694/3144 3002/3695/3144
f 2977/3675/3145 2586/3673/3145 3001/3691/3145 3362/3694/3145
f 3362/3694/3146 3001/3691/3146 2594/3693/3146 2993/3696/3146
f 3002/3695/3147 3362/3694/3147 2993/3696/3147 2595/3697/3147
f 2588/3647/3148 2978/3646/3148 3363/3698/3148 3003/3699/3148
f 2978/3646/3149 2587/3645/3149 3002/3695/3149 3363/3698/3149
f 3363/3698/3150 3002/3695/3150 2595/3697/3150 2994/3700/3150
f 3003/3699/3151 3363/3698/3151 2994/3700/3151 2596/3701/3151
f 2589/3651/3152 2979/3650/3152 3364/3702/3152 3004/3703/3152
f 2979/3650/3153 2588/3647/3153 3003/3699/3153 3364/3702/3153
f 3364/3702/3154 3003/3699/3154 2596/3701/3154 2995/3704/3154
f 3004/3703/3155 3364/3702/3155 2995/3704/3155 2597/3705/3155
f 2590/3655/3156 2980/3654/3156 3365/3706/3156 3005/3707/3156
f 2980/3654/3157 2589/3651/3157 3004/3703/3157 3365/3706/3157
f 3365/3706/3158 3004/3703/3158 2597/3705/3158 2996/3708/3158
f 3005/3707/3159 3365/3706/3159 2996/3708/3159 2598/3709/3159
f 2596/3701/3160 2994/3700/3160 3366/3710/3160 3013/3711/3160
f 2994/3700/3161 2595/3697/3161 3014/3712/3161 3366/3710/3161
f 3366/3710/3162 3014/3712/3162 2604/3713/3162 3009/3714/3162
f 3013/3711/3163 3366/3710/3163 3009/3714/3163 2605/3715/3163
f 2597/3705/3164 2995/3704/3164 3367/3716/3164 3015/3717/3164
f 2995/3704/3165 2596/3701/3165 3013/3711/3165 3367/3716/3165
f 3367/3716/3166 3013/3711/3166 2605/3715/3166 3010/3718/3166
f 3015/3717/3167 3367/3716/3167 3010/3718/3167 2606/3719/3167
f 2598/3709/3168 2996/3708/3168 3368/3720/3168 3016/3721/3168
f 2996/3708/3169 2597/3705/3169 3015/3717/3169 3368/3720/3169
f 3368/3720/3170 3015/3717/3170 2606/3719/3170 3011/3722/3170
f 3016/3721/3171 3368/3720/3171 3011/3722/3171 2607/3723/3171
f 2599/3681/3172 2990/3724/3172 3369/3725/3172 3017/3726/3172
f 2600/3727/3173 3178/3728/3173 3369/3725/3173 2990/3724/3173
f 2608/3729/3174 3017/3726/3174 3369/3725/3174 3178/3728/3174
f 2592/3685/3175 2997/3684/3175 3370/3730/3175 3018/3731/3175
f 2997/3684/3176 2599/3681/3176 3017/3726/3176 3370/3730/3176
f 3370/3730/3177 3017/3726/3177 2608/3729/3177 3012/3732/3177
f 3018/3731/3178 3370/3730/3178 3012/3732/3178 2601/3733/3178
f 2593/3689/3179 2991/3688/3179 3371/3734/3179 3019/3735/3179
f 2991/3688/3180 2592/3685/3180 3018/3731/3180 3371/3734/3180
f 3371/3734/3181 3018/3731/3181 2601/3733/3181 3006/3736/3181
f 3019/3735/3182 3371/3734/3182 3006/3736/3182 2602/3737/3182
f 2594/3693/3183 2992/3692/3183 3372/3738/3183 3020/3739/3183
f 2992/3692/3184 2593/3689/3184 3019/3735/3184 3372/3738/3184
f 3372/3738/3185 3019/3735/3185 2602/3737/3185 3007/3740/3185
f 3020/3739/3186 3372/3738/3186 3007/3740/3186 2603/3741/3186
f 2595/3697/3187 2993/3696/3187 3373/3742/3187 3014/3712/3187
f 2993/3696/3188 2594/3693/3188 3020/3739/3188 3373/3742/3188
f 3373/3742/3189 3020/3739/3189 2603/3741/3189 3008/3743/3189
f 3014/3712/3190 3373/3742/3190 3008/3743/3190 2604/3713/3190
f 2602/3737/3191 3006/3736/3191 3374/3744/3191 3028/3745/3191
f 3006/3736/3192 2601/3733/3192 3029/3746/3192 3374/3744/3192
f 3374/3744/3193 3029/3746/3193 2609/3747/3193 3021/3748/3193
f 3028/3745/3194 3374/3744/3194 3021/3748/3194 2610/3749/3194
f 2603/3741/3195 3007/3740/3195 3375/3750/3195 3030/3751/3195
f 3007/3740/3196 2602/3737/3196 3028/3745/3196 3375/3750/3196
f 3375/3750/3197 3028/3745/3197 2610/3749/3197 3022/3752/3197
f 3030/3751/3198 3375/3750/3198 3022/3752/3198 2611/3753/3198
f 2604/3713/3199 3008/3743/3199 3376/3754/3199 3031/3755/3199
f 3008/3743/3200 2603/3741/3200 3030/3751/3200 3376/3754/3200
f 3376/3754/3201 3030/3751/3201 2611/3753/3201 3023/3756/3201
f 3031/3755/3202 3376/3754/3202 3023/3756/3202 2612/3757/3202
f 2605/3715/3203 3009/3714/3203 3377/3758/3203 3032/3759/3203
f 3009/3714/3204 2604/3713/3204 3031/3755/3204 3377/3758/3204
f 3377/3758/3205 3031/3755/3205 2612/3757/3205 3024/3760/3205
f 3032/3759/3206 3377/3758/3206 3024/3760/3206 2613/3761/3206
f 2606/3719/3207 3010/3718/3207 3378/3762/3207 3033/3763/3207
f 3010/3718/3208 2605/3715/3208 3032/3759/3208 3378/3762/3208
f 3378/3762/3209 3032/3759/3209 2613/3761/3209 3025/3764/3209
f 3033/3763/3210 3378/3762/3210 3025/3764/3210 2614/3765/3210
f 2607/3723/3211 3011/3722/3211 3379/3766/3211 3034/3767/3211
f 3011/3722/3212 2606/3719/3212 3033/3763/3212 3379/3766/3212
f 3379/3766/3213 3033/3763/3213 2614/3765/3213 3026/3768/3213
f 3034/3767/3214 3379/3766/3214 3026/3768/3214 2615/3769/3214
f 2608/3729/3215 3178/3770/3215 3380/3771/3215 3035/3772/3215
f 2600/3773/3216 3179/3774/3216 3380/3771/3216 3178/3770/3216
f 2616/3775/3217 3035/3772/3217 3380/3771/3217 3179/3774/3217
f 2601/3733/3218 3012/3732/3218 3381/3776/3218 3029/3746/3218
f 3012/3732/3219 2608/3729/3219 3035/3772/3219 3381/3776/3219
f 3381/3776/3220 3035/3772/3220 2616/3775/3220 3027/3777/3220
f 3029/3746/3221 3381/3776/3221 3027/3777/3221 2609/3747/3221
f 2614/3778/3222 3025/3779/3222 3382/3780/3222 3043/3781/3222
f 3025/3779/3223 2613/3782/3223 3044/3783/3223 3382/3780/3223
f 3382/3780/3224 3044/3783/3224 2621/3784/3224 3040/3785/3224
f 3043/3781/3225 3382/3780/3225 3040/3785/3225 2622/3786/3225
f 2615/3787/3226 3026/3788/3226 3383/3789/3226 3045/3790/3226
f 3026/3788/3227 2614/3778/3227 3043/3781/3227 3383/3789/3227
f 3383/3789/3228 3043/3781/3228 2622/3786/3228 3041/3791/3228
f 3045/3790/3229 3383/3789/3229 3041/3791/3229 2623/3792/3229
f 2616/3793/3230 3179/3794/3230 3384/3795/3230 3046/3796/3230
f 2600/3797/3231 3180/3798/3231 3384/3795/3231 3179/3794/3231
f 2624/3799/3232 3046/3796/3232 3384/3795/3232 3180/3798/3232
f 2609/3800/3233 3027/3801/3233 3385/3802/3233 3047/3803/3233
f 3027/3801/3234 2616/3793/3234 3046/3796/3234 3385/3802/3234
f 3385/3802/3235 3046/3796/3235 2624/3799/3235 3042/3804/3235
f 3047/3803/3236 3385/3802/3236 3042/3804/3236 2617/3805/3236
f 2610/3806/3237 3021/3807/3237 3386/3808/3237 3048/3809/3237
f 3021/3807/3238 2609/3800/3238 3047/3803/3238 3386/3808/3238
f 3386/3808/3239 3047/3803/3239 2617/3805/3239 3036/3810/3239
f 3048/3809/3240 3386/3808/3240 3036/3810/3240 2618/3811/3240
f 2611/3812/3241 3022/3813/3241 3387/3814/3241 3049/3815/3241
f 3022/3813/3242 2610/3806/3242 3048/3809/3242 3387/3814/3242
f 3387/3814/3243 3048/3809/3243 2618/3811/3243 3037/3816/3243
f 3049/3815/3244 3387/3814/3244 3037/3816/3244 2619/3817/3244
f 2612/3818/3245 3023/3819/3245 3388/3820/3245 3050/3821/3245
f 3023/3819/3246 2611/3812/3246 3049/3815/3246 3388/3820/3246
f 3388/3820/3247 3049/3815/3247 2619/3817/3247 3038/3822/3247
f 3050/3821/3248 3388/3820/3248 3038/3822/3248 2620/3823/3248
f 2613/3782/3249 3024/3824/3249 3389/3825/3249 3044/3783/3249
f 3024/3824/3250 2612/3818/3250 3050/3821/3250 3389/3825/3250
f 3389/3825/3251 3050/3821/3251 2620/3823/3251 3039/3826/3251
f 3044/3783/3252 3389/3825/3252 3039/3826/3252 2621/3784/3252
f 2618/3811/3253 3036/3810/3253 3390/3827/3253 3058/3828/3253
f 3036/3810/3254 2617/3805/3254 3059/3829/3254 3390/3827/3254
f 3390/3827/3255 3059/3829/3255 2625/3830/3255 3051/3831/3255
f 3058/3828/3256 3390/3827/3256 3051/3831/3256 2626/3832/3256
f 2619/3817/3257 3037/3816/3257 3391/3833/3257 3060/3834/3257
f 3037/3816/3258 2618/3811/3258 3058/3828/3258 3391/3833/3258
f 3391/3833/3259 3058/3828/3259 2626/3832/3259 3052/3835/3259
f 3060/3834/3260 3391/3833/3260 3052/3835/3260 2627/3836/3260
f 2620/3823/3261 3038/3822/3261 3392/3837/3261 3061/3838/3261
f 3038/3822/3262 2619/3817/3262 3060/3834/3262 3392/3837/3262
f 3392/3837/3263 3060/3834/3263 2627/3836/3263 3053/3839/3263
f 3061/3838/3264 3392/3837/3264 3053/3839/3264 2628/3840/3264
f 2621/3784/3265 3039/3826/3265 3393/3841/3265 3062/3842/3265
f 3039/3826/3266 2620/3823/3266 3061/3838/3266 3393/3841/3266
f 3393/3841/3267 3061/3838/3267 2628/3840/3267 3054/3843/3267
f 3062/3842/3268 3393/3841/3268 3054/3843/3268 2629/3844/3268
f 2622/3786/3269 3040/3785/3269 3394/3845/3269 3063/3846/3269
f 3040/3785/3270 2621/3784/3270 3062/3842/3270 3394/3845/3270
f 3394/3845/3271 3062/3842/3271 2629/3844/3271 3055/3847/3271
f 3063/3846/3272 3394/3845/3272 3055/3847/3272 2630/3848/3272
f 2623/3792/3273 3041/3791/3273 3395/3849/3273 3064/3850/3273
f 3041/3791/3274 2622/3786/3274 3063/3846/3274 3395/3849/3274
f 3395/3849/3275 3063/3846/3275 2630/3848/3275 3056/3851/3275
f 3064/3850/3276 3395/3849/3276 3056/3851/3276 2631/3852/3276
f 2624/3799/3277 3180/3853/3277 3396/3854/3277 3065/3855/3277
f 2600/3856/3278 3181/3857/3278 3396/3854/3278 3180/3853/3278
f 2632/3858/3279 3065/3855/3279 3396/3854/3279 3181/3857/3279
f 2617/3805/3280 3042/3804/3280 3397/3859/3280 3059/3829/3280
f 3042/3804/3281 2624/3799/3281 3065/3855/3281 3397/3859/3281
f 3397/3859/3282 3065/3855/3282 2632/3858/3282 3057/3860/3282
f 3059/3829/3283 3397/3859/3283 3057/3860/3283 2625/3830/3283
f 2630/3848/3284 3055/3847/3284 3398/3861/3284 3073/3862/3284
f 3055/3847/3285 2629/3844/3285 3074/3863/3285 3398/3861/3285
f 3398/3861/3286 3074/3863/3286 2637/3864/3286 3070/3865/3286
f 3073/3862/3287 3398/3861/3287 3070/3865/3287 2638/3866/3287
f 2631/3852/3288 3056/3851/3288 3399/3867/3288 3075/3868/3288
f 3056/3851/3289 2630/3848/3289 3073/3862/3289 3399/3867/3289
f 3399/3867/3290 3073/3862/3290 2638/3866/3290 3071/3869/3290
f 3075/3868/3291 3399/3867/3291 3071/3869/3291 2639/3870/3291
f 2632/3858/3292 3181/3871/3292 3400/3872/3292 3076/3873/3292
f 2600/3874/3293 3182/3875/3293 3400/3872/3293 3181/3871/3293
f 2640/3876/3294 3076/3873/3294 3400/3872/3294 3182/3875/3294
f 2625/3830/3295 3057/3860/3295 3401/3877/3295 3077/3878/3295
f 3057/3860/3296 2632/3858/3296 3076/3873/3296 3401/3877/3296
f 3401/3877/3297 3076/3873/3297 2640/3876/3297 3072/3879/3297
f 3077/3878/3298 3401/3877/3298 3072/3879/3298 2633/3880/3298
f 2626/3832/3299 3051/3831/3299 3402/3881/3299 3078/3882/3299
f 3051/3831/3300 2625/3830/3300 3077/3878/3300 3402/3881/3300
f 3402/3881/3301 3077/3878/3301 2633/3880/3301 3066/3883/3301
f 3078/3882/3302 3402/3881/3302 3066/3883/3302 2634/3884/3302
f 2627/3836/3303 3052/3835/3303 3403/3885/3303 3079/3886/3303
f 3052/3835/3304 2626/3832/3304 3078/3882/3304 3403/3885/3304
f 3403/3885/3305 3078/3882/3305 2634/3884/3305 3067/3887/3305
f 3079/3886/3306 3403/3885/3306 3067/3887/3306 2635/3888/3306
f 2628/3840/3307 3053/3839/3307 3404/3889/3307 3080/3890/3307
f 3053/3839/3308 2627/3836/3308 3079/3886/3308 3404/3889/3308
f 3404/3889/3309 3079/3886/3309 2635/3888/3309 3068/3891/3309
f 3080/3890/3310 3404/3889/3310 3068/3891/3310 2636/3892/3310
f 2629/3844/3311 3054/3843/3311 3405/3893/3311 3074/3863/3311
f 3054/3843/3312 2628/3840/3312 3080/3890/3312 3405/3893/3312
f 3405/3893/3313 3080/3890/3313 2636/3892/3313 3069/3894/3313
f 3074/3863/3314 3405/3893/3314 3069/3894/3314 2637/3864/3314
f 2635/3888/3315 3067/3887/3315 3406/3895/3315 3088/3896/3315
f 3067/3887/3316 2634/3884/3316 3089/3897/3316 3406/3895/3316
f 3406/3895/3317 3089/3897/3317 2642/3898/3317 3082/3899/3317
f 3088/3896/3318 3406/3895/3318 3082/3899/3318 2643/3900/3318
f 2636/3892/3319 3068/3891/3319 3407/3901/3319 3090/3902/3319
f 3068/3891/3320 2635/3888/3320 3088/3896/3320 3407/3901/3320
f 3407/3901/3321 3088/3896/3321 2643/3900/3321 3083/3903/3321
f 3090/3902/3322 3407/3901/3322 3083/3903/3322 2644/3904/3322
f 2637/3864/3323 3069/3894/3323 3408/3905/3323 3091/3906/3323
f 3069/3894/3324 2636/3892/3324 3090/3902/3324 3408/3905/3324
f 3408/3905/3325 3090/3902/3325 2644/3904/3325 3084/3907/3325
f 3091/3906/3326 3408/3905/3326 3084/3907/3326 2645/3908/3326
f 2638/3866/3327 3070/3865/3327 3409/3909/3327 3092/3910/3327
f 3070/3865/3328 2637/3864/3328 3091/3906/3328 3409/3909/3328
f 3409/3909/3329 3091/3906/3329 2645/3908/3329 3085/3911/3329
f 3092/3910/3330 3409/3909/3330 3085/3911/3330 2646/3912/3330
f 2639/3870/3331 3071/3869/3331 3410/3913/3331 3093/3914/3331
f 3071/3869/3332 2638/3866/3332 3092/3910/3332 3410/3913/3332
f 3410/3913/3333 3092/3910/3333 2646/3912/3333 3086/3915/3333
f 3093/3914/3334 3410/3913/3334 3086/3915/3334 2647/3916/3334
f 2640/3876/3335 3182/3917/3335 3411/3918/3335 3094/3919/3335
f 2600/3920/3336 3183/3921/3336 3411/3918/3336 3182/3917/3336
f 2648/3922/3337 3094/3919/3337 3411/3918/3337 3183/3921/3337
f 2633/3880/3338 3072/3879/3338 3412/3923/3338 3095/3924/3338
f 3072/3879/3339 2640/3876/3339 3094/3919/3339 3412/3923/3339
f 3412/3923/3340 3094/3919/3340 2648/3922/3340 3087/3925/3340
f 3095/3924/3341 3412/3923/3341 3087/3925/3341 2641/3926/3341
f 2634/3884/3342 3066/3883/3342 3413/3927/3342 3089/3897/3342
f 3066/3883/3343 2633/3880/3343 3095/3924/3343 3413/3927/3343
f 3413/3927/3344 3095/3924/3344 2641/3926/3344 3081/3928/3344
f 3089/3897/3345 3413/3927/3345 3081/3928/3345 2642/3898/3345
f 2647/3916/3346 3086/3915/3346 3414/3929/3346 3103/3930/3346
f 3086/3915/3347 2646/3912/3347 3104/3931/3347 3414/3929/3347
f 3414/3929/3348 3104/3931/3348 2654/3932/3348 3101/3933/3348
f 3103/3930/3349 3414/3929/3349 3101/3933/3349 2655/3934/3349
f 2648/3922/3350 3183/3935/3350 3415/3936/3350 3105/3937/3350
f 2600/3938/3351 3184/3939/3351 3415/3936/3351 3183/3935/3351
f 2656/3940/3352 3105/3937/3352 3415/3936/3352 3184/3939/3352
f 2641/3926/3353 3087/3925/3353 3416/3941/3353 3106/3942/3353
f 3087/3925/3354 2648/3922/3354 3105/3937/3354 3416/3941/3354
f 3416/3941/3355 3105/3937/3355 2656/3940/3355 3102/3943/3355
f 3106/3942/3356 3416/3941/3356 3102/3943/3356 2649/3944/3356
f 2642/3898/3357 3081/3928/3357 3417/3945/3357 3107/3946/3357
f 3081/3928/3358 2641/3926/3358 3106/3942/3358 3417/3945/3358
f 3417/3945/3359 3106/3942/3359 2649/3944/3359 3096/3947/3359
f 3107/3946/3360 3417/3945/3360 3096/3947/3360 2650/3948/3360
f 2643/3900/3361 3082/3899/3361 3418/3949/3361 3108/3950/3361
f 3082/3899/3362 2642/3898/3362 3107/3946/3362 3418/3949/3362
f 3418/3949/3363 3107/3946/3363 2650/3948/3363 3097/3951/3363
f 3108/3950/3364 3418/3949/3364 3097/3951/3364 2651/3952/3364
f 2644/3904/3365 3083/3903/3365 3419/3953/3365 3109/3954/3365
f 3083/3903/3366 2643/3900/3366 3108/3950/3366 3419/3953/3366
f 3419/3953/3367 3108/3950/3367 2651/3952/3367 3098/3955/3367
f 3109/3954/3368 3419/3953/3368 3098/3955/3368 2652/3956/3368
f 2645/3908/3369 3084/3907/3369 3420/3957/3369 3110/3958/3369
f 3084/3907/3370 2644/3904/3370 3109/3954/3370 3420/3957/3370
f 3420/3957/3371 3109/3954/3371 2652/3956/3371 3099/3959/3371
f 3110/3958/3372 3420/3957/3372 3099/3959/3372 2653/3960/3372
f 2646/3912/3373 3085/3911/3373 3421/3961/3373 3104/3931/3373
f 3085/3911/3374 2645/3908/3374 3110/3958/3374 3421/3961/3374
f 3421/3961/3375 3110/3958/3375 2653/3960/3375 3100/3962/3375
f 3104/3931/3376 3421/3961/3376 3100/3962/3376 2654/3932/3376
f 2652/3956/3377 3098/3955/3377 3422/3963/3377 3118/3964/3377
f 3098/3955/3378 2651/3952/3378 3119/3965/3378 3422/3963/3378
f 3422/3963/3379 3119/3965/3379 2659/3966/3379 3113/3967/3379
f 3118/3964/3380 3422/3963/3380 3113/3967/3380 2660/3968/3380
f 2653/3960/3381 3099/3959/3381 3423/3969/3381 3120/3970/3381
f 3099/3959/3382 2652/3956/3382 3118/3964/3382 3423/3969/3382
f 3423/3969/3383 3118/3964/3383 2660/3968/3383 3114/3971/3383
f 3120/3970/3384 3423/3969/3384 3114/3971/3384 2661/3972/3384
f 2654/3932/3385 3100/3962/3385 3424/3973/3385 3121/3974/3385
f 3100/3962/3386 2653/3960/3386 3120/3970/3386 3424/3973/3386
f 3424/3973/3387 3120/3970/3387 2661/3972/3387 3115/3975/3387
f 3121/3974/3388 3424/3973/3388 3115/3975/3388 2662/3976/3388
f 2655/3934/3389 3101/3933/3389 3425/3977/3389 3122/3978/3389
f 3101/3933/3390 2654/3932/3390 3121/3974/3390 3425/3977/3390
f 3425/3977/3391 3121/3974/3391 2662/3976/3391 3116/3979/3391
f 3122/3978/3392 3425/3977/3392 3116/3979/3392 2663/3980/3392
f 2656/3940/3393 3184/3981/3393 3426/3982/3393 3123/3983/3393
f 2600/3984/3394 3185/3985/3394 3426/3982/3394 3184/3981/3394
f 2664/3986/3395 3123/3983/3395 3426/3982/3395 3185/3985/3395
f 2649/3944/3396 3102/3943/3396 3427/3987/3396 3124/3988/3396
f 3102/3943/3397 2656/3940/3397 3123/3983/3397 3427/3987/3397
f 3427/3987/3398 3123/3983/3398 2664/3986/3398 3117/3989/3398
f 3124/3988/3399 3427/3987/3399 3117/3989/3399 2657/3990/3399
f 2650/3948/3400 3096/3947/3400 3428/3991/3400 3125/3992/3400
f 3096/3947/3401 2649/3944/3401 3124/3988/3401 3428/3991/3401
f 3428/3991/3402 3124/3988/3402 2657/3990/3402 3111/3993/3402
f 3125/3992/3403 3428/3991/3403 3111/3993/3403 2658/3994/3403
f 2651/3952/3404 3097/3951/3404 3429/3995/3404 3119/3965/3404
f 3097/3951/3405 2650/3948/3405 3125/3992/3405 3429/3995/3405
f 3429/3995/3406 3125/3992/3406 2658/3994/3406 3112/3996/3406
f 3119/3965/3407 3429/3995/3407 3112/3996/3407 2659/3966/3407
f 2664/3986/3408 3185/3997/3408 3430/3998/3408 3134/3999/3408
f 2600/4000/3409 3186/4001/3409 3430/3998/3409 3185/3997/3409
f 2672/4002/3410 3134/3999/3410 3430/3998/3410 3186/4001/3410
f 2657/3990/3411 3117/3989/3411 3431/4003/3411 3135/4004/3411
f 3117/3989/3412 2664/3986/3412 3134/3999/3412 3431/4003/3412
f 3431/4003/3413 3134/3999/3413 2672/4002/3413 3132/4005/3413
f 3135/4004/3414 3431/4003/3414 3132/4005/3414 2665/4006/3414
f 2658/3994/3415 3111/3993/3415 3432/4007/3415 3136/4008/3415
f 3111/3993/3416 2657/3990/3416 3135/4004/3416 3432/4007/3416
f 3432/4007/3417 3135/4004/3417 2665/4006/3417 3126/4009/3417
f 3136/4008/3418 3432/4007/3418 3126/4009/3418 2666/4010/3418
f 2659/3966/3419 3112/3996/3419 3433/4011/3419 3137/4012/3419
f 3112/3996/3420 2658/3994/3420 3136/4008/3420 3433/4011/3420
f 3433/4011/3421 3136/4008/3421 2666/4010/3421 3127/4013/3421
f 3137/4012/3422 3433/4011/3422 3127/4013/3422 2667/4014/3422
f 2660/3968/3423 3113/3967/3423 3434/4015/3423 3138/4016/3423
f 3113/3967/3424 2659/3966/3424 3137/4012/3424 3434/4015/3424
f 3434/4015/3425 3137/4012/3425 2667/4014/3425 3128/4017/3425
f 3138/4016/3426 3434/4015/3426 3128/4017/3426 2668/4018/3426
f 2661/3972/3427 3114/3971/3427 3435/4019/3427 3139/4020/3427
f 3114/3971/3428 2660/3968/3428 3138/4016/3428 3435/4019/3428
f 3435/4019/3429 3138/4016/3429 2668/4018/3429 3129/4021/3429
f 3139/4020/3430 3435/4019/3430 3129/4021/3430 2669/4022/3430
f 2662/3976/3431 3115/3975/3431 3436/4023/3431 3140/4024/3431
f 3115/3975/3432 2661/3972/3432 3139/4020/3432 3436/4023/3432
f 3436/4023/3433 3139/4020/3433 2669/4022/3433 3130/4025/3433
f 3140/4024/3434 3436/4023/3434 3130/4025/3434 2670/4026/3434
f 2663/3980/3435 3116/3979/3435 3437/4027/3435 3133/4028/3435
f 3116/3979/3436 2662/3976/3436 3140/4024/3436 3437/4027/3436
f 3437/4027/3437 3140/4024/3437 2670/4026/3437 3131/4029/3437
f 3133/4028/3438 3437/4027/3438 3131/4029/3438 2671/4030/3438
f 2668/4018/3439 3128/4017/3439 3438/4031/3439 3187/4032/3439
f 3128/4017/3440 2667/4014/3440 3144/4033/3440 3438/4031/3440
f 3438/4031/3441 3144/4033/3441 2675/2958/3441 3151/2956/3441
f 3187/4032/3442 3438/4031/3442 3151/2956/3442 2430/2951/3442
f 2669/4022/3443 3129/4021/3443 3439/4034/3443 3188/4035/3443
f 3129/4021/3444 2668/4018/3444 3187/4032/3444 3439/4034/3444
f 3439/4034/3445 3187/4032/3445 2430/2951/3445 2685/2948/3445
f 3188/4035/3446 3439/4034/3446 2685/2948/3446 2429/2947/3446
f 2670/4026/3447 3130/4025/3447 3440/4036/3447 3189/4037/3447
f 3130/4025/3448 2669/4022/3448 3188/4035/3448 3440/4036/3448
f 3440/4036/3449 3188/4035/3449 2429/2947/3449 2684/2993/3449
f 3189/4037/3450 3440/4036/3450 2684/2993/3450 2428/2988/3450
f 2671/4030/3451 3131/4029/3451 3441/4038/3451 3145/4039/3451
f 3131/4029/3452 2670/4026/3452 3189/4037/3452 3441/4038/3452
f 3441/4038/3453 3189/4037/3453 2428/2988/3453 3150/2985/3453
f 3145/4039/3454 3441/4038/3454 3150/2985/3454 2676/2984/3454
f 2672/4002/3455 3186/4040/3455 3442/4041/3455 3146/4042/3455
f 2600/4043/3456 3152/4044/3456 3442/4041/3456 3186/4040/3456
f 2677/2976/3457 3146/4042/3457 3442/4041/3457 3152/4044/3457
f 2665/4006/3458 3132/4005/3458 3443/4045/3458 3147/4046/3458
f 3132/4005/3459 2672/4002/3459 3146/4042/3459 3443/4045/3459
f 3443/4045/3460 3146/4042/3460 2677/2976/3460 3143/2974/3460
f 3147/4046/3461 3443/4045/3461 3143/2974/3461 2673/2970/3461
f 2666/4010/3462 3126/4009/3462 3444/4047/3462 3148/4048/3462
f 3126/4009/3463 2665/4006/3463 3147/4046/3463 3444/4047/3463
f 3444/4047/3464 3147/4046/3464 2673/2970/3464 3141/2968/3464
f 3148/4048/3465 3444/4047/3465 3141/2968/3465 2674/2964/3465
f 2667/4014/3466 3127/4013/3466 3445/4049/3466 3144/4033/3466
f 3127/4013/3467 2666/4010/3467 3148/4048/3467 3445/4049/3467
f 3445/4049/3468 3148/4048/3468 2674/2964/3468 3142/2962/3468
f 3144/4033/3469 3445/4049/3469 3142/2962/3469 2675/2958/3469
g Cube.002_Cube.003
v 0.695097 2.473337 1.554314
v 0.893371 1.008427 1.292784
v 1.133206 1.127297 1.754842
v 0.304613 1.523771 1.413103
v 1.847332 1.851092 1.311905
v 1.122438 2.307439 0.533123
v 1.694517 1.347500 1.164810
v 0.621643 1.464826 1.798353
v 1.622849 2.178608 1.752690
v 1.235667 1.979694 1.989272
v 1.004933 2.067701 0.408302
v 1.739540 1.474007 1.740229
v 0.440848 2.368043 1.202364
v 0.911552 2.578746 0.840102
v 0.848294 1.175163 0.811453
v 0.442540 1.898587 0.847014
vn 0.9578 -0.2872 -0.0118
vn 0.4436 -0.8918 0.0891
vn -0.5423 -0.2650 -0.7973
vn -0.9799 0.1180 -0.1606
vn -0.6684 -0.7200 -0.1868
vn -0.0860 -0.2546 0.9632
vn 0.1834 -0.2811 0.9420
vn -0.3587 0.5633 -0.7443
vn -0.6458 0.4389 -0.6248
vn 0.6614 0.7242 -0.1949
vn -0.7815 -0.4154 -0.4655
vn -0.5243 -0.7529 0.3978
vn 0.2534 0.9430 0.2160
vn -0.5911 0.2301 0.7731
vn 0.0718 0.7025 0.7081
vn 0.7295 -0.0152 -0.6838
vn 0.9212 0.1462 0.3605
vn 0.4951 0.0667 0.8663
vn -0.8180 0.2601 0.5131
vn -0.3994 0.9167 0.0143
vn 0.4210 -0.4337 -0.7967
vn 0.3209 -0.8852 -0.3367
vt 0.353793 0.570506
vt 0.221212 0.626914
vt 0.229007 0.523868
vt 0.429000 0.143207
vt 0.503814 0.228458
vt 0.377938 0.402995
vt 0.375000 0.177643
vt 0.830749 0.500000
vt 0.778201 0.597763
vt 0.731400 0.563157
vt 0.750691 0.654040
vt 0.847688 0.615258
vt 0.875000 0.500000
vt 0.408549 0.899854
vt 0.476514 1.000000
vt 0.375000 1.000000
vt 0.225155 0.725252
vt 0.125000 0.700504
vt 0.552525 0.568757
vt 0.561099 0.485695
vt 0.570825 0.653041
vt 0.658516 0.626313
vt 0.361646 0.704347
vt 0.503386 0.092874
vt 0.586916 0.113140
vt 0.568511 0.851875
vt 0.578028 1.000000
vt 0.415981 0.799712
vt 0.655566 0.750930
vt 0.697420 0.668614
vt 0.606820 0.653373
vt 0.546763 0.301169
s 0
g Cube.002_Material.003
usemtl Material.003
f 3450/4050/3470 3457/4051/3470 3452/4052/3470
f 3448/4053/3471 3447/4054/3471 3452/4055/3471 3457/4056/3471
f 3460/4057/3472 3461/4058/3472 3456/4059/3472
f 3458/4060/3473 3461/4058/3473 3449/4061/3473
f 3447/4062/3474 3449/4061/3474 3460/4057/3474
f 3455/4063/3475 3453/4064/3475 3448/4065/3475
f 3457/4051/3476 3455/4066/3476 3448/4067/3476
f 3451/4068/3477 3456/4069/3477 3459/4070/3477
f 3461/4058/3478 3458/4060/3478 3459/4071/3478 3456/4059/3478
f 3450/4050/3479 3451/4068/3479 3459/4070/3479 3454/4072/3479
f 3460/4057/3480 3449/4061/3480 3461/4058/3480
f 3453/4073/3481 3449/4074/3481 3447/4054/3481 3448/4053/3481
f 3459/4070/3482 3446/4075/3482 3454/4072/3482
f 3446/4075/3483 3449/4076/3483 3453/4064/3483 3455/4063/3483
f 3455/4063/3484 3454/4077/3484 3446/4075/3484
f 3452/4055/3485 3456/4069/3485 3451/4068/3485 3450/4050/3485
f 3450/4050/3486 3454/4072/3486 3457/4051/3486
f 3454/4072/3487 3455/4066/3487 3457/4051/3487
f 3449/4061/3488 3446/4078/3488 3458/4079/3488
f 3446/4078/3489 3459/4080/3489 3458/4079/3489
f 3456/4069/3490 3452/4055/3490 3460/4081/3490
f 3452/4055/3491 3447/4054/3491 3460/4081/3491
g Cube.002_Cube.003
v 0.557077 1.662800 0.345795
v 0.323044 2.779011 0.410155
v 0.408331 2.646950 0.784831
v 0.721824 2.409083 0.151364
v -0.229235 2.094984 0.816765
v -0.190248 1.835989 -0.024288
v -0.208808 2.492996 0.698234
v 0.725697 2.412989 0.533601
v 0.115030 1.828532 0.936177
v 0.457714 1.981641 0.901026
v -0.181216 2.031237 -0.134236
v 0.045434 2.356859 1.043159
v 0.533936 1.777946 0.026781
v 0.081037 1.620320 0.028810
v 0.112944 2.687049 0.095810
v 0.362249 2.156664 -0.139985
vn -0.7391 0.2268 0.6343
vn -0.2751 0.8512 0.4470
vn -0.0945 0.3670 -0.9254
vn 0.6467 -0.0422 -0.7616
vn 0.3982 0.7738 -0.4925
vn 0.6869 0.1742 0.7055
vn 0.4670 0.1857 0.8645
vn -0.2081 -0.4726 -0.8564
vn 0.0897 -0.3415 -0.9356
vn -0.6382 -0.7443 0.1971
vn 0.3033 0.5025 -0.8096
vn 0.6637 0.7464 0.0482
vn -0.0634 -0.9722 0.2255
vn 0.9477 -0.2595 0.1859
vn 0.3940 -0.7648 0.5097
vn -0.9982 0.0294 -0.0524
vn -0.4755 -0.2343 0.8479
vn 0.1767 -0.1729 0.9690
vn 0.9542 -0.2524 -0.1603
vn 0.3074 -0.8877 -0.3427
vn -0.8308 0.4746 -0.2908
vn -0.4547 0.8896 0.0437
vt 0.353793 0.570506
vt 0.221212 0.626914
vt 0.229007 0.523868
vt 0.429000 0.143207
vt 0.503814 0.228458
vt 0.377938 0.402995
vt 0.375000 0.177643
vt 0.830749 0.500000
vt 0.778201 0.597763
vt 0.731400 0.563157
vt 0.750691 0.654040
vt 0.847688 0.615258
vt 0.875000 0.500000
vt 0.408549 0.899854
vt 0.476514 1.000000
vt 0.375000 1.000000
vt 0.225155 0.725252
vt 0.125000 0.700504
vt 0.552525 0.568757
vt 0.561099 0.485695
vt 0.570825 0.653041
vt 0.658516 0.626313
vt 0.361646 0.704347
vt 0.503386 0.092874
vt 0.586916 0.113140
vt 0.568511 0.851875
vt 0.578028 1.000000
vt 0.415981 0.799712
vt 0.655566 0.750930
vt 0.697420 0.668614
vt 0.606820 0.653373
vt 0.546763 0.301169
s 0
g Cube.002_Material.003
usemtl Material.003
f 3466/4082/3492 3473/4083/3492 3468/4084/3492
f 3464/4085/3493 3463/4086/3493 3468/4087/3493 3473/4088/3493
f 3476/4089/3494 3477/4090/3494 3472/4091/3494
f 3474/4092/3495 3477/4090/3495 3465/4093/3495
f 3463/4094/3496 3465/4093/3496 3476/4089/3496
f 3471/4095/3497 3469/4096/3497 3464/4097/3497
f 3473/4083/3498 3471/4098/3498 3464/4099/3498
f 3467/4100/3499 3472/4101/3499 3475/4102/3499
f 3477/4090/3500 3474/4092/3500 3475/4103/3500 3472/4091/3500
f 3466/4082/3501 3467/4100/3501 3475/4102/3501 3470/4104/3501
f 3476/4089/3502 3465/4093/3502 3477/4090/3502
f 3469/4105/3503 3465/4106/3503 3463/4086/3503 3464/4085/3503
f 3475/4102/3504 3462/4107/3504 3470/4104/3504
f 3462/4107/3505 3465/4108/3505 3469/4096/3505 3471/4095/3505
f 3471/4095/3506 3470/4109/3506 3462/4107/3506
f 3468/4087/3507 3472/4101/3507 3467/4100/3507 3466/4082/3507
f 3466/4082/3508 3470/4104/3508 3473/4083/3508
f 3470/4104/3509 3471/4098/3509 3473/4083/3509
f 3465/4093/3510 3462/4110/3510 3474/4111/3510
f 3462/4110/3511 3475/4112/3511 3474/4111/3511
f 3472/4101/3512 3468/4087/3512 3476/4113/3512
f 3468/4087/3513 3463/4086/3513 3476/4113/3513
g Cube.002_Cube.003
v 1.842170 2.098774 0.004396
v 0.448400 0.807496 -0.033062
v 0.198803 1.390722 -0.266482
v 1.351550 0.965170 -0.437663
v 0.426174 2.107241 0.919264
v 1.701475 1.475775 1.269270
v 0.147035 1.486484 0.795879
v 0.905266 1.391219 -0.591843
v 0.750759 2.565063 0.420237
v 0.803599 2.335326 -0.160924
v 1.624215 1.112875 1.230189
v 0.023353 2.039791 0.307994
v 2.077251 1.598482 0.123943
v 2.011007 1.797304 0.893723
v 0.804197 0.567388 0.451518
v 1.775976 0.948522 0.329612
vn -0.8180 0.2665 0.5097
vn -0.9467 -0.3218 -0.0171
vn 0.3802 -0.8965 0.2277
vn 0.7592 -0.4881 -0.4305
vn -0.0323 -0.9048 -0.4246
vn -0.3926 0.3466 -0.8519
vn -0.5791 0.4470 -0.6818
vn 0.8387 -0.2316 0.4929
vn 0.9015 -0.3832 0.2010
vn 0.1453 0.6840 0.7149
vn 0.3349 -0.9196 -0.2052
vn -0.3100 -0.5195 -0.7962
vn 0.4504 0.8681 0.2088
vn 0.3309 0.3122 -0.8905
vn 0.2596 0.9059 -0.3345
vn -0.2913 -0.0522 0.9552
vn -0.5880 0.7492 0.3048
vn -0.5104 0.7828 -0.3559
vn 0.5702 0.0724 -0.8183
vn 0.9074 0.4192 -0.0302
vn -0.3603 -0.5421 0.7592
vn -0.7453 -0.6224 0.2389
vt 0.353793 0.570506
vt 0.221212 0.626914
vt 0.229007 0.523868
vt 0.429000 0.143207
vt 0.503814 0.228458
vt 0.377938 0.402995
vt 0.375000 0.177643
vt 0.830749 0.500000
vt 0.778201 0.597763
vt 0.731400 0.563157
vt 0.750691 0.654040
vt 0.847688 0.615258
vt 0.875000 0.500000
vt 0.408549 0.899854
vt 0.476514 1.000000
vt 0.375000 1.000000
vt 0.225155 0.725252
vt 0.125000 0.700504
vt 0.552525 0.568757
vt 0.561099 0.485695
vt 0.570825 0.653041
vt 0.658516 0.626313
vt 0.361646 0.704347
vt 0.503386 0.092874
vt 0.586916 0.113140
vt 0.568511 0.851875
vt 0.578028 1.000000
vt 0.415981 0.799712
vt 0.655566 0.750930
vt 0.697420 0.668614
vt 0.606820 0.653373
vt 0.546763 0.301169
s 0
g Cube.002_Material.003
usemtl Material.003
f 3482/4114/3514 3489/4115/3514 3484/4116/3514
f 3480/4117/3515 3479/4118/3515 3484/4119/3515 3489/4120/3515
f 3492/4121/3516 3493/4122/3516 3488/4123/3516
f 3490/4124/3517 3493/4122/3517 3481/4125/3517
f 3479/4126/3518 3481/4125/3518 3492/4121/3518
f 3487/4127/3519 3485/4128/3519 3480/4129/3519
f 3489/4115/3520 3487/4130/3520 3480/4131/3520
f 3483/4132/3521 3488/4133/3521 3491/4134/3521
f 3493/4122/3522 3490/4124/3522 3491/4135/3522 3488/4123/3522
f 3482/4114/3523 3483/4132/3523 3491/4134/3523 3486/4136/3523
f 3492/4121/3524 3481/4125/3524 3493/4122/3524
f 3485/4137/3525 3481/4138/3525 3479/4118/3525 3480/4117/3525
f 3491/4134/3526 3478/4139/3526 3486/4136/3526
f 3478/4139/3527 3481/4140/3527 3485/4128/3527 3487/4127/3527
f 3487/4127/3528 3486/4141/3528 3478/4139/3528
f 3484/4119/3529 3488/4133/3529 3483/4132/3529 3482/4114/3529
f 3482/4114/3530 3486/4136/3530 3489/4115/3530
f 3486/4136/3531 3487/4130/3531 3489/4115/3531
f 3481/4125/3532 3478/4142/3532 3490/4143/3532
f 3478/4142/3533 3491/4144/3533 3490/4143/3533
f 3488/4133/3534 3484/4119/3534 3492/4145/3534
f 3484/4119/3535 3479/4118/3535 3492/4145/3535
g Cube.002_Cube.003
v -0.503232 0.347732 -0.240046
v -1.416378 2.182868 0.643251
v -1.895102 1.569894 0.802668
v -0.439671 1.533535 0.741856
v -2.203052 1.209784 -0.776739
v -0.628539 1.551646 -1.382240
v -2.202930 1.909989 -0.364721
v -1.075046 1.186893 0.926450
v -1.959425 0.416609 -0.477551
v -1.686394 0.407210 0.206505
v -0.543060 1.943296 -1.205281
v -2.483370 1.182147 0.039476
v -0.054181 0.833994 -0.295874
v -0.365193 0.955390 -1.171393
v -1.025365 2.498672 0.072765
v -0.129913 1.703278 -0.225725
vn -0.9314 0.1847 -0.3136
vn -0.7384 0.5697 0.3607
vn 0.6454 0.7590 -0.0862
vn 0.9479 0.0573 0.3135
vn 0.3826 0.6719 0.6342
vn -0.3447 -0.4766 0.8088
vn -0.5810 -0.4515 0.6772
vn 0.7682 0.1167 -0.6294
vn 0.9317 0.1338 -0.3376
vn -0.2454 -0.4117 -0.8776
vn 0.6858 0.6471 0.3331
vn 0.0472 0.2881 0.9564
vn 0.0485 -0.8398 -0.5407
vn 0.3339 -0.6799 0.6528
vn -0.0481 -0.9988 0.0055
vn -0.4065 0.4582 -0.7904
vn -0.8690 -0.3844 -0.3115
vn -0.6997 -0.6614 0.2702
vn 0.6300 -0.5151 0.5812
vn 0.6740 -0.6604 -0.3310
vn -0.2521 0.8491 -0.4641
vn -0.4850 0.8624 0.1450
vt 0.353793 0.570506
vt 0.221212 0.626914
vt 0.229007 0.523868
vt 0.429000 0.143207
vt 0.503814 0.228458
vt 0.377938 0.402995
vt 0.375000 0.177643
vt 0.830749 0.500000
vt 0.778201 0.597763
vt 0.731400 0.563157
vt 0.750691 0.654040
vt 0.847688 0.615258
vt 0.875000 0.500000
vt 0.408549 0.899854
vt 0.476514 1.000000
vt 0.375000 1.000000
vt 0.225155 0.725252
vt 0.125000 0.700504
vt 0.552525 0.568757
vt 0.561099 0.485695
vt 0.570825 0.653041
vt 0.658516 0.626313
vt 0.361646 0.704347
vt 0.503386 0.092874
vt 0.586916 0.113140
vt 0.568511 0.851875
vt 0.578028 1.000000
vt 0.415981 0.799712
vt 0.655566 0.750930
vt 0.697420 0.668614
vt 0.606820 0.653373
vt 0.546763 0.301169
s 0
g Cube.002_Material.003
usemtl Material.003
f 3498/4146/3536 3505/4147/3536 3500/4148/3536
f 3496/4149/3537 3495/4150/3537 3500/4151/3537 3505/4152/3537
f 3508/4153/3538 3509/4154/3538 3504/4155/3538
f 3506/4156/3539 3509/4154/3539 3497/4157/3539
f 3495/4158/3540 3497/4157/3540 3508/4153/3540
f 3503/4159/3541 3501/4160/3541 3496/4161/3541
f 3505/4147/3542 3503/4162/3542 3496/4163/3542
f 3499/4164/3543 3504/4165/3543 3507/4166/3543
f 3509/4154/3544 3506/4156/3544 3507/4167/3544 3504/4155/3544
f 3498/4146/3545 3499/4164/3545 3507/4166/3545 3502/4168/3545
f 3508/4153/3546 3497/4157/3546 3509/4154/3546
f 3501/4169/3547 3497/4170/3547 3495/4150/3547 3496/4149/3547
f 3507/4166/3548 3494/4171/3548 3502/4168/3548
f 3494/4171/3549 3497/4172/3549 3501/4160/3549 3503/4159/3549
f 3503/4159/3550 3502/4173/3550 3494/4171/3550
f 3500/4151/3551 3504/4165/3551 3499/4164/3551 3498/4146/3551
f 3498/4146/3552 3502/4168/3552 3505/4147/3552
f 3502/4168/3553 3503/4162/3553 3505/4147/3553
f 3497/4157/3554 3494/4174/3554 3506/4175/3554
f 3494/4174/3555 3507/4176/3555 3506/4175/3555
f 3504/4165/3556 3500/4151/3556 3508/4177/3556
f 3500/4151/3557 3495/4150/3557 3508/4177/3557
g Cube.002_Cube.003
v -0.830959 0.864651 1.151050
v -0.221439 -0.099765 1.819030
v -0.068366 0.312066 1.986683
v -0.865985 0.140290 1.705194
v 0.314586 0.613451 1.140240
v -0.406005 0.226057 0.531904
v 0.342446 0.196331 1.378581
v -0.594010 0.418824 1.915420
v 0.021182 1.027760 1.263584
v -0.244484 0.973798 1.605438
v -0.428630 -0.016895 0.620376
v 0.329618 0.639625 1.650788
v -1.002354 0.526322 1.046392
v -0.668463 0.527245 0.603048
v -0.298699 -0.314953 1.431036
v -0.852499 0.033372 1.104677
vn 0.9983 0.0485 -0.0319
vn 0.7188 -0.4076 0.5632
vn -0.4002 -0.8790 -0.2591
vn -0.9573 -0.2875 0.0297
vn -0.3781 -0.7756 0.5054
vn -0.0170 0.4957 0.8683
vn 0.2458 0.5322 0.8102
vn -0.5114 -0.2516 -0.8217
vn -0.7416 -0.3216 -0.5887
vn 0.3793 0.5053 -0.7751
vn -0.5816 -0.8030 0.1299
vn -0.2455 -0.3448 0.9060
vn -0.0886 0.8362 -0.5412
vn -0.6524 0.5490 0.5225
vn -0.1890 0.9819 0.0081
vn 0.7071 -0.3092 -0.6359
vn 0.8073 0.5877 -0.0539
vn 0.4218 0.7860 0.4519
vn -0.8696 0.3258 0.3709
vn -0.6882 0.5087 -0.5173
vn 0.5625 -0.7427 -0.3632
vn 0.6115 -0.7373 0.2872
vt 0.353793 0.570506
vt 0.221212 0.626914
vt 0.229007 0.523868
vt 0.429000 0.143207
vt 0.503814 0.228458
vt 0.377938 0.402995
vt 0.375000 0.177643
vt 0.830749 0.500000
vt 0.778201 0.597763
vt 0.731400 0.563157
vt 0.750691 0.654040
vt 0.847688 0.615258
vt 0.875000 0.500000
vt 0.408549 0.899854
vt 0.476514 1.000000
vt 0.375000 1.000000
vt 0.225155 0.725252
vt 0.125000 0.700504
vt 0.552525 0.568757
vt 0.561099 0.485695
vt 0.570825 0.653041
vt 0.658516 0.626313
vt 0.361646 0.704347
vt 0.503386 0.092874
vt 0.586916 0.113140
vt 0.568511 0.851875
vt 0.578028 1.000000
vt 0.415981 0.799712
vt 0.655566 0.750930
vt 0.697420 0.668614
vt 0.606820 0.653373
vt 0.546763 0.301169
s 0
g Cube.002_Material.003
usemtl Material.003
f 3514/4178/3558 3521/4179/3558 3516/4180/3558
f 3512/4181/3559 3511/4182/3559 3516/4183/3559 3521/4184/3559
f 3524/4185/3560 3525/4186/3560 3520/4187/3560
f 3522/4188/3561 3525/4186/3561 3513/4189/3561
f 3511/4190/3562 3513/4189/3562 3524/4185/3562
f 3519/4191/3563 3517/4192/3563 3512/4193/3563
f 3521/4179/3564 3519/4194/3564 3512/4195/3564
f 3515/4196/3565 3520/4197/3565 3523/4198/3565
f 3525/4186/3566 3522/4188/3566 3523/4199/3566 3520/4187/3566
f 3514/4178/3567 3515/4196/3567 3523/4198/3567 3518/4200/3567
f 3524/4185/3568 3513/4189/3568 3525/4186/3568
f 3517/4201/3569 3513/4202/3569 3511/4182/3569 3512/4181/3569
f 3523/4198/3570 3510/4203/3570 3518/4200/3570
f 3510/4203/3571 3513/4204/3571 3517/4192/3571 3519/4191/3571
f 3519/4191/3572 3518/4205/3572 3510/4203/3572
f 3516/4183/3573 3520/4197/3573 3515/4196/3573 3514/4178/3573
f 3514/4178/3574 3518/4200/3574 3521/4179/3574
f 3518/4200/3575 3519/4194/3575 3521/4179/3575
f 3513/4189/3576 3510/4206/3576 3522/4207/3576
f 3510/4206/3577 3523/4208/3577 3522/4207/3577
f 3520/4197/3578 3516/4183/3578 3524/4209/3578
f 3516/4183/3579 3511/4182/3579 3524/4209/3579
g Cube.002_Cube.003
v -0.206723 -0.089834 -1.392502
v 1.561054 0.785058 -1.318267
v 1.508931 0.354627 -0.766038
v 1.017670 0.151208 -1.939836
v 0.361731 1.036341 -0.178150
v -0.344966 1.372569 -1.483682
v 0.983066 1.277479 -0.446444
v 1.160034 -0.091418 -1.342177
v 0.100253 0.301485 -0.184699
v 0.474269 -0.125275 -0.504542
v -0.058770 1.524717 -1.696059
v 0.980040 0.604728 -0.057907
v -0.138489 0.202197 -1.897589
v -0.574814 0.816248 -1.552340
v 1.216766 1.257364 -1.650648
v 0.358779 0.758175 -2.104721
vn 0.1774 0.4916 0.8526
vn 0.8392 0.3280 0.4338
vn 0.1397 0.5240 -0.8402
vn -0.0484 -0.3104 -0.9494
vn 0.7272 0.0481 -0.6848
vn 0.4654 -0.8137 0.3481
vn 0.4588 -0.6729 0.5803
vn -0.6716 0.3576 -0.6489
vn -0.4953 0.1600 -0.8539
vn -0.8136 0.2799 0.5096
vn 0.3826 0.1686 -0.9084
vn 0.8713 -0.3906 -0.2970
vn -0.8944 -0.3058 0.3264
vn 0.0057 -0.9823 -0.1871
vn -0.5353 -0.7542 0.3804
vn -0.2092 0.9125 0.3515
vn -0.1585 0.0476 0.9862
vn 0.0726 -0.5566 0.8276
vn -0.0564 -0.8610 -0.5054
vn -0.8454 -0.4049 -0.3483
vn 0.2043 0.9786 0.0233
vn 0.7529 0.6441 0.1354
vt 0.353793 0.570506
vt 0.221212 0.626914
vt 0.229007 0.523868
vt 0.429000 0.143207
vt 0.503814 0.228458
vt 0.377938 0.402995
vt 0.375000 0.177643
vt 0.830749 0.500000
vt 0.778201 0.597763
vt 0.731400 0.563157
vt 0.750691 0.654040
vt 0.847688 0.615258
vt 0.875000 0.500000
vt 0.408549 0.899854
vt 0.476514 1.000000
vt 0.375000 1.000000
vt 0.225155 0.725252
vt 0.125000 0.700504
vt 0.552525 0.568757
vt 0.561099 0.485695
vt 0.570825 0.653041
vt 0.658516 0.626313
vt 0.361646 0.704347
vt 0.503386 0.092874
vt 0.586916 0.113140
vt 0.568511 0.851875
vt 0.578028 1.000000
vt 0.415981 0.799712
vt 0.655566 0.750930
vt 0.697420 0.668614
vt 0.606820 0.653373
vt 0.546763 0.301169
s 0
g Cube.002_Material.003
usemtl Material.003
f 3530/4210/3580 3537/4211/3580 3532/4212/3580
f 3528/4213/3581 3527/4214/3581 3532/4215/3581 3537/4216/3581
f 3540/4217/3582 3541/4218/3582 3536/4219/3582
f 3538/4220/3583 3541/4218/3583 3529/4221/3583
f 3527/4222/3584 3529/4221/3584 3540/4217/3584
f 3535/4223/3585 3533/4224/3585 3528/4225/3585
f 3537/4211/3586 3535/4226/3586 3528/4227/3586
f 3531/4228/3587 3536/4229/3587 3539/4230/3587
f 3541/4218/3588 3538/4220/3588 3539/4231/3588 3536/4219/3588
f 3530/4210/3589 3531/4228/3589 3539/4230/3589 3534/4232/3589
f 3540/4217/3590 3529/4221/3590 3541/4218/3590
f 3533/4233/3591 3529/4234/3591 3527/4214/3591 3528/4213/3591
f 3539/4230/3592 3526/4235/3592 3534/4232/3592
f 3526/4235/3593 3529/4236/3593 3533/4224/3593 3535/4223/3593
f 3535/4223/3594 3534/4237/3594 3526/4235/3594
f 3532/4215/3595 3536/4229/3595 3531/4228/3595 3530/4210/3595
f 3530/4210/3596 3534/4232/3596 3537/4211/3596
f 3534/4232/3597 3535/4226/3597 3537/4211/3597
f 3529/4221/3598 3526/4238/3598 3538/4239/3598
f 3526/4238/3599 3539/4240/3599 3538/4239/3599
f 3536/4229/3600 3532/4215/3600 3540/4241/3600
f 3532/4215/3601 3527/4214/3601 3540/4241/3601
g Cube.002_Cube.003
v 1.311929 0.366151 -1.634831
v -0.100531 -0.078848 -0.186549
v -0.457651 0.137663 -0.793559
v 0.691967 -0.573265 -0.752773
v 0.156026 1.539271 -0.819792
v 1.616230 1.123281 -0.323497
v -0.154047 1.130541 -0.267285
v 0.163359 -0.331099 -1.130205
v 0.307450 1.297658 -1.587090
v 0.172688 0.640714 -1.719575
v 1.535133 0.890259 -0.000241
v -0.466132 1.074971 -1.018425
v 1.612614 0.104914 -1.164359
v 1.798523 0.910264 -0.894117
v 0.440260 0.101943 0.229064
v 1.392232 -0.030285 -0.394201
vn -0.6266 0.7520 0.2047
vn -0.8946 0.0375 0.4453
vn 0.4595 -0.4088 0.7885
vn 0.6021 -0.7978 0.0322
vn -0.1350 -0.8322 0.5377
vn -0.6487 -0.3901 -0.6535
vn -0.7760 -0.1538 -0.6117
vn 0.9571 0.0600 0.2834
vn 0.9306 -0.2717 0.2452
vn 0.3395 0.9132 -0.2256
vn 0.2825 -0.7551 0.5917
vn -0.5263 -0.8466 0.0791
vn 0.4661 0.5386 -0.7019
vn 0.0276 -0.6155 -0.7877
vn 0.1146 0.1737 -0.9781
vn 0.0223 0.8016 0.5974
vn -0.4867 0.8011 -0.3483
vn -0.6196 0.2753 -0.7350
vn 0.2846 -0.7493 -0.5980
vn 0.8396 -0.0116 -0.5431
vn -0.0893 0.3905 0.9162
vn -0.6145 0.0254 0.7885
vt 0.353793 0.570506
vt 0.221212 0.626914
vt 0.229007 0.523868
vt 0.429000 0.143207
vt 0.503814 0.228458
vt 0.377938 0.402995
vt 0.375000 0.177643
vt 0.830749 0.500000
vt 0.778201 0.597763
vt 0.731400 0.563157
vt 0.750691 0.654040
vt 0.847688 0.615258
vt 0.875000 0.500000
vt 0.408549 0.899854
vt 0.476514 1.000000
vt 0.375000 1.000000
vt 0.225155 0.725252
vt 0.125000 0.700504
vt 0.552525 0.568757
vt 0.561099 0.485695
vt 0.570825 0.653041
vt 0.658516 0.626313
vt 0.361646 0.704347
vt 0.503386 0.092874
vt 0.586916 0.113140
vt 0.568511 0.851875
vt 0.578028 1.000000
vt 0.415981 0.799712
vt 0.655566 0.750930
vt 0.697420 0.668614
vt 0.606820 0.653373
vt 0.546763 0.301169
s 0
g Cube.002_Material.003
usemtl Material.003
f 3546/4242/3602 3553/4243/3602 3548/4244/3602
f 3544/4245/3603 3543/4246/3603 3548/4247/3603 3553/4248/3603
f 3556/4249/3604 3557/4250/3604 3552/4251/3604
f 3554/4252/3605 3557/4250/3605 3545/4253/3605
f 3543/4254/3606 3545/4253/3606 3556/4249/3606
f 3551/4255/3607 3549/4256/3607 3544/4257/3607
f 3553/4243/3608 3551/4258/3608 3544/4259/3608
f 3547/4260/3609 3552/4261/3609 3555/4262/3609
f 3557/4250/3610 3554/4252/3610 3555/4263/3610 3552/4251/3610
f 3546/4242/3611 3547/4260/3611 3555/4262/3611 3550/4264/3611
f 3556/4249/3612 3545/4253/3612 3557/4250/3612
f 3549/4265/3613 3545/4266/3613 3543/4246/3613 3544/4245/3613
f 3555/4262/3614 3542/4267/3614 3550/4264/3614
f 3542/4267/3615 3545/4268/3615 3549/4256/3615 3551/4255/3615
f 3551/4255/3616 3550/4269/3616 3542/4267/3616
f 3548/4247/3617 3552/4261/3617 3547/4260/3617 3546/4242/3617
f 3546/4242/3618 3550/4264/3618 3553/4243/3618
f 3550/4264/3619 3551/4258/3619 3553/4243/3619
f 3545/4253/3620 3542/4270/3620 3554/4271/3620
f 3542/4270/3621 3555/4272/3621 3554/4271/3621
f 3552/4261/3622 3548/4247/3622 3556/4273/3622
f 3548/4247/3623 3543/4246/3623 3556/4273/3623
g Cube.002_Cube.003
v -0.104706 1.907062 0.627281
v 0.081932 -0.221842 0.039842
v -0.288300 0.159655 -0.542314
v 0.764101 0.691933 0.295990
v -1.566506 0.616973 0.373159
v -0.696101 0.919117 1.812703
v -1.186028 -0.088854 0.284463
v 0.338705 0.771254 -0.306408
v -1.337459 1.387700 0.025830
v -0.707941 1.389259 -0.346580
v -0.452202 0.560818 1.850940
v -1.274973 0.429968 -0.411167
v 0.285134 1.617524 1.073646
v -0.472231 1.527532 1.606588
v 0.077725 -0.299099 0.790849
v 0.425799 0.779607 1.257246
vn -0.8702 -0.4417 -0.2182
vn -0.2327 -0.8324 -0.5029
vn 0.5712 -0.4740 0.6701
vn 0.9258 0.2224 0.3056
vn 0.8075 -0.5872 -0.0559
vn 0.1600 0.2082 -0.9649
vn -0.0973 0.1240 -0.9875
vn 0.2095 0.2437 0.9469
vn 0.5194 0.2407 0.8199
vn -0.8095 0.4274 0.4026
vn 0.8446 -0.4175 0.3353
vn 0.6863 -0.3912 -0.6132
vn -0.4518 0.8758 0.1698
vn 0.5409 0.6500 -0.5338
vn -0.2114 0.9112 -0.3535
vn -0.7218 -0.4485 0.5272
vn -0.9232 0.1081 -0.3689
vn -0.4798 0.3381 -0.8096
vn 0.7502 0.6075 -0.2611
vn 0.1862 0.8906 0.4150
vn -0.3304 -0.8070 0.4895
vn -0.1233 -0.9871 -0.1022
vt 0.353793 0.570506
vt 0.221212 0.626914
vt 0.229007 0.523868
vt 0.429000 0.143207
vt 0.503814 0.228458
vt 0.377938 0.402995
vt 0.375000 0.177643
vt 0.830749 0.500000
vt 0.778201 0.597763
vt 0.731400 0.563157
vt 0.750691 0.654040
vt 0.847688 0.615258
vt 0.875000 0.500000
vt 0.408549 0.899854
vt 0.476514 1.000000
vt 0.375000 1.000000
vt 0.225155 0.725252
vt 0.125000 0.700504
vt 0.552525 0.568757
vt 0.561099 0.485695
vt 0.570825 0.653041
vt 0.658516 0.626313
vt 0.361646 0.704347
vt 0.503386 0.092874
vt 0.586916 0.113140
vt 0.568511 0.851875
vt 0.578028 1.000000
vt 0.415981 0.799712
vt 0.655566 0.750930
vt 0.697420 0.668614
vt 0.606820 0.653373
vt 0.546763 0.301169
s 0
g Cube.002_Material.003
usemtl Material.003
f 3562/4274/3624 3569/4275/3624 3564/4276/3624
f 3560/4277/3625 3559/4278/3625 3564/4279/3625 3569/4280/3625
f 3572/4281/3626 3573/4282/3626 3568/4283/3626
f 3570/4284/3627 3573/4282/3627 3561/4285/3627
f 3559/4286/3628 3561/4285/3628 3572/4281/3628
f 3567/4287/3629 3565/4288/3629 3560/4289/3629
f 3569/4275/3630 3567/4290/3630 3560/4291/3630
f 3563/4292/3631 3568/4293/3631 3571/4294/3631
f 3573/4282/3632 3570/4284/3632 3571/4295/3632 3568/4283/3632
f 3562/4274/3633 3563/4292/3633 3571/4294/3633 3566/4296/3633
f 3572/4281/3634 3561/4285/3634 3573/4282/3634
f 3565/4297/3635 3561/4298/3635 3559/4278/3635 3560/4277/3635
f 3571/4294/3636 3558/4299/3636 3566/4296/3636
f 3558/4299/3637 3561/4300/3637 3565/4288/3637 3567/4287/3637
f 3567/4287/3638 3566/4301/3638 3558/4299/3638
f 3564/4279/3639 3568/4293/3639 3563/4292/3639 3562/4274/3639
f 3562/4274/3640 3566/4296/3640 3569/4275/3640
f 3566/4296/3641 3567/4290/3641 3569/4275/3641
f 3561/4285/3642 3558/4302/3642 3570/4303/3642
f 3558/4302/3643 3571/4304/3643 3570/4303/3643
f 3568/4293/3644 3564/4279/3644 3572/4305/3644
f 3564/4279/3645 3559/4278/3645 3572/4305/3645
g Circle.003_Circle.003
v 0.073705 0.917962 -0.370538
v 0.107002 0.826144 -0.537937
v 0.136188 0.702578 -0.684664
v 0.160140 0.552012 -0.805080
v 0.177939 0.380232 -0.894557
v 0.188899 0.193841 -0.949657
v 0.193841 0.000000 -0.974503
v 0.000000 0.193841 -0.968262
v 0.000000 0.380232 -0.912083
v 0.000000 0.552012 -0.820853
v 0.038970 0.973792 -0.195917
v 0.144577 0.917962 -0.349039
v 0.209893 0.826144 -0.506726
v 0.267143 0.702578 -0.644940
v 0.314127 0.552012 -0.758369
v 0.349039 0.380232 -0.842655
v 0.370538 0.193841 -0.894557
v 0.380232 0.000000 -0.917962
v 0.076443 0.973792 -0.184550
v 0.209893 0.917962 -0.314127
v 0.304717 0.826144 -0.456041
v 0.387831 0.702578 -0.580431
v 0.456041 0.552012 -0.682514
v 0.506726 0.380232 -0.758369
v 0.537938 0.193841 -0.805080
v 0.552012 0.000000 -0.826144
v 0.110978 0.973792 -0.166091
v 0.267143 0.917962 -0.267143
v 0.387831 0.826144 -0.387831
v 0.493616 0.702578 -0.493616
v 0.580431 0.552012 -0.580431
v 0.644940 0.380232 -0.644940
v 0.684665 0.193841 -0.684664
v 0.702578 0.000000 -0.702578
v 0.141248 0.973792 -0.141248
v 0.314127 0.917962 -0.209893
v 0.456041 0.826144 -0.304717
v 0.580431 0.702578 -0.387831
v 0.682514 0.552012 -0.456041
v 0.758369 0.380232 -0.506726
v 0.805080 0.193841 -0.537937
v 0.826144 0.000000 -0.552012
v 0.166091 0.973792 -0.110978
v 0.349039 0.917962 -0.144577
v 0.506726 0.826144 -0.209893
v 0.644940 0.702578 -0.267143
v 0.758369 0.552012 -0.314127
v 0.842654 0.380232 -0.349039
v 0.894557 0.193841 -0.370538
v 0.917962 0.000000 -0.380232
v 0.184550 0.973792 -0.076443
v 0.370538 0.917962 -0.073705
v 0.537937 0.826144 -0.107002
v 0.684664 0.702578 -0.136188
v 0.805080 0.552012 -0.160140
v 0.894557 0.380232 -0.177939
v 0.949657 0.193841 -0.188898
v 0.974503 0.000000 -0.193841
v 0.195917 0.973792 -0.038970
v 0.377797 0.917962 0.000000
v 0.548476 0.826144 0.000000
v 0.698078 0.702578 0.000000
v 0.820853 0.552012 0.000000
v 0.912083 0.380232 -0.000000
v 0.968262 0.193841 0.000000
v 0.993595 0.000000 0.000000
v 0.199755 0.973792 0.000000
v 0.370538 0.917962 0.073705
v 0.537937 0.826144 0.107002
v 0.684664 0.702578 0.136188
v 0.805080 0.552012 0.160140
v 0.894557 0.380232 0.177939
v 0.949657 0.193841 0.188899
v 0.974503 0.000000 0.193841
v 0.195917 0.973792 0.038970
v 0.349039 0.917962 0.144577
v 0.506726 0.826144 0.209893
v 0.644940 0.702578 0.267143
v 0.758369 0.552012 0.314127
v 0.842654 0.380232 0.349039
v 0.894557 0.193841 0.370538
v 0.917962 0.000000 0.380232
v 0.184550 0.973792 0.076443
v 0.314127 0.917962 0.209893
v 0.456041 0.826144 0.304717
v 0.580431 0.702578 0.387831
v 0.682514 0.552012 0.456041
v 0.758369 0.380232 0.506726
v 0.805080 0.193841 0.537937
v 0.826144 0.000000 0.552012
v 0.166090 0.973792 0.110978
v 0.267143 0.917962 0.267143
v 0.387831 0.826144 0.387831
v 0.493616 0.702578 0.493616
v 0.580430 0.552012 0.580430
v 0.644940 0.380232 0.644940
v 0.684664 0.193841 0.684664
v 0.702577 0.000000 0.702578
v 0.141248 0.973792 0.141248
v 0.209893 0.917962 0.314127
v 0.304717 0.826144 0.456041
v 0.387831 0.702578 0.580430
v 0.456041 0.552012 0.682514
v 0.506726 0.380232 0.758369
v 0.537937 0.193841 0.805080
v 0.552011 0.000000 0.826144
v 0.110978 0.973792 0.166090
v 0.144577 0.917962 0.349039
v 0.209893 0.826144 0.506726
v 0.267143 0.702578 0.644940
v 0.314127 0.552012 0.758369
v 0.349039 0.380232 0.842654
v 0.370538 0.193841 0.894557
v 0.380232 0.000000 0.917962
v 0.076443 0.973792 0.184550
v 0.073704 0.917962 0.370538
v 0.107002 0.826144 0.537937
v 0.136188 0.702578 0.684664
v 0.160140 0.552012 0.805080
v 0.177938 0.380232 0.894557
v 0.188898 0.193841 0.949657
v 0.193840 0.000000 0.974503
v 0.038970 0.973792 0.195917
v -0.000000 0.917962 0.377797
v -0.000000 0.826144 0.548476
v -0.000000 0.702578 0.698078
v -0.000000 0.552012 0.820853
v -0.000000 0.380232 0.912082
v -0.000000 0.193841 0.968262
v -0.000000 0.000000 0.993595
v -0.000000 0.973792 0.199755
v -0.073705 0.917962 0.370538
v -0.107002 0.826144 0.537937
v -0.136188 0.702578 0.684664
v -0.160140 0.552012 0.805080
v -0.177938 0.380232 0.894557
v -0.188899 0.193841 0.949657
v -0.193841 0.000000 0.974503
v -0.038970 0.973792 0.195917
v -0.144577 0.917962 0.349039
v -0.209893 0.826144 0.506726
v -0.267143 0.702578 0.644940
v -0.314127 0.552012 0.758369
v -0.349039 0.380232 0.842654
v -0.370538 0.193841 0.894557
v -0.380232 0.000000 0.917961
v -0.076443 0.973792 0.184550
v -0.209893 0.917962 0.314127
v -0.304717 0.826144 0.456041
v -0.387831 0.702578 0.580430
v -0.456041 0.552012 0.682514
v -0.506726 0.380232 0.758369
v -0.537937 0.193841 0.805080
v -0.552012 0.000000 0.826143
v -0.110978 0.973792 0.166090
v -0.267143 0.917962 0.267143
v -0.387831 0.826144 0.387831
v -0.493615 0.702578 0.493615
v -0.580430 0.552012 0.580430
v -0.644940 0.380232 0.644940
v -0.684664 0.193841 0.684664
v -0.702578 0.000000 0.702577
v -0.141248 0.973792 0.141248
v -0.314127 0.917962 0.209893
v -0.456041 0.826144 0.304717
v -0.580430 0.702578 0.387831
v -0.682514 0.552012 0.456041
v -0.758369 0.380232 0.506726
v -0.805080 0.193841 0.537937
v -0.826144 0.000000 0.552011
v -0.166090 0.973792 0.110978
v -0.349039 0.917962 0.144577
v -0.506726 0.826144 0.209893
v -0.644940 0.702578 0.267143
v -0.758369 0.552012 0.314126
v -0.842654 0.380232 0.349039
v -0.894557 0.193841 0.370537
v -0.917962 0.000000 0.380232
v -0.184550 0.973792 0.076443
v 0.000000 0.997577 0.000000
v -0.370538 0.917962 0.073704
v -0.537937 0.826144 0.107002
v -0.684664 0.702578 0.136188
v -0.805080 0.552012 0.160140
v -0.894557 0.380232 0.177938
v -0.949657 0.193841 0.188898
v -0.974503 0.000000 0.193840
v -0.195917 0.973792 0.038970
v -0.377797 0.917962 -0.000000
v -0.548476 0.826144 -0.000000
v -0.698078 0.702578 -0.000000
v -0.820852 0.552012 -0.000000
v -0.912082 0.380232 -0.000000
v -0.968261 0.193841 -0.000000
v -0.993594 0.000000 -0.000000
v -0.199755 0.973792 -0.000000
v -0.370538 0.917962 -0.073705
v -0.537937 0.826144 -0.107002
v -0.684664 0.702578 -0.136188
v -0.805080 0.552012 -0.160140
v -0.894557 0.380232 -0.177939
v -0.949656 0.193841 -0.188899
v -0.974503 0.000000 -0.193841
v -0.195917 0.973792 -0.038970
v -0.349039 0.917962 -0.144577
v -0.506726 0.826144 -0.209893
v -0.644940 0.702578 -0.267143
v -0.758369 0.552012 -0.314127
v -0.842654 0.380232 -0.349039
v -0.894557 0.193841 -0.370538
v -0.917961 0.000000 -0.380232
v -0.184550 0.973792 -0.076443
v -0.314127 0.917962 -0.209893
v -0.456041 0.826144 -0.304717
v -0.580430 0.702578 -0.387831
v -0.682514 0.552012 -0.456041
v -0.758369 0.380232 -0.506726
v -0.805080 0.193841 -0.537937
v -0.826143 0.000000 -0.552012
v -0.166090 0.973792 -0.110978
v -0.267143 0.917962 -0.267143
v -0.387831 0.826144 -0.387831
v -0.493615 0.702578 -0.493615
v -0.580430 0.552012 -0.580430
v -0.644939 0.380232 -0.644940
v -0.684664 0.193841 -0.684664
v -0.702577 0.000000 -0.702577
v -0.141248 0.973792 -0.141248
v -0.209893 0.917962 -0.314127
v -0.304717 0.826144 -0.456041
v -0.387831 0.702578 -0.580430
v -0.456041 0.552012 -0.682514
v -0.506726 0.380232 -0.758369
v -0.537937 0.193841 -0.805080
v -0.552011 0.000000 -0.826144
v -0.110978 0.973792 -0.166090
v -0.144577 0.917962 -0.349039
v -0.209892 0.826144 -0.506726
v -0.267143 0.702578 -0.644940
v -0.314126 0.552012 -0.758369
v -0.349039 0.380232 -0.842654
v -0.370537 0.193841 -0.894557
v -0.380232 0.000000 -0.917961
v -0.076443 0.973792 -0.184550
v -0.073704 0.917962 -0.370538
v -0.107002 0.826144 -0.537937
v -0.136188 0.702578 -0.684664
v -0.160140 0.552012 -0.805080
v -0.177938 0.380232 -0.894557
v -0.188898 0.193841 -0.949656
v -0.193840 0.000000 -0.974503
v -0.038970 0.973792 -0.195917
v 0.000000 0.917962 -0.377797
v 0.000000 0.826144 -0.548476
v 0.000000 0.702578 -0.698078
v 0.000000 0.000000 -0.993594
v 0.000000 0.973792 -0.199755
v 0.090790 0.876269 -0.456434
v 0.122183 0.768056 -0.614256
v 0.148881 0.630328 -0.748474
v 0.169857 0.468376 -0.853927
v 0.184305 0.288424 -0.926565
v 0.191826 0.097389 -0.964376
v 0.000000 0.288424 -0.944718
v 0.000000 0.468376 -0.870657
v 0.056083 0.950719 -0.281948
v 0.089399 0.380232 -0.907687
v 0.080457 0.552012 -0.816897
v 0.094906 0.193841 -0.963596
v 0.178092 0.876269 -0.429951
v 0.239671 0.768056 -0.578617
v 0.292040 0.630328 -0.705047
v 0.333186 0.468376 -0.804382
v 0.361528 0.288424 -0.872805
v 0.376281 0.097389 -0.908422
v 0.110011 0.950719 -0.265589
v 0.238280 0.552012 -0.785504
v 0.202641 0.702578 -0.668016
v 0.264763 0.380232 -0.872805
v 0.281071 0.193841 -0.926565
v 0.288424 0.000000 -0.950808
v 0.058513 0.973614 -0.192890
v 0.159214 0.826144 -0.524857
v 0.109668 0.917962 -0.361528
v 0.258549 0.876269 -0.386946
v 0.347948 0.768056 -0.520741
v 0.423976 0.630328 -0.634525
v 0.483711 0.468376 -0.723925
v 0.524857 0.288424 -0.785504
v 0.546275 0.097389 -0.817558
v 0.159711 0.950719 -0.239024
v 0.468376 0.000000 -0.876269
v 0.456434 0.193841 -0.853927
v 0.095019 0.973614 -0.177769
v 0.178092 0.917962 -0.333186
v 0.258549 0.826144 -0.483711
v 0.329070 0.702578 -0.615647
v 0.386946 0.552012 -0.723925
v 0.429951 0.380232 -0.804382
v 0.329070 0.876269 -0.329070
v 0.442854 0.768056 -0.442854
v 0.539619 0.630328 -0.539619
v 0.615647 0.468376 -0.615647
v 0.668016 0.288424 -0.668016
v 0.695276 0.097389 -0.695276
v 0.203273 0.950719 -0.203273
v 0.442854 0.702578 -0.539619
v 0.347948 0.826144 -0.423976
v 0.520741 0.552012 -0.634525
v 0.578617 0.380232 -0.705047
v 0.614257 0.193841 -0.748474
v 0.630328 0.000000 -0.768056
v 0.127874 0.973614 -0.155815
v 0.239671 0.917962 -0.292040
v 0.386946 0.876269 -0.258549
v 0.520741 0.768056 -0.347948
v 0.634525 0.630328 -0.423976
v 0.723925 0.468376 -0.483711
v 0.785504 0.288424 -0.524857
v 0.817558 0.097389 -0.546275
v 0.239024 0.950719 -0.159711
v 0.768056 0.000000 -0.630327
v 0.748474 0.193841 -0.614256
v 0.155815 0.973614 -0.127874
v 0.292040 0.917962 -0.239671
v 0.423976 0.826144 -0.347948
v 0.539620 0.702578 -0.442854
v 0.634525 0.552012 -0.520741
v 0.705047 0.380232 -0.578617
v 0.429951 0.876269 -0.178092
v 0.578617 0.768056 -0.239671
v 0.705047 0.630328 -0.292040
v 0.804382 0.468376 -0.333186
v 0.872805 0.288424 -0.361528
v 0.908422 0.097389 -0.376281
v 0.265589 0.950719 -0.110011
v 0.723925 0.552012 -0.386946
v 0.615647 0.702578 -0.329070
v 0.804382 0.380232 -0.429951
v 0.853927 0.193841 -0.456434
v 0.876269 0.000000 -0.468375
v 0.177769 0.973614 -0.095019
v 0.333186 0.917962 -0.178092
v 0.483711 0.826144 -0.258549
v 0.456434 0.876269 -0.090790
v 0.614256 0.768056 -0.122183
v 0.748474 0.630328 -0.148881
v 0.853927 0.468376 -0.169857
v 0.926565 0.288424 -0.184305
v 0.964376 0.097389 -0.191826
v 0.281948 0.950719 -0.056083
v 0.950807 0.000000 -0.288424
v 0.192890 0.973614 -0.058513
v 0.361528 0.917962 -0.109668
v 0.524857 0.826144 -0.159214
v 0.668016 0.702578 -0.202641
v 0.785504 0.552012 -0.238280
v 0.872805 0.380232 -0.264763
v 0.926565 0.193841 -0.281070
v 0.465376 0.876269 0.000000
v 0.626290 0.768056 0.000000
v 0.763137 0.630328 0.000000
v 0.870657 0.468376 0.000000
v 0.944718 0.288424 0.000000
v 0.983269 0.097389 0.000000
v 0.287471 0.950719 0.000000
v 0.816897 0.552012 -0.080457
v 0.694714 0.702578 -0.068423
v 0.907687 0.380232 -0.089399
v 0.963596 0.193841 -0.094906
v 0.988807 0.000000 -0.097389
v 0.200599 0.973614 -0.019757
v 0.375976 0.917962 -0.037030
v 0.545833 0.826144 -0.053760
v 0.456434 0.876269 0.090790
v 0.614256 0.768056 0.122183
v 0.748474 0.630328 0.148881
v 0.853927 0.468376 0.169857
v 0.926565 0.288424 0.184305
v 0.964376 0.097389 0.191826
v 0.281948 0.950719 0.056083
v 0.988807 0.000000 0.097389
v 0.200599 0.973614 0.019757
v 0.375976 0.917962 0.037030
v 0.545833 0.826144 0.053760
v 0.694714 0.702578 0.068423
v 0.816897 0.552012 0.080457
v 0.907687 0.380232 0.089399
v 0.963596 0.193841 0.094906
v 0.429951 0.876269 0.178092
v 0.578617 0.768056 0.239671
v 0.705047 0.630328 0.292040
v 0.804382 0.468376 0.333186
v 0.872805 0.288424 0.361528
v 0.908422 0.097389 0.376281
v 0.265589 0.950719 0.110011
v 0.872805 0.380232 0.264763
v 0.785504 0.552012 0.238280
v 0.926565 0.193841 0.281071
v 0.950807 0.000000 0.288424
v 0.192890 0.973614 0.058513
v 0.361528 0.917962 0.109668
v 0.524857 0.826144 0.159214
v 0.668016 0.702578 0.202641
v 0.386946 0.876269 0.258549
v 0.520741 0.768056 0.347948
v 0.634525 0.630328 0.423976
v 0.723924 0.468376 0.483711
v 0.785504 0.288424 0.524857
v 0.817558 0.097389 0.546275
v 0.239024 0.950719 0.159711
v 0.333186 0.917962 0.178092
v 0.177769 0.973614 0.095019
v 0.483711 0.826144 0.258549
v 0.615647 0.702578 0.329070
v 0.723924 0.552012 0.386946
v 0.804382 0.380232 0.429951
v 0.853927 0.193841 0.456434
v 0.876269 0.000000 0.468376
v 0.329070 0.876269 0.329070
v 0.442854 0.768056 0.442854
v 0.539619 0.630328 0.539619
v 0.615647 0.468376 0.615647
v 0.668016 0.288424 0.668016
v 0.695276 0.097389 0.695276
v 0.203273 0.950719 0.203273
v 0.748473 0.193841 0.614256
v 0.705047 0.380232 0.578617
v 0.768056 0.000000 0.630328
v 0.155815 0.973614 0.127874
v 0.292040 0.917962 0.239671
v 0.423976 0.826144 0.347948
v 0.539619 0.702578 0.442854
v 0.634525 0.552012 0.520741
v 0.258549 0.876269 0.386946
v 0.347948 0.768056 0.520741
v 0.423976 0.630328 0.634525
v 0.483711 0.468376 0.723925
v 0.524857 0.288424 0.785504
v 0.546275 0.097389 0.817558
v 0.159711 0.950719 0.239024
v 0.347948 0.826144 0.423976
v 0.239671 0.917962 0.292040
v 0.442854 0.702578 0.539619
v 0.520741 0.552012 0.634525
v 0.578617 0.380232 0.705047
v 0.614256 0.193841 0.748474
v 0.630327 0.000000 0.768056
v 0.127874 0.973614 0.155815
v 0.178091 0.876269 0.429951
v 0.239671 0.768056 0.578617
v 0.292040 0.630328 0.705047
v 0.333186 0.468376 0.804382
v 0.361528 0.288424 0.872805
v 0.376280 0.097389 0.908422
v 0.110011 0.950719 0.265589
v 0.456433 0.193841 0.853927
v 0.429951 0.380232 0.804382
v 0.468375 0.000000 0.876269
v 0.095019 0.973614 0.177769
v 0.178091 0.917962 0.333186
v 0.258549 0.826144 0.483711
v 0.329070 0.702578 0.615647
v 0.386946 0.552012 0.723925
v 0.090790 0.876269 0.456434
v 0.122183 0.768056 0.614256
v 0.148881 0.630328 0.748473
v 0.169857 0.468376 0.853927
v 0.184305 0.288424 0.926565
v 0.191826 0.097389 0.964375
v 0.056083 0.950719 0.281948
v 0.202640 0.702578 0.668016
v 0.159214 0.826144 0.524857
v 0.238280 0.552012 0.785504
v 0.264763 0.380232 0.872805
v 0.281070 0.193841 0.926565
v 0.288424 0.000000 0.950807
v 0.058513 0.973614 0.192890
v 0.109668 0.917962 0.361528
v -0.000000 0.876269 0.465376
v -0.000000 0.768056 0.626290
v -0.000000 0.630328 0.763137
v -0.000000 0.468376 0.870657
v -0.000000 0.288424 0.944717
v -0.000000 0.097389 0.983269
v -0.000000 0.950719 0.287471
v 0.097389 0.000000 0.988806
v 0.094906 0.193841 0.963595
v 0.019757 0.973614 0.200599
v 0.037030 0.917962 0.375976
v 0.053760 0.826144 0.545833
v 0.068423 0.702578 0.694714
v 0.080457 0.552012 0.816897
v 0.089399 0.380232 0.907687
v -0.090790 0.876269 0.456434
v -0.122183 0.768056 0.614256
v -0.148881 0.630328 0.748473
v -0.169857 0.468376 0.853927
v -0.184305 0.288424 0.926565
v -0.191826 0.097389 0.964375
v -0.056083 0.950719 0.281948
v -0.068423 0.702578 0.694714
v -0.053760 0.826144 0.545833
v -0.080457 0.552012 0.816897
v -0.089399 0.380232 0.907687
v -0.094906 0.193841 0.963595
v -0.097389 0.000000 0.988806
v -0.019757 0.973614 0.200599
v -0.037030 0.917962 0.375976
v -0.178092 0.876269 0.429951
v -0.239671 0.768056 0.578617
v -0.292040 0.630328 0.705047
v -0.333186 0.468376 0.804382
v -0.361528 0.288424 0.872805
v -0.376281 0.097389 0.908422
v -0.110011 0.950719 0.265589
v -0.288424 0.000000 0.950807
v -0.281071 0.193841 0.926565
v -0.058513 0.973614 0.192890
v -0.109668 0.917962 0.361528
v -0.159214 0.826144 0.524857
v -0.202641 0.702578 0.668016
v -0.238280 0.552012 0.785504
v -0.264763 0.380232 0.872805
v -0.258549 0.876269 0.386946
v -0.347948 0.768056 0.520741
v -0.423976 0.630328 0.634525
v -0.483711 0.468376 0.723924
v -0.524857 0.288424 0.785504
v -0.546275 0.097389 0.817558
v -0.159711 0.950719 0.239024
v -0.386946 0.552012 0.723924
v -0.329070 0.702578 0.615647
v -0.429951 0.380232 0.804382
v -0.456434 0.193841 0.853927
v -0.468376 0.000000 0.876269
v -0.095019 0.973614 0.177768
v -0.178092 0.917962 0.333186
v -0.258549 0.826144 0.483711
v -0.329070 0.876269 0.329070
v -0.442854 0.768056 0.442854
v -0.539619 0.630328 0.539619
v -0.615647 0.468376 0.615647
v -0.668016 0.288424 0.668016
v -0.695276 0.097389 0.695276
v -0.203273 0.950719 0.203273
v -0.630327 0.000000 0.768056
v -0.127874 0.973614 0.155815
v -0.239671 0.917962 0.292040
v -0.347948 0.826144 0.423976
v -0.442854 0.702578 0.539619
v -0.520741 0.552012 0.634525
v -0.578617 0.380232 0.705046
v -0.614256 0.193841 0.748473
v -0.386946 0.876269 0.258549
v -0.520741 0.768056 0.347948
v -0.634525 0.630328 0.423976
v -0.723924 0.468376 0.483711
v -0.785504 0.288424 0.524857
v -0.817558 0.097389 0.546274
v -0.239024 0.950719 0.159711
v -0.705047 0.380232 0.578617
v -0.634525 0.552012 0.520741
v -0.748473 0.193841 0.614256
v -0.768056 0.000000 0.630327
v -0.155815 0.973614 0.127874
v -0.292040 0.917962 0.239671
v -0.423976 0.826144 0.347948
v -0.539619 0.702578 0.442854
v -0.109146 0.987361 0.045210
v -0.429951 0.876269 0.178091
v -0.578617 0.768056 0.239671
v -0.705047 0.630328 0.292040
v -0.804382 0.468376 0.333186
v -0.872805 0.288424 0.361528
v -0.908422 0.097389 0.376280
v -0.265589 0.950719 0.110010
v -0.177768 0.973614 0.095019
v -0.333186 0.917962 0.178091
v -0.483711 0.826144 0.258549
v -0.615647 0.702578 0.329070
v -0.723924 0.552012 0.386946
v -0.804382 0.380232 0.429951
v -0.853927 0.193841 0.456433
v -0.876269 0.000000 0.468375
v -0.456433 0.876269 0.090790
v -0.614256 0.768056 0.122183
v -0.748473 0.630328 0.148881
v -0.853927 0.468376 0.169857
v -0.926565 0.288424 0.184305
v -0.964375 0.097389 0.191826
v -0.281948 0.950719 0.056083
v -0.872805 0.380232 0.264762
v -0.785504 0.552012 0.238280
v -0.926565 0.193841 0.281070
v -0.950807 0.000000 0.288424
v -0.192890 0.973614 0.058513
v -0.361528 0.917962 0.109668
v -0.524857 0.826144 0.159213
v -0.668016 0.702578 0.202640
v -0.465376 0.876269 -0.000000
v -0.626290 0.768057 -0.000000
v -0.763137 0.630328 -0.000000
v -0.870656 0.468376 -0.000000
v -0.944717 0.288424 -0.000000
v -0.983268 0.097389 -0.000000
v -0.287471 0.950719 -0.000000
v -0.545833 0.826144 0.053760
v -0.375976 0.917962 0.037030
v -0.694714 0.702578 0.068423
v -0.816897 0.552012 0.080457
v -0.907687 0.380232 0.089399
v -0.963595 0.193841 0.094906
v -0.988806 0.000000 0.097388
v -0.200599 0.973614 0.019757
v -0.456433 0.876269 -0.090790
v -0.614256 0.768056 -0.122183
v -0.748473 0.630328 -0.148881
v -0.853927 0.468376 -0.169857
v -0.926565 0.288424 -0.184305
v -0.964375 0.097389 -0.191826
v -0.281948 0.950719 -0.056083
v -0.963595 0.193841 -0.094906
v -0.907687 0.380232 -0.089399
v -0.988806 0.000000 -0.097389
v -0.200599 0.973614 -0.019757
v -0.375976 0.917962 -0.037030
v -0.545833 0.826144 -0.053760
v -0.694713 0.702578 -0.068423
v -0.816896 0.552012 -0.080457
v -0.429951 0.876269 -0.178092
v -0.578617 0.768056 -0.239671
v -0.705047 0.630328 -0.292040
v -0.804382 0.468376 -0.333186
v -0.872805 0.288424 -0.361528
v -0.908421 0.097389 -0.376281
v -0.265589 0.950719 -0.110011
v -0.524857 0.826144 -0.159214
v -0.361528 0.917962 -0.109668
v -0.668016 0.702578 -0.202641
v -0.785504 0.552012 -0.238280
v -0.872805 0.380232 -0.264763
v -0.926565 0.193841 -0.281071
v -0.950807 0.000000 -0.288424
v -0.192890 0.973614 -0.058513
v -0.386945 0.876269 -0.258549
v -0.520741 0.768056 -0.347948
v -0.634525 0.630328 -0.423976
v -0.723924 0.468376 -0.483711
v -0.785504 0.288424 -0.524857
v -0.817558 0.097389 -0.546275
v -0.239024 0.950719 -0.159711
v -0.853927 0.193841 -0.456434
v -0.804382 0.380232 -0.429951
v -0.876268 0.000000 -0.468376
v -0.177768 0.973614 -0.095019
v -0.333186 0.917962 -0.178092
v -0.483711 0.826144 -0.258549
v -0.615647 0.702578 -0.329070
v -0.723924 0.552012 -0.386946
v -0.329070 0.876269 -0.329070
v -0.442854 0.768056 -0.442854
v -0.539619 0.630328 -0.539619
v -0.615647 0.468376 -0.615647
v -0.668016 0.288424 -0.668016
v -0.695275 0.097389 -0.695276
v -0.203273 0.950719 -0.203273
v -0.539619 0.702578 -0.442854
v -0.423976 0.826144 -0.347948
v -0.634525 0.552012 -0.520741
v -0.705046 0.380232 -0.578617
v -0.748473 0.193841 -0.614256
v -0.768055 0.000000 -0.630327
v -0.155815 0.973614 -0.127874
v -0.292040 0.917962 -0.239671
v -0.258549 0.876269 -0.386946
v -0.347948 0.768056 -0.520741
v -0.423976 0.630328 -0.634525
v -0.483711 0.468376 -0.723924
v -0.524857 0.288424 -0.785504
v -0.546274 0.097389 -0.817558
v -0.159710 0.950719 -0.239024
v -0.630327 0.000000 -0.768056
v -0.614256 0.193841 -0.748473
v -0.127874 0.973614 -0.155815
v -0.239671 0.917962 -0.292040
v -0.347948 0.826144 -0.423976
v -0.442854 0.702578 -0.539619
v -0.520741 0.552012 -0.634525
v -0.578617 0.380232 -0.705047
v -0.178091 0.876269 -0.429951
v -0.239671 0.768056 -0.578617
v -0.292040 0.630328 -0.705046
v -0.333186 0.468376 -0.804382
v -0.361528 0.288424 -0.872805
v -0.376280 0.097389 -0.908422
v -0.110010 0.950719 -0.265589
v -0.386945 0.552012 -0.723924
v -0.329070 0.702578 -0.615647
v -0.429951 0.380232 -0.804382
v -0.456433 0.193841 -0.853927
v -0.468375 0.000000 -0.876269
v -0.095019 0.973614 -0.177768
v -0.178091 0.917962 -0.333186
v -0.258549 0.826144 -0.483711
v -0.090790 0.876269 -0.456433
v -0.122183 0.768056 -0.614256
v -0.148880 0.630328 -0.748473
v -0.169857 0.468376 -0.853927
v -0.184305 0.288424 -0.926565
v -0.191826 0.097389 -0.964375
v -0.056083 0.950719 -0.281948
v -0.288424 0.000000 -0.950807
v -0.058513 0.973614 -0.192890
v -0.109668 0.917962 -0.361528
v -0.159213 0.826144 -0.524857
v -0.202640 0.702578 -0.668016
v -0.238280 0.552012 -0.785504
v -0.264762 0.380232 -0.872805
v -0.281070 0.193841 -0.926565
v 0.000000 0.876269 -0.465375
v 0.000000 0.768056 -0.626290
v 0.000000 0.950719 -0.287471
v -0.068423 0.702578 -0.694713
v -0.097388 0.000000 -0.988806
v -0.019757 0.973614 -0.200599
v -0.037030 0.917962 -0.375976
v -0.053760 0.826144 -0.545833
v 0.023048 0.987361 -0.115869
v 0.000000 0.097389 -0.983269
v 0.000000 0.630328 -0.763137
v 0.000000 0.987361 -0.118139
v 0.068423 0.702578 -0.694714
v 0.053760 0.826144 -0.545833
v 0.037030 0.917962 -0.375976
v 0.019757 0.973614 -0.200599
v 0.097389 0.000000 -0.988806
v 0.045210 0.987361 -0.109146
v 0.065634 0.987361 -0.098229
v 0.083537 0.987361 -0.083537
v 0.098229 0.987361 -0.065634
v 0.109146 0.987361 -0.045210
v 0.115869 0.987361 -0.023048
v 0.118139 0.987361 0.000000
v 0.115869 0.987361 0.023048
v 0.109146 0.987361 0.045210
v 0.098229 0.987361 0.065634
v 0.083537 0.987361 0.083537
v 0.065634 0.987361 0.098229
v 0.045210 0.987361 0.109146
v 0.023048 0.987361 0.115869
v -0.000000 0.987361 0.118139
v -0.023048 0.987361 0.115869
v -0.045210 0.987361 0.109146
v -0.065634 0.987361 0.098229
v -0.083537 0.987361 0.083537
v -0.098229 0.987361 0.065634
v -0.115869 0.987361 0.023048
v -0.118139 0.987361 -0.000000
v -0.115869 0.987361 -0.023048
v -0.109146 0.987361 -0.045210
v -0.098229 0.987361 -0.065634
v -0.083537 0.987361 -0.083537
v -0.065634 0.987361 -0.098229
v -0.045210 0.987361 -0.109146
v -0.023048 0.987361 -0.115869
v -0.080457 0.552012 -0.816897
v -0.089399 0.380232 -0.907687
v -0.094906 0.193841 -0.963595
v 0.085339 0.468376 -0.866461
v 0.074800 0.630328 -0.759459
v 0.061387 0.768056 -0.623272
v 0.045615 0.876269 -0.463133
v 0.028199 0.950696 -0.286312
v 0.013329 0.985270 -0.135336
v 0.096377 0.097389 -0.978530
v 0.092598 0.288424 -0.940165
v 0.221526 0.630328 -0.730274
v 0.252737 0.468376 -0.833163
v 0.274236 0.288424 -0.904035
v 0.285427 0.097389 -0.940926
v 0.039476 0.985270 -0.130136
v 0.135091 0.876269 -0.445335
v 0.083514 0.950696 -0.275309
v 0.181802 0.768056 -0.599320
v 0.463508 0.097389 -0.867163
v 0.064106 0.985270 -0.119934
v 0.135620 0.950696 -0.253726
v 0.219376 0.876269 -0.410423
v 0.295230 0.768056 -0.552337
v 0.359739 0.630328 -0.673024
v 0.410423 0.468376 -0.767848
v 0.445335 0.288424 -0.833163
v 0.397313 0.768056 -0.484127
v 0.484127 0.630328 -0.589911
v 0.552337 0.468376 -0.673024
v 0.599320 0.288424 -0.730274
v 0.623777 0.097389 -0.760074
v 0.086272 0.985270 -0.105123
v 0.182513 0.950696 -0.222393
v 0.295230 0.876269 -0.359739
v 0.760074 0.097389 -0.623777
v 0.105123 0.985270 -0.086272
v 0.222393 0.950696 -0.182513
v 0.359739 0.876269 -0.295230
v 0.484127 0.768056 -0.397313
v 0.589911 0.630328 -0.484127
v 0.673024 0.468376 -0.552337
v 0.730274 0.288424 -0.599320
v 0.673024 0.630328 -0.359739
v 0.767848 0.468376 -0.410423
v 0.833163 0.288424 -0.445335
v 0.867163 0.097389 -0.463508
v 0.119934 0.985270 -0.064106
v 0.253726 0.950696 -0.135620
v 0.410423 0.876269 -0.219376
v 0.552337 0.768056 -0.295230
v 0.130136 0.985270 -0.039476
v 0.275309 0.950696 -0.083514
v 0.445335 0.876269 -0.135091
v 0.599320 0.768056 -0.181802
v 0.730274 0.630328 -0.221526
v 0.833163 0.468376 -0.252737
v 0.904035 0.288424 -0.274236
v 0.940926 0.097389 -0.285427
v 0.759459 0.630328 -0.074800
v 0.866461 0.468376 -0.085339
v 0.940165 0.288424 -0.092598
v 0.978530 0.097389 -0.096377
v 0.135336 0.985270 -0.013329
v 0.286312 0.950696 -0.028199
v 0.463133 0.876269 -0.045615
v 0.623272 0.768056 -0.061387
v 0.135336 0.985270 0.013329
v 0.286312 0.950696 0.028199
v 0.463133 0.876269 0.045615
v 0.623272 0.768056 0.061387
v 0.759459 0.630328 0.074800
v 0.866461 0.468376 0.085339
v 0.940165 0.288424 0.092598
v 0.978530 0.097389 0.096377
v 0.833163 0.468376 0.252737
v 0.904035 0.288424 0.274236
v 0.940926 0.097389 0.285427
v 0.130136 0.985270 0.039476
v 0.275309 0.950696 0.083514
v 0.445335 0.876269 0.135091
v 0.599320 0.768056 0.181802
v 0.730274 0.630328 0.221526
v 0.253726 0.950696 0.135620
v 0.410423 0.876269 0.219376
v 0.552337 0.768056 0.295230
v 0.673024 0.630328 0.359739
v 0.767848 0.468376 0.410423
v 0.833163 0.288424 0.445335
v 0.867162 0.097389 0.463508
v 0.119934 0.985270 0.064106
v 0.730274 0.288424 0.599320
v 0.760074 0.097389 0.623777
v 0.105123 0.985270 0.086272
v 0.222393 0.950696 0.182513
v 0.359739 0.876269 0.295230
v 0.484127 0.768056 0.397313
v 0.589910 0.630328 0.484127
v 0.673024 0.468376 0.552337
v 0.295230 0.876269 0.359739
v 0.397313 0.768056 0.484127
v 0.484127 0.630328 0.589911
v 0.552337 0.468376 0.673024
v 0.599320 0.288424 0.730274
v 0.623777 0.097389 0.760074
v 0.086272 0.985270 0.105123
v 0.182513 0.950696 0.222393
v 0.445335 0.288424 0.833163
v 0.463508 0.097389 0.867162
v 0.064106 0.985270 0.119934
v 0.135620 0.950696 0.253726
v 0.219376 0.876269 0.410423
v 0.295230 0.768056 0.552336
v 0.359739 0.630328 0.673024
v 0.410423 0.468376 0.767848
v 0.181802 0.768056 0.599320
v 0.221526 0.630328 0.730274
v 0.252737 0.468376 0.833163
v 0.274236 0.288424 0.904035
v 0.285426 0.097389 0.940926
v 0.039476 0.985270 0.130136
v 0.083514 0.950696 0.275309
v 0.135091 0.876269 0.445335
v 0.096377 0.097389 0.978530
v 0.013329 0.985270 0.135336
v 0.028199 0.950696 0.286312
v 0.045615 0.876269 0.463133
v 0.061387 0.768056 0.623272
v 0.074800 0.630328 0.759459
v 0.085339 0.468376 0.866461
v 0.092598 0.288424 0.940165
v -0.061387 0.768056 0.623272
v -0.074800 0.630328 0.759459
v -0.085339 0.468376 0.866461
v -0.092598 0.288424 0.940165
v -0.096377 0.097389 0.978530
v -0.013329 0.985270 0.135336
v -0.028199 0.950696 0.286312
v -0.045615 0.876269 0.463133
v -0.285427 0.097389 0.940926
v -0.039476 0.985270 0.130136
v -0.083514 0.950696 0.275309
v -0.135091 0.876269 0.445335
v -0.181802 0.768056 0.599320
v -0.221526 0.630328 0.730274
v -0.252737 0.468376 0.833163
v -0.274236 0.288424 0.904035
v -0.359739 0.630328 0.673024
v -0.410423 0.468376 0.767847
v -0.445335 0.288424 0.833163
v -0.463508 0.097389 0.867162
v -0.064106 0.985270 0.119934
v -0.135620 0.950696 0.253726
v -0.219376 0.876269 0.410423
v -0.295230 0.768056 0.552336
v -0.086272 0.985270 0.105123
v -0.182513 0.950696 0.222393
v -0.295230 0.876269 0.359739
v -0.397313 0.768056 0.484127
v -0.484127 0.630328 0.589910
v -0.552336 0.468376 0.673024
v -0.599320 0.288424 0.730273
v -0.623777 0.097389 0.760074
v -0.673024 0.468376 0.552336
v -0.730274 0.288424 0.599320
v -0.760074 0.097389 0.623776
v -0.105123 0.985270 0.086272
v -0.222393 0.950696 0.182513
v -0.359739 0.876269 0.295230
v -0.484127 0.768056 0.397313
v -0.589911 0.630328 0.484127
v -0.119934 0.985270 0.064106
v -0.253726 0.950696 0.135619
v -0.410423 0.876269 0.219376
v -0.552336 0.768056 0.295230
v -0.673024 0.630328 0.359739
v -0.767847 0.468376 0.410423
v -0.833163 0.288424 0.445335
v -0.867162 0.097389 0.463507
v -0.833163 0.468376 0.252737
v -0.904035 0.288424 0.274236
v -0.940926 0.097389 0.285426
v -0.130136 0.985270 0.039476
v -0.275309 0.950696 0.083514
v -0.445335 0.876269 0.135091
v -0.599320 0.768056 0.181802
v -0.730273 0.630328 0.221526
v -0.463133 0.876269 0.045615
v -0.623272 0.768057 0.061387
v -0.759459 0.630328 0.074800
v -0.866461 0.468376 0.085339
v -0.940165 0.288424 0.092598
v -0.978530 0.097389 0.096376
v -0.135336 0.985270 0.013329
v -0.286312 0.950696 0.028199
v -0.940165 0.288424 -0.092598
v -0.978530 0.097389 -0.096377
v -0.135336 0.985270 -0.013329
v -0.286312 0.950696 -0.028199
v -0.463133 0.876269 -0.045615
v -0.623272 0.768056 -0.061387
v -0.759459 0.630328 -0.074800
v -0.866461 0.468376 -0.085339
v -0.445335 0.876269 -0.135091
v -0.599320 0.768056 -0.181802
v -0.730273 0.630328 -0.221526
v -0.833163 0.468376 -0.252737
v -0.904034 0.288424 -0.274236
v -0.940925 0.097389 -0.285427
v -0.130136 0.985270 -0.039476
v -0.275309 0.950696 -0.083514
v -0.833163 0.288424 -0.445335
v -0.867162 0.097389 -0.463508
v -0.119934 0.985270 -0.064106
v -0.253726 0.950696 -0.135619
v -0.410423 0.876269 -0.219376
v -0.552336 0.768056 -0.295230
v -0.673024 0.630328 -0.359739
v -0.767847 0.468376 -0.410423
v -0.484127 0.768056 -0.397313
v -0.589910 0.630328 -0.484127
v -0.673024 0.468376 -0.552336
v -0.730273 0.288424 -0.599320
v -0.760073 0.097389 -0.623777
v -0.105123 0.985270 -0.086272
v -0.222393 0.950696 -0.182513
v -0.359739 0.876269 -0.295230
v -0.623776 0.097389 -0.760074
v -0.086272 0.985270 -0.105123
v -0.182513 0.950696 -0.222393
v -0.295230 0.876269 -0.359739
v -0.397313 0.768056 -0.484127
v -0.484127 0.630328 -0.589910
v -0.552336 0.468376 -0.673024
v -0.599320 0.288424 -0.730273
v -0.359739 0.630328 -0.673024
v -0.410423 0.468376 -0.767847
v -0.445335 0.288424 -0.833163
v -0.463507 0.097389 -0.867162
v -0.064106 0.985270 -0.119934
v -0.135619 0.950696 -0.253726
v -0.219375 0.876269 -0.410423
v -0.295230 0.768056 -0.552336
v -0.039476 0.985270 -0.130135
v -0.083514 0.950696 -0.275309
v -0.135091 0.876269 -0.445335
v -0.181802 0.768056 -0.599320
v -0.221526 0.630328 -0.730273
v -0.252737 0.468376 -0.833163
v -0.274236 0.288424 -0.904034
v -0.285426 0.097389 -0.940925
v -0.074800 0.630328 -0.759459
v -0.085339 0.468376 -0.866461
v -0.092598 0.288424 -0.940165
v -0.096376 0.097389 -0.978530
v -0.013329 0.985270 -0.135336
v -0.028199 0.950696 -0.286312
v -0.045614 0.876269 -0.463133
v -0.061387 0.768056 -0.623272
vn 0.0445 0.4249 -0.9041
vn 0.0422 0.5112 -0.8584
vn 0.1261 0.5112 -0.8502
vn 0.1328 0.4249 -0.8954
vn 0.0395 0.5928 -0.8044
vn 0.0365 0.6687 -0.7426
vn 0.1091 0.6687 -0.7355
vn 0.1181 0.5928 -0.7966
vn 0.0331 0.7384 -0.6735
vn 0.0294 0.8010 -0.5979
vn 0.0878 0.8010 -0.5922
vn 0.0989 0.7384 -0.6670
vn 0.0254 0.8560 -0.5163
vn 0.0211 0.9027 -0.4297
vn 0.0631 0.9027 -0.4256
vn 0.0758 0.8560 -0.5114
vn 0.0159 0.9399 -0.3412
vn 0.0057 0.9666 -0.2561
vn 0.0443 0.9666 -0.2523
vn 0.0510 0.9399 -0.3377
vn -0.0253 0.9851 -0.1703
vn 0.0088 0.9959 -0.0897
vn 0.0580 0.9851 -0.1621
vn 0.0488 0.1053 -0.9932
vn 0.0485 0.1536 -0.9869
vn 0.1450 0.1536 -0.9775
vn 0.1459 0.1053 -0.9837
vn 0.0477 0.2413 -0.9693
vn 0.0463 0.3346 -0.9412
vn 0.1382 0.3346 -0.9322
vn 0.1424 0.2413 -0.9600
vn 0.1957 0.5928 -0.7812
vn 0.1807 0.6687 -0.7212
vn 0.2505 0.6687 -0.7001
vn 0.2713 0.5928 -0.7583
vn 0.2200 0.4249 -0.8781
vn 0.2089 0.5112 -0.8337
vn 0.2895 0.5112 -0.8092
vn 0.3049 0.4249 -0.8523
vn 0.2358 0.2413 -0.9414
vn 0.2290 0.3346 -0.9141
vn 0.3174 0.3346 -0.8873
vn 0.3269 0.2413 -0.9137
vn 0.2417 0.1053 -0.9646
vn 0.2401 0.1536 -0.9585
vn 0.3329 0.1536 -0.9304
vn 0.3350 0.1053 -0.9363
vn 0.0084 0.9851 -0.1720
vn 0.0262 0.9959 -0.0862
vn 0.0885 0.9851 -0.1476
vn 0.1256 0.8560 -0.5015
vn 0.1046 0.9027 -0.4174
vn 0.1449 0.9027 -0.4051
vn 0.1741 0.8560 -0.4867
vn 0.0822 0.9399 -0.3315
vn 0.0556 0.9666 -0.2500
vn 0.0927 0.9666 -0.2388
vn 0.1159 0.9399 -0.3213
vn 0.1639 0.7384 -0.6541
vn 0.1455 0.8010 -0.5807
vn 0.2017 0.8010 -0.5637
vn 0.2272 0.7384 -0.6349
vn 0.4252 0.1053 -0.8989
vn 0.4225 0.1536 -0.8933
vn 0.5080 0.1536 -0.8476
vn 0.5112 0.1053 -0.8530
vn 0.0418 0.9851 -0.1670
vn 0.0425 0.9959 -0.0795
vn 0.1156 0.9851 -0.1275
vn 0.1453 0.9399 -0.3091
vn 0.1033 0.9666 -0.2344
vn 0.1375 0.9666 -0.2161
vn 0.1763 0.9399 -0.2925
vn 0.2210 0.8560 -0.4673
vn 0.1840 0.9027 -0.3889
vn 0.2212 0.9027 -0.3691
vn 0.2658 0.8560 -0.4434
vn 0.2883 0.7384 -0.6096
vn 0.2560 0.8010 -0.5412
vn 0.3078 0.8010 -0.5135
vn 0.3467 0.7384 -0.5784
vn 0.3444 0.5928 -0.7280
vn 0.3179 0.6687 -0.6721
vn 0.3822 0.6687 -0.6378
vn 0.4140 0.5928 -0.6908
vn 0.3871 0.4249 -0.8183
vn 0.3675 0.5112 -0.7769
vn 0.4418 0.5112 -0.7372
vn 0.4653 0.4249 -0.7765
vn 0.4150 0.2413 -0.8773
vn 0.4029 0.3346 -0.8519
vn 0.4844 0.3346 -0.8083
vn 0.4989 0.2413 -0.8324
vn 0.4017 0.7384 -0.5416
vn 0.3566 0.8010 -0.4808
vn 0.4020 0.8010 -0.4436
vn 0.4528 0.7384 -0.4997
vn 0.4798 0.5928 -0.6468
vn 0.4429 0.6687 -0.5972
vn 0.4993 0.6687 -0.5509
vn 0.5408 0.5928 -0.5967
vn 0.5393 0.4249 -0.7271
vn 0.5120 0.5112 -0.6903
vn 0.5772 0.5112 -0.6368
vn 0.6079 0.4249 -0.6708
vn 0.5781 0.2413 -0.7795
vn 0.5614 0.3346 -0.7569
vn 0.6328 0.3346 -0.6983
vn 0.6517 0.2413 -0.7191
vn 0.5924 0.1053 -0.7987
vn 0.5887 0.1536 -0.7937
vn 0.6636 0.1536 -0.7322
vn 0.6678 0.1053 -0.7369
vn 0.0736 0.9851 -0.1556
vn 0.0572 0.9959 -0.0697
vn 0.1383 0.9851 -0.1025
vn 0.2028 0.9399 -0.2749
vn 0.1470 0.9666 -0.2097
vn 0.1770 0.9666 -0.1851
vn 0.2300 0.9399 -0.2525
vn 0.3080 0.8560 -0.4152
vn 0.2563 0.9027 -0.3456
vn 0.2889 0.9027 -0.3188
vn 0.3472 0.8560 -0.3831
vn 0.7369 0.1053 -0.6678
vn 0.7322 0.1536 -0.6636
vn 0.7937 0.1536 -0.5887
vn 0.7987 0.1053 -0.5924
vn 0.1025 0.9851 -0.1383
vn 0.0697 0.9959 -0.0572
vn 0.1556 0.9851 -0.0736
vn 0.2525 0.9399 -0.2300
vn 0.1851 0.9666 -0.1770
vn 0.2097 0.9666 -0.1470
vn 0.2749 0.9399 -0.2028
vn 0.3831 0.8560 -0.3472
vn 0.3188 0.9027 -0.2889
vn 0.3456 0.9027 -0.2563
vn 0.4152 0.8560 -0.3080
vn 0.4997 0.7384 -0.4528
vn 0.4436 0.8010 -0.4020
vn 0.4808 0.8010 -0.3566
vn 0.5416 0.7384 -0.4017
vn 0.5967 0.5928 -0.5408
vn 0.5509 0.6687 -0.4993
vn 0.5972 0.6687 -0.4429
vn 0.6468 0.5928 -0.4798
vn 0.6708 0.4249 -0.6079
vn 0.6368 0.5112 -0.5772
vn 0.6903 0.5112 -0.5120
vn 0.7271 0.4249 -0.5393
vn 0.7191 0.2413 -0.6517
vn 0.6983 0.3346 -0.6328
vn 0.7569 0.3346 -0.5614
vn 0.7795 0.2413 -0.5781
vn 0.6908 0.5928 -0.4140
vn 0.6378 0.6687 -0.3822
vn 0.6721 0.6687 -0.3179
vn 0.7280 0.5928 -0.3444
vn 0.7765 0.4249 -0.4653
vn 0.7372 0.5112 -0.4418
vn 0.7769 0.5112 -0.3675
vn 0.8183 0.4249 -0.3871
vn 0.8324 0.2413 -0.4989
vn 0.8083 0.3346 -0.4844
vn 0.8519 0.3346 -0.4029
vn 0.8773 0.2413 -0.4150
vn 0.8530 0.1053 -0.5112
vn 0.8476 0.1536 -0.5080
vn 0.8933 0.1536 -0.4225
vn 0.8989 0.1053 -0.4252
vn 0.1275 0.9851 -0.1156
vn 0.0795 0.9959 -0.0425
vn 0.1670 0.9851 -0.0418
vn 0.2925 0.9399 -0.1763
vn 0.2161 0.9666 -0.1375
vn 0.2344 0.9666 -0.1033
vn 0.3091 0.9399 -0.1453
vn 0.4434 0.8560 -0.2658
vn 0.3691 0.9027 -0.2212
vn 0.3889 0.9027 -0.1840
vn 0.4673 0.8560 -0.2210
vn 0.5784 0.7384 -0.3467
vn 0.5135 0.8010 -0.3078
vn 0.5412 0.8010 -0.2560
vn 0.6096 0.7384 -0.2883
vn 0.1476 0.9851 -0.0885
vn 0.0862 0.9959 -0.0262
vn 0.1720 0.9851 -0.0084
vn 0.3213 0.9399 -0.1159
vn 0.2388 0.9666 -0.0927
vn 0.2500 0.9666 -0.0556
vn 0.3315 0.9399 -0.0822
vn 0.4867 0.8560 -0.1741
vn 0.4051 0.9027 -0.1449
vn 0.4174 0.9027 -0.1046
vn 0.5015 0.8560 -0.1256
vn 0.6349 0.7384 -0.2272
vn 0.5637 0.8010 -0.2017
vn 0.5807 0.8010 -0.1455
vn 0.6541 0.7384 -0.1639
vn 0.7583 0.5928 -0.2713
vn 0.7001 0.6687 -0.2505
vn 0.7212 0.6687 -0.1807
vn 0.7812 0.5928 -0.1957
vn 0.8523 0.4249 -0.3049
vn 0.8092 0.5112 -0.2895
vn 0.8337 0.5112 -0.2089
vn 0.8781 0.4249 -0.2200
vn 0.9137 0.2413 -0.3269
vn 0.8873 0.3346 -0.3174
vn 0.9141 0.3346 -0.2290
vn 0.9414 0.2413 -0.2358
vn 0.9363 0.1053 -0.3350
vn 0.9304 0.1536 -0.3329
vn 0.9585 0.1536 -0.2401
vn 0.9646 0.1053 -0.2417
vn 0.7966 0.5928 -0.1181
vn 0.7355 0.6687 -0.1091
vn 0.7426 0.6687 -0.0365
vn 0.8044 0.5928 -0.0395
vn 0.8954 0.4249 -0.1328
vn 0.8502 0.5112 -0.1261
vn 0.8584 0.5112 -0.0422
vn 0.9041 0.4249 -0.0445
vn 0.9600 0.2413 -0.1424
vn 0.9322 0.3346 -0.1382
vn 0.9412 0.3346 -0.0463
vn 0.9693 0.2413 -0.0477
vn 0.9837 0.1053 -0.1459
vn 0.9774 0.1536 -0.1450
vn 0.9869 0.1536 -0.0485
vn 0.9932 0.1053 -0.0488
vn 0.1621 0.9851 -0.0580
vn 0.0897 0.9959 -0.0088
vn 0.1703 0.9851 0.0253
vn 0.3377 0.9399 -0.0510
vn 0.2523 0.9666 -0.0443
vn 0.2561 0.9666 -0.0057
vn 0.3412 0.9399 -0.0159
vn 0.5114 0.8560 -0.0758
vn 0.4256 0.9027 -0.0631
vn 0.4297 0.9027 -0.0211
vn 0.5163 0.8560 -0.0254
vn 0.6670 0.7384 -0.0989
vn 0.5922 0.8010 -0.0878
vn 0.5979 0.8010 -0.0294
vn 0.6735 0.7384 -0.0331
vn 0.1703 0.9851 -0.0253
vn 0.0897 0.9959 0.0088
vn 0.1621 0.9851 0.0580
vn 0.3412 0.9399 0.0159
vn 0.2561 0.9666 0.0057
vn 0.2523 0.9666 0.0443
vn 0.3377 0.9399 0.0510
vn 0.5163 0.8560 0.0254
vn 0.4297 0.9027 0.0211
vn 0.4256 0.9027 0.0631
vn 0.5114 0.8560 0.0758
vn 0.6735 0.7384 0.0331
vn 0.5979 0.8010 0.0294
vn 0.5922 0.8010 0.0878
vn 0.6670 0.7384 0.0989
vn 0.8044 0.5928 0.0395
vn 0.7426 0.6687 0.0365
vn 0.7355 0.6687 0.1091
vn 0.7966 0.5928 0.1181
vn 0.9041 0.4249 0.0445
vn 0.8584 0.5112 0.0422
vn 0.8502 0.5112 0.1261
vn 0.8954 0.4249 0.1328
vn 0.9693 0.2413 0.0477
vn 0.9412 0.3346 0.0463
vn 0.9322 0.3346 0.1382
vn 0.9600 0.2413 0.1424
vn 0.9932 0.1053 0.0488
vn 0.9869 0.1536 0.0485
vn 0.9774 0.1536 0.1450
vn 0.9837 0.1053 0.1459
vn 0.8781 0.4249 0.2200
vn 0.8337 0.5112 0.2089
vn 0.8092 0.5112 0.2895
vn 0.8523 0.4249 0.3049
vn 0.9414 0.2413 0.2358
vn 0.9141 0.3346 0.2290
vn 0.8873 0.3346 0.3174
vn 0.9137 0.2413 0.3269
vn 0.9646 0.1053 0.2417
vn 0.9585 0.1536 0.2401
vn 0.9304 0.1536 0.3329
vn 0.9363 0.1053 0.3350
vn 0.1720 0.9851 0.0084
vn 0.0862 0.9959 0.0262
vn 0.1476 0.9851 0.0885
vn 0.3315 0.9399 0.0822
vn 0.2500 0.9666 0.0556
vn 0.2388 0.9666 0.0927
vn 0.3213 0.9399 0.1159
vn 0.5015 0.8560 0.1256
vn 0.4174 0.9027 0.1046
vn 0.4051 0.9027 0.1449
vn 0.4867 0.8560 0.1741
vn 0.6541 0.7384 0.1639
vn 0.5807 0.8010 0.1455
vn 0.5637 0.8010 0.2017
vn 0.6349 0.7384 0.2272
vn 0.7812 0.5928 0.1957
vn 0.7212 0.6687 0.1807
vn 0.7001 0.6687 0.2505
vn 0.7583 0.5928 0.2713
vn 0.3091 0.9399 0.1453
vn 0.2344 0.9666 0.1033
vn 0.2161 0.9666 0.1375
vn 0.2925 0.9399 0.1763
vn 0.4673 0.8560 0.2210
vn 0.3889 0.9027 0.1840
vn 0.3691 0.9027 0.2212
vn 0.4434 0.8560 0.2658
vn 0.6096 0.7384 0.2883
vn 0.5412 0.8010 0.2560
vn 0.5135 0.8010 0.3078
vn 0.5784 0.7384 0.3467
vn 0.7280 0.5928 0.3444
vn 0.6721 0.6687 0.3179
vn 0.6378 0.6687 0.3822
vn 0.6908 0.5928 0.4140
vn 0.8183 0.4249 0.3871
vn 0.7769 0.5112 0.3675
vn 0.7372 0.5112 0.4418
vn 0.7765 0.4249 0.4653
vn 0.8773 0.2413 0.4150
vn 0.8519 0.3346 0.4029
vn 0.8083 0.3346 0.4844
vn 0.8324 0.2413 0.4989
vn 0.8989 0.1053 0.4252
vn 0.8933 0.1536 0.4225
vn 0.8476 0.1536 0.5080
vn 0.8530 0.1053 0.5112
vn 0.1670 0.9851 0.0418
vn 0.0795 0.9959 0.0425
vn 0.1275 0.9851 0.1156
vn 0.7795 0.2413 0.5781
vn 0.7569 0.3346 0.5614
vn 0.6983 0.3346 0.6328
vn 0.7191 0.2413 0.6517
vn 0.7987 0.1053 0.5924
vn 0.7937 0.1536 0.5887
vn 0.7322 0.1536 0.6636
vn 0.7369 0.1053 0.6678
vn 0.1556 0.9851 0.0736
vn 0.0697 0.9959 0.0572
vn 0.1025 0.9851 0.1383
vn 0.2749 0.9399 0.2028
vn 0.2097 0.9666 0.1470
vn 0.1851 0.9666 0.1770
vn 0.2525 0.9399 0.2300
vn 0.4152 0.8560 0.3080
vn 0.3456 0.9027 0.2563
vn 0.3188 0.9027 0.2889
vn 0.3831 0.8560 0.3472
vn 0.5416 0.7384 0.4017
vn 0.4808 0.8010 0.3566
vn 0.4436 0.8010 0.4020
vn 0.4997 0.7384 0.4528
vn 0.6468 0.5928 0.4798
vn 0.5972 0.6687 0.4429
vn 0.5509 0.6687 0.4993
vn 0.5967 0.5928 0.5408
vn 0.7271 0.4249 0.5393
vn 0.6903 0.5112 0.5120
vn 0.6368 0.5112 0.5772
vn 0.6708 0.4249 0.6079
vn 0.3472 0.8560 0.3831
vn 0.2889 0.9027 0.3188
vn 0.2563 0.9027 0.3456
vn 0.3080 0.8560 0.4152
vn 0.4528 0.7384 0.4997
vn 0.4020 0.8010 0.4436
vn 0.3566 0.8010 0.4808
vn 0.4017 0.7384 0.5416
vn 0.5408 0.5928 0.5967
vn 0.4993 0.6687 0.5509
vn 0.4429 0.6687 0.5972
vn 0.4798 0.5928 0.6468
vn 0.6079 0.4249 0.6708
vn 0.5772 0.5112 0.6368
vn 0.5120 0.5112 0.6903
vn 0.5393 0.4249 0.7271
vn 0.6517 0.2413 0.7191
vn 0.6328 0.3346 0.6983
vn 0.5614 0.3346 0.7569
vn 0.5781 0.2413 0.7795
vn 0.6678 0.1053 0.7369
vn 0.6636 0.1536 0.7322
vn 0.5887 0.1536 0.7937
vn 0.5924 0.1053 0.7987
vn 0.1383 0.9851 0.1025
vn 0.0572 0.9959 0.0697
vn 0.0736 0.9851 0.1556
vn 0.2300 0.9399 0.2525
vn 0.1770 0.9666 0.1851
vn 0.1470 0.9666 0.2097
vn 0.2028 0.9399 0.2749
vn 0.4989 0.2413 0.8324
vn 0.4844 0.3346 0.8083
vn 0.4029 0.3346 0.8519
vn 0.4150 0.2413 0.8773
vn 0.5112 0.1053 0.8530
vn 0.5080 0.1536 0.8476
vn 0.4225 0.1536 0.8933
vn 0.4252 0.1053 0.8989
vn 0.1156 0.9851 0.1275
vn 0.0425 0.9959 0.0795
vn 0.0418 0.9851 0.1670
vn 0.1763 0.9399 0.2925
vn 0.1375 0.9666 0.2161
vn 0.1033 0.9666 0.2344
vn 0.1453 0.9399 0.3091
vn 0.2658 0.8560 0.4434
vn 0.2212 0.9027 0.3691
vn 0.1840 0.9027 0.3889
vn 0.2210 0.8560 0.4673
vn 0.3467 0.7384 0.5784
vn 0.3078 0.8010 0.5135
vn 0.2560 0.8010 0.5412
vn 0.2883 0.7384 0.6096
vn 0.4140 0.5928 0.6908
vn 0.3822 0.6687 0.6378
vn 0.3179 0.6687 0.6721
vn 0.3444 0.5928 0.7280
vn 0.4653 0.4249 0.7765
vn 0.4418 0.5112 0.7372
vn 0.3675 0.5112 0.7769
vn 0.3871 0.4249 0.8183
vn 0.2272 0.7384 0.6349
vn 0.2017 0.8010 0.5637
vn 0.1455 0.8010 0.5807
vn 0.1639 0.7384 0.6541
vn 0.2713 0.5928 0.7583
vn 0.2505 0.6687 0.7001
vn 0.1807 0.6687 0.7212
vn 0.1957 0.5928 0.7812
vn 0.3049 0.4249 0.8523
vn 0.2895 0.5112 0.8092
vn 0.2089 0.5112 0.8337
vn 0.2200 0.4249 0.8781
vn 0.3269 0.2413 0.9137
vn 0.3174 0.3346 0.8873
vn 0.2290 0.3346 0.9141
vn 0.2358 0.2413 0.9414
vn 0.3350 0.1053 0.9363
vn 0.3329 0.1536 0.9304
vn 0.2401 0.1536 0.9585
vn 0.2417 0.1053 0.9646
vn 0.0885 0.9851 0.1476
vn 0.0262 0.9959 0.0862
vn 0.0084 0.9851 0.1720
vn 0.1159 0.9399 0.3213
vn 0.0927 0.9666 0.2388
vn 0.0556 0.9666 0.2500
vn 0.0822 0.9399 0.3315
vn 0.1741 0.8560 0.4867
vn 0.1449 0.9027 0.4051
vn 0.1046 0.9027 0.4174
vn 0.1256 0.8560 0.5015
vn 0.1459 0.1053 0.9837
vn 0.1450 0.1536 0.9775
vn 0.0485 0.1536 0.9869
vn 0.0488 0.1053 0.9932
vn 0.0580 0.9851 0.1621
vn 0.0088 0.9959 0.0897
vn -0.0253 0.9851 0.1703
vn 0.0510 0.9399 0.3377
vn 0.0443 0.9666 0.2523
vn 0.0057 0.9666 0.2561
vn 0.0159 0.9399 0.3412
vn 0.0758 0.8560 0.5114
vn 0.0631 0.9027 0.4256
vn 0.0211 0.9027 0.4297
vn 0.0254 0.8560 0.5163
vn 0.0989 0.7384 0.6670
vn 0.0878 0.8010 0.5922
vn 0.0294 0.8010 0.5979
vn 0.0331 0.7384 0.6735
vn 0.1181 0.5928 0.7966
vn 0.1091 0.6687 0.7355
vn 0.0365 0.6687 0.7426
vn 0.0395 0.5928 0.8044
vn 0.1328 0.4249 0.8954
vn 0.1261 0.5112 0.8502
vn 0.0422 0.5112 0.8584
vn 0.0445 0.4249 0.9041
vn 0.1424 0.2413 0.9600
vn 0.1382 0.3346 0.9322
vn 0.0463 0.3346 0.9412
vn 0.0477 0.2413 0.9693
vn -0.0331 0.7384 0.6735
vn -0.0294 0.8010 0.5979
vn -0.0878 0.8010 0.5922
vn -0.0989 0.7384 0.6670
vn -0.0395 0.5928 0.8044
vn -0.0365 0.6687 0.7426
vn -0.1091 0.6687 0.7355
vn -0.1181 0.5928 0.7966
vn -0.0445 0.4249 0.9041
vn -0.0422 0.5112 0.8584
vn -0.1261 0.5112 0.8502
vn -0.1328 0.4249 0.8954
vn -0.0477 0.2413 0.9693
vn -0.0463 0.3346 0.9412
vn -0.1382 0.3346 0.9322
vn -0.1424 0.2413 0.9600
vn -0.0488 0.1053 0.9932
vn -0.0485 0.1536 0.9869
vn -0.1450 0.1536 0.9774
vn -0.1459 0.1053 0.9837
vn 0.0253 0.9851 0.1703
vn -0.0088 0.9959 0.0897
vn -0.0580 0.9851 0.1621
vn -0.0159 0.9399 0.3412
vn -0.0057 0.9666 0.2561
vn -0.0443 0.9666 0.2523
vn -0.0510 0.9399 0.3377
vn -0.0254 0.8560 0.5163
vn -0.0211 0.9027 0.4297
vn -0.0631 0.9027 0.4256
vn -0.0758 0.8560 0.5114
vn -0.2417 0.1053 0.9646
vn -0.2401 0.1536 0.9585
vn -0.3329 0.1536 0.9304
vn -0.3350 0.1053 0.9363
vn -0.0084 0.9851 0.1720
vn -0.0262 0.9959 0.0862
vn -0.0885 0.9851 0.1476
vn -0.0822 0.9399 0.3315
vn -0.0556 0.9666 0.2500
vn -0.0927 0.9666 0.2388
vn -0.1159 0.9399 0.3213
vn -0.1256 0.8560 0.5015
vn -0.1046 0.9027 0.4174
vn -0.1449 0.9027 0.4051
vn -0.1741 0.8560 0.4867
vn -0.1639 0.7384 0.6541
vn -0.1455 0.8010 0.5807
vn -0.2017 0.8010 0.5637
vn -0.2272 0.7384 0.6349
vn -0.1957 0.5928 0.7812
vn -0.1807 0.6687 0.7212
vn -0.2505 0.6687 0.7001
vn -0.2713 0.5928 0.7583
vn -0.2200 0.4249 0.8781
vn -0.2089 0.5112 0.8337
vn -0.2895 0.5112 0.8092
vn -0.3049 0.4249 0.8523
vn -0.2358 0.2413 0.9414
vn -0.2290 0.3346 0.9141
vn -0.3174 0.3346 0.8873
vn -0.3269 0.2413 0.9137
vn -0.3444 0.5928 0.7280
vn -0.3179 0.6687 0.6721
vn -0.3822 0.6687 0.6378
vn -0.4140 0.5928 0.6908
vn -0.3871 0.4249 0.8183
vn -0.3675 0.5112 0.7769
vn -0.4418 0.5112 0.7372
vn -0.4653 0.4249 0.7765
vn -0.4150 0.2413 0.8773
vn -0.4029 0.3346 0.8519
vn -0.4844 0.3346 0.8083
vn -0.4989 0.2413 0.8324
vn -0.4252 0.1053 0.8989
vn -0.4225 0.1536 0.8933
vn -0.5080 0.1536 0.8476
vn -0.5112 0.1053 0.8530
vn -0.0418 0.9851 0.1670
vn -0.0425 0.9959 0.0795
vn -0.1156 0.9851 0.1275
vn -0.1453 0.9399 0.3091
vn -0.1033 0.9666 0.2344
vn -0.1375 0.9666 0.2161
vn -0.1763 0.9399 0.2925
vn -0.2210 0.8560 0.4673
vn -0.1840 0.9027 0.3889
vn -0.2212 0.9027 0.3691
vn -0.2658 0.8560 0.4434
vn -0.2883 0.7384 0.6096
vn -0.2560 0.8010 0.5412
vn -0.3078 0.8010 0.5135
vn -0.3467 0.7384 0.5784
vn -0.0736 0.9851 0.1556
vn -0.0572 0.9959 0.0697
vn -0.1383 0.9851 0.1025
vn -0.2028 0.9399 0.2749
vn -0.1470 0.9666 0.2097
vn -0.1770 0.9666 0.1851
vn -0.2300 0.9399 0.2525
vn -0.3080 0.8560 0.4152
vn -0.2563 0.9027 0.3456
vn -0.2889 0.9027 0.3188
vn -0.3472 0.8560 0.3831
vn -0.4017 0.7384 0.5416
vn -0.3566 0.8010 0.4808
vn -0.4020 0.8010 0.4436
vn -0.4528 0.7384 0.4997
vn -0.4798 0.5928 0.6468
vn -0.4429 0.6687 0.5972
vn -0.4993 0.6687 0.5509
vn -0.5408 0.5928 0.5967
vn -0.5393 0.4249 0.7271
vn -0.5120 0.5112 0.6903
vn -0.5772 0.5112 0.6368
vn -0.6079 0.4249 0.6708
vn -0.5781 0.2413 0.7795
vn -0.5614 0.3346 0.7569
vn -0.6328 0.3346 0.6983
vn -0.6517 0.2413 0.7191
vn -0.5924 0.1053 0.7987
vn -0.5887 0.1536 0.7937
vn -0.6636 0.1536 0.7322
vn -0.6678 0.1053 0.7369
vn -0.6708 0.4249 0.6079
vn -0.6368 0.5112 0.5772
vn -0.6903 0.5112 0.5120
vn -0.7271 0.4249 0.5393
vn -0.7191 0.2413 0.6517
vn -0.6983 0.3346 0.6328
vn -0.7569 0.3346 0.5614
vn -0.7795 0.2413 0.5781
vn -0.7369 0.1053 0.6678
vn -0.7322 0.1536 0.6636
vn -0.7937 0.1536 0.5887
vn -0.7987 0.1053 0.5924
vn -0.1025 0.9851 0.1383
vn -0.0697 0.9959 0.0572
vn -0.1556 0.9851 0.0736
vn -0.2525 0.9399 0.2300
vn -0.1851 0.9666 0.1770
vn -0.2097 0.9666 0.1470
vn -0.2749 0.9399 0.2028
vn -0.3831 0.8560 0.3472
vn -0.3188 0.9027 0.2889
vn -0.3456 0.9027 0.2563
vn -0.4152 0.8560 0.3080
vn -0.4997 0.7384 0.4528
vn -0.4436 0.8010 0.4020
vn -0.4808 0.8010 0.3566
vn -0.5416 0.7384 0.4017
vn -0.5967 0.5928 0.5408
vn -0.5509 0.6687 0.4993
vn -0.5972 0.6687 0.4429
vn -0.6468 0.5928 0.4798
vn -0.1275 0.9851 0.1156
vn -0.0795 0.9959 0.0425
vn -0.1670 0.9851 0.0418
vn -0.2925 0.9399 0.1763
vn -0.2161 0.9666 0.1375
vn -0.2344 0.9666 0.1033
vn -0.3091 0.9399 0.1453
vn -0.4434 0.8560 0.2658
vn -0.3691 0.9027 0.2212
vn -0.3889 0.9027 0.1840
vn -0.4673 0.8560 0.2210
vn -0.5784 0.7384 0.3467
vn -0.5135 0.8010 0.3078
vn -0.5412 0.8010 0.2560
vn -0.6096 0.7384 0.2883
vn -0.6908 0.5928 0.4140
vn -0.6378 0.6687 0.3822
vn -0.6721 0.6687 0.3179
vn -0.7280 0.5928 0.3444
vn -0.7765 0.4249 0.4653
vn -0.7372 0.5112 0.4418
vn -0.7769 0.5112 0.3675
vn -0.8183 0.4249 0.3871
vn -0.8324 0.2413 0.4989
vn -0.8083 0.3346 0.4844
vn -0.8519 0.3346 0.4029
vn -0.8773 0.2413 0.4150
vn -0.8530 0.1053 0.5112
vn -0.8476 0.1536 0.5080
vn -0.8933 0.1536 0.4225
vn -0.8989 0.1053 0.4252
vn -0.8523 0.4249 0.3049
vn -0.8092 0.5112 0.2895
vn -0.8337 0.5112 0.2089
vn -0.8781 0.4249 0.2200
vn -0.9137 0.2413 0.3269
vn -0.8873 0.3346 0.3174
vn -0.9141 0.3346 0.2290
vn -0.9414 0.2413 0.2358
vn -0.9363 0.1053 0.3350
vn -0.9304 0.1536 0.3329
vn -0.9585 0.1536 0.2401
vn -0.9646 0.1053 0.2417
vn -0.1476 0.9851 0.0885
vn -0.0862 0.9959 0.0262
vn -0.1720 0.9851 0.0084
vn -0.3213 0.9399 0.1159
vn -0.2388 0.9666 0.0927
vn -0.2500 0.9666 0.0556
vn -0.3315 0.9399 0.0822
vn -0.4867 0.8560 0.1741
vn -0.4051 0.9027 0.1449
vn -0.4174 0.9027 0.1046
vn -0.5015 0.8560 0.1256
vn -0.6349 0.7384 0.2272
vn -0.5637 0.8010 0.2017
vn -0.5807 0.8010 0.1455
vn -0.6541 0.7384 0.1639
vn -0.7583 0.5928 0.2713
vn -0.7001 0.6687 0.2505
vn -0.7212 0.6687 0.1807
vn -0.7812 0.5928 0.1957
vn -0.5114 0.8560 0.0758
vn -0.4256 0.9027 0.0631
vn -0.4297 0.9027 0.0211
vn -0.5163 0.8560 0.0254
vn -0.6670 0.7384 0.0989
vn -0.5922 0.8010 0.0878
vn -0.5979 0.8010 0.0294
vn -0.6735 0.7384 0.0331
vn -0.7966 0.5928 0.1181
vn -0.7355 0.6687 0.1091
vn -0.7426 0.6687 0.0365
vn -0.8044 0.5928 0.0395
vn -0.8954 0.4249 0.1328
vn -0.8502 0.5112 0.1261
vn -0.8584 0.5112 0.0422
vn -0.9041 0.4249 0.0445
vn -0.9600 0.2413 0.1424
vn -0.9322 0.3346 0.1382
vn -0.9412 0.3346 0.0463
vn -0.9693 0.2413 0.0477
vn -0.9837 0.1053 0.1459
vn -0.9775 0.1536 0.1450
vn -0.9869 0.1536 0.0485
vn -0.9932 0.1053 0.0488
vn -0.1621 0.9851 0.0580
vn -0.0897 0.9959 0.0088
vn -0.1703 0.9851 -0.0253
vn -0.3377 0.9399 0.0510
vn -0.2523 0.9666 0.0443
vn -0.2561 0.9666 0.0057
vn -0.3412 0.9399 0.0159
vn -0.9693 0.2413 -0.0477
vn -0.9412 0.3346 -0.0463
vn -0.9322 0.3346 -0.1382
vn -0.9600 0.2413 -0.1424
vn -0.9932 0.1053 -0.0488
vn -0.9869 0.1536 -0.0485
vn -0.9774 0.1536 -0.1450
vn -0.9837 0.1053 -0.1459
vn -0.1703 0.9851 0.0253
vn -0.0897 0.9959 -0.0088
vn -0.1621 0.9851 -0.0580
vn -0.3412 0.9399 -0.0159
vn -0.2561 0.9666 -0.0057
vn -0.2523 0.9666 -0.0443
vn -0.3377 0.9399 -0.0510
vn -0.5163 0.8560 -0.0254
vn -0.4297 0.9027 -0.0211
vn -0.4256 0.9027 -0.0631
vn -0.5114 0.8560 -0.0758
vn -0.6735 0.7384 -0.0331
vn -0.5979 0.8010 -0.0294
vn -0.5922 0.8010 -0.0878
vn -0.6670 0.7384 -0.0989
vn -0.8044 0.5928 -0.0395
vn -0.7426 0.6687 -0.0365
vn -0.7355 0.6687 -0.1091
vn -0.7966 0.5928 -0.1181
vn -0.9041 0.4249 -0.0445
vn -0.8584 0.5112 -0.0422
vn -0.8502 0.5112 -0.1261
vn -0.8954 0.4249 -0.1328
vn -0.5015 0.8560 -0.1256
vn -0.4174 0.9027 -0.1046
vn -0.4051 0.9027 -0.1449
vn -0.4867 0.8560 -0.1741
vn -0.6541 0.7384 -0.1639
vn -0.5807 0.8010 -0.1455
vn -0.5637 0.8010 -0.2017
vn -0.6349 0.7384 -0.2272
vn -0.7812 0.5928 -0.1957
vn -0.7212 0.6687 -0.1807
vn -0.7001 0.6687 -0.2505
vn -0.7583 0.5928 -0.2713
vn -0.8781 0.4249 -0.2200
vn -0.8337 0.5112 -0.2089
vn -0.8092 0.5112 -0.2895
vn -0.8523 0.4249 -0.3049
vn -0.9414 0.2413 -0.2358
vn -0.9141 0.3346 -0.2290
vn -0.8873 0.3346 -0.3174
vn -0.9137 0.2413 -0.3269
vn -0.9646 0.1053 -0.2417
vn -0.9585 0.1536 -0.2401
vn -0.9304 0.1536 -0.3329
vn -0.9363 0.1053 -0.3350
vn -0.1720 0.9851 -0.0084
vn -0.0862 0.9959 -0.0262
vn -0.1476 0.9851 -0.0885
vn -0.3315 0.9399 -0.0822
vn -0.2500 0.9666 -0.0556
vn -0.2388 0.9666 -0.0927
vn -0.3213 0.9399 -0.1159
vn -0.8773 0.2413 -0.4150
vn -0.8519 0.3346 -0.4029
vn -0.8083 0.3346 -0.4844
vn -0.8324 0.2413 -0.4989
vn -0.8989 0.1053 -0.4252
vn -0.8933 0.1536 -0.4225
vn -0.8476 0.1536 -0.5080
vn -0.8530 0.1053 -0.5112
vn -0.1670 0.9851 -0.0418
vn -0.0795 0.9959 -0.0425
vn -0.1275 0.9851 -0.1156
vn -0.3091 0.9399 -0.1453
vn -0.2344 0.9666 -0.1033
vn -0.2161 0.9666 -0.1375
vn -0.2925 0.9399 -0.1763
vn -0.4673 0.8560 -0.2210
vn -0.3889 0.9027 -0.1840
vn -0.3691 0.9027 -0.2212
vn -0.4434 0.8560 -0.2658
vn -0.6096 0.7384 -0.2883
vn -0.5412 0.8010 -0.2560
vn -0.5135 0.8010 -0.3078
vn -0.5784 0.7384 -0.3467
vn -0.7280 0.5928 -0.3444
vn -0.6721 0.6687 -0.3179
vn -0.6378 0.6687 -0.3822
vn -0.6908 0.5928 -0.4140
vn -0.8183 0.4249 -0.3871
vn -0.7769 0.5112 -0.3675
vn -0.7372 0.5112 -0.4418
vn -0.7765 0.4249 -0.4653
vn -0.5416 0.7384 -0.4017
vn -0.4808 0.8010 -0.3566
vn -0.4436 0.8010 -0.4020
vn -0.4997 0.7384 -0.4528
vn -0.6468 0.5928 -0.4798
vn -0.5972 0.6687 -0.4429
vn -0.5509 0.6687 -0.4993
vn -0.5967 0.5928 -0.5408
vn -0.7271 0.4249 -0.5393
vn -0.6903 0.5112 -0.5120
vn -0.6368 0.5112 -0.5772
vn -0.6708 0.4249 -0.6079
vn -0.7795 0.2413 -0.5781
vn -0.7569 0.3346 -0.5614
vn -0.6983 0.3346 -0.6328
vn -0.7191 0.2413 -0.6517
vn -0.7987 0.1053 -0.5924
vn -0.7937 0.1536 -0.5887
vn -0.7322 0.1536 -0.6636
vn -0.7369 0.1053 -0.6678
vn -0.1556 0.9851 -0.0736
vn -0.0697 0.9959 -0.0572
vn -0.1025 0.9851 -0.1383
vn -0.2749 0.9399 -0.2028
vn -0.2097 0.9666 -0.1470
vn -0.1851 0.9666 -0.1770
vn -0.2525 0.9399 -0.2300
vn -0.4152 0.8560 -0.3080
vn -0.3456 0.9027 -0.2563
vn -0.3188 0.9027 -0.2889
vn -0.3831 0.8560 -0.3472
vn -0.6678 0.1053 -0.7369
vn -0.6636 0.1536 -0.7322
vn -0.5887 0.1536 -0.7937
vn -0.5924 0.1053 -0.7987
vn -0.1383 0.9851 -0.1025
vn -0.0572 0.9959 -0.0697
vn -0.0736 0.9851 -0.1556
vn -0.2300 0.9399 -0.2525
vn -0.1770 0.9666 -0.1851
vn -0.1470 0.9666 -0.2097
vn -0.2028 0.9399 -0.2749
vn -0.3472 0.8560 -0.3831
vn -0.2889 0.9027 -0.3188
vn -0.2563 0.9027 -0.3456
vn -0.3080 0.8560 -0.4152
vn -0.4528 0.7384 -0.4997
vn -0.4020 0.8010 -0.4436
vn -0.3566 0.8010 -0.4808
vn -0.4017 0.7384 -0.5416
vn -0.5408 0.5928 -0.5967
vn -0.4993 0.6687 -0.5509
vn -0.4429 0.6687 -0.5972
vn -0.4798 0.5928 -0.6468
vn -0.6079 0.4249 -0.6708
vn -0.5772 0.5112 -0.6368
vn -0.5120 0.5112 -0.6903
vn -0.5393 0.4249 -0.7271
vn -0.6517 0.2413 -0.7191
vn -0.6328 0.3346 -0.6983
vn -0.5614 0.3346 -0.7569
vn -0.5781 0.2413 -0.7795
vn -0.4140 0.5928 -0.6908
vn -0.3822 0.6687 -0.6378
vn -0.3179 0.6687 -0.6721
vn -0.3444 0.5928 -0.7280
vn -0.4653 0.4249 -0.7765
vn -0.4418 0.5112 -0.7372
vn -0.3675 0.5112 -0.7769
vn -0.3871 0.4249 -0.8183
vn -0.4989 0.2413 -0.8324
vn -0.4844 0.3346 -0.8083
vn -0.4029 0.3346 -0.8519
vn -0.4150 0.2413 -0.8773
vn -0.5112 0.1053 -0.8530
vn -0.5080 0.1536 -0.8476
vn -0.4225 0.1536 -0.8933
vn -0.4252 0.1053 -0.8989
vn -0.1156 0.9851 -0.1275
vn -0.0425 0.9959 -0.0795
vn -0.0418 0.9851 -0.1670
vn -0.1763 0.9399 -0.2925
vn -0.1375 0.9666 -0.2161
vn -0.1033 0.9666 -0.2344
vn -0.1453 0.9399 -0.3091
vn -0.2658 0.8560 -0.4434
vn -0.2212 0.9027 -0.3691
vn -0.1840 0.9027 -0.3889
vn -0.2210 0.8560 -0.4673
vn -0.3467 0.7384 -0.5784
vn -0.3078 0.8010 -0.5135
vn -0.2560 0.8010 -0.5412
vn -0.2883 0.7384 -0.6096
vn -0.0885 0.9851 -0.1476
vn -0.0262 0.9959 -0.0862
vn -0.0084 0.9851 -0.1720
vn -0.1159 0.9399 -0.3213
vn -0.0927 0.9666 -0.2388
vn -0.0556 0.9666 -0.2500
vn -0.0822 0.9399 -0.3315
vn -0.1741 0.8560 -0.4867
vn -0.1449 0.9027 -0.4051
vn -0.1046 0.9027 -0.4174
vn -0.1256 0.8560 -0.5015
vn -0.2272 0.7384 -0.6349
vn -0.2017 0.8010 -0.5637
vn -0.1455 0.8010 -0.5807
vn -0.1639 0.7384 -0.6541
vn -0.2713 0.5928 -0.7583
vn -0.2505 0.6687 -0.7001
vn -0.1807 0.6687 -0.7212
vn -0.1957 0.5928 -0.7812
vn -0.3049 0.4249 -0.8523
vn -0.2895 0.5112 -0.8092
vn -0.2089 0.5112 -0.8337
vn -0.2200 0.4249 -0.8781
vn -0.3269 0.2413 -0.9137
vn -0.3174 0.3346 -0.8873
vn -0.2290 0.3346 -0.9141
vn -0.2358 0.2413 -0.9414
vn -0.3350 0.1053 -0.9363
vn -0.3329 0.1536 -0.9304
vn -0.2401 0.1536 -0.9585
vn -0.2417 0.1053 -0.9646
vn -0.1181 0.5928 -0.7966
vn -0.1091 0.6687 -0.7355
vn -0.0365 0.6687 -0.7426
vn -0.0396 0.5928 -0.8044
vn -0.1328 0.4249 -0.8954
vn -0.1261 0.5112 -0.8502
vn -0.0422 0.5112 -0.8584
vn -0.0445 0.4249 -0.9041
vn -0.1424 0.2413 -0.9600
vn -0.1382 0.3346 -0.9322
vn -0.0463 0.3346 -0.9412
vn -0.0477 0.2413 -0.9693
vn -0.1459 0.1053 -0.9837
vn -0.1450 0.1536 -0.9775
vn -0.0485 0.1536 -0.9869
vn -0.0488 0.1053 -0.9932
vn -0.0580 0.9851 -0.1621
vn -0.0088 0.9959 -0.0897
vn 0.0253 0.9851 -0.1703
vn -0.0510 0.9399 -0.3377
vn -0.0443 0.9666 -0.2523
vn -0.0057 0.9666 -0.2561
vn -0.0159 0.9399 -0.3412
vn -0.0758 0.8560 -0.5114
vn -0.0631 0.9027 -0.4256
vn -0.0211 0.9027 -0.4297
vn -0.0254 0.8560 -0.5163
vn -0.0989 0.7384 -0.6670
vn -0.0878 0.8010 -0.5922
vn -0.0294 0.8010 -0.5979
vn -0.0331 0.7384 -0.6735
vt 0.750000 0.625000
vt 0.750000 0.656250
vt 0.734375 0.656250
vt 0.734375 0.625000
vt 0.750000 0.687500
vt 0.734375 0.687500
vt 0.718750 0.687500
vt 0.718750 0.656250
vt 0.718750 0.625000
vt 0.750000 0.718750
vt 0.734375 0.718750
vt 0.750000 0.750000
vt 0.734375 0.750000
vt 0.718750 0.750000
vt 0.718750 0.718750
vt 0.750000 0.781250
vt 0.734375 0.781250
vt 0.750000 0.812500
vt 0.734375 0.812500
vt 0.718750 0.812500
vt 0.718750 0.781250
vt 0.750000 0.843750
vt 0.734375 0.843750
vt 0.750000 0.875000
vt 0.734375 0.875000
vt 0.718750 0.875000
vt 0.718750 0.843750
vt 0.750000 0.906105
vt 0.734375 0.905961
vt 0.750000 0.937500
vt 0.734375 0.935185
vt 0.718750 0.937500
vt 0.718750 0.906105
vt 0.742188 0.968750
vt 0.734375 0.957899
vt 0.734375 1.000000
vt 0.726563 0.968750
vt 0.750000 0.500000
vt 0.750000 0.531250
vt 0.734375 0.531250
vt 0.734375 0.500000
vt 0.750000 0.562500
vt 0.734375 0.562500
vt 0.718750 0.562500
vt 0.718750 0.531250
vt 0.718750 0.500000
vt 0.750000 0.593750
vt 0.734375 0.593750
vt 0.718750 0.593750
vt 0.703125 0.718750
vt 0.703125 0.687500
vt 0.703125 0.750000
vt 0.687500 0.750000
vt 0.687500 0.718750
vt 0.687500 0.687500
vt 0.703125 0.656250
vt 0.703125 0.625000
vt 0.687500 0.656250
vt 0.687500 0.625000
vt 0.703125 0.593750
vt 0.703125 0.562500
vt 0.687500 0.593750
vt 0.687500 0.562500
vt 0.703125 0.531250
vt 0.703125 0.500000
vt 0.687500 0.531250
vt 0.687500 0.500000
vt 0.710938 0.968750
vt 0.703125 0.957899
vt 0.703125 0.935185
vt 0.703125 1.000000
vt 0.695313 0.968750
vt 0.687500 0.937500
vt 0.703125 0.843750
vt 0.703125 0.812500
vt 0.703125 0.875000
vt 0.687500 0.875000
vt 0.687500 0.843750
vt 0.687500 0.812500
vt 0.703125 0.905961
vt 0.687500 0.906105
vt 0.703125 0.781250
vt 0.687500 0.781250
vt 0.671875 0.531250
vt 0.671875 0.500000
vt 0.671875 0.562500
vt 0.656250 0.562500
vt 0.656250 0.531250
vt 0.656250 0.500000
vt 0.679688 0.968750
vt 0.671875 0.957899
vt 0.671875 0.935185
vt 0.671875 1.000000
vt 0.664063 0.968750
vt 0.656250 0.937500
vt 0.671875 0.905961
vt 0.671875 0.875000
vt 0.656250 0.906105
vt 0.656250 0.875000
vt 0.671875 0.843750
vt 0.671875 0.812500
vt 0.656250 0.843750
vt 0.656250 0.812500
vt 0.671875 0.781250
vt 0.671875 0.750000
vt 0.656250 0.781250
vt 0.656250 0.750000
vt 0.671875 0.718750
vt 0.671875 0.687500
vt 0.656250 0.718750
vt 0.656250 0.687500
vt 0.671875 0.656250
vt 0.671875 0.625000
vt 0.656250 0.656250
vt 0.656250 0.625000
vt 0.671875 0.593750
vt 0.656250 0.593750
vt 0.640625 0.781250
vt 0.640625 0.750000
vt 0.640625 0.812500
vt 0.625000 0.812500
vt 0.625000 0.781250
vt 0.625000 0.750000
vt 0.640625 0.718750
vt 0.640625 0.687500
vt 0.625000 0.718750
vt 0.625000 0.687500
vt 0.640625 0.656250
vt 0.640625 0.625000
vt 0.625000 0.656250
vt 0.625000 0.625000
vt 0.640625 0.593750
vt 0.640625 0.562500
vt 0.625000 0.593750
vt 0.625000 0.562500
vt 0.640625 0.531250
vt 0.640625 0.500000
vt 0.625000 0.531250
vt 0.625000 0.500000
vt 0.648438 0.968750
vt 0.640625 0.957899
vt 0.640625 0.935185
vt 0.640625 1.000000
vt 0.632813 0.968750
vt 0.625000 0.937500
vt 0.640625 0.905961
vt 0.640625 0.875000
vt 0.625000 0.906105
vt 0.625000 0.875000
vt 0.640625 0.843750
vt 0.625000 0.843750
vt 0.609375 0.531250
vt 0.609375 0.500000
vt 0.609375 0.562500
vt 0.593750 0.562500
vt 0.593750 0.531250
vt 0.593750 0.500000
vt 0.617188 0.968750
vt 0.609375 0.957899
vt 0.609375 0.935185
vt 0.609375 1.000000
vt 0.601563 0.968750
vt 0.593750 0.937500
vt 0.609375 0.905961
vt 0.609375 0.875000
vt 0.593750 0.906105
vt 0.593750 0.875000
vt 0.609375 0.843750
vt 0.609375 0.812500
vt 0.593750 0.843750
vt 0.593750 0.812500
vt 0.609375 0.781250
vt 0.609375 0.750000
vt 0.593750 0.781250
vt 0.593750 0.750000
vt 0.609375 0.718750
vt 0.609375 0.687500
vt 0.593750 0.718750
vt 0.593750 0.687500
vt 0.609375 0.656250
vt 0.609375 0.625000
vt 0.593750 0.656250
vt 0.593750 0.625000
vt 0.609375 0.593750
vt 0.593750 0.593750
vt 0.578125 0.718750
vt 0.578125 0.687500
vt 0.578125 0.750000
vt 0.562500 0.750000
vt 0.562500 0.718750
vt 0.562500 0.687500
vt 0.578125 0.656250
vt 0.578125 0.625000
vt 0.562500 0.656250
vt 0.562500 0.625000
vt 0.578125 0.593750
vt 0.578125 0.562500
vt 0.562500 0.593750
vt 0.562500 0.562500
vt 0.578125 0.531250
vt 0.578125 0.500000
vt 0.562500 0.531250
vt 0.562500 0.500000
vt 0.585938 0.968750
vt 0.578125 0.957899
vt 0.578125 0.935185
vt 0.578125 1.000000
vt 0.570313 0.968750
vt 0.562500 0.937500
vt 0.578125 0.905961
vt 0.578125 0.875000
vt 0.562500 0.906105
vt 0.562500 0.875000
vt 0.578125 0.843750
vt 0.578125 0.812500
vt 0.562500 0.843750
vt 0.562500 0.812500
vt 0.578125 0.781250
vt 0.562500 0.781250
vt 0.554688 0.968750
vt 0.546875 0.957899
vt 0.546875 0.935185
vt 0.546875 1.000000
vt 0.539063 0.968750
vt 0.531250 0.937500
vt 0.546875 0.905961
vt 0.546875 0.875000
vt 0.531250 0.906105
vt 0.531250 0.875000
vt 0.546875 0.843750
vt 0.546875 0.812500
vt 0.531250 0.843750
vt 0.531250 0.812500
vt 0.546875 0.781250
vt 0.546875 0.750000
vt 0.531250 0.781250
vt 0.531250 0.750000
vt 0.546875 0.718750
vt 0.546875 0.687500
vt 0.531250 0.718750
vt 0.531250 0.687500
vt 0.546875 0.656250
vt 0.546875 0.625000
vt 0.531250 0.656250
vt 0.531250 0.625000
vt 0.546875 0.593750
vt 0.546875 0.562500
vt 0.531250 0.593750
vt 0.531250 0.562500
vt 0.546875 0.531250
vt 0.546875 0.500000
vt 0.531250 0.531250
vt 0.531250 0.500000
vt 0.515625 0.718750
vt 0.515625 0.687500
vt 0.515625 0.750000
vt 0.500000 0.750000
vt 0.500000 0.718750
vt 0.500000 0.687500
vt 0.515625 0.656250
vt 0.515625 0.625000
vt 0.500000 0.656250
vt 0.500000 0.625000
vt 0.515625 0.593750
vt 0.515625 0.562500
vt 0.500000 0.593750
vt 0.500000 0.562500
vt 0.515625 0.531250
vt 0.515625 0.500000
vt 0.500000 0.531250
vt 0.500000 0.500000
vt 0.523438 0.968750
vt 0.515625 0.957899
vt 0.515625 0.935185
vt 0.515625 1.000000
vt 0.507813 0.968750
vt 0.500000 0.937500
vt 0.515625 0.905961
vt 0.515625 0.875000
vt 0.500000 0.906105
vt 0.500000 0.875000
vt 0.515625 0.843750
vt 0.515625 0.812500
vt 0.500000 0.843750
vt 0.500000 0.812500
vt 0.515625 0.781250
vt 0.500000 0.781250
vt 0.492188 0.968750
vt 0.484375 0.957899
vt 0.484375 0.935185
vt 0.484375 1.000000
vt 0.476563 0.968750
vt 0.468750 0.937500
vt 0.484375 0.905961
vt 0.484375 0.875000
vt 0.468750 0.906105
vt 0.468750 0.875000
vt 0.484375 0.843750
vt 0.484375 0.812500
vt 0.468750 0.843750
vt 0.468750 0.812500
vt 0.484375 0.781250
vt 0.484375 0.750000
vt 0.468750 0.781250
vt 0.468750 0.750000
vt 0.484375 0.718750
vt 0.484375 0.687500
vt 0.468750 0.718750
vt 0.468750 0.687500
vt 0.484375 0.656250
vt 0.484375 0.625000
vt 0.468750 0.656250
vt 0.468750 0.625000
vt 0.484375 0.593750
vt 0.484375 0.562500
vt 0.468750 0.593750
vt 0.468750 0.562500
vt 0.484375 0.531250
vt 0.484375 0.500000
vt 0.468750 0.531250
vt 0.468750 0.500000
vt 0.453125 0.656250
vt 0.453125 0.625000
vt 0.453125 0.687500
vt 0.437500 0.687500
vt 0.437500 0.656250
vt 0.437500 0.625000
vt 0.453125 0.593750
vt 0.453125 0.562500
vt 0.437500 0.593750
vt 0.437500 0.562500
vt 0.453125 0.531250
vt 0.453125 0.500000
vt 0.437500 0.531250
vt 0.437500 0.500000
vt 0.460938 0.968750
vt 0.453125 0.957899
vt 0.453125 0.935185
vt 0.453125 1.000000
vt 0.445313 0.968750
vt 0.437500 0.937500
vt 0.453125 0.905961
vt 0.453125 0.875000
vt 0.437500 0.906105
vt 0.437500 0.875000
vt 0.453125 0.843750
vt 0.453125 0.812500
vt 0.437500 0.843750
vt 0.437500 0.812500
vt 0.453125 0.781250
vt 0.453125 0.750000
vt 0.437500 0.781250
vt 0.437500 0.750000
vt 0.453125 0.718750
vt 0.437500 0.718750
vt 0.421875 0.905961
vt 0.421875 0.875000
vt 0.421875 0.935185
vt 0.406250 0.937500
vt 0.406250 0.906105
vt 0.406250 0.875000
vt 0.421875 0.843750
vt 0.421875 0.812500
vt 0.406250 0.843750
vt 0.406250 0.812500
vt 0.421875 0.781250
vt 0.421875 0.750000
vt 0.406250 0.781250
vt 0.406250 0.750000
vt 0.421875 0.718750
vt 0.421875 0.687500
vt 0.406250 0.718750
vt 0.406250 0.687500
vt 0.421875 0.656250
vt 0.421875 0.625000
vt 0.406250 0.656250
vt 0.406250 0.625000
vt 0.421875 0.593750
vt 0.421875 0.562500
vt 0.406250 0.593750
vt 0.406250 0.562500
vt 0.421875 0.531250
vt 0.421875 0.500000
vt 0.406250 0.531250
vt 0.406250 0.500000
vt 0.429688 0.968750
vt 0.421875 0.957899
vt 0.421875 1.000000
vt 0.414063 0.968750
vt 0.390625 0.593750
vt 0.390625 0.562500
vt 0.390625 0.625000
vt 0.375000 0.625000
vt 0.375000 0.593750
vt 0.375000 0.562500
vt 0.390625 0.531250
vt 0.390625 0.500000
vt 0.375000 0.531250
vt 0.375000 0.500000
vt 0.398438 0.968750
vt 0.390625 0.957899
vt 0.390625 0.935185
vt 0.390625 1.000000
vt 0.382813 0.968750
vt 0.375000 0.937500
vt 0.390625 0.905961
vt 0.390625 0.875000
vt 0.375000 0.906105
vt 0.375000 0.875000
vt 0.390625 0.843750
vt 0.390625 0.812500
vt 0.375000 0.843750
vt 0.375000 0.812500
vt 0.390625 0.781250
vt 0.390625 0.750000
vt 0.375000 0.781250
vt 0.375000 0.750000
vt 0.390625 0.718750
vt 0.390625 0.687500
vt 0.375000 0.718750
vt 0.375000 0.687500
vt 0.390625 0.656250
vt 0.375000 0.656250
vt 0.359375 0.843750
vt 0.359375 0.812500
vt 0.359375 0.875000
vt 0.343750 0.875000
vt 0.343750 0.843750
vt 0.343750 0.812500
vt 0.359375 0.781250
vt 0.359375 0.750000
vt 0.343750 0.781250
vt 0.343750 0.750000
vt 0.359375 0.718750
vt 0.359375 0.687500
vt 0.343750 0.718750
vt 0.343750 0.687500
vt 0.359375 0.656250
vt 0.359375 0.625000
vt 0.343750 0.656250
vt 0.343750 0.625000
vt 0.359375 0.593750
vt 0.359375 0.562500
vt 0.343750 0.593750
vt 0.343750 0.562500
vt 0.359375 0.531250
vt 0.359375 0.500000
vt 0.343750 0.531250
vt 0.343750 0.500000
vt 0.367188 0.968750
vt 0.359375 0.957899
vt 0.359375 0.935185
vt 0.359375 1.000000
vt 0.351563 0.968750
vt 0.343750 0.937500
vt 0.359375 0.905961
vt 0.343750 0.906105
vt 0.328125 0.593750
vt 0.328125 0.562500
vt 0.328125 0.625000
vt 0.312500 0.625000
vt 0.312500 0.593750
vt 0.312500 0.562500
vt 0.328125 0.531250
vt 0.328125 0.500000
vt 0.312500 0.531250
vt 0.312500 0.500000
vt 0.335938 0.968750
vt 0.328125 0.957899
vt 0.328125 0.935185
vt 0.328125 1.000000
vt 0.320313 0.968750
vt 0.312500 0.937500
vt 0.328125 0.905961
vt 0.328125 0.875000
vt 0.312500 0.906105
vt 0.312500 0.875000
vt 0.328125 0.843750
vt 0.328125 0.812500
vt 0.312500 0.843750
vt 0.312500 0.812500
vt 0.328125 0.781250
vt 0.328125 0.750000
vt 0.312500 0.781250
vt 0.312500 0.750000
vt 0.328125 0.718750
vt 0.328125 0.687500
vt 0.312500 0.718750
vt 0.312500 0.687500
vt 0.328125 0.656250
vt 0.312500 0.656250
vt 0.296875 0.781250
vt 0.296875 0.750000
vt 0.296875 0.812500
vt 0.281250 0.812500
vt 0.281250 0.781250
vt 0.281250 0.750000
vt 0.296875 0.718750
vt 0.296875 0.687500
vt 0.281250 0.718750
vt 0.281250 0.687500
vt 0.296875 0.656250
vt 0.296875 0.625000
vt 0.281250 0.656250
vt 0.281250 0.625000
vt 0.296875 0.593750
vt 0.296875 0.562500
vt 0.281250 0.593750
vt 0.281250 0.562500
vt 0.296875 0.531250
vt 0.296875 0.500000
vt 0.281250 0.531250
vt 0.281250 0.500000
vt 0.304688 0.968750
vt 0.296875 0.957899
vt 0.296875 0.935185
vt 0.296875 1.000000
vt 0.289063 0.968750
vt 0.281250 0.937500
vt 0.296875 0.905961
vt 0.296875 0.875000
vt 0.281250 0.906105
vt 0.281250 0.875000
vt 0.296875 0.843750
vt 0.281250 0.843750
vt 0.265625 0.531250
vt 0.265625 0.500000
vt 0.265625 0.562500
vt 0.250000 0.562500
vt 0.250000 0.531250
vt 0.250000 0.500000
vt 0.273438 0.968750
vt 0.265625 0.957899
vt 0.265625 0.935185
vt 0.265625 1.000000
vt 0.257813 0.968750
vt 0.250000 0.937500
vt 0.265625 0.905961
vt 0.265625 0.875000
vt 0.250000 0.906105
vt 0.250000 0.875000
vt 0.265625 0.843750
vt 0.265625 0.812500
vt 0.250000 0.843750
vt 0.250000 0.812500
vt 0.265625 0.781250
vt 0.265625 0.750000
vt 0.250000 0.781250
vt 0.250000 0.750000
vt 0.265625 0.718750
vt 0.265625 0.687500
vt 0.250000 0.718750
vt 0.250000 0.687500
vt 0.265625 0.656250
vt 0.265625 0.625000
vt 0.250000 0.656250
vt 0.250000 0.625000
vt 0.265625 0.593750
vt 0.250000 0.593750
vt 0.234375 0.781250
vt 0.234375 0.750000
vt 0.234375 0.812500
vt 0.218750 0.812500
vt 0.218750 0.781250
vt 0.218750 0.750000
vt 0.234375 0.718750
vt 0.234375 0.687500
vt 0.218750 0.718750
vt 0.218750 0.687500
vt 0.234375 0.656250
vt 0.234375 0.625000
vt 0.218750 0.656250
vt 0.218750 0.625000
vt 0.234375 0.593750
vt 0.234375 0.562500
vt 0.218750 0.593750
vt 0.218750 0.562500
vt 0.234375 0.531250
vt 0.234375 0.500000
vt 0.218750 0.531250
vt 0.218750 0.500000
vt 0.242188 0.968750
vt 0.234375 0.957899
vt 0.234375 0.935185
vt 0.234375 1.000000
vt 0.226563 0.968750
vt 0.218750 0.937500
vt 0.234375 0.905961
vt 0.234375 0.875000
vt 0.218750 0.906105
vt 0.218750 0.875000
vt 0.234375 0.843750
vt 0.218750 0.843750
vt 0.203125 0.531250
vt 0.203125 0.500000
vt 0.203125 0.562500
vt 0.187500 0.562500
vt 0.187500 0.531250
vt 0.187500 0.500000
vt 0.210938 0.968750
vt 0.203125 0.957899
vt 0.203125 0.935185
vt 0.203125 1.000000
vt 0.195313 0.968750
vt 0.187500 0.937500
vt 0.203125 0.905961
vt 0.203125 0.875000
vt 0.187500 0.906105
vt 0.187500 0.875000
vt 0.203125 0.843750
vt 0.203125 0.812500
vt 0.187500 0.843750
vt 0.187500 0.812500
vt 0.203125 0.781250
vt 0.203125 0.750000
vt 0.187500 0.781250
vt 0.187500 0.750000
vt 0.203125 0.718750
vt 0.203125 0.687500
vt 0.187500 0.718750
vt 0.187500 0.687500
vt 0.203125 0.656250
vt 0.203125 0.625000
vt 0.187500 0.656250
vt 0.187500 0.625000
vt 0.203125 0.593750
vt 0.187500 0.593750
vt 0.171875 0.718750
vt 0.171875 0.687500
vt 0.171875 0.750000
vt 0.156250 0.750000
vt 0.156250 0.718750
vt 0.156250 0.687500
vt 0.171875 0.656250
vt 0.171875 0.625000
vt 0.156250 0.656250
vt 0.156250 0.625000
vt 0.171875 0.593750
vt 0.171875 0.562500
vt 0.156250 0.593750
vt 0.156250 0.562500
vt 0.171875 0.531250
vt 0.171875 0.500000
vt 0.156250 0.531250
vt 0.156250 0.500000
vt 0.179688 0.968750
vt 0.171875 0.957899
vt 0.171875 0.935185
vt 0.171875 1.000000
vt 0.164063 0.968750
vt 0.156250 0.937500
vt 0.171875 0.905961
vt 0.171875 0.875000
vt 0.156250 0.906105
vt 0.156250 0.875000
vt 0.171875 0.843750
vt 0.171875 0.812500
vt 0.156250 0.843750
vt 0.156250 0.812500
vt 0.171875 0.781250
vt 0.156250 0.781250
vt 0.148438 0.968750
vt 0.140625 0.957899
vt 0.140625 0.935185
vt 0.140625 1.000000
vt 0.132813 0.968750
vt 0.125000 0.937500
vt 0.140625 0.905961
vt 0.140625 0.875000
vt 0.125000 0.906105
vt 0.125000 0.875000
vt 0.140625 0.843750
vt 0.140625 0.812500
vt 0.125000 0.843750
vt 0.125000 0.812500
vt 0.140625 0.781250
vt 0.140625 0.750000
vt 0.125000 0.781250
vt 0.125000 0.750000
vt 0.140625 0.718750
vt 0.140625 0.687500
vt 0.125000 0.718750
vt 0.125000 0.687500
vt 0.140625 0.656250
vt 0.140625 0.625000
vt 0.125000 0.656250
vt 0.125000 0.625000
vt 0.140625 0.593750
vt 0.140625 0.562500
vt 0.125000 0.593750
vt 0.125000 0.562500
vt 0.140625 0.531250
vt 0.140625 0.500000
vt 0.125000 0.531250
vt 0.125000 0.500000
vt 0.109375 0.656250
vt 0.109375 0.625000
vt 0.109375 0.687500
vt 0.093750 0.687500
vt 0.093750 0.656250
vt 0.093750 0.625000
vt 0.109375 0.593750
vt 0.109375 0.562500
vt 0.093750 0.593750
vt 0.093750 0.562500
vt 0.109375 0.531250
vt 0.109375 0.500000
vt 0.093750 0.531250
vt 0.093750 0.500000
vt 0.117188 0.968750
vt 0.109375 0.957899
vt 0.109375 0.935185
vt 0.109375 1.000000
vt 0.101563 0.968750
vt 0.093750 0.937500
vt 0.109375 0.905961
vt 0.109375 0.875000
vt 0.093750 0.906105
vt 0.093750 0.875000
vt 0.109375 0.843750
vt 0.109375 0.812500
vt 0.093750 0.843750
vt 0.093750 0.812500
vt 0.109375 0.781250
vt 0.109375 0.750000
vt 0.093750 0.781250
vt 0.093750 0.750000
vt 0.109375 0.718750
vt 0.093750 0.718750
vt 0.085938 0.968750
vt 0.078125 0.957899
vt 0.078125 0.935185
vt 0.078125 1.000000
vt 0.070313 0.968750
vt 0.062500 0.937500
vt 0.078125 0.905961
vt 0.078125 0.875000
vt 0.062500 0.906105
vt 0.062500 0.875000
vt 0.078125 0.843750
vt 0.078125 0.812500
vt 0.062500 0.843750
vt 0.062500 0.812500
vt 0.078125 0.781250
vt 0.078125 0.750000
vt 0.062500 0.781250
vt 0.062500 0.750000
vt 0.078125 0.718750
vt 0.078125 0.687500
vt 0.062500 0.718750
vt 0.062500 0.687500
vt 0.078125 0.656250
vt 0.078125 0.625000
vt 0.062500 0.656250
vt 0.062500 0.625000
vt 0.078125 0.593750
vt 0.078125 0.562500
vt 0.062500 0.593750
vt 0.062500 0.562500
vt 0.078125 0.531250
vt 0.078125 0.500000
vt 0.062500 0.531250
vt 0.062500 0.500000
vt 0.046875 0.656250
vt 0.046875 0.625000
vt 0.046875 0.687500
vt 0.031250 0.687500
vt 0.031250 0.656250
vt 0.031250 0.625000
vt 0.046875 0.593750
vt 0.046875 0.562500
vt 0.031250 0.593750
vt 0.031250 0.562500
vt 0.046875 0.531250
vt 0.046875 0.500000
vt 0.031250 0.531250
vt 0.031250 0.500000
vt 0.054687 0.968750
vt 0.046875 0.957899
vt 0.046875 0.935185
vt 0.046875 1.000000
vt 0.039062 0.968750
vt 0.031250 0.937500
vt 0.046875 0.905961
vt 0.046875 0.875000
vt 0.031250 0.906105
vt 0.031250 0.875000
vt 0.046875 0.843750
vt 0.046875 0.812500
vt 0.031250 0.843750
vt 0.031250 0.812500
vt 0.046875 0.781250
vt 0.046875 0.750000
vt 0.031250 0.781250
vt 0.031250 0.750000
vt 0.046875 0.718750
vt 0.031250 0.718750
vt 0.015625 0.843750
vt 0.015625 0.812500
vt 0.015625 0.875000
vt 0.000000 0.875000
vt 0.000000 0.843750
vt 0.000000 0.812500
vt 0.015625 0.781250
vt 0.015625 0.750000
vt 0.000000 0.781250
vt 0.000000 0.750000
vt 0.015625 0.718750
vt 0.015625 0.687500
vt 0.000000 0.718750
vt 0.000000 0.687500
vt 0.015625 0.656250
vt 0.015625 0.625000
vt 0.000000 0.656250
vt 0.000000 0.625000
vt 0.015625 0.593750
vt 0.015625 0.562500
vt 0.000000 0.593750
vt 0.000000 0.562500
vt 0.015625 0.531250
vt 0.015625 0.500000
vt 0.000000 0.531250
vt 0.000000 0.500000
vt 0.023438 0.968750
vt 0.015625 0.957899
vt 0.015625 0.935185
vt 0.015625 1.000000
vt 0.007813 0.968750
vt 0.000000 0.937500
vt 0.015625 0.905961
vt 0.000000 0.906250
vt 1.000000 0.562500
vt 1.000000 0.593750
vt 0.984375 0.593750
vt 0.984375 0.562500
vt 1.000000 0.625000
vt 0.984375 0.625000
vt 0.968750 0.625000
vt 0.968750 0.593750
vt 0.968750 0.562500
vt 1.000000 0.500000
vt 1.000000 0.531250
vt 0.984375 0.531250
vt 0.984375 0.500000
vt 0.968750 0.531250
vt 0.968750 0.500000
vt 1.000000 0.937500
vt 0.992188 0.968750
vt 0.984375 0.957899
vt 0.984375 0.935185
vt 0.984375 1.000000
vt 0.976563 0.968750
vt 0.968750 0.937500
vt 1.000000 0.875000
vt 1.000000 0.906250
vt 0.984375 0.905961
vt 0.984375 0.875000
vt 0.968750 0.906105
vt 0.968750 0.875000
vt 1.000000 0.812500
vt 1.000000 0.843750
vt 0.984375 0.843750
vt 0.984375 0.812500
vt 0.968750 0.843750
vt 0.968750 0.812500
vt 1.000000 0.750000
vt 1.000000 0.781250
vt 0.984375 0.781250
vt 0.984375 0.750000
vt 0.968750 0.781250
vt 0.968750 0.750000
vt 1.000000 0.687500
vt 1.000000 0.718750
vt 0.984375 0.718750
vt 0.984375 0.687500
vt 0.968750 0.718750
vt 0.968750 0.687500
vt 1.000000 0.656250
vt 0.984375 0.656250
vt 0.968750 0.656250
vt 0.953125 0.843750
vt 0.953125 0.812500
vt 0.953125 0.875000
vt 0.937500 0.875000
vt 0.937500 0.843750
vt 0.937500 0.812500
vt 0.953125 0.781250
vt 0.953125 0.750000
vt 0.937500 0.781250
vt 0.937500 0.750000
vt 0.953125 0.718750
vt 0.953125 0.687500
vt 0.937500 0.718750
vt 0.937500 0.687500
vt 0.953125 0.656250
vt 0.953125 0.625000
vt 0.937500 0.656250
vt 0.937500 0.625000
vt 0.953125 0.593750
vt 0.953125 0.562500
vt 0.937500 0.593750
vt 0.937500 0.562500
vt 0.953125 0.531250
vt 0.953125 0.500000
vt 0.937500 0.531250
vt 0.937500 0.500000
vt 0.960938 0.968750
vt 0.953125 0.957899
vt 0.953125 0.935185
vt 0.953125 1.000000
vt 0.945313 0.968750
vt 0.937500 0.937500
vt 0.953125 0.905961
vt 0.937500 0.906105
vt 0.921875 0.593750
vt 0.921875 0.562500
vt 0.921875 0.625000
vt 0.906250 0.625000
vt 0.906250 0.593750
vt 0.906250 0.562500
vt 0.921875 0.531250
vt 0.921875 0.500000
vt 0.906250 0.531250
vt 0.906250 0.500000
vt 0.929688 0.968750
vt 0.921875 0.957899
vt 0.921875 0.935185
vt 0.921875 1.000000
vt 0.914063 0.968750
vt 0.906250 0.937500
vt 0.921875 0.905961
vt 0.921875 0.875000
vt 0.906250 0.906105
vt 0.906250 0.875000
vt 0.921875 0.843750
vt 0.921875 0.812500
vt 0.906250 0.843750
vt 0.906250 0.812500
vt 0.921875 0.781250
vt 0.921875 0.750000
vt 0.906250 0.781250
vt 0.906250 0.750000
vt 0.921875 0.718750
vt 0.921875 0.687500
vt 0.906250 0.718750
vt 0.906250 0.687500
vt 0.921875 0.656250
vt 0.906250 0.656250
vt 0.890625 0.781250
vt 0.890625 0.750000
vt 0.890625 0.812500
vt 0.875000 0.812500
vt 0.875000 0.781250
vt 0.875000 0.750000
vt 0.890625 0.718750
vt 0.890625 0.687500
vt 0.875000 0.718750
vt 0.875000 0.687500
vt 0.890625 0.656250
vt 0.890625 0.625000
vt 0.875000 0.656250
vt 0.875000 0.625000
vt 0.890625 0.593750
vt 0.890625 0.562500
vt 0.875000 0.593750
vt 0.875000 0.562500
vt 0.890625 0.531250
vt 0.890625 0.500000
vt 0.875000 0.531250
vt 0.875000 0.500000
vt 0.898438 0.968750
vt 0.890625 0.957899
vt 0.890625 0.935185
vt 0.890625 1.000000
vt 0.882813 0.968750
vt 0.875000 0.937500
vt 0.890625 0.905961
vt 0.890625 0.875000
vt 0.875000 0.906105
vt 0.875000 0.875000
vt 0.890625 0.843750
vt 0.875000 0.843750
vt 0.859375 0.531250
vt 0.859375 0.500000
vt 0.859375 0.562500
vt 0.843750 0.562500
vt 0.843750 0.531250
vt 0.843750 0.500000
vt 0.867188 0.968750
vt 0.859375 0.957899
vt 0.859375 0.935185
vt 0.859375 1.000000
vt 0.851563 0.968750
vt 0.843750 0.937500
vt 0.859375 0.905961
vt 0.859375 0.875000
vt 0.843750 0.906105
vt 0.843750 0.875000
vt 0.859375 0.843750
vt 0.859375 0.812500
vt 0.843750 0.843750
vt 0.843750 0.812500
vt 0.859375 0.781250
vt 0.859375 0.750000
vt 0.843750 0.781250
vt 0.843750 0.750000
vt 0.859375 0.718750
vt 0.859375 0.687500
vt 0.843750 0.718750
vt 0.843750 0.687500
vt 0.859375 0.656250
vt 0.859375 0.625000
vt 0.843750 0.656250
vt 0.843750 0.625000
vt 0.859375 0.593750
vt 0.843750 0.593750
vt 0.828125 0.718750
vt 0.828125 0.687500
vt 0.828125 0.750000
vt 0.812500 0.750000
vt 0.812500 0.718750
vt 0.812500 0.687500
vt 0.828125 0.656250
vt 0.828125 0.625000
vt 0.812500 0.656250
vt 0.812500 0.625000
vt 0.828125 0.593750
vt 0.828125 0.562500
vt 0.812500 0.593750
vt 0.812500 0.562500
vt 0.828125 0.531250
vt 0.828125 0.500000
vt 0.812500 0.531250
vt 0.812500 0.500000
vt 0.835938 0.968750
vt 0.828125 0.957899
vt 0.828125 0.935185
vt 0.828125 1.000000
vt 0.820313 0.968750
vt 0.812500 0.937500
vt 0.828125 0.905961
vt 0.828125 0.875000
vt 0.812500 0.906105
vt 0.812500 0.875000
vt 0.828125 0.843750
vt 0.828125 0.812500
vt 0.812500 0.843750
vt 0.812500 0.812500
vt 0.828125 0.781250
vt 0.812500 0.781250
vt 0.804688 0.968750
vt 0.796875 0.957899
vt 0.796875 0.935185
vt 0.796875 1.000000
vt 0.789063 0.968750
vt 0.781250 0.937500
vt 0.796875 0.905961
vt 0.796875 0.875000
vt 0.781250 0.906105
vt 0.781250 0.875000
vt 0.796875 0.843750
vt 0.796875 0.812500
vt 0.781250 0.843750
vt 0.781250 0.812500
vt 0.796875 0.781250
vt 0.796875 0.750000
vt 0.781250 0.781250
vt 0.781250 0.750000
vt 0.796875 0.718750
vt 0.796875 0.687500
vt 0.781250 0.718750
vt 0.781250 0.687500
vt 0.796875 0.656250
vt 0.796875 0.625000
vt 0.781250 0.656250
vt 0.781250 0.625000
vt 0.796875 0.593750
vt 0.796875 0.562500
vt 0.781250 0.593750
vt 0.781250 0.562500
vt 0.796875 0.531250
vt 0.796875 0.500000
vt 0.781250 0.531250
vt 0.781250 0.500000
vt 0.765625 0.718750
vt 0.765625 0.687500
vt 0.765625 0.750000
vt 0.765625 0.656250
vt 0.765625 0.625000
vt 0.765625 0.593750
vt 0.765625 0.562500
vt 0.765625 0.531250
vt 0.765625 0.500000
vt 0.773438 0.968750
vt 0.765625 0.957899
vt 0.765625 0.935185
vt 0.765625 1.000000
vt 0.757813 0.968750
vt 0.765625 0.905961
vt 0.765625 0.875000
vt 0.765625 0.843750
vt 0.765625 0.812500
vt 0.765625 0.781250
s 0
g Circle.003_Material.001
usemtl Material.001
f 3582/4306/3646 3838/4307/3646 4343/4308/3646 3840/4309/3646
f 3838/4307/3647 3583/4310/3647 3841/4311/3647 4343/4308/3647
f 4343/4308/3648 3841/4311/3648 3577/4312/3648 3834/4313/3648
f 3840/4309/3649 4343/4308/3649 3834/4313/3649 3578/4314/3649
f 3583/4310/3650 4304/4315/3650 4344/4316/3650 3841/4311/3650
f 4304/4315/3651 3828/4317/3651 4306/4318/3651 4344/4316/3651
f 4344/4316/3652 4306/4318/3652 3576/4319/3652 3833/4320/3652
f 3841/4311/3653 4344/4316/3653 3833/4320/3653 3577/4312/3653
f 3828/4317/3654 4295/4321/3654 4345/4322/3654 4306/4318/3654
f 4295/4321/3655 3827/4323/3655 4307/4324/3655 4345/4322/3655
f 4345/4322/3656 4307/4324/3656 3575/4325/3656 3832/4326/3656
f 4306/4318/3657 4345/4322/3657 3832/4326/3657 3576/4319/3657
f 3827/4323/3658 4294/4327/3658 4346/4328/3658 4307/4324/3658
f 4294/4327/3659 3826/4329/3659 4308/4330/3659 4346/4328/3659
f 4346/4328/3660 4308/4330/3660 3574/4331/3660 3831/4332/3660
f 4307/4324/3661 4346/4328/3661 3831/4332/3661 3575/4325/3661
f 3826/4329/3662 4296/4333/3662 4347/4334/3662 4308/4330/3662
f 4296/4333/3663 3830/4335/3663 4309/4336/3663 4347/4334/3663
f 4347/4334/3664 4309/4336/3664 3584/4337/3664 3839/4338/3664
f 4308/4330/3665 4347/4334/3665 3839/4338/3665 3574/4331/3665
f 3830/4335/3666 4305/4339/3666 4348/4340/3666 4309/4336/3666
f 3753/4341/3667 4302/4342/3667 4348/4340/3667 4305/4339/3667
f 3584/4337/3668 4309/4336/3668 4348/4340/3668 4302/4342/3668
f 3829/4343/3669 4303/4344/3669 4349/4345/3669 4310/4346/3669
f 4303/4344/3670 3581/4347/3670 3842/4348/3670 4349/4345/3670
f 4349/4345/3671 3842/4348/3671 3579/4349/3671 3836/4350/3671
f 4310/4346/3672 4349/4345/3672 3836/4350/3672 3580/4351/3672
f 3581/4347/3673 3837/4352/3673 4350/4353/3673 3842/4348/3673
f 3837/4352/3674 3582/4306/3674 3840/4309/3674 4350/4353/3674
f 4350/4353/3675 3840/4309/3675 3578/4314/3675 3835/4354/3675
f 3842/4348/3676 4350/4353/3676 3835/4354/3676 3579/4349/3676
f 3577/4312/3677 3833/4320/3677 4351/4355/3677 3850/4356/3677
f 3833/4320/3678 3576/4319/3678 3851/4357/3678 4351/4355/3678
f 4351/4355/3679 3851/4357/3679 3587/4358/3679 3845/4359/3679
f 3850/4356/3680 4351/4355/3680 3845/4359/3680 3588/4360/3680
f 3578/4314/3681 3834/4313/3681 4352/4361/3681 3852/4362/3681
f 3834/4313/3682 3577/4312/3682 3850/4356/3682 4352/4361/3682
f 4352/4361/3683 3850/4356/3683 3588/4360/3683 3846/4363/3683
f 3852/4362/3684 4352/4361/3684 3846/4363/3684 3589/4364/3684
f 3579/4349/3685 3835/4354/3685 4353/4365/3685 3853/4366/3685
f 3835/4354/3686 3578/4314/3686 3852/4362/3686 4353/4365/3686
f 4353/4365/3687 3852/4362/3687 3589/4364/3687 3847/4367/3687
f 3853/4366/3688 4353/4365/3688 3847/4367/3688 3590/4368/3688
f 3580/4351/3689 3836/4350/3689 4354/4369/3689 3854/4370/3689
f 3836/4350/3690 3579/4349/3690 3853/4366/3690 4354/4369/3690
f 4354/4369/3691 3853/4366/3691 3590/4368/3691 3848/4371/3691
f 3854/4370/3692 4354/4369/3692 3848/4371/3692 3591/4372/3692
f 3584/4337/3693 4302/4373/3693 4355/4374/3693 3855/4375/3693
f 3753/4376/3694 4311/4377/3694 4355/4374/3694 4302/4373/3694
f 3592/4378/3695 3855/4375/3695 4355/4374/3695 4311/4377/3695
f 3575/4325/3696 3831/4332/3696 4356/4379/3696 3856/4380/3696
f 3831/4332/3697 3574/4331/3697 3857/4381/3697 4356/4379/3697
f 4356/4379/3698 3857/4381/3698 3585/4382/3698 3843/4383/3698
f 3856/4380/3699 4356/4379/3699 3843/4383/3699 3586/4384/3699
f 3574/4331/3700 3839/4338/3700 4357/4385/3700 3857/4381/3700
f 3839/4338/3701 3584/4337/3701 3855/4375/3701 4357/4385/3701
f 4357/4385/3702 3855/4375/3702 3592/4378/3702 3849/4386/3702
f 3857/4381/3703 4357/4385/3703 3849/4386/3703 3585/4382/3703
f 3576/4319/3704 3832/4326/3704 4358/4387/3704 3851/4357/3704
f 3832/4326/3705 3575/4325/3705 3856/4380/3705 4358/4387/3705
f 4358/4387/3706 3856/4380/3706 3586/4384/3706 3844/4388/3706
f 3851/4357/3707 4358/4387/3707 3844/4388/3707 3587/4358/3707
f 3591/4372/3708 3848/4371/3708 4359/4389/3708 3865/4390/3708
f 3848/4371/3709 3590/4368/3709 3866/4391/3709 4359/4389/3709
f 4359/4389/3710 3866/4391/3710 3598/4392/3710 3863/4393/3710
f 3865/4390/3711 4359/4389/3711 3863/4393/3711 3599/4394/3711
f 3592/4378/3712 4311/4395/3712 4360/4396/3712 3867/4397/3712
f 3753/4398/3713 4312/4399/3713 4360/4396/3713 4311/4395/3713
f 3600/4400/3714 3867/4397/3714 4360/4396/3714 4312/4399/3714
f 3585/4382/3715 3849/4386/3715 4361/4401/3715 3868/4402/3715
f 3849/4386/3716 3592/4378/3716 3867/4397/3716 4361/4401/3716
f 4361/4401/3717 3867/4397/3717 3600/4400/3717 3864/4403/3717
f 3868/4402/3718 4361/4401/3718 3864/4403/3718 3593/4404/3718
f 3586/4384/3719 3843/4383/3719 4362/4405/3719 3869/4406/3719
f 3843/4383/3720 3585/4382/3720 3868/4402/3720 4362/4405/3720
f 4362/4405/3721 3868/4402/3721 3593/4404/3721 3858/4407/3721
f 3869/4406/3722 4362/4405/3722 3858/4407/3722 3594/4408/3722
f 3587/4358/3723 3844/4388/3723 4363/4409/3723 3870/4410/3723
f 3844/4388/3724 3586/4384/3724 3869/4406/3724 4363/4409/3724
f 4363/4409/3725 3869/4406/3725 3594/4408/3725 3859/4411/3725
f 3870/4410/3726 4363/4409/3726 3859/4411/3726 3595/4412/3726
f 3588/4360/3727 3845/4359/3727 4364/4413/3727 3871/4414/3727
f 3845/4359/3728 3587/4358/3728 3870/4410/3728 4364/4413/3728
f 4364/4413/3729 3870/4410/3729 3595/4412/3729 3860/4415/3729
f 3871/4414/3730 4364/4413/3730 3860/4415/3730 3596/4416/3730
f 3589/4364/3731 3846/4363/3731 4365/4417/3731 3872/4418/3731
f 3846/4363/3732 3588/4360/3732 3871/4414/3732 4365/4417/3732
f 4365/4417/3733 3871/4414/3733 3596/4416/3733 3861/4419/3733
f 3872/4418/3734 4365/4417/3734 3861/4419/3734 3597/4420/3734
f 3590/4368/3735 3847/4367/3735 4366/4421/3735 3866/4391/3735
f 3847/4367/3736 3589/4364/3736 3872/4418/3736 4366/4421/3736
f 4366/4421/3737 3872/4418/3737 3597/4420/3737 3862/4422/3737
f 3866/4391/3738 4366/4421/3738 3862/4422/3738 3598/4392/3738
f 3595/4412/3739 3859/4411/3739 4367/4423/3739 3880/4424/3739
f 3859/4411/3740 3594/4408/3740 3881/4425/3740 4367/4423/3740
f 4367/4423/3741 3881/4425/3741 3602/4426/3741 3874/4427/3741
f 3880/4424/3742 4367/4423/3742 3874/4427/3742 3603/4428/3742
f 3596/4416/3743 3860/4415/3743 4368/4429/3743 3882/4430/3743
f 3860/4415/3744 3595/4412/3744 3880/4424/3744 4368/4429/3744
f 4368/4429/3745 3880/4424/3745 3603/4428/3745 3875/4431/3745
f 3882/4430/3746 4368/4429/3746 3875/4431/3746 3604/4432/3746
f 3597/4420/3747 3861/4419/3747 4369/4433/3747 3883/4434/3747
f 3861/4419/3748 3596/4416/3748 3882/4430/3748 4369/4433/3748
f 4369/4433/3749 3882/4430/3749 3604/4432/3749 3876/4435/3749
f 3883/4434/3750 4369/4433/3750 3876/4435/3750 3605/4436/3750
f 3598/4392/3751 3862/4422/3751 4370/4437/3751 3884/4438/3751
f 3862/4422/3752 3597/4420/3752 3883/4434/3752 4370/4437/3752
f 4370/4437/3753 3883/4434/3753 3605/4436/3753 3877/4439/3753
f 3884/4438/3754 4370/4437/3754 3877/4439/3754 3606/4440/3754
f 3599/4394/3755 3863/4393/3755 4371/4441/3755 3885/4442/3755
f 3863/4393/3756 3598/4392/3756 3884/4438/3756 4371/4441/3756
f 4371/4441/3757 3884/4438/3757 3606/4440/3757 3878/4443/3757
f 3885/4442/3758 4371/4441/3758 3878/4443/3758 3607/4444/3758
f 3600/4400/3759 4312/4445/3759 4372/4446/3759 3886/4447/3759
f 3753/4448/3760 4313/4449/3760 4372/4446/3760 4312/4445/3760
f 3608/4450/3761 3886/4447/3761 4372/4446/3761 4313/4449/3761
f 3593/4404/3762 3864/4403/3762 4373/4451/3762 3887/4452/3762
f 3864/4403/3763 3600/4400/3763 3886/4447/3763 4373/4451/3763
f 4373/4451/3764 3886/4447/3764 3608/4450/3764 3879/4453/3764
f 3887/4452/3765 4373/4451/3765 3879/4453/3765 3601/4454/3765
f 3594/4408/3766 3858/4407/3766 4374/4455/3766 3881/4425/3766
f 3858/4407/3767 3593/4404/3767 3887/4452/3767 4374/4455/3767
f 4374/4455/3768 3887/4452/3768 3601/4454/3768 3873/4456/3768
f 3881/4425/3769 4374/4455/3769 3873/4456/3769 3602/4426/3769
f 3607/4444/3770 3878/4443/3770 4375/4457/3770 3895/4458/3770
f 3878/4443/3771 3606/4440/3771 3896/4459/3771 4375/4457/3771
f 4375/4457/3772 3896/4459/3772 3614/4460/3772 3893/4461/3772
f 3895/4458/3773 4375/4457/3773 3893/4461/3773 3615/4462/3773
f 3608/4450/3774 4313/4463/3774 4376/4464/3774 3897/4465/3774
f 3753/4466/3775 4314/4467/3775 4376/4464/3775 4313/4463/3775
f 3616/4468/3776 3897/4465/3776 4376/4464/3776 4314/4467/3776
f 3601/4454/3777 3879/4453/3777 4377/4469/3777 3898/4470/3777
f 3879/4453/3778 3608/4450/3778 3897/4465/3778 4377/4469/3778
f 4377/4469/3779 3897/4465/3779 3616/4468/3779 3894/4471/3779
f 3898/4470/3780 4377/4469/3780 3894/4471/3780 3609/4472/3780
f 3602/4426/3781 3873/4456/3781 4378/4473/3781 3899/4474/3781
f 3873/4456/3782 3601/4454/3782 3898/4470/3782 4378/4473/3782
f 4378/4473/3783 3898/4470/3783 3609/4472/3783 3888/4475/3783
f 3899/4474/3784 4378/4473/3784 3888/4475/3784 3610/4476/3784
f 3603/4428/3785 3874/4427/3785 4379/4477/3785 3900/4478/3785
f 3874/4427/3786 3602/4426/3786 3899/4474/3786 4379/4477/3786
f 4379/4477/3787 3899/4474/3787 3610/4476/3787 3889/4479/3787
f 3900/4478/3788 4379/4477/3788 3889/4479/3788 3611/4480/3788
f 3604/4432/3789 3875/4431/3789 4380/4481/3789 3901/4482/3789
f 3875/4431/3790 3603/4428/3790 3900/4478/3790 4380/4481/3790
f 4380/4481/3791 3900/4478/3791 3611/4480/3791 3890/4483/3791
f 3901/4482/3792 4380/4481/3792 3890/4483/3792 3612/4484/3792
f 3605/4436/3793 3876/4435/3793 4381/4485/3793 3902/4486/3793
f 3876/4435/3794 3604/4432/3794 3901/4482/3794 4381/4485/3794
f 4381/4485/3795 3901/4482/3795 3612/4484/3795 3891/4487/3795
f 3902/4486/3796 4381/4485/3796 3891/4487/3796 3613/4488/3796
f 3606/4440/3797 3877/4439/3797 4382/4489/3797 3896/4459/3797
f 3877/4439/3798 3605/4436/3798 3902/4486/3798 4382/4489/3798
f 4382/4489/3799 3902/4486/3799 3613/4488/3799 3892/4490/3799
f 3896/4459/3800 4382/4489/3800 3892/4490/3800 3614/4460/3800
f 3612/4484/3801 3890/4483/3801 4383/4491/3801 3910/4492/3801
f 3890/4483/3802 3611/4480/3802 3911/4493/3802 4383/4491/3802
f 4383/4491/3803 3911/4493/3803 3619/4494/3803 3905/4495/3803
f 3910/4492/3804 4383/4491/3804 3905/4495/3804 3620/4496/3804
f 3613/4488/3805 3891/4487/3805 4384/4497/3805 3912/4498/3805
f 3891/4487/3806 3612/4484/3806 3910/4492/3806 4384/4497/3806
f 4384/4497/3807 3910/4492/3807 3620/4496/3807 3906/4499/3807
f 3912/4498/3808 4384/4497/3808 3906/4499/3808 3621/4500/3808
f 3614/4460/3809 3892/4490/3809 4385/4501/3809 3913/4502/3809
f 3892/4490/3810 3613/4488/3810 3912/4498/3810 4385/4501/3810
f 4385/4501/3811 3912/4498/3811 3621/4500/3811 3907/4503/3811
f 3913/4502/3812 4385/4501/3812 3907/4503/3812 3622/4504/3812
f 3615/4462/3813 3893/4461/3813 4386/4505/3813 3914/4506/3813
f 3893/4461/3814 3614/4460/3814 3913/4502/3814 4386/4505/3814
f 4386/4505/3815 3913/4502/3815 3622/4504/3815 3908/4507/3815
f 3914/4506/3816 4386/4505/3816 3908/4507/3816 3623/4508/3816
f 3616/4468/3817 4314/4509/3817 4387/4510/3817 3915/4511/3817
f 3753/4512/3818 4315/4513/3818 4387/4510/3818 4314/4509/3818
f 3624/4514/3819 3915/4511/3819 4387/4510/3819 4315/4513/3819
f 3609/4472/3820 3894/4471/3820 4388/4515/3820 3916/4516/3820
f 3894/4471/3821 3616/4468/3821 3915/4511/3821 4388/4515/3821
f 4388/4515/3822 3915/4511/3822 3624/4514/3822 3909/4517/3822
f 3916/4516/3823 4388/4515/3823 3909/4517/3823 3617/4518/3823
f 3610/4476/3824 3888/4475/3824 4389/4519/3824 3917/4520/3824
f 3888/4475/3825 3609/4472/3825 3916/4516/3825 4389/4519/3825
f 4389/4519/3826 3916/4516/3826 3617/4518/3826 3903/4521/3826
f 3917/4520/3827 4389/4519/3827 3903/4521/3827 3618/4522/3827
f 3611/4480/3828 3889/4479/3828 4390/4523/3828 3911/4493/3828
f 3889/4479/3829 3610/4476/3829 3917/4520/3829 4390/4523/3829
f 4390/4523/3830 3917/4520/3830 3618/4522/3830 3904/4524/3830
f 3911/4493/3831 4390/4523/3831 3904/4524/3831 3619/4494/3831
f 3624/4514/3832 4315/4525/3832 4391/4526/3832 3926/4527/3832
f 3753/4528/3833 4316/4529/3833 4391/4526/3833 4315/4525/3833
f 3632/4530/3834 3926/4527/3834 4391/4526/3834 4316/4529/3834
f 3617/4518/3835 3909/4517/3835 4392/4531/3835 3927/4532/3835
f 3909/4517/3836 3624/4514/3836 3926/4527/3836 4392/4531/3836
f 4392/4531/3837 3926/4527/3837 3632/4530/3837 3924/4533/3837
f 3927/4532/3838 4392/4531/3838 3924/4533/3838 3625/4534/3838
f 3618/4522/3839 3903/4521/3839 4393/4535/3839 3928/4536/3839
f 3903/4521/3840 3617/4518/3840 3927/4532/3840 4393/4535/3840
f 4393/4535/3841 3927/4532/3841 3625/4534/3841 3918/4537/3841
f 3928/4536/3842 4393/4535/3842 3918/4537/3842 3626/4538/3842
f 3619/4494/3843 3904/4524/3843 4394/4539/3843 3929/4540/3843
f 3904/4524/3844 3618/4522/3844 3928/4536/3844 4394/4539/3844
f 4394/4539/3845 3928/4536/3845 3626/4538/3845 3919/4541/3845
f 3929/4540/3846 4394/4539/3846 3919/4541/3846 3627/4542/3846
f 3620/4496/3847 3905/4495/3847 4395/4543/3847 3930/4544/3847
f 3905/4495/3848 3619/4494/3848 3929/4540/3848 4395/4543/3848
f 4395/4543/3849 3929/4540/3849 3627/4542/3849 3920/4545/3849
f 3930/4544/3850 4395/4543/3850 3920/4545/3850 3628/4546/3850
f 3621/4500/3851 3906/4499/3851 4396/4547/3851 3931/4548/3851
f 3906/4499/3852 3620/4496/3852 3930/4544/3852 4396/4547/3852
f 4396/4547/3853 3930/4544/3853 3628/4546/3853 3921/4549/3853
f 3931/4548/3854 4396/4547/3854 3921/4549/3854 3629/4550/3854
f 3622/4504/3855 3907/4503/3855 4397/4551/3855 3932/4552/3855
f 3907/4503/3856 3621/4500/3856 3931/4548/3856 4397/4551/3856
f 4397/4551/3857 3931/4548/3857 3629/4550/3857 3922/4553/3857
f 3932/4552/3858 4397/4551/3858 3922/4553/3858 3630/4554/3858
f 3623/4508/3859 3908/4507/3859 4398/4555/3859 3925/4556/3859
f 3908/4507/3860 3622/4504/3860 3932/4552/3860 4398/4555/3860
f 4398/4555/3861 3932/4552/3861 3630/4554/3861 3923/4557/3861
f 3925/4556/3862 4398/4555/3862 3923/4557/3862 3631/4558/3862
f 3628/4546/3863 3920/4545/3863 4399/4559/3863 3940/4560/3863
f 3920/4545/3864 3627/4542/3864 3941/4561/3864 4399/4559/3864
f 4399/4559/3865 3941/4561/3865 3635/4562/3865 3935/4563/3865
f 3940/4560/3866 4399/4559/3866 3935/4563/3866 3636/4564/3866
f 3629/4550/3867 3921/4549/3867 4400/4565/3867 3942/4566/3867
f 3921/4549/3868 3628/4546/3868 3940/4560/3868 4400/4565/3868
f 4400/4565/3869 3940/4560/3869 3636/4564/3869 3936/4567/3869
f 3942/4566/3870 4400/4565/3870 3936/4567/3870 3637/4568/3870
f 3630/4554/3871 3922/4553/3871 4401/4569/3871 3943/4570/3871
f 3922/4553/3872 3629/4550/3872 3942/4566/3872 4401/4569/3872
f 4401/4569/3873 3942/4566/3873 3637/4568/3873 3937/4571/3873
f 3943/4570/3874 4401/4569/3874 3937/4571/3874 3638/4572/3874
f 3631/4558/3875 3923/4557/3875 4402/4573/3875 3944/4574/3875
f 3923/4557/3876 3630/4554/3876 3943/4570/3876 4402/4573/3876
f 4402/4573/3877 3943/4570/3877 3638/4572/3877 3938/4575/3877
f 3944/4574/3878 4402/4573/3878 3938/4575/3878 3639/4576/3878
f 3632/4530/3879 4316/4577/3879 4403/4578/3879 3945/4579/3879
f 3753/4580/3880 4317/4581/3880 4403/4578/3880 4316/4577/3880
f 3640/4582/3881 3945/4579/3881 4403/4578/3881 4317/4581/3881
f 3625/4534/3882 3924/4533/3882 4404/4583/3882 3946/4584/3882
f 3924/4533/3883 3632/4530/3883 3945/4579/3883 4404/4583/3883
f 4404/4583/3884 3945/4579/3884 3640/4582/3884 3939/4585/3884
f 3946/4584/3885 4404/4583/3885 3939/4585/3885 3633/4586/3885
f 3626/4538/3886 3918/4537/3886 4405/4587/3886 3947/4588/3886
f 3918/4537/3887 3625/4534/3887 3946/4584/3887 4405/4587/3887
f 4405/4587/3888 3946/4584/3888 3633/4586/3888 3933/4589/3888
f 3947/4588/3889 4405/4587/3889 3933/4589/3889 3634/4590/3889
f 3627/4542/3890 3919/4541/3890 4406/4591/3890 3941/4561/3890
f 3919/4541/3891 3626/4538/3891 3947/4588/3891 4406/4591/3891
f 4406/4591/3892 3947/4588/3892 3634/4590/3892 3934/4592/3892
f 3941/4561/3893 4406/4591/3893 3934/4592/3893 3635/4562/3893
f 3640/4582/3894 4317/4593/3894 4407/4594/3894 3956/4595/3894
f 3753/4596/3895 4318/4597/3895 4407/4594/3895 4317/4593/3895
f 3648/4598/3896 3956/4595/3896 4407/4594/3896 4318/4597/3896
f 3633/4586/3897 3939/4585/3897 4408/4599/3897 3957/4600/3897
f 3939/4585/3898 3640/4582/3898 3956/4595/3898 4408/4599/3898
f 4408/4599/3899 3956/4595/3899 3648/4598/3899 3954/4601/3899
f 3957/4600/3900 4408/4599/3900 3954/4601/3900 3641/4602/3900
f 3634/4590/3901 3933/4589/3901 4409/4603/3901 3958/4604/3901
f 3933/4589/3902 3633/4586/3902 3957/4600/3902 4409/4603/3902
f 4409/4603/3903 3957/4600/3903 3641/4602/3903 3948/4605/3903
f 3958/4604/3904 4409/4603/3904 3948/4605/3904 3642/4606/3904
f 3635/4562/3905 3934/4592/3905 4410/4607/3905 3959/4608/3905
f 3934/4592/3906 3634/4590/3906 3958/4604/3906 4410/4607/3906
f 4410/4607/3907 3958/4604/3907 3642/4606/3907 3949/4609/3907
f 3959/4608/3908 4410/4607/3908 3949/4609/3908 3643/4610/3908
f 3636/4564/3909 3935/4563/3909 4411/4611/3909 3960/4612/3909
f 3935/4563/3910 3635/4562/3910 3959/4608/3910 4411/4611/3910
f 4411/4611/3911 3959/4608/3911 3643/4610/3911 3950/4613/3911
f 3960/4612/3912 4411/4611/3912 3950/4613/3912 3644/4614/3912
f 3637/4568/3913 3936/4567/3913 4412/4615/3913 3961/4616/3913
f 3936/4567/3914 3636/4564/3914 3960/4612/3914 4412/4615/3914
f 4412/4615/3915 3960/4612/3915 3644/4614/3915 3951/4617/3915
f 3961/4616/3916 4412/4615/3916 3951/4617/3916 3645/4618/3916
f 3638/4572/3917 3937/4571/3917 4413/4619/3917 3962/4620/3917
f 3937/4571/3918 3637/4568/3918 3961/4616/3918 4413/4619/3918
f 4413/4619/3919 3961/4616/3919 3645/4618/3919 3952/4621/3919
f 3962/4620/3920 4413/4619/3920 3952/4621/3920 3646/4622/3920
f 3639/4576/3921 3938/4575/3921 4414/4623/3921 3955/4624/3921
f 3938/4575/3922 3638/4572/3922 3962/4620/3922 4414/4623/3922
f 4414/4623/3923 3962/4620/3923 3646/4622/3923 3953/4625/3923
f 3955/4624/3924 4414/4623/3924 3953/4625/3924 3647/4626/3924
f 3645/4618/3925 3951/4617/3925 4415/4627/3925 3970/4628/3925
f 3951/4617/3926 3644/4614/3926 3971/4629/3926 4415/4627/3926
f 4415/4627/3927 3971/4629/3927 3652/4630/3927 3966/4631/3927
f 3970/4628/3928 4415/4627/3928 3966/4631/3928 3653/4632/3928
f 3646/4622/3929 3952/4621/3929 4416/4633/3929 3972/4634/3929
f 3952/4621/3930 3645/4618/3930 3970/4628/3930 4416/4633/3930
f 4416/4633/3931 3970/4628/3931 3653/4632/3931 3967/4635/3931
f 3972/4634/3932 4416/4633/3932 3967/4635/3932 3654/4636/3932
f 3647/4626/3933 3953/4625/3933 4417/4637/3933 3973/4638/3933
f 3953/4625/3934 3646/4622/3934 3972/4634/3934 4417/4637/3934
f 4417/4637/3935 3972/4634/3935 3654/4636/3935 3968/4639/3935
f 3973/4638/3936 4417/4637/3936 3968/4639/3936 3655/4640/3936
f 3648/4598/3937 4318/4641/3937 4418/4642/3937 3974/4643/3937
f 3753/4644/3938 4319/4645/3938 4418/4642/3938 4318/4641/3938
f 3656/4646/3939 3974/4643/3939 4418/4642/3939 4319/4645/3939
f 3641/4602/3940 3954/4601/3940 4419/4647/3940 3975/4648/3940
f 3954/4601/3941 3648/4598/3941 3974/4643/3941 4419/4647/3941
f 4419/4647/3942 3974/4643/3942 3656/4646/3942 3969/4649/3942
f 3975/4648/3943 4419/4647/3943 3969/4649/3943 3649/4650/3943
f 3642/4606/3944 3948/4605/3944 4420/4651/3944 3976/4652/3944
f 3948/4605/3945 3641/4602/3945 3975/4648/3945 4420/4651/3945
f 4420/4651/3946 3975/4648/3946 3649/4650/3946 3963/4653/3946
f 3976/4652/3947 4420/4651/3947 3963/4653/3947 3650/4654/3947
f 3643/4610/3948 3949/4609/3948 4421/4655/3948 3977/4656/3948
f 3949/4609/3949 3642/4606/3949 3976/4652/3949 4421/4655/3949
f 4421/4655/3950 3976/4652/3950 3650/4654/3950 3964/4657/3950
f 3977/4656/3951 4421/4655/3951 3964/4657/3951 3651/4658/3951
f 3644/4614/3952 3950/4613/3952 4422/4659/3952 3971/4629/3952
f 3950/4613/3953 3643/4610/3953 3977/4656/3953 4422/4659/3953
f 4422/4659/3954 3977/4656/3954 3651/4658/3954 3965/4660/3954
f 3971/4629/3955 4422/4659/3955 3965/4660/3955 3652/4630/3955
f 3649/4650/3956 3969/4649/3956 4423/4661/3956 3985/4662/3956
f 3969/4649/3957 3656/4646/3957 3986/4663/3957 4423/4661/3957
f 4423/4661/3958 3986/4663/3958 3664/4664/3958 3984/4665/3958
f 3985/4662/3959 4423/4661/3959 3984/4665/3959 3657/4666/3959
f 3650/4654/3960 3963/4653/3960 4424/4667/3960 3987/4668/3960
f 3963/4653/3961 3649/4650/3961 3985/4662/3961 4424/4667/3961
f 4424/4667/3962 3985/4662/3962 3657/4666/3962 3978/4669/3962
f 3987/4668/3963 4424/4667/3963 3978/4669/3963 3658/4670/3963
f 3651/4658/3964 3964/4657/3964 4425/4671/3964 3988/4672/3964
f 3964/4657/3965 3650/4654/3965 3987/4668/3965 4425/4671/3965
f 4425/4671/3966 3987/4668/3966 3658/4670/3966 3979/4673/3966
f 3988/4672/3967 4425/4671/3967 3979/4673/3967 3659/4674/3967
f 3652/4630/3968 3965/4660/3968 4426/4675/3968 3989/4676/3968
f 3965/4660/3969 3651/4658/3969 3988/4672/3969 4426/4675/3969
f 4426/4675/3970 3988/4672/3970 3659/4674/3970 3980/4677/3970
f 3989/4676/3971 4426/4675/3971 3980/4677/3971 3660/4678/3971
f 3653/4632/3972 3966/4631/3972 4427/4679/3972 3990/4680/3972
f 3966/4631/3973 3652/4630/3973 3989/4676/3973 4427/4679/3973
f 4427/4679/3974 3989/4676/3974 3660/4678/3974 3981/4681/3974
f 3990/4680/3975 4427/4679/3975 3981/4681/3975 3661/4682/3975
f 3654/4636/3976 3967/4635/3976 4428/4683/3976 3991/4684/3976
f 3967/4635/3977 3653/4632/3977 3990/4680/3977 4428/4683/3977
f 4428/4683/3978 3990/4680/3978 3661/4682/3978 3982/4685/3978
f 3991/4684/3979 4428/4683/3979 3982/4685/3979 3662/4686/3979
f 3655/4640/3980 3968/4639/3980 4429/4687/3980 3992/4688/3980
f 3968/4639/3981 3654/4636/3981 3991/4684/3981 4429/4687/3981
f 4429/4687/3982 3991/4684/3982 3662/4686/3982 3983/4689/3982
f 3992/4688/3983 4429/4687/3983 3983/4689/3983 3663/4690/3983
f 3656/4646/3984 4319/4691/3984 4430/4692/3984 3986/4663/3984
f 3753/4693/3985 4320/4694/3985 4430/4692/3985 4319/4691/3985
f 3664/4664/3986 3986/4663/3986 4430/4692/3986 4320/4694/3986
f 3662/4686/3987 3982/4685/3987 4431/4695/3987 4000/4696/3987
f 3982/4685/3988 3661/4682/3988 4001/4697/3988 4431/4695/3988
f 4431/4695/3989 4001/4697/3989 3669/4698/3989 3997/4699/3989
f 4000/4696/3990 4431/4695/3990 3997/4699/3990 3670/4700/3990
f 3663/4690/3991 3983/4689/3991 4432/4701/3991 4002/4702/3991
f 3983/4689/3992 3662/4686/3992 4000/4696/3992 4432/4701/3992
f 4432/4701/3993 4000/4696/3993 3670/4700/3993 3998/4703/3993
f 4002/4702/3994 4432/4701/3994 3998/4703/3994 3671/4704/3994
f 3664/4664/3995 4320/4705/3995 4433/4706/3995 4003/4707/3995
f 3753/4708/3996 4321/4709/3996 4433/4706/3996 4320/4705/3996
f 3672/4710/3997 4003/4707/3997 4433/4706/3997 4321/4709/3997
f 3657/4666/3998 3984/4665/3998 4434/4711/3998 4004/4712/3998
f 3984/4665/3999 3664/4664/3999 4003/4707/3999 4434/4711/3999
f 4434/4711/4000 4003/4707/4000 3672/4710/4000 3999/4713/4000
f 4004/4712/4001 4434/4711/4001 3999/4713/4001 3665/4714/4001
f 3658/4670/4002 3978/4669/4002 4435/4715/4002 4005/4716/4002
f 3978/4669/4003 3657/4666/4003 4004/4712/4003 4435/4715/4003
f 4435/4715/4004 4004/4712/4004 3665/4714/4004 3993/4717/4004
f 4005/4716/4005 4435/4715/4005 3993/4717/4005 3666/4718/4005
f 3659/4674/4006 3979/4673/4006 4436/4719/4006 4006/4720/4006
f 3979/4673/4007 3658/4670/4007 4005/4716/4007 4436/4719/4007
f 4436/4719/4008 4005/4716/4008 3666/4718/4008 3994/4721/4008
f 4006/4720/4009 4436/4719/4009 3994/4721/4009 3667/4722/4009
f 3660/4678/4010 3980/4677/4010 4437/4723/4010 4007/4724/4010
f 3980/4677/4011 3659/4674/4011 4006/4720/4011 4437/4723/4011
f 4437/4723/4012 4006/4720/4012 3667/4722/4012 3995/4725/4012
f 4007/4724/4013 4437/4723/4013 3995/4725/4013 3668/4726/4013
f 3661/4682/4014 3981/4681/4014 4438/4727/4014 4001/4697/4014
f 3981/4681/4015 3660/4678/4015 4007/4724/4015 4438/4727/4015
f 4438/4727/4016 4007/4724/4016 3668/4726/4016 3996/4728/4016
f 4001/4697/4017 4438/4727/4017 3996/4728/4017 3669/4698/4017
f 3666/4718/4018 3993/4717/4018 4439/4729/4018 4015/4730/4018
f 3993/4717/4019 3665/4714/4019 4016/4731/4019 4439/4729/4019
f 4439/4729/4020 4016/4731/4020 3673/4732/4020 4008/4733/4020
f 4015/4730/4021 4439/4729/4021 4008/4733/4021 3674/4734/4021
f 3667/4722/4022 3994/4721/4022 4440/4735/4022 4017/4736/4022
f 3994/4721/4023 3666/4718/4023 4015/4730/4023 4440/4735/4023
f 4440/4735/4024 4015/4730/4024 3674/4734/4024 4009/4737/4024
f 4017/4736/4025 4440/4735/4025 4009/4737/4025 3675/4738/4025
f 3668/4726/4026 3995/4725/4026 4441/4739/4026 4018/4740/4026
f 3995/4725/4027 3667/4722/4027 4017/4736/4027 4441/4739/4027
f 4441/4739/4028 4017/4736/4028 3675/4738/4028 4010/4741/4028
f 4018/4740/4029 4441/4739/4029 4010/4741/4029 3676/4742/4029
f 3669/4698/4030 3996/4728/4030 4442/4743/4030 4019/4744/4030
f 3996/4728/4031 3668/4726/4031 4018/4740/4031 4442/4743/4031
f 4442/4743/4032 4018/4740/4032 3676/4742/4032 4011/4745/4032
f 4019/4744/4033 4442/4743/4033 4011/4745/4033 3677/4746/4033
f 3670/4700/4034 3997/4699/4034 4443/4747/4034 4020/4748/4034
f 3997/4699/4035 3669/4698/4035 4019/4744/4035 4443/4747/4035
f 4443/4747/4036 4019/4744/4036 3677/4746/4036 4012/4749/4036
f 4020/4748/4037 4443/4747/4037 4012/4749/4037 3678/4750/4037
f 3671/4704/4038 3998/4703/4038 4444/4751/4038 4021/4752/4038
f 3998/4703/4039 3670/4700/4039 4020/4748/4039 4444/4751/4039
f 4444/4751/4040 4020/4748/4040 3678/4750/4040 4013/4753/4040
f 4021/4752/4041 4444/4751/4041 4013/4753/4041 3679/4754/4041
f 3672/4710/4042 4321/4755/4042 4445/4756/4042 4022/4757/4042
f 3753/4758/4043 4322/4759/4043 4445/4756/4043 4321/4755/4043
f 3680/4760/4044 4022/4757/4044 4445/4756/4044 4322/4759/4044
f 3665/4714/4045 3999/4713/4045 4446/4761/4045 4016/4731/4045
f 3999/4713/4046 3672/4710/4046 4022/4757/4046 4446/4761/4046
f 4446/4761/4047 4022/4757/4047 3680/4760/4047 4014/4762/4047
f 4016/4731/4048 4446/4761/4048 4014/4762/4048 3673/4732/4048
f 3678/4750/4049 4012/4749/4049 4447/4763/4049 4030/4764/4049
f 4012/4749/4050 3677/4746/4050 4031/4765/4050 4447/4763/4050
f 4447/4763/4051 4031/4765/4051 3685/4766/4051 4027/4767/4051
f 4030/4764/4052 4447/4763/4052 4027/4767/4052 3686/4768/4052
f 3679/4754/4053 4013/4753/4053 4448/4769/4053 4032/4770/4053
f 4013/4753/4054 3678/4750/4054 4030/4764/4054 4448/4769/4054
f 4448/4769/4055 4030/4764/4055 3686/4768/4055 4028/4771/4055
f 4032/4770/4056 4448/4769/4056 4028/4771/4056 3687/4772/4056
f 3680/4760/4057 4322/4773/4057 4449/4774/4057 4033/4775/4057
f 3753/4776/4058 4323/4777/4058 4449/4774/4058 4322/4773/4058
f 3688/4778/4059 4033/4775/4059 4449/4774/4059 4323/4777/4059
f 3673/4732/4060 4014/4762/4060 4450/4779/4060 4034/4780/4060
f 4014/4762/4061 3680/4760/4061 4033/4775/4061 4450/4779/4061
f 4450/4779/4062 4033/4775/4062 3688/4778/4062 4029/4781/4062
f 4034/4780/4063 4450/4779/4063 4029/4781/4063 3681/4782/4063
f 3674/4734/4064 4008/4733/4064 4451/4783/4064 4035/4784/4064
f 4008/4733/4065 3673/4732/4065 4034/4780/4065 4451/4783/4065
f 4451/4783/4066 4034/4780/4066 3681/4782/4066 4023/4785/4066
f 4035/4784/4067 4451/4783/4067 4023/4785/4067 3682/4786/4067
f 3675/4738/4068 4009/4737/4068 4452/4787/4068 4036/4788/4068
f 4009/4737/4069 3674/4734/4069 4035/4784/4069 4452/4787/4069
f 4452/4787/4070 4035/4784/4070 3682/4786/4070 4024/4789/4070
f 4036/4788/4071 4452/4787/4071 4024/4789/4071 3683/4790/4071
f 3676/4742/4072 4010/4741/4072 4453/4791/4072 4037/4792/4072
f 4010/4741/4073 3675/4738/4073 4036/4788/4073 4453/4791/4073
f 4453/4791/4074 4036/4788/4074 3683/4790/4074 4025/4793/4074
f 4037/4792/4075 4453/4791/4075 4025/4793/4075 3684/4794/4075
f 3677/4746/4076 4011/4745/4076 4454/4795/4076 4031/4765/4076
f 4011/4745/4077 3676/4742/4077 4037/4792/4077 4454/4795/4077
f 4454/4795/4078 4037/4792/4078 3684/4794/4078 4026/4796/4078
f 4031/4765/4079 4454/4795/4079 4026/4796/4079 3685/4766/4079
f 3683/4790/4080 4024/4789/4080 4455/4797/4080 4045/4798/4080
f 4024/4789/4081 3682/4786/4081 4046/4799/4081 4455/4797/4081
f 4455/4797/4082 4046/4799/4082 3690/4800/4082 4039/4801/4082
f 4045/4798/4083 4455/4797/4083 4039/4801/4083 3691/4802/4083
f 3684/4794/4084 4025/4793/4084 4456/4803/4084 4047/4804/4084
f 4025/4793/4085 3683/4790/4085 4045/4798/4085 4456/4803/4085
f 4456/4803/4086 4045/4798/4086 3691/4802/4086 4040/4805/4086
f 4047/4804/4087 4456/4803/4087 4040/4805/4087 3692/4806/4087
f 3685/4766/4088 4026/4796/4088 4457/4807/4088 4048/4808/4088
f 4026/4796/4089 3684/4794/4089 4047/4804/4089 4457/4807/4089
f 4457/4807/4090 4047/4804/4090 3692/4806/4090 4041/4809/4090
f 4048/4808/4091 4457/4807/4091 4041/4809/4091 3693/4810/4091
f 3686/4768/4092 4027/4767/4092 4458/4811/4092 4049/4812/4092
f 4027/4767/4093 3685/4766/4093 4048/4808/4093 4458/4811/4093
f 4458/4811/4094 4048/4808/4094 3693/4810/4094 4042/4813/4094
f 4049/4812/4095 4458/4811/4095 4042/4813/4095 3694/4814/4095
f 3687/4772/4096 4028/4771/4096 4459/4815/4096 4050/4816/4096
f 4028/4771/4097 3686/4768/4097 4049/4812/4097 4459/4815/4097
f 4459/4815/4098 4049/4812/4098 3694/4814/4098 4043/4817/4098
f 4050/4816/4099 4459/4815/4099 4043/4817/4099 3695/4818/4099
f 3688/4778/4100 4323/4819/4100 4460/4820/4100 4051/4821/4100
f 3753/4822/4101 4324/4823/4101 4460/4820/4101 4323/4819/4101
f 3696/4824/4102 4051/4821/4102 4460/4820/4102 4324/4823/4102
f 3681/4782/4103 4029/4781/4103 4461/4825/4103 4052/4826/4103
f 4029/4781/4104 3688/4778/4104 4051/4821/4104 4461/4825/4104
f 4461/4825/4105 4051/4821/4105 3696/4824/4105 4044/4827/4105
f 4052/4826/4106 4461/4825/4106 4044/4827/4106 3689/4828/4106
f 3682/4786/4107 4023/4785/4107 4462/4829/4107 4046/4799/4107
f 4023/4785/4108 3681/4782/4108 4052/4826/4108 4462/4829/4108
f 4462/4829/4109 4052/4826/4109 3689/4828/4109 4038/4830/4109
f 4046/4799/4110 4462/4829/4110 4038/4830/4110 3690/4800/4110
f 3695/4818/4111 4043/4817/4111 4463/4831/4111 4060/4832/4111
f 4043/4817/4112 3694/4814/4112 4061/4833/4112 4463/4831/4112
f 4463/4831/4113 4061/4833/4113 3702/4834/4113 4058/4835/4113
f 4060/4832/4114 4463/4831/4114 4058/4835/4114 3703/4836/4114
f 3696/4824/4115 4324/4837/4115 4464/4838/4115 4062/4839/4115
f 3753/4840/4116 4325/4841/4116 4464/4838/4116 4324/4837/4116
f 3704/4842/4117 4062/4839/4117 4464/4838/4117 4325/4841/4117
f 3689/4828/4118 4044/4827/4118 4465/4843/4118 4063/4844/4118
f 4044/4827/4119 3696/4824/4119 4062/4839/4119 4465/4843/4119
f 4465/4843/4120 4062/4839/4120 3704/4842/4120 4059/4845/4120
f 4063/4844/4121 4465/4843/4121 4059/4845/4121 3697/4846/4121
f 3690/4800/4122 4038/4830/4122 4466/4847/4122 4064/4848/4122
f 4038/4830/4123 3689/4828/4123 4063/4844/4123 4466/4847/4123
f 4466/4847/4124 4063/4844/4124 3697/4846/4124 4053/4849/4124
f 4064/4848/4125 4466/4847/4125 4053/4849/4125 3698/4850/4125
f 3691/4802/4126 4039/4801/4126 4467/4851/4126 4065/4852/4126
f 4039/4801/4127 3690/4800/4127 4064/4848/4127 4467/4851/4127
f 4467/4851/4128 4064/4848/4128 3698/4850/4128 4054/4853/4128
f 4065/4852/4129 4467/4851/4129 4054/4853/4129 3699/4854/4129
f 3692/4806/4130 4040/4805/4130 4468/4855/4130 4066/4856/4130
f 4040/4805/4131 3691/4802/4131 4065/4852/4131 4468/4855/4131
f 4468/4855/4132 4065/4852/4132 3699/4854/4132 4055/4857/4132
f 4066/4856/4133 4468/4855/4133 4055/4857/4133 3700/4858/4133
f 3693/4810/4134 4041/4809/4134 4469/4859/4134 4067/4860/4134
f 4041/4809/4135 3692/4806/4135 4066/4856/4135 4469/4859/4135
f 4469/4859/4136 4066/4856/4136 3700/4858/4136 4056/4861/4136
f 4067/4860/4137 4469/4859/4137 4056/4861/4137 3701/4862/4137
f 3694/4814/4138 4042/4813/4138 4470/4863/4138 4061/4833/4138
f 4042/4813/4139 3693/4810/4139 4067/4860/4139 4470/4863/4139
f 4470/4863/4140 4067/4860/4140 3701/4862/4140 4057/4864/4140
f 4061/4833/4141 4470/4863/4141 4057/4864/4141 3702/4834/4141
f 3699/4854/4142 4054/4853/4142 4471/4865/4142 4075/4866/4142
f 4054/4853/4143 3698/4850/4143 4076/4867/4143 4471/4865/4143
f 4471/4865/4144 4076/4867/4144 3706/4868/4144 4069/4869/4144
f 4075/4866/4145 4471/4865/4145 4069/4869/4145 3707/4870/4145
f 3700/4858/4146 4055/4857/4146 4472/4871/4146 4077/4872/4146
f 4055/4857/4147 3699/4854/4147 4075/4866/4147 4472/4871/4147
f 4472/4871/4148 4075/4866/4148 3707/4870/4148 4070/4873/4148
f 4077/4872/4149 4472/4871/4149 4070/4873/4149 3708/4874/4149
f 3701/4862/4150 4056/4861/4150 4473/4875/4150 4078/4876/4150
f 4056/4861/4151 3700/4858/4151 4077/4872/4151 4473/4875/4151
f 4473/4875/4152 4077/4872/4152 3708/4874/4152 4071/4877/4152
f 4078/4876/4153 4473/4875/4153 4071/4877/4153 3709/4878/4153
f 3702/4834/4154 4057/4864/4154 4474/4879/4154 4079/4880/4154
f 4057/4864/4155 3701/4862/4155 4078/4876/4155 4474/4879/4155
f 4474/4879/4156 4078/4876/4156 3709/4878/4156 4072/4881/4156
f 4079/4880/4157 4474/4879/4157 4072/4881/4157 3710/4882/4157
f 3703/4836/4158 4058/4835/4158 4475/4883/4158 4080/4884/4158
f 4058/4835/4159 3702/4834/4159 4079/4880/4159 4475/4883/4159
f 4475/4883/4160 4079/4880/4160 3710/4882/4160 4073/4885/4160
f 4080/4884/4161 4475/4883/4161 4073/4885/4161 3711/4886/4161
f 3704/4842/4162 4325/4887/4162 4476/4888/4162 4081/4889/4162
f 3753/4890/4163 4326/4891/4163 4476/4888/4163 4325/4887/4163
f 3712/4892/4164 4081/4889/4164 4476/4888/4164 4326/4891/4164
f 3697/4846/4165 4059/4845/4165 4477/4893/4165 4082/4894/4165
f 4059/4845/4166 3704/4842/4166 4081/4889/4166 4477/4893/4166
f 4477/4893/4167 4081/4889/4167 3712/4892/4167 4074/4895/4167
f 4082/4894/4168 4477/4893/4168 4074/4895/4168 3705/4896/4168
f 3698/4850/4169 4053/4849/4169 4478/4897/4169 4076/4867/4169
f 4053/4849/4170 3697/4846/4170 4082/4894/4170 4478/4897/4170
f 4478/4897/4171 4082/4894/4171 3705/4896/4171 4068/4898/4171
f 4076/4867/4172 4478/4897/4172 4068/4898/4172 3706/4868/4172
f 3711/4886/4173 4073/4885/4173 4479/4899/4173 4090/4900/4173
f 4073/4885/4174 3710/4882/4174 4091/4901/4174 4479/4899/4174
f 4479/4899/4175 4091/4901/4175 3718/4902/4175 4088/4903/4175
f 4090/4900/4176 4479/4899/4176 4088/4903/4176 3719/4904/4176
f 3712/4892/4177 4326/4905/4177 4480/4906/4177 4092/4907/4177
f 3753/4908/4178 4327/4909/4178 4480/4906/4178 4326/4905/4178
f 3720/4910/4179 4092/4907/4179 4480/4906/4179 4327/4909/4179
f 3705/4896/4180 4074/4895/4180 4481/4911/4180 4093/4912/4180
f 4074/4895/4181 3712/4892/4181 4092/4907/4181 4481/4911/4181
f 4481/4911/4182 4092/4907/4182 3720/4910/4182 4089/4913/4182
f 4093/4912/4183 4481/4911/4183 4089/4913/4183 3713/4914/4183
f 3706/4868/4184 4068/4898/4184 4482/4915/4184 4094/4916/4184
f 4068/4898/4185 3705/4896/4185 4093/4912/4185 4482/4915/4185
f 4482/4915/4186 4093/4912/4186 3713/4914/4186 4083/4917/4186
f 4094/4916/4187 4482/4915/4187 4083/4917/4187 3714/4918/4187
f 3707/4870/4188 4069/4869/4188 4483/4919/4188 4095/4920/4188
f 4069/4869/4189 3706/4868/4189 4094/4916/4189 4483/4919/4189
f 4483/4919/4190 4094/4916/4190 3714/4918/4190 4084/4921/4190
f 4095/4920/4191 4483/4919/4191 4084/4921/4191 3715/4922/4191
f 3708/4874/4192 4070/4873/4192 4484/4923/4192 4096/4924/4192
f 4070/4873/4193 3707/4870/4193 4095/4920/4193 4484/4923/4193
f 4484/4923/4194 4095/4920/4194 3715/4922/4194 4085/4925/4194
f 4096/4924/4195 4484/4923/4195 4085/4925/4195 3716/4926/4195
f 3709/4878/4196 4071/4877/4196 4485/4927/4196 4097/4928/4196
f 4071/4877/4197 3708/4874/4197 4096/4924/4197 4485/4927/4197
f 4485/4927/4198 4096/4924/4198 3716/4926/4198 4086/4929/4198
f 4097/4928/4199 4485/4927/4199 4086/4929/4199 3717/4930/4199
f 3710/4882/4200 4072/4881/4200 4486/4931/4200 4091/4901/4200
f 4072/4881/4201 3709/4878/4201 4097/4928/4201 4486/4931/4201
f 4486/4931/4202 4097/4928/4202 3717/4930/4202 4087/4932/4202
f 4091/4901/4203 4486/4931/4203 4087/4932/4203 3718/4902/4203
f 3716/4926/4204 4085/4925/4204 4487/4933/4204 4105/4934/4204
f 4085/4925/4205 3715/4922/4205 4106/4935/4205 4487/4933/4205
f 4487/4933/4206 4106/4935/4206 3723/4936/4206 4100/4937/4206
f 4105/4934/4207 4487/4933/4207 4100/4937/4207 3724/4938/4207
f 3717/4930/4208 4086/4929/4208 4488/4939/4208 4107/4940/4208
f 4086/4929/4209 3716/4926/4209 4105/4934/4209 4488/4939/4209
f 4488/4939/4210 4105/4934/4210 3724/4938/4210 4101/4941/4210
f 4107/4940/4211 4488/4939/4211 4101/4941/4211 3725/4942/4211
f 3718/4902/4212 4087/4932/4212 4489/4943/4212 4108/4944/4212
f 4087/4932/4213 3717/4930/4213 4107/4940/4213 4489/4943/4213
f 4489/4943/4214 4107/4940/4214 3725/4942/4214 4102/4945/4214
f 4108/4944/4215 4489/4943/4215 4102/4945/4215 3726/4946/4215
f 3719/4904/4216 4088/4903/4216 4490/4947/4216 4109/4948/4216
f 4088/4903/4217 3718/4902/4217 4108/4944/4217 4490/4947/4217
f 4490/4947/4218 4108/4944/4218 3726/4946/4218 4103/4949/4218
f 4109/4948/4219 4490/4947/4219 4103/4949/4219 3727/4950/4219
f 3720/4910/4220 4327/4951/4220 4491/4952/4220 4110/4953/4220
f 3753/4954/4221 4328/4955/4221 4491/4952/4221 4327/4951/4221
f 3728/4956/4222 4110/4953/4222 4491/4952/4222 4328/4955/4222
f 3713/4914/4223 4089/4913/4223 4492/4957/4223 4111/4958/4223
f 4089/4913/4224 3720/4910/4224 4110/4953/4224 4492/4957/4224
f 4492/4957/4225 4110/4953/4225 3728/4956/4225 4104/4959/4225
f 4111/4958/4226 4492/4957/4226 4104/4959/4226 3721/4960/4226
f 3714/4918/4227 4083/4917/4227 4493/4961/4227 4112/4962/4227
f 4083/4917/4228 3713/4914/4228 4111/4958/4228 4493/4961/4228
f 4493/4961/4229 4111/4958/4229 3721/4960/4229 4098/4963/4229
f 4112/4962/4230 4493/4961/4230 4098/4963/4230 3722/4964/4230
f 3715/4922/4231 4084/4921/4231 4494/4965/4231 4106/4935/4231
f 4084/4921/4232 3714/4918/4232 4112/4962/4232 4494/4965/4232
f 4494/4965/4233 4112/4962/4233 3722/4964/4233 4099/4966/4233
f 4106/4935/4234 4494/4965/4234 4099/4966/4234 3723/4936/4234
f 3728/4956/4235 4328/4967/4235 4495/4968/4235 4121/4969/4235
f 3753/4970/4236 4329/4971/4236 4495/4968/4236 4328/4967/4236
f 3736/4972/4237 4121/4969/4237 4495/4968/4237 4329/4971/4237
f 3721/4960/4238 4104/4959/4238 4496/4973/4238 4122/4974/4238
f 4104/4959/4239 3728/4956/4239 4121/4969/4239 4496/4973/4239
f 4496/4973/4240 4121/4969/4240 3736/4972/4240 4119/4975/4240
f 4122/4974/4241 4496/4973/4241 4119/4975/4241 3729/4976/4241
f 3722/4964/4242 4098/4963/4242 4497/4977/4242 4123/4978/4242
f 4098/4963/4243 3721/4960/4243 4122/4974/4243 4497/4977/4243
f 4497/4977/4244 4122/4974/4244 3729/4976/4244 4113/4979/4244
f 4123/4978/4245 4497/4977/4245 4113/4979/4245 3730/4980/4245
f 3723/4936/4246 4099/4966/4246 4498/4981/4246 4124/4982/4246
f 4099/4966/4247 3722/4964/4247 4123/4978/4247 4498/4981/4247
f 4498/4981/4248 4123/4978/4248 3730/4980/4248 4114/4983/4248
f 4124/4982/4249 4498/4981/4249 4114/4983/4249 3731/4984/4249
f 3724/4938/4250 4100/4937/4250 4499/4985/4250 4125/4986/4250
f 4100/4937/4251 3723/4936/4251 4124/4982/4251 4499/4985/4251
f 4499/4985/4252 4124/4982/4252 3731/4984/4252 4115/4987/4252
f 4125/4986/4253 4499/4985/4253 4115/4987/4253 3732/4988/4253
f 3725/4942/4254 4101/4941/4254 4500/4989/4254 4126/4990/4254
f 4101/4941/4255 3724/4938/4255 4125/4986/4255 4500/4989/4255
f 4500/4989/4256 4125/4986/4256 3732/4988/4256 4116/4991/4256
f 4126/4990/4257 4500/4989/4257 4116/4991/4257 3733/4992/4257
f 3726/4946/4258 4102/4945/4258 4501/4993/4258 4127/4994/4258
f 4102/4945/4259 3725/4942/4259 4126/4990/4259 4501/4993/4259
f 4501/4993/4260 4126/4990/4260 3733/4992/4260 4117/4995/4260
f 4127/4994/4261 4501/4993/4261 4117/4995/4261 3734/4996/4261
f 3727/4950/4262 4103/4949/4262 4502/4997/4262 4120/4998/4262
f 4103/4949/4263 3726/4946/4263 4127/4994/4263 4502/4997/4263
f 4502/4997/4264 4127/4994/4264 3734/4996/4264 4118/4999/4264
f 4120/4998/4265 4502/4997/4265 4118/4999/4265 3735/5000/4265
f 3733/4992/4266 4116/4991/4266 4503/5001/4266 4135/5002/4266
f 4116/4991/4267 3732/4988/4267 4136/5003/4267 4503/5001/4267
f 4503/5001/4268 4136/5003/4268 3740/5004/4268 4131/5005/4268
f 4135/5002/4269 4503/5001/4269 4131/5005/4269 3741/5006/4269
f 3734/4996/4270 4117/4995/4270 4504/5007/4270 4137/5008/4270
f 4117/4995/4271 3733/4992/4271 4135/5002/4271 4504/5007/4271
f 4504/5007/4272 4135/5002/4272 3741/5006/4272 4132/5009/4272
f 4137/5008/4273 4504/5007/4273 4132/5009/4273 3742/5010/4273
f 3735/5000/4274 4118/4999/4274 4505/5011/4274 4138/5012/4274
f 4118/4999/4275 3734/4996/4275 4137/5008/4275 4505/5011/4275
f 4505/5011/4276 4137/5008/4276 3742/5010/4276 4133/5013/4276
f 4138/5012/4277 4505/5011/4277 4133/5013/4277 3743/5014/4277
f 3736/4972/4278 4329/5015/4278 4506/5016/4278 4139/5017/4278
f 3753/5018/4279 4330/5019/4279 4506/5016/4279 4329/5015/4279
f 3744/5020/4280 4139/5017/4280 4506/5016/4280 4330/5019/4280
f 3729/4976/4281 4119/4975/4281 4507/5021/4281 4140/5022/4281
f 4119/4975/4282 3736/4972/4282 4139/5017/4282 4507/5021/4282
f 4507/5021/4283 4139/5017/4283 3744/5020/4283 4134/5023/4283
f 4140/5022/4284 4507/5021/4284 4134/5023/4284 3737/5024/4284
f 3730/4980/4285 4113/4979/4285 4508/5025/4285 4141/5026/4285
f 4113/4979/4286 3729/4976/4286 4140/5022/4286 4508/5025/4286
f 4508/5025/4287 4140/5022/4287 3737/5024/4287 4128/5027/4287
f 4141/5026/4288 4508/5025/4288 4128/5027/4288 3738/5028/4288
f 3731/4984/4289 4114/4983/4289 4509/5029/4289 4142/5030/4289
f 4114/4983/4290 3730/4980/4290 4141/5026/4290 4509/5029/4290
f 4509/5029/4291 4141/5026/4291 3738/5028/4291 4129/5031/4291
f 4142/5030/4292 4509/5029/4292 4129/5031/4292 3739/5032/4292
f 3732/4988/4293 4115/4987/4293 4510/5033/4293 4136/5003/4293
f 4115/4987/4294 3731/4984/4294 4142/5030/4294 4510/5033/4294
f 4510/5033/4295 4142/5030/4295 3739/5032/4295 4130/5034/4295
f 4136/5003/4296 4510/5033/4296 4130/5034/4296 3740/5004/4296
f 3744/5020/4297 4330/5035/4297 4511/5036/4297 4151/5037/4297
f 3753/5038/4298 4143/5039/4298 4511/5036/4298 4330/5035/4298
f 3752/5040/4299 4151/5037/4299 4511/5036/4299 4143/5039/4299
f 3737/5024/4300 4134/5023/4300 4512/5041/4300 4152/5042/4300
f 4134/5023/4301 3744/5020/4301 4151/5037/4301 4512/5041/4301
f 4512/5041/4302 4151/5037/4302 3752/5040/4302 4150/5043/4302
f 4152/5042/4303 4512/5041/4303 4150/5043/4303 3745/5044/4303
f 3738/5028/4304 4128/5027/4304 4513/5045/4304 4153/5046/4304
f 4128/5027/4305 3737/5024/4305 4152/5042/4305 4513/5045/4305
f 4513/5045/4306 4152/5042/4306 3745/5044/4306 4144/5047/4306
f 4153/5046/4307 4513/5045/4307 4144/5047/4307 3746/5048/4307
f 3739/5032/4308 4129/5031/4308 4514/5049/4308 4154/5050/4308
f 4129/5031/4309 3738/5028/4309 4153/5046/4309 4514/5049/4309
f 4514/5049/4310 4153/5046/4310 3746/5048/4310 4145/5051/4310
f 4154/5050/4311 4514/5049/4311 4145/5051/4311 3747/5052/4311
f 3740/5004/4312 4130/5034/4312 4515/5053/4312 4155/5054/4312
f 4130/5034/4313 3739/5032/4313 4154/5050/4313 4515/5053/4313
f 4515/5053/4314 4154/5050/4314 3747/5052/4314 4146/5055/4314
f 4155/5054/4315 4515/5053/4315 4146/5055/4315 3748/5056/4315
f 3741/5006/4316 4131/5005/4316 4516/5057/4316 4156/5058/4316
f 4131/5005/4317 3740/5004/4317 4155/5054/4317 4516/5057/4317
f 4516/5057/4318 4155/5054/4318 3748/5056/4318 4147/5059/4318
f 4156/5058/4319 4516/5057/4319 4147/5059/4319 3749/5060/4319
f 3742/5010/4320 4132/5009/4320 4517/5061/4320 4157/5062/4320
f 4132/5009/4321 3741/5006/4321 4156/5058/4321 4517/5061/4321
f 4517/5061/4322 4156/5058/4322 3749/5060/4322 4148/5063/4322
f 4157/5062/4323 4517/5061/4323 4148/5063/4323 3750/5064/4323
f 3743/5014/4324 4133/5013/4324 4518/5065/4324 4158/5066/4324
f 4133/5013/4325 3742/5010/4325 4157/5062/4325 4518/5065/4325
f 4518/5065/4326 4157/5062/4326 3750/5064/4326 4149/5067/4326
f 4158/5066/4327 4518/5065/4327 4149/5067/4327 3751/5068/4327
f 3749/5060/4328 4147/5059/4328 4519/5069/4328 4166/5070/4328
f 4147/5059/4329 3748/5056/4329 4167/5071/4329 4519/5069/4329
f 4519/5069/4330 4167/5071/4330 3757/5072/4330 4162/5073/4330
f 4166/5070/4331 4519/5069/4331 4162/5073/4331 3758/5074/4331
f 3750/5064/4332 4148/5063/4332 4520/5075/4332 4168/5076/4332
f 4148/5063/4333 3749/5060/4333 4166/5070/4333 4520/5075/4333
f 4520/5075/4334 4166/5070/4334 3758/5074/4334 4163/5077/4334
f 4168/5076/4335 4520/5075/4335 4163/5077/4335 3759/5078/4335
f 3751/5068/4336 4149/5067/4336 4521/5079/4336 4169/5080/4336
f 4149/5067/4337 3750/5064/4337 4168/5076/4337 4521/5079/4337
f 4521/5079/4338 4168/5076/4338 3759/5078/4338 4164/5081/4338
f 4169/5080/4339 4521/5079/4339 4164/5081/4339 3760/5082/4339
f 3752/5040/4340 4143/5083/4340 4522/5084/4340 4170/5085/4340
f 3753/5086/4341 4331/5087/4341 4522/5084/4341 4143/5083/4341
f 3761/5088/4342 4170/5085/4342 4522/5084/4342 4331/5087/4342
f 3745/5044/4343 4150/5043/4343 4523/5089/4343 4171/5090/4343
f 4150/5043/4344 3752/5040/4344 4170/5085/4344 4523/5089/4344
f 4523/5089/4345 4170/5085/4345 3761/5088/4345 4165/5091/4345
f 4171/5090/4346 4523/5089/4346 4165/5091/4346 3754/5092/4346
f 3746/5048/4347 4144/5047/4347 4524/5093/4347 4172/5094/4347
f 4144/5047/4348 3745/5044/4348 4171/5090/4348 4524/5093/4348
f 4524/5093/4349 4171/5090/4349 3754/5092/4349 4159/5095/4349
f 4172/5094/4350 4524/5093/4350 4159/5095/4350 3755/5096/4350
f 3747/5052/4351 4145/5051/4351 4525/5097/4351 4173/5098/4351
f 4145/5051/4352 3746/5048/4352 4172/5094/4352 4525/5097/4352
f 4525/5097/4353 4172/5094/4353 3755/5096/4353 4160/5099/4353
f 4173/5098/4354 4525/5097/4354 4160/5099/4354 3756/5100/4354
f 3748/5056/4355 4146/5055/4355 4526/5101/4355 4167/5071/4355
f 4146/5055/4356 3747/5052/4356 4173/5098/4356 4526/5101/4356
f 4526/5101/4357 4173/5098/4357 3756/5100/4357 4161/5102/4357
f 4167/5071/4358 4526/5101/4358 4161/5102/4358 3757/5072/4358
f 3755/5096/4359 4159/5095/4359 4527/5103/4359 4181/5104/4359
f 4159/5095/4360 3754/5092/4360 4182/5105/4360 4527/5103/4360
f 4527/5103/4361 4182/5105/4361 3762/5106/4361 4174/5107/4361
f 4181/5104/4362 4527/5103/4362 4174/5107/4362 3763/5108/4362
f 3756/5100/4363 4160/5099/4363 4528/5109/4363 4183/5110/4363
f 4160/5099/4364 3755/5096/4364 4181/5104/4364 4528/5109/4364
f 4528/5109/4365 4181/5104/4365 3763/5108/4365 4175/5111/4365
f 4183/5110/4366 4528/5109/4366 4175/5111/4366 3764/5112/4366
f 3757/5072/4367 4161/5102/4367 4529/5113/4367 4184/5114/4367
f 4161/5102/4368 3756/5100/4368 4183/5110/4368 4529/5113/4368
f 4529/5113/4369 4183/5110/4369 3764/5112/4369 4176/5115/4369
f 4184/5114/4370 4529/5113/4370 4176/5115/4370 3765/5116/4370
f 3758/5074/4371 4162/5073/4371 4530/5117/4371 4185/5118/4371
f 4162/5073/4372 3757/5072/4372 4184/5114/4372 4530/5117/4372
f 4530/5117/4373 4184/5114/4373 3765/5116/4373 4177/5119/4373
f 4185/5118/4374 4530/5117/4374 4177/5119/4374 3766/5120/4374
f 3759/5078/4375 4163/5077/4375 4531/5121/4375 4186/5122/4375
f 4163/5077/4376 3758/5074/4376 4185/5118/4376 4531/5121/4376
f 4531/5121/4377 4185/5118/4377 3766/5120/4377 4178/5123/4377
f 4186/5122/4378 4531/5121/4378 4178/5123/4378 3767/5124/4378
f 3760/5082/4379 4164/5081/4379 4532/5125/4379 4187/5126/4379
f 4164/5081/4380 3759/5078/4380 4186/5122/4380 4532/5125/4380
f 4532/5125/4381 4186/5122/4381 3767/5124/4381 4179/5127/4381
f 4187/5126/4382 4532/5125/4382 4179/5127/4382 3768/5128/4382
f 3761/5088/4383 4331/5129/4383 4533/5130/4383 4188/5131/4383
f 3753/5132/4384 4332/5133/4384 4533/5130/4384 4331/5129/4384
f 3769/5134/4385 4188/5131/4385 4533/5130/4385 4332/5133/4385
f 3754/5092/4386 4165/5091/4386 4534/5135/4386 4182/5105/4386
f 4165/5091/4387 3761/5088/4387 4188/5131/4387 4534/5135/4387
f 4534/5135/4388 4188/5131/4388 3769/5134/4388 4180/5136/4388
f 4182/5105/4389 4534/5135/4389 4180/5136/4389 3762/5106/4389
f 3767/5137/4390 4178/5138/4390 4535/5139/4390 4196/5140/4390
f 4178/5138/4391 3766/5141/4391 4197/5142/4391 4535/5139/4391
f 4535/5139/4392 4197/5142/4392 3774/5143/4392 4193/5144/4392
f 4196/5140/4393 4535/5139/4393 4193/5144/4393 3775/5145/4393
f 3768/5146/4394 4179/5147/4394 4536/5148/4394 4198/5149/4394
f 4179/5147/4395 3767/5137/4395 4196/5140/4395 4536/5148/4395
f 4536/5148/4396 4196/5140/4396 3775/5145/4396 4194/5150/4396
f 4198/5149/4397 4536/5148/4397 4194/5150/4397 3776/5151/4397
f 3769/5152/4398 4332/5153/4398 4537/5154/4398 4199/5155/4398
f 3753/5156/4399 4333/5157/4399 4537/5154/4399 4332/5153/4399
f 3777/5158/4400 4199/5155/4400 4537/5154/4400 4333/5157/4400
f 3762/5159/4401 4180/5160/4401 4538/5161/4401 4200/5162/4401
f 4180/5160/4402 3769/5152/4402 4199/5155/4402 4538/5161/4402
f 4538/5161/4403 4199/5155/4403 3777/5158/4403 4195/5163/4403
f 4200/5162/4404 4538/5161/4404 4195/5163/4404 3770/5164/4404
f 3763/5165/4405 4174/5166/4405 4539/5167/4405 4201/5168/4405
f 4174/5166/4406 3762/5159/4406 4200/5162/4406 4539/5167/4406
f 4539/5167/4407 4200/5162/4407 3770/5164/4407 4189/5169/4407
f 4201/5168/4408 4539/5167/4408 4189/5169/4408 3771/5170/4408
f 3764/5171/4409 4175/5172/4409 4540/5173/4409 4202/5174/4409
f 4175/5172/4410 3763/5165/4410 4201/5168/4410 4540/5173/4410
f 4540/5173/4411 4201/5168/4411 3771/5170/4411 4190/5175/4411
f 4202/5174/4412 4540/5173/4412 4190/5175/4412 3772/5176/4412
f 3765/5177/4413 4176/5178/4413 4541/5179/4413 4203/5180/4413
f 4176/5178/4414 3764/5171/4414 4202/5174/4414 4541/5179/4414
f 4541/5179/4415 4202/5174/4415 3772/5176/4415 4191/5181/4415
f 4203/5180/4416 4541/5179/4416 4191/5181/4416 3773/5182/4416
f 3766/5141/4417 4177/5183/4417 4542/5184/4417 4197/5142/4417
f 4177/5183/4418 3765/5177/4418 4203/5180/4418 4542/5184/4418
f 4542/5184/4419 4203/5180/4419 3773/5182/4419 4192/5185/4419
f 4197/5142/4420 4542/5184/4420 4192/5185/4420 3774/5143/4420
f 3771/5170/4421 4189/5169/4421 4543/5186/4421 4211/5187/4421
f 4189/5169/4422 3770/5164/4422 4212/5188/4422 4543/5186/4422
f 4543/5186/4423 4212/5188/4423 3778/5189/4423 4204/5190/4423
f 4211/5187/4424 4543/5186/4424 4204/5190/4424 3779/5191/4424
f 3772/5176/4425 4190/5175/4425 4544/5192/4425 4213/5193/4425
f 4190/5175/4426 3771/5170/4426 4211/5187/4426 4544/5192/4426
f 4544/5192/4427 4211/5187/4427 3779/5191/4427 4205/5194/4427
f 4213/5193/4428 4544/5192/4428 4205/5194/4428 3780/5195/4428
f 3773/5182/4429 4191/5181/4429 4545/5196/4429 4214/5197/4429
f 4191/5181/4430 3772/5176/4430 4213/5193/4430 4545/5196/4430
f 4545/5196/4431 4213/5193/4431 3780/5195/4431 4206/5198/4431
f 4214/5197/4432 4545/5196/4432 4206/5198/4432 3781/5199/4432
f 3774/5143/4433 4192/5185/4433 4546/5200/4433 4215/5201/4433
f 4192/5185/4434 3773/5182/4434 4214/5197/4434 4546/5200/4434
f 4546/5200/4435 4214/5197/4435 3781/5199/4435 4207/5202/4435
f 4215/5201/4436 4546/5200/4436 4207/5202/4436 3782/5203/4436
f 3775/5145/4437 4193/5144/4437 4547/5204/4437 4216/5205/4437
f 4193/5144/4438 3774/5143/4438 4215/5201/4438 4547/5204/4438
f 4547/5204/4439 4215/5201/4439 3782/5203/4439 4208/5206/4439
f 4216/5205/4440 4547/5204/4440 4208/5206/4440 3783/5207/4440
f 3776/5151/4441 4194/5150/4441 4548/5208/4441 4217/5209/4441
f 4194/5150/4442 3775/5145/4442 4216/5205/4442 4548/5208/4442
f 4548/5208/4443 4216/5205/4443 3783/5207/4443 4209/5210/4443
f 4217/5209/4444 4548/5208/4444 4209/5210/4444 3784/5211/4444
f 3777/5158/4445 4333/5212/4445 4549/5213/4445 4218/5214/4445
f 3753/5215/4446 4334/5216/4446 4549/5213/4446 4333/5212/4446
f 3785/5217/4447 4218/5214/4447 4549/5213/4447 4334/5216/4447
f 3770/5164/4448 4195/5163/4448 4550/5218/4448 4212/5188/4448
f 4195/5163/4449 3777/5158/4449 4218/5214/4449 4550/5218/4449
f 4550/5218/4450 4218/5214/4450 3785/5217/4450 4210/5219/4450
f 4212/5188/4451 4550/5218/4451 4210/5219/4451 3778/5189/4451
f 3783/5207/4452 4208/5206/4452 4551/5220/4452 4226/5221/4452
f 4208/5206/4453 3782/5203/4453 4227/5222/4453 4551/5220/4453
f 4551/5220/4454 4227/5222/4454 3790/5223/4454 4223/5224/4454
f 4226/5221/4455 4551/5220/4455 4223/5224/4455 3791/5225/4455
f 3784/5211/4456 4209/5210/4456 4552/5226/4456 4228/5227/4456
f 4209/5210/4457 3783/5207/4457 4226/5221/4457 4552/5226/4457
f 4552/5226/4458 4226/5221/4458 3791/5225/4458 4224/5228/4458
f 4228/5227/4459 4552/5226/4459 4224/5228/4459 3792/5229/4459
f 3785/5217/4460 4334/5230/4460 4553/5231/4460 4229/5232/4460
f 3753/5233/4461 4335/5234/4461 4553/5231/4461 4334/5230/4461
f 3793/5235/4462 4229/5232/4462 4553/5231/4462 4335/5234/4462
f 3778/5189/4463 4210/5219/4463 4554/5236/4463 4230/5237/4463
f 4210/5219/4464 3785/5217/4464 4229/5232/4464 4554/5236/4464
f 4554/5236/4465 4229/5232/4465 3793/5235/4465 4225/5238/4465
f 4230/5237/4466 4554/5236/4466 4225/5238/4466 3786/5239/4466
f 3779/5191/4467 4204/5190/4467 4555/5240/4467 4231/5241/4467
f 4204/5190/4468 3778/5189/4468 4230/5237/4468 4555/5240/4468
f 4555/5240/4469 4230/5237/4469 3786/5239/4469 4219/5242/4469
f 4231/5241/4470 4555/5240/4470 4219/5242/4470 3787/5243/4470
f 3780/5195/4471 4205/5194/4471 4556/5244/4471 4232/5245/4471
f 4205/5194/4472 3779/5191/4472 4231/5241/4472 4556/5244/4472
f 4556/5244/4473 4231/5241/4473 3787/5243/4473 4220/5246/4473
f 4232/5245/4474 4556/5244/4474 4220/5246/4474 3788/5247/4474
f 3781/5199/4475 4206/5198/4475 4557/5248/4475 4233/5249/4475
f 4206/5198/4476 3780/5195/4476 4232/5245/4476 4557/5248/4476
f 4557/5248/4477 4232/5245/4477 3788/5247/4477 4221/5250/4477
f 4233/5249/4478 4557/5248/4478 4221/5250/4478 3789/5251/4478
f 3782/5203/4479 4207/5202/4479 4558/5252/4479 4227/5222/4479
f 4207/5202/4480 3781/5199/4480 4233/5249/4480 4558/5252/4480
f 4558/5252/4481 4233/5249/4481 3789/5251/4481 4222/5253/4481
f 4227/5222/4482 4558/5252/4482 4222/5253/4482 3790/5223/4482
f 3788/5247/4483 4220/5246/4483 4559/5254/4483 4241/5255/4483
f 4220/5246/4484 3787/5243/4484 4242/5256/4484 4559/5254/4484
f 4559/5254/4485 4242/5256/4485 3795/5257/4485 4235/5258/4485
f 4241/5255/4486 4559/5254/4486 4235/5258/4486 3796/5259/4486
f 3789/5251/4487 4221/5250/4487 4560/5260/4487 4243/5261/4487
f 4221/5250/4488 3788/5247/4488 4241/5255/4488 4560/5260/4488
f 4560/5260/4489 4241/5255/4489 3796/5259/4489 4236/5262/4489
f 4243/5261/4490 4560/5260/4490 4236/5262/4490 3797/5263/4490
f 3790/5223/4491 4222/5253/4491 4561/5264/4491 4244/5265/4491
f 4222/5253/4492 3789/5251/4492 4243/5261/4492 4561/5264/4492
f 4561/5264/4493 4243/5261/4493 3797/5263/4493 4237/5266/4493
f 4244/5265/4494 4561/5264/4494 4237/5266/4494 3798/5267/4494
f 3791/5225/4495 4223/5224/4495 4562/5268/4495 4245/5269/4495
f 4223/5224/4496 3790/5223/4496 4244/5265/4496 4562/5268/4496
f 4562/5268/4497 4244/5265/4497 3798/5267/4497 4238/5270/4497
f 4245/5269/4498 4562/5268/4498 4238/5270/4498 3799/5271/4498
f 3792/5229/4499 4224/5228/4499 4563/5272/4499 4246/5273/4499
f 4224/5228/4500 3791/5225/4500 4245/5269/4500 4563/5272/4500
f 4563/5272/4501 4245/5269/4501 3799/5271/4501 4239/5274/4501
f 4246/5273/4502 4563/5272/4502 4239/5274/4502 3800/5275/4502
f 3793/5235/4503 4335/5276/4503 4564/5277/4503 4247/5278/4503
f 3753/5279/4504 4336/5280/4504 4564/5277/4504 4335/5276/4504
f 3801/5281/4505 4247/5278/4505 4564/5277/4505 4336/5280/4505
f 3786/5239/4506 4225/5238/4506 4565/5282/4506 4248/5283/4506
f 4225/5238/4507 3793/5235/4507 4247/5278/4507 4565/5282/4507
f 4565/5282/4508 4247/5278/4508 3801/5281/4508 4240/5284/4508
f 4248/5283/4509 4565/5282/4509 4240/5284/4509 3794/5285/4509
f 3787/5243/4510 4219/5242/4510 4566/5286/4510 4242/5256/4510
f 4219/5242/4511 3786/5239/4511 4248/5283/4511 4566/5286/4511
f 4566/5286/4512 4248/5283/4512 3794/5285/4512 4234/5287/4512
f 4242/5256/4513 4566/5286/4513 4234/5287/4513 3795/5257/4513
f 3800/5275/4514 4239/5274/4514 4567/5288/4514 4256/5289/4514
f 4239/5274/4515 3799/5271/4515 4257/5290/4515 4567/5288/4515
f 4567/5288/4516 4257/5290/4516 3807/5291/4516 4254/5292/4516
f 4256/5289/4517 4567/5288/4517 4254/5292/4517 3808/5293/4517
f 3801/5281/4518 4336/5294/4518 4568/5295/4518 4258/5296/4518
f 3753/5297/4519 4337/5298/4519 4568/5295/4519 4336/5294/4519
f 3809/5299/4520 4258/5296/4520 4568/5295/4520 4337/5298/4520
f 3794/5285/4521 4240/5284/4521 4569/5300/4521 4259/5301/4521
f 4240/5284/4522 3801/5281/4522 4258/5296/4522 4569/5300/4522
f 4569/5300/4523 4258/5296/4523 3809/5299/4523 4255/5302/4523
f 4259/5301/4524 4569/5300/4524 4255/5302/4524 3802/5303/4524
f 3795/5257/4525 4234/5287/4525 4570/5304/4525 4260/5305/4525
f 4234/5287/4526 3794/5285/4526 4259/5301/4526 4570/5304/4526
f 4570/5304/4527 4259/5301/4527 3802/5303/4527 4249/5306/4527
f 4260/5305/4528 4570/5304/4528 4249/5306/4528 3803/5307/4528
f 3796/5259/4529 4235/5258/4529 4571/5308/4529 4261/5309/4529
f 4235/5258/4530 3795/5257/4530 4260/5305/4530 4571/5308/4530
f 4571/5308/4531 4260/5305/4531 3803/5307/4531 4250/5310/4531
f 4261/5309/4532 4571/5308/4532 4250/5310/4532 3804/5311/4532
f 3797/5263/4533 4236/5262/4533 4572/5312/4533 4262/5313/4533
f 4236/5262/4534 3796/5259/4534 4261/5309/4534 4572/5312/4534
f 4572/5312/4535 4261/5309/4535 3804/5311/4535 4251/5314/4535
f 4262/5313/4536 4572/5312/4536 4251/5314/4536 3805/5315/4536
f 3798/5267/4537 4237/5266/4537 4573/5316/4537 4263/5317/4537
f 4237/5266/4538 3797/5263/4538 4262/5313/4538 4573/5316/4538
f 4573/5316/4539 4262/5313/4539 3805/5315/4539 4252/5318/4539
f 4263/5317/4540 4573/5316/4540 4252/5318/4540 3806/5319/4540
f 3799/5271/4541 4238/5270/4541 4574/5320/4541 4257/5290/4541
f 4238/5270/4542 3798/5267/4542 4263/5317/4542 4574/5320/4542
f 4574/5320/4543 4263/5317/4543 3806/5319/4543 4253/5321/4543
f 4257/5290/4544 4574/5320/4544 4253/5321/4544 3807/5291/4544
f 3805/5315/4545 4251/5314/4545 4575/5322/4545 4271/5323/4545
f 4251/5314/4546 3804/5311/4546 4272/5324/4546 4575/5322/4546
f 4575/5322/4547 4272/5324/4547 3812/5325/4547 4266/5326/4547
f 4271/5323/4548 4575/5322/4548 4266/5326/4548 3813/5327/4548
f 3806/5319/4549 4252/5318/4549 4576/5328/4549 4273/5329/4549
f 4252/5318/4550 3805/5315/4550 4271/5323/4550 4576/5328/4550
f 4576/5328/4551 4271/5323/4551 3813/5327/4551 4267/5330/4551
f 4273/5329/4552 4576/5328/4552 4267/5330/4552 3814/5331/4552
f 3807/5291/4553 4253/5321/4553 4577/5332/4553 4274/5333/4553
f 4253/5321/4554 3806/5319/4554 4273/5329/4554 4577/5332/4554
f 4577/5332/4555 4273/5329/4555 3814/5331/4555 4268/5334/4555
f 4274/5333/4556 4577/5332/4556 4268/5334/4556 3815/5335/4556
f 3808/5293/4557 4254/5292/4557 4578/5336/4557 4275/5337/4557
f 4254/5292/4558 3807/5291/4558 4274/5333/4558 4578/5336/4558
f 4578/5336/4559 4274/5333/4559 3815/5335/4559 4269/5338/4559
f 4275/5337/4560 4578/5336/4560 4269/5338/4560 3816/5339/4560
f 3809/5299/4561 4337/5340/4561 4579/5341/4561 4276/5342/4561
f 3753/5343/4562 4338/5344/4562 4579/5341/4562 4337/5340/4562
f 3817/5345/4563 4276/5342/4563 4579/5341/4563 4338/5344/4563
f 3802/5303/4564 4255/5302/4564 4580/5346/4564 4277/5347/4564
f 4255/5302/4565 3809/5299/4565 4276/5342/4565 4580/5346/4565
f 4580/5346/4566 4276/5342/4566 3817/5345/4566 4270/5348/4566
f 4277/5347/4567 4580/5346/4567 4270/5348/4567 3810/5349/4567
f 3803/5307/4568 4249/5306/4568 4581/5350/4568 4278/5351/4568
f 4249/5306/4569 3802/5303/4569 4277/5347/4569 4581/5350/4569
f 4581/5350/4570 4277/5347/4570 3810/5349/4570 4264/5352/4570
f 4278/5351/4571 4581/5350/4571 4264/5352/4571 3811/5353/4571
f 3804/5311/4572 4250/5310/4572 4582/5354/4572 4272/5324/4572
f 4250/5310/4573 3803/5307/4573 4278/5351/4573 4582/5354/4573
f 4582/5354/4574 4278/5351/4574 3811/5353/4574 4265/5355/4574
f 4272/5324/4575 4582/5354/4575 4265/5355/4575 3812/5325/4575
f 3817/5345/4576 4338/5356/4576 4583/5357/4576 4287/5358/4576
f 3753/5359/4577 4339/5360/4577 4583/5357/4577 4338/5356/4577
f 3825/5361/4578 4287/5358/4578 4583/5357/4578 4339/5360/4578
f 3810/5349/4579 4270/5348/4579 4584/5362/4579 4288/5363/4579
f 4270/5348/4580 3817/5345/4580 4287/5358/4580 4584/5362/4580
f 4584/5362/4581 4287/5358/4581 3825/5361/4581 4285/5364/4581
f 4288/5363/4582 4584/5362/4582 4285/5364/4582 3818/5365/4582
f 3811/5353/4583 4264/5352/4583 4585/5366/4583 4289/5367/4583
f 4264/5352/4584 3810/5349/4584 4288/5363/4584 4585/5366/4584
f 4585/5366/4585 4288/5363/4585 3818/5365/4585 4279/5368/4585
f 4289/5367/4586 4585/5366/4586 4279/5368/4586 3819/5369/4586
f 3812/5325/4587 4265/5355/4587 4586/5370/4587 4290/5371/4587
f 4265/5355/4588 3811/5353/4588 4289/5367/4588 4586/5370/4588
f 4586/5370/4589 4289/5367/4589 3819/5369/4589 4280/5372/4589
f 4290/5371/4590 4586/5370/4590 4280/5372/4590 3820/5373/4590
f 3813/5327/4591 4266/5326/4591 4587/5374/4591 4291/5375/4591
f 4266/5326/4592 3812/5325/4592 4290/5371/4592 4587/5374/4592
f 4587/5374/4593 4290/5371/4593 3820/5373/4593 4281/5376/4593
f 4291/5375/4594 4587/5374/4594 4281/5376/4594 3821/5377/4594
f 3814/5331/4595 4267/5330/4595 4588/5378/4595 4292/5379/4595
f 4267/5330/4596 3813/5327/4596 4291/5375/4596 4588/5378/4596
f 4588/5378/4597 4291/5375/4597 3821/5377/4597 4282/5380/4597
f 4292/5379/4598 4588/5378/4598 4282/5380/4598 3822/5381/4598
f 3815/5335/4599 4268/5334/4599 4589/5382/4599 4293/5383/4599
f 4268/5334/4600 3814/5331/4600 4292/5379/4600 4589/5382/4600
f 4589/5382/4601 4292/5379/4601 3822/5381/4601 4283/5384/4601
f 4293/5383/4602 4589/5382/4602 4283/5384/4602 3823/5385/4602
f 3816/5339/4603 4269/5338/4603 4590/5386/4603 4286/5387/4603
f 4269/5338/4604 3815/5335/4604 4293/5383/4604 4590/5386/4604
f 4590/5386/4605 4293/5383/4605 3823/5385/4605 4284/5388/4605
f 4286/5387/4606 4590/5386/4606 4284/5388/4606 3824/5389/4606
f 3821/5377/4607 4281/5376/4607 4591/5390/4607 4340/5391/4607
f 4281/5376/4608 3820/5373/4608 4297/5392/4608 4591/5390/4608
f 4591/5390/4609 4297/5392/4609 3828/4317/4609 4304/4315/4609
f 4340/5391/4610 4591/5390/4610 4304/4315/4610 3583/4310/4610
f 3822/5381/4611 4282/5380/4611 4592/5393/4611 4341/5394/4611
f 4282/5380/4612 3821/5377/4612 4340/5391/4612 4592/5393/4612
f 4592/5393/4613 4340/5391/4613 3583/4310/4613 3838/4307/4613
f 4341/5394/4614 4592/5393/4614 3838/4307/4614 3582/4306/4614
f 3823/5385/4615 4283/5384/4615 4593/5395/4615 4342/5396/4615
f 4283/5384/4616 3822/5381/4616 4341/5394/4616 4593/5395/4616
f 4593/5395/4617 4341/5394/4617 3582/4306/4617 3837/4352/4617
f 4342/5396/4618 4593/5395/4618 3837/4352/4618 3581/4347/4618
f 3824/5389/4619 4284/5388/4619 4594/5397/4619 4298/5398/4619
f 4284/5388/4620 3823/5385/4620 4342/5396/4620 4594/5397/4620
f 4594/5397/4621 4342/5396/4621 3581/4347/4621 4303/4344/4621
f 4298/5398/4622 4594/5397/4622 4303/4344/4622 3829/4343/4622
f 3825/5361/4623 4339/5399/4623 4595/5400/4623 4299/5401/4623
f 3753/5402/4624 4305/5403/4624 4595/5400/4624 4339/5399/4624
f 3830/4335/4625 4299/5401/4625 4595/5400/4625 4305/5403/4625
f 3818/5365/4626 4285/5364/4626 4596/5404/4626 4300/5405/4626
f 4285/5364/4627 3825/5361/4627 4299/5401/4627 4596/5404/4627
f 4596/5404/4628 4299/5401/4628 3830/4335/4628 4296/4333/4628
f 4300/5405/4629 4596/5404/4629 4296/4333/4629 3826/4329/4629
f 3819/5369/4630 4279/5368/4630 4597/5406/4630 4301/5407/4630
f 4279/5368/4631 3818/5365/4631 4300/5405/4631 4597/5406/4631
f 4597/5406/4632 4300/5405/4632 3826/4329/4632 4294/4327/4632
f 4301/5407/4633 4597/5406/4633 4294/4327/4633 3827/4323/4633
f 3820/5373/4634 4280/5372/4634 4598/5408/4634 4297/5392/4634
f 4280/5372/4635 3819/5369/4635 4301/5407/4635 4598/5408/4635
f 4598/5408/4636 4301/5407/4636 3827/4323/4636 4295/4321/4636
f 4297/5392/4637 4598/5408/4637 4295/4321/4637 3828/4317/4637
g Cube.003_Cube.004
v 0.488238 1.153623 -1.163053
v 1.178748 2.308460 -2.393004
v 1.603358 2.257810 -1.905543
v 0.907665 1.388595 -2.326115
v 0.764533 2.734815 -0.966049
v -0.406555 2.133152 -1.458830
v 0.918853 2.945143 -1.576172
v 1.375702 1.550185 -1.969721
v 0.982651 2.126190 -0.648272
v 1.309998 1.757894 -0.993432
v -0.394260 2.215443 -1.806915
v 1.433438 2.649836 -1.172650
v 0.166357 1.131671 -1.599213
v -0.288305 1.631819 -1.240287
v 0.573141 2.391528 -2.502375
v 0.102149 1.567614 -2.162259
vn 0.2283 0.9012 0.3684
vn 0.5854 0.7408 -0.3294
vn -0.5835 -0.0017 -0.8121
vn -0.2869 -0.7730 -0.5658
vn 0.1607 -0.1186 -0.9799
vn 0.9403 -0.3143 0.1302
vn 0.9608 -0.0797 0.2654
vn -0.9584 -0.2685 -0.0973
vn -0.8179 -0.4830 -0.3127
vn -0.4862 0.2563 0.8354
vn -0.2455 -0.2466 -0.9375
vn 0.6852 -0.2111 -0.6971
vn -0.2912 -0.3277 0.8988
vn 0.4785 -0.8727 0.0974
vn 0.2349 -0.5453 0.8046
vn -0.5036 0.8468 0.1710
vn 0.3113 0.5251 0.7920
vn 0.7420 0.0319 0.6697
vn 0.2224 -0.9681 -0.1154
vn -0.5071 -0.7569 0.4123
vn -0.4066 0.8430 -0.3521
vn 0.2109 0.8024 -0.5583
vt 0.353793 0.570506
vt 0.221212 0.626914
vt 0.229007 0.523868
vt 0.429000 0.143207
vt 0.503814 0.228458
vt 0.377938 0.402995
vt 0.375000 0.177643
vt 0.830749 0.500000
vt 0.778201 0.597763
vt 0.731400 0.563157
vt 0.750691 0.654040
vt 0.847688 0.615258
vt 0.875000 0.500000
vt 0.408549 0.899854
vt 0.476514 1.000000
vt 0.375000 1.000000
vt 0.225155 0.725252
vt 0.125000 0.700504
vt 0.552525 0.568757
vt 0.561099 0.485695
vt 0.570825 0.653041
vt 0.658516 0.626313
vt 0.361646 0.704347
vt 0.503386 0.092874
vt 0.586916 0.113140
vt 0.568511 0.851875
vt 0.578028 1.000000
vt 0.415981 0.799712
vt 0.655566 0.750930
vt 0.697420 0.668614
vt 0.606820 0.653373
vt 0.546763 0.301169
s 0
g Cube.003_Material.004
usemtl Material.004
f 4603/5409/4638 4610/5410/4638 4605/5411/4638
f 4601/5412/4639 4600/5413/4639 4605/5414/4639 4610/5415/4639
f 4613/5416/4640 4614/5417/4640 4609/5418/4640
f 4611/5419/4641 4614/5417/4641 4602/5420/4641
f 4600/5421/4642 4602/5420/4642 4613/5416/4642
f 4608/5422/4643 4606/5423/4643 4601/5424/4643
f 4610/5410/4644 4608/5425/4644 4601/5426/4644
f 4604/5427/4645 4609/5428/4645 4612/5429/4645
f 4614/5417/4646 4611/5419/4646 4612/5430/4646 4609/5418/4646
f 4603/5409/4647 4604/5427/4647 4612/5429/4647 4607/5431/4647
f 4613/5416/4648 4602/5420/4648 4614/5417/4648
f 4606/5432/4649 4602/5433/4649 4600/5413/4649 4601/5412/4649
f 4612/5429/4650 4599/5434/4650 4607/5431/4650
f 4599/5434/4651 4602/5435/4651 4606/5423/4651 4608/5422/4651
f 4608/5422/4652 4607/5436/4652 4599/5434/4652
f 4605/5414/4653 4609/5428/4653 4604/5427/4653 4603/5409/4653
f 4603/5409/4654 4607/5431/4654 4610/5410/4654
f 4607/5431/4655 4608/5425/4655 4610/5410/4655
f 4602/5420/4656 4599/5437/4656 4611/5438/4656
f 4599/5437/4657 4612/5439/4657 4611/5438/4657
f 4609/5428/4658 4605/5414/4658 4613/5440/4658
f 4605/5414/4659 4600/5413/4659 4613/5440/4659
