# Blender 4.1.0
# www.blender.org
mtllib Explosion0001.mtl
g Circle_Circle
v 0.073705 0.917962 -0.370538
v 0.107002 0.826144 -0.537937
v 0.136188 0.702578 -0.684664
v 0.160140 0.552012 -0.805080
v 0.177939 0.380232 -0.894557
v 0.188899 0.193841 -0.949657
v 0.193841 0.000000 -0.974503
v 0.000000 0.193841 -0.968262
v 0.000000 0.380232 -0.912083
v 0.000000 0.552012 -0.820853
v 0.038970 0.973792 -0.195917
v 0.144577 0.917962 -0.349039
v 0.209893 0.826144 -0.506726
v 0.267143 0.702578 -0.644940
v 0.314127 0.552012 -0.758369
v 0.349039 0.380232 -0.842655
v 0.370538 0.193841 -0.894557
v 0.380232 0.000000 -0.917962
v 0.076443 0.973792 -0.184550
v 0.209893 0.917962 -0.314127
v 0.304717 0.826144 -0.456041
v 0.387831 0.702578 -0.580431
v 0.456041 0.552012 -0.682514
v 0.506726 0.380232 -0.758369
v 0.537938 0.193841 -0.805080
v 0.552012 0.000000 -0.826144
v 0.110978 0.973792 -0.166091
v 0.267143 0.917962 -0.267143
v 0.387831 0.826144 -0.387831
v 0.493616 0.702578 -0.493616
v 0.580431 0.552012 -0.580431
v 0.644940 0.380232 -0.644940
v 0.684665 0.193841 -0.684664
v 0.702578 0.000000 -0.702578
v 0.141248 0.973792 -0.141248
v 0.314127 0.917962 -0.209893
v 0.456041 0.826144 -0.304717
v 0.580431 0.702578 -0.387831
v 0.682514 0.552012 -0.456041
v 0.758369 0.380232 -0.506726
v 0.805080 0.193841 -0.537937
v 0.826144 0.000000 -0.552012
v 0.166091 0.973792 -0.110978
v 0.349039 0.917962 -0.144577
v 0.506726 0.826144 -0.209893
v 0.644940 0.702578 -0.267143
v 0.758369 0.552012 -0.314127
v 0.842654 0.380232 -0.349039
v 0.894557 0.193841 -0.370538
v 0.917962 0.000000 -0.380232
v 0.184550 0.973792 -0.076443
v 0.370538 0.917962 -0.073705
v 0.537937 0.826144 -0.107002
v 0.684664 0.702578 -0.136188
v 0.805080 0.552012 -0.160140
v 0.894557 0.380232 -0.177939
v 0.949657 0.193841 -0.188898
v 0.974503 0.000000 -0.193841
v 0.195917 0.973792 -0.038970
v 0.377797 0.917962 0.000000
v 0.548476 0.826144 0.000000
v 0.698078 0.702578 0.000000
v 0.820853 0.552012 0.000000
v 0.912083 0.380232 -0.000000
v 0.968262 0.193841 0.000000
v 0.993595 0.000000 0.000000
v 0.199755 0.973792 0.000000
v 0.370538 0.917962 0.073705
v 0.537937 0.826144 0.107002
v 0.684664 0.702578 0.136188
v 0.805080 0.552012 0.160140
v 0.894557 0.380232 0.177939
v 0.949657 0.193841 0.188899
v 0.974503 0.000000 0.193841
v 0.195917 0.973792 0.038970
v 0.349039 0.917962 0.144577
v 0.506726 0.826144 0.209893
v 0.644940 0.702578 0.267143
v 0.758369 0.552012 0.314127
v 0.842654 0.380232 0.349039
v 0.894557 0.193841 0.370538
v 0.917962 0.000000 0.380232
v 0.184550 0.973792 0.076443
v 0.314127 0.917962 0.209893
v 0.456041 0.826144 0.304717
v 0.580431 0.702578 0.387831
v 0.682514 0.552012 0.456041
v 0.758369 0.380232 0.506726
v 0.805080 0.193841 0.537937
v 0.826144 0.000000 0.552012
v 0.166090 0.973792 0.110978
v 0.267143 0.917962 0.267143
v 0.387831 0.826144 0.387831
v 0.493616 0.702578 0.493616
v 0.580430 0.552012 0.580430
v 0.644940 0.380232 0.644940
v 0.684664 0.193841 0.684664
v 0.702577 0.000000 0.702578
v 0.141248 0.973792 0.141248
v 0.209893 0.917962 0.314127
v 0.304717 0.826144 0.456041
v 0.387831 0.702578 0.580430
v 0.456041 0.552012 0.682514
v 0.506726 0.380232 0.758369
v 0.537937 0.193841 0.805080
v 0.552011 0.000000 0.826144
v 0.110978 0.973792 0.166090
v 0.144577 0.917962 0.349039
v 0.209893 0.826144 0.506726
v 0.267143 0.702578 0.644940
v 0.314127 0.552012 0.758369
v 0.349039 0.380232 0.842654
v 0.370538 0.193841 0.894557
v 0.380232 0.000000 0.917962
v 0.076443 0.973792 0.184550
v 0.073704 0.917962 0.370538
v 0.107002 0.826144 0.537937
v 0.136188 0.702578 0.684664
v 0.160140 0.552012 0.805080
v 0.177938 0.380232 0.894557
v 0.188898 0.193841 0.949657
v 0.193840 0.000000 0.974503
v 0.038970 0.973792 0.195917
v -0.000000 0.917962 0.377797
v -0.000000 0.826144 0.548476
v -0.000000 0.702578 0.698078
v -0.000000 0.552012 0.820853
v -0.000000 0.380232 0.912082
v -0.000000 0.193841 0.968262
v -0.000000 0.000000 0.993595
v -0.000000 0.973792 0.199755
v -0.073705 0.917962 0.370538
v -0.107002 0.826144 0.537937
v -0.136188 0.702578 0.684664
v -0.160140 0.552012 0.805080
v -0.177938 0.380232 0.894557
v -0.188899 0.193841 0.949657
v -0.193841 0.000000 0.974503
v -0.038970 0.973792 0.195917
v -0.144577 0.917962 0.349039
v -0.209893 0.826144 0.506726
v -0.267143 0.702578 0.644940
v -0.314127 0.552012 0.758369
v -0.349039 0.380232 0.842654
v -0.370538 0.193841 0.894557
v -0.380232 0.000000 0.917961
v -0.076443 0.973792 0.184550
v -0.209893 0.917962 0.314127
v -0.304717 0.826144 0.456041
v -0.387831 0.702578 0.580430
v -0.456041 0.552012 0.682514
v -0.506726 0.380232 0.758369
v -0.537937 0.193841 0.805080
v -0.552012 0.000000 0.826143
v -0.110978 0.973792 0.166090
v -0.267143 0.917962 0.267143
v -0.387831 0.826144 0.387831
v -0.493615 0.702578 0.493615
v -0.580430 0.552012 0.580430
v -0.644940 0.380232 0.644940
v -0.684664 0.193841 0.684664
v -0.702578 0.000000 0.702577
v -0.141248 0.973792 0.141248
v -0.314127 0.917962 0.209893
v -0.456041 0.826144 0.304717
v -0.580430 0.702578 0.387831
v -0.682514 0.552012 0.456041
v -0.758369 0.380232 0.506726
v -0.805080 0.193841 0.537937
v -0.826144 0.000000 0.552011
v -0.166090 0.973792 0.110978
v -0.349039 0.917962 0.144577
v -0.506726 0.826144 0.209893
v -0.644940 0.702578 0.267143
v -0.758369 0.552012 0.314126
v -0.842654 0.380232 0.349039
v -0.894557 0.193841 0.370537
v -0.917962 0.000000 0.380232
v -0.184550 0.973792 0.076443
v 0.000000 0.997577 0.000000
v -0.370538 0.917962 0.073704
v -0.537937 0.826144 0.107002
v -0.684664 0.702578 0.136188
v -0.805080 0.552012 0.160140
v -0.894557 0.380232 0.177938
v -0.949657 0.193841 0.188898
v -0.974503 0.000000 0.193840
v -0.195917 0.973792 0.038970
v -0.377797 0.917962 -0.000000
v -0.548476 0.826144 -0.000000
v -0.698078 0.702578 -0.000000
v -0.820852 0.552012 -0.000000
v -0.912082 0.380232 -0.000000
v -0.968261 0.193841 -0.000000
v -0.993594 0.000000 -0.000000
v -0.199755 0.973792 -0.000000
v -0.370538 0.917962 -0.073705
v -0.537937 0.826144 -0.107002
v -0.684664 0.702578 -0.136188
v -0.805080 0.552012 -0.160140
v -0.894557 0.380232 -0.177939
v -0.949656 0.193841 -0.188899
v -0.974503 0.000000 -0.193841
v -0.195917 0.973792 -0.038970
v -0.349039 0.917962 -0.144577
v -0.506726 0.826144 -0.209893
v -0.644940 0.702578 -0.267143
v -0.758369 0.552012 -0.314127
v -0.842654 0.380232 -0.349039
v -0.894557 0.193841 -0.370538
v -0.917961 0.000000 -0.380232
v -0.184550 0.973792 -0.076443
v -0.314127 0.917962 -0.209893
v -0.456041 0.826144 -0.304717
v -0.580430 0.702578 -0.387831
v -0.682514 0.552012 -0.456041
v -0.758369 0.380232 -0.506726
v -0.805080 0.193841 -0.537937
v -0.826143 0.000000 -0.552012
v -0.166090 0.973792 -0.110978
v -0.267143 0.917962 -0.267143
v -0.387831 0.826144 -0.387831
v -0.493615 0.702578 -0.493615
v -0.580430 0.552012 -0.580430
v -0.644939 0.380232 -0.644940
v -0.684664 0.193841 -0.684664
v -0.702577 0.000000 -0.702577
v -0.141248 0.973792 -0.141248
v -0.209893 0.917962 -0.314127
v -0.304717 0.826144 -0.456041
v -0.387831 0.702578 -0.580430
v -0.456041 0.552012 -0.682514
v -0.506726 0.380232 -0.758369
v -0.537937 0.193841 -0.805080
v -0.552011 0.000000 -0.826144
v -0.110978 0.973792 -0.166090
v -0.144577 0.917962 -0.349039
v -0.209892 0.826144 -0.506726
v -0.267143 0.702578 -0.644940
v -0.314126 0.552012 -0.758369
v -0.349039 0.380232 -0.842654
v -0.370537 0.193841 -0.894557
v -0.380232 0.000000 -0.917961
v -0.076443 0.973792 -0.184550
v -0.073704 0.917962 -0.370538
v -0.107002 0.826144 -0.537937
v -0.136188 0.702578 -0.684664
v -0.160140 0.552012 -0.805080
v -0.177938 0.380232 -0.894557
v -0.188898 0.193841 -0.949656
v -0.193840 0.000000 -0.974503
v -0.038970 0.973792 -0.195917
v 0.000000 0.917962 -0.377797
v 0.000000 0.826144 -0.548476
v 0.000000 0.702578 -0.698078
v 0.000000 0.000000 -0.993594
v 0.000000 0.973792 -0.199755
v 0.090790 0.876269 -0.456434
v 0.122183 0.768056 -0.614256
v 0.148881 0.630328 -0.748474
v 0.169857 0.468376 -0.853927
v 0.184305 0.288424 -0.926565
v 0.191826 0.097389 -0.964376
v 0.000000 0.288424 -0.944718
v 0.000000 0.468376 -0.870657
v 0.056083 0.950719 -0.281948
v 0.089399 0.380232 -0.907687
v 0.080457 0.552012 -0.816897
v 0.094906 0.193841 -0.963596
v 0.178092 0.876269 -0.429951
v 0.239671 0.768056 -0.578617
v 0.292040 0.630328 -0.705047
v 0.333186 0.468376 -0.804382
v 0.361528 0.288424 -0.872805
v 0.376281 0.097389 -0.908422
v 0.110011 0.950719 -0.265589
v 0.238280 0.552012 -0.785504
v 0.202641 0.702578 -0.668016
v 0.264763 0.380232 -0.872805
v 0.281071 0.193841 -0.926565
v 0.288424 0.000000 -0.950808
v 0.058513 0.973614 -0.192890
v 0.159214 0.826144 -0.524857
v 0.109668 0.917962 -0.361528
v 0.258549 0.876269 -0.386946
v 0.347948 0.768056 -0.520741
v 0.423976 0.630328 -0.634525
v 0.483711 0.468376 -0.723925
v 0.524857 0.288424 -0.785504
v 0.546275 0.097389 -0.817558
v 0.159711 0.950719 -0.239024
v 0.468376 0.000000 -0.876269
v 0.456434 0.193841 -0.853927
v 0.095019 0.973614 -0.177769
v 0.178092 0.917962 -0.333186
v 0.258549 0.826144 -0.483711
v 0.329070 0.702578 -0.615647
v 0.386946 0.552012 -0.723925
v 0.429951 0.380232 -0.804382
v 0.329070 0.876269 -0.329070
v 0.442854 0.768056 -0.442854
v 0.539619 0.630328 -0.539619
v 0.615647 0.468376 -0.615647
v 0.668016 0.288424 -0.668016
v 0.695276 0.097389 -0.695276
v 0.203273 0.950719 -0.203273
v 0.442854 0.702578 -0.539619
v 0.347948 0.826144 -0.423976
v 0.520741 0.552012 -0.634525
v 0.578617 0.380232 -0.705047
v 0.614257 0.193841 -0.748474
v 0.630328 0.000000 -0.768056
v 0.127874 0.973614 -0.155815
v 0.239671 0.917962 -0.292040
v 0.386946 0.876269 -0.258549
v 0.520741 0.768056 -0.347948
v 0.634525 0.630328 -0.423976
v 0.723925 0.468376 -0.483711
v 0.785504 0.288424 -0.524857
v 0.817558 0.097389 -0.546275
v 0.239024 0.950719 -0.159711
v 0.768056 0.000000 -0.630327
v 0.748474 0.193841 -0.614256
v 0.155815 0.973614 -0.127874
v 0.292040 0.917962 -0.239671
v 0.423976 0.826144 -0.347948
v 0.539620 0.702578 -0.442854
v 0.634525 0.552012 -0.520741
v 0.705047 0.380232 -0.578617
v 0.429951 0.876269 -0.178092
v 0.578617 0.768056 -0.239671
v 0.705047 0.630328 -0.292040
v 0.804382 0.468376 -0.333186
v 0.872805 0.288424 -0.361528
v 0.908422 0.097389 -0.376281
v 0.265589 0.950719 -0.110011
v 0.723925 0.552012 -0.386946
v 0.615647 0.702578 -0.329070
v 0.804382 0.380232 -0.429951
v 0.853927 0.193841 -0.456434
v 0.876269 0.000000 -0.468375
v 0.177769 0.973614 -0.095019
v 0.333186 0.917962 -0.178092
v 0.483711 0.826144 -0.258549
v 0.456434 0.876269 -0.090790
v 0.614256 0.768056 -0.122183
v 0.748474 0.630328 -0.148881
v 0.853927 0.468376 -0.169857
v 0.926565 0.288424 -0.184305
v 0.964376 0.097389 -0.191826
v 0.281948 0.950719 -0.056083
v 0.950807 0.000000 -0.288424
v 0.192890 0.973614 -0.058513
v 0.361528 0.917962 -0.109668
v 0.524857 0.826144 -0.159214
v 0.668016 0.702578 -0.202641
v 0.785504 0.552012 -0.238280
v 0.872805 0.380232 -0.264763
v 0.926565 0.193841 -0.281070
v 0.465376 0.876269 0.000000
v 0.626290 0.768056 0.000000
v 0.763137 0.630328 0.000000
v 0.870657 0.468376 0.000000
v 0.944718 0.288424 0.000000
v 0.983269 0.097389 0.000000
v 0.287471 0.950719 0.000000
v 0.816897 0.552012 -0.080457
v 0.694714 0.702578 -0.068423
v 0.907687 0.380232 -0.089399
v 0.963596 0.193841 -0.094906
v 0.988807 0.000000 -0.097389
v 0.200599 0.973614 -0.019757
v 0.375976 0.917962 -0.037030
v 0.545833 0.826144 -0.053760
v 0.456434 0.876269 0.090790
v 0.614256 0.768056 0.122183
v 0.748474 0.630328 0.148881
v 0.853927 0.468376 0.169857
v 0.926565 0.288424 0.184305
v 0.964376 0.097389 0.191826
v 0.281948 0.950719 0.056083
v 0.988807 0.000000 0.097389
v 0.200599 0.973614 0.019757
v 0.375976 0.917962 0.037030
v 0.545833 0.826144 0.053760
v 0.694714 0.702578 0.068423
v 0.816897 0.552012 0.080457
v 0.907687 0.380232 0.089399
v 0.963596 0.193841 0.094906
v 0.429951 0.876269 0.178092
v 0.578617 0.768056 0.239671
v 0.705047 0.630328 0.292040
v 0.804382 0.468376 0.333186
v 0.872805 0.288424 0.361528
v 0.908422 0.097389 0.376281
v 0.265589 0.950719 0.110011
v 0.872805 0.380232 0.264763
v 0.785504 0.552012 0.238280
v 0.926565 0.193841 0.281071
v 0.950807 0.000000 0.288424
v 0.192890 0.973614 0.058513
v 0.361528 0.917962 0.109668
v 0.524857 0.826144 0.159214
v 0.668016 0.702578 0.202641
v 0.386946 0.876269 0.258549
v 0.520741 0.768056 0.347948
v 0.634525 0.630328 0.423976
v 0.723924 0.468376 0.483711
v 0.785504 0.288424 0.524857
v 0.817558 0.097389 0.546275
v 0.239024 0.950719 0.159711
v 0.333186 0.917962 0.178092
v 0.177769 0.973614 0.095019
v 0.483711 0.826144 0.258549
v 0.615647 0.702578 0.329070
v 0.723924 0.552012 0.386946
v 0.804382 0.380232 0.429951
v 0.853927 0.193841 0.456434
v 0.876269 0.000000 0.468376
v 0.329070 0.876269 0.329070
v 0.442854 0.768056 0.442854
v 0.539619 0.630328 0.539619
v 0.615647 0.468376 0.615647
v 0.668016 0.288424 0.668016
v 0.695276 0.097389 0.695276
v 0.203273 0.950719 0.203273
v 0.748473 0.193841 0.614256
v 0.705047 0.380232 0.578617
v 0.768056 0.000000 0.630328
v 0.155815 0.973614 0.127874
v 0.292040 0.917962 0.239671
v 0.423976 0.826144 0.347948
v 0.539619 0.702578 0.442854
v 0.634525 0.552012 0.520741
v 0.258549 0.876269 0.386946
v 0.347948 0.768056 0.520741
v 0.423976 0.630328 0.634525
v 0.483711 0.468376 0.723925
v 0.524857 0.288424 0.785504
v 0.546275 0.097389 0.817558
v 0.159711 0.950719 0.239024
v 0.347948 0.826144 0.423976
v 0.239671 0.917962 0.292040
v 0.442854 0.702578 0.539619
v 0.520741 0.552012 0.634525
v 0.578617 0.380232 0.705047
v 0.614256 0.193841 0.748474
v 0.630327 0.000000 0.768056
v 0.127874 0.973614 0.155815
v 0.178091 0.876269 0.429951
v 0.239671 0.768056 0.578617
v 0.292040 0.630328 0.705047
v 0.333186 0.468376 0.804382
v 0.361528 0.288424 0.872805
v 0.376280 0.097389 0.908422
v 0.110011 0.950719 0.265589
v 0.456433 0.193841 0.853927
v 0.429951 0.380232 0.804382
v 0.468375 0.000000 0.876269
v 0.095019 0.973614 0.177769
v 0.178091 0.917962 0.333186
v 0.258549 0.826144 0.483711
v 0.329070 0.702578 0.615647
v 0.386946 0.552012 0.723925
v 0.090790 0.876269 0.456434
v 0.122183 0.768056 0.614256
v 0.148881 0.630328 0.748473
v 0.169857 0.468376 0.853927
v 0.184305 0.288424 0.926565
v 0.191826 0.097389 0.964375
v 0.056083 0.950719 0.281948
v 0.202640 0.702578 0.668016
v 0.159214 0.826144 0.524857
v 0.238280 0.552012 0.785504
v 0.264763 0.380232 0.872805
v 0.281070 0.193841 0.926565
v 0.288424 0.000000 0.950807
v 0.058513 0.973614 0.192890
v 0.109668 0.917962 0.361528
v -0.000000 0.876269 0.465376
v -0.000000 0.768056 0.626290
v -0.000000 0.630328 0.763137
v -0.000000 0.468376 0.870657
v -0.000000 0.288424 0.944717
v -0.000000 0.097389 0.983269
v -0.000000 0.950719 0.287471
v 0.097389 0.000000 0.988806
v 0.094906 0.193841 0.963595
v 0.019757 0.973614 0.200599
v 0.037030 0.917962 0.375976
v 0.053760 0.826144 0.545833
v 0.068423 0.702578 0.694714
v 0.080457 0.552012 0.816897
v 0.089399 0.380232 0.907687
v -0.090790 0.876269 0.456434
v -0.122183 0.768056 0.614256
v -0.148881 0.630328 0.748473
v -0.169857 0.468376 0.853927
v -0.184305 0.288424 0.926565
v -0.191826 0.097389 0.964375
v -0.056083 0.950719 0.281948
v -0.068423 0.702578 0.694714
v -0.053760 0.826144 0.545833
v -0.080457 0.552012 0.816897
v -0.089399 0.380232 0.907687
v -0.094906 0.193841 0.963595
v -0.097389 0.000000 0.988806
v -0.019757 0.973614 0.200599
v -0.037030 0.917962 0.375976
v -0.178092 0.876269 0.429951
v -0.239671 0.768056 0.578617
v -0.292040 0.630328 0.705047
v -0.333186 0.468376 0.804382
v -0.361528 0.288424 0.872805
v -0.376281 0.097389 0.908422
v -0.110011 0.950719 0.265589
v -0.288424 0.000000 0.950807
v -0.281071 0.193841 0.926565
v -0.058513 0.973614 0.192890
v -0.109668 0.917962 0.361528
v -0.159214 0.826144 0.524857
v -0.202641 0.702578 0.668016
v -0.238280 0.552012 0.785504
v -0.264763 0.380232 0.872805
v -0.258549 0.876269 0.386946
v -0.347948 0.768056 0.520741
v -0.423976 0.630328 0.634525
v -0.483711 0.468376 0.723924
v -0.524857 0.288424 0.785504
v -0.546275 0.097389 0.817558
v -0.159711 0.950719 0.239024
v -0.386946 0.552012 0.723924
v -0.329070 0.702578 0.615647
v -0.429951 0.380232 0.804382
v -0.456434 0.193841 0.853927
v -0.468376 0.000000 0.876269
v -0.095019 0.973614 0.177768
v -0.178092 0.917962 0.333186
v -0.258549 0.826144 0.483711
v -0.329070 0.876269 0.329070
v -0.442854 0.768056 0.442854
v -0.539619 0.630328 0.539619
v -0.615647 0.468376 0.615647
v -0.668016 0.288424 0.668016
v -0.695276 0.097389 0.695276
v -0.203273 0.950719 0.203273
v -0.630327 0.000000 0.768056
v -0.127874 0.973614 0.155815
v -0.239671 0.917962 0.292040
v -0.347948 0.826144 0.423976
v -0.442854 0.702578 0.539619
v -0.520741 0.552012 0.634525
v -0.578617 0.380232 0.705046
v -0.614256 0.193841 0.748473
v -0.386946 0.876269 0.258549
v -0.520741 0.768056 0.347948
v -0.634525 0.630328 0.423976
v -0.723924 0.468376 0.483711
v -0.785504 0.288424 0.524857
v -0.817558 0.097389 0.546274
v -0.239024 0.950719 0.159711
v -0.705047 0.380232 0.578617
v -0.634525 0.552012 0.520741
v -0.748473 0.193841 0.614256
v -0.768056 0.000000 0.630327
v -0.155815 0.973614 0.127874
v -0.292040 0.917962 0.239671
v -0.423976 0.826144 0.347948
v -0.539619 0.702578 0.442854
v -0.109146 0.987361 0.045210
v -0.429951 0.876269 0.178091
v -0.578617 0.768056 0.239671
v -0.705047 0.630328 0.292040
v -0.804382 0.468376 0.333186
v -0.872805 0.288424 0.361528
v -0.908422 0.097389 0.376280
v -0.265589 0.950719 0.110010
v -0.177768 0.973614 0.095019
v -0.333186 0.917962 0.178091
v -0.483711 0.826144 0.258549
v -0.615647 0.702578 0.329070
v -0.723924 0.552012 0.386946
v -0.804382 0.380232 0.429951
v -0.853927 0.193841 0.456433
v -0.876269 0.000000 0.468375
v -0.456433 0.876269 0.090790
v -0.614256 0.768056 0.122183
v -0.748473 0.630328 0.148881
v -0.853927 0.468376 0.169857
v -0.926565 0.288424 0.184305
v -0.964375 0.097389 0.191826
v -0.281948 0.950719 0.056083
v -0.872805 0.380232 0.264762
v -0.785504 0.552012 0.238280
v -0.926565 0.193841 0.281070
v -0.950807 0.000000 0.288424
v -0.192890 0.973614 0.058513
v -0.361528 0.917962 0.109668
v -0.524857 0.826144 0.159213
v -0.668016 0.702578 0.202640
v -0.465376 0.876269 -0.000000
v -0.626290 0.768057 -0.000000
v -0.763137 0.630328 -0.000000
v -0.870656 0.468376 -0.000000
v -0.944717 0.288424 -0.000000
v -0.983268 0.097389 -0.000000
v -0.287471 0.950719 -0.000000
v -0.545833 0.826144 0.053760
v -0.375976 0.917962 0.037030
v -0.694714 0.702578 0.068423
v -0.816897 0.552012 0.080457
v -0.907687 0.380232 0.089399
v -0.963595 0.193841 0.094906
v -0.988806 0.000000 0.097388
v -0.200599 0.973614 0.019757
v -0.456433 0.876269 -0.090790
v -0.614256 0.768056 -0.122183
v -0.748473 0.630328 -0.148881
v -0.853927 0.468376 -0.169857
v -0.926565 0.288424 -0.184305
v -0.964375 0.097389 -0.191826
v -0.281948 0.950719 -0.056083
v -0.963595 0.193841 -0.094906
v -0.907687 0.380232 -0.089399
v -0.988806 0.000000 -0.097389
v -0.200599 0.973614 -0.019757
v -0.375976 0.917962 -0.037030
v -0.545833 0.826144 -0.053760
v -0.694713 0.702578 -0.068423
v -0.816896 0.552012 -0.080457
v -0.429951 0.876269 -0.178092
v -0.578617 0.768056 -0.239671
v -0.705047 0.630328 -0.292040
v -0.804382 0.468376 -0.333186
v -0.872805 0.288424 -0.361528
v -0.908421 0.097389 -0.376281
v -0.265589 0.950719 -0.110011
v -0.524857 0.826144 -0.159214
v -0.361528 0.917962 -0.109668
v -0.668016 0.702578 -0.202641
v -0.785504 0.552012 -0.238280
v -0.872805 0.380232 -0.264763
v -0.926565 0.193841 -0.281071
v -0.950807 0.000000 -0.288424
v -0.192890 0.973614 -0.058513
v -0.386945 0.876269 -0.258549
v -0.520741 0.768056 -0.347948
v -0.634525 0.630328 -0.423976
v -0.723924 0.468376 -0.483711
v -0.785504 0.288424 -0.524857
v -0.817558 0.097389 -0.546275
v -0.239024 0.950719 -0.159711
v -0.853927 0.193841 -0.456434
v -0.804382 0.380232 -0.429951
v -0.876268 0.000000 -0.468376
v -0.177768 0.973614 -0.095019
v -0.333186 0.917962 -0.178092
v -0.483711 0.826144 -0.258549
v -0.615647 0.702578 -0.329070
v -0.723924 0.552012 -0.386946
v -0.329070 0.876269 -0.329070
v -0.442854 0.768056 -0.442854
v -0.539619 0.630328 -0.539619
v -0.615647 0.468376 -0.615647
v -0.668016 0.288424 -0.668016
v -0.695275 0.097389 -0.695276
v -0.203273 0.950719 -0.203273
v -0.539619 0.702578 -0.442854
v -0.423976 0.826144 -0.347948
v -0.634525 0.552012 -0.520741
v -0.705046 0.380232 -0.578617
v -0.748473 0.193841 -0.614256
v -0.768055 0.000000 -0.630327
v -0.155815 0.973614 -0.127874
v -0.292040 0.917962 -0.239671
v -0.258549 0.876269 -0.386946
v -0.347948 0.768056 -0.520741
v -0.423976 0.630328 -0.634525
v -0.483711 0.468376 -0.723924
v -0.524857 0.288424 -0.785504
v -0.546274 0.097389 -0.817558
v -0.159710 0.950719 -0.239024
v -0.630327 0.000000 -0.768056
v -0.614256 0.193841 -0.748473
v -0.127874 0.973614 -0.155815
v -0.239671 0.917962 -0.292040
v -0.347948 0.826144 -0.423976
v -0.442854 0.702578 -0.539619
v -0.520741 0.552012 -0.634525
v -0.578617 0.380232 -0.705047
v -0.178091 0.876269 -0.429951
v -0.239671 0.768056 -0.578617
v -0.292040 0.630328 -0.705046
v -0.333186 0.468376 -0.804382
v -0.361528 0.288424 -0.872805
v -0.376280 0.097389 -0.908422
v -0.110010 0.950719 -0.265589
v -0.386945 0.552012 -0.723924
v -0.329070 0.702578 -0.615647
v -0.429951 0.380232 -0.804382
v -0.456433 0.193841 -0.853927
v -0.468375 0.000000 -0.876269
v -0.095019 0.973614 -0.177768
v -0.178091 0.917962 -0.333186
v -0.258549 0.826144 -0.483711
v -0.090790 0.876269 -0.456433
v -0.122183 0.768056 -0.614256
v -0.148880 0.630328 -0.748473
v -0.169857 0.468376 -0.853927
v -0.184305 0.288424 -0.926565
v -0.191826 0.097389 -0.964375
v -0.056083 0.950719 -0.281948
v -0.288424 0.000000 -0.950807
v -0.058513 0.973614 -0.192890
v -0.109668 0.917962 -0.361528
v -0.159213 0.826144 -0.524857
v -0.202640 0.702578 -0.668016
v -0.238280 0.552012 -0.785504
v -0.264762 0.380232 -0.872805
v -0.281070 0.193841 -0.926565
v 0.000000 0.876269 -0.465375
v 0.000000 0.768056 -0.626290
v 0.000000 0.950719 -0.287471
v -0.068423 0.702578 -0.694713
v -0.097388 0.000000 -0.988806
v -0.019757 0.973614 -0.200599
v -0.037030 0.917962 -0.375976
v -0.053760 0.826144 -0.545833
v 0.023048 0.987361 -0.115869
v 0.000000 0.097389 -0.983269
v 0.000000 0.630328 -0.763137
v 0.000000 0.987361 -0.118139
v 0.068423 0.702578 -0.694714
v 0.053760 0.826144 -0.545833
v 0.037030 0.917962 -0.375976
v 0.019757 0.973614 -0.200599
v 0.097389 0.000000 -0.988806
v 0.045210 0.987361 -0.109146
v 0.065634 0.987361 -0.098229
v 0.083537 0.987361 -0.083537
v 0.098229 0.987361 -0.065634
v 0.109146 0.987361 -0.045210
v 0.115869 0.987361 -0.023048
v 0.118139 0.987361 0.000000
v 0.115869 0.987361 0.023048
v 0.109146 0.987361 0.045210
v 0.098229 0.987361 0.065634
v 0.083537 0.987361 0.083537
v 0.065634 0.987361 0.098229
v 0.045210 0.987361 0.109146
v 0.023048 0.987361 0.115869
v -0.000000 0.987361 0.118139
v -0.023048 0.987361 0.115869
v -0.045210 0.987361 0.109146
v -0.065634 0.987361 0.098229
v -0.083537 0.987361 0.083537
v -0.098229 0.987361 0.065634
v -0.115869 0.987361 0.023048
v -0.118139 0.987361 -0.000000
v -0.115869 0.987361 -0.023048
v -0.109146 0.987361 -0.045210
v -0.098229 0.987361 -0.065634
v -0.083537 0.987361 -0.083537
v -0.065634 0.987361 -0.098229
v -0.045210 0.987361 -0.109146
v -0.023048 0.987361 -0.115869
v -0.080457 0.552012 -0.816897
v -0.089399 0.380232 -0.907687
v -0.094906 0.193841 -0.963595
v 0.085339 0.468376 -0.866461
v 0.074800 0.630328 -0.759459
v 0.061387 0.768056 -0.623272
v 0.045615 0.876269 -0.463133
v 0.028199 0.950696 -0.286312
v 0.013329 0.985270 -0.135336
v 0.096377 0.097389 -0.978530
v 0.092598 0.288424 -0.940165
v 0.221526 0.630328 -0.730274
v 0.252737 0.468376 -0.833163
v 0.274236 0.288424 -0.904035
v 0.285427 0.097389 -0.940926
v 0.039476 0.985270 -0.130136
v 0.135091 0.876269 -0.445335
v 0.083514 0.950696 -0.275309
v 0.181802 0.768056 -0.599320
v 0.463508 0.097389 -0.867163
v 0.064106 0.985270 -0.119934
v 0.135620 0.950696 -0.253726
v 0.219376 0.876269 -0.410423
v 0.295230 0.768056 -0.552337
v 0.359739 0.630328 -0.673024
v 0.410423 0.468376 -0.767848
v 0.445335 0.288424 -0.833163
v 0.397313 0.768056 -0.484127
v 0.484127 0.630328 -0.589911
v 0.552337 0.468376 -0.673024
v 0.599320 0.288424 -0.730274
v 0.623777 0.097389 -0.760074
v 0.086272 0.985270 -0.105123
v 0.182513 0.950696 -0.222393
v 0.295230 0.876269 -0.359739
v 0.760074 0.097389 -0.623777
v 0.105123 0.985270 -0.086272
v 0.222393 0.950696 -0.182513
v 0.359739 0.876269 -0.295230
v 0.484127 0.768056 -0.397313
v 0.589911 0.630328 -0.484127
v 0.673024 0.468376 -0.552337
v 0.730274 0.288424 -0.599320
v 0.673024 0.630328 -0.359739
v 0.767848 0.468376 -0.410423
v 0.833163 0.288424 -0.445335
v 0.867163 0.097389 -0.463508
v 0.119934 0.985270 -0.064106
v 0.253726 0.950696 -0.135620
v 0.410423 0.876269 -0.219376
v 0.552337 0.768056 -0.295230
v 0.130136 0.985270 -0.039476
v 0.275309 0.950696 -0.083514
v 0.445335 0.876269 -0.135091
v 0.599320 0.768056 -0.181802
v 0.730274 0.630328 -0.221526
v 0.833163 0.468376 -0.252737
v 0.904035 0.288424 -0.274236
v 0.940926 0.097389 -0.285427
v 0.759459 0.630328 -0.074800
v 0.866461 0.468376 -0.085339
v 0.940165 0.288424 -0.092598
v 0.978530 0.097389 -0.096377
v 0.135336 0.985270 -0.013329
v 0.286312 0.950696 -0.028199
v 0.463133 0.876269 -0.045615
v 0.623272 0.768056 -0.061387
v 0.135336 0.985270 0.013329
v 0.286312 0.950696 0.028199
v 0.463133 0.876269 0.045615
v 0.623272 0.768056 0.061387
v 0.759459 0.630328 0.074800
v 0.866461 0.468376 0.085339
v 0.940165 0.288424 0.092598
v 0.978530 0.097389 0.096377
v 0.833163 0.468376 0.252737
v 0.904035 0.288424 0.274236
v 0.940926 0.097389 0.285427
v 0.130136 0.985270 0.039476
v 0.275309 0.950696 0.083514
v 0.445335 0.876269 0.135091
v 0.599320 0.768056 0.181802
v 0.730274 0.630328 0.221526
v 0.253726 0.950696 0.135620
v 0.410423 0.876269 0.219376
v 0.552337 0.768056 0.295230
v 0.673024 0.630328 0.359739
v 0.767848 0.468376 0.410423
v 0.833163 0.288424 0.445335
v 0.867162 0.097389 0.463508
v 0.119934 0.985270 0.064106
v 0.730274 0.288424 0.599320
v 0.760074 0.097389 0.623777
v 0.105123 0.985270 0.086272
v 0.222393 0.950696 0.182513
v 0.359739 0.876269 0.295230
v 0.484127 0.768056 0.397313
v 0.589910 0.630328 0.484127
v 0.673024 0.468376 0.552337
v 0.295230 0.876269 0.359739
v 0.397313 0.768056 0.484127
v 0.484127 0.630328 0.589911
v 0.552337 0.468376 0.673024
v 0.599320 0.288424 0.730274
v 0.623777 0.097389 0.760074
v 0.086272 0.985270 0.105123
v 0.182513 0.950696 0.222393
v 0.445335 0.288424 0.833163
v 0.463508 0.097389 0.867162
v 0.064106 0.985270 0.119934
v 0.135620 0.950696 0.253726
v 0.219376 0.876269 0.410423
v 0.295230 0.768056 0.552336
v 0.359739 0.630328 0.673024
v 0.410423 0.468376 0.767848
v 0.181802 0.768056 0.599320
v 0.221526 0.630328 0.730274
v 0.252737 0.468376 0.833163
v 0.274236 0.288424 0.904035
v 0.285426 0.097389 0.940926
v 0.039476 0.985270 0.130136
v 0.083514 0.950696 0.275309
v 0.135091 0.876269 0.445335
v 0.096377 0.097389 0.978530
v 0.013329 0.985270 0.135336
v 0.028199 0.950696 0.286312
v 0.045615 0.876269 0.463133
v 0.061387 0.768056 0.623272
v 0.074800 0.630328 0.759459
v 0.085339 0.468376 0.866461
v 0.092598 0.288424 0.940165
v -0.061387 0.768056 0.623272
v -0.074800 0.630328 0.759459
v -0.085339 0.468376 0.866461
v -0.092598 0.288424 0.940165
v -0.096377 0.097389 0.978530
v -0.013329 0.985270 0.135336
v -0.028199 0.950696 0.286312
v -0.045615 0.876269 0.463133
v -0.285427 0.097389 0.940926
v -0.039476 0.985270 0.130136
v -0.083514 0.950696 0.275309
v -0.135091 0.876269 0.445335
v -0.181802 0.768056 0.599320
v -0.221526 0.630328 0.730274
v -0.252737 0.468376 0.833163
v -0.274236 0.288424 0.904035
v -0.359739 0.630328 0.673024
v -0.410423 0.468376 0.767847
v -0.445335 0.288424 0.833163
v -0.463508 0.097389 0.867162
v -0.064106 0.985270 0.119934
v -0.135620 0.950696 0.253726
v -0.219376 0.876269 0.410423
v -0.295230 0.768056 0.552336
v -0.086272 0.985270 0.105123
v -0.182513 0.950696 0.222393
v -0.295230 0.876269 0.359739
v -0.397313 0.768056 0.484127
v -0.484127 0.630328 0.589910
v -0.552336 0.468376 0.673024
v -0.599320 0.288424 0.730273
v -0.623777 0.097389 0.760074
v -0.673024 0.468376 0.552336
v -0.730274 0.288424 0.599320
v -0.760074 0.097389 0.623776
v -0.105123 0.985270 0.086272
v -0.222393 0.950696 0.182513
v -0.359739 0.876269 0.295230
v -0.484127 0.768056 0.397313
v -0.589911 0.630328 0.484127
v -0.119934 0.985270 0.064106
v -0.253726 0.950696 0.135619
v -0.410423 0.876269 0.219376
v -0.552336 0.768056 0.295230
v -0.673024 0.630328 0.359739
v -0.767847 0.468376 0.410423
v -0.833163 0.288424 0.445335
v -0.867162 0.097389 0.463507
v -0.833163 0.468376 0.252737
v -0.904035 0.288424 0.274236
v -0.940926 0.097389 0.285426
v -0.130136 0.985270 0.039476
v -0.275309 0.950696 0.083514
v -0.445335 0.876269 0.135091
v -0.599320 0.768056 0.181802
v -0.730273 0.630328 0.221526
v -0.463133 0.876269 0.045615
v -0.623272 0.768057 0.061387
v -0.759459 0.630328 0.074800
v -0.866461 0.468376 0.085339
v -0.940165 0.288424 0.092598
v -0.978530 0.097389 0.096376
v -0.135336 0.985270 0.013329
v -0.286312 0.950696 0.028199
v -0.940165 0.288424 -0.092598
v -0.978530 0.097389 -0.096377
v -0.135336 0.985270 -0.013329
v -0.286312 0.950696 -0.028199
v -0.463133 0.876269 -0.045615
v -0.623272 0.768056 -0.061387
v -0.759459 0.630328 -0.074800
v -0.866461 0.468376 -0.085339
v -0.445335 0.876269 -0.135091
v -0.599320 0.768056 -0.181802
v -0.730273 0.630328 -0.221526
v -0.833163 0.468376 -0.252737
v -0.904034 0.288424 -0.274236
v -0.940925 0.097389 -0.285427
v -0.130136 0.985270 -0.039476
v -0.275309 0.950696 -0.083514
v -0.833163 0.288424 -0.445335
v -0.867162 0.097389 -0.463508
v -0.119934 0.985270 -0.064106
v -0.253726 0.950696 -0.135619
v -0.410423 0.876269 -0.219376
v -0.552336 0.768056 -0.295230
v -0.673024 0.630328 -0.359739
v -0.767847 0.468376 -0.410423
v -0.484127 0.768056 -0.397313
v -0.589910 0.630328 -0.484127
v -0.673024 0.468376 -0.552336
v -0.730273 0.288424 -0.599320
v -0.760073 0.097389 -0.623777
v -0.105123 0.985270 -0.086272
v -0.222393 0.950696 -0.182513
v -0.359739 0.876269 -0.295230
v -0.623776 0.097389 -0.760074
v -0.086272 0.985270 -0.105123
v -0.182513 0.950696 -0.222393
v -0.295230 0.876269 -0.359739
v -0.397313 0.768056 -0.484127
v -0.484127 0.630328 -0.589910
v -0.552336 0.468376 -0.673024
v -0.599320 0.288424 -0.730273
v -0.359739 0.630328 -0.673024
v -0.410423 0.468376 -0.767847
v -0.445335 0.288424 -0.833163
v -0.463507 0.097389 -0.867162
v -0.064106 0.985270 -0.119934
v -0.135619 0.950696 -0.253726
v -0.219375 0.876269 -0.410423
v -0.295230 0.768056 -0.552336
v -0.039476 0.985270 -0.130135
v -0.083514 0.950696 -0.275309
v -0.135091 0.876269 -0.445335
v -0.181802 0.768056 -0.599320
v -0.221526 0.630328 -0.730273
v -0.252737 0.468376 -0.833163
v -0.274236 0.288424 -0.904034
v -0.285426 0.097389 -0.940925
v -0.074800 0.630328 -0.759459
v -0.085339 0.468376 -0.866461
v -0.092598 0.288424 -0.940165
v -0.096376 0.097389 -0.978530
v -0.013329 0.985270 -0.135336
v -0.028199 0.950696 -0.286312
v -0.045614 0.876269 -0.463133
v -0.061387 0.768056 -0.623272
vn 0.0445 0.4249 -0.9041
vn 0.0422 0.5112 -0.8584
vn 0.1261 0.5112 -0.8502
vn 0.1328 0.4249 -0.8954
vn 0.0395 0.5928 -0.8044
vn 0.0365 0.6687 -0.7426
vn 0.1091 0.6687 -0.7355
vn 0.1181 0.5928 -0.7966
vn 0.0331 0.7384 -0.6735
vn 0.0294 0.8010 -0.5979
vn 0.0878 0.8010 -0.5922
vn 0.0989 0.7384 -0.6670
vn 0.0254 0.8560 -0.5163
vn 0.0211 0.9027 -0.4297
vn 0.0631 0.9027 -0.4256
vn 0.0758 0.8560 -0.5114
vn 0.0159 0.9399 -0.3412
vn 0.0057 0.9666 -0.2561
vn 0.0443 0.9666 -0.2523
vn 0.0510 0.9399 -0.3377
vn -0.0253 0.9851 -0.1703
vn 0.0088 0.9959 -0.0897
vn 0.0580 0.9851 -0.1621
vn 0.0488 0.1053 -0.9932
vn 0.0485 0.1536 -0.9869
vn 0.1450 0.1536 -0.9775
vn 0.1459 0.1053 -0.9837
vn 0.0477 0.2413 -0.9693
vn 0.0463 0.3346 -0.9412
vn 0.1382 0.3346 -0.9322
vn 0.1424 0.2413 -0.9600
vn 0.1957 0.5928 -0.7812
vn 0.1807 0.6687 -0.7212
vn 0.2505 0.6687 -0.7001
vn 0.2713 0.5928 -0.7583
vn 0.2200 0.4249 -0.8781
vn 0.2089 0.5112 -0.8337
vn 0.2895 0.5112 -0.8092
vn 0.3049 0.4249 -0.8523
vn 0.2358 0.2413 -0.9414
vn 0.2290 0.3346 -0.9141
vn 0.3174 0.3346 -0.8873
vn 0.3269 0.2413 -0.9137
vn 0.2417 0.1053 -0.9646
vn 0.2401 0.1536 -0.9585
vn 0.3329 0.1536 -0.9304
vn 0.3350 0.1053 -0.9363
vn 0.0084 0.9851 -0.1720
vn 0.0262 0.9959 -0.0862
vn 0.0885 0.9851 -0.1476
vn 0.1256 0.8560 -0.5015
vn 0.1046 0.9027 -0.4174
vn 0.1449 0.9027 -0.4051
vn 0.1741 0.8560 -0.4867
vn 0.0822 0.9399 -0.3315
vn 0.0556 0.9666 -0.2500
vn 0.0927 0.9666 -0.2388
vn 0.1159 0.9399 -0.3213
vn 0.1639 0.7384 -0.6541
vn 0.1455 0.8010 -0.5807
vn 0.2017 0.8010 -0.5637
vn 0.2272 0.7384 -0.6349
vn 0.4252 0.1053 -0.8989
vn 0.4225 0.1536 -0.8933
vn 0.5080 0.1536 -0.8476
vn 0.5112 0.1053 -0.8530
vn 0.0418 0.9851 -0.1670
vn 0.0425 0.9959 -0.0795
vn 0.1156 0.9851 -0.1275
vn 0.1453 0.9399 -0.3091
vn 0.1033 0.9666 -0.2344
vn 0.1375 0.9666 -0.2161
vn 0.1763 0.9399 -0.2925
vn 0.2210 0.8560 -0.4673
vn 0.1840 0.9027 -0.3889
vn 0.2212 0.9027 -0.3691
vn 0.2658 0.8560 -0.4434
vn 0.2883 0.7384 -0.6096
vn 0.2560 0.8010 -0.5412
vn 0.3078 0.8010 -0.5135
vn 0.3467 0.7384 -0.5784
vn 0.3444 0.5928 -0.7280
vn 0.3179 0.6687 -0.6721
vn 0.3822 0.6687 -0.6378
vn 0.4140 0.5928 -0.6908
vn 0.3871 0.4249 -0.8183
vn 0.3675 0.5112 -0.7769
vn 0.4418 0.5112 -0.7372
vn 0.4653 0.4249 -0.7765
vn 0.4150 0.2413 -0.8773
vn 0.4029 0.3346 -0.8519
vn 0.4844 0.3346 -0.8083
vn 0.4989 0.2413 -0.8324
vn 0.4017 0.7384 -0.5416
vn 0.3566 0.8010 -0.4808
vn 0.4020 0.8010 -0.4436
vn 0.4528 0.7384 -0.4997
vn 0.4798 0.5928 -0.6468
vn 0.4429 0.6687 -0.5972
vn 0.4993 0.6687 -0.5509
vn 0.5408 0.5928 -0.5967
vn 0.5393 0.4249 -0.7271
vn 0.5120 0.5112 -0.6903
vn 0.5772 0.5112 -0.6368
vn 0.6079 0.4249 -0.6708
vn 0.5781 0.2413 -0.7795
vn 0.5614 0.3346 -0.7569
vn 0.6328 0.3346 -0.6983
vn 0.6517 0.2413 -0.7191
vn 0.5924 0.1053 -0.7987
vn 0.5887 0.1536 -0.7937
vn 0.6636 0.1536 -0.7322
vn 0.6678 0.1053 -0.7369
vn 0.0736 0.9851 -0.1556
vn 0.0572 0.9959 -0.0697
vn 0.1383 0.9851 -0.1025
vn 0.2028 0.9399 -0.2749
vn 0.1470 0.9666 -0.2097
vn 0.1770 0.9666 -0.1851
vn 0.2300 0.9399 -0.2525
vn 0.3080 0.8560 -0.4152
vn 0.2563 0.9027 -0.3456
vn 0.2889 0.9027 -0.3188
vn 0.3472 0.8560 -0.3831
vn 0.7369 0.1053 -0.6678
vn 0.7322 0.1536 -0.6636
vn 0.7937 0.1536 -0.5887
vn 0.7987 0.1053 -0.5924
vn 0.1025 0.9851 -0.1383
vn 0.0697 0.9959 -0.0572
vn 0.1556 0.9851 -0.0736
vn 0.2525 0.9399 -0.2300
vn 0.1851 0.9666 -0.1770
vn 0.2097 0.9666 -0.1470
vn 0.2749 0.9399 -0.2028
vn 0.3831 0.8560 -0.3472
vn 0.3188 0.9027 -0.2889
vn 0.3456 0.9027 -0.2563
vn 0.4152 0.8560 -0.3080
vn 0.4997 0.7384 -0.4528
vn 0.4436 0.8010 -0.4020
vn 0.4808 0.8010 -0.3566
vn 0.5416 0.7384 -0.4017
vn 0.5967 0.5928 -0.5408
vn 0.5509 0.6687 -0.4993
vn 0.5972 0.6687 -0.4429
vn 0.6468 0.5928 -0.4798
vn 0.6708 0.4249 -0.6079
vn 0.6368 0.5112 -0.5772
vn 0.6903 0.5112 -0.5120
vn 0.7271 0.4249 -0.5393
vn 0.7191 0.2413 -0.6517
vn 0.6983 0.3346 -0.6328
vn 0.7569 0.3346 -0.5614
vn 0.7795 0.2413 -0.5781
vn 0.6908 0.5928 -0.4140
vn 0.6378 0.6687 -0.3822
vn 0.6721 0.6687 -0.3179
vn 0.7280 0.5928 -0.3444
vn 0.7765 0.4249 -0.4653
vn 0.7372 0.5112 -0.4418
vn 0.7769 0.5112 -0.3675
vn 0.8183 0.4249 -0.3871
vn 0.8324 0.2413 -0.4989
vn 0.8083 0.3346 -0.4844
vn 0.8519 0.3346 -0.4029
vn 0.8773 0.2413 -0.4150
vn 0.8530 0.1053 -0.5112
vn 0.8476 0.1536 -0.5080
vn 0.8933 0.1536 -0.4225
vn 0.8989 0.1053 -0.4252
vn 0.1275 0.9851 -0.1156
vn 0.0795 0.9959 -0.0425
vn 0.1670 0.9851 -0.0418
vn 0.2925 0.9399 -0.1763
vn 0.2161 0.9666 -0.1375
vn 0.2344 0.9666 -0.1033
vn 0.3091 0.9399 -0.1453
vn 0.4434 0.8560 -0.2658
vn 0.3691 0.9027 -0.2212
vn 0.3889 0.9027 -0.1840
vn 0.4673 0.8560 -0.2210
vn 0.5784 0.7384 -0.3467
vn 0.5135 0.8010 -0.3078
vn 0.5412 0.8010 -0.2560
vn 0.6096 0.7384 -0.2883
vn 0.1476 0.9851 -0.0885
vn 0.0862 0.9959 -0.0262
vn 0.1720 0.9851 -0.0084
vn 0.3213 0.9399 -0.1159
vn 0.2388 0.9666 -0.0927
vn 0.2500 0.9666 -0.0556
vn 0.3315 0.9399 -0.0822
vn 0.4867 0.8560 -0.1741
vn 0.4051 0.9027 -0.1449
vn 0.4174 0.9027 -0.1046
vn 0.5015 0.8560 -0.1256
vn 0.6349 0.7384 -0.2272
vn 0.5637 0.8010 -0.2017
vn 0.5807 0.8010 -0.1455
vn 0.6541 0.7384 -0.1639
vn 0.7583 0.5928 -0.2713
vn 0.7001 0.6687 -0.2505
vn 0.7212 0.6687 -0.1807
vn 0.7812 0.5928 -0.1957
vn 0.8523 0.4249 -0.3049
vn 0.8092 0.5112 -0.2895
vn 0.8337 0.5112 -0.2089
vn 0.8781 0.4249 -0.2200
vn 0.9137 0.2413 -0.3269
vn 0.8873 0.3346 -0.3174
vn 0.9141 0.3346 -0.2290
vn 0.9414 0.2413 -0.2358
vn 0.9363 0.1053 -0.3350
vn 0.9304 0.1536 -0.3329
vn 0.9585 0.1536 -0.2401
vn 0.9646 0.1053 -0.2417
vn 0.7966 0.5928 -0.1181
vn 0.7355 0.6687 -0.1091
vn 0.7426 0.6687 -0.0365
vn 0.8044 0.5928 -0.0395
vn 0.8954 0.4249 -0.1328
vn 0.8502 0.5112 -0.1261
vn 0.8584 0.5112 -0.0422
vn 0.9041 0.4249 -0.0445
vn 0.9600 0.2413 -0.1424
vn 0.9322 0.3346 -0.1382
vn 0.9412 0.3346 -0.0463
vn 0.9693 0.2413 -0.0477
vn 0.9837 0.1053 -0.1459
vn 0.9774 0.1536 -0.1450
vn 0.9869 0.1536 -0.0485
vn 0.9932 0.1053 -0.0488
vn 0.1621 0.9851 -0.0580
vn 0.0897 0.9959 -0.0088
vn 0.1703 0.9851 0.0253
vn 0.3377 0.9399 -0.0510
vn 0.2523 0.9666 -0.0443
vn 0.2561 0.9666 -0.0057
vn 0.3412 0.9399 -0.0159
vn 0.5114 0.8560 -0.0758
vn 0.4256 0.9027 -0.0631
vn 0.4297 0.9027 -0.0211
vn 0.5163 0.8560 -0.0254
vn 0.6670 0.7384 -0.0989
vn 0.5922 0.8010 -0.0878
vn 0.5979 0.8010 -0.0294
vn 0.6735 0.7384 -0.0331
vn 0.1703 0.9851 -0.0253
vn 0.0897 0.9959 0.0088
vn 0.1621 0.9851 0.0580
vn 0.3412 0.9399 0.0159
vn 0.2561 0.9666 0.0057
vn 0.2523 0.9666 0.0443
vn 0.3377 0.9399 0.0510
vn 0.5163 0.8560 0.0254
vn 0.4297 0.9027 0.0211
vn 0.4256 0.9027 0.0631
vn 0.5114 0.8560 0.0758
vn 0.6735 0.7384 0.0331
vn 0.5979 0.8010 0.0294
vn 0.5922 0.8010 0.0878
vn 0.6670 0.7384 0.0989
vn 0.8044 0.5928 0.0395
vn 0.7426 0.6687 0.0365
vn 0.7355 0.6687 0.1091
vn 0.7966 0.5928 0.1181
vn 0.9041 0.4249 0.0445
vn 0.8584 0.5112 0.0422
vn 0.8502 0.5112 0.1261
vn 0.8954 0.4249 0.1328
vn 0.9693 0.2413 0.0477
vn 0.9412 0.3346 0.0463
vn 0.9322 0.3346 0.1382
vn 0.9600 0.2413 0.1424
vn 0.9932 0.1053 0.0488
vn 0.9869 0.1536 0.0485
vn 0.9774 0.1536 0.1450
vn 0.9837 0.1053 0.1459
vn 0.8781 0.4249 0.2200
vn 0.8337 0.5112 0.2089
vn 0.8092 0.5112 0.2895
vn 0.8523 0.4249 0.3049
vn 0.9414 0.2413 0.2358
vn 0.9141 0.3346 0.2290
vn 0.8873 0.3346 0.3174
vn 0.9137 0.2413 0.3269
vn 0.9646 0.1053 0.2417
vn 0.9585 0.1536 0.2401
vn 0.9304 0.1536 0.3329
vn 0.9363 0.1053 0.3350
vn 0.1720 0.9851 0.0084
vn 0.0862 0.9959 0.0262
vn 0.1476 0.9851 0.0885
vn 0.3315 0.9399 0.0822
vn 0.2500 0.9666 0.0556
vn 0.2388 0.9666 0.0927
vn 0.3213 0.9399 0.1159
vn 0.5015 0.8560 0.1256
vn 0.4174 0.9027 0.1046
vn 0.4051 0.9027 0.1449
vn 0.4867 0.8560 0.1741
vn 0.6541 0.7384 0.1639
vn 0.5807 0.8010 0.1455
vn 0.5637 0.8010 0.2017
vn 0.6349 0.7384 0.2272
vn 0.7812 0.5928 0.1957
vn 0.7212 0.6687 0.1807
vn 0.7001 0.6687 0.2505
vn 0.7583 0.5928 0.2713
vn 0.3091 0.9399 0.1453
vn 0.2344 0.9666 0.1033
vn 0.2161 0.9666 0.1375
vn 0.2925 0.9399 0.1763
vn 0.4673 0.8560 0.2210
vn 0.3889 0.9027 0.1840
vn 0.3691 0.9027 0.2212
vn 0.4434 0.8560 0.2658
vn 0.6096 0.7384 0.2883
vn 0.5412 0.8010 0.2560
vn 0.5135 0.8010 0.3078
vn 0.5784 0.7384 0.3467
vn 0.7280 0.5928 0.3444
vn 0.6721 0.6687 0.3179
vn 0.6378 0.6687 0.3822
vn 0.6908 0.5928 0.4140
vn 0.8183 0.4249 0.3871
vn 0.7769 0.5112 0.3675
vn 0.7372 0.5112 0.4418
vn 0.7765 0.4249 0.4653
vn 0.8773 0.2413 0.4150
vn 0.8519 0.3346 0.4029
vn 0.8083 0.3346 0.4844
vn 0.8324 0.2413 0.4989
vn 0.8989 0.1053 0.4252
vn 0.8933 0.1536 0.4225
vn 0.8476 0.1536 0.5080
vn 0.8530 0.1053 0.5112
vn 0.1670 0.9851 0.0418
vn 0.0795 0.9959 0.0425
vn 0.1275 0.9851 0.1156
vn 0.7795 0.2413 0.5781
vn 0.7569 0.3346 0.5614
vn 0.6983 0.3346 0.6328
vn 0.7191 0.2413 0.6517
vn 0.7987 0.1053 0.5924
vn 0.7937 0.1536 0.5887
vn 0.7322 0.1536 0.6636
vn 0.7369 0.1053 0.6678
vn 0.1556 0.9851 0.0736
vn 0.0697 0.9959 0.0572
vn 0.1025 0.9851 0.1383
vn 0.2749 0.9399 0.2028
vn 0.2097 0.9666 0.1470
vn 0.1851 0.9666 0.1770
vn 0.2525 0.9399 0.2300
vn 0.4152 0.8560 0.3080
vn 0.3456 0.9027 0.2563
vn 0.3188 0.9027 0.2889
vn 0.3831 0.8560 0.3472
vn 0.5416 0.7384 0.4017
vn 0.4808 0.8010 0.3566
vn 0.4436 0.8010 0.4020
vn 0.4997 0.7384 0.4528
vn 0.6468 0.5928 0.4798
vn 0.5972 0.6687 0.4429
vn 0.5509 0.6687 0.4993
vn 0.5967 0.5928 0.5408
vn 0.7271 0.4249 0.5393
vn 0.6903 0.5112 0.5120
vn 0.6368 0.5112 0.5772
vn 0.6708 0.4249 0.6079
vn 0.3472 0.8560 0.3831
vn 0.2889 0.9027 0.3188
vn 0.2563 0.9027 0.3456
vn 0.3080 0.8560 0.4152
vn 0.4528 0.7384 0.4997
vn 0.4020 0.8010 0.4436
vn 0.3566 0.8010 0.4808
vn 0.4017 0.7384 0.5416
vn 0.5408 0.5928 0.5967
vn 0.4993 0.6687 0.5509
vn 0.4429 0.6687 0.5972
vn 0.4798 0.5928 0.6468
vn 0.6079 0.4249 0.6708
vn 0.5772 0.5112 0.6368
vn 0.5120 0.5112 0.6903
vn 0.5393 0.4249 0.7271
vn 0.6517 0.2413 0.7191
vn 0.6328 0.3346 0.6983
vn 0.5614 0.3346 0.7569
vn 0.5781 0.2413 0.7795
vn 0.6678 0.1053 0.7369
vn 0.6636 0.1536 0.7322
vn 0.5887 0.1536 0.7937
vn 0.5924 0.1053 0.7987
vn 0.1383 0.9851 0.1025
vn 0.0572 0.9959 0.0697
vn 0.0736 0.9851 0.1556
vn 0.2300 0.9399 0.2525
vn 0.1770 0.9666 0.1851
vn 0.1470 0.9666 0.2097
vn 0.2028 0.9399 0.2749
vn 0.4989 0.2413 0.8324
vn 0.4844 0.3346 0.8083
vn 0.4029 0.3346 0.8519
vn 0.4150 0.2413 0.8773
vn 0.5112 0.1053 0.8530
vn 0.5080 0.1536 0.8476
vn 0.4225 0.1536 0.8933
vn 0.4252 0.1053 0.8989
vn 0.1156 0.9851 0.1275
vn 0.0425 0.9959 0.0795
vn 0.0418 0.9851 0.1670
vn 0.1763 0.9399 0.2925
vn 0.1375 0.9666 0.2161
vn 0.1033 0.9666 0.2344
vn 0.1453 0.9399 0.3091
vn 0.2658 0.8560 0.4434
vn 0.2212 0.9027 0.3691
vn 0.1840 0.9027 0.3889
vn 0.2210 0.8560 0.4673
vn 0.3467 0.7384 0.5784
vn 0.3078 0.8010 0.5135
vn 0.2560 0.8010 0.5412
vn 0.2883 0.7384 0.6096
vn 0.4140 0.5928 0.6908
vn 0.3822 0.6687 0.6378
vn 0.3179 0.6687 0.6721
vn 0.3444 0.5928 0.7280
vn 0.4653 0.4249 0.7765
vn 0.4418 0.5112 0.7372
vn 0.3675 0.5112 0.7769
vn 0.3871 0.4249 0.8183
vn 0.2272 0.7384 0.6349
vn 0.2017 0.8010 0.5637
vn 0.1455 0.8010 0.5807
vn 0.1639 0.7384 0.6541
vn 0.2713 0.5928 0.7583
vn 0.2505 0.6687 0.7001
vn 0.1807 0.6687 0.7212
vn 0.1957 0.5928 0.7812
vn 0.3049 0.4249 0.8523
vn 0.2895 0.5112 0.8092
vn 0.2089 0.5112 0.8337
vn 0.2200 0.4249 0.8781
vn 0.3269 0.2413 0.9137
vn 0.3174 0.3346 0.8873
vn 0.2290 0.3346 0.9141
vn 0.2358 0.2413 0.9414
vn 0.3350 0.1053 0.9363
vn 0.3329 0.1536 0.9304
vn 0.2401 0.1536 0.9585
vn 0.2417 0.1053 0.9646
vn 0.0885 0.9851 0.1476
vn 0.0262 0.9959 0.0862
vn 0.0084 0.9851 0.1720
vn 0.1159 0.9399 0.3213
vn 0.0927 0.9666 0.2388
vn 0.0556 0.9666 0.2500
vn 0.0822 0.9399 0.3315
vn 0.1741 0.8560 0.4867
vn 0.1449 0.9027 0.4051
vn 0.1046 0.9027 0.4174
vn 0.1256 0.8560 0.5015
vn 0.1459 0.1053 0.9837
vn 0.1450 0.1536 0.9775
vn 0.0485 0.1536 0.9869
vn 0.0488 0.1053 0.9932
vn 0.0580 0.9851 0.1621
vn 0.0088 0.9959 0.0897
vn -0.0253 0.9851 0.1703
vn 0.0510 0.9399 0.3377
vn 0.0443 0.9666 0.2523
vn 0.0057 0.9666 0.2561
vn 0.0159 0.9399 0.3412
vn 0.0758 0.8560 0.5114
vn 0.0631 0.9027 0.4256
vn 0.0211 0.9027 0.4297
vn 0.0254 0.8560 0.5163
vn 0.0989 0.7384 0.6670
vn 0.0878 0.8010 0.5922
vn 0.0294 0.8010 0.5979
vn 0.0331 0.7384 0.6735
vn 0.1181 0.5928 0.7966
vn 0.1091 0.6687 0.7355
vn 0.0365 0.6687 0.7426
vn 0.0395 0.5928 0.8044
vn 0.1328 0.4249 0.8954
vn 0.1261 0.5112 0.8502
vn 0.0422 0.5112 0.8584
vn 0.0445 0.4249 0.9041
vn 0.1424 0.2413 0.9600
vn 0.1382 0.3346 0.9322
vn 0.0463 0.3346 0.9412
vn 0.0477 0.2413 0.9693
vn -0.0331 0.7384 0.6735
vn -0.0294 0.8010 0.5979
vn -0.0878 0.8010 0.5922
vn -0.0989 0.7384 0.6670
vn -0.0395 0.5928 0.8044
vn -0.0365 0.6687 0.7426
vn -0.1091 0.6687 0.7355
vn -0.1181 0.5928 0.7966
vn -0.0445 0.4249 0.9041
vn -0.0422 0.5112 0.8584
vn -0.1261 0.5112 0.8502
vn -0.1328 0.4249 0.8954
vn -0.0477 0.2413 0.9693
vn -0.0463 0.3346 0.9412
vn -0.1382 0.3346 0.9322
vn -0.1424 0.2413 0.9600
vn -0.0488 0.1053 0.9932
vn -0.0485 0.1536 0.9869
vn -0.1450 0.1536 0.9774
vn -0.1459 0.1053 0.9837
vn 0.0253 0.9851 0.1703
vn -0.0088 0.9959 0.0897
vn -0.0580 0.9851 0.1621
vn -0.0159 0.9399 0.3412
vn -0.0057 0.9666 0.2561
vn -0.0443 0.9666 0.2523
vn -0.0510 0.9399 0.3377
vn -0.0254 0.8560 0.5163
vn -0.0211 0.9027 0.4297
vn -0.0631 0.9027 0.4256
vn -0.0758 0.8560 0.5114
vn -0.2417 0.1053 0.9646
vn -0.2401 0.1536 0.9585
vn -0.3329 0.1536 0.9304
vn -0.3350 0.1053 0.9363
vn -0.0084 0.9851 0.1720
vn -0.0262 0.9959 0.0862
vn -0.0885 0.9851 0.1476
vn -0.0822 0.9399 0.3315
vn -0.0556 0.9666 0.2500
vn -0.0927 0.9666 0.2388
vn -0.1159 0.9399 0.3213
vn -0.1256 0.8560 0.5015
vn -0.1046 0.9027 0.4174
vn -0.1449 0.9027 0.4051
vn -0.1741 0.8560 0.4867
vn -0.1639 0.7384 0.6541
vn -0.1455 0.8010 0.5807
vn -0.2017 0.8010 0.5637
vn -0.2272 0.7384 0.6349
vn -0.1957 0.5928 0.7812
vn -0.1807 0.6687 0.7212
vn -0.2505 0.6687 0.7001
vn -0.2713 0.5928 0.7583
vn -0.2200 0.4249 0.8781
vn -0.2089 0.5112 0.8337
vn -0.2895 0.5112 0.8092
vn -0.3049 0.4249 0.8523
vn -0.2358 0.2413 0.9414
vn -0.2290 0.3346 0.9141
vn -0.3174 0.3346 0.8873
vn -0.3269 0.2413 0.9137
vn -0.3444 0.5928 0.7280
vn -0.3179 0.6687 0.6721
vn -0.3822 0.6687 0.6378
vn -0.4140 0.5928 0.6908
vn -0.3871 0.4249 0.8183
vn -0.3675 0.5112 0.7769
vn -0.4418 0.5112 0.7372
vn -0.4653 0.4249 0.7765
vn -0.4150 0.2413 0.8773
vn -0.4029 0.3346 0.8519
vn -0.4844 0.3346 0.8083
vn -0.4989 0.2413 0.8324
vn -0.4252 0.1053 0.8989
vn -0.4225 0.1536 0.8933
vn -0.5080 0.1536 0.8476
vn -0.5112 0.1053 0.8530
vn -0.0418 0.9851 0.1670
vn -0.0425 0.9959 0.0795
vn -0.1156 0.9851 0.1275
vn -0.1453 0.9399 0.3091
vn -0.1033 0.9666 0.2344
vn -0.1375 0.9666 0.2161
vn -0.1763 0.9399 0.2925
vn -0.2210 0.8560 0.4673
vn -0.1840 0.9027 0.3889
vn -0.2212 0.9027 0.3691
vn -0.2658 0.8560 0.4434
vn -0.2883 0.7384 0.6096
vn -0.2560 0.8010 0.5412
vn -0.3078 0.8010 0.5135
vn -0.3467 0.7384 0.5784
vn -0.0736 0.9851 0.1556
vn -0.0572 0.9959 0.0697
vn -0.1383 0.9851 0.1025
vn -0.2028 0.9399 0.2749
vn -0.1470 0.9666 0.2097
vn -0.1770 0.9666 0.1851
vn -0.2300 0.9399 0.2525
vn -0.3080 0.8560 0.4152
vn -0.2563 0.9027 0.3456
vn -0.2889 0.9027 0.3188
vn -0.3472 0.8560 0.3831
vn -0.4017 0.7384 0.5416
vn -0.3566 0.8010 0.4808
vn -0.4020 0.8010 0.4436
vn -0.4528 0.7384 0.4997
vn -0.4798 0.5928 0.6468
vn -0.4429 0.6687 0.5972
vn -0.4993 0.6687 0.5509
vn -0.5408 0.5928 0.5967
vn -0.5393 0.4249 0.7271
vn -0.5120 0.5112 0.6903
vn -0.5772 0.5112 0.6368
vn -0.6079 0.4249 0.6708
vn -0.5781 0.2413 0.7795
vn -0.5614 0.3346 0.7569
vn -0.6328 0.3346 0.6983
vn -0.6517 0.2413 0.7191
vn -0.5924 0.1053 0.7987
vn -0.5887 0.1536 0.7937
vn -0.6636 0.1536 0.7322
vn -0.6678 0.1053 0.7369
vn -0.6708 0.4249 0.6079
vn -0.6368 0.5112 0.5772
vn -0.6903 0.5112 0.5120
vn -0.7271 0.4249 0.5393
vn -0.7191 0.2413 0.6517
vn -0.6983 0.3346 0.6328
vn -0.7569 0.3346 0.5614
vn -0.7795 0.2413 0.5781
vn -0.7369 0.1053 0.6678
vn -0.7322 0.1536 0.6636
vn -0.7937 0.1536 0.5887
vn -0.7987 0.1053 0.5924
vn -0.1025 0.9851 0.1383
vn -0.0697 0.9959 0.0572
vn -0.1556 0.9851 0.0736
vn -0.2525 0.9399 0.2300
vn -0.1851 0.9666 0.1770
vn -0.2097 0.9666 0.1470
vn -0.2749 0.9399 0.2028
vn -0.3831 0.8560 0.3472
vn -0.3188 0.9027 0.2889
vn -0.3456 0.9027 0.2563
vn -0.4152 0.8560 0.3080
vn -0.4997 0.7384 0.4528
vn -0.4436 0.8010 0.4020
vn -0.4808 0.8010 0.3566
vn -0.5416 0.7384 0.4017
vn -0.5967 0.5928 0.5408
vn -0.5509 0.6687 0.4993
vn -0.5972 0.6687 0.4429
vn -0.6468 0.5928 0.4798
vn -0.1275 0.9851 0.1156
vn -0.0795 0.9959 0.0425
vn -0.1670 0.9851 0.0418
vn -0.2925 0.9399 0.1763
vn -0.2161 0.9666 0.1375
vn -0.2344 0.9666 0.1033
vn -0.3091 0.9399 0.1453
vn -0.4434 0.8560 0.2658
vn -0.3691 0.9027 0.2212
vn -0.3889 0.9027 0.1840
vn -0.4673 0.8560 0.2210
vn -0.5784 0.7384 0.3467
vn -0.5135 0.8010 0.3078
vn -0.5412 0.8010 0.2560
vn -0.6096 0.7384 0.2883
vn -0.6908 0.5928 0.4140
vn -0.6378 0.6687 0.3822
vn -0.6721 0.6687 0.3179
vn -0.7280 0.5928 0.3444
vn -0.7765 0.4249 0.4653
vn -0.7372 0.5112 0.4418
vn -0.7769 0.5112 0.3675
vn -0.8183 0.4249 0.3871
vn -0.8324 0.2413 0.4989
vn -0.8083 0.3346 0.4844
vn -0.8519 0.3346 0.4029
vn -0.8773 0.2413 0.4150
vn -0.8530 0.1053 0.5112
vn -0.8476 0.1536 0.5080
vn -0.8933 0.1536 0.4225
vn -0.8989 0.1053 0.4252
vn -0.8523 0.4249 0.3049
vn -0.8092 0.5112 0.2895
vn -0.8337 0.5112 0.2089
vn -0.8781 0.4249 0.2200
vn -0.9137 0.2413 0.3269
vn -0.8873 0.3346 0.3174
vn -0.9141 0.3346 0.2290
vn -0.9414 0.2413 0.2358
vn -0.9363 0.1053 0.3350
vn -0.9304 0.1536 0.3329
vn -0.9585 0.1536 0.2401
vn -0.9646 0.1053 0.2417
vn -0.1476 0.9851 0.0885
vn -0.0862 0.9959 0.0262
vn -0.1720 0.9851 0.0084
vn -0.3213 0.9399 0.1159
vn -0.2388 0.9666 0.0927
vn -0.2500 0.9666 0.0556
vn -0.3315 0.9399 0.0822
vn -0.4867 0.8560 0.1741
vn -0.4051 0.9027 0.1449
vn -0.4174 0.9027 0.1046
vn -0.5015 0.8560 0.1256
vn -0.6349 0.7384 0.2272
vn -0.5637 0.8010 0.2017
vn -0.5807 0.8010 0.1455
vn -0.6541 0.7384 0.1639
vn -0.7583 0.5928 0.2713
vn -0.7001 0.6687 0.2505
vn -0.7212 0.6687 0.1807
vn -0.7812 0.5928 0.1957
vn -0.5114 0.8560 0.0758
vn -0.4256 0.9027 0.0631
vn -0.4297 0.9027 0.0211
vn -0.5163 0.8560 0.0254
vn -0.6670 0.7384 0.0989
vn -0.5922 0.8010 0.0878
vn -0.5979 0.8010 0.0294
vn -0.6735 0.7384 0.0331
vn -0.7966 0.5928 0.1181
vn -0.7355 0.6687 0.1091
vn -0.7426 0.6687 0.0365
vn -0.8044 0.5928 0.0395
vn -0.8954 0.4249 0.1328
vn -0.8502 0.5112 0.1261
vn -0.8584 0.5112 0.0422
vn -0.9041 0.4249 0.0445
vn -0.9600 0.2413 0.1424
vn -0.9322 0.3346 0.1382
vn -0.9412 0.3346 0.0463
vn -0.9693 0.2413 0.0477
vn -0.9837 0.1053 0.1459
vn -0.9775 0.1536 0.1450
vn -0.9869 0.1536 0.0485
vn -0.9932 0.1053 0.0488
vn -0.1621 0.9851 0.0580
vn -0.0897 0.9959 0.0088
vn -0.1703 0.9851 -0.0253
vn -0.3377 0.9399 0.0510
vn -0.2523 0.9666 0.0443
vn -0.2561 0.9666 0.0057
vn -0.3412 0.9399 0.0159
vn -0.9693 0.2413 -0.0477
vn -0.9412 0.3346 -0.0463
vn -0.9322 0.3346 -0.1382
vn -0.9600 0.2413 -0.1424
vn -0.9932 0.1053 -0.0488
vn -0.9869 0.1536 -0.0485
vn -0.9774 0.1536 -0.1450
vn -0.9837 0.1053 -0.1459
vn -0.1703 0.9851 0.0253
vn -0.0897 0.9959 -0.0088
vn -0.1621 0.9851 -0.0580
vn -0.3412 0.9399 -0.0159
vn -0.2561 0.9666 -0.0057
vn -0.2523 0.9666 -0.0443
vn -0.3377 0.9399 -0.0510
vn -0.5163 0.8560 -0.0254
vn -0.4297 0.9027 -0.0211
vn -0.4256 0.9027 -0.0631
vn -0.5114 0.8560 -0.0758
vn -0.6735 0.7384 -0.0331
vn -0.5979 0.8010 -0.0294
vn -0.5922 0.8010 -0.0878
vn -0.6670 0.7384 -0.0989
vn -0.8044 0.5928 -0.0395
vn -0.7426 0.6687 -0.0365
vn -0.7355 0.6687 -0.1091
vn -0.7966 0.5928 -0.1181
vn -0.9041 0.4249 -0.0445
vn -0.8584 0.5112 -0.0422
vn -0.8502 0.5112 -0.1261
vn -0.8954 0.4249 -0.1328
vn -0.5015 0.8560 -0.1256
vn -0.4174 0.9027 -0.1046
vn -0.4051 0.9027 -0.1449
vn -0.4867 0.8560 -0.1741
vn -0.6541 0.7384 -0.1639
vn -0.5807 0.8010 -0.1455
vn -0.5637 0.8010 -0.2017
vn -0.6349 0.7384 -0.2272
vn -0.7812 0.5928 -0.1957
vn -0.7212 0.6687 -0.1807
vn -0.7001 0.6687 -0.2505
vn -0.7583 0.5928 -0.2713
vn -0.8781 0.4249 -0.2200
vn -0.8337 0.5112 -0.2089
vn -0.8092 0.5112 -0.2895
vn -0.8523 0.4249 -0.3049
vn -0.9414 0.2413 -0.2358
vn -0.9141 0.3346 -0.2290
vn -0.8873 0.3346 -0.3174
vn -0.9137 0.2413 -0.3269
vn -0.9646 0.1053 -0.2417
vn -0.9585 0.1536 -0.2401
vn -0.9304 0.1536 -0.3329
vn -0.9363 0.1053 -0.3350
vn -0.1720 0.9851 -0.0084
vn -0.0862 0.9959 -0.0262
vn -0.1476 0.9851 -0.0885
vn -0.3315 0.9399 -0.0822
vn -0.2500 0.9666 -0.0556
vn -0.2388 0.9666 -0.0927
vn -0.3213 0.9399 -0.1159
vn -0.8773 0.2413 -0.4150
vn -0.8519 0.3346 -0.4029
vn -0.8083 0.3346 -0.4844
vn -0.8324 0.2413 -0.4989
vn -0.8989 0.1053 -0.4252
vn -0.8933 0.1536 -0.4225
vn -0.8476 0.1536 -0.5080
vn -0.8530 0.1053 -0.5112
vn -0.1670 0.9851 -0.0418
vn -0.0795 0.9959 -0.0425
vn -0.1275 0.9851 -0.1156
vn -0.3091 0.9399 -0.1453
vn -0.2344 0.9666 -0.1033
vn -0.2161 0.9666 -0.1375
vn -0.2925 0.9399 -0.1763
vn -0.4673 0.8560 -0.2210
vn -0.3889 0.9027 -0.1840
vn -0.3691 0.9027 -0.2212
vn -0.4434 0.8560 -0.2658
vn -0.6096 0.7384 -0.2883
vn -0.5412 0.8010 -0.2560
vn -0.5135 0.8010 -0.3078
vn -0.5784 0.7384 -0.3467
vn -0.7280 0.5928 -0.3444
vn -0.6721 0.6687 -0.3179
vn -0.6378 0.6687 -0.3822
vn -0.6908 0.5928 -0.4140
vn -0.8183 0.4249 -0.3871
vn -0.7769 0.5112 -0.3675
vn -0.7372 0.5112 -0.4418
vn -0.7765 0.4249 -0.4653
vn -0.5416 0.7384 -0.4017
vn -0.4808 0.8010 -0.3566
vn -0.4436 0.8010 -0.4020
vn -0.4997 0.7384 -0.4528
vn -0.6468 0.5928 -0.4798
vn -0.5972 0.6687 -0.4429
vn -0.5509 0.6687 -0.4993
vn -0.5967 0.5928 -0.5408
vn -0.7271 0.4249 -0.5393
vn -0.6903 0.5112 -0.5120
vn -0.6368 0.5112 -0.5772
vn -0.6708 0.4249 -0.6079
vn -0.7795 0.2413 -0.5781
vn -0.7569 0.3346 -0.5614
vn -0.6983 0.3346 -0.6328
vn -0.7191 0.2413 -0.6517
vn -0.7987 0.1053 -0.5924
vn -0.7937 0.1536 -0.5887
vn -0.7322 0.1536 -0.6636
vn -0.7369 0.1053 -0.6678
vn -0.1556 0.9851 -0.0736
vn -0.0697 0.9959 -0.0572
vn -0.1025 0.9851 -0.1383
vn -0.2749 0.9399 -0.2028
vn -0.2097 0.9666 -0.1470
vn -0.1851 0.9666 -0.1770
vn -0.2525 0.9399 -0.2300
vn -0.4152 0.8560 -0.3080
vn -0.3456 0.9027 -0.2563
vn -0.3188 0.9027 -0.2889
vn -0.3831 0.8560 -0.3472
vn -0.6678 0.1053 -0.7369
vn -0.6636 0.1536 -0.7322
vn -0.5887 0.1536 -0.7937
vn -0.5924 0.1053 -0.7987
vn -0.1383 0.9851 -0.1025
vn -0.0572 0.9959 -0.0697
vn -0.0736 0.9851 -0.1556
vn -0.2300 0.9399 -0.2525
vn -0.1770 0.9666 -0.1851
vn -0.1470 0.9666 -0.2097
vn -0.2028 0.9399 -0.2749
vn -0.3472 0.8560 -0.3831
vn -0.2889 0.9027 -0.3188
vn -0.2563 0.9027 -0.3456
vn -0.3080 0.8560 -0.4152
vn -0.4528 0.7384 -0.4997
vn -0.4020 0.8010 -0.4436
vn -0.3566 0.8010 -0.4808
vn -0.4017 0.7384 -0.5416
vn -0.5408 0.5928 -0.5967
vn -0.4993 0.6687 -0.5509
vn -0.4429 0.6687 -0.5972
vn -0.4798 0.5928 -0.6468
vn -0.6079 0.4249 -0.6708
vn -0.5772 0.5112 -0.6368
vn -0.5120 0.5112 -0.6903
vn -0.5393 0.4249 -0.7271
vn -0.6517 0.2413 -0.7191
vn -0.6328 0.3346 -0.6983
vn -0.5614 0.3346 -0.7569
vn -0.5781 0.2413 -0.7795
vn -0.4140 0.5928 -0.6908
vn -0.3822 0.6687 -0.6378
vn -0.3179 0.6687 -0.6721
vn -0.3444 0.5928 -0.7280
vn -0.4653 0.4249 -0.7765
vn -0.4418 0.5112 -0.7372
vn -0.3675 0.5112 -0.7769
vn -0.3871 0.4249 -0.8183
vn -0.4989 0.2413 -0.8324
vn -0.4844 0.3346 -0.8083
vn -0.4029 0.3346 -0.8519
vn -0.4150 0.2413 -0.8773
vn -0.5112 0.1053 -0.8530
vn -0.5080 0.1536 -0.8476
vn -0.4225 0.1536 -0.8933
vn -0.4252 0.1053 -0.8989
vn -0.1156 0.9851 -0.1275
vn -0.0425 0.9959 -0.0795
vn -0.0418 0.9851 -0.1670
vn -0.1763 0.9399 -0.2925
vn -0.1375 0.9666 -0.2161
vn -0.1033 0.9666 -0.2344
vn -0.1453 0.9399 -0.3091
vn -0.2658 0.8560 -0.4434
vn -0.2212 0.9027 -0.3691
vn -0.1840 0.9027 -0.3889
vn -0.2210 0.8560 -0.4673
vn -0.3467 0.7384 -0.5784
vn -0.3078 0.8010 -0.5135
vn -0.2560 0.8010 -0.5412
vn -0.2883 0.7384 -0.6096
vn -0.0885 0.9851 -0.1476
vn -0.0262 0.9959 -0.0862
vn -0.0084 0.9851 -0.1720
vn -0.1159 0.9399 -0.3213
vn -0.0927 0.9666 -0.2388
vn -0.0556 0.9666 -0.2500
vn -0.0822 0.9399 -0.3315
vn -0.1741 0.8560 -0.4867
vn -0.1449 0.9027 -0.4051
vn -0.1046 0.9027 -0.4174
vn -0.1256 0.8560 -0.5015
vn -0.2272 0.7384 -0.6349
vn -0.2017 0.8010 -0.5637
vn -0.1455 0.8010 -0.5807
vn -0.1639 0.7384 -0.6541
vn -0.2713 0.5928 -0.7583
vn -0.2505 0.6687 -0.7001
vn -0.1807 0.6687 -0.7212
vn -0.1957 0.5928 -0.7812
vn -0.3049 0.4249 -0.8523
vn -0.2895 0.5112 -0.8092
vn -0.2089 0.5112 -0.8337
vn -0.2200 0.4249 -0.8781
vn -0.3269 0.2413 -0.9137
vn -0.3174 0.3346 -0.8873
vn -0.2290 0.3346 -0.9141
vn -0.2358 0.2413 -0.9414
vn -0.3350 0.1053 -0.9363
vn -0.3329 0.1536 -0.9304
vn -0.2401 0.1536 -0.9585
vn -0.2417 0.1053 -0.9646
vn -0.1181 0.5928 -0.7966
vn -0.1091 0.6687 -0.7355
vn -0.0365 0.6687 -0.7426
vn -0.0396 0.5928 -0.8044
vn -0.1328 0.4249 -0.8954
vn -0.1261 0.5112 -0.8502
vn -0.0422 0.5112 -0.8584
vn -0.0445 0.4249 -0.9041
vn -0.1424 0.2413 -0.9600
vn -0.1382 0.3346 -0.9322
vn -0.0463 0.3346 -0.9412
vn -0.0477 0.2413 -0.9693
vn -0.1459 0.1053 -0.9837
vn -0.1450 0.1536 -0.9775
vn -0.0485 0.1536 -0.9869
vn -0.0488 0.1053 -0.9932
vn -0.0580 0.9851 -0.1621
vn -0.0088 0.9959 -0.0897
vn 0.0253 0.9851 -0.1703
vn -0.0510 0.9399 -0.3377
vn -0.0443 0.9666 -0.2523
vn -0.0057 0.9666 -0.2561
vn -0.0159 0.9399 -0.3412
vn -0.0758 0.8560 -0.5114
vn -0.0631 0.9027 -0.4256
vn -0.0211 0.9027 -0.4297
vn -0.0254 0.8560 -0.5163
vn -0.0989 0.7384 -0.6670
vn -0.0878 0.8010 -0.5922
vn -0.0294 0.8010 -0.5979
vn -0.0331 0.7384 -0.6735
vt 0.750000 0.625000
vt 0.750000 0.656250
vt 0.734375 0.656250
vt 0.734375 0.625000
vt 0.750000 0.687500
vt 0.734375 0.687500
vt 0.718750 0.687500
vt 0.718750 0.656250
vt 0.718750 0.625000
vt 0.750000 0.718750
vt 0.734375 0.718750
vt 0.750000 0.750000
vt 0.734375 0.750000
vt 0.718750 0.750000
vt 0.718750 0.718750
vt 0.750000 0.781250
vt 0.734375 0.781250
vt 0.750000 0.812500
vt 0.734375 0.812500
vt 0.718750 0.812500
vt 0.718750 0.781250
vt 0.750000 0.843750
vt 0.734375 0.843750
vt 0.750000 0.875000
vt 0.734375 0.875000
vt 0.718750 0.875000
vt 0.718750 0.843750
vt 0.750000 0.906105
vt 0.734375 0.905961
vt 0.750000 0.937500
vt 0.734375 0.935185
vt 0.718750 0.937500
vt 0.718750 0.906105
vt 0.742188 0.968750
vt 0.734375 0.957899
vt 0.734375 1.000000
vt 0.726563 0.968750
vt 0.750000 0.500000
vt 0.750000 0.531250
vt 0.734375 0.531250
vt 0.734375 0.500000
vt 0.750000 0.562500
vt 0.734375 0.562500
vt 0.718750 0.562500
vt 0.718750 0.531250
vt 0.718750 0.500000
vt 0.750000 0.593750
vt 0.734375 0.593750
vt 0.718750 0.593750
vt 0.703125 0.718750
vt 0.703125 0.687500
vt 0.703125 0.750000
vt 0.687500 0.750000
vt 0.687500 0.718750
vt 0.687500 0.687500
vt 0.703125 0.656250
vt 0.703125 0.625000
vt 0.687500 0.656250
vt 0.687500 0.625000
vt 0.703125 0.593750
vt 0.703125 0.562500
vt 0.687500 0.593750
vt 0.687500 0.562500
vt 0.703125 0.531250
vt 0.703125 0.500000
vt 0.687500 0.531250
vt 0.687500 0.500000
vt 0.710938 0.968750
vt 0.703125 0.957899
vt 0.703125 0.935185
vt 0.703125 1.000000
vt 0.695313 0.968750
vt 0.687500 0.937500
vt 0.703125 0.843750
vt 0.703125 0.812500
vt 0.703125 0.875000
vt 0.687500 0.875000
vt 0.687500 0.843750
vt 0.687500 0.812500
vt 0.703125 0.905961
vt 0.687500 0.906105
vt 0.703125 0.781250
vt 0.687500 0.781250
vt 0.671875 0.531250
vt 0.671875 0.500000
vt 0.671875 0.562500
vt 0.656250 0.562500
vt 0.656250 0.531250
vt 0.656250 0.500000
vt 0.679688 0.968750
vt 0.671875 0.957899
vt 0.671875 0.935185
vt 0.671875 1.000000
vt 0.664063 0.968750
vt 0.656250 0.937500
vt 0.671875 0.905961
vt 0.671875 0.875000
vt 0.656250 0.906105
vt 0.656250 0.875000
vt 0.671875 0.843750
vt 0.671875 0.812500
vt 0.656250 0.843750
vt 0.656250 0.812500
vt 0.671875 0.781250
vt 0.671875 0.750000
vt 0.656250 0.781250
vt 0.656250 0.750000
vt 0.671875 0.718750
vt 0.671875 0.687500
vt 0.656250 0.718750
vt 0.656250 0.687500
vt 0.671875 0.656250
vt 0.671875 0.625000
vt 0.656250 0.656250
vt 0.656250 0.625000
vt 0.671875 0.593750
vt 0.656250 0.593750
vt 0.640625 0.781250
vt 0.640625 0.750000
vt 0.640625 0.812500
vt 0.625000 0.812500
vt 0.625000 0.781250
vt 0.625000 0.750000
vt 0.640625 0.718750
vt 0.640625 0.687500
vt 0.625000 0.718750
vt 0.625000 0.687500
vt 0.640625 0.656250
vt 0.640625 0.625000
vt 0.625000 0.656250
vt 0.625000 0.625000
vt 0.640625 0.593750
vt 0.640625 0.562500
vt 0.625000 0.593750
vt 0.625000 0.562500
vt 0.640625 0.531250
vt 0.640625 0.500000
vt 0.625000 0.531250
vt 0.625000 0.500000
vt 0.648438 0.968750
vt 0.640625 0.957899
vt 0.640625 0.935185
vt 0.640625 1.000000
vt 0.632813 0.968750
vt 0.625000 0.937500
vt 0.640625 0.905961
vt 0.640625 0.875000
vt 0.625000 0.906105
vt 0.625000 0.875000
vt 0.640625 0.843750
vt 0.625000 0.843750
vt 0.609375 0.531250
vt 0.609375 0.500000
vt 0.609375 0.562500
vt 0.593750 0.562500
vt 0.593750 0.531250
vt 0.593750 0.500000
vt 0.617188 0.968750
vt 0.609375 0.957899
vt 0.609375 0.935185
vt 0.609375 1.000000
vt 0.601563 0.968750
vt 0.593750 0.937500
vt 0.609375 0.905961
vt 0.609375 0.875000
vt 0.593750 0.906105
vt 0.593750 0.875000
vt 0.609375 0.843750
vt 0.609375 0.812500
vt 0.593750 0.843750
vt 0.593750 0.812500
vt 0.609375 0.781250
vt 0.609375 0.750000
vt 0.593750 0.781250
vt 0.593750 0.750000
vt 0.609375 0.718750
vt 0.609375 0.687500
vt 0.593750 0.718750
vt 0.593750 0.687500
vt 0.609375 0.656250
vt 0.609375 0.625000
vt 0.593750 0.656250
vt 0.593750 0.625000
vt 0.609375 0.593750
vt 0.593750 0.593750
vt 0.578125 0.718750
vt 0.578125 0.687500
vt 0.578125 0.750000
vt 0.562500 0.750000
vt 0.562500 0.718750
vt 0.562500 0.687500
vt 0.578125 0.656250
vt 0.578125 0.625000
vt 0.562500 0.656250
vt 0.562500 0.625000
vt 0.578125 0.593750
vt 0.578125 0.562500
vt 0.562500 0.593750
vt 0.562500 0.562500
vt 0.578125 0.531250
vt 0.578125 0.500000
vt 0.562500 0.531250
vt 0.562500 0.500000
vt 0.585938 0.968750
vt 0.578125 0.957899
vt 0.578125 0.935185
vt 0.578125 1.000000
vt 0.570313 0.968750
vt 0.562500 0.937500
vt 0.578125 0.905961
vt 0.578125 0.875000
vt 0.562500 0.906105
vt 0.562500 0.875000
vt 0.578125 0.843750
vt 0.578125 0.812500
vt 0.562500 0.843750
vt 0.562500 0.812500
vt 0.578125 0.781250
vt 0.562500 0.781250
vt 0.554688 0.968750
vt 0.546875 0.957899
vt 0.546875 0.935185
vt 0.546875 1.000000
vt 0.539063 0.968750
vt 0.531250 0.937500
vt 0.546875 0.905961
vt 0.546875 0.875000
vt 0.531250 0.906105
vt 0.531250 0.875000
vt 0.546875 0.843750
vt 0.546875 0.812500
vt 0.531250 0.843750
vt 0.531250 0.812500
vt 0.546875 0.781250
vt 0.546875 0.750000
vt 0.531250 0.781250
vt 0.531250 0.750000
vt 0.546875 0.718750
vt 0.546875 0.687500
vt 0.531250 0.718750
vt 0.531250 0.687500
vt 0.546875 0.656250
vt 0.546875 0.625000
vt 0.531250 0.656250
vt 0.531250 0.625000
vt 0.546875 0.593750
vt 0.546875 0.562500
vt 0.531250 0.593750
vt 0.531250 0.562500
vt 0.546875 0.531250
vt 0.546875 0.500000
vt 0.531250 0.531250
vt 0.531250 0.500000
vt 0.515625 0.718750
vt 0.515625 0.687500
vt 0.515625 0.750000
vt 0.500000 0.750000
vt 0.500000 0.718750
vt 0.500000 0.687500
vt 0.515625 0.656250
vt 0.515625 0.625000
vt 0.500000 0.656250
vt 0.500000 0.625000
vt 0.515625 0.593750
vt 0.515625 0.562500
vt 0.500000 0.593750
vt 0.500000 0.562500
vt 0.515625 0.531250
vt 0.515625 0.500000
vt 0.500000 0.531250
vt 0.500000 0.500000
vt 0.523438 0.968750
vt 0.515625 0.957899
vt 0.515625 0.935185
vt 0.515625 1.000000
vt 0.507813 0.968750
vt 0.500000 0.937500
vt 0.515625 0.905961
vt 0.515625 0.875000
vt 0.500000 0.906105
vt 0.500000 0.875000
vt 0.515625 0.843750
vt 0.515625 0.812500
vt 0.500000 0.843750
vt 0.500000 0.812500
vt 0.515625 0.781250
vt 0.500000 0.781250
vt 0.492188 0.968750
vt 0.484375 0.957899
vt 0.484375 0.935185
vt 0.484375 1.000000
vt 0.476563 0.968750
vt 0.468750 0.937500
vt 0.484375 0.905961
vt 0.484375 0.875000
vt 0.468750 0.906105
vt 0.468750 0.875000
vt 0.484375 0.843750
vt 0.484375 0.812500
vt 0.468750 0.843750
vt 0.468750 0.812500
vt 0.484375 0.781250
vt 0.484375 0.750000
vt 0.468750 0.781250
vt 0.468750 0.750000
vt 0.484375 0.718750
vt 0.484375 0.687500
vt 0.468750 0.718750
vt 0.468750 0.687500
vt 0.484375 0.656250
vt 0.484375 0.625000
vt 0.468750 0.656250
vt 0.468750 0.625000
vt 0.484375 0.593750
vt 0.484375 0.562500
vt 0.468750 0.593750
vt 0.468750 0.562500
vt 0.484375 0.531250
vt 0.484375 0.500000
vt 0.468750 0.531250
vt 0.468750 0.500000
vt 0.453125 0.656250
vt 0.453125 0.625000
vt 0.453125 0.687500
vt 0.437500 0.687500
vt 0.437500 0.656250
vt 0.437500 0.625000
vt 0.453125 0.593750
vt 0.453125 0.562500
vt 0.437500 0.593750
vt 0.437500 0.562500
vt 0.453125 0.531250
vt 0.453125 0.500000
vt 0.437500 0.531250
vt 0.437500 0.500000
vt 0.460938 0.968750
vt 0.453125 0.957899
vt 0.453125 0.935185
vt 0.453125 1.000000
vt 0.445313 0.968750
vt 0.437500 0.937500
vt 0.453125 0.905961
vt 0.453125 0.875000
vt 0.437500 0.906105
vt 0.437500 0.875000
vt 0.453125 0.843750
vt 0.453125 0.812500
vt 0.437500 0.843750
vt 0.437500 0.812500
vt 0.453125 0.781250
vt 0.453125 0.750000
vt 0.437500 0.781250
vt 0.437500 0.750000
vt 0.453125 0.718750
vt 0.437500 0.718750
vt 0.421875 0.905961
vt 0.421875 0.875000
vt 0.421875 0.935185
vt 0.406250 0.937500
vt 0.406250 0.906105
vt 0.406250 0.875000
vt 0.421875 0.843750
vt 0.421875 0.812500
vt 0.406250 0.843750
vt 0.406250 0.812500
vt 0.421875 0.781250
vt 0.421875 0.750000
vt 0.406250 0.781250
vt 0.406250 0.750000
vt 0.421875 0.718750
vt 0.421875 0.687500
vt 0.406250 0.718750
vt 0.406250 0.687500
vt 0.421875 0.656250
vt 0.421875 0.625000
vt 0.406250 0.656250
vt 0.406250 0.625000
vt 0.421875 0.593750
vt 0.421875 0.562500
vt 0.406250 0.593750
vt 0.406250 0.562500
vt 0.421875 0.531250
vt 0.421875 0.500000
vt 0.406250 0.531250
vt 0.406250 0.500000
vt 0.429688 0.968750
vt 0.421875 0.957899
vt 0.421875 1.000000
vt 0.414063 0.968750
vt 0.390625 0.593750
vt 0.390625 0.562500
vt 0.390625 0.625000
vt 0.375000 0.625000
vt 0.375000 0.593750
vt 0.375000 0.562500
vt 0.390625 0.531250
vt 0.390625 0.500000
vt 0.375000 0.531250
vt 0.375000 0.500000
vt 0.398438 0.968750
vt 0.390625 0.957899
vt 0.390625 0.935185
vt 0.390625 1.000000
vt 0.382813 0.968750
vt 0.375000 0.937500
vt 0.390625 0.905961
vt 0.390625 0.875000
vt 0.375000 0.906105
vt 0.375000 0.875000
vt 0.390625 0.843750
vt 0.390625 0.812500
vt 0.375000 0.843750
vt 0.375000 0.812500
vt 0.390625 0.781250
vt 0.390625 0.750000
vt 0.375000 0.781250
vt 0.375000 0.750000
vt 0.390625 0.718750
vt 0.390625 0.687500
vt 0.375000 0.718750
vt 0.375000 0.687500
vt 0.390625 0.656250
vt 0.375000 0.656250
vt 0.359375 0.843750
vt 0.359375 0.812500
vt 0.359375 0.875000
vt 0.343750 0.875000
vt 0.343750 0.843750
vt 0.343750 0.812500
vt 0.359375 0.781250
vt 0.359375 0.750000
vt 0.343750 0.781250
vt 0.343750 0.750000
vt 0.359375 0.718750
vt 0.359375 0.687500
vt 0.343750 0.718750
vt 0.343750 0.687500
vt 0.359375 0.656250
vt 0.359375 0.625000
vt 0.343750 0.656250
vt 0.343750 0.625000
vt 0.359375 0.593750
vt 0.359375 0.562500
vt 0.343750 0.593750
vt 0.343750 0.562500
vt 0.359375 0.531250
vt 0.359375 0.500000
vt 0.343750 0.531250
vt 0.343750 0.500000
vt 0.367188 0.968750
vt 0.359375 0.957899
vt 0.359375 0.935185
vt 0.359375 1.000000
vt 0.351563 0.968750
vt 0.343750 0.937500
vt 0.359375 0.905961
vt 0.343750 0.906105
vt 0.328125 0.593750
vt 0.328125 0.562500
vt 0.328125 0.625000
vt 0.312500 0.625000
vt 0.312500 0.593750
vt 0.312500 0.562500
vt 0.328125 0.531250
vt 0.328125 0.500000
vt 0.312500 0.531250
vt 0.312500 0.500000
vt 0.335938 0.968750
vt 0.328125 0.957899
vt 0.328125 0.935185
vt 0.328125 1.000000
vt 0.320313 0.968750
vt 0.312500 0.937500
vt 0.328125 0.905961
vt 0.328125 0.875000
vt 0.312500 0.906105
vt 0.312500 0.875000
vt 0.328125 0.843750
vt 0.328125 0.812500
vt 0.312500 0.843750
vt 0.312500 0.812500
vt 0.328125 0.781250
vt 0.328125 0.750000
vt 0.312500 0.781250
vt 0.312500 0.750000
vt 0.328125 0.718750
vt 0.328125 0.687500
vt 0.312500 0.718750
vt 0.312500 0.687500
vt 0.328125 0.656250
vt 0.312500 0.656250
vt 0.296875 0.781250
vt 0.296875 0.750000
vt 0.296875 0.812500
vt 0.281250 0.812500
vt 0.281250 0.781250
vt 0.281250 0.750000
vt 0.296875 0.718750
vt 0.296875 0.687500
vt 0.281250 0.718750
vt 0.281250 0.687500
vt 0.296875 0.656250
vt 0.296875 0.625000
vt 0.281250 0.656250
vt 0.281250 0.625000
vt 0.296875 0.593750
vt 0.296875 0.562500
vt 0.281250 0.593750
vt 0.281250 0.562500
vt 0.296875 0.531250
vt 0.296875 0.500000
vt 0.281250 0.531250
vt 0.281250 0.500000
vt 0.304688 0.968750
vt 0.296875 0.957899
vt 0.296875 0.935185
vt 0.296875 1.000000
vt 0.289063 0.968750
vt 0.281250 0.937500
vt 0.296875 0.905961
vt 0.296875 0.875000
vt 0.281250 0.906105
vt 0.281250 0.875000
vt 0.296875 0.843750
vt 0.281250 0.843750
vt 0.265625 0.531250
vt 0.265625 0.500000
vt 0.265625 0.562500
vt 0.250000 0.562500
vt 0.250000 0.531250
vt 0.250000 0.500000
vt 0.273438 0.968750
vt 0.265625 0.957899
vt 0.265625 0.935185
vt 0.265625 1.000000
vt 0.257813 0.968750
vt 0.250000 0.937500
vt 0.265625 0.905961
vt 0.265625 0.875000
vt 0.250000 0.906105
vt 0.250000 0.875000
vt 0.265625 0.843750
vt 0.265625 0.812500
vt 0.250000 0.843750
vt 0.250000 0.812500
vt 0.265625 0.781250
vt 0.265625 0.750000
vt 0.250000 0.781250
vt 0.250000 0.750000
vt 0.265625 0.718750
vt 0.265625 0.687500
vt 0.250000 0.718750
vt 0.250000 0.687500
vt 0.265625 0.656250
vt 0.265625 0.625000
vt 0.250000 0.656250
vt 0.250000 0.625000
vt 0.265625 0.593750
vt 0.250000 0.593750
vt 0.234375 0.781250
vt 0.234375 0.750000
vt 0.234375 0.812500
vt 0.218750 0.812500
vt 0.218750 0.781250
vt 0.218750 0.750000
vt 0.234375 0.718750
vt 0.234375 0.687500
vt 0.218750 0.718750
vt 0.218750 0.687500
vt 0.234375 0.656250
vt 0.234375 0.625000
vt 0.218750 0.656250
vt 0.218750 0.625000
vt 0.234375 0.593750
vt 0.234375 0.562500
vt 0.218750 0.593750
vt 0.218750 0.562500
vt 0.234375 0.531250
vt 0.234375 0.500000
vt 0.218750 0.531250
vt 0.218750 0.500000
vt 0.242188 0.968750
vt 0.234375 0.957899
vt 0.234375 0.935185
vt 0.234375 1.000000
vt 0.226563 0.968750
vt 0.218750 0.937500
vt 0.234375 0.905961
vt 0.234375 0.875000
vt 0.218750 0.906105
vt 0.218750 0.875000
vt 0.234375 0.843750
vt 0.218750 0.843750
vt 0.203125 0.531250
vt 0.203125 0.500000
vt 0.203125 0.562500
vt 0.187500 0.562500
vt 0.187500 0.531250
vt 0.187500 0.500000
vt 0.210938 0.968750
vt 0.203125 0.957899
vt 0.203125 0.935185
vt 0.203125 1.000000
vt 0.195313 0.968750
vt 0.187500 0.937500
vt 0.203125 0.905961
vt 0.203125 0.875000
vt 0.187500 0.906105
vt 0.187500 0.875000
vt 0.203125 0.843750
vt 0.203125 0.812500
vt 0.187500 0.843750
vt 0.187500 0.812500
vt 0.203125 0.781250
vt 0.203125 0.750000
vt 0.187500 0.781250
vt 0.187500 0.750000
vt 0.203125 0.718750
vt 0.203125 0.687500
vt 0.187500 0.718750
vt 0.187500 0.687500
vt 0.203125 0.656250
vt 0.203125 0.625000
vt 0.187500 0.656250
vt 0.187500 0.625000
vt 0.203125 0.593750
vt 0.187500 0.593750
vt 0.171875 0.718750
vt 0.171875 0.687500
vt 0.171875 0.750000
vt 0.156250 0.750000
vt 0.156250 0.718750
vt 0.156250 0.687500
vt 0.171875 0.656250
vt 0.171875 0.625000
vt 0.156250 0.656250
vt 0.156250 0.625000
vt 0.171875 0.593750
vt 0.171875 0.562500
vt 0.156250 0.593750
vt 0.156250 0.562500
vt 0.171875 0.531250
vt 0.171875 0.500000
vt 0.156250 0.531250
vt 0.156250 0.500000
vt 0.179688 0.968750
vt 0.171875 0.957899
vt 0.171875 0.935185
vt 0.171875 1.000000
vt 0.164063 0.968750
vt 0.156250 0.937500
vt 0.171875 0.905961
vt 0.171875 0.875000
vt 0.156250 0.906105
vt 0.156250 0.875000
vt 0.171875 0.843750
vt 0.171875 0.812500
vt 0.156250 0.843750
vt 0.156250 0.812500
vt 0.171875 0.781250
vt 0.156250 0.781250
vt 0.148438 0.968750
vt 0.140625 0.957899
vt 0.140625 0.935185
vt 0.140625 1.000000
vt 0.132813 0.968750
vt 0.125000 0.937500
vt 0.140625 0.905961
vt 0.140625 0.875000
vt 0.125000 0.906105
vt 0.125000 0.875000
vt 0.140625 0.843750
vt 0.140625 0.812500
vt 0.125000 0.843750
vt 0.125000 0.812500
vt 0.140625 0.781250
vt 0.140625 0.750000
vt 0.125000 0.781250
vt 0.125000 0.750000
vt 0.140625 0.718750
vt 0.140625 0.687500
vt 0.125000 0.718750
vt 0.125000 0.687500
vt 0.140625 0.656250
vt 0.140625 0.625000
vt 0.125000 0.656250
vt 0.125000 0.625000
vt 0.140625 0.593750
vt 0.140625 0.562500
vt 0.125000 0.593750
vt 0.125000 0.562500
vt 0.140625 0.531250
vt 0.140625 0.500000
vt 0.125000 0.531250
vt 0.125000 0.500000
vt 0.109375 0.656250
vt 0.109375 0.625000
vt 0.109375 0.687500
vt 0.093750 0.687500
vt 0.093750 0.656250
vt 0.093750 0.625000
vt 0.109375 0.593750
vt 0.109375 0.562500
vt 0.093750 0.593750
vt 0.093750 0.562500
vt 0.109375 0.531250
vt 0.109375 0.500000
vt 0.093750 0.531250
vt 0.093750 0.500000
vt 0.117188 0.968750
vt 0.109375 0.957899
vt 0.109375 0.935185
vt 0.109375 1.000000
vt 0.101563 0.968750
vt 0.093750 0.937500
vt 0.109375 0.905961
vt 0.109375 0.875000
vt 0.093750 0.906105
vt 0.093750 0.875000
vt 0.109375 0.843750
vt 0.109375 0.812500
vt 0.093750 0.843750
vt 0.093750 0.812500
vt 0.109375 0.781250
vt 0.109375 0.750000
vt 0.093750 0.781250
vt 0.093750 0.750000
vt 0.109375 0.718750
vt 0.093750 0.718750
vt 0.085938 0.968750
vt 0.078125 0.957899
vt 0.078125 0.935185
vt 0.078125 1.000000
vt 0.070313 0.968750
vt 0.062500 0.937500
vt 0.078125 0.905961
vt 0.078125 0.875000
vt 0.062500 0.906105
vt 0.062500 0.875000
vt 0.078125 0.843750
vt 0.078125 0.812500
vt 0.062500 0.843750
vt 0.062500 0.812500
vt 0.078125 0.781250
vt 0.078125 0.750000
vt 0.062500 0.781250
vt 0.062500 0.750000
vt 0.078125 0.718750
vt 0.078125 0.687500
vt 0.062500 0.718750
vt 0.062500 0.687500
vt 0.078125 0.656250
vt 0.078125 0.625000
vt 0.062500 0.656250
vt 0.062500 0.625000
vt 0.078125 0.593750
vt 0.078125 0.562500
vt 0.062500 0.593750
vt 0.062500 0.562500
vt 0.078125 0.531250
vt 0.078125 0.500000
vt 0.062500 0.531250
vt 0.062500 0.500000
vt 0.046875 0.656250
vt 0.046875 0.625000
vt 0.046875 0.687500
vt 0.031250 0.687500
vt 0.031250 0.656250
vt 0.031250 0.625000
vt 0.046875 0.593750
vt 0.046875 0.562500
vt 0.031250 0.593750
vt 0.031250 0.562500
vt 0.046875 0.531250
vt 0.046875 0.500000
vt 0.031250 0.531250
vt 0.031250 0.500000
vt 0.054687 0.968750
vt 0.046875 0.957899
vt 0.046875 0.935185
vt 0.046875 1.000000
vt 0.039062 0.968750
vt 0.031250 0.937500
vt 0.046875 0.905961
vt 0.046875 0.875000
vt 0.031250 0.906105
vt 0.031250 0.875000
vt 0.046875 0.843750
vt 0.046875 0.812500
vt 0.031250 0.843750
vt 0.031250 0.812500
vt 0.046875 0.781250
vt 0.046875 0.750000
vt 0.031250 0.781250
vt 0.031250 0.750000
vt 0.046875 0.718750
vt 0.031250 0.718750
vt 0.015625 0.843750
vt 0.015625 0.812500
vt 0.015625 0.875000
vt 0.000000 0.875000
vt 0.000000 0.843750
vt 0.000000 0.812500
vt 0.015625 0.781250
vt 0.015625 0.750000
vt 0.000000 0.781250
vt 0.000000 0.750000
vt 0.015625 0.718750
vt 0.015625 0.687500
vt 0.000000 0.718750
vt 0.000000 0.687500
vt 0.015625 0.656250
vt 0.015625 0.625000
vt 0.000000 0.656250
vt 0.000000 0.625000
vt 0.015625 0.593750
vt 0.015625 0.562500
vt 0.000000 0.593750
vt 0.000000 0.562500
vt 0.015625 0.531250
vt 0.015625 0.500000
vt 0.000000 0.531250
vt 0.000000 0.500000
vt 0.023438 0.968750
vt 0.015625 0.957899
vt 0.015625 0.935185
vt 0.015625 1.000000
vt 0.007813 0.968750
vt 0.000000 0.937500
vt 0.015625 0.905961
vt 0.000000 0.906250
vt 1.000000 0.562500
vt 1.000000 0.593750
vt 0.984375 0.593750
vt 0.984375 0.562500
vt 1.000000 0.625000
vt 0.984375 0.625000
vt 0.968750 0.625000
vt 0.968750 0.593750
vt 0.968750 0.562500
vt 1.000000 0.500000
vt 1.000000 0.531250
vt 0.984375 0.531250
vt 0.984375 0.500000
vt 0.968750 0.531250
vt 0.968750 0.500000
vt 1.000000 0.937500
vt 0.992188 0.968750
vt 0.984375 0.957899
vt 0.984375 0.935185
vt 0.984375 1.000000
vt 0.976563 0.968750
vt 0.968750 0.937500
vt 1.000000 0.875000
vt 1.000000 0.906250
vt 0.984375 0.905961
vt 0.984375 0.875000
vt 0.968750 0.906105
vt 0.968750 0.875000
vt 1.000000 0.812500
vt 1.000000 0.843750
vt 0.984375 0.843750
vt 0.984375 0.812500
vt 0.968750 0.843750
vt 0.968750 0.812500
vt 1.000000 0.750000
vt 1.000000 0.781250
vt 0.984375 0.781250
vt 0.984375 0.750000
vt 0.968750 0.781250
vt 0.968750 0.750000
vt 1.000000 0.687500
vt 1.000000 0.718750
vt 0.984375 0.718750
vt 0.984375 0.687500
vt 0.968750 0.718750
vt 0.968750 0.687500
vt 1.000000 0.656250
vt 0.984375 0.656250
vt 0.968750 0.656250
vt 0.953125 0.843750
vt 0.953125 0.812500
vt 0.953125 0.875000
vt 0.937500 0.875000
vt 0.937500 0.843750
vt 0.937500 0.812500
vt 0.953125 0.781250
vt 0.953125 0.750000
vt 0.937500 0.781250
vt 0.937500 0.750000
vt 0.953125 0.718750
vt 0.953125 0.687500
vt 0.937500 0.718750
vt 0.937500 0.687500
vt 0.953125 0.656250
vt 0.953125 0.625000
vt 0.937500 0.656250
vt 0.937500 0.625000
vt 0.953125 0.593750
vt 0.953125 0.562500
vt 0.937500 0.593750
vt 0.937500 0.562500
vt 0.953125 0.531250
vt 0.953125 0.500000
vt 0.937500 0.531250
vt 0.937500 0.500000
vt 0.960938 0.968750
vt 0.953125 0.957899
vt 0.953125 0.935185
vt 0.953125 1.000000
vt 0.945313 0.968750
vt 0.937500 0.937500
vt 0.953125 0.905961
vt 0.937500 0.906105
vt 0.921875 0.593750
vt 0.921875 0.562500
vt 0.921875 0.625000
vt 0.906250 0.625000
vt 0.906250 0.593750
vt 0.906250 0.562500
vt 0.921875 0.531250
vt 0.921875 0.500000
vt 0.906250 0.531250
vt 0.906250 0.500000
vt 0.929688 0.968750
vt 0.921875 0.957899
vt 0.921875 0.935185
vt 0.921875 1.000000
vt 0.914063 0.968750
vt 0.906250 0.937500
vt 0.921875 0.905961
vt 0.921875 0.875000
vt 0.906250 0.906105
vt 0.906250 0.875000
vt 0.921875 0.843750
vt 0.921875 0.812500
vt 0.906250 0.843750
vt 0.906250 0.812500
vt 0.921875 0.781250
vt 0.921875 0.750000
vt 0.906250 0.781250
vt 0.906250 0.750000
vt 0.921875 0.718750
vt 0.921875 0.687500
vt 0.906250 0.718750
vt 0.906250 0.687500
vt 0.921875 0.656250
vt 0.906250 0.656250
vt 0.890625 0.781250
vt 0.890625 0.750000
vt 0.890625 0.812500
vt 0.875000 0.812500
vt 0.875000 0.781250
vt 0.875000 0.750000
vt 0.890625 0.718750
vt 0.890625 0.687500
vt 0.875000 0.718750
vt 0.875000 0.687500
vt 0.890625 0.656250
vt 0.890625 0.625000
vt 0.875000 0.656250
vt 0.875000 0.625000
vt 0.890625 0.593750
vt 0.890625 0.562500
vt 0.875000 0.593750
vt 0.875000 0.562500
vt 0.890625 0.531250
vt 0.890625 0.500000
vt 0.875000 0.531250
vt 0.875000 0.500000
vt 0.898438 0.968750
vt 0.890625 0.957899
vt 0.890625 0.935185
vt 0.890625 1.000000
vt 0.882813 0.968750
vt 0.875000 0.937500
vt 0.890625 0.905961
vt 0.890625 0.875000
vt 0.875000 0.906105
vt 0.875000 0.875000
vt 0.890625 0.843750
vt 0.875000 0.843750
vt 0.859375 0.531250
vt 0.859375 0.500000
vt 0.859375 0.562500
vt 0.843750 0.562500
vt 0.843750 0.531250
vt 0.843750 0.500000
vt 0.867188 0.968750
vt 0.859375 0.957899
vt 0.859375 0.935185
vt 0.859375 1.000000
vt 0.851563 0.968750
vt 0.843750 0.937500
vt 0.859375 0.905961
vt 0.859375 0.875000
vt 0.843750 0.906105
vt 0.843750 0.875000
vt 0.859375 0.843750
vt 0.859375 0.812500
vt 0.843750 0.843750
vt 0.843750 0.812500
vt 0.859375 0.781250
vt 0.859375 0.750000
vt 0.843750 0.781250
vt 0.843750 0.750000
vt 0.859375 0.718750
vt 0.859375 0.687500
vt 0.843750 0.718750
vt 0.843750 0.687500
vt 0.859375 0.656250
vt 0.859375 0.625000
vt 0.843750 0.656250
vt 0.843750 0.625000
vt 0.859375 0.593750
vt 0.843750 0.593750
vt 0.828125 0.718750
vt 0.828125 0.687500
vt 0.828125 0.750000
vt 0.812500 0.750000
vt 0.812500 0.718750
vt 0.812500 0.687500
vt 0.828125 0.656250
vt 0.828125 0.625000
vt 0.812500 0.656250
vt 0.812500 0.625000
vt 0.828125 0.593750
vt 0.828125 0.562500
vt 0.812500 0.593750
vt 0.812500 0.562500
vt 0.828125 0.531250
vt 0.828125 0.500000
vt 0.812500 0.531250
vt 0.812500 0.500000
vt 0.835938 0.968750
vt 0.828125 0.957899
vt 0.828125 0.935185
vt 0.828125 1.000000
vt 0.820313 0.968750
vt 0.812500 0.937500
vt 0.828125 0.905961
vt 0.828125 0.875000
vt 0.812500 0.906105
vt 0.812500 0.875000
vt 0.828125 0.843750
vt 0.828125 0.812500
vt 0.812500 0.843750
vt 0.812500 0.812500
vt 0.828125 0.781250
vt 0.812500 0.781250
vt 0.804688 0.968750
vt 0.796875 0.957899
vt 0.796875 0.935185
vt 0.796875 1.000000
vt 0.789063 0.968750
vt 0.781250 0.937500
vt 0.796875 0.905961
vt 0.796875 0.875000
vt 0.781250 0.906105
vt 0.781250 0.875000
vt 0.796875 0.843750
vt 0.796875 0.812500
vt 0.781250 0.843750
vt 0.781250 0.812500
vt 0.796875 0.781250
vt 0.796875 0.750000
vt 0.781250 0.781250
vt 0.781250 0.750000
vt 0.796875 0.718750
vt 0.796875 0.687500
vt 0.781250 0.718750
vt 0.781250 0.687500
vt 0.796875 0.656250
vt 0.796875 0.625000
vt 0.781250 0.656250
vt 0.781250 0.625000
vt 0.796875 0.593750
vt 0.796875 0.562500
vt 0.781250 0.593750
vt 0.781250 0.562500
vt 0.796875 0.531250
vt 0.796875 0.500000
vt 0.781250 0.531250
vt 0.781250 0.500000
vt 0.765625 0.718750
vt 0.765625 0.687500
vt 0.765625 0.750000
vt 0.765625 0.656250
vt 0.765625 0.625000
vt 0.765625 0.593750
vt 0.765625 0.562500
vt 0.765625 0.531250
vt 0.765625 0.500000
vt 0.773438 0.968750
vt 0.765625 0.957899
vt 0.765625 0.935185
vt 0.765625 1.000000
vt 0.757813 0.968750
vt 0.765625 0.905961
vt 0.765625 0.875000
vt 0.765625 0.843750
vt 0.765625 0.812500
vt 0.765625 0.781250
s 0
g Circle_Material.001
usemtl Material.001
f 9/1/1 265/2/1 770/3/1 267/4/1
f 265/2/2 10/5/2 268/6/2 770/3/2
f 770/3/3 268/6/3 4/7/3 261/8/3
f 267/4/4 770/3/4 261/8/4 5/9/4
f 10/5/5 731/10/5 771/11/5 268/6/5
f 731/10/6 255/12/6 733/13/6 771/11/6
f 771/11/7 733/13/7 3/14/7 260/15/7
f 268/6/8 771/11/8 260/15/8 4/7/8
f 255/12/9 722/16/9 772/17/9 733/13/9
f 722/16/10 254/18/10 734/19/10 772/17/10
f 772/17/11 734/19/11 2/20/11 259/21/11
f 733/13/12 772/17/12 259/21/12 3/14/12
f 254/18/13 721/22/13 773/23/13 734/19/13
f 721/22/14 253/24/14 735/25/14 773/23/14
f 773/23/15 735/25/15 1/26/15 258/27/15
f 734/19/16 773/23/16 258/27/16 2/20/16
f 253/24/17 723/28/17 774/29/17 735/25/17
f 723/28/18 257/30/18 736/31/18 774/29/18
f 774/29/19 736/31/19 11/32/19 266/33/19
f 735/25/20 774/29/20 266/33/20 1/26/20
f 257/30/21 732/34/21 775/35/21 736/31/21
f 180/36/22 729/37/22 775/35/22 732/34/22
f 11/32/23 736/31/23 775/35/23 729/37/23
f 256/38/24 730/39/24 776/40/24 737/41/24
f 730/39/25 8/42/25 269/43/25 776/40/25
f 776/40/26 269/43/26 6/44/26 263/45/26
f 737/41/27 776/40/27 263/45/27 7/46/27
f 8/42/28 264/47/28 777/48/28 269/43/28
f 264/47/29 9/1/29 267/4/29 777/48/29
f 777/48/30 267/4/30 5/9/30 262/49/30
f 269/43/31 777/48/31 262/49/31 6/44/31
f 4/7/32 260/15/32 778/50/32 277/51/32
f 260/15/33 3/14/33 278/52/33 778/50/33
f 778/50/34 278/52/34 14/53/34 272/54/34
f 277/51/35 778/50/35 272/54/35 15/55/35
f 5/9/36 261/8/36 779/56/36 279/57/36
f 261/8/37 4/7/37 277/51/37 779/56/37
f 779/56/38 277/51/38 15/55/38 273/58/38
f 279/57/39 779/56/39 273/58/39 16/59/39
f 6/44/40 262/49/40 780/60/40 280/61/40
f 262/49/41 5/9/41 279/57/41 780/60/41
f 780/60/42 279/57/42 16/59/42 274/62/42
f 280/61/43 780/60/43 274/62/43 17/63/43
f 7/46/44 263/45/44 781/64/44 281/65/44
f 263/45/45 6/44/45 280/61/45 781/64/45
f 781/64/46 280/61/46 17/63/46 275/66/46
f 281/65/47 781/64/47 275/66/47 18/67/47
f 11/32/48 729/68/48 782/69/48 282/70/48
f 180/71/49 738/72/49 782/69/49 729/68/49
f 19/73/50 282/70/50 782/69/50 738/72/50
f 2/20/51 258/27/51 783/74/51 283/75/51
f 258/27/52 1/26/52 284/76/52 783/74/52
f 783/74/53 284/76/53 12/77/53 270/78/53
f 283/75/54 783/74/54 270/78/54 13/79/54
f 1/26/55 266/33/55 784/80/55 284/76/55
f 266/33/56 11/32/56 282/70/56 784/80/56
f 784/80/57 282/70/57 19/73/57 276/81/57
f 284/76/58 784/80/58 276/81/58 12/77/58
f 3/14/59 259/21/59 785/82/59 278/52/59
f 259/21/60 2/20/60 283/75/60 785/82/60
f 785/82/61 283/75/61 13/79/61 271/83/61
f 278/52/62 785/82/62 271/83/62 14/53/62
f 18/67/63 275/66/63 786/84/63 292/85/63
f 275/66/64 17/63/64 293/86/64 786/84/64
f 786/84/65 293/86/65 25/87/65 290/88/65
f 292/85/66 786/84/66 290/88/66 26/89/66
f 19/73/67 738/90/67 787/91/67 294/92/67
f 180/93/68 739/94/68 787/91/68 738/90/68
f 27/95/69 294/92/69 787/91/69 739/94/69
f 12/77/70 276/81/70 788/96/70 295/97/70
f 276/81/71 19/73/71 294/92/71 788/96/71
f 788/96/72 294/92/72 27/95/72 291/98/72
f 295/97/73 788/96/73 291/98/73 20/99/73
f 13/79/74 270/78/74 789/100/74 296/101/74
f 270/78/75 12/77/75 295/97/75 789/100/75
f 789/100/76 295/97/76 20/99/76 285/102/76
f 296/101/77 789/100/77 285/102/77 21/103/77
f 14/53/78 271/83/78 790/104/78 297/105/78
f 271/83/79 13/79/79 296/101/79 790/104/79
f 790/104/80 296/101/80 21/103/80 286/106/80
f 297/105/81 790/104/81 286/106/81 22/107/81
f 15/55/82 272/54/82 791/108/82 298/109/82
f 272/54/83 14/53/83 297/105/83 791/108/83
f 791/108/84 297/105/84 22/107/84 287/110/84
f 298/109/85 791/108/85 287/110/85 23/111/85
f 16/59/86 273/58/86 792/112/86 299/113/86
f 273/58/87 15/55/87 298/109/87 792/112/87
f 792/112/88 298/109/88 23/111/88 288/114/88
f 299/113/89 792/112/89 288/114/89 24/115/89
f 17/63/90 274/62/90 793/116/90 293/86/90
f 274/62/91 16/59/91 299/113/91 793/116/91
f 793/116/92 299/113/92 24/115/92 289/117/92
f 293/86/93 793/116/93 289/117/93 25/87/93
f 22/107/94 286/106/94 794/118/94 307/119/94
f 286/106/95 21/103/95 308/120/95 794/118/95
f 794/118/96 308/120/96 29/121/96 301/122/96
f 307/119/97 794/118/97 301/122/97 30/123/97
f 23/111/98 287/110/98 795/124/98 309/125/98
f 287/110/99 22/107/99 307/119/99 795/124/99
f 795/124/100 307/119/100 30/123/100 302/126/100
f 309/125/101 795/124/101 302/126/101 31/127/101
f 24/115/102 288/114/102 796/128/102 310/129/102
f 288/114/103 23/111/103 309/125/103 796/128/103
f 796/128/104 309/125/104 31/127/104 303/130/104
f 310/129/105 796/128/105 303/130/105 32/131/105
f 25/87/106 289/117/106 797/132/106 311/133/106
f 289/117/107 24/115/107 310/129/107 797/132/107
f 797/132/108 310/129/108 32/131/108 304/134/108
f 311/133/109 797/132/109 304/134/109 33/135/109
f 26/89/110 290/88/110 798/136/110 312/137/110
f 290/88/111 25/87/111 311/133/111 798/136/111
f 798/136/112 311/133/112 33/135/112 305/138/112
f 312/137/113 798/136/113 305/138/113 34/139/113
f 27/95/114 739/140/114 799/141/114 313/142/114
f 180/143/115 740/144/115 799/141/115 739/140/115
f 35/145/116 313/142/116 799/141/116 740/144/116
f 20/99/117 291/98/117 800/146/117 314/147/117
f 291/98/118 27/95/118 313/142/118 800/146/118
f 800/146/119 313/142/119 35/145/119 306/148/119
f 314/147/120 800/146/120 306/148/120 28/149/120
f 21/103/121 285/102/121 801/150/121 308/120/121
f 285/102/122 20/99/122 314/147/122 801/150/122
f 801/150/123 314/147/123 28/149/123 300/151/123
f 308/120/124 801/150/124 300/151/124 29/121/124
f 34/139/125 305/138/125 802/152/125 322/153/125
f 305/138/126 33/135/126 323/154/126 802/152/126
f 802/152/127 323/154/127 41/155/127 320/156/127
f 322/153/128 802/152/128 320/156/128 42/157/128
f 35/145/129 740/158/129 803/159/129 324/160/129
f 180/161/130 741/162/130 803/159/130 740/158/130
f 43/163/131 324/160/131 803/159/131 741/162/131
f 28/149/132 306/148/132 804/164/132 325/165/132
f 306/148/133 35/145/133 324/160/133 804/164/133
f 804/164/134 324/160/134 43/163/134 321/166/134
f 325/165/135 804/164/135 321/166/135 36/167/135
f 29/121/136 300/151/136 805/168/136 326/169/136
f 300/151/137 28/149/137 325/165/137 805/168/137
f 805/168/138 325/165/138 36/167/138 315/170/138
f 326/169/139 805/168/139 315/170/139 37/171/139
f 30/123/140 301/122/140 806/172/140 327/173/140
f 301/122/141 29/121/141 326/169/141 806/172/141
f 806/172/142 326/169/142 37/171/142 316/174/142
f 327/173/143 806/172/143 316/174/143 38/175/143
f 31/127/144 302/126/144 807/176/144 328/177/144
f 302/126/145 30/123/145 327/173/145 807/176/145
f 807/176/146 327/173/146 38/175/146 317/178/146
f 328/177/147 807/176/147 317/178/147 39/179/147
f 32/131/148 303/130/148 808/180/148 329/181/148
f 303/130/149 31/127/149 328/177/149 808/180/149
f 808/180/150 328/177/150 39/179/150 318/182/150
f 329/181/151 808/180/151 318/182/151 40/183/151
f 33/135/152 304/134/152 809/184/152 323/154/152
f 304/134/153 32/131/153 329/181/153 809/184/153
f 809/184/154 329/181/154 40/183/154 319/185/154
f 323/154/155 809/184/155 319/185/155 41/155/155
f 39/179/156 317/178/156 810/186/156 337/187/156
f 317/178/157 38/175/157 338/188/157 810/186/157
f 810/186/158 338/188/158 46/189/158 332/190/158
f 337/187/159 810/186/159 332/190/159 47/191/159
f 40/183/160 318/182/160 811/192/160 339/193/160
f 318/182/161 39/179/161 337/187/161 811/192/161
f 811/192/162 337/187/162 47/191/162 333/194/162
f 339/193/163 811/192/163 333/194/163 48/195/163
f 41/155/164 319/185/164 812/196/164 340/197/164
f 319/185/165 40/183/165 339/193/165 812/196/165
f 812/196/166 339/193/166 48/195/166 334/198/166
f 340/197/167 812/196/167 334/198/167 49/199/167
f 42/157/168 320/156/168 813/200/168 341/201/168
f 320/156/169 41/155/169 340/197/169 813/200/169
f 813/200/170 340/197/170 49/199/170 335/202/170
f 341/201/171 813/200/171 335/202/171 50/203/171
f 43/163/172 741/204/172 814/205/172 342/206/172
f 180/207/173 742/208/173 814/205/173 741/204/173
f 51/209/174 342/206/174 814/205/174 742/208/174
f 36/167/175 321/166/175 815/210/175 343/211/175
f 321/166/176 43/163/176 342/206/176 815/210/176
f 815/210/177 342/206/177 51/209/177 336/212/177
f 343/211/178 815/210/178 336/212/178 44/213/178
f 37/171/179 315/170/179 816/214/179 344/215/179
f 315/170/180 36/167/180 343/211/180 816/214/180
f 816/214/181 343/211/181 44/213/181 330/216/181
f 344/215/182 816/214/182 330/216/182 45/217/182
f 38/175/183 316/174/183 817/218/183 338/188/183
f 316/174/184 37/171/184 344/215/184 817/218/184
f 817/218/185 344/215/185 45/217/185 331/219/185
f 338/188/186 817/218/186 331/219/186 46/189/186
f 51/209/187 742/220/187 818/221/187 353/222/187
f 180/223/188 743/224/188 818/221/188 742/220/188
f 59/225/189 353/222/189 818/221/189 743/224/189
f 44/213/190 336/212/190 819/226/190 354/227/190
f 336/212/191 51/209/191 353/222/191 819/226/191
f 819/226/192 353/222/192 59/225/192 351/228/192
f 354/227/193 819/226/193 351/228/193 52/229/193
f 45/217/194 330/216/194 820/230/194 355/231/194
f 330/216/195 44/213/195 354/227/195 820/230/195
f 820/230/196 354/227/196 52/229/196 345/232/196
f 355/231/197 820/230/197 345/232/197 53/233/197
f 46/189/198 331/219/198 821/234/198 356/235/198
f 331/219/199 45/217/199 355/231/199 821/234/199
f 821/234/200 355/231/200 53/233/200 346/236/200
f 356/235/201 821/234/201 346/236/201 54/237/201
f 47/191/202 332/190/202 822/238/202 357/239/202
f 332/190/203 46/189/203 356/235/203 822/238/203
f 822/238/204 356/235/204 54/237/204 347/240/204
f 357/239/205 822/238/205 347/240/205 55/241/205
f 48/195/206 333/194/206 823/242/206 358/243/206
f 333/194/207 47/191/207 357/239/207 823/242/207
f 823/242/208 357/239/208 55/241/208 348/244/208
f 358/243/209 823/242/209 348/244/209 56/245/209
f 49/199/210 334/198/210 824/246/210 359/247/210
f 334/198/211 48/195/211 358/243/211 824/246/211
f 824/246/212 358/243/212 56/245/212 349/248/212
f 359/247/213 824/246/213 349/248/213 57/249/213
f 50/203/214 335/202/214 825/250/214 352/251/214
f 335/202/215 49/199/215 359/247/215 825/250/215
f 825/250/216 359/247/216 57/249/216 350/252/216
f 352/251/217 825/250/217 350/252/217 58/253/217
f 55/241/218 347/240/218 826/254/218 367/255/218
f 347/240/219 54/237/219 368/256/219 826/254/219
f 826/254/220 368/256/220 62/257/220 362/258/220
f 367/255/221 826/254/221 362/258/221 63/259/221
f 56/245/222 348/244/222 827/260/222 369/261/222
f 348/244/223 55/241/223 367/255/223 827/260/223
f 827/260/224 367/255/224 63/259/224 363/262/224
f 369/261/225 827/260/225 363/262/225 64/263/225
f 57/249/226 349/248/226 828/264/226 370/265/226
f 349/248/227 56/245/227 369/261/227 828/264/227
f 828/264/228 369/261/228 64/263/228 364/266/228
f 370/265/229 828/264/229 364/266/229 65/267/229
f 58/253/230 350/252/230 829/268/230 371/269/230
f 350/252/231 57/249/231 370/265/231 829/268/231
f 829/268/232 370/265/232 65/267/232 365/270/232
f 371/269/233 829/268/233 365/270/233 66/271/233
f 59/225/234 743/272/234 830/273/234 372/274/234
f 180/275/235 744/276/235 830/273/235 743/272/235
f 67/277/236 372/274/236 830/273/236 744/276/236
f 52/229/237 351/228/237 831/278/237 373/279/237
f 351/228/238 59/225/238 372/274/238 831/278/238
f 831/278/239 372/274/239 67/277/239 366/280/239
f 373/279/240 831/278/240 366/280/240 60/281/240
f 53/233/241 345/232/241 832/282/241 374/283/241
f 345/232/242 52/229/242 373/279/242 832/282/242
f 832/282/243 373/279/243 60/281/243 360/284/243
f 374/283/244 832/282/244 360/284/244 61/285/244
f 54/237/245 346/236/245 833/286/245 368/256/245
f 346/236/246 53/233/246 374/283/246 833/286/246
f 833/286/247 374/283/247 61/285/247 361/287/247
f 368/256/248 833/286/248 361/287/248 62/257/248
f 67/277/249 744/288/249 834/289/249 383/290/249
f 180/291/250 745/292/250 834/289/250 744/288/250
f 75/293/251 383/290/251 834/289/251 745/292/251
f 60/281/252 366/280/252 835/294/252 384/295/252
f 366/280/253 67/277/253 383/290/253 835/294/253
f 835/294/254 383/290/254 75/293/254 381/296/254
f 384/295/255 835/294/255 381/296/255 68/297/255
f 61/285/256 360/284/256 836/298/256 385/299/256
f 360/284/257 60/281/257 384/295/257 836/298/257
f 836/298/258 384/295/258 68/297/258 375/300/258
f 385/299/259 836/298/259 375/300/259 69/301/259
f 62/257/260 361/287/260 837/302/260 386/303/260
f 361/287/261 61/285/261 385/299/261 837/302/261
f 837/302/262 385/299/262 69/301/262 376/304/262
f 386/303/263 837/302/263 376/304/263 70/305/263
f 63/259/264 362/258/264 838/306/264 387/307/264
f 362/258/265 62/257/265 386/303/265 838/306/265
f 838/306/266 386/303/266 70/305/266 377/308/266
f 387/307/267 838/306/267 377/308/267 71/309/267
f 64/263/268 363/262/268 839/310/268 388/311/268
f 363/262/269 63/259/269 387/307/269 839/310/269
f 839/310/270 387/307/270 71/309/270 378/312/270
f 388/311/271 839/310/271 378/312/271 72/313/271
f 65/267/272 364/266/272 840/314/272 389/315/272
f 364/266/273 64/263/273 388/311/273 840/314/273
f 840/314/274 388/311/274 72/313/274 379/316/274
f 389/315/275 840/314/275 379/316/275 73/317/275
f 66/271/276 365/270/276 841/318/276 382/319/276
f 365/270/277 65/267/277 389/315/277 841/318/277
f 841/318/278 389/315/278 73/317/278 380/320/278
f 382/319/279 841/318/279 380/320/279 74/321/279
f 72/313/280 378/312/280 842/322/280 397/323/280
f 378/312/281 71/309/281 398/324/281 842/322/281
f 842/322/282 398/324/282 79/325/282 393/326/282
f 397/323/283 842/322/283 393/326/283 80/327/283
f 73/317/284 379/316/284 843/328/284 399/329/284
f 379/316/285 72/313/285 397/323/285 843/328/285
f 843/328/286 397/323/286 80/327/286 394/330/286
f 399/329/287 843/328/287 394/330/287 81/331/287
f 74/321/288 380/320/288 844/332/288 400/333/288
f 380/320/289 73/317/289 399/329/289 844/332/289
f 844/332/290 399/329/290 81/331/290 395/334/290
f 400/333/291 844/332/291 395/334/291 82/335/291
f 75/293/292 745/336/292 845/337/292 401/338/292
f 180/339/293 746/340/293 845/337/293 745/336/293
f 83/341/294 401/338/294 845/337/294 746/340/294
f 68/297/295 381/296/295 846/342/295 402/343/295
f 381/296/296 75/293/296 401/338/296 846/342/296
f 846/342/297 401/338/297 83/341/297 396/344/297
f 402/343/298 846/342/298 396/344/298 76/345/298
f 69/301/299 375/300/299 847/346/299 403/347/299
f 375/300/300 68/297/300 402/343/300 847/346/300
f 847/346/301 402/343/301 76/345/301 390/348/301
f 403/347/302 847/346/302 390/348/302 77/349/302
f 70/305/303 376/304/303 848/350/303 404/351/303
f 376/304/304 69/301/304 403/347/304 848/350/304
f 848/350/305 403/347/305 77/349/305 391/352/305
f 404/351/306 848/350/306 391/352/306 78/353/306
f 71/309/307 377/308/307 849/354/307 398/324/307
f 377/308/308 70/305/308 404/351/308 849/354/308
f 849/354/309 404/351/309 78/353/309 392/355/309
f 398/324/310 849/354/310 392/355/310 79/325/310
f 76/345/311 396/344/311 850/356/311 412/357/311
f 396/344/312 83/341/312 413/358/312 850/356/312
f 850/356/313 413/358/313 91/359/313 411/360/313
f 412/357/314 850/356/314 411/360/314 84/361/314
f 77/349/315 390/348/315 851/362/315 414/363/315
f 390/348/316 76/345/316 412/357/316 851/362/316
f 851/362/317 412/357/317 84/361/317 405/364/317
f 414/363/318 851/362/318 405/364/318 85/365/318
f 78/353/319 391/352/319 852/366/319 415/367/319
f 391/352/320 77/349/320 414/363/320 852/366/320
f 852/366/321 414/363/321 85/365/321 406/368/321
f 415/367/322 852/366/322 406/368/322 86/369/322
f 79/325/323 392/355/323 853/370/323 416/371/323
f 392/355/324 78/353/324 415/367/324 853/370/324
f 853/370/325 415/367/325 86/369/325 407/372/325
f 416/371/326 853/370/326 407/372/326 87/373/326
f 80/327/327 393/326/327 854/374/327 417/375/327
f 393/326/328 79/325/328 416/371/328 854/374/328
f 854/374/329 416/371/329 87/373/329 408/376/329
f 417/375/330 854/374/330 408/376/330 88/377/330
f 81/331/331 394/330/331 855/378/331 418/379/331
f 394/330/332 80/327/332 417/375/332 855/378/332
f 855/378/333 417/375/333 88/377/333 409/380/333
f 418/379/334 855/378/334 409/380/334 89/381/334
f 82/335/335 395/334/335 856/382/335 419/383/335
f 395/334/336 81/331/336 418/379/336 856/382/336
f 856/382/337 418/379/337 89/381/337 410/384/337
f 419/383/338 856/382/338 410/384/338 90/385/338
f 83/341/339 746/386/339 857/387/339 413/358/339
f 180/388/340 747/389/340 857/387/340 746/386/340
f 91/359/341 413/358/341 857/387/341 747/389/341
f 89/381/342 409/380/342 858/390/342 427/391/342
f 409/380/343 88/377/343 428/392/343 858/390/343
f 858/390/344 428/392/344 96/393/344 424/394/344
f 427/391/345 858/390/345 424/394/345 97/395/345
f 90/385/346 410/384/346 859/396/346 429/397/346
f 410/384/347 89/381/347 427/391/347 859/396/347
f 859/396/348 427/391/348 97/395/348 425/398/348
f 429/397/349 859/396/349 425/398/349 98/399/349
f 91/359/350 747/400/350 860/401/350 430/402/350
f 180/403/351 748/404/351 860/401/351 747/400/351
f 99/405/352 430/402/352 860/401/352 748/404/352
f 84/361/353 411/360/353 861/406/353 431/407/353
f 411/360/354 91/359/354 430/402/354 861/406/354
f 861/406/355 430/402/355 99/405/355 426/408/355
f 431/407/356 861/406/356 426/408/356 92/409/356
f 85/365/357 405/364/357 862/410/357 432/411/357
f 405/364/358 84/361/358 431/407/358 862/410/358
f 862/410/359 431/407/359 92/409/359 420/412/359
f 432/411/360 862/410/360 420/412/360 93/413/360
f 86/369/361 406/368/361 863/414/361 433/415/361
f 406/368/362 85/365/362 432/411/362 863/414/362
f 863/414/363 432/411/363 93/413/363 421/416/363
f 433/415/364 863/414/364 421/416/364 94/417/364
f 87/373/365 407/372/365 864/418/365 434/419/365
f 407/372/366 86/369/366 433/415/366 864/418/366
f 864/418/367 433/415/367 94/417/367 422/420/367
f 434/419/368 864/418/368 422/420/368 95/421/368
f 88/377/369 408/376/369 865/422/369 428/392/369
f 408/376/370 87/373/370 434/419/370 865/422/370
f 865/422/371 434/419/371 95/421/371 423/423/371
f 428/392/372 865/422/372 423/423/372 96/393/372
f 93/413/373 420/412/373 866/424/373 442/425/373
f 420/412/374 92/409/374 443/426/374 866/424/374
f 866/424/375 443/426/375 100/427/375 435/428/375
f 442/425/376 866/424/376 435/428/376 101/429/376
f 94/417/377 421/416/377 867/430/377 444/431/377
f 421/416/378 93/413/378 442/425/378 867/430/378
f 867/430/379 442/425/379 101/429/379 436/432/379
f 444/431/380 867/430/380 436/432/380 102/433/380
f 95/421/381 422/420/381 868/434/381 445/435/381
f 422/420/382 94/417/382 444/431/382 868/434/382
f 868/434/383 444/431/383 102/433/383 437/436/383
f 445/435/384 868/434/384 437/436/384 103/437/384
f 96/393/385 423/423/385 869/438/385 446/439/385
f 423/423/386 95/421/386 445/435/386 869/438/386
f 869/438/387 445/435/387 103/437/387 438/440/387
f 446/439/388 869/438/388 438/440/388 104/441/388
f 97/395/389 424/394/389 870/442/389 447/443/389
f 424/394/390 96/393/390 446/439/390 870/442/390
f 870/442/391 446/439/391 104/441/391 439/444/391
f 447/443/392 870/442/392 439/444/392 105/445/392
f 98/399/393 425/398/393 871/446/393 448/447/393
f 425/398/394 97/395/394 447/443/394 871/446/394
f 871/446/395 447/443/395 105/445/395 440/448/395
f 448/447/396 871/446/396 440/448/396 106/449/396
f 99/405/397 748/450/397 872/451/397 449/452/397
f 180/453/398 749/454/398 872/451/398 748/450/398
f 107/455/399 449/452/399 872/451/399 749/454/399
f 92/409/400 426/408/400 873/456/400 443/426/400
f 426/408/401 99/405/401 449/452/401 873/456/401
f 873/456/402 449/452/402 107/455/402 441/457/402
f 443/426/403 873/456/403 441/457/403 100/427/403
f 105/445/404 439/444/404 874/458/404 457/459/404
f 439/444/405 104/441/405 458/460/405 874/458/405
f 874/458/406 458/460/406 112/461/406 454/462/406
f 457/459/407 874/458/407 454/462/407 113/463/407
f 106/449/408 440/448/408 875/464/408 459/465/408
f 440/448/409 105/445/409 457/459/409 875/464/409
f 875/464/410 457/459/410 113/463/410 455/466/410
f 459/465/411 875/464/411 455/466/411 114/467/411
f 107/455/412 749/468/412 876/469/412 460/470/412
f 180/471/413 750/472/413 876/469/413 749/468/413
f 115/473/414 460/470/414 876/469/414 750/472/414
f 100/427/415 441/457/415 877/474/415 461/475/415
f 441/457/416 107/455/416 460/470/416 877/474/416
f 877/474/417 460/470/417 115/473/417 456/476/417
f 461/475/418 877/474/418 456/476/418 108/477/418
f 101/429/419 435/428/419 878/478/419 462/479/419
f 435/428/420 100/427/420 461/475/420 878/478/420
f 878/478/421 461/475/421 108/477/421 450/480/421
f 462/479/422 878/478/422 450/480/422 109/481/422
f 102/433/423 436/432/423 879/482/423 463/483/423
f 436/432/424 101/429/424 462/479/424 879/482/424
f 879/482/425 462/479/425 109/481/425 451/484/425
f 463/483/426 879/482/426 451/484/426 110/485/426
f 103/437/427 437/436/427 880/486/427 464/487/427
f 437/436/428 102/433/428 463/483/428 880/486/428
f 880/486/429 463/483/429 110/485/429 452/488/429
f 464/487/430 880/486/430 452/488/430 111/489/430
f 104/441/431 438/440/431 881/490/431 458/460/431
f 438/440/432 103/437/432 464/487/432 881/490/432
f 881/490/433 464/487/433 111/489/433 453/491/433
f 458/460/434 881/490/434 453/491/434 112/461/434
f 110/485/435 451/484/435 882/492/435 472/493/435
f 451/484/436 109/481/436 473/494/436 882/492/436
f 882/492/437 473/494/437 117/495/437 466/496/437
f 472/493/438 882/492/438 466/496/438 118/497/438
f 111/489/439 452/488/439 883/498/439 474/499/439
f 452/488/440 110/485/440 472/493/440 883/498/440
f 883/498/441 472/493/441 118/497/441 467/500/441
f 474/499/442 883/498/442 467/500/442 119/501/442
f 112/461/443 453/491/443 884/502/443 475/503/443
f 453/491/444 111/489/444 474/499/444 884/502/444
f 884/502/445 474/499/445 119/501/445 468/504/445
f 475/503/446 884/502/446 468/504/446 120/505/446
f 113/463/447 454/462/447 885/506/447 476/507/447
f 454/462/448 112/461/448 475/503/448 885/506/448
f 885/506/449 475/503/449 120/505/449 469/508/449
f 476/507/450 885/506/450 469/508/450 121/509/450
f 114/467/451 455/466/451 886/510/451 477/511/451
f 455/466/452 113/463/452 476/507/452 886/510/452
f 886/510/453 476/507/453 121/509/453 470/512/453
f 477/511/454 886/510/454 470/512/454 122/513/454
f 115/473/455 750/514/455 887/515/455 478/516/455
f 180/517/456 751/518/456 887/515/456 750/514/456
f 123/519/457 478/516/457 887/515/457 751/518/457
f 108/477/458 456/476/458 888/520/458 479/521/458
f 456/476/459 115/473/459 478/516/459 888/520/459
f 888/520/460 478/516/460 123/519/460 471/522/460
f 479/521/461 888/520/461 471/522/461 116/523/461
f 109/481/462 450/480/462 889/524/462 473/494/462
f 450/480/463 108/477/463 479/521/463 889/524/463
f 889/524/464 479/521/464 116/523/464 465/525/464
f 473/494/465 889/524/465 465/525/465 117/495/465
f 122/513/466 470/512/466 890/526/466 487/527/466
f 470/512/467 121/509/467 488/528/467 890/526/467
f 890/526/468 488/528/468 129/529/468 485/530/468
f 487/527/469 890/526/469 485/530/469 130/531/469
f 123/519/470 751/532/470 891/533/470 489/534/470
f 180/535/471 752/536/471 891/533/471 751/532/471
f 131/537/472 489/534/472 891/533/472 752/536/472
f 116/523/473 471/522/473 892/538/473 490/539/473
f 471/522/474 123/519/474 489/534/474 892/538/474
f 892/538/475 489/534/475 131/537/475 486/540/475
f 490/539/476 892/538/476 486/540/476 124/541/476
f 117/495/477 465/525/477 893/542/477 491/543/477
f 465/525/478 116/523/478 490/539/478 893/542/478
f 893/542/479 490/539/479 124/541/479 480/544/479
f 491/543/480 893/542/480 480/544/480 125/545/480
f 118/497/481 466/496/481 894/546/481 492/547/481
f 466/496/482 117/495/482 491/543/482 894/546/482
f 894/546/483 491/543/483 125/545/483 481/548/483
f 492/547/484 894/546/484 481/548/484 126/549/484
f 119/501/485 467/500/485 895/550/485 493/551/485
f 467/500/486 118/497/486 492/547/486 895/550/486
f 895/550/487 492/547/487 126/549/487 482/552/487
f 493/551/488 895/550/488 482/552/488 127/553/488
f 120/505/489 468/504/489 896/554/489 494/555/489
f 468/504/490 119/501/490 493/551/490 896/554/490
f 896/554/491 493/551/491 127/553/491 483/556/491
f 494/555/492 896/554/492 483/556/492 128/557/492
f 121/509/493 469/508/493 897/558/493 488/528/493
f 469/508/494 120/505/494 494/555/494 897/558/494
f 897/558/495 494/555/495 128/557/495 484/559/495
f 488/528/496 897/558/496 484/559/496 129/529/496
f 126/549/497 481/548/497 898/560/497 502/561/497
f 481/548/498 125/545/498 503/562/498 898/560/498
f 898/560/499 503/562/499 133/563/499 496/564/499
f 502/561/500 898/560/500 496/564/500 134/565/500
f 127/553/501 482/552/501 899/566/501 504/567/501
f 482/552/502 126/549/502 502/561/502 899/566/502
f 899/566/503 502/561/503 134/565/503 497/568/503
f 504/567/504 899/566/504 497/568/504 135/569/504
f 128/557/505 483/556/505 900/570/505 505/571/505
f 483/556/506 127/553/506 504/567/506 900/570/506
f 900/570/507 504/567/507 135/569/507 498/572/507
f 505/571/508 900/570/508 498/572/508 136/573/508
f 129/529/509 484/559/509 901/574/509 506/575/509
f 484/559/510 128/557/510 505/571/510 901/574/510
f 901/574/511 505/571/511 136/573/511 499/576/511
f 506/575/512 901/574/512 499/576/512 137/577/512
f 130/531/513 485/530/513 902/578/513 507/579/513
f 485/530/514 129/529/514 506/575/514 902/578/514
f 902/578/515 506/575/515 137/577/515 500/580/515
f 507/579/516 902/578/516 500/580/516 138/581/516
f 131/537/517 752/582/517 903/583/517 508/584/517
f 180/585/518 753/586/518 903/583/518 752/582/518
f 139/587/519 508/584/519 903/583/519 753/586/519
f 124/541/520 486/540/520 904/588/520 509/589/520
f 486/540/521 131/537/521 508/584/521 904/588/521
f 904/588/522 508/584/522 139/587/522 501/590/522
f 509/589/523 904/588/523 501/590/523 132/591/523
f 125/545/524 480/544/524 905/592/524 503/562/524
f 480/544/525 124/541/525 509/589/525 905/592/525
f 905/592/526 509/589/526 132/591/526 495/593/526
f 503/562/527 905/592/527 495/593/527 133/563/527
f 138/581/528 500/580/528 906/594/528 517/595/528
f 500/580/529 137/577/529 518/596/529 906/594/529
f 906/594/530 518/596/530 145/597/530 515/598/530
f 517/595/531 906/594/531 515/598/531 146/599/531
f 139/587/532 753/600/532 907/601/532 519/602/532
f 180/603/533 754/604/533 907/601/533 753/600/533
f 147/605/534 519/602/534 907/601/534 754/604/534
f 132/591/535 501/590/535 908/606/535 520/607/535
f 501/590/536 139/587/536 519/602/536 908/606/536
f 908/606/537 519/602/537 147/605/537 516/608/537
f 520/607/538 908/606/538 516/608/538 140/609/538
f 133/563/539 495/593/539 909/610/539 521/611/539
f 495/593/540 132/591/540 520/607/540 909/610/540
f 909/610/541 520/607/541 140/609/541 510/612/541
f 521/611/542 909/610/542 510/612/542 141/613/542
f 134/565/543 496/564/543 910/614/543 522/615/543
f 496/564/544 133/563/544 521/611/544 910/614/544
f 910/614/545 521/611/545 141/613/545 511/616/545
f 522/615/546 910/614/546 511/616/546 142/617/546
f 135/569/547 497/568/547 911/618/547 523/619/547
f 497/568/548 134/565/548 522/615/548 911/618/548
f 911/618/549 522/615/549 142/617/549 512/620/549
f 523/619/550 911/618/550 512/620/550 143/621/550
f 136/573/551 498/572/551 912/622/551 524/623/551
f 498/572/552 135/569/552 523/619/552 912/622/552
f 912/622/553 523/619/553 143/621/553 513/624/553
f 524/623/554 912/622/554 513/624/554 144/625/554
f 137/577/555 499/576/555 913/626/555 518/596/555
f 499/576/556 136/573/556 524/623/556 913/626/556
f 913/626/557 524/623/557 144/625/557 514/627/557
f 518/596/558 913/626/558 514/627/558 145/597/558
f 143/621/559 512/620/559 914/628/559 532/629/559
f 512/620/560 142/617/560 533/630/560 914/628/560
f 914/628/561 533/630/561 150/631/561 527/632/561
f 532/629/562 914/628/562 527/632/562 151/633/562
f 144/625/563 513/624/563 915/634/563 534/635/563
f 513/624/564 143/621/564 532/629/564 915/634/564
f 915/634/565 532/629/565 151/633/565 528/636/565
f 534/635/566 915/634/566 528/636/566 152/637/566
f 145/597/567 514/627/567 916/638/567 535/639/567
f 514/627/568 144/625/568 534/635/568 916/638/568
f 916/638/569 534/635/569 152/637/569 529/640/569
f 535/639/570 916/638/570 529/640/570 153/641/570
f 146/599/571 515/598/571 917/642/571 536/643/571
f 515/598/572 145/597/572 535/639/572 917/642/572
f 917/642/573 535/639/573 153/641/573 530/644/573
f 536/643/574 917/642/574 530/644/574 154/645/574
f 147/605/575 754/646/575 918/647/575 537/648/575
f 180/649/576 755/650/576 918/647/576 754/646/576
f 155/651/577 537/648/577 918/647/577 755/650/577
f 140/609/578 516/608/578 919/652/578 538/653/578
f 516/608/579 147/605/579 537/648/579 919/652/579
f 919/652/580 537/648/580 155/651/580 531/654/580
f 538/653/581 919/652/581 531/654/581 148/655/581
f 141/613/582 510/612/582 920/656/582 539/657/582
f 510/612/583 140/609/583 538/653/583 920/656/583
f 920/656/584 538/653/584 148/655/584 525/658/584
f 539/657/585 920/656/585 525/658/585 149/659/585
f 142/617/586 511/616/586 921/660/586 533/630/586
f 511/616/587 141/613/587 539/657/587 921/660/587
f 921/660/588 539/657/588 149/659/588 526/661/588
f 533/630/589 921/660/589 526/661/589 150/631/589
f 155/651/590 755/662/590 922/663/590 548/664/590
f 180/665/591 756/666/591 922/663/591 755/662/591
f 163/667/592 548/664/592 922/663/592 756/666/592
f 148/655/593 531/654/593 923/668/593 549/669/593
f 531/654/594 155/651/594 548/664/594 923/668/594
f 923/668/595 548/664/595 163/667/595 546/670/595
f 549/669/596 923/668/596 546/670/596 156/671/596
f 149/659/597 525/658/597 924/672/597 550/673/597
f 525/658/598 148/655/598 549/669/598 924/672/598
f 924/672/599 549/669/599 156/671/599 540/674/599
f 550/673/600 924/672/600 540/674/600 157/675/600
f 150/631/601 526/661/601 925/676/601 551/677/601
f 526/661/602 149/659/602 550/673/602 925/676/602
f 925/676/603 550/673/603 157/675/603 541/678/603
f 551/677/604 925/676/604 541/678/604 158/679/604
f 151/633/605 527/632/605 926/680/605 552/681/605
f 527/632/606 150/631/606 551/677/606 926/680/606
f 926/680/607 551/677/607 158/679/607 542/682/607
f 552/681/608 926/680/608 542/682/608 159/683/608
f 152/637/609 528/636/609 927/684/609 553/685/609
f 528/636/610 151/633/610 552/681/610 927/684/610
f 927/684/611 552/681/611 159/683/611 543/686/611
f 553/685/612 927/684/612 543/686/612 160/687/612
f 153/641/613 529/640/613 928/688/613 554/689/613
f 529/640/614 152/637/614 553/685/614 928/688/614
f 928/688/615 553/685/615 160/687/615 544/690/615
f 554/689/616 928/688/616 544/690/616 161/691/616
f 154/645/617 530/644/617 929/692/617 547/693/617
f 530/644/618 153/641/618 554/689/618 929/692/618
f 929/692/619 554/689/619 161/691/619 545/694/619
f 547/693/620 929/692/620 545/694/620 162/695/620
f 160/687/621 543/686/621 930/696/621 562/697/621
f 543/686/622 159/683/622 563/698/622 930/696/622
f 930/696/623 563/698/623 167/699/623 558/700/623
f 562/697/624 930/696/624 558/700/624 168/701/624
f 161/691/625 544/690/625 931/702/625 564/703/625
f 544/690/626 160/687/626 562/697/626 931/702/626
f 931/702/627 562/697/627 168/701/627 559/704/627
f 564/703/628 931/702/628 559/704/628 169/705/628
f 162/695/629 545/694/629 932/706/629 565/707/629
f 545/694/630 161/691/630 564/703/630 932/706/630
f 932/706/631 564/703/631 169/705/631 560/708/631
f 565/707/632 932/706/632 560/708/632 170/709/632
f 163/667/633 756/710/633 933/711/633 566/712/633
f 180/713/634 757/714/634 933/711/634 756/710/634
f 171/715/635 566/712/635 933/711/635 757/714/635
f 156/671/636 546/670/636 934/716/636 567/717/636
f 546/670/637 163/667/637 566/712/637 934/716/637
f 934/716/638 566/712/638 171/715/638 561/718/638
f 567/717/639 934/716/639 561/718/639 164/719/639
f 157/675/640 540/674/640 935/720/640 568/721/640
f 540/674/641 156/671/641 567/717/641 935/720/641
f 935/720/642 567/717/642 164/719/642 555/722/642
f 568/721/643 935/720/643 555/722/643 165/723/643
f 158/679/644 541/678/644 936/724/644 569/725/644
f 541/678/645 157/675/645 568/721/645 936/724/645
f 936/724/646 568/721/646 165/723/646 556/726/646
f 569/725/647 936/724/647 556/726/647 166/727/647
f 159/683/648 542/682/648 937/728/648 563/698/648
f 542/682/649 158/679/649 569/725/649 937/728/649
f 937/728/650 569/725/650 166/727/650 557/729/650
f 563/698/651 937/728/651 557/729/651 167/699/651
f 171/715/652 757/730/652 938/731/652 578/732/652
f 180/733/653 570/734/653 938/731/653 757/730/653
f 179/735/654 578/732/654 938/731/654 570/734/654
f 164/719/655 561/718/655 939/736/655 579/737/655
f 561/718/656 171/715/656 578/732/656 939/736/656
f 939/736/657 578/732/657 179/735/657 577/738/657
f 579/737/658 939/736/658 577/738/658 172/739/658
f 165/723/659 555/722/659 940/740/659 580/741/659
f 555/722/660 164/719/660 579/737/660 940/740/660
f 940/740/661 579/737/661 172/739/661 571/742/661
f 580/741/662 940/740/662 571/742/662 173/743/662
f 166/727/663 556/726/663 941/744/663 581/745/663
f 556/726/664 165/723/664 580/741/664 941/744/664
f 941/744/665 580/741/665 173/743/665 572/746/665
f 581/745/666 941/744/666 572/746/666 174/747/666
f 167/699/667 557/729/667 942/748/667 582/749/667
f 557/729/668 166/727/668 581/745/668 942/748/668
f 942/748/669 581/745/669 174/747/669 573/750/669
f 582/749/670 942/748/670 573/750/670 175/751/670
f 168/701/671 558/700/671 943/752/671 583/753/671
f 558/700/672 167/699/672 582/749/672 943/752/672
f 943/752/673 582/749/673 175/751/673 574/754/673
f 583/753/674 943/752/674 574/754/674 176/755/674
f 169/705/675 559/704/675 944/756/675 584/757/675
f 559/704/676 168/701/676 583/753/676 944/756/676
f 944/756/677 583/753/677 176/755/677 575/758/677
f 584/757/678 944/756/678 575/758/678 177/759/678
f 170/709/679 560/708/679 945/760/679 585/761/679
f 560/708/680 169/705/680 584/757/680 945/760/680
f 945/760/681 584/757/681 177/759/681 576/762/681
f 585/761/682 945/760/682 576/762/682 178/763/682
f 176/755/683 574/754/683 946/764/683 593/765/683
f 574/754/684 175/751/684 594/766/684 946/764/684
f 946/764/685 594/766/685 184/767/685 589/768/685
f 593/765/686 946/764/686 589/768/686 185/769/686
f 177/759/687 575/758/687 947/770/687 595/771/687
f 575/758/688 176/755/688 593/765/688 947/770/688
f 947/770/689 593/765/689 185/769/689 590/772/689
f 595/771/690 947/770/690 590/772/690 186/773/690
f 178/763/691 576/762/691 948/774/691 596/775/691
f 576/762/692 177/759/692 595/771/692 948/774/692
f 948/774/693 595/771/693 186/773/693 591/776/693
f 596/775/694 948/774/694 591/776/694 187/777/694
f 179/735/695 570/778/695 949/779/695 597/780/695
f 180/781/696 758/782/696 949/779/696 570/778/696
f 188/783/697 597/780/697 949/779/697 758/782/697
f 172/739/698 577/738/698 950/784/698 598/785/698
f 577/738/699 179/735/699 597/780/699 950/784/699
f 950/784/700 597/780/700 188/783/700 592/786/700
f 598/785/701 950/784/701 592/786/701 181/787/701
f 173/743/702 571/742/702 951/788/702 599/789/702
f 571/742/703 172/739/703 598/785/703 951/788/703
f 951/788/704 598/785/704 181/787/704 586/790/704
f 599/789/705 951/788/705 586/790/705 182/791/705
f 174/747/706 572/746/706 952/792/706 600/793/706
f 572/746/707 173/743/707 599/789/707 952/792/707
f 952/792/708 599/789/708 182/791/708 587/794/708
f 600/793/709 952/792/709 587/794/709 183/795/709
f 175/751/710 573/750/710 953/796/710 594/766/710
f 573/750/711 174/747/711 600/793/711 953/796/711
f 953/796/712 600/793/712 183/795/712 588/797/712
f 594/766/713 953/796/713 588/797/713 184/767/713
f 182/791/714 586/790/714 954/798/714 608/799/714
f 586/790/715 181/787/715 609/800/715 954/798/715
f 954/798/716 609/800/716 189/801/716 601/802/716
f 608/799/717 954/798/717 601/802/717 190/803/717
f 183/795/718 587/794/718 955/804/718 610/805/718
f 587/794/719 182/791/719 608/799/719 955/804/719
f 955/804/720 608/799/720 190/803/720 602/806/720
f 610/805/721 955/804/721 602/806/721 191/807/721
f 184/767/722 588/797/722 956/808/722 611/809/722
f 588/797/723 183/795/723 610/805/723 956/808/723
f 956/808/724 610/805/724 191/807/724 603/810/724
f 611/809/725 956/808/725 603/810/725 192/811/725
f 185/769/726 589/768/726 957/812/726 612/813/726
f 589/768/727 184/767/727 611/809/727 957/812/727
f 957/812/728 611/809/728 192/811/728 604/814/728
f 612/813/729 957/812/729 604/814/729 193/815/729
f 186/773/730 590/772/730 958/816/730 613/817/730
f 590/772/731 185/769/731 612/813/731 958/816/731
f 958/816/732 612/813/732 193/815/732 605/818/732
f 613/817/733 958/816/733 605/818/733 194/819/733
f 187/777/734 591/776/734 959/820/734 614/821/734
f 591/776/735 186/773/735 613/817/735 959/820/735
f 959/820/736 613/817/736 194/819/736 606/822/736
f 614/821/737 959/820/737 606/822/737 195/823/737
f 188/783/738 758/824/738 960/825/738 615/826/738
f 180/827/739 759/828/739 960/825/739 758/824/739
f 196/829/740 615/826/740 960/825/740 759/828/740
f 181/787/741 592/786/741 961/830/741 609/800/741
f 592/786/742 188/783/742 615/826/742 961/830/742
f 961/830/743 615/826/743 196/829/743 607/831/743
f 609/800/744 961/830/744 607/831/744 189/801/744
f 194/832/745 605/833/745 962/834/745 623/835/745
f 605/833/746 193/836/746 624/837/746 962/834/746
f 962/834/747 624/837/747 201/838/747 620/839/747
f 623/835/748 962/834/748 620/839/748 202/840/748
f 195/841/749 606/842/749 963/843/749 625/844/749
f 606/842/750 194/832/750 623/835/750 963/843/750
f 963/843/751 623/835/751 202/840/751 621/845/751
f 625/844/752 963/843/752 621/845/752 203/846/752
f 196/847/753 759/848/753 964/849/753 626/850/753
f 180/851/754 760/852/754 964/849/754 759/848/754
f 204/853/755 626/850/755 964/849/755 760/852/755
f 189/854/756 607/855/756 965/856/756 627/857/756
f 607/855/757 196/847/757 626/850/757 965/856/757
f 965/856/758 626/850/758 204/853/758 622/858/758
f 627/857/759 965/856/759 622/858/759 197/859/759
f 190/860/760 601/861/760 966/862/760 628/863/760
f 601/861/761 189/854/761 627/857/761 966/862/761
f 966/862/762 627/857/762 197/859/762 616/864/762
f 628/863/763 966/862/763 616/864/763 198/865/763
f 191/866/764 602/867/764 967/868/764 629/869/764
f 602/867/765 190/860/765 628/863/765 967/868/765
f 967/868/766 628/863/766 198/865/766 617/870/766
f 629/869/767 967/868/767 617/870/767 199/871/767
f 192/872/768 603/873/768 968/874/768 630/875/768
f 603/873/769 191/866/769 629/869/769 968/874/769
f 968/874/770 629/869/770 199/871/770 618/876/770
f 630/875/771 968/874/771 618/876/771 200/877/771
f 193/836/772 604/878/772 969/879/772 624/837/772
f 604/878/773 192/872/773 630/875/773 969/879/773
f 969/879/774 630/875/774 200/877/774 619/880/774
f 624/837/775 969/879/775 619/880/775 201/838/775
f 198/865/776 616/864/776 970/881/776 638/882/776
f 616/864/777 197/859/777 639/883/777 970/881/777
f 970/881/778 639/883/778 205/884/778 631/885/778
f 638/882/779 970/881/779 631/885/779 206/886/779
f 199/871/780 617/870/780 971/887/780 640/888/780
f 617/870/781 198/865/781 638/882/781 971/887/781
f 971/887/782 638/882/782 206/886/782 632/889/782
f 640/888/783 971/887/783 632/889/783 207/890/783
f 200/877/784 618/876/784 972/891/784 641/892/784
f 618/876/785 199/871/785 640/888/785 972/891/785
f 972/891/786 640/888/786 207/890/786 633/893/786
f 641/892/787 972/891/787 633/893/787 208/894/787
f 201/838/788 619/880/788 973/895/788 642/896/788
f 619/880/789 200/877/789 641/892/789 973/895/789
f 973/895/790 641/892/790 208/894/790 634/897/790
f 642/896/791 973/895/791 634/897/791 209/898/791
f 202/840/792 620/839/792 974/899/792 643/900/792
f 620/839/793 201/838/793 642/896/793 974/899/793
f 974/899/794 642/896/794 209/898/794 635/901/794
f 643/900/795 974/899/795 635/901/795 210/902/795
f 203/846/796 621/845/796 975/903/796 644/904/796
f 621/845/797 202/840/797 643/900/797 975/903/797
f 975/903/798 643/900/798 210/902/798 636/905/798
f 644/904/799 975/903/799 636/905/799 211/906/799
f 204/853/800 760/907/800 976/908/800 645/909/800
f 180/910/801 761/911/801 976/908/801 760/907/801
f 212/912/802 645/909/802 976/908/802 761/911/802
f 197/859/803 622/858/803 977/913/803 639/883/803
f 622/858/804 204/853/804 645/909/804 977/913/804
f 977/913/805 645/909/805 212/912/805 637/914/805
f 639/883/806 977/913/806 637/914/806 205/884/806
f 210/902/807 635/901/807 978/915/807 653/916/807
f 635/901/808 209/898/808 654/917/808 978/915/808
f 978/915/809 654/917/809 217/918/809 650/919/809
f 653/916/810 978/915/810 650/919/810 218/920/810
f 211/906/811 636/905/811 979/921/811 655/922/811
f 636/905/812 210/902/812 653/916/812 979/921/812
f 979/921/813 653/916/813 218/920/813 651/923/813
f 655/922/814 979/921/814 651/923/814 219/924/814
f 212/912/815 761/925/815 980/926/815 656/927/815
f 180/928/816 762/929/816 980/926/816 761/925/816
f 220/930/817 656/927/817 980/926/817 762/929/817
f 205/884/818 637/914/818 981/931/818 657/932/818
f 637/914/819 212/912/819 656/927/819 981/931/819
f 981/931/820 656/927/820 220/930/820 652/933/820
f 657/932/821 981/931/821 652/933/821 213/934/821
f 206/886/822 631/885/822 982/935/822 658/936/822
f 631/885/823 205/884/823 657/932/823 982/935/823
f 982/935/824 657/932/824 213/934/824 646/937/824
f 658/936/825 982/935/825 646/937/825 214/938/825
f 207/890/826 632/889/826 983/939/826 659/940/826
f 632/889/827 206/886/827 658/936/827 983/939/827
f 983/939/828 658/936/828 214/938/828 647/941/828
f 659/940/829 983/939/829 647/941/829 215/942/829
f 208/894/830 633/893/830 984/943/830 660/944/830
f 633/893/831 207/890/831 659/940/831 984/943/831
f 984/943/832 659/940/832 215/942/832 648/945/832
f 660/944/833 984/943/833 648/945/833 216/946/833
f 209/898/834 634/897/834 985/947/834 654/917/834
f 634/897/835 208/894/835 660/944/835 985/947/835
f 985/947/836 660/944/836 216/946/836 649/948/836
f 654/917/837 985/947/837 649/948/837 217/918/837
f 215/942/838 647/941/838 986/949/838 668/950/838
f 647/941/839 214/938/839 669/951/839 986/949/839
f 986/949/840 669/951/840 222/952/840 662/953/840
f 668/950/841 986/949/841 662/953/841 223/954/841
f 216/946/842 648/945/842 987/955/842 670/956/842
f 648/945/843 215/942/843 668/950/843 987/955/843
f 987/955/844 668/950/844 223/954/844 663/957/844
f 670/956/845 987/955/845 663/957/845 224/958/845
f 217/918/846 649/948/846 988/959/846 671/960/846
f 649/948/847 216/946/847 670/956/847 988/959/847
f 988/959/848 670/956/848 224/958/848 664/961/848
f 671/960/849 988/959/849 664/961/849 225/962/849
f 218/920/850 650/919/850 989/963/850 672/964/850
f 650/919/851 217/918/851 671/960/851 989/963/851
f 989/963/852 671/960/852 225/962/852 665/965/852
f 672/964/853 989/963/853 665/965/853 226/966/853
f 219/924/854 651/923/854 990/967/854 673/968/854
f 651/923/855 218/920/855 672/964/855 990/967/855
f 990/967/856 672/964/856 226/966/856 666/969/856
f 673/968/857 990/967/857 666/969/857 227/970/857
f 220/930/858 762/971/858 991/972/858 674/973/858
f 180/974/859 763/975/859 991/972/859 762/971/859
f 228/976/860 674/973/860 991/972/860 763/975/860
f 213/934/861 652/933/861 992/977/861 675/978/861
f 652/933/862 220/930/862 674/973/862 992/977/862
f 992/977/863 674/973/863 228/976/863 667/979/863
f 675/978/864 992/977/864 667/979/864 221/980/864
f 214/938/865 646/937/865 993/981/865 669/951/865
f 646/937/866 213/934/866 675/978/866 993/981/866
f 993/981/867 675/978/867 221/980/867 661/982/867
f 669/951/868 993/981/868 661/982/868 222/952/868
f 227/970/869 666/969/869 994/983/869 683/984/869
f 666/969/870 226/966/870 684/985/870 994/983/870
f 994/983/871 684/985/871 234/986/871 681/987/871
f 683/984/872 994/983/872 681/987/872 235/988/872
f 228/976/873 763/989/873 995/990/873 685/991/873
f 180/992/874 764/993/874 995/990/874 763/989/874
f 236/994/875 685/991/875 995/990/875 764/993/875
f 221/980/876 667/979/876 996/995/876 686/996/876
f 667/979/877 228/976/877 685/991/877 996/995/877
f 996/995/878 685/991/878 236/994/878 682/997/878
f 686/996/879 996/995/879 682/997/879 229/998/879
f 222/952/880 661/982/880 997/999/880 687/1000/880
f 661/982/881 221/980/881 686/996/881 997/999/881
f 997/999/882 686/996/882 229/998/882 676/1001/882
f 687/1000/883 997/999/883 676/1001/883 230/1002/883
f 223/954/884 662/953/884 998/1003/884 688/1004/884
f 662/953/885 222/952/885 687/1000/885 998/1003/885
f 998/1003/886 687/1000/886 230/1002/886 677/1005/886
f 688/1004/887 998/1003/887 677/1005/887 231/1006/887
f 224/958/888 663/957/888 999/1007/888 689/1008/888
f 663/957/889 223/954/889 688/1004/889 999/1007/889
f 999/1007/890 688/1004/890 231/1006/890 678/1009/890
f 689/1008/891 999/1007/891 678/1009/891 232/1010/891
f 225/962/892 664/961/892 1000/1011/892 690/1012/892
f 664/961/893 224/958/893 689/1008/893 1000/1011/893
f 1000/1011/894 689/1008/894 232/1010/894 679/1013/894
f 690/1012/895 1000/1011/895 679/1013/895 233/1014/895
f 226/966/896 665/965/896 1001/1015/896 684/985/896
f 665/965/897 225/962/897 690/1012/897 1001/1015/897
f 1001/1015/898 690/1012/898 233/1014/898 680/1016/898
f 684/985/899 1001/1015/899 680/1016/899 234/986/899
f 232/1010/900 678/1009/900 1002/1017/900 698/1018/900
f 678/1009/901 231/1006/901 699/1019/901 1002/1017/901
f 1002/1017/902 699/1019/902 239/1020/902 693/1021/902
f 698/1018/903 1002/1017/903 693/1021/903 240/1022/903
f 233/1014/904 679/1013/904 1003/1023/904 700/1024/904
f 679/1013/905 232/1010/905 698/1018/905 1003/1023/905
f 1003/1023/906 698/1018/906 240/1022/906 694/1025/906
f 700/1024/907 1003/1023/907 694/1025/907 241/1026/907
f 234/986/908 680/1016/908 1004/1027/908 701/1028/908
f 680/1016/909 233/1014/909 700/1024/909 1004/1027/909
f 1004/1027/910 700/1024/910 241/1026/910 695/1029/910
f 701/1028/911 1004/1027/911 695/1029/911 242/1030/911
f 235/988/912 681/987/912 1005/1031/912 702/1032/912
f 681/987/913 234/986/913 701/1028/913 1005/1031/913
f 1005/1031/914 701/1028/914 242/1030/914 696/1033/914
f 702/1032/915 1005/1031/915 696/1033/915 243/1034/915
f 236/994/916 764/1035/916 1006/1036/916 703/1037/916
f 180/1038/917 765/1039/917 1006/1036/917 764/1035/917
f 244/1040/918 703/1037/918 1006/1036/918 765/1039/918
f 229/998/919 682/997/919 1007/1041/919 704/1042/919
f 682/997/920 236/994/920 703/1037/920 1007/1041/920
f 1007/1041/921 703/1037/921 244/1040/921 697/1043/921
f 704/1042/922 1007/1041/922 697/1043/922 237/1044/922
f 230/1002/923 676/1001/923 1008/1045/923 705/1046/923
f 676/1001/924 229/998/924 704/1042/924 1008/1045/924
f 1008/1045/925 704/1042/925 237/1044/925 691/1047/925
f 705/1046/926 1008/1045/926 691/1047/926 238/1048/926
f 231/1006/927 677/1005/927 1009/1049/927 699/1019/927
f 677/1005/928 230/1002/928 705/1046/928 1009/1049/928
f 1009/1049/929 705/1046/929 238/1048/929 692/1050/929
f 699/1019/930 1009/1049/930 692/1050/930 239/1020/930
f 244/1040/931 765/1051/931 1010/1052/931 714/1053/931
f 180/1054/932 766/1055/932 1010/1052/932 765/1051/932
f 252/1056/933 714/1053/933 1010/1052/933 766/1055/933
f 237/1044/934 697/1043/934 1011/1057/934 715/1058/934
f 697/1043/935 244/1040/935 714/1053/935 1011/1057/935
f 1011/1057/936 714/1053/936 252/1056/936 712/1059/936
f 715/1058/937 1011/1057/937 712/1059/937 245/1060/937
f 238/1048/938 691/1047/938 1012/1061/938 716/1062/938
f 691/1047/939 237/1044/939 715/1058/939 1012/1061/939
f 1012/1061/940 715/1058/940 245/1060/940 706/1063/940
f 716/1062/941 1012/1061/941 706/1063/941 246/1064/941
f 239/1020/942 692/1050/942 1013/1065/942 717/1066/942
f 692/1050/943 238/1048/943 716/1062/943 1013/1065/943
f 1013/1065/944 716/1062/944 246/1064/944 707/1067/944
f 717/1066/945 1013/1065/945 707/1067/945 247/1068/945
f 240/1022/946 693/1021/946 1014/1069/946 718/1070/946
f 693/1021/947 239/1020/947 717/1066/947 1014/1069/947
f 1014/1069/948 717/1066/948 247/1068/948 708/1071/948
f 718/1070/949 1014/1069/949 708/1071/949 248/1072/949
f 241/1026/950 694/1025/950 1015/1073/950 719/1074/950
f 694/1025/951 240/1022/951 718/1070/951 1015/1073/951
f 1015/1073/952 718/1070/952 248/1072/952 709/1075/952
f 719/1074/953 1015/1073/953 709/1075/953 249/1076/953
f 242/1030/954 695/1029/954 1016/1077/954 720/1078/954
f 695/1029/955 241/1026/955 719/1074/955 1016/1077/955
f 1016/1077/956 719/1074/956 249/1076/956 710/1079/956
f 720/1078/957 1016/1077/957 710/1079/957 250/1080/957
f 243/1034/958 696/1033/958 1017/1081/958 713/1082/958
f 696/1033/959 242/1030/959 720/1078/959 1017/1081/959
f 1017/1081/960 720/1078/960 250/1080/960 711/1083/960
f 713/1082/961 1017/1081/961 711/1083/961 251/1084/961
f 248/1072/962 708/1071/962 1018/1085/962 767/1086/962
f 708/1071/963 247/1068/963 724/1087/963 1018/1085/963
f 1018/1085/964 724/1087/964 255/12/964 731/10/964
f 767/1086/965 1018/1085/965 731/10/965 10/5/965
f 249/1076/966 709/1075/966 1019/1088/966 768/1089/966
f 709/1075/967 248/1072/967 767/1086/967 1019/1088/967
f 1019/1088/968 767/1086/968 10/5/968 265/2/968
f 768/1089/969 1019/1088/969 265/2/969 9/1/969
f 250/1080/970 710/1079/970 1020/1090/970 769/1091/970
f 710/1079/971 249/1076/971 768/1089/971 1020/1090/971
f 1020/1090/972 768/1089/972 9/1/972 264/47/972
f 769/1091/973 1020/1090/973 264/47/973 8/42/973
f 251/1084/974 711/1083/974 1021/1092/974 725/1093/974
f 711/1083/975 250/1080/975 769/1091/975 1021/1092/975
f 1021/1092/976 769/1091/976 8/42/976 730/39/976
f 725/1093/977 1021/1092/977 730/39/977 256/38/977
f 252/1056/978 766/1094/978 1022/1095/978 726/1096/978
f 180/1097/979 732/1098/979 1022/1095/979 766/1094/979
f 257/30/980 726/1096/980 1022/1095/980 732/1098/980
f 245/1060/981 712/1059/981 1023/1099/981 727/1100/981
f 712/1059/982 252/1056/982 726/1096/982 1023/1099/982
f 1023/1099/983 726/1096/983 257/30/983 723/28/983
f 727/1100/984 1023/1099/984 723/28/984 253/24/984
f 246/1064/985 706/1063/985 1024/1101/985 728/1102/985
f 706/1063/986 245/1060/986 727/1100/986 1024/1101/986
f 1024/1101/987 727/1100/987 253/24/987 721/22/987
f 728/1102/988 1024/1101/988 721/22/988 254/18/988
f 247/1068/989 707/1067/989 1025/1103/989 724/1087/989
f 707/1067/990 246/1064/990 728/1102/990 1025/1103/990
f 1025/1103/991 728/1102/991 254/18/991 722/16/991
f 724/1087/992 1025/1103/992 722/16/992 255/12/992
g Cube_Cube
v 1.003399 0.047407 0.934986
v 0.431576 0.223200 -0.076631
v 0.666148 -0.433740 0.159478
v 0.959602 -0.097643 -0.310788
v 0.408808 0.278455 0.624775
v 1.200578 -0.407819 0.510126
v 1.401642 -0.253655 0.000509
v 0.948723 0.658773 -0.040532
v 1.213742 0.635068 0.529306
v 1.520641 0.382953 0.182893
vn -0.5762 -0.4508 -0.6817
vn 0.0873 -0.8354 -0.5426
vn -0.3748 0.9026 0.2118
vn -0.6388 0.7651 -0.0810
vn 0.8833 -0.1780 0.4338
vn -0.9413 -0.3375 -0.0040
vn -0.4704 -0.6435 0.6038
vn 0.1880 -0.9582 -0.2157
vn -0.1736 0.6008 0.7803
vn 0.7879 0.1330 0.6012
vn 0.5278 0.2252 -0.8190
vn 0.4858 0.8531 -0.1905
vn -0.2104 0.3262 -0.9216
vt 0.550384 0.206938
vt 0.375000 0.305791
vt 0.375000 0.049496
vt 0.180791 0.500000
vt 0.330928 0.574320
vt 0.125000 0.700504
vt 0.804283 0.500000
vt 0.842867 0.681766
vt 0.658516 0.626313
vt 0.875000 0.500000
vt 0.501754 0.540833
vt 0.565165 0.799791
vt 0.325310 0.750000
vt 0.604031 0.069198
vt 0.375000 1.000000
vt 0.375000 0.799690
vt 0.578028 1.000000
vt 0.615335 0.592735
vt 0.589707 0.775249
vt 0.581909 0.353207
s 0
g Cube_Material
usemtl Material
f 1027/1104/993 1029/1105/993 1028/1106/993
f 1029/1107/994 1032/1108/994 1028/1109/994
f 1033/1110/995 1030/1111/995 1034/1112/995
f 1030/1111/996 1033/1110/996 1027/1113/996
f 1035/1114/997 1026/1115/997 1031/1116/997 1032/1108/997
f 1028/1106/998 1030/1117/998 1027/1104/998
f 1028/1118/999 1031/1119/999 1026/1115/999 1030/1120/999
f 1032/1108/1000 1031/1116/1000 1028/1109/1000
f 1034/1121/1001 1030/1111/1001 1026/1122/1001
f 1026/1115/1002 1035/1114/1002 1034/1121/1002
f 1035/1114/1003 1032/1108/1003 1029/1105/1003 1033/1123/1003
f 1035/1114/1004 1033/1123/1004 1034/1121/1004
f 1029/1105/1005 1027/1104/1005 1033/1123/1005
g Circle.001_Circle.001
v 0.073705 0.917962 -0.370538
v 0.107002 0.826144 -0.537937
v 0.136188 0.702578 -0.684664
v 0.160140 0.552012 -0.805080
v 0.177939 0.380232 -0.894557
v 0.188899 0.193841 -0.949657
v 0.193841 0.000000 -0.974503
v 0.000000 0.193841 -0.968262
v 0.000000 0.380232 -0.912083
v 0.000000 0.552012 -0.820853
v 0.038970 0.973792 -0.195917
v 0.144577 0.917962 -0.349039
v 0.209893 0.826144 -0.506726
v 0.267143 0.702578 -0.644940
v 0.314127 0.552012 -0.758369
v 0.349039 0.380232 -0.842655
v 0.370538 0.193841 -0.894557
v 0.380232 0.000000 -0.917962
v 0.076443 0.973792 -0.184550
v 0.209893 0.917962 -0.314127
v 0.304717 0.826144 -0.456041
v 0.387831 0.702578 -0.580431
v 0.456041 0.552012 -0.682514
v 0.506726 0.380232 -0.758369
v 0.537938 0.193841 -0.805080
v 0.552012 0.000000 -0.826144
v 0.110978 0.973792 -0.166091
v 0.267143 0.917962 -0.267143
v 0.387831 0.826144 -0.387831
v 0.493616 0.702578 -0.493616
v 0.580431 0.552012 -0.580431
v 0.644940 0.380232 -0.644940
v 0.684665 0.193841 -0.684664
v 0.702578 0.000000 -0.702578
v 0.141248 0.973792 -0.141248
v 0.314127 0.917962 -0.209893
v 0.456041 0.826144 -0.304717
v 0.580431 0.702578 -0.387831
v 0.682514 0.552012 -0.456041
v 0.758369 0.380232 -0.506726
v 0.805080 0.193841 -0.537937
v 0.826144 0.000000 -0.552012
v 0.166091 0.973792 -0.110978
v 0.349039 0.917962 -0.144577
v 0.506726 0.826144 -0.209893
v 0.644940 0.702578 -0.267143
v 0.758369 0.552012 -0.314127
v 0.842654 0.380232 -0.349039
v 0.894557 0.193841 -0.370538
v 0.917962 0.000000 -0.380232
v 0.184550 0.973792 -0.076443
v 0.370538 0.917962 -0.073705
v 0.537937 0.826144 -0.107002
v 0.684664 0.702578 -0.136188
v 0.805080 0.552012 -0.160140
v 0.894557 0.380232 -0.177939
v 0.949657 0.193841 -0.188898
v 0.974503 0.000000 -0.193841
v 0.195917 0.973792 -0.038970
v 0.377797 0.917962 0.000000
v 0.548476 0.826144 0.000000
v 0.698078 0.702578 0.000000
v 0.820853 0.552012 0.000000
v 0.912083 0.380232 -0.000000
v 0.968262 0.193841 0.000000
v 0.993595 0.000000 0.000000
v 0.199755 0.973792 0.000000
v 0.370538 0.917962 0.073705
v 0.537937 0.826144 0.107002
v 0.684664 0.702578 0.136188
v 0.805080 0.552012 0.160140
v 0.894557 0.380232 0.177939
v 0.949657 0.193841 0.188899
v 0.974503 0.000000 0.193841
v 0.195917 0.973792 0.038970
v 0.349039 0.917962 0.144577
v 0.506726 0.826144 0.209893
v 0.644940 0.702578 0.267143
v 0.758369 0.552012 0.314127
v 0.842654 0.380232 0.349039
v 0.894557 0.193841 0.370538
v 0.917962 0.000000 0.380232
v 0.184550 0.973792 0.076443
v 0.314127 0.917962 0.209893
v 0.456041 0.826144 0.304717
v 0.580431 0.702578 0.387831
v 0.682514 0.552012 0.456041
v 0.758369 0.380232 0.506726
v 0.805080 0.193841 0.537937
v 0.826144 0.000000 0.552012
v 0.166090 0.973792 0.110978
v 0.267143 0.917962 0.267143
v 0.387831 0.826144 0.387831
v 0.493616 0.702578 0.493616
v 0.580430 0.552012 0.580430
v 0.644940 0.380232 0.644940
v 0.684664 0.193841 0.684664
v 0.702577 0.000000 0.702578
v 0.141248 0.973792 0.141248
v 0.209893 0.917962 0.314127
v 0.304717 0.826144 0.456041
v 0.387831 0.702578 0.580430
v 0.456041 0.552012 0.682514
v 0.506726 0.380232 0.758369
v 0.537937 0.193841 0.805080
v 0.552011 0.000000 0.826144
v 0.110978 0.973792 0.166090
v 0.144577 0.917962 0.349039
v 0.209893 0.826144 0.506726
v 0.267143 0.702578 0.644940
v 0.314127 0.552012 0.758369
v 0.349039 0.380232 0.842654
v 0.370538 0.193841 0.894557
v 0.380232 0.000000 0.917962
v 0.076443 0.973792 0.184550
v 0.073704 0.917962 0.370538
v 0.107002 0.826144 0.537937
v 0.136188 0.702578 0.684664
v 0.160140 0.552012 0.805080
v 0.177938 0.380232 0.894557
v 0.188898 0.193841 0.949657
v 0.193840 0.000000 0.974503
v 0.038970 0.973792 0.195917
v -0.000000 0.917962 0.377797
v -0.000000 0.826144 0.548476
v -0.000000 0.702578 0.698078
v -0.000000 0.552012 0.820853
v -0.000000 0.380232 0.912082
v -0.000000 0.193841 0.968262
v -0.000000 0.000000 0.993595
v -0.000000 0.973792 0.199755
v -0.073705 0.917962 0.370538
v -0.107002 0.826144 0.537937
v -0.136188 0.702578 0.684664
v -0.160140 0.552012 0.805080
v -0.177938 0.380232 0.894557
v -0.188899 0.193841 0.949657
v -0.193841 0.000000 0.974503
v -0.038970 0.973792 0.195917
v -0.144577 0.917962 0.349039
v -0.209893 0.826144 0.506726
v -0.267143 0.702578 0.644940
v -0.314127 0.552012 0.758369
v -0.349039 0.380232 0.842654
v -0.370538 0.193841 0.894557
v -0.380232 0.000000 0.917961
v -0.076443 0.973792 0.184550
v -0.209893 0.917962 0.314127
v -0.304717 0.826144 0.456041
v -0.387831 0.702578 0.580430
v -0.456041 0.552012 0.682514
v -0.506726 0.380232 0.758369
v -0.537937 0.193841 0.805080
v -0.552012 0.000000 0.826143
v -0.110978 0.973792 0.166090
v -0.267143 0.917962 0.267143
v -0.387831 0.826144 0.387831
v -0.493615 0.702578 0.493615
v -0.580430 0.552012 0.580430
v -0.644940 0.380232 0.644940
v -0.684664 0.193841 0.684664
v -0.702578 0.000000 0.702577
v -0.141248 0.973792 0.141248
v -0.314127 0.917962 0.209893
v -0.456041 0.826144 0.304717
v -0.580430 0.702578 0.387831
v -0.682514 0.552012 0.456041
v -0.758369 0.380232 0.506726
v -0.805080 0.193841 0.537937
v -0.826144 0.000000 0.552011
v -0.166090 0.973792 0.110978
v -0.349039 0.917962 0.144577
v -0.506726 0.826144 0.209893
v -0.644940 0.702578 0.267143
v -0.758369 0.552012 0.314126
v -0.842654 0.380232 0.349039
v -0.894557 0.193841 0.370537
v -0.917962 0.000000 0.380232
v -0.184550 0.973792 0.076443
v 0.000000 0.997577 0.000000
v -0.370538 0.917962 0.073704
v -0.537937 0.826144 0.107002
v -0.684664 0.702578 0.136188
v -0.805080 0.552012 0.160140
v -0.894557 0.380232 0.177938
v -0.949657 0.193841 0.188898
v -0.974503 0.000000 0.193840
v -0.195917 0.973792 0.038970
v -0.377797 0.917962 -0.000000
v -0.548476 0.826144 -0.000000
v -0.698078 0.702578 -0.000000
v -0.820852 0.552012 -0.000000
v -0.912082 0.380232 -0.000000
v -0.968261 0.193841 -0.000000
v -0.993594 0.000000 -0.000000
v -0.199755 0.973792 -0.000000
v -0.370538 0.917962 -0.073705
v -0.537937 0.826144 -0.107002
v -0.684664 0.702578 -0.136188
v -0.805080 0.552012 -0.160140
v -0.894557 0.380232 -0.177939
v -0.949656 0.193841 -0.188899
v -0.974503 0.000000 -0.193841
v -0.195917 0.973792 -0.038970
v -0.349039 0.917962 -0.144577
v -0.506726 0.826144 -0.209893
v -0.644940 0.702578 -0.267143
v -0.758369 0.552012 -0.314127
v -0.842654 0.380232 -0.349039
v -0.894557 0.193841 -0.370538
v -0.917961 0.000000 -0.380232
v -0.184550 0.973792 -0.076443
v -0.314127 0.917962 -0.209893
v -0.456041 0.826144 -0.304717
v -0.580430 0.702578 -0.387831
v -0.682514 0.552012 -0.456041
v -0.758369 0.380232 -0.506726
v -0.805080 0.193841 -0.537937
v -0.826143 0.000000 -0.552012
v -0.166090 0.973792 -0.110978
v -0.267143 0.917962 -0.267143
v -0.387831 0.826144 -0.387831
v -0.493615 0.702578 -0.493615
v -0.580430 0.552012 -0.580430
v -0.644939 0.380232 -0.644940
v -0.684664 0.193841 -0.684664
v -0.702577 0.000000 -0.702577
v -0.141248 0.973792 -0.141248
v -0.209893 0.917962 -0.314127
v -0.304717 0.826144 -0.456041
v -0.387831 0.702578 -0.580430
v -0.456041 0.552012 -0.682514
v -0.506726 0.380232 -0.758369
v -0.537937 0.193841 -0.805080
v -0.552011 0.000000 -0.826144
v -0.110978 0.973792 -0.166090
v -0.144577 0.917962 -0.349039
v -0.209892 0.826144 -0.506726
v -0.267143 0.702578 -0.644940
v -0.314126 0.552012 -0.758369
v -0.349039 0.380232 -0.842654
v -0.370537 0.193841 -0.894557
v -0.380232 0.000000 -0.917961
v -0.076443 0.973792 -0.184550
v -0.073704 0.917962 -0.370538
v -0.107002 0.826144 -0.537937
v -0.136188 0.702578 -0.684664
v -0.160140 0.552012 -0.805080
v -0.177938 0.380232 -0.894557
v -0.188898 0.193841 -0.949656
v -0.193840 0.000000 -0.974503
v -0.038970 0.973792 -0.195917
v 0.000000 0.917962 -0.377797
v 0.000000 0.826144 -0.548476
v 0.000000 0.702578 -0.698078
v 0.000000 0.000000 -0.993594
v 0.000000 0.973792 -0.199755
v 0.090790 0.876269 -0.456434
v 0.122183 0.768056 -0.614256
v 0.148881 0.630328 -0.748474
v 0.169857 0.468376 -0.853927
v 0.184305 0.288424 -0.926565
v 0.191826 0.097389 -0.964376
v 0.000000 0.288424 -0.944718
v 0.000000 0.468376 -0.870657
v 0.056083 0.950719 -0.281948
v 0.089399 0.380232 -0.907687
v 0.080457 0.552012 -0.816897
v 0.094906 0.193841 -0.963596
v 0.178092 0.876269 -0.429951
v 0.239671 0.768056 -0.578617
v 0.292040 0.630328 -0.705047
v 0.333186 0.468376 -0.804382
v 0.361528 0.288424 -0.872805
v 0.376281 0.097389 -0.908422
v 0.110011 0.950719 -0.265589
v 0.238280 0.552012 -0.785504
v 0.202641 0.702578 -0.668016
v 0.264763 0.380232 -0.872805
v 0.281071 0.193841 -0.926565
v 0.288424 0.000000 -0.950808
v 0.058513 0.973614 -0.192890
v 0.159214 0.826144 -0.524857
v 0.109668 0.917962 -0.361528
v 0.258549 0.876269 -0.386946
v 0.347948 0.768056 -0.520741
v 0.423976 0.630328 -0.634525
v 0.483711 0.468376 -0.723925
v 0.524857 0.288424 -0.785504
v 0.546275 0.097389 -0.817558
v 0.159711 0.950719 -0.239024
v 0.468376 0.000000 -0.876269
v 0.456434 0.193841 -0.853927
v 0.095019 0.973614 -0.177769
v 0.178092 0.917962 -0.333186
v 0.258549 0.826144 -0.483711
v 0.329070 0.702578 -0.615647
v 0.386946 0.552012 -0.723925
v 0.429951 0.380232 -0.804382
v 0.329070 0.876269 -0.329070
v 0.442854 0.768056 -0.442854
v 0.539619 0.630328 -0.539619
v 0.615647 0.468376 -0.615647
v 0.668016 0.288424 -0.668016
v 0.695276 0.097389 -0.695276
v 0.203273 0.950719 -0.203273
v 0.442854 0.702578 -0.539619
v 0.347948 0.826144 -0.423976
v 0.520741 0.552012 -0.634525
v 0.578617 0.380232 -0.705047
v 0.614257 0.193841 -0.748474
v 0.630328 0.000000 -0.768056
v 0.127874 0.973614 -0.155815
v 0.239671 0.917962 -0.292040
v 0.386946 0.876269 -0.258549
v 0.520741 0.768056 -0.347948
v 0.634525 0.630328 -0.423976
v 0.723925 0.468376 -0.483711
v 0.785504 0.288424 -0.524857
v 0.817558 0.097389 -0.546275
v 0.239024 0.950719 -0.159711
v 0.768056 0.000000 -0.630327
v 0.748474 0.193841 -0.614256
v 0.155815 0.973614 -0.127874
v 0.292040 0.917962 -0.239671
v 0.423976 0.826144 -0.347948
v 0.539620 0.702578 -0.442854
v 0.634525 0.552012 -0.520741
v 0.705047 0.380232 -0.578617
v 0.429951 0.876269 -0.178092
v 0.578617 0.768056 -0.239671
v 0.705047 0.630328 -0.292040
v 0.804382 0.468376 -0.333186
v 0.872805 0.288424 -0.361528
v 0.908422 0.097389 -0.376281
v 0.265589 0.950719 -0.110011
v 0.723925 0.552012 -0.386946
v 0.615647 0.702578 -0.329070
v 0.804382 0.380232 -0.429951
v 0.853927 0.193841 -0.456434
v 0.876269 0.000000 -0.468375
v 0.177769 0.973614 -0.095019
v 0.333186 0.917962 -0.178092
v 0.483711 0.826144 -0.258549
v 0.456434 0.876269 -0.090790
v 0.614256 0.768056 -0.122183
v 0.748474 0.630328 -0.148881
v 0.853927 0.468376 -0.169857
v 0.926565 0.288424 -0.184305
v 0.964376 0.097389 -0.191826
v 0.281948 0.950719 -0.056083
v 0.950807 0.000000 -0.288424
v 0.192890 0.973614 -0.058513
v 0.361528 0.917962 -0.109668
v 0.524857 0.826144 -0.159214
v 0.668016 0.702578 -0.202641
v 0.785504 0.552012 -0.238280
v 0.872805 0.380232 -0.264763
v 0.926565 0.193841 -0.281070
v 0.465376 0.876269 0.000000
v 0.626290 0.768056 0.000000
v 0.763137 0.630328 0.000000
v 0.870657 0.468376 0.000000
v 0.944718 0.288424 0.000000
v 0.983269 0.097389 0.000000
v 0.287471 0.950719 0.000000
v 0.816897 0.552012 -0.080457
v 0.694714 0.702578 -0.068423
v 0.907687 0.380232 -0.089399
v 0.963596 0.193841 -0.094906
v 0.988807 0.000000 -0.097389
v 0.200599 0.973614 -0.019757
v 0.375976 0.917962 -0.037030
v 0.545833 0.826144 -0.053760
v 0.456434 0.876269 0.090790
v 0.614256 0.768056 0.122183
v 0.748474 0.630328 0.148881
v 0.853927 0.468376 0.169857
v 0.926565 0.288424 0.184305
v 0.964376 0.097389 0.191826
v 0.281948 0.950719 0.056083
v 0.988807 0.000000 0.097389
v 0.200599 0.973614 0.019757
v 0.375976 0.917962 0.037030
v 0.545833 0.826144 0.053760
v 0.694714 0.702578 0.068423
v 0.816897 0.552012 0.080457
v 0.907687 0.380232 0.089399
v 0.963596 0.193841 0.094906
v 0.429951 0.876269 0.178092
v 0.578617 0.768056 0.239671
v 0.705047 0.630328 0.292040
v 0.804382 0.468376 0.333186
v 0.872805 0.288424 0.361528
v 0.908422 0.097389 0.376281
v 0.265589 0.950719 0.110011
v 0.872805 0.380232 0.264763
v 0.785504 0.552012 0.238280
v 0.926565 0.193841 0.281071
v 0.950807 0.000000 0.288424
v 0.192890 0.973614 0.058513
v 0.361528 0.917962 0.109668
v 0.524857 0.826144 0.159214
v 0.668016 0.702578 0.202641
v 0.386946 0.876269 0.258549
v 0.520741 0.768056 0.347948
v 0.634525 0.630328 0.423976
v 0.723924 0.468376 0.483711
v 0.785504 0.288424 0.524857
v 0.817558 0.097389 0.546275
v 0.239024 0.950719 0.159711
v 0.333186 0.917962 0.178092
v 0.177769 0.973614 0.095019
v 0.483711 0.826144 0.258549
v 0.615647 0.702578 0.329070
v 0.723924 0.552012 0.386946
v 0.804382 0.380232 0.429951
v 0.853927 0.193841 0.456434
v 0.876269 0.000000 0.468376
v 0.329070 0.876269 0.329070
v 0.442854 0.768056 0.442854
v 0.539619 0.630328 0.539619
v 0.615647 0.468376 0.615647
v 0.668016 0.288424 0.668016
v 0.695276 0.097389 0.695276
v 0.203273 0.950719 0.203273
v 0.748473 0.193841 0.614256
v 0.705047 0.380232 0.578617
v 0.768056 0.000000 0.630328
v 0.155815 0.973614 0.127874
v 0.292040 0.917962 0.239671
v 0.423976 0.826144 0.347948
v 0.539619 0.702578 0.442854
v 0.634525 0.552012 0.520741
v 0.258549 0.876269 0.386946
v 0.347948 0.768056 0.520741
v 0.423976 0.630328 0.634525
v 0.483711 0.468376 0.723925
v 0.524857 0.288424 0.785504
v 0.546275 0.097389 0.817558
v 0.159711 0.950719 0.239024
v 0.347948 0.826144 0.423976
v 0.239671 0.917962 0.292040
v 0.442854 0.702578 0.539619
v 0.520741 0.552012 0.634525
v 0.578617 0.380232 0.705047
v 0.614256 0.193841 0.748474
v 0.630327 0.000000 0.768056
v 0.127874 0.973614 0.155815
v 0.178091 0.876269 0.429951
v 0.239671 0.768056 0.578617
v 0.292040 0.630328 0.705047
v 0.333186 0.468376 0.804382
v 0.361528 0.288424 0.872805
v 0.376280 0.097389 0.908422
v 0.110011 0.950719 0.265589
v 0.456433 0.193841 0.853927
v 0.429951 0.380232 0.804382
v 0.468375 0.000000 0.876269
v 0.095019 0.973614 0.177769
v 0.178091 0.917962 0.333186
v 0.258549 0.826144 0.483711
v 0.329070 0.702578 0.615647
v 0.386946 0.552012 0.723925
v 0.090790 0.876269 0.456434
v 0.122183 0.768056 0.614256
v 0.148881 0.630328 0.748473
v 0.169857 0.468376 0.853927
v 0.184305 0.288424 0.926565
v 0.191826 0.097389 0.964375
v 0.056083 0.950719 0.281948
v 0.202640 0.702578 0.668016
v 0.159214 0.826144 0.524857
v 0.238280 0.552012 0.785504
v 0.264763 0.380232 0.872805
v 0.281070 0.193841 0.926565
v 0.288424 0.000000 0.950807
v 0.058513 0.973614 0.192890
v 0.109668 0.917962 0.361528
v -0.000000 0.876269 0.465376
v -0.000000 0.768056 0.626290
v -0.000000 0.630328 0.763137
v -0.000000 0.468376 0.870657
v -0.000000 0.288424 0.944717
v -0.000000 0.097389 0.983269
v -0.000000 0.950719 0.287471
v 0.097389 0.000000 0.988806
v 0.094906 0.193841 0.963595
v 0.019757 0.973614 0.200599
v 0.037030 0.917962 0.375976
v 0.053760 0.826144 0.545833
v 0.068423 0.702578 0.694714
v 0.080457 0.552012 0.816897
v 0.089399 0.380232 0.907687
v -0.090790 0.876269 0.456434
v -0.122183 0.768056 0.614256
v -0.148881 0.630328 0.748473
v -0.169857 0.468376 0.853927
v -0.184305 0.288424 0.926565
v -0.191826 0.097389 0.964375
v -0.056083 0.950719 0.281948
v -0.068423 0.702578 0.694714
v -0.053760 0.826144 0.545833
v -0.080457 0.552012 0.816897
v -0.089399 0.380232 0.907687
v -0.094906 0.193841 0.963595
v -0.097389 0.000000 0.988806
v -0.019757 0.973614 0.200599
v -0.037030 0.917962 0.375976
v -0.178092 0.876269 0.429951
v -0.239671 0.768056 0.578617
v -0.292040 0.630328 0.705047
v -0.333186 0.468376 0.804382
v -0.361528 0.288424 0.872805
v -0.376281 0.097389 0.908422
v -0.110011 0.950719 0.265589
v -0.288424 0.000000 0.950807
v -0.281071 0.193841 0.926565
v -0.058513 0.973614 0.192890
v -0.109668 0.917962 0.361528
v -0.159214 0.826144 0.524857
v -0.202641 0.702578 0.668016
v -0.238280 0.552012 0.785504
v -0.264763 0.380232 0.872805
v -0.258549 0.876269 0.386946
v -0.347948 0.768056 0.520741
v -0.423976 0.630328 0.634525
v -0.483711 0.468376 0.723924
v -0.524857 0.288424 0.785504
v -0.546275 0.097389 0.817558
v -0.159711 0.950719 0.239024
v -0.386946 0.552012 0.723924
v -0.329070 0.702578 0.615647
v -0.429951 0.380232 0.804382
v -0.456434 0.193841 0.853927
v -0.468376 0.000000 0.876269
v -0.095019 0.973614 0.177768
v -0.178092 0.917962 0.333186
v -0.258549 0.826144 0.483711
v -0.329070 0.876269 0.329070
v -0.442854 0.768056 0.442854
v -0.539619 0.630328 0.539619
v -0.615647 0.468376 0.615647
v -0.668016 0.288424 0.668016
v -0.695276 0.097389 0.695276
v -0.203273 0.950719 0.203273
v -0.630327 0.000000 0.768056
v -0.127874 0.973614 0.155815
v -0.239671 0.917962 0.292040
v -0.347948 0.826144 0.423976
v -0.442854 0.702578 0.539619
v -0.520741 0.552012 0.634525
v -0.578617 0.380232 0.705046
v -0.614256 0.193841 0.748473
v -0.386946 0.876269 0.258549
v -0.520741 0.768056 0.347948
v -0.634525 0.630328 0.423976
v -0.723924 0.468376 0.483711
v -0.785504 0.288424 0.524857
v -0.817558 0.097389 0.546274
v -0.239024 0.950719 0.159711
v -0.705047 0.380232 0.578617
v -0.634525 0.552012 0.520741
v -0.748473 0.193841 0.614256
v -0.768056 0.000000 0.630327
v -0.155815 0.973614 0.127874
v -0.292040 0.917962 0.239671
v -0.423976 0.826144 0.347948
v -0.539619 0.702578 0.442854
v -0.109146 0.987361 0.045210
v -0.429951 0.876269 0.178091
v -0.578617 0.768056 0.239671
v -0.705047 0.630328 0.292040
v -0.804382 0.468376 0.333186
v -0.872805 0.288424 0.361528
v -0.908422 0.097389 0.376280
v -0.265589 0.950719 0.110010
v -0.177768 0.973614 0.095019
v -0.333186 0.917962 0.178091
v -0.483711 0.826144 0.258549
v -0.615647 0.702578 0.329070
v -0.723924 0.552012 0.386946
v -0.804382 0.380232 0.429951
v -0.853927 0.193841 0.456433
v -0.876269 0.000000 0.468375
v -0.456433 0.876269 0.090790
v -0.614256 0.768056 0.122183
v -0.748473 0.630328 0.148881
v -0.853927 0.468376 0.169857
v -0.926565 0.288424 0.184305
v -0.964375 0.097389 0.191826
v -0.281948 0.950719 0.056083
v -0.872805 0.380232 0.264762
v -0.785504 0.552012 0.238280
v -0.926565 0.193841 0.281070
v -0.950807 0.000000 0.288424
v -0.192890 0.973614 0.058513
v -0.361528 0.917962 0.109668
v -0.524857 0.826144 0.159213
v -0.668016 0.702578 0.202640
v -0.465376 0.876269 -0.000000
v -0.626290 0.768057 -0.000000
v -0.763137 0.630328 -0.000000
v -0.870656 0.468376 -0.000000
v -0.944717 0.288424 -0.000000
v -0.983268 0.097389 -0.000000
v -0.287471 0.950719 -0.000000
v -0.545833 0.826144 0.053760
v -0.375976 0.917962 0.037030
v -0.694714 0.702578 0.068423
v -0.816897 0.552012 0.080457
v -0.907687 0.380232 0.089399
v -0.963595 0.193841 0.094906
v -0.988806 0.000000 0.097388
v -0.200599 0.973614 0.019757
v -0.456433 0.876269 -0.090790
v -0.614256 0.768056 -0.122183
v -0.748473 0.630328 -0.148881
v -0.853927 0.468376 -0.169857
v -0.926565 0.288424 -0.184305
v -0.964375 0.097389 -0.191826
v -0.281948 0.950719 -0.056083
v -0.963595 0.193841 -0.094906
v -0.907687 0.380232 -0.089399
v -0.988806 0.000000 -0.097389
v -0.200599 0.973614 -0.019757
v -0.375976 0.917962 -0.037030
v -0.545833 0.826144 -0.053760
v -0.694713 0.702578 -0.068423
v -0.816896 0.552012 -0.080457
v -0.429951 0.876269 -0.178092
v -0.578617 0.768056 -0.239671
v -0.705047 0.630328 -0.292040
v -0.804382 0.468376 -0.333186
v -0.872805 0.288424 -0.361528
v -0.908421 0.097389 -0.376281
v -0.265589 0.950719 -0.110011
v -0.524857 0.826144 -0.159214
v -0.361528 0.917962 -0.109668
v -0.668016 0.702578 -0.202641
v -0.785504 0.552012 -0.238280
v -0.872805 0.380232 -0.264763
v -0.926565 0.193841 -0.281071
v -0.950807 0.000000 -0.288424
v -0.192890 0.973614 -0.058513
v -0.386945 0.876269 -0.258549
v -0.520741 0.768056 -0.347948
v -0.634525 0.630328 -0.423976
v -0.723924 0.468376 -0.483711
v -0.785504 0.288424 -0.524857
v -0.817558 0.097389 -0.546275
v -0.239024 0.950719 -0.159711
v -0.853927 0.193841 -0.456434
v -0.804382 0.380232 -0.429951
v -0.876268 0.000000 -0.468376
v -0.177768 0.973614 -0.095019
v -0.333186 0.917962 -0.178092
v -0.483711 0.826144 -0.258549
v -0.615647 0.702578 -0.329070
v -0.723924 0.552012 -0.386946
v -0.329070 0.876269 -0.329070
v -0.442854 0.768056 -0.442854
v -0.539619 0.630328 -0.539619
v -0.615647 0.468376 -0.615647
v -0.668016 0.288424 -0.668016
v -0.695275 0.097389 -0.695276
v -0.203273 0.950719 -0.203273
v -0.539619 0.702578 -0.442854
v -0.423976 0.826144 -0.347948
v -0.634525 0.552012 -0.520741
v -0.705046 0.380232 -0.578617
v -0.748473 0.193841 -0.614256
v -0.768055 0.000000 -0.630327
v -0.155815 0.973614 -0.127874
v -0.292040 0.917962 -0.239671
v -0.258549 0.876269 -0.386946
v -0.347948 0.768056 -0.520741
v -0.423976 0.630328 -0.634525
v -0.483711 0.468376 -0.723924
v -0.524857 0.288424 -0.785504
v -0.546274 0.097389 -0.817558
v -0.159710 0.950719 -0.239024
v -0.630327 0.000000 -0.768056
v -0.614256 0.193841 -0.748473
v -0.127874 0.973614 -0.155815
v -0.239671 0.917962 -0.292040
v -0.347948 0.826144 -0.423976
v -0.442854 0.702578 -0.539619
v -0.520741 0.552012 -0.634525
v -0.578617 0.380232 -0.705047
v -0.178091 0.876269 -0.429951
v -0.239671 0.768056 -0.578617
v -0.292040 0.630328 -0.705046
v -0.333186 0.468376 -0.804382
v -0.361528 0.288424 -0.872805
v -0.376280 0.097389 -0.908422
v -0.110010 0.950719 -0.265589
v -0.386945 0.552012 -0.723924
v -0.329070 0.702578 -0.615647
v -0.429951 0.380232 -0.804382
v -0.456433 0.193841 -0.853927
v -0.468375 0.000000 -0.876269
v -0.095019 0.973614 -0.177768
v -0.178091 0.917962 -0.333186
v -0.258549 0.826144 -0.483711
v -0.090790 0.876269 -0.456433
v -0.122183 0.768056 -0.614256
v -0.148880 0.630328 -0.748473
v -0.169857 0.468376 -0.853927
v -0.184305 0.288424 -0.926565
v -0.191826 0.097389 -0.964375
v -0.056083 0.950719 -0.281948
v -0.288424 0.000000 -0.950807
v -0.058513 0.973614 -0.192890
v -0.109668 0.917962 -0.361528
v -0.159213 0.826144 -0.524857
v -0.202640 0.702578 -0.668016
v -0.238280 0.552012 -0.785504
v -0.264762 0.380232 -0.872805
v -0.281070 0.193841 -0.926565
v 0.000000 0.876269 -0.465375
v 0.000000 0.768056 -0.626290
v 0.000000 0.950719 -0.287471
v -0.068423 0.702578 -0.694713
v -0.097388 0.000000 -0.988806
v -0.019757 0.973614 -0.200599
v -0.037030 0.917962 -0.375976
v -0.053760 0.826144 -0.545833
v 0.023048 0.987361 -0.115869
v 0.000000 0.097389 -0.983269
v 0.000000 0.630328 -0.763137
v 0.000000 0.987361 -0.118139
v 0.068423 0.702578 -0.694714
v 0.053760 0.826144 -0.545833
v 0.037030 0.917962 -0.375976
v 0.019757 0.973614 -0.200599
v 0.097389 0.000000 -0.988806
v 0.045210 0.987361 -0.109146
v 0.065634 0.987361 -0.098229
v 0.083537 0.987361 -0.083537
v 0.098229 0.987361 -0.065634
v 0.109146 0.987361 -0.045210
v 0.115869 0.987361 -0.023048
v 0.118139 0.987361 0.000000
v 0.115869 0.987361 0.023048
v 0.109146 0.987361 0.045210
v 0.098229 0.987361 0.065634
v 0.083537 0.987361 0.083537
v 0.065634 0.987361 0.098229
v 0.045210 0.987361 0.109146
v 0.023048 0.987361 0.115869
v -0.000000 0.987361 0.118139
v -0.023048 0.987361 0.115869
v -0.045210 0.987361 0.109146
v -0.065634 0.987361 0.098229
v -0.083537 0.987361 0.083537
v -0.098229 0.987361 0.065634
v -0.115869 0.987361 0.023048
v -0.118139 0.987361 -0.000000
v -0.115869 0.987361 -0.023048
v -0.109146 0.987361 -0.045210
v -0.098229 0.987361 -0.065634
v -0.083537 0.987361 -0.083537
v -0.065634 0.987361 -0.098229
v -0.045210 0.987361 -0.109146
v -0.023048 0.987361 -0.115869
v -0.080457 0.552012 -0.816897
v -0.089399 0.380232 -0.907687
v -0.094906 0.193841 -0.963595
v 0.085339 0.468376 -0.866461
v 0.074800 0.630328 -0.759459
v 0.061387 0.768056 -0.623272
v 0.045615 0.876269 -0.463133
v 0.028199 0.950696 -0.286312
v 0.013329 0.985270 -0.135336
v 0.096377 0.097389 -0.978530
v 0.092598 0.288424 -0.940165
v 0.221526 0.630328 -0.730274
v 0.252737 0.468376 -0.833163
v 0.274236 0.288424 -0.904035
v 0.285427 0.097389 -0.940926
v 0.039476 0.985270 -0.130136
v 0.135091 0.876269 -0.445335
v 0.083514 0.950696 -0.275309
v 0.181802 0.768056 -0.599320
v 0.463508 0.097389 -0.867163
v 0.064106 0.985270 -0.119934
v 0.135620 0.950696 -0.253726
v 0.219376 0.876269 -0.410423
v 0.295230 0.768056 -0.552337
v 0.359739 0.630328 -0.673024
v 0.410423 0.468376 -0.767848
v 0.445335 0.288424 -0.833163
v 0.397313 0.768056 -0.484127
v 0.484127 0.630328 -0.589911
v 0.552337 0.468376 -0.673024
v 0.599320 0.288424 -0.730274
v 0.623777 0.097389 -0.760074
v 0.086272 0.985270 -0.105123
v 0.182513 0.950696 -0.222393
v 0.295230 0.876269 -0.359739
v 0.760074 0.097389 -0.623777
v 0.105123 0.985270 -0.086272
v 0.222393 0.950696 -0.182513
v 0.359739 0.876269 -0.295230
v 0.484127 0.768056 -0.397313
v 0.589911 0.630328 -0.484127
v 0.673024 0.468376 -0.552337
v 0.730274 0.288424 -0.599320
v 0.673024 0.630328 -0.359739
v 0.767848 0.468376 -0.410423
v 0.833163 0.288424 -0.445335
v 0.867163 0.097389 -0.463508
v 0.119934 0.985270 -0.064106
v 0.253726 0.950696 -0.135620
v 0.410423 0.876269 -0.219376
v 0.552337 0.768056 -0.295230
v 0.130136 0.985270 -0.039476
v 0.275309 0.950696 -0.083514
v 0.445335 0.876269 -0.135091
v 0.599320 0.768056 -0.181802
v 0.730274 0.630328 -0.221526
v 0.833163 0.468376 -0.252737
v 0.904035 0.288424 -0.274236
v 0.940926 0.097389 -0.285427
v 0.759459 0.630328 -0.074800
v 0.866461 0.468376 -0.085339
v 0.940165 0.288424 -0.092598
v 0.978530 0.097389 -0.096377
v 0.135336 0.985270 -0.013329
v 0.286312 0.950696 -0.028199
v 0.463133 0.876269 -0.045615
v 0.623272 0.768056 -0.061387
v 0.135336 0.985270 0.013329
v 0.286312 0.950696 0.028199
v 0.463133 0.876269 0.045615
v 0.623272 0.768056 0.061387
v 0.759459 0.630328 0.074800
v 0.866461 0.468376 0.085339
v 0.940165 0.288424 0.092598
v 0.978530 0.097389 0.096377
v 0.833163 0.468376 0.252737
v 0.904035 0.288424 0.274236
v 0.940926 0.097389 0.285427
v 0.130136 0.985270 0.039476
v 0.275309 0.950696 0.083514
v 0.445335 0.876269 0.135091
v 0.599320 0.768056 0.181802
v 0.730274 0.630328 0.221526
v 0.253726 0.950696 0.135620
v 0.410423 0.876269 0.219376
v 0.552337 0.768056 0.295230
v 0.673024 0.630328 0.359739
v 0.767848 0.468376 0.410423
v 0.833163 0.288424 0.445335
v 0.867162 0.097389 0.463508
v 0.119934 0.985270 0.064106
v 0.730274 0.288424 0.599320
v 0.760074 0.097389 0.623777
v 0.105123 0.985270 0.086272
v 0.222393 0.950696 0.182513
v 0.359739 0.876269 0.295230
v 0.484127 0.768056 0.397313
v 0.589910 0.630328 0.484127
v 0.673024 0.468376 0.552337
v 0.295230 0.876269 0.359739
v 0.397313 0.768056 0.484127
v 0.484127 0.630328 0.589911
v 0.552337 0.468376 0.673024
v 0.599320 0.288424 0.730274
v 0.623777 0.097389 0.760074
v 0.086272 0.985270 0.105123
v 0.182513 0.950696 0.222393
v 0.445335 0.288424 0.833163
v 0.463508 0.097389 0.867162
v 0.064106 0.985270 0.119934
v 0.135620 0.950696 0.253726
v 0.219376 0.876269 0.410423
v 0.295230 0.768056 0.552336
v 0.359739 0.630328 0.673024
v 0.410423 0.468376 0.767848
v 0.181802 0.768056 0.599320
v 0.221526 0.630328 0.730274
v 0.252737 0.468376 0.833163
v 0.274236 0.288424 0.904035
v 0.285426 0.097389 0.940926
v 0.039476 0.985270 0.130136
v 0.083514 0.950696 0.275309
v 0.135091 0.876269 0.445335
v 0.096377 0.097389 0.978530
v 0.013329 0.985270 0.135336
v 0.028199 0.950696 0.286312
v 0.045615 0.876269 0.463133
v 0.061387 0.768056 0.623272
v 0.074800 0.630328 0.759459
v 0.085339 0.468376 0.866461
v 0.092598 0.288424 0.940165
v -0.061387 0.768056 0.623272
v -0.074800 0.630328 0.759459
v -0.085339 0.468376 0.866461
v -0.092598 0.288424 0.940165
v -0.096377 0.097389 0.978530
v -0.013329 0.985270 0.135336
v -0.028199 0.950696 0.286312
v -0.045615 0.876269 0.463133
v -0.285427 0.097389 0.940926
v -0.039476 0.985270 0.130136
v -0.083514 0.950696 0.275309
v -0.135091 0.876269 0.445335
v -0.181802 0.768056 0.599320
v -0.221526 0.630328 0.730274
v -0.252737 0.468376 0.833163
v -0.274236 0.288424 0.904035
v -0.359739 0.630328 0.673024
v -0.410423 0.468376 0.767847
v -0.445335 0.288424 0.833163
v -0.463508 0.097389 0.867162
v -0.064106 0.985270 0.119934
v -0.135620 0.950696 0.253726
v -0.219376 0.876269 0.410423
v -0.295230 0.768056 0.552336
v -0.086272 0.985270 0.105123
v -0.182513 0.950696 0.222393
v -0.295230 0.876269 0.359739
v -0.397313 0.768056 0.484127
v -0.484127 0.630328 0.589910
v -0.552336 0.468376 0.673024
v -0.599320 0.288424 0.730273
v -0.623777 0.097389 0.760074
v -0.673024 0.468376 0.552336
v -0.730274 0.288424 0.599320
v -0.760074 0.097389 0.623776
v -0.105123 0.985270 0.086272
v -0.222393 0.950696 0.182513
v -0.359739 0.876269 0.295230
v -0.484127 0.768056 0.397313
v -0.589911 0.630328 0.484127
v -0.119934 0.985270 0.064106
v -0.253726 0.950696 0.135619
v -0.410423 0.876269 0.219376
v -0.552336 0.768056 0.295230
v -0.673024 0.630328 0.359739
v -0.767847 0.468376 0.410423
v -0.833163 0.288424 0.445335
v -0.867162 0.097389 0.463507
v -0.833163 0.468376 0.252737
v -0.904035 0.288424 0.274236
v -0.940926 0.097389 0.285426
v -0.130136 0.985270 0.039476
v -0.275309 0.950696 0.083514
v -0.445335 0.876269 0.135091
v -0.599320 0.768056 0.181802
v -0.730273 0.630328 0.221526
v -0.463133 0.876269 0.045615
v -0.623272 0.768057 0.061387
v -0.759459 0.630328 0.074800
v -0.866461 0.468376 0.085339
v -0.940165 0.288424 0.092598
v -0.978530 0.097389 0.096376
v -0.135336 0.985270 0.013329
v -0.286312 0.950696 0.028199
v -0.940165 0.288424 -0.092598
v -0.978530 0.097389 -0.096377
v -0.135336 0.985270 -0.013329
v -0.286312 0.950696 -0.028199
v -0.463133 0.876269 -0.045615
v -0.623272 0.768056 -0.061387
v -0.759459 0.630328 -0.074800
v -0.866461 0.468376 -0.085339
v -0.445335 0.876269 -0.135091
v -0.599320 0.768056 -0.181802
v -0.730273 0.630328 -0.221526
v -0.833163 0.468376 -0.252737
v -0.904034 0.288424 -0.274236
v -0.940925 0.097389 -0.285427
v -0.130136 0.985270 -0.039476
v -0.275309 0.950696 -0.083514
v -0.833163 0.288424 -0.445335
v -0.867162 0.097389 -0.463508
v -0.119934 0.985270 -0.064106
v -0.253726 0.950696 -0.135619
v -0.410423 0.876269 -0.219376
v -0.552336 0.768056 -0.295230
v -0.673024 0.630328 -0.359739
v -0.767847 0.468376 -0.410423
v -0.484127 0.768056 -0.397313
v -0.589910 0.630328 -0.484127
v -0.673024 0.468376 -0.552336
v -0.730273 0.288424 -0.599320
v -0.760073 0.097389 -0.623777
v -0.105123 0.985270 -0.086272
v -0.222393 0.950696 -0.182513
v -0.359739 0.876269 -0.295230
v -0.623776 0.097389 -0.760074
v -0.086272 0.985270 -0.105123
v -0.182513 0.950696 -0.222393
v -0.295230 0.876269 -0.359739
v -0.397313 0.768056 -0.484127
v -0.484127 0.630328 -0.589910
v -0.552336 0.468376 -0.673024
v -0.599320 0.288424 -0.730273
v -0.359739 0.630328 -0.673024
v -0.410423 0.468376 -0.767847
v -0.445335 0.288424 -0.833163
v -0.463507 0.097389 -0.867162
v -0.064106 0.985270 -0.119934
v -0.135619 0.950696 -0.253726
v -0.219375 0.876269 -0.410423
v -0.295230 0.768056 -0.552336
v -0.039476 0.985270 -0.130135
v -0.083514 0.950696 -0.275309
v -0.135091 0.876269 -0.445335
v -0.181802 0.768056 -0.599320
v -0.221526 0.630328 -0.730273
v -0.252737 0.468376 -0.833163
v -0.274236 0.288424 -0.904034
v -0.285426 0.097389 -0.940925
v -0.074800 0.630328 -0.759459
v -0.085339 0.468376 -0.866461
v -0.092598 0.288424 -0.940165
v -0.096376 0.097389 -0.978530
v -0.013329 0.985270 -0.135336
v -0.028199 0.950696 -0.286312
v -0.045614 0.876269 -0.463133
v -0.061387 0.768056 -0.623272
vn 0.0445 0.4249 -0.9041
vn 0.0422 0.5112 -0.8584
vn 0.1261 0.5112 -0.8502
vn 0.1328 0.4249 -0.8954
vn 0.0395 0.5928 -0.8044
vn 0.0365 0.6687 -0.7426
vn 0.1091 0.6687 -0.7355
vn 0.1181 0.5928 -0.7966
vn 0.0331 0.7384 -0.6735
vn 0.0294 0.8010 -0.5979
vn 0.0878 0.8010 -0.5922
vn 0.0989 0.7384 -0.6670
vn 0.0254 0.8560 -0.5163
vn 0.0211 0.9027 -0.4297
vn 0.0631 0.9027 -0.4256
vn 0.0758 0.8560 -0.5114
vn 0.0159 0.9399 -0.3412
vn 0.0057 0.9666 -0.2561
vn 0.0443 0.9666 -0.2523
vn 0.0510 0.9399 -0.3377
vn -0.0253 0.9851 -0.1703
vn 0.0088 0.9959 -0.0897
vn 0.0580 0.9851 -0.1621
vn 0.0488 0.1053 -0.9932
vn 0.0485 0.1536 -0.9869
vn 0.1450 0.1536 -0.9775
vn 0.1459 0.1053 -0.9837
vn 0.0477 0.2413 -0.9693
vn 0.0463 0.3346 -0.9412
vn 0.1382 0.3346 -0.9322
vn 0.1424 0.2413 -0.9600
vn 0.1957 0.5928 -0.7812
vn 0.1807 0.6687 -0.7212
vn 0.2505 0.6687 -0.7001
vn 0.2713 0.5928 -0.7583
vn 0.2200 0.4249 -0.8781
vn 0.2089 0.5112 -0.8337
vn 0.2895 0.5112 -0.8092
vn 0.3049 0.4249 -0.8523
vn 0.2358 0.2413 -0.9414
vn 0.2290 0.3346 -0.9141
vn 0.3174 0.3346 -0.8873
vn 0.3269 0.2413 -0.9137
vn 0.2417 0.1053 -0.9646
vn 0.2401 0.1536 -0.9585
vn 0.3329 0.1536 -0.9304
vn 0.3350 0.1053 -0.9363
vn 0.0084 0.9851 -0.1720
vn 0.0262 0.9959 -0.0862
vn 0.0885 0.9851 -0.1476
vn 0.1256 0.8560 -0.5015
vn 0.1046 0.9027 -0.4174
vn 0.1449 0.9027 -0.4051
vn 0.1741 0.8560 -0.4867
vn 0.0822 0.9399 -0.3315
vn 0.0556 0.9666 -0.2500
vn 0.0927 0.9666 -0.2388
vn 0.1159 0.9399 -0.3213
vn 0.1639 0.7384 -0.6541
vn 0.1455 0.8010 -0.5807
vn 0.2017 0.8010 -0.5637
vn 0.2272 0.7384 -0.6349
vn 0.4252 0.1053 -0.8989
vn 0.4225 0.1536 -0.8933
vn 0.5080 0.1536 -0.8476
vn 0.5112 0.1053 -0.8530
vn 0.0418 0.9851 -0.1670
vn 0.0425 0.9959 -0.0795
vn 0.1156 0.9851 -0.1275
vn 0.1453 0.9399 -0.3091
vn 0.1033 0.9666 -0.2344
vn 0.1375 0.9666 -0.2161
vn 0.1763 0.9399 -0.2925
vn 0.2210 0.8560 -0.4673
vn 0.1840 0.9027 -0.3889
vn 0.2212 0.9027 -0.3691
vn 0.2658 0.8560 -0.4434
vn 0.2883 0.7384 -0.6096
vn 0.2560 0.8010 -0.5412
vn 0.3078 0.8010 -0.5135
vn 0.3467 0.7384 -0.5784
vn 0.3444 0.5928 -0.7280
vn 0.3179 0.6687 -0.6721
vn 0.3822 0.6687 -0.6378
vn 0.4140 0.5928 -0.6908
vn 0.3871 0.4249 -0.8183
vn 0.3675 0.5112 -0.7769
vn 0.4418 0.5112 -0.7372
vn 0.4653 0.4249 -0.7765
vn 0.4150 0.2413 -0.8773
vn 0.4029 0.3346 -0.8519
vn 0.4844 0.3346 -0.8083
vn 0.4989 0.2413 -0.8324
vn 0.4017 0.7384 -0.5416
vn 0.3566 0.8010 -0.4808
vn 0.4020 0.8010 -0.4436
vn 0.4528 0.7384 -0.4997
vn 0.4798 0.5928 -0.6468
vn 0.4429 0.6687 -0.5972
vn 0.4993 0.6687 -0.5509
vn 0.5408 0.5928 -0.5967
vn 0.5393 0.4249 -0.7271
vn 0.5120 0.5112 -0.6903
vn 0.5772 0.5112 -0.6368
vn 0.6079 0.4249 -0.6708
vn 0.5781 0.2413 -0.7795
vn 0.5614 0.3346 -0.7569
vn 0.6328 0.3346 -0.6983
vn 0.6517 0.2413 -0.7191
vn 0.5924 0.1053 -0.7987
vn 0.5887 0.1536 -0.7937
vn 0.6636 0.1536 -0.7322
vn 0.6678 0.1053 -0.7369
vn 0.0736 0.9851 -0.1556
vn 0.0572 0.9959 -0.0697
vn 0.1383 0.9851 -0.1025
vn 0.2028 0.9399 -0.2749
vn 0.1470 0.9666 -0.2097
vn 0.1770 0.9666 -0.1851
vn 0.2300 0.9399 -0.2525
vn 0.3080 0.8560 -0.4152
vn 0.2563 0.9027 -0.3456
vn 0.2889 0.9027 -0.3188
vn 0.3472 0.8560 -0.3831
vn 0.7369 0.1053 -0.6678
vn 0.7322 0.1536 -0.6636
vn 0.7937 0.1536 -0.5887
vn 0.7987 0.1053 -0.5924
vn 0.1025 0.9851 -0.1383
vn 0.0697 0.9959 -0.0572
vn 0.1556 0.9851 -0.0736
vn 0.2525 0.9399 -0.2300
vn 0.1851 0.9666 -0.1770
vn 0.2097 0.9666 -0.1470
vn 0.2749 0.9399 -0.2028
vn 0.3831 0.8560 -0.3472
vn 0.3188 0.9027 -0.2889
vn 0.3456 0.9027 -0.2563
vn 0.4152 0.8560 -0.3080
vn 0.4997 0.7384 -0.4528
vn 0.4436 0.8010 -0.4020
vn 0.4808 0.8010 -0.3566
vn 0.5416 0.7384 -0.4017
vn 0.5967 0.5928 -0.5408
vn 0.5509 0.6687 -0.4993
vn 0.5972 0.6687 -0.4429
vn 0.6468 0.5928 -0.4798
vn 0.6708 0.4249 -0.6079
vn 0.6368 0.5112 -0.5772
vn 0.6903 0.5112 -0.5120
vn 0.7271 0.4249 -0.5393
vn 0.7191 0.2413 -0.6517
vn 0.6983 0.3346 -0.6328
vn 0.7569 0.3346 -0.5614
vn 0.7795 0.2413 -0.5781
vn 0.6908 0.5928 -0.4140
vn 0.6378 0.6687 -0.3822
vn 0.6721 0.6687 -0.3179
vn 0.7280 0.5928 -0.3444
vn 0.7765 0.4249 -0.4653
vn 0.7372 0.5112 -0.4418
vn 0.7769 0.5112 -0.3675
vn 0.8183 0.4249 -0.3871
vn 0.8324 0.2413 -0.4989
vn 0.8083 0.3346 -0.4844
vn 0.8519 0.3346 -0.4029
vn 0.8773 0.2413 -0.4150
vn 0.8530 0.1053 -0.5112
vn 0.8476 0.1536 -0.5080
vn 0.8933 0.1536 -0.4225
vn 0.8989 0.1053 -0.4252
vn 0.1275 0.9851 -0.1156
vn 0.0795 0.9959 -0.0425
vn 0.1670 0.9851 -0.0418
vn 0.2925 0.9399 -0.1763
vn 0.2161 0.9666 -0.1375
vn 0.2344 0.9666 -0.1033
vn 0.3091 0.9399 -0.1453
vn 0.4434 0.8560 -0.2658
vn 0.3691 0.9027 -0.2212
vn 0.3889 0.9027 -0.1840
vn 0.4673 0.8560 -0.2210
vn 0.5784 0.7384 -0.3467
vn 0.5135 0.8010 -0.3078
vn 0.5412 0.8010 -0.2560
vn 0.6096 0.7384 -0.2883
vn 0.1476 0.9851 -0.0885
vn 0.0862 0.9959 -0.0262
vn 0.1720 0.9851 -0.0084
vn 0.3213 0.9399 -0.1159
vn 0.2388 0.9666 -0.0927
vn 0.2500 0.9666 -0.0556
vn 0.3315 0.9399 -0.0822
vn 0.4867 0.8560 -0.1741
vn 0.4051 0.9027 -0.1449
vn 0.4174 0.9027 -0.1046
vn 0.5015 0.8560 -0.1256
vn 0.6349 0.7384 -0.2272
vn 0.5637 0.8010 -0.2017
vn 0.5807 0.8010 -0.1455
vn 0.6541 0.7384 -0.1639
vn 0.7583 0.5928 -0.2713
vn 0.7001 0.6687 -0.2505
vn 0.7212 0.6687 -0.1807
vn 0.7812 0.5928 -0.1957
vn 0.8523 0.4249 -0.3049
vn 0.8092 0.5112 -0.2895
vn 0.8337 0.5112 -0.2089
vn 0.8781 0.4249 -0.2200
vn 0.9137 0.2413 -0.3269
vn 0.8873 0.3346 -0.3174
vn 0.9141 0.3346 -0.2290
vn 0.9414 0.2413 -0.2358
vn 0.9363 0.1053 -0.3350
vn 0.9304 0.1536 -0.3329
vn 0.9585 0.1536 -0.2401
vn 0.9646 0.1053 -0.2417
vn 0.7966 0.5928 -0.1181
vn 0.7355 0.6687 -0.1091
vn 0.7426 0.6687 -0.0365
vn 0.8044 0.5928 -0.0395
vn 0.8954 0.4249 -0.1328
vn 0.8502 0.5112 -0.1261
vn 0.8584 0.5112 -0.0422
vn 0.9041 0.4249 -0.0445
vn 0.9600 0.2413 -0.1424
vn 0.9322 0.3346 -0.1382
vn 0.9412 0.3346 -0.0463
vn 0.9693 0.2413 -0.0477
vn 0.9837 0.1053 -0.1459
vn 0.9774 0.1536 -0.1450
vn 0.9869 0.1536 -0.0485
vn 0.9932 0.1053 -0.0488
vn 0.1621 0.9851 -0.0580
vn 0.0897 0.9959 -0.0088
vn 0.1703 0.9851 0.0253
vn 0.3377 0.9399 -0.0510
vn 0.2523 0.9666 -0.0443
vn 0.2561 0.9666 -0.0057
vn 0.3412 0.9399 -0.0159
vn 0.5114 0.8560 -0.0758
vn 0.4256 0.9027 -0.0631
vn 0.4297 0.9027 -0.0211
vn 0.5163 0.8560 -0.0254
vn 0.6670 0.7384 -0.0989
vn 0.5922 0.8010 -0.0878
vn 0.5979 0.8010 -0.0294
vn 0.6735 0.7384 -0.0331
vn 0.1703 0.9851 -0.0253
vn 0.0897 0.9959 0.0088
vn 0.1621 0.9851 0.0580
vn 0.3412 0.9399 0.0159
vn 0.2561 0.9666 0.0057
vn 0.2523 0.9666 0.0443
vn 0.3377 0.9399 0.0510
vn 0.5163 0.8560 0.0254
vn 0.4297 0.9027 0.0211
vn 0.4256 0.9027 0.0631
vn 0.5114 0.8560 0.0758
vn 0.6735 0.7384 0.0331
vn 0.5979 0.8010 0.0294
vn 0.5922 0.8010 0.0878
vn 0.6670 0.7384 0.0989
vn 0.8044 0.5928 0.0395
vn 0.7426 0.6687 0.0365
vn 0.7355 0.6687 0.1091
vn 0.7966 0.5928 0.1181
vn 0.9041 0.4249 0.0445
vn 0.8584 0.5112 0.0422
vn 0.8502 0.5112 0.1261
vn 0.8954 0.4249 0.1328
vn 0.9693 0.2413 0.0477
vn 0.9412 0.3346 0.0463
vn 0.9322 0.3346 0.1382
vn 0.9600 0.2413 0.1424
vn 0.9932 0.1053 0.0488
vn 0.9869 0.1536 0.0485
vn 0.9774 0.1536 0.1450
vn 0.9837 0.1053 0.1459
vn 0.8781 0.4249 0.2200
vn 0.8337 0.5112 0.2089
vn 0.8092 0.5112 0.2895
vn 0.8523 0.4249 0.3049
vn 0.9414 0.2413 0.2358
vn 0.9141 0.3346 0.2290
vn 0.8873 0.3346 0.3174
vn 0.9137 0.2413 0.3269
vn 0.9646 0.1053 0.2417
vn 0.9585 0.1536 0.2401
vn 0.9304 0.1536 0.3329
vn 0.9363 0.1053 0.3350
vn 0.1720 0.9851 0.0084
vn 0.0862 0.9959 0.0262
vn 0.1476 0.9851 0.0885
vn 0.3315 0.9399 0.0822
vn 0.2500 0.9666 0.0556
vn 0.2388 0.9666 0.0927
vn 0.3213 0.9399 0.1159
vn 0.5015 0.8560 0.1256
vn 0.4174 0.9027 0.1046
vn 0.4051 0.9027 0.1449
vn 0.4867 0.8560 0.1741
vn 0.6541 0.7384 0.1639
vn 0.5807 0.8010 0.1455
vn 0.5637 0.8010 0.2017
vn 0.6349 0.7384 0.2272
vn 0.7812 0.5928 0.1957
vn 0.7212 0.6687 0.1807
vn 0.7001 0.6687 0.2505
vn 0.7583 0.5928 0.2713
vn 0.3091 0.9399 0.1453
vn 0.2344 0.9666 0.1033
vn 0.2161 0.9666 0.1375
vn 0.2925 0.9399 0.1763
vn 0.4673 0.8560 0.2210
vn 0.3889 0.9027 0.1840
vn 0.3691 0.9027 0.2212
vn 0.4434 0.8560 0.2658
vn 0.6096 0.7384 0.2883
vn 0.5412 0.8010 0.2560
vn 0.5135 0.8010 0.3078
vn 0.5784 0.7384 0.3467
vn 0.7280 0.5928 0.3444
vn 0.6721 0.6687 0.3179
vn 0.6378 0.6687 0.3822
vn 0.6908 0.5928 0.4140
vn 0.8183 0.4249 0.3871
vn 0.7769 0.5112 0.3675
vn 0.7372 0.5112 0.4418
vn 0.7765 0.4249 0.4653
vn 0.8773 0.2413 0.4150
vn 0.8519 0.3346 0.4029
vn 0.8083 0.3346 0.4844
vn 0.8324 0.2413 0.4989
vn 0.8989 0.1053 0.4252
vn 0.8933 0.1536 0.4225
vn 0.8476 0.1536 0.5080
vn 0.8530 0.1053 0.5112
vn 0.1670 0.9851 0.0418
vn 0.0795 0.9959 0.0425
vn 0.1275 0.9851 0.1156
vn 0.7795 0.2413 0.5781
vn 0.7569 0.3346 0.5614
vn 0.6983 0.3346 0.6328
vn 0.7191 0.2413 0.6517
vn 0.7987 0.1053 0.5924
vn 0.7937 0.1536 0.5887
vn 0.7322 0.1536 0.6636
vn 0.7369 0.1053 0.6678
vn 0.1556 0.9851 0.0736
vn 0.0697 0.9959 0.0572
vn 0.1025 0.9851 0.1383
vn 0.2749 0.9399 0.2028
vn 0.2097 0.9666 0.1470
vn 0.1851 0.9666 0.1770
vn 0.2525 0.9399 0.2300
vn 0.4152 0.8560 0.3080
vn 0.3456 0.9027 0.2563
vn 0.3188 0.9027 0.2889
vn 0.3831 0.8560 0.3472
vn 0.5416 0.7384 0.4017
vn 0.4808 0.8010 0.3566
vn 0.4436 0.8010 0.4020
vn 0.4997 0.7384 0.4528
vn 0.6468 0.5928 0.4798
vn 0.5972 0.6687 0.4429
vn 0.5509 0.6687 0.4993
vn 0.5967 0.5928 0.5408
vn 0.7271 0.4249 0.5393
vn 0.6903 0.5112 0.5120
vn 0.6368 0.5112 0.5772
vn 0.6708 0.4249 0.6079
vn 0.3472 0.8560 0.3831
vn 0.2889 0.9027 0.3188
vn 0.2563 0.9027 0.3456
vn 0.3080 0.8560 0.4152
vn 0.4528 0.7384 0.4997
vn 0.4020 0.8010 0.4436
vn 0.3566 0.8010 0.4808
vn 0.4017 0.7384 0.5416
vn 0.5408 0.5928 0.5967
vn 0.4993 0.6687 0.5509
vn 0.4429 0.6687 0.5972
vn 0.4798 0.5928 0.6468
vn 0.6079 0.4249 0.6708
vn 0.5772 0.5112 0.6368
vn 0.5120 0.5112 0.6903
vn 0.5393 0.4249 0.7271
vn 0.6517 0.2413 0.7191
vn 0.6328 0.3346 0.6983
vn 0.5614 0.3346 0.7569
vn 0.5781 0.2413 0.7795
vn 0.6678 0.1053 0.7369
vn 0.6636 0.1536 0.7322
vn 0.5887 0.1536 0.7937
vn 0.5924 0.1053 0.7987
vn 0.1383 0.9851 0.1025
vn 0.0572 0.9959 0.0697
vn 0.0736 0.9851 0.1556
vn 0.2300 0.9399 0.2525
vn 0.1770 0.9666 0.1851
vn 0.1470 0.9666 0.2097
vn 0.2028 0.9399 0.2749
vn 0.4989 0.2413 0.8324
vn 0.4844 0.3346 0.8083
vn 0.4029 0.3346 0.8519
vn 0.4150 0.2413 0.8773
vn 0.5112 0.1053 0.8530
vn 0.5080 0.1536 0.8476
vn 0.4225 0.1536 0.8933
vn 0.4252 0.1053 0.8989
vn 0.1156 0.9851 0.1275
vn 0.0425 0.9959 0.0795
vn 0.0418 0.9851 0.1670
vn 0.1763 0.9399 0.2925
vn 0.1375 0.9666 0.2161
vn 0.1033 0.9666 0.2344
vn 0.1453 0.9399 0.3091
vn 0.2658 0.8560 0.4434
vn 0.2212 0.9027 0.3691
vn 0.1840 0.9027 0.3889
vn 0.2210 0.8560 0.4673
vn 0.3467 0.7384 0.5784
vn 0.3078 0.8010 0.5135
vn 0.2560 0.8010 0.5412
vn 0.2883 0.7384 0.6096
vn 0.4140 0.5928 0.6908
vn 0.3822 0.6687 0.6378
vn 0.3179 0.6687 0.6721
vn 0.3444 0.5928 0.7280
vn 0.4653 0.4249 0.7765
vn 0.4418 0.5112 0.7372
vn 0.3675 0.5112 0.7769
vn 0.3871 0.4249 0.8183
vn 0.2272 0.7384 0.6349
vn 0.2017 0.8010 0.5637
vn 0.1455 0.8010 0.5807
vn 0.1639 0.7384 0.6541
vn 0.2713 0.5928 0.7583
vn 0.2505 0.6687 0.7001
vn 0.1807 0.6687 0.7212
vn 0.1957 0.5928 0.7812
vn 0.3049 0.4249 0.8523
vn 0.2895 0.5112 0.8092
vn 0.2089 0.5112 0.8337
vn 0.2200 0.4249 0.8781
vn 0.3269 0.2413 0.9137
vn 0.3174 0.3346 0.8873
vn 0.2290 0.3346 0.9141
vn 0.2358 0.2413 0.9414
vn 0.3350 0.1053 0.9363
vn 0.3329 0.1536 0.9304
vn 0.2401 0.1536 0.9585
vn 0.2417 0.1053 0.9646
vn 0.0885 0.9851 0.1476
vn 0.0262 0.9959 0.0862
vn 0.0084 0.9851 0.1720
vn 0.1159 0.9399 0.3213
vn 0.0927 0.9666 0.2388
vn 0.0556 0.9666 0.2500
vn 0.0822 0.9399 0.3315
vn 0.1741 0.8560 0.4867
vn 0.1449 0.9027 0.4051
vn 0.1046 0.9027 0.4174
vn 0.1256 0.8560 0.5015
vn 0.1459 0.1053 0.9837
vn 0.1450 0.1536 0.9775
vn 0.0485 0.1536 0.9869
vn 0.0488 0.1053 0.9932
vn 0.0580 0.9851 0.1621
vn 0.0088 0.9959 0.0897
vn -0.0253 0.9851 0.1703
vn 0.0510 0.9399 0.3377
vn 0.0443 0.9666 0.2523
vn 0.0057 0.9666 0.2561
vn 0.0159 0.9399 0.3412
vn 0.0758 0.8560 0.5114
vn 0.0631 0.9027 0.4256
vn 0.0211 0.9027 0.4297
vn 0.0254 0.8560 0.5163
vn 0.0989 0.7384 0.6670
vn 0.0878 0.8010 0.5922
vn 0.0294 0.8010 0.5979
vn 0.0331 0.7384 0.6735
vn 0.1181 0.5928 0.7966
vn 0.1091 0.6687 0.7355
vn 0.0365 0.6687 0.7426
vn 0.0395 0.5928 0.8044
vn 0.1328 0.4249 0.8954
vn 0.1261 0.5112 0.8502
vn 0.0422 0.5112 0.8584
vn 0.0445 0.4249 0.9041
vn 0.1424 0.2413 0.9600
vn 0.1382 0.3346 0.9322
vn 0.0463 0.3346 0.9412
vn 0.0477 0.2413 0.9693
vn -0.0331 0.7384 0.6735
vn -0.0294 0.8010 0.5979
vn -0.0878 0.8010 0.5922
vn -0.0989 0.7384 0.6670
vn -0.0395 0.5928 0.8044
vn -0.0365 0.6687 0.7426
vn -0.1091 0.6687 0.7355
vn -0.1181 0.5928 0.7966
vn -0.0445 0.4249 0.9041
vn -0.0422 0.5112 0.8584
vn -0.1261 0.5112 0.8502
vn -0.1328 0.4249 0.8954
vn -0.0477 0.2413 0.9693
vn -0.0463 0.3346 0.9412
vn -0.1382 0.3346 0.9322
vn -0.1424 0.2413 0.9600
vn -0.0488 0.1053 0.9932
vn -0.0485 0.1536 0.9869
vn -0.1450 0.1536 0.9774
vn -0.1459 0.1053 0.9837
vn 0.0253 0.9851 0.1703
vn -0.0088 0.9959 0.0897
vn -0.0580 0.9851 0.1621
vn -0.0159 0.9399 0.3412
vn -0.0057 0.9666 0.2561
vn -0.0443 0.9666 0.2523
vn -0.0510 0.9399 0.3377
vn -0.0254 0.8560 0.5163
vn -0.0211 0.9027 0.4297
vn -0.0631 0.9027 0.4256
vn -0.0758 0.8560 0.5114
vn -0.2417 0.1053 0.9646
vn -0.2401 0.1536 0.9585
vn -0.3329 0.1536 0.9304
vn -0.3350 0.1053 0.9363
vn -0.0084 0.9851 0.1720
vn -0.0262 0.9959 0.0862
vn -0.0885 0.9851 0.1476
vn -0.0822 0.9399 0.3315
vn -0.0556 0.9666 0.2500
vn -0.0927 0.9666 0.2388
vn -0.1159 0.9399 0.3213
vn -0.1256 0.8560 0.5015
vn -0.1046 0.9027 0.4174
vn -0.1449 0.9027 0.4051
vn -0.1741 0.8560 0.4867
vn -0.1639 0.7384 0.6541
vn -0.1455 0.8010 0.5807
vn -0.2017 0.8010 0.5637
vn -0.2272 0.7384 0.6349
vn -0.1957 0.5928 0.7812
vn -0.1807 0.6687 0.7212
vn -0.2505 0.6687 0.7001
vn -0.2713 0.5928 0.7583
vn -0.2200 0.4249 0.8781
vn -0.2089 0.5112 0.8337
vn -0.2895 0.5112 0.8092
vn -0.3049 0.4249 0.8523
vn -0.2358 0.2413 0.9414
vn -0.2290 0.3346 0.9141
vn -0.3174 0.3346 0.8873
vn -0.3269 0.2413 0.9137
vn -0.3444 0.5928 0.7280
vn -0.3179 0.6687 0.6721
vn -0.3822 0.6687 0.6378
vn -0.4140 0.5928 0.6908
vn -0.3871 0.4249 0.8183
vn -0.3675 0.5112 0.7769
vn -0.4418 0.5112 0.7372
vn -0.4653 0.4249 0.7765
vn -0.4150 0.2413 0.8773
vn -0.4029 0.3346 0.8519
vn -0.4844 0.3346 0.8083
vn -0.4989 0.2413 0.8324
vn -0.4252 0.1053 0.8989
vn -0.4225 0.1536 0.8933
vn -0.5080 0.1536 0.8476
vn -0.5112 0.1053 0.8530
vn -0.0418 0.9851 0.1670
vn -0.0425 0.9959 0.0795
vn -0.1156 0.9851 0.1275
vn -0.1453 0.9399 0.3091
vn -0.1033 0.9666 0.2344
vn -0.1375 0.9666 0.2161
vn -0.1763 0.9399 0.2925
vn -0.2210 0.8560 0.4673
vn -0.1840 0.9027 0.3889
vn -0.2212 0.9027 0.3691
vn -0.2658 0.8560 0.4434
vn -0.2883 0.7384 0.6096
vn -0.2560 0.8010 0.5412
vn -0.3078 0.8010 0.5135
vn -0.3467 0.7384 0.5784
vn -0.0736 0.9851 0.1556
vn -0.0572 0.9959 0.0697
vn -0.1383 0.9851 0.1025
vn -0.2028 0.9399 0.2749
vn -0.1470 0.9666 0.2097
vn -0.1770 0.9666 0.1851
vn -0.2300 0.9399 0.2525
vn -0.3080 0.8560 0.4152
vn -0.2563 0.9027 0.3456
vn -0.2889 0.9027 0.3188
vn -0.3472 0.8560 0.3831
vn -0.4017 0.7384 0.5416
vn -0.3566 0.8010 0.4808
vn -0.4020 0.8010 0.4436
vn -0.4528 0.7384 0.4997
vn -0.4798 0.5928 0.6468
vn -0.4429 0.6687 0.5972
vn -0.4993 0.6687 0.5509
vn -0.5408 0.5928 0.5967
vn -0.5393 0.4249 0.7271
vn -0.5120 0.5112 0.6903
vn -0.5772 0.5112 0.6368
vn -0.6079 0.4249 0.6708
vn -0.5781 0.2413 0.7795
vn -0.5614 0.3346 0.7569
vn -0.6328 0.3346 0.6983
vn -0.6517 0.2413 0.7191
vn -0.5924 0.1053 0.7987
vn -0.5887 0.1536 0.7937
vn -0.6636 0.1536 0.7322
vn -0.6678 0.1053 0.7369
vn -0.6708 0.4249 0.6079
vn -0.6368 0.5112 0.5772
vn -0.6903 0.5112 0.5120
vn -0.7271 0.4249 0.5393
vn -0.7191 0.2413 0.6517
vn -0.6983 0.3346 0.6328
vn -0.7569 0.3346 0.5614
vn -0.7795 0.2413 0.5781
vn -0.7369 0.1053 0.6678
vn -0.7322 0.1536 0.6636
vn -0.7937 0.1536 0.5887
vn -0.7987 0.1053 0.5924
vn -0.1025 0.9851 0.1383
vn -0.0697 0.9959 0.0572
vn -0.1556 0.9851 0.0736
vn -0.2525 0.9399 0.2300
vn -0.1851 0.9666 0.1770
vn -0.2097 0.9666 0.1470
vn -0.2749 0.9399 0.2028
vn -0.3831 0.8560 0.3472
vn -0.3188 0.9027 0.2889
vn -0.3456 0.9027 0.2563
vn -0.4152 0.8560 0.3080
vn -0.4997 0.7384 0.4528
vn -0.4436 0.8010 0.4020
vn -0.4808 0.8010 0.3566
vn -0.5416 0.7384 0.4017
vn -0.5967 0.5928 0.5408
vn -0.5509 0.6687 0.4993
vn -0.5972 0.6687 0.4429
vn -0.6468 0.5928 0.4798
vn -0.1275 0.9851 0.1156
vn -0.0795 0.9959 0.0425
vn -0.1670 0.9851 0.0418
vn -0.2925 0.9399 0.1763
vn -0.2161 0.9666 0.1375
vn -0.2344 0.9666 0.1033
vn -0.3091 0.9399 0.1453
vn -0.4434 0.8560 0.2658
vn -0.3691 0.9027 0.2212
vn -0.3889 0.9027 0.1840
vn -0.4673 0.8560 0.2210
vn -0.5784 0.7384 0.3467
vn -0.5135 0.8010 0.3078
vn -0.5412 0.8010 0.2560
vn -0.6096 0.7384 0.2883
vn -0.6908 0.5928 0.4140
vn -0.6378 0.6687 0.3822
vn -0.6721 0.6687 0.3179
vn -0.7280 0.5928 0.3444
vn -0.7765 0.4249 0.4653
vn -0.7372 0.5112 0.4418
vn -0.7769 0.5112 0.3675
vn -0.8183 0.4249 0.3871
vn -0.8324 0.2413 0.4989
vn -0.8083 0.3346 0.4844
vn -0.8519 0.3346 0.4029
vn -0.8773 0.2413 0.4150
vn -0.8530 0.1053 0.5112
vn -0.8476 0.1536 0.5080
vn -0.8933 0.1536 0.4225
vn -0.8989 0.1053 0.4252
vn -0.8523 0.4249 0.3049
vn -0.8092 0.5112 0.2895
vn -0.8337 0.5112 0.2089
vn -0.8781 0.4249 0.2200
vn -0.9137 0.2413 0.3269
vn -0.8873 0.3346 0.3174
vn -0.9141 0.3346 0.2290
vn -0.9414 0.2413 0.2358
vn -0.9363 0.1053 0.3350
vn -0.9304 0.1536 0.3329
vn -0.9585 0.1536 0.2401
vn -0.9646 0.1053 0.2417
vn -0.1476 0.9851 0.0885
vn -0.0862 0.9959 0.0262
vn -0.1720 0.9851 0.0084
vn -0.3213 0.9399 0.1159
vn -0.2388 0.9666 0.0927
vn -0.2500 0.9666 0.0556
vn -0.3315 0.9399 0.0822
vn -0.4867 0.8560 0.1741
vn -0.4051 0.9027 0.1449
vn -0.4174 0.9027 0.1046
vn -0.5015 0.8560 0.1256
vn -0.6349 0.7384 0.2272
vn -0.5637 0.8010 0.2017
vn -0.5807 0.8010 0.1455
vn -0.6541 0.7384 0.1639
vn -0.7583 0.5928 0.2713
vn -0.7001 0.6687 0.2505
vn -0.7212 0.6687 0.1807
vn -0.7812 0.5928 0.1957
vn -0.5114 0.8560 0.0758
vn -0.4256 0.9027 0.0631
vn -0.4297 0.9027 0.0211
vn -0.5163 0.8560 0.0254
vn -0.6670 0.7384 0.0989
vn -0.5922 0.8010 0.0878
vn -0.5979 0.8010 0.0294
vn -0.6735 0.7384 0.0331
vn -0.7966 0.5928 0.1181
vn -0.7355 0.6687 0.1091
vn -0.7426 0.6687 0.0365
vn -0.8044 0.5928 0.0395
vn -0.8954 0.4249 0.1328
vn -0.8502 0.5112 0.1261
vn -0.8584 0.5112 0.0422
vn -0.9041 0.4249 0.0445
vn -0.9600 0.2413 0.1424
vn -0.9322 0.3346 0.1382
vn -0.9412 0.3346 0.0463
vn -0.9693 0.2413 0.0477
vn -0.9837 0.1053 0.1459
vn -0.9775 0.1536 0.1450
vn -0.9869 0.1536 0.0485
vn -0.9932 0.1053 0.0488
vn -0.1621 0.9851 0.0580
vn -0.0897 0.9959 0.0088
vn -0.1703 0.9851 -0.0253
vn -0.3377 0.9399 0.0510
vn -0.2523 0.9666 0.0443
vn -0.2561 0.9666 0.0057
vn -0.3412 0.9399 0.0159
vn -0.9693 0.2413 -0.0477
vn -0.9412 0.3346 -0.0463
vn -0.9322 0.3346 -0.1382
vn -0.9600 0.2413 -0.1424
vn -0.9932 0.1053 -0.0488
vn -0.9869 0.1536 -0.0485
vn -0.9774 0.1536 -0.1450
vn -0.9837 0.1053 -0.1459
vn -0.1703 0.9851 0.0253
vn -0.0897 0.9959 -0.0088
vn -0.1621 0.9851 -0.0580
vn -0.3412 0.9399 -0.0159
vn -0.2561 0.9666 -0.0057
vn -0.2523 0.9666 -0.0443
vn -0.3377 0.9399 -0.0510
vn -0.5163 0.8560 -0.0254
vn -0.4297 0.9027 -0.0211
vn -0.4256 0.9027 -0.0631
vn -0.5114 0.8560 -0.0758
vn -0.6735 0.7384 -0.0331
vn -0.5979 0.8010 -0.0294
vn -0.5922 0.8010 -0.0878
vn -0.6670 0.7384 -0.0989
vn -0.8044 0.5928 -0.0395
vn -0.7426 0.6687 -0.0365
vn -0.7355 0.6687 -0.1091
vn -0.7966 0.5928 -0.1181
vn -0.9041 0.4249 -0.0445
vn -0.8584 0.5112 -0.0422
vn -0.8502 0.5112 -0.1261
vn -0.8954 0.4249 -0.1328
vn -0.5015 0.8560 -0.1256
vn -0.4174 0.9027 -0.1046
vn -0.4051 0.9027 -0.1449
vn -0.4867 0.8560 -0.1741
vn -0.6541 0.7384 -0.1639
vn -0.5807 0.8010 -0.1455
vn -0.5637 0.8010 -0.2017
vn -0.6349 0.7384 -0.2272
vn -0.7812 0.5928 -0.1957
vn -0.7212 0.6687 -0.1807
vn -0.7001 0.6687 -0.2505
vn -0.7583 0.5928 -0.2713
vn -0.8781 0.4249 -0.2200
vn -0.8337 0.5112 -0.2089
vn -0.8092 0.5112 -0.2895
vn -0.8523 0.4249 -0.3049
vn -0.9414 0.2413 -0.2358
vn -0.9141 0.3346 -0.2290
vn -0.8873 0.3346 -0.3174
vn -0.9137 0.2413 -0.3269
vn -0.9646 0.1053 -0.2417
vn -0.9585 0.1536 -0.2401
vn -0.9304 0.1536 -0.3329
vn -0.9363 0.1053 -0.3350
vn -0.1720 0.9851 -0.0084
vn -0.0862 0.9959 -0.0262
vn -0.1476 0.9851 -0.0885
vn -0.3315 0.9399 -0.0822
vn -0.2500 0.9666 -0.0556
vn -0.2388 0.9666 -0.0927
vn -0.3213 0.9399 -0.1159
vn -0.8773 0.2413 -0.4150
vn -0.8519 0.3346 -0.4029
vn -0.8083 0.3346 -0.4844
vn -0.8324 0.2413 -0.4989
vn -0.8989 0.1053 -0.4252
vn -0.8933 0.1536 -0.4225
vn -0.8476 0.1536 -0.5080
vn -0.8530 0.1053 -0.5112
vn -0.1670 0.9851 -0.0418
vn -0.0795 0.9959 -0.0425
vn -0.1275 0.9851 -0.1156
vn -0.3091 0.9399 -0.1453
vn -0.2344 0.9666 -0.1033
vn -0.2161 0.9666 -0.1375
vn -0.2925 0.9399 -0.1763
vn -0.4673 0.8560 -0.2210
vn -0.3889 0.9027 -0.1840
vn -0.3691 0.9027 -0.2212
vn -0.4434 0.8560 -0.2658
vn -0.6096 0.7384 -0.2883
vn -0.5412 0.8010 -0.2560
vn -0.5135 0.8010 -0.3078
vn -0.5784 0.7384 -0.3467
vn -0.7280 0.5928 -0.3444
vn -0.6721 0.6687 -0.3179
vn -0.6378 0.6687 -0.3822
vn -0.6908 0.5928 -0.4140
vn -0.8183 0.4249 -0.3871
vn -0.7769 0.5112 -0.3675
vn -0.7372 0.5112 -0.4418
vn -0.7765 0.4249 -0.4653
vn -0.5416 0.7384 -0.4017
vn -0.4808 0.8010 -0.3566
vn -0.4436 0.8010 -0.4020
vn -0.4997 0.7384 -0.4528
vn -0.6468 0.5928 -0.4798
vn -0.5972 0.6687 -0.4429
vn -0.5509 0.6687 -0.4993
vn -0.5967 0.5928 -0.5408
vn -0.7271 0.4249 -0.5393
vn -0.6903 0.5112 -0.5120
vn -0.6368 0.5112 -0.5772
vn -0.6708 0.4249 -0.6079
vn -0.7795 0.2413 -0.5781
vn -0.7569 0.3346 -0.5614
vn -0.6983 0.3346 -0.6328
vn -0.7191 0.2413 -0.6517
vn -0.7987 0.1053 -0.5924
vn -0.7937 0.1536 -0.5887
vn -0.7322 0.1536 -0.6636
vn -0.7369 0.1053 -0.6678
vn -0.1556 0.9851 -0.0736
vn -0.0697 0.9959 -0.0572
vn -0.1025 0.9851 -0.1383
vn -0.2749 0.9399 -0.2028
vn -0.2097 0.9666 -0.1470
vn -0.1851 0.9666 -0.1770
vn -0.2525 0.9399 -0.2300
vn -0.4152 0.8560 -0.3080
vn -0.3456 0.9027 -0.2563
vn -0.3188 0.9027 -0.2889
vn -0.3831 0.8560 -0.3472
vn -0.6678 0.1053 -0.7369
vn -0.6636 0.1536 -0.7322
vn -0.5887 0.1536 -0.7937
vn -0.5924 0.1053 -0.7987
vn -0.1383 0.9851 -0.1025
vn -0.0572 0.9959 -0.0697
vn -0.0736 0.9851 -0.1556
vn -0.2300 0.9399 -0.2525
vn -0.1770 0.9666 -0.1851
vn -0.1470 0.9666 -0.2097
vn -0.2028 0.9399 -0.2749
vn -0.3472 0.8560 -0.3831
vn -0.2889 0.9027 -0.3188
vn -0.2563 0.9027 -0.3456
vn -0.3080 0.8560 -0.4152
vn -0.4528 0.7384 -0.4997
vn -0.4020 0.8010 -0.4436
vn -0.3566 0.8010 -0.4808
vn -0.4017 0.7384 -0.5416
vn -0.5408 0.5928 -0.5967
vn -0.4993 0.6687 -0.5509
vn -0.4429 0.6687 -0.5972
vn -0.4798 0.5928 -0.6468
vn -0.6079 0.4249 -0.6708
vn -0.5772 0.5112 -0.6368
vn -0.5120 0.5112 -0.6903
vn -0.5393 0.4249 -0.7271
vn -0.6517 0.2413 -0.7191
vn -0.6328 0.3346 -0.6983
vn -0.5614 0.3346 -0.7569
vn -0.5781 0.2413 -0.7795
vn -0.4140 0.5928 -0.6908
vn -0.3822 0.6687 -0.6378
vn -0.3179 0.6687 -0.6721
vn -0.3444 0.5928 -0.7280
vn -0.4653 0.4249 -0.7765
vn -0.4418 0.5112 -0.7372
vn -0.3675 0.5112 -0.7769
vn -0.3871 0.4249 -0.8183
vn -0.4989 0.2413 -0.8324
vn -0.4844 0.3346 -0.8083
vn -0.4029 0.3346 -0.8519
vn -0.4150 0.2413 -0.8773
vn -0.5112 0.1053 -0.8530
vn -0.5080 0.1536 -0.8476
vn -0.4225 0.1536 -0.8933
vn -0.4252 0.1053 -0.8989
vn -0.1156 0.9851 -0.1275
vn -0.0425 0.9959 -0.0795
vn -0.0418 0.9851 -0.1670
vn -0.1763 0.9399 -0.2925
vn -0.1375 0.9666 -0.2161
vn -0.1033 0.9666 -0.2344
vn -0.1453 0.9399 -0.3091
vn -0.2658 0.8560 -0.4434
vn -0.2212 0.9027 -0.3691
vn -0.1840 0.9027 -0.3889
vn -0.2210 0.8560 -0.4673
vn -0.3467 0.7384 -0.5784
vn -0.3078 0.8010 -0.5135
vn -0.2560 0.8010 -0.5412
vn -0.2883 0.7384 -0.6096
vn -0.0885 0.9851 -0.1476
vn -0.0262 0.9959 -0.0862
vn -0.0084 0.9851 -0.1720
vn -0.1159 0.9399 -0.3213
vn -0.0927 0.9666 -0.2388
vn -0.0556 0.9666 -0.2500
vn -0.0822 0.9399 -0.3315
vn -0.1741 0.8560 -0.4867
vn -0.1449 0.9027 -0.4051
vn -0.1046 0.9027 -0.4174
vn -0.1256 0.8560 -0.5015
vn -0.2272 0.7384 -0.6349
vn -0.2017 0.8010 -0.5637
vn -0.1455 0.8010 -0.5807
vn -0.1639 0.7384 -0.6541
vn -0.2713 0.5928 -0.7583
vn -0.2505 0.6687 -0.7001
vn -0.1807 0.6687 -0.7212
vn -0.1957 0.5928 -0.7812
vn -0.3049 0.4249 -0.8523
vn -0.2895 0.5112 -0.8092
vn -0.2089 0.5112 -0.8337
vn -0.2200 0.4249 -0.8781
vn -0.3269 0.2413 -0.9137
vn -0.3174 0.3346 -0.8873
vn -0.2290 0.3346 -0.9141
vn -0.2358 0.2413 -0.9414
vn -0.3350 0.1053 -0.9363
vn -0.3329 0.1536 -0.9304
vn -0.2401 0.1536 -0.9585
vn -0.2417 0.1053 -0.9646
vn -0.1181 0.5928 -0.7966
vn -0.1091 0.6687 -0.7355
vn -0.0365 0.6687 -0.7426
vn -0.0396 0.5928 -0.8044
vn -0.1328 0.4249 -0.8954
vn -0.1261 0.5112 -0.8502
vn -0.0422 0.5112 -0.8584
vn -0.0445 0.4249 -0.9041
vn -0.1424 0.2413 -0.9600
vn -0.1382 0.3346 -0.9322
vn -0.0463 0.3346 -0.9412
vn -0.0477 0.2413 -0.9693
vn -0.1459 0.1053 -0.9837
vn -0.1450 0.1536 -0.9775
vn -0.0485 0.1536 -0.9869
vn -0.0488 0.1053 -0.9932
vn -0.0580 0.9851 -0.1621
vn -0.0088 0.9959 -0.0897
vn 0.0253 0.9851 -0.1703
vn -0.0510 0.9399 -0.3377
vn -0.0443 0.9666 -0.2523
vn -0.0057 0.9666 -0.2561
vn -0.0159 0.9399 -0.3412
vn -0.0758 0.8560 -0.5114
vn -0.0631 0.9027 -0.4256
vn -0.0211 0.9027 -0.4297
vn -0.0254 0.8560 -0.5163
vn -0.0989 0.7384 -0.6670
vn -0.0878 0.8010 -0.5922
vn -0.0294 0.8010 -0.5979
vn -0.0331 0.7384 -0.6735
vt 0.750000 0.625000
vt 0.750000 0.656250
vt 0.734375 0.656250
vt 0.734375 0.625000
vt 0.750000 0.687500
vt 0.734375 0.687500
vt 0.718750 0.687500
vt 0.718750 0.656250
vt 0.718750 0.625000
vt 0.750000 0.718750
vt 0.734375 0.718750
vt 0.750000 0.750000
vt 0.734375 0.750000
vt 0.718750 0.750000
vt 0.718750 0.718750
vt 0.750000 0.781250
vt 0.734375 0.781250
vt 0.750000 0.812500
vt 0.734375 0.812500
vt 0.718750 0.812500
vt 0.718750 0.781250
vt 0.750000 0.843750
vt 0.734375 0.843750
vt 0.750000 0.875000
vt 0.734375 0.875000
vt 0.718750 0.875000
vt 0.718750 0.843750
vt 0.750000 0.906105
vt 0.734375 0.905961
vt 0.750000 0.937500
vt 0.734375 0.935185
vt 0.718750 0.937500
vt 0.718750 0.906105
vt 0.742188 0.968750
vt 0.734375 0.957899
vt 0.734375 1.000000
vt 0.726563 0.968750
vt 0.750000 0.500000
vt 0.750000 0.531250
vt 0.734375 0.531250
vt 0.734375 0.500000
vt 0.750000 0.562500
vt 0.734375 0.562500
vt 0.718750 0.562500
vt 0.718750 0.531250
vt 0.718750 0.500000
vt 0.750000 0.593750
vt 0.734375 0.593750
vt 0.718750 0.593750
vt 0.703125 0.718750
vt 0.703125 0.687500
vt 0.703125 0.750000
vt 0.687500 0.750000
vt 0.687500 0.718750
vt 0.687500 0.687500
vt 0.703125 0.656250
vt 0.703125 0.625000
vt 0.687500 0.656250
vt 0.687500 0.625000
vt 0.703125 0.593750
vt 0.703125 0.562500
vt 0.687500 0.593750
vt 0.687500 0.562500
vt 0.703125 0.531250
vt 0.703125 0.500000
vt 0.687500 0.531250
vt 0.687500 0.500000
vt 0.710938 0.968750
vt 0.703125 0.957899
vt 0.703125 0.935185
vt 0.703125 1.000000
vt 0.695313 0.968750
vt 0.687500 0.937500
vt 0.703125 0.843750
vt 0.703125 0.812500
vt 0.703125 0.875000
vt 0.687500 0.875000
vt 0.687500 0.843750
vt 0.687500 0.812500
vt 0.703125 0.905961
vt 0.687500 0.906105
vt 0.703125 0.781250
vt 0.687500 0.781250
vt 0.671875 0.531250
vt 0.671875 0.500000
vt 0.671875 0.562500
vt 0.656250 0.562500
vt 0.656250 0.531250
vt 0.656250 0.500000
vt 0.679688 0.968750
vt 0.671875 0.957899
vt 0.671875 0.935185
vt 0.671875 1.000000
vt 0.664063 0.968750
vt 0.656250 0.937500
vt 0.671875 0.905961
vt 0.671875 0.875000
vt 0.656250 0.906105
vt 0.656250 0.875000
vt 0.671875 0.843750
vt 0.671875 0.812500
vt 0.656250 0.843750
vt 0.656250 0.812500
vt 0.671875 0.781250
vt 0.671875 0.750000
vt 0.656250 0.781250
vt 0.656250 0.750000
vt 0.671875 0.718750
vt 0.671875 0.687500
vt 0.656250 0.718750
vt 0.656250 0.687500
vt 0.671875 0.656250
vt 0.671875 0.625000
vt 0.656250 0.656250
vt 0.656250 0.625000
vt 0.671875 0.593750
vt 0.656250 0.593750
vt 0.640625 0.781250
vt 0.640625 0.750000
vt 0.640625 0.812500
vt 0.625000 0.812500
vt 0.625000 0.781250
vt 0.625000 0.750000
vt 0.640625 0.718750
vt 0.640625 0.687500
vt 0.625000 0.718750
vt 0.625000 0.687500
vt 0.640625 0.656250
vt 0.640625 0.625000
vt 0.625000 0.656250
vt 0.625000 0.625000
vt 0.640625 0.593750
vt 0.640625 0.562500
vt 0.625000 0.593750
vt 0.625000 0.562500
vt 0.640625 0.531250
vt 0.640625 0.500000
vt 0.625000 0.531250
vt 0.625000 0.500000
vt 0.648438 0.968750
vt 0.640625 0.957899
vt 0.640625 0.935185
vt 0.640625 1.000000
vt 0.632813 0.968750
vt 0.625000 0.937500
vt 0.640625 0.905961
vt 0.640625 0.875000
vt 0.625000 0.906105
vt 0.625000 0.875000
vt 0.640625 0.843750
vt 0.625000 0.843750
vt 0.609375 0.531250
vt 0.609375 0.500000
vt 0.609375 0.562500
vt 0.593750 0.562500
vt 0.593750 0.531250
vt 0.593750 0.500000
vt 0.617188 0.968750
vt 0.609375 0.957899
vt 0.609375 0.935185
vt 0.609375 1.000000
vt 0.601563 0.968750
vt 0.593750 0.937500
vt 0.609375 0.905961
vt 0.609375 0.875000
vt 0.593750 0.906105
vt 0.593750 0.875000
vt 0.609375 0.843750
vt 0.609375 0.812500
vt 0.593750 0.843750
vt 0.593750 0.812500
vt 0.609375 0.781250
vt 0.609375 0.750000
vt 0.593750 0.781250
vt 0.593750 0.750000
vt 0.609375 0.718750
vt 0.609375 0.687500
vt 0.593750 0.718750
vt 0.593750 0.687500
vt 0.609375 0.656250
vt 0.609375 0.625000
vt 0.593750 0.656250
vt 0.593750 0.625000
vt 0.609375 0.593750
vt 0.593750 0.593750
vt 0.578125 0.718750
vt 0.578125 0.687500
vt 0.578125 0.750000
vt 0.562500 0.750000
vt 0.562500 0.718750
vt 0.562500 0.687500
vt 0.578125 0.656250
vt 0.578125 0.625000
vt 0.562500 0.656250
vt 0.562500 0.625000
vt 0.578125 0.593750
vt 0.578125 0.562500
vt 0.562500 0.593750
vt 0.562500 0.562500
vt 0.578125 0.531250
vt 0.578125 0.500000
vt 0.562500 0.531250
vt 0.562500 0.500000
vt 0.585938 0.968750
vt 0.578125 0.957899
vt 0.578125 0.935185
vt 0.578125 1.000000
vt 0.570313 0.968750
vt 0.562500 0.937500
vt 0.578125 0.905961
vt 0.578125 0.875000
vt 0.562500 0.906105
vt 0.562500 0.875000
vt 0.578125 0.843750
vt 0.578125 0.812500
vt 0.562500 0.843750
vt 0.562500 0.812500
vt 0.578125 0.781250
vt 0.562500 0.781250
vt 0.554688 0.968750
vt 0.546875 0.957899
vt 0.546875 0.935185
vt 0.546875 1.000000
vt 0.539063 0.968750
vt 0.531250 0.937500
vt 0.546875 0.905961
vt 0.546875 0.875000
vt 0.531250 0.906105
vt 0.531250 0.875000
vt 0.546875 0.843750
vt 0.546875 0.812500
vt 0.531250 0.843750
vt 0.531250 0.812500
vt 0.546875 0.781250
vt 0.546875 0.750000
vt 0.531250 0.781250
vt 0.531250 0.750000
vt 0.546875 0.718750
vt 0.546875 0.687500
vt 0.531250 0.718750
vt 0.531250 0.687500
vt 0.546875 0.656250
vt 0.546875 0.625000
vt 0.531250 0.656250
vt 0.531250 0.625000
vt 0.546875 0.593750
vt 0.546875 0.562500
vt 0.531250 0.593750
vt 0.531250 0.562500
vt 0.546875 0.531250
vt 0.546875 0.500000
vt 0.531250 0.531250
vt 0.531250 0.500000
vt 0.515625 0.718750
vt 0.515625 0.687500
vt 0.515625 0.750000
vt 0.500000 0.750000
vt 0.500000 0.718750
vt 0.500000 0.687500
vt 0.515625 0.656250
vt 0.515625 0.625000
vt 0.500000 0.656250
vt 0.500000 0.625000
vt 0.515625 0.593750
vt 0.515625 0.562500
vt 0.500000 0.593750
vt 0.500000 0.562500
vt 0.515625 0.531250
vt 0.515625 0.500000
vt 0.500000 0.531250
vt 0.500000 0.500000
vt 0.523438 0.968750
vt 0.515625 0.957899
vt 0.515625 0.935185
vt 0.515625 1.000000
vt 0.507813 0.968750
vt 0.500000 0.937500
vt 0.515625 0.905961
vt 0.515625 0.875000
vt 0.500000 0.906105
vt 0.500000 0.875000
vt 0.515625 0.843750
vt 0.515625 0.812500
vt 0.500000 0.843750
vt 0.500000 0.812500
vt 0.515625 0.781250
vt 0.500000 0.781250
vt 0.492188 0.968750
vt 0.484375 0.957899
vt 0.484375 0.935185
vt 0.484375 1.000000
vt 0.476563 0.968750
vt 0.468750 0.937500
vt 0.484375 0.905961
vt 0.484375 0.875000
vt 0.468750 0.906105
vt 0.468750 0.875000
vt 0.484375 0.843750
vt 0.484375 0.812500
vt 0.468750 0.843750
vt 0.468750 0.812500
vt 0.484375 0.781250
vt 0.484375 0.750000
vt 0.468750 0.781250
vt 0.468750 0.750000
vt 0.484375 0.718750
vt 0.484375 0.687500
vt 0.468750 0.718750
vt 0.468750 0.687500
vt 0.484375 0.656250
vt 0.484375 0.625000
vt 0.468750 0.656250
vt 0.468750 0.625000
vt 0.484375 0.593750
vt 0.484375 0.562500
vt 0.468750 0.593750
vt 0.468750 0.562500
vt 0.484375 0.531250
vt 0.484375 0.500000
vt 0.468750 0.531250
vt 0.468750 0.500000
vt 0.453125 0.656250
vt 0.453125 0.625000
vt 0.453125 0.687500
vt 0.437500 0.687500
vt 0.437500 0.656250
vt 0.437500 0.625000
vt 0.453125 0.593750
vt 0.453125 0.562500
vt 0.437500 0.593750
vt 0.437500 0.562500
vt 0.453125 0.531250
vt 0.453125 0.500000
vt 0.437500 0.531250
vt 0.437500 0.500000
vt 0.460938 0.968750
vt 0.453125 0.957899
vt 0.453125 0.935185
vt 0.453125 1.000000
vt 0.445313 0.968750
vt 0.437500 0.937500
vt 0.453125 0.905961
vt 0.453125 0.875000
vt 0.437500 0.906105
vt 0.437500 0.875000
vt 0.453125 0.843750
vt 0.453125 0.812500
vt 0.437500 0.843750
vt 0.437500 0.812500
vt 0.453125 0.781250
vt 0.453125 0.750000
vt 0.437500 0.781250
vt 0.437500 0.750000
vt 0.453125 0.718750
vt 0.437500 0.718750
vt 0.421875 0.905961
vt 0.421875 0.875000
vt 0.421875 0.935185
vt 0.406250 0.937500
vt 0.406250 0.906105
vt 0.406250 0.875000
vt 0.421875 0.843750
vt 0.421875 0.812500
vt 0.406250 0.843750
vt 0.406250 0.812500
vt 0.421875 0.781250
vt 0.421875 0.750000
vt 0.406250 0.781250
vt 0.406250 0.750000
vt 0.421875 0.718750
vt 0.421875 0.687500
vt 0.406250 0.718750
vt 0.406250 0.687500
vt 0.421875 0.656250
vt 0.421875 0.625000
vt 0.406250 0.656250
vt 0.406250 0.625000
vt 0.421875 0.593750
vt 0.421875 0.562500
vt 0.406250 0.593750
vt 0.406250 0.562500
vt 0.421875 0.531250
vt 0.421875 0.500000
vt 0.406250 0.531250
vt 0.406250 0.500000
vt 0.429688 0.968750
vt 0.421875 0.957899
vt 0.421875 1.000000
vt 0.414063 0.968750
vt 0.390625 0.593750
vt 0.390625 0.562500
vt 0.390625 0.625000
vt 0.375000 0.625000
vt 0.375000 0.593750
vt 0.375000 0.562500
vt 0.390625 0.531250
vt 0.390625 0.500000
vt 0.375000 0.531250
vt 0.375000 0.500000
vt 0.398438 0.968750
vt 0.390625 0.957899
vt 0.390625 0.935185
vt 0.390625 1.000000
vt 0.382813 0.968750
vt 0.375000 0.937500
vt 0.390625 0.905961
vt 0.390625 0.875000
vt 0.375000 0.906105
vt 0.375000 0.875000
vt 0.390625 0.843750
vt 0.390625 0.812500
vt 0.375000 0.843750
vt 0.375000 0.812500
vt 0.390625 0.781250
vt 0.390625 0.750000
vt 0.375000 0.781250
vt 0.375000 0.750000
vt 0.390625 0.718750
vt 0.390625 0.687500
vt 0.375000 0.718750
vt 0.375000 0.687500
vt 0.390625 0.656250
vt 0.375000 0.656250
vt 0.359375 0.843750
vt 0.359375 0.812500
vt 0.359375 0.875000
vt 0.343750 0.875000
vt 0.343750 0.843750
vt 0.343750 0.812500
vt 0.359375 0.781250
vt 0.359375 0.750000
vt 0.343750 0.781250
vt 0.343750 0.750000
vt 0.359375 0.718750
vt 0.359375 0.687500
vt 0.343750 0.718750
vt 0.343750 0.687500
vt 0.359375 0.656250
vt 0.359375 0.625000
vt 0.343750 0.656250
vt 0.343750 0.625000
vt 0.359375 0.593750
vt 0.359375 0.562500
vt 0.343750 0.593750
vt 0.343750 0.562500
vt 0.359375 0.531250
vt 0.359375 0.500000
vt 0.343750 0.531250
vt 0.343750 0.500000
vt 0.367188 0.968750
vt 0.359375 0.957899
vt 0.359375 0.935185
vt 0.359375 1.000000
vt 0.351563 0.968750
vt 0.343750 0.937500
vt 0.359375 0.905961
vt 0.343750 0.906105
vt 0.328125 0.593750
vt 0.328125 0.562500
vt 0.328125 0.625000
vt 0.312500 0.625000
vt 0.312500 0.593750
vt 0.312500 0.562500
vt 0.328125 0.531250
vt 0.328125 0.500000
vt 0.312500 0.531250
vt 0.312500 0.500000
vt 0.335938 0.968750
vt 0.328125 0.957899
vt 0.328125 0.935185
vt 0.328125 1.000000
vt 0.320313 0.968750
vt 0.312500 0.937500
vt 0.328125 0.905961
vt 0.328125 0.875000
vt 0.312500 0.906105
vt 0.312500 0.875000
vt 0.328125 0.843750
vt 0.328125 0.812500
vt 0.312500 0.843750
vt 0.312500 0.812500
vt 0.328125 0.781250
vt 0.328125 0.750000
vt 0.312500 0.781250
vt 0.312500 0.750000
vt 0.328125 0.718750
vt 0.328125 0.687500
vt 0.312500 0.718750
vt 0.312500 0.687500
vt 0.328125 0.656250
vt 0.312500 0.656250
vt 0.296875 0.781250
vt 0.296875 0.750000
vt 0.296875 0.812500
vt 0.281250 0.812500
vt 0.281250 0.781250
vt 0.281250 0.750000
vt 0.296875 0.718750
vt 0.296875 0.687500
vt 0.281250 0.718750
vt 0.281250 0.687500
vt 0.296875 0.656250
vt 0.296875 0.625000
vt 0.281250 0.656250
vt 0.281250 0.625000
vt 0.296875 0.593750
vt 0.296875 0.562500
vt 0.281250 0.593750
vt 0.281250 0.562500
vt 0.296875 0.531250
vt 0.296875 0.500000
vt 0.281250 0.531250
vt 0.281250 0.500000
vt 0.304688 0.968750
vt 0.296875 0.957899
vt 0.296875 0.935185
vt 0.296875 1.000000
vt 0.289063 0.968750
vt 0.281250 0.937500
vt 0.296875 0.905961
vt 0.296875 0.875000
vt 0.281250 0.906105
vt 0.281250 0.875000
vt 0.296875 0.843750
vt 0.281250 0.843750
vt 0.265625 0.531250
vt 0.265625 0.500000
vt 0.265625 0.562500
vt 0.250000 0.562500
vt 0.250000 0.531250
vt 0.250000 0.500000
vt 0.273438 0.968750
vt 0.265625 0.957899
vt 0.265625 0.935185
vt 0.265625 1.000000
vt 0.257813 0.968750
vt 0.250000 0.937500
vt 0.265625 0.905961
vt 0.265625 0.875000
vt 0.250000 0.906105
vt 0.250000 0.875000
vt 0.265625 0.843750
vt 0.265625 0.812500
vt 0.250000 0.843750
vt 0.250000 0.812500
vt 0.265625 0.781250
vt 0.265625 0.750000
vt 0.250000 0.781250
vt 0.250000 0.750000
vt 0.265625 0.718750
vt 0.265625 0.687500
vt 0.250000 0.718750
vt 0.250000 0.687500
vt 0.265625 0.656250
vt 0.265625 0.625000
vt 0.250000 0.656250
vt 0.250000 0.625000
vt 0.265625 0.593750
vt 0.250000 0.593750
vt 0.234375 0.781250
vt 0.234375 0.750000
vt 0.234375 0.812500
vt 0.218750 0.812500
vt 0.218750 0.781250
vt 0.218750 0.750000
vt 0.234375 0.718750
vt 0.234375 0.687500
vt 0.218750 0.718750
vt 0.218750 0.687500
vt 0.234375 0.656250
vt 0.234375 0.625000
vt 0.218750 0.656250
vt 0.218750 0.625000
vt 0.234375 0.593750
vt 0.234375 0.562500
vt 0.218750 0.593750
vt 0.218750 0.562500
vt 0.234375 0.531250
vt 0.234375 0.500000
vt 0.218750 0.531250
vt 0.218750 0.500000
vt 0.242188 0.968750
vt 0.234375 0.957899
vt 0.234375 0.935185
vt 0.234375 1.000000
vt 0.226563 0.968750
vt 0.218750 0.937500
vt 0.234375 0.905961
vt 0.234375 0.875000
vt 0.218750 0.906105
vt 0.218750 0.875000
vt 0.234375 0.843750
vt 0.218750 0.843750
vt 0.203125 0.531250
vt 0.203125 0.500000
vt 0.203125 0.562500
vt 0.187500 0.562500
vt 0.187500 0.531250
vt 0.187500 0.500000
vt 0.210938 0.968750
vt 0.203125 0.957899
vt 0.203125 0.935185
vt 0.203125 1.000000
vt 0.195313 0.968750
vt 0.187500 0.937500
vt 0.203125 0.905961
vt 0.203125 0.875000
vt 0.187500 0.906105
vt 0.187500 0.875000
vt 0.203125 0.843750
vt 0.203125 0.812500
vt 0.187500 0.843750
vt 0.187500 0.812500
vt 0.203125 0.781250
vt 0.203125 0.750000
vt 0.187500 0.781250
vt 0.187500 0.750000
vt 0.203125 0.718750
vt 0.203125 0.687500
vt 0.187500 0.718750
vt 0.187500 0.687500
vt 0.203125 0.656250
vt 0.203125 0.625000
vt 0.187500 0.656250
vt 0.187500 0.625000
vt 0.203125 0.593750
vt 0.187500 0.593750
vt 0.171875 0.718750
vt 0.171875 0.687500
vt 0.171875 0.750000
vt 0.156250 0.750000
vt 0.156250 0.718750
vt 0.156250 0.687500
vt 0.171875 0.656250
vt 0.171875 0.625000
vt 0.156250 0.656250
vt 0.156250 0.625000
vt 0.171875 0.593750
vt 0.171875 0.562500
vt 0.156250 0.593750
vt 0.156250 0.562500
vt 0.171875 0.531250
vt 0.171875 0.500000
vt 0.156250 0.531250
vt 0.156250 0.500000
vt 0.179688 0.968750
vt 0.171875 0.957899
vt 0.171875 0.935185
vt 0.171875 1.000000
vt 0.164063 0.968750
vt 0.156250 0.937500
vt 0.171875 0.905961
vt 0.171875 0.875000
vt 0.156250 0.906105
vt 0.156250 0.875000
vt 0.171875 0.843750
vt 0.171875 0.812500
vt 0.156250 0.843750
vt 0.156250 0.812500
vt 0.171875 0.781250
vt 0.156250 0.781250
vt 0.148438 0.968750
vt 0.140625 0.957899
vt 0.140625 0.935185
vt 0.140625 1.000000
vt 0.132813 0.968750
vt 0.125000 0.937500
vt 0.140625 0.905961
vt 0.140625 0.875000
vt 0.125000 0.906105
vt 0.125000 0.875000
vt 0.140625 0.843750
vt 0.140625 0.812500
vt 0.125000 0.843750
vt 0.125000 0.812500
vt 0.140625 0.781250
vt 0.140625 0.750000
vt 0.125000 0.781250
vt 0.125000 0.750000
vt 0.140625 0.718750
vt 0.140625 0.687500
vt 0.125000 0.718750
vt 0.125000 0.687500
vt 0.140625 0.656250
vt 0.140625 0.625000
vt 0.125000 0.656250
vt 0.125000 0.625000
vt 0.140625 0.593750
vt 0.140625 0.562500
vt 0.125000 0.593750
vt 0.125000 0.562500
vt 0.140625 0.531250
vt 0.140625 0.500000
vt 0.125000 0.531250
vt 0.125000 0.500000
vt 0.109375 0.656250
vt 0.109375 0.625000
vt 0.109375 0.687500
vt 0.093750 0.687500
vt 0.093750 0.656250
vt 0.093750 0.625000
vt 0.109375 0.593750
vt 0.109375 0.562500
vt 0.093750 0.593750
vt 0.093750 0.562500
vt 0.109375 0.531250
vt 0.109375 0.500000
vt 0.093750 0.531250
vt 0.093750 0.500000
vt 0.117188 0.968750
vt 0.109375 0.957899
vt 0.109375 0.935185
vt 0.109375 1.000000
vt 0.101563 0.968750
vt 0.093750 0.937500
vt 0.109375 0.905961
vt 0.109375 0.875000
vt 0.093750 0.906105
vt 0.093750 0.875000
vt 0.109375 0.843750
vt 0.109375 0.812500
vt 0.093750 0.843750
vt 0.093750 0.812500
vt 0.109375 0.781250
vt 0.109375 0.750000
vt 0.093750 0.781250
vt 0.093750 0.750000
vt 0.109375 0.718750
vt 0.093750 0.718750
vt 0.085938 0.968750
vt 0.078125 0.957899
vt 0.078125 0.935185
vt 0.078125 1.000000
vt 0.070313 0.968750
vt 0.062500 0.937500
vt 0.078125 0.905961
vt 0.078125 0.875000
vt 0.062500 0.906105
vt 0.062500 0.875000
vt 0.078125 0.843750
vt 0.078125 0.812500
vt 0.062500 0.843750
vt 0.062500 0.812500
vt 0.078125 0.781250
vt 0.078125 0.750000
vt 0.062500 0.781250
vt 0.062500 0.750000
vt 0.078125 0.718750
vt 0.078125 0.687500
vt 0.062500 0.718750
vt 0.062500 0.687500
vt 0.078125 0.656250
vt 0.078125 0.625000
vt 0.062500 0.656250
vt 0.062500 0.625000
vt 0.078125 0.593750
vt 0.078125 0.562500
vt 0.062500 0.593750
vt 0.062500 0.562500
vt 0.078125 0.531250
vt 0.078125 0.500000
vt 0.062500 0.531250
vt 0.062500 0.500000
vt 0.046875 0.656250
vt 0.046875 0.625000
vt 0.046875 0.687500
vt 0.031250 0.687500
vt 0.031250 0.656250
vt 0.031250 0.625000
vt 0.046875 0.593750
vt 0.046875 0.562500
vt 0.031250 0.593750
vt 0.031250 0.562500
vt 0.046875 0.531250
vt 0.046875 0.500000
vt 0.031250 0.531250
vt 0.031250 0.500000
vt 0.054687 0.968750
vt 0.046875 0.957899
vt 0.046875 0.935185
vt 0.046875 1.000000
vt 0.039062 0.968750
vt 0.031250 0.937500
vt 0.046875 0.905961
vt 0.046875 0.875000
vt 0.031250 0.906105
vt 0.031250 0.875000
vt 0.046875 0.843750
vt 0.046875 0.812500
vt 0.031250 0.843750
vt 0.031250 0.812500
vt 0.046875 0.781250
vt 0.046875 0.750000
vt 0.031250 0.781250
vt 0.031250 0.750000
vt 0.046875 0.718750
vt 0.031250 0.718750
vt 0.015625 0.843750
vt 0.015625 0.812500
vt 0.015625 0.875000
vt 0.000000 0.875000
vt 0.000000 0.843750
vt 0.000000 0.812500
vt 0.015625 0.781250
vt 0.015625 0.750000
vt 0.000000 0.781250
vt 0.000000 0.750000
vt 0.015625 0.718750
vt 0.015625 0.687500
vt 0.000000 0.718750
vt 0.000000 0.687500
vt 0.015625 0.656250
vt 0.015625 0.625000
vt 0.000000 0.656250
vt 0.000000 0.625000
vt 0.015625 0.593750
vt 0.015625 0.562500
vt 0.000000 0.593750
vt 0.000000 0.562500
vt 0.015625 0.531250
vt 0.015625 0.500000
vt 0.000000 0.531250
vt 0.000000 0.500000
vt 0.023438 0.968750
vt 0.015625 0.957899
vt 0.015625 0.935185
vt 0.015625 1.000000
vt 0.007813 0.968750
vt 0.000000 0.937500
vt 0.015625 0.905961
vt 0.000000 0.906250
vt 1.000000 0.562500
vt 1.000000 0.593750
vt 0.984375 0.593750
vt 0.984375 0.562500
vt 1.000000 0.625000
vt 0.984375 0.625000
vt 0.968750 0.625000
vt 0.968750 0.593750
vt 0.968750 0.562500
vt 1.000000 0.500000
vt 1.000000 0.531250
vt 0.984375 0.531250
vt 0.984375 0.500000
vt 0.968750 0.531250
vt 0.968750 0.500000
vt 1.000000 0.937500
vt 0.992188 0.968750
vt 0.984375 0.957899
vt 0.984375 0.935185
vt 0.984375 1.000000
vt 0.976563 0.968750
vt 0.968750 0.937500
vt 1.000000 0.875000
vt 1.000000 0.906250
vt 0.984375 0.905961
vt 0.984375 0.875000
vt 0.968750 0.906105
vt 0.968750 0.875000
vt 1.000000 0.812500
vt 1.000000 0.843750
vt 0.984375 0.843750
vt 0.984375 0.812500
vt 0.968750 0.843750
vt 0.968750 0.812500
vt 1.000000 0.750000
vt 1.000000 0.781250
vt 0.984375 0.781250
vt 0.984375 0.750000
vt 0.968750 0.781250
vt 0.968750 0.750000
vt 1.000000 0.687500
vt 1.000000 0.718750
vt 0.984375 0.718750
vt 0.984375 0.687500
vt 0.968750 0.718750
vt 0.968750 0.687500
vt 1.000000 0.656250
vt 0.984375 0.656250
vt 0.968750 0.656250
vt 0.953125 0.843750
vt 0.953125 0.812500
vt 0.953125 0.875000
vt 0.937500 0.875000
vt 0.937500 0.843750
vt 0.937500 0.812500
vt 0.953125 0.781250
vt 0.953125 0.750000
vt 0.937500 0.781250
vt 0.937500 0.750000
vt 0.953125 0.718750
vt 0.953125 0.687500
vt 0.937500 0.718750
vt 0.937500 0.687500
vt 0.953125 0.656250
vt 0.953125 0.625000
vt 0.937500 0.656250
vt 0.937500 0.625000
vt 0.953125 0.593750
vt 0.953125 0.562500
vt 0.937500 0.593750
vt 0.937500 0.562500
vt 0.953125 0.531250
vt 0.953125 0.500000
vt 0.937500 0.531250
vt 0.937500 0.500000
vt 0.960938 0.968750
vt 0.953125 0.957899
vt 0.953125 0.935185
vt 0.953125 1.000000
vt 0.945313 0.968750
vt 0.937500 0.937500
vt 0.953125 0.905961
vt 0.937500 0.906105
vt 0.921875 0.593750
vt 0.921875 0.562500
vt 0.921875 0.625000
vt 0.906250 0.625000
vt 0.906250 0.593750
vt 0.906250 0.562500
vt 0.921875 0.531250
vt 0.921875 0.500000
vt 0.906250 0.531250
vt 0.906250 0.500000
vt 0.929688 0.968750
vt 0.921875 0.957899
vt 0.921875 0.935185
vt 0.921875 1.000000
vt 0.914063 0.968750
vt 0.906250 0.937500
vt 0.921875 0.905961
vt 0.921875 0.875000
vt 0.906250 0.906105
vt 0.906250 0.875000
vt 0.921875 0.843750
vt 0.921875 0.812500
vt 0.906250 0.843750
vt 0.906250 0.812500
vt 0.921875 0.781250
vt 0.921875 0.750000
vt 0.906250 0.781250
vt 0.906250 0.750000
vt 0.921875 0.718750
vt 0.921875 0.687500
vt 0.906250 0.718750
vt 0.906250 0.687500
vt 0.921875 0.656250
vt 0.906250 0.656250
vt 0.890625 0.781250
vt 0.890625 0.750000
vt 0.890625 0.812500
vt 0.875000 0.812500
vt 0.875000 0.781250
vt 0.875000 0.750000
vt 0.890625 0.718750
vt 0.890625 0.687500
vt 0.875000 0.718750
vt 0.875000 0.687500
vt 0.890625 0.656250
vt 0.890625 0.625000
vt 0.875000 0.656250
vt 0.875000 0.625000
vt 0.890625 0.593750
vt 0.890625 0.562500
vt 0.875000 0.593750
vt 0.875000 0.562500
vt 0.890625 0.531250
vt 0.890625 0.500000
vt 0.875000 0.531250
vt 0.875000 0.500000
vt 0.898438 0.968750
vt 0.890625 0.957899
vt 0.890625 0.935185
vt 0.890625 1.000000
vt 0.882813 0.968750
vt 0.875000 0.937500
vt 0.890625 0.905961
vt 0.890625 0.875000
vt 0.875000 0.906105
vt 0.875000 0.875000
vt 0.890625 0.843750
vt 0.875000 0.843750
vt 0.859375 0.531250
vt 0.859375 0.500000
vt 0.859375 0.562500
vt 0.843750 0.562500
vt 0.843750 0.531250
vt 0.843750 0.500000
vt 0.867188 0.968750
vt 0.859375 0.957899
vt 0.859375 0.935185
vt 0.859375 1.000000
vt 0.851563 0.968750
vt 0.843750 0.937500
vt 0.859375 0.905961
vt 0.859375 0.875000
vt 0.843750 0.906105
vt 0.843750 0.875000
vt 0.859375 0.843750
vt 0.859375 0.812500
vt 0.843750 0.843750
vt 0.843750 0.812500
vt 0.859375 0.781250
vt 0.859375 0.750000
vt 0.843750 0.781250
vt 0.843750 0.750000
vt 0.859375 0.718750
vt 0.859375 0.687500
vt 0.843750 0.718750
vt 0.843750 0.687500
vt 0.859375 0.656250
vt 0.859375 0.625000
vt 0.843750 0.656250
vt 0.843750 0.625000
vt 0.859375 0.593750
vt 0.843750 0.593750
vt 0.828125 0.718750
vt 0.828125 0.687500
vt 0.828125 0.750000
vt 0.812500 0.750000
vt 0.812500 0.718750
vt 0.812500 0.687500
vt 0.828125 0.656250
vt 0.828125 0.625000
vt 0.812500 0.656250
vt 0.812500 0.625000
vt 0.828125 0.593750
vt 0.828125 0.562500
vt 0.812500 0.593750
vt 0.812500 0.562500
vt 0.828125 0.531250
vt 0.828125 0.500000
vt 0.812500 0.531250
vt 0.812500 0.500000
vt 0.835938 0.968750
vt 0.828125 0.957899
vt 0.828125 0.935185
vt 0.828125 1.000000
vt 0.820313 0.968750
vt 0.812500 0.937500
vt 0.828125 0.905961
vt 0.828125 0.875000
vt 0.812500 0.906105
vt 0.812500 0.875000
vt 0.828125 0.843750
vt 0.828125 0.812500
vt 0.812500 0.843750
vt 0.812500 0.812500
vt 0.828125 0.781250
vt 0.812500 0.781250
vt 0.804688 0.968750
vt 0.796875 0.957899
vt 0.796875 0.935185
vt 0.796875 1.000000
vt 0.789063 0.968750
vt 0.781250 0.937500
vt 0.796875 0.905961
vt 0.796875 0.875000
vt 0.781250 0.906105
vt 0.781250 0.875000
vt 0.796875 0.843750
vt 0.796875 0.812500
vt 0.781250 0.843750
vt 0.781250 0.812500
vt 0.796875 0.781250
vt 0.796875 0.750000
vt 0.781250 0.781250
vt 0.781250 0.750000
vt 0.796875 0.718750
vt 0.796875 0.687500
vt 0.781250 0.718750
vt 0.781250 0.687500
vt 0.796875 0.656250
vt 0.796875 0.625000
vt 0.781250 0.656250
vt 0.781250 0.625000
vt 0.796875 0.593750
vt 0.796875 0.562500
vt 0.781250 0.593750
vt 0.781250 0.562500
vt 0.796875 0.531250
vt 0.796875 0.500000
vt 0.781250 0.531250
vt 0.781250 0.500000
vt 0.765625 0.718750
vt 0.765625 0.687500
vt 0.765625 0.750000
vt 0.765625 0.656250
vt 0.765625 0.625000
vt 0.765625 0.593750
vt 0.765625 0.562500
vt 0.765625 0.531250
vt 0.765625 0.500000
vt 0.773438 0.968750
vt 0.765625 0.957899
vt 0.765625 0.935185
vt 0.765625 1.000000
vt 0.757813 0.968750
vt 0.765625 0.905961
vt 0.765625 0.875000
vt 0.765625 0.843750
vt 0.765625 0.812500
vt 0.765625 0.781250
s 0
g Circle.001_Material.001
usemtl Material.001
f 1044/1124/1006 1300/1125/1006 1805/1126/1006 1302/1127/1006
f 1300/1125/1007 1045/1128/1007 1303/1129/1007 1805/1126/1007
f 1805/1126/1008 1303/1129/1008 1039/1130/1008 1296/1131/1008
f 1302/1127/1009 1805/1126/1009 1296/1131/1009 1040/1132/1009
f 1045/1128/1010 1766/1133/1010 1806/1134/1010 1303/1129/1010
f 1766/1133/1011 1290/1135/1011 1768/1136/1011 1806/1134/1011
f 1806/1134/1012 1768/1136/1012 1038/1137/1012 1295/1138/1012
f 1303/1129/1013 1806/1134/1013 1295/1138/1013 1039/1130/1013
f 1290/1135/1014 1757/1139/1014 1807/1140/1014 1768/1136/1014
f 1757/1139/1015 1289/1141/1015 1769/1142/1015 1807/1140/1015
f 1807/1140/1016 1769/1142/1016 1037/1143/1016 1294/1144/1016
f 1768/1136/1017 1807/1140/1017 1294/1144/1017 1038/1137/1017
f 1289/1141/1018 1756/1145/1018 1808/1146/1018 1769/1142/1018
f 1756/1145/1019 1288/1147/1019 1770/1148/1019 1808/1146/1019
f 1808/1146/1020 1770/1148/1020 1036/1149/1020 1293/1150/1020
f 1769/1142/1021 1808/1146/1021 1293/1150/1021 1037/1143/1021
f 1288/1147/1022 1758/1151/1022 1809/1152/1022 1770/1148/1022
f 1758/1151/1023 1292/1153/1023 1771/1154/1023 1809/1152/1023
f 1809/1152/1024 1771/1154/1024 1046/1155/1024 1301/1156/1024
f 1770/1148/1025 1809/1152/1025 1301/1156/1025 1036/1149/1025
f 1292/1153/1026 1767/1157/1026 1810/1158/1026 1771/1154/1026
f 1215/1159/1027 1764/1160/1027 1810/1158/1027 1767/1157/1027
f 1046/1155/1028 1771/1154/1028 1810/1158/1028 1764/1160/1028
f 1291/1161/1029 1765/1162/1029 1811/1163/1029 1772/1164/1029
f 1765/1162/1030 1043/1165/1030 1304/1166/1030 1811/1163/1030
f 1811/1163/1031 1304/1166/1031 1041/1167/1031 1298/1168/1031
f 1772/1164/1032 1811/1163/1032 1298/1168/1032 1042/1169/1032
f 1043/1165/1033 1299/1170/1033 1812/1171/1033 1304/1166/1033
f 1299/1170/1034 1044/1124/1034 1302/1127/1034 1812/1171/1034
f 1812/1171/1035 1302/1127/1035 1040/1132/1035 1297/1172/1035
f 1304/1166/1036 1812/1171/1036 1297/1172/1036 1041/1167/1036
f 1039/1130/1037 1295/1138/1037 1813/1173/1037 1312/1174/1037
f 1295/1138/1038 1038/1137/1038 1313/1175/1038 1813/1173/1038
f 1813/1173/1039 1313/1175/1039 1049/1176/1039 1307/1177/1039
f 1312/1174/1040 1813/1173/1040 1307/1177/1040 1050/1178/1040
f 1040/1132/1041 1296/1131/1041 1814/1179/1041 1314/1180/1041
f 1296/1131/1042 1039/1130/1042 1312/1174/1042 1814/1179/1042
f 1814/1179/1043 1312/1174/1043 1050/1178/1043 1308/1181/1043
f 1314/1180/1044 1814/1179/1044 1308/1181/1044 1051/1182/1044
f 1041/1167/1045 1297/1172/1045 1815/1183/1045 1315/1184/1045
f 1297/1172/1046 1040/1132/1046 1314/1180/1046 1815/1183/1046
f 1815/1183/1047 1314/1180/1047 1051/1182/1047 1309/1185/1047
f 1315/1184/1048 1815/1183/1048 1309/1185/1048 1052/1186/1048
f 1042/1169/1049 1298/1168/1049 1816/1187/1049 1316/1188/1049
f 1298/1168/1050 1041/1167/1050 1315/1184/1050 1816/1187/1050
f 1816/1187/1051 1315/1184/1051 1052/1186/1051 1310/1189/1051
f 1316/1188/1052 1816/1187/1052 1310/1189/1052 1053/1190/1052
f 1046/1155/1053 1764/1191/1053 1817/1192/1053 1317/1193/1053
f 1215/1194/1054 1773/1195/1054 1817/1192/1054 1764/1191/1054
f 1054/1196/1055 1317/1193/1055 1817/1192/1055 1773/1195/1055
f 1037/1143/1056 1293/1150/1056 1818/1197/1056 1318/1198/1056
f 1293/1150/1057 1036/1149/1057 1319/1199/1057 1818/1197/1057
f 1818/1197/1058 1319/1199/1058 1047/1200/1058 1305/1201/1058
f 1318/1198/1059 1818/1197/1059 1305/1201/1059 1048/1202/1059
f 1036/1149/1060 1301/1156/1060 1819/1203/1060 1319/1199/1060
f 1301/1156/1061 1046/1155/1061 1317/1193/1061 1819/1203/1061
f 1819/1203/1062 1317/1193/1062 1054/1196/1062 1311/1204/1062
f 1319/1199/1063 1819/1203/1063 1311/1204/1063 1047/1200/1063
f 1038/1137/1064 1294/1144/1064 1820/1205/1064 1313/1175/1064
f 1294/1144/1065 1037/1143/1065 1318/1198/1065 1820/1205/1065
f 1820/1205/1066 1318/1198/1066 1048/1202/1066 1306/1206/1066
f 1313/1175/1067 1820/1205/1067 1306/1206/1067 1049/1176/1067
f 1053/1190/1068 1310/1189/1068 1821/1207/1068 1327/1208/1068
f 1310/1189/1069 1052/1186/1069 1328/1209/1069 1821/1207/1069
f 1821/1207/1070 1328/1209/1070 1060/1210/1070 1325/1211/1070
f 1327/1208/1071 1821/1207/1071 1325/1211/1071 1061/1212/1071
f 1054/1196/1072 1773/1213/1072 1822/1214/1072 1329/1215/1072
f 1215/1216/1073 1774/1217/1073 1822/1214/1073 1773/1213/1073
f 1062/1218/1074 1329/1215/1074 1822/1214/1074 1774/1217/1074
f 1047/1200/1075 1311/1204/1075 1823/1219/1075 1330/1220/1075
f 1311/1204/1076 1054/1196/1076 1329/1215/1076 1823/1219/1076
f 1823/1219/1077 1329/1215/1077 1062/1218/1077 1326/1221/1077
f 1330/1220/1078 1823/1219/1078 1326/1221/1078 1055/1222/1078
f 1048/1202/1079 1305/1201/1079 1824/1223/1079 1331/1224/1079
f 1305/1201/1080 1047/1200/1080 1330/1220/1080 1824/1223/1080
f 1824/1223/1081 1330/1220/1081 1055/1222/1081 1320/1225/1081
f 1331/1224/1082 1824/1223/1082 1320/1225/1082 1056/1226/1082
f 1049/1176/1083 1306/1206/1083 1825/1227/1083 1332/1228/1083
f 1306/1206/1084 1048/1202/1084 1331/1224/1084 1825/1227/1084
f 1825/1227/1085 1331/1224/1085 1056/1226/1085 1321/1229/1085
f 1332/1228/1086 1825/1227/1086 1321/1229/1086 1057/1230/1086
f 1050/1178/1087 1307/1177/1087 1826/1231/1087 1333/1232/1087
f 1307/1177/1088 1049/1176/1088 1332/1228/1088 1826/1231/1088
f 1826/1231/1089 1332/1228/1089 1057/1230/1089 1322/1233/1089
f 1333/1232/1090 1826/1231/1090 1322/1233/1090 1058/1234/1090
f 1051/1182/1091 1308/1181/1091 1827/1235/1091 1334/1236/1091
f 1308/1181/1092 1050/1178/1092 1333/1232/1092 1827/1235/1092
f 1827/1235/1093 1333/1232/1093 1058/1234/1093 1323/1237/1093
f 1334/1236/1094 1827/1235/1094 1323/1237/1094 1059/1238/1094
f 1052/1186/1095 1309/1185/1095 1828/1239/1095 1328/1209/1095
f 1309/1185/1096 1051/1182/1096 1334/1236/1096 1828/1239/1096
f 1828/1239/1097 1334/1236/1097 1059/1238/1097 1324/1240/1097
f 1328/1209/1098 1828/1239/1098 1324/1240/1098 1060/1210/1098
f 1057/1230/1099 1321/1229/1099 1829/1241/1099 1342/1242/1099
f 1321/1229/1100 1056/1226/1100 1343/1243/1100 1829/1241/1100
f 1829/1241/1101 1343/1243/1101 1064/1244/1101 1336/1245/1101
f 1342/1242/1102 1829/1241/1102 1336/1245/1102 1065/1246/1102
f 1058/1234/1103 1322/1233/1103 1830/1247/1103 1344/1248/1103
f 1322/1233/1104 1057/1230/1104 1342/1242/1104 1830/1247/1104
f 1830/1247/1105 1342/1242/1105 1065/1246/1105 1337/1249/1105
f 1344/1248/1106 1830/1247/1106 1337/1249/1106 1066/1250/1106
f 1059/1238/1107 1323/1237/1107 1831/1251/1107 1345/1252/1107
f 1323/1237/1108 1058/1234/1108 1344/1248/1108 1831/1251/1108
f 1831/1251/1109 1344/1248/1109 1066/1250/1109 1338/1253/1109
f 1345/1252/1110 1831/1251/1110 1338/1253/1110 1067/1254/1110
f 1060/1210/1111 1324/1240/1111 1832/1255/1111 1346/1256/1111
f 1324/1240/1112 1059/1238/1112 1345/1252/1112 1832/1255/1112
f 1832/1255/1113 1345/1252/1113 1067/1254/1113 1339/1257/1113
f 1346/1256/1114 1832/1255/1114 1339/1257/1114 1068/1258/1114
f 1061/1212/1115 1325/1211/1115 1833/1259/1115 1347/1260/1115
f 1325/1211/1116 1060/1210/1116 1346/1256/1116 1833/1259/1116
f 1833/1259/1117 1346/1256/1117 1068/1258/1117 1340/1261/1117
f 1347/1260/1118 1833/1259/1118 1340/1261/1118 1069/1262/1118
f 1062/1218/1119 1774/1263/1119 1834/1264/1119 1348/1265/1119
f 1215/1266/1120 1775/1267/1120 1834/1264/1120 1774/1263/1120
f 1070/1268/1121 1348/1265/1121 1834/1264/1121 1775/1267/1121
f 1055/1222/1122 1326/1221/1122 1835/1269/1122 1349/1270/1122
f 1326/1221/1123 1062/1218/1123 1348/1265/1123 1835/1269/1123
f 1835/1269/1124 1348/1265/1124 1070/1268/1124 1341/1271/1124
f 1349/1270/1125 1835/1269/1125 1341/1271/1125 1063/1272/1125
f 1056/1226/1126 1320/1225/1126 1836/1273/1126 1343/1243/1126
f 1320/1225/1127 1055/1222/1127 1349/1270/1127 1836/1273/1127
f 1836/1273/1128 1349/1270/1128 1063/1272/1128 1335/1274/1128
f 1343/1243/1129 1836/1273/1129 1335/1274/1129 1064/1244/1129
f 1069/1262/1130 1340/1261/1130 1837/1275/1130 1357/1276/1130
f 1340/1261/1131 1068/1258/1131 1358/1277/1131 1837/1275/1131
f 1837/1275/1132 1358/1277/1132 1076/1278/1132 1355/1279/1132
f 1357/1276/1133 1837/1275/1133 1355/1279/1133 1077/1280/1133
f 1070/1268/1134 1775/1281/1134 1838/1282/1134 1359/1283/1134
f 1215/1284/1135 1776/1285/1135 1838/1282/1135 1775/1281/1135
f 1078/1286/1136 1359/1283/1136 1838/1282/1136 1776/1285/1136
f 1063/1272/1137 1341/1271/1137 1839/1287/1137 1360/1288/1137
f 1341/1271/1138 1070/1268/1138 1359/1283/1138 1839/1287/1138
f 1839/1287/1139 1359/1283/1139 1078/1286/1139 1356/1289/1139
f 1360/1288/1140 1839/1287/1140 1356/1289/1140 1071/1290/1140
f 1064/1244/1141 1335/1274/1141 1840/1291/1141 1361/1292/1141
f 1335/1274/1142 1063/1272/1142 1360/1288/1142 1840/1291/1142
f 1840/1291/1143 1360/1288/1143 1071/1290/1143 1350/1293/1143
f 1361/1292/1144 1840/1291/1144 1350/1293/1144 1072/1294/1144
f 1065/1246/1145 1336/1245/1145 1841/1295/1145 1362/1296/1145
f 1336/1245/1146 1064/1244/1146 1361/1292/1146 1841/1295/1146
f 1841/1295/1147 1361/1292/1147 1072/1294/1147 1351/1297/1147
f 1362/1296/1148 1841/1295/1148 1351/1297/1148 1073/1298/1148
f 1066/1250/1149 1337/1249/1149 1842/1299/1149 1363/1300/1149
f 1337/1249/1150 1065/1246/1150 1362/1296/1150 1842/1299/1150
f 1842/1299/1151 1362/1296/1151 1073/1298/1151 1352/1301/1151
f 1363/1300/1152 1842/1299/1152 1352/1301/1152 1074/1302/1152
f 1067/1254/1153 1338/1253/1153 1843/1303/1153 1364/1304/1153
f 1338/1253/1154 1066/1250/1154 1363/1300/1154 1843/1303/1154
f 1843/1303/1155 1363/1300/1155 1074/1302/1155 1353/1305/1155
f 1364/1304/1156 1843/1303/1156 1353/1305/1156 1075/1306/1156
f 1068/1258/1157 1339/1257/1157 1844/1307/1157 1358/1277/1157
f 1339/1257/1158 1067/1254/1158 1364/1304/1158 1844/1307/1158
f 1844/1307/1159 1364/1304/1159 1075/1306/1159 1354/1308/1159
f 1358/1277/1160 1844/1307/1160 1354/1308/1160 1076/1278/1160
f 1074/1302/1161 1352/1301/1161 1845/1309/1161 1372/1310/1161
f 1352/1301/1162 1073/1298/1162 1373/1311/1162 1845/1309/1162
f 1845/1309/1163 1373/1311/1163 1081/1312/1163 1367/1313/1163
f 1372/1310/1164 1845/1309/1164 1367/1313/1164 1082/1314/1164
f 1075/1306/1165 1353/1305/1165 1846/1315/1165 1374/1316/1165
f 1353/1305/1166 1074/1302/1166 1372/1310/1166 1846/1315/1166
f 1846/1315/1167 1372/1310/1167 1082/1314/1167 1368/1317/1167
f 1374/1316/1168 1846/1315/1168 1368/1317/1168 1083/1318/1168
f 1076/1278/1169 1354/1308/1169 1847/1319/1169 1375/1320/1169
f 1354/1308/1170 1075/1306/1170 1374/1316/1170 1847/1319/1170
f 1847/1319/1171 1374/1316/1171 1083/1318/1171 1369/1321/1171
f 1375/1320/1172 1847/1319/1172 1369/1321/1172 1084/1322/1172
f 1077/1280/1173 1355/1279/1173 1848/1323/1173 1376/1324/1173
f 1355/1279/1174 1076/1278/1174 1375/1320/1174 1848/1323/1174
f 1848/1323/1175 1375/1320/1175 1084/1322/1175 1370/1325/1175
f 1376/1324/1176 1848/1323/1176 1370/1325/1176 1085/1326/1176
f 1078/1286/1177 1776/1327/1177 1849/1328/1177 1377/1329/1177
f 1215/1330/1178 1777/1331/1178 1849/1328/1178 1776/1327/1178
f 1086/1332/1179 1377/1329/1179 1849/1328/1179 1777/1331/1179
f 1071/1290/1180 1356/1289/1180 1850/1333/1180 1378/1334/1180
f 1356/1289/1181 1078/1286/1181 1377/1329/1181 1850/1333/1181
f 1850/1333/1182 1377/1329/1182 1086/1332/1182 1371/1335/1182
f 1378/1334/1183 1850/1333/1183 1371/1335/1183 1079/1336/1183
f 1072/1294/1184 1350/1293/1184 1851/1337/1184 1379/1338/1184
f 1350/1293/1185 1071/1290/1185 1378/1334/1185 1851/1337/1185
f 1851/1337/1186 1378/1334/1186 1079/1336/1186 1365/1339/1186
f 1379/1338/1187 1851/1337/1187 1365/1339/1187 1080/1340/1187
f 1073/1298/1188 1351/1297/1188 1852/1341/1188 1373/1311/1188
f 1351/1297/1189 1072/1294/1189 1379/1338/1189 1852/1341/1189
f 1852/1341/1190 1379/1338/1190 1080/1340/1190 1366/1342/1190
f 1373/1311/1191 1852/1341/1191 1366/1342/1191 1081/1312/1191
f 1086/1332/1192 1777/1343/1192 1853/1344/1192 1388/1345/1192
f 1215/1346/1193 1778/1347/1193 1853/1344/1193 1777/1343/1193
f 1094/1348/1194 1388/1345/1194 1853/1344/1194 1778/1347/1194
f 1079/1336/1195 1371/1335/1195 1854/1349/1195 1389/1350/1195
f 1371/1335/1196 1086/1332/1196 1388/1345/1196 1854/1349/1196
f 1854/1349/1197 1388/1345/1197 1094/1348/1197 1386/1351/1197
f 1389/1350/1198 1854/1349/1198 1386/1351/1198 1087/1352/1198
f 1080/1340/1199 1365/1339/1199 1855/1353/1199 1390/1354/1199
f 1365/1339/1200 1079/1336/1200 1389/1350/1200 1855/1353/1200
f 1855/1353/1201 1389/1350/1201 1087/1352/1201 1380/1355/1201
f 1390/1354/1202 1855/1353/1202 1380/1355/1202 1088/1356/1202
f 1081/1312/1203 1366/1342/1203 1856/1357/1203 1391/1358/1203
f 1366/1342/1204 1080/1340/1204 1390/1354/1204 1856/1357/1204
f 1856/1357/1205 1390/1354/1205 1088/1356/1205 1381/1359/1205
f 1391/1358/1206 1856/1357/1206 1381/1359/1206 1089/1360/1206
f 1082/1314/1207 1367/1313/1207 1857/1361/1207 1392/1362/1207
f 1367/1313/1208 1081/1312/1208 1391/1358/1208 1857/1361/1208
f 1857/1361/1209 1391/1358/1209 1089/1360/1209 1382/1363/1209
f 1392/1362/1210 1857/1361/1210 1382/1363/1210 1090/1364/1210
f 1083/1318/1211 1368/1317/1211 1858/1365/1211 1393/1366/1211
f 1368/1317/1212 1082/1314/1212 1392/1362/1212 1858/1365/1212
f 1858/1365/1213 1392/1362/1213 1090/1364/1213 1383/1367/1213
f 1393/1366/1214 1858/1365/1214 1383/1367/1214 1091/1368/1214
f 1084/1322/1215 1369/1321/1215 1859/1369/1215 1394/1370/1215
f 1369/1321/1216 1083/1318/1216 1393/1366/1216 1859/1369/1216
f 1859/1369/1217 1393/1366/1217 1091/1368/1217 1384/1371/1217
f 1394/1370/1218 1859/1369/1218 1384/1371/1218 1092/1372/1218
f 1085/1326/1219 1370/1325/1219 1860/1373/1219 1387/1374/1219
f 1370/1325/1220 1084/1322/1220 1394/1370/1220 1860/1373/1220
f 1860/1373/1221 1394/1370/1221 1092/1372/1221 1385/1375/1221
f 1387/1374/1222 1860/1373/1222 1385/1375/1222 1093/1376/1222
f 1090/1364/1223 1382/1363/1223 1861/1377/1223 1402/1378/1223
f 1382/1363/1224 1089/1360/1224 1403/1379/1224 1861/1377/1224
f 1861/1377/1225 1403/1379/1225 1097/1380/1225 1397/1381/1225
f 1402/1378/1226 1861/1377/1226 1397/1381/1226 1098/1382/1226
f 1091/1368/1227 1383/1367/1227 1862/1383/1227 1404/1384/1227
f 1383/1367/1228 1090/1364/1228 1402/1378/1228 1862/1383/1228
f 1862/1383/1229 1402/1378/1229 1098/1382/1229 1398/1385/1229
f 1404/1384/1230 1862/1383/1230 1398/1385/1230 1099/1386/1230
f 1092/1372/1231 1384/1371/1231 1863/1387/1231 1405/1388/1231
f 1384/1371/1232 1091/1368/1232 1404/1384/1232 1863/1387/1232
f 1863/1387/1233 1404/1384/1233 1099/1386/1233 1399/1389/1233
f 1405/1388/1234 1863/1387/1234 1399/1389/1234 1100/1390/1234
f 1093/1376/1235 1385/1375/1235 1864/1391/1235 1406/1392/1235
f 1385/1375/1236 1092/1372/1236 1405/1388/1236 1864/1391/1236
f 1864/1391/1237 1405/1388/1237 1100/1390/1237 1400/1393/1237
f 1406/1392/1238 1864/1391/1238 1400/1393/1238 1101/1394/1238
f 1094/1348/1239 1778/1395/1239 1865/1396/1239 1407/1397/1239
f 1215/1398/1240 1779/1399/1240 1865/1396/1240 1778/1395/1240
f 1102/1400/1241 1407/1397/1241 1865/1396/1241 1779/1399/1241
f 1087/1352/1242 1386/1351/1242 1866/1401/1242 1408/1402/1242
f 1386/1351/1243 1094/1348/1243 1407/1397/1243 1866/1401/1243
f 1866/1401/1244 1407/1397/1244 1102/1400/1244 1401/1403/1244
f 1408/1402/1245 1866/1401/1245 1401/1403/1245 1095/1404/1245
f 1088/1356/1246 1380/1355/1246 1867/1405/1246 1409/1406/1246
f 1380/1355/1247 1087/1352/1247 1408/1402/1247 1867/1405/1247
f 1867/1405/1248 1408/1402/1248 1095/1404/1248 1395/1407/1248
f 1409/1406/1249 1867/1405/1249 1395/1407/1249 1096/1408/1249
f 1089/1360/1250 1381/1359/1250 1868/1409/1250 1403/1379/1250
f 1381/1359/1251 1088/1356/1251 1409/1406/1251 1868/1409/1251
f 1868/1409/1252 1409/1406/1252 1096/1408/1252 1396/1410/1252
f 1403/1379/1253 1868/1409/1253 1396/1410/1253 1097/1380/1253
f 1102/1400/1254 1779/1411/1254 1869/1412/1254 1418/1413/1254
f 1215/1414/1255 1780/1415/1255 1869/1412/1255 1779/1411/1255
f 1110/1416/1256 1418/1413/1256 1869/1412/1256 1780/1415/1256
f 1095/1404/1257 1401/1403/1257 1870/1417/1257 1419/1418/1257
f 1401/1403/1258 1102/1400/1258 1418/1413/1258 1870/1417/1258
f 1870/1417/1259 1418/1413/1259 1110/1416/1259 1416/1419/1259
f 1419/1418/1260 1870/1417/1260 1416/1419/1260 1103/1420/1260
f 1096/1408/1261 1395/1407/1261 1871/1421/1261 1420/1422/1261
f 1395/1407/1262 1095/1404/1262 1419/1418/1262 1871/1421/1262
f 1871/1421/1263 1419/1418/1263 1103/1420/1263 1410/1423/1263
f 1420/1422/1264 1871/1421/1264 1410/1423/1264 1104/1424/1264
f 1097/1380/1265 1396/1410/1265 1872/1425/1265 1421/1426/1265
f 1396/1410/1266 1096/1408/1266 1420/1422/1266 1872/1425/1266
f 1872/1425/1267 1420/1422/1267 1104/1424/1267 1411/1427/1267
f 1421/1426/1268 1872/1425/1268 1411/1427/1268 1105/1428/1268
f 1098/1382/1269 1397/1381/1269 1873/1429/1269 1422/1430/1269
f 1397/1381/1270 1097/1380/1270 1421/1426/1270 1873/1429/1270
f 1873/1429/1271 1421/1426/1271 1105/1428/1271 1412/1431/1271
f 1422/1430/1272 1873/1429/1272 1412/1431/1272 1106/1432/1272
f 1099/1386/1273 1398/1385/1273 1874/1433/1273 1423/1434/1273
f 1398/1385/1274 1098/1382/1274 1422/1430/1274 1874/1433/1274
f 1874/1433/1275 1422/1430/1275 1106/1432/1275 1413/1435/1275
f 1423/1434/1276 1874/1433/1276 1413/1435/1276 1107/1436/1276
f 1100/1390/1277 1399/1389/1277 1875/1437/1277 1424/1438/1277
f 1399/1389/1278 1099/1386/1278 1423/1434/1278 1875/1437/1278
f 1875/1437/1279 1423/1434/1279 1107/1436/1279 1414/1439/1279
f 1424/1438/1280 1875/1437/1280 1414/1439/1280 1108/1440/1280
f 1101/1394/1281 1400/1393/1281 1876/1441/1281 1417/1442/1281
f 1400/1393/1282 1100/1390/1282 1424/1438/1282 1876/1441/1282
f 1876/1441/1283 1424/1438/1283 1108/1440/1283 1415/1443/1283
f 1417/1442/1284 1876/1441/1284 1415/1443/1284 1109/1444/1284
f 1107/1436/1285 1413/1435/1285 1877/1445/1285 1432/1446/1285
f 1413/1435/1286 1106/1432/1286 1433/1447/1286 1877/1445/1286
f 1877/1445/1287 1433/1447/1287 1114/1448/1287 1428/1449/1287
f 1432/1446/1288 1877/1445/1288 1428/1449/1288 1115/1450/1288
f 1108/1440/1289 1414/1439/1289 1878/1451/1289 1434/1452/1289
f 1414/1439/1290 1107/1436/1290 1432/1446/1290 1878/1451/1290
f 1878/1451/1291 1432/1446/1291 1115/1450/1291 1429/1453/1291
f 1434/1452/1292 1878/1451/1292 1429/1453/1292 1116/1454/1292
f 1109/1444/1293 1415/1443/1293 1879/1455/1293 1435/1456/1293
f 1415/1443/1294 1108/1440/1294 1434/1452/1294 1879/1455/1294
f 1879/1455/1295 1434/1452/1295 1116/1454/1295 1430/1457/1295
f 1435/1456/1296 1879/1455/1296 1430/1457/1296 1117/1458/1296
f 1110/1416/1297 1780/1459/1297 1880/1460/1297 1436/1461/1297
f 1215/1462/1298 1781/1463/1298 1880/1460/1298 1780/1459/1298
f 1118/1464/1299 1436/1461/1299 1880/1460/1299 1781/1463/1299
f 1103/1420/1300 1416/1419/1300 1881/1465/1300 1437/1466/1300
f 1416/1419/1301 1110/1416/1301 1436/1461/1301 1881/1465/1301
f 1881/1465/1302 1436/1461/1302 1118/1464/1302 1431/1467/1302
f 1437/1466/1303 1881/1465/1303 1431/1467/1303 1111/1468/1303
f 1104/1424/1304 1410/1423/1304 1882/1469/1304 1438/1470/1304
f 1410/1423/1305 1103/1420/1305 1437/1466/1305 1882/1469/1305
f 1882/1469/1306 1437/1466/1306 1111/1468/1306 1425/1471/1306
f 1438/1470/1307 1882/1469/1307 1425/1471/1307 1112/1472/1307
f 1105/1428/1308 1411/1427/1308 1883/1473/1308 1439/1474/1308
f 1411/1427/1309 1104/1424/1309 1438/1470/1309 1883/1473/1309
f 1883/1473/1310 1438/1470/1310 1112/1472/1310 1426/1475/1310
f 1439/1474/1311 1883/1473/1311 1426/1475/1311 1113/1476/1311
f 1106/1432/1312 1412/1431/1312 1884/1477/1312 1433/1447/1312
f 1412/1431/1313 1105/1428/1313 1439/1474/1313 1884/1477/1313
f 1884/1477/1314 1439/1474/1314 1113/1476/1314 1427/1478/1314
f 1433/1447/1315 1884/1477/1315 1427/1478/1315 1114/1448/1315
f 1111/1468/1316 1431/1467/1316 1885/1479/1316 1447/1480/1316
f 1431/1467/1317 1118/1464/1317 1448/1481/1317 1885/1479/1317
f 1885/1479/1318 1448/1481/1318 1126/1482/1318 1446/1483/1318
f 1447/1480/1319 1885/1479/1319 1446/1483/1319 1119/1484/1319
f 1112/1472/1320 1425/1471/1320 1886/1485/1320 1449/1486/1320
f 1425/1471/1321 1111/1468/1321 1447/1480/1321 1886/1485/1321
f 1886/1485/1322 1447/1480/1322 1119/1484/1322 1440/1487/1322
f 1449/1486/1323 1886/1485/1323 1440/1487/1323 1120/1488/1323
f 1113/1476/1324 1426/1475/1324 1887/1489/1324 1450/1490/1324
f 1426/1475/1325 1112/1472/1325 1449/1486/1325 1887/1489/1325
f 1887/1489/1326 1449/1486/1326 1120/1488/1326 1441/1491/1326
f 1450/1490/1327 1887/1489/1327 1441/1491/1327 1121/1492/1327
f 1114/1448/1328 1427/1478/1328 1888/1493/1328 1451/1494/1328
f 1427/1478/1329 1113/1476/1329 1450/1490/1329 1888/1493/1329
f 1888/1493/1330 1450/1490/1330 1121/1492/1330 1442/1495/1330
f 1451/1494/1331 1888/1493/1331 1442/1495/1331 1122/1496/1331
f 1115/1450/1332 1428/1449/1332 1889/1497/1332 1452/1498/1332
f 1428/1449/1333 1114/1448/1333 1451/1494/1333 1889/1497/1333
f 1889/1497/1334 1451/1494/1334 1122/1496/1334 1443/1499/1334
f 1452/1498/1335 1889/1497/1335 1443/1499/1335 1123/1500/1335
f 1116/1454/1336 1429/1453/1336 1890/1501/1336 1453/1502/1336
f 1429/1453/1337 1115/1450/1337 1452/1498/1337 1890/1501/1337
f 1890/1501/1338 1452/1498/1338 1123/1500/1338 1444/1503/1338
f 1453/1502/1339 1890/1501/1339 1444/1503/1339 1124/1504/1339
f 1117/1458/1340 1430/1457/1340 1891/1505/1340 1454/1506/1340
f 1430/1457/1341 1116/1454/1341 1453/1502/1341 1891/1505/1341
f 1891/1505/1342 1453/1502/1342 1124/1504/1342 1445/1507/1342
f 1454/1506/1343 1891/1505/1343 1445/1507/1343 1125/1508/1343
f 1118/1464/1344 1781/1509/1344 1892/1510/1344 1448/1481/1344
f 1215/1511/1345 1782/1512/1345 1892/1510/1345 1781/1509/1345
f 1126/1482/1346 1448/1481/1346 1892/1510/1346 1782/1512/1346
f 1124/1504/1347 1444/1503/1347 1893/1513/1347 1462/1514/1347
f 1444/1503/1348 1123/1500/1348 1463/1515/1348 1893/1513/1348
f 1893/1513/1349 1463/1515/1349 1131/1516/1349 1459/1517/1349
f 1462/1514/1350 1893/1513/1350 1459/1517/1350 1132/1518/1350
f 1125/1508/1351 1445/1507/1351 1894/1519/1351 1464/1520/1351
f 1445/1507/1352 1124/1504/1352 1462/1514/1352 1894/1519/1352
f 1894/1519/1353 1462/1514/1353 1132/1518/1353 1460/1521/1353
f 1464/1520/1354 1894/1519/1354 1460/1521/1354 1133/1522/1354
f 1126/1482/1355 1782/1523/1355 1895/1524/1355 1465/1525/1355
f 1215/1526/1356 1783/1527/1356 1895/1524/1356 1782/1523/1356
f 1134/1528/1357 1465/1525/1357 1895/1524/1357 1783/1527/1357
f 1119/1484/1358 1446/1483/1358 1896/1529/1358 1466/1530/1358
f 1446/1483/1359 1126/1482/1359 1465/1525/1359 1896/1529/1359
f 1896/1529/1360 1465/1525/1360 1134/1528/1360 1461/1531/1360
f 1466/1530/1361 1896/1529/1361 1461/1531/1361 1127/1532/1361
f 1120/1488/1362 1440/1487/1362 1897/1533/1362 1467/1534/1362
f 1440/1487/1363 1119/1484/1363 1466/1530/1363 1897/1533/1363
f 1897/1533/1364 1466/1530/1364 1127/1532/1364 1455/1535/1364
f 1467/1534/1365 1897/1533/1365 1455/1535/1365 1128/1536/1365
f 1121/1492/1366 1441/1491/1366 1898/1537/1366 1468/1538/1366
f 1441/1491/1367 1120/1488/1367 1467/1534/1367 1898/1537/1367
f 1898/1537/1368 1467/1534/1368 1128/1536/1368 1456/1539/1368
f 1468/1538/1369 1898/1537/1369 1456/1539/1369 1129/1540/1369
f 1122/1496/1370 1442/1495/1370 1899/1541/1370 1469/1542/1370
f 1442/1495/1371 1121/1492/1371 1468/1538/1371 1899/1541/1371
f 1899/1541/1372 1468/1538/1372 1129/1540/1372 1457/1543/1372
f 1469/1542/1373 1899/1541/1373 1457/1543/1373 1130/1544/1373
f 1123/1500/1374 1443/1499/1374 1900/1545/1374 1463/1515/1374
f 1443/1499/1375 1122/1496/1375 1469/1542/1375 1900/1545/1375
f 1900/1545/1376 1469/1542/1376 1130/1544/1376 1458/1546/1376
f 1463/1515/1377 1900/1545/1377 1458/1546/1377 1131/1516/1377
f 1128/1536/1378 1455/1535/1378 1901/1547/1378 1477/1548/1378
f 1455/1535/1379 1127/1532/1379 1478/1549/1379 1901/1547/1379
f 1901/1547/1380 1478/1549/1380 1135/1550/1380 1470/1551/1380
f 1477/1548/1381 1901/1547/1381 1470/1551/1381 1136/1552/1381
f 1129/1540/1382 1456/1539/1382 1902/1553/1382 1479/1554/1382
f 1456/1539/1383 1128/1536/1383 1477/1548/1383 1902/1553/1383
f 1902/1553/1384 1477/1548/1384 1136/1552/1384 1471/1555/1384
f 1479/1554/1385 1902/1553/1385 1471/1555/1385 1137/1556/1385
f 1130/1544/1386 1457/1543/1386 1903/1557/1386 1480/1558/1386
f 1457/1543/1387 1129/1540/1387 1479/1554/1387 1903/1557/1387
f 1903/1557/1388 1479/1554/1388 1137/1556/1388 1472/1559/1388
f 1480/1558/1389 1903/1557/1389 1472/1559/1389 1138/1560/1389
f 1131/1516/1390 1458/1546/1390 1904/1561/1390 1481/1562/1390
f 1458/1546/1391 1130/1544/1391 1480/1558/1391 1904/1561/1391
f 1904/1561/1392 1480/1558/1392 1138/1560/1392 1473/1563/1392
f 1481/1562/1393 1904/1561/1393 1473/1563/1393 1139/1564/1393
f 1132/1518/1394 1459/1517/1394 1905/1565/1394 1482/1566/1394
f 1459/1517/1395 1131/1516/1395 1481/1562/1395 1905/1565/1395
f 1905/1565/1396 1481/1562/1396 1139/1564/1396 1474/1567/1396
f 1482/1566/1397 1905/1565/1397 1474/1567/1397 1140/1568/1397
f 1133/1522/1398 1460/1521/1398 1906/1569/1398 1483/1570/1398
f 1460/1521/1399 1132/1518/1399 1482/1566/1399 1906/1569/1399
f 1906/1569/1400 1482/1566/1400 1140/1568/1400 1475/1571/1400
f 1483/1570/1401 1906/1569/1401 1475/1571/1401 1141/1572/1401
f 1134/1528/1402 1783/1573/1402 1907/1574/1402 1484/1575/1402
f 1215/1576/1403 1784/1577/1403 1907/1574/1403 1783/1573/1403
f 1142/1578/1404 1484/1575/1404 1907/1574/1404 1784/1577/1404
f 1127/1532/1405 1461/1531/1405 1908/1579/1405 1478/1549/1405
f 1461/1531/1406 1134/1528/1406 1484/1575/1406 1908/1579/1406
f 1908/1579/1407 1484/1575/1407 1142/1578/1407 1476/1580/1407
f 1478/1549/1408 1908/1579/1408 1476/1580/1408 1135/1550/1408
f 1140/1568/1409 1474/1567/1409 1909/1581/1409 1492/1582/1409
f 1474/1567/1410 1139/1564/1410 1493/1583/1410 1909/1581/1410
f 1909/1581/1411 1493/1583/1411 1147/1584/1411 1489/1585/1411
f 1492/1582/1412 1909/1581/1412 1489/1585/1412 1148/1586/1412
f 1141/1572/1413 1475/1571/1413 1910/1587/1413 1494/1588/1413
f 1475/1571/1414 1140/1568/1414 1492/1582/1414 1910/1587/1414
f 1910/1587/1415 1492/1582/1415 1148/1586/1415 1490/1589/1415
f 1494/1588/1416 1910/1587/1416 1490/1589/1416 1149/1590/1416
f 1142/1578/1417 1784/1591/1417 1911/1592/1417 1495/1593/1417
f 1215/1594/1418 1785/1595/1418 1911/1592/1418 1784/1591/1418
f 1150/1596/1419 1495/1593/1419 1911/1592/1419 1785/1595/1419
f 1135/1550/1420 1476/1580/1420 1912/1597/1420 1496/1598/1420
f 1476/1580/1421 1142/1578/1421 1495/1593/1421 1912/1597/1421
f 1912/1597/1422 1495/1593/1422 1150/1596/1422 1491/1599/1422
f 1496/1598/1423 1912/1597/1423 1491/1599/1423 1143/1600/1423
f 1136/1552/1424 1470/1551/1424 1913/1601/1424 1497/1602/1424
f 1470/1551/1425 1135/1550/1425 1496/1598/1425 1913/1601/1425
f 1913/1601/1426 1496/1598/1426 1143/1600/1426 1485/1603/1426
f 1497/1602/1427 1913/1601/1427 1485/1603/1427 1144/1604/1427
f 1137/1556/1428 1471/1555/1428 1914/1605/1428 1498/1606/1428
f 1471/1555/1429 1136/1552/1429 1497/1602/1429 1914/1605/1429
f 1914/1605/1430 1497/1602/1430 1144/1604/1430 1486/1607/1430
f 1498/1606/1431 1914/1605/1431 1486/1607/1431 1145/1608/1431
f 1138/1560/1432 1472/1559/1432 1915/1609/1432 1499/1610/1432
f 1472/1559/1433 1137/1556/1433 1498/1606/1433 1915/1609/1433
f 1915/1609/1434 1498/1606/1434 1145/1608/1434 1487/1611/1434
f 1499/1610/1435 1915/1609/1435 1487/1611/1435 1146/1612/1435
f 1139/1564/1436 1473/1563/1436 1916/1613/1436 1493/1583/1436
f 1473/1563/1437 1138/1560/1437 1499/1610/1437 1916/1613/1437
f 1916/1613/1438 1499/1610/1438 1146/1612/1438 1488/1614/1438
f 1493/1583/1439 1916/1613/1439 1488/1614/1439 1147/1584/1439
f 1145/1608/1440 1486/1607/1440 1917/1615/1440 1507/1616/1440
f 1486/1607/1441 1144/1604/1441 1508/1617/1441 1917/1615/1441
f 1917/1615/1442 1508/1617/1442 1152/1618/1442 1501/1619/1442
f 1507/1616/1443 1917/1615/1443 1501/1619/1443 1153/1620/1443
f 1146/1612/1444 1487/1611/1444 1918/1621/1444 1509/1622/1444
f 1487/1611/1445 1145/1608/1445 1507/1616/1445 1918/1621/1445
f 1918/1621/1446 1507/1616/1446 1153/1620/1446 1502/1623/1446
f 1509/1622/1447 1918/1621/1447 1502/1623/1447 1154/1624/1447
f 1147/1584/1448 1488/1614/1448 1919/1625/1448 1510/1626/1448
f 1488/1614/1449 1146/1612/1449 1509/1622/1449 1919/1625/1449
f 1919/1625/1450 1509/1622/1450 1154/1624/1450 1503/1627/1450
f 1510/1626/1451 1919/1625/1451 1503/1627/1451 1155/1628/1451
f 1148/1586/1452 1489/1585/1452 1920/1629/1452 1511/1630/1452
f 1489/1585/1453 1147/1584/1453 1510/1626/1453 1920/1629/1453
f 1920/1629/1454 1510/1626/1454 1155/1628/1454 1504/1631/1454
f 1511/1630/1455 1920/1629/1455 1504/1631/1455 1156/1632/1455
f 1149/1590/1456 1490/1589/1456 1921/1633/1456 1512/1634/1456
f 1490/1589/1457 1148/1586/1457 1511/1630/1457 1921/1633/1457
f 1921/1633/1458 1511/1630/1458 1156/1632/1458 1505/1635/1458
f 1512/1634/1459 1921/1633/1459 1505/1635/1459 1157/1636/1459
f 1150/1596/1460 1785/1637/1460 1922/1638/1460 1513/1639/1460
f 1215/1640/1461 1786/1641/1461 1922/1638/1461 1785/1637/1461
f 1158/1642/1462 1513/1639/1462 1922/1638/1462 1786/1641/1462
f 1143/1600/1463 1491/1599/1463 1923/1643/1463 1514/1644/1463
f 1491/1599/1464 1150/1596/1464 1513/1639/1464 1923/1643/1464
f 1923/1643/1465 1513/1639/1465 1158/1642/1465 1506/1645/1465
f 1514/1644/1466 1923/1643/1466 1506/1645/1466 1151/1646/1466
f 1144/1604/1467 1485/1603/1467 1924/1647/1467 1508/1617/1467
f 1485/1603/1468 1143/1600/1468 1514/1644/1468 1924/1647/1468
f 1924/1647/1469 1514/1644/1469 1151/1646/1469 1500/1648/1469
f 1508/1617/1470 1924/1647/1470 1500/1648/1470 1152/1618/1470
f 1157/1636/1471 1505/1635/1471 1925/1649/1471 1522/1650/1471
f 1505/1635/1472 1156/1632/1472 1523/1651/1472 1925/1649/1472
f 1925/1649/1473 1523/1651/1473 1164/1652/1473 1520/1653/1473
f 1522/1650/1474 1925/1649/1474 1520/1653/1474 1165/1654/1474
f 1158/1642/1475 1786/1655/1475 1926/1656/1475 1524/1657/1475
f 1215/1658/1476 1787/1659/1476 1926/1656/1476 1786/1655/1476
f 1166/1660/1477 1524/1657/1477 1926/1656/1477 1787/1659/1477
f 1151/1646/1478 1506/1645/1478 1927/1661/1478 1525/1662/1478
f 1506/1645/1479 1158/1642/1479 1524/1657/1479 1927/1661/1479
f 1927/1661/1480 1524/1657/1480 1166/1660/1480 1521/1663/1480
f 1525/1662/1481 1927/1661/1481 1521/1663/1481 1159/1664/1481
f 1152/1618/1482 1500/1648/1482 1928/1665/1482 1526/1666/1482
f 1500/1648/1483 1151/1646/1483 1525/1662/1483 1928/1665/1483
f 1928/1665/1484 1525/1662/1484 1159/1664/1484 1515/1667/1484
f 1526/1666/1485 1928/1665/1485 1515/1667/1485 1160/1668/1485
f 1153/1620/1486 1501/1619/1486 1929/1669/1486 1527/1670/1486
f 1501/1619/1487 1152/1618/1487 1526/1666/1487 1929/1669/1487
f 1929/1669/1488 1526/1666/1488 1160/1668/1488 1516/1671/1488
f 1527/1670/1489 1929/1669/1489 1516/1671/1489 1161/1672/1489
f 1154/1624/1490 1502/1623/1490 1930/1673/1490 1528/1674/1490
f 1502/1623/1491 1153/1620/1491 1527/1670/1491 1930/1673/1491
f 1930/1673/1492 1527/1670/1492 1161/1672/1492 1517/1675/1492
f 1528/1674/1493 1930/1673/1493 1517/1675/1493 1162/1676/1493
f 1155/1628/1494 1503/1627/1494 1931/1677/1494 1529/1678/1494
f 1503/1627/1495 1154/1624/1495 1528/1674/1495 1931/1677/1495
f 1931/1677/1496 1528/1674/1496 1162/1676/1496 1518/1679/1496
f 1529/1678/1497 1931/1677/1497 1518/1679/1497 1163/1680/1497
f 1156/1632/1498 1504/1631/1498 1932/1681/1498 1523/1651/1498
f 1504/1631/1499 1155/1628/1499 1529/1678/1499 1932/1681/1499
f 1932/1681/1500 1529/1678/1500 1163/1680/1500 1519/1682/1500
f 1523/1651/1501 1932/1681/1501 1519/1682/1501 1164/1652/1501
f 1161/1672/1502 1516/1671/1502 1933/1683/1502 1537/1684/1502
f 1516/1671/1503 1160/1668/1503 1538/1685/1503 1933/1683/1503
f 1933/1683/1504 1538/1685/1504 1168/1686/1504 1531/1687/1504
f 1537/1684/1505 1933/1683/1505 1531/1687/1505 1169/1688/1505
f 1162/1676/1506 1517/1675/1506 1934/1689/1506 1539/1690/1506
f 1517/1675/1507 1161/1672/1507 1537/1684/1507 1934/1689/1507
f 1934/1689/1508 1537/1684/1508 1169/1688/1508 1532/1691/1508
f 1539/1690/1509 1934/1689/1509 1532/1691/1509 1170/1692/1509
f 1163/1680/1510 1518/1679/1510 1935/1693/1510 1540/1694/1510
f 1518/1679/1511 1162/1676/1511 1539/1690/1511 1935/1693/1511
f 1935/1693/1512 1539/1690/1512 1170/1692/1512 1533/1695/1512
f 1540/1694/1513 1935/1693/1513 1533/1695/1513 1171/1696/1513
f 1164/1652/1514 1519/1682/1514 1936/1697/1514 1541/1698/1514
f 1519/1682/1515 1163/1680/1515 1540/1694/1515 1936/1697/1515
f 1936/1697/1516 1540/1694/1516 1171/1696/1516 1534/1699/1516
f 1541/1698/1517 1936/1697/1517 1534/1699/1517 1172/1700/1517
f 1165/1654/1518 1520/1653/1518 1937/1701/1518 1542/1702/1518
f 1520/1653/1519 1164/1652/1519 1541/1698/1519 1937/1701/1519
f 1937/1701/1520 1541/1698/1520 1172/1700/1520 1535/1703/1520
f 1542/1702/1521 1937/1701/1521 1535/1703/1521 1173/1704/1521
f 1166/1660/1522 1787/1705/1522 1938/1706/1522 1543/1707/1522
f 1215/1708/1523 1788/1709/1523 1938/1706/1523 1787/1705/1523
f 1174/1710/1524 1543/1707/1524 1938/1706/1524 1788/1709/1524
f 1159/1664/1525 1521/1663/1525 1939/1711/1525 1544/1712/1525
f 1521/1663/1526 1166/1660/1526 1543/1707/1526 1939/1711/1526
f 1939/1711/1527 1543/1707/1527 1174/1710/1527 1536/1713/1527
f 1544/1712/1528 1939/1711/1528 1536/1713/1528 1167/1714/1528
f 1160/1668/1529 1515/1667/1529 1940/1715/1529 1538/1685/1529
f 1515/1667/1530 1159/1664/1530 1544/1712/1530 1940/1715/1530
f 1940/1715/1531 1544/1712/1531 1167/1714/1531 1530/1716/1531
f 1538/1685/1532 1940/1715/1532 1530/1716/1532 1168/1686/1532
f 1173/1704/1533 1535/1703/1533 1941/1717/1533 1552/1718/1533
f 1535/1703/1534 1172/1700/1534 1553/1719/1534 1941/1717/1534
f 1941/1717/1535 1553/1719/1535 1180/1720/1535 1550/1721/1535
f 1552/1718/1536 1941/1717/1536 1550/1721/1536 1181/1722/1536
f 1174/1710/1537 1788/1723/1537 1942/1724/1537 1554/1725/1537
f 1215/1726/1538 1789/1727/1538 1942/1724/1538 1788/1723/1538
f 1182/1728/1539 1554/1725/1539 1942/1724/1539 1789/1727/1539
f 1167/1714/1540 1536/1713/1540 1943/1729/1540 1555/1730/1540
f 1536/1713/1541 1174/1710/1541 1554/1725/1541 1943/1729/1541
f 1943/1729/1542 1554/1725/1542 1182/1728/1542 1551/1731/1542
f 1555/1730/1543 1943/1729/1543 1551/1731/1543 1175/1732/1543
f 1168/1686/1544 1530/1716/1544 1944/1733/1544 1556/1734/1544
f 1530/1716/1545 1167/1714/1545 1555/1730/1545 1944/1733/1545
f 1944/1733/1546 1555/1730/1546 1175/1732/1546 1545/1735/1546
f 1556/1734/1547 1944/1733/1547 1545/1735/1547 1176/1736/1547
f 1169/1688/1548 1531/1687/1548 1945/1737/1548 1557/1738/1548
f 1531/1687/1549 1168/1686/1549 1556/1734/1549 1945/1737/1549
f 1945/1737/1550 1556/1734/1550 1176/1736/1550 1546/1739/1550
f 1557/1738/1551 1945/1737/1551 1546/1739/1551 1177/1740/1551
f 1170/1692/1552 1532/1691/1552 1946/1741/1552 1558/1742/1552
f 1532/1691/1553 1169/1688/1553 1557/1738/1553 1946/1741/1553
f 1946/1741/1554 1557/1738/1554 1177/1740/1554 1547/1743/1554
f 1558/1742/1555 1946/1741/1555 1547/1743/1555 1178/1744/1555
f 1171/1696/1556 1533/1695/1556 1947/1745/1556 1559/1746/1556
f 1533/1695/1557 1170/1692/1557 1558/1742/1557 1947/1745/1557
f 1947/1745/1558 1558/1742/1558 1178/1744/1558 1548/1747/1558
f 1559/1746/1559 1947/1745/1559 1548/1747/1559 1179/1748/1559
f 1172/1700/1560 1534/1699/1560 1948/1749/1560 1553/1719/1560
f 1534/1699/1561 1171/1696/1561 1559/1746/1561 1948/1749/1561
f 1948/1749/1562 1559/1746/1562 1179/1748/1562 1549/1750/1562
f 1553/1719/1563 1948/1749/1563 1549/1750/1563 1180/1720/1563
f 1178/1744/1564 1547/1743/1564 1949/1751/1564 1567/1752/1564
f 1547/1743/1565 1177/1740/1565 1568/1753/1565 1949/1751/1565
f 1949/1751/1566 1568/1753/1566 1185/1754/1566 1562/1755/1566
f 1567/1752/1567 1949/1751/1567 1562/1755/1567 1186/1756/1567
f 1179/1748/1568 1548/1747/1568 1950/1757/1568 1569/1758/1568
f 1548/1747/1569 1178/1744/1569 1567/1752/1569 1950/1757/1569
f 1950/1757/1570 1567/1752/1570 1186/1756/1570 1563/1759/1570
f 1569/1758/1571 1950/1757/1571 1563/1759/1571 1187/1760/1571
f 1180/1720/1572 1549/1750/1572 1951/1761/1572 1570/1762/1572
f 1549/1750/1573 1179/1748/1573 1569/1758/1573 1951/1761/1573
f 1951/1761/1574 1569/1758/1574 1187/1760/1574 1564/1763/1574
f 1570/1762/1575 1951/1761/1575 1564/1763/1575 1188/1764/1575
f 1181/1722/1576 1550/1721/1576 1952/1765/1576 1571/1766/1576
f 1550/1721/1577 1180/1720/1577 1570/1762/1577 1952/1765/1577
f 1952/1765/1578 1570/1762/1578 1188/1764/1578 1565/1767/1578
f 1571/1766/1579 1952/1765/1579 1565/1767/1579 1189/1768/1579
f 1182/1728/1580 1789/1769/1580 1953/1770/1580 1572/1771/1580
f 1215/1772/1581 1790/1773/1581 1953/1770/1581 1789/1769/1581
f 1190/1774/1582 1572/1771/1582 1953/1770/1582 1790/1773/1582
f 1175/1732/1583 1551/1731/1583 1954/1775/1583 1573/1776/1583
f 1551/1731/1584 1182/1728/1584 1572/1771/1584 1954/1775/1584
f 1954/1775/1585 1572/1771/1585 1190/1774/1585 1566/1777/1585
f 1573/1776/1586 1954/1775/1586 1566/1777/1586 1183/1778/1586
f 1176/1736/1587 1545/1735/1587 1955/1779/1587 1574/1780/1587
f 1545/1735/1588 1175/1732/1588 1573/1776/1588 1955/1779/1588
f 1955/1779/1589 1573/1776/1589 1183/1778/1589 1560/1781/1589
f 1574/1780/1590 1955/1779/1590 1560/1781/1590 1184/1782/1590
f 1177/1740/1591 1546/1739/1591 1956/1783/1591 1568/1753/1591
f 1546/1739/1592 1176/1736/1592 1574/1780/1592 1956/1783/1592
f 1956/1783/1593 1574/1780/1593 1184/1782/1593 1561/1784/1593
f 1568/1753/1594 1956/1783/1594 1561/1784/1594 1185/1754/1594
f 1190/1774/1595 1790/1785/1595 1957/1786/1595 1583/1787/1595
f 1215/1788/1596 1791/1789/1596 1957/1786/1596 1790/1785/1596
f 1198/1790/1597 1583/1787/1597 1957/1786/1597 1791/1789/1597
f 1183/1778/1598 1566/1777/1598 1958/1791/1598 1584/1792/1598
f 1566/1777/1599 1190/1774/1599 1583/1787/1599 1958/1791/1599
f 1958/1791/1600 1583/1787/1600 1198/1790/1600 1581/1793/1600
f 1584/1792/1601 1958/1791/1601 1581/1793/1601 1191/1794/1601
f 1184/1782/1602 1560/1781/1602 1959/1795/1602 1585/1796/1602
f 1560/1781/1603 1183/1778/1603 1584/1792/1603 1959/1795/1603
f 1959/1795/1604 1584/1792/1604 1191/1794/1604 1575/1797/1604
f 1585/1796/1605 1959/1795/1605 1575/1797/1605 1192/1798/1605
f 1185/1754/1606 1561/1784/1606 1960/1799/1606 1586/1800/1606
f 1561/1784/1607 1184/1782/1607 1585/1796/1607 1960/1799/1607
f 1960/1799/1608 1585/1796/1608 1192/1798/1608 1576/1801/1608
f 1586/1800/1609 1960/1799/1609 1576/1801/1609 1193/1802/1609
f 1186/1756/1610 1562/1755/1610 1961/1803/1610 1587/1804/1610
f 1562/1755/1611 1185/1754/1611 1586/1800/1611 1961/1803/1611
f 1961/1803/1612 1586/1800/1612 1193/1802/1612 1577/1805/1612
f 1587/1804/1613 1961/1803/1613 1577/1805/1613 1194/1806/1613
f 1187/1760/1614 1563/1759/1614 1962/1807/1614 1588/1808/1614
f 1563/1759/1615 1186/1756/1615 1587/1804/1615 1962/1807/1615
f 1962/1807/1616 1587/1804/1616 1194/1806/1616 1578/1809/1616
f 1588/1808/1617 1962/1807/1617 1578/1809/1617 1195/1810/1617
f 1188/1764/1618 1564/1763/1618 1963/1811/1618 1589/1812/1618
f 1564/1763/1619 1187/1760/1619 1588/1808/1619 1963/1811/1619
f 1963/1811/1620 1588/1808/1620 1195/1810/1620 1579/1813/1620
f 1589/1812/1621 1963/1811/1621 1579/1813/1621 1196/1814/1621
f 1189/1768/1622 1565/1767/1622 1964/1815/1622 1582/1816/1622
f 1565/1767/1623 1188/1764/1623 1589/1812/1623 1964/1815/1623
f 1964/1815/1624 1589/1812/1624 1196/1814/1624 1580/1817/1624
f 1582/1816/1625 1964/1815/1625 1580/1817/1625 1197/1818/1625
f 1195/1810/1626 1578/1809/1626 1965/1819/1626 1597/1820/1626
f 1578/1809/1627 1194/1806/1627 1598/1821/1627 1965/1819/1627
f 1965/1819/1628 1598/1821/1628 1202/1822/1628 1593/1823/1628
f 1597/1820/1629 1965/1819/1629 1593/1823/1629 1203/1824/1629
f 1196/1814/1630 1579/1813/1630 1966/1825/1630 1599/1826/1630
f 1579/1813/1631 1195/1810/1631 1597/1820/1631 1966/1825/1631
f 1966/1825/1632 1597/1820/1632 1203/1824/1632 1594/1827/1632
f 1599/1826/1633 1966/1825/1633 1594/1827/1633 1204/1828/1633
f 1197/1818/1634 1580/1817/1634 1967/1829/1634 1600/1830/1634
f 1580/1817/1635 1196/1814/1635 1599/1826/1635 1967/1829/1635
f 1967/1829/1636 1599/1826/1636 1204/1828/1636 1595/1831/1636
f 1600/1830/1637 1967/1829/1637 1595/1831/1637 1205/1832/1637
f 1198/1790/1638 1791/1833/1638 1968/1834/1638 1601/1835/1638
f 1215/1836/1639 1792/1837/1639 1968/1834/1639 1791/1833/1639
f 1206/1838/1640 1601/1835/1640 1968/1834/1640 1792/1837/1640
f 1191/1794/1641 1581/1793/1641 1969/1839/1641 1602/1840/1641
f 1581/1793/1642 1198/1790/1642 1601/1835/1642 1969/1839/1642
f 1969/1839/1643 1601/1835/1643 1206/1838/1643 1596/1841/1643
f 1602/1840/1644 1969/1839/1644 1596/1841/1644 1199/1842/1644
f 1192/1798/1645 1575/1797/1645 1970/1843/1645 1603/1844/1645
f 1575/1797/1646 1191/1794/1646 1602/1840/1646 1970/1843/1646
f 1970/1843/1647 1602/1840/1647 1199/1842/1647 1590/1845/1647
f 1603/1844/1648 1970/1843/1648 1590/1845/1648 1200/1846/1648
f 1193/1802/1649 1576/1801/1649 1971/1847/1649 1604/1848/1649
f 1576/1801/1650 1192/1798/1650 1603/1844/1650 1971/1847/1650
f 1971/1847/1651 1603/1844/1651 1200/1846/1651 1591/1849/1651
f 1604/1848/1652 1971/1847/1652 1591/1849/1652 1201/1850/1652
f 1194/1806/1653 1577/1805/1653 1972/1851/1653 1598/1821/1653
f 1577/1805/1654 1193/1802/1654 1604/1848/1654 1972/1851/1654
f 1972/1851/1655 1604/1848/1655 1201/1850/1655 1592/1852/1655
f 1598/1821/1656 1972/1851/1656 1592/1852/1656 1202/1822/1656
f 1206/1838/1657 1792/1853/1657 1973/1854/1657 1613/1855/1657
f 1215/1856/1658 1605/1857/1658 1973/1854/1658 1792/1853/1658
f 1214/1858/1659 1613/1855/1659 1973/1854/1659 1605/1857/1659
f 1199/1842/1660 1596/1841/1660 1974/1859/1660 1614/1860/1660
f 1596/1841/1661 1206/1838/1661 1613/1855/1661 1974/1859/1661
f 1974/1859/1662 1613/1855/1662 1214/1858/1662 1612/1861/1662
f 1614/1860/1663 1974/1859/1663 1612/1861/1663 1207/1862/1663
f 1200/1846/1664 1590/1845/1664 1975/1863/1664 1615/1864/1664
f 1590/1845/1665 1199/1842/1665 1614/1860/1665 1975/1863/1665
f 1975/1863/1666 1614/1860/1666 1207/1862/1666 1606/1865/1666
f 1615/1864/1667 1975/1863/1667 1606/1865/1667 1208/1866/1667
f 1201/1850/1668 1591/1849/1668 1976/1867/1668 1616/1868/1668
f 1591/1849/1669 1200/1846/1669 1615/1864/1669 1976/1867/1669
f 1976/1867/1670 1615/1864/1670 1208/1866/1670 1607/1869/1670
f 1616/1868/1671 1976/1867/1671 1607/1869/1671 1209/1870/1671
f 1202/1822/1672 1592/1852/1672 1977/1871/1672 1617/1872/1672
f 1592/1852/1673 1201/1850/1673 1616/1868/1673 1977/1871/1673
f 1977/1871/1674 1616/1868/1674 1209/1870/1674 1608/1873/1674
f 1617/1872/1675 1977/1871/1675 1608/1873/1675 1210/1874/1675
f 1203/1824/1676 1593/1823/1676 1978/1875/1676 1618/1876/1676
f 1593/1823/1677 1202/1822/1677 1617/1872/1677 1978/1875/1677
f 1978/1875/1678 1617/1872/1678 1210/1874/1678 1609/1877/1678
f 1618/1876/1679 1978/1875/1679 1609/1877/1679 1211/1878/1679
f 1204/1828/1680 1594/1827/1680 1979/1879/1680 1619/1880/1680
f 1594/1827/1681 1203/1824/1681 1618/1876/1681 1979/1879/1681
f 1979/1879/1682 1618/1876/1682 1211/1878/1682 1610/1881/1682
f 1619/1880/1683 1979/1879/1683 1610/1881/1683 1212/1882/1683
f 1205/1832/1684 1595/1831/1684 1980/1883/1684 1620/1884/1684
f 1595/1831/1685 1204/1828/1685 1619/1880/1685 1980/1883/1685
f 1980/1883/1686 1619/1880/1686 1212/1882/1686 1611/1885/1686
f 1620/1884/1687 1980/1883/1687 1611/1885/1687 1213/1886/1687
f 1211/1878/1688 1609/1877/1688 1981/1887/1688 1628/1888/1688
f 1609/1877/1689 1210/1874/1689 1629/1889/1689 1981/1887/1689
f 1981/1887/1690 1629/1889/1690 1219/1890/1690 1624/1891/1690
f 1628/1888/1691 1981/1887/1691 1624/1891/1691 1220/1892/1691
f 1212/1882/1692 1610/1881/1692 1982/1893/1692 1630/1894/1692
f 1610/1881/1693 1211/1878/1693 1628/1888/1693 1982/1893/1693
f 1982/1893/1694 1628/1888/1694 1220/1892/1694 1625/1895/1694
f 1630/1894/1695 1982/1893/1695 1625/1895/1695 1221/1896/1695
f 1213/1886/1696 1611/1885/1696 1983/1897/1696 1631/1898/1696
f 1611/1885/1697 1212/1882/1697 1630/1894/1697 1983/1897/1697
f 1983/1897/1698 1630/1894/1698 1221/1896/1698 1626/1899/1698
f 1631/1898/1699 1983/1897/1699 1626/1899/1699 1222/1900/1699
f 1214/1858/1700 1605/1901/1700 1984/1902/1700 1632/1903/1700
f 1215/1904/1701 1793/1905/1701 1984/1902/1701 1605/1901/1701
f 1223/1906/1702 1632/1903/1702 1984/1902/1702 1793/1905/1702
f 1207/1862/1703 1612/1861/1703 1985/1907/1703 1633/1908/1703
f 1612/1861/1704 1214/1858/1704 1632/1903/1704 1985/1907/1704
f 1985/1907/1705 1632/1903/1705 1223/1906/1705 1627/1909/1705
f 1633/1908/1706 1985/1907/1706 1627/1909/1706 1216/1910/1706
f 1208/1866/1707 1606/1865/1707 1986/1911/1707 1634/1912/1707
f 1606/1865/1708 1207/1862/1708 1633/1908/1708 1986/1911/1708
f 1986/1911/1709 1633/1908/1709 1216/1910/1709 1621/1913/1709
f 1634/1912/1710 1986/1911/1710 1621/1913/1710 1217/1914/1710
f 1209/1870/1711 1607/1869/1711 1987/1915/1711 1635/1916/1711
f 1607/1869/1712 1208/1866/1712 1634/1912/1712 1987/1915/1712
f 1987/1915/1713 1634/1912/1713 1217/1914/1713 1622/1917/1713
f 1635/1916/1714 1987/1915/1714 1622/1917/1714 1218/1918/1714
f 1210/1874/1715 1608/1873/1715 1988/1919/1715 1629/1889/1715
f 1608/1873/1716 1209/1870/1716 1635/1916/1716 1988/1919/1716
f 1988/1919/1717 1635/1916/1717 1218/1918/1717 1623/1920/1717
f 1629/1889/1718 1988/1919/1718 1623/1920/1718 1219/1890/1718
f 1217/1914/1719 1621/1913/1719 1989/1921/1719 1643/1922/1719
f 1621/1913/1720 1216/1910/1720 1644/1923/1720 1989/1921/1720
f 1989/1921/1721 1644/1923/1721 1224/1924/1721 1636/1925/1721
f 1643/1922/1722 1989/1921/1722 1636/1925/1722 1225/1926/1722
f 1218/1918/1723 1622/1917/1723 1990/1927/1723 1645/1928/1723
f 1622/1917/1724 1217/1914/1724 1643/1922/1724 1990/1927/1724
f 1990/1927/1725 1643/1922/1725 1225/1926/1725 1637/1929/1725
f 1645/1928/1726 1990/1927/1726 1637/1929/1726 1226/1930/1726
f 1219/1890/1727 1623/1920/1727 1991/1931/1727 1646/1932/1727
f 1623/1920/1728 1218/1918/1728 1645/1928/1728 1991/1931/1728
f 1991/1931/1729 1645/1928/1729 1226/1930/1729 1638/1933/1729
f 1646/1932/1730 1991/1931/1730 1638/1933/1730 1227/1934/1730
f 1220/1892/1731 1624/1891/1731 1992/1935/1731 1647/1936/1731
f 1624/1891/1732 1219/1890/1732 1646/1932/1732 1992/1935/1732
f 1992/1935/1733 1646/1932/1733 1227/1934/1733 1639/1937/1733
f 1647/1936/1734 1992/1935/1734 1639/1937/1734 1228/1938/1734
f 1221/1896/1735 1625/1895/1735 1993/1939/1735 1648/1940/1735
f 1625/1895/1736 1220/1892/1736 1647/1936/1736 1993/1939/1736
f 1993/1939/1737 1647/1936/1737 1228/1938/1737 1640/1941/1737
f 1648/1940/1738 1993/1939/1738 1640/1941/1738 1229/1942/1738
f 1222/1900/1739 1626/1899/1739 1994/1943/1739 1649/1944/1739
f 1626/1899/1740 1221/1896/1740 1648/1940/1740 1994/1943/1740
f 1994/1943/1741 1648/1940/1741 1229/1942/1741 1641/1945/1741
f 1649/1944/1742 1994/1943/1742 1641/1945/1742 1230/1946/1742
f 1223/1906/1743 1793/1947/1743 1995/1948/1743 1650/1949/1743
f 1215/1950/1744 1794/1951/1744 1995/1948/1744 1793/1947/1744
f 1231/1952/1745 1650/1949/1745 1995/1948/1745 1794/1951/1745
f 1216/1910/1746 1627/1909/1746 1996/1953/1746 1644/1923/1746
f 1627/1909/1747 1223/1906/1747 1650/1949/1747 1996/1953/1747
f 1996/1953/1748 1650/1949/1748 1231/1952/1748 1642/1954/1748
f 1644/1923/1749 1996/1953/1749 1642/1954/1749 1224/1924/1749
f 1229/1955/1750 1640/1956/1750 1997/1957/1750 1658/1958/1750
f 1640/1956/1751 1228/1959/1751 1659/1960/1751 1997/1957/1751
f 1997/1957/1752 1659/1960/1752 1236/1961/1752 1655/1962/1752
f 1658/1958/1753 1997/1957/1753 1655/1962/1753 1237/1963/1753
f 1230/1964/1754 1641/1965/1754 1998/1966/1754 1660/1967/1754
f 1641/1965/1755 1229/1955/1755 1658/1958/1755 1998/1966/1755
f 1998/1966/1756 1658/1958/1756 1237/1963/1756 1656/1968/1756
f 1660/1967/1757 1998/1966/1757 1656/1968/1757 1238/1969/1757
f 1231/1970/1758 1794/1971/1758 1999/1972/1758 1661/1973/1758
f 1215/1974/1759 1795/1975/1759 1999/1972/1759 1794/1971/1759
f 1239/1976/1760 1661/1973/1760 1999/1972/1760 1795/1975/1760
f 1224/1977/1761 1642/1978/1761 2000/1979/1761 1662/1980/1761
f 1642/1978/1762 1231/1970/1762 1661/1973/1762 2000/1979/1762
f 2000/1979/1763 1661/1973/1763 1239/1976/1763 1657/1981/1763
f 1662/1980/1764 2000/1979/1764 1657/1981/1764 1232/1982/1764
f 1225/1983/1765 1636/1984/1765 2001/1985/1765 1663/1986/1765
f 1636/1984/1766 1224/1977/1766 1662/1980/1766 2001/1985/1766
f 2001/1985/1767 1662/1980/1767 1232/1982/1767 1651/1987/1767
f 1663/1986/1768 2001/1985/1768 1651/1987/1768 1233/1988/1768
f 1226/1989/1769 1637/1990/1769 2002/1991/1769 1664/1992/1769
f 1637/1990/1770 1225/1983/1770 1663/1986/1770 2002/1991/1770
f 2002/1991/1771 1663/1986/1771 1233/1988/1771 1652/1993/1771
f 1664/1992/1772 2002/1991/1772 1652/1993/1772 1234/1994/1772
f 1227/1995/1773 1638/1996/1773 2003/1997/1773 1665/1998/1773
f 1638/1996/1774 1226/1989/1774 1664/1992/1774 2003/1997/1774
f 2003/1997/1775 1664/1992/1775 1234/1994/1775 1653/1999/1775
f 1665/1998/1776 2003/1997/1776 1653/1999/1776 1235/2000/1776
f 1228/1959/1777 1639/2001/1777 2004/2002/1777 1659/1960/1777
f 1639/2001/1778 1227/1995/1778 1665/1998/1778 2004/2002/1778
f 2004/2002/1779 1665/1998/1779 1235/2000/1779 1654/2003/1779
f 1659/1960/1780 2004/2002/1780 1654/2003/1780 1236/1961/1780
f 1233/1988/1781 1651/1987/1781 2005/2004/1781 1673/2005/1781
f 1651/1987/1782 1232/1982/1782 1674/2006/1782 2005/2004/1782
f 2005/2004/1783 1674/2006/1783 1240/2007/1783 1666/2008/1783
f 1673/2005/1784 2005/2004/1784 1666/2008/1784 1241/2009/1784
f 1234/1994/1785 1652/1993/1785 2006/2010/1785 1675/2011/1785
f 1652/1993/1786 1233/1988/1786 1673/2005/1786 2006/2010/1786
f 2006/2010/1787 1673/2005/1787 1241/2009/1787 1667/2012/1787
f 1675/2011/1788 2006/2010/1788 1667/2012/1788 1242/2013/1788
f 1235/2000/1789 1653/1999/1789 2007/2014/1789 1676/2015/1789
f 1653/1999/1790 1234/1994/1790 1675/2011/1790 2007/2014/1790
f 2007/2014/1791 1675/2011/1791 1242/2013/1791 1668/2016/1791
f 1676/2015/1792 2007/2014/1792 1668/2016/1792 1243/2017/1792
f 1236/1961/1793 1654/2003/1793 2008/2018/1793 1677/2019/1793
f 1654/2003/1794 1235/2000/1794 1676/2015/1794 2008/2018/1794
f 2008/2018/1795 1676/2015/1795 1243/2017/1795 1669/2020/1795
f 1677/2019/1796 2008/2018/1796 1669/2020/1796 1244/2021/1796
f 1237/1963/1797 1655/1962/1797 2009/2022/1797 1678/2023/1797
f 1655/1962/1798 1236/1961/1798 1677/2019/1798 2009/2022/1798
f 2009/2022/1799 1677/2019/1799 1244/2021/1799 1670/2024/1799
f 1678/2023/1800 2009/2022/1800 1670/2024/1800 1245/2025/1800
f 1238/1969/1801 1656/1968/1801 2010/2026/1801 1679/2027/1801
f 1656/1968/1802 1237/1963/1802 1678/2023/1802 2010/2026/1802
f 2010/2026/1803 1678/2023/1803 1245/2025/1803 1671/2028/1803
f 1679/2027/1804 2010/2026/1804 1671/2028/1804 1246/2029/1804
f 1239/1976/1805 1795/2030/1805 2011/2031/1805 1680/2032/1805
f 1215/2033/1806 1796/2034/1806 2011/2031/1806 1795/2030/1806
f 1247/2035/1807 1680/2032/1807 2011/2031/1807 1796/2034/1807
f 1232/1982/1808 1657/1981/1808 2012/2036/1808 1674/2006/1808
f 1657/1981/1809 1239/1976/1809 1680/2032/1809 2012/2036/1809
f 2012/2036/1810 1680/2032/1810 1247/2035/1810 1672/2037/1810
f 1674/2006/1811 2012/2036/1811 1672/2037/1811 1240/2007/1811
f 1245/2025/1812 1670/2024/1812 2013/2038/1812 1688/2039/1812
f 1670/2024/1813 1244/2021/1813 1689/2040/1813 2013/2038/1813
f 2013/2038/1814 1689/2040/1814 1252/2041/1814 1685/2042/1814
f 1688/2039/1815 2013/2038/1815 1685/2042/1815 1253/2043/1815
f 1246/2029/1816 1671/2028/1816 2014/2044/1816 1690/2045/1816
f 1671/2028/1817 1245/2025/1817 1688/2039/1817 2014/2044/1817
f 2014/2044/1818 1688/2039/1818 1253/2043/1818 1686/2046/1818
f 1690/2045/1819 2014/2044/1819 1686/2046/1819 1254/2047/1819
f 1247/2035/1820 1796/2048/1820 2015/2049/1820 1691/2050/1820
f 1215/2051/1821 1797/2052/1821 2015/2049/1821 1796/2048/1821
f 1255/2053/1822 1691/2050/1822 2015/2049/1822 1797/2052/1822
f 1240/2007/1823 1672/2037/1823 2016/2054/1823 1692/2055/1823
f 1672/2037/1824 1247/2035/1824 1691/2050/1824 2016/2054/1824
f 2016/2054/1825 1691/2050/1825 1255/2053/1825 1687/2056/1825
f 1692/2055/1826 2016/2054/1826 1687/2056/1826 1248/2057/1826
f 1241/2009/1827 1666/2008/1827 2017/2058/1827 1693/2059/1827
f 1666/2008/1828 1240/2007/1828 1692/2055/1828 2017/2058/1828
f 2017/2058/1829 1692/2055/1829 1248/2057/1829 1681/2060/1829
f 1693/2059/1830 2017/2058/1830 1681/2060/1830 1249/2061/1830
f 1242/2013/1831 1667/2012/1831 2018/2062/1831 1694/2063/1831
f 1667/2012/1832 1241/2009/1832 1693/2059/1832 2018/2062/1832
f 2018/2062/1833 1693/2059/1833 1249/2061/1833 1682/2064/1833
f 1694/2063/1834 2018/2062/1834 1682/2064/1834 1250/2065/1834
f 1243/2017/1835 1668/2016/1835 2019/2066/1835 1695/2067/1835
f 1668/2016/1836 1242/2013/1836 1694/2063/1836 2019/2066/1836
f 2019/2066/1837 1694/2063/1837 1250/2065/1837 1683/2068/1837
f 1695/2067/1838 2019/2066/1838 1683/2068/1838 1251/2069/1838
f 1244/2021/1839 1669/2020/1839 2020/2070/1839 1689/2040/1839
f 1669/2020/1840 1243/2017/1840 1695/2067/1840 2020/2070/1840
f 2020/2070/1841 1695/2067/1841 1251/2069/1841 1684/2071/1841
f 1689/2040/1842 2020/2070/1842 1684/2071/1842 1252/2041/1842
f 1250/2065/1843 1682/2064/1843 2021/2072/1843 1703/2073/1843
f 1682/2064/1844 1249/2061/1844 1704/2074/1844 2021/2072/1844
f 2021/2072/1845 1704/2074/1845 1257/2075/1845 1697/2076/1845
f 1703/2073/1846 2021/2072/1846 1697/2076/1846 1258/2077/1846
f 1251/2069/1847 1683/2068/1847 2022/2078/1847 1705/2079/1847
f 1683/2068/1848 1250/2065/1848 1703/2073/1848 2022/2078/1848
f 2022/2078/1849 1703/2073/1849 1258/2077/1849 1698/2080/1849
f 1705/2079/1850 2022/2078/1850 1698/2080/1850 1259/2081/1850
f 1252/2041/1851 1684/2071/1851 2023/2082/1851 1706/2083/1851
f 1684/2071/1852 1251/2069/1852 1705/2079/1852 2023/2082/1852
f 2023/2082/1853 1705/2079/1853 1259/2081/1853 1699/2084/1853
f 1706/2083/1854 2023/2082/1854 1699/2084/1854 1260/2085/1854
f 1253/2043/1855 1685/2042/1855 2024/2086/1855 1707/2087/1855
f 1685/2042/1856 1252/2041/1856 1706/2083/1856 2024/2086/1856
f 2024/2086/1857 1706/2083/1857 1260/2085/1857 1700/2088/1857
f 1707/2087/1858 2024/2086/1858 1700/2088/1858 1261/2089/1858
f 1254/2047/1859 1686/2046/1859 2025/2090/1859 1708/2091/1859
f 1686/2046/1860 1253/2043/1860 1707/2087/1860 2025/2090/1860
f 2025/2090/1861 1707/2087/1861 1261/2089/1861 1701/2092/1861
f 1708/2091/1862 2025/2090/1862 1701/2092/1862 1262/2093/1862
f 1255/2053/1863 1797/2094/1863 2026/2095/1863 1709/2096/1863
f 1215/2097/1864 1798/2098/1864 2026/2095/1864 1797/2094/1864
f 1263/2099/1865 1709/2096/1865 2026/2095/1865 1798/2098/1865
f 1248/2057/1866 1687/2056/1866 2027/2100/1866 1710/2101/1866
f 1687/2056/1867 1255/2053/1867 1709/2096/1867 2027/2100/1867
f 2027/2100/1868 1709/2096/1868 1263/2099/1868 1702/2102/1868
f 1710/2101/1869 2027/2100/1869 1702/2102/1869 1256/2103/1869
f 1249/2061/1870 1681/2060/1870 2028/2104/1870 1704/2074/1870
f 1681/2060/1871 1248/2057/1871 1710/2101/1871 2028/2104/1871
f 2028/2104/1872 1710/2101/1872 1256/2103/1872 1696/2105/1872
f 1704/2074/1873 2028/2104/1873 1696/2105/1873 1257/2075/1873
f 1262/2093/1874 1701/2092/1874 2029/2106/1874 1718/2107/1874
f 1701/2092/1875 1261/2089/1875 1719/2108/1875 2029/2106/1875
f 2029/2106/1876 1719/2108/1876 1269/2109/1876 1716/2110/1876
f 1718/2107/1877 2029/2106/1877 1716/2110/1877 1270/2111/1877
f 1263/2099/1878 1798/2112/1878 2030/2113/1878 1720/2114/1878
f 1215/2115/1879 1799/2116/1879 2030/2113/1879 1798/2112/1879
f 1271/2117/1880 1720/2114/1880 2030/2113/1880 1799/2116/1880
f 1256/2103/1881 1702/2102/1881 2031/2118/1881 1721/2119/1881
f 1702/2102/1882 1263/2099/1882 1720/2114/1882 2031/2118/1882
f 2031/2118/1883 1720/2114/1883 1271/2117/1883 1717/2120/1883
f 1721/2119/1884 2031/2118/1884 1717/2120/1884 1264/2121/1884
f 1257/2075/1885 1696/2105/1885 2032/2122/1885 1722/2123/1885
f 1696/2105/1886 1256/2103/1886 1721/2119/1886 2032/2122/1886
f 2032/2122/1887 1721/2119/1887 1264/2121/1887 1711/2124/1887
f 1722/2123/1888 2032/2122/1888 1711/2124/1888 1265/2125/1888
f 1258/2077/1889 1697/2076/1889 2033/2126/1889 1723/2127/1889
f 1697/2076/1890 1257/2075/1890 1722/2123/1890 2033/2126/1890
f 2033/2126/1891 1722/2123/1891 1265/2125/1891 1712/2128/1891
f 1723/2127/1892 2033/2126/1892 1712/2128/1892 1266/2129/1892
f 1259/2081/1893 1698/2080/1893 2034/2130/1893 1724/2131/1893
f 1698/2080/1894 1258/2077/1894 1723/2127/1894 2034/2130/1894
f 2034/2130/1895 1723/2127/1895 1266/2129/1895 1713/2132/1895
f 1724/2131/1896 2034/2130/1896 1713/2132/1896 1267/2133/1896
f 1260/2085/1897 1699/2084/1897 2035/2134/1897 1725/2135/1897
f 1699/2084/1898 1259/2081/1898 1724/2131/1898 2035/2134/1898
f 2035/2134/1899 1724/2131/1899 1267/2133/1899 1714/2136/1899
f 1725/2135/1900 2035/2134/1900 1714/2136/1900 1268/2137/1900
f 1261/2089/1901 1700/2088/1901 2036/2138/1901 1719/2108/1901
f 1700/2088/1902 1260/2085/1902 1725/2135/1902 2036/2138/1902
f 2036/2138/1903 1725/2135/1903 1268/2137/1903 1715/2139/1903
f 1719/2108/1904 2036/2138/1904 1715/2139/1904 1269/2109/1904
f 1267/2133/1905 1713/2132/1905 2037/2140/1905 1733/2141/1905
f 1713/2132/1906 1266/2129/1906 1734/2142/1906 2037/2140/1906
f 2037/2140/1907 1734/2142/1907 1274/2143/1907 1728/2144/1907
f 1733/2141/1908 2037/2140/1908 1728/2144/1908 1275/2145/1908
f 1268/2137/1909 1714/2136/1909 2038/2146/1909 1735/2147/1909
f 1714/2136/1910 1267/2133/1910 1733/2141/1910 2038/2146/1910
f 2038/2146/1911 1733/2141/1911 1275/2145/1911 1729/2148/1911
f 1735/2147/1912 2038/2146/1912 1729/2148/1912 1276/2149/1912
f 1269/2109/1913 1715/2139/1913 2039/2150/1913 1736/2151/1913
f 1715/2139/1914 1268/2137/1914 1735/2147/1914 2039/2150/1914
f 2039/2150/1915 1735/2147/1915 1276/2149/1915 1730/2152/1915
f 1736/2151/1916 2039/2150/1916 1730/2152/1916 1277/2153/1916
f 1270/2111/1917 1716/2110/1917 2040/2154/1917 1737/2155/1917
f 1716/2110/1918 1269/2109/1918 1736/2151/1918 2040/2154/1918
f 2040/2154/1919 1736/2151/1919 1277/2153/1919 1731/2156/1919
f 1737/2155/1920 2040/2154/1920 1731/2156/1920 1278/2157/1920
f 1271/2117/1921 1799/2158/1921 2041/2159/1921 1738/2160/1921
f 1215/2161/1922 1800/2162/1922 2041/2159/1922 1799/2158/1922
f 1279/2163/1923 1738/2160/1923 2041/2159/1923 1800/2162/1923
f 1264/2121/1924 1717/2120/1924 2042/2164/1924 1739/2165/1924
f 1717/2120/1925 1271/2117/1925 1738/2160/1925 2042/2164/1925
f 2042/2164/1926 1738/2160/1926 1279/2163/1926 1732/2166/1926
f 1739/2165/1927 2042/2164/1927 1732/2166/1927 1272/2167/1927
f 1265/2125/1928 1711/2124/1928 2043/2168/1928 1740/2169/1928
f 1711/2124/1929 1264/2121/1929 1739/2165/1929 2043/2168/1929
f 2043/2168/1930 1739/2165/1930 1272/2167/1930 1726/2170/1930
f 1740/2169/1931 2043/2168/1931 1726/2170/1931 1273/2171/1931
f 1266/2129/1932 1712/2128/1932 2044/2172/1932 1734/2142/1932
f 1712/2128/1933 1265/2125/1933 1740/2169/1933 2044/2172/1933
f 2044/2172/1934 1740/2169/1934 1273/2171/1934 1727/2173/1934
f 1734/2142/1935 2044/2172/1935 1727/2173/1935 1274/2143/1935
f 1279/2163/1936 1800/2174/1936 2045/2175/1936 1749/2176/1936
f 1215/2177/1937 1801/2178/1937 2045/2175/1937 1800/2174/1937
f 1287/2179/1938 1749/2176/1938 2045/2175/1938 1801/2178/1938
f 1272/2167/1939 1732/2166/1939 2046/2180/1939 1750/2181/1939
f 1732/2166/1940 1279/2163/1940 1749/2176/1940 2046/2180/1940
f 2046/2180/1941 1749/2176/1941 1287/2179/1941 1747/2182/1941
f 1750/2181/1942 2046/2180/1942 1747/2182/1942 1280/2183/1942
f 1273/2171/1943 1726/2170/1943 2047/2184/1943 1751/2185/1943
f 1726/2170/1944 1272/2167/1944 1750/2181/1944 2047/2184/1944
f 2047/2184/1945 1750/2181/1945 1280/2183/1945 1741/2186/1945
f 1751/2185/1946 2047/2184/1946 1741/2186/1946 1281/2187/1946
f 1274/2143/1947 1727/2173/1947 2048/2188/1947 1752/2189/1947
f 1727/2173/1948 1273/2171/1948 1751/2185/1948 2048/2188/1948
f 2048/2188/1949 1751/2185/1949 1281/2187/1949 1742/2190/1949
f 1752/2189/1950 2048/2188/1950 1742/2190/1950 1282/2191/1950
f 1275/2145/1951 1728/2144/1951 2049/2192/1951 1753/2193/1951
f 1728/2144/1952 1274/2143/1952 1752/2189/1952 2049/2192/1952
f 2049/2192/1953 1752/2189/1953 1282/2191/1953 1743/2194/1953
f 1753/2193/1954 2049/2192/1954 1743/2194/1954 1283/2195/1954
f 1276/2149/1955 1729/2148/1955 2050/2196/1955 1754/2197/1955
f 1729/2148/1956 1275/2145/1956 1753/2193/1956 2050/2196/1956
f 2050/2196/1957 1753/2193/1957 1283/2195/1957 1744/2198/1957
f 1754/2197/1958 2050/2196/1958 1744/2198/1958 1284/2199/1958
f 1277/2153/1959 1730/2152/1959 2051/2200/1959 1755/2201/1959
f 1730/2152/1960 1276/2149/1960 1754/2197/1960 2051/2200/1960
f 2051/2200/1961 1754/2197/1961 1284/2199/1961 1745/2202/1961
f 1755/2201/1962 2051/2200/1962 1745/2202/1962 1285/2203/1962
f 1278/2157/1963 1731/2156/1963 2052/2204/1963 1748/2205/1963
f 1731/2156/1964 1277/2153/1964 1755/2201/1964 2052/2204/1964
f 2052/2204/1965 1755/2201/1965 1285/2203/1965 1746/2206/1965
f 1748/2205/1966 2052/2204/1966 1746/2206/1966 1286/2207/1966
f 1283/2195/1967 1743/2194/1967 2053/2208/1967 1802/2209/1967
f 1743/2194/1968 1282/2191/1968 1759/2210/1968 2053/2208/1968
f 2053/2208/1969 1759/2210/1969 1290/1135/1969 1766/1133/1969
f 1802/2209/1970 2053/2208/1970 1766/1133/1970 1045/1128/1970
f 1284/2199/1971 1744/2198/1971 2054/2211/1971 1803/2212/1971
f 1744/2198/1972 1283/2195/1972 1802/2209/1972 2054/2211/1972
f 2054/2211/1973 1802/2209/1973 1045/1128/1973 1300/1125/1973
f 1803/2212/1974 2054/2211/1974 1300/1125/1974 1044/1124/1974
f 1285/2203/1975 1745/2202/1975 2055/2213/1975 1804/2214/1975
f 1745/2202/1976 1284/2199/1976 1803/2212/1976 2055/2213/1976
f 2055/2213/1977 1803/2212/1977 1044/1124/1977 1299/1170/1977
f 1804/2214/1978 2055/2213/1978 1299/1170/1978 1043/1165/1978
f 1286/2207/1979 1746/2206/1979 2056/2215/1979 1760/2216/1979
f 1746/2206/1980 1285/2203/1980 1804/2214/1980 2056/2215/1980
f 2056/2215/1981 1804/2214/1981 1043/1165/1981 1765/1162/1981
f 1760/2216/1982 2056/2215/1982 1765/1162/1982 1291/1161/1982
f 1287/2179/1983 1801/2217/1983 2057/2218/1983 1761/2219/1983
f 1215/2220/1984 1767/2221/1984 2057/2218/1984 1801/2217/1984
f 1292/1153/1985 1761/2219/1985 2057/2218/1985 1767/2221/1985
f 1280/2183/1986 1747/2182/1986 2058/2222/1986 1762/2223/1986
f 1747/2182/1987 1287/2179/1987 1761/2219/1987 2058/2222/1987
f 2058/2222/1988 1761/2219/1988 1292/1153/1988 1758/1151/1988
f 1762/2223/1989 2058/2222/1989 1758/1151/1989 1288/1147/1989
f 1281/2187/1990 1741/2186/1990 2059/2224/1990 1763/2225/1990
f 1741/2186/1991 1280/2183/1991 1762/2223/1991 2059/2224/1991
f 2059/2224/1992 1762/2223/1992 1288/1147/1992 1756/1145/1992
f 1763/2225/1993 2059/2224/1993 1756/1145/1993 1289/1141/1993
f 1282/2191/1994 1742/2190/1994 2060/2226/1994 1759/2210/1994
f 1742/2190/1995 1281/2187/1995 1763/2225/1995 2060/2226/1995
f 2060/2226/1996 1763/2225/1996 1289/1141/1996 1757/1139/1996
f 1759/2210/1997 2060/2226/1997 1757/1139/1997 1290/1135/1997
g Cube.001_Cube.002
v 0.901024 0.168620 1.087267
v 0.372744 0.148987 -0.416619
v 0.416833 -0.387891 -0.239589
v 0.136950 0.430146 0.339675
v 1.577480 -0.339307 -0.045978
v 1.610723 0.812017 0.383588
v 1.247823 -0.167895 -0.491652
v 0.179238 -0.099805 0.295410
v 1.379952 -0.569976 0.505944
v 0.858411 -0.575036 0.574689
v 1.443440 0.968016 0.169995
v 1.091146 -0.692201 -0.184686
v 0.802987 0.617458 0.968982
v 1.453891 0.686878 0.829842
v 0.647421 0.617358 -0.423770
v 0.708383 0.887592 0.413138
vn 0.5672 -0.5357 -0.6256
vn -0.1697 -0.3940 -0.9033
vn -0.1978 0.9369 -0.2881
vn -0.5971 0.6768 0.4305
vn -0.7876 0.4556 -0.4149
vn -0.6075 -0.7800 0.1502
vn -0.4123 -0.9110 0.0142
vn 0.3434 0.8660 0.3635
vn 0.0151 0.9111 0.4119
vn 0.9480 -0.1327 0.2893
vn -0.5950 0.7765 -0.2074
vn -0.9480 -0.1138 -0.2974
vn 0.5825 -0.2348 0.7782
vn -0.6505 -0.3041 0.6960
vn 0.1129 -0.5683 0.8151
vn 0.8259 0.1733 -0.5365
vn 0.6045 -0.7885 -0.1132
vn 0.0309 -0.9864 0.1617
vn -0.6920 0.0388 0.7208
vn 0.1711 0.2858 0.9429
vn 0.4292 0.3983 -0.8106
vn -0.0750 0.0288 -0.9968
vt 0.353793 0.570506
vt 0.221212 0.626914
vt 0.229007 0.523868
vt 0.429000 0.143207
vt 0.503814 0.228458
vt 0.377938 0.402995
vt 0.375000 0.177643
vt 0.830749 0.500000
vt 0.778201 0.597763
vt 0.731400 0.563157
vt 0.750691 0.654040
vt 0.847688 0.615258
vt 0.875000 0.500000
vt 0.408549 0.899854
vt 0.476514 1.000000
vt 0.375000 1.000000
vt 0.225155 0.725252
vt 0.125000 0.700504
vt 0.552525 0.568757
vt 0.561099 0.485695
vt 0.570825 0.653041
vt 0.658516 0.626313
vt 0.361646 0.704347
vt 0.503386 0.092874
vt 0.586916 0.113140
vt 0.568511 0.851875
vt 0.578028 1.000000
vt 0.415981 0.799712
vt 0.655566 0.750930
vt 0.697420 0.668614
vt 0.606820 0.653373
vt 0.546763 0.301169
s 0
g Cube.001_Material.002
usemtl Material.002
f 2065/2227/1998 2072/2228/1998 2067/2229/1998
f 2063/2230/1999 2062/2231/1999 2067/2232/1999 2072/2233/1999
f 2075/2234/2000 2076/2235/2000 2071/2236/2000
f 2073/2237/2001 2076/2235/2001 2064/2238/2001
f 2062/2239/2002 2064/2238/2002 2075/2234/2002
f 2070/2240/2003 2068/2241/2003 2063/2242/2003
f 2072/2228/2004 2070/2243/2004 2063/2244/2004
f 2066/2245/2005 2071/2246/2005 2074/2247/2005
f 2076/2235/2006 2073/2237/2006 2074/2248/2006 2071/2236/2006
f 2065/2227/2007 2066/2245/2007 2074/2247/2007 2069/2249/2007
f 2075/2234/2008 2064/2238/2008 2076/2235/2008
f 2068/2250/2009 2064/2251/2009 2062/2231/2009 2063/2230/2009
f 2074/2247/2010 2061/2252/2010 2069/2249/2010
f 2061/2252/2011 2064/2253/2011 2068/2241/2011 2070/2240/2011
f 2070/2240/2012 2069/2254/2012 2061/2252/2012
f 2067/2232/2013 2071/2246/2013 2066/2245/2013 2065/2227/2013
f 2065/2227/2014 2069/2249/2014 2072/2228/2014
f 2069/2249/2015 2070/2243/2015 2072/2228/2015
f 2064/2238/2016 2061/2255/2016 2073/2256/2016
f 2061/2255/2017 2074/2257/2017 2073/2256/2017
f 2071/2246/2018 2067/2232/2018 2075/2258/2018
f 2067/2232/2019 2062/2231/2019 2075/2258/2019
g Circle.002_Circle.002
v 0.073705 0.917962 -0.370538
v 0.107002 0.826144 -0.537937
v 0.136188 0.702578 -0.684664
v 0.160140 0.552012 -0.805080
v 0.177939 0.380232 -0.894557
v 0.188899 0.193841 -0.949657
v 0.193841 0.000000 -0.974503
v 0.000000 0.193841 -0.968262
v 0.000000 0.380232 -0.912083
v 0.000000 0.552012 -0.820853
v 0.038970 0.973792 -0.195917
v 0.144577 0.917962 -0.349039
v 0.209893 0.826144 -0.506726
v 0.267143 0.702578 -0.644940
v 0.314127 0.552012 -0.758369
v 0.349039 0.380232 -0.842655
v 0.370538 0.193841 -0.894557
v 0.380232 0.000000 -0.917962
v 0.076443 0.973792 -0.184550
v 0.209893 0.917962 -0.314127
v 0.304717 0.826144 -0.456041
v 0.387831 0.702578 -0.580431
v 0.456041 0.552012 -0.682514
v 0.506726 0.380232 -0.758369
v 0.537938 0.193841 -0.805080
v 0.552012 0.000000 -0.826144
v 0.110978 0.973792 -0.166091
v 0.267143 0.917962 -0.267143
v 0.387831 0.826144 -0.387831
v 0.493616 0.702578 -0.493616
v 0.580431 0.552012 -0.580431
v 0.644940 0.380232 -0.644940
v 0.684665 0.193841 -0.684664
v 0.702578 0.000000 -0.702578
v 0.141248 0.973792 -0.141248
v 0.314127 0.917962 -0.209893
v 0.456041 0.826144 -0.304717
v 0.580431 0.702578 -0.387831
v 0.682514 0.552012 -0.456041
v 0.758369 0.380232 -0.506726
v 0.805080 0.193841 -0.537937
v 0.826144 0.000000 -0.552012
v 0.166091 0.973792 -0.110978
v 0.349039 0.917962 -0.144577
v 0.506726 0.826144 -0.209893
v 0.644940 0.702578 -0.267143
v 0.758369 0.552012 -0.314127
v 0.842654 0.380232 -0.349039
v 0.894557 0.193841 -0.370538
v 0.917962 0.000000 -0.380232
v 0.184550 0.973792 -0.076443
v 0.370538 0.917962 -0.073705
v 0.537937 0.826144 -0.107002
v 0.684664 0.702578 -0.136188
v 0.805080 0.552012 -0.160140
v 0.894557 0.380232 -0.177939
v 0.949657 0.193841 -0.188898
v 0.974503 0.000000 -0.193841
v 0.195917 0.973792 -0.038970
v 0.377797 0.917962 0.000000
v 0.548476 0.826144 0.000000
v 0.698078 0.702578 0.000000
v 0.820853 0.552012 0.000000
v 0.912083 0.380232 -0.000000
v 0.968262 0.193841 0.000000
v 0.993595 0.000000 0.000000
v 0.199755 0.973792 0.000000
v 0.370538 0.917962 0.073705
v 0.537937 0.826144 0.107002
v 0.684664 0.702578 0.136188
v 0.805080 0.552012 0.160140
v 0.894557 0.380232 0.177939
v 0.949657 0.193841 0.188899
v 0.974503 0.000000 0.193841
v 0.195917 0.973792 0.038970
v 0.349039 0.917962 0.144577
v 0.506726 0.826144 0.209893
v 0.644940 0.702578 0.267143
v 0.758369 0.552012 0.314127
v 0.842654 0.380232 0.349039
v 0.894557 0.193841 0.370538
v 0.917962 0.000000 0.380232
v 0.184550 0.973792 0.076443
v 0.314127 0.917962 0.209893
v 0.456041 0.826144 0.304717
v 0.580431 0.702578 0.387831
v 0.682514 0.552012 0.456041
v 0.758369 0.380232 0.506726
v 0.805080 0.193841 0.537937
v 0.826144 0.000000 0.552012
v 0.166090 0.973792 0.110978
v 0.267143 0.917962 0.267143
v 0.387831 0.826144 0.387831
v 0.493616 0.702578 0.493616
v 0.580430 0.552012 0.580430
v 0.644940 0.380232 0.644940
v 0.684664 0.193841 0.684664
v 0.702577 0.000000 0.702578
v 0.141248 0.973792 0.141248
v 0.209893 0.917962 0.314127
v 0.304717 0.826144 0.456041
v 0.387831 0.702578 0.580430
v 0.456041 0.552012 0.682514
v 0.506726 0.380232 0.758369
v 0.537937 0.193841 0.805080
v 0.552011 0.000000 0.826144
v 0.110978 0.973792 0.166090
v 0.144577 0.917962 0.349039
v 0.209893 0.826144 0.506726
v 0.267143 0.702578 0.644940
v 0.314127 0.552012 0.758369
v 0.349039 0.380232 0.842654
v 0.370538 0.193841 0.894557
v 0.380232 0.000000 0.917962
v 0.076443 0.973792 0.184550
v 0.073704 0.917962 0.370538
v 0.107002 0.826144 0.537937
v 0.136188 0.702578 0.684664
v 0.160140 0.552012 0.805080
v 0.177938 0.380232 0.894557
v 0.188898 0.193841 0.949657
v 0.193840 0.000000 0.974503
v 0.038970 0.973792 0.195917
v -0.000000 0.917962 0.377797
v -0.000000 0.826144 0.548476
v -0.000000 0.702578 0.698078
v -0.000000 0.552012 0.820853
v -0.000000 0.380232 0.912082
v -0.000000 0.193841 0.968262
v -0.000000 0.000000 0.993595
v -0.000000 0.973792 0.199755
v -0.073705 0.917962 0.370538
v -0.107002 0.826144 0.537937
v -0.136188 0.702578 0.684664
v -0.160140 0.552012 0.805080
v -0.177938 0.380232 0.894557
v -0.188899 0.193841 0.949657
v -0.193841 0.000000 0.974503
v -0.038970 0.973792 0.195917
v -0.144577 0.917962 0.349039
v -0.209893 0.826144 0.506726
v -0.267143 0.702578 0.644940
v -0.314127 0.552012 0.758369
v -0.349039 0.380232 0.842654
v -0.370538 0.193841 0.894557
v -0.380232 0.000000 0.917961
v -0.076443 0.973792 0.184550
v -0.209893 0.917962 0.314127
v -0.304717 0.826144 0.456041
v -0.387831 0.702578 0.580430
v -0.456041 0.552012 0.682514
v -0.506726 0.380232 0.758369
v -0.537937 0.193841 0.805080
v -0.552012 0.000000 0.826143
v -0.110978 0.973792 0.166090
v -0.267143 0.917962 0.267143
v -0.387831 0.826144 0.387831
v -0.493615 0.702578 0.493615
v -0.580430 0.552012 0.580430
v -0.644940 0.380232 0.644940
v -0.684664 0.193841 0.684664
v -0.702578 0.000000 0.702577
v -0.141248 0.973792 0.141248
v -0.314127 0.917962 0.209893
v -0.456041 0.826144 0.304717
v -0.580430 0.702578 0.387831
v -0.682514 0.552012 0.456041
v -0.758369 0.380232 0.506726
v -0.805080 0.193841 0.537937
v -0.826144 0.000000 0.552011
v -0.166090 0.973792 0.110978
v -0.349039 0.917962 0.144577
v -0.506726 0.826144 0.209893
v -0.644940 0.702578 0.267143
v -0.758369 0.552012 0.314126
v -0.842654 0.380232 0.349039
v -0.894557 0.193841 0.370537
v -0.917962 0.000000 0.380232
v -0.184550 0.973792 0.076443
v 0.000000 0.997577 0.000000
v -0.370538 0.917962 0.073704
v -0.537937 0.826144 0.107002
v -0.684664 0.702578 0.136188
v -0.805080 0.552012 0.160140
v -0.894557 0.380232 0.177938
v -0.949657 0.193841 0.188898
v -0.974503 0.000000 0.193840
v -0.195917 0.973792 0.038970
v -0.377797 0.917962 -0.000000
v -0.548476 0.826144 -0.000000
v -0.698078 0.702578 -0.000000
v -0.820852 0.552012 -0.000000
v -0.912082 0.380232 -0.000000
v -0.968261 0.193841 -0.000000
v -0.993594 0.000000 -0.000000
v -0.199755 0.973792 -0.000000
v -0.370538 0.917962 -0.073705
v -0.537937 0.826144 -0.107002
v -0.684664 0.702578 -0.136188
v -0.805080 0.552012 -0.160140
v -0.894557 0.380232 -0.177939
v -0.949656 0.193841 -0.188899
v -0.974503 0.000000 -0.193841
v -0.195917 0.973792 -0.038970
v -0.349039 0.917962 -0.144577
v -0.506726 0.826144 -0.209893
v -0.644940 0.702578 -0.267143
v -0.758369 0.552012 -0.314127
v -0.842654 0.380232 -0.349039
v -0.894557 0.193841 -0.370538
v -0.917961 0.000000 -0.380232
v -0.184550 0.973792 -0.076443
v -0.314127 0.917962 -0.209893
v -0.456041 0.826144 -0.304717
v -0.580430 0.702578 -0.387831
v -0.682514 0.552012 -0.456041
v -0.758369 0.380232 -0.506726
v -0.805080 0.193841 -0.537937
v -0.826143 0.000000 -0.552012
v -0.166090 0.973792 -0.110978
v -0.267143 0.917962 -0.267143
v -0.387831 0.826144 -0.387831
v -0.493615 0.702578 -0.493615
v -0.580430 0.552012 -0.580430
v -0.644939 0.380232 -0.644940
v -0.684664 0.193841 -0.684664
v -0.702577 0.000000 -0.702577
v -0.141248 0.973792 -0.141248
v -0.209893 0.917962 -0.314127
v -0.304717 0.826144 -0.456041
v -0.387831 0.702578 -0.580430
v -0.456041 0.552012 -0.682514
v -0.506726 0.380232 -0.758369
v -0.537937 0.193841 -0.805080
v -0.552011 0.000000 -0.826144
v -0.110978 0.973792 -0.166090
v -0.144577 0.917962 -0.349039
v -0.209892 0.826144 -0.506726
v -0.267143 0.702578 -0.644940
v -0.314126 0.552012 -0.758369
v -0.349039 0.380232 -0.842654
v -0.370537 0.193841 -0.894557
v -0.380232 0.000000 -0.917961
v -0.076443 0.973792 -0.184550
v -0.073704 0.917962 -0.370538
v -0.107002 0.826144 -0.537937
v -0.136188 0.702578 -0.684664
v -0.160140 0.552012 -0.805080
v -0.177938 0.380232 -0.894557
v -0.188898 0.193841 -0.949656
v -0.193840 0.000000 -0.974503
v -0.038970 0.973792 -0.195917
v 0.000000 0.917962 -0.377797
v 0.000000 0.826144 -0.548476
v 0.000000 0.702578 -0.698078
v 0.000000 0.000000 -0.993594
v 0.000000 0.973792 -0.199755
v 0.090790 0.876269 -0.456434
v 0.122183 0.768056 -0.614256
v 0.148881 0.630328 -0.748474
v 0.169857 0.468376 -0.853927
v 0.184305 0.288424 -0.926565
v 0.191826 0.097389 -0.964376
v 0.000000 0.288424 -0.944718
v 0.000000 0.468376 -0.870657
v 0.056083 0.950719 -0.281948
v 0.089399 0.380232 -0.907687
v 0.080457 0.552012 -0.816897
v 0.094906 0.193841 -0.963596
v 0.178092 0.876269 -0.429951
v 0.239671 0.768056 -0.578617
v 0.292040 0.630328 -0.705047
v 0.333186 0.468376 -0.804382
v 0.361528 0.288424 -0.872805
v 0.376281 0.097389 -0.908422
v 0.110011 0.950719 -0.265589
v 0.238280 0.552012 -0.785504
v 0.202641 0.702578 -0.668016
v 0.264763 0.380232 -0.872805
v 0.281071 0.193841 -0.926565
v 0.288424 0.000000 -0.950808
v 0.058513 0.973614 -0.192890
v 0.159214 0.826144 -0.524857
v 0.109668 0.917962 -0.361528
v 0.258549 0.876269 -0.386946
v 0.347948 0.768056 -0.520741
v 0.423976 0.630328 -0.634525
v 0.483711 0.468376 -0.723925
v 0.524857 0.288424 -0.785504
v 0.546275 0.097389 -0.817558
v 0.159711 0.950719 -0.239024
v 0.468376 0.000000 -0.876269
v 0.456434 0.193841 -0.853927
v 0.095019 0.973614 -0.177769
v 0.178092 0.917962 -0.333186
v 0.258549 0.826144 -0.483711
v 0.329070 0.702578 -0.615647
v 0.386946 0.552012 -0.723925
v 0.429951 0.380232 -0.804382
v 0.329070 0.876269 -0.329070
v 0.442854 0.768056 -0.442854
v 0.539619 0.630328 -0.539619
v 0.615647 0.468376 -0.615647
v 0.668016 0.288424 -0.668016
v 0.695276 0.097389 -0.695276
v 0.203273 0.950719 -0.203273
v 0.442854 0.702578 -0.539619
v 0.347948 0.826144 -0.423976
v 0.520741 0.552012 -0.634525
v 0.578617 0.380232 -0.705047
v 0.614257 0.193841 -0.748474
v 0.630328 0.000000 -0.768056
v 0.127874 0.973614 -0.155815
v 0.239671 0.917962 -0.292040
v 0.386946 0.876269 -0.258549
v 0.520741 0.768056 -0.347948
v 0.634525 0.630328 -0.423976
v 0.723925 0.468376 -0.483711
v 0.785504 0.288424 -0.524857
v 0.817558 0.097389 -0.546275
v 0.239024 0.950719 -0.159711
v 0.768056 0.000000 -0.630327
v 0.748474 0.193841 -0.614256
v 0.155815 0.973614 -0.127874
v 0.292040 0.917962 -0.239671
v 0.423976 0.826144 -0.347948
v 0.539620 0.702578 -0.442854
v 0.634525 0.552012 -0.520741
v 0.705047 0.380232 -0.578617
v 0.429951 0.876269 -0.178092
v 0.578617 0.768056 -0.239671
v 0.705047 0.630328 -0.292040
v 0.804382 0.468376 -0.333186
v 0.872805 0.288424 -0.361528
v 0.908422 0.097389 -0.376281
v 0.265589 0.950719 -0.110011
v 0.723925 0.552012 -0.386946
v 0.615647 0.702578 -0.329070
v 0.804382 0.380232 -0.429951
v 0.853927 0.193841 -0.456434
v 0.876269 0.000000 -0.468375
v 0.177769 0.973614 -0.095019
v 0.333186 0.917962 -0.178092
v 0.483711 0.826144 -0.258549
v 0.456434 0.876269 -0.090790
v 0.614256 0.768056 -0.122183
v 0.748474 0.630328 -0.148881
v 0.853927 0.468376 -0.169857
v 0.926565 0.288424 -0.184305
v 0.964376 0.097389 -0.191826
v 0.281948 0.950719 -0.056083
v 0.950807 0.000000 -0.288424
v 0.192890 0.973614 -0.058513
v 0.361528 0.917962 -0.109668
v 0.524857 0.826144 -0.159214
v 0.668016 0.702578 -0.202641
v 0.785504 0.552012 -0.238280
v 0.872805 0.380232 -0.264763
v 0.926565 0.193841 -0.281070
v 0.465376 0.876269 0.000000
v 0.626290 0.768056 0.000000
v 0.763137 0.630328 0.000000
v 0.870657 0.468376 0.000000
v 0.944718 0.288424 0.000000
v 0.983269 0.097389 0.000000
v 0.287471 0.950719 0.000000
v 0.816897 0.552012 -0.080457
v 0.694714 0.702578 -0.068423
v 0.907687 0.380232 -0.089399
v 0.963596 0.193841 -0.094906
v 0.988807 0.000000 -0.097389
v 0.200599 0.973614 -0.019757
v 0.375976 0.917962 -0.037030
v 0.545833 0.826144 -0.053760
v 0.456434 0.876269 0.090790
v 0.614256 0.768056 0.122183
v 0.748474 0.630328 0.148881
v 0.853927 0.468376 0.169857
v 0.926565 0.288424 0.184305
v 0.964376 0.097389 0.191826
v 0.281948 0.950719 0.056083
v 0.988807 0.000000 0.097389
v 0.200599 0.973614 0.019757
v 0.375976 0.917962 0.037030
v 0.545833 0.826144 0.053760
v 0.694714 0.702578 0.068423
v 0.816897 0.552012 0.080457
v 0.907687 0.380232 0.089399
v 0.963596 0.193841 0.094906
v 0.429951 0.876269 0.178092
v 0.578617 0.768056 0.239671
v 0.705047 0.630328 0.292040
v 0.804382 0.468376 0.333186
v 0.872805 0.288424 0.361528
v 0.908422 0.097389 0.376281
v 0.265589 0.950719 0.110011
v 0.872805 0.380232 0.264763
v 0.785504 0.552012 0.238280
v 0.926565 0.193841 0.281071
v 0.950807 0.000000 0.288424
v 0.192890 0.973614 0.058513
v 0.361528 0.917962 0.109668
v 0.524857 0.826144 0.159214
v 0.668016 0.702578 0.202641
v 0.386946 0.876269 0.258549
v 0.520741 0.768056 0.347948
v 0.634525 0.630328 0.423976
v 0.723924 0.468376 0.483711
v 0.785504 0.288424 0.524857
v 0.817558 0.097389 0.546275
v 0.239024 0.950719 0.159711
v 0.333186 0.917962 0.178092
v 0.177769 0.973614 0.095019
v 0.483711 0.826144 0.258549
v 0.615647 0.702578 0.329070
v 0.723924 0.552012 0.386946
v 0.804382 0.380232 0.429951
v 0.853927 0.193841 0.456434
v 0.876269 0.000000 0.468376
v 0.329070 0.876269 0.329070
v 0.442854 0.768056 0.442854
v 0.539619 0.630328 0.539619
v 0.615647 0.468376 0.615647
v 0.668016 0.288424 0.668016
v 0.695276 0.097389 0.695276
v 0.203273 0.950719 0.203273
v 0.748473 0.193841 0.614256
v 0.705047 0.380232 0.578617
v 0.768056 0.000000 0.630328
v 0.155815 0.973614 0.127874
v 0.292040 0.917962 0.239671
v 0.423976 0.826144 0.347948
v 0.539619 0.702578 0.442854
v 0.634525 0.552012 0.520741
v 0.258549 0.876269 0.386946
v 0.347948 0.768056 0.520741
v 0.423976 0.630328 0.634525
v 0.483711 0.468376 0.723925
v 0.524857 0.288424 0.785504
v 0.546275 0.097389 0.817558
v 0.159711 0.950719 0.239024
v 0.347948 0.826144 0.423976
v 0.239671 0.917962 0.292040
v 0.442854 0.702578 0.539619
v 0.520741 0.552012 0.634525
v 0.578617 0.380232 0.705047
v 0.614256 0.193841 0.748474
v 0.630327 0.000000 0.768056
v 0.127874 0.973614 0.155815
v 0.178091 0.876269 0.429951
v 0.239671 0.768056 0.578617
v 0.292040 0.630328 0.705047
v 0.333186 0.468376 0.804382
v 0.361528 0.288424 0.872805
v 0.376280 0.097389 0.908422
v 0.110011 0.950719 0.265589
v 0.456433 0.193841 0.853927
v 0.429951 0.380232 0.804382
v 0.468375 0.000000 0.876269
v 0.095019 0.973614 0.177769
v 0.178091 0.917962 0.333186
v 0.258549 0.826144 0.483711
v 0.329070 0.702578 0.615647
v 0.386946 0.552012 0.723925
v 0.090790 0.876269 0.456434
v 0.122183 0.768056 0.614256
v 0.148881 0.630328 0.748473
v 0.169857 0.468376 0.853927
v 0.184305 0.288424 0.926565
v 0.191826 0.097389 0.964375
v 0.056083 0.950719 0.281948
v 0.202640 0.702578 0.668016
v 0.159214 0.826144 0.524857
v 0.238280 0.552012 0.785504
v 0.264763 0.380232 0.872805
v 0.281070 0.193841 0.926565
v 0.288424 0.000000 0.950807
v 0.058513 0.973614 0.192890
v 0.109668 0.917962 0.361528
v -0.000000 0.876269 0.465376
v -0.000000 0.768056 0.626290
v -0.000000 0.630328 0.763137
v -0.000000 0.468376 0.870657
v -0.000000 0.288424 0.944717
v -0.000000 0.097389 0.983269
v -0.000000 0.950719 0.287471
v 0.097389 0.000000 0.988806
v 0.094906 0.193841 0.963595
v 0.019757 0.973614 0.200599
v 0.037030 0.917962 0.375976
v 0.053760 0.826144 0.545833
v 0.068423 0.702578 0.694714
v 0.080457 0.552012 0.816897
v 0.089399 0.380232 0.907687
v -0.090790 0.876269 0.456434
v -0.122183 0.768056 0.614256
v -0.148881 0.630328 0.748473
v -0.169857 0.468376 0.853927
v -0.184305 0.288424 0.926565
v -0.191826 0.097389 0.964375
v -0.056083 0.950719 0.281948
v -0.068423 0.702578 0.694714
v -0.053760 0.826144 0.545833
v -0.080457 0.552012 0.816897
v -0.089399 0.380232 0.907687
v -0.094906 0.193841 0.963595
v -0.097389 0.000000 0.988806
v -0.019757 0.973614 0.200599
v -0.037030 0.917962 0.375976
v -0.178092 0.876269 0.429951
v -0.239671 0.768056 0.578617
v -0.292040 0.630328 0.705047
v -0.333186 0.468376 0.804382
v -0.361528 0.288424 0.872805
v -0.376281 0.097389 0.908422
v -0.110011 0.950719 0.265589
v -0.288424 0.000000 0.950807
v -0.281071 0.193841 0.926565
v -0.058513 0.973614 0.192890
v -0.109668 0.917962 0.361528
v -0.159214 0.826144 0.524857
v -0.202641 0.702578 0.668016
v -0.238280 0.552012 0.785504
v -0.264763 0.380232 0.872805
v -0.258549 0.876269 0.386946
v -0.347948 0.768056 0.520741
v -0.423976 0.630328 0.634525
v -0.483711 0.468376 0.723924
v -0.524857 0.288424 0.785504
v -0.546275 0.097389 0.817558
v -0.159711 0.950719 0.239024
v -0.386946 0.552012 0.723924
v -0.329070 0.702578 0.615647
v -0.429951 0.380232 0.804382
v -0.456434 0.193841 0.853927
v -0.468376 0.000000 0.876269
v -0.095019 0.973614 0.177768
v -0.178092 0.917962 0.333186
v -0.258549 0.826144 0.483711
v -0.329070 0.876269 0.329070
v -0.442854 0.768056 0.442854
v -0.539619 0.630328 0.539619
v -0.615647 0.468376 0.615647
v -0.668016 0.288424 0.668016
v -0.695276 0.097389 0.695276
v -0.203273 0.950719 0.203273
v -0.630327 0.000000 0.768056
v -0.127874 0.973614 0.155815
v -0.239671 0.917962 0.292040
v -0.347948 0.826144 0.423976
v -0.442854 0.702578 0.539619
v -0.520741 0.552012 0.634525
v -0.578617 0.380232 0.705046
v -0.614256 0.193841 0.748473
v -0.386946 0.876269 0.258549
v -0.520741 0.768056 0.347948
v -0.634525 0.630328 0.423976
v -0.723924 0.468376 0.483711
v -0.785504 0.288424 0.524857
v -0.817558 0.097389 0.546274
v -0.239024 0.950719 0.159711
v -0.705047 0.380232 0.578617
v -0.634525 0.552012 0.520741
v -0.748473 0.193841 0.614256
v -0.768056 0.000000 0.630327
v -0.155815 0.973614 0.127874
v -0.292040 0.917962 0.239671
v -0.423976 0.826144 0.347948
v -0.539619 0.702578 0.442854
v -0.109146 0.987361 0.045210
v -0.429951 0.876269 0.178091
v -0.578617 0.768056 0.239671
v -0.705047 0.630328 0.292040
v -0.804382 0.468376 0.333186
v -0.872805 0.288424 0.361528
v -0.908422 0.097389 0.376280
v -0.265589 0.950719 0.110010
v -0.177768 0.973614 0.095019
v -0.333186 0.917962 0.178091
v -0.483711 0.826144 0.258549
v -0.615647 0.702578 0.329070
v -0.723924 0.552012 0.386946
v -0.804382 0.380232 0.429951
v -0.853927 0.193841 0.456433
v -0.876269 0.000000 0.468375
v -0.456433 0.876269 0.090790
v -0.614256 0.768056 0.122183
v -0.748473 0.630328 0.148881
v -0.853927 0.468376 0.169857
v -0.926565 0.288424 0.184305
v -0.964375 0.097389 0.191826
v -0.281948 0.950719 0.056083
v -0.872805 0.380232 0.264762
v -0.785504 0.552012 0.238280
v -0.926565 0.193841 0.281070
v -0.950807 0.000000 0.288424
v -0.192890 0.973614 0.058513
v -0.361528 0.917962 0.109668
v -0.524857 0.826144 0.159213
v -0.668016 0.702578 0.202640
v -0.465376 0.876269 -0.000000
v -0.626290 0.768057 -0.000000
v -0.763137 0.630328 -0.000000
v -0.870656 0.468376 -0.000000
v -0.944717 0.288424 -0.000000
v -0.983268 0.097389 -0.000000
v -0.287471 0.950719 -0.000000
v -0.545833 0.826144 0.053760
v -0.375976 0.917962 0.037030
v -0.694714 0.702578 0.068423
v -0.816897 0.552012 0.080457
v -0.907687 0.380232 0.089399
v -0.963595 0.193841 0.094906
v -0.988806 0.000000 0.097388
v -0.200599 0.973614 0.019757
v -0.456433 0.876269 -0.090790
v -0.614256 0.768056 -0.122183
v -0.748473 0.630328 -0.148881
v -0.853927 0.468376 -0.169857
v -0.926565 0.288424 -0.184305
v -0.964375 0.097389 -0.191826
v -0.281948 0.950719 -0.056083
v -0.963595 0.193841 -0.094906
v -0.907687 0.380232 -0.089399
v -0.988806 0.000000 -0.097389
v -0.200599 0.973614 -0.019757
v -0.375976 0.917962 -0.037030
v -0.545833 0.826144 -0.053760
v -0.694713 0.702578 -0.068423
v -0.816896 0.552012 -0.080457
v -0.429951 0.876269 -0.178092
v -0.578617 0.768056 -0.239671
v -0.705047 0.630328 -0.292040
v -0.804382 0.468376 -0.333186
v -0.872805 0.288424 -0.361528
v -0.908421 0.097389 -0.376281
v -0.265589 0.950719 -0.110011
v -0.524857 0.826144 -0.159214
v -0.361528 0.917962 -0.109668
v -0.668016 0.702578 -0.202641
v -0.785504 0.552012 -0.238280
v -0.872805 0.380232 -0.264763
v -0.926565 0.193841 -0.281071
v -0.950807 0.000000 -0.288424
v -0.192890 0.973614 -0.058513
v -0.386945 0.876269 -0.258549
v -0.520741 0.768056 -0.347948
v -0.634525 0.630328 -0.423976
v -0.723924 0.468376 -0.483711
v -0.785504 0.288424 -0.524857
v -0.817558 0.097389 -0.546275
v -0.239024 0.950719 -0.159711
v -0.853927 0.193841 -0.456434
v -0.804382 0.380232 -0.429951
v -0.876268 0.000000 -0.468376
v -0.177768 0.973614 -0.095019
v -0.333186 0.917962 -0.178092
v -0.483711 0.826144 -0.258549
v -0.615647 0.702578 -0.329070
v -0.723924 0.552012 -0.386946
v -0.329070 0.876269 -0.329070
v -0.442854 0.768056 -0.442854
v -0.539619 0.630328 -0.539619
v -0.615647 0.468376 -0.615647
v -0.668016 0.288424 -0.668016
v -0.695275 0.097389 -0.695276
v -0.203273 0.950719 -0.203273
v -0.539619 0.702578 -0.442854
v -0.423976 0.826144 -0.347948
v -0.634525 0.552012 -0.520741
v -0.705046 0.380232 -0.578617
v -0.748473 0.193841 -0.614256
v -0.768055 0.000000 -0.630327
v -0.155815 0.973614 -0.127874
v -0.292040 0.917962 -0.239671
v -0.258549 0.876269 -0.386946
v -0.347948 0.768056 -0.520741
v -0.423976 0.630328 -0.634525
v -0.483711 0.468376 -0.723924
v -0.524857 0.288424 -0.785504
v -0.546274 0.097389 -0.817558
v -0.159710 0.950719 -0.239024
v -0.630327 0.000000 -0.768056
v -0.614256 0.193841 -0.748473
v -0.127874 0.973614 -0.155815
v -0.239671 0.917962 -0.292040
v -0.347948 0.826144 -0.423976
v -0.442854 0.702578 -0.539619
v -0.520741 0.552012 -0.634525
v -0.578617 0.380232 -0.705047
v -0.178091 0.876269 -0.429951
v -0.239671 0.768056 -0.578617
v -0.292040 0.630328 -0.705046
v -0.333186 0.468376 -0.804382
v -0.361528 0.288424 -0.872805
v -0.376280 0.097389 -0.908422
v -0.110010 0.950719 -0.265589
v -0.386945 0.552012 -0.723924
v -0.329070 0.702578 -0.615647
v -0.429951 0.380232 -0.804382
v -0.456433 0.193841 -0.853927
v -0.468375 0.000000 -0.876269
v -0.095019 0.973614 -0.177768
v -0.178091 0.917962 -0.333186
v -0.258549 0.826144 -0.483711
v -0.090790 0.876269 -0.456433
v -0.122183 0.768056 -0.614256
v -0.148880 0.630328 -0.748473
v -0.169857 0.468376 -0.853927
v -0.184305 0.288424 -0.926565
v -0.191826 0.097389 -0.964375
v -0.056083 0.950719 -0.281948
v -0.288424 0.000000 -0.950807
v -0.058513 0.973614 -0.192890
v -0.109668 0.917962 -0.361528
v -0.159213 0.826144 -0.524857
v -0.202640 0.702578 -0.668016
v -0.238280 0.552012 -0.785504
v -0.264762 0.380232 -0.872805
v -0.281070 0.193841 -0.926565
v 0.000000 0.876269 -0.465375
v 0.000000 0.768056 -0.626290
v 0.000000 0.950719 -0.287471
v -0.068423 0.702578 -0.694713
v -0.097388 0.000000 -0.988806
v -0.019757 0.973614 -0.200599
v -0.037030 0.917962 -0.375976
v -0.053760 0.826144 -0.545833
v 0.023048 0.987361 -0.115869
v 0.000000 0.097389 -0.983269
v 0.000000 0.630328 -0.763137
v 0.000000 0.987361 -0.118139
v 0.068423 0.702578 -0.694714
v 0.053760 0.826144 -0.545833
v 0.037030 0.917962 -0.375976
v 0.019757 0.973614 -0.200599
v 0.097389 0.000000 -0.988806
v 0.045210 0.987361 -0.109146
v 0.065634 0.987361 -0.098229
v 0.083537 0.987361 -0.083537
v 0.098229 0.987361 -0.065634
v 0.109146 0.987361 -0.045210
v 0.115869 0.987361 -0.023048
v 0.118139 0.987361 0.000000
v 0.115869 0.987361 0.023048
v 0.109146 0.987361 0.045210
v 0.098229 0.987361 0.065634
v 0.083537 0.987361 0.083537
v 0.065634 0.987361 0.098229
v 0.045210 0.987361 0.109146
v 0.023048 0.987361 0.115869
v -0.000000 0.987361 0.118139
v -0.023048 0.987361 0.115869
v -0.045210 0.987361 0.109146
v -0.065634 0.987361 0.098229
v -0.083537 0.987361 0.083537
v -0.098229 0.987361 0.065634
v -0.115869 0.987361 0.023048
v -0.118139 0.987361 -0.000000
v -0.115869 0.987361 -0.023048
v -0.109146 0.987361 -0.045210
v -0.098229 0.987361 -0.065634
v -0.083537 0.987361 -0.083537
v -0.065634 0.987361 -0.098229
v -0.045210 0.987361 -0.109146
v -0.023048 0.987361 -0.115869
v -0.080457 0.552012 -0.816897
v -0.089399 0.380232 -0.907687
v -0.094906 0.193841 -0.963595
v 0.085339 0.468376 -0.866461
v 0.074800 0.630328 -0.759459
v 0.061387 0.768056 -0.623272
v 0.045615 0.876269 -0.463133
v 0.028199 0.950696 -0.286312
v 0.013329 0.985270 -0.135336
v 0.096377 0.097389 -0.978530
v 0.092598 0.288424 -0.940165
v 0.221526 0.630328 -0.730274
v 0.252737 0.468376 -0.833163
v 0.274236 0.288424 -0.904035
v 0.285427 0.097389 -0.940926
v 0.039476 0.985270 -0.130136
v 0.135091 0.876269 -0.445335
v 0.083514 0.950696 -0.275309
v 0.181802 0.768056 -0.599320
v 0.463508 0.097389 -0.867163
v 0.064106 0.985270 -0.119934
v 0.135620 0.950696 -0.253726
v 0.219376 0.876269 -0.410423
v 0.295230 0.768056 -0.552337
v 0.359739 0.630328 -0.673024
v 0.410423 0.468376 -0.767848
v 0.445335 0.288424 -0.833163
v 0.397313 0.768056 -0.484127
v 0.484127 0.630328 -0.589911
v 0.552337 0.468376 -0.673024
v 0.599320 0.288424 -0.730274
v 0.623777 0.097389 -0.760074
v 0.086272 0.985270 -0.105123
v 0.182513 0.950696 -0.222393
v 0.295230 0.876269 -0.359739
v 0.760074 0.097389 -0.623777
v 0.105123 0.985270 -0.086272
v 0.222393 0.950696 -0.182513
v 0.359739 0.876269 -0.295230
v 0.484127 0.768056 -0.397313
v 0.589911 0.630328 -0.484127
v 0.673024 0.468376 -0.552337
v 0.730274 0.288424 -0.599320
v 0.673024 0.630328 -0.359739
v 0.767848 0.468376 -0.410423
v 0.833163 0.288424 -0.445335
v 0.867163 0.097389 -0.463508
v 0.119934 0.985270 -0.064106
v 0.253726 0.950696 -0.135620
v 0.410423 0.876269 -0.219376
v 0.552337 0.768056 -0.295230
v 0.130136 0.985270 -0.039476
v 0.275309 0.950696 -0.083514
v 0.445335 0.876269 -0.135091
v 0.599320 0.768056 -0.181802
v 0.730274 0.630328 -0.221526
v 0.833163 0.468376 -0.252737
v 0.904035 0.288424 -0.274236
v 0.940926 0.097389 -0.285427
v 0.759459 0.630328 -0.074800
v 0.866461 0.468376 -0.085339
v 0.940165 0.288424 -0.092598
v 0.978530 0.097389 -0.096377
v 0.135336 0.985270 -0.013329
v 0.286312 0.950696 -0.028199
v 0.463133 0.876269 -0.045615
v 0.623272 0.768056 -0.061387
v 0.135336 0.985270 0.013329
v 0.286312 0.950696 0.028199
v 0.463133 0.876269 0.045615
v 0.623272 0.768056 0.061387
v 0.759459 0.630328 0.074800
v 0.866461 0.468376 0.085339
v 0.940165 0.288424 0.092598
v 0.978530 0.097389 0.096377
v 0.833163 0.468376 0.252737
v 0.904035 0.288424 0.274236
v 0.940926 0.097389 0.285427
v 0.130136 0.985270 0.039476
v 0.275309 0.950696 0.083514
v 0.445335 0.876269 0.135091
v 0.599320 0.768056 0.181802
v 0.730274 0.630328 0.221526
v 0.253726 0.950696 0.135620
v 0.410423 0.876269 0.219376
v 0.552337 0.768056 0.295230
v 0.673024 0.630328 0.359739
v 0.767848 0.468376 0.410423
v 0.833163 0.288424 0.445335
v 0.867162 0.097389 0.463508
v 0.119934 0.985270 0.064106
v 0.730274 0.288424 0.599320
v 0.760074 0.097389 0.623777
v 0.105123 0.985270 0.086272
v 0.222393 0.950696 0.182513
v 0.359739 0.876269 0.295230
v 0.484127 0.768056 0.397313
v 0.589910 0.630328 0.484127
v 0.673024 0.468376 0.552337
v 0.295230 0.876269 0.359739
v 0.397313 0.768056 0.484127
v 0.484127 0.630328 0.589911
v 0.552337 0.468376 0.673024
v 0.599320 0.288424 0.730274
v 0.623777 0.097389 0.760074
v 0.086272 0.985270 0.105123
v 0.182513 0.950696 0.222393
v 0.445335 0.288424 0.833163
v 0.463508 0.097389 0.867162
v 0.064106 0.985270 0.119934
v 0.135620 0.950696 0.253726
v 0.219376 0.876269 0.410423
v 0.295230 0.768056 0.552336
v 0.359739 0.630328 0.673024
v 0.410423 0.468376 0.767848
v 0.181802 0.768056 0.599320
v 0.221526 0.630328 0.730274
v 0.252737 0.468376 0.833163
v 0.274236 0.288424 0.904035
v 0.285426 0.097389 0.940926
v 0.039476 0.985270 0.130136
v 0.083514 0.950696 0.275309
v 0.135091 0.876269 0.445335
v 0.096377 0.097389 0.978530
v 0.013329 0.985270 0.135336
v 0.028199 0.950696 0.286312
v 0.045615 0.876269 0.463133
v 0.061387 0.768056 0.623272
v 0.074800 0.630328 0.759459
v 0.085339 0.468376 0.866461
v 0.092598 0.288424 0.940165
v -0.061387 0.768056 0.623272
v -0.074800 0.630328 0.759459
v -0.085339 0.468376 0.866461
v -0.092598 0.288424 0.940165
v -0.096377 0.097389 0.978530
v -0.013329 0.985270 0.135336
v -0.028199 0.950696 0.286312
v -0.045615 0.876269 0.463133
v -0.285427 0.097389 0.940926
v -0.039476 0.985270 0.130136
v -0.083514 0.950696 0.275309
v -0.135091 0.876269 0.445335
v -0.181802 0.768056 0.599320
v -0.221526 0.630328 0.730274
v -0.252737 0.468376 0.833163
v -0.274236 0.288424 0.904035
v -0.359739 0.630328 0.673024
v -0.410423 0.468376 0.767847
v -0.445335 0.288424 0.833163
v -0.463508 0.097389 0.867162
v -0.064106 0.985270 0.119934
v -0.135620 0.950696 0.253726
v -0.219376 0.876269 0.410423
v -0.295230 0.768056 0.552336
v -0.086272 0.985270 0.105123
v -0.182513 0.950696 0.222393
v -0.295230 0.876269 0.359739
v -0.397313 0.768056 0.484127
v -0.484127 0.630328 0.589910
v -0.552336 0.468376 0.673024
v -0.599320 0.288424 0.730273
v -0.623777 0.097389 0.760074
v -0.673024 0.468376 0.552336
v -0.730274 0.288424 0.599320
v -0.760074 0.097389 0.623776
v -0.105123 0.985270 0.086272
v -0.222393 0.950696 0.182513
v -0.359739 0.876269 0.295230
v -0.484127 0.768056 0.397313
v -0.589911 0.630328 0.484127
v -0.119934 0.985270 0.064106
v -0.253726 0.950696 0.135619
v -0.410423 0.876269 0.219376
v -0.552336 0.768056 0.295230
v -0.673024 0.630328 0.359739
v -0.767847 0.468376 0.410423
v -0.833163 0.288424 0.445335
v -0.867162 0.097389 0.463507
v -0.833163 0.468376 0.252737
v -0.904035 0.288424 0.274236
v -0.940926 0.097389 0.285426
v -0.130136 0.985270 0.039476
v -0.275309 0.950696 0.083514
v -0.445335 0.876269 0.135091
v -0.599320 0.768056 0.181802
v -0.730273 0.630328 0.221526
v -0.463133 0.876269 0.045615
v -0.623272 0.768057 0.061387
v -0.759459 0.630328 0.074800
v -0.866461 0.468376 0.085339
v -0.940165 0.288424 0.092598
v -0.978530 0.097389 0.096376
v -0.135336 0.985270 0.013329
v -0.286312 0.950696 0.028199
v -0.940165 0.288424 -0.092598
v -0.978530 0.097389 -0.096377
v -0.135336 0.985270 -0.013329
v -0.286312 0.950696 -0.028199
v -0.463133 0.876269 -0.045615
v -0.623272 0.768056 -0.061387
v -0.759459 0.630328 -0.074800
v -0.866461 0.468376 -0.085339
v -0.445335 0.876269 -0.135091
v -0.599320 0.768056 -0.181802
v -0.730273 0.630328 -0.221526
v -0.833163 0.468376 -0.252737
v -0.904034 0.288424 -0.274236
v -0.940925 0.097389 -0.285427
v -0.130136 0.985270 -0.039476
v -0.275309 0.950696 -0.083514
v -0.833163 0.288424 -0.445335
v -0.867162 0.097389 -0.463508
v -0.119934 0.985270 -0.064106
v -0.253726 0.950696 -0.135619
v -0.410423 0.876269 -0.219376
v -0.552336 0.768056 -0.295230
v -0.673024 0.630328 -0.359739
v -0.767847 0.468376 -0.410423
v -0.484127 0.768056 -0.397313
v -0.589910 0.630328 -0.484127
v -0.673024 0.468376 -0.552336
v -0.730273 0.288424 -0.599320
v -0.760073 0.097389 -0.623777
v -0.105123 0.985270 -0.086272
v -0.222393 0.950696 -0.182513
v -0.359739 0.876269 -0.295230
v -0.623776 0.097389 -0.760074
v -0.086272 0.985270 -0.105123
v -0.182513 0.950696 -0.222393
v -0.295230 0.876269 -0.359739
v -0.397313 0.768056 -0.484127
v -0.484127 0.630328 -0.589910
v -0.552336 0.468376 -0.673024
v -0.599320 0.288424 -0.730273
v -0.359739 0.630328 -0.673024
v -0.410423 0.468376 -0.767847
v -0.445335 0.288424 -0.833163
v -0.463507 0.097389 -0.867162
v -0.064106 0.985270 -0.119934
v -0.135619 0.950696 -0.253726
v -0.219375 0.876269 -0.410423
v -0.295230 0.768056 -0.552336
v -0.039476 0.985270 -0.130135
v -0.083514 0.950696 -0.275309
v -0.135091 0.876269 -0.445335
v -0.181802 0.768056 -0.599320
v -0.221526 0.630328 -0.730273
v -0.252737 0.468376 -0.833163
v -0.274236 0.288424 -0.904034
v -0.285426 0.097389 -0.940925
v -0.074800 0.630328 -0.759459
v -0.085339 0.468376 -0.866461
v -0.092598 0.288424 -0.940165
v -0.096376 0.097389 -0.978530
v -0.013329 0.985270 -0.135336
v -0.028199 0.950696 -0.286312
v -0.045614 0.876269 -0.463133
v -0.061387 0.768056 -0.623272
vn 0.0445 0.4249 -0.9041
vn 0.0422 0.5112 -0.8584
vn 0.1261 0.5112 -0.8502
vn 0.1328 0.4249 -0.8954
vn 0.0395 0.5928 -0.8044
vn 0.0365 0.6687 -0.7426
vn 0.1091 0.6687 -0.7355
vn 0.1181 0.5928 -0.7966
vn 0.0331 0.7384 -0.6735
vn 0.0294 0.8010 -0.5979
vn 0.0878 0.8010 -0.5922
vn 0.0989 0.7384 -0.6670
vn 0.0254 0.8560 -0.5163
vn 0.0211 0.9027 -0.4297
vn 0.0631 0.9027 -0.4256
vn 0.0758 0.8560 -0.5114
vn 0.0159 0.9399 -0.3412
vn 0.0057 0.9666 -0.2561
vn 0.0443 0.9666 -0.2523
vn 0.0510 0.9399 -0.3377
vn -0.0253 0.9851 -0.1703
vn 0.0088 0.9959 -0.0897
vn 0.0580 0.9851 -0.1621
vn 0.0488 0.1053 -0.9932
vn 0.0485 0.1536 -0.9869
vn 0.1450 0.1536 -0.9775
vn 0.1459 0.1053 -0.9837
vn 0.0477 0.2413 -0.9693
vn 0.0463 0.3346 -0.9412
vn 0.1382 0.3346 -0.9322
vn 0.1424 0.2413 -0.9600
vn 0.1957 0.5928 -0.7812
vn 0.1807 0.6687 -0.7212
vn 0.2505 0.6687 -0.7001
vn 0.2713 0.5928 -0.7583
vn 0.2200 0.4249 -0.8781
vn 0.2089 0.5112 -0.8337
vn 0.2895 0.5112 -0.8092
vn 0.3049 0.4249 -0.8523
vn 0.2358 0.2413 -0.9414
vn 0.2290 0.3346 -0.9141
vn 0.3174 0.3346 -0.8873
vn 0.3269 0.2413 -0.9137
vn 0.2417 0.1053 -0.9646
vn 0.2401 0.1536 -0.9585
vn 0.3329 0.1536 -0.9304
vn 0.3350 0.1053 -0.9363
vn 0.0084 0.9851 -0.1720
vn 0.0262 0.9959 -0.0862
vn 0.0885 0.9851 -0.1476
vn 0.1256 0.8560 -0.5015
vn 0.1046 0.9027 -0.4174
vn 0.1449 0.9027 -0.4051
vn 0.1741 0.8560 -0.4867
vn 0.0822 0.9399 -0.3315
vn 0.0556 0.9666 -0.2500
vn 0.0927 0.9666 -0.2388
vn 0.1159 0.9399 -0.3213
vn 0.1639 0.7384 -0.6541
vn 0.1455 0.8010 -0.5807
vn 0.2017 0.8010 -0.5637
vn 0.2272 0.7384 -0.6349
vn 0.4252 0.1053 -0.8989
vn 0.4225 0.1536 -0.8933
vn 0.5080 0.1536 -0.8476
vn 0.5112 0.1053 -0.8530
vn 0.0418 0.9851 -0.1670
vn 0.0425 0.9959 -0.0795
vn 0.1156 0.9851 -0.1275
vn 0.1453 0.9399 -0.3091
vn 0.1033 0.9666 -0.2344
vn 0.1375 0.9666 -0.2161
vn 0.1763 0.9399 -0.2925
vn 0.2210 0.8560 -0.4673
vn 0.1840 0.9027 -0.3889
vn 0.2212 0.9027 -0.3691
vn 0.2658 0.8560 -0.4434
vn 0.2883 0.7384 -0.6096
vn 0.2560 0.8010 -0.5412
vn 0.3078 0.8010 -0.5135
vn 0.3467 0.7384 -0.5784
vn 0.3444 0.5928 -0.7280
vn 0.3179 0.6687 -0.6721
vn 0.3822 0.6687 -0.6378
vn 0.4140 0.5928 -0.6908
vn 0.3871 0.4249 -0.8183
vn 0.3675 0.5112 -0.7769
vn 0.4418 0.5112 -0.7372
vn 0.4653 0.4249 -0.7765
vn 0.4150 0.2413 -0.8773
vn 0.4029 0.3346 -0.8519
vn 0.4844 0.3346 -0.8083
vn 0.4989 0.2413 -0.8324
vn 0.4017 0.7384 -0.5416
vn 0.3566 0.8010 -0.4808
vn 0.4020 0.8010 -0.4436
vn 0.4528 0.7384 -0.4997
vn 0.4798 0.5928 -0.6468
vn 0.4429 0.6687 -0.5972
vn 0.4993 0.6687 -0.5509
vn 0.5408 0.5928 -0.5967
vn 0.5393 0.4249 -0.7271
vn 0.5120 0.5112 -0.6903
vn 0.5772 0.5112 -0.6368
vn 0.6079 0.4249 -0.6708
vn 0.5781 0.2413 -0.7795
vn 0.5614 0.3346 -0.7569
vn 0.6328 0.3346 -0.6983
vn 0.6517 0.2413 -0.7191
vn 0.5924 0.1053 -0.7987
vn 0.5887 0.1536 -0.7937
vn 0.6636 0.1536 -0.7322
vn 0.6678 0.1053 -0.7369
vn 0.0736 0.9851 -0.1556
vn 0.0572 0.9959 -0.0697
vn 0.1383 0.9851 -0.1025
vn 0.2028 0.9399 -0.2749
vn 0.1470 0.9666 -0.2097
vn 0.1770 0.9666 -0.1851
vn 0.2300 0.9399 -0.2525
vn 0.3080 0.8560 -0.4152
vn 0.2563 0.9027 -0.3456
vn 0.2889 0.9027 -0.3188
vn 0.3472 0.8560 -0.3831
vn 0.7369 0.1053 -0.6678
vn 0.7322 0.1536 -0.6636
vn 0.7937 0.1536 -0.5887
vn 0.7987 0.1053 -0.5924
vn 0.1025 0.9851 -0.1383
vn 0.0697 0.9959 -0.0572
vn 0.1556 0.9851 -0.0736
vn 0.2525 0.9399 -0.2300
vn 0.1851 0.9666 -0.1770
vn 0.2097 0.9666 -0.1470
vn 0.2749 0.9399 -0.2028
vn 0.3831 0.8560 -0.3472
vn 0.3188 0.9027 -0.2889
vn 0.3456 0.9027 -0.2563
vn 0.4152 0.8560 -0.3080
vn 0.4997 0.7384 -0.4528
vn 0.4436 0.8010 -0.4020
vn 0.4808 0.8010 -0.3566
vn 0.5416 0.7384 -0.4017
vn 0.5967 0.5928 -0.5408
vn 0.5509 0.6687 -0.4993
vn 0.5972 0.6687 -0.4429
vn 0.6468 0.5928 -0.4798
vn 0.6708 0.4249 -0.6079
vn 0.6368 0.5112 -0.5772
vn 0.6903 0.5112 -0.5120
vn 0.7271 0.4249 -0.5393
vn 0.7191 0.2413 -0.6517
vn 0.6983 0.3346 -0.6328
vn 0.7569 0.3346 -0.5614
vn 0.7795 0.2413 -0.5781
vn 0.6908 0.5928 -0.4140
vn 0.6378 0.6687 -0.3822
vn 0.6721 0.6687 -0.3179
vn 0.7280 0.5928 -0.3444
vn 0.7765 0.4249 -0.4653
vn 0.7372 0.5112 -0.4418
vn 0.7769 0.5112 -0.3675
vn 0.8183 0.4249 -0.3871
vn 0.8324 0.2413 -0.4989
vn 0.8083 0.3346 -0.4844
vn 0.8519 0.3346 -0.4029
vn 0.8773 0.2413 -0.4150
vn 0.8530 0.1053 -0.5112
vn 0.8476 0.1536 -0.5080
vn 0.8933 0.1536 -0.4225
vn 0.8989 0.1053 -0.4252
vn 0.1275 0.9851 -0.1156
vn 0.0795 0.9959 -0.0425
vn 0.1670 0.9851 -0.0418
vn 0.2925 0.9399 -0.1763
vn 0.2161 0.9666 -0.1375
vn 0.2344 0.9666 -0.1033
vn 0.3091 0.9399 -0.1453
vn 0.4434 0.8560 -0.2658
vn 0.3691 0.9027 -0.2212
vn 0.3889 0.9027 -0.1840
vn 0.4673 0.8560 -0.2210
vn 0.5784 0.7384 -0.3467
vn 0.5135 0.8010 -0.3078
vn 0.5412 0.8010 -0.2560
vn 0.6096 0.7384 -0.2883
vn 0.1476 0.9851 -0.0885
vn 0.0862 0.9959 -0.0262
vn 0.1720 0.9851 -0.0084
vn 0.3213 0.9399 -0.1159
vn 0.2388 0.9666 -0.0927
vn 0.2500 0.9666 -0.0556
vn 0.3315 0.9399 -0.0822
vn 0.4867 0.8560 -0.1741
vn 0.4051 0.9027 -0.1449
vn 0.4174 0.9027 -0.1046
vn 0.5015 0.8560 -0.1256
vn 0.6349 0.7384 -0.2272
vn 0.5637 0.8010 -0.2017
vn 0.5807 0.8010 -0.1455
vn 0.6541 0.7384 -0.1639
vn 0.7583 0.5928 -0.2713
vn 0.7001 0.6687 -0.2505
vn 0.7212 0.6687 -0.1807
vn 0.7812 0.5928 -0.1957
vn 0.8523 0.4249 -0.3049
vn 0.8092 0.5112 -0.2895
vn 0.8337 0.5112 -0.2089
vn 0.8781 0.4249 -0.2200
vn 0.9137 0.2413 -0.3269
vn 0.8873 0.3346 -0.3174
vn 0.9141 0.3346 -0.2290
vn 0.9414 0.2413 -0.2358
vn 0.9363 0.1053 -0.3350
vn 0.9304 0.1536 -0.3329
vn 0.9585 0.1536 -0.2401
vn 0.9646 0.1053 -0.2417
vn 0.7966 0.5928 -0.1181
vn 0.7355 0.6687 -0.1091
vn 0.7426 0.6687 -0.0365
vn 0.8044 0.5928 -0.0395
vn 0.8954 0.4249 -0.1328
vn 0.8502 0.5112 -0.1261
vn 0.8584 0.5112 -0.0422
vn 0.9041 0.4249 -0.0445
vn 0.9600 0.2413 -0.1424
vn 0.9322 0.3346 -0.1382
vn 0.9412 0.3346 -0.0463
vn 0.9693 0.2413 -0.0477
vn 0.9837 0.1053 -0.1459
vn 0.9774 0.1536 -0.1450
vn 0.9869 0.1536 -0.0485
vn 0.9932 0.1053 -0.0488
vn 0.1621 0.9851 -0.0580
vn 0.0897 0.9959 -0.0088
vn 0.1703 0.9851 0.0253
vn 0.3377 0.9399 -0.0510
vn 0.2523 0.9666 -0.0443
vn 0.2561 0.9666 -0.0057
vn 0.3412 0.9399 -0.0159
vn 0.5114 0.8560 -0.0758
vn 0.4256 0.9027 -0.0631
vn 0.4297 0.9027 -0.0211
vn 0.5163 0.8560 -0.0254
vn 0.6670 0.7384 -0.0989
vn 0.5922 0.8010 -0.0878
vn 0.5979 0.8010 -0.0294
vn 0.6735 0.7384 -0.0331
vn 0.1703 0.9851 -0.0253
vn 0.0897 0.9959 0.0088
vn 0.1621 0.9851 0.0580
vn 0.3412 0.9399 0.0159
vn 0.2561 0.9666 0.0057
vn 0.2523 0.9666 0.0443
vn 0.3377 0.9399 0.0510
vn 0.5163 0.8560 0.0254
vn 0.4297 0.9027 0.0211
vn 0.4256 0.9027 0.0631
vn 0.5114 0.8560 0.0758
vn 0.6735 0.7384 0.0331
vn 0.5979 0.8010 0.0294
vn 0.5922 0.8010 0.0878
vn 0.6670 0.7384 0.0989
vn 0.8044 0.5928 0.0395
vn 0.7426 0.6687 0.0365
vn 0.7355 0.6687 0.1091
vn 0.7966 0.5928 0.1181
vn 0.9041 0.4249 0.0445
vn 0.8584 0.5112 0.0422
vn 0.8502 0.5112 0.1261
vn 0.8954 0.4249 0.1328
vn 0.9693 0.2413 0.0477
vn 0.9412 0.3346 0.0463
vn 0.9322 0.3346 0.1382
vn 0.9600 0.2413 0.1424
vn 0.9932 0.1053 0.0488
vn 0.9869 0.1536 0.0485
vn 0.9774 0.1536 0.1450
vn 0.9837 0.1053 0.1459
vn 0.8781 0.4249 0.2200
vn 0.8337 0.5112 0.2089
vn 0.8092 0.5112 0.2895
vn 0.8523 0.4249 0.3049
vn 0.9414 0.2413 0.2358
vn 0.9141 0.3346 0.2290
vn 0.8873 0.3346 0.3174
vn 0.9137 0.2413 0.3269
vn 0.9646 0.1053 0.2417
vn 0.9585 0.1536 0.2401
vn 0.9304 0.1536 0.3329
vn 0.9363 0.1053 0.3350
vn 0.1720 0.9851 0.0084
vn 0.0862 0.9959 0.0262
vn 0.1476 0.9851 0.0885
vn 0.3315 0.9399 0.0822
vn 0.2500 0.9666 0.0556
vn 0.2388 0.9666 0.0927
vn 0.3213 0.9399 0.1159
vn 0.5015 0.8560 0.1256
vn 0.4174 0.9027 0.1046
vn 0.4051 0.9027 0.1449
vn 0.4867 0.8560 0.1741
vn 0.6541 0.7384 0.1639
vn 0.5807 0.8010 0.1455
vn 0.5637 0.8010 0.2017
vn 0.6349 0.7384 0.2272
vn 0.7812 0.5928 0.1957
vn 0.7212 0.6687 0.1807
vn 0.7001 0.6687 0.2505
vn 0.7583 0.5928 0.2713
vn 0.3091 0.9399 0.1453
vn 0.2344 0.9666 0.1033
vn 0.2161 0.9666 0.1375
vn 0.2925 0.9399 0.1763
vn 0.4673 0.8560 0.2210
vn 0.3889 0.9027 0.1840
vn 0.3691 0.9027 0.2212
vn 0.4434 0.8560 0.2658
vn 0.6096 0.7384 0.2883
vn 0.5412 0.8010 0.2560
vn 0.5135 0.8010 0.3078
vn 0.5784 0.7384 0.3467
vn 0.7280 0.5928 0.3444
vn 0.6721 0.6687 0.3179
vn 0.6378 0.6687 0.3822
vn 0.6908 0.5928 0.4140
vn 0.8183 0.4249 0.3871
vn 0.7769 0.5112 0.3675
vn 0.7372 0.5112 0.4418
vn 0.7765 0.4249 0.4653
vn 0.8773 0.2413 0.4150
vn 0.8519 0.3346 0.4029
vn 0.8083 0.3346 0.4844
vn 0.8324 0.2413 0.4989
vn 0.8989 0.1053 0.4252
vn 0.8933 0.1536 0.4225
vn 0.8476 0.1536 0.5080
vn 0.8530 0.1053 0.5112
vn 0.1670 0.9851 0.0418
vn 0.0795 0.9959 0.0425
vn 0.1275 0.9851 0.1156
vn 0.7795 0.2413 0.5781
vn 0.7569 0.3346 0.5614
vn 0.6983 0.3346 0.6328
vn 0.7191 0.2413 0.6517
vn 0.7987 0.1053 0.5924
vn 0.7937 0.1536 0.5887
vn 0.7322 0.1536 0.6636
vn 0.7369 0.1053 0.6678
vn 0.1556 0.9851 0.0736
vn 0.0697 0.9959 0.0572
vn 0.1025 0.9851 0.1383
vn 0.2749 0.9399 0.2028
vn 0.2097 0.9666 0.1470
vn 0.1851 0.9666 0.1770
vn 0.2525 0.9399 0.2300
vn 0.4152 0.8560 0.3080
vn 0.3456 0.9027 0.2563
vn 0.3188 0.9027 0.2889
vn 0.3831 0.8560 0.3472
vn 0.5416 0.7384 0.4017
vn 0.4808 0.8010 0.3566
vn 0.4436 0.8010 0.4020
vn 0.4997 0.7384 0.4528
vn 0.6468 0.5928 0.4798
vn 0.5972 0.6687 0.4429
vn 0.5509 0.6687 0.4993
vn 0.5967 0.5928 0.5408
vn 0.7271 0.4249 0.5393
vn 0.6903 0.5112 0.5120
vn 0.6368 0.5112 0.5772
vn 0.6708 0.4249 0.6079
vn 0.3472 0.8560 0.3831
vn 0.2889 0.9027 0.3188
vn 0.2563 0.9027 0.3456
vn 0.3080 0.8560 0.4152
vn 0.4528 0.7384 0.4997
vn 0.4020 0.8010 0.4436
vn 0.3566 0.8010 0.4808
vn 0.4017 0.7384 0.5416
vn 0.5408 0.5928 0.5967
vn 0.4993 0.6687 0.5509
vn 0.4429 0.6687 0.5972
vn 0.4798 0.5928 0.6468
vn 0.6079 0.4249 0.6708
vn 0.5772 0.5112 0.6368
vn 0.5120 0.5112 0.6903
vn 0.5393 0.4249 0.7271
vn 0.6517 0.2413 0.7191
vn 0.6328 0.3346 0.6983
vn 0.5614 0.3346 0.7569
vn 0.5781 0.2413 0.7795
vn 0.6678 0.1053 0.7369
vn 0.6636 0.1536 0.7322
vn 0.5887 0.1536 0.7937
vn 0.5924 0.1053 0.7987
vn 0.1383 0.9851 0.1025
vn 0.0572 0.9959 0.0697
vn 0.0736 0.9851 0.1556
vn 0.2300 0.9399 0.2525
vn 0.1770 0.9666 0.1851
vn 0.1470 0.9666 0.2097
vn 0.2028 0.9399 0.2749
vn 0.4989 0.2413 0.8324
vn 0.4844 0.3346 0.8083
vn 0.4029 0.3346 0.8519
vn 0.4150 0.2413 0.8773
vn 0.5112 0.1053 0.8530
vn 0.5080 0.1536 0.8476
vn 0.4225 0.1536 0.8933
vn 0.4252 0.1053 0.8989
vn 0.1156 0.9851 0.1275
vn 0.0425 0.9959 0.0795
vn 0.0418 0.9851 0.1670
vn 0.1763 0.9399 0.2925
vn 0.1375 0.9666 0.2161
vn 0.1033 0.9666 0.2344
vn 0.1453 0.9399 0.3091
vn 0.2658 0.8560 0.4434
vn 0.2212 0.9027 0.3691
vn 0.1840 0.9027 0.3889
vn 0.2210 0.8560 0.4673
vn 0.3467 0.7384 0.5784
vn 0.3078 0.8010 0.5135
vn 0.2560 0.8010 0.5412
vn 0.2883 0.7384 0.6096
vn 0.4140 0.5928 0.6908
vn 0.3822 0.6687 0.6378
vn 0.3179 0.6687 0.6721
vn 0.3444 0.5928 0.7280
vn 0.4653 0.4249 0.7765
vn 0.4418 0.5112 0.7372
vn 0.3675 0.5112 0.7769
vn 0.3871 0.4249 0.8183
vn 0.2272 0.7384 0.6349
vn 0.2017 0.8010 0.5637
vn 0.1455 0.8010 0.5807
vn 0.1639 0.7384 0.6541
vn 0.2713 0.5928 0.7583
vn 0.2505 0.6687 0.7001
vn 0.1807 0.6687 0.7212
vn 0.1957 0.5928 0.7812
vn 0.3049 0.4249 0.8523
vn 0.2895 0.5112 0.8092
vn 0.2089 0.5112 0.8337
vn 0.2200 0.4249 0.8781
vn 0.3269 0.2413 0.9137
vn 0.3174 0.3346 0.8873
vn 0.2290 0.3346 0.9141
vn 0.2358 0.2413 0.9414
vn 0.3350 0.1053 0.9363
vn 0.3329 0.1536 0.9304
vn 0.2401 0.1536 0.9585
vn 0.2417 0.1053 0.9646
vn 0.0885 0.9851 0.1476
vn 0.0262 0.9959 0.0862
vn 0.0084 0.9851 0.1720
vn 0.1159 0.9399 0.3213
vn 0.0927 0.9666 0.2388
vn 0.0556 0.9666 0.2500
vn 0.0822 0.9399 0.3315
vn 0.1741 0.8560 0.4867
vn 0.1449 0.9027 0.4051
vn 0.1046 0.9027 0.4174
vn 0.1256 0.8560 0.5015
vn 0.1459 0.1053 0.9837
vn 0.1450 0.1536 0.9775
vn 0.0485 0.1536 0.9869
vn 0.0488 0.1053 0.9932
vn 0.0580 0.9851 0.1621
vn 0.0088 0.9959 0.0897
vn -0.0253 0.9851 0.1703
vn 0.0510 0.9399 0.3377
vn 0.0443 0.9666 0.2523
vn 0.0057 0.9666 0.2561
vn 0.0159 0.9399 0.3412
vn 0.0758 0.8560 0.5114
vn 0.0631 0.9027 0.4256
vn 0.0211 0.9027 0.4297
vn 0.0254 0.8560 0.5163
vn 0.0989 0.7384 0.6670
vn 0.0878 0.8010 0.5922
vn 0.0294 0.8010 0.5979
vn 0.0331 0.7384 0.6735
vn 0.1181 0.5928 0.7966
vn 0.1091 0.6687 0.7355
vn 0.0365 0.6687 0.7426
vn 0.0395 0.5928 0.8044
vn 0.1328 0.4249 0.8954
vn 0.1261 0.5112 0.8502
vn 0.0422 0.5112 0.8584
vn 0.0445 0.4249 0.9041
vn 0.1424 0.2413 0.9600
vn 0.1382 0.3346 0.9322
vn 0.0463 0.3346 0.9412
vn 0.0477 0.2413 0.9693
vn -0.0331 0.7384 0.6735
vn -0.0294 0.8010 0.5979
vn -0.0878 0.8010 0.5922
vn -0.0989 0.7384 0.6670
vn -0.0395 0.5928 0.8044
vn -0.0365 0.6687 0.7426
vn -0.1091 0.6687 0.7355
vn -0.1181 0.5928 0.7966
vn -0.0445 0.4249 0.9041
vn -0.0422 0.5112 0.8584
vn -0.1261 0.5112 0.8502
vn -0.1328 0.4249 0.8954
vn -0.0477 0.2413 0.9693
vn -0.0463 0.3346 0.9412
vn -0.1382 0.3346 0.9322
vn -0.1424 0.2413 0.9600
vn -0.0488 0.1053 0.9932
vn -0.0485 0.1536 0.9869
vn -0.1450 0.1536 0.9774
vn -0.1459 0.1053 0.9837
vn 0.0253 0.9851 0.1703
vn -0.0088 0.9959 0.0897
vn -0.0580 0.9851 0.1621
vn -0.0159 0.9399 0.3412
vn -0.0057 0.9666 0.2561
vn -0.0443 0.9666 0.2523
vn -0.0510 0.9399 0.3377
vn -0.0254 0.8560 0.5163
vn -0.0211 0.9027 0.4297
vn -0.0631 0.9027 0.4256
vn -0.0758 0.8560 0.5114
vn -0.2417 0.1053 0.9646
vn -0.2401 0.1536 0.9585
vn -0.3329 0.1536 0.9304
vn -0.3350 0.1053 0.9363
vn -0.0084 0.9851 0.1720
vn -0.0262 0.9959 0.0862
vn -0.0885 0.9851 0.1476
vn -0.0822 0.9399 0.3315
vn -0.0556 0.9666 0.2500
vn -0.0927 0.9666 0.2388
vn -0.1159 0.9399 0.3213
vn -0.1256 0.8560 0.5015
vn -0.1046 0.9027 0.4174
vn -0.1449 0.9027 0.4051
vn -0.1741 0.8560 0.4867
vn -0.1639 0.7384 0.6541
vn -0.1455 0.8010 0.5807
vn -0.2017 0.8010 0.5637
vn -0.2272 0.7384 0.6349
vn -0.1957 0.5928 0.7812
vn -0.1807 0.6687 0.7212
vn -0.2505 0.6687 0.7001
vn -0.2713 0.5928 0.7583
vn -0.2200 0.4249 0.8781
vn -0.2089 0.5112 0.8337
vn -0.2895 0.5112 0.8092
vn -0.3049 0.4249 0.8523
vn -0.2358 0.2413 0.9414
vn -0.2290 0.3346 0.9141
vn -0.3174 0.3346 0.8873
vn -0.3269 0.2413 0.9137
vn -0.3444 0.5928 0.7280
vn -0.3179 0.6687 0.6721
vn -0.3822 0.6687 0.6378
vn -0.4140 0.5928 0.6908
vn -0.3871 0.4249 0.8183
vn -0.3675 0.5112 0.7769
vn -0.4418 0.5112 0.7372
vn -0.4653 0.4249 0.7765
vn -0.4150 0.2413 0.8773
vn -0.4029 0.3346 0.8519
vn -0.4844 0.3346 0.8083
vn -0.4989 0.2413 0.8324
vn -0.4252 0.1053 0.8989
vn -0.4225 0.1536 0.8933
vn -0.5080 0.1536 0.8476
vn -0.5112 0.1053 0.8530
vn -0.0418 0.9851 0.1670
vn -0.0425 0.9959 0.0795
vn -0.1156 0.9851 0.1275
vn -0.1453 0.9399 0.3091
vn -0.1033 0.9666 0.2344
vn -0.1375 0.9666 0.2161
vn -0.1763 0.9399 0.2925
vn -0.2210 0.8560 0.4673
vn -0.1840 0.9027 0.3889
vn -0.2212 0.9027 0.3691
vn -0.2658 0.8560 0.4434
vn -0.2883 0.7384 0.6096
vn -0.2560 0.8010 0.5412
vn -0.3078 0.8010 0.5135
vn -0.3467 0.7384 0.5784
vn -0.0736 0.9851 0.1556
vn -0.0572 0.9959 0.0697
vn -0.1383 0.9851 0.1025
vn -0.2028 0.9399 0.2749
vn -0.1470 0.9666 0.2097
vn -0.1770 0.9666 0.1851
vn -0.2300 0.9399 0.2525
vn -0.3080 0.8560 0.4152
vn -0.2563 0.9027 0.3456
vn -0.2889 0.9027 0.3188
vn -0.3472 0.8560 0.3831
vn -0.4017 0.7384 0.5416
vn -0.3566 0.8010 0.4808
vn -0.4020 0.8010 0.4436
vn -0.4528 0.7384 0.4997
vn -0.4798 0.5928 0.6468
vn -0.4429 0.6687 0.5972
vn -0.4993 0.6687 0.5509
vn -0.5408 0.5928 0.5967
vn -0.5393 0.4249 0.7271
vn -0.5120 0.5112 0.6903
vn -0.5772 0.5112 0.6368
vn -0.6079 0.4249 0.6708
vn -0.5781 0.2413 0.7795
vn -0.5614 0.3346 0.7569
vn -0.6328 0.3346 0.6983
vn -0.6517 0.2413 0.7191
vn -0.5924 0.1053 0.7987
vn -0.5887 0.1536 0.7937
vn -0.6636 0.1536 0.7322
vn -0.6678 0.1053 0.7369
vn -0.6708 0.4249 0.6079
vn -0.6368 0.5112 0.5772
vn -0.6903 0.5112 0.5120
vn -0.7271 0.4249 0.5393
vn -0.7191 0.2413 0.6517
vn -0.6983 0.3346 0.6328
vn -0.7569 0.3346 0.5614
vn -0.7795 0.2413 0.5781
vn -0.7369 0.1053 0.6678
vn -0.7322 0.1536 0.6636
vn -0.7937 0.1536 0.5887
vn -0.7987 0.1053 0.5924
vn -0.1025 0.9851 0.1383
vn -0.0697 0.9959 0.0572
vn -0.1556 0.9851 0.0736
vn -0.2525 0.9399 0.2300
vn -0.1851 0.9666 0.1770
vn -0.2097 0.9666 0.1470
vn -0.2749 0.9399 0.2028
vn -0.3831 0.8560 0.3472
vn -0.3188 0.9027 0.2889
vn -0.3456 0.9027 0.2563
vn -0.4152 0.8560 0.3080
vn -0.4997 0.7384 0.4528
vn -0.4436 0.8010 0.4020
vn -0.4808 0.8010 0.3566
vn -0.5416 0.7384 0.4017
vn -0.5967 0.5928 0.5408
vn -0.5509 0.6687 0.4993
vn -0.5972 0.6687 0.4429
vn -0.6468 0.5928 0.4798
vn -0.1275 0.9851 0.1156
vn -0.0795 0.9959 0.0425
vn -0.1670 0.9851 0.0418
vn -0.2925 0.9399 0.1763
vn -0.2161 0.9666 0.1375
vn -0.2344 0.9666 0.1033
vn -0.3091 0.9399 0.1453
vn -0.4434 0.8560 0.2658
vn -0.3691 0.9027 0.2212
vn -0.3889 0.9027 0.1840
vn -0.4673 0.8560 0.2210
vn -0.5784 0.7384 0.3467
vn -0.5135 0.8010 0.3078
vn -0.5412 0.8010 0.2560
vn -0.6096 0.7384 0.2883
vn -0.6908 0.5928 0.4140
vn -0.6378 0.6687 0.3822
vn -0.6721 0.6687 0.3179
vn -0.7280 0.5928 0.3444
vn -0.7765 0.4249 0.4653
vn -0.7372 0.5112 0.4418
vn -0.7769 0.5112 0.3675
vn -0.8183 0.4249 0.3871
vn -0.8324 0.2413 0.4989
vn -0.8083 0.3346 0.4844
vn -0.8519 0.3346 0.4029
vn -0.8773 0.2413 0.4150
vn -0.8530 0.1053 0.5112
vn -0.8476 0.1536 0.5080
vn -0.8933 0.1536 0.4225
vn -0.8989 0.1053 0.4252
vn -0.8523 0.4249 0.3049
vn -0.8092 0.5112 0.2895
vn -0.8337 0.5112 0.2089
vn -0.8781 0.4249 0.2200
vn -0.9137 0.2413 0.3269
vn -0.8873 0.3346 0.3174
vn -0.9141 0.3346 0.2290
vn -0.9414 0.2413 0.2358
vn -0.9363 0.1053 0.3350
vn -0.9304 0.1536 0.3329
vn -0.9585 0.1536 0.2401
vn -0.9646 0.1053 0.2417
vn -0.1476 0.9851 0.0885
vn -0.0862 0.9959 0.0262
vn -0.1720 0.9851 0.0084
vn -0.3213 0.9399 0.1159
vn -0.2388 0.9666 0.0927
vn -0.2500 0.9666 0.0556
vn -0.3315 0.9399 0.0822
vn -0.4867 0.8560 0.1741
vn -0.4051 0.9027 0.1449
vn -0.4174 0.9027 0.1046
vn -0.5015 0.8560 0.1256
vn -0.6349 0.7384 0.2272
vn -0.5637 0.8010 0.2017
vn -0.5807 0.8010 0.1455
vn -0.6541 0.7384 0.1639
vn -0.7583 0.5928 0.2713
vn -0.7001 0.6687 0.2505
vn -0.7212 0.6687 0.1807
vn -0.7812 0.5928 0.1957
vn -0.5114 0.8560 0.0758
vn -0.4256 0.9027 0.0631
vn -0.4297 0.9027 0.0211
vn -0.5163 0.8560 0.0254
vn -0.6670 0.7384 0.0989
vn -0.5922 0.8010 0.0878
vn -0.5979 0.8010 0.0294
vn -0.6735 0.7384 0.0331
vn -0.7966 0.5928 0.1181
vn -0.7355 0.6687 0.1091
vn -0.7426 0.6687 0.0365
vn -0.8044 0.5928 0.0395
vn -0.8954 0.4249 0.1328
vn -0.8502 0.5112 0.1261
vn -0.8584 0.5112 0.0422
vn -0.9041 0.4249 0.0445
vn -0.9600 0.2413 0.1424
vn -0.9322 0.3346 0.1382
vn -0.9412 0.3346 0.0463
vn -0.9693 0.2413 0.0477
vn -0.9837 0.1053 0.1459
vn -0.9775 0.1536 0.1450
vn -0.9869 0.1536 0.0485
vn -0.9932 0.1053 0.0488
vn -0.1621 0.9851 0.0580
vn -0.0897 0.9959 0.0088
vn -0.1703 0.9851 -0.0253
vn -0.3377 0.9399 0.0510
vn -0.2523 0.9666 0.0443
vn -0.2561 0.9666 0.0057
vn -0.3412 0.9399 0.0159
vn -0.9693 0.2413 -0.0477
vn -0.9412 0.3346 -0.0463
vn -0.9322 0.3346 -0.1382
vn -0.9600 0.2413 -0.1424
vn -0.9932 0.1053 -0.0488
vn -0.9869 0.1536 -0.0485
vn -0.9774 0.1536 -0.1450
vn -0.9837 0.1053 -0.1459
vn -0.1703 0.9851 0.0253
vn -0.0897 0.9959 -0.0088
vn -0.1621 0.9851 -0.0580
vn -0.3412 0.9399 -0.0159
vn -0.2561 0.9666 -0.0057
vn -0.2523 0.9666 -0.0443
vn -0.3377 0.9399 -0.0510
vn -0.5163 0.8560 -0.0254
vn -0.4297 0.9027 -0.0211
vn -0.4256 0.9027 -0.0631
vn -0.5114 0.8560 -0.0758
vn -0.6735 0.7384 -0.0331
vn -0.5979 0.8010 -0.0294
vn -0.5922 0.8010 -0.0878
vn -0.6670 0.7384 -0.0989
vn -0.8044 0.5928 -0.0395
vn -0.7426 0.6687 -0.0365
vn -0.7355 0.6687 -0.1091
vn -0.7966 0.5928 -0.1181
vn -0.9041 0.4249 -0.0445
vn -0.8584 0.5112 -0.0422
vn -0.8502 0.5112 -0.1261
vn -0.8954 0.4249 -0.1328
vn -0.5015 0.8560 -0.1256
vn -0.4174 0.9027 -0.1046
vn -0.4051 0.9027 -0.1449
vn -0.4867 0.8560 -0.1741
vn -0.6541 0.7384 -0.1639
vn -0.5807 0.8010 -0.1455
vn -0.5637 0.8010 -0.2017
vn -0.6349 0.7384 -0.2272
vn -0.7812 0.5928 -0.1957
vn -0.7212 0.6687 -0.1807
vn -0.7001 0.6687 -0.2505
vn -0.7583 0.5928 -0.2713
vn -0.8781 0.4249 -0.2200
vn -0.8337 0.5112 -0.2089
vn -0.8092 0.5112 -0.2895
vn -0.8523 0.4249 -0.3049
vn -0.9414 0.2413 -0.2358
vn -0.9141 0.3346 -0.2290
vn -0.8873 0.3346 -0.3174
vn -0.9137 0.2413 -0.3269
vn -0.9646 0.1053 -0.2417
vn -0.9585 0.1536 -0.2401
vn -0.9304 0.1536 -0.3329
vn -0.9363 0.1053 -0.3350
vn -0.1720 0.9851 -0.0084
vn -0.0862 0.9959 -0.0262
vn -0.1476 0.9851 -0.0885
vn -0.3315 0.9399 -0.0822
vn -0.2500 0.9666 -0.0556
vn -0.2388 0.9666 -0.0927
vn -0.3213 0.9399 -0.1159
vn -0.8773 0.2413 -0.4150
vn -0.8519 0.3346 -0.4029
vn -0.8083 0.3346 -0.4844
vn -0.8324 0.2413 -0.4989
vn -0.8989 0.1053 -0.4252
vn -0.8933 0.1536 -0.4225
vn -0.8476 0.1536 -0.5080
vn -0.8530 0.1053 -0.5112
vn -0.1670 0.9851 -0.0418
vn -0.0795 0.9959 -0.0425
vn -0.1275 0.9851 -0.1156
vn -0.3091 0.9399 -0.1453
vn -0.2344 0.9666 -0.1033
vn -0.2161 0.9666 -0.1375
vn -0.2925 0.9399 -0.1763
vn -0.4673 0.8560 -0.2210
vn -0.3889 0.9027 -0.1840
vn -0.3691 0.9027 -0.2212
vn -0.4434 0.8560 -0.2658
vn -0.6096 0.7384 -0.2883
vn -0.5412 0.8010 -0.2560
vn -0.5135 0.8010 -0.3078
vn -0.5784 0.7384 -0.3467
vn -0.7280 0.5928 -0.3444
vn -0.6721 0.6687 -0.3179
vn -0.6378 0.6687 -0.3822
vn -0.6908 0.5928 -0.4140
vn -0.8183 0.4249 -0.3871
vn -0.7769 0.5112 -0.3675
vn -0.7372 0.5112 -0.4418
vn -0.7765 0.4249 -0.4653
vn -0.5416 0.7384 -0.4017
vn -0.4808 0.8010 -0.3566
vn -0.4436 0.8010 -0.4020
vn -0.4997 0.7384 -0.4528
vn -0.6468 0.5928 -0.4798
vn -0.5972 0.6687 -0.4429
vn -0.5509 0.6687 -0.4993
vn -0.5967 0.5928 -0.5408
vn -0.7271 0.4249 -0.5393
vn -0.6903 0.5112 -0.5120
vn -0.6368 0.5112 -0.5772
vn -0.6708 0.4249 -0.6079
vn -0.7795 0.2413 -0.5781
vn -0.7569 0.3346 -0.5614
vn -0.6983 0.3346 -0.6328
vn -0.7191 0.2413 -0.6517
vn -0.7987 0.1053 -0.5924
vn -0.7937 0.1536 -0.5887
vn -0.7322 0.1536 -0.6636
vn -0.7369 0.1053 -0.6678
vn -0.1556 0.9851 -0.0736
vn -0.0697 0.9959 -0.0572
vn -0.1025 0.9851 -0.1383
vn -0.2749 0.9399 -0.2028
vn -0.2097 0.9666 -0.1470
vn -0.1851 0.9666 -0.1770
vn -0.2525 0.9399 -0.2300
vn -0.4152 0.8560 -0.3080
vn -0.3456 0.9027 -0.2563
vn -0.3188 0.9027 -0.2889
vn -0.3831 0.8560 -0.3472
vn -0.6678 0.1053 -0.7369
vn -0.6636 0.1536 -0.7322
vn -0.5887 0.1536 -0.7937
vn -0.5924 0.1053 -0.7987
vn -0.1383 0.9851 -0.1025
vn -0.0572 0.9959 -0.0697
vn -0.0736 0.9851 -0.1556
vn -0.2300 0.9399 -0.2525
vn -0.1770 0.9666 -0.1851
vn -0.1470 0.9666 -0.2097
vn -0.2028 0.9399 -0.2749
vn -0.3472 0.8560 -0.3831
vn -0.2889 0.9027 -0.3188
vn -0.2563 0.9027 -0.3456
vn -0.3080 0.8560 -0.4152
vn -0.4528 0.7384 -0.4997
vn -0.4020 0.8010 -0.4436
vn -0.3566 0.8010 -0.4808
vn -0.4017 0.7384 -0.5416
vn -0.5408 0.5928 -0.5967
vn -0.4993 0.6687 -0.5509
vn -0.4429 0.6687 -0.5972
vn -0.4798 0.5928 -0.6468
vn -0.6079 0.4249 -0.6708
vn -0.5772 0.5112 -0.6368
vn -0.5120 0.5112 -0.6903
vn -0.5393 0.4249 -0.7271
vn -0.6517 0.2413 -0.7191
vn -0.6328 0.3346 -0.6983
vn -0.5614 0.3346 -0.7569
vn -0.5781 0.2413 -0.7795
vn -0.4140 0.5928 -0.6908
vn -0.3822 0.6687 -0.6378
vn -0.3179 0.6687 -0.6721
vn -0.3444 0.5928 -0.7280
vn -0.4653 0.4249 -0.7765
vn -0.4418 0.5112 -0.7372
vn -0.3675 0.5112 -0.7769
vn -0.3871 0.4249 -0.8183
vn -0.4989 0.2413 -0.8324
vn -0.4844 0.3346 -0.8083
vn -0.4029 0.3346 -0.8519
vn -0.4150 0.2413 -0.8773
vn -0.5112 0.1053 -0.8530
vn -0.5080 0.1536 -0.8476
vn -0.4225 0.1536 -0.8933
vn -0.4252 0.1053 -0.8989
vn -0.1156 0.9851 -0.1275
vn -0.0425 0.9959 -0.0795
vn -0.0418 0.9851 -0.1670
vn -0.1763 0.9399 -0.2925
vn -0.1375 0.9666 -0.2161
vn -0.1033 0.9666 -0.2344
vn -0.1453 0.9399 -0.3091
vn -0.2658 0.8560 -0.4434
vn -0.2212 0.9027 -0.3691
vn -0.1840 0.9027 -0.3889
vn -0.2210 0.8560 -0.4673
vn -0.3467 0.7384 -0.5784
vn -0.3078 0.8010 -0.5135
vn -0.2560 0.8010 -0.5412
vn -0.2883 0.7384 -0.6096
vn -0.0885 0.9851 -0.1476
vn -0.0262 0.9959 -0.0862
vn -0.0084 0.9851 -0.1720
vn -0.1159 0.9399 -0.3213
vn -0.0927 0.9666 -0.2388
vn -0.0556 0.9666 -0.2500
vn -0.0822 0.9399 -0.3315
vn -0.1741 0.8560 -0.4867
vn -0.1449 0.9027 -0.4051
vn -0.1046 0.9027 -0.4174
vn -0.1256 0.8560 -0.5015
vn -0.2272 0.7384 -0.6349
vn -0.2017 0.8010 -0.5637
vn -0.1455 0.8010 -0.5807
vn -0.1639 0.7384 -0.6541
vn -0.2713 0.5928 -0.7583
vn -0.2505 0.6687 -0.7001
vn -0.1807 0.6687 -0.7212
vn -0.1957 0.5928 -0.7812
vn -0.3049 0.4249 -0.8523
vn -0.2895 0.5112 -0.8092
vn -0.2089 0.5112 -0.8337
vn -0.2200 0.4249 -0.8781
vn -0.3269 0.2413 -0.9137
vn -0.3174 0.3346 -0.8873
vn -0.2290 0.3346 -0.9141
vn -0.2358 0.2413 -0.9414
vn -0.3350 0.1053 -0.9363
vn -0.3329 0.1536 -0.9304
vn -0.2401 0.1536 -0.9585
vn -0.2417 0.1053 -0.9646
vn -0.1181 0.5928 -0.7966
vn -0.1091 0.6687 -0.7355
vn -0.0365 0.6687 -0.7426
vn -0.0396 0.5928 -0.8044
vn -0.1328 0.4249 -0.8954
vn -0.1261 0.5112 -0.8502
vn -0.0422 0.5112 -0.8584
vn -0.0445 0.4249 -0.9041
vn -0.1424 0.2413 -0.9600
vn -0.1382 0.3346 -0.9322
vn -0.0463 0.3346 -0.9412
vn -0.0477 0.2413 -0.9693
vn -0.1459 0.1053 -0.9837
vn -0.1450 0.1536 -0.9775
vn -0.0485 0.1536 -0.9869
vn -0.0488 0.1053 -0.9932
vn -0.0580 0.9851 -0.1621
vn -0.0088 0.9959 -0.0897
vn 0.0253 0.9851 -0.1703
vn -0.0510 0.9399 -0.3377
vn -0.0443 0.9666 -0.2523
vn -0.0057 0.9666 -0.2561
vn -0.0159 0.9399 -0.3412
vn -0.0758 0.8560 -0.5114
vn -0.0631 0.9027 -0.4256
vn -0.0211 0.9027 -0.4297
vn -0.0254 0.8560 -0.5163
vn -0.0989 0.7384 -0.6670
vn -0.0878 0.8010 -0.5922
vn -0.0294 0.8010 -0.5979
vn -0.0331 0.7384 -0.6735
vt 0.750000 0.625000
vt 0.750000 0.656250
vt 0.734375 0.656250
vt 0.734375 0.625000
vt 0.750000 0.687500
vt 0.734375 0.687500
vt 0.718750 0.687500
vt 0.718750 0.656250
vt 0.718750 0.625000
vt 0.750000 0.718750
vt 0.734375 0.718750
vt 0.750000 0.750000
vt 0.734375 0.750000
vt 0.718750 0.750000
vt 0.718750 0.718750
vt 0.750000 0.781250
vt 0.734375 0.781250
vt 0.750000 0.812500
vt 0.734375 0.812500
vt 0.718750 0.812500
vt 0.718750 0.781250
vt 0.750000 0.843750
vt 0.734375 0.843750
vt 0.750000 0.875000
vt 0.734375 0.875000
vt 0.718750 0.875000
vt 0.718750 0.843750
vt 0.750000 0.906105
vt 0.734375 0.905961
vt 0.750000 0.937500
vt 0.734375 0.935185
vt 0.718750 0.937500
vt 0.718750 0.906105
vt 0.742188 0.968750
vt 0.734375 0.957899
vt 0.734375 1.000000
vt 0.726563 0.968750
vt 0.750000 0.500000
vt 0.750000 0.531250
vt 0.734375 0.531250
vt 0.734375 0.500000
vt 0.750000 0.562500
vt 0.734375 0.562500
vt 0.718750 0.562500
vt 0.718750 0.531250
vt 0.718750 0.500000
vt 0.750000 0.593750
vt 0.734375 0.593750
vt 0.718750 0.593750
vt 0.703125 0.718750
vt 0.703125 0.687500
vt 0.703125 0.750000
vt 0.687500 0.750000
vt 0.687500 0.718750
vt 0.687500 0.687500
vt 0.703125 0.656250
vt 0.703125 0.625000
vt 0.687500 0.656250
vt 0.687500 0.625000
vt 0.703125 0.593750
vt 0.703125 0.562500
vt 0.687500 0.593750
vt 0.687500 0.562500
vt 0.703125 0.531250
vt 0.703125 0.500000
vt 0.687500 0.531250
vt 0.687500 0.500000
vt 0.710938 0.968750
vt 0.703125 0.957899
vt 0.703125 0.935185
vt 0.703125 1.000000
vt 0.695313 0.968750
vt 0.687500 0.937500
vt 0.703125 0.843750
vt 0.703125 0.812500
vt 0.703125 0.875000
vt 0.687500 0.875000
vt 0.687500 0.843750
vt 0.687500 0.812500
vt 0.703125 0.905961
vt 0.687500 0.906105
vt 0.703125 0.781250
vt 0.687500 0.781250
vt 0.671875 0.531250
vt 0.671875 0.500000
vt 0.671875 0.562500
vt 0.656250 0.562500
vt 0.656250 0.531250
vt 0.656250 0.500000
vt 0.679688 0.968750
vt 0.671875 0.957899
vt 0.671875 0.935185
vt 0.671875 1.000000
vt 0.664063 0.968750
vt 0.656250 0.937500
vt 0.671875 0.905961
vt 0.671875 0.875000
vt 0.656250 0.906105
vt 0.656250 0.875000
vt 0.671875 0.843750
vt 0.671875 0.812500
vt 0.656250 0.843750
vt 0.656250 0.812500
vt 0.671875 0.781250
vt 0.671875 0.750000
vt 0.656250 0.781250
vt 0.656250 0.750000
vt 0.671875 0.718750
vt 0.671875 0.687500
vt 0.656250 0.718750
vt 0.656250 0.687500
vt 0.671875 0.656250
vt 0.671875 0.625000
vt 0.656250 0.656250
vt 0.656250 0.625000
vt 0.671875 0.593750
vt 0.656250 0.593750
vt 0.640625 0.781250
vt 0.640625 0.750000
vt 0.640625 0.812500
vt 0.625000 0.812500
vt 0.625000 0.781250
vt 0.625000 0.750000
vt 0.640625 0.718750
vt 0.640625 0.687500
vt 0.625000 0.718750
vt 0.625000 0.687500
vt 0.640625 0.656250
vt 0.640625 0.625000
vt 0.625000 0.656250
vt 0.625000 0.625000
vt 0.640625 0.593750
vt 0.640625 0.562500
vt 0.625000 0.593750
vt 0.625000 0.562500
vt 0.640625 0.531250
vt 0.640625 0.500000
vt 0.625000 0.531250
vt 0.625000 0.500000
vt 0.648438 0.968750
vt 0.640625 0.957899
vt 0.640625 0.935185
vt 0.640625 1.000000
vt 0.632813 0.968750
vt 0.625000 0.937500
vt 0.640625 0.905961
vt 0.640625 0.875000
vt 0.625000 0.906105
vt 0.625000 0.875000
vt 0.640625 0.843750
vt 0.625000 0.843750
vt 0.609375 0.531250
vt 0.609375 0.500000
vt 0.609375 0.562500
vt 0.593750 0.562500
vt 0.593750 0.531250
vt 0.593750 0.500000
vt 0.617188 0.968750
vt 0.609375 0.957899
vt 0.609375 0.935185
vt 0.609375 1.000000
vt 0.601563 0.968750
vt 0.593750 0.937500
vt 0.609375 0.905961
vt 0.609375 0.875000
vt 0.593750 0.906105
vt 0.593750 0.875000
vt 0.609375 0.843750
vt 0.609375 0.812500
vt 0.593750 0.843750
vt 0.593750 0.812500
vt 0.609375 0.781250
vt 0.609375 0.750000
vt 0.593750 0.781250
vt 0.593750 0.750000
vt 0.609375 0.718750
vt 0.609375 0.687500
vt 0.593750 0.718750
vt 0.593750 0.687500
vt 0.609375 0.656250
vt 0.609375 0.625000
vt 0.593750 0.656250
vt 0.593750 0.625000
vt 0.609375 0.593750
vt 0.593750 0.593750
vt 0.578125 0.718750
vt 0.578125 0.687500
vt 0.578125 0.750000
vt 0.562500 0.750000
vt 0.562500 0.718750
vt 0.562500 0.687500
vt 0.578125 0.656250
vt 0.578125 0.625000
vt 0.562500 0.656250
vt 0.562500 0.625000
vt 0.578125 0.593750
vt 0.578125 0.562500
vt 0.562500 0.593750
vt 0.562500 0.562500
vt 0.578125 0.531250
vt 0.578125 0.500000
vt 0.562500 0.531250
vt 0.562500 0.500000
vt 0.585938 0.968750
vt 0.578125 0.957899
vt 0.578125 0.935185
vt 0.578125 1.000000
vt 0.570313 0.968750
vt 0.562500 0.937500
vt 0.578125 0.905961
vt 0.578125 0.875000
vt 0.562500 0.906105
vt 0.562500 0.875000
vt 0.578125 0.843750
vt 0.578125 0.812500
vt 0.562500 0.843750
vt 0.562500 0.812500
vt 0.578125 0.781250
vt 0.562500 0.781250
vt 0.554688 0.968750
vt 0.546875 0.957899
vt 0.546875 0.935185
vt 0.546875 1.000000
vt 0.539063 0.968750
vt 0.531250 0.937500
vt 0.546875 0.905961
vt 0.546875 0.875000
vt 0.531250 0.906105
vt 0.531250 0.875000
vt 0.546875 0.843750
vt 0.546875 0.812500
vt 0.531250 0.843750
vt 0.531250 0.812500
vt 0.546875 0.781250
vt 0.546875 0.750000
vt 0.531250 0.781250
vt 0.531250 0.750000
vt 0.546875 0.718750
vt 0.546875 0.687500
vt 0.531250 0.718750
vt 0.531250 0.687500
vt 0.546875 0.656250
vt 0.546875 0.625000
vt 0.531250 0.656250
vt 0.531250 0.625000
vt 0.546875 0.593750
vt 0.546875 0.562500
vt 0.531250 0.593750
vt 0.531250 0.562500
vt 0.546875 0.531250
vt 0.546875 0.500000
vt 0.531250 0.531250
vt 0.531250 0.500000
vt 0.515625 0.718750
vt 0.515625 0.687500
vt 0.515625 0.750000
vt 0.500000 0.750000
vt 0.500000 0.718750
vt 0.500000 0.687500
vt 0.515625 0.656250
vt 0.515625 0.625000
vt 0.500000 0.656250
vt 0.500000 0.625000
vt 0.515625 0.593750
vt 0.515625 0.562500
vt 0.500000 0.593750
vt 0.500000 0.562500
vt 0.515625 0.531250
vt 0.515625 0.500000
vt 0.500000 0.531250
vt 0.500000 0.500000
vt 0.523438 0.968750
vt 0.515625 0.957899
vt 0.515625 0.935185
vt 0.515625 1.000000
vt 0.507813 0.968750
vt 0.500000 0.937500
vt 0.515625 0.905961
vt 0.515625 0.875000
vt 0.500000 0.906105
vt 0.500000 0.875000
vt 0.515625 0.843750
vt 0.515625 0.812500
vt 0.500000 0.843750
vt 0.500000 0.812500
vt 0.515625 0.781250
vt 0.500000 0.781250
vt 0.492188 0.968750
vt 0.484375 0.957899
vt 0.484375 0.935185
vt 0.484375 1.000000
vt 0.476563 0.968750
vt 0.468750 0.937500
vt 0.484375 0.905961
vt 0.484375 0.875000
vt 0.468750 0.906105
vt 0.468750 0.875000
vt 0.484375 0.843750
vt 0.484375 0.812500
vt 0.468750 0.843750
vt 0.468750 0.812500
vt 0.484375 0.781250
vt 0.484375 0.750000
vt 0.468750 0.781250
vt 0.468750 0.750000
vt 0.484375 0.718750
vt 0.484375 0.687500
vt 0.468750 0.718750
vt 0.468750 0.687500
vt 0.484375 0.656250
vt 0.484375 0.625000
vt 0.468750 0.656250
vt 0.468750 0.625000
vt 0.484375 0.593750
vt 0.484375 0.562500
vt 0.468750 0.593750
vt 0.468750 0.562500
vt 0.484375 0.531250
vt 0.484375 0.500000
vt 0.468750 0.531250
vt 0.468750 0.500000
vt 0.453125 0.656250
vt 0.453125 0.625000
vt 0.453125 0.687500
vt 0.437500 0.687500
vt 0.437500 0.656250
vt 0.437500 0.625000
vt 0.453125 0.593750
vt 0.453125 0.562500
vt 0.437500 0.593750
vt 0.437500 0.562500
vt 0.453125 0.531250
vt 0.453125 0.500000
vt 0.437500 0.531250
vt 0.437500 0.500000
vt 0.460938 0.968750
vt 0.453125 0.957899
vt 0.453125 0.935185
vt 0.453125 1.000000
vt 0.445313 0.968750
vt 0.437500 0.937500
vt 0.453125 0.905961
vt 0.453125 0.875000
vt 0.437500 0.906105
vt 0.437500 0.875000
vt 0.453125 0.843750
vt 0.453125 0.812500
vt 0.437500 0.843750
vt 0.437500 0.812500
vt 0.453125 0.781250
vt 0.453125 0.750000
vt 0.437500 0.781250
vt 0.437500 0.750000
vt 0.453125 0.718750
vt 0.437500 0.718750
vt 0.421875 0.905961
vt 0.421875 0.875000
vt 0.421875 0.935185
vt 0.406250 0.937500
vt 0.406250 0.906105
vt 0.406250 0.875000
vt 0.421875 0.843750
vt 0.421875 0.812500
vt 0.406250 0.843750
vt 0.406250 0.812500
vt 0.421875 0.781250
vt 0.421875 0.750000
vt 0.406250 0.781250
vt 0.406250 0.750000
vt 0.421875 0.718750
vt 0.421875 0.687500
vt 0.406250 0.718750
vt 0.406250 0.687500
vt 0.421875 0.656250
vt 0.421875 0.625000
vt 0.406250 0.656250
vt 0.406250 0.625000
vt 0.421875 0.593750
vt 0.421875 0.562500
vt 0.406250 0.593750
vt 0.406250 0.562500
vt 0.421875 0.531250
vt 0.421875 0.500000
vt 0.406250 0.531250
vt 0.406250 0.500000
vt 0.429688 0.968750
vt 0.421875 0.957899
vt 0.421875 1.000000
vt 0.414063 0.968750
vt 0.390625 0.593750
vt 0.390625 0.562500
vt 0.390625 0.625000
vt 0.375000 0.625000
vt 0.375000 0.593750
vt 0.375000 0.562500
vt 0.390625 0.531250
vt 0.390625 0.500000
vt 0.375000 0.531250
vt 0.375000 0.500000
vt 0.398438 0.968750
vt 0.390625 0.957899
vt 0.390625 0.935185
vt 0.390625 1.000000
vt 0.382813 0.968750
vt 0.375000 0.937500
vt 0.390625 0.905961
vt 0.390625 0.875000
vt 0.375000 0.906105
vt 0.375000 0.875000
vt 0.390625 0.843750
vt 0.390625 0.812500
vt 0.375000 0.843750
vt 0.375000 0.812500
vt 0.390625 0.781250
vt 0.390625 0.750000
vt 0.375000 0.781250
vt 0.375000 0.750000
vt 0.390625 0.718750
vt 0.390625 0.687500
vt 0.375000 0.718750
vt 0.375000 0.687500
vt 0.390625 0.656250
vt 0.375000 0.656250
vt 0.359375 0.843750
vt 0.359375 0.812500
vt 0.359375 0.875000
vt 0.343750 0.875000
vt 0.343750 0.843750
vt 0.343750 0.812500
vt 0.359375 0.781250
vt 0.359375 0.750000
vt 0.343750 0.781250
vt 0.343750 0.750000
vt 0.359375 0.718750
vt 0.359375 0.687500
vt 0.343750 0.718750
vt 0.343750 0.687500
vt 0.359375 0.656250
vt 0.359375 0.625000
vt 0.343750 0.656250
vt 0.343750 0.625000
vt 0.359375 0.593750
vt 0.359375 0.562500
vt 0.343750 0.593750
vt 0.343750 0.562500
vt 0.359375 0.531250
vt 0.359375 0.500000
vt 0.343750 0.531250
vt 0.343750 0.500000
vt 0.367188 0.968750
vt 0.359375 0.957899
vt 0.359375 0.935185
vt 0.359375 1.000000
vt 0.351563 0.968750
vt 0.343750 0.937500
vt 0.359375 0.905961
vt 0.343750 0.906105
vt 0.328125 0.593750
vt 0.328125 0.562500
vt 0.328125 0.625000
vt 0.312500 0.625000
vt 0.312500 0.593750
vt 0.312500 0.562500
vt 0.328125 0.531250
vt 0.328125 0.500000
vt 0.312500 0.531250
vt 0.312500 0.500000
vt 0.335938 0.968750
vt 0.328125 0.957899
vt 0.328125 0.935185
vt 0.328125 1.000000
vt 0.320313 0.968750
vt 0.312500 0.937500
vt 0.328125 0.905961
vt 0.328125 0.875000
vt 0.312500 0.906105
vt 0.312500 0.875000
vt 0.328125 0.843750
vt 0.328125 0.812500
vt 0.312500 0.843750
vt 0.312500 0.812500
vt 0.328125 0.781250
vt 0.328125 0.750000
vt 0.312500 0.781250
vt 0.312500 0.750000
vt 0.328125 0.718750
vt 0.328125 0.687500
vt 0.312500 0.718750
vt 0.312500 0.687500
vt 0.328125 0.656250
vt 0.312500 0.656250
vt 0.296875 0.781250
vt 0.296875 0.750000
vt 0.296875 0.812500
vt 0.281250 0.812500
vt 0.281250 0.781250
vt 0.281250 0.750000
vt 0.296875 0.718750
vt 0.296875 0.687500
vt 0.281250 0.718750
vt 0.281250 0.687500
vt 0.296875 0.656250
vt 0.296875 0.625000
vt 0.281250 0.656250
vt 0.281250 0.625000
vt 0.296875 0.593750
vt 0.296875 0.562500
vt 0.281250 0.593750
vt 0.281250 0.562500
vt 0.296875 0.531250
vt 0.296875 0.500000
vt 0.281250 0.531250
vt 0.281250 0.500000
vt 0.304688 0.968750
vt 0.296875 0.957899
vt 0.296875 0.935185
vt 0.296875 1.000000
vt 0.289063 0.968750
vt 0.281250 0.937500
vt 0.296875 0.905961
vt 0.296875 0.875000
vt 0.281250 0.906105
vt 0.281250 0.875000
vt 0.296875 0.843750
vt 0.281250 0.843750
vt 0.265625 0.531250
vt 0.265625 0.500000
vt 0.265625 0.562500
vt 0.250000 0.562500
vt 0.250000 0.531250
vt 0.250000 0.500000
vt 0.273438 0.968750
vt 0.265625 0.957899
vt 0.265625 0.935185
vt 0.265625 1.000000
vt 0.257813 0.968750
vt 0.250000 0.937500
vt 0.265625 0.905961
vt 0.265625 0.875000
vt 0.250000 0.906105
vt 0.250000 0.875000
vt 0.265625 0.843750
vt 0.265625 0.812500
vt 0.250000 0.843750
vt 0.250000 0.812500
vt 0.265625 0.781250
vt 0.265625 0.750000
vt 0.250000 0.781250
vt 0.250000 0.750000
vt 0.265625 0.718750
vt 0.265625 0.687500
vt 0.250000 0.718750
vt 0.250000 0.687500
vt 0.265625 0.656250
vt 0.265625 0.625000
vt 0.250000 0.656250
vt 0.250000 0.625000
vt 0.265625 0.593750
vt 0.250000 0.593750
vt 0.234375 0.781250
vt 0.234375 0.750000
vt 0.234375 0.812500
vt 0.218750 0.812500
vt 0.218750 0.781250
vt 0.218750 0.750000
vt 0.234375 0.718750
vt 0.234375 0.687500
vt 0.218750 0.718750
vt 0.218750 0.687500
vt 0.234375 0.656250
vt 0.234375 0.625000
vt 0.218750 0.656250
vt 0.218750 0.625000
vt 0.234375 0.593750
vt 0.234375 0.562500
vt 0.218750 0.593750
vt 0.218750 0.562500
vt 0.234375 0.531250
vt 0.234375 0.500000
vt 0.218750 0.531250
vt 0.218750 0.500000
vt 0.242188 0.968750
vt 0.234375 0.957899
vt 0.234375 0.935185
vt 0.234375 1.000000
vt 0.226563 0.968750
vt 0.218750 0.937500
vt 0.234375 0.905961
vt 0.234375 0.875000
vt 0.218750 0.906105
vt 0.218750 0.875000
vt 0.234375 0.843750
vt 0.218750 0.843750
vt 0.203125 0.531250
vt 0.203125 0.500000
vt 0.203125 0.562500
vt 0.187500 0.562500
vt 0.187500 0.531250
vt 0.187500 0.500000
vt 0.210938 0.968750
vt 0.203125 0.957899
vt 0.203125 0.935185
vt 0.203125 1.000000
vt 0.195313 0.968750
vt 0.187500 0.937500
vt 0.203125 0.905961
vt 0.203125 0.875000
vt 0.187500 0.906105
vt 0.187500 0.875000
vt 0.203125 0.843750
vt 0.203125 0.812500
vt 0.187500 0.843750
vt 0.187500 0.812500
vt 0.203125 0.781250
vt 0.203125 0.750000
vt 0.187500 0.781250
vt 0.187500 0.750000
vt 0.203125 0.718750
vt 0.203125 0.687500
vt 0.187500 0.718750
vt 0.187500 0.687500
vt 0.203125 0.656250
vt 0.203125 0.625000
vt 0.187500 0.656250
vt 0.187500 0.625000
vt 0.203125 0.593750
vt 0.187500 0.593750
vt 0.171875 0.718750
vt 0.171875 0.687500
vt 0.171875 0.750000
vt 0.156250 0.750000
vt 0.156250 0.718750
vt 0.156250 0.687500
vt 0.171875 0.656250
vt 0.171875 0.625000
vt 0.156250 0.656250
vt 0.156250 0.625000
vt 0.171875 0.593750
vt 0.171875 0.562500
vt 0.156250 0.593750
vt 0.156250 0.562500
vt 0.171875 0.531250
vt 0.171875 0.500000
vt 0.156250 0.531250
vt 0.156250 0.500000
vt 0.179688 0.968750
vt 0.171875 0.957899
vt 0.171875 0.935185
vt 0.171875 1.000000
vt 0.164063 0.968750
vt 0.156250 0.937500
vt 0.171875 0.905961
vt 0.171875 0.875000
vt 0.156250 0.906105
vt 0.156250 0.875000
vt 0.171875 0.843750
vt 0.171875 0.812500
vt 0.156250 0.843750
vt 0.156250 0.812500
vt 0.171875 0.781250
vt 0.156250 0.781250
vt 0.148438 0.968750
vt 0.140625 0.957899
vt 0.140625 0.935185
vt 0.140625 1.000000
vt 0.132813 0.968750
vt 0.125000 0.937500
vt 0.140625 0.905961
vt 0.140625 0.875000
vt 0.125000 0.906105
vt 0.125000 0.875000
vt 0.140625 0.843750
vt 0.140625 0.812500
vt 0.125000 0.843750
vt 0.125000 0.812500
vt 0.140625 0.781250
vt 0.140625 0.750000
vt 0.125000 0.781250
vt 0.125000 0.750000
vt 0.140625 0.718750
vt 0.140625 0.687500
vt 0.125000 0.718750
vt 0.125000 0.687500
vt 0.140625 0.656250
vt 0.140625 0.625000
vt 0.125000 0.656250
vt 0.125000 0.625000
vt 0.140625 0.593750
vt 0.140625 0.562500
vt 0.125000 0.593750
vt 0.125000 0.562500
vt 0.140625 0.531250
vt 0.140625 0.500000
vt 0.125000 0.531250
vt 0.125000 0.500000
vt 0.109375 0.656250
vt 0.109375 0.625000
vt 0.109375 0.687500
vt 0.093750 0.687500
vt 0.093750 0.656250
vt 0.093750 0.625000
vt 0.109375 0.593750
vt 0.109375 0.562500
vt 0.093750 0.593750
vt 0.093750 0.562500
vt 0.109375 0.531250
vt 0.109375 0.500000
vt 0.093750 0.531250
vt 0.093750 0.500000
vt 0.117188 0.968750
vt 0.109375 0.957899
vt 0.109375 0.935185
vt 0.109375 1.000000
vt 0.101563 0.968750
vt 0.093750 0.937500
vt 0.109375 0.905961
vt 0.109375 0.875000
vt 0.093750 0.906105
vt 0.093750 0.875000
vt 0.109375 0.843750
vt 0.109375 0.812500
vt 0.093750 0.843750
vt 0.093750 0.812500
vt 0.109375 0.781250
vt 0.109375 0.750000
vt 0.093750 0.781250
vt 0.093750 0.750000
vt 0.109375 0.718750
vt 0.093750 0.718750
vt 0.085938 0.968750
vt 0.078125 0.957899
vt 0.078125 0.935185
vt 0.078125 1.000000
vt 0.070313 0.968750
vt 0.062500 0.937500
vt 0.078125 0.905961
vt 0.078125 0.875000
vt 0.062500 0.906105
vt 0.062500 0.875000
vt 0.078125 0.843750
vt 0.078125 0.812500
vt 0.062500 0.843750
vt 0.062500 0.812500
vt 0.078125 0.781250
vt 0.078125 0.750000
vt 0.062500 0.781250
vt 0.062500 0.750000
vt 0.078125 0.718750
vt 0.078125 0.687500
vt 0.062500 0.718750
vt 0.062500 0.687500
vt 0.078125 0.656250
vt 0.078125 0.625000
vt 0.062500 0.656250
vt 0.062500 0.625000
vt 0.078125 0.593750
vt 0.078125 0.562500
vt 0.062500 0.593750
vt 0.062500 0.562500
vt 0.078125 0.531250
vt 0.078125 0.500000
vt 0.062500 0.531250
vt 0.062500 0.500000
vt 0.046875 0.656250
vt 0.046875 0.625000
vt 0.046875 0.687500
vt 0.031250 0.687500
vt 0.031250 0.656250
vt 0.031250 0.625000
vt 0.046875 0.593750
vt 0.046875 0.562500
vt 0.031250 0.593750
vt 0.031250 0.562500
vt 0.046875 0.531250
vt 0.046875 0.500000
vt 0.031250 0.531250
vt 0.031250 0.500000
vt 0.054687 0.968750
vt 0.046875 0.957899
vt 0.046875 0.935185
vt 0.046875 1.000000
vt 0.039062 0.968750
vt 0.031250 0.937500
vt 0.046875 0.905961
vt 0.046875 0.875000
vt 0.031250 0.906105
vt 0.031250 0.875000
vt 0.046875 0.843750
vt 0.046875 0.812500
vt 0.031250 0.843750
vt 0.031250 0.812500
vt 0.046875 0.781250
vt 0.046875 0.750000
vt 0.031250 0.781250
vt 0.031250 0.750000
vt 0.046875 0.718750
vt 0.031250 0.718750
vt 0.015625 0.843750
vt 0.015625 0.812500
vt 0.015625 0.875000
vt 0.000000 0.875000
vt 0.000000 0.843750
vt 0.000000 0.812500
vt 0.015625 0.781250
vt 0.015625 0.750000
vt 0.000000 0.781250
vt 0.000000 0.750000
vt 0.015625 0.718750
vt 0.015625 0.687500
vt 0.000000 0.718750
vt 0.000000 0.687500
vt 0.015625 0.656250
vt 0.015625 0.625000
vt 0.000000 0.656250
vt 0.000000 0.625000
vt 0.015625 0.593750
vt 0.015625 0.562500
vt 0.000000 0.593750
vt 0.000000 0.562500
vt 0.015625 0.531250
vt 0.015625 0.500000
vt 0.000000 0.531250
vt 0.000000 0.500000
vt 0.023438 0.968750
vt 0.015625 0.957899
vt 0.015625 0.935185
vt 0.015625 1.000000
vt 0.007813 0.968750
vt 0.000000 0.937500
vt 0.015625 0.905961
vt 0.000000 0.906250
vt 1.000000 0.562500
vt 1.000000 0.593750
vt 0.984375 0.593750
vt 0.984375 0.562500
vt 1.000000 0.625000
vt 0.984375 0.625000
vt 0.968750 0.625000
vt 0.968750 0.593750
vt 0.968750 0.562500
vt 1.000000 0.500000
vt 1.000000 0.531250
vt 0.984375 0.531250
vt 0.984375 0.500000
vt 0.968750 0.531250
vt 0.968750 0.500000
vt 1.000000 0.937500
vt 0.992188 0.968750
vt 0.984375 0.957899
vt 0.984375 0.935185
vt 0.984375 1.000000
vt 0.976563 0.968750
vt 0.968750 0.937500
vt 1.000000 0.875000
vt 1.000000 0.906250
vt 0.984375 0.905961
vt 0.984375 0.875000
vt 0.968750 0.906105
vt 0.968750 0.875000
vt 1.000000 0.812500
vt 1.000000 0.843750
vt 0.984375 0.843750
vt 0.984375 0.812500
vt 0.968750 0.843750
vt 0.968750 0.812500
vt 1.000000 0.750000
vt 1.000000 0.781250
vt 0.984375 0.781250
vt 0.984375 0.750000
vt 0.968750 0.781250
vt 0.968750 0.750000
vt 1.000000 0.687500
vt 1.000000 0.718750
vt 0.984375 0.718750
vt 0.984375 0.687500
vt 0.968750 0.718750
vt 0.968750 0.687500
vt 1.000000 0.656250
vt 0.984375 0.656250
vt 0.968750 0.656250
vt 0.953125 0.843750
vt 0.953125 0.812500
vt 0.953125 0.875000
vt 0.937500 0.875000
vt 0.937500 0.843750
vt 0.937500 0.812500
vt 0.953125 0.781250
vt 0.953125 0.750000
vt 0.937500 0.781250
vt 0.937500 0.750000
vt 0.953125 0.718750
vt 0.953125 0.687500
vt 0.937500 0.718750
vt 0.937500 0.687500
vt 0.953125 0.656250
vt 0.953125 0.625000
vt 0.937500 0.656250
vt 0.937500 0.625000
vt 0.953125 0.593750
vt 0.953125 0.562500
vt 0.937500 0.593750
vt 0.937500 0.562500
vt 0.953125 0.531250
vt 0.953125 0.500000
vt 0.937500 0.531250
vt 0.937500 0.500000
vt 0.960938 0.968750
vt 0.953125 0.957899
vt 0.953125 0.935185
vt 0.953125 1.000000
vt 0.945313 0.968750
vt 0.937500 0.937500
vt 0.953125 0.905961
vt 0.937500 0.906105
vt 0.921875 0.593750
vt 0.921875 0.562500
vt 0.921875 0.625000
vt 0.906250 0.625000
vt 0.906250 0.593750
vt 0.906250 0.562500
vt 0.921875 0.531250
vt 0.921875 0.500000
vt 0.906250 0.531250
vt 0.906250 0.500000
vt 0.929688 0.968750
vt 0.921875 0.957899
vt 0.921875 0.935185
vt 0.921875 1.000000
vt 0.914063 0.968750
vt 0.906250 0.937500
vt 0.921875 0.905961
vt 0.921875 0.875000
vt 0.906250 0.906105
vt 0.906250 0.875000
vt 0.921875 0.843750
vt 0.921875 0.812500
vt 0.906250 0.843750
vt 0.906250 0.812500
vt 0.921875 0.781250
vt 0.921875 0.750000
vt 0.906250 0.781250
vt 0.906250 0.750000
vt 0.921875 0.718750
vt 0.921875 0.687500
vt 0.906250 0.718750
vt 0.906250 0.687500
vt 0.921875 0.656250
vt 0.906250 0.656250
vt 0.890625 0.781250
vt 0.890625 0.750000
vt 0.890625 0.812500
vt 0.875000 0.812500
vt 0.875000 0.781250
vt 0.875000 0.750000
vt 0.890625 0.718750
vt 0.890625 0.687500
vt 0.875000 0.718750
vt 0.875000 0.687500
vt 0.890625 0.656250
vt 0.890625 0.625000
vt 0.875000 0.656250
vt 0.875000 0.625000
vt 0.890625 0.593750
vt 0.890625 0.562500
vt 0.875000 0.593750
vt 0.875000 0.562500
vt 0.890625 0.531250
vt 0.890625 0.500000
vt 0.875000 0.531250
vt 0.875000 0.500000
vt 0.898438 0.968750
vt 0.890625 0.957899
vt 0.890625 0.935185
vt 0.890625 1.000000
vt 0.882813 0.968750
vt 0.875000 0.937500
vt 0.890625 0.905961
vt 0.890625 0.875000
vt 0.875000 0.906105
vt 0.875000 0.875000
vt 0.890625 0.843750
vt 0.875000 0.843750
vt 0.859375 0.531250
vt 0.859375 0.500000
vt 0.859375 0.562500
vt 0.843750 0.562500
vt 0.843750 0.531250
vt 0.843750 0.500000
vt 0.867188 0.968750
vt 0.859375 0.957899
vt 0.859375 0.935185
vt 0.859375 1.000000
vt 0.851563 0.968750
vt 0.843750 0.937500
vt 0.859375 0.905961
vt 0.859375 0.875000
vt 0.843750 0.906105
vt 0.843750 0.875000
vt 0.859375 0.843750
vt 0.859375 0.812500
vt 0.843750 0.843750
vt 0.843750 0.812500
vt 0.859375 0.781250
vt 0.859375 0.750000
vt 0.843750 0.781250
vt 0.843750 0.750000
vt 0.859375 0.718750
vt 0.859375 0.687500
vt 0.843750 0.718750
vt 0.843750 0.687500
vt 0.859375 0.656250
vt 0.859375 0.625000
vt 0.843750 0.656250
vt 0.843750 0.625000
vt 0.859375 0.593750
vt 0.843750 0.593750
vt 0.828125 0.718750
vt 0.828125 0.687500
vt 0.828125 0.750000
vt 0.812500 0.750000
vt 0.812500 0.718750
vt 0.812500 0.687500
vt 0.828125 0.656250
vt 0.828125 0.625000
vt 0.812500 0.656250
vt 0.812500 0.625000
vt 0.828125 0.593750
vt 0.828125 0.562500
vt 0.812500 0.593750
vt 0.812500 0.562500
vt 0.828125 0.531250
vt 0.828125 0.500000
vt 0.812500 0.531250
vt 0.812500 0.500000
vt 0.835938 0.968750
vt 0.828125 0.957899
vt 0.828125 0.935185
vt 0.828125 1.000000
vt 0.820313 0.968750
vt 0.812500 0.937500
vt 0.828125 0.905961
vt 0.828125 0.875000
vt 0.812500 0.906105
vt 0.812500 0.875000
vt 0.828125 0.843750
vt 0.828125 0.812500
vt 0.812500 0.843750
vt 0.812500 0.812500
vt 0.828125 0.781250
vt 0.812500 0.781250
vt 0.804688 0.968750
vt 0.796875 0.957899
vt 0.796875 0.935185
vt 0.796875 1.000000
vt 0.789063 0.968750
vt 0.781250 0.937500
vt 0.796875 0.905961
vt 0.796875 0.875000
vt 0.781250 0.906105
vt 0.781250 0.875000
vt 0.796875 0.843750
vt 0.796875 0.812500
vt 0.781250 0.843750
vt 0.781250 0.812500
vt 0.796875 0.781250
vt 0.796875 0.750000
vt 0.781250 0.781250
vt 0.781250 0.750000
vt 0.796875 0.718750
vt 0.796875 0.687500
vt 0.781250 0.718750
vt 0.781250 0.687500
vt 0.796875 0.656250
vt 0.796875 0.625000
vt 0.781250 0.656250
vt 0.781250 0.625000
vt 0.796875 0.593750
vt 0.796875 0.562500
vt 0.781250 0.593750
vt 0.781250 0.562500
vt 0.796875 0.531250
vt 0.796875 0.500000
vt 0.781250 0.531250
vt 0.781250 0.500000
vt 0.765625 0.718750
vt 0.765625 0.687500
vt 0.765625 0.750000
vt 0.765625 0.656250
vt 0.765625 0.625000
vt 0.765625 0.593750
vt 0.765625 0.562500
vt 0.765625 0.531250
vt 0.765625 0.500000
vt 0.773438 0.968750
vt 0.765625 0.957899
vt 0.765625 0.935185
vt 0.765625 1.000000
vt 0.757813 0.968750
vt 0.765625 0.905961
vt 0.765625 0.875000
vt 0.765625 0.843750
vt 0.765625 0.812500
vt 0.765625 0.781250
s 0
g Circle.002_Material.001
usemtl Material.001
f 2085/2259/2020 2341/2260/2020 2846/2261/2020 2343/2262/2020
f 2341/2260/2021 2086/2263/2021 2344/2264/2021 2846/2261/2021
f 2846/2261/2022 2344/2264/2022 2080/2265/2022 2337/2266/2022
f 2343/2262/2023 2846/2261/2023 2337/2266/2023 2081/2267/2023
f 2086/2263/2024 2807/2268/2024 2847/2269/2024 2344/2264/2024
f 2807/2268/2025 2331/2270/2025 2809/2271/2025 2847/2269/2025
f 2847/2269/2026 2809/2271/2026 2079/2272/2026 2336/2273/2026
f 2344/2264/2027 2847/2269/2027 2336/2273/2027 2080/2265/2027
f 2331/2270/2028 2798/2274/2028 2848/2275/2028 2809/2271/2028
f 2798/2274/2029 2330/2276/2029 2810/2277/2029 2848/2275/2029
f 2848/2275/2030 2810/2277/2030 2078/2278/2030 2335/2279/2030
f 2809/2271/2031 2848/2275/2031 2335/2279/2031 2079/2272/2031
f 2330/2276/2032 2797/2280/2032 2849/2281/2032 2810/2277/2032
f 2797/2280/2033 2329/2282/2033 2811/2283/2033 2849/2281/2033
f 2849/2281/2034 2811/2283/2034 2077/2284/2034 2334/2285/2034
f 2810/2277/2035 2849/2281/2035 2334/2285/2035 2078/2278/2035
f 2329/2282/2036 2799/2286/2036 2850/2287/2036 2811/2283/2036
f 2799/2286/2037 2333/2288/2037 2812/2289/2037 2850/2287/2037
f 2850/2287/2038 2812/2289/2038 2087/2290/2038 2342/2291/2038
f 2811/2283/2039 2850/2287/2039 2342/2291/2039 2077/2284/2039
f 2333/2288/2040 2808/2292/2040 2851/2293/2040 2812/2289/2040
f 2256/2294/2041 2805/2295/2041 2851/2293/2041 2808/2292/2041
f 2087/2290/2042 2812/2289/2042 2851/2293/2042 2805/2295/2042
f 2332/2296/2043 2806/2297/2043 2852/2298/2043 2813/2299/2043
f 2806/2297/2044 2084/2300/2044 2345/2301/2044 2852/2298/2044
f 2852/2298/2045 2345/2301/2045 2082/2302/2045 2339/2303/2045
f 2813/2299/2046 2852/2298/2046 2339/2303/2046 2083/2304/2046
f 2084/2300/2047 2340/2305/2047 2853/2306/2047 2345/2301/2047
f 2340/2305/2048 2085/2259/2048 2343/2262/2048 2853/2306/2048
f 2853/2306/2049 2343/2262/2049 2081/2267/2049 2338/2307/2049
f 2345/2301/2050 2853/2306/2050 2338/2307/2050 2082/2302/2050
f 2080/2265/2051 2336/2273/2051 2854/2308/2051 2353/2309/2051
f 2336/2273/2052 2079/2272/2052 2354/2310/2052 2854/2308/2052
f 2854/2308/2053 2354/2310/2053 2090/2311/2053 2348/2312/2053
f 2353/2309/2054 2854/2308/2054 2348/2312/2054 2091/2313/2054
f 2081/2267/2055 2337/2266/2055 2855/2314/2055 2355/2315/2055
f 2337/2266/2056 2080/2265/2056 2353/2309/2056 2855/2314/2056
f 2855/2314/2057 2353/2309/2057 2091/2313/2057 2349/2316/2057
f 2355/2315/2058 2855/2314/2058 2349/2316/2058 2092/2317/2058
f 2082/2302/2059 2338/2307/2059 2856/2318/2059 2356/2319/2059
f 2338/2307/2060 2081/2267/2060 2355/2315/2060 2856/2318/2060
f 2856/2318/2061 2355/2315/2061 2092/2317/2061 2350/2320/2061
f 2356/2319/2062 2856/2318/2062 2350/2320/2062 2093/2321/2062
f 2083/2304/2063 2339/2303/2063 2857/2322/2063 2357/2323/2063
f 2339/2303/2064 2082/2302/2064 2356/2319/2064 2857/2322/2064
f 2857/2322/2065 2356/2319/2065 2093/2321/2065 2351/2324/2065
f 2357/2323/2066 2857/2322/2066 2351/2324/2066 2094/2325/2066
f 2087/2290/2067 2805/2326/2067 2858/2327/2067 2358/2328/2067
f 2256/2329/2068 2814/2330/2068 2858/2327/2068 2805/2326/2068
f 2095/2331/2069 2358/2328/2069 2858/2327/2069 2814/2330/2069
f 2078/2278/2070 2334/2285/2070 2859/2332/2070 2359/2333/2070
f 2334/2285/2071 2077/2284/2071 2360/2334/2071 2859/2332/2071
f 2859/2332/2072 2360/2334/2072 2088/2335/2072 2346/2336/2072
f 2359/2333/2073 2859/2332/2073 2346/2336/2073 2089/2337/2073
f 2077/2284/2074 2342/2291/2074 2860/2338/2074 2360/2334/2074
f 2342/2291/2075 2087/2290/2075 2358/2328/2075 2860/2338/2075
f 2860/2338/2076 2358/2328/2076 2095/2331/2076 2352/2339/2076
f 2360/2334/2077 2860/2338/2077 2352/2339/2077 2088/2335/2077
f 2079/2272/2078 2335/2279/2078 2861/2340/2078 2354/2310/2078
f 2335/2279/2079 2078/2278/2079 2359/2333/2079 2861/2340/2079
f 2861/2340/2080 2359/2333/2080 2089/2337/2080 2347/2341/2080
f 2354/2310/2081 2861/2340/2081 2347/2341/2081 2090/2311/2081
f 2094/2325/2082 2351/2324/2082 2862/2342/2082 2368/2343/2082
f 2351/2324/2083 2093/2321/2083 2369/2344/2083 2862/2342/2083
f 2862/2342/2084 2369/2344/2084 2101/2345/2084 2366/2346/2084
f 2368/2343/2085 2862/2342/2085 2366/2346/2085 2102/2347/2085
f 2095/2331/2086 2814/2348/2086 2863/2349/2086 2370/2350/2086
f 2256/2351/2087 2815/2352/2087 2863/2349/2087 2814/2348/2087
f 2103/2353/2088 2370/2350/2088 2863/2349/2088 2815/2352/2088
f 2088/2335/2089 2352/2339/2089 2864/2354/2089 2371/2355/2089
f 2352/2339/2090 2095/2331/2090 2370/2350/2090 2864/2354/2090
f 2864/2354/2091 2370/2350/2091 2103/2353/2091 2367/2356/2091
f 2371/2355/2092 2864/2354/2092 2367/2356/2092 2096/2357/2092
f 2089/2337/2093 2346/2336/2093 2865/2358/2093 2372/2359/2093
f 2346/2336/2094 2088/2335/2094 2371/2355/2094 2865/2358/2094
f 2865/2358/2095 2371/2355/2095 2096/2357/2095 2361/2360/2095
f 2372/2359/2096 2865/2358/2096 2361/2360/2096 2097/2361/2096
f 2090/2311/2097 2347/2341/2097 2866/2362/2097 2373/2363/2097
f 2347/2341/2098 2089/2337/2098 2372/2359/2098 2866/2362/2098
f 2866/2362/2099 2372/2359/2099 2097/2361/2099 2362/2364/2099
f 2373/2363/2100 2866/2362/2100 2362/2364/2100 2098/2365/2100
f 2091/2313/2101 2348/2312/2101 2867/2366/2101 2374/2367/2101
f 2348/2312/2102 2090/2311/2102 2373/2363/2102 2867/2366/2102
f 2867/2366/2103 2373/2363/2103 2098/2365/2103 2363/2368/2103
f 2374/2367/2104 2867/2366/2104 2363/2368/2104 2099/2369/2104
f 2092/2317/2105 2349/2316/2105 2868/2370/2105 2375/2371/2105
f 2349/2316/2106 2091/2313/2106 2374/2367/2106 2868/2370/2106
f 2868/2370/2107 2374/2367/2107 2099/2369/2107 2364/2372/2107
f 2375/2371/2108 2868/2370/2108 2364/2372/2108 2100/2373/2108
f 2093/2321/2109 2350/2320/2109 2869/2374/2109 2369/2344/2109
f 2350/2320/2110 2092/2317/2110 2375/2371/2110 2869/2374/2110
f 2869/2374/2111 2375/2371/2111 2100/2373/2111 2365/2375/2111
f 2369/2344/2112 2869/2374/2112 2365/2375/2112 2101/2345/2112
f 2098/2365/2113 2362/2364/2113 2870/2376/2113 2383/2377/2113
f 2362/2364/2114 2097/2361/2114 2384/2378/2114 2870/2376/2114
f 2870/2376/2115 2384/2378/2115 2105/2379/2115 2377/2380/2115
f 2383/2377/2116 2870/2376/2116 2377/2380/2116 2106/2381/2116
f 2099/2369/2117 2363/2368/2117 2871/2382/2117 2385/2383/2117
f 2363/2368/2118 2098/2365/2118 2383/2377/2118 2871/2382/2118
f 2871/2382/2119 2383/2377/2119 2106/2381/2119 2378/2384/2119
f 2385/2383/2120 2871/2382/2120 2378/2384/2120 2107/2385/2120
f 2100/2373/2121 2364/2372/2121 2872/2386/2121 2386/2387/2121
f 2364/2372/2122 2099/2369/2122 2385/2383/2122 2872/2386/2122
f 2872/2386/2123 2385/2383/2123 2107/2385/2123 2379/2388/2123
f 2386/2387/2124 2872/2386/2124 2379/2388/2124 2108/2389/2124
f 2101/2345/2125 2365/2375/2125 2873/2390/2125 2387/2391/2125
f 2365/2375/2126 2100/2373/2126 2386/2387/2126 2873/2390/2126
f 2873/2390/2127 2386/2387/2127 2108/2389/2127 2380/2392/2127
f 2387/2391/2128 2873/2390/2128 2380/2392/2128 2109/2393/2128
f 2102/2347/2129 2366/2346/2129 2874/2394/2129 2388/2395/2129
f 2366/2346/2130 2101/2345/2130 2387/2391/2130 2874/2394/2130
f 2874/2394/2131 2387/2391/2131 2109/2393/2131 2381/2396/2131
f 2388/2395/2132 2874/2394/2132 2381/2396/2132 2110/2397/2132
f 2103/2353/2133 2815/2398/2133 2875/2399/2133 2389/2400/2133
f 2256/2401/2134 2816/2402/2134 2875/2399/2134 2815/2398/2134
f 2111/2403/2135 2389/2400/2135 2875/2399/2135 2816/2402/2135
f 2096/2357/2136 2367/2356/2136 2876/2404/2136 2390/2405/2136
f 2367/2356/2137 2103/2353/2137 2389/2400/2137 2876/2404/2137
f 2876/2404/2138 2389/2400/2138 2111/2403/2138 2382/2406/2138
f 2390/2405/2139 2876/2404/2139 2382/2406/2139 2104/2407/2139
f 2097/2361/2140 2361/2360/2140 2877/2408/2140 2384/2378/2140
f 2361/2360/2141 2096/2357/2141 2390/2405/2141 2877/2408/2141
f 2877/2408/2142 2390/2405/2142 2104/2407/2142 2376/2409/2142
f 2384/2378/2143 2877/2408/2143 2376/2409/2143 2105/2379/2143
f 2110/2397/2144 2381/2396/2144 2878/2410/2144 2398/2411/2144
f 2381/2396/2145 2109/2393/2145 2399/2412/2145 2878/2410/2145
f 2878/2410/2146 2399/2412/2146 2117/2413/2146 2396/2414/2146
f 2398/2411/2147 2878/2410/2147 2396/2414/2147 2118/2415/2147
f 2111/2403/2148 2816/2416/2148 2879/2417/2148 2400/2418/2148
f 2256/2419/2149 2817/2420/2149 2879/2417/2149 2816/2416/2149
f 2119/2421/2150 2400/2418/2150 2879/2417/2150 2817/2420/2150
f 2104/2407/2151 2382/2406/2151 2880/2422/2151 2401/2423/2151
f 2382/2406/2152 2111/2403/2152 2400/2418/2152 2880/2422/2152
f 2880/2422/2153 2400/2418/2153 2119/2421/2153 2397/2424/2153
f 2401/2423/2154 2880/2422/2154 2397/2424/2154 2112/2425/2154
f 2105/2379/2155 2376/2409/2155 2881/2426/2155 2402/2427/2155
f 2376/2409/2156 2104/2407/2156 2401/2423/2156 2881/2426/2156
f 2881/2426/2157 2401/2423/2157 2112/2425/2157 2391/2428/2157
f 2402/2427/2158 2881/2426/2158 2391/2428/2158 2113/2429/2158
f 2106/2381/2159 2377/2380/2159 2882/2430/2159 2403/2431/2159
f 2377/2380/2160 2105/2379/2160 2402/2427/2160 2882/2430/2160
f 2882/2430/2161 2402/2427/2161 2113/2429/2161 2392/2432/2161
f 2403/2431/2162 2882/2430/2162 2392/2432/2162 2114/2433/2162
f 2107/2385/2163 2378/2384/2163 2883/2434/2163 2404/2435/2163
f 2378/2384/2164 2106/2381/2164 2403/2431/2164 2883/2434/2164
f 2883/2434/2165 2403/2431/2165 2114/2433/2165 2393/2436/2165
f 2404/2435/2166 2883/2434/2166 2393/2436/2166 2115/2437/2166
f 2108/2389/2167 2379/2388/2167 2884/2438/2167 2405/2439/2167
f 2379/2388/2168 2107/2385/2168 2404/2435/2168 2884/2438/2168
f 2884/2438/2169 2404/2435/2169 2115/2437/2169 2394/2440/2169
f 2405/2439/2170 2884/2438/2170 2394/2440/2170 2116/2441/2170
f 2109/2393/2171 2380/2392/2171 2885/2442/2171 2399/2412/2171
f 2380/2392/2172 2108/2389/2172 2405/2439/2172 2885/2442/2172
f 2885/2442/2173 2405/2439/2173 2116/2441/2173 2395/2443/2173
f 2399/2412/2174 2885/2442/2174 2395/2443/2174 2117/2413/2174
f 2115/2437/2175 2393/2436/2175 2886/2444/2175 2413/2445/2175
f 2393/2436/2176 2114/2433/2176 2414/2446/2176 2886/2444/2176
f 2886/2444/2177 2414/2446/2177 2122/2447/2177 2408/2448/2177
f 2413/2445/2178 2886/2444/2178 2408/2448/2178 2123/2449/2178
f 2116/2441/2179 2394/2440/2179 2887/2450/2179 2415/2451/2179
f 2394/2440/2180 2115/2437/2180 2413/2445/2180 2887/2450/2180
f 2887/2450/2181 2413/2445/2181 2123/2449/2181 2409/2452/2181
f 2415/2451/2182 2887/2450/2182 2409/2452/2182 2124/2453/2182
f 2117/2413/2183 2395/2443/2183 2888/2454/2183 2416/2455/2183
f 2395/2443/2184 2116/2441/2184 2415/2451/2184 2888/2454/2184
f 2888/2454/2185 2415/2451/2185 2124/2453/2185 2410/2456/2185
f 2416/2455/2186 2888/2454/2186 2410/2456/2186 2125/2457/2186
f 2118/2415/2187 2396/2414/2187 2889/2458/2187 2417/2459/2187
f 2396/2414/2188 2117/2413/2188 2416/2455/2188 2889/2458/2188
f 2889/2458/2189 2416/2455/2189 2125/2457/2189 2411/2460/2189
f 2417/2459/2190 2889/2458/2190 2411/2460/2190 2126/2461/2190
f 2119/2421/2191 2817/2462/2191 2890/2463/2191 2418/2464/2191
f 2256/2465/2192 2818/2466/2192 2890/2463/2192 2817/2462/2192
f 2127/2467/2193 2418/2464/2193 2890/2463/2193 2818/2466/2193
f 2112/2425/2194 2397/2424/2194 2891/2468/2194 2419/2469/2194
f 2397/2424/2195 2119/2421/2195 2418/2464/2195 2891/2468/2195
f 2891/2468/2196 2418/2464/2196 2127/2467/2196 2412/2470/2196
f 2419/2469/2197 2891/2468/2197 2412/2470/2197 2120/2471/2197
f 2113/2429/2198 2391/2428/2198 2892/2472/2198 2420/2473/2198
f 2391/2428/2199 2112/2425/2199 2419/2469/2199 2892/2472/2199
f 2892/2472/2200 2419/2469/2200 2120/2471/2200 2406/2474/2200
f 2420/2473/2201 2892/2472/2201 2406/2474/2201 2121/2475/2201
f 2114/2433/2202 2392/2432/2202 2893/2476/2202 2414/2446/2202
f 2392/2432/2203 2113/2429/2203 2420/2473/2203 2893/2476/2203
f 2893/2476/2204 2420/2473/2204 2121/2475/2204 2407/2477/2204
f 2414/2446/2205 2893/2476/2205 2407/2477/2205 2122/2447/2205
f 2127/2467/2206 2818/2478/2206 2894/2479/2206 2429/2480/2206
f 2256/2481/2207 2819/2482/2207 2894/2479/2207 2818/2478/2207
f 2135/2483/2208 2429/2480/2208 2894/2479/2208 2819/2482/2208
f 2120/2471/2209 2412/2470/2209 2895/2484/2209 2430/2485/2209
f 2412/2470/2210 2127/2467/2210 2429/2480/2210 2895/2484/2210
f 2895/2484/2211 2429/2480/2211 2135/2483/2211 2427/2486/2211
f 2430/2485/2212 2895/2484/2212 2427/2486/2212 2128/2487/2212
f 2121/2475/2213 2406/2474/2213 2896/2488/2213 2431/2489/2213
f 2406/2474/2214 2120/2471/2214 2430/2485/2214 2896/2488/2214
f 2896/2488/2215 2430/2485/2215 2128/2487/2215 2421/2490/2215
f 2431/2489/2216 2896/2488/2216 2421/2490/2216 2129/2491/2216
f 2122/2447/2217 2407/2477/2217 2897/2492/2217 2432/2493/2217
f 2407/2477/2218 2121/2475/2218 2431/2489/2218 2897/2492/2218
f 2897/2492/2219 2431/2489/2219 2129/2491/2219 2422/2494/2219
f 2432/2493/2220 2897/2492/2220 2422/2494/2220 2130/2495/2220
f 2123/2449/2221 2408/2448/2221 2898/2496/2221 2433/2497/2221
f 2408/2448/2222 2122/2447/2222 2432/2493/2222 2898/2496/2222
f 2898/2496/2223 2432/2493/2223 2130/2495/2223 2423/2498/2223
f 2433/2497/2224 2898/2496/2224 2423/2498/2224 2131/2499/2224
f 2124/2453/2225 2409/2452/2225 2899/2500/2225 2434/2501/2225
f 2409/2452/2226 2123/2449/2226 2433/2497/2226 2899/2500/2226
f 2899/2500/2227 2433/2497/2227 2131/2499/2227 2424/2502/2227
f 2434/2501/2228 2899/2500/2228 2424/2502/2228 2132/2503/2228
f 2125/2457/2229 2410/2456/2229 2900/2504/2229 2435/2505/2229
f 2410/2456/2230 2124/2453/2230 2434/2501/2230 2900/2504/2230
f 2900/2504/2231 2434/2501/2231 2132/2503/2231 2425/2506/2231
f 2435/2505/2232 2900/2504/2232 2425/2506/2232 2133/2507/2232
f 2126/2461/2233 2411/2460/2233 2901/2508/2233 2428/2509/2233
f 2411/2460/2234 2125/2457/2234 2435/2505/2234 2901/2508/2234
f 2901/2508/2235 2435/2505/2235 2133/2507/2235 2426/2510/2235
f 2428/2509/2236 2901/2508/2236 2426/2510/2236 2134/2511/2236
f 2131/2499/2237 2423/2498/2237 2902/2512/2237 2443/2513/2237
f 2423/2498/2238 2130/2495/2238 2444/2514/2238 2902/2512/2238
f 2902/2512/2239 2444/2514/2239 2138/2515/2239 2438/2516/2239
f 2443/2513/2240 2902/2512/2240 2438/2516/2240 2139/2517/2240
f 2132/2503/2241 2424/2502/2241 2903/2518/2241 2445/2519/2241
f 2424/2502/2242 2131/2499/2242 2443/2513/2242 2903/2518/2242
f 2903/2518/2243 2443/2513/2243 2139/2517/2243 2439/2520/2243
f 2445/2519/2244 2903/2518/2244 2439/2520/2244 2140/2521/2244
f 2133/2507/2245 2425/2506/2245 2904/2522/2245 2446/2523/2245
f 2425/2506/2246 2132/2503/2246 2445/2519/2246 2904/2522/2246
f 2904/2522/2247 2445/2519/2247 2140/2521/2247 2440/2524/2247
f 2446/2523/2248 2904/2522/2248 2440/2524/2248 2141/2525/2248
f 2134/2511/2249 2426/2510/2249 2905/2526/2249 2447/2527/2249
f 2426/2510/2250 2133/2507/2250 2446/2523/2250 2905/2526/2250
f 2905/2526/2251 2446/2523/2251 2141/2525/2251 2441/2528/2251
f 2447/2527/2252 2905/2526/2252 2441/2528/2252 2142/2529/2252
f 2135/2483/2253 2819/2530/2253 2906/2531/2253 2448/2532/2253
f 2256/2533/2254 2820/2534/2254 2906/2531/2254 2819/2530/2254
f 2143/2535/2255 2448/2532/2255 2906/2531/2255 2820/2534/2255
f 2128/2487/2256 2427/2486/2256 2907/2536/2256 2449/2537/2256
f 2427/2486/2257 2135/2483/2257 2448/2532/2257 2907/2536/2257
f 2907/2536/2258 2448/2532/2258 2143/2535/2258 2442/2538/2258
f 2449/2537/2259 2907/2536/2259 2442/2538/2259 2136/2539/2259
f 2129/2491/2260 2421/2490/2260 2908/2540/2260 2450/2541/2260
f 2421/2490/2261 2128/2487/2261 2449/2537/2261 2908/2540/2261
f 2908/2540/2262 2449/2537/2262 2136/2539/2262 2436/2542/2262
f 2450/2541/2263 2908/2540/2263 2436/2542/2263 2137/2543/2263
f 2130/2495/2264 2422/2494/2264 2909/2544/2264 2444/2514/2264
f 2422/2494/2265 2129/2491/2265 2450/2541/2265 2909/2544/2265
f 2909/2544/2266 2450/2541/2266 2137/2543/2266 2437/2545/2266
f 2444/2514/2267 2909/2544/2267 2437/2545/2267 2138/2515/2267
f 2143/2535/2268 2820/2546/2268 2910/2547/2268 2459/2548/2268
f 2256/2549/2269 2821/2550/2269 2910/2547/2269 2820/2546/2269
f 2151/2551/2270 2459/2548/2270 2910/2547/2270 2821/2550/2270
f 2136/2539/2271 2442/2538/2271 2911/2552/2271 2460/2553/2271
f 2442/2538/2272 2143/2535/2272 2459/2548/2272 2911/2552/2272
f 2911/2552/2273 2459/2548/2273 2151/2551/2273 2457/2554/2273
f 2460/2553/2274 2911/2552/2274 2457/2554/2274 2144/2555/2274
f 2137/2543/2275 2436/2542/2275 2912/2556/2275 2461/2557/2275
f 2436/2542/2276 2136/2539/2276 2460/2553/2276 2912/2556/2276
f 2912/2556/2277 2460/2553/2277 2144/2555/2277 2451/2558/2277
f 2461/2557/2278 2912/2556/2278 2451/2558/2278 2145/2559/2278
f 2138/2515/2279 2437/2545/2279 2913/2560/2279 2462/2561/2279
f 2437/2545/2280 2137/2543/2280 2461/2557/2280 2913/2560/2280
f 2913/2560/2281 2461/2557/2281 2145/2559/2281 2452/2562/2281
f 2462/2561/2282 2913/2560/2282 2452/2562/2282 2146/2563/2282
f 2139/2517/2283 2438/2516/2283 2914/2564/2283 2463/2565/2283
f 2438/2516/2284 2138/2515/2284 2462/2561/2284 2914/2564/2284
f 2914/2564/2285 2462/2561/2285 2146/2563/2285 2453/2566/2285
f 2463/2565/2286 2914/2564/2286 2453/2566/2286 2147/2567/2286
f 2140/2521/2287 2439/2520/2287 2915/2568/2287 2464/2569/2287
f 2439/2520/2288 2139/2517/2288 2463/2565/2288 2915/2568/2288
f 2915/2568/2289 2463/2565/2289 2147/2567/2289 2454/2570/2289
f 2464/2569/2290 2915/2568/2290 2454/2570/2290 2148/2571/2290
f 2141/2525/2291 2440/2524/2291 2916/2572/2291 2465/2573/2291
f 2440/2524/2292 2140/2521/2292 2464/2569/2292 2916/2572/2292
f 2916/2572/2293 2464/2569/2293 2148/2571/2293 2455/2574/2293
f 2465/2573/2294 2916/2572/2294 2455/2574/2294 2149/2575/2294
f 2142/2529/2295 2441/2528/2295 2917/2576/2295 2458/2577/2295
f 2441/2528/2296 2141/2525/2296 2465/2573/2296 2917/2576/2296
f 2917/2576/2297 2465/2573/2297 2149/2575/2297 2456/2578/2297
f 2458/2577/2298 2917/2576/2298 2456/2578/2298 2150/2579/2298
f 2148/2571/2299 2454/2570/2299 2918/2580/2299 2473/2581/2299
f 2454/2570/2300 2147/2567/2300 2474/2582/2300 2918/2580/2300
f 2918/2580/2301 2474/2582/2301 2155/2583/2301 2469/2584/2301
f 2473/2581/2302 2918/2580/2302 2469/2584/2302 2156/2585/2302
f 2149/2575/2303 2455/2574/2303 2919/2586/2303 2475/2587/2303
f 2455/2574/2304 2148/2571/2304 2473/2581/2304 2919/2586/2304
f 2919/2586/2305 2473/2581/2305 2156/2585/2305 2470/2588/2305
f 2475/2587/2306 2919/2586/2306 2470/2588/2306 2157/2589/2306
f 2150/2579/2307 2456/2578/2307 2920/2590/2307 2476/2591/2307
f 2456/2578/2308 2149/2575/2308 2475/2587/2308 2920/2590/2308
f 2920/2590/2309 2475/2587/2309 2157/2589/2309 2471/2592/2309
f 2476/2591/2310 2920/2590/2310 2471/2592/2310 2158/2593/2310
f 2151/2551/2311 2821/2594/2311 2921/2595/2311 2477/2596/2311
f 2256/2597/2312 2822/2598/2312 2921/2595/2312 2821/2594/2312
f 2159/2599/2313 2477/2596/2313 2921/2595/2313 2822/2598/2313
f 2144/2555/2314 2457/2554/2314 2922/2600/2314 2478/2601/2314
f 2457/2554/2315 2151/2551/2315 2477/2596/2315 2922/2600/2315
f 2922/2600/2316 2477/2596/2316 2159/2599/2316 2472/2602/2316
f 2478/2601/2317 2922/2600/2317 2472/2602/2317 2152/2603/2317
f 2145/2559/2318 2451/2558/2318 2923/2604/2318 2479/2605/2318
f 2451/2558/2319 2144/2555/2319 2478/2601/2319 2923/2604/2319
f 2923/2604/2320 2478/2601/2320 2152/2603/2320 2466/2606/2320
f 2479/2605/2321 2923/2604/2321 2466/2606/2321 2153/2607/2321
f 2146/2563/2322 2452/2562/2322 2924/2608/2322 2480/2609/2322
f 2452/2562/2323 2145/2559/2323 2479/2605/2323 2924/2608/2323
f 2924/2608/2324 2479/2605/2324 2153/2607/2324 2467/2610/2324
f 2480/2609/2325 2924/2608/2325 2467/2610/2325 2154/2611/2325
f 2147/2567/2326 2453/2566/2326 2925/2612/2326 2474/2582/2326
f 2453/2566/2327 2146/2563/2327 2480/2609/2327 2925/2612/2327
f 2925/2612/2328 2480/2609/2328 2154/2611/2328 2468/2613/2328
f 2474/2582/2329 2925/2612/2329 2468/2613/2329 2155/2583/2329
f 2152/2603/2330 2472/2602/2330 2926/2614/2330 2488/2615/2330
f 2472/2602/2331 2159/2599/2331 2489/2616/2331 2926/2614/2331
f 2926/2614/2332 2489/2616/2332 2167/2617/2332 2487/2618/2332
f 2488/2615/2333 2926/2614/2333 2487/2618/2333 2160/2619/2333
f 2153/2607/2334 2466/2606/2334 2927/2620/2334 2490/2621/2334
f 2466/2606/2335 2152/2603/2335 2488/2615/2335 2927/2620/2335
f 2927/2620/2336 2488/2615/2336 2160/2619/2336 2481/2622/2336
f 2490/2621/2337 2927/2620/2337 2481/2622/2337 2161/2623/2337
f 2154/2611/2338 2467/2610/2338 2928/2624/2338 2491/2625/2338
f 2467/2610/2339 2153/2607/2339 2490/2621/2339 2928/2624/2339
f 2928/2624/2340 2490/2621/2340 2161/2623/2340 2482/2626/2340
f 2491/2625/2341 2928/2624/2341 2482/2626/2341 2162/2627/2341
f 2155/2583/2342 2468/2613/2342 2929/2628/2342 2492/2629/2342
f 2468/2613/2343 2154/2611/2343 2491/2625/2343 2929/2628/2343
f 2929/2628/2344 2491/2625/2344 2162/2627/2344 2483/2630/2344
f 2492/2629/2345 2929/2628/2345 2483/2630/2345 2163/2631/2345
f 2156/2585/2346 2469/2584/2346 2930/2632/2346 2493/2633/2346
f 2469/2584/2347 2155/2583/2347 2492/2629/2347 2930/2632/2347
f 2930/2632/2348 2492/2629/2348 2163/2631/2348 2484/2634/2348
f 2493/2633/2349 2930/2632/2349 2484/2634/2349 2164/2635/2349
f 2157/2589/2350 2470/2588/2350 2931/2636/2350 2494/2637/2350
f 2470/2588/2351 2156/2585/2351 2493/2633/2351 2931/2636/2351
f 2931/2636/2352 2493/2633/2352 2164/2635/2352 2485/2638/2352
f 2494/2637/2353 2931/2636/2353 2485/2638/2353 2165/2639/2353
f 2158/2593/2354 2471/2592/2354 2932/2640/2354 2495/2641/2354
f 2471/2592/2355 2157/2589/2355 2494/2637/2355 2932/2640/2355
f 2932/2640/2356 2494/2637/2356 2165/2639/2356 2486/2642/2356
f 2495/2641/2357 2932/2640/2357 2486/2642/2357 2166/2643/2357
f 2159/2599/2358 2822/2644/2358 2933/2645/2358 2489/2616/2358
f 2256/2646/2359 2823/2647/2359 2933/2645/2359 2822/2644/2359
f 2167/2617/2360 2489/2616/2360 2933/2645/2360 2823/2647/2360
f 2165/2639/2361 2485/2638/2361 2934/2648/2361 2503/2649/2361
f 2485/2638/2362 2164/2635/2362 2504/2650/2362 2934/2648/2362
f 2934/2648/2363 2504/2650/2363 2172/2651/2363 2500/2652/2363
f 2503/2649/2364 2934/2648/2364 2500/2652/2364 2173/2653/2364
f 2166/2643/2365 2486/2642/2365 2935/2654/2365 2505/2655/2365
f 2486/2642/2366 2165/2639/2366 2503/2649/2366 2935/2654/2366
f 2935/2654/2367 2503/2649/2367 2173/2653/2367 2501/2656/2367
f 2505/2655/2368 2935/2654/2368 2501/2656/2368 2174/2657/2368
f 2167/2617/2369 2823/2658/2369 2936/2659/2369 2506/2660/2369
f 2256/2661/2370 2824/2662/2370 2936/2659/2370 2823/2658/2370
f 2175/2663/2371 2506/2660/2371 2936/2659/2371 2824/2662/2371
f 2160/2619/2372 2487/2618/2372 2937/2664/2372 2507/2665/2372
f 2487/2618/2373 2167/2617/2373 2506/2660/2373 2937/2664/2373
f 2937/2664/2374 2506/2660/2374 2175/2663/2374 2502/2666/2374
f 2507/2665/2375 2937/2664/2375 2502/2666/2375 2168/2667/2375
f 2161/2623/2376 2481/2622/2376 2938/2668/2376 2508/2669/2376
f 2481/2622/2377 2160/2619/2377 2507/2665/2377 2938/2668/2377
f 2938/2668/2378 2507/2665/2378 2168/2667/2378 2496/2670/2378
f 2508/2669/2379 2938/2668/2379 2496/2670/2379 2169/2671/2379
f 2162/2627/2380 2482/2626/2380 2939/2672/2380 2509/2673/2380
f 2482/2626/2381 2161/2623/2381 2508/2669/2381 2939/2672/2381
f 2939/2672/2382 2508/2669/2382 2169/2671/2382 2497/2674/2382
f 2509/2673/2383 2939/2672/2383 2497/2674/2383 2170/2675/2383
f 2163/2631/2384 2483/2630/2384 2940/2676/2384 2510/2677/2384
f 2483/2630/2385 2162/2627/2385 2509/2673/2385 2940/2676/2385
f 2940/2676/2386 2509/2673/2386 2170/2675/2386 2498/2678/2386
f 2510/2677/2387 2940/2676/2387 2498/2678/2387 2171/2679/2387
f 2164/2635/2388 2484/2634/2388 2941/2680/2388 2504/2650/2388
f 2484/2634/2389 2163/2631/2389 2510/2677/2389 2941/2680/2389
f 2941/2680/2390 2510/2677/2390 2171/2679/2390 2499/2681/2390
f 2504/2650/2391 2941/2680/2391 2499/2681/2391 2172/2651/2391
f 2169/2671/2392 2496/2670/2392 2942/2682/2392 2518/2683/2392
f 2496/2670/2393 2168/2667/2393 2519/2684/2393 2942/2682/2393
f 2942/2682/2394 2519/2684/2394 2176/2685/2394 2511/2686/2394
f 2518/2683/2395 2942/2682/2395 2511/2686/2395 2177/2687/2395
f 2170/2675/2396 2497/2674/2396 2943/2688/2396 2520/2689/2396
f 2497/2674/2397 2169/2671/2397 2518/2683/2397 2943/2688/2397
f 2943/2688/2398 2518/2683/2398 2177/2687/2398 2512/2690/2398
f 2520/2689/2399 2943/2688/2399 2512/2690/2399 2178/2691/2399
f 2171/2679/2400 2498/2678/2400 2944/2692/2400 2521/2693/2400
f 2498/2678/2401 2170/2675/2401 2520/2689/2401 2944/2692/2401
f 2944/2692/2402 2520/2689/2402 2178/2691/2402 2513/2694/2402
f 2521/2693/2403 2944/2692/2403 2513/2694/2403 2179/2695/2403
f 2172/2651/2404 2499/2681/2404 2945/2696/2404 2522/2697/2404
f 2499/2681/2405 2171/2679/2405 2521/2693/2405 2945/2696/2405
f 2945/2696/2406 2521/2693/2406 2179/2695/2406 2514/2698/2406
f 2522/2697/2407 2945/2696/2407 2514/2698/2407 2180/2699/2407
f 2173/2653/2408 2500/2652/2408 2946/2700/2408 2523/2701/2408
f 2500/2652/2409 2172/2651/2409 2522/2697/2409 2946/2700/2409
f 2946/2700/2410 2522/2697/2410 2180/2699/2410 2515/2702/2410
f 2523/2701/2411 2946/2700/2411 2515/2702/2411 2181/2703/2411
f 2174/2657/2412 2501/2656/2412 2947/2704/2412 2524/2705/2412
f 2501/2656/2413 2173/2653/2413 2523/2701/2413 2947/2704/2413
f 2947/2704/2414 2523/2701/2414 2181/2703/2414 2516/2706/2414
f 2524/2705/2415 2947/2704/2415 2516/2706/2415 2182/2707/2415
f 2175/2663/2416 2824/2708/2416 2948/2709/2416 2525/2710/2416
f 2256/2711/2417 2825/2712/2417 2948/2709/2417 2824/2708/2417
f 2183/2713/2418 2525/2710/2418 2948/2709/2418 2825/2712/2418
f 2168/2667/2419 2502/2666/2419 2949/2714/2419 2519/2684/2419
f 2502/2666/2420 2175/2663/2420 2525/2710/2420 2949/2714/2420
f 2949/2714/2421 2525/2710/2421 2183/2713/2421 2517/2715/2421
f 2519/2684/2422 2949/2714/2422 2517/2715/2422 2176/2685/2422
f 2181/2703/2423 2515/2702/2423 2950/2716/2423 2533/2717/2423
f 2515/2702/2424 2180/2699/2424 2534/2718/2424 2950/2716/2424
f 2950/2716/2425 2534/2718/2425 2188/2719/2425 2530/2720/2425
f 2533/2717/2426 2950/2716/2426 2530/2720/2426 2189/2721/2426
f 2182/2707/2427 2516/2706/2427 2951/2722/2427 2535/2723/2427
f 2516/2706/2428 2181/2703/2428 2533/2717/2428 2951/2722/2428
f 2951/2722/2429 2533/2717/2429 2189/2721/2429 2531/2724/2429
f 2535/2723/2430 2951/2722/2430 2531/2724/2430 2190/2725/2430
f 2183/2713/2431 2825/2726/2431 2952/2727/2431 2536/2728/2431
f 2256/2729/2432 2826/2730/2432 2952/2727/2432 2825/2726/2432
f 2191/2731/2433 2536/2728/2433 2952/2727/2433 2826/2730/2433
f 2176/2685/2434 2517/2715/2434 2953/2732/2434 2537/2733/2434
f 2517/2715/2435 2183/2713/2435 2536/2728/2435 2953/2732/2435
f 2953/2732/2436 2536/2728/2436 2191/2731/2436 2532/2734/2436
f 2537/2733/2437 2953/2732/2437 2532/2734/2437 2184/2735/2437
f 2177/2687/2438 2511/2686/2438 2954/2736/2438 2538/2737/2438
f 2511/2686/2439 2176/2685/2439 2537/2733/2439 2954/2736/2439
f 2954/2736/2440 2537/2733/2440 2184/2735/2440 2526/2738/2440
f 2538/2737/2441 2954/2736/2441 2526/2738/2441 2185/2739/2441
f 2178/2691/2442 2512/2690/2442 2955/2740/2442 2539/2741/2442
f 2512/2690/2443 2177/2687/2443 2538/2737/2443 2955/2740/2443
f 2955/2740/2444 2538/2737/2444 2185/2739/2444 2527/2742/2444
f 2539/2741/2445 2955/2740/2445 2527/2742/2445 2186/2743/2445
f 2179/2695/2446 2513/2694/2446 2956/2744/2446 2540/2745/2446
f 2513/2694/2447 2178/2691/2447 2539/2741/2447 2956/2744/2447
f 2956/2744/2448 2539/2741/2448 2186/2743/2448 2528/2746/2448
f 2540/2745/2449 2956/2744/2449 2528/2746/2449 2187/2747/2449
f 2180/2699/2450 2514/2698/2450 2957/2748/2450 2534/2718/2450
f 2514/2698/2451 2179/2695/2451 2540/2745/2451 2957/2748/2451
f 2957/2748/2452 2540/2745/2452 2187/2747/2452 2529/2749/2452
f 2534/2718/2453 2957/2748/2453 2529/2749/2453 2188/2719/2453
f 2186/2743/2454 2527/2742/2454 2958/2750/2454 2548/2751/2454
f 2527/2742/2455 2185/2739/2455 2549/2752/2455 2958/2750/2455
f 2958/2750/2456 2549/2752/2456 2193/2753/2456 2542/2754/2456
f 2548/2751/2457 2958/2750/2457 2542/2754/2457 2194/2755/2457
f 2187/2747/2458 2528/2746/2458 2959/2756/2458 2550/2757/2458
f 2528/2746/2459 2186/2743/2459 2548/2751/2459 2959/2756/2459
f 2959/2756/2460 2548/2751/2460 2194/2755/2460 2543/2758/2460
f 2550/2757/2461 2959/2756/2461 2543/2758/2461 2195/2759/2461
f 2188/2719/2462 2529/2749/2462 2960/2760/2462 2551/2761/2462
f 2529/2749/2463 2187/2747/2463 2550/2757/2463 2960/2760/2463
f 2960/2760/2464 2550/2757/2464 2195/2759/2464 2544/2762/2464
f 2551/2761/2465 2960/2760/2465 2544/2762/2465 2196/2763/2465
f 2189/2721/2466 2530/2720/2466 2961/2764/2466 2552/2765/2466
f 2530/2720/2467 2188/2719/2467 2551/2761/2467 2961/2764/2467
f 2961/2764/2468 2551/2761/2468 2196/2763/2468 2545/2766/2468
f 2552/2765/2469 2961/2764/2469 2545/2766/2469 2197/2767/2469
f 2190/2725/2470 2531/2724/2470 2962/2768/2470 2553/2769/2470
f 2531/2724/2471 2189/2721/2471 2552/2765/2471 2962/2768/2471
f 2962/2768/2472 2552/2765/2472 2197/2767/2472 2546/2770/2472
f 2553/2769/2473 2962/2768/2473 2546/2770/2473 2198/2771/2473
f 2191/2731/2474 2826/2772/2474 2963/2773/2474 2554/2774/2474
f 2256/2775/2475 2827/2776/2475 2963/2773/2475 2826/2772/2475
f 2199/2777/2476 2554/2774/2476 2963/2773/2476 2827/2776/2476
f 2184/2735/2477 2532/2734/2477 2964/2778/2477 2555/2779/2477
f 2532/2734/2478 2191/2731/2478 2554/2774/2478 2964/2778/2478
f 2964/2778/2479 2554/2774/2479 2199/2777/2479 2547/2780/2479
f 2555/2779/2480 2964/2778/2480 2547/2780/2480 2192/2781/2480
f 2185/2739/2481 2526/2738/2481 2965/2782/2481 2549/2752/2481
f 2526/2738/2482 2184/2735/2482 2555/2779/2482 2965/2782/2482
f 2965/2782/2483 2555/2779/2483 2192/2781/2483 2541/2783/2483
f 2549/2752/2484 2965/2782/2484 2541/2783/2484 2193/2753/2484
f 2198/2771/2485 2546/2770/2485 2966/2784/2485 2563/2785/2485
f 2546/2770/2486 2197/2767/2486 2564/2786/2486 2966/2784/2486
f 2966/2784/2487 2564/2786/2487 2205/2787/2487 2561/2788/2487
f 2563/2785/2488 2966/2784/2488 2561/2788/2488 2206/2789/2488
f 2199/2777/2489 2827/2790/2489 2967/2791/2489 2565/2792/2489
f 2256/2793/2490 2828/2794/2490 2967/2791/2490 2827/2790/2490
f 2207/2795/2491 2565/2792/2491 2967/2791/2491 2828/2794/2491
f 2192/2781/2492 2547/2780/2492 2968/2796/2492 2566/2797/2492
f 2547/2780/2493 2199/2777/2493 2565/2792/2493 2968/2796/2493
f 2968/2796/2494 2565/2792/2494 2207/2795/2494 2562/2798/2494
f 2566/2797/2495 2968/2796/2495 2562/2798/2495 2200/2799/2495
f 2193/2753/2496 2541/2783/2496 2969/2800/2496 2567/2801/2496
f 2541/2783/2497 2192/2781/2497 2566/2797/2497 2969/2800/2497
f 2969/2800/2498 2566/2797/2498 2200/2799/2498 2556/2802/2498
f 2567/2801/2499 2969/2800/2499 2556/2802/2499 2201/2803/2499
f 2194/2755/2500 2542/2754/2500 2970/2804/2500 2568/2805/2500
f 2542/2754/2501 2193/2753/2501 2567/2801/2501 2970/2804/2501
f 2970/2804/2502 2567/2801/2502 2201/2803/2502 2557/2806/2502
f 2568/2805/2503 2970/2804/2503 2557/2806/2503 2202/2807/2503
f 2195/2759/2504 2543/2758/2504 2971/2808/2504 2569/2809/2504
f 2543/2758/2505 2194/2755/2505 2568/2805/2505 2971/2808/2505
f 2971/2808/2506 2568/2805/2506 2202/2807/2506 2558/2810/2506
f 2569/2809/2507 2971/2808/2507 2558/2810/2507 2203/2811/2507
f 2196/2763/2508 2544/2762/2508 2972/2812/2508 2570/2813/2508
f 2544/2762/2509 2195/2759/2509 2569/2809/2509 2972/2812/2509
f 2972/2812/2510 2569/2809/2510 2203/2811/2510 2559/2814/2510
f 2570/2813/2511 2972/2812/2511 2559/2814/2511 2204/2815/2511
f 2197/2767/2512 2545/2766/2512 2973/2816/2512 2564/2786/2512
f 2545/2766/2513 2196/2763/2513 2570/2813/2513 2973/2816/2513
f 2973/2816/2514 2570/2813/2514 2204/2815/2514 2560/2817/2514
f 2564/2786/2515 2973/2816/2515 2560/2817/2515 2205/2787/2515
f 2202/2807/2516 2557/2806/2516 2974/2818/2516 2578/2819/2516
f 2557/2806/2517 2201/2803/2517 2579/2820/2517 2974/2818/2517
f 2974/2818/2518 2579/2820/2518 2209/2821/2518 2572/2822/2518
f 2578/2819/2519 2974/2818/2519 2572/2822/2519 2210/2823/2519
f 2203/2811/2520 2558/2810/2520 2975/2824/2520 2580/2825/2520
f 2558/2810/2521 2202/2807/2521 2578/2819/2521 2975/2824/2521
f 2975/2824/2522 2578/2819/2522 2210/2823/2522 2573/2826/2522
f 2580/2825/2523 2975/2824/2523 2573/2826/2523 2211/2827/2523
f 2204/2815/2524 2559/2814/2524 2976/2828/2524 2581/2829/2524
f 2559/2814/2525 2203/2811/2525 2580/2825/2525 2976/2828/2525
f 2976/2828/2526 2580/2825/2526 2211/2827/2526 2574/2830/2526
f 2581/2829/2527 2976/2828/2527 2574/2830/2527 2212/2831/2527
f 2205/2787/2528 2560/2817/2528 2977/2832/2528 2582/2833/2528
f 2560/2817/2529 2204/2815/2529 2581/2829/2529 2977/2832/2529
f 2977/2832/2530 2581/2829/2530 2212/2831/2530 2575/2834/2530
f 2582/2833/2531 2977/2832/2531 2575/2834/2531 2213/2835/2531
f 2206/2789/2532 2561/2788/2532 2978/2836/2532 2583/2837/2532
f 2561/2788/2533 2205/2787/2533 2582/2833/2533 2978/2836/2533
f 2978/2836/2534 2582/2833/2534 2213/2835/2534 2576/2838/2534
f 2583/2837/2535 2978/2836/2535 2576/2838/2535 2214/2839/2535
f 2207/2795/2536 2828/2840/2536 2979/2841/2536 2584/2842/2536
f 2256/2843/2537 2829/2844/2537 2979/2841/2537 2828/2840/2537
f 2215/2845/2538 2584/2842/2538 2979/2841/2538 2829/2844/2538
f 2200/2799/2539 2562/2798/2539 2980/2846/2539 2585/2847/2539
f 2562/2798/2540 2207/2795/2540 2584/2842/2540 2980/2846/2540
f 2980/2846/2541 2584/2842/2541 2215/2845/2541 2577/2848/2541
f 2585/2847/2542 2980/2846/2542 2577/2848/2542 2208/2849/2542
f 2201/2803/2543 2556/2802/2543 2981/2850/2543 2579/2820/2543
f 2556/2802/2544 2200/2799/2544 2585/2847/2544 2981/2850/2544
f 2981/2850/2545 2585/2847/2545 2208/2849/2545 2571/2851/2545
f 2579/2820/2546 2981/2850/2546 2571/2851/2546 2209/2821/2546
f 2214/2839/2547 2576/2838/2547 2982/2852/2547 2593/2853/2547
f 2576/2838/2548 2213/2835/2548 2594/2854/2548 2982/2852/2548
f 2982/2852/2549 2594/2854/2549 2221/2855/2549 2591/2856/2549
f 2593/2853/2550 2982/2852/2550 2591/2856/2550 2222/2857/2550
f 2215/2845/2551 2829/2858/2551 2983/2859/2551 2595/2860/2551
f 2256/2861/2552 2830/2862/2552 2983/2859/2552 2829/2858/2552
f 2223/2863/2553 2595/2860/2553 2983/2859/2553 2830/2862/2553
f 2208/2849/2554 2577/2848/2554 2984/2864/2554 2596/2865/2554
f 2577/2848/2555 2215/2845/2555 2595/2860/2555 2984/2864/2555
f 2984/2864/2556 2595/2860/2556 2223/2863/2556 2592/2866/2556
f 2596/2865/2557 2984/2864/2557 2592/2866/2557 2216/2867/2557
f 2209/2821/2558 2571/2851/2558 2985/2868/2558 2597/2869/2558
f 2571/2851/2559 2208/2849/2559 2596/2865/2559 2985/2868/2559
f 2985/2868/2560 2596/2865/2560 2216/2867/2560 2586/2870/2560
f 2597/2869/2561 2985/2868/2561 2586/2870/2561 2217/2871/2561
f 2210/2823/2562 2572/2822/2562 2986/2872/2562 2598/2873/2562
f 2572/2822/2563 2209/2821/2563 2597/2869/2563 2986/2872/2563
f 2986/2872/2564 2597/2869/2564 2217/2871/2564 2587/2874/2564
f 2598/2873/2565 2986/2872/2565 2587/2874/2565 2218/2875/2565
f 2211/2827/2566 2573/2826/2566 2987/2876/2566 2599/2877/2566
f 2573/2826/2567 2210/2823/2567 2598/2873/2567 2987/2876/2567
f 2987/2876/2568 2598/2873/2568 2218/2875/2568 2588/2878/2568
f 2599/2877/2569 2987/2876/2569 2588/2878/2569 2219/2879/2569
f 2212/2831/2570 2574/2830/2570 2988/2880/2570 2600/2881/2570
f 2574/2830/2571 2211/2827/2571 2599/2877/2571 2988/2880/2571
f 2988/2880/2572 2599/2877/2572 2219/2879/2572 2589/2882/2572
f 2600/2881/2573 2988/2880/2573 2589/2882/2573 2220/2883/2573
f 2213/2835/2574 2575/2834/2574 2989/2884/2574 2594/2854/2574
f 2575/2834/2575 2212/2831/2575 2600/2881/2575 2989/2884/2575
f 2989/2884/2576 2600/2881/2576 2220/2883/2576 2590/2885/2576
f 2594/2854/2577 2989/2884/2577 2590/2885/2577 2221/2855/2577
f 2219/2879/2578 2588/2878/2578 2990/2886/2578 2608/2887/2578
f 2588/2878/2579 2218/2875/2579 2609/2888/2579 2990/2886/2579
f 2990/2886/2580 2609/2888/2580 2226/2889/2580 2603/2890/2580
f 2608/2887/2581 2990/2886/2581 2603/2890/2581 2227/2891/2581
f 2220/2883/2582 2589/2882/2582 2991/2892/2582 2610/2893/2582
f 2589/2882/2583 2219/2879/2583 2608/2887/2583 2991/2892/2583
f 2991/2892/2584 2608/2887/2584 2227/2891/2584 2604/2894/2584
f 2610/2893/2585 2991/2892/2585 2604/2894/2585 2228/2895/2585
f 2221/2855/2586 2590/2885/2586 2992/2896/2586 2611/2897/2586
f 2590/2885/2587 2220/2883/2587 2610/2893/2587 2992/2896/2587
f 2992/2896/2588 2610/2893/2588 2228/2895/2588 2605/2898/2588
f 2611/2897/2589 2992/2896/2589 2605/2898/2589 2229/2899/2589
f 2222/2857/2590 2591/2856/2590 2993/2900/2590 2612/2901/2590
f 2591/2856/2591 2221/2855/2591 2611/2897/2591 2993/2900/2591
f 2993/2900/2592 2611/2897/2592 2229/2899/2592 2606/2902/2592
f 2612/2901/2593 2993/2900/2593 2606/2902/2593 2230/2903/2593
f 2223/2863/2594 2830/2904/2594 2994/2905/2594 2613/2906/2594
f 2256/2907/2595 2831/2908/2595 2994/2905/2595 2830/2904/2595
f 2231/2909/2596 2613/2906/2596 2994/2905/2596 2831/2908/2596
f 2216/2867/2597 2592/2866/2597 2995/2910/2597 2614/2911/2597
f 2592/2866/2598 2223/2863/2598 2613/2906/2598 2995/2910/2598
f 2995/2910/2599 2613/2906/2599 2231/2909/2599 2607/2912/2599
f 2614/2911/2600 2995/2910/2600 2607/2912/2600 2224/2913/2600
f 2217/2871/2601 2586/2870/2601 2996/2914/2601 2615/2915/2601
f 2586/2870/2602 2216/2867/2602 2614/2911/2602 2996/2914/2602
f 2996/2914/2603 2614/2911/2603 2224/2913/2603 2601/2916/2603
f 2615/2915/2604 2996/2914/2604 2601/2916/2604 2225/2917/2604
f 2218/2875/2605 2587/2874/2605 2997/2918/2605 2609/2888/2605
f 2587/2874/2606 2217/2871/2606 2615/2915/2606 2997/2918/2606
f 2997/2918/2607 2615/2915/2607 2225/2917/2607 2602/2919/2607
f 2609/2888/2608 2997/2918/2608 2602/2919/2608 2226/2889/2608
f 2231/2909/2609 2831/2920/2609 2998/2921/2609 2624/2922/2609
f 2256/2923/2610 2832/2924/2610 2998/2921/2610 2831/2920/2610
f 2239/2925/2611 2624/2922/2611 2998/2921/2611 2832/2924/2611
f 2224/2913/2612 2607/2912/2612 2999/2926/2612 2625/2927/2612
f 2607/2912/2613 2231/2909/2613 2624/2922/2613 2999/2926/2613
f 2999/2926/2614 2624/2922/2614 2239/2925/2614 2622/2928/2614
f 2625/2927/2615 2999/2926/2615 2622/2928/2615 2232/2929/2615
f 2225/2917/2616 2601/2916/2616 3000/2930/2616 2626/2931/2616
f 2601/2916/2617 2224/2913/2617 2625/2927/2617 3000/2930/2617
f 3000/2930/2618 2625/2927/2618 2232/2929/2618 2616/2932/2618
f 2626/2931/2619 3000/2930/2619 2616/2932/2619 2233/2933/2619
f 2226/2889/2620 2602/2919/2620 3001/2934/2620 2627/2935/2620
f 2602/2919/2621 2225/2917/2621 2626/2931/2621 3001/2934/2621
f 3001/2934/2622 2626/2931/2622 2233/2933/2622 2617/2936/2622
f 2627/2935/2623 3001/2934/2623 2617/2936/2623 2234/2937/2623
f 2227/2891/2624 2603/2890/2624 3002/2938/2624 2628/2939/2624
f 2603/2890/2625 2226/2889/2625 2627/2935/2625 3002/2938/2625
f 3002/2938/2626 2627/2935/2626 2234/2937/2626 2618/2940/2626
f 2628/2939/2627 3002/2938/2627 2618/2940/2627 2235/2941/2627
f 2228/2895/2628 2604/2894/2628 3003/2942/2628 2629/2943/2628
f 2604/2894/2629 2227/2891/2629 2628/2939/2629 3003/2942/2629
f 3003/2942/2630 2628/2939/2630 2235/2941/2630 2619/2944/2630
f 2629/2943/2631 3003/2942/2631 2619/2944/2631 2236/2945/2631
f 2229/2899/2632 2605/2898/2632 3004/2946/2632 2630/2947/2632
f 2605/2898/2633 2228/2895/2633 2629/2943/2633 3004/2946/2633
f 3004/2946/2634 2629/2943/2634 2236/2945/2634 2620/2948/2634
f 2630/2947/2635 3004/2946/2635 2620/2948/2635 2237/2949/2635
f 2230/2903/2636 2606/2902/2636 3005/2950/2636 2623/2951/2636
f 2606/2902/2637 2229/2899/2637 2630/2947/2637 3005/2950/2637
f 3005/2950/2638 2630/2947/2638 2237/2949/2638 2621/2952/2638
f 2623/2951/2639 3005/2950/2639 2621/2952/2639 2238/2953/2639
f 2236/2945/2640 2619/2944/2640 3006/2954/2640 2638/2955/2640
f 2619/2944/2641 2235/2941/2641 2639/2956/2641 3006/2954/2641
f 3006/2954/2642 2639/2956/2642 2243/2957/2642 2634/2958/2642
f 2638/2955/2643 3006/2954/2643 2634/2958/2643 2244/2959/2643
f 2237/2949/2644 2620/2948/2644 3007/2960/2644 2640/2961/2644
f 2620/2948/2645 2236/2945/2645 2638/2955/2645 3007/2960/2645
f 3007/2960/2646 2638/2955/2646 2244/2959/2646 2635/2962/2646
f 2640/2961/2647 3007/2960/2647 2635/2962/2647 2245/2963/2647
f 2238/2953/2648 2621/2952/2648 3008/2964/2648 2641/2965/2648
f 2621/2952/2649 2237/2949/2649 2640/2961/2649 3008/2964/2649
f 3008/2964/2650 2640/2961/2650 2245/2963/2650 2636/2966/2650
f 2641/2965/2651 3008/2964/2651 2636/2966/2651 2246/2967/2651
f 2239/2925/2652 2832/2968/2652 3009/2969/2652 2642/2970/2652
f 2256/2971/2653 2833/2972/2653 3009/2969/2653 2832/2968/2653
f 2247/2973/2654 2642/2970/2654 3009/2969/2654 2833/2972/2654
f 2232/2929/2655 2622/2928/2655 3010/2974/2655 2643/2975/2655
f 2622/2928/2656 2239/2925/2656 2642/2970/2656 3010/2974/2656
f 3010/2974/2657 2642/2970/2657 2247/2973/2657 2637/2976/2657
f 2643/2975/2658 3010/2974/2658 2637/2976/2658 2240/2977/2658
f 2233/2933/2659 2616/2932/2659 3011/2978/2659 2644/2979/2659
f 2616/2932/2660 2232/2929/2660 2643/2975/2660 3011/2978/2660
f 3011/2978/2661 2643/2975/2661 2240/2977/2661 2631/2980/2661
f 2644/2979/2662 3011/2978/2662 2631/2980/2662 2241/2981/2662
f 2234/2937/2663 2617/2936/2663 3012/2982/2663 2645/2983/2663
f 2617/2936/2664 2233/2933/2664 2644/2979/2664 3012/2982/2664
f 3012/2982/2665 2644/2979/2665 2241/2981/2665 2632/2984/2665
f 2645/2983/2666 3012/2982/2666 2632/2984/2666 2242/2985/2666
f 2235/2941/2667 2618/2940/2667 3013/2986/2667 2639/2956/2667
f 2618/2940/2668 2234/2937/2668 2645/2983/2668 3013/2986/2668
f 3013/2986/2669 2645/2983/2669 2242/2985/2669 2633/2987/2669
f 2639/2956/2670 3013/2986/2670 2633/2987/2670 2243/2957/2670
f 2247/2973/2671 2833/2988/2671 3014/2989/2671 2654/2990/2671
f 2256/2991/2672 2646/2992/2672 3014/2989/2672 2833/2988/2672
f 2255/2993/2673 2654/2990/2673 3014/2989/2673 2646/2992/2673
f 2240/2977/2674 2637/2976/2674 3015/2994/2674 2655/2995/2674
f 2637/2976/2675 2247/2973/2675 2654/2990/2675 3015/2994/2675
f 3015/2994/2676 2654/2990/2676 2255/2993/2676 2653/2996/2676
f 2655/2995/2677 3015/2994/2677 2653/2996/2677 2248/2997/2677
f 2241/2981/2678 2631/2980/2678 3016/2998/2678 2656/2999/2678
f 2631/2980/2679 2240/2977/2679 2655/2995/2679 3016/2998/2679
f 3016/2998/2680 2655/2995/2680 2248/2997/2680 2647/3000/2680
f 2656/2999/2681 3016/2998/2681 2647/3000/2681 2249/3001/2681
f 2242/2985/2682 2632/2984/2682 3017/3002/2682 2657/3003/2682
f 2632/2984/2683 2241/2981/2683 2656/2999/2683 3017/3002/2683
f 3017/3002/2684 2656/2999/2684 2249/3001/2684 2648/3004/2684
f 2657/3003/2685 3017/3002/2685 2648/3004/2685 2250/3005/2685
f 2243/2957/2686 2633/2987/2686 3018/3006/2686 2658/3007/2686
f 2633/2987/2687 2242/2985/2687 2657/3003/2687 3018/3006/2687
f 3018/3006/2688 2657/3003/2688 2250/3005/2688 2649/3008/2688
f 2658/3007/2689 3018/3006/2689 2649/3008/2689 2251/3009/2689
f 2244/2959/2690 2634/2958/2690 3019/3010/2690 2659/3011/2690
f 2634/2958/2691 2243/2957/2691 2658/3007/2691 3019/3010/2691
f 3019/3010/2692 2658/3007/2692 2251/3009/2692 2650/3012/2692
f 2659/3011/2693 3019/3010/2693 2650/3012/2693 2252/3013/2693
f 2245/2963/2694 2635/2962/2694 3020/3014/2694 2660/3015/2694
f 2635/2962/2695 2244/2959/2695 2659/3011/2695 3020/3014/2695
f 3020/3014/2696 2659/3011/2696 2252/3013/2696 2651/3016/2696
f 2660/3015/2697 3020/3014/2697 2651/3016/2697 2253/3017/2697
f 2246/2967/2698 2636/2966/2698 3021/3018/2698 2661/3019/2698
f 2636/2966/2699 2245/2963/2699 2660/3015/2699 3021/3018/2699
f 3021/3018/2700 2660/3015/2700 2253/3017/2700 2652/3020/2700
f 2661/3019/2701 3021/3018/2701 2652/3020/2701 2254/3021/2701
f 2252/3013/2702 2650/3012/2702 3022/3022/2702 2669/3023/2702
f 2650/3012/2703 2251/3009/2703 2670/3024/2703 3022/3022/2703
f 3022/3022/2704 2670/3024/2704 2260/3025/2704 2665/3026/2704
f 2669/3023/2705 3022/3022/2705 2665/3026/2705 2261/3027/2705
f 2253/3017/2706 2651/3016/2706 3023/3028/2706 2671/3029/2706
f 2651/3016/2707 2252/3013/2707 2669/3023/2707 3023/3028/2707
f 3023/3028/2708 2669/3023/2708 2261/3027/2708 2666/3030/2708
f 2671/3029/2709 3023/3028/2709 2666/3030/2709 2262/3031/2709
f 2254/3021/2710 2652/3020/2710 3024/3032/2710 2672/3033/2710
f 2652/3020/2711 2253/3017/2711 2671/3029/2711 3024/3032/2711
f 3024/3032/2712 2671/3029/2712 2262/3031/2712 2667/3034/2712
f 2672/3033/2713 3024/3032/2713 2667/3034/2713 2263/3035/2713
f 2255/2993/2714 2646/3036/2714 3025/3037/2714 2673/3038/2714
f 2256/3039/2715 2834/3040/2715 3025/3037/2715 2646/3036/2715
f 2264/3041/2716 2673/3038/2716 3025/3037/2716 2834/3040/2716
f 2248/2997/2717 2653/2996/2717 3026/3042/2717 2674/3043/2717
f 2653/2996/2718 2255/2993/2718 2673/3038/2718 3026/3042/2718
f 3026/3042/2719 2673/3038/2719 2264/3041/2719 2668/3044/2719
f 2674/3043/2720 3026/3042/2720 2668/3044/2720 2257/3045/2720
f 2249/3001/2721 2647/3000/2721 3027/3046/2721 2675/3047/2721
f 2647/3000/2722 2248/2997/2722 2674/3043/2722 3027/3046/2722
f 3027/3046/2723 2674/3043/2723 2257/3045/2723 2662/3048/2723
f 2675/3047/2724 3027/3046/2724 2662/3048/2724 2258/3049/2724
f 2250/3005/2725 2648/3004/2725 3028/3050/2725 2676/3051/2725
f 2648/3004/2726 2249/3001/2726 2675/3047/2726 3028/3050/2726
f 3028/3050/2727 2675/3047/2727 2258/3049/2727 2663/3052/2727
f 2676/3051/2728 3028/3050/2728 2663/3052/2728 2259/3053/2728
f 2251/3009/2729 2649/3008/2729 3029/3054/2729 2670/3024/2729
f 2649/3008/2730 2250/3005/2730 2676/3051/2730 3029/3054/2730
f 3029/3054/2731 2676/3051/2731 2259/3053/2731 2664/3055/2731
f 2670/3024/2732 3029/3054/2732 2664/3055/2732 2260/3025/2732
f 2258/3049/2733 2662/3048/2733 3030/3056/2733 2684/3057/2733
f 2662/3048/2734 2257/3045/2734 2685/3058/2734 3030/3056/2734
f 3030/3056/2735 2685/3058/2735 2265/3059/2735 2677/3060/2735
f 2684/3057/2736 3030/3056/2736 2677/3060/2736 2266/3061/2736
f 2259/3053/2737 2663/3052/2737 3031/3062/2737 2686/3063/2737
f 2663/3052/2738 2258/3049/2738 2684/3057/2738 3031/3062/2738
f 3031/3062/2739 2684/3057/2739 2266/3061/2739 2678/3064/2739
f 2686/3063/2740 3031/3062/2740 2678/3064/2740 2267/3065/2740
f 2260/3025/2741 2664/3055/2741 3032/3066/2741 2687/3067/2741
f 2664/3055/2742 2259/3053/2742 2686/3063/2742 3032/3066/2742
f 3032/3066/2743 2686/3063/2743 2267/3065/2743 2679/3068/2743
f 2687/3067/2744 3032/3066/2744 2679/3068/2744 2268/3069/2744
f 2261/3027/2745 2665/3026/2745 3033/3070/2745 2688/3071/2745
f 2665/3026/2746 2260/3025/2746 2687/3067/2746 3033/3070/2746
f 3033/3070/2747 2687/3067/2747 2268/3069/2747 2680/3072/2747
f 2688/3071/2748 3033/3070/2748 2680/3072/2748 2269/3073/2748
f 2262/3031/2749 2666/3030/2749 3034/3074/2749 2689/3075/2749
f 2666/3030/2750 2261/3027/2750 2688/3071/2750 3034/3074/2750
f 3034/3074/2751 2688/3071/2751 2269/3073/2751 2681/3076/2751
f 2689/3075/2752 3034/3074/2752 2681/3076/2752 2270/3077/2752
f 2263/3035/2753 2667/3034/2753 3035/3078/2753 2690/3079/2753
f 2667/3034/2754 2262/3031/2754 2689/3075/2754 3035/3078/2754
f 3035/3078/2755 2689/3075/2755 2270/3077/2755 2682/3080/2755
f 2690/3079/2756 3035/3078/2756 2682/3080/2756 2271/3081/2756
f 2264/3041/2757 2834/3082/2757 3036/3083/2757 2691/3084/2757
f 2256/3085/2758 2835/3086/2758 3036/3083/2758 2834/3082/2758
f 2272/3087/2759 2691/3084/2759 3036/3083/2759 2835/3086/2759
f 2257/3045/2760 2668/3044/2760 3037/3088/2760 2685/3058/2760
f 2668/3044/2761 2264/3041/2761 2691/3084/2761 3037/3088/2761
f 3037/3088/2762 2691/3084/2762 2272/3087/2762 2683/3089/2762
f 2685/3058/2763 3037/3088/2763 2683/3089/2763 2265/3059/2763
f 2270/3090/2764 2681/3091/2764 3038/3092/2764 2699/3093/2764
f 2681/3091/2765 2269/3094/2765 2700/3095/2765 3038/3092/2765
f 3038/3092/2766 2700/3095/2766 2277/3096/2766 2696/3097/2766
f 2699/3093/2767 3038/3092/2767 2696/3097/2767 2278/3098/2767
f 2271/3099/2768 2682/3100/2768 3039/3101/2768 2701/3102/2768
f 2682/3100/2769 2270/3090/2769 2699/3093/2769 3039/3101/2769
f 3039/3101/2770 2699/3093/2770 2278/3098/2770 2697/3103/2770
f 2701/3102/2771 3039/3101/2771 2697/3103/2771 2279/3104/2771
f 2272/3105/2772 2835/3106/2772 3040/3107/2772 2702/3108/2772
f 2256/3109/2773 2836/3110/2773 3040/3107/2773 2835/3106/2773
f 2280/3111/2774 2702/3108/2774 3040/3107/2774 2836/3110/2774
f 2265/3112/2775 2683/3113/2775 3041/3114/2775 2703/3115/2775
f 2683/3113/2776 2272/3105/2776 2702/3108/2776 3041/3114/2776
f 3041/3114/2777 2702/3108/2777 2280/3111/2777 2698/3116/2777
f 2703/3115/2778 3041/3114/2778 2698/3116/2778 2273/3117/2778
f 2266/3118/2779 2677/3119/2779 3042/3120/2779 2704/3121/2779
f 2677/3119/2780 2265/3112/2780 2703/3115/2780 3042/3120/2780
f 3042/3120/2781 2703/3115/2781 2273/3117/2781 2692/3122/2781
f 2704/3121/2782 3042/3120/2782 2692/3122/2782 2274/3123/2782
f 2267/3124/2783 2678/3125/2783 3043/3126/2783 2705/3127/2783
f 2678/3125/2784 2266/3118/2784 2704/3121/2784 3043/3126/2784
f 3043/3126/2785 2704/3121/2785 2274/3123/2785 2693/3128/2785
f 2705/3127/2786 3043/3126/2786 2693/3128/2786 2275/3129/2786
f 2268/3130/2787 2679/3131/2787 3044/3132/2787 2706/3133/2787
f 2679/3131/2788 2267/3124/2788 2705/3127/2788 3044/3132/2788
f 3044/3132/2789 2705/3127/2789 2275/3129/2789 2694/3134/2789
f 2706/3133/2790 3044/3132/2790 2694/3134/2790 2276/3135/2790
f 2269/3094/2791 2680/3136/2791 3045/3137/2791 2700/3095/2791
f 2680/3136/2792 2268/3130/2792 2706/3133/2792 3045/3137/2792
f 3045/3137/2793 2706/3133/2793 2276/3135/2793 2695/3138/2793
f 2700/3095/2794 3045/3137/2794 2695/3138/2794 2277/3096/2794
f 2274/3123/2795 2692/3122/2795 3046/3139/2795 2714/3140/2795
f 2692/3122/2796 2273/3117/2796 2715/3141/2796 3046/3139/2796
f 3046/3139/2797 2715/3141/2797 2281/3142/2797 2707/3143/2797
f 2714/3140/2798 3046/3139/2798 2707/3143/2798 2282/3144/2798
f 2275/3129/2799 2693/3128/2799 3047/3145/2799 2716/3146/2799
f 2693/3128/2800 2274/3123/2800 2714/3140/2800 3047/3145/2800
f 3047/3145/2801 2714/3140/2801 2282/3144/2801 2708/3147/2801
f 2716/3146/2802 3047/3145/2802 2708/3147/2802 2283/3148/2802
f 2276/3135/2803 2694/3134/2803 3048/3149/2803 2717/3150/2803
f 2694/3134/2804 2275/3129/2804 2716/3146/2804 3048/3149/2804
f 3048/3149/2805 2716/3146/2805 2283/3148/2805 2709/3151/2805
f 2717/3150/2806 3048/3149/2806 2709/3151/2806 2284/3152/2806
f 2277/3096/2807 2695/3138/2807 3049/3153/2807 2718/3154/2807
f 2695/3138/2808 2276/3135/2808 2717/3150/2808 3049/3153/2808
f 3049/3153/2809 2717/3150/2809 2284/3152/2809 2710/3155/2809
f 2718/3154/2810 3049/3153/2810 2710/3155/2810 2285/3156/2810
f 2278/3098/2811 2696/3097/2811 3050/3157/2811 2719/3158/2811
f 2696/3097/2812 2277/3096/2812 2718/3154/2812 3050/3157/2812
f 3050/3157/2813 2718/3154/2813 2285/3156/2813 2711/3159/2813
f 2719/3158/2814 3050/3157/2814 2711/3159/2814 2286/3160/2814
f 2279/3104/2815 2697/3103/2815 3051/3161/2815 2720/3162/2815
f 2697/3103/2816 2278/3098/2816 2719/3158/2816 3051/3161/2816
f 3051/3161/2817 2719/3158/2817 2286/3160/2817 2712/3163/2817
f 2720/3162/2818 3051/3161/2818 2712/3163/2818 2287/3164/2818
f 2280/3111/2819 2836/3165/2819 3052/3166/2819 2721/3167/2819
f 2256/3168/2820 2837/3169/2820 3052/3166/2820 2836/3165/2820
f 2288/3170/2821 2721/3167/2821 3052/3166/2821 2837/3169/2821
f 2273/3117/2822 2698/3116/2822 3053/3171/2822 2715/3141/2822
f 2698/3116/2823 2280/3111/2823 2721/3167/2823 3053/3171/2823
f 3053/3171/2824 2721/3167/2824 2288/3170/2824 2713/3172/2824
f 2715/3141/2825 3053/3171/2825 2713/3172/2825 2281/3142/2825
f 2286/3160/2826 2711/3159/2826 3054/3173/2826 2729/3174/2826
f 2711/3159/2827 2285/3156/2827 2730/3175/2827 3054/3173/2827
f 3054/3173/2828 2730/3175/2828 2293/3176/2828 2726/3177/2828
f 2729/3174/2829 3054/3173/2829 2726/3177/2829 2294/3178/2829
f 2287/3164/2830 2712/3163/2830 3055/3179/2830 2731/3180/2830
f 2712/3163/2831 2286/3160/2831 2729/3174/2831 3055/3179/2831
f 3055/3179/2832 2729/3174/2832 2294/3178/2832 2727/3181/2832
f 2731/3180/2833 3055/3179/2833 2727/3181/2833 2295/3182/2833
f 2288/3170/2834 2837/3183/2834 3056/3184/2834 2732/3185/2834
f 2256/3186/2835 2838/3187/2835 3056/3184/2835 2837/3183/2835
f 2296/3188/2836 2732/3185/2836 3056/3184/2836 2838/3187/2836
f 2281/3142/2837 2713/3172/2837 3057/3189/2837 2733/3190/2837
f 2713/3172/2838 2288/3170/2838 2732/3185/2838 3057/3189/2838
f 3057/3189/2839 2732/3185/2839 2296/3188/2839 2728/3191/2839
f 2733/3190/2840 3057/3189/2840 2728/3191/2840 2289/3192/2840
f 2282/3144/2841 2707/3143/2841 3058/3193/2841 2734/3194/2841
f 2707/3143/2842 2281/3142/2842 2733/3190/2842 3058/3193/2842
f 3058/3193/2843 2733/3190/2843 2289/3192/2843 2722/3195/2843
f 2734/3194/2844 3058/3193/2844 2722/3195/2844 2290/3196/2844
f 2283/3148/2845 2708/3147/2845 3059/3197/2845 2735/3198/2845
f 2708/3147/2846 2282/3144/2846 2734/3194/2846 3059/3197/2846
f 3059/3197/2847 2734/3194/2847 2290/3196/2847 2723/3199/2847
f 2735/3198/2848 3059/3197/2848 2723/3199/2848 2291/3200/2848
f 2284/3152/2849 2709/3151/2849 3060/3201/2849 2736/3202/2849
f 2709/3151/2850 2283/3148/2850 2735/3198/2850 3060/3201/2850
f 3060/3201/2851 2735/3198/2851 2291/3200/2851 2724/3203/2851
f 2736/3202/2852 3060/3201/2852 2724/3203/2852 2292/3204/2852
f 2285/3156/2853 2710/3155/2853 3061/3205/2853 2730/3175/2853
f 2710/3155/2854 2284/3152/2854 2736/3202/2854 3061/3205/2854
f 3061/3205/2855 2736/3202/2855 2292/3204/2855 2725/3206/2855
f 2730/3175/2856 3061/3205/2856 2725/3206/2856 2293/3176/2856
f 2291/3200/2857 2723/3199/2857 3062/3207/2857 2744/3208/2857
f 2723/3199/2858 2290/3196/2858 2745/3209/2858 3062/3207/2858
f 3062/3207/2859 2745/3209/2859 2298/3210/2859 2738/3211/2859
f 2744/3208/2860 3062/3207/2860 2738/3211/2860 2299/3212/2860
f 2292/3204/2861 2724/3203/2861 3063/3213/2861 2746/3214/2861
f 2724/3203/2862 2291/3200/2862 2744/3208/2862 3063/3213/2862
f 3063/3213/2863 2744/3208/2863 2299/3212/2863 2739/3215/2863
f 2746/3214/2864 3063/3213/2864 2739/3215/2864 2300/3216/2864
f 2293/3176/2865 2725/3206/2865 3064/3217/2865 2747/3218/2865
f 2725/3206/2866 2292/3204/2866 2746/3214/2866 3064/3217/2866
f 3064/3217/2867 2746/3214/2867 2300/3216/2867 2740/3219/2867
f 2747/3218/2868 3064/3217/2868 2740/3219/2868 2301/3220/2868
f 2294/3178/2869 2726/3177/2869 3065/3221/2869 2748/3222/2869
f 2726/3177/2870 2293/3176/2870 2747/3218/2870 3065/3221/2870
f 3065/3221/2871 2747/3218/2871 2301/3220/2871 2741/3223/2871
f 2748/3222/2872 3065/3221/2872 2741/3223/2872 2302/3224/2872
f 2295/3182/2873 2727/3181/2873 3066/3225/2873 2749/3226/2873
f 2727/3181/2874 2294/3178/2874 2748/3222/2874 3066/3225/2874
f 3066/3225/2875 2748/3222/2875 2302/3224/2875 2742/3227/2875
f 2749/3226/2876 3066/3225/2876 2742/3227/2876 2303/3228/2876
f 2296/3188/2877 2838/3229/2877 3067/3230/2877 2750/3231/2877
f 2256/3232/2878 2839/3233/2878 3067/3230/2878 2838/3229/2878
f 2304/3234/2879 2750/3231/2879 3067/3230/2879 2839/3233/2879
f 2289/3192/2880 2728/3191/2880 3068/3235/2880 2751/3236/2880
f 2728/3191/2881 2296/3188/2881 2750/3231/2881 3068/3235/2881
f 3068/3235/2882 2750/3231/2882 2304/3234/2882 2743/3237/2882
f 2751/3236/2883 3068/3235/2883 2743/3237/2883 2297/3238/2883
f 2290/3196/2884 2722/3195/2884 3069/3239/2884 2745/3209/2884
f 2722/3195/2885 2289/3192/2885 2751/3236/2885 3069/3239/2885
f 3069/3239/2886 2751/3236/2886 2297/3238/2886 2737/3240/2886
f 2745/3209/2887 3069/3239/2887 2737/3240/2887 2298/3210/2887
f 2303/3228/2888 2742/3227/2888 3070/3241/2888 2759/3242/2888
f 2742/3227/2889 2302/3224/2889 2760/3243/2889 3070/3241/2889
f 3070/3241/2890 2760/3243/2890 2310/3244/2890 2757/3245/2890
f 2759/3242/2891 3070/3241/2891 2757/3245/2891 2311/3246/2891
f 2304/3234/2892 2839/3247/2892 3071/3248/2892 2761/3249/2892
f 2256/3250/2893 2840/3251/2893 3071/3248/2893 2839/3247/2893
f 2312/3252/2894 2761/3249/2894 3071/3248/2894 2840/3251/2894
f 2297/3238/2895 2743/3237/2895 3072/3253/2895 2762/3254/2895
f 2743/3237/2896 2304/3234/2896 2761/3249/2896 3072/3253/2896
f 3072/3253/2897 2761/3249/2897 2312/3252/2897 2758/3255/2897
f 2762/3254/2898 3072/3253/2898 2758/3255/2898 2305/3256/2898
f 2298/3210/2899 2737/3240/2899 3073/3257/2899 2763/3258/2899
f 2737/3240/2900 2297/3238/2900 2762/3254/2900 3073/3257/2900
f 3073/3257/2901 2762/3254/2901 2305/3256/2901 2752/3259/2901
f 2763/3258/2902 3073/3257/2902 2752/3259/2902 2306/3260/2902
f 2299/3212/2903 2738/3211/2903 3074/3261/2903 2764/3262/2903
f 2738/3211/2904 2298/3210/2904 2763/3258/2904 3074/3261/2904
f 3074/3261/2905 2763/3258/2905 2306/3260/2905 2753/3263/2905
f 2764/3262/2906 3074/3261/2906 2753/3263/2906 2307/3264/2906
f 2300/3216/2907 2739/3215/2907 3075/3265/2907 2765/3266/2907
f 2739/3215/2908 2299/3212/2908 2764/3262/2908 3075/3265/2908
f 3075/3265/2909 2764/3262/2909 2307/3264/2909 2754/3267/2909
f 2765/3266/2910 3075/3265/2910 2754/3267/2910 2308/3268/2910
f 2301/3220/2911 2740/3219/2911 3076/3269/2911 2766/3270/2911
f 2740/3219/2912 2300/3216/2912 2765/3266/2912 3076/3269/2912
f 3076/3269/2913 2765/3266/2913 2308/3268/2913 2755/3271/2913
f 2766/3270/2914 3076/3269/2914 2755/3271/2914 2309/3272/2914
f 2302/3224/2915 2741/3223/2915 3077/3273/2915 2760/3243/2915
f 2741/3223/2916 2301/3220/2916 2766/3270/2916 3077/3273/2916
f 3077/3273/2917 2766/3270/2917 2309/3272/2917 2756/3274/2917
f 2760/3243/2918 3077/3273/2918 2756/3274/2918 2310/3244/2918
f 2308/3268/2919 2754/3267/2919 3078/3275/2919 2774/3276/2919
f 2754/3267/2920 2307/3264/2920 2775/3277/2920 3078/3275/2920
f 3078/3275/2921 2775/3277/2921 2315/3278/2921 2769/3279/2921
f 2774/3276/2922 3078/3275/2922 2769/3279/2922 2316/3280/2922
f 2309/3272/2923 2755/3271/2923 3079/3281/2923 2776/3282/2923
f 2755/3271/2924 2308/3268/2924 2774/3276/2924 3079/3281/2924
f 3079/3281/2925 2774/3276/2925 2316/3280/2925 2770/3283/2925
f 2776/3282/2926 3079/3281/2926 2770/3283/2926 2317/3284/2926
f 2310/3244/2927 2756/3274/2927 3080/3285/2927 2777/3286/2927
f 2756/3274/2928 2309/3272/2928 2776/3282/2928 3080/3285/2928
f 3080/3285/2929 2776/3282/2929 2317/3284/2929 2771/3287/2929
f 2777/3286/2930 3080/3285/2930 2771/3287/2930 2318/3288/2930
f 2311/3246/2931 2757/3245/2931 3081/3289/2931 2778/3290/2931
f 2757/3245/2932 2310/3244/2932 2777/3286/2932 3081/3289/2932
f 3081/3289/2933 2777/3286/2933 2318/3288/2933 2772/3291/2933
f 2778/3290/2934 3081/3289/2934 2772/3291/2934 2319/3292/2934
f 2312/3252/2935 2840/3293/2935 3082/3294/2935 2779/3295/2935
f 2256/3296/2936 2841/3297/2936 3082/3294/2936 2840/3293/2936
f 2320/3298/2937 2779/3295/2937 3082/3294/2937 2841/3297/2937
f 2305/3256/2938 2758/3255/2938 3083/3299/2938 2780/3300/2938
f 2758/3255/2939 2312/3252/2939 2779/3295/2939 3083/3299/2939
f 3083/3299/2940 2779/3295/2940 2320/3298/2940 2773/3301/2940
f 2780/3300/2941 3083/3299/2941 2773/3301/2941 2313/3302/2941
f 2306/3260/2942 2752/3259/2942 3084/3303/2942 2781/3304/2942
f 2752/3259/2943 2305/3256/2943 2780/3300/2943 3084/3303/2943
f 3084/3303/2944 2780/3300/2944 2313/3302/2944 2767/3305/2944
f 2781/3304/2945 3084/3303/2945 2767/3305/2945 2314/3306/2945
f 2307/3264/2946 2753/3263/2946 3085/3307/2946 2775/3277/2946
f 2753/3263/2947 2306/3260/2947 2781/3304/2947 3085/3307/2947
f 3085/3307/2948 2781/3304/2948 2314/3306/2948 2768/3308/2948
f 2775/3277/2949 3085/3307/2949 2768/3308/2949 2315/3278/2949
f 2320/3298/2950 2841/3309/2950 3086/3310/2950 2790/3311/2950
f 2256/3312/2951 2842/3313/2951 3086/3310/2951 2841/3309/2951
f 2328/3314/2952 2790/3311/2952 3086/3310/2952 2842/3313/2952
f 2313/3302/2953 2773/3301/2953 3087/3315/2953 2791/3316/2953
f 2773/3301/2954 2320/3298/2954 2790/3311/2954 3087/3315/2954
f 3087/3315/2955 2790/3311/2955 2328/3314/2955 2788/3317/2955
f 2791/3316/2956 3087/3315/2956 2788/3317/2956 2321/3318/2956
f 2314/3306/2957 2767/3305/2957 3088/3319/2957 2792/3320/2957
f 2767/3305/2958 2313/3302/2958 2791/3316/2958 3088/3319/2958
f 3088/3319/2959 2791/3316/2959 2321/3318/2959 2782/3321/2959
f 2792/3320/2960 3088/3319/2960 2782/3321/2960 2322/3322/2960
f 2315/3278/2961 2768/3308/2961 3089/3323/2961 2793/3324/2961
f 2768/3308/2962 2314/3306/2962 2792/3320/2962 3089/3323/2962
f 3089/3323/2963 2792/3320/2963 2322/3322/2963 2783/3325/2963
f 2793/3324/2964 3089/3323/2964 2783/3325/2964 2323/3326/2964
f 2316/3280/2965 2769/3279/2965 3090/3327/2965 2794/3328/2965
f 2769/3279/2966 2315/3278/2966 2793/3324/2966 3090/3327/2966
f 3090/3327/2967 2793/3324/2967 2323/3326/2967 2784/3329/2967
f 2794/3328/2968 3090/3327/2968 2784/3329/2968 2324/3330/2968
f 2317/3284/2969 2770/3283/2969 3091/3331/2969 2795/3332/2969
f 2770/3283/2970 2316/3280/2970 2794/3328/2970 3091/3331/2970
f 3091/3331/2971 2794/3328/2971 2324/3330/2971 2785/3333/2971
f 2795/3332/2972 3091/3331/2972 2785/3333/2972 2325/3334/2972
f 2318/3288/2973 2771/3287/2973 3092/3335/2973 2796/3336/2973
f 2771/3287/2974 2317/3284/2974 2795/3332/2974 3092/3335/2974
f 3092/3335/2975 2795/3332/2975 2325/3334/2975 2786/3337/2975
f 2796/3336/2976 3092/3335/2976 2786/3337/2976 2326/3338/2976
f 2319/3292/2977 2772/3291/2977 3093/3339/2977 2789/3340/2977
f 2772/3291/2978 2318/3288/2978 2796/3336/2978 3093/3339/2978
f 3093/3339/2979 2796/3336/2979 2326/3338/2979 2787/3341/2979
f 2789/3340/2980 3093/3339/2980 2787/3341/2980 2327/3342/2980
f 2324/3330/2981 2784/3329/2981 3094/3343/2981 2843/3344/2981
f 2784/3329/2982 2323/3326/2982 2800/3345/2982 3094/3343/2982
f 3094/3343/2983 2800/3345/2983 2331/2270/2983 2807/2268/2983
f 2843/3344/2984 3094/3343/2984 2807/2268/2984 2086/2263/2984
f 2325/3334/2985 2785/3333/2985 3095/3346/2985 2844/3347/2985
f 2785/3333/2986 2324/3330/2986 2843/3344/2986 3095/3346/2986
f 3095/3346/2987 2843/3344/2987 2086/2263/2987 2341/2260/2987
f 2844/3347/2988 3095/3346/2988 2341/2260/2988 2085/2259/2988
f 2326/3338/2989 2786/3337/2989 3096/3348/2989 2845/3349/2989
f 2786/3337/2990 2325/3334/2990 2844/3347/2990 3096/3348/2990
f 3096/3348/2991 2844/3347/2991 2085/2259/2991 2340/2305/2991
f 2845/3349/2992 3096/3348/2992 2340/2305/2992 2084/2300/2992
f 2327/3342/2993 2787/3341/2993 3097/3350/2993 2801/3351/2993
f 2787/3341/2994 2326/3338/2994 2845/3349/2994 3097/3350/2994
f 3097/3350/2995 2845/3349/2995 2084/2300/2995 2806/2297/2995
f 2801/3351/2996 3097/3350/2996 2806/2297/2996 2332/2296/2996
f 2328/3314/2997 2842/3352/2997 3098/3353/2997 2802/3354/2997
f 2256/3355/2998 2808/3356/2998 3098/3353/2998 2842/3352/2998
f 2333/2288/2999 2802/3354/2999 3098/3353/2999 2808/3356/2999
f 2321/3318/3000 2788/3317/3000 3099/3357/3000 2803/3358/3000
f 2788/3317/3001 2328/3314/3001 2802/3354/3001 3099/3357/3001
f 3099/3357/3002 2802/3354/3002 2333/2288/3002 2799/2286/3002
f 2803/3358/3003 3099/3357/3003 2799/2286/3003 2329/2282/3003
f 2322/3322/3004 2782/3321/3004 3100/3359/3004 2804/3360/3004
f 2782/3321/3005 2321/3318/3005 2803/3358/3005 3100/3359/3005
f 3100/3359/3006 2803/3358/3006 2329/2282/3006 2797/2280/3006
f 2804/3360/3007 3100/3359/3007 2797/2280/3007 2330/2276/3007
f 2323/3326/3008 2783/3325/3008 3101/3361/3008 2800/3345/3008
f 2783/3325/3009 2322/3322/3009 2804/3360/3009 3101/3361/3009
f 3101/3361/3010 2804/3360/3010 2330/2276/3010 2798/2274/3010
f 2800/3345/3011 3101/3361/3011 2798/2274/3011 2331/2270/3011
g Cube.002_Cube.003
v 0.290496 1.089671 0.694829
v 0.295939 -0.411467 0.679883
v 0.393046 -0.251270 1.179939
v -0.198026 0.189822 0.534482
v 1.328655 0.289441 0.930312
v 0.984240 0.703793 -0.094342
v 1.143117 -0.206779 0.796389
v -0.036439 0.153408 1.008786
v 1.037817 0.711469 1.229072
v 0.566367 0.606900 1.339744
v 0.871740 0.464503 -0.224519
v 1.024127 0.005185 1.334953
v 0.147282 0.962684 0.291143
v 0.738667 1.047160 0.090348
v 0.437413 -0.321337 0.196795
v 0.178088 0.445317 0.011770
vn 0.8437 -0.4092 0.3475
vn 0.2246 -0.9158 0.3329
vn -0.2978 -0.3180 -0.9001
vn -0.8396 0.2185 -0.4973
vn -0.6915 -0.6462 -0.3231
vn -0.4330 -0.0798 0.8979
vn -0.1801 -0.1448 0.9729
vn 0.0045 0.4762 -0.8793
vn -0.3230 0.4121 -0.8520
vn 0.8075 0.5887 -0.0361
vn -0.6533 -0.3791 -0.6554
vn -0.7498 -0.6016 0.2755
vn 0.3359 0.9237 0.1841
vn -0.7555 0.4297 0.4946
vn -0.0332 0.7932 0.6080
vn 0.8944 -0.2232 -0.3877
vn 0.7685 0.0803 0.6348
vn 0.1963 0.1416 0.9702
vn -0.8783 0.4463 0.1712
vn -0.2120 0.9513 -0.2240
vn 0.5682 -0.6101 -0.5522
vn 0.2474 -0.9630 -0.1072
vt 0.353793 0.570506
vt 0.221212 0.626914
vt 0.229007 0.523868
vt 0.429000 0.143207
vt 0.503814 0.228458
vt 0.377938 0.402995
vt 0.375000 0.177643
vt 0.830749 0.500000
vt 0.778201 0.597763
vt 0.731400 0.563157
vt 0.750691 0.654040
vt 0.847688 0.615258
vt 0.875000 0.500000
vt 0.408549 0.899854
vt 0.476514 1.000000
vt 0.375000 1.000000
vt 0.225155 0.725252
vt 0.125000 0.700504
vt 0.552525 0.568757
vt 0.561099 0.485695
vt 0.570825 0.653041
vt 0.658516 0.626313
vt 0.361646 0.704347
vt 0.503386 0.092874
vt 0.586916 0.113140
vt 0.568511 0.851875
vt 0.578028 1.000000
vt 0.415981 0.799712
vt 0.655566 0.750930
vt 0.697420 0.668614
vt 0.606820 0.653373
vt 0.546763 0.301169
s 0
g Cube.002_Material.003
usemtl Material.003
f 3106/3362/3012 3113/3363/3012 3108/3364/3012
f 3104/3365/3013 3103/3366/3013 3108/3367/3013 3113/3368/3013
f 3116/3369/3014 3117/3370/3014 3112/3371/3014
f 3114/3372/3015 3117/3370/3015 3105/3373/3015
f 3103/3374/3016 3105/3373/3016 3116/3369/3016
f 3111/3375/3017 3109/3376/3017 3104/3377/3017
f 3113/3363/3018 3111/3378/3018 3104/3379/3018
f 3107/3380/3019 3112/3381/3019 3115/3382/3019
f 3117/3370/3020 3114/3372/3020 3115/3383/3020 3112/3371/3020
f 3106/3362/3021 3107/3380/3021 3115/3382/3021 3110/3384/3021
f 3116/3369/3022 3105/3373/3022 3117/3370/3022
f 3109/3385/3023 3105/3386/3023 3103/3366/3023 3104/3365/3023
f 3115/3382/3024 3102/3387/3024 3110/3384/3024
f 3102/3387/3025 3105/3388/3025 3109/3376/3025 3111/3375/3025
f 3111/3375/3026 3110/3389/3026 3102/3387/3026
f 3108/3367/3027 3112/3381/3027 3107/3380/3027 3106/3362/3027
f 3106/3362/3028 3110/3384/3028 3113/3363/3028
f 3110/3384/3029 3111/3378/3029 3113/3363/3029
f 3105/3373/3030 3102/3390/3030 3114/3391/3030
f 3102/3390/3031 3115/3392/3031 3114/3391/3031
f 3112/3381/3032 3108/3367/3032 3116/3393/3032
f 3108/3367/3033 3103/3366/3033 3116/3393/3033
g Circle.003_Circle.003
v 0.073705 0.917962 -0.370538
v 0.107002 0.826144 -0.537937
v 0.136188 0.702578 -0.684664
v 0.160140 0.552012 -0.805080
v 0.177939 0.380232 -0.894557
v 0.188899 0.193841 -0.949657
v 0.193841 0.000000 -0.974503
v 0.000000 0.193841 -0.968262
v 0.000000 0.380232 -0.912083
v 0.000000 0.552012 -0.820853
v 0.038970 0.973792 -0.195917
v 0.144577 0.917962 -0.349039
v 0.209893 0.826144 -0.506726
v 0.267143 0.702578 -0.644940
v 0.314127 0.552012 -0.758369
v 0.349039 0.380232 -0.842655
v 0.370538 0.193841 -0.894557
v 0.380232 0.000000 -0.917962
v 0.076443 0.973792 -0.184550
v 0.209893 0.917962 -0.314127
v 0.304717 0.826144 -0.456041
v 0.387831 0.702578 -0.580431
v 0.456041 0.552012 -0.682514
v 0.506726 0.380232 -0.758369
v 0.537938 0.193841 -0.805080
v 0.552012 0.000000 -0.826144
v 0.110978 0.973792 -0.166091
v 0.267143 0.917962 -0.267143
v 0.387831 0.826144 -0.387831
v 0.493616 0.702578 -0.493616
v 0.580431 0.552012 -0.580431
v 0.644940 0.380232 -0.644940
v 0.684665 0.193841 -0.684664
v 0.702578 0.000000 -0.702578
v 0.141248 0.973792 -0.141248
v 0.314127 0.917962 -0.209893
v 0.456041 0.826144 -0.304717
v 0.580431 0.702578 -0.387831
v 0.682514 0.552012 -0.456041
v 0.758369 0.380232 -0.506726
v 0.805080 0.193841 -0.537937
v 0.826144 0.000000 -0.552012
v 0.166091 0.973792 -0.110978
v 0.349039 0.917962 -0.144577
v 0.506726 0.826144 -0.209893
v 0.644940 0.702578 -0.267143
v 0.758369 0.552012 -0.314127
v 0.842654 0.380232 -0.349039
v 0.894557 0.193841 -0.370538
v 0.917962 0.000000 -0.380232
v 0.184550 0.973792 -0.076443
v 0.370538 0.917962 -0.073705
v 0.537937 0.826144 -0.107002
v 0.684664 0.702578 -0.136188
v 0.805080 0.552012 -0.160140
v 0.894557 0.380232 -0.177939
v 0.949657 0.193841 -0.188898
v 0.974503 0.000000 -0.193841
v 0.195917 0.973792 -0.038970
v 0.377797 0.917962 0.000000
v 0.548476 0.826144 0.000000
v 0.698078 0.702578 0.000000
v 0.820853 0.552012 0.000000
v 0.912083 0.380232 -0.000000
v 0.968262 0.193841 0.000000
v 0.993595 0.000000 0.000000
v 0.199755 0.973792 0.000000
v 0.370538 0.917962 0.073705
v 0.537937 0.826144 0.107002
v 0.684664 0.702578 0.136188
v 0.805080 0.552012 0.160140
v 0.894557 0.380232 0.177939
v 0.949657 0.193841 0.188899
v 0.974503 0.000000 0.193841
v 0.195917 0.973792 0.038970
v 0.349039 0.917962 0.144577
v 0.506726 0.826144 0.209893
v 0.644940 0.702578 0.267143
v 0.758369 0.552012 0.314127
v 0.842654 0.380232 0.349039
v 0.894557 0.193841 0.370538
v 0.917962 0.000000 0.380232
v 0.184550 0.973792 0.076443
v 0.314127 0.917962 0.209893
v 0.456041 0.826144 0.304717
v 0.580431 0.702578 0.387831
v 0.682514 0.552012 0.456041
v 0.758369 0.380232 0.506726
v 0.805080 0.193841 0.537937
v 0.826144 0.000000 0.552012
v 0.166090 0.973792 0.110978
v 0.267143 0.917962 0.267143
v 0.387831 0.826144 0.387831
v 0.493616 0.702578 0.493616
v 0.580430 0.552012 0.580430
v 0.644940 0.380232 0.644940
v 0.684664 0.193841 0.684664
v 0.702577 0.000000 0.702578
v 0.141248 0.973792 0.141248
v 0.209893 0.917962 0.314127
v 0.304717 0.826144 0.456041
v 0.387831 0.702578 0.580430
v 0.456041 0.552012 0.682514
v 0.506726 0.380232 0.758369
v 0.537937 0.193841 0.805080
v 0.552011 0.000000 0.826144
v 0.110978 0.973792 0.166090
v 0.144577 0.917962 0.349039
v 0.209893 0.826144 0.506726
v 0.267143 0.702578 0.644940
v 0.314127 0.552012 0.758369
v 0.349039 0.380232 0.842654
v 0.370538 0.193841 0.894557
v 0.380232 0.000000 0.917962
v 0.076443 0.973792 0.184550
v 0.073704 0.917962 0.370538
v 0.107002 0.826144 0.537937
v 0.136188 0.702578 0.684664
v 0.160140 0.552012 0.805080
v 0.177938 0.380232 0.894557
v 0.188898 0.193841 0.949657
v 0.193840 0.000000 0.974503
v 0.038970 0.973792 0.195917
v -0.000000 0.917962 0.377797
v -0.000000 0.826144 0.548476
v -0.000000 0.702578 0.698078
v -0.000000 0.552012 0.820853
v -0.000000 0.380232 0.912082
v -0.000000 0.193841 0.968262
v -0.000000 0.000000 0.993595
v -0.000000 0.973792 0.199755
v -0.073705 0.917962 0.370538
v -0.107002 0.826144 0.537937
v -0.136188 0.702578 0.684664
v -0.160140 0.552012 0.805080
v -0.177938 0.380232 0.894557
v -0.188899 0.193841 0.949657
v -0.193841 0.000000 0.974503
v -0.038970 0.973792 0.195917
v -0.144577 0.917962 0.349039
v -0.209893 0.826144 0.506726
v -0.267143 0.702578 0.644940
v -0.314127 0.552012 0.758369
v -0.349039 0.380232 0.842654
v -0.370538 0.193841 0.894557
v -0.380232 0.000000 0.917961
v -0.076443 0.973792 0.184550
v -0.209893 0.917962 0.314127
v -0.304717 0.826144 0.456041
v -0.387831 0.702578 0.580430
v -0.456041 0.552012 0.682514
v -0.506726 0.380232 0.758369
v -0.537937 0.193841 0.805080
v -0.552012 0.000000 0.826143
v -0.110978 0.973792 0.166090
v -0.267143 0.917962 0.267143
v -0.387831 0.826144 0.387831
v -0.493615 0.702578 0.493615
v -0.580430 0.552012 0.580430
v -0.644940 0.380232 0.644940
v -0.684664 0.193841 0.684664
v -0.702578 0.000000 0.702577
v -0.141248 0.973792 0.141248
v -0.314127 0.917962 0.209893
v -0.456041 0.826144 0.304717
v -0.580430 0.702578 0.387831
v -0.682514 0.552012 0.456041
v -0.758369 0.380232 0.506726
v -0.805080 0.193841 0.537937
v -0.826144 0.000000 0.552011
v -0.166090 0.973792 0.110978
v -0.349039 0.917962 0.144577
v -0.506726 0.826144 0.209893
v -0.644940 0.702578 0.267143
v -0.758369 0.552012 0.314126
v -0.842654 0.380232 0.349039
v -0.894557 0.193841 0.370537
v -0.917962 0.000000 0.380232
v -0.184550 0.973792 0.076443
v 0.000000 0.997577 0.000000
v -0.370538 0.917962 0.073704
v -0.537937 0.826144 0.107002
v -0.684664 0.702578 0.136188
v -0.805080 0.552012 0.160140
v -0.894557 0.380232 0.177938
v -0.949657 0.193841 0.188898
v -0.974503 0.000000 0.193840
v -0.195917 0.973792 0.038970
v -0.377797 0.917962 -0.000000
v -0.548476 0.826144 -0.000000
v -0.698078 0.702578 -0.000000
v -0.820852 0.552012 -0.000000
v -0.912082 0.380232 -0.000000
v -0.968261 0.193841 -0.000000
v -0.993594 0.000000 -0.000000
v -0.199755 0.973792 -0.000000
v -0.370538 0.917962 -0.073705
v -0.537937 0.826144 -0.107002
v -0.684664 0.702578 -0.136188
v -0.805080 0.552012 -0.160140
v -0.894557 0.380232 -0.177939
v -0.949656 0.193841 -0.188899
v -0.974503 0.000000 -0.193841
v -0.195917 0.973792 -0.038970
v -0.349039 0.917962 -0.144577
v -0.506726 0.826144 -0.209893
v -0.644940 0.702578 -0.267143
v -0.758369 0.552012 -0.314127
v -0.842654 0.380232 -0.349039
v -0.894557 0.193841 -0.370538
v -0.917961 0.000000 -0.380232
v -0.184550 0.973792 -0.076443
v -0.314127 0.917962 -0.209893
v -0.456041 0.826144 -0.304717
v -0.580430 0.702578 -0.387831
v -0.682514 0.552012 -0.456041
v -0.758369 0.380232 -0.506726
v -0.805080 0.193841 -0.537937
v -0.826143 0.000000 -0.552012
v -0.166090 0.973792 -0.110978
v -0.267143 0.917962 -0.267143
v -0.387831 0.826144 -0.387831
v -0.493615 0.702578 -0.493615
v -0.580430 0.552012 -0.580430
v -0.644939 0.380232 -0.644940
v -0.684664 0.193841 -0.684664
v -0.702577 0.000000 -0.702577
v -0.141248 0.973792 -0.141248
v -0.209893 0.917962 -0.314127
v -0.304717 0.826144 -0.456041
v -0.387831 0.702578 -0.580430
v -0.456041 0.552012 -0.682514
v -0.506726 0.380232 -0.758369
v -0.537937 0.193841 -0.805080
v -0.552011 0.000000 -0.826144
v -0.110978 0.973792 -0.166090
v -0.144577 0.917962 -0.349039
v -0.209892 0.826144 -0.506726
v -0.267143 0.702578 -0.644940
v -0.314126 0.552012 -0.758369
v -0.349039 0.380232 -0.842654
v -0.370537 0.193841 -0.894557
v -0.380232 0.000000 -0.917961
v -0.076443 0.973792 -0.184550
v -0.073704 0.917962 -0.370538
v -0.107002 0.826144 -0.537937
v -0.136188 0.702578 -0.684664
v -0.160140 0.552012 -0.805080
v -0.177938 0.380232 -0.894557
v -0.188898 0.193841 -0.949656
v -0.193840 0.000000 -0.974503
v -0.038970 0.973792 -0.195917
v 0.000000 0.917962 -0.377797
v 0.000000 0.826144 -0.548476
v 0.000000 0.702578 -0.698078
v 0.000000 0.000000 -0.993594
v 0.000000 0.973792 -0.199755
v 0.090790 0.876269 -0.456434
v 0.122183 0.768056 -0.614256
v 0.148881 0.630328 -0.748474
v 0.169857 0.468376 -0.853927
v 0.184305 0.288424 -0.926565
v 0.191826 0.097389 -0.964376
v 0.000000 0.288424 -0.944718
v 0.000000 0.468376 -0.870657
v 0.056083 0.950719 -0.281948
v 0.089399 0.380232 -0.907687
v 0.080457 0.552012 -0.816897
v 0.094906 0.193841 -0.963596
v 0.178092 0.876269 -0.429951
v 0.239671 0.768056 -0.578617
v 0.292040 0.630328 -0.705047
v 0.333186 0.468376 -0.804382
v 0.361528 0.288424 -0.872805
v 0.376281 0.097389 -0.908422
v 0.110011 0.950719 -0.265589
v 0.238280 0.552012 -0.785504
v 0.202641 0.702578 -0.668016
v 0.264763 0.380232 -0.872805
v 0.281071 0.193841 -0.926565
v 0.288424 0.000000 -0.950808
v 0.058513 0.973614 -0.192890
v 0.159214 0.826144 -0.524857
v 0.109668 0.917962 -0.361528
v 0.258549 0.876269 -0.386946
v 0.347948 0.768056 -0.520741
v 0.423976 0.630328 -0.634525
v 0.483711 0.468376 -0.723925
v 0.524857 0.288424 -0.785504
v 0.546275 0.097389 -0.817558
v 0.159711 0.950719 -0.239024
v 0.468376 0.000000 -0.876269
v 0.456434 0.193841 -0.853927
v 0.095019 0.973614 -0.177769
v 0.178092 0.917962 -0.333186
v 0.258549 0.826144 -0.483711
v 0.329070 0.702578 -0.615647
v 0.386946 0.552012 -0.723925
v 0.429951 0.380232 -0.804382
v 0.329070 0.876269 -0.329070
v 0.442854 0.768056 -0.442854
v 0.539619 0.630328 -0.539619
v 0.615647 0.468376 -0.615647
v 0.668016 0.288424 -0.668016
v 0.695276 0.097389 -0.695276
v 0.203273 0.950719 -0.203273
v 0.442854 0.702578 -0.539619
v 0.347948 0.826144 -0.423976
v 0.520741 0.552012 -0.634525
v 0.578617 0.380232 -0.705047
v 0.614257 0.193841 -0.748474
v 0.630328 0.000000 -0.768056
v 0.127874 0.973614 -0.155815
v 0.239671 0.917962 -0.292040
v 0.386946 0.876269 -0.258549
v 0.520741 0.768056 -0.347948
v 0.634525 0.630328 -0.423976
v 0.723925 0.468376 -0.483711
v 0.785504 0.288424 -0.524857
v 0.817558 0.097389 -0.546275
v 0.239024 0.950719 -0.159711
v 0.768056 0.000000 -0.630327
v 0.748474 0.193841 -0.614256
v 0.155815 0.973614 -0.127874
v 0.292040 0.917962 -0.239671
v 0.423976 0.826144 -0.347948
v 0.539620 0.702578 -0.442854
v 0.634525 0.552012 -0.520741
v 0.705047 0.380232 -0.578617
v 0.429951 0.876269 -0.178092
v 0.578617 0.768056 -0.239671
v 0.705047 0.630328 -0.292040
v 0.804382 0.468376 -0.333186
v 0.872805 0.288424 -0.361528
v 0.908422 0.097389 -0.376281
v 0.265589 0.950719 -0.110011
v 0.723925 0.552012 -0.386946
v 0.615647 0.702578 -0.329070
v 0.804382 0.380232 -0.429951
v 0.853927 0.193841 -0.456434
v 0.876269 0.000000 -0.468375
v 0.177769 0.973614 -0.095019
v 0.333186 0.917962 -0.178092
v 0.483711 0.826144 -0.258549
v 0.456434 0.876269 -0.090790
v 0.614256 0.768056 -0.122183
v 0.748474 0.630328 -0.148881
v 0.853927 0.468376 -0.169857
v 0.926565 0.288424 -0.184305
v 0.964376 0.097389 -0.191826
v 0.281948 0.950719 -0.056083
v 0.950807 0.000000 -0.288424
v 0.192890 0.973614 -0.058513
v 0.361528 0.917962 -0.109668
v 0.524857 0.826144 -0.159214
v 0.668016 0.702578 -0.202641
v 0.785504 0.552012 -0.238280
v 0.872805 0.380232 -0.264763
v 0.926565 0.193841 -0.281070
v 0.465376 0.876269 0.000000
v 0.626290 0.768056 0.000000
v 0.763137 0.630328 0.000000
v 0.870657 0.468376 0.000000
v 0.944718 0.288424 0.000000
v 0.983269 0.097389 0.000000
v 0.287471 0.950719 0.000000
v 0.816897 0.552012 -0.080457
v 0.694714 0.702578 -0.068423
v 0.907687 0.380232 -0.089399
v 0.963596 0.193841 -0.094906
v 0.988807 0.000000 -0.097389
v 0.200599 0.973614 -0.019757
v 0.375976 0.917962 -0.037030
v 0.545833 0.826144 -0.053760
v 0.456434 0.876269 0.090790
v 0.614256 0.768056 0.122183
v 0.748474 0.630328 0.148881
v 0.853927 0.468376 0.169857
v 0.926565 0.288424 0.184305
v 0.964376 0.097389 0.191826
v 0.281948 0.950719 0.056083
v 0.988807 0.000000 0.097389
v 0.200599 0.973614 0.019757
v 0.375976 0.917962 0.037030
v 0.545833 0.826144 0.053760
v 0.694714 0.702578 0.068423
v 0.816897 0.552012 0.080457
v 0.907687 0.380232 0.089399
v 0.963596 0.193841 0.094906
v 0.429951 0.876269 0.178092
v 0.578617 0.768056 0.239671
v 0.705047 0.630328 0.292040
v 0.804382 0.468376 0.333186
v 0.872805 0.288424 0.361528
v 0.908422 0.097389 0.376281
v 0.265589 0.950719 0.110011
v 0.872805 0.380232 0.264763
v 0.785504 0.552012 0.238280
v 0.926565 0.193841 0.281071
v 0.950807 0.000000 0.288424
v 0.192890 0.973614 0.058513
v 0.361528 0.917962 0.109668
v 0.524857 0.826144 0.159214
v 0.668016 0.702578 0.202641
v 0.386946 0.876269 0.258549
v 0.520741 0.768056 0.347948
v 0.634525 0.630328 0.423976
v 0.723924 0.468376 0.483711
v 0.785504 0.288424 0.524857
v 0.817558 0.097389 0.546275
v 0.239024 0.950719 0.159711
v 0.333186 0.917962 0.178092
v 0.177769 0.973614 0.095019
v 0.483711 0.826144 0.258549
v 0.615647 0.702578 0.329070
v 0.723924 0.552012 0.386946
v 0.804382 0.380232 0.429951
v 0.853927 0.193841 0.456434
v 0.876269 0.000000 0.468376
v 0.329070 0.876269 0.329070
v 0.442854 0.768056 0.442854
v 0.539619 0.630328 0.539619
v 0.615647 0.468376 0.615647
v 0.668016 0.288424 0.668016
v 0.695276 0.097389 0.695276
v 0.203273 0.950719 0.203273
v 0.748473 0.193841 0.614256
v 0.705047 0.380232 0.578617
v 0.768056 0.000000 0.630328
v 0.155815 0.973614 0.127874
v 0.292040 0.917962 0.239671
v 0.423976 0.826144 0.347948
v 0.539619 0.702578 0.442854
v 0.634525 0.552012 0.520741
v 0.258549 0.876269 0.386946
v 0.347948 0.768056 0.520741
v 0.423976 0.630328 0.634525
v 0.483711 0.468376 0.723925
v 0.524857 0.288424 0.785504
v 0.546275 0.097389 0.817558
v 0.159711 0.950719 0.239024
v 0.347948 0.826144 0.423976
v 0.239671 0.917962 0.292040
v 0.442854 0.702578 0.539619
v 0.520741 0.552012 0.634525
v 0.578617 0.380232 0.705047
v 0.614256 0.193841 0.748474
v 0.630327 0.000000 0.768056
v 0.127874 0.973614 0.155815
v 0.178091 0.876269 0.429951
v 0.239671 0.768056 0.578617
v 0.292040 0.630328 0.705047
v 0.333186 0.468376 0.804382
v 0.361528 0.288424 0.872805
v 0.376280 0.097389 0.908422
v 0.110011 0.950719 0.265589
v 0.456433 0.193841 0.853927
v 0.429951 0.380232 0.804382
v 0.468375 0.000000 0.876269
v 0.095019 0.973614 0.177769
v 0.178091 0.917962 0.333186
v 0.258549 0.826144 0.483711
v 0.329070 0.702578 0.615647
v 0.386946 0.552012 0.723925
v 0.090790 0.876269 0.456434
v 0.122183 0.768056 0.614256
v 0.148881 0.630328 0.748473
v 0.169857 0.468376 0.853927
v 0.184305 0.288424 0.926565
v 0.191826 0.097389 0.964375
v 0.056083 0.950719 0.281948
v 0.202640 0.702578 0.668016
v 0.159214 0.826144 0.524857
v 0.238280 0.552012 0.785504
v 0.264763 0.380232 0.872805
v 0.281070 0.193841 0.926565
v 0.288424 0.000000 0.950807
v 0.058513 0.973614 0.192890
v 0.109668 0.917962 0.361528
v -0.000000 0.876269 0.465376
v -0.000000 0.768056 0.626290
v -0.000000 0.630328 0.763137
v -0.000000 0.468376 0.870657
v -0.000000 0.288424 0.944717
v -0.000000 0.097389 0.983269
v -0.000000 0.950719 0.287471
v 0.097389 0.000000 0.988806
v 0.094906 0.193841 0.963595
v 0.019757 0.973614 0.200599
v 0.037030 0.917962 0.375976
v 0.053760 0.826144 0.545833
v 0.068423 0.702578 0.694714
v 0.080457 0.552012 0.816897
v 0.089399 0.380232 0.907687
v -0.090790 0.876269 0.456434
v -0.122183 0.768056 0.614256
v -0.148881 0.630328 0.748473
v -0.169857 0.468376 0.853927
v -0.184305 0.288424 0.926565
v -0.191826 0.097389 0.964375
v -0.056083 0.950719 0.281948
v -0.068423 0.702578 0.694714
v -0.053760 0.826144 0.545833
v -0.080457 0.552012 0.816897
v -0.089399 0.380232 0.907687
v -0.094906 0.193841 0.963595
v -0.097389 0.000000 0.988806
v -0.019757 0.973614 0.200599
v -0.037030 0.917962 0.375976
v -0.178092 0.876269 0.429951
v -0.239671 0.768056 0.578617
v -0.292040 0.630328 0.705047
v -0.333186 0.468376 0.804382
v -0.361528 0.288424 0.872805
v -0.376281 0.097389 0.908422
v -0.110011 0.950719 0.265589
v -0.288424 0.000000 0.950807
v -0.281071 0.193841 0.926565
v -0.058513 0.973614 0.192890
v -0.109668 0.917962 0.361528
v -0.159214 0.826144 0.524857
v -0.202641 0.702578 0.668016
v -0.238280 0.552012 0.785504
v -0.264763 0.380232 0.872805
v -0.258549 0.876269 0.386946
v -0.347948 0.768056 0.520741
v -0.423976 0.630328 0.634525
v -0.483711 0.468376 0.723924
v -0.524857 0.288424 0.785504
v -0.546275 0.097389 0.817558
v -0.159711 0.950719 0.239024
v -0.386946 0.552012 0.723924
v -0.329070 0.702578 0.615647
v -0.429951 0.380232 0.804382
v -0.456434 0.193841 0.853927
v -0.468376 0.000000 0.876269
v -0.095019 0.973614 0.177768
v -0.178092 0.917962 0.333186
v -0.258549 0.826144 0.483711
v -0.329070 0.876269 0.329070
v -0.442854 0.768056 0.442854
v -0.539619 0.630328 0.539619
v -0.615647 0.468376 0.615647
v -0.668016 0.288424 0.668016
v -0.695276 0.097389 0.695276
v -0.203273 0.950719 0.203273
v -0.630327 0.000000 0.768056
v -0.127874 0.973614 0.155815
v -0.239671 0.917962 0.292040
v -0.347948 0.826144 0.423976
v -0.442854 0.702578 0.539619
v -0.520741 0.552012 0.634525
v -0.578617 0.380232 0.705046
v -0.614256 0.193841 0.748473
v -0.386946 0.876269 0.258549
v -0.520741 0.768056 0.347948
v -0.634525 0.630328 0.423976
v -0.723924 0.468376 0.483711
v -0.785504 0.288424 0.524857
v -0.817558 0.097389 0.546274
v -0.239024 0.950719 0.159711
v -0.705047 0.380232 0.578617
v -0.634525 0.552012 0.520741
v -0.748473 0.193841 0.614256
v -0.768056 0.000000 0.630327
v -0.155815 0.973614 0.127874
v -0.292040 0.917962 0.239671
v -0.423976 0.826144 0.347948
v -0.539619 0.702578 0.442854
v -0.109146 0.987361 0.045210
v -0.429951 0.876269 0.178091
v -0.578617 0.768056 0.239671
v -0.705047 0.630328 0.292040
v -0.804382 0.468376 0.333186
v -0.872805 0.288424 0.361528
v -0.908422 0.097389 0.376280
v -0.265589 0.950719 0.110010
v -0.177768 0.973614 0.095019
v -0.333186 0.917962 0.178091
v -0.483711 0.826144 0.258549
v -0.615647 0.702578 0.329070
v -0.723924 0.552012 0.386946
v -0.804382 0.380232 0.429951
v -0.853927 0.193841 0.456433
v -0.876269 0.000000 0.468375
v -0.456433 0.876269 0.090790
v -0.614256 0.768056 0.122183
v -0.748473 0.630328 0.148881
v -0.853927 0.468376 0.169857
v -0.926565 0.288424 0.184305
v -0.964375 0.097389 0.191826
v -0.281948 0.950719 0.056083
v -0.872805 0.380232 0.264762
v -0.785504 0.552012 0.238280
v -0.926565 0.193841 0.281070
v -0.950807 0.000000 0.288424
v -0.192890 0.973614 0.058513
v -0.361528 0.917962 0.109668
v -0.524857 0.826144 0.159213
v -0.668016 0.702578 0.202640
v -0.465376 0.876269 -0.000000
v -0.626290 0.768057 -0.000000
v -0.763137 0.630328 -0.000000
v -0.870656 0.468376 -0.000000
v -0.944717 0.288424 -0.000000
v -0.983268 0.097389 -0.000000
v -0.287471 0.950719 -0.000000
v -0.545833 0.826144 0.053760
v -0.375976 0.917962 0.037030
v -0.694714 0.702578 0.068423
v -0.816897 0.552012 0.080457
v -0.907687 0.380232 0.089399
v -0.963595 0.193841 0.094906
v -0.988806 0.000000 0.097388
v -0.200599 0.973614 0.019757
v -0.456433 0.876269 -0.090790
v -0.614256 0.768056 -0.122183
v -0.748473 0.630328 -0.148881
v -0.853927 0.468376 -0.169857
v -0.926565 0.288424 -0.184305
v -0.964375 0.097389 -0.191826
v -0.281948 0.950719 -0.056083
v -0.963595 0.193841 -0.094906
v -0.907687 0.380232 -0.089399
v -0.988806 0.000000 -0.097389
v -0.200599 0.973614 -0.019757
v -0.375976 0.917962 -0.037030
v -0.545833 0.826144 -0.053760
v -0.694713 0.702578 -0.068423
v -0.816896 0.552012 -0.080457
v -0.429951 0.876269 -0.178092
v -0.578617 0.768056 -0.239671
v -0.705047 0.630328 -0.292040
v -0.804382 0.468376 -0.333186
v -0.872805 0.288424 -0.361528
v -0.908421 0.097389 -0.376281
v -0.265589 0.950719 -0.110011
v -0.524857 0.826144 -0.159214
v -0.361528 0.917962 -0.109668
v -0.668016 0.702578 -0.202641
v -0.785504 0.552012 -0.238280
v -0.872805 0.380232 -0.264763
v -0.926565 0.193841 -0.281071
v -0.950807 0.000000 -0.288424
v -0.192890 0.973614 -0.058513
v -0.386945 0.876269 -0.258549
v -0.520741 0.768056 -0.347948
v -0.634525 0.630328 -0.423976
v -0.723924 0.468376 -0.483711
v -0.785504 0.288424 -0.524857
v -0.817558 0.097389 -0.546275
v -0.239024 0.950719 -0.159711
v -0.853927 0.193841 -0.456434
v -0.804382 0.380232 -0.429951
v -0.876268 0.000000 -0.468376
v -0.177768 0.973614 -0.095019
v -0.333186 0.917962 -0.178092
v -0.483711 0.826144 -0.258549
v -0.615647 0.702578 -0.329070
v -0.723924 0.552012 -0.386946
v -0.329070 0.876269 -0.329070
v -0.442854 0.768056 -0.442854
v -0.539619 0.630328 -0.539619
v -0.615647 0.468376 -0.615647
v -0.668016 0.288424 -0.668016
v -0.695275 0.097389 -0.695276
v -0.203273 0.950719 -0.203273
v -0.539619 0.702578 -0.442854
v -0.423976 0.826144 -0.347948
v -0.634525 0.552012 -0.520741
v -0.705046 0.380232 -0.578617
v -0.748473 0.193841 -0.614256
v -0.768055 0.000000 -0.630327
v -0.155815 0.973614 -0.127874
v -0.292040 0.917962 -0.239671
v -0.258549 0.876269 -0.386946
v -0.347948 0.768056 -0.520741
v -0.423976 0.630328 -0.634525
v -0.483711 0.468376 -0.723924
v -0.524857 0.288424 -0.785504
v -0.546274 0.097389 -0.817558
v -0.159710 0.950719 -0.239024
v -0.630327 0.000000 -0.768056
v -0.614256 0.193841 -0.748473
v -0.127874 0.973614 -0.155815
v -0.239671 0.917962 -0.292040
v -0.347948 0.826144 -0.423976
v -0.442854 0.702578 -0.539619
v -0.520741 0.552012 -0.634525
v -0.578617 0.380232 -0.705047
v -0.178091 0.876269 -0.429951
v -0.239671 0.768056 -0.578617
v -0.292040 0.630328 -0.705046
v -0.333186 0.468376 -0.804382
v -0.361528 0.288424 -0.872805
v -0.376280 0.097389 -0.908422
v -0.110010 0.950719 -0.265589
v -0.386945 0.552012 -0.723924
v -0.329070 0.702578 -0.615647
v -0.429951 0.380232 -0.804382
v -0.456433 0.193841 -0.853927
v -0.468375 0.000000 -0.876269
v -0.095019 0.973614 -0.177768
v -0.178091 0.917962 -0.333186
v -0.258549 0.826144 -0.483711
v -0.090790 0.876269 -0.456433
v -0.122183 0.768056 -0.614256
v -0.148880 0.630328 -0.748473
v -0.169857 0.468376 -0.853927
v -0.184305 0.288424 -0.926565
v -0.191826 0.097389 -0.964375
v -0.056083 0.950719 -0.281948
v -0.288424 0.000000 -0.950807
v -0.058513 0.973614 -0.192890
v -0.109668 0.917962 -0.361528
v -0.159213 0.826144 -0.524857
v -0.202640 0.702578 -0.668016
v -0.238280 0.552012 -0.785504
v -0.264762 0.380232 -0.872805
v -0.281070 0.193841 -0.926565
v 0.000000 0.876269 -0.465375
v 0.000000 0.768056 -0.626290
v 0.000000 0.950719 -0.287471
v -0.068423 0.702578 -0.694713
v -0.097388 0.000000 -0.988806
v -0.019757 0.973614 -0.200599
v -0.037030 0.917962 -0.375976
v -0.053760 0.826144 -0.545833
v 0.023048 0.987361 -0.115869
v 0.000000 0.097389 -0.983269
v 0.000000 0.630328 -0.763137
v 0.000000 0.987361 -0.118139
v 0.068423 0.702578 -0.694714
v 0.053760 0.826144 -0.545833
v 0.037030 0.917962 -0.375976
v 0.019757 0.973614 -0.200599
v 0.097389 0.000000 -0.988806
v 0.045210 0.987361 -0.109146
v 0.065634 0.987361 -0.098229
v 0.083537 0.987361 -0.083537
v 0.098229 0.987361 -0.065634
v 0.109146 0.987361 -0.045210
v 0.115869 0.987361 -0.023048
v 0.118139 0.987361 0.000000
v 0.115869 0.987361 0.023048
v 0.109146 0.987361 0.045210
v 0.098229 0.987361 0.065634
v 0.083537 0.987361 0.083537
v 0.065634 0.987361 0.098229
v 0.045210 0.987361 0.109146
v 0.023048 0.987361 0.115869
v -0.000000 0.987361 0.118139
v -0.023048 0.987361 0.115869
v -0.045210 0.987361 0.109146
v -0.065634 0.987361 0.098229
v -0.083537 0.987361 0.083537
v -0.098229 0.987361 0.065634
v -0.115869 0.987361 0.023048
v -0.118139 0.987361 -0.000000
v -0.115869 0.987361 -0.023048
v -0.109146 0.987361 -0.045210
v -0.098229 0.987361 -0.065634
v -0.083537 0.987361 -0.083537
v -0.065634 0.987361 -0.098229
v -0.045210 0.987361 -0.109146
v -0.023048 0.987361 -0.115869
v -0.080457 0.552012 -0.816897
v -0.089399 0.380232 -0.907687
v -0.094906 0.193841 -0.963595
v 0.085339 0.468376 -0.866461
v 0.074800 0.630328 -0.759459
v 0.061387 0.768056 -0.623272
v 0.045615 0.876269 -0.463133
v 0.028199 0.950696 -0.286312
v 0.013329 0.985270 -0.135336
v 0.096377 0.097389 -0.978530
v 0.092598 0.288424 -0.940165
v 0.221526 0.630328 -0.730274
v 0.252737 0.468376 -0.833163
v 0.274236 0.288424 -0.904035
v 0.285427 0.097389 -0.940926
v 0.039476 0.985270 -0.130136
v 0.135091 0.876269 -0.445335
v 0.083514 0.950696 -0.275309
v 0.181802 0.768056 -0.599320
v 0.463508 0.097389 -0.867163
v 0.064106 0.985270 -0.119934
v 0.135620 0.950696 -0.253726
v 0.219376 0.876269 -0.410423
v 0.295230 0.768056 -0.552337
v 0.359739 0.630328 -0.673024
v 0.410423 0.468376 -0.767848
v 0.445335 0.288424 -0.833163
v 0.397313 0.768056 -0.484127
v 0.484127 0.630328 -0.589911
v 0.552337 0.468376 -0.673024
v 0.599320 0.288424 -0.730274
v 0.623777 0.097389 -0.760074
v 0.086272 0.985270 -0.105123
v 0.182513 0.950696 -0.222393
v 0.295230 0.876269 -0.359739
v 0.760074 0.097389 -0.623777
v 0.105123 0.985270 -0.086272
v 0.222393 0.950696 -0.182513
v 0.359739 0.876269 -0.295230
v 0.484127 0.768056 -0.397313
v 0.589911 0.630328 -0.484127
v 0.673024 0.468376 -0.552337
v 0.730274 0.288424 -0.599320
v 0.673024 0.630328 -0.359739
v 0.767848 0.468376 -0.410423
v 0.833163 0.288424 -0.445335
v 0.867163 0.097389 -0.463508
v 0.119934 0.985270 -0.064106
v 0.253726 0.950696 -0.135620
v 0.410423 0.876269 -0.219376
v 0.552337 0.768056 -0.295230
v 0.130136 0.985270 -0.039476
v 0.275309 0.950696 -0.083514
v 0.445335 0.876269 -0.135091
v 0.599320 0.768056 -0.181802
v 0.730274 0.630328 -0.221526
v 0.833163 0.468376 -0.252737
v 0.904035 0.288424 -0.274236
v 0.940926 0.097389 -0.285427
v 0.759459 0.630328 -0.074800
v 0.866461 0.468376 -0.085339
v 0.940165 0.288424 -0.092598
v 0.978530 0.097389 -0.096377
v 0.135336 0.985270 -0.013329
v 0.286312 0.950696 -0.028199
v 0.463133 0.876269 -0.045615
v 0.623272 0.768056 -0.061387
v 0.135336 0.985270 0.013329
v 0.286312 0.950696 0.028199
v 0.463133 0.876269 0.045615
v 0.623272 0.768056 0.061387
v 0.759459 0.630328 0.074800
v 0.866461 0.468376 0.085339
v 0.940165 0.288424 0.092598
v 0.978530 0.097389 0.096377
v 0.833163 0.468376 0.252737
v 0.904035 0.288424 0.274236
v 0.940926 0.097389 0.285427
v 0.130136 0.985270 0.039476
v 0.275309 0.950696 0.083514
v 0.445335 0.876269 0.135091
v 0.599320 0.768056 0.181802
v 0.730274 0.630328 0.221526
v 0.253726 0.950696 0.135620
v 0.410423 0.876269 0.219376
v 0.552337 0.768056 0.295230
v 0.673024 0.630328 0.359739
v 0.767848 0.468376 0.410423
v 0.833163 0.288424 0.445335
v 0.867162 0.097389 0.463508
v 0.119934 0.985270 0.064106
v 0.730274 0.288424 0.599320
v 0.760074 0.097389 0.623777
v 0.105123 0.985270 0.086272
v 0.222393 0.950696 0.182513
v 0.359739 0.876269 0.295230
v 0.484127 0.768056 0.397313
v 0.589910 0.630328 0.484127
v 0.673024 0.468376 0.552337
v 0.295230 0.876269 0.359739
v 0.397313 0.768056 0.484127
v 0.484127 0.630328 0.589911
v 0.552337 0.468376 0.673024
v 0.599320 0.288424 0.730274
v 0.623777 0.097389 0.760074
v 0.086272 0.985270 0.105123
v 0.182513 0.950696 0.222393
v 0.445335 0.288424 0.833163
v 0.463508 0.097389 0.867162
v 0.064106 0.985270 0.119934
v 0.135620 0.950696 0.253726
v 0.219376 0.876269 0.410423
v 0.295230 0.768056 0.552336
v 0.359739 0.630328 0.673024
v 0.410423 0.468376 0.767848
v 0.181802 0.768056 0.599320
v 0.221526 0.630328 0.730274
v 0.252737 0.468376 0.833163
v 0.274236 0.288424 0.904035
v 0.285426 0.097389 0.940926
v 0.039476 0.985270 0.130136
v 0.083514 0.950696 0.275309
v 0.135091 0.876269 0.445335
v 0.096377 0.097389 0.978530
v 0.013329 0.985270 0.135336
v 0.028199 0.950696 0.286312
v 0.045615 0.876269 0.463133
v 0.061387 0.768056 0.623272
v 0.074800 0.630328 0.759459
v 0.085339 0.468376 0.866461
v 0.092598 0.288424 0.940165
v -0.061387 0.768056 0.623272
v -0.074800 0.630328 0.759459
v -0.085339 0.468376 0.866461
v -0.092598 0.288424 0.940165
v -0.096377 0.097389 0.978530
v -0.013329 0.985270 0.135336
v -0.028199 0.950696 0.286312
v -0.045615 0.876269 0.463133
v -0.285427 0.097389 0.940926
v -0.039476 0.985270 0.130136
v -0.083514 0.950696 0.275309
v -0.135091 0.876269 0.445335
v -0.181802 0.768056 0.599320
v -0.221526 0.630328 0.730274
v -0.252737 0.468376 0.833163
v -0.274236 0.288424 0.904035
v -0.359739 0.630328 0.673024
v -0.410423 0.468376 0.767847
v -0.445335 0.288424 0.833163
v -0.463508 0.097389 0.867162
v -0.064106 0.985270 0.119934
v -0.135620 0.950696 0.253726
v -0.219376 0.876269 0.410423
v -0.295230 0.768056 0.552336
v -0.086272 0.985270 0.105123
v -0.182513 0.950696 0.222393
v -0.295230 0.876269 0.359739
v -0.397313 0.768056 0.484127
v -0.484127 0.630328 0.589910
v -0.552336 0.468376 0.673024
v -0.599320 0.288424 0.730273
v -0.623777 0.097389 0.760074
v -0.673024 0.468376 0.552336
v -0.730274 0.288424 0.599320
v -0.760074 0.097389 0.623776
v -0.105123 0.985270 0.086272
v -0.222393 0.950696 0.182513
v -0.359739 0.876269 0.295230
v -0.484127 0.768056 0.397313
v -0.589911 0.630328 0.484127
v -0.119934 0.985270 0.064106
v -0.253726 0.950696 0.135619
v -0.410423 0.876269 0.219376
v -0.552336 0.768056 0.295230
v -0.673024 0.630328 0.359739
v -0.767847 0.468376 0.410423
v -0.833163 0.288424 0.445335
v -0.867162 0.097389 0.463507
v -0.833163 0.468376 0.252737
v -0.904035 0.288424 0.274236
v -0.940926 0.097389 0.285426
v -0.130136 0.985270 0.039476
v -0.275309 0.950696 0.083514
v -0.445335 0.876269 0.135091
v -0.599320 0.768056 0.181802
v -0.730273 0.630328 0.221526
v -0.463133 0.876269 0.045615
v -0.623272 0.768057 0.061387
v -0.759459 0.630328 0.074800
v -0.866461 0.468376 0.085339
v -0.940165 0.288424 0.092598
v -0.978530 0.097389 0.096376
v -0.135336 0.985270 0.013329
v -0.286312 0.950696 0.028199
v -0.940165 0.288424 -0.092598
v -0.978530 0.097389 -0.096377
v -0.135336 0.985270 -0.013329
v -0.286312 0.950696 -0.028199
v -0.463133 0.876269 -0.045615
v -0.623272 0.768056 -0.061387
v -0.759459 0.630328 -0.074800
v -0.866461 0.468376 -0.085339
v -0.445335 0.876269 -0.135091
v -0.599320 0.768056 -0.181802
v -0.730273 0.630328 -0.221526
v -0.833163 0.468376 -0.252737
v -0.904034 0.288424 -0.274236
v -0.940925 0.097389 -0.285427
v -0.130136 0.985270 -0.039476
v -0.275309 0.950696 -0.083514
v -0.833163 0.288424 -0.445335
v -0.867162 0.097389 -0.463508
v -0.119934 0.985270 -0.064106
v -0.253726 0.950696 -0.135619
v -0.410423 0.876269 -0.219376
v -0.552336 0.768056 -0.295230
v -0.673024 0.630328 -0.359739
v -0.767847 0.468376 -0.410423
v -0.484127 0.768056 -0.397313
v -0.589910 0.630328 -0.484127
v -0.673024 0.468376 -0.552336
v -0.730273 0.288424 -0.599320
v -0.760073 0.097389 -0.623777
v -0.105123 0.985270 -0.086272
v -0.222393 0.950696 -0.182513
v -0.359739 0.876269 -0.295230
v -0.623776 0.097389 -0.760074
v -0.086272 0.985270 -0.105123
v -0.182513 0.950696 -0.222393
v -0.295230 0.876269 -0.359739
v -0.397313 0.768056 -0.484127
v -0.484127 0.630328 -0.589910
v -0.552336 0.468376 -0.673024
v -0.599320 0.288424 -0.730273
v -0.359739 0.630328 -0.673024
v -0.410423 0.468376 -0.767847
v -0.445335 0.288424 -0.833163
v -0.463507 0.097389 -0.867162
v -0.064106 0.985270 -0.119934
v -0.135619 0.950696 -0.253726
v -0.219375 0.876269 -0.410423
v -0.295230 0.768056 -0.552336
v -0.039476 0.985270 -0.130135
v -0.083514 0.950696 -0.275309
v -0.135091 0.876269 -0.445335
v -0.181802 0.768056 -0.599320
v -0.221526 0.630328 -0.730273
v -0.252737 0.468376 -0.833163
v -0.274236 0.288424 -0.904034
v -0.285426 0.097389 -0.940925
v -0.074800 0.630328 -0.759459
v -0.085339 0.468376 -0.866461
v -0.092598 0.288424 -0.940165
v -0.096376 0.097389 -0.978530
v -0.013329 0.985270 -0.135336
v -0.028199 0.950696 -0.286312
v -0.045614 0.876269 -0.463133
v -0.061387 0.768056 -0.623272
vn 0.0445 0.4249 -0.9041
vn 0.0422 0.5112 -0.8584
vn 0.1261 0.5112 -0.8502
vn 0.1328 0.4249 -0.8954
vn 0.0395 0.5928 -0.8044
vn 0.0365 0.6687 -0.7426
vn 0.1091 0.6687 -0.7355
vn 0.1181 0.5928 -0.7966
vn 0.0331 0.7384 -0.6735
vn 0.0294 0.8010 -0.5979
vn 0.0878 0.8010 -0.5922
vn 0.0989 0.7384 -0.6670
vn 0.0254 0.8560 -0.5163
vn 0.0211 0.9027 -0.4297
vn 0.0631 0.9027 -0.4256
vn 0.0758 0.8560 -0.5114
vn 0.0159 0.9399 -0.3412
vn 0.0057 0.9666 -0.2561
vn 0.0443 0.9666 -0.2523
vn 0.0510 0.9399 -0.3377
vn -0.0253 0.9851 -0.1703
vn 0.0088 0.9959 -0.0897
vn 0.0580 0.9851 -0.1621
vn 0.0488 0.1053 -0.9932
vn 0.0485 0.1536 -0.9869
vn 0.1450 0.1536 -0.9775
vn 0.1459 0.1053 -0.9837
vn 0.0477 0.2413 -0.9693
vn 0.0463 0.3346 -0.9412
vn 0.1382 0.3346 -0.9322
vn 0.1424 0.2413 -0.9600
vn 0.1957 0.5928 -0.7812
vn 0.1807 0.6687 -0.7212
vn 0.2505 0.6687 -0.7001
vn 0.2713 0.5928 -0.7583
vn 0.2200 0.4249 -0.8781
vn 0.2089 0.5112 -0.8337
vn 0.2895 0.5112 -0.8092
vn 0.3049 0.4249 -0.8523
vn 0.2358 0.2413 -0.9414
vn 0.2290 0.3346 -0.9141
vn 0.3174 0.3346 -0.8873
vn 0.3269 0.2413 -0.9137
vn 0.2417 0.1053 -0.9646
vn 0.2401 0.1536 -0.9585
vn 0.3329 0.1536 -0.9304
vn 0.3350 0.1053 -0.9363
vn 0.0084 0.9851 -0.1720
vn 0.0262 0.9959 -0.0862
vn 0.0885 0.9851 -0.1476
vn 0.1256 0.8560 -0.5015
vn 0.1046 0.9027 -0.4174
vn 0.1449 0.9027 -0.4051
vn 0.1741 0.8560 -0.4867
vn 0.0822 0.9399 -0.3315
vn 0.0556 0.9666 -0.2500
vn 0.0927 0.9666 -0.2388
vn 0.1159 0.9399 -0.3213
vn 0.1639 0.7384 -0.6541
vn 0.1455 0.8010 -0.5807
vn 0.2017 0.8010 -0.5637
vn 0.2272 0.7384 -0.6349
vn 0.4252 0.1053 -0.8989
vn 0.4225 0.1536 -0.8933
vn 0.5080 0.1536 -0.8476
vn 0.5112 0.1053 -0.8530
vn 0.0418 0.9851 -0.1670
vn 0.0425 0.9959 -0.0795
vn 0.1156 0.9851 -0.1275
vn 0.1453 0.9399 -0.3091
vn 0.1033 0.9666 -0.2344
vn 0.1375 0.9666 -0.2161
vn 0.1763 0.9399 -0.2925
vn 0.2210 0.8560 -0.4673
vn 0.1840 0.9027 -0.3889
vn 0.2212 0.9027 -0.3691
vn 0.2658 0.8560 -0.4434
vn 0.2883 0.7384 -0.6096
vn 0.2560 0.8010 -0.5412
vn 0.3078 0.8010 -0.5135
vn 0.3467 0.7384 -0.5784
vn 0.3444 0.5928 -0.7280
vn 0.3179 0.6687 -0.6721
vn 0.3822 0.6687 -0.6378
vn 0.4140 0.5928 -0.6908
vn 0.3871 0.4249 -0.8183
vn 0.3675 0.5112 -0.7769
vn 0.4418 0.5112 -0.7372
vn 0.4653 0.4249 -0.7765
vn 0.4150 0.2413 -0.8773
vn 0.4029 0.3346 -0.8519
vn 0.4844 0.3346 -0.8083
vn 0.4989 0.2413 -0.8324
vn 0.4017 0.7384 -0.5416
vn 0.3566 0.8010 -0.4808
vn 0.4020 0.8010 -0.4436
vn 0.4528 0.7384 -0.4997
vn 0.4798 0.5928 -0.6468
vn 0.4429 0.6687 -0.5972
vn 0.4993 0.6687 -0.5509
vn 0.5408 0.5928 -0.5967
vn 0.5393 0.4249 -0.7271
vn 0.5120 0.5112 -0.6903
vn 0.5772 0.5112 -0.6368
vn 0.6079 0.4249 -0.6708
vn 0.5781 0.2413 -0.7795
vn 0.5614 0.3346 -0.7569
vn 0.6328 0.3346 -0.6983
vn 0.6517 0.2413 -0.7191
vn 0.5924 0.1053 -0.7987
vn 0.5887 0.1536 -0.7937
vn 0.6636 0.1536 -0.7322
vn 0.6678 0.1053 -0.7369
vn 0.0736 0.9851 -0.1556
vn 0.0572 0.9959 -0.0697
vn 0.1383 0.9851 -0.1025
vn 0.2028 0.9399 -0.2749
vn 0.1470 0.9666 -0.2097
vn 0.1770 0.9666 -0.1851
vn 0.2300 0.9399 -0.2525
vn 0.3080 0.8560 -0.4152
vn 0.2563 0.9027 -0.3456
vn 0.2889 0.9027 -0.3188
vn 0.3472 0.8560 -0.3831
vn 0.7369 0.1053 -0.6678
vn 0.7322 0.1536 -0.6636
vn 0.7937 0.1536 -0.5887
vn 0.7987 0.1053 -0.5924
vn 0.1025 0.9851 -0.1383
vn 0.0697 0.9959 -0.0572
vn 0.1556 0.9851 -0.0736
vn 0.2525 0.9399 -0.2300
vn 0.1851 0.9666 -0.1770
vn 0.2097 0.9666 -0.1470
vn 0.2749 0.9399 -0.2028
vn 0.3831 0.8560 -0.3472
vn 0.3188 0.9027 -0.2889
vn 0.3456 0.9027 -0.2563
vn 0.4152 0.8560 -0.3080
vn 0.4997 0.7384 -0.4528
vn 0.4436 0.8010 -0.4020
vn 0.4808 0.8010 -0.3566
vn 0.5416 0.7384 -0.4017
vn 0.5967 0.5928 -0.5408
vn 0.5509 0.6687 -0.4993
vn 0.5972 0.6687 -0.4429
vn 0.6468 0.5928 -0.4798
vn 0.6708 0.4249 -0.6079
vn 0.6368 0.5112 -0.5772
vn 0.6903 0.5112 -0.5120
vn 0.7271 0.4249 -0.5393
vn 0.7191 0.2413 -0.6517
vn 0.6983 0.3346 -0.6328
vn 0.7569 0.3346 -0.5614
vn 0.7795 0.2413 -0.5781
vn 0.6908 0.5928 -0.4140
vn 0.6378 0.6687 -0.3822
vn 0.6721 0.6687 -0.3179
vn 0.7280 0.5928 -0.3444
vn 0.7765 0.4249 -0.4653
vn 0.7372 0.5112 -0.4418
vn 0.7769 0.5112 -0.3675
vn 0.8183 0.4249 -0.3871
vn 0.8324 0.2413 -0.4989
vn 0.8083 0.3346 -0.4844
vn 0.8519 0.3346 -0.4029
vn 0.8773 0.2413 -0.4150
vn 0.8530 0.1053 -0.5112
vn 0.8476 0.1536 -0.5080
vn 0.8933 0.1536 -0.4225
vn 0.8989 0.1053 -0.4252
vn 0.1275 0.9851 -0.1156
vn 0.0795 0.9959 -0.0425
vn 0.1670 0.9851 -0.0418
vn 0.2925 0.9399 -0.1763
vn 0.2161 0.9666 -0.1375
vn 0.2344 0.9666 -0.1033
vn 0.3091 0.9399 -0.1453
vn 0.4434 0.8560 -0.2658
vn 0.3691 0.9027 -0.2212
vn 0.3889 0.9027 -0.1840
vn 0.4673 0.8560 -0.2210
vn 0.5784 0.7384 -0.3467
vn 0.5135 0.8010 -0.3078
vn 0.5412 0.8010 -0.2560
vn 0.6096 0.7384 -0.2883
vn 0.1476 0.9851 -0.0885
vn 0.0862 0.9959 -0.0262
vn 0.1720 0.9851 -0.0084
vn 0.3213 0.9399 -0.1159
vn 0.2388 0.9666 -0.0927
vn 0.2500 0.9666 -0.0556
vn 0.3315 0.9399 -0.0822
vn 0.4867 0.8560 -0.1741
vn 0.4051 0.9027 -0.1449
vn 0.4174 0.9027 -0.1046
vn 0.5015 0.8560 -0.1256
vn 0.6349 0.7384 -0.2272
vn 0.5637 0.8010 -0.2017
vn 0.5807 0.8010 -0.1455
vn 0.6541 0.7384 -0.1639
vn 0.7583 0.5928 -0.2713
vn 0.7001 0.6687 -0.2505
vn 0.7212 0.6687 -0.1807
vn 0.7812 0.5928 -0.1957
vn 0.8523 0.4249 -0.3049
vn 0.8092 0.5112 -0.2895
vn 0.8337 0.5112 -0.2089
vn 0.8781 0.4249 -0.2200
vn 0.9137 0.2413 -0.3269
vn 0.8873 0.3346 -0.3174
vn 0.9141 0.3346 -0.2290
vn 0.9414 0.2413 -0.2358
vn 0.9363 0.1053 -0.3350
vn 0.9304 0.1536 -0.3329
vn 0.9585 0.1536 -0.2401
vn 0.9646 0.1053 -0.2417
vn 0.7966 0.5928 -0.1181
vn 0.7355 0.6687 -0.1091
vn 0.7426 0.6687 -0.0365
vn 0.8044 0.5928 -0.0395
vn 0.8954 0.4249 -0.1328
vn 0.8502 0.5112 -0.1261
vn 0.8584 0.5112 -0.0422
vn 0.9041 0.4249 -0.0445
vn 0.9600 0.2413 -0.1424
vn 0.9322 0.3346 -0.1382
vn 0.9412 0.3346 -0.0463
vn 0.9693 0.2413 -0.0477
vn 0.9837 0.1053 -0.1459
vn 0.9774 0.1536 -0.1450
vn 0.9869 0.1536 -0.0485
vn 0.9932 0.1053 -0.0488
vn 0.1621 0.9851 -0.0580
vn 0.0897 0.9959 -0.0088
vn 0.1703 0.9851 0.0253
vn 0.3377 0.9399 -0.0510
vn 0.2523 0.9666 -0.0443
vn 0.2561 0.9666 -0.0057
vn 0.3412 0.9399 -0.0159
vn 0.5114 0.8560 -0.0758
vn 0.4256 0.9027 -0.0631
vn 0.4297 0.9027 -0.0211
vn 0.5163 0.8560 -0.0254
vn 0.6670 0.7384 -0.0989
vn 0.5922 0.8010 -0.0878
vn 0.5979 0.8010 -0.0294
vn 0.6735 0.7384 -0.0331
vn 0.1703 0.9851 -0.0253
vn 0.0897 0.9959 0.0088
vn 0.1621 0.9851 0.0580
vn 0.3412 0.9399 0.0159
vn 0.2561 0.9666 0.0057
vn 0.2523 0.9666 0.0443
vn 0.3377 0.9399 0.0510
vn 0.5163 0.8560 0.0254
vn 0.4297 0.9027 0.0211
vn 0.4256 0.9027 0.0631
vn 0.5114 0.8560 0.0758
vn 0.6735 0.7384 0.0331
vn 0.5979 0.8010 0.0294
vn 0.5922 0.8010 0.0878
vn 0.6670 0.7384 0.0989
vn 0.8044 0.5928 0.0395
vn 0.7426 0.6687 0.0365
vn 0.7355 0.6687 0.1091
vn 0.7966 0.5928 0.1181
vn 0.9041 0.4249 0.0445
vn 0.8584 0.5112 0.0422
vn 0.8502 0.5112 0.1261
vn 0.8954 0.4249 0.1328
vn 0.9693 0.2413 0.0477
vn 0.9412 0.3346 0.0463
vn 0.9322 0.3346 0.1382
vn 0.9600 0.2413 0.1424
vn 0.9932 0.1053 0.0488
vn 0.9869 0.1536 0.0485
vn 0.9774 0.1536 0.1450
vn 0.9837 0.1053 0.1459
vn 0.8781 0.4249 0.2200
vn 0.8337 0.5112 0.2089
vn 0.8092 0.5112 0.2895
vn 0.8523 0.4249 0.3049
vn 0.9414 0.2413 0.2358
vn 0.9141 0.3346 0.2290
vn 0.8873 0.3346 0.3174
vn 0.9137 0.2413 0.3269
vn 0.9646 0.1053 0.2417
vn 0.9585 0.1536 0.2401
vn 0.9304 0.1536 0.3329
vn 0.9363 0.1053 0.3350
vn 0.1720 0.9851 0.0084
vn 0.0862 0.9959 0.0262
vn 0.1476 0.9851 0.0885
vn 0.3315 0.9399 0.0822
vn 0.2500 0.9666 0.0556
vn 0.2388 0.9666 0.0927
vn 0.3213 0.9399 0.1159
vn 0.5015 0.8560 0.1256
vn 0.4174 0.9027 0.1046
vn 0.4051 0.9027 0.1449
vn 0.4867 0.8560 0.1741
vn 0.6541 0.7384 0.1639
vn 0.5807 0.8010 0.1455
vn 0.5637 0.8010 0.2017
vn 0.6349 0.7384 0.2272
vn 0.7812 0.5928 0.1957
vn 0.7212 0.6687 0.1807
vn 0.7001 0.6687 0.2505
vn 0.7583 0.5928 0.2713
vn 0.3091 0.9399 0.1453
vn 0.2344 0.9666 0.1033
vn 0.2161 0.9666 0.1375
vn 0.2925 0.9399 0.1763
vn 0.4673 0.8560 0.2210
vn 0.3889 0.9027 0.1840
vn 0.3691 0.9027 0.2212
vn 0.4434 0.8560 0.2658
vn 0.6096 0.7384 0.2883
vn 0.5412 0.8010 0.2560
vn 0.5135 0.8010 0.3078
vn 0.5784 0.7384 0.3467
vn 0.7280 0.5928 0.3444
vn 0.6721 0.6687 0.3179
vn 0.6378 0.6687 0.3822
vn 0.6908 0.5928 0.4140
vn 0.8183 0.4249 0.3871
vn 0.7769 0.5112 0.3675
vn 0.7372 0.5112 0.4418
vn 0.7765 0.4249 0.4653
vn 0.8773 0.2413 0.4150
vn 0.8519 0.3346 0.4029
vn 0.8083 0.3346 0.4844
vn 0.8324 0.2413 0.4989
vn 0.8989 0.1053 0.4252
vn 0.8933 0.1536 0.4225
vn 0.8476 0.1536 0.5080
vn 0.8530 0.1053 0.5112
vn 0.1670 0.9851 0.0418
vn 0.0795 0.9959 0.0425
vn 0.1275 0.9851 0.1156
vn 0.7795 0.2413 0.5781
vn 0.7569 0.3346 0.5614
vn 0.6983 0.3346 0.6328
vn 0.7191 0.2413 0.6517
vn 0.7987 0.1053 0.5924
vn 0.7937 0.1536 0.5887
vn 0.7322 0.1536 0.6636
vn 0.7369 0.1053 0.6678
vn 0.1556 0.9851 0.0736
vn 0.0697 0.9959 0.0572
vn 0.1025 0.9851 0.1383
vn 0.2749 0.9399 0.2028
vn 0.2097 0.9666 0.1470
vn 0.1851 0.9666 0.1770
vn 0.2525 0.9399 0.2300
vn 0.4152 0.8560 0.3080
vn 0.3456 0.9027 0.2563
vn 0.3188 0.9027 0.2889
vn 0.3831 0.8560 0.3472
vn 0.5416 0.7384 0.4017
vn 0.4808 0.8010 0.3566
vn 0.4436 0.8010 0.4020
vn 0.4997 0.7384 0.4528
vn 0.6468 0.5928 0.4798
vn 0.5972 0.6687 0.4429
vn 0.5509 0.6687 0.4993
vn 0.5967 0.5928 0.5408
vn 0.7271 0.4249 0.5393
vn 0.6903 0.5112 0.5120
vn 0.6368 0.5112 0.5772
vn 0.6708 0.4249 0.6079
vn 0.3472 0.8560 0.3831
vn 0.2889 0.9027 0.3188
vn 0.2563 0.9027 0.3456
vn 0.3080 0.8560 0.4152
vn 0.4528 0.7384 0.4997
vn 0.4020 0.8010 0.4436
vn 0.3566 0.8010 0.4808
vn 0.4017 0.7384 0.5416
vn 0.5408 0.5928 0.5967
vn 0.4993 0.6687 0.5509
vn 0.4429 0.6687 0.5972
vn 0.4798 0.5928 0.6468
vn 0.6079 0.4249 0.6708
vn 0.5772 0.5112 0.6368
vn 0.5120 0.5112 0.6903
vn 0.5393 0.4249 0.7271
vn 0.6517 0.2413 0.7191
vn 0.6328 0.3346 0.6983
vn 0.5614 0.3346 0.7569
vn 0.5781 0.2413 0.7795
vn 0.6678 0.1053 0.7369
vn 0.6636 0.1536 0.7322
vn 0.5887 0.1536 0.7937
vn 0.5924 0.1053 0.7987
vn 0.1383 0.9851 0.1025
vn 0.0572 0.9959 0.0697
vn 0.0736 0.9851 0.1556
vn 0.2300 0.9399 0.2525
vn 0.1770 0.9666 0.1851
vn 0.1470 0.9666 0.2097
vn 0.2028 0.9399 0.2749
vn 0.4989 0.2413 0.8324
vn 0.4844 0.3346 0.8083
vn 0.4029 0.3346 0.8519
vn 0.4150 0.2413 0.8773
vn 0.5112 0.1053 0.8530
vn 0.5080 0.1536 0.8476
vn 0.4225 0.1536 0.8933
vn 0.4252 0.1053 0.8989
vn 0.1156 0.9851 0.1275
vn 0.0425 0.9959 0.0795
vn 0.0418 0.9851 0.1670
vn 0.1763 0.9399 0.2925
vn 0.1375 0.9666 0.2161
vn 0.1033 0.9666 0.2344
vn 0.1453 0.9399 0.3091
vn 0.2658 0.8560 0.4434
vn 0.2212 0.9027 0.3691
vn 0.1840 0.9027 0.3889
vn 0.2210 0.8560 0.4673
vn 0.3467 0.7384 0.5784
vn 0.3078 0.8010 0.5135
vn 0.2560 0.8010 0.5412
vn 0.2883 0.7384 0.6096
vn 0.4140 0.5928 0.6908
vn 0.3822 0.6687 0.6378
vn 0.3179 0.6687 0.6721
vn 0.3444 0.5928 0.7280
vn 0.4653 0.4249 0.7765
vn 0.4418 0.5112 0.7372
vn 0.3675 0.5112 0.7769
vn 0.3871 0.4249 0.8183
vn 0.2272 0.7384 0.6349
vn 0.2017 0.8010 0.5637
vn 0.1455 0.8010 0.5807
vn 0.1639 0.7384 0.6541
vn 0.2713 0.5928 0.7583
vn 0.2505 0.6687 0.7001
vn 0.1807 0.6687 0.7212
vn 0.1957 0.5928 0.7812
vn 0.3049 0.4249 0.8523
vn 0.2895 0.5112 0.8092
vn 0.2089 0.5112 0.8337
vn 0.2200 0.4249 0.8781
vn 0.3269 0.2413 0.9137
vn 0.3174 0.3346 0.8873
vn 0.2290 0.3346 0.9141
vn 0.2358 0.2413 0.9414
vn 0.3350 0.1053 0.9363
vn 0.3329 0.1536 0.9304
vn 0.2401 0.1536 0.9585
vn 0.2417 0.1053 0.9646
vn 0.0885 0.9851 0.1476
vn 0.0262 0.9959 0.0862
vn 0.0084 0.9851 0.1720
vn 0.1159 0.9399 0.3213
vn 0.0927 0.9666 0.2388
vn 0.0556 0.9666 0.2500
vn 0.0822 0.9399 0.3315
vn 0.1741 0.8560 0.4867
vn 0.1449 0.9027 0.4051
vn 0.1046 0.9027 0.4174
vn 0.1256 0.8560 0.5015
vn 0.1459 0.1053 0.9837
vn 0.1450 0.1536 0.9775
vn 0.0485 0.1536 0.9869
vn 0.0488 0.1053 0.9932
vn 0.0580 0.9851 0.1621
vn 0.0088 0.9959 0.0897
vn -0.0253 0.9851 0.1703
vn 0.0510 0.9399 0.3377
vn 0.0443 0.9666 0.2523
vn 0.0057 0.9666 0.2561
vn 0.0159 0.9399 0.3412
vn 0.0758 0.8560 0.5114
vn 0.0631 0.9027 0.4256
vn 0.0211 0.9027 0.4297
vn 0.0254 0.8560 0.5163
vn 0.0989 0.7384 0.6670
vn 0.0878 0.8010 0.5922
vn 0.0294 0.8010 0.5979
vn 0.0331 0.7384 0.6735
vn 0.1181 0.5928 0.7966
vn 0.1091 0.6687 0.7355
vn 0.0365 0.6687 0.7426
vn 0.0395 0.5928 0.8044
vn 0.1328 0.4249 0.8954
vn 0.1261 0.5112 0.8502
vn 0.0422 0.5112 0.8584
vn 0.0445 0.4249 0.9041
vn 0.1424 0.2413 0.9600
vn 0.1382 0.3346 0.9322
vn 0.0463 0.3346 0.9412
vn 0.0477 0.2413 0.9693
vn -0.0331 0.7384 0.6735
vn -0.0294 0.8010 0.5979
vn -0.0878 0.8010 0.5922
vn -0.0989 0.7384 0.6670
vn -0.0395 0.5928 0.8044
vn -0.0365 0.6687 0.7426
vn -0.1091 0.6687 0.7355
vn -0.1181 0.5928 0.7966
vn -0.0445 0.4249 0.9041
vn -0.0422 0.5112 0.8584
vn -0.1261 0.5112 0.8502
vn -0.1328 0.4249 0.8954
vn -0.0477 0.2413 0.9693
vn -0.0463 0.3346 0.9412
vn -0.1382 0.3346 0.9322
vn -0.1424 0.2413 0.9600
vn -0.0488 0.1053 0.9932
vn -0.0485 0.1536 0.9869
vn -0.1450 0.1536 0.9774
vn -0.1459 0.1053 0.9837
vn 0.0253 0.9851 0.1703
vn -0.0088 0.9959 0.0897
vn -0.0580 0.9851 0.1621
vn -0.0159 0.9399 0.3412
vn -0.0057 0.9666 0.2561
vn -0.0443 0.9666 0.2523
vn -0.0510 0.9399 0.3377
vn -0.0254 0.8560 0.5163
vn -0.0211 0.9027 0.4297
vn -0.0631 0.9027 0.4256
vn -0.0758 0.8560 0.5114
vn -0.2417 0.1053 0.9646
vn -0.2401 0.1536 0.9585
vn -0.3329 0.1536 0.9304
vn -0.3350 0.1053 0.9363
vn -0.0084 0.9851 0.1720
vn -0.0262 0.9959 0.0862
vn -0.0885 0.9851 0.1476
vn -0.0822 0.9399 0.3315
vn -0.0556 0.9666 0.2500
vn -0.0927 0.9666 0.2388
vn -0.1159 0.9399 0.3213
vn -0.1256 0.8560 0.5015
vn -0.1046 0.9027 0.4174
vn -0.1449 0.9027 0.4051
vn -0.1741 0.8560 0.4867
vn -0.1639 0.7384 0.6541
vn -0.1455 0.8010 0.5807
vn -0.2017 0.8010 0.5637
vn -0.2272 0.7384 0.6349
vn -0.1957 0.5928 0.7812
vn -0.1807 0.6687 0.7212
vn -0.2505 0.6687 0.7001
vn -0.2713 0.5928 0.7583
vn -0.2200 0.4249 0.8781
vn -0.2089 0.5112 0.8337
vn -0.2895 0.5112 0.8092
vn -0.3049 0.4249 0.8523
vn -0.2358 0.2413 0.9414
vn -0.2290 0.3346 0.9141
vn -0.3174 0.3346 0.8873
vn -0.3269 0.2413 0.9137
vn -0.3444 0.5928 0.7280
vn -0.3179 0.6687 0.6721
vn -0.3822 0.6687 0.6378
vn -0.4140 0.5928 0.6908
vn -0.3871 0.4249 0.8183
vn -0.3675 0.5112 0.7769
vn -0.4418 0.5112 0.7372
vn -0.4653 0.4249 0.7765
vn -0.4150 0.2413 0.8773
vn -0.4029 0.3346 0.8519
vn -0.4844 0.3346 0.8083
vn -0.4989 0.2413 0.8324
vn -0.4252 0.1053 0.8989
vn -0.4225 0.1536 0.8933
vn -0.5080 0.1536 0.8476
vn -0.5112 0.1053 0.8530
vn -0.0418 0.9851 0.1670
vn -0.0425 0.9959 0.0795
vn -0.1156 0.9851 0.1275
vn -0.1453 0.9399 0.3091
vn -0.1033 0.9666 0.2344
vn -0.1375 0.9666 0.2161
vn -0.1763 0.9399 0.2925
vn -0.2210 0.8560 0.4673
vn -0.1840 0.9027 0.3889
vn -0.2212 0.9027 0.3691
vn -0.2658 0.8560 0.4434
vn -0.2883 0.7384 0.6096
vn -0.2560 0.8010 0.5412
vn -0.3078 0.8010 0.5135
vn -0.3467 0.7384 0.5784
vn -0.0736 0.9851 0.1556
vn -0.0572 0.9959 0.0697
vn -0.1383 0.9851 0.1025
vn -0.2028 0.9399 0.2749
vn -0.1470 0.9666 0.2097
vn -0.1770 0.9666 0.1851
vn -0.2300 0.9399 0.2525
vn -0.3080 0.8560 0.4152
vn -0.2563 0.9027 0.3456
vn -0.2889 0.9027 0.3188
vn -0.3472 0.8560 0.3831
vn -0.4017 0.7384 0.5416
vn -0.3566 0.8010 0.4808
vn -0.4020 0.8010 0.4436
vn -0.4528 0.7384 0.4997
vn -0.4798 0.5928 0.6468
vn -0.4429 0.6687 0.5972
vn -0.4993 0.6687 0.5509
vn -0.5408 0.5928 0.5967
vn -0.5393 0.4249 0.7271
vn -0.5120 0.5112 0.6903
vn -0.5772 0.5112 0.6368
vn -0.6079 0.4249 0.6708
vn -0.5781 0.2413 0.7795
vn -0.5614 0.3346 0.7569
vn -0.6328 0.3346 0.6983
vn -0.6517 0.2413 0.7191
vn -0.5924 0.1053 0.7987
vn -0.5887 0.1536 0.7937
vn -0.6636 0.1536 0.7322
vn -0.6678 0.1053 0.7369
vn -0.6708 0.4249 0.6079
vn -0.6368 0.5112 0.5772
vn -0.6903 0.5112 0.5120
vn -0.7271 0.4249 0.5393
vn -0.7191 0.2413 0.6517
vn -0.6983 0.3346 0.6328
vn -0.7569 0.3346 0.5614
vn -0.7795 0.2413 0.5781
vn -0.7369 0.1053 0.6678
vn -0.7322 0.1536 0.6636
vn -0.7937 0.1536 0.5887
vn -0.7987 0.1053 0.5924
vn -0.1025 0.9851 0.1383
vn -0.0697 0.9959 0.0572
vn -0.1556 0.9851 0.0736
vn -0.2525 0.9399 0.2300
vn -0.1851 0.9666 0.1770
vn -0.2097 0.9666 0.1470
vn -0.2749 0.9399 0.2028
vn -0.3831 0.8560 0.3472
vn -0.3188 0.9027 0.2889
vn -0.3456 0.9027 0.2563
vn -0.4152 0.8560 0.3080
vn -0.4997 0.7384 0.4528
vn -0.4436 0.8010 0.4020
vn -0.4808 0.8010 0.3566
vn -0.5416 0.7384 0.4017
vn -0.5967 0.5928 0.5408
vn -0.5509 0.6687 0.4993
vn -0.5972 0.6687 0.4429
vn -0.6468 0.5928 0.4798
vn -0.1275 0.9851 0.1156
vn -0.0795 0.9959 0.0425
vn -0.1670 0.9851 0.0418
vn -0.2925 0.9399 0.1763
vn -0.2161 0.9666 0.1375
vn -0.2344 0.9666 0.1033
vn -0.3091 0.9399 0.1453
vn -0.4434 0.8560 0.2658
vn -0.3691 0.9027 0.2212
vn -0.3889 0.9027 0.1840
vn -0.4673 0.8560 0.2210
vn -0.5784 0.7384 0.3467
vn -0.5135 0.8010 0.3078
vn -0.5412 0.8010 0.2560
vn -0.6096 0.7384 0.2883
vn -0.6908 0.5928 0.4140
vn -0.6378 0.6687 0.3822
vn -0.6721 0.6687 0.3179
vn -0.7280 0.5928 0.3444
vn -0.7765 0.4249 0.4653
vn -0.7372 0.5112 0.4418
vn -0.7769 0.5112 0.3675
vn -0.8183 0.4249 0.3871
vn -0.8324 0.2413 0.4989
vn -0.8083 0.3346 0.4844
vn -0.8519 0.3346 0.4029
vn -0.8773 0.2413 0.4150
vn -0.8530 0.1053 0.5112
vn -0.8476 0.1536 0.5080
vn -0.8933 0.1536 0.4225
vn -0.8989 0.1053 0.4252
vn -0.8523 0.4249 0.3049
vn -0.8092 0.5112 0.2895
vn -0.8337 0.5112 0.2089
vn -0.8781 0.4249 0.2200
vn -0.9137 0.2413 0.3269
vn -0.8873 0.3346 0.3174
vn -0.9141 0.3346 0.2290
vn -0.9414 0.2413 0.2358
vn -0.9363 0.1053 0.3350
vn -0.9304 0.1536 0.3329
vn -0.9585 0.1536 0.2401
vn -0.9646 0.1053 0.2417
vn -0.1476 0.9851 0.0885
vn -0.0862 0.9959 0.0262
vn -0.1720 0.9851 0.0084
vn -0.3213 0.9399 0.1159
vn -0.2388 0.9666 0.0927
vn -0.2500 0.9666 0.0556
vn -0.3315 0.9399 0.0822
vn -0.4867 0.8560 0.1741
vn -0.4051 0.9027 0.1449
vn -0.4174 0.9027 0.1046
vn -0.5015 0.8560 0.1256
vn -0.6349 0.7384 0.2272
vn -0.5637 0.8010 0.2017
vn -0.5807 0.8010 0.1455
vn -0.6541 0.7384 0.1639
vn -0.7583 0.5928 0.2713
vn -0.7001 0.6687 0.2505
vn -0.7212 0.6687 0.1807
vn -0.7812 0.5928 0.1957
vn -0.5114 0.8560 0.0758
vn -0.4256 0.9027 0.0631
vn -0.4297 0.9027 0.0211
vn -0.5163 0.8560 0.0254
vn -0.6670 0.7384 0.0989
vn -0.5922 0.8010 0.0878
vn -0.5979 0.8010 0.0294
vn -0.6735 0.7384 0.0331
vn -0.7966 0.5928 0.1181
vn -0.7355 0.6687 0.1091
vn -0.7426 0.6687 0.0365
vn -0.8044 0.5928 0.0395
vn -0.8954 0.4249 0.1328
vn -0.8502 0.5112 0.1261
vn -0.8584 0.5112 0.0422
vn -0.9041 0.4249 0.0445
vn -0.9600 0.2413 0.1424
vn -0.9322 0.3346 0.1382
vn -0.9412 0.3346 0.0463
vn -0.9693 0.2413 0.0477
vn -0.9837 0.1053 0.1459
vn -0.9775 0.1536 0.1450
vn -0.9869 0.1536 0.0485
vn -0.9932 0.1053 0.0488
vn -0.1621 0.9851 0.0580
vn -0.0897 0.9959 0.0088
vn -0.1703 0.9851 -0.0253
vn -0.3377 0.9399 0.0510
vn -0.2523 0.9666 0.0443
vn -0.2561 0.9666 0.0057
vn -0.3412 0.9399 0.0159
vn -0.9693 0.2413 -0.0477
vn -0.9412 0.3346 -0.0463
vn -0.9322 0.3346 -0.1382
vn -0.9600 0.2413 -0.1424
vn -0.9932 0.1053 -0.0488
vn -0.9869 0.1536 -0.0485
vn -0.9774 0.1536 -0.1450
vn -0.9837 0.1053 -0.1459
vn -0.1703 0.9851 0.0253
vn -0.0897 0.9959 -0.0088
vn -0.1621 0.9851 -0.0580
vn -0.3412 0.9399 -0.0159
vn -0.2561 0.9666 -0.0057
vn -0.2523 0.9666 -0.0443
vn -0.3377 0.9399 -0.0510
vn -0.5163 0.8560 -0.0254
vn -0.4297 0.9027 -0.0211
vn -0.4256 0.9027 -0.0631
vn -0.5114 0.8560 -0.0758
vn -0.6735 0.7384 -0.0331
vn -0.5979 0.8010 -0.0294
vn -0.5922 0.8010 -0.0878
vn -0.6670 0.7384 -0.0989
vn -0.8044 0.5928 -0.0395
vn -0.7426 0.6687 -0.0365
vn -0.7355 0.6687 -0.1091
vn -0.7966 0.5928 -0.1181
vn -0.9041 0.4249 -0.0445
vn -0.8584 0.5112 -0.0422
vn -0.8502 0.5112 -0.1261
vn -0.8954 0.4249 -0.1328
vn -0.5015 0.8560 -0.1256
vn -0.4174 0.9027 -0.1046
vn -0.4051 0.9027 -0.1449
vn -0.4867 0.8560 -0.1741
vn -0.6541 0.7384 -0.1639
vn -0.5807 0.8010 -0.1455
vn -0.5637 0.8010 -0.2017
vn -0.6349 0.7384 -0.2272
vn -0.7812 0.5928 -0.1957
vn -0.7212 0.6687 -0.1807
vn -0.7001 0.6687 -0.2505
vn -0.7583 0.5928 -0.2713
vn -0.8781 0.4249 -0.2200
vn -0.8337 0.5112 -0.2089
vn -0.8092 0.5112 -0.2895
vn -0.8523 0.4249 -0.3049
vn -0.9414 0.2413 -0.2358
vn -0.9141 0.3346 -0.2290
vn -0.8873 0.3346 -0.3174
vn -0.9137 0.2413 -0.3269
vn -0.9646 0.1053 -0.2417
vn -0.9585 0.1536 -0.2401
vn -0.9304 0.1536 -0.3329
vn -0.9363 0.1053 -0.3350
vn -0.1720 0.9851 -0.0084
vn -0.0862 0.9959 -0.0262
vn -0.1476 0.9851 -0.0885
vn -0.3315 0.9399 -0.0822
vn -0.2500 0.9666 -0.0556
vn -0.2388 0.9666 -0.0927
vn -0.3213 0.9399 -0.1159
vn -0.8773 0.2413 -0.4150
vn -0.8519 0.3346 -0.4029
vn -0.8083 0.3346 -0.4844
vn -0.8324 0.2413 -0.4989
vn -0.8989 0.1053 -0.4252
vn -0.8933 0.1536 -0.4225
vn -0.8476 0.1536 -0.5080
vn -0.8530 0.1053 -0.5112
vn -0.1670 0.9851 -0.0418
vn -0.0795 0.9959 -0.0425
vn -0.1275 0.9851 -0.1156
vn -0.3091 0.9399 -0.1453
vn -0.2344 0.9666 -0.1033
vn -0.2161 0.9666 -0.1375
vn -0.2925 0.9399 -0.1763
vn -0.4673 0.8560 -0.2210
vn -0.3889 0.9027 -0.1840
vn -0.3691 0.9027 -0.2212
vn -0.4434 0.8560 -0.2658
vn -0.6096 0.7384 -0.2883
vn -0.5412 0.8010 -0.2560
vn -0.5135 0.8010 -0.3078
vn -0.5784 0.7384 -0.3467
vn -0.7280 0.5928 -0.3444
vn -0.6721 0.6687 -0.3179
vn -0.6378 0.6687 -0.3822
vn -0.6908 0.5928 -0.4140
vn -0.8183 0.4249 -0.3871
vn -0.7769 0.5112 -0.3675
vn -0.7372 0.5112 -0.4418
vn -0.7765 0.4249 -0.4653
vn -0.5416 0.7384 -0.4017
vn -0.4808 0.8010 -0.3566
vn -0.4436 0.8010 -0.4020
vn -0.4997 0.7384 -0.4528
vn -0.6468 0.5928 -0.4798
vn -0.5972 0.6687 -0.4429
vn -0.5509 0.6687 -0.4993
vn -0.5967 0.5928 -0.5408
vn -0.7271 0.4249 -0.5393
vn -0.6903 0.5112 -0.5120
vn -0.6368 0.5112 -0.5772
vn -0.6708 0.4249 -0.6079
vn -0.7795 0.2413 -0.5781
vn -0.7569 0.3346 -0.5614
vn -0.6983 0.3346 -0.6328
vn -0.7191 0.2413 -0.6517
vn -0.7987 0.1053 -0.5924
vn -0.7937 0.1536 -0.5887
vn -0.7322 0.1536 -0.6636
vn -0.7369 0.1053 -0.6678
vn -0.1556 0.9851 -0.0736
vn -0.0697 0.9959 -0.0572
vn -0.1025 0.9851 -0.1383
vn -0.2749 0.9399 -0.2028
vn -0.2097 0.9666 -0.1470
vn -0.1851 0.9666 -0.1770
vn -0.2525 0.9399 -0.2300
vn -0.4152 0.8560 -0.3080
vn -0.3456 0.9027 -0.2563
vn -0.3188 0.9027 -0.2889
vn -0.3831 0.8560 -0.3472
vn -0.6678 0.1053 -0.7369
vn -0.6636 0.1536 -0.7322
vn -0.5887 0.1536 -0.7937
vn -0.5924 0.1053 -0.7987
vn -0.1383 0.9851 -0.1025
vn -0.0572 0.9959 -0.0697
vn -0.0736 0.9851 -0.1556
vn -0.2300 0.9399 -0.2525
vn -0.1770 0.9666 -0.1851
vn -0.1470 0.9666 -0.2097
vn -0.2028 0.9399 -0.2749
vn -0.3472 0.8560 -0.3831
vn -0.2889 0.9027 -0.3188
vn -0.2563 0.9027 -0.3456
vn -0.3080 0.8560 -0.4152
vn -0.4528 0.7384 -0.4997
vn -0.4020 0.8010 -0.4436
vn -0.3566 0.8010 -0.4808
vn -0.4017 0.7384 -0.5416
vn -0.5408 0.5928 -0.5967
vn -0.4993 0.6687 -0.5509
vn -0.4429 0.6687 -0.5972
vn -0.4798 0.5928 -0.6468
vn -0.6079 0.4249 -0.6708
vn -0.5772 0.5112 -0.6368
vn -0.5120 0.5112 -0.6903
vn -0.5393 0.4249 -0.7271
vn -0.6517 0.2413 -0.7191
vn -0.6328 0.3346 -0.6983
vn -0.5614 0.3346 -0.7569
vn -0.5781 0.2413 -0.7795
vn -0.4140 0.5928 -0.6908
vn -0.3822 0.6687 -0.6378
vn -0.3179 0.6687 -0.6721
vn -0.3444 0.5928 -0.7280
vn -0.4653 0.4249 -0.7765
vn -0.4418 0.5112 -0.7372
vn -0.3675 0.5112 -0.7769
vn -0.3871 0.4249 -0.8183
vn -0.4989 0.2413 -0.8324
vn -0.4844 0.3346 -0.8083
vn -0.4029 0.3346 -0.8519
vn -0.4150 0.2413 -0.8773
vn -0.5112 0.1053 -0.8530
vn -0.5080 0.1536 -0.8476
vn -0.4225 0.1536 -0.8933
vn -0.4252 0.1053 -0.8989
vn -0.1156 0.9851 -0.1275
vn -0.0425 0.9959 -0.0795
vn -0.0418 0.9851 -0.1670
vn -0.1763 0.9399 -0.2925
vn -0.1375 0.9666 -0.2161
vn -0.1033 0.9666 -0.2344
vn -0.1453 0.9399 -0.3091
vn -0.2658 0.8560 -0.4434
vn -0.2212 0.9027 -0.3691
vn -0.1840 0.9027 -0.3889
vn -0.2210 0.8560 -0.4673
vn -0.3467 0.7384 -0.5784
vn -0.3078 0.8010 -0.5135
vn -0.2560 0.8010 -0.5412
vn -0.2883 0.7384 -0.6096
vn -0.0885 0.9851 -0.1476
vn -0.0262 0.9959 -0.0862
vn -0.0084 0.9851 -0.1720
vn -0.1159 0.9399 -0.3213
vn -0.0927 0.9666 -0.2388
vn -0.0556 0.9666 -0.2500
vn -0.0822 0.9399 -0.3315
vn -0.1741 0.8560 -0.4867
vn -0.1449 0.9027 -0.4051
vn -0.1046 0.9027 -0.4174
vn -0.1256 0.8560 -0.5015
vn -0.2272 0.7384 -0.6349
vn -0.2017 0.8010 -0.5637
vn -0.1455 0.8010 -0.5807
vn -0.1639 0.7384 -0.6541
vn -0.2713 0.5928 -0.7583
vn -0.2505 0.6687 -0.7001
vn -0.1807 0.6687 -0.7212
vn -0.1957 0.5928 -0.7812
vn -0.3049 0.4249 -0.8523
vn -0.2895 0.5112 -0.8092
vn -0.2089 0.5112 -0.8337
vn -0.2200 0.4249 -0.8781
vn -0.3269 0.2413 -0.9137
vn -0.3174 0.3346 -0.8873
vn -0.2290 0.3346 -0.9141
vn -0.2358 0.2413 -0.9414
vn -0.3350 0.1053 -0.9363
vn -0.3329 0.1536 -0.9304
vn -0.2401 0.1536 -0.9585
vn -0.2417 0.1053 -0.9646
vn -0.1181 0.5928 -0.7966
vn -0.1091 0.6687 -0.7355
vn -0.0365 0.6687 -0.7426
vn -0.0396 0.5928 -0.8044
vn -0.1328 0.4249 -0.8954
vn -0.1261 0.5112 -0.8502
vn -0.0422 0.5112 -0.8584
vn -0.0445 0.4249 -0.9041
vn -0.1424 0.2413 -0.9600
vn -0.1382 0.3346 -0.9322
vn -0.0463 0.3346 -0.9412
vn -0.0477 0.2413 -0.9693
vn -0.1459 0.1053 -0.9837
vn -0.1450 0.1536 -0.9775
vn -0.0485 0.1536 -0.9869
vn -0.0488 0.1053 -0.9932
vn -0.0580 0.9851 -0.1621
vn -0.0088 0.9959 -0.0897
vn 0.0253 0.9851 -0.1703
vn -0.0510 0.9399 -0.3377
vn -0.0443 0.9666 -0.2523
vn -0.0057 0.9666 -0.2561
vn -0.0159 0.9399 -0.3412
vn -0.0758 0.8560 -0.5114
vn -0.0631 0.9027 -0.4256
vn -0.0211 0.9027 -0.4297
vn -0.0254 0.8560 -0.5163
vn -0.0989 0.7384 -0.6670
vn -0.0878 0.8010 -0.5922
vn -0.0294 0.8010 -0.5979
vn -0.0331 0.7384 -0.6735
vt 0.750000 0.625000
vt 0.750000 0.656250
vt 0.734375 0.656250
vt 0.734375 0.625000
vt 0.750000 0.687500
vt 0.734375 0.687500
vt 0.718750 0.687500
vt 0.718750 0.656250
vt 0.718750 0.625000
vt 0.750000 0.718750
vt 0.734375 0.718750
vt 0.750000 0.750000
vt 0.734375 0.750000
vt 0.718750 0.750000
vt 0.718750 0.718750
vt 0.750000 0.781250
vt 0.734375 0.781250
vt 0.750000 0.812500
vt 0.734375 0.812500
vt 0.718750 0.812500
vt 0.718750 0.781250
vt 0.750000 0.843750
vt 0.734375 0.843750
vt 0.750000 0.875000
vt 0.734375 0.875000
vt 0.718750 0.875000
vt 0.718750 0.843750
vt 0.750000 0.906105
vt 0.734375 0.905961
vt 0.750000 0.937500
vt 0.734375 0.935185
vt 0.718750 0.937500
vt 0.718750 0.906105
vt 0.742188 0.968750
vt 0.734375 0.957899
vt 0.734375 1.000000
vt 0.726563 0.968750
vt 0.750000 0.500000
vt 0.750000 0.531250
vt 0.734375 0.531250
vt 0.734375 0.500000
vt 0.750000 0.562500
vt 0.734375 0.562500
vt 0.718750 0.562500
vt 0.718750 0.531250
vt 0.718750 0.500000
vt 0.750000 0.593750
vt 0.734375 0.593750
vt 0.718750 0.593750
vt 0.703125 0.718750
vt 0.703125 0.687500
vt 0.703125 0.750000
vt 0.687500 0.750000
vt 0.687500 0.718750
vt 0.687500 0.687500
vt 0.703125 0.656250
vt 0.703125 0.625000
vt 0.687500 0.656250
vt 0.687500 0.625000
vt 0.703125 0.593750
vt 0.703125 0.562500
vt 0.687500 0.593750
vt 0.687500 0.562500
vt 0.703125 0.531250
vt 0.703125 0.500000
vt 0.687500 0.531250
vt 0.687500 0.500000
vt 0.710938 0.968750
vt 0.703125 0.957899
vt 0.703125 0.935185
vt 0.703125 1.000000
vt 0.695313 0.968750
vt 0.687500 0.937500
vt 0.703125 0.843750
vt 0.703125 0.812500
vt 0.703125 0.875000
vt 0.687500 0.875000
vt 0.687500 0.843750
vt 0.687500 0.812500
vt 0.703125 0.905961
vt 0.687500 0.906105
vt 0.703125 0.781250
vt 0.687500 0.781250
vt 0.671875 0.531250
vt 0.671875 0.500000
vt 0.671875 0.562500
vt 0.656250 0.562500
vt 0.656250 0.531250
vt 0.656250 0.500000
vt 0.679688 0.968750
vt 0.671875 0.957899
vt 0.671875 0.935185
vt 0.671875 1.000000
vt 0.664063 0.968750
vt 0.656250 0.937500
vt 0.671875 0.905961
vt 0.671875 0.875000
vt 0.656250 0.906105
vt 0.656250 0.875000
vt 0.671875 0.843750
vt 0.671875 0.812500
vt 0.656250 0.843750
vt 0.656250 0.812500
vt 0.671875 0.781250
vt 0.671875 0.750000
vt 0.656250 0.781250
vt 0.656250 0.750000
vt 0.671875 0.718750
vt 0.671875 0.687500
vt 0.656250 0.718750
vt 0.656250 0.687500
vt 0.671875 0.656250
vt 0.671875 0.625000
vt 0.656250 0.656250
vt 0.656250 0.625000
vt 0.671875 0.593750
vt 0.656250 0.593750
vt 0.640625 0.781250
vt 0.640625 0.750000
vt 0.640625 0.812500
vt 0.625000 0.812500
vt 0.625000 0.781250
vt 0.625000 0.750000
vt 0.640625 0.718750
vt 0.640625 0.687500
vt 0.625000 0.718750
vt 0.625000 0.687500
vt 0.640625 0.656250
vt 0.640625 0.625000
vt 0.625000 0.656250
vt 0.625000 0.625000
vt 0.640625 0.593750
vt 0.640625 0.562500
vt 0.625000 0.593750
vt 0.625000 0.562500
vt 0.640625 0.531250
vt 0.640625 0.500000
vt 0.625000 0.531250
vt 0.625000 0.500000
vt 0.648438 0.968750
vt 0.640625 0.957899
vt 0.640625 0.935185
vt 0.640625 1.000000
vt 0.632813 0.968750
vt 0.625000 0.937500
vt 0.640625 0.905961
vt 0.640625 0.875000
vt 0.625000 0.906105
vt 0.625000 0.875000
vt 0.640625 0.843750
vt 0.625000 0.843750
vt 0.609375 0.531250
vt 0.609375 0.500000
vt 0.609375 0.562500
vt 0.593750 0.562500
vt 0.593750 0.531250
vt 0.593750 0.500000
vt 0.617188 0.968750
vt 0.609375 0.957899
vt 0.609375 0.935185
vt 0.609375 1.000000
vt 0.601563 0.968750
vt 0.593750 0.937500
vt 0.609375 0.905961
vt 0.609375 0.875000
vt 0.593750 0.906105
vt 0.593750 0.875000
vt 0.609375 0.843750
vt 0.609375 0.812500
vt 0.593750 0.843750
vt 0.593750 0.812500
vt 0.609375 0.781250
vt 0.609375 0.750000
vt 0.593750 0.781250
vt 0.593750 0.750000
vt 0.609375 0.718750
vt 0.609375 0.687500
vt 0.593750 0.718750
vt 0.593750 0.687500
vt 0.609375 0.656250
vt 0.609375 0.625000
vt 0.593750 0.656250
vt 0.593750 0.625000
vt 0.609375 0.593750
vt 0.593750 0.593750
vt 0.578125 0.718750
vt 0.578125 0.687500
vt 0.578125 0.750000
vt 0.562500 0.750000
vt 0.562500 0.718750
vt 0.562500 0.687500
vt 0.578125 0.656250
vt 0.578125 0.625000
vt 0.562500 0.656250
vt 0.562500 0.625000
vt 0.578125 0.593750
vt 0.578125 0.562500
vt 0.562500 0.593750
vt 0.562500 0.562500
vt 0.578125 0.531250
vt 0.578125 0.500000
vt 0.562500 0.531250
vt 0.562500 0.500000
vt 0.585938 0.968750
vt 0.578125 0.957899
vt 0.578125 0.935185
vt 0.578125 1.000000
vt 0.570313 0.968750
vt 0.562500 0.937500
vt 0.578125 0.905961
vt 0.578125 0.875000
vt 0.562500 0.906105
vt 0.562500 0.875000
vt 0.578125 0.843750
vt 0.578125 0.812500
vt 0.562500 0.843750
vt 0.562500 0.812500
vt 0.578125 0.781250
vt 0.562500 0.781250
vt 0.554688 0.968750
vt 0.546875 0.957899
vt 0.546875 0.935185
vt 0.546875 1.000000
vt 0.539063 0.968750
vt 0.531250 0.937500
vt 0.546875 0.905961
vt 0.546875 0.875000
vt 0.531250 0.906105
vt 0.531250 0.875000
vt 0.546875 0.843750
vt 0.546875 0.812500
vt 0.531250 0.843750
vt 0.531250 0.812500
vt 0.546875 0.781250
vt 0.546875 0.750000
vt 0.531250 0.781250
vt 0.531250 0.750000
vt 0.546875 0.718750
vt 0.546875 0.687500
vt 0.531250 0.718750
vt 0.531250 0.687500
vt 0.546875 0.656250
vt 0.546875 0.625000
vt 0.531250 0.656250
vt 0.531250 0.625000
vt 0.546875 0.593750
vt 0.546875 0.562500
vt 0.531250 0.593750
vt 0.531250 0.562500
vt 0.546875 0.531250
vt 0.546875 0.500000
vt 0.531250 0.531250
vt 0.531250 0.500000
vt 0.515625 0.718750
vt 0.515625 0.687500
vt 0.515625 0.750000
vt 0.500000 0.750000
vt 0.500000 0.718750
vt 0.500000 0.687500
vt 0.515625 0.656250
vt 0.515625 0.625000
vt 0.500000 0.656250
vt 0.500000 0.625000
vt 0.515625 0.593750
vt 0.515625 0.562500
vt 0.500000 0.593750
vt 0.500000 0.562500
vt 0.515625 0.531250
vt 0.515625 0.500000
vt 0.500000 0.531250
vt 0.500000 0.500000
vt 0.523438 0.968750
vt 0.515625 0.957899
vt 0.515625 0.935185
vt 0.515625 1.000000
vt 0.507813 0.968750
vt 0.500000 0.937500
vt 0.515625 0.905961
vt 0.515625 0.875000
vt 0.500000 0.906105
vt 0.500000 0.875000
vt 0.515625 0.843750
vt 0.515625 0.812500
vt 0.500000 0.843750
vt 0.500000 0.812500
vt 0.515625 0.781250
vt 0.500000 0.781250
vt 0.492188 0.968750
vt 0.484375 0.957899
vt 0.484375 0.935185
vt 0.484375 1.000000
vt 0.476563 0.968750
vt 0.468750 0.937500
vt 0.484375 0.905961
vt 0.484375 0.875000
vt 0.468750 0.906105
vt 0.468750 0.875000
vt 0.484375 0.843750
vt 0.484375 0.812500
vt 0.468750 0.843750
vt 0.468750 0.812500
vt 0.484375 0.781250
vt 0.484375 0.750000
vt 0.468750 0.781250
vt 0.468750 0.750000
vt 0.484375 0.718750
vt 0.484375 0.687500
vt 0.468750 0.718750
vt 0.468750 0.687500
vt 0.484375 0.656250
vt 0.484375 0.625000
vt 0.468750 0.656250
vt 0.468750 0.625000
vt 0.484375 0.593750
vt 0.484375 0.562500
vt 0.468750 0.593750
vt 0.468750 0.562500
vt 0.484375 0.531250
vt 0.484375 0.500000
vt 0.468750 0.531250
vt 0.468750 0.500000
vt 0.453125 0.656250
vt 0.453125 0.625000
vt 0.453125 0.687500
vt 0.437500 0.687500
vt 0.437500 0.656250
vt 0.437500 0.625000
vt 0.453125 0.593750
vt 0.453125 0.562500
vt 0.437500 0.593750
vt 0.437500 0.562500
vt 0.453125 0.531250
vt 0.453125 0.500000
vt 0.437500 0.531250
vt 0.437500 0.500000
vt 0.460938 0.968750
vt 0.453125 0.957899
vt 0.453125 0.935185
vt 0.453125 1.000000
vt 0.445313 0.968750
vt 0.437500 0.937500
vt 0.453125 0.905961
vt 0.453125 0.875000
vt 0.437500 0.906105
vt 0.437500 0.875000
vt 0.453125 0.843750
vt 0.453125 0.812500
vt 0.437500 0.843750
vt 0.437500 0.812500
vt 0.453125 0.781250
vt 0.453125 0.750000
vt 0.437500 0.781250
vt 0.437500 0.750000
vt 0.453125 0.718750
vt 0.437500 0.718750
vt 0.421875 0.905961
vt 0.421875 0.875000
vt 0.421875 0.935185
vt 0.406250 0.937500
vt 0.406250 0.906105
vt 0.406250 0.875000
vt 0.421875 0.843750
vt 0.421875 0.812500
vt 0.406250 0.843750
vt 0.406250 0.812500
vt 0.421875 0.781250
vt 0.421875 0.750000
vt 0.406250 0.781250
vt 0.406250 0.750000
vt 0.421875 0.718750
vt 0.421875 0.687500
vt 0.406250 0.718750
vt 0.406250 0.687500
vt 0.421875 0.656250
vt 0.421875 0.625000
vt 0.406250 0.656250
vt 0.406250 0.625000
vt 0.421875 0.593750
vt 0.421875 0.562500
vt 0.406250 0.593750
vt 0.406250 0.562500
vt 0.421875 0.531250
vt 0.421875 0.500000
vt 0.406250 0.531250
vt 0.406250 0.500000
vt 0.429688 0.968750
vt 0.421875 0.957899
vt 0.421875 1.000000
vt 0.414063 0.968750
vt 0.390625 0.593750
vt 0.390625 0.562500
vt 0.390625 0.625000
vt 0.375000 0.625000
vt 0.375000 0.593750
vt 0.375000 0.562500
vt 0.390625 0.531250
vt 0.390625 0.500000
vt 0.375000 0.531250
vt 0.375000 0.500000
vt 0.398438 0.968750
vt 0.390625 0.957899
vt 0.390625 0.935185
vt 0.390625 1.000000
vt 0.382813 0.968750
vt 0.375000 0.937500
vt 0.390625 0.905961
vt 0.390625 0.875000
vt 0.375000 0.906105
vt 0.375000 0.875000
vt 0.390625 0.843750
vt 0.390625 0.812500
vt 0.375000 0.843750
vt 0.375000 0.812500
vt 0.390625 0.781250
vt 0.390625 0.750000
vt 0.375000 0.781250
vt 0.375000 0.750000
vt 0.390625 0.718750
vt 0.390625 0.687500
vt 0.375000 0.718750
vt 0.375000 0.687500
vt 0.390625 0.656250
vt 0.375000 0.656250
vt 0.359375 0.843750
vt 0.359375 0.812500
vt 0.359375 0.875000
vt 0.343750 0.875000
vt 0.343750 0.843750
vt 0.343750 0.812500
vt 0.359375 0.781250
vt 0.359375 0.750000
vt 0.343750 0.781250
vt 0.343750 0.750000
vt 0.359375 0.718750
vt 0.359375 0.687500
vt 0.343750 0.718750
vt 0.343750 0.687500
vt 0.359375 0.656250
vt 0.359375 0.625000
vt 0.343750 0.656250
vt 0.343750 0.625000
vt 0.359375 0.593750
vt 0.359375 0.562500
vt 0.343750 0.593750
vt 0.343750 0.562500
vt 0.359375 0.531250
vt 0.359375 0.500000
vt 0.343750 0.531250
vt 0.343750 0.500000
vt 0.367188 0.968750
vt 0.359375 0.957899
vt 0.359375 0.935185
vt 0.359375 1.000000
vt 0.351563 0.968750
vt 0.343750 0.937500
vt 0.359375 0.905961
vt 0.343750 0.906105
vt 0.328125 0.593750
vt 0.328125 0.562500
vt 0.328125 0.625000
vt 0.312500 0.625000
vt 0.312500 0.593750
vt 0.312500 0.562500
vt 0.328125 0.531250
vt 0.328125 0.500000
vt 0.312500 0.531250
vt 0.312500 0.500000
vt 0.335938 0.968750
vt 0.328125 0.957899
vt 0.328125 0.935185
vt 0.328125 1.000000
vt 0.320313 0.968750
vt 0.312500 0.937500
vt 0.328125 0.905961
vt 0.328125 0.875000
vt 0.312500 0.906105
vt 0.312500 0.875000
vt 0.328125 0.843750
vt 0.328125 0.812500
vt 0.312500 0.843750
vt 0.312500 0.812500
vt 0.328125 0.781250
vt 0.328125 0.750000
vt 0.312500 0.781250
vt 0.312500 0.750000
vt 0.328125 0.718750
vt 0.328125 0.687500
vt 0.312500 0.718750
vt 0.312500 0.687500
vt 0.328125 0.656250
vt 0.312500 0.656250
vt 0.296875 0.781250
vt 0.296875 0.750000
vt 0.296875 0.812500
vt 0.281250 0.812500
vt 0.281250 0.781250
vt 0.281250 0.750000
vt 0.296875 0.718750
vt 0.296875 0.687500
vt 0.281250 0.718750
vt 0.281250 0.687500
vt 0.296875 0.656250
vt 0.296875 0.625000
vt 0.281250 0.656250
vt 0.281250 0.625000
vt 0.296875 0.593750
vt 0.296875 0.562500
vt 0.281250 0.593750
vt 0.281250 0.562500
vt 0.296875 0.531250
vt 0.296875 0.500000
vt 0.281250 0.531250
vt 0.281250 0.500000
vt 0.304688 0.968750
vt 0.296875 0.957899
vt 0.296875 0.935185
vt 0.296875 1.000000
vt 0.289063 0.968750
vt 0.281250 0.937500
vt 0.296875 0.905961
vt 0.296875 0.875000
vt 0.281250 0.906105
vt 0.281250 0.875000
vt 0.296875 0.843750
vt 0.281250 0.843750
vt 0.265625 0.531250
vt 0.265625 0.500000
vt 0.265625 0.562500
vt 0.250000 0.562500
vt 0.250000 0.531250
vt 0.250000 0.500000
vt 0.273438 0.968750
vt 0.265625 0.957899
vt 0.265625 0.935185
vt 0.265625 1.000000
vt 0.257813 0.968750
vt 0.250000 0.937500
vt 0.265625 0.905961
vt 0.265625 0.875000
vt 0.250000 0.906105
vt 0.250000 0.875000
vt 0.265625 0.843750
vt 0.265625 0.812500
vt 0.250000 0.843750
vt 0.250000 0.812500
vt 0.265625 0.781250
vt 0.265625 0.750000
vt 0.250000 0.781250
vt 0.250000 0.750000
vt 0.265625 0.718750
vt 0.265625 0.687500
vt 0.250000 0.718750
vt 0.250000 0.687500
vt 0.265625 0.656250
vt 0.265625 0.625000
vt 0.250000 0.656250
vt 0.250000 0.625000
vt 0.265625 0.593750
vt 0.250000 0.593750
vt 0.234375 0.781250
vt 0.234375 0.750000
vt 0.234375 0.812500
vt 0.218750 0.812500
vt 0.218750 0.781250
vt 0.218750 0.750000
vt 0.234375 0.718750
vt 0.234375 0.687500
vt 0.218750 0.718750
vt 0.218750 0.687500
vt 0.234375 0.656250
vt 0.234375 0.625000
vt 0.218750 0.656250
vt 0.218750 0.625000
vt 0.234375 0.593750
vt 0.234375 0.562500
vt 0.218750 0.593750
vt 0.218750 0.562500
vt 0.234375 0.531250
vt 0.234375 0.500000
vt 0.218750 0.531250
vt 0.218750 0.500000
vt 0.242188 0.968750
vt 0.234375 0.957899
vt 0.234375 0.935185
vt 0.234375 1.000000
vt 0.226563 0.968750
vt 0.218750 0.937500
vt 0.234375 0.905961
vt 0.234375 0.875000
vt 0.218750 0.906105
vt 0.218750 0.875000
vt 0.234375 0.843750
vt 0.218750 0.843750
vt 0.203125 0.531250
vt 0.203125 0.500000
vt 0.203125 0.562500
vt 0.187500 0.562500
vt 0.187500 0.531250
vt 0.187500 0.500000
vt 0.210938 0.968750
vt 0.203125 0.957899
vt 0.203125 0.935185
vt 0.203125 1.000000
vt 0.195313 0.968750
vt 0.187500 0.937500
vt 0.203125 0.905961
vt 0.203125 0.875000
vt 0.187500 0.906105
vt 0.187500 0.875000
vt 0.203125 0.843750
vt 0.203125 0.812500
vt 0.187500 0.843750
vt 0.187500 0.812500
vt 0.203125 0.781250
vt 0.203125 0.750000
vt 0.187500 0.781250
vt 0.187500 0.750000
vt 0.203125 0.718750
vt 0.203125 0.687500
vt 0.187500 0.718750
vt 0.187500 0.687500
vt 0.203125 0.656250
vt 0.203125 0.625000
vt 0.187500 0.656250
vt 0.187500 0.625000
vt 0.203125 0.593750
vt 0.187500 0.593750
vt 0.171875 0.718750
vt 0.171875 0.687500
vt 0.171875 0.750000
vt 0.156250 0.750000
vt 0.156250 0.718750
vt 0.156250 0.687500
vt 0.171875 0.656250
vt 0.171875 0.625000
vt 0.156250 0.656250
vt 0.156250 0.625000
vt 0.171875 0.593750
vt 0.171875 0.562500
vt 0.156250 0.593750
vt 0.156250 0.562500
vt 0.171875 0.531250
vt 0.171875 0.500000
vt 0.156250 0.531250
vt 0.156250 0.500000
vt 0.179688 0.968750
vt 0.171875 0.957899
vt 0.171875 0.935185
vt 0.171875 1.000000
vt 0.164063 0.968750
vt 0.156250 0.937500
vt 0.171875 0.905961
vt 0.171875 0.875000
vt 0.156250 0.906105
vt 0.156250 0.875000
vt 0.171875 0.843750
vt 0.171875 0.812500
vt 0.156250 0.843750
vt 0.156250 0.812500
vt 0.171875 0.781250
vt 0.156250 0.781250
vt 0.148438 0.968750
vt 0.140625 0.957899
vt 0.140625 0.935185
vt 0.140625 1.000000
vt 0.132813 0.968750
vt 0.125000 0.937500
vt 0.140625 0.905961
vt 0.140625 0.875000
vt 0.125000 0.906105
vt 0.125000 0.875000
vt 0.140625 0.843750
vt 0.140625 0.812500
vt 0.125000 0.843750
vt 0.125000 0.812500
vt 0.140625 0.781250
vt 0.140625 0.750000
vt 0.125000 0.781250
vt 0.125000 0.750000
vt 0.140625 0.718750
vt 0.140625 0.687500
vt 0.125000 0.718750
vt 0.125000 0.687500
vt 0.140625 0.656250
vt 0.140625 0.625000
vt 0.125000 0.656250
vt 0.125000 0.625000
vt 0.140625 0.593750
vt 0.140625 0.562500
vt 0.125000 0.593750
vt 0.125000 0.562500
vt 0.140625 0.531250
vt 0.140625 0.500000
vt 0.125000 0.531250
vt 0.125000 0.500000
vt 0.109375 0.656250
vt 0.109375 0.625000
vt 0.109375 0.687500
vt 0.093750 0.687500
vt 0.093750 0.656250
vt 0.093750 0.625000
vt 0.109375 0.593750
vt 0.109375 0.562500
vt 0.093750 0.593750
vt 0.093750 0.562500
vt 0.109375 0.531250
vt 0.109375 0.500000
vt 0.093750 0.531250
vt 0.093750 0.500000
vt 0.117188 0.968750
vt 0.109375 0.957899
vt 0.109375 0.935185
vt 0.109375 1.000000
vt 0.101563 0.968750
vt 0.093750 0.937500
vt 0.109375 0.905961
vt 0.109375 0.875000
vt 0.093750 0.906105
vt 0.093750 0.875000
vt 0.109375 0.843750
vt 0.109375 0.812500
vt 0.093750 0.843750
vt 0.093750 0.812500
vt 0.109375 0.781250
vt 0.109375 0.750000
vt 0.093750 0.781250
vt 0.093750 0.750000
vt 0.109375 0.718750
vt 0.093750 0.718750
vt 0.085938 0.968750
vt 0.078125 0.957899
vt 0.078125 0.935185
vt 0.078125 1.000000
vt 0.070313 0.968750
vt 0.062500 0.937500
vt 0.078125 0.905961
vt 0.078125 0.875000
vt 0.062500 0.906105
vt 0.062500 0.875000
vt 0.078125 0.843750
vt 0.078125 0.812500
vt 0.062500 0.843750
vt 0.062500 0.812500
vt 0.078125 0.781250
vt 0.078125 0.750000
vt 0.062500 0.781250
vt 0.062500 0.750000
vt 0.078125 0.718750
vt 0.078125 0.687500
vt 0.062500 0.718750
vt 0.062500 0.687500
vt 0.078125 0.656250
vt 0.078125 0.625000
vt 0.062500 0.656250
vt 0.062500 0.625000
vt 0.078125 0.593750
vt 0.078125 0.562500
vt 0.062500 0.593750
vt 0.062500 0.562500
vt 0.078125 0.531250
vt 0.078125 0.500000
vt 0.062500 0.531250
vt 0.062500 0.500000
vt 0.046875 0.656250
vt 0.046875 0.625000
vt 0.046875 0.687500
vt 0.031250 0.687500
vt 0.031250 0.656250
vt 0.031250 0.625000
vt 0.046875 0.593750
vt 0.046875 0.562500
vt 0.031250 0.593750
vt 0.031250 0.562500
vt 0.046875 0.531250
vt 0.046875 0.500000
vt 0.031250 0.531250
vt 0.031250 0.500000
vt 0.054687 0.968750
vt 0.046875 0.957899
vt 0.046875 0.935185
vt 0.046875 1.000000
vt 0.039062 0.968750
vt 0.031250 0.937500
vt 0.046875 0.905961
vt 0.046875 0.875000
vt 0.031250 0.906105
vt 0.031250 0.875000
vt 0.046875 0.843750
vt 0.046875 0.812500
vt 0.031250 0.843750
vt 0.031250 0.812500
vt 0.046875 0.781250
vt 0.046875 0.750000
vt 0.031250 0.781250
vt 0.031250 0.750000
vt 0.046875 0.718750
vt 0.031250 0.718750
vt 0.015625 0.843750
vt 0.015625 0.812500
vt 0.015625 0.875000
vt 0.000000 0.875000
vt 0.000000 0.843750
vt 0.000000 0.812500
vt 0.015625 0.781250
vt 0.015625 0.750000
vt 0.000000 0.781250
vt 0.000000 0.750000
vt 0.015625 0.718750
vt 0.015625 0.687500
vt 0.000000 0.718750
vt 0.000000 0.687500
vt 0.015625 0.656250
vt 0.015625 0.625000
vt 0.000000 0.656250
vt 0.000000 0.625000
vt 0.015625 0.593750
vt 0.015625 0.562500
vt 0.000000 0.593750
vt 0.000000 0.562500
vt 0.015625 0.531250
vt 0.015625 0.500000
vt 0.000000 0.531250
vt 0.000000 0.500000
vt 0.023438 0.968750
vt 0.015625 0.957899
vt 0.015625 0.935185
vt 0.015625 1.000000
vt 0.007813 0.968750
vt 0.000000 0.937500
vt 0.015625 0.905961
vt 0.000000 0.906250
vt 1.000000 0.562500
vt 1.000000 0.593750
vt 0.984375 0.593750
vt 0.984375 0.562500
vt 1.000000 0.625000
vt 0.984375 0.625000
vt 0.968750 0.625000
vt 0.968750 0.593750
vt 0.968750 0.562500
vt 1.000000 0.500000
vt 1.000000 0.531250
vt 0.984375 0.531250
vt 0.984375 0.500000
vt 0.968750 0.531250
vt 0.968750 0.500000
vt 1.000000 0.937500
vt 0.992188 0.968750
vt 0.984375 0.957899
vt 0.984375 0.935185
vt 0.984375 1.000000
vt 0.976563 0.968750
vt 0.968750 0.937500
vt 1.000000 0.875000
vt 1.000000 0.906250
vt 0.984375 0.905961
vt 0.984375 0.875000
vt 0.968750 0.906105
vt 0.968750 0.875000
vt 1.000000 0.812500
vt 1.000000 0.843750
vt 0.984375 0.843750
vt 0.984375 0.812500
vt 0.968750 0.843750
vt 0.968750 0.812500
vt 1.000000 0.750000
vt 1.000000 0.781250
vt 0.984375 0.781250
vt 0.984375 0.750000
vt 0.968750 0.781250
vt 0.968750 0.750000
vt 1.000000 0.687500
vt 1.000000 0.718750
vt 0.984375 0.718750
vt 0.984375 0.687500
vt 0.968750 0.718750
vt 0.968750 0.687500
vt 1.000000 0.656250
vt 0.984375 0.656250
vt 0.968750 0.656250
vt 0.953125 0.843750
vt 0.953125 0.812500
vt 0.953125 0.875000
vt 0.937500 0.875000
vt 0.937500 0.843750
vt 0.937500 0.812500
vt 0.953125 0.781250
vt 0.953125 0.750000
vt 0.937500 0.781250
vt 0.937500 0.750000
vt 0.953125 0.718750
vt 0.953125 0.687500
vt 0.937500 0.718750
vt 0.937500 0.687500
vt 0.953125 0.656250
vt 0.953125 0.625000
vt 0.937500 0.656250
vt 0.937500 0.625000
vt 0.953125 0.593750
vt 0.953125 0.562500
vt 0.937500 0.593750
vt 0.937500 0.562500
vt 0.953125 0.531250
vt 0.953125 0.500000
vt 0.937500 0.531250
vt 0.937500 0.500000
vt 0.960938 0.968750
vt 0.953125 0.957899
vt 0.953125 0.935185
vt 0.953125 1.000000
vt 0.945313 0.968750
vt 0.937500 0.937500
vt 0.953125 0.905961
vt 0.937500 0.906105
vt 0.921875 0.593750
vt 0.921875 0.562500
vt 0.921875 0.625000
vt 0.906250 0.625000
vt 0.906250 0.593750
vt 0.906250 0.562500
vt 0.921875 0.531250
vt 0.921875 0.500000
vt 0.906250 0.531250
vt 0.906250 0.500000
vt 0.929688 0.968750
vt 0.921875 0.957899
vt 0.921875 0.935185
vt 0.921875 1.000000
vt 0.914063 0.968750
vt 0.906250 0.937500
vt 0.921875 0.905961
vt 0.921875 0.875000
vt 0.906250 0.906105
vt 0.906250 0.875000
vt 0.921875 0.843750
vt 0.921875 0.812500
vt 0.906250 0.843750
vt 0.906250 0.812500
vt 0.921875 0.781250
vt 0.921875 0.750000
vt 0.906250 0.781250
vt 0.906250 0.750000
vt 0.921875 0.718750
vt 0.921875 0.687500
vt 0.906250 0.718750
vt 0.906250 0.687500
vt 0.921875 0.656250
vt 0.906250 0.656250
vt 0.890625 0.781250
vt 0.890625 0.750000
vt 0.890625 0.812500
vt 0.875000 0.812500
vt 0.875000 0.781250
vt 0.875000 0.750000
vt 0.890625 0.718750
vt 0.890625 0.687500
vt 0.875000 0.718750
vt 0.875000 0.687500
vt 0.890625 0.656250
vt 0.890625 0.625000
vt 0.875000 0.656250
vt 0.875000 0.625000
vt 0.890625 0.593750
vt 0.890625 0.562500
vt 0.875000 0.593750
vt 0.875000 0.562500
vt 0.890625 0.531250
vt 0.890625 0.500000
vt 0.875000 0.531250
vt 0.875000 0.500000
vt 0.898438 0.968750
vt 0.890625 0.957899
vt 0.890625 0.935185
vt 0.890625 1.000000
vt 0.882813 0.968750
vt 0.875000 0.937500
vt 0.890625 0.905961
vt 0.890625 0.875000
vt 0.875000 0.906105
vt 0.875000 0.875000
vt 0.890625 0.843750
vt 0.875000 0.843750
vt 0.859375 0.531250
vt 0.859375 0.500000
vt 0.859375 0.562500
vt 0.843750 0.562500
vt 0.843750 0.531250
vt 0.843750 0.500000
vt 0.867188 0.968750
vt 0.859375 0.957899
vt 0.859375 0.935185
vt 0.859375 1.000000
vt 0.851563 0.968750
vt 0.843750 0.937500
vt 0.859375 0.905961
vt 0.859375 0.875000
vt 0.843750 0.906105
vt 0.843750 0.875000
vt 0.859375 0.843750
vt 0.859375 0.812500
vt 0.843750 0.843750
vt 0.843750 0.812500
vt 0.859375 0.781250
vt 0.859375 0.750000
vt 0.843750 0.781250
vt 0.843750 0.750000
vt 0.859375 0.718750
vt 0.859375 0.687500
vt 0.843750 0.718750
vt 0.843750 0.687500
vt 0.859375 0.656250
vt 0.859375 0.625000
vt 0.843750 0.656250
vt 0.843750 0.625000
vt 0.859375 0.593750
vt 0.843750 0.593750
vt 0.828125 0.718750
vt 0.828125 0.687500
vt 0.828125 0.750000
vt 0.812500 0.750000
vt 0.812500 0.718750
vt 0.812500 0.687500
vt 0.828125 0.656250
vt 0.828125 0.625000
vt 0.812500 0.656250
vt 0.812500 0.625000
vt 0.828125 0.593750
vt 0.828125 0.562500
vt 0.812500 0.593750
vt 0.812500 0.562500
vt 0.828125 0.531250
vt 0.828125 0.500000
vt 0.812500 0.531250
vt 0.812500 0.500000
vt 0.835938 0.968750
vt 0.828125 0.957899
vt 0.828125 0.935185
vt 0.828125 1.000000
vt 0.820313 0.968750
vt 0.812500 0.937500
vt 0.828125 0.905961
vt 0.828125 0.875000
vt 0.812500 0.906105
vt 0.812500 0.875000
vt 0.828125 0.843750
vt 0.828125 0.812500
vt 0.812500 0.843750
vt 0.812500 0.812500
vt 0.828125 0.781250
vt 0.812500 0.781250
vt 0.804688 0.968750
vt 0.796875 0.957899
vt 0.796875 0.935185
vt 0.796875 1.000000
vt 0.789063 0.968750
vt 0.781250 0.937500
vt 0.796875 0.905961
vt 0.796875 0.875000
vt 0.781250 0.906105
vt 0.781250 0.875000
vt 0.796875 0.843750
vt 0.796875 0.812500
vt 0.781250 0.843750
vt 0.781250 0.812500
vt 0.796875 0.781250
vt 0.796875 0.750000
vt 0.781250 0.781250
vt 0.781250 0.750000
vt 0.796875 0.718750
vt 0.796875 0.687500
vt 0.781250 0.718750
vt 0.781250 0.687500
vt 0.796875 0.656250
vt 0.796875 0.625000
vt 0.781250 0.656250
vt 0.781250 0.625000
vt 0.796875 0.593750
vt 0.796875 0.562500
vt 0.781250 0.593750
vt 0.781250 0.562500
vt 0.796875 0.531250
vt 0.796875 0.500000
vt 0.781250 0.531250
vt 0.781250 0.500000
vt 0.765625 0.718750
vt 0.765625 0.687500
vt 0.765625 0.750000
vt 0.765625 0.656250
vt 0.765625 0.625000
vt 0.765625 0.593750
vt 0.765625 0.562500
vt 0.765625 0.531250
vt 0.765625 0.500000
vt 0.773438 0.968750
vt 0.765625 0.957899
vt 0.765625 0.935185
vt 0.765625 1.000000
vt 0.757813 0.968750
vt 0.765625 0.905961
vt 0.765625 0.875000
vt 0.765625 0.843750
vt 0.765625 0.812500
vt 0.765625 0.781250
s 0
g Circle.003_Material.001
usemtl Material.001
f 3126/3394/3034 3382/3395/3034 3887/3396/3034 3384/3397/3034
f 3382/3395/3035 3127/3398/3035 3385/3399/3035 3887/3396/3035
f 3887/3396/3036 3385/3399/3036 3121/3400/3036 3378/3401/3036
f 3384/3397/3037 3887/3396/3037 3378/3401/3037 3122/3402/3037
f 3127/3398/3038 3848/3403/3038 3888/3404/3038 3385/3399/3038
f 3848/3403/3039 3372/3405/3039 3850/3406/3039 3888/3404/3039
f 3888/3404/3040 3850/3406/3040 3120/3407/3040 3377/3408/3040
f 3385/3399/3041 3888/3404/3041 3377/3408/3041 3121/3400/3041
f 3372/3405/3042 3839/3409/3042 3889/3410/3042 3850/3406/3042
f 3839/3409/3043 3371/3411/3043 3851/3412/3043 3889/3410/3043
f 3889/3410/3044 3851/3412/3044 3119/3413/3044 3376/3414/3044
f 3850/3406/3045 3889/3410/3045 3376/3414/3045 3120/3407/3045
f 3371/3411/3046 3838/3415/3046 3890/3416/3046 3851/3412/3046
f 3838/3415/3047 3370/3417/3047 3852/3418/3047 3890/3416/3047
f 3890/3416/3048 3852/3418/3048 3118/3419/3048 3375/3420/3048
f 3851/3412/3049 3890/3416/3049 3375/3420/3049 3119/3413/3049
f 3370/3417/3050 3840/3421/3050 3891/3422/3050 3852/3418/3050
f 3840/3421/3051 3374/3423/3051 3853/3424/3051 3891/3422/3051
f 3891/3422/3052 3853/3424/3052 3128/3425/3052 3383/3426/3052
f 3852/3418/3053 3891/3422/3053 3383/3426/3053 3118/3419/3053
f 3374/3423/3054 3849/3427/3054 3892/3428/3054 3853/3424/3054
f 3297/3429/3055 3846/3430/3055 3892/3428/3055 3849/3427/3055
f 3128/3425/3056 3853/3424/3056 3892/3428/3056 3846/3430/3056
f 3373/3431/3057 3847/3432/3057 3893/3433/3057 3854/3434/3057
f 3847/3432/3058 3125/3435/3058 3386/3436/3058 3893/3433/3058
f 3893/3433/3059 3386/3436/3059 3123/3437/3059 3380/3438/3059
f 3854/3434/3060 3893/3433/3060 3380/3438/3060 3124/3439/3060
f 3125/3435/3061 3381/3440/3061 3894/3441/3061 3386/3436/3061
f 3381/3440/3062 3126/3394/3062 3384/3397/3062 3894/3441/3062
f 3894/3441/3063 3384/3397/3063 3122/3402/3063 3379/3442/3063
f 3386/3436/3064 3894/3441/3064 3379/3442/3064 3123/3437/3064
f 3121/3400/3065 3377/3408/3065 3895/3443/3065 3394/3444/3065
f 3377/3408/3066 3120/3407/3066 3395/3445/3066 3895/3443/3066
f 3895/3443/3067 3395/3445/3067 3131/3446/3067 3389/3447/3067
f 3394/3444/3068 3895/3443/3068 3389/3447/3068 3132/3448/3068
f 3122/3402/3069 3378/3401/3069 3896/3449/3069 3396/3450/3069
f 3378/3401/3070 3121/3400/3070 3394/3444/3070 3896/3449/3070
f 3896/3449/3071 3394/3444/3071 3132/3448/3071 3390/3451/3071
f 3396/3450/3072 3896/3449/3072 3390/3451/3072 3133/3452/3072
f 3123/3437/3073 3379/3442/3073 3897/3453/3073 3397/3454/3073
f 3379/3442/3074 3122/3402/3074 3396/3450/3074 3897/3453/3074
f 3897/3453/3075 3396/3450/3075 3133/3452/3075 3391/3455/3075
f 3397/3454/3076 3897/3453/3076 3391/3455/3076 3134/3456/3076
f 3124/3439/3077 3380/3438/3077 3898/3457/3077 3398/3458/3077
f 3380/3438/3078 3123/3437/3078 3397/3454/3078 3898/3457/3078
f 3898/3457/3079 3397/3454/3079 3134/3456/3079 3392/3459/3079
f 3398/3458/3080 3898/3457/3080 3392/3459/3080 3135/3460/3080
f 3128/3425/3081 3846/3461/3081 3899/3462/3081 3399/3463/3081
f 3297/3464/3082 3855/3465/3082 3899/3462/3082 3846/3461/3082
f 3136/3466/3083 3399/3463/3083 3899/3462/3083 3855/3465/3083
f 3119/3413/3084 3375/3420/3084 3900/3467/3084 3400/3468/3084
f 3375/3420/3085 3118/3419/3085 3401/3469/3085 3900/3467/3085
f 3900/3467/3086 3401/3469/3086 3129/3470/3086 3387/3471/3086
f 3400/3468/3087 3900/3467/3087 3387/3471/3087 3130/3472/3087
f 3118/3419/3088 3383/3426/3088 3901/3473/3088 3401/3469/3088
f 3383/3426/3089 3128/3425/3089 3399/3463/3089 3901/3473/3089
f 3901/3473/3090 3399/3463/3090 3136/3466/3090 3393/3474/3090
f 3401/3469/3091 3901/3473/3091 3393/3474/3091 3129/3470/3091
f 3120/3407/3092 3376/3414/3092 3902/3475/3092 3395/3445/3092
f 3376/3414/3093 3119/3413/3093 3400/3468/3093 3902/3475/3093
f 3902/3475/3094 3400/3468/3094 3130/3472/3094 3388/3476/3094
f 3395/3445/3095 3902/3475/3095 3388/3476/3095 3131/3446/3095
f 3135/3460/3096 3392/3459/3096 3903/3477/3096 3409/3478/3096
f 3392/3459/3097 3134/3456/3097 3410/3479/3097 3903/3477/3097
f 3903/3477/3098 3410/3479/3098 3142/3480/3098 3407/3481/3098
f 3409/3478/3099 3903/3477/3099 3407/3481/3099 3143/3482/3099
f 3136/3466/3100 3855/3483/3100 3904/3484/3100 3411/3485/3100
f 3297/3486/3101 3856/3487/3101 3904/3484/3101 3855/3483/3101
f 3144/3488/3102 3411/3485/3102 3904/3484/3102 3856/3487/3102
f 3129/3470/3103 3393/3474/3103 3905/3489/3103 3412/3490/3103
f 3393/3474/3104 3136/3466/3104 3411/3485/3104 3905/3489/3104
f 3905/3489/3105 3411/3485/3105 3144/3488/3105 3408/3491/3105
f 3412/3490/3106 3905/3489/3106 3408/3491/3106 3137/3492/3106
f 3130/3472/3107 3387/3471/3107 3906/3493/3107 3413/3494/3107
f 3387/3471/3108 3129/3470/3108 3412/3490/3108 3906/3493/3108
f 3906/3493/3109 3412/3490/3109 3137/3492/3109 3402/3495/3109
f 3413/3494/3110 3906/3493/3110 3402/3495/3110 3138/3496/3110
f 3131/3446/3111 3388/3476/3111 3907/3497/3111 3414/3498/3111
f 3388/3476/3112 3130/3472/3112 3413/3494/3112 3907/3497/3112
f 3907/3497/3113 3413/3494/3113 3138/3496/3113 3403/3499/3113
f 3414/3498/3114 3907/3497/3114 3403/3499/3114 3139/3500/3114
f 3132/3448/3115 3389/3447/3115 3908/3501/3115 3415/3502/3115
f 3389/3447/3116 3131/3446/3116 3414/3498/3116 3908/3501/3116
f 3908/3501/3117 3414/3498/3117 3139/3500/3117 3404/3503/3117
f 3415/3502/3118 3908/3501/3118 3404/3503/3118 3140/3504/3118
f 3133/3452/3119 3390/3451/3119 3909/3505/3119 3416/3506/3119
f 3390/3451/3120 3132/3448/3120 3415/3502/3120 3909/3505/3120
f 3909/3505/3121 3415/3502/3121 3140/3504/3121 3405/3507/3121
f 3416/3506/3122 3909/3505/3122 3405/3507/3122 3141/3508/3122
f 3134/3456/3123 3391/3455/3123 3910/3509/3123 3410/3479/3123
f 3391/3455/3124 3133/3452/3124 3416/3506/3124 3910/3509/3124
f 3910/3509/3125 3416/3506/3125 3141/3508/3125 3406/3510/3125
f 3410/3479/3126 3910/3509/3126 3406/3510/3126 3142/3480/3126
f 3139/3500/3127 3403/3499/3127 3911/3511/3127 3424/3512/3127
f 3403/3499/3128 3138/3496/3128 3425/3513/3128 3911/3511/3128
f 3911/3511/3129 3425/3513/3129 3146/3514/3129 3418/3515/3129
f 3424/3512/3130 3911/3511/3130 3418/3515/3130 3147/3516/3130
f 3140/3504/3131 3404/3503/3131 3912/3517/3131 3426/3518/3131
f 3404/3503/3132 3139/3500/3132 3424/3512/3132 3912/3517/3132
f 3912/3517/3133 3424/3512/3133 3147/3516/3133 3419/3519/3133
f 3426/3518/3134 3912/3517/3134 3419/3519/3134 3148/3520/3134
f 3141/3508/3135 3405/3507/3135 3913/3521/3135 3427/3522/3135
f 3405/3507/3136 3140/3504/3136 3426/3518/3136 3913/3521/3136
f 3913/3521/3137 3426/3518/3137 3148/3520/3137 3420/3523/3137
f 3427/3522/3138 3913/3521/3138 3420/3523/3138 3149/3524/3138
f 3142/3480/3139 3406/3510/3139 3914/3525/3139 3428/3526/3139
f 3406/3510/3140 3141/3508/3140 3427/3522/3140 3914/3525/3140
f 3914/3525/3141 3427/3522/3141 3149/3524/3141 3421/3527/3141
f 3428/3526/3142 3914/3525/3142 3421/3527/3142 3150/3528/3142
f 3143/3482/3143 3407/3481/3143 3915/3529/3143 3429/3530/3143
f 3407/3481/3144 3142/3480/3144 3428/3526/3144 3915/3529/3144
f 3915/3529/3145 3428/3526/3145 3150/3528/3145 3422/3531/3145
f 3429/3530/3146 3915/3529/3146 3422/3531/3146 3151/3532/3146
f 3144/3488/3147 3856/3533/3147 3916/3534/3147 3430/3535/3147
f 3297/3536/3148 3857/3537/3148 3916/3534/3148 3856/3533/3148
f 3152/3538/3149 3430/3535/3149 3916/3534/3149 3857/3537/3149
f 3137/3492/3150 3408/3491/3150 3917/3539/3150 3431/3540/3150
f 3408/3491/3151 3144/3488/3151 3430/3535/3151 3917/3539/3151
f 3917/3539/3152 3430/3535/3152 3152/3538/3152 3423/3541/3152
f 3431/3540/3153 3917/3539/3153 3423/3541/3153 3145/3542/3153
f 3138/3496/3154 3402/3495/3154 3918/3543/3154 3425/3513/3154
f 3402/3495/3155 3137/3492/3155 3431/3540/3155 3918/3543/3155
f 3918/3543/3156 3431/3540/3156 3145/3542/3156 3417/3544/3156
f 3425/3513/3157 3918/3543/3157 3417/3544/3157 3146/3514/3157
f 3151/3532/3158 3422/3531/3158 3919/3545/3158 3439/3546/3158
f 3422/3531/3159 3150/3528/3159 3440/3547/3159 3919/3545/3159
f 3919/3545/3160 3440/3547/3160 3158/3548/3160 3437/3549/3160
f 3439/3546/3161 3919/3545/3161 3437/3549/3161 3159/3550/3161
f 3152/3538/3162 3857/3551/3162 3920/3552/3162 3441/3553/3162
f 3297/3554/3163 3858/3555/3163 3920/3552/3163 3857/3551/3163
f 3160/3556/3164 3441/3553/3164 3920/3552/3164 3858/3555/3164
f 3145/3542/3165 3423/3541/3165 3921/3557/3165 3442/3558/3165
f 3423/3541/3166 3152/3538/3166 3441/3553/3166 3921/3557/3166
f 3921/3557/3167 3441/3553/3167 3160/3556/3167 3438/3559/3167
f 3442/3558/3168 3921/3557/3168 3438/3559/3168 3153/3560/3168
f 3146/3514/3169 3417/3544/3169 3922/3561/3169 3443/3562/3169
f 3417/3544/3170 3145/3542/3170 3442/3558/3170 3922/3561/3170
f 3922/3561/3171 3442/3558/3171 3153/3560/3171 3432/3563/3171
f 3443/3562/3172 3922/3561/3172 3432/3563/3172 3154/3564/3172
f 3147/3516/3173 3418/3515/3173 3923/3565/3173 3444/3566/3173
f 3418/3515/3174 3146/3514/3174 3443/3562/3174 3923/3565/3174
f 3923/3565/3175 3443/3562/3175 3154/3564/3175 3433/3567/3175
f 3444/3566/3176 3923/3565/3176 3433/3567/3176 3155/3568/3176
f 3148/3520/3177 3419/3519/3177 3924/3569/3177 3445/3570/3177
f 3419/3519/3178 3147/3516/3178 3444/3566/3178 3924/3569/3178
f 3924/3569/3179 3444/3566/3179 3155/3568/3179 3434/3571/3179
f 3445/3570/3180 3924/3569/3180 3434/3571/3180 3156/3572/3180
f 3149/3524/3181 3420/3523/3181 3925/3573/3181 3446/3574/3181
f 3420/3523/3182 3148/3520/3182 3445/3570/3182 3925/3573/3182
f 3925/3573/3183 3445/3570/3183 3156/3572/3183 3435/3575/3183
f 3446/3574/3184 3925/3573/3184 3435/3575/3184 3157/3576/3184
f 3150/3528/3185 3421/3527/3185 3926/3577/3185 3440/3547/3185
f 3421/3527/3186 3149/3524/3186 3446/3574/3186 3926/3577/3186
f 3926/3577/3187 3446/3574/3187 3157/3576/3187 3436/3578/3187
f 3440/3547/3188 3926/3577/3188 3436/3578/3188 3158/3548/3188
f 3156/3572/3189 3434/3571/3189 3927/3579/3189 3454/3580/3189
f 3434/3571/3190 3155/3568/3190 3455/3581/3190 3927/3579/3190
f 3927/3579/3191 3455/3581/3191 3163/3582/3191 3449/3583/3191
f 3454/3580/3192 3927/3579/3192 3449/3583/3192 3164/3584/3192
f 3157/3576/3193 3435/3575/3193 3928/3585/3193 3456/3586/3193
f 3435/3575/3194 3156/3572/3194 3454/3580/3194 3928/3585/3194
f 3928/3585/3195 3454/3580/3195 3164/3584/3195 3450/3587/3195
f 3456/3586/3196 3928/3585/3196 3450/3587/3196 3165/3588/3196
f 3158/3548/3197 3436/3578/3197 3929/3589/3197 3457/3590/3197
f 3436/3578/3198 3157/3576/3198 3456/3586/3198 3929/3589/3198
f 3929/3589/3199 3456/3586/3199 3165/3588/3199 3451/3591/3199
f 3457/3590/3200 3929/3589/3200 3451/3591/3200 3166/3592/3200
f 3159/3550/3201 3437/3549/3201 3930/3593/3201 3458/3594/3201
f 3437/3549/3202 3158/3548/3202 3457/3590/3202 3930/3593/3202
f 3930/3593/3203 3457/3590/3203 3166/3592/3203 3452/3595/3203
f 3458/3594/3204 3930/3593/3204 3452/3595/3204 3167/3596/3204
f 3160/3556/3205 3858/3597/3205 3931/3598/3205 3459/3599/3205
f 3297/3600/3206 3859/3601/3206 3931/3598/3206 3858/3597/3206
f 3168/3602/3207 3459/3599/3207 3931/3598/3207 3859/3601/3207
f 3153/3560/3208 3438/3559/3208 3932/3603/3208 3460/3604/3208
f 3438/3559/3209 3160/3556/3209 3459/3599/3209 3932/3603/3209
f 3932/3603/3210 3459/3599/3210 3168/3602/3210 3453/3605/3210
f 3460/3604/3211 3932/3603/3211 3453/3605/3211 3161/3606/3211
f 3154/3564/3212 3432/3563/3212 3933/3607/3212 3461/3608/3212
f 3432/3563/3213 3153/3560/3213 3460/3604/3213 3933/3607/3213
f 3933/3607/3214 3460/3604/3214 3161/3606/3214 3447/3609/3214
f 3461/3608/3215 3933/3607/3215 3447/3609/3215 3162/3610/3215
f 3155/3568/3216 3433/3567/3216 3934/3611/3216 3455/3581/3216
f 3433/3567/3217 3154/3564/3217 3461/3608/3217 3934/3611/3217
f 3934/3611/3218 3461/3608/3218 3162/3610/3218 3448/3612/3218
f 3455/3581/3219 3934/3611/3219 3448/3612/3219 3163/3582/3219
f 3168/3602/3220 3859/3613/3220 3935/3614/3220 3470/3615/3220
f 3297/3616/3221 3860/3617/3221 3935/3614/3221 3859/3613/3221
f 3176/3618/3222 3470/3615/3222 3935/3614/3222 3860/3617/3222
f 3161/3606/3223 3453/3605/3223 3936/3619/3223 3471/3620/3223
f 3453/3605/3224 3168/3602/3224 3470/3615/3224 3936/3619/3224
f 3936/3619/3225 3470/3615/3225 3176/3618/3225 3468/3621/3225
f 3471/3620/3226 3936/3619/3226 3468/3621/3226 3169/3622/3226
f 3162/3610/3227 3447/3609/3227 3937/3623/3227 3472/3624/3227
f 3447/3609/3228 3161/3606/3228 3471/3620/3228 3937/3623/3228
f 3937/3623/3229 3471/3620/3229 3169/3622/3229 3462/3625/3229
f 3472/3624/3230 3937/3623/3230 3462/3625/3230 3170/3626/3230
f 3163/3582/3231 3448/3612/3231 3938/3627/3231 3473/3628/3231
f 3448/3612/3232 3162/3610/3232 3472/3624/3232 3938/3627/3232
f 3938/3627/3233 3472/3624/3233 3170/3626/3233 3463/3629/3233
f 3473/3628/3234 3938/3627/3234 3463/3629/3234 3171/3630/3234
f 3164/3584/3235 3449/3583/3235 3939/3631/3235 3474/3632/3235
f 3449/3583/3236 3163/3582/3236 3473/3628/3236 3939/3631/3236
f 3939/3631/3237 3473/3628/3237 3171/3630/3237 3464/3633/3237
f 3474/3632/3238 3939/3631/3238 3464/3633/3238 3172/3634/3238
f 3165/3588/3239 3450/3587/3239 3940/3635/3239 3475/3636/3239
f 3450/3587/3240 3164/3584/3240 3474/3632/3240 3940/3635/3240
f 3940/3635/3241 3474/3632/3241 3172/3634/3241 3465/3637/3241
f 3475/3636/3242 3940/3635/3242 3465/3637/3242 3173/3638/3242
f 3166/3592/3243 3451/3591/3243 3941/3639/3243 3476/3640/3243
f 3451/3591/3244 3165/3588/3244 3475/3636/3244 3941/3639/3244
f 3941/3639/3245 3475/3636/3245 3173/3638/3245 3466/3641/3245
f 3476/3640/3246 3941/3639/3246 3466/3641/3246 3174/3642/3246
f 3167/3596/3247 3452/3595/3247 3942/3643/3247 3469/3644/3247
f 3452/3595/3248 3166/3592/3248 3476/3640/3248 3942/3643/3248
f 3942/3643/3249 3476/3640/3249 3174/3642/3249 3467/3645/3249
f 3469/3644/3250 3942/3643/3250 3467/3645/3250 3175/3646/3250
f 3172/3634/3251 3464/3633/3251 3943/3647/3251 3484/3648/3251
f 3464/3633/3252 3171/3630/3252 3485/3649/3252 3943/3647/3252
f 3943/3647/3253 3485/3649/3253 3179/3650/3253 3479/3651/3253
f 3484/3648/3254 3943/3647/3254 3479/3651/3254 3180/3652/3254
f 3173/3638/3255 3465/3637/3255 3944/3653/3255 3486/3654/3255
f 3465/3637/3256 3172/3634/3256 3484/3648/3256 3944/3653/3256
f 3944/3653/3257 3484/3648/3257 3180/3652/3257 3480/3655/3257
f 3486/3654/3258 3944/3653/3258 3480/3655/3258 3181/3656/3258
f 3174/3642/3259 3466/3641/3259 3945/3657/3259 3487/3658/3259
f 3466/3641/3260 3173/3638/3260 3486/3654/3260 3945/3657/3260
f 3945/3657/3261 3486/3654/3261 3181/3656/3261 3481/3659/3261
f 3487/3658/3262 3945/3657/3262 3481/3659/3262 3182/3660/3262
f 3175/3646/3263 3467/3645/3263 3946/3661/3263 3488/3662/3263
f 3467/3645/3264 3174/3642/3264 3487/3658/3264 3946/3661/3264
f 3946/3661/3265 3487/3658/3265 3182/3660/3265 3482/3663/3265
f 3488/3662/3266 3946/3661/3266 3482/3663/3266 3183/3664/3266
f 3176/3618/3267 3860/3665/3267 3947/3666/3267 3489/3667/3267
f 3297/3668/3268 3861/3669/3268 3947/3666/3268 3860/3665/3268
f 3184/3670/3269 3489/3667/3269 3947/3666/3269 3861/3669/3269
f 3169/3622/3270 3468/3621/3270 3948/3671/3270 3490/3672/3270
f 3468/3621/3271 3176/3618/3271 3489/3667/3271 3948/3671/3271
f 3948/3671/3272 3489/3667/3272 3184/3670/3272 3483/3673/3272
f 3490/3672/3273 3948/3671/3273 3483/3673/3273 3177/3674/3273
f 3170/3626/3274 3462/3625/3274 3949/3675/3274 3491/3676/3274
f 3462/3625/3275 3169/3622/3275 3490/3672/3275 3949/3675/3275
f 3949/3675/3276 3490/3672/3276 3177/3674/3276 3477/3677/3276
f 3491/3676/3277 3949/3675/3277 3477/3677/3277 3178/3678/3277
f 3171/3630/3278 3463/3629/3278 3950/3679/3278 3485/3649/3278
f 3463/3629/3279 3170/3626/3279 3491/3676/3279 3950/3679/3279
f 3950/3679/3280 3491/3676/3280 3178/3678/3280 3478/3680/3280
f 3485/3649/3281 3950/3679/3281 3478/3680/3281 3179/3650/3281
f 3184/3670/3282 3861/3681/3282 3951/3682/3282 3500/3683/3282
f 3297/3684/3283 3862/3685/3283 3951/3682/3283 3861/3681/3283
f 3192/3686/3284 3500/3683/3284 3951/3682/3284 3862/3685/3284
f 3177/3674/3285 3483/3673/3285 3952/3687/3285 3501/3688/3285
f 3483/3673/3286 3184/3670/3286 3500/3683/3286 3952/3687/3286
f 3952/3687/3287 3500/3683/3287 3192/3686/3287 3498/3689/3287
f 3501/3688/3288 3952/3687/3288 3498/3689/3288 3185/3690/3288
f 3178/3678/3289 3477/3677/3289 3953/3691/3289 3502/3692/3289
f 3477/3677/3290 3177/3674/3290 3501/3688/3290 3953/3691/3290
f 3953/3691/3291 3501/3688/3291 3185/3690/3291 3492/3693/3291
f 3502/3692/3292 3953/3691/3292 3492/3693/3292 3186/3694/3292
f 3179/3650/3293 3478/3680/3293 3954/3695/3293 3503/3696/3293
f 3478/3680/3294 3178/3678/3294 3502/3692/3294 3954/3695/3294
f 3954/3695/3295 3502/3692/3295 3186/3694/3295 3493/3697/3295
f 3503/3696/3296 3954/3695/3296 3493/3697/3296 3187/3698/3296
f 3180/3652/3297 3479/3651/3297 3955/3699/3297 3504/3700/3297
f 3479/3651/3298 3179/3650/3298 3503/3696/3298 3955/3699/3298
f 3955/3699/3299 3503/3696/3299 3187/3698/3299 3494/3701/3299
f 3504/3700/3300 3955/3699/3300 3494/3701/3300 3188/3702/3300
f 3181/3656/3301 3480/3655/3301 3956/3703/3301 3505/3704/3301
f 3480/3655/3302 3180/3652/3302 3504/3700/3302 3956/3703/3302
f 3956/3703/3303 3504/3700/3303 3188/3702/3303 3495/3705/3303
f 3505/3704/3304 3956/3703/3304 3495/3705/3304 3189/3706/3304
f 3182/3660/3305 3481/3659/3305 3957/3707/3305 3506/3708/3305
f 3481/3659/3306 3181/3656/3306 3505/3704/3306 3957/3707/3306
f 3957/3707/3307 3505/3704/3307 3189/3706/3307 3496/3709/3307
f 3506/3708/3308 3957/3707/3308 3496/3709/3308 3190/3710/3308
f 3183/3664/3309 3482/3663/3309 3958/3711/3309 3499/3712/3309
f 3482/3663/3310 3182/3660/3310 3506/3708/3310 3958/3711/3310
f 3958/3711/3311 3506/3708/3311 3190/3710/3311 3497/3713/3311
f 3499/3712/3312 3958/3711/3312 3497/3713/3312 3191/3714/3312
f 3189/3706/3313 3495/3705/3313 3959/3715/3313 3514/3716/3313
f 3495/3705/3314 3188/3702/3314 3515/3717/3314 3959/3715/3314
f 3959/3715/3315 3515/3717/3315 3196/3718/3315 3510/3719/3315
f 3514/3716/3316 3959/3715/3316 3510/3719/3316 3197/3720/3316
f 3190/3710/3317 3496/3709/3317 3960/3721/3317 3516/3722/3317
f 3496/3709/3318 3189/3706/3318 3514/3716/3318 3960/3721/3318
f 3960/3721/3319 3514/3716/3319 3197/3720/3319 3511/3723/3319
f 3516/3722/3320 3960/3721/3320 3511/3723/3320 3198/3724/3320
f 3191/3714/3321 3497/3713/3321 3961/3725/3321 3517/3726/3321
f 3497/3713/3322 3190/3710/3322 3516/3722/3322 3961/3725/3322
f 3961/3725/3323 3516/3722/3323 3198/3724/3323 3512/3727/3323
f 3517/3726/3324 3961/3725/3324 3512/3727/3324 3199/3728/3324
f 3192/3686/3325 3862/3729/3325 3962/3730/3325 3518/3731/3325
f 3297/3732/3326 3863/3733/3326 3962/3730/3326 3862/3729/3326
f 3200/3734/3327 3518/3731/3327 3962/3730/3327 3863/3733/3327
f 3185/3690/3328 3498/3689/3328 3963/3735/3328 3519/3736/3328
f 3498/3689/3329 3192/3686/3329 3518/3731/3329 3963/3735/3329
f 3963/3735/3330 3518/3731/3330 3200/3734/3330 3513/3737/3330
f 3519/3736/3331 3963/3735/3331 3513/3737/3331 3193/3738/3331
f 3186/3694/3332 3492/3693/3332 3964/3739/3332 3520/3740/3332
f 3492/3693/3333 3185/3690/3333 3519/3736/3333 3964/3739/3333
f 3964/3739/3334 3519/3736/3334 3193/3738/3334 3507/3741/3334
f 3520/3740/3335 3964/3739/3335 3507/3741/3335 3194/3742/3335
f 3187/3698/3336 3493/3697/3336 3965/3743/3336 3521/3744/3336
f 3493/3697/3337 3186/3694/3337 3520/3740/3337 3965/3743/3337
f 3965/3743/3338 3520/3740/3338 3194/3742/3338 3508/3745/3338
f 3521/3744/3339 3965/3743/3339 3508/3745/3339 3195/3746/3339
f 3188/3702/3340 3494/3701/3340 3966/3747/3340 3515/3717/3340
f 3494/3701/3341 3187/3698/3341 3521/3744/3341 3966/3747/3341
f 3966/3747/3342 3521/3744/3342 3195/3746/3342 3509/3748/3342
f 3515/3717/3343 3966/3747/3343 3509/3748/3343 3196/3718/3343
f 3193/3738/3344 3513/3737/3344 3967/3749/3344 3529/3750/3344
f 3513/3737/3345 3200/3734/3345 3530/3751/3345 3967/3749/3345
f 3967/3749/3346 3530/3751/3346 3208/3752/3346 3528/3753/3346
f 3529/3750/3347 3967/3749/3347 3528/3753/3347 3201/3754/3347
f 3194/3742/3348 3507/3741/3348 3968/3755/3348 3531/3756/3348
f 3507/3741/3349 3193/3738/3349 3529/3750/3349 3968/3755/3349
f 3968/3755/3350 3529/3750/3350 3201/3754/3350 3522/3757/3350
f 3531/3756/3351 3968/3755/3351 3522/3757/3351 3202/3758/3351
f 3195/3746/3352 3508/3745/3352 3969/3759/3352 3532/3760/3352
f 3508/3745/3353 3194/3742/3353 3531/3756/3353 3969/3759/3353
f 3969/3759/3354 3531/3756/3354 3202/3758/3354 3523/3761/3354
f 3532/3760/3355 3969/3759/3355 3523/3761/3355 3203/3762/3355
f 3196/3718/3356 3509/3748/3356 3970/3763/3356 3533/3764/3356
f 3509/3748/3357 3195/3746/3357 3532/3760/3357 3970/3763/3357
f 3970/3763/3358 3532/3760/3358 3203/3762/3358 3524/3765/3358
f 3533/3764/3359 3970/3763/3359 3524/3765/3359 3204/3766/3359
f 3197/3720/3360 3510/3719/3360 3971/3767/3360 3534/3768/3360
f 3510/3719/3361 3196/3718/3361 3533/3764/3361 3971/3767/3361
f 3971/3767/3362 3533/3764/3362 3204/3766/3362 3525/3769/3362
f 3534/3768/3363 3971/3767/3363 3525/3769/3363 3205/3770/3363
f 3198/3724/3364 3511/3723/3364 3972/3771/3364 3535/3772/3364
f 3511/3723/3365 3197/3720/3365 3534/3768/3365 3972/3771/3365
f 3972/3771/3366 3534/3768/3366 3205/3770/3366 3526/3773/3366
f 3535/3772/3367 3972/3771/3367 3526/3773/3367 3206/3774/3367
f 3199/3728/3368 3512/3727/3368 3973/3775/3368 3536/3776/3368
f 3512/3727/3369 3198/3724/3369 3535/3772/3369 3973/3775/3369
f 3973/3775/3370 3535/3772/3370 3206/3774/3370 3527/3777/3370
f 3536/3776/3371 3973/3775/3371 3527/3777/3371 3207/3778/3371
f 3200/3734/3372 3863/3779/3372 3974/3780/3372 3530/3751/3372
f 3297/3781/3373 3864/3782/3373 3974/3780/3373 3863/3779/3373
f 3208/3752/3374 3530/3751/3374 3974/3780/3374 3864/3782/3374
f 3206/3774/3375 3526/3773/3375 3975/3783/3375 3544/3784/3375
f 3526/3773/3376 3205/3770/3376 3545/3785/3376 3975/3783/3376
f 3975/3783/3377 3545/3785/3377 3213/3786/3377 3541/3787/3377
f 3544/3784/3378 3975/3783/3378 3541/3787/3378 3214/3788/3378
f 3207/3778/3379 3527/3777/3379 3976/3789/3379 3546/3790/3379
f 3527/3777/3380 3206/3774/3380 3544/3784/3380 3976/3789/3380
f 3976/3789/3381 3544/3784/3381 3214/3788/3381 3542/3791/3381
f 3546/3790/3382 3976/3789/3382 3542/3791/3382 3215/3792/3382
f 3208/3752/3383 3864/3793/3383 3977/3794/3383 3547/3795/3383
f 3297/3796/3384 3865/3797/3384 3977/3794/3384 3864/3793/3384
f 3216/3798/3385 3547/3795/3385 3977/3794/3385 3865/3797/3385
f 3201/3754/3386 3528/3753/3386 3978/3799/3386 3548/3800/3386
f 3528/3753/3387 3208/3752/3387 3547/3795/3387 3978/3799/3387
f 3978/3799/3388 3547/3795/3388 3216/3798/3388 3543/3801/3388
f 3548/3800/3389 3978/3799/3389 3543/3801/3389 3209/3802/3389
f 3202/3758/3390 3522/3757/3390 3979/3803/3390 3549/3804/3390
f 3522/3757/3391 3201/3754/3391 3548/3800/3391 3979/3803/3391
f 3979/3803/3392 3548/3800/3392 3209/3802/3392 3537/3805/3392
f 3549/3804/3393 3979/3803/3393 3537/3805/3393 3210/3806/3393
f 3203/3762/3394 3523/3761/3394 3980/3807/3394 3550/3808/3394
f 3523/3761/3395 3202/3758/3395 3549/3804/3395 3980/3807/3395
f 3980/3807/3396 3549/3804/3396 3210/3806/3396 3538/3809/3396
f 3550/3808/3397 3980/3807/3397 3538/3809/3397 3211/3810/3397
f 3204/3766/3398 3524/3765/3398 3981/3811/3398 3551/3812/3398
f 3524/3765/3399 3203/3762/3399 3550/3808/3399 3981/3811/3399
f 3981/3811/3400 3550/3808/3400 3211/3810/3400 3539/3813/3400
f 3551/3812/3401 3981/3811/3401 3539/3813/3401 3212/3814/3401
f 3205/3770/3402 3525/3769/3402 3982/3815/3402 3545/3785/3402
f 3525/3769/3403 3204/3766/3403 3551/3812/3403 3982/3815/3403
f 3982/3815/3404 3551/3812/3404 3212/3814/3404 3540/3816/3404
f 3545/3785/3405 3982/3815/3405 3540/3816/3405 3213/3786/3405
f 3210/3806/3406 3537/3805/3406 3983/3817/3406 3559/3818/3406
f 3537/3805/3407 3209/3802/3407 3560/3819/3407 3983/3817/3407
f 3983/3817/3408 3560/3819/3408 3217/3820/3408 3552/3821/3408
f 3559/3818/3409 3983/3817/3409 3552/3821/3409 3218/3822/3409
f 3211/3810/3410 3538/3809/3410 3984/3823/3410 3561/3824/3410
f 3538/3809/3411 3210/3806/3411 3559/3818/3411 3984/3823/3411
f 3984/3823/3412 3559/3818/3412 3218/3822/3412 3553/3825/3412
f 3561/3824/3413 3984/3823/3413 3553/3825/3413 3219/3826/3413
f 3212/3814/3414 3539/3813/3414 3985/3827/3414 3562/3828/3414
f 3539/3813/3415 3211/3810/3415 3561/3824/3415 3985/3827/3415
f 3985/3827/3416 3561/3824/3416 3219/3826/3416 3554/3829/3416
f 3562/3828/3417 3985/3827/3417 3554/3829/3417 3220/3830/3417
f 3213/3786/3418 3540/3816/3418 3986/3831/3418 3563/3832/3418
f 3540/3816/3419 3212/3814/3419 3562/3828/3419 3986/3831/3419
f 3986/3831/3420 3562/3828/3420 3220/3830/3420 3555/3833/3420
f 3563/3832/3421 3986/3831/3421 3555/3833/3421 3221/3834/3421
f 3214/3788/3422 3541/3787/3422 3987/3835/3422 3564/3836/3422
f 3541/3787/3423 3213/3786/3423 3563/3832/3423 3987/3835/3423
f 3987/3835/3424 3563/3832/3424 3221/3834/3424 3556/3837/3424
f 3564/3836/3425 3987/3835/3425 3556/3837/3425 3222/3838/3425
f 3215/3792/3426 3542/3791/3426 3988/3839/3426 3565/3840/3426
f 3542/3791/3427 3214/3788/3427 3564/3836/3427 3988/3839/3427
f 3988/3839/3428 3564/3836/3428 3222/3838/3428 3557/3841/3428
f 3565/3840/3429 3988/3839/3429 3557/3841/3429 3223/3842/3429
f 3216/3798/3430 3865/3843/3430 3989/3844/3430 3566/3845/3430
f 3297/3846/3431 3866/3847/3431 3989/3844/3431 3865/3843/3431
f 3224/3848/3432 3566/3845/3432 3989/3844/3432 3866/3847/3432
f 3209/3802/3433 3543/3801/3433 3990/3849/3433 3560/3819/3433
f 3543/3801/3434 3216/3798/3434 3566/3845/3434 3990/3849/3434
f 3990/3849/3435 3566/3845/3435 3224/3848/3435 3558/3850/3435
f 3560/3819/3436 3990/3849/3436 3558/3850/3436 3217/3820/3436
f 3222/3838/3437 3556/3837/3437 3991/3851/3437 3574/3852/3437
f 3556/3837/3438 3221/3834/3438 3575/3853/3438 3991/3851/3438
f 3991/3851/3439 3575/3853/3439 3229/3854/3439 3571/3855/3439
f 3574/3852/3440 3991/3851/3440 3571/3855/3440 3230/3856/3440
f 3223/3842/3441 3557/3841/3441 3992/3857/3441 3576/3858/3441
f 3557/3841/3442 3222/3838/3442 3574/3852/3442 3992/3857/3442
f 3992/3857/3443 3574/3852/3443 3230/3856/3443 3572/3859/3443
f 3576/3858/3444 3992/3857/3444 3572/3859/3444 3231/3860/3444
f 3224/3848/3445 3866/3861/3445 3993/3862/3445 3577/3863/3445
f 3297/3864/3446 3867/3865/3446 3993/3862/3446 3866/3861/3446
f 3232/3866/3447 3577/3863/3447 3993/3862/3447 3867/3865/3447
f 3217/3820/3448 3558/3850/3448 3994/3867/3448 3578/3868/3448
f 3558/3850/3449 3224/3848/3449 3577/3863/3449 3994/3867/3449
f 3994/3867/3450 3577/3863/3450 3232/3866/3450 3573/3869/3450
f 3578/3868/3451 3994/3867/3451 3573/3869/3451 3225/3870/3451
f 3218/3822/3452 3552/3821/3452 3995/3871/3452 3579/3872/3452
f 3552/3821/3453 3217/3820/3453 3578/3868/3453 3995/3871/3453
f 3995/3871/3454 3578/3868/3454 3225/3870/3454 3567/3873/3454
f 3579/3872/3455 3995/3871/3455 3567/3873/3455 3226/3874/3455
f 3219/3826/3456 3553/3825/3456 3996/3875/3456 3580/3876/3456
f 3553/3825/3457 3218/3822/3457 3579/3872/3457 3996/3875/3457
f 3996/3875/3458 3579/3872/3458 3226/3874/3458 3568/3877/3458
f 3580/3876/3459 3996/3875/3459 3568/3877/3459 3227/3878/3459
f 3220/3830/3460 3554/3829/3460 3997/3879/3460 3581/3880/3460
f 3554/3829/3461 3219/3826/3461 3580/3876/3461 3997/3879/3461
f 3997/3879/3462 3580/3876/3462 3227/3878/3462 3569/3881/3462
f 3581/3880/3463 3997/3879/3463 3569/3881/3463 3228/3882/3463
f 3221/3834/3464 3555/3833/3464 3998/3883/3464 3575/3853/3464
f 3555/3833/3465 3220/3830/3465 3581/3880/3465 3998/3883/3465
f 3998/3883/3466 3581/3880/3466 3228/3882/3466 3570/3884/3466
f 3575/3853/3467 3998/3883/3467 3570/3884/3467 3229/3854/3467
f 3227/3878/3468 3568/3877/3468 3999/3885/3468 3589/3886/3468
f 3568/3877/3469 3226/3874/3469 3590/3887/3469 3999/3885/3469
f 3999/3885/3470 3590/3887/3470 3234/3888/3470 3583/3889/3470
f 3589/3886/3471 3999/3885/3471 3583/3889/3471 3235/3890/3471
f 3228/3882/3472 3569/3881/3472 4000/3891/3472 3591/3892/3472
f 3569/3881/3473 3227/3878/3473 3589/3886/3473 4000/3891/3473
f 4000/3891/3474 3589/3886/3474 3235/3890/3474 3584/3893/3474
f 3591/3892/3475 4000/3891/3475 3584/3893/3475 3236/3894/3475
f 3229/3854/3476 3570/3884/3476 4001/3895/3476 3592/3896/3476
f 3570/3884/3477 3228/3882/3477 3591/3892/3477 4001/3895/3477
f 4001/3895/3478 3591/3892/3478 3236/3894/3478 3585/3897/3478
f 3592/3896/3479 4001/3895/3479 3585/3897/3479 3237/3898/3479
f 3230/3856/3480 3571/3855/3480 4002/3899/3480 3593/3900/3480
f 3571/3855/3481 3229/3854/3481 3592/3896/3481 4002/3899/3481
f 4002/3899/3482 3592/3896/3482 3237/3898/3482 3586/3901/3482
f 3593/3900/3483 4002/3899/3483 3586/3901/3483 3238/3902/3483
f 3231/3860/3484 3572/3859/3484 4003/3903/3484 3594/3904/3484
f 3572/3859/3485 3230/3856/3485 3593/3900/3485 4003/3903/3485
f 4003/3903/3486 3593/3900/3486 3238/3902/3486 3587/3905/3486
f 3594/3904/3487 4003/3903/3487 3587/3905/3487 3239/3906/3487
f 3232/3866/3488 3867/3907/3488 4004/3908/3488 3595/3909/3488
f 3297/3910/3489 3868/3911/3489 4004/3908/3489 3867/3907/3489
f 3240/3912/3490 3595/3909/3490 4004/3908/3490 3868/3911/3490
f 3225/3870/3491 3573/3869/3491 4005/3913/3491 3596/3914/3491
f 3573/3869/3492 3232/3866/3492 3595/3909/3492 4005/3913/3492
f 4005/3913/3493 3595/3909/3493 3240/3912/3493 3588/3915/3493
f 3596/3914/3494 4005/3913/3494 3588/3915/3494 3233/3916/3494
f 3226/3874/3495 3567/3873/3495 4006/3917/3495 3590/3887/3495
f 3567/3873/3496 3225/3870/3496 3596/3914/3496 4006/3917/3496
f 4006/3917/3497 3596/3914/3497 3233/3916/3497 3582/3918/3497
f 3590/3887/3498 4006/3917/3498 3582/3918/3498 3234/3888/3498
f 3239/3906/3499 3587/3905/3499 4007/3919/3499 3604/3920/3499
f 3587/3905/3500 3238/3902/3500 3605/3921/3500 4007/3919/3500
f 4007/3919/3501 3605/3921/3501 3246/3922/3501 3602/3923/3501
f 3604/3920/3502 4007/3919/3502 3602/3923/3502 3247/3924/3502
f 3240/3912/3503 3868/3925/3503 4008/3926/3503 3606/3927/3503
f 3297/3928/3504 3869/3929/3504 4008/3926/3504 3868/3925/3504
f 3248/3930/3505 3606/3927/3505 4008/3926/3505 3869/3929/3505
f 3233/3916/3506 3588/3915/3506 4009/3931/3506 3607/3932/3506
f 3588/3915/3507 3240/3912/3507 3606/3927/3507 4009/3931/3507
f 4009/3931/3508 3606/3927/3508 3248/3930/3508 3603/3933/3508
f 3607/3932/3509 4009/3931/3509 3603/3933/3509 3241/3934/3509
f 3234/3888/3510 3582/3918/3510 4010/3935/3510 3608/3936/3510
f 3582/3918/3511 3233/3916/3511 3607/3932/3511 4010/3935/3511
f 4010/3935/3512 3607/3932/3512 3241/3934/3512 3597/3937/3512
f 3608/3936/3513 4010/3935/3513 3597/3937/3513 3242/3938/3513
f 3235/3890/3514 3583/3889/3514 4011/3939/3514 3609/3940/3514
f 3583/3889/3515 3234/3888/3515 3608/3936/3515 4011/3939/3515
f 4011/3939/3516 3608/3936/3516 3242/3938/3516 3598/3941/3516
f 3609/3940/3517 4011/3939/3517 3598/3941/3517 3243/3942/3517
f 3236/3894/3518 3584/3893/3518 4012/3943/3518 3610/3944/3518
f 3584/3893/3519 3235/3890/3519 3609/3940/3519 4012/3943/3519
f 4012/3943/3520 3609/3940/3520 3243/3942/3520 3599/3945/3520
f 3610/3944/3521 4012/3943/3521 3599/3945/3521 3244/3946/3521
f 3237/3898/3522 3585/3897/3522 4013/3947/3522 3611/3948/3522
f 3585/3897/3523 3236/3894/3523 3610/3944/3523 4013/3947/3523
f 4013/3947/3524 3610/3944/3524 3244/3946/3524 3600/3949/3524
f 3611/3948/3525 4013/3947/3525 3600/3949/3525 3245/3950/3525
f 3238/3902/3526 3586/3901/3526 4014/3951/3526 3605/3921/3526
f 3586/3901/3527 3237/3898/3527 3611/3948/3527 4014/3951/3527
f 4014/3951/3528 3611/3948/3528 3245/3950/3528 3601/3952/3528
f 3605/3921/3529 4014/3951/3529 3601/3952/3529 3246/3922/3529
f 3243/3942/3530 3598/3941/3530 4015/3953/3530 3619/3954/3530
f 3598/3941/3531 3242/3938/3531 3620/3955/3531 4015/3953/3531
f 4015/3953/3532 3620/3955/3532 3250/3956/3532 3613/3957/3532
f 3619/3954/3533 4015/3953/3533 3613/3957/3533 3251/3958/3533
f 3244/3946/3534 3599/3945/3534 4016/3959/3534 3621/3960/3534
f 3599/3945/3535 3243/3942/3535 3619/3954/3535 4016/3959/3535
f 4016/3959/3536 3619/3954/3536 3251/3958/3536 3614/3961/3536
f 3621/3960/3537 4016/3959/3537 3614/3961/3537 3252/3962/3537
f 3245/3950/3538 3600/3949/3538 4017/3963/3538 3622/3964/3538
f 3600/3949/3539 3244/3946/3539 3621/3960/3539 4017/3963/3539
f 4017/3963/3540 3621/3960/3540 3252/3962/3540 3615/3965/3540
f 3622/3964/3541 4017/3963/3541 3615/3965/3541 3253/3966/3541
f 3246/3922/3542 3601/3952/3542 4018/3967/3542 3623/3968/3542
f 3601/3952/3543 3245/3950/3543 3622/3964/3543 4018/3967/3543
f 4018/3967/3544 3622/3964/3544 3253/3966/3544 3616/3969/3544
f 3623/3968/3545 4018/3967/3545 3616/3969/3545 3254/3970/3545
f 3247/3924/3546 3602/3923/3546 4019/3971/3546 3624/3972/3546
f 3602/3923/3547 3246/3922/3547 3623/3968/3547 4019/3971/3547
f 4019/3971/3548 3623/3968/3548 3254/3970/3548 3617/3973/3548
f 3624/3972/3549 4019/3971/3549 3617/3973/3549 3255/3974/3549
f 3248/3930/3550 3869/3975/3550 4020/3976/3550 3625/3977/3550
f 3297/3978/3551 3870/3979/3551 4020/3976/3551 3869/3975/3551
f 3256/3980/3552 3625/3977/3552 4020/3976/3552 3870/3979/3552
f 3241/3934/3553 3603/3933/3553 4021/3981/3553 3626/3982/3553
f 3603/3933/3554 3248/3930/3554 3625/3977/3554 4021/3981/3554
f 4021/3981/3555 3625/3977/3555 3256/3980/3555 3618/3983/3555
f 3626/3982/3556 4021/3981/3556 3618/3983/3556 3249/3984/3556
f 3242/3938/3557 3597/3937/3557 4022/3985/3557 3620/3955/3557
f 3597/3937/3558 3241/3934/3558 3626/3982/3558 4022/3985/3558
f 4022/3985/3559 3626/3982/3559 3249/3984/3559 3612/3986/3559
f 3620/3955/3560 4022/3985/3560 3612/3986/3560 3250/3956/3560
f 3255/3974/3561 3617/3973/3561 4023/3987/3561 3634/3988/3561
f 3617/3973/3562 3254/3970/3562 3635/3989/3562 4023/3987/3562
f 4023/3987/3563 3635/3989/3563 3262/3990/3563 3632/3991/3563
f 3634/3988/3564 4023/3987/3564 3632/3991/3564 3263/3992/3564
f 3256/3980/3565 3870/3993/3565 4024/3994/3565 3636/3995/3565
f 3297/3996/3566 3871/3997/3566 4024/3994/3566 3870/3993/3566
f 3264/3998/3567 3636/3995/3567 4024/3994/3567 3871/3997/3567
f 3249/3984/3568 3618/3983/3568 4025/3999/3568 3637/4000/3568
f 3618/3983/3569 3256/3980/3569 3636/3995/3569 4025/3999/3569
f 4025/3999/3570 3636/3995/3570 3264/3998/3570 3633/4001/3570
f 3637/4000/3571 4025/3999/3571 3633/4001/3571 3257/4002/3571
f 3250/3956/3572 3612/3986/3572 4026/4003/3572 3638/4004/3572
f 3612/3986/3573 3249/3984/3573 3637/4000/3573 4026/4003/3573
f 4026/4003/3574 3637/4000/3574 3257/4002/3574 3627/4005/3574
f 3638/4004/3575 4026/4003/3575 3627/4005/3575 3258/4006/3575
f 3251/3958/3576 3613/3957/3576 4027/4007/3576 3639/4008/3576
f 3613/3957/3577 3250/3956/3577 3638/4004/3577 4027/4007/3577
f 4027/4007/3578 3638/4004/3578 3258/4006/3578 3628/4009/3578
f 3639/4008/3579 4027/4007/3579 3628/4009/3579 3259/4010/3579
f 3252/3962/3580 3614/3961/3580 4028/4011/3580 3640/4012/3580
f 3614/3961/3581 3251/3958/3581 3639/4008/3581 4028/4011/3581
f 4028/4011/3582 3639/4008/3582 3259/4010/3582 3629/4013/3582
f 3640/4012/3583 4028/4011/3583 3629/4013/3583 3260/4014/3583
f 3253/3966/3584 3615/3965/3584 4029/4015/3584 3641/4016/3584
f 3615/3965/3585 3252/3962/3585 3640/4012/3585 4029/4015/3585
f 4029/4015/3586 3640/4012/3586 3260/4014/3586 3630/4017/3586
f 3641/4016/3587 4029/4015/3587 3630/4017/3587 3261/4018/3587
f 3254/3970/3588 3616/3969/3588 4030/4019/3588 3635/3989/3588
f 3616/3969/3589 3253/3966/3589 3641/4016/3589 4030/4019/3589
f 4030/4019/3590 3641/4016/3590 3261/4018/3590 3631/4020/3590
f 3635/3989/3591 4030/4019/3591 3631/4020/3591 3262/3990/3591
f 3260/4014/3592 3629/4013/3592 4031/4021/3592 3649/4022/3592
f 3629/4013/3593 3259/4010/3593 3650/4023/3593 4031/4021/3593
f 4031/4021/3594 3650/4023/3594 3267/4024/3594 3644/4025/3594
f 3649/4022/3595 4031/4021/3595 3644/4025/3595 3268/4026/3595
f 3261/4018/3596 3630/4017/3596 4032/4027/3596 3651/4028/3596
f 3630/4017/3597 3260/4014/3597 3649/4022/3597 4032/4027/3597
f 4032/4027/3598 3649/4022/3598 3268/4026/3598 3645/4029/3598
f 3651/4028/3599 4032/4027/3599 3645/4029/3599 3269/4030/3599
f 3262/3990/3600 3631/4020/3600 4033/4031/3600 3652/4032/3600
f 3631/4020/3601 3261/4018/3601 3651/4028/3601 4033/4031/3601
f 4033/4031/3602 3651/4028/3602 3269/4030/3602 3646/4033/3602
f 3652/4032/3603 4033/4031/3603 3646/4033/3603 3270/4034/3603
f 3263/3992/3604 3632/3991/3604 4034/4035/3604 3653/4036/3604
f 3632/3991/3605 3262/3990/3605 3652/4032/3605 4034/4035/3605
f 4034/4035/3606 3652/4032/3606 3270/4034/3606 3647/4037/3606
f 3653/4036/3607 4034/4035/3607 3647/4037/3607 3271/4038/3607
f 3264/3998/3608 3871/4039/3608 4035/4040/3608 3654/4041/3608
f 3297/4042/3609 3872/4043/3609 4035/4040/3609 3871/4039/3609
f 3272/4044/3610 3654/4041/3610 4035/4040/3610 3872/4043/3610
f 3257/4002/3611 3633/4001/3611 4036/4045/3611 3655/4046/3611
f 3633/4001/3612 3264/3998/3612 3654/4041/3612 4036/4045/3612
f 4036/4045/3613 3654/4041/3613 3272/4044/3613 3648/4047/3613
f 3655/4046/3614 4036/4045/3614 3648/4047/3614 3265/4048/3614
f 3258/4006/3615 3627/4005/3615 4037/4049/3615 3656/4050/3615
f 3627/4005/3616 3257/4002/3616 3655/4046/3616 4037/4049/3616
f 4037/4049/3617 3655/4046/3617 3265/4048/3617 3642/4051/3617
f 3656/4050/3618 4037/4049/3618 3642/4051/3618 3266/4052/3618
f 3259/4010/3619 3628/4009/3619 4038/4053/3619 3650/4023/3619
f 3628/4009/3620 3258/4006/3620 3656/4050/3620 4038/4053/3620
f 4038/4053/3621 3656/4050/3621 3266/4052/3621 3643/4054/3621
f 3650/4023/3622 4038/4053/3622 3643/4054/3622 3267/4024/3622
f 3272/4044/3623 3872/4055/3623 4039/4056/3623 3665/4057/3623
f 3297/4058/3624 3873/4059/3624 4039/4056/3624 3872/4055/3624
f 3280/4060/3625 3665/4057/3625 4039/4056/3625 3873/4059/3625
f 3265/4048/3626 3648/4047/3626 4040/4061/3626 3666/4062/3626
f 3648/4047/3627 3272/4044/3627 3665/4057/3627 4040/4061/3627
f 4040/4061/3628 3665/4057/3628 3280/4060/3628 3663/4063/3628
f 3666/4062/3629 4040/4061/3629 3663/4063/3629 3273/4064/3629
f 3266/4052/3630 3642/4051/3630 4041/4065/3630 3667/4066/3630
f 3642/4051/3631 3265/4048/3631 3666/4062/3631 4041/4065/3631
f 4041/4065/3632 3666/4062/3632 3273/4064/3632 3657/4067/3632
f 3667/4066/3633 4041/4065/3633 3657/4067/3633 3274/4068/3633
f 3267/4024/3634 3643/4054/3634 4042/4069/3634 3668/4070/3634
f 3643/4054/3635 3266/4052/3635 3667/4066/3635 4042/4069/3635
f 4042/4069/3636 3667/4066/3636 3274/4068/3636 3658/4071/3636
f 3668/4070/3637 4042/4069/3637 3658/4071/3637 3275/4072/3637
f 3268/4026/3638 3644/4025/3638 4043/4073/3638 3669/4074/3638
f 3644/4025/3639 3267/4024/3639 3668/4070/3639 4043/4073/3639
f 4043/4073/3640 3668/4070/3640 3275/4072/3640 3659/4075/3640
f 3669/4074/3641 4043/4073/3641 3659/4075/3641 3276/4076/3641
f 3269/4030/3642 3645/4029/3642 4044/4077/3642 3670/4078/3642
f 3645/4029/3643 3268/4026/3643 3669/4074/3643 4044/4077/3643
f 4044/4077/3644 3669/4074/3644 3276/4076/3644 3660/4079/3644
f 3670/4078/3645 4044/4077/3645 3660/4079/3645 3277/4080/3645
f 3270/4034/3646 3646/4033/3646 4045/4081/3646 3671/4082/3646
f 3646/4033/3647 3269/4030/3647 3670/4078/3647 4045/4081/3647
f 4045/4081/3648 3670/4078/3648 3277/4080/3648 3661/4083/3648
f 3671/4082/3649 4045/4081/3649 3661/4083/3649 3278/4084/3649
f 3271/4038/3650 3647/4037/3650 4046/4085/3650 3664/4086/3650
f 3647/4037/3651 3270/4034/3651 3671/4082/3651 4046/4085/3651
f 4046/4085/3652 3671/4082/3652 3278/4084/3652 3662/4087/3652
f 3664/4086/3653 4046/4085/3653 3662/4087/3653 3279/4088/3653
f 3277/4080/3654 3660/4079/3654 4047/4089/3654 3679/4090/3654
f 3660/4079/3655 3276/4076/3655 3680/4091/3655 4047/4089/3655
f 4047/4089/3656 3680/4091/3656 3284/4092/3656 3675/4093/3656
f 3679/4090/3657 4047/4089/3657 3675/4093/3657 3285/4094/3657
f 3278/4084/3658 3661/4083/3658 4048/4095/3658 3681/4096/3658
f 3661/4083/3659 3277/4080/3659 3679/4090/3659 4048/4095/3659
f 4048/4095/3660 3679/4090/3660 3285/4094/3660 3676/4097/3660
f 3681/4096/3661 4048/4095/3661 3676/4097/3661 3286/4098/3661
f 3279/4088/3662 3662/4087/3662 4049/4099/3662 3682/4100/3662
f 3662/4087/3663 3278/4084/3663 3681/4096/3663 4049/4099/3663
f 4049/4099/3664 3681/4096/3664 3286/4098/3664 3677/4101/3664
f 3682/4100/3665 4049/4099/3665 3677/4101/3665 3287/4102/3665
f 3280/4060/3666 3873/4103/3666 4050/4104/3666 3683/4105/3666
f 3297/4106/3667 3874/4107/3667 4050/4104/3667 3873/4103/3667
f 3288/4108/3668 3683/4105/3668 4050/4104/3668 3874/4107/3668
f 3273/4064/3669 3663/4063/3669 4051/4109/3669 3684/4110/3669
f 3663/4063/3670 3280/4060/3670 3683/4105/3670 4051/4109/3670
f 4051/4109/3671 3683/4105/3671 3288/4108/3671 3678/4111/3671
f 3684/4110/3672 4051/4109/3672 3678/4111/3672 3281/4112/3672
f 3274/4068/3673 3657/4067/3673 4052/4113/3673 3685/4114/3673
f 3657/4067/3674 3273/4064/3674 3684/4110/3674 4052/4113/3674
f 4052/4113/3675 3684/4110/3675 3281/4112/3675 3672/4115/3675
f 3685/4114/3676 4052/4113/3676 3672/4115/3676 3282/4116/3676
f 3275/4072/3677 3658/4071/3677 4053/4117/3677 3686/4118/3677
f 3658/4071/3678 3274/4068/3678 3685/4114/3678 4053/4117/3678
f 4053/4117/3679 3685/4114/3679 3282/4116/3679 3673/4119/3679
f 3686/4118/3680 4053/4117/3680 3673/4119/3680 3283/4120/3680
f 3276/4076/3681 3659/4075/3681 4054/4121/3681 3680/4091/3681
f 3659/4075/3682 3275/4072/3682 3686/4118/3682 4054/4121/3682
f 4054/4121/3683 3686/4118/3683 3283/4120/3683 3674/4122/3683
f 3680/4091/3684 4054/4121/3684 3674/4122/3684 3284/4092/3684
f 3288/4108/3685 3874/4123/3685 4055/4124/3685 3695/4125/3685
f 3297/4126/3686 3687/4127/3686 4055/4124/3686 3874/4123/3686
f 3296/4128/3687 3695/4125/3687 4055/4124/3687 3687/4127/3687
f 3281/4112/3688 3678/4111/3688 4056/4129/3688 3696/4130/3688
f 3678/4111/3689 3288/4108/3689 3695/4125/3689 4056/4129/3689
f 4056/4129/3690 3695/4125/3690 3296/4128/3690 3694/4131/3690
f 3696/4130/3691 4056/4129/3691 3694/4131/3691 3289/4132/3691
f 3282/4116/3692 3672/4115/3692 4057/4133/3692 3697/4134/3692
f 3672/4115/3693 3281/4112/3693 3696/4130/3693 4057/4133/3693
f 4057/4133/3694 3696/4130/3694 3289/4132/3694 3688/4135/3694
f 3697/4134/3695 4057/4133/3695 3688/4135/3695 3290/4136/3695
f 3283/4120/3696 3673/4119/3696 4058/4137/3696 3698/4138/3696
f 3673/4119/3697 3282/4116/3697 3697/4134/3697 4058/4137/3697
f 4058/4137/3698 3697/4134/3698 3290/4136/3698 3689/4139/3698
f 3698/4138/3699 4058/4137/3699 3689/4139/3699 3291/4140/3699
f 3284/4092/3700 3674/4122/3700 4059/4141/3700 3699/4142/3700
f 3674/4122/3701 3283/4120/3701 3698/4138/3701 4059/4141/3701
f 4059/4141/3702 3698/4138/3702 3291/4140/3702 3690/4143/3702
f 3699/4142/3703 4059/4141/3703 3690/4143/3703 3292/4144/3703
f 3285/4094/3704 3675/4093/3704 4060/4145/3704 3700/4146/3704
f 3675/4093/3705 3284/4092/3705 3699/4142/3705 4060/4145/3705
f 4060/4145/3706 3699/4142/3706 3292/4144/3706 3691/4147/3706
f 3700/4146/3707 4060/4145/3707 3691/4147/3707 3293/4148/3707
f 3286/4098/3708 3676/4097/3708 4061/4149/3708 3701/4150/3708
f 3676/4097/3709 3285/4094/3709 3700/4146/3709 4061/4149/3709
f 4061/4149/3710 3700/4146/3710 3293/4148/3710 3692/4151/3710
f 3701/4150/3711 4061/4149/3711 3692/4151/3711 3294/4152/3711
f 3287/4102/3712 3677/4101/3712 4062/4153/3712 3702/4154/3712
f 3677/4101/3713 3286/4098/3713 3701/4150/3713 4062/4153/3713
f 4062/4153/3714 3701/4150/3714 3294/4152/3714 3693/4155/3714
f 3702/4154/3715 4062/4153/3715 3693/4155/3715 3295/4156/3715
f 3293/4148/3716 3691/4147/3716 4063/4157/3716 3710/4158/3716
f 3691/4147/3717 3292/4144/3717 3711/4159/3717 4063/4157/3717
f 4063/4157/3718 3711/4159/3718 3301/4160/3718 3706/4161/3718
f 3710/4158/3719 4063/4157/3719 3706/4161/3719 3302/4162/3719
f 3294/4152/3720 3692/4151/3720 4064/4163/3720 3712/4164/3720
f 3692/4151/3721 3293/4148/3721 3710/4158/3721 4064/4163/3721
f 4064/4163/3722 3710/4158/3722 3302/4162/3722 3707/4165/3722
f 3712/4164/3723 4064/4163/3723 3707/4165/3723 3303/4166/3723
f 3295/4156/3724 3693/4155/3724 4065/4167/3724 3713/4168/3724
f 3693/4155/3725 3294/4152/3725 3712/4164/3725 4065/4167/3725
f 4065/4167/3726 3712/4164/3726 3303/4166/3726 3708/4169/3726
f 3713/4168/3727 4065/4167/3727 3708/4169/3727 3304/4170/3727
f 3296/4128/3728 3687/4171/3728 4066/4172/3728 3714/4173/3728
f 3297/4174/3729 3875/4175/3729 4066/4172/3729 3687/4171/3729
f 3305/4176/3730 3714/4173/3730 4066/4172/3730 3875/4175/3730
f 3289/4132/3731 3694/4131/3731 4067/4177/3731 3715/4178/3731
f 3694/4131/3732 3296/4128/3732 3714/4173/3732 4067/4177/3732
f 4067/4177/3733 3714/4173/3733 3305/4176/3733 3709/4179/3733
f 3715/4178/3734 4067/4177/3734 3709/4179/3734 3298/4180/3734
f 3290/4136/3735 3688/4135/3735 4068/4181/3735 3716/4182/3735
f 3688/4135/3736 3289/4132/3736 3715/4178/3736 4068/4181/3736
f 4068/4181/3737 3715/4178/3737 3298/4180/3737 3703/4183/3737
f 3716/4182/3738 4068/4181/3738 3703/4183/3738 3299/4184/3738
f 3291/4140/3739 3689/4139/3739 4069/4185/3739 3717/4186/3739
f 3689/4139/3740 3290/4136/3740 3716/4182/3740 4069/4185/3740
f 4069/4185/3741 3716/4182/3741 3299/4184/3741 3704/4187/3741
f 3717/4186/3742 4069/4185/3742 3704/4187/3742 3300/4188/3742
f 3292/4144/3743 3690/4143/3743 4070/4189/3743 3711/4159/3743
f 3690/4143/3744 3291/4140/3744 3717/4186/3744 4070/4189/3744
f 4070/4189/3745 3717/4186/3745 3300/4188/3745 3705/4190/3745
f 3711/4159/3746 4070/4189/3746 3705/4190/3746 3301/4160/3746
f 3299/4184/3747 3703/4183/3747 4071/4191/3747 3725/4192/3747
f 3703/4183/3748 3298/4180/3748 3726/4193/3748 4071/4191/3748
f 4071/4191/3749 3726/4193/3749 3306/4194/3749 3718/4195/3749
f 3725/4192/3750 4071/4191/3750 3718/4195/3750 3307/4196/3750
f 3300/4188/3751 3704/4187/3751 4072/4197/3751 3727/4198/3751
f 3704/4187/3752 3299/4184/3752 3725/4192/3752 4072/4197/3752
f 4072/4197/3753 3725/4192/3753 3307/4196/3753 3719/4199/3753
f 3727/4198/3754 4072/4197/3754 3719/4199/3754 3308/4200/3754
f 3301/4160/3755 3705/4190/3755 4073/4201/3755 3728/4202/3755
f 3705/4190/3756 3300/4188/3756 3727/4198/3756 4073/4201/3756
f 4073/4201/3757 3727/4198/3757 3308/4200/3757 3720/4203/3757
f 3728/4202/3758 4073/4201/3758 3720/4203/3758 3309/4204/3758
f 3302/4162/3759 3706/4161/3759 4074/4205/3759 3729/4206/3759
f 3706/4161/3760 3301/4160/3760 3728/4202/3760 4074/4205/3760
f 4074/4205/3761 3728/4202/3761 3309/4204/3761 3721/4207/3761
f 3729/4206/3762 4074/4205/3762 3721/4207/3762 3310/4208/3762
f 3303/4166/3763 3707/4165/3763 4075/4209/3763 3730/4210/3763
f 3707/4165/3764 3302/4162/3764 3729/4206/3764 4075/4209/3764
f 4075/4209/3765 3729/4206/3765 3310/4208/3765 3722/4211/3765
f 3730/4210/3766 4075/4209/3766 3722/4211/3766 3311/4212/3766
f 3304/4170/3767 3708/4169/3767 4076/4213/3767 3731/4214/3767
f 3708/4169/3768 3303/4166/3768 3730/4210/3768 4076/4213/3768
f 4076/4213/3769 3730/4210/3769 3311/4212/3769 3723/4215/3769
f 3731/4214/3770 4076/4213/3770 3723/4215/3770 3312/4216/3770
f 3305/4176/3771 3875/4217/3771 4077/4218/3771 3732/4219/3771
f 3297/4220/3772 3876/4221/3772 4077/4218/3772 3875/4217/3772
f 3313/4222/3773 3732/4219/3773 4077/4218/3773 3876/4221/3773
f 3298/4180/3774 3709/4179/3774 4078/4223/3774 3726/4193/3774
f 3709/4179/3775 3305/4176/3775 3732/4219/3775 4078/4223/3775
f 4078/4223/3776 3732/4219/3776 3313/4222/3776 3724/4224/3776
f 3726/4193/3777 4078/4223/3777 3724/4224/3777 3306/4194/3777
f 3311/4225/3778 3722/4226/3778 4079/4227/3778 3740/4228/3778
f 3722/4226/3779 3310/4229/3779 3741/4230/3779 4079/4227/3779
f 4079/4227/3780 3741/4230/3780 3318/4231/3780 3737/4232/3780
f 3740/4228/3781 4079/4227/3781 3737/4232/3781 3319/4233/3781
f 3312/4234/3782 3723/4235/3782 4080/4236/3782 3742/4237/3782
f 3723/4235/3783 3311/4225/3783 3740/4228/3783 4080/4236/3783
f 4080/4236/3784 3740/4228/3784 3319/4233/3784 3738/4238/3784
f 3742/4237/3785 4080/4236/3785 3738/4238/3785 3320/4239/3785
f 3313/4240/3786 3876/4241/3786 4081/4242/3786 3743/4243/3786
f 3297/4244/3787 3877/4245/3787 4081/4242/3787 3876/4241/3787
f 3321/4246/3788 3743/4243/3788 4081/4242/3788 3877/4245/3788
f 3306/4247/3789 3724/4248/3789 4082/4249/3789 3744/4250/3789
f 3724/4248/3790 3313/4240/3790 3743/4243/3790 4082/4249/3790
f 4082/4249/3791 3743/4243/3791 3321/4246/3791 3739/4251/3791
f 3744/4250/3792 4082/4249/3792 3739/4251/3792 3314/4252/3792
f 3307/4253/3793 3718/4254/3793 4083/4255/3793 3745/4256/3793
f 3718/4254/3794 3306/4247/3794 3744/4250/3794 4083/4255/3794
f 4083/4255/3795 3744/4250/3795 3314/4252/3795 3733/4257/3795
f 3745/4256/3796 4083/4255/3796 3733/4257/3796 3315/4258/3796
f 3308/4259/3797 3719/4260/3797 4084/4261/3797 3746/4262/3797
f 3719/4260/3798 3307/4253/3798 3745/4256/3798 4084/4261/3798
f 4084/4261/3799 3745/4256/3799 3315/4258/3799 3734/4263/3799
f 3746/4262/3800 4084/4261/3800 3734/4263/3800 3316/4264/3800
f 3309/4265/3801 3720/4266/3801 4085/4267/3801 3747/4268/3801
f 3720/4266/3802 3308/4259/3802 3746/4262/3802 4085/4267/3802
f 4085/4267/3803 3746/4262/3803 3316/4264/3803 3735/4269/3803
f 3747/4268/3804 4085/4267/3804 3735/4269/3804 3317/4270/3804
f 3310/4229/3805 3721/4271/3805 4086/4272/3805 3741/4230/3805
f 3721/4271/3806 3309/4265/3806 3747/4268/3806 4086/4272/3806
f 4086/4272/3807 3747/4268/3807 3317/4270/3807 3736/4273/3807
f 3741/4230/3808 4086/4272/3808 3736/4273/3808 3318/4231/3808
f 3315/4258/3809 3733/4257/3809 4087/4274/3809 3755/4275/3809
f 3733/4257/3810 3314/4252/3810 3756/4276/3810 4087/4274/3810
f 4087/4274/3811 3756/4276/3811 3322/4277/3811 3748/4278/3811
f 3755/4275/3812 4087/4274/3812 3748/4278/3812 3323/4279/3812
f 3316/4264/3813 3734/4263/3813 4088/4280/3813 3757/4281/3813
f 3734/4263/3814 3315/4258/3814 3755/4275/3814 4088/4280/3814
f 4088/4280/3815 3755/4275/3815 3323/4279/3815 3749/4282/3815
f 3757/4281/3816 4088/4280/3816 3749/4282/3816 3324/4283/3816
f 3317/4270/3817 3735/4269/3817 4089/4284/3817 3758/4285/3817
f 3735/4269/3818 3316/4264/3818 3757/4281/3818 4089/4284/3818
f 4089/4284/3819 3757/4281/3819 3324/4283/3819 3750/4286/3819
f 3758/4285/3820 4089/4284/3820 3750/4286/3820 3325/4287/3820
f 3318/4231/3821 3736/4273/3821 4090/4288/3821 3759/4289/3821
f 3736/4273/3822 3317/4270/3822 3758/4285/3822 4090/4288/3822
f 4090/4288/3823 3758/4285/3823 3325/4287/3823 3751/4290/3823
f 3759/4289/3824 4090/4288/3824 3751/4290/3824 3326/4291/3824
f 3319/4233/3825 3737/4232/3825 4091/4292/3825 3760/4293/3825
f 3737/4232/3826 3318/4231/3826 3759/4289/3826 4091/4292/3826
f 4091/4292/3827 3759/4289/3827 3326/4291/3827 3752/4294/3827
f 3760/4293/3828 4091/4292/3828 3752/4294/3828 3327/4295/3828
f 3320/4239/3829 3738/4238/3829 4092/4296/3829 3761/4297/3829
f 3738/4238/3830 3319/4233/3830 3760/4293/3830 4092/4296/3830
f 4092/4296/3831 3760/4293/3831 3327/4295/3831 3753/4298/3831
f 3761/4297/3832 4092/4296/3832 3753/4298/3832 3328/4299/3832
f 3321/4246/3833 3877/4300/3833 4093/4301/3833 3762/4302/3833
f 3297/4303/3834 3878/4304/3834 4093/4301/3834 3877/4300/3834
f 3329/4305/3835 3762/4302/3835 4093/4301/3835 3878/4304/3835
f 3314/4252/3836 3739/4251/3836 4094/4306/3836 3756/4276/3836
f 3739/4251/3837 3321/4246/3837 3762/4302/3837 4094/4306/3837
f 4094/4306/3838 3762/4302/3838 3329/4305/3838 3754/4307/3838
f 3756/4276/3839 4094/4306/3839 3754/4307/3839 3322/4277/3839
f 3327/4295/3840 3752/4294/3840 4095/4308/3840 3770/4309/3840
f 3752/4294/3841 3326/4291/3841 3771/4310/3841 4095/4308/3841
f 4095/4308/3842 3771/4310/3842 3334/4311/3842 3767/4312/3842
f 3770/4309/3843 4095/4308/3843 3767/4312/3843 3335/4313/3843
f 3328/4299/3844 3753/4298/3844 4096/4314/3844 3772/4315/3844
f 3753/4298/3845 3327/4295/3845 3770/4309/3845 4096/4314/3845
f 4096/4314/3846 3770/4309/3846 3335/4313/3846 3768/4316/3846
f 3772/4315/3847 4096/4314/3847 3768/4316/3847 3336/4317/3847
f 3329/4305/3848 3878/4318/3848 4097/4319/3848 3773/4320/3848
f 3297/4321/3849 3879/4322/3849 4097/4319/3849 3878/4318/3849
f 3337/4323/3850 3773/4320/3850 4097/4319/3850 3879/4322/3850
f 3322/4277/3851 3754/4307/3851 4098/4324/3851 3774/4325/3851
f 3754/4307/3852 3329/4305/3852 3773/4320/3852 4098/4324/3852
f 4098/4324/3853 3773/4320/3853 3337/4323/3853 3769/4326/3853
f 3774/4325/3854 4098/4324/3854 3769/4326/3854 3330/4327/3854
f 3323/4279/3855 3748/4278/3855 4099/4328/3855 3775/4329/3855
f 3748/4278/3856 3322/4277/3856 3774/4325/3856 4099/4328/3856
f 4099/4328/3857 3774/4325/3857 3330/4327/3857 3763/4330/3857
f 3775/4329/3858 4099/4328/3858 3763/4330/3858 3331/4331/3858
f 3324/4283/3859 3749/4282/3859 4100/4332/3859 3776/4333/3859
f 3749/4282/3860 3323/4279/3860 3775/4329/3860 4100/4332/3860
f 4100/4332/3861 3775/4329/3861 3331/4331/3861 3764/4334/3861
f 3776/4333/3862 4100/4332/3862 3764/4334/3862 3332/4335/3862
f 3325/4287/3863 3750/4286/3863 4101/4336/3863 3777/4337/3863
f 3750/4286/3864 3324/4283/3864 3776/4333/3864 4101/4336/3864
f 4101/4336/3865 3776/4333/3865 3332/4335/3865 3765/4338/3865
f 3777/4337/3866 4101/4336/3866 3765/4338/3866 3333/4339/3866
f 3326/4291/3867 3751/4290/3867 4102/4340/3867 3771/4310/3867
f 3751/4290/3868 3325/4287/3868 3777/4337/3868 4102/4340/3868
f 4102/4340/3869 3777/4337/3869 3333/4339/3869 3766/4341/3869
f 3771/4310/3870 4102/4340/3870 3766/4341/3870 3334/4311/3870
f 3332/4335/3871 3764/4334/3871 4103/4342/3871 3785/4343/3871
f 3764/4334/3872 3331/4331/3872 3786/4344/3872 4103/4342/3872
f 4103/4342/3873 3786/4344/3873 3339/4345/3873 3779/4346/3873
f 3785/4343/3874 4103/4342/3874 3779/4346/3874 3340/4347/3874
f 3333/4339/3875 3765/4338/3875 4104/4348/3875 3787/4349/3875
f 3765/4338/3876 3332/4335/3876 3785/4343/3876 4104/4348/3876
f 4104/4348/3877 3785/4343/3877 3340/4347/3877 3780/4350/3877
f 3787/4349/3878 4104/4348/3878 3780/4350/3878 3341/4351/3878
f 3334/4311/3879 3766/4341/3879 4105/4352/3879 3788/4353/3879
f 3766/4341/3880 3333/4339/3880 3787/4349/3880 4105/4352/3880
f 4105/4352/3881 3787/4349/3881 3341/4351/3881 3781/4354/3881
f 3788/4353/3882 4105/4352/3882 3781/4354/3882 3342/4355/3882
f 3335/4313/3883 3767/4312/3883 4106/4356/3883 3789/4357/3883
f 3767/4312/3884 3334/4311/3884 3788/4353/3884 4106/4356/3884
f 4106/4356/3885 3788/4353/3885 3342/4355/3885 3782/4358/3885
f 3789/4357/3886 4106/4356/3886 3782/4358/3886 3343/4359/3886
f 3336/4317/3887 3768/4316/3887 4107/4360/3887 3790/4361/3887
f 3768/4316/3888 3335/4313/3888 3789/4357/3888 4107/4360/3888
f 4107/4360/3889 3789/4357/3889 3343/4359/3889 3783/4362/3889
f 3790/4361/3890 4107/4360/3890 3783/4362/3890 3344/4363/3890
f 3337/4323/3891 3879/4364/3891 4108/4365/3891 3791/4366/3891
f 3297/4367/3892 3880/4368/3892 4108/4365/3892 3879/4364/3892
f 3345/4369/3893 3791/4366/3893 4108/4365/3893 3880/4368/3893
f 3330/4327/3894 3769/4326/3894 4109/4370/3894 3792/4371/3894
f 3769/4326/3895 3337/4323/3895 3791/4366/3895 4109/4370/3895
f 4109/4370/3896 3791/4366/3896 3345/4369/3896 3784/4372/3896
f 3792/4371/3897 4109/4370/3897 3784/4372/3897 3338/4373/3897
f 3331/4331/3898 3763/4330/3898 4110/4374/3898 3786/4344/3898
f 3763/4330/3899 3330/4327/3899 3792/4371/3899 4110/4374/3899
f 4110/4374/3900 3792/4371/3900 3338/4373/3900 3778/4375/3900
f 3786/4344/3901 4110/4374/3901 3778/4375/3901 3339/4345/3901
f 3344/4363/3902 3783/4362/3902 4111/4376/3902 3800/4377/3902
f 3783/4362/3903 3343/4359/3903 3801/4378/3903 4111/4376/3903
f 4111/4376/3904 3801/4378/3904 3351/4379/3904 3798/4380/3904
f 3800/4377/3905 4111/4376/3905 3798/4380/3905 3352/4381/3905
f 3345/4369/3906 3880/4382/3906 4112/4383/3906 3802/4384/3906
f 3297/4385/3907 3881/4386/3907 4112/4383/3907 3880/4382/3907
f 3353/4387/3908 3802/4384/3908 4112/4383/3908 3881/4386/3908
f 3338/4373/3909 3784/4372/3909 4113/4388/3909 3803/4389/3909
f 3784/4372/3910 3345/4369/3910 3802/4384/3910 4113/4388/3910
f 4113/4388/3911 3802/4384/3911 3353/4387/3911 3799/4390/3911
f 3803/4389/3912 4113/4388/3912 3799/4390/3912 3346/4391/3912
f 3339/4345/3913 3778/4375/3913 4114/4392/3913 3804/4393/3913
f 3778/4375/3914 3338/4373/3914 3803/4389/3914 4114/4392/3914
f 4114/4392/3915 3803/4389/3915 3346/4391/3915 3793/4394/3915
f 3804/4393/3916 4114/4392/3916 3793/4394/3916 3347/4395/3916
f 3340/4347/3917 3779/4346/3917 4115/4396/3917 3805/4397/3917
f 3779/4346/3918 3339/4345/3918 3804/4393/3918 4115/4396/3918
f 4115/4396/3919 3804/4393/3919 3347/4395/3919 3794/4398/3919
f 3805/4397/3920 4115/4396/3920 3794/4398/3920 3348/4399/3920
f 3341/4351/3921 3780/4350/3921 4116/4400/3921 3806/4401/3921
f 3780/4350/3922 3340/4347/3922 3805/4397/3922 4116/4400/3922
f 4116/4400/3923 3805/4397/3923 3348/4399/3923 3795/4402/3923
f 3806/4401/3924 4116/4400/3924 3795/4402/3924 3349/4403/3924
f 3342/4355/3925 3781/4354/3925 4117/4404/3925 3807/4405/3925
f 3781/4354/3926 3341/4351/3926 3806/4401/3926 4117/4404/3926
f 4117/4404/3927 3806/4401/3927 3349/4403/3927 3796/4406/3927
f 3807/4405/3928 4117/4404/3928 3796/4406/3928 3350/4407/3928
f 3343/4359/3929 3782/4358/3929 4118/4408/3929 3801/4378/3929
f 3782/4358/3930 3342/4355/3930 3807/4405/3930 4118/4408/3930
f 4118/4408/3931 3807/4405/3931 3350/4407/3931 3797/4409/3931
f 3801/4378/3932 4118/4408/3932 3797/4409/3932 3351/4379/3932
f 3349/4403/3933 3795/4402/3933 4119/4410/3933 3815/4411/3933
f 3795/4402/3934 3348/4399/3934 3816/4412/3934 4119/4410/3934
f 4119/4410/3935 3816/4412/3935 3356/4413/3935 3810/4414/3935
f 3815/4411/3936 4119/4410/3936 3810/4414/3936 3357/4415/3936
f 3350/4407/3937 3796/4406/3937 4120/4416/3937 3817/4417/3937
f 3796/4406/3938 3349/4403/3938 3815/4411/3938 4120/4416/3938
f 4120/4416/3939 3815/4411/3939 3357/4415/3939 3811/4418/3939
f 3817/4417/3940 4120/4416/3940 3811/4418/3940 3358/4419/3940
f 3351/4379/3941 3797/4409/3941 4121/4420/3941 3818/4421/3941
f 3797/4409/3942 3350/4407/3942 3817/4417/3942 4121/4420/3942
f 4121/4420/3943 3817/4417/3943 3358/4419/3943 3812/4422/3943
f 3818/4421/3944 4121/4420/3944 3812/4422/3944 3359/4423/3944
f 3352/4381/3945 3798/4380/3945 4122/4424/3945 3819/4425/3945
f 3798/4380/3946 3351/4379/3946 3818/4421/3946 4122/4424/3946
f 4122/4424/3947 3818/4421/3947 3359/4423/3947 3813/4426/3947
f 3819/4425/3948 4122/4424/3948 3813/4426/3948 3360/4427/3948
f 3353/4387/3949 3881/4428/3949 4123/4429/3949 3820/4430/3949
f 3297/4431/3950 3882/4432/3950 4123/4429/3950 3881/4428/3950
f 3361/4433/3951 3820/4430/3951 4123/4429/3951 3882/4432/3951
f 3346/4391/3952 3799/4390/3952 4124/4434/3952 3821/4435/3952
f 3799/4390/3953 3353/4387/3953 3820/4430/3953 4124/4434/3953
f 4124/4434/3954 3820/4430/3954 3361/4433/3954 3814/4436/3954
f 3821/4435/3955 4124/4434/3955 3814/4436/3955 3354/4437/3955
f 3347/4395/3956 3793/4394/3956 4125/4438/3956 3822/4439/3956
f 3793/4394/3957 3346/4391/3957 3821/4435/3957 4125/4438/3957
f 4125/4438/3958 3821/4435/3958 3354/4437/3958 3808/4440/3958
f 3822/4439/3959 4125/4438/3959 3808/4440/3959 3355/4441/3959
f 3348/4399/3960 3794/4398/3960 4126/4442/3960 3816/4412/3960
f 3794/4398/3961 3347/4395/3961 3822/4439/3961 4126/4442/3961
f 4126/4442/3962 3822/4439/3962 3355/4441/3962 3809/4443/3962
f 3816/4412/3963 4126/4442/3963 3809/4443/3963 3356/4413/3963
f 3361/4433/3964 3882/4444/3964 4127/4445/3964 3831/4446/3964
f 3297/4447/3965 3883/4448/3965 4127/4445/3965 3882/4444/3965
f 3369/4449/3966 3831/4446/3966 4127/4445/3966 3883/4448/3966
f 3354/4437/3967 3814/4436/3967 4128/4450/3967 3832/4451/3967
f 3814/4436/3968 3361/4433/3968 3831/4446/3968 4128/4450/3968
f 4128/4450/3969 3831/4446/3969 3369/4449/3969 3829/4452/3969
f 3832/4451/3970 4128/4450/3970 3829/4452/3970 3362/4453/3970
f 3355/4441/3971 3808/4440/3971 4129/4454/3971 3833/4455/3971
f 3808/4440/3972 3354/4437/3972 3832/4451/3972 4129/4454/3972
f 4129/4454/3973 3832/4451/3973 3362/4453/3973 3823/4456/3973
f 3833/4455/3974 4129/4454/3974 3823/4456/3974 3363/4457/3974
f 3356/4413/3975 3809/4443/3975 4130/4458/3975 3834/4459/3975
f 3809/4443/3976 3355/4441/3976 3833/4455/3976 4130/4458/3976
f 4130/4458/3977 3833/4455/3977 3363/4457/3977 3824/4460/3977
f 3834/4459/3978 4130/4458/3978 3824/4460/3978 3364/4461/3978
f 3357/4415/3979 3810/4414/3979 4131/4462/3979 3835/4463/3979
f 3810/4414/3980 3356/4413/3980 3834/4459/3980 4131/4462/3980
f 4131/4462/3981 3834/4459/3981 3364/4461/3981 3825/4464/3981
f 3835/4463/3982 4131/4462/3982 3825/4464/3982 3365/4465/3982
f 3358/4419/3983 3811/4418/3983 4132/4466/3983 3836/4467/3983
f 3811/4418/3984 3357/4415/3984 3835/4463/3984 4132/4466/3984
f 4132/4466/3985 3835/4463/3985 3365/4465/3985 3826/4468/3985
f 3836/4467/3986 4132/4466/3986 3826/4468/3986 3366/4469/3986
f 3359/4423/3987 3812/4422/3987 4133/4470/3987 3837/4471/3987
f 3812/4422/3988 3358/4419/3988 3836/4467/3988 4133/4470/3988
f 4133/4470/3989 3836/4467/3989 3366/4469/3989 3827/4472/3989
f 3837/4471/3990 4133/4470/3990 3827/4472/3990 3367/4473/3990
f 3360/4427/3991 3813/4426/3991 4134/4474/3991 3830/4475/3991
f 3813/4426/3992 3359/4423/3992 3837/4471/3992 4134/4474/3992
f 4134/4474/3993 3837/4471/3993 3367/4473/3993 3828/4476/3993
f 3830/4475/3994 4134/4474/3994 3828/4476/3994 3368/4477/3994
f 3365/4465/3995 3825/4464/3995 4135/4478/3995 3884/4479/3995
f 3825/4464/3996 3364/4461/3996 3841/4480/3996 4135/4478/3996
f 4135/4478/3997 3841/4480/3997 3372/3405/3997 3848/3403/3997
f 3884/4479/3998 4135/4478/3998 3848/3403/3998 3127/3398/3998
f 3366/4469/3999 3826/4468/3999 4136/4481/3999 3885/4482/3999
f 3826/4468/4000 3365/4465/4000 3884/4479/4000 4136/4481/4000
f 4136/4481/4001 3884/4479/4001 3127/3398/4001 3382/3395/4001
f 3885/4482/4002 4136/4481/4002 3382/3395/4002 3126/3394/4002
f 3367/4473/4003 3827/4472/4003 4137/4483/4003 3886/4484/4003
f 3827/4472/4004 3366/4469/4004 3885/4482/4004 4137/4483/4004
f 4137/4483/4005 3885/4482/4005 3126/3394/4005 3381/3440/4005
f 3886/4484/4006 4137/4483/4006 3381/3440/4006 3125/3435/4006
f 3368/4477/4007 3828/4476/4007 4138/4485/4007 3842/4486/4007
f 3828/4476/4008 3367/4473/4008 3886/4484/4008 4138/4485/4008
f 4138/4485/4009 3886/4484/4009 3125/3435/4009 3847/3432/4009
f 3842/4486/4010 4138/4485/4010 3847/3432/4010 3373/3431/4010
f 3369/4449/4011 3883/4487/4011 4139/4488/4011 3843/4489/4011
f 3297/4490/4012 3849/4491/4012 4139/4488/4012 3883/4487/4012
f 3374/3423/4013 3843/4489/4013 4139/4488/4013 3849/4491/4013
f 3362/4453/4014 3829/4452/4014 4140/4492/4014 3844/4493/4014
f 3829/4452/4015 3369/4449/4015 3843/4489/4015 4140/4492/4015
f 4140/4492/4016 3843/4489/4016 3374/3423/4016 3840/3421/4016
f 3844/4493/4017 4140/4492/4017 3840/3421/4017 3370/3417/4017
f 3363/4457/4018 3823/4456/4018 4141/4494/4018 3845/4495/4018
f 3823/4456/4019 3362/4453/4019 3844/4493/4019 4141/4494/4019
f 4141/4494/4020 3844/4493/4020 3370/3417/4020 3838/3415/4020
f 3845/4495/4021 4141/4494/4021 3838/3415/4021 3371/3411/4021
f 3364/4461/4022 3824/4460/4022 4142/4496/4022 3841/4480/4022
f 3824/4460/4023 3363/4457/4023 3845/4495/4023 4142/4496/4023
f 4142/4496/4024 3845/4495/4024 3371/3411/4024 3839/3409/4024
f 3841/4480/4025 4142/4496/4025 3839/3409/4025 3372/3405/4025
g Cube.003_Cube.004
v 0.194262 -0.351120 -0.468257
v 0.974710 0.983446 -1.434210
v 1.212483 1.007320 -0.831408
v 0.912404 0.024165 -1.431209
v 0.023826 1.241218 -0.243024
v -0.747891 0.415210 -1.078751
v 0.320710 1.508114 -0.773051
v 1.185565 0.270308 -0.944401
v 0.255337 0.683272 0.149508
v 0.753262 0.413705 -0.053810
v -0.639320 0.513792 -1.405217
v 0.724152 1.317775 -0.211054
v 0.049861 -0.424958 -0.985965
v -0.599018 -0.056196 -0.816659
v 0.437996 0.933484 -1.742536
v 0.079991 0.010459 -1.552263
vn -0.1176 0.9119 0.3933
vn 0.4779 0.8673 -0.1392
vn -0.2633 -0.0958 -0.9600
vn 0.1007 -0.7913 -0.6031
vn 0.5003 -0.0352 -0.8651
vn 0.8885 -0.1011 0.4476
vn 0.8092 0.1259 0.5740
vn -0.7841 -0.4718 -0.4032
vn -0.5352 -0.6394 -0.5520
vn -0.7813 0.1028 0.6157
vn 0.1433 -0.2528 -0.9568
vn 0.9072 -0.0205 -0.4203
vn -0.4918 -0.4249 0.7600
vn 0.6030 -0.7467 0.2808
vn 0.0704 -0.5145 0.8546
vn -0.7096 0.7037 -0.0356
vn -0.0976 0.5452 0.8326
vn 0.4489 0.1671 0.8778
vn 0.4610 -0.8874 -0.0020
vn -0.4303 -0.8691 0.2440
vn -0.4456 0.7454 -0.4957
vn 0.1975 0.8536 -0.4821
vt 0.353793 0.570506
vt 0.221212 0.626914
vt 0.229007 0.523868
vt 0.429000 0.143207
vt 0.503814 0.228458
vt 0.377938 0.402995
vt 0.375000 0.177643
vt 0.830749 0.500000
vt 0.778201 0.597763
vt 0.731400 0.563157
vt 0.750691 0.654040
vt 0.847688 0.615258
vt 0.875000 0.500000
vt 0.408549 0.899854
vt 0.476514 1.000000
vt 0.375000 1.000000
vt 0.225155 0.725252
vt 0.125000 0.700504
vt 0.552525 0.568757
vt 0.561099 0.485695
vt 0.570825 0.653041
vt 0.658516 0.626313
vt 0.361646 0.704347
vt 0.503386 0.092874
vt 0.586916 0.113140
vt 0.568511 0.851875
vt 0.578028 1.000000
vt 0.415981 0.799712
vt 0.655566 0.750930
vt 0.697420 0.668614
vt 0.606820 0.653373
vt 0.546763 0.301169
s 0
g Cube.003_Material.004
usemtl Material.004
f 4147/4497/4026 4154/4498/4026 4149/4499/4026
f 4145/4500/4027 4144/4501/4027 4149/4502/4027 4154/4503/4027
f 4157/4504/4028 4158/4505/4028 4153/4506/4028
f 4155/4507/4029 4158/4505/4029 4146/4508/4029
f 4144/4509/4030 4146/4508/4030 4157/4504/4030
f 4152/4510/4031 4150/4511/4031 4145/4512/4031
f 4154/4498/4032 4152/4513/4032 4145/4514/4032
f 4148/4515/4033 4153/4516/4033 4156/4517/4033
f 4158/4505/4034 4155/4507/4034 4156/4518/4034 4153/4506/4034
f 4147/4497/4035 4148/4515/4035 4156/4517/4035 4151/4519/4035
f 4157/4504/4036 4146/4508/4036 4158/4505/4036
f 4150/4520/4037 4146/4521/4037 4144/4501/4037 4145/4500/4037
f 4156/4517/4038 4143/4522/4038 4151/4519/4038
f 4143/4522/4039 4146/4523/4039 4150/4511/4039 4152/4510/4039
f 4152/4510/4040 4151/4524/4040 4143/4522/4040
f 4149/4502/4041 4153/4516/4041 4148/4515/4041 4147/4497/4041
f 4147/4497/4042 4151/4519/4042 4154/4498/4042
f 4151/4519/4043 4152/4513/4043 4154/4498/4043
f 4146/4508/4044 4143/4525/4044 4155/4526/4044
f 4143/4525/4045 4156/4527/4045 4155/4526/4045
f 4153/4516/4046 4149/4502/4046 4157/4528/4046
f 4149/4502/4047 4144/4501/4047 4157/4528/4047
