# Blender 4.1.0
# www.blender.org
mtllib TornadoEffect20181.mtl
o Plane.002
v 11.165558 0.000000 -9.079000
o Cube.010
v 10.538655 1.993073 -8.012733
v 10.522551 1.952091 -7.872677
v 10.639466 1.937907 -7.736741
v 10.687487 2.015702 -8.007874
v 10.482906 2.138962 -8.023718
v 10.580779 2.081379 -7.729288
v 10.740191 1.869934 -7.830945
v 10.749387 2.116697 -7.849784
v 10.619120 2.148945 -8.058974
vn -0.0205 0.9799 0.1984
vn -0.0673 0.9789 0.1928
vn 0.7492 0.2752 0.6025
vn 0.5753 0.0409 0.8169
vn -0.7323 -0.3305 0.5954
vn 0.1534 -0.9530 -0.2612
vn -0.2361 -0.1624 -0.9581
vn 0.0796 -0.3211 -0.9437
vn -0.9433 0.0633 0.3259
vn -0.1827 -0.7848 -0.5922
vn -0.3824 -0.8934 0.2357
vn 0.8395 0.2447 -0.4851
vn 0.9420 -0.0603 -0.3303
vn -0.9078 -0.3627 -0.2105
vt 0.856741 0.527884
vt 0.792799 0.664448
vt 0.661337 0.518959
vt 0.570885 0.667835
vt 0.614877 0.834550
vt 0.495616 0.943630
vt 0.319826 0.718976
vt 0.602263 0.105449
vt 0.455701 0.107225
vt 0.553174 0.006579
vt 0.371255 0.573451
vt 0.135465 0.689951
vt 0.165587 0.530358
vt 0.553103 0.308270
vt 0.565029 0.471740
vt 0.392929 0.256090
vt 0.405598 0.560759
vt 0.171875 0.750000
s 0
g Cube.010_Material
usemtl Material
f 6/1/1 7/2/1 10/3/1
f 10/3/2 7/2/2 9/4/2
f 7/5/3 4/6/3 8/7/3
f 9/4/4 7/5/4 8/7/4
f 7/8/5 3/9/5 4/10/5
f 5/11/6 3/12/6 2/13/6
f 6/14/7 10/15/7 2/16/7
f 10/15/8 5/17/8 2/16/8
f 3/9/9 7/8/9 6/14/9
f 5/11/10 8/7/10 3/12/10
f 3/12/11 8/7/11 4/18/11
f 10/3/12 9/4/12 5/17/12
f 9/4/13 8/7/13 5/17/13
f 2/16/14 3/9/14 6/14/14
o Cube.011
v 10.065199 1.796508 -9.832137
v 10.233973 2.208316 -9.826019
v 10.340473 1.996284 -9.984964
v 10.259602 1.927488 -9.723227
v 10.053506 2.016007 -9.688130
v 9.948756 2.004460 -9.921247
v 10.135218 1.865290 -10.061657
v 9.976591 2.180080 -9.890189
v 10.140325 2.119849 -10.032847
vn 0.5345 0.6622 -0.5252
vn 0.9179 0.2076 0.3382
vn 0.5824 -0.8103 -0.0651
vn -0.0947 -0.5496 0.8300
vn -0.9111 0.0726 0.4058
vn -0.8614 -0.3099 0.4024
vn -0.7213 -0.5715 -0.3913
vn -0.5470 0.1050 -0.8305
vn 0.2905 0.1018 -0.9514
vn -0.0032 0.9199 -0.3920
vn -0.5897 0.2304 -0.7741
vn 0.5503 -0.8335 -0.0491
vn 0.3020 0.3519 0.8860
vn -0.2433 0.7056 0.6656
vt 0.534218 0.539052
vt 0.807613 0.537738
vt 0.651467 0.712344
vt 0.812212 0.722590
vt 0.440472 0.699464
vt 0.505279 0.954605
vt 0.394685 0.910428
vt 0.529494 0.041599
vt 0.440272 0.169217
vt 0.407900 0.015209
vt 0.224689 0.500632
vt 0.298939 0.554231
vt 0.143822 0.628706
vt 0.350796 0.501919
vt 0.236030 0.724989
vt 0.358556 0.714558
vt 0.602122 0.296489
vt 0.527241 0.521298
vt 0.452229 0.375318
s 0
g Cube.011_Material
usemtl Material
f 19/19/15 12/20/15 13/21/15
f 13/21/16 12/20/16 14/22/16
f 17/23/17 14/24/17 11/25/17
f 14/26/18 15/27/18 11/28/18
f 18/29/19 16/30/19 15/31/19
f 15/31/20 16/32/20 11/33/20
f 16/32/21 17/34/21 11/33/21
f 16/32/22 19/19/22 17/23/22
f 19/19/23 13/21/23 17/23/23
f 12/35/24 19/36/24 18/37/24
f 18/37/25 19/19/25 16/32/25
f 13/21/26 14/24/26 17/23/26
f 14/26/27 12/35/27 15/27/27
f 12/35/28 18/37/28 15/27/28
o Cube.006
v 12.385918 1.919265 -9.396690
v 12.321399 1.967168 -9.598618
v 12.524633 2.093554 -9.552364
v 12.404209 1.858964 -9.515078
v 12.473990 1.970170 -9.598097
v 12.573302 1.942190 -9.496309
v 12.430285 2.018331 -9.388203
v 12.278320 2.021345 -9.509356
v 12.410620 2.133053 -9.556093
vn 0.3480 -0.8125 0.4676
vn 0.4083 -0.6966 -0.5899
vn 0.6788 0.4369 0.5903
vn -0.7233 -0.6872 0.0681
vn -0.8358 -0.5306 0.1412
vn -0.4201 0.7256 0.5450
vn -0.6075 0.2063 0.7671
vn -0.6285 0.4924 -0.6022
vn -0.0016 0.2491 -0.9685
vn 0.1334 0.2958 -0.9459
vn 0.7111 -0.0315 -0.7024
vn 0.4769 -0.2848 0.8315
vn 0.2637 0.8105 0.5230
vn 0.0146 -0.6040 -0.7968
vt 0.423616 0.817668
vt 0.438163 0.985880
vt 0.399025 0.926987
vt 0.584080 0.909473
vt 0.477709 0.045024
vt 0.607265 0.122218
vt 0.441545 0.286085
vt 0.565477 0.549583
vt 0.592013 0.712367
vt 0.289400 0.584684
vt 0.400831 0.754486
vt 0.615924 0.357557
vt 0.551199 0.540629
vt 0.429879 0.509305
vt 0.769145 0.562221
vt 0.604783 0.677624
vt 0.780055 0.741830
vt 0.860509 0.631959
vt 0.567506 0.015179
vt 0.377433 0.096481
s 0
g Cube.006_Material
usemtl Material
f 23/38/29 25/39/29 20/40/29
f 24/41/30 25/39/30 23/38/30
f 25/42/31 22/43/31 26/44/31
f 27/45/32 21/46/32 20/47/32
f 21/46/33 23/48/33 20/47/33
f 26/44/34 28/49/34 27/50/34
f 27/50/35 20/51/35 26/44/35
f 27/45/36 28/52/36 21/53/36
f 21/53/37 28/52/37 24/54/37
f 28/52/38 22/55/38 24/54/38
f 24/56/39 22/43/39 25/42/39
f 20/57/40 25/42/40 26/44/40
f 26/44/41 22/43/41 28/49/41
f 21/46/42 24/41/42 23/38/42
o Cube.007
v 10.741109 1.947757 -7.908257
v 10.854415 2.054600 -7.844350
v 10.654541 2.023804 -7.865472
v 10.661550 2.028520 -7.735161
v 10.699187 1.895779 -7.784419
v 10.834459 1.904886 -7.837236
v 10.783057 2.079547 -7.744063
v 10.761794 2.087373 -7.876829
v 10.852431 1.956036 -7.750775
vn 0.9829 -0.1369 -0.1233
vn 0.3742 0.1506 -0.9151
vn 0.7864 0.4169 0.4558
vn -0.2459 0.2474 -0.9372
vn -0.7029 -0.5390 -0.4642
vn -0.5102 0.8601 -0.0037
vn 0.0775 -0.0106 0.9969
vn 0.5677 -0.1144 -0.8152
vn -0.1007 -0.9048 -0.4138
vn 0.2365 -0.8570 0.4578
vn -0.9540 -0.2935 0.0619
vn -0.3775 0.9189 0.1146
vn 0.3329 0.9430 0.0023
vn -0.0616 -0.3625 0.9299
vt 0.862532 0.586626
vt 0.666025 0.612825
vt 0.793538 0.524739
vt 0.799625 0.742317
vt 0.596159 0.725728
vt 0.676667 0.500000
vt 0.533198 0.702151
vt 0.502729 0.907748
vt 0.315429 0.689365
vt 0.215046 0.717794
vt 0.139986 0.551629
vt 0.365533 0.517965
vt 0.592775 0.342442
vt 0.523296 0.508923
vt 0.395346 0.376049
vt 0.510142 0.020803
vt 0.592582 0.143625
vt 0.414253 0.208459
s 0
g Cube.007_Material
usemtl Material
f 34/58/43 30/59/43 37/60/43
f 30/59/44 29/61/44 36/62/44
f 37/60/45 30/59/45 35/63/45
f 36/64/46 29/65/46 31/66/46
f 31/66/47 29/67/47 33/68/47
f 32/69/48 36/64/48 31/66/48
f 37/70/49 35/71/49 32/72/49
f 34/58/50 29/61/50 30/59/50
f 29/73/51 34/74/51 33/75/51
f 33/75/52 34/74/52 37/70/52
f 33/68/53 32/69/53 31/66/53
f 32/69/54 35/71/54 36/64/54
f 35/71/55 30/59/55 36/64/55
f 33/75/56 37/70/56 32/72/56
o Cube.008
v 9.715511 1.912169 -9.399562
v 9.753403 1.910425 -9.219921
v 9.813689 2.004436 -9.104246
v 9.779122 2.120054 -9.247974
v 10.007406 2.098620 -9.199629
v 9.924992 2.051596 -9.388056
v 9.847249 1.864106 -9.390887
v 9.926496 1.995653 -9.052345
v 9.974402 1.918324 -9.205847
vn -0.9227 0.1601 0.3507
vn -0.2391 0.7277 0.6429
vn 0.1522 0.9412 -0.3015
vn 0.0619 -0.0106 -0.9980
vn 0.0172 -0.9626 0.2702
vn 0.0032 -0.8927 0.4507
vn 0.9187 -0.1557 -0.3630
vn 0.9098 -0.1794 0.3743
vn -0.3676 -0.6186 0.6944
vn -0.9677 0.1462 0.2055
vn -0.0402 0.8292 0.5576
vn -0.3737 0.6184 -0.6913
vn -0.3457 -0.9362 0.0638
vn 0.8199 -0.3329 -0.4658
vt 0.551771 0.821043
vt 0.490236 0.981936
vt 0.443965 0.755163
vt 0.609545 0.740303
vt 0.579499 0.265268
vt 0.447677 0.232718
vt 0.490446 0.016300
vt 0.320967 0.499695
vt 0.242238 0.673984
vt 0.142687 0.564850
vt 0.543218 0.480597
vt 0.654480 0.663904
vt 0.651690 0.523626
vt 0.809399 0.589510
vt 0.375000 0.930496
vt 0.603518 0.001237
vt 0.583364 0.169025
vt 0.384386 0.054537
vt 0.382289 0.419599
s 0
g Cube.008_Material
usemtl Material
f 40/76/57 41/77/57 39/78/57
f 40/76/58 45/79/58 41/77/58
f 42/80/59 43/81/59 41/82/59
f 44/83/60 38/84/60 43/85/60
f 46/86/61 39/78/61 44/83/61
f 46/86/62 45/87/62 39/78/62
f 42/80/63 46/86/63 43/81/63
f 46/88/64 42/89/64 45/87/64
f 45/87/65 40/76/65 39/78/65
f 38/90/66 39/78/66 41/77/66
f 45/91/67 42/92/67 41/82/67
f 38/93/68 41/82/68 43/81/68
f 38/84/69 44/83/69 39/78/69
f 44/94/70 43/81/70 46/86/70
o Cube.009
v 10.537141 1.953817 -10.253945
v 10.614899 2.092379 -10.155133
v 10.602309 1.885426 -10.433790
v 10.709754 1.742456 -10.361217
v 10.880589 2.091779 -10.109114
v 10.806455 2.240230 -10.240350
v 10.766274 1.835087 -10.121181
v 10.599380 2.111720 -10.429619
v 10.682886 2.239124 -10.354191
v 10.838126 2.080475 -10.529396
v 10.842325 1.868643 -10.477648
v 10.651160 1.978553 -10.548746
v 10.994616 1.996668 -10.229036
v 10.870285 1.782246 -10.191821
v 10.982641 2.079922 -10.356991
v 11.003850 1.898968 -10.439495
vn -0.4156 0.7941 0.4434
vn -0.8837 0.4661 0.0418
vn -0.2381 0.6056 -0.7593
vn 0.2220 -0.2272 -0.9482
vn 0.9924 0.1224 -0.0133
vn 0.5106 -0.8079 -0.2942
vn 0.4571 -0.2438 0.8554
vn 0.3761 0.8278 -0.4163
vn 0.4662 0.7949 -0.3883
vn 0.7749 0.5605 0.2922
vn -0.1328 0.6184 0.7745
vn -0.1705 0.0296 0.9849
vn -0.1813 -0.6389 -0.7477
vn -0.1908 -0.8999 0.3922
vn -0.5950 -0.6928 0.4075
vn -0.7859 -0.6163 -0.0504
vn -0.5757 -0.2354 0.7831
vn -0.9409 -0.0059 -0.3387
vn -0.8631 0.4874 0.1323
vn -0.9190 -0.0046 -0.3943
vn -0.2434 0.5924 -0.7680
vn 0.8561 -0.4534 0.2480
vn 0.2444 -0.9213 -0.3024
vn 0.6119 -0.2231 0.7588
vn 0.7164 0.3572 -0.5993
vn 0.7403 0.6132 0.2755
vn 0.2637 -0.2240 -0.9383
vt 0.875000 0.649805
vt 0.849233 0.683396
vt 0.832712 0.540342
vt 0.580473 0.024703
vt 0.534759 0.188184
vt 0.498710 0.020990
vt 0.437420 0.135101
vt 0.411456 0.342495
vt 0.213804 0.511922
vt 0.337875 0.601179
vt 0.185175 0.619999
vt 0.611440 0.548317
vt 0.438499 0.522151
vt 0.536413 0.434917
vt 0.517900 0.691047
vt 0.378975 0.759339
vt 0.724211 0.603714
vt 0.568883 0.768659
vt 0.609419 0.213408
vt 0.625000 0.382072
vt 0.588498 0.519208
vt 0.209844 0.718096
vt 0.479559 0.953620
vt 0.390901 0.953078
vt 0.565332 0.774863
vt 0.583031 0.973602
vt 0.389658 0.010551
vt 0.376620 0.114133
vt 0.125000 0.581137
vt 0.375000 0.421875
s 0
g Cube.009_Material
usemtl Material
f 55/95/71 48/96/71 52/97/71
f 48/98/72 55/99/72 47/100/72
f 54/101/73 55/99/73 56/102/73
f 56/103/74 57/104/74 58/105/74
f 59/106/75 62/107/75 61/108/75
f 60/109/76 50/110/76 57/104/76
f 51/111/77 53/112/77 60/109/77
f 52/113/78 56/102/78 55/99/78
f 52/113/79 61/108/79 56/102/79
f 61/108/80 51/114/80 59/115/80
f 51/111/81 52/97/81 48/96/81
f 51/111/82 48/96/82 53/112/82
f 49/116/83 58/105/83 57/104/83 50/110/83
f 50/110/84 60/109/84 53/112/84
f 53/112/85 47/117/85 50/110/85
f 47/117/86 49/118/86 50/110/86
f 53/119/87 48/120/87 47/117/87
f 47/100/88 54/101/88 49/121/88
f 54/101/89 47/100/89 55/99/89
f 49/121/90 54/101/90 58/122/90
f 56/103/91 58/105/91 54/123/91
f 62/107/92 59/106/92 60/109/92
f 62/107/93 60/109/93 57/104/93
f 59/106/94 51/111/94 60/109/94
f 56/102/95 61/108/95 62/107/95
f 52/113/96 51/114/96 61/108/96
f 57/124/97 56/102/97 62/107/97
o Cube.010
v 10.079827 1.919047 -8.115583
v 10.224440 1.909333 -8.042419
v 10.410422 1.919143 -8.112244
v 10.137239 1.935223 -8.271104
v 10.017670 2.077194 -8.082376
v 10.366384 2.079273 -8.068976
v 10.367008 1.817028 -8.241078
v 10.301288 2.077943 -8.292155
v 10.032003 2.070953 -8.237579
vn -0.0044 0.9992 -0.0406
vn -0.0256 0.9997 0.0015
vn 0.7634 0.3556 -0.5391
vn 0.9434 0.1835 -0.2763
vn 0.3544 -0.1518 0.9227
vn -0.0122 -0.9941 -0.1079
vn -0.9333 -0.3517 -0.0721
vn -0.7815 -0.5213 -0.3427
vn -0.0388 0.1859 0.9818
vn -0.4640 -0.8825 0.0770
vn 0.2482 -0.7981 0.5490
vn -0.2000 0.0860 -0.9760
vn 0.0338 -0.1838 -0.9824
vn -0.4418 -0.3473 0.8271
vt 0.856741 0.527884
vt 0.792799 0.664448
vt 0.661337 0.518959
vt 0.570885 0.667835
vt 0.614877 0.834550
vt 0.495616 0.943630
vt 0.319826 0.718976
vt 0.602263 0.105449
vt 0.455701 0.107225
vt 0.553174 0.006579
vt 0.371255 0.573451
vt 0.135465 0.689951
vt 0.165587 0.530358
vt 0.553103 0.308270
vt 0.565029 0.471740
vt 0.392929 0.256090
vt 0.405598 0.560759
vt 0.171875 0.750000
s 0
g Cube.010_Material
usemtl Material
f 67/125/98 68/126/98 71/127/98
f 71/127/99 68/126/99 70/128/99
f 68/129/100 65/130/100 69/131/100
f 70/128/101 68/129/101 69/131/101
f 68/132/102 64/133/102 65/134/102
f 66/135/103 64/136/103 63/137/103
f 67/138/104 71/139/104 63/140/104
f 71/139/105 66/141/105 63/140/105
f 64/133/106 68/132/106 67/138/106
f 66/135/107 69/131/107 64/136/107
f 64/136/108 69/131/108 65/142/108
f 71/127/109 70/128/109 66/141/109
f 70/128/110 69/131/110 66/141/110
f 63/140/111 64/133/111 67/138/111
o Cube.011
v 10.710612 1.847012 -10.510471
v 11.030467 2.056884 -10.328123
v 10.810154 2.178468 -10.431198
v 10.911193 1.974484 -10.574409
v 10.947556 1.809757 -10.439237
v 10.769104 1.836480 -10.275600
v 10.627529 2.026773 -10.379033
v 10.913710 1.877001 -10.192020
v 10.819069 2.065197 -10.232882
vn 0.2461 0.8464 0.4723
vn 0.5858 0.6396 -0.4977
vn -0.4832 0.3601 -0.7980
vn 0.1387 -0.6097 -0.7804
vn 0.1089 -0.9553 0.2748
vn -0.1535 -0.9881 -0.0061
vn -0.8339 -0.5202 0.1843
vn -0.6044 -0.0167 0.7965
vn -0.4919 0.7463 0.4484
vn 0.3924 0.3793 0.8379
vn -0.4878 -0.0561 0.8712
vn -0.4966 0.3204 -0.8067
vn 0.9087 -0.1259 -0.3979
vn 0.8866 -0.4011 0.2305
vt 0.534218 0.539052
vt 0.807613 0.537738
vt 0.651467 0.712344
vt 0.812212 0.722590
vt 0.440472 0.699464
vt 0.505279 0.954605
vt 0.394685 0.910428
vt 0.529494 0.041599
vt 0.440272 0.169217
vt 0.407900 0.015209
vt 0.224689 0.500632
vt 0.298939 0.554231
vt 0.143822 0.628706
vt 0.350796 0.501919
vt 0.236030 0.724989
vt 0.358556 0.714558
vt 0.602122 0.296489
vt 0.527241 0.521298
vt 0.452229 0.375318
s 0
g Cube.011_Material
usemtl Material
f 80/143/112 73/144/112 74/145/112
f 74/145/113 73/144/113 75/146/113
f 78/147/114 75/148/114 72/149/114
f 75/150/115 76/151/115 72/152/115
f 79/153/116 77/154/116 76/155/116
f 76/155/117 77/156/117 72/157/117
f 77/156/118 78/158/118 72/157/118
f 77/156/119 80/143/119 78/147/119
f 80/143/120 74/145/120 78/147/120
f 73/159/121 80/160/121 79/161/121
f 79/161/122 80/143/122 77/156/122
f 74/145/123 75/148/123 78/147/123
f 75/150/124 73/159/124 76/151/124
f 73/159/125 79/161/125 76/151/125
o Cube.006
v 9.976529 1.953036 -9.409590
v 9.836994 1.877572 -9.410150
v 9.807856 2.046880 -9.363855
v 9.912498 1.931905 -9.480558
v 9.817975 1.982220 -9.443282
v 9.881268 2.065139 -9.460915
v 9.949214 2.001931 -9.353204
v 9.886406 1.875031 -9.344196
v 9.808236 1.975186 -9.312626
vn 0.6771 0.2602 -0.6884
vn -0.3389 0.0590 -0.9390
vn 0.2574 0.8955 0.3631
vn 0.4442 -0.8185 -0.3643
vn 0.4697 -0.8672 -0.1656
vn 0.2890 -0.0753 0.9544
vn 0.7200 -0.3124 0.6197
vn -0.6307 -0.6335 0.4481
vn -0.9754 -0.2038 -0.0837
vn -0.9952 -0.0606 -0.0774
vn -0.7451 0.4676 -0.4756
vn 0.7854 0.6025 -0.1419
vn 0.1228 0.5774 0.8072
vn -0.4969 -0.3427 -0.7973
vt 0.423616 0.817668
vt 0.438163 0.985880
vt 0.399025 0.926987
vt 0.584080 0.909473
vt 0.477709 0.045024
vt 0.607265 0.122218
vt 0.441545 0.286085
vt 0.565477 0.549583
vt 0.592013 0.712367
vt 0.289400 0.584684
vt 0.400831 0.754486
vt 0.615924 0.357557
vt 0.551199 0.540629
vt 0.429879 0.509305
vt 0.769145 0.562221
vt 0.604783 0.677624
vt 0.780055 0.741830
vt 0.860509 0.631959
vt 0.567506 0.015179
vt 0.377433 0.096481
s 0
g Cube.006_Material
usemtl Material
f 84/162/126 86/163/126 81/164/126
f 85/165/127 86/163/127 84/162/127
f 86/166/128 83/167/128 87/168/128
f 88/169/129 82/170/129 81/171/129
f 82/170/130 84/172/130 81/171/130
f 87/168/131 89/173/131 88/174/131
f 88/174/132 81/175/132 87/168/132
f 88/169/133 89/176/133 82/177/133
f 82/177/134 89/176/134 85/178/134
f 89/176/135 83/179/135 85/178/135
f 85/180/136 83/167/136 86/166/136
f 81/181/137 86/166/137 87/168/137
f 87/168/138 83/167/138 89/173/138
f 82/170/139 85/165/139 84/162/139
o Cube.007
v 10.097390 1.875666 -8.419325
v 10.061007 2.058941 -8.390722
v 10.047020 1.892772 -8.546681
v 9.905321 1.929579 -8.538439
v 9.946612 1.828662 -8.415257
v 10.028307 1.916487 -8.304317
v 9.942430 2.054095 -8.466900
v 10.086302 2.018082 -8.496514
v 9.943401 1.991759 -8.320360
vn 0.2471 0.4604 0.8526
vn 0.9716 0.1667 0.1679
vn -0.2786 0.8831 0.3775
vn 0.9151 -0.1347 -0.3800
vn 0.2833 -0.9293 -0.2369
vn 0.0395 0.3607 -0.9319
vn -0.9679 0.2289 0.1038
vn 0.8680 0.0963 0.4872
vn 0.2750 -0.8420 0.4641
vn -0.5246 -0.4359 0.7313
vn -0.2379 -0.7889 -0.5666
vn -0.0496 0.5086 -0.8596
vn 0.1675 0.9325 -0.3201
vn -0.9677 -0.1407 0.2091
vt 0.862532 0.586626
vt 0.666025 0.612825
vt 0.793538 0.524739
vt 0.799625 0.742317
vt 0.596159 0.725728
vt 0.676667 0.500000
vt 0.533198 0.702151
vt 0.502729 0.907748
vt 0.315429 0.689365
vt 0.215046 0.717794
vt 0.139986 0.551629
vt 0.365533 0.517965
vt 0.592775 0.342442
vt 0.523296 0.508923
vt 0.395346 0.376049
vt 0.510142 0.020803
vt 0.592582 0.143625
vt 0.414253 0.208459
s 0
g Cube.007_Material
usemtl Material
f 95/182/140 91/183/140 98/184/140
f 91/183/141 90/185/141 97/186/141
f 98/184/142 91/183/142 96/187/142
f 97/188/143 90/189/143 92/190/143
f 92/190/144 90/191/144 94/192/144
f 93/193/145 97/188/145 92/190/145
f 98/194/146 96/195/146 93/196/146
f 95/182/147 90/185/147 91/183/147
f 90/197/148 95/198/148 94/199/148
f 94/199/149 95/198/149 98/194/149
f 94/192/150 93/193/150 92/190/150
f 93/193/151 96/195/151 97/188/151
f 96/195/152 91/183/152 97/188/152
f 94/199/153 98/194/153 93/196/153
o Cube.008
v 11.418201 1.895040 -10.198594
v 11.331247 2.016668 -10.272668
v 11.238557 2.038394 -10.383525
v 11.243578 1.869219 -10.362465
v 11.326077 1.933104 -10.548109
v 11.425636 1.832584 -10.418713
v 11.496568 1.941688 -10.287959
v 11.262066 2.087137 -10.482872
v 11.414389 2.039189 -10.454695
vn -0.7603 0.0580 0.6470
vn -0.9642 -0.0607 -0.2580
vn -0.3035 -0.8514 -0.4279
vn 0.6735 -0.7048 0.2227
vn 0.4171 0.8591 0.2968
vn 0.2528 0.9394 0.2317
vn 0.7635 -0.0702 -0.6420
vn 0.3025 0.4756 -0.8260
vn -0.2450 0.8921 0.3797
vn -0.6805 -0.0409 0.7316
vn -0.8763 -0.1739 -0.4493
vn -0.1098 -0.9572 0.2679
vn 0.3601 0.6594 0.6600
vn 0.8892 -0.0311 -0.4564
vt 0.551771 0.821043
vt 0.490236 0.981936
vt 0.443965 0.755163
vt 0.609545 0.740303
vt 0.579499 0.265268
vt 0.447677 0.232718
vt 0.490446 0.016300
vt 0.320967 0.499695
vt 0.242238 0.673984
vt 0.142687 0.564850
vt 0.543218 0.480597
vt 0.654480 0.663904
vt 0.651690 0.523626
vt 0.809399 0.589510
vt 0.375000 0.930496
vt 0.603518 0.001237
vt 0.583364 0.169025
vt 0.384386 0.054537
vt 0.382289 0.419599
s 0
g Cube.008_Material
usemtl Material
f 101/200/154 102/201/154 100/202/154
f 101/200/155 106/203/155 102/201/155
f 103/204/156 104/205/156 102/206/156
f 105/207/157 99/208/157 104/209/157
f 107/210/158 100/202/158 105/207/158
f 107/210/159 106/211/159 100/202/159
f 103/204/160 107/210/160 104/205/160
f 107/212/161 103/213/161 106/211/161
f 106/211/162 101/200/162 100/202/162
f 99/214/163 100/202/163 102/201/163
f 106/215/164 103/216/164 102/206/164
f 99/217/165 102/206/165 104/205/165
f 99/208/166 105/207/166 100/202/166
f 105/218/167 104/205/167 107/210/167
o Cube.009
v 10.172429 2.184121 -8.289192
v 10.033461 2.162233 -8.159767
v 10.340093 2.063322 -8.308467
v 10.262543 1.945457 -8.446220
v 9.916178 1.915421 -8.124823
v 10.040774 1.988213 -7.963910
v 9.999314 1.967828 -8.394837
v 10.301444 2.116145 -8.086672
v 10.185374 2.080703 -7.962449
v 10.338017 1.854129 -8.056421
v 10.319710 1.816514 -8.275283
v 10.423890 2.008756 -8.184626
v 10.016423 1.755724 -8.174534
v 10.047791 1.838721 -8.414736
v 10.131031 1.754906 -8.068055
v 10.233719 1.675532 -8.225874
vn -0.4322 0.6661 0.6079
vn 0.1254 0.9473 0.2949
vn 0.6933 0.1774 0.6984
vn 0.8774 -0.4797 0.0091
vn -0.2717 -0.9191 0.2854
vn 0.2668 -0.7244 -0.6357
vn -0.8987 -0.2862 -0.3323
vn 0.1686 -0.2786 0.9455
vn 0.1229 -0.3645 0.9231
vn -0.5712 -0.5486 0.6106
vn -0.7960 0.4375 0.4184
vn -0.8958 0.3976 -0.1987
vn 0.8576 -0.1375 -0.4957
vn -0.1842 0.0818 -0.9795
vn -0.1223 0.5129 -0.8497
vn 0.3527 0.6036 -0.7150
vn -0.5548 0.6789 -0.4809
vn 0.5749 0.8129 -0.0934
vn 0.0305 0.9533 0.3005
vn 0.6217 0.7794 -0.0773
vn 0.7050 0.1777 0.6865
vn -0.3957 -0.8509 -0.3457
vn 0.3633 -0.4976 -0.7876
vn -0.8514 -0.4513 -0.2671
vn 0.3237 -0.7438 0.5847
vn -0.5541 -0.5086 0.6591
vn 0.8563 -0.5163 0.0171
vt 0.875000 0.649805
vt 0.849233 0.683396
vt 0.832712 0.540342
vt 0.580473 0.024703
vt 0.534759 0.188184
vt 0.498710 0.020990
vt 0.437420 0.135101
vt 0.411456 0.342495
vt 0.213804 0.511922
vt 0.337875 0.601179
vt 0.185175 0.619999
vt 0.611440 0.548317
vt 0.438499 0.522151
vt 0.536413 0.434917
vt 0.517900 0.691047
vt 0.378975 0.759339
vt 0.724211 0.603714
vt 0.568883 0.768659
vt 0.609419 0.213408
vt 0.625000 0.382072
vt 0.588498 0.519208
vt 0.209844 0.718096
vt 0.479559 0.953620
vt 0.390901 0.953078
vt 0.565332 0.774863
vt 0.583031 0.973602
vt 0.389658 0.010551
vt 0.376620 0.114133
vt 0.125000 0.581137
vt 0.375000 0.421875
s 0
g Cube.009_Material
usemtl Material
f 116/219/168 109/220/168 113/221/168
f 109/222/169 116/223/169 108/224/169
f 115/225/170 116/223/170 117/226/170
f 117/227/171 118/228/171 119/229/171
f 120/230/172 123/231/172 122/232/172
f 121/233/173 111/234/173 118/228/173
f 112/235/174 114/236/174 121/233/174
f 113/237/175 117/226/175 116/223/175
f 113/237/176 122/232/176 117/226/176
f 122/232/177 112/238/177 120/239/177
f 112/235/178 113/221/178 109/220/178
f 112/235/179 109/220/179 114/236/179
f 110/240/180 119/229/180 118/228/180 111/234/180
f 111/234/181 121/233/181 114/236/181
f 114/236/182 108/241/182 111/234/182
f 108/241/183 110/242/183 111/234/183
f 114/243/184 109/244/184 108/241/184
f 108/224/185 115/225/185 110/245/185
f 115/225/186 108/224/186 116/223/186
f 110/245/187 115/225/187 119/246/187
f 117/227/188 119/229/188 115/247/188
f 123/231/189 120/230/189 121/233/189
f 123/231/190 121/233/190 118/228/190
f 120/230/191 112/235/191 121/233/191
f 117/226/192 122/232/192 123/231/192
f 113/237/193 112/238/193 122/232/193
f 118/248/194 117/226/194 123/231/194
o Cube.010
v 11.547205 2.002429 -10.277896
v 11.616574 1.902759 -10.258229
v 11.636750 1.776211 -10.337540
v 11.494407 1.963062 -10.385553
v 11.628013 2.097143 -10.319232
v 11.728327 1.859500 -10.377356
v 11.509652 1.768619 -10.357176
v 11.600791 1.896072 -10.493223
v 11.552437 2.080050 -10.408480
vn 0.6478 0.4276 -0.6305
vn 0.6680 0.4489 -0.5935
vn 0.1590 -0.5626 -0.8113
vn 0.2760 -0.7867 -0.5521
vn 0.6194 -0.3436 0.7059
vn -0.7464 -0.4171 0.5186
vn -0.6119 0.6904 0.3859
vn -0.8487 0.4689 0.2447
vn 0.7482 0.1582 0.6444
vn -0.7096 0.0470 0.7031
vn -0.0970 -0.5396 0.8363
vn -0.6444 0.1737 -0.7447
vn -0.7489 -0.1528 -0.6448
vn 0.1461 0.2884 0.9463
vt 0.856741 0.527884
vt 0.792799 0.664448
vt 0.661337 0.518959
vt 0.570885 0.667835
vt 0.614877 0.834550
vt 0.495616 0.943630
vt 0.319826 0.718976
vt 0.602263 0.105449
vt 0.455701 0.107225
vt 0.553174 0.006579
vt 0.371255 0.573451
vt 0.135465 0.689951
vt 0.165587 0.530358
vt 0.553103 0.308270
vt 0.565029 0.471740
vt 0.392929 0.256090
vt 0.405598 0.560759
vt 0.171875 0.750000
s 0
g Cube.010_Material
usemtl Material
f 128/249/195 129/250/195 132/251/195
f 132/251/196 129/250/196 131/252/196
f 129/253/197 126/254/197 130/255/197
f 131/252/198 129/253/198 130/255/198
f 129/256/199 125/257/199 126/258/199
f 127/259/200 125/260/200 124/261/200
f 128/262/201 132/263/201 124/264/201
f 132/263/202 127/265/202 124/264/202
f 125/257/203 129/256/203 128/262/203
f 127/259/204 130/255/204 125/260/204
f 125/260/205 130/255/205 126/266/205
f 132/251/206 131/252/206 127/265/206
f 131/252/207 130/255/207 127/265/207
f 124/264/208 125/257/208 128/262/208
o Cube.011
v 12.280966 1.844568 -8.855807
v 12.614698 2.102433 -8.732699
v 12.384209 2.060225 -8.575968
v 12.342764 2.092039 -8.849835
v 12.489234 1.961011 -8.957537
v 12.512585 1.765278 -8.799695
v 12.325510 1.818276 -8.614894
v 12.668350 1.851365 -8.791194
v 12.562316 1.906406 -8.603543
vn 0.4653 0.3969 0.7912
vn -0.0932 0.9873 0.1288
vn -0.9515 0.2327 0.2013
vn -0.4986 0.1451 -0.8546
vn 0.3514 -0.5619 -0.7488
vn -0.0274 -0.6295 -0.7765
vn -0.3137 -0.9484 -0.0455
vn 0.2775 -0.8118 0.5137
vn 0.0130 -0.1619 0.9867
vn 0.8776 0.0773 0.4732
vn 0.4095 -0.7866 0.4621
vn -0.9636 0.2065 0.1698
vn 0.2327 0.7595 -0.6075
vn 0.7412 0.2985 -0.6013
vt 0.534218 0.539052
vt 0.807613 0.537738
vt 0.651467 0.712344
vt 0.812212 0.722590
vt 0.440472 0.699464
vt 0.505279 0.954605
vt 0.394685 0.910428
vt 0.529494 0.041599
vt 0.440272 0.169217
vt 0.407900 0.015209
vt 0.224689 0.500632
vt 0.298939 0.554231
vt 0.143822 0.628706
vt 0.350796 0.501919
vt 0.236030 0.724989
vt 0.358556 0.714558
vt 0.602122 0.296489
vt 0.527241 0.521298
vt 0.452229 0.375318
s 0
g Cube.011_Material
usemtl Material
f 141/267/209 134/268/209 135/269/209
f 135/269/210 134/268/210 136/270/210
f 139/271/211 136/272/211 133/273/211
f 136/274/212 137/275/212 133/276/212
f 140/277/213 138/278/213 137/279/213
f 137/279/214 138/280/214 133/281/214
f 138/280/215 139/282/215 133/281/215
f 138/280/216 141/267/216 139/271/216
f 141/267/217 135/269/217 139/271/217
f 134/283/218 141/284/218 140/285/218
f 140/285/219 141/267/219 138/280/219
f 135/269/220 136/272/220 139/271/220
f 136/274/221 134/283/221 137/275/221
f 134/283/222 140/285/222 137/275/222
o Cube.006
v 10.245002 1.953043 -7.968832
v 10.243165 2.037866 -8.172332
v 10.283187 1.794566 -8.191174
v 10.144721 1.982957 -8.055781
v 10.182504 1.895702 -8.181446
v 10.152380 1.792632 -8.081002
v 10.314545 1.874368 -8.003107
v 10.338426 2.039210 -8.108655
v 10.363194 1.886367 -8.204210
vn -0.6709 -0.1239 0.7311
vn -0.9577 -0.0004 -0.2877
vn 0.2927 -0.8968 0.3317
vn -0.2621 0.8899 0.3733
vn -0.0586 0.9213 0.3845
vn 0.9718 0.0101 0.2357
vn 0.6848 0.3200 0.6547
vn 0.4690 0.5216 -0.7127
vn -0.1184 0.1138 -0.9864
vn -0.1265 -0.0306 -0.9915
vn -0.5572 -0.4903 -0.6702
vn -0.1532 -0.5054 0.8492
vn 0.7560 -0.6383 0.1448
vn -0.7886 0.3681 -0.4927
vt 0.423616 0.817668
vt 0.438163 0.985880
vt 0.399025 0.926987
vt 0.584080 0.909473
vt 0.477709 0.045024
vt 0.607265 0.122218
vt 0.441545 0.286085
vt 0.565477 0.549583
vt 0.592013 0.712367
vt 0.289400 0.584684
vt 0.400831 0.754486
vt 0.615924 0.357557
vt 0.551199 0.540629
vt 0.429879 0.509305
vt 0.769145 0.562221
vt 0.604783 0.677624
vt 0.780055 0.741830
vt 0.860509 0.631959
vt 0.567506 0.015179
vt 0.377433 0.096481
s 0
g Cube.006_Material
usemtl Material
f 145/286/223 147/287/223 142/288/223
f 146/289/224 147/287/224 145/286/224
f 147/290/225 144/291/225 148/292/225
f 149/293/226 143/294/226 142/295/226
f 143/294/227 145/296/227 142/295/227
f 148/292/228 150/297/228 149/298/228
f 149/298/229 142/299/229 148/292/229
f 149/293/230 150/300/230 143/301/230
f 143/301/231 150/300/231 146/302/231
f 150/300/232 144/303/232 146/302/232
f 146/304/233 144/291/233 147/290/233
f 142/305/234 147/290/234 148/292/234
f 148/292/235 144/291/235 150/297/235
f 143/294/236 146/289/236 145/286/236
o Cube.007
v 11.748886 1.953341 -10.180545
v 11.722150 2.040532 -10.348179
v 11.794163 1.843304 -10.253054
v 11.683834 1.790737 -10.336594
v 11.625261 1.853523 -10.194428
v 11.625944 2.017900 -10.208127
v 11.679596 1.920328 -10.411496
v 11.805470 1.959135 -10.334281
v 11.579092 1.996409 -10.311702
vn -0.3077 0.9497 -0.0579
vn 0.6505 0.7113 0.2662
vn -0.3595 0.5313 -0.7671
vn 0.9256 0.1526 0.3464
vn 0.2683 -0.4507 0.8514
vn 0.6640 -0.4717 -0.5802
vn -0.7792 -0.3325 -0.5312
vn 0.3600 0.8500 0.3847
vn -0.1767 0.0825 0.9808
vn -0.9134 0.0376 0.4054
vn 0.0969 -0.8951 0.4352
vn 0.5657 -0.3987 -0.7218
vn 0.4314 0.2961 -0.8522
vn -0.8857 -0.4299 -0.1751
vt 0.862532 0.586626
vt 0.666025 0.612825
vt 0.793538 0.524739
vt 0.799625 0.742317
vt 0.596159 0.725728
vt 0.676667 0.500000
vt 0.533198 0.702151
vt 0.502729 0.907748
vt 0.315429 0.689365
vt 0.215046 0.717794
vt 0.139986 0.551629
vt 0.365533 0.517965
vt 0.592775 0.342442
vt 0.523296 0.508923
vt 0.395346 0.376049
vt 0.510142 0.020803
vt 0.592582 0.143625
vt 0.414253 0.208459
s 0
g Cube.007_Material
usemtl Material
f 156/306/237 152/307/237 159/308/237
f 152/307/238 151/309/238 158/310/238
f 159/308/239 152/307/239 157/311/239
f 158/312/240 151/313/240 153/314/240
f 153/314/241 151/315/241 155/316/241
f 154/317/242 158/312/242 153/314/242
f 159/318/243 157/319/243 154/320/243
f 156/306/244 151/309/244 152/307/244
f 151/321/245 156/322/245 155/323/245
f 155/323/246 156/322/246 159/318/246
f 155/316/247 154/317/247 153/314/247
f 154/317/248 157/319/248 158/312/248
f 157/319/249 152/307/249 158/312/249
f 155/323/250 159/318/250 154/320/250
o Cube.008
v 12.537310 2.131935 -8.888564
v 12.463339 2.021507 -9.026269
v 12.377553 1.878956 -9.046576
v 12.361626 1.921189 -8.856226
v 12.490009 1.717884 -8.899235
v 12.572186 1.890708 -8.790878
v 12.644589 2.038638 -8.923721
v 12.424482 1.765319 -9.088075
v 12.587398 1.826701 -9.022610
vn -0.8299 0.5259 -0.1861
vn -0.9232 -0.3842 0.0080
vn -0.3240 -0.3872 0.8632
vn 0.5683 0.3781 0.7308
vn 0.4540 0.2732 -0.8481
vn 0.3082 0.1787 -0.9344
vn 0.8313 -0.5194 0.1980
vn 0.4525 -0.8151 -0.3618
vn -0.2071 0.2590 -0.9434
vn -0.7717 0.6295 -0.0903
vn -0.8220 -0.5502 0.1470
vn -0.2346 0.3355 0.9124
vn 0.3310 0.6414 -0.6921
vn 0.9346 -0.3224 0.1504
vt 0.551771 0.821043
vt 0.490236 0.981936
vt 0.443965 0.755163
vt 0.609545 0.740303
vt 0.579499 0.265268
vt 0.447677 0.232718
vt 0.490446 0.016300
vt 0.320967 0.499695
vt 0.242238 0.673984
vt 0.142687 0.564850
vt 0.543218 0.480597
vt 0.654480 0.663904
vt 0.651690 0.523626
vt 0.809399 0.589510
vt 0.375000 0.930496
vt 0.603518 0.001237
vt 0.583364 0.169025
vt 0.384386 0.054537
vt 0.382289 0.419599
s 0
g Cube.008_Material
usemtl Material
f 162/324/251 163/325/251 161/326/251
f 162/324/252 167/327/252 163/325/252
f 164/328/253 165/329/253 163/330/253
f 166/331/254 160/332/254 165/333/254
f 168/334/255 161/326/255 166/331/255
f 168/334/256 167/335/256 161/326/256
f 164/328/257 168/334/257 165/329/257
f 168/336/258 164/337/258 167/335/258
f 167/335/259 162/324/259 161/326/259
f 160/338/260 161/326/260 163/325/260
f 167/339/261 164/340/261 163/330/261
f 160/341/262 163/330/262 165/329/262
f 160/332/263 166/331/263 161/326/263
f 166/342/264 165/329/264 168/334/264
o Cube.009
v 10.096088 2.074101 -8.298718
v 10.133411 2.156078 -8.123313
v 10.182974 1.893112 -8.373048
v 10.031469 1.772202 -8.311429
v 10.121246 1.997748 -7.887661
v 10.322892 2.067993 -7.951763
v 9.928516 1.916082 -8.097507
v 10.348977 2.032860 -8.273990
v 10.395673 2.091817 -8.111408
v 10.419132 1.797411 -8.151174
v 10.222824 1.695086 -8.212976
v 10.341503 1.854441 -8.354875
v 10.148039 1.798977 -7.902794
v 9.949761 1.775615 -8.075724
v 10.303679 1.789251 -7.944273
v 10.230889 1.622602 -8.050824
vn 0.2206 0.9450 0.2416
vn 0.2316 0.8615 -0.4519
vn 0.9424 0.1174 -0.3132
vn 0.5197 -0.7505 -0.4082
vn 0.1749 -0.5835 0.7931
vn -0.3273 -0.9396 -0.0998
vn -0.7353 -0.0061 0.6777
vn 0.9089 0.0161 0.4168
vn 0.8731 -0.0471 0.4853
vn 0.2550 -0.0392 0.9661
vn -0.1134 0.8274 0.5501
vn -0.6816 0.6232 0.3835
vn 0.0551 -0.6209 -0.7819
vn -0.9285 -0.1899 -0.3191
vn -0.8242 0.1987 -0.5303
vn -0.4646 0.1363 -0.8750
vn -0.7607 0.6349 -0.1349
vn 0.1581 0.4391 -0.8844
vn 0.1850 0.9056 -0.3816
vn 0.1997 0.3976 -0.8956
vn 0.9386 0.1090 -0.3272
vn -0.4275 -0.6905 0.5835
vn -0.4232 -0.8348 -0.3521
vn -0.6408 -0.1438 0.7541
vn 0.7298 -0.5649 0.3850
vn 0.3014 0.0048 0.9535
vn 0.5184 -0.7708 -0.3703
vt 0.875000 0.649805
vt 0.849233 0.683396
vt 0.832712 0.540342
vt 0.580473 0.024703
vt 0.534759 0.188184
vt 0.498710 0.020990
vt 0.437420 0.135101
vt 0.411456 0.342495
vt 0.213804 0.511922
vt 0.337875 0.601179
vt 0.185175 0.619999
vt 0.611440 0.548317
vt 0.438499 0.522151
vt 0.536413 0.434917
vt 0.517900 0.691047
vt 0.378975 0.759339
vt 0.724211 0.603714
vt 0.568883 0.768659
vt 0.609419 0.213408
vt 0.625000 0.382072
vt 0.588498 0.519208
vt 0.209844 0.718096
vt 0.479559 0.953620
vt 0.390901 0.953078
vt 0.565332 0.774863
vt 0.583031 0.973602
vt 0.389658 0.010551
vt 0.376620 0.114133
vt 0.125000 0.581137
vt 0.375000 0.421875
s 0
g Cube.009_Material
usemtl Material
f 177/343/265 170/344/265 174/345/265
f 170/346/266 177/347/266 169/348/266
f 176/349/267 177/347/267 178/350/267
f 178/351/268 179/352/268 180/353/268
f 181/354/269 184/355/269 183/356/269
f 182/357/270 172/358/270 179/352/270
f 173/359/271 175/360/271 182/357/271
f 174/361/272 178/350/272 177/347/272
f 174/361/273 183/356/273 178/350/273
f 183/356/274 173/362/274 181/363/274
f 173/359/275 174/345/275 170/344/275
f 173/359/276 170/344/276 175/360/276
f 171/364/277 180/353/277 179/352/277 172/358/277
f 172/358/278 182/357/278 175/360/278
f 175/360/279 169/365/279 172/358/279
f 169/365/280 171/366/280 172/358/280
f 175/367/281 170/368/281 169/365/281
f 169/348/282 176/349/282 171/369/282
f 176/349/283 169/348/283 177/347/283
f 171/369/284 176/349/284 180/370/284
f 178/351/285 180/353/285 176/371/285
f 184/355/286 181/354/286 182/357/286
f 184/355/287 182/357/287 179/352/287
f 181/354/288 173/359/288 182/357/288
f 178/350/289 183/356/289 184/355/289
f 174/361/290 173/362/290 183/356/290
f 179/372/291 178/350/291 184/355/291
o Cube.010
v 12.443476 1.866090 -9.815343
v 12.317828 1.855557 -9.883431
v 12.152638 1.844500 -9.825056
v 12.389890 1.860271 -9.678569
v 12.487742 2.011888 -9.826966
v 12.180954 1.991867 -9.845665
v 12.196211 1.744785 -9.721715
v 12.235502 1.971892 -9.648870
v 12.473599 1.989380 -9.691880
vn -0.0738 0.9849 0.1564
vn -0.0521 0.9920 0.1151
vn -0.7964 0.2312 0.5589
vn -0.9587 0.0781 0.2736
vn -0.3283 -0.0687 -0.9421
vn 0.0878 -0.9961 -0.0080
vn 0.9567 -0.2863 0.0525
vn 0.8147 -0.4975 0.2980
vn 0.0383 0.3024 -0.9524
vn 0.5322 -0.8298 -0.1681
vn -0.1776 -0.7445 -0.6435
vn 0.1788 -0.0145 0.9838
vn -0.0335 -0.3000 0.9534
vn 0.4792 -0.2134 -0.8514
vt 0.856741 0.527884
vt 0.792799 0.664448
vt 0.661337 0.518959
vt 0.570885 0.667835
vt 0.614877 0.834550
vt 0.495616 0.943630
vt 0.319826 0.718976
vt 0.602263 0.105449
vt 0.455701 0.107225
vt 0.553174 0.006579
vt 0.371255 0.573451
vt 0.135465 0.689951
vt 0.165587 0.530358
vt 0.553103 0.308270
vt 0.565029 0.471740
vt 0.392929 0.256090
vt 0.405598 0.560759
vt 0.171875 0.750000
s 0
g Cube.010_Material
usemtl Material
f 189/373/292 190/374/292 193/375/292
f 193/375/293 190/374/293 192/376/293
f 190/377/294 187/378/294 191/379/294
f 192/376/295 190/377/295 191/379/295
f 190/380/296 186/381/296 187/382/296
f 188/383/297 186/384/297 185/385/297
f 189/386/298 193/387/298 185/388/298
f 193/387/299 188/389/299 185/388/299
f 186/381/300 190/380/300 189/386/300
f 188/383/301 191/379/301 186/384/301
f 186/384/302 191/379/302 187/390/302
f 193/375/303 192/376/303 188/389/303
f 192/376/304 191/379/304 188/389/304
f 185/388/305 186/381/305 189/386/305
o Cube.011
v 12.277145 2.015042 -8.758670
v 12.521258 1.771945 -8.477883
v 12.368176 1.660388 -8.691063
v 12.246764 1.870350 -8.547114
v 12.398126 2.037907 -8.526952
v 12.530799 2.017913 -8.744335
v 12.390697 1.829541 -8.880433
v 12.643999 1.964887 -8.614488
v 12.577600 1.774585 -8.714568
vn 0.4852 -0.8680 0.1058
vn -0.3977 -0.6641 0.6331
vn -0.8845 -0.3161 -0.3432
vn -0.7225 0.6146 0.3166
vn 0.3180 0.9420 0.1074
vn -0.0059 0.9954 -0.0952
vn 0.0402 0.5654 -0.8239
vn 0.6695 0.0380 -0.7418
vn 0.3265 -0.7239 -0.6078
vn 0.8851 -0.4172 0.2061
vn 0.7658 0.0691 -0.6394
vn -0.8943 -0.2755 -0.3525
vn -0.2171 0.0790 0.9730
vn 0.4039 0.3434 0.8479
vt 0.534218 0.539052
vt 0.807613 0.537738
vt 0.651467 0.712344
vt 0.812212 0.722590
vt 0.440472 0.699464
vt 0.505279 0.954605
vt 0.394685 0.910428
vt 0.529494 0.041599
vt 0.440272 0.169217
vt 0.407900 0.015209
vt 0.224689 0.500632
vt 0.298939 0.554231
vt 0.143822 0.628706
vt 0.350796 0.501919
vt 0.236030 0.724989
vt 0.358556 0.714558
vt 0.602122 0.296489
vt 0.527241 0.521298
vt 0.452229 0.375318
s 0
g Cube.011_Material
usemtl Material
f 202/391/306 195/392/306 196/393/306
f 196/393/307 195/392/307 197/394/307
f 200/395/308 197/396/308 194/397/308
f 197/398/309 198/399/309 194/400/309
f 201/401/310 199/402/310 198/403/310
f 198/403/311 199/404/311 194/405/311
f 199/404/312 200/406/312 194/405/312
f 199/404/313 202/391/313 200/395/313
f 202/391/314 196/393/314 200/395/314
f 195/407/315 202/408/315 201/409/315
f 201/409/316 202/391/316 199/404/316
f 196/393/317 197/396/317 200/395/317
f 197/398/318 195/407/318 198/399/318
f 195/407/319 201/409/319 198/399/319
o Cube.006
v 9.984485 1.867984 -8.257053
v 10.132196 1.979031 -8.220312
v 10.189008 1.842390 -8.371179
v 10.015266 1.973680 -8.294464
v 10.135973 1.950354 -8.349429
v 10.060003 1.884903 -8.425149
v 10.043609 1.798420 -8.281042
v 10.114153 1.899484 -8.166125
v 10.214873 1.842122 -8.269768
vn -0.9097 0.1247 -0.3961
vn -0.1106 0.8041 -0.5841
vn -0.0639 -0.8525 -0.5189
vn -0.5654 0.5481 0.6164
vn -0.5008 0.4148 0.7597
vn 0.1620 -0.7882 0.5937
vn -0.3743 -0.5703 0.7313
vn 0.7592 0.2399 0.6050
vn 0.8365 0.5396 -0.0954
vn 0.8580 0.4653 -0.2176
vn 0.4616 0.3875 -0.7980
vn -0.7629 -0.5124 -0.3943
vn 0.2508 -0.9657 -0.0665
vn 0.0908 0.9727 -0.2134
vt 0.423616 0.817668
vt 0.438163 0.985880
vt 0.399025 0.926987
vt 0.584080 0.909473
vt 0.477709 0.045024
vt 0.607265 0.122218
vt 0.441545 0.286085
vt 0.565477 0.549583
vt 0.592013 0.712367
vt 0.289400 0.584684
vt 0.400831 0.754486
vt 0.615924 0.357557
vt 0.551199 0.540629
vt 0.429879 0.509305
vt 0.769145 0.562221
vt 0.604783 0.677624
vt 0.780055 0.741830
vt 0.860509 0.631959
vt 0.567506 0.015179
vt 0.377433 0.096481
s 0
g Cube.006_Material
usemtl Material
f 206/410/320 208/411/320 203/412/320
f 207/413/321 208/411/321 206/410/321
f 208/414/322 205/415/322 209/416/322
f 210/417/323 204/418/323 203/419/323
f 204/418/324 206/420/324 203/419/324
f 209/416/325 211/421/325 210/422/325
f 210/422/326 203/423/326 209/416/326
f 210/417/327 211/424/327 204/425/327
f 204/425/328 211/424/328 207/426/328
f 211/424/329 205/427/329 207/426/329
f 207/428/330 205/415/330 208/414/330
f 203/429/331 208/414/331 209/416/331
f 209/416/332 205/415/332 211/421/332
f 204/418/333 207/413/333 206/410/333
o Cube.007
v 10.070119 1.756308 -9.923449
v 10.162735 1.965317 -9.893241
v 9.920031 1.832582 -9.925752
v 9.890008 1.909360 -9.767000
v 9.997563 1.741294 -9.745529
v 10.185088 1.782022 -9.799406
v 10.032967 2.017203 -9.792925
v 10.041004 1.948036 -9.963778
v 10.166315 1.895892 -9.720512
vn 0.9897 0.1387 0.0353
vn 0.5096 -0.1023 -0.8543
vn 0.5462 0.7811 0.3026
vn -0.0963 -0.2189 -0.9710
vn -0.4355 -0.8646 -0.2506
vn -0.6929 0.5890 -0.4159
vn -0.1336 0.3955 0.9087
vn 0.7367 -0.2348 -0.6341
vn 0.2135 -0.9769 0.0046
vn 0.3376 -0.4978 0.7989
vn -0.8439 -0.5279 0.0957
vn -0.6066 0.7266 -0.3227
vn 0.0834 0.9251 -0.3706
vn -0.1649 0.0204 0.9861
vt 0.862532 0.586626
vt 0.666025 0.612825
vt 0.793538 0.524739
vt 0.799625 0.742317
vt 0.596159 0.725728
vt 0.676667 0.500000
vt 0.533198 0.702151
vt 0.502729 0.907748
vt 0.315429 0.689365
vt 0.215046 0.717794
vt 0.139986 0.551629
vt 0.365533 0.517965
vt 0.592775 0.342442
vt 0.523296 0.508923
vt 0.395346 0.376049
vt 0.510142 0.020803
vt 0.592582 0.143625
vt 0.414253 0.208459
s 0
g Cube.007_Material
usemtl Material
f 217/430/334 213/431/334 220/432/334
f 213/431/335 212/433/335 219/434/335
f 220/432/336 213/431/336 218/435/336
f 219/436/337 212/437/337 214/438/337
f 214/438/338 212/439/338 216/440/338
f 215/441/339 219/436/339 214/438/339
f 220/442/340 218/443/340 215/444/340
f 217/430/341 212/433/341 213/431/341
f 212/445/342 217/446/342 216/447/342
f 216/447/343 217/446/343 220/442/343
f 216/440/344 215/441/344 214/438/344
f 215/441/345 218/443/345 219/436/345
f 218/443/346 213/431/346 219/436/346
f 216/447/347 220/442/347 215/444/347
o Cube.008
v 11.439386 1.773958 -10.383038
v 11.368940 1.844579 -10.501912
v 11.280673 1.944620 -10.527791
v 11.323447 1.965514 -10.376483
v 11.132896 1.915770 -10.397510
v 11.248240 1.819759 -10.301212
v 11.339052 1.712700 -10.399837
v 11.179952 1.933925 -10.556264
v 11.187558 1.800756 -10.485892
vn 0.7532 0.5884 -0.2942
vn -0.0723 0.9906 -0.1163
vn -0.2299 0.5376 0.8113
vn 0.2085 -0.5611 0.8011
vn 0.0813 -0.6215 -0.7792
vn 0.0343 -0.4654 -0.8844
vn -0.7469 -0.5902 0.3062
vn -0.9302 -0.2116 -0.2999
vn 0.2728 -0.0081 -0.9620
vn 0.8368 0.5130 -0.1911
vn -0.2560 0.9661 0.0346
vn 0.4290 0.2298 0.8736
vn 0.4755 -0.6033 -0.6402
vn -0.5947 -0.7561 0.2732
vt 0.551771 0.821043
vt 0.490236 0.981936
vt 0.443965 0.755163
vt 0.609545 0.740303
vt 0.579499 0.265268
vt 0.447677 0.232718
vt 0.490446 0.016300
vt 0.320967 0.499695
vt 0.242238 0.673984
vt 0.142687 0.564850
vt 0.543218 0.480597
vt 0.654480 0.663904
vt 0.651690 0.523626
vt 0.809399 0.589510
vt 0.375000 0.930496
vt 0.603518 0.001237
vt 0.583364 0.169025
vt 0.384386 0.054537
vt 0.382289 0.419599
s 0
g Cube.008_Material
usemtl Material
f 223/448/348 224/449/348 222/450/348
f 223/448/349 228/451/349 224/449/349
f 225/452/350 226/453/350 224/454/350
f 227/455/351 221/456/351 226/457/351
f 229/458/352 222/450/352 227/455/352
f 229/458/353 228/459/353 222/450/353
f 225/452/354 229/458/354 226/453/354
f 229/460/355 225/461/355 228/459/355
f 228/459/356 223/448/356 222/450/356
f 221/462/357 222/450/357 224/449/357
f 228/463/358 225/464/358 224/454/358
f 221/465/359 224/454/359 226/453/359
f 221/456/360 227/455/360 222/450/360
f 227/466/361 226/453/361 229/458/361
o Cube.009
v 11.035421 1.631306 -10.415432
v 11.145852 1.725004 -10.312047
v 10.861395 1.689258 -10.476093
v 10.920186 1.755844 -10.636718
v 11.200364 1.968501 -10.371177
v 11.088085 1.937554 -10.207124
v 11.158580 1.811889 -10.583941
v 10.887792 1.731519 -10.266681
v 10.975256 1.829771 -10.172719
v 10.800369 1.952947 -10.335701
v 10.828303 1.911283 -10.536958
v 10.764112 1.760331 -10.389851
v 11.082329 2.062713 -10.471867
v 11.090907 1.902200 -10.647866
v 10.969241 2.076195 -10.381122
v 10.874119 2.064818 -10.545437
vn 0.5056 -0.2675 0.8202
vn 0.0516 -0.7668 0.6398
vn -0.7013 -0.0554 0.7107
vn -0.9561 0.2307 -0.1805
vn 0.0432 0.9946 -0.0939
vn -0.3546 0.3475 -0.8680
vn 0.8443 0.3388 -0.4152
vn -0.3102 0.5681 0.7622
vn -0.2819 0.6472 0.7083
vn 0.3831 0.8546 0.3505
vn 0.8286 -0.0501 0.5576
vn 0.9741 -0.2244 -0.0261
vn -0.8178 -0.2623 -0.5123
vn 0.2869 -0.4009 -0.8701
vn 0.3060 -0.7527 -0.5830
vn -0.1493 -0.8929 -0.4248
vn 0.7280 -0.6622 -0.1775
vn -0.3784 -0.8969 0.2287
vn 0.1447 -0.7481 0.6476
vn -0.4325 -0.8717 0.2304
vn -0.7116 -0.0628 0.6998
vn 0.2364 0.7236 -0.6484
vn -0.3864 0.0645 -0.9201
vn 0.7573 0.5005 -0.4195
vn -0.5265 0.8130 0.2485
vn 0.3705 0.8331 0.4107
vn -0.9441 0.2714 -0.1872
vt 0.875000 0.649805
vt 0.849233 0.683396
vt 0.832712 0.540342
vt 0.580473 0.024703
vt 0.534759 0.188184
vt 0.498710 0.020990
vt 0.437420 0.135101
vt 0.411456 0.342495
vt 0.213804 0.511922
vt 0.337875 0.601179
vt 0.185175 0.619999
vt 0.611440 0.548317
vt 0.438499 0.522151
vt 0.536413 0.434917
vt 0.517900 0.691047
vt 0.378975 0.759339
vt 0.724211 0.603714
vt 0.568883 0.768659
vt 0.609419 0.213408
vt 0.625000 0.382072
vt 0.588498 0.519208
vt 0.209844 0.718096
vt 0.479559 0.953620
vt 0.390901 0.953078
vt 0.565332 0.774863
vt 0.583031 0.973602
vt 0.389658 0.010551
vt 0.376620 0.114133
vt 0.125000 0.581137
vt 0.375000 0.421875
s 0
g Cube.009_Material
usemtl Material
f 238/467/362 231/468/362 235/469/362
f 231/470/363 238/471/363 230/472/363
f 237/473/364 238/471/364 239/474/364
f 239/475/365 240/476/365 241/477/365
f 242/478/366 245/479/366 244/480/366
f 243/481/367 233/482/367 240/476/367
f 234/483/368 236/484/368 243/481/368
f 235/485/369 239/474/369 238/471/369
f 235/485/370 244/480/370 239/474/370
f 244/480/371 234/486/371 242/487/371
f 234/483/372 235/469/372 231/468/372
f 234/483/373 231/468/373 236/484/373
f 232/488/374 241/477/374 240/476/374 233/482/374
f 233/482/375 243/481/375 236/484/375
f 236/484/376 230/489/376 233/482/376
f 230/489/377 232/490/377 233/482/377
f 236/491/378 231/492/378 230/489/378
f 230/472/379 237/473/379 232/493/379
f 237/473/380 230/472/380 238/471/380
f 232/493/381 237/473/381 241/494/381
f 239/475/382 241/477/382 237/495/382
f 245/479/383 242/478/383 243/481/383
f 245/479/384 243/481/384 240/476/384
f 242/478/385 234/483/385 243/481/385
f 239/474/386 244/480/386 245/479/386
f 235/485/387 234/486/387 244/480/387
f 240/496/388 239/474/388 245/479/388
o Cube.010
v 9.940390 1.962198 -9.601570
v 9.848564 1.982593 -9.467204
v 9.724004 1.859349 -9.368867
v 9.892820 1.804220 -9.634657
v 10.105271 1.941047 -9.547167
v 9.879923 1.840111 -9.295534
v 9.657100 1.808184 -9.518570
v 9.889912 1.671296 -9.458509
v 10.069094 1.806931 -9.621578
vn 0.7437 -0.4664 0.4790
vn 0.7638 -0.4243 0.4863
vn -0.3060 -0.8506 0.4275
vn -0.5145 -0.6111 0.6015
vn -0.2138 0.7321 0.6467
vn -0.7500 0.3441 -0.5648
vn 0.3333 0.3871 -0.8597
vn 0.0699 0.1843 -0.9804
vn 0.3022 0.7599 0.5755
vn -0.3471 0.5947 -0.7252
vn -0.6803 0.7309 0.0542
vn 0.0568 -0.7974 -0.6008
vn -0.2975 -0.7597 -0.5782
vn 0.1438 0.9882 -0.0517
vt 0.856741 0.527884
vt 0.792799 0.664448
vt 0.661337 0.518959
vt 0.570885 0.667835
vt 0.614877 0.834550
vt 0.495616 0.943630
vt 0.319826 0.718976
vt 0.602263 0.105449
vt 0.455701 0.107225
vt 0.553174 0.006579
vt 0.371255 0.573451
vt 0.135465 0.689951
vt 0.165587 0.530358
vt 0.553103 0.308270
vt 0.565029 0.471740
vt 0.392929 0.256090
vt 0.405598 0.560759
vt 0.171875 0.750000
s 0
g Cube.010_Material
usemtl Material
f 250/497/389 251/498/389 254/499/389
f 254/499/390 251/498/390 253/500/390
f 251/501/391 248/502/391 252/503/391
f 253/500/392 251/501/392 252/503/392
f 251/504/393 247/505/393 248/506/393
f 249/507/394 247/508/394 246/509/394
f 250/510/395 254/511/395 246/512/395
f 254/511/396 249/513/396 246/512/396
f 247/505/397 251/504/397 250/510/397
f 249/507/398 252/503/398 247/508/398
f 247/508/399 252/503/399 248/514/399
f 254/499/400 253/500/400 249/513/400
f 253/500/401 252/503/401 249/513/401
f 246/512/402 247/505/402 250/510/402
o Cube.011
v 12.498447 2.002349 -9.109398
v 12.415592 1.776064 -9.368512
v 12.607377 1.897521 -9.364398
v 12.420846 2.004470 -9.299659
v 12.333226 1.897967 -9.183227
v 12.485756 1.801443 -9.089506
v 12.659594 1.902643 -9.168343
v 12.421540 1.701537 -9.170053
v 12.571678 1.742661 -9.258750
vn 0.3823 -0.5793 -0.7199
vn -0.1623 0.2882 -0.9437
vn 0.4686 0.8646 -0.1815
vn -0.5947 0.7637 0.2511
vn -0.6088 -0.2226 0.7615
vn -0.4655 0.1163 0.8774
vn 0.3793 0.0674 0.9228
vn 0.5936 -0.6177 0.5159
vn 0.9019 -0.3653 -0.2307
vn 0.0478 -0.9346 -0.3524
vn 0.4899 -0.7159 0.4974
vn 0.4542 0.8792 -0.1439
vn -0.8553 0.1675 -0.4904
vn -0.9013 -0.4138 -0.1284
vt 0.534218 0.539052
vt 0.807613 0.537738
vt 0.651467 0.712344
vt 0.812212 0.722590
vt 0.440472 0.699464
vt 0.505279 0.954605
vt 0.394685 0.910428
vt 0.529494 0.041599
vt 0.440272 0.169217
vt 0.407900 0.015209
vt 0.224689 0.500632
vt 0.298939 0.554231
vt 0.143822 0.628706
vt 0.350796 0.501919
vt 0.236030 0.724989
vt 0.358556 0.714558
vt 0.602122 0.296489
vt 0.527241 0.521298
vt 0.452229 0.375318
s 0
g Cube.011_Material
usemtl Material
f 263/515/403 256/516/403 257/517/403
f 257/517/404 256/516/404 258/518/404
f 261/519/405 258/520/405 255/521/405
f 258/522/406 259/523/406 255/524/406
f 262/525/407 260/526/407 259/527/407
f 259/527/408 260/528/408 255/529/408
f 260/528/409 261/530/409 255/529/409
f 260/528/410 263/515/410 261/519/410
f 263/515/411 257/517/411 261/519/411
f 256/531/412 263/532/412 262/533/412
f 262/533/413 263/515/413 260/528/413
f 257/517/414 258/520/414 261/519/414
f 258/522/415 256/531/415 259/523/415
f 256/531/416 262/533/416 259/523/416
o Cube.006
v 11.116734 1.750742 -7.671830
v 11.174966 1.904593 -7.653701
v 11.173094 1.864858 -7.835013
v 11.071149 1.841519 -7.661255
v 11.114657 1.902160 -7.753025
v 11.055598 1.823792 -7.803543
v 11.162296 1.742234 -7.740578
v 11.226882 1.836402 -7.646397
v 11.245016 1.868600 -7.777880
vn -0.8759 -0.4576 0.1527
vn -0.8027 0.5962 0.0134
vn 0.0011 -0.6102 -0.7922
vn -0.1935 -0.0423 0.9802
vn -0.0015 -0.1165 0.9932
vn 0.8338 -0.5517 -0.0201
vn 0.4940 -0.7604 0.4215
vn 0.7568 0.6031 0.2521
vn 0.2182 0.9633 -0.1561
vn 0.1852 0.9375 -0.2945
vn -0.4023 0.6906 -0.6010
vn -0.5020 -0.8339 -0.2295
vn 0.5394 -0.5431 -0.6435
vn -0.5121 0.8081 0.2912
vt 0.423616 0.817668
vt 0.438163 0.985880
vt 0.399025 0.926987
vt 0.584080 0.909473
vt 0.477709 0.045024
vt 0.607265 0.122218
vt 0.441545 0.286085
vt 0.565477 0.549583
vt 0.592013 0.712367
vt 0.289400 0.584684
vt 0.400831 0.754486
vt 0.615924 0.357557
vt 0.551199 0.540629
vt 0.429879 0.509305
vt 0.769145 0.562221
vt 0.604783 0.677624
vt 0.780055 0.741830
vt 0.860509 0.631959
vt 0.567506 0.015179
vt 0.377433 0.096481
s 0
g Cube.006_Material
usemtl Material
f 267/534/417 269/535/417 264/536/417
f 268/537/418 269/535/418 267/534/418
f 269/538/419 266/539/419 270/540/419
f 271/541/420 265/542/420 264/543/420
f 265/542/421 267/544/421 264/543/421
f 270/540/422 272/545/422 271/546/422
f 271/546/423 264/547/423 270/540/423
f 271/541/424 272/548/424 265/549/424
f 265/549/425 272/548/425 268/550/425
f 272/548/426 266/551/426 268/550/426
f 268/552/427 266/539/427 269/538/427
f 264/553/428 269/538/428 270/540/428
f 270/540/429 266/539/429 272/545/429
f 265/542/430 268/537/430 267/534/430
o Cube.007
v 10.117257 1.730632 -9.835897
v 10.017248 1.858478 -9.965307
v 9.980938 1.681450 -9.791484
v 9.900257 1.802585 -9.722574
v 10.077527 1.817651 -9.691151
v 10.154382 1.880013 -9.840815
v 9.903236 1.883965 -9.863643
v 9.967194 1.746246 -9.930936
v 10.058249 1.961218 -9.839377
vn 0.4895 0.5908 -0.6414
vn 0.4479 -0.4384 -0.7792
vn -0.3062 0.7840 -0.5400
vn 0.1796 -0.8853 -0.4290
vn 0.4361 -0.7134 0.5486
vn -0.8594 -0.4908 -0.1434
vn -0.4550 0.7755 0.4377
vn 0.6760 -0.1914 -0.7116
vn 0.9024 -0.2119 0.3751
vn 0.5456 0.6363 0.5453
vn -0.1018 -0.5422 0.8340
vn -0.9220 -0.3266 -0.2079
vn -0.6564 0.0625 -0.7518
vn -0.1824 0.6943 0.6962
vt 0.862532 0.586626
vt 0.666025 0.612825
vt 0.793538 0.524739
vt 0.799625 0.742317
vt 0.596159 0.725728
vt 0.676667 0.500000
vt 0.533198 0.702151
vt 0.502729 0.907748
vt 0.315429 0.689365
vt 0.215046 0.717794
vt 0.139986 0.551629
vt 0.365533 0.517965
vt 0.592775 0.342442
vt 0.523296 0.508923
vt 0.395346 0.376049
vt 0.510142 0.020803
vt 0.592582 0.143625
vt 0.414253 0.208459
s 0
g Cube.007_Material
usemtl Material
f 278/554/431 274/555/431 281/556/431
f 274/555/432 273/557/432 280/558/432
f 281/556/433 274/555/433 279/559/433
f 280/560/434 273/561/434 275/562/434
f 275/562/435 273/563/435 277/564/435
f 276/565/436 280/560/436 275/562/436
f 281/566/437 279/567/437 276/568/437
f 278/554/438 273/557/438 274/555/438
f 273/569/439 278/570/439 277/571/439
f 277/571/440 278/570/440 281/566/440
f 277/564/441 276/565/441 275/562/441
f 276/565/442 279/567/442 280/560/442
f 279/567/443 274/555/443 280/560/443
f 277/571/444 281/566/444 276/568/444
o Cube.008
v 10.809445 1.801677 -10.535789
v 10.839457 1.803149 -10.396511
v 10.910019 1.863751 -10.313334
v 10.912974 1.946673 -10.433026
v 11.074704 1.874361 -10.391994
v 10.999222 1.848573 -10.534968
v 10.893078 1.732656 -10.524396
v 10.990852 1.831316 -10.271545
v 11.003055 1.751639 -10.384135
vn -0.8064 0.4953 0.3232
vn 0.0349 0.8211 0.5697
vn 0.4564 0.8019 -0.3856
vn 0.0344 -0.1220 -0.9919
vn -0.3049 -0.8823 0.3585
vn -0.2907 -0.7956 0.5315
vn 0.8039 -0.4909 -0.3359
vn 0.8023 -0.4428 0.4003
vn -0.5416 -0.3909 0.7442
vn -0.8563 0.4843 0.1794
vn 0.2547 0.8408 0.4778
vn -0.1556 0.6427 -0.7501
vn -0.6415 -0.7531 0.1462
vn 0.6487 -0.6326 -0.4230
vt 0.551771 0.821043
vt 0.490236 0.981936
vt 0.443965 0.755163
vt 0.609545 0.740303
vt 0.579499 0.265268
vt 0.447677 0.232718
vt 0.490446 0.016300
vt 0.320967 0.499695
vt 0.242238 0.673984
vt 0.142687 0.564850
vt 0.543218 0.480597
vt 0.654480 0.663904
vt 0.651690 0.523626
vt 0.809399 0.589510
vt 0.375000 0.930496
vt 0.603518 0.001237
vt 0.583364 0.169025
vt 0.384386 0.054537
vt 0.382289 0.419599
s 0
g Cube.008_Material
usemtl Material
f 284/572/445 285/573/445 283/574/445
f 284/572/446 289/575/446 285/573/446
f 286/576/447 287/577/447 285/578/447
f 288/579/448 282/580/448 287/581/448
f 290/582/449 283/574/449 288/579/449
f 290/582/450 289/583/450 283/574/450
f 286/576/451 290/582/451 287/577/451
f 290/584/452 286/585/452 289/583/452
f 289/583/453 284/572/453 283/574/453
f 282/586/454 283/574/454 285/573/454
f 289/587/455 286/588/455 285/578/455
f 282/589/456 285/578/456 287/577/456
f 282/580/457 288/579/457 283/574/457
f 288/590/458 287/577/458 290/582/458
o Cube.009
v 10.246500 1.639402 -10.206367
v 10.325215 1.685233 -10.330375
v 10.280312 1.681685 -10.048329
v 10.179573 1.804242 -10.043615
v 10.370944 1.900329 -10.358856
v 10.504929 1.795456 -10.322586
v 10.169432 1.860496 -10.252560
v 10.435728 1.634345 -10.139163
v 10.516616 1.683985 -10.241792
v 10.507215 1.815929 -10.050539
v 10.341654 1.868441 -10.005829
v 10.398958 1.686824 -10.000255
v 10.375743 1.994042 -10.233042
v 10.183218 1.944059 -10.179039
v 10.477852 1.951643 -10.172779
v 10.387100 1.994317 -10.042422
vn 0.3549 -0.5240 -0.7743
vn 0.1213 -0.9536 -0.2755
vn 0.7832 -0.4932 0.3787
vn 0.2947 0.1221 0.9478
vn 0.3959 0.9180 -0.0249
vn -0.4058 0.6413 0.6512
vn -0.4563 0.6290 -0.6294
vn 0.9955 0.0932 -0.0154
vn 0.9812 0.1919 -0.0227
vn 0.5680 0.6495 -0.5055
vn 0.1400 -0.1592 -0.9773
vn -0.4636 -0.0187 -0.8859
vn -0.2599 -0.1323 0.9565
vn -0.9924 0.0981 0.0746
vn -0.9403 -0.3372 -0.0451
vn -0.7263 -0.6092 0.3184
vn -0.7149 -0.3728 -0.5916
vn -0.1253 -0.9514 0.2814
vn 0.1048 -0.9251 -0.3648
vn -0.0931 -0.9393 0.3302
vn 0.7743 -0.4964 0.3925
vn -0.2478 0.9687 0.0134
vn -0.5750 0.4129 0.7063
vn -0.3511 0.7573 -0.5507
vn 0.7767 0.5059 0.3751
vn 0.6102 0.6010 -0.5163
vn 0.3050 0.1627 0.9384
vt 0.875000 0.649805
vt 0.849233 0.683396
vt 0.832712 0.540342
vt 0.580473 0.024703
vt 0.534759 0.188184
vt 0.498710 0.020990
vt 0.437420 0.135101
vt 0.411456 0.342495
vt 0.213804 0.511922
vt 0.337875 0.601179
vt 0.185175 0.619999
vt 0.611440 0.548317
vt 0.438499 0.522151
vt 0.536413 0.434917
vt 0.517900 0.691047
vt 0.378975 0.759339
vt 0.724211 0.603714
vt 0.568883 0.768659
vt 0.609419 0.213408
vt 0.625000 0.382072
vt 0.588498 0.519208
vt 0.209844 0.718096
vt 0.479559 0.953620
vt 0.390901 0.953078
vt 0.565332 0.774863
vt 0.583031 0.973602
vt 0.389658 0.010551
vt 0.376620 0.114133
vt 0.125000 0.581137
vt 0.375000 0.421875
s 0
g Cube.009_Material
usemtl Material
f 299/591/459 292/592/459 296/593/459
f 292/594/460 299/595/460 291/596/460
f 298/597/461 299/595/461 300/598/461
f 300/599/462 301/600/462 302/601/462
f 303/602/463 306/603/463 305/604/463
f 304/605/464 294/606/464 301/600/464
f 295/607/465 297/608/465 304/605/465
f 296/609/466 300/598/466 299/595/466
f 296/609/467 305/604/467 300/598/467
f 305/604/468 295/610/468 303/611/468
f 295/607/469 296/593/469 292/592/469
f 295/607/470 292/592/470 297/608/470
f 293/612/471 302/601/471 301/600/471 294/606/471
f 294/606/472 304/605/472 297/608/472
f 297/608/473 291/613/473 294/606/473
f 291/613/474 293/614/474 294/606/474
f 297/615/475 292/616/475 291/613/475
f 291/596/476 298/597/476 293/617/476
f 298/597/477 291/596/477 299/595/477
f 293/617/478 298/597/478 302/618/478
f 300/599/479 302/601/479 298/619/479
f 306/603/480 303/602/480 304/605/480
f 306/603/481 304/605/481 301/600/481
f 303/602/482 295/607/482 304/605/482
f 300/598/483 305/604/483 306/603/483
f 296/609/484 295/610/484 305/604/484
f 301/620/485 300/598/485 306/603/485
o Cube.010
v 11.747499 1.951868 -10.221284
v 11.736817 1.818207 -10.140462
v 11.752993 1.634385 -10.192758
v 11.772050 1.885273 -10.365371
v 11.897002 2.017419 -10.186257
v 11.904191 1.683324 -10.146587
v 11.660582 1.664243 -10.324863
v 11.913308 1.728992 -10.365880
v 11.899227 1.991783 -10.334459
vn 0.9997 0.0228 0.0111
vn 0.9976 0.0473 0.0513
vn 0.3972 -0.7955 -0.4576
vn 0.2145 -0.9579 -0.1906
vn -0.1947 -0.2842 0.9388
vn -0.9870 -0.0178 -0.1599
vn -0.3636 0.9170 -0.1641
vn -0.5158 0.7408 -0.4303
vn 0.1325 0.1197 0.9839
vn -0.8933 0.4494 -0.0059
vn -0.8219 -0.2216 0.5248
vn 0.1345 0.1247 -0.9830
vn -0.1304 -0.1147 -0.9848
vn -0.3987 0.4977 0.7703
vt 0.856741 0.527884
vt 0.792799 0.664448
vt 0.661337 0.518959
vt 0.570885 0.667835
vt 0.614877 0.834550
vt 0.495616 0.943630
vt 0.319826 0.718976
vt 0.602263 0.105449
vt 0.455701 0.107225
vt 0.553174 0.006579
vt 0.371255 0.573451
vt 0.135465 0.689951
vt 0.165587 0.530358
vt 0.553103 0.308270
vt 0.565029 0.471740
vt 0.392929 0.256090
vt 0.405598 0.560759
vt 0.171875 0.750000
s 0
g Cube.010_Material
usemtl Material
f 311/621/486 312/622/486 315/623/486
f 315/623/487 312/622/487 314/624/487
f 312/625/488 309/626/488 313/627/488
f 314/624/489 312/625/489 313/627/489
f 312/628/490 308/629/490 309/630/490
f 310/631/491 308/632/491 307/633/491
f 311/634/492 315/635/492 307/636/492
f 315/635/493 310/637/493 307/636/493
f 308/629/494 312/628/494 311/634/494
f 310/631/495 313/627/495 308/632/495
f 308/632/496 313/627/496 309/638/496
f 315/623/497 314/624/497 310/637/497
f 314/624/498 313/627/498 310/637/498
f 307/636/499 308/629/499 311/634/499
o Cube.011
v 10.363935 1.802292 -9.899028
v 10.140771 1.847467 -10.284780
v 10.359925 2.016451 -10.207160
v 10.175096 1.948463 -10.002177
v 10.138440 1.723168 -10.012301
v 10.366435 1.633979 -10.092000
v 10.522283 1.858636 -10.085746
v 10.253721 1.609628 -10.232364
v 10.379119 1.789947 -10.288931
vn 0.0667 0.3438 -0.9367
vn -0.5446 0.8086 -0.2228
vn 0.3289 0.7900 0.5174
vn -0.4583 0.0347 0.8881
vn -0.2345 -0.9085 0.3459
vn -0.0652 -0.7524 0.6554
vn 0.7241 -0.5151 0.4586
vn 0.7696 -0.5237 -0.3652
vn 0.7359 0.2842 -0.6146
vn -0.0770 -0.2493 -0.9654
vn 0.6703 -0.6022 -0.4338
vn 0.3309 0.7652 0.5522
vn -0.9855 0.1575 0.0634
vn -0.8627 -0.4573 -0.2160
vt 0.534218 0.539052
vt 0.807613 0.537738
vt 0.651467 0.712344
vt 0.812212 0.722590
vt 0.440472 0.699464
vt 0.505279 0.954605
vt 0.394685 0.910428
vt 0.529494 0.041599
vt 0.440272 0.169217
vt 0.407900 0.015209
vt 0.224689 0.500632
vt 0.298939 0.554231
vt 0.143822 0.628706
vt 0.350796 0.501919
vt 0.236030 0.724989
vt 0.358556 0.714558
vt 0.602122 0.296489
vt 0.527241 0.521298
vt 0.452229 0.375318
s 0
g Cube.011_Material
usemtl Material
f 324/639/500 317/640/500 318/641/500
f 318/641/501 317/640/501 319/642/501
f 322/643/502 319/644/502 316/645/502
f 319/646/503 320/647/503 316/648/503
f 323/649/504 321/650/504 320/651/504
f 320/651/505 321/652/505 316/653/505
f 321/652/506 322/654/506 316/653/506
f 321/652/507 324/639/507 322/643/507
f 324/639/508 318/641/508 322/643/508
f 317/655/509 324/656/509 323/657/509
f 323/657/510 324/639/510 321/652/510
f 318/641/511 319/644/511 322/643/511
f 319/646/512 317/655/512 320/647/512
f 317/655/513 323/657/513 320/647/513
o Cube.006
v 12.358209 1.643400 -9.733482
v 12.416904 1.826271 -9.846632
v 12.358514 1.894966 -9.613435
v 12.479931 1.700686 -9.762193
v 12.464492 1.846043 -9.698813
v 12.459874 1.759398 -9.578103
v 12.290729 1.705478 -9.669729
v 12.308703 1.785157 -9.851595
v 12.292386 1.909589 -9.717093
vn 0.4639 -0.8281 0.3147
vn 0.9939 0.0678 0.0867
vn -0.4480 -0.1035 0.8880
vn 0.2512 -0.5663 -0.7850
vn 0.0548 -0.5380 -0.8411
vn -0.9943 -0.0164 -0.1055
vn -0.7858 -0.5341 -0.3117
vn -0.2347 0.6992 -0.6753
vn 0.3585 0.9031 -0.2362
vn 0.3536 0.9306 -0.0943
vn 0.6497 0.6055 0.4595
vn -0.1014 -0.7643 0.6369
vn -0.8269 0.1335 0.5463
vn 0.9144 0.2394 -0.3264
vt 0.423616 0.817668
vt 0.438163 0.985880
vt 0.399025 0.926987
vt 0.584080 0.909473
vt 0.477709 0.045024
vt 0.607265 0.122218
vt 0.441545 0.286085
vt 0.565477 0.549583
vt 0.592013 0.712367
vt 0.289400 0.584684
vt 0.400831 0.754486
vt 0.615924 0.357557
vt 0.551199 0.540629
vt 0.429879 0.509305
vt 0.769145 0.562221
vt 0.604783 0.677624
vt 0.780055 0.741830
vt 0.860509 0.631959
vt 0.567506 0.015179
vt 0.377433 0.096481
s 0
g Cube.006_Material
usemtl Material
f 328/658/514 330/659/514 325/660/514
f 329/661/515 330/659/515 328/658/515
f 330/662/516 327/663/516 331/664/516
f 332/665/517 326/666/517 325/667/517
f 326/666/518 328/668/518 325/667/518
f 331/664/519 333/669/519 332/670/519
f 332/670/520 325/671/520 331/664/520
f 332/665/521 333/672/521 326/673/521
f 326/673/522 333/672/522 329/674/522
f 333/672/523 327/675/523 329/674/523
f 329/676/524 327/663/524 330/662/524
f 325/677/525 330/662/525 331/664/525
f 331/664/526 327/663/526 333/669/526
f 326/666/527 329/661/527 328/658/527
o Cube.007
v 12.385082 1.730066 -8.269450
v 12.294327 1.862815 -8.394463
v 12.259712 1.650290 -8.275454
v 12.141175 1.734117 -8.213110
v 12.294123 1.771346 -8.131600
v 12.386564 1.877674 -8.237163
v 12.158961 1.843633 -8.328143
v 12.265431 1.741010 -8.396626
v 12.278883 1.937032 -8.248514
vn 0.4795 0.8017 -0.3569
vn 0.7125 -0.1569 -0.6839
vn -0.3394 0.8234 -0.4547
vn 0.4786 -0.7136 -0.5117
vn 0.4433 -0.7353 0.5127
vn -0.6609 -0.5854 -0.4695
vn -0.7146 0.5585 0.4212
vn 0.8538 0.1031 -0.5104
vn 0.8083 -0.1335 0.5734
vn 0.2342 0.5748 0.7841
vn -0.1723 -0.7330 0.6581
vn -0.7424 -0.4242 -0.5186
vn -0.4506 0.1226 -0.8843
vn -0.5017 0.4675 0.7279
vt 0.862532 0.586626
vt 0.666025 0.612825
vt 0.793538 0.524739
vt 0.799625 0.742317
vt 0.596159 0.725728
vt 0.676667 0.500000
vt 0.533198 0.702151
vt 0.502729 0.907748
vt 0.315429 0.689365
vt 0.215046 0.717794
vt 0.139986 0.551629
vt 0.365533 0.517965
vt 0.592775 0.342442
vt 0.523296 0.508923
vt 0.395346 0.376049
vt 0.510142 0.020803
vt 0.592582 0.143625
vt 0.414253 0.208459
s 0
g Cube.007_Material
usemtl Material
f 339/678/528 335/679/528 342/680/528
f 335/679/529 334/681/529 341/682/529
f 342/680/530 335/679/530 340/683/530
f 341/684/531 334/685/531 336/686/531
f 336/686/532 334/687/532 338/688/532
f 337/689/533 341/684/533 336/686/533
f 342/690/534 340/691/534 337/692/534
f 339/678/535 334/681/535 335/679/535
f 334/693/536 339/694/536 338/695/536
f 338/695/537 339/694/537 342/690/537
f 338/688/538 337/689/538 336/686/538
f 337/689/539 340/691/539 341/684/539
f 340/691/540 335/679/540 341/684/540
f 338/695/541 342/690/541 337/692/541
o Cube.008
v 12.286025 1.643286 -8.218119
v 12.246684 1.817811 -8.164245
v 12.169011 1.899595 -8.045704
v 12.185125 1.720875 -7.980336
v 11.959402 1.785797 -8.021549
v 12.051858 1.617245 -8.117122
v 12.162073 1.674486 -8.282188
v 12.056904 1.957888 -8.054732
v 12.023539 1.839566 -8.188363
vn 0.8792 0.2316 0.4163
vn 0.1071 0.3500 0.9306
vn -0.3063 -0.5911 0.7462
vn -0.0503 -0.9327 -0.3570
vn 0.1432 0.5771 -0.8040
vn 0.1435 0.7229 -0.6759
vn -0.8759 -0.2448 -0.4157
vn -0.8697 0.4567 -0.1872
vn 0.4606 0.8425 -0.2795
vn 0.9272 0.0974 0.3617
vn -0.1053 0.2455 0.9637
vn 0.2700 -0.8757 0.4003
vn 0.4983 0.3563 -0.7904
vn -0.7477 -0.2871 -0.5988
vt 0.551771 0.821043
vt 0.490236 0.981936
vt 0.443965 0.755163
vt 0.609545 0.740303
vt 0.579499 0.265268
vt 0.447677 0.232718
vt 0.490446 0.016300
vt 0.320967 0.499695
vt 0.242238 0.673984
vt 0.142687 0.564850
vt 0.543218 0.480597
vt 0.654480 0.663904
vt 0.651690 0.523626
vt 0.809399 0.589510
vt 0.375000 0.930496
vt 0.603518 0.001237
vt 0.583364 0.169025
vt 0.384386 0.054537
vt 0.382289 0.419599
s 0
g Cube.008_Material
usemtl Material
f 345/696/542 346/697/542 344/698/542
f 345/696/543 350/699/543 346/697/543
f 347/700/544 348/701/544 346/702/544
f 349/703/545 343/704/545 348/705/545
f 351/706/546 344/698/546 349/703/546
f 351/706/547 350/707/547 344/698/547
f 347/700/548 351/706/548 348/701/548
f 351/708/549 347/709/549 350/707/549
f 350/707/550 345/696/550 344/698/550
f 343/710/551 344/698/551 346/697/551
f 350/711/552 347/712/552 346/702/552
f 343/713/553 346/702/553 348/701/553
f 343/704/554 349/703/554 344/698/554
f 349/714/555 348/701/555 351/706/555
o Cube.009
v 9.730971 1.697678 -8.859399
v 9.885620 1.662532 -8.865181
v 9.653311 1.824298 -8.946713
v 9.607333 1.730409 -9.072685
v 9.989399 1.638231 -9.067530
v 10.034265 1.781988 -8.969972
v 9.761250 1.568566 -9.066770
v 9.816998 1.885975 -8.867601
v 9.958977 1.866511 -8.883393
v 9.848338 1.967700 -9.070597
v 9.711276 1.865709 -9.141528
v 9.705024 1.944960 -8.961819
v 9.926079 1.711738 -9.197120
v 9.738908 1.614518 -9.170547
v 9.946108 1.837044 -9.169475
v 9.799409 1.851665 -9.253389
vn 0.6554 -0.1700 0.7359
vn 0.0531 0.0698 0.9961
vn 0.1675 0.9053 0.3903
vn -0.4184 0.8256 -0.3786
vn 0.5017 0.1091 -0.8581
vn -0.5791 0.0304 -0.8147
vn 0.2613 -0.8605 -0.4373
vn 0.7194 0.6927 -0.0507
vn 0.7372 0.6603 -0.1435
vn 0.8883 -0.0411 -0.4574
vn 0.7302 -0.5248 0.4375
vn 0.2831 -0.9243 0.2562
vn -0.8658 0.4752 -0.1566
vn -0.7138 -0.6843 -0.1493
vn -0.6959 -0.6508 0.3036
vn -0.8600 -0.2054 0.4670
vn -0.1738 -0.8472 0.5021
vn -0.4985 0.2637 0.8258
vn 0.1096 -0.0068 0.9939
vn -0.5070 0.3176 0.8013
vn 0.1512 0.9087 0.3892
vn 0.0428 -0.3392 -0.9397
vn -0.7863 -0.0151 -0.6176
vn 0.3095 -0.7542 -0.5791
vn 0.3955 0.7238 -0.5654
vn 0.9137 -0.0094 -0.4063
vn -0.3954 0.8197 -0.4145
vt 0.875000 0.649805
vt 0.849233 0.683396
vt 0.832712 0.540342
vt 0.580473 0.024703
vt 0.534759 0.188184
vt 0.498710 0.020990
vt 0.437420 0.135101
vt 0.411456 0.342495
vt 0.213804 0.511922
vt 0.337875 0.601179
vt 0.185175 0.619999
vt 0.611440 0.548317
vt 0.438499 0.522151
vt 0.536413 0.434917
vt 0.517900 0.691047
vt 0.378975 0.759339
vt 0.724211 0.603714
vt 0.568883 0.768659
vt 0.609419 0.213408
vt 0.625000 0.382072
vt 0.588498 0.519208
vt 0.209844 0.718096
vt 0.479559 0.953620
vt 0.390901 0.953078
vt 0.565332 0.774863
vt 0.583031 0.973602
vt 0.389658 0.010551
vt 0.376620 0.114133
vt 0.125000 0.581137
vt 0.375000 0.421875
s 0
g Cube.009_Material
usemtl Material
f 360/715/556 353/716/556 357/717/556
f 353/718/557 360/719/557 352/720/557
f 359/721/558 360/719/558 361/722/558
f 361/723/559 362/724/559 363/725/559
f 364/726/560 367/727/560 366/728/560
f 365/729/561 355/730/561 362/724/561
f 356/731/562 358/732/562 365/729/562
f 357/733/563 361/722/563 360/719/563
f 357/733/564 366/728/564 361/722/564
f 366/728/565 356/734/565 364/735/565
f 356/731/566 357/717/566 353/716/566
f 356/731/567 353/716/567 358/732/567
f 354/736/568 363/725/568 362/724/568 355/730/568
f 355/730/569 365/729/569 358/732/569
f 358/732/570 352/737/570 355/730/570
f 352/737/571 354/738/571 355/730/571
f 358/739/572 353/740/572 352/737/572
f 352/720/573 359/721/573 354/741/573
f 359/721/574 352/720/574 360/719/574
f 354/741/575 359/721/575 363/742/575
f 361/723/576 363/725/576 359/743/576
f 367/727/577 364/726/577 365/729/577
f 367/727/578 365/729/578 362/724/578
f 364/726/579 356/731/579 365/729/579
f 361/722/580 366/728/580 367/727/580
f 357/733/581 356/734/581 366/728/581
f 362/744/582 361/722/582 367/727/582
o Cube.010
v 10.561913 1.863857 -10.343174
v 10.518713 1.858010 -10.217577
v 10.416913 1.756126 -10.141530
v 10.489716 1.758119 -10.390189
v 10.694161 1.812766 -10.343285
v 10.545949 1.702963 -10.125027
v 10.329621 1.763079 -10.249775
v 10.493205 1.613700 -10.284685
v 10.627995 1.733943 -10.418944
vn 0.6999 -0.7039 0.1212
vn 0.7304 -0.6699 0.1333
vn -0.3961 -0.8798 0.2629
vn -0.5004 -0.6747 0.5425
vn 0.1076 0.5234 0.8453
vn -0.7529 0.6165 -0.2303
vn 0.2206 0.5727 -0.7895
vn -0.1025 0.4617 -0.8811
vn 0.5880 0.4882 0.6449
vn -0.3472 0.8358 -0.4254
vn -0.4630 0.7787 0.4234
vn -0.2617 -0.5735 -0.7763
vn -0.5840 -0.4880 -0.6487
vn 0.3555 0.9200 0.1651
vt 0.856741 0.527884
vt 0.792799 0.664448
vt 0.661337 0.518959
vt 0.570885 0.667835
vt 0.614877 0.834550
vt 0.495616 0.943630
vt 0.319826 0.718976
vt 0.602263 0.105449
vt 0.455701 0.107225
vt 0.553174 0.006579
vt 0.371255 0.573451
vt 0.135465 0.689951
vt 0.165587 0.530358
vt 0.553103 0.308270
vt 0.565029 0.471740
vt 0.392929 0.256090
vt 0.405598 0.560759
vt 0.171875 0.750000
s 0
g Cube.010_Material
usemtl Material
f 372/745/583 373/746/583 376/747/583
f 376/747/584 373/746/584 375/748/584
f 373/749/585 370/750/585 374/751/585
f 375/748/586 373/749/586 374/751/586
f 373/752/587 369/753/587 370/754/587
f 371/755/588 369/756/588 368/757/588
f 372/758/589 376/759/589 368/760/589
f 376/759/590 371/761/590 368/760/590
f 369/753/591 373/752/591 372/758/591
f 371/755/592 374/751/592 369/756/592
f 369/756/593 374/751/593 370/762/593
f 376/747/594 375/748/594 371/761/594
f 375/748/595 374/751/595 371/761/595
f 368/760/596 369/753/596 372/758/596
o Cube.011
v 12.003694 1.786617 -10.350794
v 12.073796 1.600106 -9.968433
v 12.274252 1.710476 -10.123911
v 12.082415 1.568094 -10.257288
v 11.885818 1.634350 -10.184301
v 11.926152 1.873549 -10.133574
v 12.169931 1.910125 -10.225957
v 11.905791 1.796211 -9.978081
v 12.120736 1.829746 -9.996327
vn 0.6237 -0.0326 0.7810
vn 0.5427 -0.8329 0.1085
vn 0.6417 -0.0945 -0.7611
vn -0.4431 -0.4828 -0.7553
vn -0.9837 0.1748 -0.0419
vn -0.8817 0.2354 -0.4089
vn -0.2952 0.8460 -0.4440
vn -0.0179 0.9449 0.3269
vn 0.7399 0.5696 0.3579
vn 0.0676 0.1067 0.9920
vn -0.1031 0.8959 0.4321
vn 0.6101 -0.0839 -0.7879
vn -0.2853 -0.9535 0.0972
vn -0.6709 -0.5503 0.4969
vt 0.534218 0.539052
vt 0.807613 0.537738
vt 0.651467 0.712344
vt 0.812212 0.722590
vt 0.440472 0.699464
vt 0.505279 0.954605
vt 0.394685 0.910428
vt 0.529494 0.041599
vt 0.440272 0.169217
vt 0.407900 0.015209
vt 0.224689 0.500632
vt 0.298939 0.554231
vt 0.143822 0.628706
vt 0.350796 0.501919
vt 0.236030 0.724989
vt 0.358556 0.714558
vt 0.602122 0.296489
vt 0.527241 0.521298
vt 0.452229 0.375318
s 0
g Cube.011_Material
usemtl Material
f 385/763/597 378/764/597 379/765/597
f 379/765/598 378/764/598 380/766/598
f 383/767/599 380/768/599 377/769/599
f 380/770/600 381/771/600 377/772/600
f 384/773/601 382/774/601 381/775/601
f 381/775/602 382/776/602 377/777/602
f 382/776/603 383/778/603 377/777/603
f 382/776/604 385/763/604 383/767/604
f 385/763/605 379/765/605 383/767/605
f 378/779/606 385/780/606 384/781/606
f 384/781/607 385/763/607 382/776/607
f 379/765/608 380/768/608 383/767/608
f 380/770/609 378/779/609 381/771/609
f 378/779/610 384/781/610 381/771/610
o Cube.006
v 12.149701 1.622342 -9.934409
v 12.284434 1.796469 -9.884869
v 12.179524 1.840435 -10.110982
v 12.131400 1.737810 -9.858740
v 12.161359 1.854161 -9.966355
v 12.036637 1.791396 -10.022527
v 12.168826 1.639897 -10.044447
v 12.327233 1.699072 -9.934256
v 12.296673 1.804285 -10.084852
vn -0.8500 -0.3763 0.3687
vn -0.5595 0.6358 0.5317
vn -0.4417 -0.2612 -0.8583
vn 0.1664 -0.3868 0.9070
vn 0.3238 -0.4822 0.8141
vn 0.5965 -0.5960 -0.5375
vn 0.3956 -0.9152 -0.0772
vn 0.9260 0.3708 0.0712
vn 0.3909 0.9185 0.0598
vn 0.3050 0.9509 -0.0519
vn -0.3958 0.9082 -0.1359
vn -0.7496 -0.6209 -0.2293
vn 0.1117 -0.3183 -0.9414
vn -0.1443 0.6917 0.7076
vt 0.423616 0.817668
vt 0.438163 0.985880
vt 0.399025 0.926987
vt 0.584080 0.909473
vt 0.477709 0.045024
vt 0.607265 0.122218
vt 0.441545 0.286085
vt 0.565477 0.549583
vt 0.592013 0.712367
vt 0.289400 0.584684
vt 0.400831 0.754486
vt 0.615924 0.357557
vt 0.551199 0.540629
vt 0.429879 0.509305
vt 0.769145 0.562221
vt 0.604783 0.677624
vt 0.780055 0.741830
vt 0.860509 0.631959
vt 0.567506 0.015179
vt 0.377433 0.096481
s 0
g Cube.006_Material
usemtl Material
f 389/782/611 391/783/611 386/784/611
f 390/785/612 391/783/612 389/782/612
f 391/786/613 388/787/613 392/788/613
f 393/789/614 387/790/614 386/791/614
f 387/790/615 389/792/615 386/791/615
f 392/788/616 394/793/616 393/794/616
f 393/794/617 386/795/617 392/788/617
f 393/789/618 394/796/618 387/797/618
f 387/797/619 394/796/619 390/798/619
f 394/796/620 388/799/620 390/798/620
f 390/800/621 388/787/621 391/786/621
f 386/801/622 391/786/622 392/788/622
f 392/788/623 388/787/623 394/793/623
f 387/790/624 390/785/624 389/782/624
o Cube.007
v 10.750725 1.849862 -10.294081
v 10.861541 1.702106 -10.426329
v 10.693054 1.718774 -10.210413
v 10.592955 1.620653 -10.317201
v 10.578162 1.812224 -10.363729
v 10.740624 1.862579 -10.461818
v 10.734804 1.589746 -10.420609
v 10.833367 1.673111 -10.292674
v 10.716829 1.745512 -10.530330
vn 0.6144 0.3017 -0.7290
vn 0.8708 0.4093 0.2724
vn 0.4042 -0.4951 -0.7691
vn 0.5503 0.2636 0.7923
vn -0.4071 0.6119 0.6781
vn 0.1074 -0.7802 0.6162
vn -0.5756 -0.5143 -0.6358
vn 0.7989 0.6014 -0.0025
vn -0.2460 0.9653 0.0880
vn -0.5558 0.5011 -0.6633
vn -0.7682 0.0945 0.6332
vn 0.1443 -0.8762 0.4598
vn 0.6626 -0.7486 -0.0227
vn -0.7910 -0.2014 -0.5777
vt 0.862532 0.586626
vt 0.666025 0.612825
vt 0.793538 0.524739
vt 0.799625 0.742317
vt 0.596159 0.725728
vt 0.676667 0.500000
vt 0.533198 0.702151
vt 0.502729 0.907748
vt 0.315429 0.689365
vt 0.215046 0.717794
vt 0.139986 0.551629
vt 0.365533 0.517965
vt 0.592775 0.342442
vt 0.523296 0.508923
vt 0.395346 0.376049
vt 0.510142 0.020803
vt 0.592582 0.143625
vt 0.414253 0.208459
s 0
g Cube.007_Material
usemtl Material
f 400/802/625 396/803/625 403/804/625
f 396/803/626 395/805/626 402/806/626
f 403/804/627 396/803/627 401/807/627
f 402/808/628 395/809/628 397/810/628
f 397/810/629 395/811/629 399/812/629
f 398/813/630 402/808/630 397/810/630
f 403/814/631 401/815/631 398/816/631
f 400/802/632 395/805/632 396/803/632
f 395/817/633 400/818/633 399/819/633
f 399/819/634 400/818/634 403/814/634
f 399/812/635 398/813/635 397/810/635
f 398/813/636 401/815/636 402/808/636
f 401/815/637 396/803/637 402/808/637
f 399/819/638 403/814/638 398/816/638
o Cube.008
v 11.490314 1.594680 -10.520371
v 11.522696 1.710322 -10.397158
v 11.457593 1.775289 -10.277803
v 11.355018 1.637802 -10.316605
v 11.256015 1.831230 -10.348311
v 11.279774 1.697624 -10.492086
v 11.452275 1.709980 -10.571306
v 11.415591 1.883951 -10.271724
v 11.397475 1.870999 -10.437445
vn 0.5427 -0.5771 0.6102
vn -0.1943 -0.1295 0.9724
vn -0.8800 -0.4116 0.2370
vn -0.3399 -0.4716 -0.8137
vn 0.7848 0.5318 -0.3184
vn 0.7976 0.5882 -0.1332
vn -0.5475 0.5660 -0.6164
vn -0.2950 0.9545 -0.0424
vn 0.8929 0.3279 0.3086
vn 0.5347 -0.6817 0.4993
vn -0.4147 -0.0635 0.9077
vn -0.4485 -0.8870 -0.1101
vn 0.9180 0.1388 -0.3715
vn -0.3895 0.5068 -0.7691
vt 0.551771 0.821043
vt 0.490236 0.981936
vt 0.443965 0.755163
vt 0.609545 0.740303
vt 0.579499 0.265268
vt 0.447677 0.232718
vt 0.490446 0.016300
vt 0.320967 0.499695
vt 0.242238 0.673984
vt 0.142687 0.564850
vt 0.543218 0.480597
vt 0.654480 0.663904
vt 0.651690 0.523626
vt 0.809399 0.589510
vt 0.375000 0.930496
vt 0.603518 0.001237
vt 0.583364 0.169025
vt 0.384386 0.054537
vt 0.382289 0.419599
s 0
g Cube.008_Material
usemtl Material
f 406/820/639 407/821/639 405/822/639
f 406/820/640 411/823/640 407/821/640
f 408/824/641 409/825/641 407/826/641
f 410/827/642 404/828/642 409/829/642
f 412/830/643 405/822/643 410/827/643
f 412/830/644 411/831/644 405/822/644
f 408/824/645 412/830/645 409/825/645
f 412/832/646 408/833/646 411/831/646
f 411/831/647 406/820/647 405/822/647
f 404/834/648 405/822/648 407/821/648
f 411/835/649 408/836/649 407/826/649
f 404/837/650 407/826/650 409/825/650
f 404/828/651 410/827/651 405/822/651
f 410/838/652 409/825/652 412/830/652
o Cube.009
v 11.970037 1.534811 -9.902907
v 12.134450 1.448986 -10.036740
v 11.897747 1.772281 -9.896382
v 11.720318 1.745934 -10.049625
v 12.134328 1.514948 -10.359674
v 12.322253 1.622496 -10.218291
v 11.820220 1.492775 -10.221704
v 12.173755 1.753025 -9.897079
v 12.325968 1.696995 -10.026939
v 12.144321 1.974546 -10.124147
v 11.882751 1.929946 -10.149927
v 12.018701 1.919285 -9.901718
v 12.026549 1.707593 -10.435184
v 11.761074 1.622465 -10.308155
v 12.135451 1.842881 -10.365397
v 11.919558 1.956686 -10.351077
vn 0.7680 -0.6017 0.2194
vn 0.4547 -0.3829 0.8041
vn 0.6384 0.5907 0.4935
vn -0.1798 0.9736 0.1403
vn 0.1328 0.3678 -0.9204
vn -0.7879 0.4981 -0.3621
vn -0.2794 -0.6175 -0.7353
vn 0.8503 0.4846 -0.2052
vn 0.8171 0.4929 -0.2991
vn 0.5539 -0.0164 -0.8325
vn 0.5797 -0.7983 -0.1633
vn -0.0187 -0.9796 -0.2001
vn -0.6045 0.6599 0.4461
vn -0.9193 -0.3913 0.0420
vn -0.7172 -0.5626 0.4112
vn -0.6211 -0.2098 0.7552
vn -0.2780 -0.9267 0.2528
vn 0.0006 -0.0273 0.9996
vn 0.4719 -0.4606 0.7518
vn 0.0048 0.0323 0.9995
vn 0.6256 0.5974 0.5017
vn -0.4559 0.1027 -0.8841
vn -0.9035 0.4143 -0.1102
vn -0.2526 -0.4723 -0.8445
vn 0.3924 0.8012 -0.4517
vn 0.6069 -0.0159 -0.7946
vn -0.1766 0.9794 0.0979
vt 0.875000 0.649805
vt 0.849233 0.683396
vt 0.832712 0.540342
vt 0.580473 0.024703
vt 0.534759 0.188184
vt 0.498710 0.020990
vt 0.437420 0.135101
vt 0.411456 0.342495
vt 0.213804 0.511922
vt 0.337875 0.601179
vt 0.185175 0.619999
vt 0.611440 0.548317
vt 0.438499 0.522151
vt 0.536413 0.434917
vt 0.517900 0.691047
vt 0.378975 0.759339
vt 0.724211 0.603714
vt 0.568883 0.768659
vt 0.609419 0.213408
vt 0.625000 0.382072
vt 0.588498 0.519208
vt 0.209844 0.718096
vt 0.479559 0.953620
vt 0.390901 0.953078
vt 0.565332 0.774863
vt 0.583031 0.973602
vt 0.389658 0.010551
vt 0.376620 0.114133
vt 0.125000 0.581137
vt 0.375000 0.421875
s 0
g Cube.009_Material
usemtl Material
f 421/839/653 414/840/653 418/841/653
f 414/842/654 421/843/654 413/844/654
f 420/845/655 421/843/655 422/846/655
f 422/847/656 423/848/656 424/849/656
f 425/850/657 428/851/657 427/852/657
f 426/853/658 416/854/658 423/848/658
f 417/855/659 419/856/659 426/853/659
f 418/857/660 422/846/660 421/843/660
f 418/857/661 427/852/661 422/846/661
f 427/852/662 417/858/662 425/859/662
f 417/855/663 418/841/663 414/840/663
f 417/855/664 414/840/664 419/856/664
f 415/860/665 424/849/665 423/848/665 416/854/665
f 416/854/666 426/853/666 419/856/666
f 419/856/667 413/861/667 416/854/667
f 413/861/668 415/862/668 416/854/668
f 419/863/669 414/864/669 413/861/669
f 413/844/670 420/845/670 415/865/670
f 420/845/671 413/844/671 421/843/671
f 415/865/672 420/845/672 424/866/672
f 422/847/673 424/849/673 420/867/673
f 428/851/674 425/850/674 426/853/674
f 428/851/675 426/853/675 423/848/675
f 425/850/676 417/855/676 426/853/676
f 422/846/677 427/852/677 428/851/677
f 418/857/678 417/858/678 427/852/678
f 423/868/679 422/846/679 428/851/679
o Cube.010
v 11.788931 1.609908 -10.385546
v 11.830563 1.733019 -10.333755
v 11.749519 1.882642 -10.313301
v 11.655755 1.650241 -10.420719
v 11.765308 1.519988 -10.268868
v 11.730646 1.807369 -10.187419
v 11.692480 1.869711 -10.447632
v 11.567118 1.749693 -10.287726
v 11.645944 1.530364 -10.329786
vn -0.4547 -0.2932 0.8410
vn -0.4141 -0.3127 0.8548
vn -0.7445 0.6162 0.2568
vn -0.4634 0.8440 0.2702
vn 0.8380 0.4037 0.3671
vn 0.3220 0.2725 -0.9067
vn 0.2204 -0.7937 -0.5670
vn 0.0267 -0.6055 -0.7954
vn 0.8073 -0.0688 0.5861
vn 0.5074 -0.1880 -0.8409
vn 0.7899 0.4800 -0.3816
vn -0.8809 -0.2382 -0.4090
vn -0.8079 0.0634 -0.5859
vn 0.9517 -0.3042 -0.0418
vt 0.856741 0.527884
vt 0.792799 0.664448
vt 0.661337 0.518959
vt 0.570885 0.667835
vt 0.614877 0.834550
vt 0.495616 0.943630
vt 0.319826 0.718976
vt 0.602263 0.105449
vt 0.455701 0.107225
vt 0.553174 0.006579
vt 0.371255 0.573451
vt 0.135465 0.689951
vt 0.165587 0.530358
vt 0.553103 0.308270
vt 0.565029 0.471740
vt 0.392929 0.256090
vt 0.405598 0.560759
vt 0.171875 0.750000
s 0
g Cube.010_Material
usemtl Material
f 433/869/680 434/870/680 437/871/680
f 437/871/681 434/870/681 436/872/681
f 434/873/682 431/874/682 435/875/682
f 436/872/683 434/873/683 435/875/683
f 434/876/684 430/877/684 431/878/684
f 432/879/685 430/880/685 429/881/685
f 433/882/686 437/883/686 429/884/686
f 437/883/687 432/885/687 429/884/687
f 430/877/688 434/876/688 433/882/688
f 432/879/689 435/875/689 430/880/689
f 430/880/690 435/875/690 431/886/690
f 437/871/691 436/872/691 432/885/691
f 436/872/692 435/875/692 432/885/692
f 429/884/693 430/877/693 433/882/693
o Cube.011
v 11.670521 1.791036 -10.155749
v 11.734079 1.570186 -10.431641
v 11.531337 1.673331 -10.395048
v 11.637886 1.592512 -10.210557
v 11.812691 1.646659 -10.218074
v 11.798003 1.829913 -10.311868
v 11.581056 1.859604 -10.322629
v 11.861627 1.742032 -10.408994
v 11.689913 1.758555 -10.466396
vn -0.2888 -0.2388 -0.9271
vn -0.4668 -0.8769 -0.1145
vn -0.8790 0.0129 0.4766
vn 0.1287 -0.2835 0.9503
vn 0.8983 0.2551 0.3577
vn 0.6674 0.3810 0.6399
vn 0.1123 0.9388 0.3255
vn 0.1419 0.8572 -0.4951
vn -0.5516 0.4260 -0.7171
vn 0.3065 -0.1027 -0.9463
vn 0.2599 0.7946 -0.5487
vn -0.8596 0.0311 0.5101
vn 0.2972 -0.9284 0.2231
vn 0.8054 -0.5864 -0.0865
vt 0.534218 0.539052
vt 0.807613 0.537738
vt 0.651467 0.712344
vt 0.812212 0.722590
vt 0.440472 0.699464
vt 0.505279 0.954605
vt 0.394685 0.910428
vt 0.529494 0.041599
vt 0.440272 0.169217
vt 0.407900 0.015209
vt 0.224689 0.500632
vt 0.298939 0.554231
vt 0.143822 0.628706
vt 0.350796 0.501919
vt 0.236030 0.724989
vt 0.358556 0.714558
vt 0.602122 0.296489
vt 0.527241 0.521298
vt 0.452229 0.375318
s 0
g Cube.011_Material
usemtl Material
f 446/887/694 439/888/694 440/889/694
f 440/889/695 439/888/695 441/890/695
f 444/891/696 441/892/696 438/893/696
f 441/894/697 442/895/697 438/896/697
f 445/897/698 443/898/698 442/899/698
f 442/899/699 443/900/699 438/901/699
f 443/900/700 444/902/700 438/901/700
f 443/900/701 446/887/701 444/891/701
f 446/887/702 440/889/702 444/891/702
f 439/903/703 446/904/703 445/905/703
f 445/905/704 446/887/704 443/900/704
f 440/889/705 441/892/705 444/891/705
f 441/894/706 439/903/706 442/895/706
f 439/903/707 445/905/707 442/895/707
o Cube.006
v 12.413359 1.657368 -9.155022
v 12.559282 1.670192 -9.240432
v 12.576164 1.770395 -9.079666
v 12.497902 1.596018 -9.161177
v 12.586242 1.670417 -9.124442
v 12.524017 1.660059 -9.030586
v 12.427091 1.734097 -9.121244
v 12.491438 1.723572 -9.258168
v 12.563687 1.801966 -9.167525
vn -0.4993 -0.7343 0.4599
vn 0.5490 -0.7886 0.2769
vn -0.3442 0.5126 0.7866
vn -0.3382 -0.6545 -0.6761
vn -0.4091 -0.4864 -0.7720
vn -0.5039 0.8103 -0.2991
vn -0.8421 0.3363 -0.4216
vn 0.5143 0.4019 -0.7576
vn 0.9698 0.0924 -0.2256
vn 0.9861 0.1396 -0.0899
vn 0.8312 -0.1553 0.5339
vn -0.7362 -0.1580 0.6581
vn -0.3143 0.8783 0.3602
vn 0.6733 -0.7229 -0.1551
vt 0.423616 0.817668
vt 0.438163 0.985880
vt 0.399025 0.926987
vt 0.584080 0.909473
vt 0.477709 0.045024
vt 0.607265 0.122218
vt 0.441545 0.286085
vt 0.565477 0.549583
vt 0.592013 0.712367
vt 0.289400 0.584684
vt 0.400831 0.754486
vt 0.615924 0.357557
vt 0.551199 0.540629
vt 0.429879 0.509305
vt 0.769145 0.562221
vt 0.604783 0.677624
vt 0.780055 0.741830
vt 0.860509 0.631959
vt 0.567506 0.015179
vt 0.377433 0.096481
s 0
g Cube.006_Material
usemtl Material
f 450/906/708 452/907/708 447/908/708
f 451/909/709 452/907/709 450/906/709
f 452/910/710 449/911/710 453/912/710
f 454/913/711 448/914/711 447/915/711
f 448/914/712 450/916/712 447/915/712
f 453/912/713 455/917/713 454/918/713
f 454/918/714 447/919/714 453/912/714
f 454/913/715 455/920/715 448/921/715
f 448/921/716 455/920/716 451/922/716
f 455/920/717 449/923/717 451/922/717
f 451/924/718 449/911/718 452/910/718
f 447/925/719 452/910/719 453/912/719
f 453/912/720 449/911/720 455/917/720
f 448/914/721 451/909/721 450/906/721
o Cube.007
v 10.133683 1.788425 -9.794788
v 10.196506 1.750263 -9.986995
v 10.144224 1.640579 -9.770158
v 10.040207 1.563729 -9.863733
v 9.975693 1.723519 -9.814964
v 10.057432 1.847167 -9.913283
v 10.118057 1.618494 -9.994164
v 10.231816 1.676696 -9.890342
v 10.032615 1.768786 -10.007112
vn 0.1638 0.7353 -0.6576
vn 0.8022 0.5786 0.1473
vn 0.1199 -0.0174 -0.9926
vn 0.7750 0.1572 0.6121
vn -0.1851 0.1486 0.9714
vn 0.5166 -0.8475 0.1218
vn -0.6796 -0.4371 -0.5892
vn 0.5817 0.8129 0.0287
vn -0.3697 0.7156 0.5926
vn -0.8757 0.4585 -0.1514
vn -0.4191 -0.4156 0.8072
vn 0.5002 -0.8635 -0.0640
vn 0.7211 -0.3985 -0.5668
vn -0.9058 -0.2648 -0.3307
vt 0.862532 0.586626
vt 0.666025 0.612825
vt 0.793538 0.524739
vt 0.799625 0.742317
vt 0.596159 0.725728
vt 0.676667 0.500000
vt 0.533198 0.702151
vt 0.502729 0.907748
vt 0.315429 0.689365
vt 0.215046 0.717794
vt 0.139986 0.551629
vt 0.365533 0.517965
vt 0.592775 0.342442
vt 0.523296 0.508923
vt 0.395346 0.376049
vt 0.510142 0.020803
vt 0.592582 0.143625
vt 0.414253 0.208459
s 0
g Cube.007_Material
usemtl Material
f 461/926/722 457/927/722 464/928/722
f 457/927/723 456/929/723 463/930/723
f 464/928/724 457/927/724 462/931/724
f 463/932/725 456/933/725 458/934/725
f 458/934/726 456/935/726 460/936/726
f 459/937/727 463/932/727 458/934/727
f 464/938/728 462/939/728 459/940/728
f 461/926/729 456/929/729 457/927/729
f 456/941/730 461/942/730 460/943/730
f 460/943/731 461/942/731 464/938/731
f 460/936/732 459/937/732 458/934/732
f 459/937/733 462/939/733 463/932/733
f 462/939/734 457/927/734 463/932/734
f 460/943/735 464/938/735 459/940/735
o Cube.008
v 12.509448 1.769065 -8.378976
v 12.405273 1.631252 -8.291441
v 12.268209 1.534407 -8.315945
v 12.309799 1.610633 -8.493843
v 12.095401 1.691378 -8.401055
v 12.262253 1.827645 -8.456859
v 12.407560 1.842497 -8.300297
v 12.150465 1.549205 -8.259736
v 12.199232 1.730172 -8.242506
vn 0.5890 -0.7835 -0.1980
vn -0.3137 -0.8440 -0.4350
vn -0.3717 0.0762 -0.9252
vn 0.3258 0.8638 -0.3843
vn 0.2481 0.0379 0.9680
vn 0.1658 -0.1377 0.9765
vn -0.5827 0.7906 0.1882
vn -0.8426 0.1787 0.5081
vn 0.2848 -0.5935 0.7528
vn 0.6868 -0.6808 -0.2546
vn -0.4885 -0.7030 -0.5169
vn 0.3416 0.2301 -0.9112
vn 0.6227 0.0260 0.7820
vn -0.3935 0.8750 0.2822
vt 0.551771 0.821043
vt 0.490236 0.981936
vt 0.443965 0.755163
vt 0.609545 0.740303
vt 0.579499 0.265268
vt 0.447677 0.232718
vt 0.490446 0.016300
vt 0.320967 0.499695
vt 0.242238 0.673984
vt 0.142687 0.564850
vt 0.543218 0.480597
vt 0.654480 0.663904
vt 0.651690 0.523626
vt 0.809399 0.589510
vt 0.375000 0.930496
vt 0.603518 0.001237
vt 0.583364 0.169025
vt 0.384386 0.054537
vt 0.382289 0.419599
s 0
g Cube.008_Material
usemtl Material
f 467/944/736 468/945/736 466/946/736
f 467/944/737 472/947/737 468/945/737
f 469/948/738 470/949/738 468/950/738
f 471/951/739 465/952/739 470/953/739
f 473/954/740 466/946/740 471/951/740
f 473/954/741 472/955/741 466/946/741
f 469/948/742 473/954/742 470/949/742
f 473/956/743 469/957/743 472/955/743
f 472/955/744 467/944/744 466/946/744
f 465/958/745 466/946/745 468/945/745
f 472/959/746 469/960/746 468/950/746
f 465/961/747 468/950/747 470/949/747
f 465/952/748 471/951/748 466/946/748
f 471/962/749 470/949/749 473/954/749
o Cube.009
v 10.049285 1.470862 -9.122264
v 10.130538 1.643608 -9.007297
v 9.815886 1.409150 -9.138241
v 9.776583 1.522826 -9.334133
v 10.000767 1.935119 -9.043615
v 9.963561 1.820455 -8.822358
v 9.994642 1.748038 -9.321412
v 9.882891 1.467183 -8.883647
v 9.934967 1.628615 -8.773128
v 9.622759 1.635849 -8.899240
v 9.612411 1.616630 -9.158081
v 9.698937 1.412176 -8.994206
v 9.785631 1.951265 -9.115240
v 9.844688 1.794957 -9.362604
v 9.693328 1.883482 -8.973309
v 9.551554 1.807929 -9.149185
vn 0.7649 0.0508 0.6421
vn 0.6244 -0.6146 0.4821
vn -0.3429 -0.4528 0.8230
vn -0.9362 -0.3457 0.0631
vn -0.5277 0.8472 0.0614
vn -0.7001 0.1013 -0.7068
vn 0.3820 0.7626 -0.5220
vn -0.3538 0.2816 0.8919
vn -0.3881 0.3639 0.8467
vn -0.0632 0.9159 0.3963
vn 0.8362 0.4167 0.3566
vn 0.8927 0.3644 -0.2651
vn -0.6468 -0.6693 -0.3656
vn 0.2163 -0.1550 -0.9639
vn 0.4974 -0.4394 -0.7480
vn 0.2512 -0.8145 -0.5230
vn 0.8927 -0.1334 -0.4305
vn 0.2427 -0.9577 0.1544
vn 0.6907 -0.5468 0.4732
vn 0.1862 -0.9674 0.1715
vn -0.3500 -0.4646 0.8134
vn -0.3732 0.7415 -0.5576
vn -0.5863 -0.1495 -0.7962
vn 0.2240 0.8471 -0.4818
vn -0.7945 0.3704 0.4813
vn -0.0458 0.8900 0.4536
vn -0.9504 -0.3052 0.0607
vt 0.875000 0.649805
vt 0.849233 0.683396
vt 0.832712 0.540342
vt 0.580473 0.024703
vt 0.534759 0.188184
vt 0.498710 0.020990
vt 0.437420 0.135101
vt 0.411456 0.342495
vt 0.213804 0.511922
vt 0.337875 0.601179
vt 0.185175 0.619999
vt 0.611440 0.548317
vt 0.438499 0.522151
vt 0.536413 0.434917
vt 0.517900 0.691047
vt 0.378975 0.759339
vt 0.724211 0.603714
vt 0.568883 0.768659
vt 0.609419 0.213408
vt 0.625000 0.382072
vt 0.588498 0.519208
vt 0.209844 0.718096
vt 0.479559 0.953620
vt 0.390901 0.953078
vt 0.565332 0.774863
vt 0.583031 0.973602
vt 0.389658 0.010551
vt 0.376620 0.114133
vt 0.125000 0.581137
vt 0.375000 0.421875
s 0
g Cube.009_Material
usemtl Material
f 482/963/750 475/964/750 479/965/750
f 475/966/751 482/967/751 474/968/751
f 481/969/752 482/967/752 483/970/752
f 483/971/753 484/972/753 485/973/753
f 486/974/754 489/975/754 488/976/754
f 487/977/755 477/978/755 484/972/755
f 478/979/756 480/980/756 487/977/756
f 479/981/757 483/970/757 482/967/757
f 479/981/758 488/976/758 483/970/758
f 488/976/759 478/982/759 486/983/759
f 478/979/760 479/965/760 475/964/760
f 478/979/761 475/964/761 480/980/761
f 476/984/762 485/973/762 484/972/762 477/978/762
f 477/978/763 487/977/763 480/980/763
f 480/980/764 474/985/764 477/978/764
f 474/985/765 476/986/765 477/978/765
f 480/987/766 475/988/766 474/985/766
f 474/968/767 481/969/767 476/989/767
f 481/969/768 474/968/768 482/967/768
f 476/989/769 481/969/769 485/990/769
f 483/971/770 485/973/770 481/991/770
f 489/975/771 486/974/771 487/977/771
f 489/975/772 487/977/772 484/972/772
f 486/974/773 478/979/773 487/977/773
f 483/970/774 488/976/774 489/975/774
f 479/981/775 478/982/775 488/976/775
f 484/992/776 483/970/776 489/975/776
o Cube.010
v 10.196272 1.658692 -8.389295
v 10.078395 1.741344 -8.392866
v 9.927231 1.736160 -8.302050
v 10.148191 1.563774 -8.286793
v 10.303518 1.737879 -8.313058
v 10.020864 1.827753 -8.224487
v 9.921211 1.586698 -8.321297
v 10.063416 1.647435 -8.133948
v 10.282719 1.623685 -8.237753
vn 0.3947 0.4546 0.7984
vn 0.4166 0.4845 0.7692
vn -0.5884 -0.0799 0.8046
vn -0.8079 0.1008 0.5806
vn -0.3385 0.7852 -0.5186
vn -0.3850 -0.5801 -0.7178
vn 0.7150 -0.4710 -0.5167
vn 0.4953 -0.7408 -0.4537
vn 0.1583 0.8994 -0.4075
vn 0.0830 -0.4868 -0.8696
vn -0.5139 0.1299 -0.8480
vn 0.1682 -0.8224 0.5434
vn -0.1529 -0.9001 0.4079
vn 0.3109 0.4062 -0.8593
vt 0.856741 0.527884
vt 0.792799 0.664448
vt 0.661337 0.518959
vt 0.570885 0.667835
vt 0.614877 0.834550
vt 0.495616 0.943630
vt 0.319826 0.718976
vt 0.602263 0.105449
vt 0.455701 0.107225
vt 0.553174 0.006579
vt 0.371255 0.573451
vt 0.135465 0.689951
vt 0.165587 0.530358
vt 0.553103 0.308270
vt 0.565029 0.471740
vt 0.392929 0.256090
vt 0.405598 0.560759
vt 0.171875 0.750000
s 0
g Cube.010_Material
usemtl Material
f 494/993/777 495/994/777 498/995/777
f 498/995/778 495/994/778 497/996/778
f 495/997/779 492/998/779 496/999/779
f 497/996/780 495/997/780 496/999/780
f 495/1000/781 491/1001/781 492/1002/781
f 493/1003/782 491/1004/782 490/1005/782
f 494/1006/783 498/1007/783 490/1008/783
f 498/1007/784 493/1009/784 490/1008/784
f 491/1001/785 495/1000/785 494/1006/785
f 493/1003/786 496/999/786 491/1004/786
f 491/1004/787 496/999/787 492/1010/787
f 498/995/788 497/996/788 493/1009/788
f 497/996/789 496/999/789 493/1009/789
f 490/1008/790 491/1001/790 494/1006/790
o Cube.011
v 11.220805 1.638218 -7.734075
v 11.611206 1.594883 -7.774707
v 11.444370 1.540473 -7.957487
v 11.379679 1.473096 -7.724948
v 11.413560 1.629930 -7.603179
v 11.370942 1.806735 -7.738982
v 11.284614 1.699721 -7.937043
v 11.529316 1.808848 -7.715313
v 11.505957 1.736095 -7.900082
vn 0.7437 -0.0383 -0.6674
vn 0.4383 -0.8886 -0.1355
vn -0.6493 -0.6468 -0.4001
vn -0.5138 -0.4541 0.7279
vn -0.1275 0.5847 0.8012
vn -0.4867 0.4553 0.7455
vn -0.7467 0.6643 -0.0335
vn -0.0712 0.8902 -0.4500
vn 0.1205 0.2444 -0.9622
vn 0.8714 0.4088 -0.2711
vn 0.0430 0.9277 -0.3707
vn -0.6787 -0.6331 -0.3722
vn 0.4581 -0.6048 0.6514
vn 0.6592 0.0439 0.7506
vt 0.534218 0.539052
vt 0.807613 0.537738
vt 0.651467 0.712344
vt 0.812212 0.722590
vt 0.440472 0.699464
vt 0.505279 0.954605
vt 0.394685 0.910428
vt 0.529494 0.041599
vt 0.440272 0.169217
vt 0.407900 0.015209
vt 0.224689 0.500632
vt 0.298939 0.554231
vt 0.143822 0.628706
vt 0.350796 0.501919
vt 0.236030 0.724989
vt 0.358556 0.714558
vt 0.602122 0.296489
vt 0.527241 0.521298
vt 0.452229 0.375318
s 0
g Cube.011_Material
usemtl Material
f 507/1011/791 500/1012/791 501/1013/791
f 501/1013/792 500/1012/792 502/1014/792
f 505/1015/793 502/1016/793 499/1017/793
f 502/1018/794 503/1019/794 499/1020/794
f 506/1021/795 504/1022/795 503/1023/795
f 503/1023/796 504/1024/796 499/1025/796
f 504/1024/797 505/1026/797 499/1025/797
f 504/1024/798 507/1011/798 505/1015/798
f 507/1011/799 501/1013/799 505/1015/799
f 500/1027/800 507/1028/800 506/1029/800
f 506/1029/801 507/1011/801 504/1024/801
f 501/1013/802 502/1016/802 505/1015/802
f 502/1018/803 500/1027/803 503/1019/803
f 500/1027/804 506/1029/804 503/1019/804
o Cube.006
v 9.853601 1.564618 -8.630602
v 9.975529 1.658952 -8.463706
v 10.053556 1.759061 -8.684674
v 9.829577 1.672195 -8.543958
v 9.954803 1.770538 -8.575851
v 9.879284 1.772632 -8.707192
v 9.941395 1.578791 -8.701646
v 10.006716 1.555200 -8.510682
v 10.111139 1.672956 -8.612583
vn -0.9589 0.0141 -0.2833
vn -0.5337 0.7831 0.3193
vn 0.1291 0.0130 -0.9915
vn -0.5604 -0.4755 0.6782
vn -0.4191 -0.6244 0.6591
vn 0.5764 -0.7634 -0.2915
vn 0.0476 -0.9892 -0.1385
vn 0.7406 -0.0794 0.6672
vn 0.5322 0.6473 0.5457
vn 0.5493 0.7210 0.4224
vn 0.0816 0.9962 -0.0310
vn -0.5937 -0.2125 -0.7761
vn 0.5623 -0.2765 -0.7794
vn -0.3250 0.6397 0.6966
vt 0.423616 0.817668
vt 0.438163 0.985880
vt 0.399025 0.926987
vt 0.584080 0.909473
vt 0.477709 0.045024
vt 0.607265 0.122218
vt 0.441545 0.286085
vt 0.565477 0.549583
vt 0.592013 0.712367
vt 0.289400 0.584684
vt 0.400831 0.754486
vt 0.615924 0.357557
vt 0.551199 0.540629
vt 0.429879 0.509305
vt 0.769145 0.562221
vt 0.604783 0.677624
vt 0.780055 0.741830
vt 0.860509 0.631959
vt 0.567506 0.015179
vt 0.377433 0.096481
s 0
g Cube.006_Material
usemtl Material
f 511/1030/805 513/1031/805 508/1032/805
f 512/1033/806 513/1031/806 511/1030/806
f 513/1034/807 510/1035/807 514/1036/807
f 515/1037/808 509/1038/808 508/1039/808
f 509/1038/809 511/1040/809 508/1039/809
f 514/1036/810 516/1041/810 515/1042/810
f 515/1042/811 508/1043/811 514/1036/811
f 515/1037/812 516/1044/812 509/1045/812
f 509/1045/813 516/1044/813 512/1046/813
f 516/1044/814 510/1047/814 512/1046/814
f 512/1048/815 510/1035/815 513/1034/815
f 508/1049/816 513/1034/816 514/1036/816
f 514/1036/817 510/1035/817 516/1041/817
f 509/1038/818 512/1033/818 511/1030/818
o Cube.007
v 10.331444 1.597008 -8.199262
v 10.448645 1.731537 -8.104154
v 10.215685 1.669684 -8.143475
v 10.218512 1.659795 -7.986970
v 10.284403 1.513836 -8.059887
v 10.446258 1.550258 -8.114817
v 10.356267 1.738464 -7.985114
v 10.334729 1.761543 -8.143770
v 10.457063 1.602523 -8.004473
vn 0.9956 -0.0076 -0.0939
vn 0.3814 0.2886 -0.8782
vn 0.7159 0.4555 0.5291
vn -0.2448 0.3142 -0.9172
vn -0.6181 -0.5654 -0.5461
vn -0.6097 0.7903 0.0609
vn 0.0473 -0.1063 0.9932
vn 0.6023 0.0390 -0.7973
vn 0.0219 -0.8617 -0.5069
vn 0.3237 -0.8670 0.3789
vn -0.9131 -0.4076 -0.0093
vn -0.4888 0.8514 0.1902
vn 0.2166 0.9698 0.1117
vn -0.0462 -0.4631 0.8851
vt 0.862532 0.586626
vt 0.666025 0.612825
vt 0.793538 0.524739
vt 0.799625 0.742317
vt 0.596159 0.725728
vt 0.676667 0.500000
vt 0.533198 0.702151
vt 0.502729 0.907748
vt 0.315429 0.689365
vt 0.215046 0.717794
vt 0.139986 0.551629
vt 0.365533 0.517965
vt 0.592775 0.342442
vt 0.523296 0.508923
vt 0.395346 0.376049
vt 0.510142 0.020803
vt 0.592582 0.143625
vt 0.414253 0.208459
s 0
g Cube.007_Material
usemtl Material
f 522/1050/819 518/1051/819 525/1052/819
f 518/1051/820 517/1053/820 524/1054/820
f 525/1052/821 518/1051/821 523/1055/821
f 524/1056/822 517/1057/822 519/1058/822
f 519/1058/823 517/1059/823 521/1060/823
f 520/1061/824 524/1056/824 519/1058/824
f 525/1062/825 523/1063/825 520/1064/825
f 522/1050/826 517/1053/826 518/1051/826
f 517/1065/827 522/1066/827 521/1067/827
f 521/1067/828 522/1066/828 525/1062/828
f 521/1060/829 520/1061/829 519/1058/829
f 520/1061/830 523/1063/830 524/1056/830
f 523/1063/831 518/1051/831 524/1056/831
f 521/1067/832 525/1062/832 520/1064/832
o Cube.008
v 9.702893 1.652992 -9.361187
v 9.835475 1.554373 -9.432912
v 9.976751 1.494333 -9.396547
v 9.903853 1.546010 -9.235557
v 10.089240 1.668542 -9.294491
v 9.904087 1.754134 -9.259349
v 9.787214 1.744611 -9.420323
v 10.085458 1.535143 -9.434412
v 10.004727 1.689484 -9.451955
vn -0.4116 -0.9054 0.1042
vn 0.4470 -0.7728 0.4505
vn 0.2343 0.1102 0.9659
vn -0.5583 0.7469 0.3611
vn -0.1361 0.0310 -0.9902
vn -0.0152 -0.1208 -0.9926
vn 0.4028 0.9103 -0.0951
vn 0.8319 0.3903 -0.3946
vn -0.0511 -0.6027 -0.7964
vn -0.5363 -0.8305 0.1506
vn 0.5739 -0.6004 0.5569
vn -0.4888 0.0996 0.8667
vn -0.5169 -0.0747 -0.8528
vn 0.2114 0.9546 -0.2100
vt 0.551771 0.821043
vt 0.490236 0.981936
vt 0.443965 0.755163
vt 0.609545 0.740303
vt 0.579499 0.265268
vt 0.447677 0.232718
vt 0.490446 0.016300
vt 0.320967 0.499695
vt 0.242238 0.673984
vt 0.142687 0.564850
vt 0.543218 0.480597
vt 0.654480 0.663904
vt 0.651690 0.523626
vt 0.809399 0.589510
vt 0.375000 0.930496
vt 0.603518 0.001237
vt 0.583364 0.169025
vt 0.384386 0.054537
vt 0.382289 0.419599
s 0
g Cube.008_Material
usemtl Material
f 528/1068/833 529/1069/833 527/1070/833
f 528/1068/834 533/1071/834 529/1069/834
f 530/1072/835 531/1073/835 529/1074/835
f 532/1075/836 526/1076/836 531/1077/836
f 534/1078/837 527/1070/837 532/1075/837
f 534/1078/838 533/1079/838 527/1070/838
f 530/1072/839 534/1078/839 531/1073/839
f 534/1080/840 530/1081/840 533/1079/840
f 533/1079/841 528/1068/841 527/1070/841
f 526/1082/842 527/1070/842 529/1069/842
f 533/1083/843 530/1084/843 529/1074/843
f 526/1085/844 529/1074/844 531/1073/844
f 526/1076/845 532/1075/845 527/1070/845
f 532/1086/846 531/1073/846 534/1078/846
o Cube.009
v 10.139320 1.494600 -10.025659
v 10.260083 1.515772 -9.841506
v 10.164940 1.624885 -10.225817
v 10.302117 1.476030 -10.331186
v 10.578300 1.521956 -9.860167
v 10.464456 1.735271 -9.796085
v 10.433387 1.329717 -10.089583
v 10.171467 1.781120 -10.008620
v 10.292331 1.817117 -9.852123
v 10.419464 1.895730 -10.151206
v 10.429526 1.698150 -10.316619
v 10.194942 1.806640 -10.225822
v 10.674800 1.586774 -10.053596
v 10.532823 1.376992 -10.207402
v 10.630920 1.762291 -10.060476
v 10.626830 1.714262 -10.291989
vn -0.2814 0.0638 0.9575
vn -0.8370 0.1085 0.5364
vn -0.3794 0.9217 0.0810
vn 0.0001 0.6419 -0.7668
vn 0.9686 0.2395 -0.0668
vn 0.4064 -0.1743 -0.8969
vn 0.6260 -0.7454 0.2292
vn 0.3023 0.8825 0.3604
vn 0.3952 0.8549 0.3362
vn 0.8382 0.2290 0.4949
vn 0.0616 -0.2569 0.9645
vn 0.0517 -0.7813 0.6220
vn -0.3625 0.1743 -0.9156
vn -0.1293 -0.8778 -0.4613
vn -0.5132 -0.8288 -0.2231
vn -0.7976 -0.4537 -0.3974
vn -0.3965 -0.8457 0.3572
vn -0.9920 0.1144 -0.0525
vn -0.7962 0.0535 0.6026
vn -0.9829 0.1622 -0.0872
vn -0.3870 0.9197 0.0662
vn 0.8743 -0.3324 -0.3537
vn 0.1413 -0.2777 -0.9502
vn 0.7563 -0.6330 0.1652
vn 0.5781 0.7968 -0.1755
vn 0.8026 0.2683 0.5328
vn 0.0430 0.6426 -0.7650
vt 0.875000 0.649805
vt 0.849233 0.683396
vt 0.832712 0.540342
vt 0.580473 0.024703
vt 0.534759 0.188184
vt 0.498710 0.020990
vt 0.437420 0.135101
vt 0.411456 0.342495
vt 0.213804 0.511922
vt 0.337875 0.601179
vt 0.185175 0.619999
vt 0.611440 0.548317
vt 0.438499 0.522151
vt 0.536413 0.434917
vt 0.517900 0.691047
vt 0.378975 0.759339
vt 0.724211 0.603714
vt 0.568883 0.768659
vt 0.609419 0.213408
vt 0.625000 0.382072
vt 0.588498 0.519208
vt 0.209844 0.718096
vt 0.479559 0.953620
vt 0.390901 0.953078
vt 0.565332 0.774863
vt 0.583031 0.973602
vt 0.389658 0.010551
vt 0.376620 0.114133
vt 0.125000 0.581137
vt 0.375000 0.421875
s 0
g Cube.009_Material
usemtl Material
f 543/1087/847 536/1088/847 540/1089/847
f 536/1090/848 543/1091/848 535/1092/848
f 542/1093/849 543/1091/849 544/1094/849
f 544/1095/850 545/1096/850 546/1097/850
f 547/1098/851 550/1099/851 549/1100/851
f 548/1101/852 538/1102/852 545/1096/852
f 539/1103/853 541/1104/853 548/1101/853
f 540/1105/854 544/1094/854 543/1091/854
f 540/1105/855 549/1100/855 544/1094/855
f 549/1100/856 539/1106/856 547/1107/856
f 539/1103/857 540/1089/857 536/1088/857
f 539/1103/858 536/1088/858 541/1104/858
f 537/1108/859 546/1097/859 545/1096/859 538/1102/859
f 538/1102/860 548/1101/860 541/1104/860
f 541/1104/861 535/1109/861 538/1102/861
f 535/1109/862 537/1110/862 538/1102/862
f 541/1111/863 536/1112/863 535/1109/863
f 535/1092/864 542/1093/864 537/1113/864
f 542/1093/865 535/1092/865 543/1091/865
f 537/1113/866 542/1093/866 546/1114/866
f 544/1095/867 546/1097/867 542/1115/867
f 550/1099/868 547/1098/868 548/1101/868
f 550/1099/869 548/1101/869 545/1096/869
f 547/1098/870 539/1103/870 548/1101/870
f 544/1094/871 549/1100/871 550/1099/871
f 540/1105/872 539/1106/872 549/1100/872
f 545/1116/873 544/1094/873 550/1099/873
o Cube.010
v 11.637490 1.514638 -10.200343
v 11.599899 1.635138 -10.184664
v 11.678161 1.765706 -10.151371
v 11.764067 1.534430 -10.175543
v 11.637443 1.490764 -10.333868
v 11.673402 1.757436 -10.285484
v 11.747208 1.700183 -10.058187
v 11.830716 1.671323 -10.253709
v 11.753517 1.475446 -10.298846
vn 0.3021 0.1306 -0.9443
vn 0.2587 0.1189 -0.9586
vn 0.7334 0.6765 -0.0677
vn 0.4681 0.8809 0.0699
vn -0.8576 0.5144 -0.0013
vn -0.1625 -0.1770 0.9707
vn -0.1800 -0.9683 0.1732
vn 0.0575 -0.9025 0.4268
vn -0.8899 0.1948 -0.4124
vn -0.3839 -0.5593 0.7347
vn -0.6913 0.2406 0.6814
vn 0.9165 -0.3857 0.1061
vn 0.8902 -0.1995 0.4096
vn -0.9512 -0.3038 0.0547
vt 0.856741 0.527884
vt 0.792799 0.664448
vt 0.661337 0.518959
vt 0.570885 0.667835
vt 0.614877 0.834550
vt 0.495616 0.943630
vt 0.319826 0.718976
vt 0.602263 0.105449
vt 0.455701 0.107225
vt 0.553174 0.006579
vt 0.371255 0.573451
vt 0.135465 0.689951
vt 0.165587 0.530358
vt 0.553103 0.308270
vt 0.565029 0.471740
vt 0.392929 0.256090
vt 0.405598 0.560759
vt 0.171875 0.750000
s 0
g Cube.010_Material
usemtl Material
f 555/1117/874 556/1118/874 559/1119/874
f 559/1119/875 556/1118/875 558/1120/875
f 556/1121/876 553/1122/876 557/1123/876
f 558/1120/877 556/1121/877 557/1123/877
f 556/1124/878 552/1125/878 553/1126/878
f 554/1127/879 552/1128/879 551/1129/879
f 555/1130/880 559/1131/880 551/1132/880
f 559/1131/881 554/1133/881 551/1132/881
f 552/1125/882 556/1124/882 555/1130/882
f 554/1127/883 557/1123/883 552/1128/883
f 552/1128/884 557/1123/884 553/1134/884
f 559/1119/885 558/1120/885 554/1133/885
f 558/1120/886 557/1123/886 554/1133/886
f 551/1132/887 552/1125/887 555/1130/887
o Cube.011
v 11.690902 1.814184 -7.868482
v 11.580546 1.434401 -7.895352
v 11.432030 1.629245 -7.963713
v 11.565354 1.659899 -7.752610
v 11.755759 1.603311 -7.790386
v 11.781143 1.661254 -8.009274
v 11.575380 1.780068 -8.055342
v 11.779045 1.500515 -8.007917
v 11.597817 1.553882 -8.075688
vn -0.6100 -0.6324 -0.4774
vn -0.7530 -0.3874 0.5318
vn -0.6410 0.7204 0.2647
vn 0.2932 0.4100 0.8637
vn 0.9936 -0.0120 0.1120
vn 0.9133 0.3549 0.1999
vn 0.5196 0.7241 -0.4535
vn 0.2790 0.1135 -0.9536
vn -0.5533 0.0200 -0.8327
vn -0.0375 -0.8314 -0.5544
vn 0.3470 -0.0124 -0.9378
vn -0.6076 0.7449 0.2756
vn 0.0089 -0.5344 0.8452
vn 0.4905 -0.7665 0.4147
vt 0.534218 0.539052
vt 0.807613 0.537738
vt 0.651467 0.712344
vt 0.812212 0.722590
vt 0.440472 0.699464
vt 0.505279 0.954605
vt 0.394685 0.910428
vt 0.529494 0.041599
vt 0.440272 0.169217
vt 0.407900 0.015209
vt 0.224689 0.500632
vt 0.298939 0.554231
vt 0.143822 0.628706
vt 0.350796 0.501919
vt 0.236030 0.724989
vt 0.358556 0.714558
vt 0.602122 0.296489
vt 0.527241 0.521298
vt 0.452229 0.375318
s 0
g Cube.011_Material
usemtl Material
f 568/1135/888 561/1136/888 562/1137/888
f 562/1137/889 561/1136/889 563/1138/889
f 566/1139/890 563/1140/890 560/1141/890
f 563/1142/891 564/1143/891 560/1144/891
f 567/1145/892 565/1146/892 564/1147/892
f 564/1147/893 565/1148/893 560/1149/893
f 565/1148/894 566/1150/894 560/1149/894
f 565/1148/895 568/1135/895 566/1139/895
f 568/1135/896 562/1137/896 566/1139/896
f 561/1151/897 568/1152/897 567/1153/897
f 567/1153/898 568/1135/898 565/1148/898
f 562/1137/899 563/1140/899 566/1139/899
f 563/1142/900 561/1151/900 564/1143/900
f 561/1151/901 567/1153/901 564/1143/901
o Cube.006
v 10.172968 1.618627 -8.429413
v 10.101941 1.589102 -8.260197
v 10.309764 1.582553 -8.244995
v 10.136135 1.689176 -8.346810
v 10.213434 1.655095 -8.244276
v 10.295910 1.702557 -8.323722
v 10.246864 1.566700 -8.406725
v 10.112088 1.516630 -8.323267
v 10.242598 1.504149 -8.243634
vn 0.0286 0.7663 -0.6418
vn -0.1340 0.9058 0.4021
vn 0.9290 -0.1219 -0.3494
vn -0.9179 0.1795 -0.3539
vn -0.9203 -0.0234 -0.3904
vn 0.1263 -0.9273 -0.3523
vn -0.2208 -0.6369 -0.7386
vn -0.4506 -0.6211 0.6412
vn -0.1293 -0.0208 0.9914
vn 0.0125 0.0067 0.9999
vn 0.4072 0.5334 0.7414
vn 0.4789 0.3253 -0.8154
vn 0.7381 -0.6362 -0.2247
vn -0.4751 0.6630 0.5785
vt 0.423616 0.817668
vt 0.438163 0.985880
vt 0.399025 0.926987
vt 0.584080 0.909473
vt 0.477709 0.045024
vt 0.607265 0.122218
vt 0.441545 0.286085
vt 0.565477 0.549583
vt 0.592013 0.712367
vt 0.289400 0.584684
vt 0.400831 0.754486
vt 0.615924 0.357557
vt 0.551199 0.540629
vt 0.429879 0.509305
vt 0.769145 0.562221
vt 0.604783 0.677624
vt 0.780055 0.741830
vt 0.860509 0.631959
vt 0.567506 0.015179
vt 0.377433 0.096481
s 0
g Cube.006_Material
usemtl Material
f 572/1154/902 574/1155/902 569/1156/902
f 573/1157/903 574/1155/903 572/1154/903
f 574/1158/904 571/1159/904 575/1160/904
f 576/1161/905 570/1162/905 569/1163/905
f 570/1162/906 572/1164/906 569/1163/906
f 575/1160/907 577/1165/907 576/1166/907
f 576/1166/908 569/1167/908 575/1160/908
f 576/1161/909 577/1168/909 570/1169/909
f 570/1169/910 577/1168/910 573/1170/910
f 577/1168/911 571/1171/911 573/1170/911
f 573/1172/912 571/1159/912 574/1158/912
f 569/1173/913 574/1158/913 575/1160/913
f 575/1160/914 571/1159/914 577/1165/914
f 570/1162/915 573/1157/915 572/1154/915
o Cube.007
v 11.456153 1.555950 -10.220519
v 11.399221 1.583028 -10.398119
v 11.352819 1.465874 -10.208544
v 11.225436 1.535695 -10.224993
v 11.336319 1.633118 -10.153480
v 11.438077 1.685726 -10.269287
v 11.263492 1.571302 -10.363379
v 11.383216 1.481619 -10.344454
v 11.341558 1.704783 -10.327371
vn 0.4962 0.5998 -0.6278
vn 0.8883 -0.3164 -0.3330
vn -0.2598 0.3902 -0.8833
vn 0.6599 -0.7489 0.0608
vn 0.3354 -0.2646 0.9041
vn -0.4506 -0.8697 -0.2015
vn -0.8472 0.5221 -0.0986
vn 0.9529 0.0190 -0.3026
vn 0.6189 0.3504 0.7030
vn -0.0459 0.9241 0.3795
vn -0.2942 -0.3250 0.8988
vn -0.5272 -0.7766 -0.3448
vn -0.1876 -0.4361 -0.8801
vn -0.7241 0.6450 0.2440
vt 0.862532 0.586626
vt 0.666025 0.612825
vt 0.793538 0.524739
vt 0.799625 0.742317
vt 0.596159 0.725728
vt 0.676667 0.500000
vt 0.533198 0.702151
vt 0.502729 0.907748
vt 0.315429 0.689365
vt 0.215046 0.717794
vt 0.139986 0.551629
vt 0.365533 0.517965
vt 0.592775 0.342442
vt 0.523296 0.508923
vt 0.395346 0.376049
vt 0.510142 0.020803
vt 0.592582 0.143625
vt 0.414253 0.208459
s 0
g Cube.007_Material
usemtl Material
f 583/1174/916 579/1175/916 586/1176/916
f 579/1175/917 578/1177/917 585/1178/917
f 586/1176/918 579/1175/918 584/1179/918
f 585/1180/919 578/1181/919 580/1182/919
f 580/1182/920 578/1183/920 582/1184/920
f 581/1185/921 585/1180/921 580/1182/921
f 586/1186/922 584/1187/922 581/1188/922
f 583/1174/923 578/1177/923 579/1175/923
f 578/1189/924 583/1190/924 582/1191/924
f 582/1191/925 583/1190/925 586/1186/925
f 582/1184/926 581/1185/926 580/1182/926
f 581/1185/927 584/1187/927 585/1180/927
f 584/1187/928 579/1175/928 585/1180/928
f 582/1191/929 586/1186/929 581/1188/929
o Cube.008
v 12.483384 1.732772 -9.214532
v 12.430346 1.595948 -9.154864
v 12.381388 1.472644 -9.195425
v 12.445793 1.538251 -9.328715
v 12.245043 1.516833 -9.339539
v 12.328630 1.677605 -9.356816
v 12.364028 1.748925 -9.200823
v 12.279213 1.439729 -9.191885
v 12.244432 1.589531 -9.198993
vn 0.8803 -0.4213 0.2180
vn 0.2817 -0.9078 -0.3107
vn 0.0684 -0.1417 -0.9876
vn 0.0727 0.9007 -0.4283
vn -0.2330 0.1858 0.9546
vn -0.2307 -0.0074 0.9730
vn -0.8740 0.4301 -0.2263
vn -0.9694 -0.2199 0.1095
vn 0.1484 -0.3617 0.9204
vn 0.9411 -0.2868 0.1788
vn 0.1186 -0.8686 -0.4810
vn 0.5725 0.3300 -0.7506
vn 0.1530 0.3446 0.9262
vn -0.7970 0.5969 -0.0921
vt 0.551771 0.821043
vt 0.490236 0.981936
vt 0.443965 0.755163
vt 0.609545 0.740303
vt 0.579499 0.265268
vt 0.447677 0.232718
vt 0.490446 0.016300
vt 0.320967 0.499695
vt 0.242238 0.673984
vt 0.142687 0.564850
vt 0.543218 0.480597
vt 0.654480 0.663904
vt 0.651690 0.523626
vt 0.809399 0.589510
vt 0.375000 0.930496
vt 0.603518 0.001237
vt 0.583364 0.169025
vt 0.384386 0.054537
vt 0.382289 0.419599
s 0
g Cube.008_Material
usemtl Material
f 589/1192/930 590/1193/930 588/1194/930
f 589/1192/931 594/1195/931 590/1193/931
f 591/1196/932 592/1197/932 590/1198/932
f 593/1199/933 587/1200/933 592/1201/933
f 595/1202/934 588/1194/934 593/1199/934
f 595/1202/935 594/1203/935 588/1194/935
f 591/1196/936 595/1202/936 592/1197/936
f 595/1204/937 591/1205/937 594/1203/937
f 594/1203/938 589/1192/938 588/1194/938
f 587/1206/939 588/1194/939 590/1193/939
f 594/1207/940 591/1208/940 590/1198/940
f 587/1209/941 590/1198/941 592/1197/941
f 587/1200/942 593/1199/942 588/1194/942
f 593/1210/943 592/1197/943 595/1202/943
o Cube.009
v 12.395176 1.384201 -9.517617
v 12.428782 1.439120 -9.369747
v 12.256320 1.429350 -9.614268
v 12.334104 1.550038 -9.698297
v 12.425149 1.667655 -9.327566
v 12.293296 1.567500 -9.251170
v 12.496903 1.610153 -9.551878
v 12.203858 1.392169 -9.430065
v 12.220395 1.451020 -9.296908
v 12.093825 1.586413 -9.455214
v 12.187824 1.628708 -9.612429
v 12.132408 1.442976 -9.564321
v 12.333961 1.764759 -9.424111
v 12.436700 1.697817 -9.601977
v 12.211375 1.727346 -9.392599
v 12.186230 1.764018 -9.559159
vn 0.2624 -0.4905 0.8310
vn 0.0633 -0.9402 0.3348
vn -0.8462 -0.4405 0.2998
vn -0.8660 0.1336 -0.4819
vn -0.2258 0.9437 0.2419
vn -0.1351 0.6052 -0.7846
vn 0.7928 0.6013 0.0995
vn -0.6979 0.1630 0.6974
vn -0.6782 0.2604 0.6872
vn -0.0260 0.6924 0.7210
vn 0.5738 -0.1398 0.8070
vn 0.9483 -0.0429 0.3144
vn -0.4863 -0.1591 -0.8592
vn 0.6628 0.0276 -0.7483
vn 0.6899 -0.4019 -0.6021
vn 0.2714 -0.6616 -0.6990
vn 0.9077 -0.4165 -0.0516
vn -0.1480 -0.9604 -0.2360
vn 0.1386 -0.9121 0.3859
vn -0.2046 -0.9466 -0.2493
vn -0.8496 -0.4445 0.2839
vn 0.2105 0.9488 -0.2355
vn -0.0623 0.3650 -0.9289
vn 0.6682 0.7359 0.1090
vn -0.7953 0.5556 0.2424
vn -0.0507 0.6471 0.7607
vn -0.8651 0.1749 -0.4702
vt 0.875000 0.649805
vt 0.849233 0.683396
vt 0.832712 0.540342
vt 0.580473 0.024703
vt 0.534759 0.188184
vt 0.498710 0.020990
vt 0.437420 0.135101
vt 0.411456 0.342495
vt 0.213804 0.511922
vt 0.337875 0.601179
vt 0.185175 0.619999
vt 0.611440 0.548317
vt 0.438499 0.522151
vt 0.536413 0.434917
vt 0.517900 0.691047
vt 0.378975 0.759339
vt 0.724211 0.603714
vt 0.568883 0.768659
vt 0.609419 0.213408
vt 0.625000 0.382072
vt 0.588498 0.519208
vt 0.209844 0.718096
vt 0.479559 0.953620
vt 0.390901 0.953078
vt 0.565332 0.774863
vt 0.583031 0.973602
vt 0.389658 0.010551
vt 0.376620 0.114133
vt 0.125000 0.581137
vt 0.375000 0.421875
s 0
g Cube.009_Material
usemtl Material
f 604/1211/944 597/1212/944 601/1213/944
f 597/1214/945 604/1215/945 596/1216/945
f 603/1217/946 604/1215/946 605/1218/946
f 605/1219/947 606/1220/947 607/1221/947
f 608/1222/948 611/1223/948 610/1224/948
f 609/1225/949 599/1226/949 606/1220/949
f 600/1227/950 602/1228/950 609/1225/950
f 601/1229/951 605/1218/951 604/1215/951
f 601/1229/952 610/1224/952 605/1218/952
f 610/1224/953 600/1230/953 608/1231/953
f 600/1227/954 601/1213/954 597/1212/954
f 600/1227/955 597/1212/955 602/1228/955
f 598/1232/956 607/1221/956 606/1220/956 599/1226/956
f 599/1226/957 609/1225/957 602/1228/957
f 602/1228/958 596/1233/958 599/1226/958
f 596/1233/959 598/1234/959 599/1226/959
f 602/1235/960 597/1236/960 596/1233/960
f 596/1216/961 603/1217/961 598/1237/961
f 603/1217/962 596/1216/962 604/1215/962
f 598/1237/963 603/1217/963 607/1238/963
f 605/1219/964 607/1221/964 603/1239/964
f 611/1223/965 608/1222/965 609/1225/965
f 611/1223/966 609/1225/966 606/1220/966
f 608/1222/967 600/1227/967 609/1225/967
f 605/1218/968 610/1224/968 611/1223/968
f 601/1229/969 600/1230/969 610/1224/969
f 606/1240/970 605/1218/970 611/1223/970
o Cube.010
v 12.017520 1.566790 -8.444582
v 12.035689 1.663338 -8.377579
v 12.080703 1.679932 -8.240022
v 12.045518 1.484288 -8.359179
v 12.116103 1.558297 -8.523895
v 12.183791 1.683931 -8.311838
v 12.004930 1.587735 -8.204417
v 12.178431 1.517447 -8.276492
v 12.120022 1.462837 -8.461240
vn 0.9641 -0.1169 -0.2385
vn 0.9570 -0.0894 -0.2761
vn 0.5687 -0.1555 0.8077
vn 0.4369 0.1733 0.8827
vn -0.0991 0.9913 -0.0871
vn -0.9562 -0.0225 0.2917
vn -0.5793 -0.4638 -0.6704
vn -0.6898 -0.6204 -0.3732
vn 0.1208 0.8367 -0.5342
vn -0.9757 -0.0747 -0.2059
vn -0.7316 0.6628 0.1594
vn 0.0786 -0.9625 0.2597
vn -0.1201 -0.8396 0.5297
vn -0.4909 0.5572 -0.6698
vt 0.856741 0.527884
vt 0.792799 0.664448
vt 0.661337 0.518959
vt 0.570885 0.667835
vt 0.614877 0.834550
vt 0.495616 0.943630
vt 0.319826 0.718976
vt 0.602263 0.105449
vt 0.455701 0.107225
vt 0.553174 0.006579
vt 0.371255 0.573451
vt 0.135465 0.689951
vt 0.165587 0.530358
vt 0.553103 0.308270
vt 0.565029 0.471740
vt 0.392929 0.256090
vt 0.405598 0.560759
vt 0.171875 0.750000
s 0
g Cube.010_Material
usemtl Material
f 616/1241/971 617/1242/971 620/1243/971
f 620/1243/972 617/1242/972 619/1244/972
f 617/1245/973 614/1246/973 618/1247/973
f 619/1244/974 617/1245/974 618/1247/974
f 617/1248/975 613/1249/975 614/1250/975
f 615/1251/976 613/1252/976 612/1253/976
f 616/1254/977 620/1255/977 612/1256/977
f 620/1255/978 615/1257/978 612/1256/978
f 613/1249/979 617/1248/979 616/1254/979
f 615/1251/980 618/1247/980 613/1252/980
f 613/1252/981 618/1247/981 614/1258/981
f 620/1243/982 619/1244/982 615/1257/982
f 619/1244/983 618/1247/983 615/1257/983
f 612/1256/984 613/1249/984 616/1254/984
o Cube.011
v 12.114160 1.651308 -8.365069
v 11.957791 1.420302 -8.259078
v 12.089321 1.514907 -8.157037
v 12.132507 1.481082 -8.338287
v 12.012268 1.519853 -8.423185
v 11.946214 1.651393 -8.335135
v 12.071417 1.678083 -8.205489
v 11.866885 1.560983 -8.321777
v 11.940868 1.567467 -8.190196
vn -0.3392 -0.4305 0.8364
vn 0.4210 -0.8683 0.2624
vn 0.9620 0.1405 0.2341
vn 0.5604 -0.0695 -0.8253
vn -0.4854 0.3048 -0.8195
vn -0.1521 0.4959 -0.8550
vn -0.0304 0.9844 -0.1733
vn -0.5656 0.7225 0.3975
vn -0.1175 0.2708 0.9554
vn -0.8198 -0.3174 0.4766
vn -0.6781 0.6466 0.3494
vn 0.9659 0.1652 0.1993
vn 0.0740 -0.8634 -0.4991
vn -0.5617 -0.6114 -0.5574
vt 0.534218 0.539052
vt 0.807613 0.537738
vt 0.651467 0.712344
vt 0.812212 0.722590
vt 0.440472 0.699464
vt 0.505279 0.954605
vt 0.394685 0.910428
vt 0.529494 0.041599
vt 0.440272 0.169217
vt 0.407900 0.015209
vt 0.224689 0.500632
vt 0.298939 0.554231
vt 0.143822 0.628706
vt 0.350796 0.501919
vt 0.236030 0.724989
vt 0.358556 0.714558
vt 0.602122 0.296489
vt 0.527241 0.521298
vt 0.452229 0.375318
s 0
g Cube.011_Material
usemtl Material
f 629/1259/985 622/1260/985 623/1261/985
f 623/1261/986 622/1260/986 624/1262/986
f 627/1263/987 624/1264/987 621/1265/987
f 624/1266/988 625/1267/988 621/1268/988
f 628/1269/989 626/1270/989 625/1271/989
f 625/1271/990 626/1272/990 621/1273/990
f 626/1272/991 627/1274/991 621/1273/991
f 626/1272/992 629/1259/992 627/1263/992
f 629/1259/993 623/1261/993 627/1263/993
f 622/1275/994 629/1276/994 628/1277/994
f 628/1277/995 629/1259/995 626/1272/995
f 623/1261/996 624/1264/996 627/1263/996
f 624/1266/997 622/1275/997 625/1267/997
f 622/1275/998 628/1277/998 625/1267/998
o Cube.006
v 11.247024 1.427118 -7.918591
v 11.206538 1.539736 -8.050268
v 11.163167 1.628994 -7.877118
v 11.306698 1.498587 -7.976797
v 11.246812 1.608436 -7.953974
v 11.288809 1.580737 -7.846501
v 11.182891 1.463578 -7.868550
v 11.146690 1.474669 -8.023120
v 11.101319 1.589131 -7.943107
vn 0.8390 -0.4009 0.3679
vn 0.8422 0.5007 -0.2001
vn -0.2283 0.0232 0.9733
vn 0.3907 -0.6368 -0.6647
vn 0.1995 -0.7135 -0.6716
vn -0.8694 -0.4637 0.1704
vn -0.4664 -0.8834 0.0459
vn -0.6234 0.2667 -0.7350
vn -0.1503 0.8335 -0.5318
vn -0.1499 0.9022 -0.4045
vn 0.3325 0.9365 0.1114
vn 0.3577 -0.4747 0.8042
vn -0.7138 -0.0489 0.6986
vn 0.6390 0.4742 -0.6056
vt 0.423616 0.817668
vt 0.438163 0.985880
vt 0.399025 0.926987
vt 0.584080 0.909473
vt 0.477709 0.045024
vt 0.607265 0.122218
vt 0.441545 0.286085
vt 0.565477 0.549583
vt 0.592013 0.712367
vt 0.289400 0.584684
vt 0.400831 0.754486
vt 0.615924 0.357557
vt 0.551199 0.540629
vt 0.429879 0.509305
vt 0.769145 0.562221
vt 0.604783 0.677624
vt 0.780055 0.741830
vt 0.860509 0.631959
vt 0.567506 0.015179
vt 0.377433 0.096481
s 0
g Cube.006_Material
usemtl Material
f 633/1278/999 635/1279/999 630/1280/999
f 634/1281/1000 635/1279/1000 633/1278/1000
f 635/1282/1001 632/1283/1001 636/1284/1001
f 637/1285/1002 631/1286/1002 630/1287/1002
f 631/1286/1003 633/1288/1003 630/1287/1003
f 636/1284/1004 638/1289/1004 637/1290/1004
f 637/1290/1005 630/1291/1005 636/1284/1005
f 637/1285/1006 638/1292/1006 631/1293/1006
f 631/1293/1007 638/1292/1007 634/1294/1007
f 638/1292/1008 632/1295/1008 634/1294/1008
f 634/1296/1009 632/1283/1009 635/1282/1009
f 630/1297/1010 635/1282/1010 636/1284/1010
f 636/1284/1011 632/1283/1011 638/1289/1011
f 631/1286/1012 634/1281/1012 633/1278/1012
o Cube.007
v 12.195386 1.616494 -9.662388
v 12.321903 1.519619 -9.533773
v 12.130255 1.675790 -9.541567
v 12.065456 1.559894 -9.454373
v 12.058393 1.519877 -9.627892
v 12.219928 1.467353 -9.677650
v 12.211387 1.496929 -9.430770
v 12.270855 1.630800 -9.504150
v 12.214837 1.400038 -9.573467
vn 0.7552 -0.5668 -0.3293
vn 0.7801 0.4686 -0.4144
vn 0.5749 -0.6704 0.4691
vn 0.3549 0.9007 -0.2507
vn -0.5598 0.5837 -0.5882
vn -0.0171 0.6072 0.7944
vn -0.4094 -0.7594 0.5057
vn 0.7675 0.1890 -0.6126
vn -0.2784 0.0523 -0.9590
vn -0.4040 -0.7592 -0.5103
vn -0.8915 0.4480 -0.0670
vn 0.0556 0.4608 0.8857
vn 0.6657 0.1090 0.7382
vn -0.6385 -0.7438 0.1975
vt 0.862532 0.586626
vt 0.666025 0.612825
vt 0.793538 0.524739
vt 0.799625 0.742317
vt 0.596159 0.725728
vt 0.676667 0.500000
vt 0.533198 0.702151
vt 0.502729 0.907748
vt 0.315429 0.689365
vt 0.215046 0.717794
vt 0.139986 0.551629
vt 0.365533 0.517965
vt 0.592775 0.342442
vt 0.523296 0.508923
vt 0.395346 0.376049
vt 0.510142 0.020803
vt 0.592582 0.143625
vt 0.414253 0.208459
s 0
g Cube.007_Material
usemtl Material
f 644/1298/1013 640/1299/1013 647/1300/1013
f 640/1299/1014 639/1301/1014 646/1302/1014
f 647/1300/1015 640/1299/1015 645/1303/1015
f 646/1304/1016 639/1305/1016 641/1306/1016
f 641/1306/1017 639/1307/1017 643/1308/1017
f 642/1309/1018 646/1304/1018 641/1306/1018
f 647/1310/1019 645/1311/1019 642/1312/1019
f 644/1298/1020 639/1301/1020 640/1299/1020
f 639/1313/1021 644/1314/1021 643/1315/1021
f 643/1315/1022 644/1314/1022 647/1310/1022
f 643/1308/1023 642/1309/1023 641/1306/1023
f 642/1309/1024 645/1311/1024 646/1304/1024
f 645/1311/1025 640/1299/1025 646/1304/1025
f 643/1315/1026 647/1310/1026 642/1312/1026
o Cube.008
v 12.448529 1.582333 -9.108181
v 12.385869 1.609704 -8.931051
v 12.310053 1.528836 -8.807112
v 12.366151 1.390259 -8.930867
v 12.125338 1.411804 -8.914499
v 12.234137 1.434479 -9.102242
v 12.311605 1.628398 -9.123684
v 12.187373 1.541819 -8.770327
v 12.157475 1.596370 -8.944046
vn 0.8723 -0.0780 0.4827
vn 0.1647 -0.6191 0.7679
vn -0.0996 -0.9793 -0.1760
vn 0.0662 -0.1358 -0.9885
vn -0.0647 0.9905 0.1211
vn -0.0730 0.9479 0.3102
vn -0.8667 0.0719 -0.4936
vn -0.9525 0.2023 0.2275
vn 0.2673 0.7240 0.6359
vn 0.9353 -0.0838 0.3438
vn -0.0202 -0.7381 0.6743
vn 0.4674 -0.6995 -0.5406
vn 0.3220 0.9462 -0.0323
vn -0.7579 0.2355 -0.6083
vt 0.551771 0.821043
vt 0.490236 0.981936
vt 0.443965 0.755163
vt 0.609545 0.740303
vt 0.579499 0.265268
vt 0.447677 0.232718
vt 0.490446 0.016300
vt 0.320967 0.499695
vt 0.242238 0.673984
vt 0.142687 0.564850
vt 0.543218 0.480597
vt 0.654480 0.663904
vt 0.651690 0.523626
vt 0.809399 0.589510
vt 0.375000 0.930496
vt 0.603518 0.001237
vt 0.583364 0.169025
vt 0.384386 0.054537
vt 0.382289 0.419599
s 0
g Cube.008_Material
usemtl Material
f 650/1316/1027 651/1317/1027 649/1318/1027
f 650/1316/1028 655/1319/1028 651/1317/1028
f 652/1320/1029 653/1321/1029 651/1322/1029
f 654/1323/1030 648/1324/1030 653/1325/1030
f 656/1326/1031 649/1318/1031 654/1323/1031
f 656/1326/1032 655/1327/1032 649/1318/1032
f 652/1320/1033 656/1326/1033 653/1321/1033
f 656/1328/1034 652/1329/1034 655/1327/1034
f 655/1327/1035 650/1316/1035 649/1318/1035
f 648/1330/1036 649/1318/1036 651/1317/1036
f 655/1331/1037 652/1332/1037 651/1322/1037
f 648/1333/1038 651/1322/1038 653/1321/1038
f 648/1324/1039 654/1323/1039 649/1318/1039
f 654/1334/1040 653/1321/1040 656/1326/1040
o Cube.009
v 10.405578 1.715181 -8.328264
v 10.264579 1.679204 -8.228703
v 10.506896 1.587551 -8.428712
v 10.417125 1.613192 -8.584793
v 10.074473 1.540195 -8.324094
v 10.185193 1.455819 -8.181393
v 10.196579 1.692683 -8.503198
v 10.465329 1.514491 -8.232680
v 10.339523 1.464412 -8.147110
v 10.400235 1.313779 -8.358368
v 10.398746 1.415288 -8.537063
v 10.542997 1.454600 -8.377970
v 10.109019 1.427584 -8.460009
v 10.194518 1.602052 -8.594292
v 10.192177 1.328376 -8.396271
v 10.270473 1.326497 -8.567693
vn -0.2230 0.2772 0.9346
vn 0.4363 0.4485 0.7800
vn 0.6077 -0.5536 0.5694
vn 0.6182 -0.6813 -0.3921
vn -0.6375 -0.7164 -0.2833
vn 0.0533 -0.2388 -0.9696
vn -0.8863 0.3381 -0.3164
vn -0.0794 -0.8223 0.5635
vn -0.1510 -0.8524 0.5006
vn -0.8139 -0.5319 0.2339
vn -0.6174 0.3668 0.6959
vn -0.6408 0.7424 0.1952
vn 0.7986 -0.1320 -0.5872
vn -0.0054 0.7090 -0.7052
vn 0.1983 0.9138 -0.3544
vn 0.6491 0.7165 -0.2556
vn -0.1836 0.9785 0.0935
vn 0.8484 0.4113 0.3332
vn 0.3511 0.4858 0.8005
vn 0.8763 0.3601 0.3200
vn 0.6201 -0.5509 0.5586
vn -0.6399 -0.2466 -0.7278
vn 0.2485 -0.0250 -0.9683
vn -0.9148 0.1645 -0.3688
vn -0.0665 -0.9976 -0.0194
vn -0.7895 -0.5388 0.2939
vn 0.5838 -0.7038 -0.4047
vt 0.875000 0.649805
vt 0.849233 0.683396
vt 0.832712 0.540342
vt 0.580473 0.024703
vt 0.534759 0.188184
vt 0.498710 0.020990
vt 0.437420 0.135101
vt 0.411456 0.342495
vt 0.213804 0.511922
vt 0.337875 0.601179
vt 0.185175 0.619999
vt 0.611440 0.548317
vt 0.438499 0.522151
vt 0.536413 0.434917
vt 0.517900 0.691047
vt 0.378975 0.759339
vt 0.724211 0.603714
vt 0.568883 0.768659
vt 0.609419 0.213408
vt 0.625000 0.382072
vt 0.588498 0.519208
vt 0.209844 0.718096
vt 0.479559 0.953620
vt 0.390901 0.953078
vt 0.565332 0.774863
vt 0.583031 0.973602
vt 0.389658 0.010551
vt 0.376620 0.114133
vt 0.125000 0.581137
vt 0.375000 0.421875
s 0
g Cube.009_Material
usemtl Material
f 665/1335/1041 658/1336/1041 662/1337/1041
f 658/1338/1042 665/1339/1042 657/1340/1042
f 664/1341/1043 665/1339/1043 666/1342/1043
f 666/1343/1044 667/1344/1044 668/1345/1044
f 669/1346/1045 672/1347/1045 671/1348/1045
f 670/1349/1046 660/1350/1046 667/1344/1046
f 661/1351/1047 663/1352/1047 670/1349/1047
f 662/1353/1048 666/1342/1048 665/1339/1048
f 662/1353/1049 671/1348/1049 666/1342/1049
f 671/1348/1050 661/1354/1050 669/1355/1050
f 661/1351/1051 662/1337/1051 658/1336/1051
f 661/1351/1052 658/1336/1052 663/1352/1052
f 659/1356/1053 668/1345/1053 667/1344/1053 660/1350/1053
f 660/1350/1054 670/1349/1054 663/1352/1054
f 663/1352/1055 657/1357/1055 660/1350/1055
f 657/1357/1056 659/1358/1056 660/1350/1056
f 663/1359/1057 658/1360/1057 657/1357/1057
f 657/1340/1058 664/1341/1058 659/1361/1058
f 664/1341/1059 657/1340/1059 665/1339/1059
f 659/1361/1060 664/1341/1060 668/1362/1060
f 666/1343/1061 668/1345/1061 664/1363/1061
f 672/1347/1062 669/1346/1062 670/1349/1062
f 672/1347/1063 670/1349/1063 667/1344/1063
f 669/1346/1064 661/1351/1064 670/1349/1064
f 666/1342/1065 671/1348/1065 672/1347/1065
f 662/1353/1066 661/1354/1066 671/1348/1066
f 667/1364/1067 666/1342/1067 672/1347/1067
o Cube.010
v 10.215944 1.579125 -9.694811
v 10.213621 1.598019 -9.580783
v 10.173296 1.517125 -9.471753
v 10.169801 1.469903 -9.692028
v 10.333522 1.557352 -9.724803
v 10.292865 1.497166 -9.487168
v 10.074827 1.483379 -9.533584
v 10.230810 1.377274 -9.582969
v 10.279152 1.464247 -9.751487
vn 0.8611 -0.5082 0.0186
vn 0.8840 -0.4674 0.0124
vn -0.0663 -0.8277 0.5573
vn -0.1355 -0.5748 0.8070
vn 0.2062 0.7478 0.6311
vn -0.9188 0.3860 -0.0827
vn -0.1673 0.3607 -0.9176
vn -0.4635 0.1737 -0.8689
vn 0.6020 0.7434 0.2913
vn -0.6554 0.6104 -0.4448
vn -0.5063 0.7716 0.3852
vn -0.3162 -0.8030 -0.5051
vn -0.5995 -0.7435 -0.2961
vn 0.1404 0.9772 -0.1591
vt 0.856741 0.527884
vt 0.792799 0.664448
vt 0.661337 0.518959
vt 0.570885 0.667835
vt 0.614877 0.834550
vt 0.495616 0.943630
vt 0.319826 0.718976
vt 0.602263 0.105449
vt 0.455701 0.107225
vt 0.553174 0.006579
vt 0.371255 0.573451
vt 0.135465 0.689951
vt 0.165587 0.530358
vt 0.553103 0.308270
vt 0.565029 0.471740
vt 0.392929 0.256090
vt 0.405598 0.560759
vt 0.171875 0.750000
s 0
g Cube.010_Material
usemtl Material
f 677/1365/1068 678/1366/1068 681/1367/1068
f 681/1367/1069 678/1366/1069 680/1368/1069
f 678/1369/1070 675/1370/1070 679/1371/1070
f 680/1368/1071 678/1369/1071 679/1371/1071
f 678/1372/1072 674/1373/1072 675/1374/1072
f 676/1375/1073 674/1376/1073 673/1377/1073
f 677/1378/1074 681/1379/1074 673/1380/1074
f 681/1379/1075 676/1381/1075 673/1380/1075
f 674/1373/1076 678/1372/1076 677/1378/1076
f 676/1375/1077 679/1371/1077 674/1376/1077
f 674/1376/1078 679/1371/1078 675/1382/1078
f 681/1367/1079 680/1368/1079 676/1381/1079
f 680/1368/1080 679/1371/1080 676/1381/1080
f 673/1380/1081 674/1373/1081 677/1378/1081
o Cube.011
v 10.872381 1.498327 -10.105638
v 10.471523 1.412803 -10.007586
v 10.682757 1.325593 -9.863014
v 10.709903 1.316786 -10.128933
v 10.645889 1.506005 -10.208369
v 10.709414 1.660006 -10.032507
v 10.840876 1.508227 -9.871593
v 10.538602 1.655387 -10.028873
v 10.600196 1.537355 -9.862112
vn -0.6141 -0.2426 0.7510
vn -0.3770 -0.9262 -0.0078
vn 0.7310 -0.6705 0.1268
vn 0.3944 -0.2391 -0.8873
vn -0.0344 0.7580 -0.6514
vn 0.3332 0.6464 -0.6864
vn 0.7178 0.6930 0.0673
vn 0.1178 0.7686 0.6288
vn 0.0408 0.0116 0.9991
vn -0.8244 0.2715 0.4967
vn -0.0097 0.8145 0.5801
vn 0.7546 -0.6487 0.0985
vn -0.5436 -0.4745 -0.6923
vn -0.7812 0.1631 -0.6027
vt 0.534218 0.539052
vt 0.807613 0.537738
vt 0.651467 0.712344
vt 0.812212 0.722590
vt 0.440472 0.699464
vt 0.505279 0.954605
vt 0.394685 0.910428
vt 0.529494 0.041599
vt 0.440272 0.169217
vt 0.407900 0.015209
vt 0.224689 0.500632
vt 0.298939 0.554231
vt 0.143822 0.628706
vt 0.350796 0.501919
vt 0.236030 0.724989
vt 0.358556 0.714558
vt 0.602122 0.296489
vt 0.527241 0.521298
vt 0.452229 0.375318
s 0
g Cube.011_Material
usemtl Material
f 690/1383/1082 683/1384/1082 684/1385/1082
f 684/1385/1083 683/1384/1083 685/1386/1083
f 688/1387/1084 685/1388/1084 682/1389/1084
f 685/1390/1085 686/1391/1085 682/1392/1085
f 689/1393/1086 687/1394/1086 686/1395/1086
f 686/1395/1087 687/1396/1087 682/1397/1087
f 687/1396/1088 688/1398/1088 682/1397/1088
f 687/1396/1089 690/1383/1089 688/1387/1089
f 690/1383/1090 684/1385/1090 688/1387/1090
f 683/1399/1091 690/1400/1091 689/1401/1091
f 689/1401/1092 690/1383/1092 687/1396/1092
f 684/1385/1093 685/1388/1093 688/1387/1093
f 685/1390/1094 683/1399/1094 686/1391/1094
f 683/1399/1095 689/1401/1095 686/1391/1095
o Cube.006
v 12.237253 1.347822 -9.376459
v 12.275492 1.577036 -9.388194
v 12.056550 1.538559 -9.251482
v 12.318787 1.437367 -9.299320
v 12.207032 1.546855 -9.242928
v 12.162700 1.416374 -9.171598
v 12.122618 1.368098 -9.370467
v 12.218386 1.518735 -9.477437
v 12.069328 1.580210 -9.373162
vn 0.4545 -0.7817 0.4270
vn 0.6006 0.2167 0.7696
vn -0.8081 -0.5140 0.2877
vn 0.8766 -0.1693 -0.4504
vn 0.7653 -0.1596 -0.6236
vn -0.6098 -0.1631 -0.7756
vn -0.1353 -0.5150 -0.8464
vn -0.0260 0.8444 -0.5350
vn 0.0309 0.9756 0.2172
vn -0.0701 0.9460 0.3165
vn -0.0766 0.4982 0.8637
vn -0.1548 -0.9525 0.2624
vn -0.9530 -0.2417 -0.1828
vn 0.7303 0.5132 0.4508
vt 0.423616 0.817668
vt 0.438163 0.985880
vt 0.399025 0.926987
vt 0.584080 0.909473
vt 0.477709 0.045024
vt 0.607265 0.122218
vt 0.441545 0.286085
vt 0.565477 0.549583
vt 0.592013 0.712367
vt 0.289400 0.584684
vt 0.400831 0.754486
vt 0.615924 0.357557
vt 0.551199 0.540629
vt 0.429879 0.509305
vt 0.769145 0.562221
vt 0.604783 0.677624
vt 0.780055 0.741830
vt 0.860509 0.631959
vt 0.567506 0.015179
vt 0.377433 0.096481
s 0
g Cube.006_Material
usemtl Material
f 694/1402/1096 696/1403/1096 691/1404/1096
f 695/1405/1097 696/1403/1097 694/1402/1097
f 696/1406/1098 693/1407/1098 697/1408/1098
f 698/1409/1099 692/1410/1099 691/1411/1099
f 692/1410/1100 694/1412/1100 691/1411/1100
f 697/1408/1101 699/1413/1101 698/1414/1101
f 698/1414/1102 691/1415/1102 697/1408/1102
f 698/1409/1103 699/1416/1103 692/1417/1103
f 692/1417/1104 699/1416/1104 695/1418/1104
f 699/1416/1105 693/1419/1105 695/1418/1105
f 695/1420/1106 693/1407/1106 696/1406/1106
f 691/1421/1107 696/1406/1107 697/1408/1107
f 697/1408/1108 693/1407/1108 699/1413/1108
f 692/1410/1109 695/1405/1109 694/1402/1109
o Cube.007
v 11.865949 1.592082 -8.426600
v 12.087615 1.531664 -8.421128
v 11.854383 1.531359 -8.270597
v 11.887632 1.356224 -8.272655
v 11.797497 1.413263 -8.441846
v 11.933463 1.503112 -8.555419
v 12.054935 1.389398 -8.331195
v 12.018201 1.567406 -8.303395
v 12.012343 1.393862 -8.520015
vn 0.6214 0.2035 -0.7566
vn 0.2637 0.9552 -0.1345
vn 0.9137 -0.3453 -0.2143
vn -0.1337 0.9268 0.3508
vn -0.9337 0.3516 0.0676
vn 0.1910 0.0247 0.9813
vn 0.1731 -0.9829 -0.0623
vn 0.2439 0.8530 -0.4613
vn -0.7239 0.3288 -0.6065
vn -0.3355 -0.5008 -0.7979
vn -0.8922 -0.1743 0.4166
vn 0.3426 -0.0755 0.9364
vn 0.8703 0.1044 0.4814
vn -0.1708 -0.9576 -0.2318
vt 0.862532 0.586626
vt 0.666025 0.612825
vt 0.793538 0.524739
vt 0.799625 0.742317
vt 0.596159 0.725728
vt 0.676667 0.500000
vt 0.533198 0.702151
vt 0.502729 0.907748
vt 0.315429 0.689365
vt 0.215046 0.717794
vt 0.139986 0.551629
vt 0.365533 0.517965
vt 0.592775 0.342442
vt 0.523296 0.508923
vt 0.395346 0.376049
vt 0.510142 0.020803
vt 0.592582 0.143625
vt 0.414253 0.208459
s 0
g Cube.007_Material
usemtl Material
f 705/1422/1110 701/1423/1110 708/1424/1110
f 701/1423/1111 700/1425/1111 707/1426/1111
f 708/1424/1112 701/1423/1112 706/1427/1112
f 707/1428/1113 700/1429/1113 702/1430/1113
f 702/1430/1114 700/1431/1114 704/1432/1114
f 703/1433/1115 707/1428/1115 702/1430/1115
f 708/1434/1116 706/1435/1116 703/1436/1116
f 705/1422/1117 700/1425/1117 701/1423/1117
f 700/1437/1118 705/1438/1118 704/1439/1118
f 704/1439/1119 705/1438/1119 708/1434/1119
f 704/1432/1120 703/1433/1120 702/1430/1120
f 703/1433/1121 706/1435/1121 707/1428/1121
f 706/1435/1122 701/1423/1122 707/1428/1122
f 704/1439/1123 708/1434/1123 703/1436/1123
o Cube.008
v 10.395829 1.479314 -8.856546
v 10.229196 1.541220 -8.846998
v 10.116043 1.568407 -8.743258
v 10.266011 1.541686 -8.643730
v 10.109436 1.379594 -8.614899
v 10.299348 1.340642 -8.680152
v 10.316716 1.369800 -8.874019
v 10.015908 1.503062 -8.726803
v 10.108124 1.372287 -8.792563
vn 0.2000 0.9790 -0.0385
vn -0.3255 0.6675 0.6697
vn 0.3001 -0.1216 0.9461
vn 0.8117 -0.5839 -0.0151
vn -0.3639 -0.0391 -0.9306
vn -0.5003 0.0807 -0.8621
vn -0.1870 -0.9815 0.0417
vn -0.8097 -0.5861 0.0301
vn -0.4794 0.5656 -0.6711
vn 0.3443 0.9366 -0.0645
vn -0.3426 0.4751 0.8105
vn 0.8591 0.0502 0.5093
vn 0.0015 0.1565 -0.9877
vn -0.0721 -0.9853 -0.1547
vt 0.551771 0.821043
vt 0.490236 0.981936
vt 0.443965 0.755163
vt 0.609545 0.740303
vt 0.579499 0.265268
vt 0.447677 0.232718
vt 0.490446 0.016300
vt 0.320967 0.499695
vt 0.242238 0.673984
vt 0.142687 0.564850
vt 0.543218 0.480597
vt 0.654480 0.663904
vt 0.651690 0.523626
vt 0.809399 0.589510
vt 0.375000 0.930496
vt 0.603518 0.001237
vt 0.583364 0.169025
vt 0.384386 0.054537
vt 0.382289 0.419599
s 0
g Cube.008_Material
usemtl Material
f 711/1440/1124 712/1441/1124 710/1442/1124
f 711/1440/1125 716/1443/1125 712/1441/1125
f 713/1444/1126 714/1445/1126 712/1446/1126
f 715/1447/1127 709/1448/1127 714/1449/1127
f 717/1450/1128 710/1442/1128 715/1447/1128
f 717/1450/1129 716/1451/1129 710/1442/1129
f 713/1444/1130 717/1450/1130 714/1445/1130
f 717/1452/1131 713/1453/1131 716/1451/1131
f 716/1451/1132 711/1440/1132 710/1442/1132
f 709/1454/1133 710/1442/1133 712/1441/1133
f 716/1455/1134 713/1456/1134 712/1446/1134
f 709/1457/1135 712/1446/1135 714/1445/1135
f 709/1448/1136 715/1447/1136 710/1442/1136
f 715/1458/1137 714/1445/1137 717/1450/1137
o Cube.009
v 10.634685 1.256195 -10.145991
v 10.620100 1.434948 -10.221180
v 10.764568 1.198424 -9.989874
v 10.630169 1.223325 -9.843050
v 10.589622 1.655749 -10.051292
v 10.781191 1.637722 -10.157707
v 10.463642 1.411383 -9.951969
v 10.877034 1.331828 -10.147673
v 10.878055 1.499635 -10.202925
v 10.961191 1.459254 -9.923926
v 10.805763 1.356310 -9.794971
v 10.918257 1.248107 -9.978338
v 10.653789 1.642060 -9.864082
v 10.504651 1.433487 -9.818093
v 10.811530 1.634342 -9.883740
v 10.793834 1.512536 -9.716227
vn -0.0092 0.3054 -0.9522
vn 0.1580 -0.3719 -0.9147
vn 0.9490 -0.1038 -0.2978
vn 0.7198 -0.3068 0.6227
vn 0.1128 0.7979 0.5921
vn -0.1233 -0.1893 0.9741
vn -0.8443 0.5064 0.1750
vn 0.7864 0.5999 -0.1475
vn 0.7495 0.6578 -0.0749
vn 0.0555 0.9970 0.0539
vn -0.3719 0.5333 -0.7598
vn -0.8473 0.2454 -0.4710
vn 0.3255 -0.7672 0.5527
vn -0.7935 -0.5128 0.3277
vn -0.7209 -0.6878 -0.0854
vn -0.2934 -0.9499 -0.1074
vn -0.8199 -0.2775 -0.5008
vn 0.2524 -0.8201 -0.5135
vn 0.0908 -0.3119 -0.9458
vn 0.3022 -0.8232 -0.4806
vn 0.9497 -0.1184 -0.2898
vn -0.4044 0.4631 0.7887
vn -0.1832 -0.4536 0.8722
vn -0.7439 0.5978 0.2987
vn 0.7264 0.5170 0.4527
vn 0.0947 0.9955 0.0018
vn 0.7145 -0.2706 0.6452
vt 0.875000 0.649805
vt 0.849233 0.683396
vt 0.832712 0.540342
vt 0.580473 0.024703
vt 0.534759 0.188184
vt 0.498710 0.020990
vt 0.437420 0.135101
vt 0.411456 0.342495
vt 0.213804 0.511922
vt 0.337875 0.601179
vt 0.185175 0.619999
vt 0.611440 0.548317
vt 0.438499 0.522151
vt 0.536413 0.434917
vt 0.517900 0.691047
vt 0.378975 0.759339
vt 0.724211 0.603714
vt 0.568883 0.768659
vt 0.609419 0.213408
vt 0.625000 0.382072
vt 0.588498 0.519208
vt 0.209844 0.718096
vt 0.479559 0.953620
vt 0.390901 0.953078
vt 0.565332 0.774863
vt 0.583031 0.973602
vt 0.389658 0.010551
vt 0.376620 0.114133
vt 0.125000 0.581137
vt 0.375000 0.421875
s 0
g Cube.009_Material
usemtl Material
f 726/1459/1138 719/1460/1138 723/1461/1138
f 719/1462/1139 726/1463/1139 718/1464/1139
f 725/1465/1140 726/1463/1140 727/1466/1140
f 727/1467/1141 728/1468/1141 729/1469/1141
f 730/1470/1142 733/1471/1142 732/1472/1142
f 731/1473/1143 721/1474/1143 728/1468/1143
f 722/1475/1144 724/1476/1144 731/1473/1144
f 723/1477/1145 727/1466/1145 726/1463/1145
f 723/1477/1146 732/1472/1146 727/1466/1146
f 732/1472/1147 722/1478/1147 730/1479/1147
f 722/1475/1148 723/1461/1148 719/1460/1148
f 722/1475/1149 719/1460/1149 724/1476/1149
f 720/1480/1150 729/1469/1150 728/1468/1150 721/1474/1150
f 721/1474/1151 731/1473/1151 724/1476/1151
f 724/1476/1152 718/1481/1152 721/1474/1152
f 718/1481/1153 720/1482/1153 721/1474/1153
f 724/1483/1154 719/1484/1154 718/1481/1154
f 718/1464/1155 725/1465/1155 720/1485/1155
f 725/1465/1156 718/1464/1156 726/1463/1156
f 720/1485/1157 725/1465/1157 729/1486/1157
f 727/1467/1158 729/1469/1158 725/1487/1158
f 733/1471/1159 730/1470/1159 731/1473/1159
f 733/1471/1160 731/1473/1160 728/1468/1160
f 730/1470/1161 722/1475/1161 731/1473/1161
f 727/1466/1162 732/1472/1162 733/1471/1162
f 723/1477/1163 722/1478/1163 732/1472/1163
f 728/1488/1164 727/1466/1164 733/1471/1164
o Cube.010
v 10.289866 1.406086 -9.732381
v 10.387044 1.315864 -9.768869
v 10.553089 1.331789 -9.792603
v 10.373834 1.519235 -9.724950
v 10.259224 1.380399 -9.591272
v 10.534956 1.293824 -9.653446
v 10.530616 1.454030 -9.865384
v 10.533572 1.489998 -9.636215
v 10.304959 1.504325 -9.594540
vn 0.2048 -0.0498 0.9775
vn 0.1735 -0.0850 0.9812
vn 0.9350 0.2918 0.2015
vn 0.9999 0.0083 -0.0142
vn 0.0560 -0.9651 -0.2560
vn -0.1795 0.1965 -0.9639
vn -0.9301 0.3396 -0.1402
vn -0.7479 0.5766 -0.3290
vn -0.2637 -0.9519 0.1561
vn -0.6330 0.1239 -0.7642
vn -0.0718 -0.5200 -0.8512
vn 0.0908 0.9829 0.1603
vn 0.2595 0.9535 -0.1530
vn -0.7076 -0.6520 -0.2724
vt 0.856741 0.527884
vt 0.792799 0.664448
vt 0.661337 0.518959
vt 0.570885 0.667835
vt 0.614877 0.834550
vt 0.495616 0.943630
vt 0.319826 0.718976
vt 0.602263 0.105449
vt 0.455701 0.107225
vt 0.553174 0.006579
vt 0.371255 0.573451
vt 0.135465 0.689951
vt 0.165587 0.530358
vt 0.553103 0.308270
vt 0.565029 0.471740
vt 0.392929 0.256090
vt 0.405598 0.560759
vt 0.171875 0.750000
s 0
g Cube.010_Material
usemtl Material
f 738/1489/1165 739/1490/1165 742/1491/1165
f 742/1491/1166 739/1490/1166 741/1492/1166
f 739/1493/1167 736/1494/1167 740/1495/1167
f 741/1492/1168 739/1493/1168 740/1495/1168
f 739/1496/1169 735/1497/1169 736/1498/1169
f 737/1499/1170 735/1500/1170 734/1501/1170
f 738/1502/1171 742/1503/1171 734/1504/1171
f 742/1503/1172 737/1505/1172 734/1504/1172
f 735/1497/1173 739/1496/1173 738/1502/1173
f 737/1499/1174 740/1495/1174 735/1500/1174
f 735/1500/1175 740/1495/1175 736/1506/1175
f 742/1491/1176 741/1492/1176 737/1505/1176
f 741/1492/1177 740/1495/1177 737/1505/1177
f 734/1504/1178 735/1497/1178 738/1502/1178
o Cube.011
v 11.012756 1.222502 -9.881535
v 10.921689 1.600091 -10.063121
v 11.097991 1.418190 -10.170446
v 11.108960 1.451367 -9.900608
v 10.904478 1.443810 -9.823400
v 10.795989 1.284933 -9.977424
v 10.997837 1.199230 -10.120409
v 10.726614 1.439887 -10.014992
v 10.867425 1.401383 -10.175678
vn -0.0165 0.4962 -0.8680
vn 0.6778 0.7259 -0.1168
vn 0.9211 -0.3888 -0.0196
vn 0.3546 -0.0714 0.9323
vn -0.7218 -0.1599 0.6734
vn -0.4660 -0.4310 0.7728
vn -0.3203 -0.9407 0.1117
vn -0.6249 -0.5536 -0.5504
vn 0.0395 -0.2397 -0.9700
vn -0.5793 0.5157 -0.6312
vn -0.7222 -0.4506 -0.5249
vn 0.9105 -0.4133 0.0138
vn 0.1761 0.8188 0.5464
vn -0.4988 0.7420 0.4479
vt 0.534218 0.539052
vt 0.807613 0.537738
vt 0.651467 0.712344
vt 0.812212 0.722590
vt 0.440472 0.699464
vt 0.505279 0.954605
vt 0.394685 0.910428
vt 0.529494 0.041599
vt 0.440272 0.169217
vt 0.407900 0.015209
vt 0.224689 0.500632
vt 0.298939 0.554231
vt 0.143822 0.628706
vt 0.350796 0.501919
vt 0.236030 0.724989
vt 0.358556 0.714558
vt 0.602122 0.296489
vt 0.527241 0.521298
vt 0.452229 0.375318
s 0
g Cube.011_Material
usemtl Material
f 751/1507/1179 744/1508/1179 745/1509/1179
f 745/1509/1180 744/1508/1180 746/1510/1180
f 749/1511/1181 746/1512/1181 743/1513/1181
f 746/1514/1182 747/1515/1182 743/1516/1182
f 750/1517/1183 748/1518/1183 747/1519/1183
f 747/1519/1184 748/1520/1184 743/1521/1184
f 748/1520/1185 749/1522/1185 743/1521/1185
f 748/1520/1186 751/1507/1186 749/1511/1186
f 751/1507/1187 745/1509/1187 749/1511/1187
f 744/1523/1188 751/1524/1188 750/1525/1188
f 750/1525/1189 751/1507/1189 748/1520/1189
f 745/1509/1190 746/1512/1190 749/1511/1190
f 746/1514/1191 744/1523/1191 747/1515/1191
f 744/1523/1192 750/1525/1192 747/1515/1192
o Cube.006
v 11.898550 1.249603 -9.565322
v 12.035831 1.395741 -9.674368
v 12.036345 1.456974 -9.425805
v 12.033362 1.242683 -9.605514
v 12.098747 1.371081 -9.529025
v 12.059073 1.281914 -9.412218
v 11.875335 1.330470 -9.487885
v 11.918801 1.414325 -9.668850
v 11.977863 1.515889 -9.521629
vn 0.0086 -0.9802 0.1978
vn 0.8979 -0.4392 -0.0303
vn -0.3754 0.0232 0.9266
vn -0.1221 -0.5173 -0.8470
vn -0.2814 -0.3899 -0.8768
vn -0.8738 0.4860 0.0153
vn -0.9675 -0.0383 -0.2501
vn 0.0991 0.8000 -0.5917
vn 0.7443 0.6323 -0.2149
vn 0.7639 0.6413 -0.0719
vn 0.8962 0.1488 0.4180
vn -0.4245 -0.6868 0.5900
vn -0.6081 0.4547 0.6507
vn 0.8858 -0.2022 -0.4177
vt 0.423616 0.817668
vt 0.438163 0.985880
vt 0.399025 0.926987
vt 0.584080 0.909473
vt 0.477709 0.045024
vt 0.607265 0.122218
vt 0.441545 0.286085
vt 0.565477 0.549583
vt 0.592013 0.712367
vt 0.289400 0.584684
vt 0.400831 0.754486
vt 0.615924 0.357557
vt 0.551199 0.540629
vt 0.429879 0.509305
vt 0.769145 0.562221
vt 0.604783 0.677624
vt 0.780055 0.741830
vt 0.860509 0.631959
vt 0.567506 0.015179
vt 0.377433 0.096481
s 0
g Cube.006_Material
usemtl Material
f 755/1526/1193 757/1527/1193 752/1528/1193
f 756/1529/1194 757/1527/1194 755/1526/1194
f 757/1530/1195 754/1531/1195 758/1532/1195
f 759/1533/1196 753/1534/1196 752/1535/1196
f 753/1534/1197 755/1536/1197 752/1535/1197
f 758/1532/1198 760/1537/1198 759/1538/1198
f 759/1538/1199 752/1539/1199 758/1532/1199
f 759/1533/1200 760/1540/1200 753/1541/1200
f 753/1541/1201 760/1540/1201 756/1542/1201
f 760/1540/1202 754/1543/1202 756/1542/1202
f 756/1544/1203 754/1531/1203 757/1530/1203
f 752/1545/1204 757/1530/1204 758/1532/1204
f 758/1532/1205 754/1531/1205 760/1537/1205
f 753/1534/1206 756/1529/1206 755/1526/1206
o Cube.007
v 10.815444 1.292518 -8.209714
v 10.770814 1.441952 -8.236324
v 10.806689 1.275819 -8.323683
v 10.690033 1.291704 -8.358338
v 10.696461 1.239017 -8.231291
v 10.729492 1.340504 -8.145795
v 10.695809 1.410187 -8.321743
v 10.819556 1.390981 -8.303288
v 10.662444 1.388810 -8.194482
vn -0.0473 0.6757 0.7356
vn 0.8650 0.3262 0.3813
vn -0.4276 0.9031 0.0396
vn 0.9931 -0.1000 -0.0616
vn 0.3922 -0.9140 0.1038
vn 0.2989 0.1339 -0.9448
vn -0.9652 0.1190 -0.2330
vn 0.6739 0.3199 0.6660
vn 0.1680 -0.6665 0.7263
vn -0.6960 -0.3164 0.6445
vn -0.0122 -0.9239 -0.3825
vn 0.1842 0.2819 -0.9416
vn 0.2048 0.8450 -0.4941
vn -0.9765 -0.2123 -0.0386
vt 0.862532 0.586626
vt 0.666025 0.612825
vt 0.793538 0.524739
vt 0.799625 0.742317
vt 0.596159 0.725728
vt 0.676667 0.500000
vt 0.533198 0.702151
vt 0.502729 0.907748
vt 0.315429 0.689365
vt 0.215046 0.717794
vt 0.139986 0.551629
vt 0.365533 0.517965
vt 0.592775 0.342442
vt 0.523296 0.508923
vt 0.395346 0.376049
vt 0.510142 0.020803
vt 0.592582 0.143625
vt 0.414253 0.208459
s 0
g Cube.007_Material
usemtl Material
f 766/1546/1207 762/1547/1207 769/1548/1207
f 762/1547/1208 761/1549/1208 768/1550/1208
f 769/1548/1209 762/1547/1209 767/1551/1209
f 768/1552/1210 761/1553/1210 763/1554/1210
f 763/1554/1211 761/1555/1211 765/1556/1211
f 764/1557/1212 768/1552/1212 763/1554/1212
f 769/1558/1213 767/1559/1213 764/1560/1213
f 766/1546/1214 761/1549/1214 762/1547/1214
f 761/1561/1215 766/1562/1215 765/1563/1215
f 765/1563/1216 766/1562/1216 769/1558/1216
f 765/1556/1217 764/1557/1217 763/1554/1217
f 764/1557/1218 767/1559/1218 768/1552/1218
f 767/1559/1219 762/1547/1219 768/1552/1219
f 765/1563/1220 769/1558/1220 764/1560/1220
o Cube.008
v 10.282434 1.417053 -8.742356
v 10.283045 1.296599 -8.687920
v 10.313688 1.242286 -8.590390
v 10.316222 1.373822 -8.559605
v 10.468674 1.301686 -8.555521
v 10.435449 1.419803 -8.645046
v 10.371307 1.376853 -8.769138
v 10.385072 1.189391 -8.578613
v 10.436868 1.256213 -8.675332
vn -0.9601 -0.0461 0.2760
vn -0.3094 -0.2111 0.9272
vn 0.2780 0.6287 0.7263
vn 0.2599 0.8631 -0.4331
vn -0.1078 -0.6461 -0.7556
vn -0.1526 -0.7730 -0.6158
vn 0.9590 0.0596 -0.2772
vn 0.8006 -0.5991 0.0148
vn -0.5437 -0.7942 -0.2714
vn -0.9759 0.0858 0.2007
vn -0.0905 -0.1355 0.9866
vn -0.1811 0.9490 0.2580
vn -0.4190 -0.3757 -0.8266
vn 0.8701 0.0970 -0.4833
vt 0.551771 0.821043
vt 0.490236 0.981936
vt 0.443965 0.755163
vt 0.609545 0.740303
vt 0.579499 0.265268
vt 0.447677 0.232718
vt 0.490446 0.016300
vt 0.320967 0.499695
vt 0.242238 0.673984
vt 0.142687 0.564850
vt 0.543218 0.480597
vt 0.654480 0.663904
vt 0.651690 0.523626
vt 0.809399 0.589510
vt 0.375000 0.930496
vt 0.603518 0.001237
vt 0.583364 0.169025
vt 0.384386 0.054537
vt 0.382289 0.419599
s 0
g Cube.008_Material
usemtl Material
f 772/1564/1221 773/1565/1221 771/1566/1221
f 772/1564/1222 777/1567/1222 773/1565/1222
f 774/1568/1223 775/1569/1223 773/1570/1223
f 776/1571/1224 770/1572/1224 775/1573/1224
f 778/1574/1225 771/1566/1225 776/1571/1225
f 778/1574/1226 777/1575/1226 771/1566/1226
f 774/1568/1227 778/1574/1227 775/1569/1227
f 778/1576/1228 774/1577/1228 777/1575/1228
f 777/1575/1229 772/1564/1229 771/1566/1229
f 770/1578/1230 771/1566/1230 773/1565/1230
f 777/1579/1231 774/1580/1231 773/1570/1231
f 770/1581/1232 773/1570/1232 775/1569/1232
f 770/1572/1233 776/1571/1233 771/1566/1233
f 776/1582/1234 775/1569/1234 778/1574/1234
o Cube.009
v 10.845072 1.469101 -9.789126
v 10.724657 1.517972 -9.913305
v 10.823730 1.323564 -9.660879
v 10.911084 1.196446 -9.763773
v 10.619491 1.339140 -10.068413
v 10.497330 1.424286 -9.930102
v 10.874806 1.286321 -9.997533
v 10.642943 1.443811 -9.672642
v 10.522799 1.474586 -9.778863
v 10.535795 1.218188 -9.690055
v 10.719171 1.123921 -9.727267
v 10.696116 1.295809 -9.587768
v 10.614027 1.164905 -10.011577
v 10.852663 1.158352 -9.980243
v 10.517939 1.172072 -9.900432
v 10.633094 1.034562 -9.831550
vn -0.3546 0.9035 -0.2408
vn 0.0269 0.9388 0.3434
vn -0.6104 0.2314 0.7575
vn -0.1733 -0.6345 0.7532
vn -0.5651 -0.6955 -0.4437
vn 0.3636 -0.9293 0.0654
vn 0.2309 -0.1694 -0.9581
vn -0.9865 0.0068 0.1639
vn -0.9926 -0.0694 0.0995
vn -0.7494 -0.1840 -0.6360
vn -0.2456 0.7135 -0.6562
vn 0.3262 0.5026 -0.8006
vn 0.4153 -0.4754 0.7756
vn 0.9550 -0.1954 -0.2233
vn 0.9713 0.2294 -0.0626
vn 0.8684 0.2501 0.4283
vn 0.6808 0.5961 -0.4256
vn 0.3459 0.5913 0.7285
vn 0.0245 0.9673 0.2525
vn 0.3193 0.5551 0.7680
vn -0.5992 0.2253 0.7682
vn 0.0553 -0.8060 -0.5894
vn 0.5799 -0.7902 0.1985
vn 0.1153 -0.3113 -0.9433
vn -0.7977 -0.5714 0.1930
vn -0.7825 -0.1354 -0.6077
vn -0.1926 -0.6609 0.7253
vt 0.875000 0.649805
vt 0.849233 0.683396
vt 0.832712 0.540342
vt 0.580473 0.024703
vt 0.534759 0.188184
vt 0.498710 0.020990
vt 0.437420 0.135101
vt 0.411456 0.342495
vt 0.213804 0.511922
vt 0.337875 0.601179
vt 0.185175 0.619999
vt 0.611440 0.548317
vt 0.438499 0.522151
vt 0.536413 0.434917
vt 0.517900 0.691047
vt 0.378975 0.759339
vt 0.724211 0.603714
vt 0.568883 0.768659
vt 0.609419 0.213408
vt 0.625000 0.382072
vt 0.588498 0.519208
vt 0.209844 0.718096
vt 0.479559 0.953620
vt 0.390901 0.953078
vt 0.565332 0.774863
vt 0.583031 0.973602
vt 0.389658 0.010551
vt 0.376620 0.114133
vt 0.125000 0.581137
vt 0.375000 0.421875
s 0
g Cube.009_Material
usemtl Material
f 787/1583/1235 780/1584/1235 784/1585/1235
f 780/1586/1236 787/1587/1236 779/1588/1236
f 786/1589/1237 787/1587/1237 788/1590/1237
f 788/1591/1238 789/1592/1238 790/1593/1238
f 791/1594/1239 794/1595/1239 793/1596/1239
f 792/1597/1240 782/1598/1240 789/1592/1240
f 783/1599/1241 785/1600/1241 792/1597/1241
f 784/1601/1242 788/1590/1242 787/1587/1242
f 784/1601/1243 793/1596/1243 788/1590/1243
f 793/1596/1244 783/1602/1244 791/1603/1244
f 783/1599/1245 784/1585/1245 780/1584/1245
f 783/1599/1246 780/1584/1246 785/1600/1246
f 781/1604/1247 790/1593/1247 789/1592/1247 782/1598/1247
f 782/1598/1248 792/1597/1248 785/1600/1248
f 785/1600/1249 779/1605/1249 782/1598/1249
f 779/1605/1250 781/1606/1250 782/1598/1250
f 785/1607/1251 780/1608/1251 779/1605/1251
f 779/1588/1252 786/1589/1252 781/1609/1252
f 786/1589/1253 779/1588/1253 787/1587/1253
f 781/1609/1254 786/1589/1254 790/1610/1254
f 788/1591/1255 790/1593/1255 786/1611/1255
f 794/1595/1256 791/1594/1256 792/1597/1256
f 794/1595/1257 792/1597/1257 789/1592/1257
f 791/1594/1258 783/1599/1258 792/1597/1258
f 788/1590/1259 793/1596/1259 794/1595/1259
f 784/1601/1260 783/1602/1260 793/1596/1260
f 789/1612/1261 788/1590/1261 794/1595/1261
o Cube.010
v 11.966535 1.132098 -8.672827
v 11.870566 1.234395 -8.759610
v 11.733728 1.372209 -8.703811
v 11.909731 1.176148 -8.519635
v 12.128354 1.201025 -8.674247
v 11.885950 1.456274 -8.716458
v 11.669107 1.260826 -8.588675
v 11.891209 1.395093 -8.488398
v 12.086154 1.197953 -8.521528
vn 0.6925 0.6916 0.2053
vn 0.7150 0.6792 0.1657
vn -0.3773 0.7624 0.5257
vn -0.5763 0.7859 0.2241
vn -0.1904 0.2001 -0.9611
vn -0.7035 -0.7084 -0.0571
vn 0.3910 -0.9160 0.0896
vn 0.1197 -0.9415 0.3151
vn 0.3288 0.1583 -0.9310
vn -0.2791 -0.9426 -0.1832
vn -0.6327 -0.3481 -0.6918
vn 0.0278 -0.1389 0.9899
vn -0.3240 -0.1604 0.9324
vn 0.2101 -0.5104 -0.8339
vt 0.856741 0.527884
vt 0.792799 0.664448
vt 0.661337 0.518959
vt 0.570885 0.667835
vt 0.614877 0.834550
vt 0.495616 0.943630
vt 0.319826 0.718976
vt 0.602263 0.105449
vt 0.455701 0.107225
vt 0.553174 0.006579
vt 0.371255 0.573451
vt 0.135465 0.689951
vt 0.165587 0.530358
vt 0.553103 0.308270
vt 0.565029 0.471740
vt 0.392929 0.256090
vt 0.405598 0.560759
vt 0.171875 0.750000
s 0
g Cube.010_Material
usemtl Material
f 799/1613/1262 800/1614/1262 803/1615/1262
f 803/1615/1263 800/1614/1263 802/1616/1263
f 800/1617/1264 797/1618/1264 801/1619/1264
f 802/1616/1265 800/1617/1265 801/1619/1265
f 800/1620/1266 796/1621/1266 797/1622/1266
f 798/1623/1267 796/1624/1267 795/1625/1267
f 799/1626/1268 803/1627/1268 795/1628/1268
f 803/1627/1269 798/1629/1269 795/1628/1269
f 796/1621/1270 800/1620/1270 799/1626/1270
f 798/1623/1271 801/1619/1271 796/1624/1271
f 796/1624/1272 801/1619/1272 797/1630/1272
f 803/1615/1273 802/1616/1273 798/1629/1273
f 802/1616/1274 801/1619/1274 798/1629/1274
f 795/1628/1275 796/1621/1275 799/1626/1275
o Cube.011
v 10.561299 1.192180 -8.214736
v 10.950038 1.241507 -8.382442
v 10.765602 1.063506 -8.477820
v 10.783839 1.083974 -8.208728
v 10.783606 1.295247 -8.157429
v 10.640124 1.391077 -8.331355
v 10.551487 1.178898 -8.453215
v 10.799496 1.447358 -8.367580
v 10.761929 1.290884 -8.511387
vn 0.5411 -0.1143 -0.8331
vn 0.6923 -0.7216 0.0080
vn -0.4378 -0.8965 0.0679
vn -0.1396 -0.2338 0.9622
vn -0.1547 0.8058 0.5716
vn -0.4443 0.5776 0.6848
vn -0.9260 0.3770 0.0171
vn -0.4885 0.5790 -0.6528
vn -0.1904 -0.1464 -0.9707
vn 0.5794 0.4717 -0.6646
vn -0.3817 0.6734 -0.6331
vn -0.4633 -0.8807 0.0984
vn 0.7780 -0.1474 0.6107
vn 0.7440 0.5132 0.4278
vt 0.534218 0.539052
vt 0.807613 0.537738
vt 0.651467 0.712344
vt 0.812212 0.722590
vt 0.440472 0.699464
vt 0.505279 0.954605
vt 0.394685 0.910428
vt 0.529494 0.041599
vt 0.440272 0.169217
vt 0.407900 0.015209
vt 0.224689 0.500632
vt 0.298939 0.554231
vt 0.143822 0.628706
vt 0.350796 0.501919
vt 0.236030 0.724989
vt 0.358556 0.714558
vt 0.602122 0.296489
vt 0.527241 0.521298
vt 0.452229 0.375318
s 0
g Cube.011_Material
usemtl Material
f 812/1631/1276 805/1632/1276 806/1633/1276
f 806/1633/1277 805/1632/1277 807/1634/1277
f 810/1635/1278 807/1636/1278 804/1637/1278
f 807/1638/1279 808/1639/1279 804/1640/1279
f 811/1641/1280 809/1642/1280 808/1643/1280
f 808/1643/1281 809/1644/1281 804/1645/1281
f 809/1644/1282 810/1646/1282 804/1645/1282
f 809/1644/1283 812/1631/1283 810/1635/1283
f 812/1631/1284 806/1633/1284 810/1635/1284
f 805/1647/1285 812/1648/1285 811/1649/1285
f 811/1649/1286 812/1631/1286 809/1644/1286
f 806/1633/1287 807/1636/1287 810/1635/1287
f 807/1638/1288 805/1647/1288 808/1639/1288
f 805/1647/1289 811/1649/1289 808/1639/1289
o Cube.006
v 11.104031 1.153924 -8.265572
v 10.959948 1.194571 -8.180470
v 10.970810 1.307324 -8.336910
v 11.006294 1.112216 -8.264777
v 10.936842 1.208104 -8.298401
v 10.998916 1.189491 -8.393212
v 11.108841 1.234927 -8.294869
v 11.038630 1.230737 -8.157853
v 10.987638 1.330235 -8.245578
vn 0.3366 -0.7982 -0.4996
vn -0.7025 -0.6269 -0.3368
vn 0.4732 0.4691 -0.7457
vn 0.1634 -0.7537 0.6366
vn 0.2671 -0.6118 0.7445
vn 0.6628 0.6568 0.3597
vn 0.8829 0.1124 0.4559
vn -0.4341 0.4603 0.7744
vn -0.9311 0.2938 0.2161
vn -0.9324 0.3517 0.0836
vn -0.8285 0.0679 -0.5558
vn 0.7018 -0.2788 -0.6556
vn 0.5129 0.8056 -0.2966
vn -0.8219 -0.5614 0.0966
vt 0.423616 0.817668
vt 0.438163 0.985880
vt 0.399025 0.926987
vt 0.584080 0.909473
vt 0.477709 0.045024
vt 0.607265 0.122218
vt 0.441545 0.286085
vt 0.565477 0.549583
vt 0.592013 0.712367
vt 0.289400 0.584684
vt 0.400831 0.754486
vt 0.615924 0.357557
vt 0.551199 0.540629
vt 0.429879 0.509305
vt 0.769145 0.562221
vt 0.604783 0.677624
vt 0.780055 0.741830
vt 0.860509 0.631959
vt 0.567506 0.015179
vt 0.377433 0.096481
s 0
g Cube.006_Material
usemtl Material
f 816/1650/1290 818/1651/1290 813/1652/1290
f 817/1653/1291 818/1651/1291 816/1650/1291
f 818/1654/1292 815/1655/1292 819/1656/1292
f 820/1657/1293 814/1658/1293 813/1659/1293
f 814/1658/1294 816/1660/1294 813/1659/1294
f 819/1656/1295 821/1661/1295 820/1662/1295
f 820/1662/1296 813/1663/1296 819/1656/1296
f 820/1657/1297 821/1664/1297 814/1665/1297
f 814/1665/1298 821/1664/1298 817/1666/1298
f 821/1664/1299 815/1667/1299 817/1666/1299
f 817/1668/1300 815/1655/1300 818/1654/1300
f 813/1669/1301 818/1654/1301 819/1656/1301
f 819/1656/1302 815/1655/1302 821/1661/1302
f 814/1658/1303 817/1653/1303 816/1650/1303
o Cube.007
v 10.861181 1.157245 -8.225597
v 10.767428 1.255633 -8.335505
v 10.960941 1.231332 -8.254679
v 10.990274 1.217670 -8.386345
v 10.936701 1.087263 -8.329228
v 10.786861 1.101096 -8.315804
v 10.867124 1.268731 -8.418523
v 10.851575 1.295951 -8.282240
v 10.793802 1.141126 -8.413667
vn -0.9821 -0.1397 -0.1268
vn -0.6032 0.2654 0.7521
vn -0.6286 0.3345 -0.7021
vn -0.0104 0.3774 0.9260
vn 0.5440 -0.4560 0.7044
vn 0.5043 0.8632 0.0228
vn 0.1924 -0.1474 -0.9702
vn -0.7672 -0.0147 0.6412
vn -0.0285 -0.8379 0.5451
vn -0.1189 -0.9160 -0.3831
vn 0.9308 -0.2789 0.2363
vn 0.4092 0.9026 -0.1336
vn -0.3048 0.9267 -0.2199
vn 0.3027 -0.4840 -0.8210
vt 0.862532 0.586626
vt 0.666025 0.612825
vt 0.793538 0.524739
vt 0.799625 0.742317
vt 0.596159 0.725728
vt 0.676667 0.500000
vt 0.533198 0.702151
vt 0.502729 0.907748
vt 0.315429 0.689365
vt 0.215046 0.717794
vt 0.139986 0.551629
vt 0.365533 0.517965
vt 0.592775 0.342442
vt 0.523296 0.508923
vt 0.395346 0.376049
vt 0.510142 0.020803
vt 0.592582 0.143625
vt 0.414253 0.208459
s 0
g Cube.007_Material
usemtl Material
f 827/1670/1304 823/1671/1304 830/1672/1304
f 823/1671/1305 822/1673/1305 829/1674/1305
f 830/1672/1306 823/1671/1306 828/1675/1306
f 829/1676/1307 822/1677/1307 824/1678/1307
f 824/1678/1308 822/1679/1308 826/1680/1308
f 825/1681/1309 829/1676/1309 824/1678/1309
f 830/1682/1310 828/1683/1310 825/1684/1310
f 827/1670/1311 822/1673/1311 823/1671/1311
f 822/1685/1312 827/1686/1312 826/1687/1312
f 826/1687/1313 827/1686/1313 830/1682/1313
f 826/1680/1314 825/1681/1314 824/1678/1314
f 825/1681/1315 828/1683/1315 829/1676/1315
f 828/1683/1316 823/1671/1316 829/1676/1316
f 826/1687/1317 830/1682/1317 825/1684/1317
o Cube.008
v 10.546842 1.111618 -8.415125
v 10.640349 1.135696 -8.505416
v 10.666993 1.210982 -8.589234
v 10.568229 1.270435 -8.518735
v 10.522717 1.230589 -8.676241
v 10.450248 1.178191 -8.553452
v 10.517155 1.060920 -8.497479
v 10.660662 1.197336 -8.677594
v 10.570564 1.111093 -8.646769
vn 0.6812 0.4236 0.5971
vn 0.4177 0.8929 -0.1678
vn -0.6115 0.7909 -0.0234
vn -0.8459 -0.2605 0.4653
vn 0.5112 -0.8532 -0.1039
vn 0.6444 -0.7409 -0.1892
vn -0.6908 -0.4215 -0.5875
vn -0.0737 -0.2665 -0.9610
vn 0.9378 -0.3470 -0.0136
vn 0.5879 0.3850 0.7115
vn 0.2209 0.9284 -0.2987
vn -0.5795 0.4986 0.6446
vn 0.5076 -0.8033 0.3115
vn -0.6730 -0.5942 -0.4405
vt 0.551771 0.821043
vt 0.490236 0.981936
vt 0.443965 0.755163
vt 0.609545 0.740303
vt 0.579499 0.265268
vt 0.447677 0.232718
vt 0.490446 0.016300
vt 0.320967 0.499695
vt 0.242238 0.673984
vt 0.142687 0.564850
vt 0.543218 0.480597
vt 0.654480 0.663904
vt 0.651690 0.523626
vt 0.809399 0.589510
vt 0.375000 0.930496
vt 0.603518 0.001237
vt 0.583364 0.169025
vt 0.384386 0.054537
vt 0.382289 0.419599
s 0
g Cube.008_Material
usemtl Material
f 833/1688/1318 834/1689/1318 832/1690/1318
f 833/1688/1319 838/1691/1319 834/1689/1319
f 835/1692/1320 836/1693/1320 834/1694/1320
f 837/1695/1321 831/1696/1321 836/1697/1321
f 839/1698/1322 832/1690/1322 837/1695/1322
f 839/1698/1323 838/1699/1323 832/1690/1323
f 835/1692/1324 839/1698/1324 836/1693/1324
f 839/1700/1325 835/1701/1325 838/1699/1325
f 838/1699/1326 833/1688/1326 832/1690/1326
f 831/1702/1327 832/1690/1327 834/1689/1327
f 838/1703/1328 835/1704/1328 834/1694/1328
f 831/1705/1329 834/1694/1329 836/1693/1329
f 831/1696/1330 837/1695/1330 832/1690/1330
f 837/1706/1331 836/1693/1331 839/1698/1331
o Cube.009
v 11.115047 1.003573 -8.360765
v 11.149582 1.114338 -8.255850
v 10.959617 0.966710 -8.418439
v 10.969127 1.060647 -8.549287
v 11.069109 1.323219 -8.282520
v 11.003108 1.228487 -8.148540
v 11.115223 1.212212 -8.484606
v 10.958637 0.987924 -8.230402
v 10.974180 1.091740 -8.134612
v 10.785679 1.112443 -8.275780
v 10.825943 1.117385 -8.453546
v 10.854032 0.961287 -8.342361
v 10.936456 1.344207 -8.368680
v 11.021265 1.251127 -8.536159
v 10.847754 1.288962 -8.294737
v 10.783619 1.251636 -8.444573
vn 0.5715 -0.0374 0.8198
vn 0.4747 -0.6787 0.5603
vn -0.5473 -0.5218 0.6543
vn -0.9217 -0.3209 -0.2177
vn -0.5220 0.8529 0.0110
vn -0.4914 0.1930 -0.8493
vn 0.5079 0.7986 -0.3228
vn -0.5728 0.2021 0.7944
vn -0.5938 0.2894 0.7507
vn -0.1605 0.8733 0.4599
vn 0.7161 0.3528 0.6022
vn 0.9324 0.3611 0.0144
vn -0.5320 -0.6090 -0.5883
vn 0.4593 -0.0647 -0.8859
vn 0.6733 -0.3778 -0.6355
vn 0.3754 -0.7656 -0.5224
vn 0.9735 -0.1174 -0.1965
vn 0.1901 -0.9755 0.1110
vn 0.5414 -0.6125 0.5760
vn 0.1312 -0.9850 0.1118
vn -0.5517 -0.5323 0.6421
vn -0.2120 0.8047 -0.5546
vn -0.3592 -0.0510 -0.9319
vn 0.3452 0.8836 -0.3163
vn -0.8909 0.3450 0.2954
vn -0.1587 0.8413 0.5167
vn -0.9346 -0.2800 -0.2195
vt 0.875000 0.649805
vt 0.849233 0.683396
vt 0.832712 0.540342
vt 0.580473 0.024703
vt 0.534759 0.188184
vt 0.498710 0.020990
vt 0.437420 0.135101
vt 0.411456 0.342495
vt 0.213804 0.511922
vt 0.337875 0.601179
vt 0.185175 0.619999
vt 0.611440 0.548317
vt 0.438499 0.522151
vt 0.536413 0.434917
vt 0.517900 0.691047
vt 0.378975 0.759339
vt 0.724211 0.603714
vt 0.568883 0.768659
vt 0.609419 0.213408
vt 0.625000 0.382072
vt 0.588498 0.519208
vt 0.209844 0.718096
vt 0.479559 0.953620
vt 0.390901 0.953078
vt 0.565332 0.774863
vt 0.583031 0.973602
vt 0.389658 0.010551
vt 0.376620 0.114133
vt 0.125000 0.581137
vt 0.375000 0.421875
s 0
g Cube.009_Material
usemtl Material
f 848/1707/1332 841/1708/1332 845/1709/1332
f 841/1710/1333 848/1711/1333 840/1712/1333
f 847/1713/1334 848/1711/1334 849/1714/1334
f 849/1715/1335 850/1716/1335 851/1717/1335
f 852/1718/1336 855/1719/1336 854/1720/1336
f 853/1721/1337 843/1722/1337 850/1716/1337
f 844/1723/1338 846/1724/1338 853/1721/1338
f 845/1725/1339 849/1714/1339 848/1711/1339
f 845/1725/1340 854/1720/1340 849/1714/1340
f 854/1720/1341 844/1726/1341 852/1727/1341
f 844/1723/1342 845/1709/1342 841/1708/1342
f 844/1723/1343 841/1708/1343 846/1724/1343
f 842/1728/1344 851/1717/1344 850/1716/1344 843/1722/1344
f 843/1722/1345 853/1721/1345 846/1724/1345
f 846/1724/1346 840/1729/1346 843/1722/1346
f 840/1729/1347 842/1730/1347 843/1722/1347
f 846/1731/1348 841/1732/1348 840/1729/1348
f 840/1712/1349 847/1713/1349 842/1733/1349
f 847/1713/1350 840/1712/1350 848/1711/1350
f 842/1733/1351 847/1713/1351 851/1734/1351
f 849/1715/1352 851/1717/1352 847/1735/1352
f 855/1719/1353 852/1718/1353 853/1721/1353
f 855/1719/1354 853/1721/1354 850/1716/1354
f 852/1718/1355 844/1723/1355 853/1721/1355
f 849/1714/1356 854/1720/1356 855/1719/1356
f 845/1725/1357 844/1726/1357 854/1720/1357
f 850/1736/1358 849/1714/1358 855/1719/1358
o Cube.010
v 10.560996 1.271860 -8.640329
v 10.702485 1.187592 -8.650898
v 10.767044 1.018720 -8.560433
v 10.487400 1.173335 -8.523975
v 10.468678 1.234289 -8.785361
v 10.691505 0.968927 -8.709571
v 10.705183 1.076313 -8.409692
v 10.506653 0.955596 -8.562985
v 10.379434 1.182407 -8.665024
vn -0.4986 -0.5979 -0.6276
vn -0.4848 -0.5703 -0.6632
vn -0.0494 -0.9396 0.3387
vn 0.3092 -0.8997 0.3081
vn 0.8777 0.0826 -0.4721
vn 0.3910 0.5655 0.7262
vn -0.4472 0.8929 0.0533
vn -0.4487 0.8016 0.3950
vn 0.5181 0.1973 -0.8323
vn 0.1828 0.8935 0.4102
vn 0.8777 0.4387 0.1926
vn -0.7872 -0.1755 0.5912
vn -0.5224 -0.1949 0.8301
vn 0.4252 0.7730 -0.4709
vt 0.856741 0.527884
vt 0.792799 0.664448
vt 0.661337 0.518959
vt 0.570885 0.667835
vt 0.614877 0.834550
vt 0.495616 0.943630
vt 0.319826 0.718976
vt 0.602263 0.105449
vt 0.455701 0.107225
vt 0.553174 0.006579
vt 0.371255 0.573451
vt 0.135465 0.689951
vt 0.165587 0.530358
vt 0.553103 0.308270
vt 0.565029 0.471740
vt 0.392929 0.256090
vt 0.405598 0.560759
vt 0.171875 0.750000
s 0
g Cube.010_Material
usemtl Material
f 860/1737/1359 861/1738/1359 864/1739/1359
f 864/1739/1360 861/1738/1360 863/1740/1360
f 861/1741/1361 858/1742/1361 862/1743/1361
f 863/1740/1362 861/1741/1362 862/1743/1362
f 861/1744/1363 857/1745/1363 858/1746/1363
f 859/1747/1364 857/1748/1364 856/1749/1364
f 860/1750/1365 864/1751/1365 856/1752/1365
f 864/1751/1366 859/1753/1366 856/1752/1366
f 857/1745/1367 861/1744/1367 860/1750/1367
f 859/1747/1368 862/1743/1368 857/1748/1368
f 857/1748/1369 862/1743/1369 858/1754/1369
f 864/1739/1370 863/1740/1370 859/1753/1370
f 863/1740/1371 862/1743/1371 859/1753/1371
f 856/1752/1372 857/1745/1372 860/1750/1372
o Cube.011
v 10.864337 1.233068 -9.816065
v 11.127373 0.917321 -9.826657
v 11.192628 1.163904 -9.893863
v 10.958653 1.080763 -9.973863
v 10.862893 0.990425 -9.810652
v 10.944360 1.116635 -9.628263
v 11.072620 1.299465 -9.742813
v 11.015098 0.966454 -9.612919
v 11.165989 1.089344 -9.686777
vn 0.9685 -0.2465 0.0358
vn 0.4100 -0.3393 -0.8466
vn 0.0123 0.7231 -0.6906
vn -0.8610 -0.0062 -0.5086
vn -0.7719 -0.3067 0.5570
vn -0.9166 0.0144 0.3995
vn -0.4268 0.6759 0.6009
vn 0.2794 0.3614 0.8896
vn 0.8505 0.4504 0.2716
vn 0.6827 -0.5471 0.4844
vn 0.2745 0.2248 0.9349
vn -0.0279 0.7328 -0.6799
vn -0.2498 -0.7776 -0.5770
vn -0.2607 -0.9617 0.0841
vt 0.534218 0.539052
vt 0.807613 0.537738
vt 0.651467 0.712344
vt 0.812212 0.722590
vt 0.440472 0.699464
vt 0.505279 0.954605
vt 0.394685 0.910428
vt 0.529494 0.041599
vt 0.440272 0.169217
vt 0.407900 0.015209
vt 0.224689 0.500632
vt 0.298939 0.554231
vt 0.143822 0.628706
vt 0.350796 0.501919
vt 0.236030 0.724989
vt 0.358556 0.714558
vt 0.602122 0.296489
vt 0.527241 0.521298
vt 0.452229 0.375318
s 0
g Cube.011_Material
usemtl Material
f 873/1755/1373 866/1756/1373 867/1757/1373
f 867/1757/1374 866/1756/1374 868/1758/1374
f 871/1759/1375 868/1760/1375 865/1761/1375
f 868/1762/1376 869/1763/1376 865/1764/1376
f 872/1765/1377 870/1766/1377 869/1767/1377
f 869/1767/1378 870/1768/1378 865/1769/1378
f 870/1768/1379 871/1770/1379 865/1769/1379
f 870/1768/1380 873/1755/1380 871/1759/1380
f 873/1755/1381 867/1757/1381 871/1759/1381
f 866/1771/1382 873/1772/1382 872/1773/1382
f 872/1773/1383 873/1755/1383 870/1768/1383
f 867/1757/1384 868/1760/1384 871/1759/1384
f 868/1762/1385 866/1771/1385 869/1763/1385
f 866/1771/1386 872/1773/1386 869/1763/1386
o Cube.006
v 11.739911 1.135241 -9.554555
v 11.683387 0.954059 -9.569526
v 11.514289 1.079275 -9.605918
v 11.743670 1.057306 -9.642389
v 11.612378 1.025042 -9.657814
v 11.613359 1.147407 -9.691675
v 11.652214 1.159523 -9.525971
v 11.687662 0.999030 -9.481489
v 11.537070 1.022671 -9.519543
vn 0.6113 0.6048 -0.5105
vn 0.1763 -0.2638 -0.9483
vn -0.5285 0.8466 0.0620
vn 0.9463 -0.3043 0.1095
vn 0.8999 -0.3064 0.3104
vn -0.2067 0.2187 0.9537
vn 0.3730 0.3234 0.8696
vn -0.2484 -0.8577 0.4502
vn -0.4840 -0.8298 -0.2778
vn -0.5847 -0.7406 -0.3311
vn -0.5481 -0.2190 -0.8072
vn 0.2271 0.9660 -0.1239
vn -0.6346 0.5590 0.5337
vn 0.2443 -0.6503 -0.7193
vt 0.423616 0.817668
vt 0.438163 0.985880
vt 0.399025 0.926987
vt 0.584080 0.909473
vt 0.477709 0.045024
vt 0.607265 0.122218
vt 0.441545 0.286085
vt 0.565477 0.549583
vt 0.592013 0.712367
vt 0.289400 0.584684
vt 0.400831 0.754486
vt 0.615924 0.357557
vt 0.551199 0.540629
vt 0.429879 0.509305
vt 0.769145 0.562221
vt 0.604783 0.677624
vt 0.780055 0.741830
vt 0.860509 0.631959
vt 0.567506 0.015179
vt 0.377433 0.096481
s 0
g Cube.006_Material
usemtl Material
f 877/1774/1387 879/1775/1387 874/1776/1387
f 878/1777/1388 879/1775/1388 877/1774/1388
f 879/1778/1389 876/1779/1389 880/1780/1389
f 881/1781/1390 875/1782/1390 874/1783/1390
f 875/1782/1391 877/1784/1391 874/1783/1391
f 880/1780/1392 882/1785/1392 881/1786/1392
f 881/1786/1393 874/1787/1393 880/1780/1393
f 881/1781/1394 882/1788/1394 875/1789/1394
f 875/1789/1395 882/1788/1395 878/1790/1395
f 882/1788/1396 876/1791/1396 878/1790/1396
f 878/1792/1397 876/1779/1397 879/1778/1397
f 874/1793/1398 879/1778/1398 880/1780/1398
f 880/1780/1399 876/1779/1399 882/1785/1399
f 875/1782/1400 878/1777/1400 877/1774/1400
o Cube.007
v 11.672922 1.005542 -8.743589
v 11.704043 1.148834 -8.647849
v 11.563835 0.993350 -8.678006
v 11.592200 0.972250 -8.546841
v 11.698995 0.909892 -8.635915
v 11.788211 1.021503 -8.685864
v 11.651878 1.095857 -8.540421
v 11.603644 1.117111 -8.670241
v 11.785899 1.052580 -8.584376
vn 0.8013 0.5769 -0.1584
vn 0.0106 0.5539 -0.8325
vn 0.4149 0.7198 0.5565
vn -0.5206 0.2192 -0.8252
vn -0.2767 -0.7507 -0.5999
vn -0.9271 0.2828 0.2460
vn 0.2561 -0.1730 0.9511
vn 0.3425 0.4694 -0.8139
vn 0.4164 -0.6273 -0.6581
vn 0.8066 -0.5598 0.1898
vn -0.5196 -0.8541 -0.0250
vn -0.8419 0.3869 0.3762
vn -0.3449 0.8974 0.2751
vn 0.3609 -0.5034 0.7851
vt 0.862532 0.586626
vt 0.666025 0.612825
vt 0.793538 0.524739
vt 0.799625 0.742317
vt 0.596159 0.725728
vt 0.676667 0.500000
vt 0.533198 0.702151
vt 0.502729 0.907748
vt 0.315429 0.689365
vt 0.215046 0.717794
vt 0.139986 0.551629
vt 0.365533 0.517965
vt 0.592775 0.342442
vt 0.523296 0.508923
vt 0.395346 0.376049
vt 0.510142 0.020803
vt 0.592582 0.143625
vt 0.414253 0.208459
s 0
g Cube.007_Material
usemtl Material
f 888/1794/1401 884/1795/1401 891/1796/1401
f 884/1795/1402 883/1797/1402 890/1798/1402
f 891/1796/1403 884/1795/1403 889/1799/1403
f 890/1800/1404 883/1801/1404 885/1802/1404
f 885/1802/1405 883/1803/1405 887/1804/1405
f 886/1805/1406 890/1800/1406 885/1802/1406
f 891/1806/1407 889/1807/1407 886/1808/1407
f 888/1794/1408 883/1797/1408 884/1795/1408
f 883/1809/1409 888/1810/1409 887/1811/1409
f 887/1811/1410 888/1810/1410 891/1806/1410
f 887/1804/1411 886/1805/1411 885/1802/1411
f 886/1805/1412 889/1807/1412 890/1800/1412
f 889/1807/1413 884/1795/1413 890/1800/1413
f 887/1811/1414 891/1806/1414 886/1808/1414
o Cube.008
v 10.386398 1.164831 -8.922290
v 10.443089 1.026391 -8.811355
v 10.579464 0.960661 -8.750663
v 10.632905 1.129264 -8.821071
v 10.726938 0.944929 -8.938027
v 10.605380 1.093339 -9.032871
v 10.404775 1.053394 -9.009214
v 10.633969 0.852701 -8.786976
v 10.551847 0.882509 -8.945492
vn -0.1869 0.4284 0.8840
vn 0.6731 0.0930 0.7337
vn 0.8165 0.5422 -0.1981
vn -0.2084 0.5800 -0.7876
vn -0.7677 -0.6378 0.0616
vn -0.6722 -0.7085 0.2150
vn 0.1863 -0.4162 -0.8900
vn 0.3289 -0.8824 -0.3363
vn -0.5418 -0.5006 0.6752
vn -0.2517 0.5403 0.8029
vn 0.8294 0.0715 0.5541
vn 0.2164 0.9575 -0.1905
vn -0.9511 -0.2716 0.1471
vn -0.0345 -0.3751 -0.9263
vt 0.551771 0.821043
vt 0.490236 0.981936
vt 0.443965 0.755163
vt 0.609545 0.740303
vt 0.579499 0.265268
vt 0.447677 0.232718
vt 0.490446 0.016300
vt 0.320967 0.499695
vt 0.242238 0.673984
vt 0.142687 0.564850
vt 0.543218 0.480597
vt 0.654480 0.663904
vt 0.651690 0.523626
vt 0.809399 0.589510
vt 0.375000 0.930496
vt 0.603518 0.001237
vt 0.583364 0.169025
vt 0.384386 0.054537
vt 0.382289 0.419599
s 0
g Cube.008_Material
usemtl Material
f 894/1812/1415 895/1813/1415 893/1814/1415
f 894/1812/1416 899/1815/1416 895/1813/1416
f 896/1816/1417 897/1817/1417 895/1818/1417
f 898/1819/1418 892/1820/1418 897/1821/1418
f 900/1822/1419 893/1814/1419 898/1819/1419
f 900/1822/1420 899/1823/1420 893/1814/1420
f 896/1816/1421 900/1822/1421 897/1817/1421
f 900/1824/1422 896/1825/1422 899/1823/1422
f 899/1823/1423 894/1812/1423 893/1814/1423
f 892/1826/1424 893/1814/1424 895/1813/1424
f 899/1827/1425 896/1828/1425 895/1818/1425
f 892/1829/1426 895/1818/1426 897/1817/1426
f 892/1820/1427 898/1819/1427 893/1814/1427
f 898/1830/1428 897/1817/1428 900/1822/1428
o Cube.009
v 10.355870 0.789167 -9.069839
v 10.338523 0.911290 -8.913454
v 10.454822 0.836178 -9.256286
v 10.635802 0.754513 -9.203482
v 10.570127 1.046810 -8.811548
v 10.414895 1.173482 -8.914373
v 10.627843 0.775390 -8.923960
v 10.313661 1.018178 -9.185534
v 10.308194 1.142991 -9.054639
v 10.540838 1.166232 -9.244243
v 10.674146 0.976428 -9.254498
v 10.440521 0.982358 -9.333307
v 10.727872 1.078217 -8.935684
v 10.750890 0.817681 -8.988363
v 10.666686 1.186078 -9.041472
v 10.796132 1.080228 -9.173255
vn -0.7976 0.2343 0.5558
vn -0.9911 -0.1333 -0.0059
vn -0.5419 0.5968 -0.5917
vn 0.3139 0.2697 -0.9103
vn 0.7413 0.6347 0.2184
vn 0.8830 -0.2447 -0.4006
vn 0.5127 -0.2332 0.8263
vn -0.1680 0.9821 -0.0857
vn -0.0754 0.9959 -0.0507
vn 0.3107 0.7495 0.5845
vn -0.4657 0.1387 0.8740
vn -0.1582 -0.4063 0.8999
vn 0.2206 -0.3333 -0.9167
vn 0.3610 -0.9291 0.0797
vn -0.0888 -0.9935 0.0717
vn -0.2881 -0.8811 -0.3751
vn -0.3367 -0.7599 0.5560
vn -0.7655 -0.3969 -0.5064
vn -0.9866 -0.1368 0.0892
vn -0.7483 -0.3651 -0.5539
vn -0.5386 0.5867 -0.6046
vn 0.9606 0.0290 0.2763
vn 0.7305 -0.4729 -0.4927
vn 0.6276 -0.1007 0.7720
vn 0.3814 0.8667 -0.3215
vn 0.2522 0.7771 0.5766
vn 0.3461 0.2913 -0.8918
vt 0.875000 0.649805
vt 0.849233 0.683396
vt 0.832712 0.540342
vt 0.580473 0.024703
vt 0.534759 0.188184
vt 0.498710 0.020990
vt 0.437420 0.135101
vt 0.411456 0.342495
vt 0.213804 0.511922
vt 0.337875 0.601179
vt 0.185175 0.619999
vt 0.611440 0.548317
vt 0.438499 0.522151
vt 0.536413 0.434917
vt 0.517900 0.691047
vt 0.378975 0.759339
vt 0.724211 0.603714
vt 0.568883 0.768659
vt 0.609419 0.213408
vt 0.625000 0.382072
vt 0.588498 0.519208
vt 0.209844 0.718096
vt 0.479559 0.953620
vt 0.390901 0.953078
vt 0.565332 0.774863
vt 0.583031 0.973602
vt 0.389658 0.010551
vt 0.376620 0.114133
vt 0.125000 0.581137
vt 0.375000 0.421875
s 0
g Cube.009_Material
usemtl Material
f 909/1831/1429 902/1832/1429 906/1833/1429
f 902/1834/1430 909/1835/1430 901/1836/1430
f 908/1837/1431 909/1835/1431 910/1838/1431
f 910/1839/1432 911/1840/1432 912/1841/1432
f 913/1842/1433 916/1843/1433 915/1844/1433
f 914/1845/1434 904/1846/1434 911/1840/1434
f 905/1847/1435 907/1848/1435 914/1845/1435
f 906/1849/1436 910/1838/1436 909/1835/1436
f 906/1849/1437 915/1844/1437 910/1838/1437
f 915/1844/1438 905/1850/1438 913/1851/1438
f 905/1847/1439 906/1833/1439 902/1832/1439
f 905/1847/1440 902/1832/1440 907/1848/1440
f 903/1852/1441 912/1841/1441 911/1840/1441 904/1846/1441
f 904/1846/1442 914/1845/1442 907/1848/1442
f 907/1848/1443 901/1853/1443 904/1846/1443
f 901/1853/1444 903/1854/1444 904/1846/1444
f 907/1855/1445 902/1856/1445 901/1853/1445
f 901/1836/1446 908/1837/1446 903/1857/1446
f 908/1837/1447 901/1836/1447 909/1835/1447
f 903/1857/1448 908/1837/1448 912/1858/1448
f 910/1839/1449 912/1841/1449 908/1859/1449
f 916/1843/1450 913/1842/1450 914/1845/1450
f 916/1843/1451 914/1845/1451 911/1840/1451
f 913/1842/1452 905/1847/1452 914/1845/1452
f 910/1838/1453 915/1844/1453 916/1843/1453
f 906/1849/1454 905/1850/1454 915/1844/1454
f 911/1860/1455 910/1838/1455 916/1843/1455
o Cube.010
v 11.274923 1.081514 -9.594012
v 11.231300 0.937269 -9.552458
v 11.230470 0.770829 -9.647173
v 11.315113 1.046559 -9.745281
v 11.423261 1.109100 -9.523133
v 11.376131 0.779690 -9.569662
v 11.168389 0.846321 -9.778502
v 11.430537 0.871971 -9.766201
v 11.448248 1.118226 -9.670947
vn 0.9747 -0.1613 0.1548
vn 0.9689 -0.1468 0.1993
vn 0.3564 -0.7273 -0.5865
vn 0.1078 -0.9111 -0.3979
vn -0.3973 -0.4524 0.7984
vn -0.9350 0.1980 -0.2942
vn -0.1954 0.9803 0.0275
vn -0.3210 0.9005 -0.2934
vn -0.0299 -0.1356 0.9903
vn -0.8054 0.5925 -0.0142
vn -0.9253 -0.1841 0.3316
vn 0.3241 0.3209 -0.8899
vn 0.0327 0.1402 -0.9896
vn -0.4556 0.3709 0.8092
vt 0.856741 0.527884
vt 0.792799 0.664448
vt 0.661337 0.518959
vt 0.570885 0.667835
vt 0.614877 0.834550
vt 0.495616 0.943630
vt 0.319826 0.718976
vt 0.602263 0.105449
vt 0.455701 0.107225
vt 0.553174 0.006579
vt 0.371255 0.573451
vt 0.135465 0.689951
vt 0.165587 0.530358
vt 0.553103 0.308270
vt 0.565029 0.471740
vt 0.392929 0.256090
vt 0.405598 0.560759
vt 0.171875 0.750000
s 0
g Cube.010_Material
usemtl Material
f 921/1861/1456 922/1862/1456 925/1863/1456
f 925/1863/1457 922/1862/1457 924/1864/1457
f 922/1865/1458 919/1866/1458 923/1867/1458
f 924/1864/1459 922/1865/1459 923/1867/1459
f 922/1868/1460 918/1869/1460 919/1870/1460
f 920/1871/1461 918/1872/1461 917/1873/1461
f 921/1874/1462 925/1875/1462 917/1876/1462
f 925/1875/1463 920/1877/1463 917/1876/1463
f 918/1869/1464 922/1868/1464 921/1874/1464
f 920/1871/1465 923/1867/1465 918/1872/1465
f 918/1872/1466 923/1867/1466 919/1878/1466
f 925/1863/1467 924/1864/1467 920/1877/1467
f 924/1864/1468 923/1867/1468 920/1877/1468
f 917/1876/1469 918/1869/1469 921/1874/1469
o Cube.011
v 10.846443 0.706620 -8.584554
v 10.939976 1.112279 -8.671080
v 10.744827 0.971633 -8.799808
v 10.974162 0.838630 -8.749576
v 11.028300 0.874523 -8.542647
v 10.810094 0.894253 -8.434361
v 10.647187 0.830810 -8.626282
v 10.876918 1.053186 -8.431344
v 10.729352 1.058195 -8.588024
vn -0.3665 0.8516 -0.3748
vn 0.3662 0.2986 -0.8813
vn -0.2547 -0.6494 -0.7166
vn 0.6839 -0.7276 -0.0527
vn 0.4219 -0.1942 0.8856
vn 0.3309 -0.5498 0.7670
vn -0.5031 -0.5974 0.6245
vn -0.7785 0.1801 0.6013
vn -0.9064 0.3637 -0.2149
vn -0.1720 0.9660 0.1929
vn -0.6945 0.2794 0.6630
vn -0.2439 -0.6813 -0.6902
vn 0.9394 0.1977 -0.2801
vn 0.8115 0.4808 0.3320
vt 0.534218 0.539052
vt 0.807613 0.537738
vt 0.651467 0.712344
vt 0.812212 0.722590
vt 0.440472 0.699464
vt 0.505279 0.954605
vt 0.394685 0.910428
vt 0.529494 0.041599
vt 0.440272 0.169217
vt 0.407900 0.015209
vt 0.224689 0.500632
vt 0.298939 0.554231
vt 0.143822 0.628706
vt 0.350796 0.501919
vt 0.236030 0.724989
vt 0.358556 0.714558
vt 0.602122 0.296489
vt 0.527241 0.521298
vt 0.452229 0.375318
s 0
g Cube.011_Material
usemtl Material
f 934/1879/1470 927/1880/1470 928/1881/1470
f 928/1881/1471 927/1880/1471 929/1882/1471
f 932/1883/1472 929/1884/1472 926/1885/1472
f 929/1886/1473 930/1887/1473 926/1888/1473
f 933/1889/1474 931/1890/1474 930/1891/1474
f 930/1891/1475 931/1892/1475 926/1893/1475
f 931/1892/1476 932/1894/1476 926/1893/1476
f 931/1892/1477 934/1879/1477 932/1883/1477
f 934/1879/1478 928/1881/1478 932/1883/1478
f 927/1895/1479 934/1896/1479 933/1897/1479
f 933/1897/1480 934/1879/1480 931/1892/1480
f 928/1881/1481 929/1884/1481 932/1883/1481
f 929/1886/1482 927/1895/1482 930/1887/1482
f 927/1895/1483 933/1897/1483 930/1887/1483
o Cube.006
v 10.742265 0.873031 -9.601938
v 10.842054 0.818630 -9.430558
v 10.980711 0.956115 -9.553321
v 10.741538 0.918477 -9.483457
v 10.882800 0.953389 -9.462739
v 10.846146 1.041411 -9.561311
v 10.832477 0.881013 -9.651050
v 10.842454 0.755611 -9.516881
v 10.986181 0.842772 -9.540236
vn -0.8069 0.5499 -0.2159
vn -0.2669 0.6674 0.6952
vn 0.3284 0.4397 -0.8360
vn -0.8227 -0.4610 0.3327
vn -0.7445 -0.6249 0.2351
vn 0.3071 -0.6838 -0.6619
vn -0.2870 -0.7104 -0.6426
vn 0.5050 -0.6960 0.5104
vn 0.6048 0.0073 0.7964
vn 0.6727 0.1168 0.7306
vn 0.4422 0.7444 0.5003
vn -0.4549 0.4640 -0.7601
vn 0.5725 -0.0667 -0.8172
vn -0.2079 0.2862 0.9353
vt 0.423616 0.817668
vt 0.438163 0.985880
vt 0.399025 0.926987
vt 0.584080 0.909473
vt 0.477709 0.045024
vt 0.607265 0.122218
vt 0.441545 0.286085
vt 0.565477 0.549583
vt 0.592013 0.712367
vt 0.289400 0.584684
vt 0.400831 0.754486
vt 0.615924 0.357557
vt 0.551199 0.540629
vt 0.429879 0.509305
vt 0.769145 0.562221
vt 0.604783 0.677624
vt 0.780055 0.741830
vt 0.860509 0.631959
vt 0.567506 0.015179
vt 0.377433 0.096481
s 0
g Cube.006_Material
usemtl Material
f 938/1898/1484 940/1899/1484 935/1900/1484
f 939/1901/1485 940/1899/1485 938/1898/1485
f 940/1902/1486 937/1903/1486 941/1904/1486
f 942/1905/1487 936/1906/1487 935/1907/1487
f 936/1906/1488 938/1908/1488 935/1907/1488
f 941/1904/1489 943/1909/1489 942/1910/1489
f 942/1910/1490 935/1911/1490 941/1904/1490
f 942/1905/1491 943/1912/1491 936/1913/1491
f 936/1913/1492 943/1912/1492 939/1914/1492
f 943/1912/1493 937/1915/1493 939/1914/1493
f 939/1916/1494 937/1903/1494 940/1902/1494
f 935/1917/1495 940/1902/1495 941/1904/1495
f 941/1904/1496 937/1903/1496 943/1909/1496
f 936/1906/1497 939/1901/1497 938/1898/1497
o Cube.007
v 10.709614 0.785296 -8.660445
v 10.615926 0.906368 -8.821229
v 10.798579 0.916121 -8.625139
v 10.899584 0.954453 -8.759255
v 10.872796 0.763565 -8.746050
v 10.697264 0.724486 -8.813008
v 10.758095 0.983625 -8.856594
v 10.663756 0.964360 -8.707332
v 10.733570 0.806981 -8.912961
vn -0.7432 -0.3579 -0.5653
vn -0.8936 -0.1152 0.4339
vn -0.3923 0.3286 -0.8591
vn -0.4914 0.1007 0.8651
vn 0.3621 -0.4644 0.8082
vn 0.1168 0.9282 0.3532
vn 0.5822 0.1727 -0.7945
vn -0.8928 -0.3890 0.2273
vn 0.0676 -0.9287 0.3647
vn 0.3675 -0.7784 -0.5090
vn 0.8066 -0.0726 0.5867
vn 0.0802 0.9809 0.1773
vn -0.5069 0.8354 -0.2125
vn 0.7399 -0.1492 -0.6560
vt 0.862532 0.586626
vt 0.666025 0.612825
vt 0.793538 0.524739
vt 0.799625 0.742317
vt 0.596159 0.725728
vt 0.676667 0.500000
vt 0.533198 0.702151
vt 0.502729 0.907748
vt 0.315429 0.689365
vt 0.215046 0.717794
vt 0.139986 0.551629
vt 0.365533 0.517965
vt 0.592775 0.342442
vt 0.523296 0.508923
vt 0.395346 0.376049
vt 0.510142 0.020803
vt 0.592582 0.143625
vt 0.414253 0.208459
s 0
g Cube.007_Material
usemtl Material
f 949/1918/1498 945/1919/1498 952/1920/1498
f 945/1919/1499 944/1921/1499 951/1922/1499
f 952/1920/1500 945/1919/1500 950/1923/1500
f 951/1924/1501 944/1925/1501 946/1926/1501
f 946/1926/1502 944/1927/1502 948/1928/1502
f 947/1929/1503 951/1924/1503 946/1926/1503
f 952/1930/1504 950/1931/1504 947/1932/1504
f 949/1918/1505 944/1921/1505 945/1919/1505
f 944/1933/1506 949/1934/1506 948/1935/1506
f 948/1935/1507 949/1934/1507 952/1930/1507
f 948/1928/1508 947/1929/1508 946/1926/1508
f 947/1929/1509 950/1931/1509 951/1924/1509
f 950/1931/1510 945/1919/1510 951/1924/1510
f 948/1935/1511 952/1930/1511 947/1932/1511
o Cube.008
v 10.867283 0.689794 -9.540796
v 11.027345 0.710900 -9.601632
v 11.155509 0.784886 -9.571152
v 11.058735 0.798472 -9.424351
v 11.090753 0.991539 -9.525281
v 10.910568 0.916859 -9.489815
v 10.858735 0.791792 -9.624187
v 11.197001 0.878958 -9.626939
v 11.036745 0.908586 -9.666356
vn 0.4060 -0.8459 0.3459
vn 0.8326 -0.0396 0.5525
vn -0.0188 0.4657 0.8848
vn -0.9593 0.1261 0.2526
vn -0.0217 -0.3102 -0.9504
vn 0.1717 -0.3139 -0.9338
vn -0.4163 0.8444 -0.3371
vn 0.2822 0.7759 -0.5643
vn 0.4940 -0.5943 -0.6347
vn 0.2643 -0.8825 0.3891
vn 0.7753 0.1869 0.6034
vn -0.4718 -0.1066 0.8752
vn -0.2019 -0.6300 -0.7499
vn -0.5636 0.7017 -0.4357
vt 0.551771 0.821043
vt 0.490236 0.981936
vt 0.443965 0.755163
vt 0.609545 0.740303
vt 0.579499 0.265268
vt 0.447677 0.232718
vt 0.490446 0.016300
vt 0.320967 0.499695
vt 0.242238 0.673984
vt 0.142687 0.564850
vt 0.543218 0.480597
vt 0.654480 0.663904
vt 0.651690 0.523626
vt 0.809399 0.589510
vt 0.375000 0.930496
vt 0.603518 0.001237
vt 0.583364 0.169025
vt 0.384386 0.054537
vt 0.382289 0.419599
s 0
g Cube.008_Material
usemtl Material
f 955/1936/1512 956/1937/1512 954/1938/1512
f 955/1936/1513 960/1939/1513 956/1937/1513
f 957/1940/1514 958/1941/1514 956/1942/1514
f 959/1943/1515 953/1944/1515 958/1945/1515
f 961/1946/1516 954/1938/1516 959/1943/1516
f 961/1946/1517 960/1947/1517 954/1938/1517
f 957/1940/1518 961/1946/1518 958/1941/1518
f 961/1948/1519 957/1949/1519 960/1947/1519
f 960/1947/1520 955/1936/1520 954/1938/1520
f 953/1950/1521 954/1938/1521 956/1937/1521
f 960/1951/1522 957/1952/1522 956/1942/1522
f 953/1953/1523 956/1942/1523 958/1941/1523
f 953/1944/1524 959/1943/1524 954/1938/1524
f 959/1954/1525 958/1941/1525 961/1946/1525
o Cube.009
v 10.521581 0.802089 -9.301819
v 10.469406 0.781318 -9.136489
v 10.687915 0.874319 -9.357080
v 10.771037 0.715371 -9.373384
v 10.621112 0.668454 -8.970462
v 10.590270 0.861937 -8.946208
v 10.643970 0.576543 -9.215240
v 10.602341 0.991111 -9.203282
v 10.570797 0.979360 -9.048269
v 10.826929 0.973807 -9.111533
v 10.877547 0.824511 -9.240267
v 10.749830 0.990210 -9.294836
v 10.796746 0.669398 -9.000047
v 10.770782 0.567698 -9.209064
v 10.828878 0.807618 -8.983279
v 10.953175 0.764789 -9.115758
vn -0.8621 0.2434 0.4445
vn -0.8338 0.5152 -0.1984
vn 0.0424 0.9956 0.0841
vn 0.8018 0.5223 -0.2905
vn 0.6678 -0.2407 0.7044
vn 0.8476 -0.3954 -0.3540
vn -0.0820 -0.9355 0.3436
vn 0.1933 0.6617 0.7244
vn 0.2537 0.5928 0.7643
vn 0.1649 -0.1565 0.9738
vn -0.7870 -0.1987 0.5841
vn -0.7105 -0.6781 0.1883
vn 0.5553 0.2679 -0.7873
vn -0.0193 -0.7436 -0.6683
vn -0.3961 -0.5084 -0.7646
vn -0.2931 -0.0554 -0.9545
vn -0.7787 -0.5431 -0.3140
vn -0.4695 0.5575 -0.6846
vn -0.8803 0.4517 -0.1449
vn -0.4218 0.5935 -0.6854
vn 0.0487 0.9964 0.0687
vn 0.6392 -0.7198 0.2708
vn 0.7064 -0.3672 -0.6052
vn 0.0770 -0.9003 0.4285
vn 0.7243 0.4265 0.5417
vn 0.1298 -0.1029 0.9862
vn 0.8244 0.5032 -0.2594
vt 0.875000 0.649805
vt 0.849233 0.683396
vt 0.832712 0.540342
vt 0.580473 0.024703
vt 0.534759 0.188184
vt 0.498710 0.020990
vt 0.437420 0.135101
vt 0.411456 0.342495
vt 0.213804 0.511922
vt 0.337875 0.601179
vt 0.185175 0.619999
vt 0.611440 0.548317
vt 0.438499 0.522151
vt 0.536413 0.434917
vt 0.517900 0.691047
vt 0.378975 0.759339
vt 0.724211 0.603714
vt 0.568883 0.768659
vt 0.609419 0.213408
vt 0.625000 0.382072
vt 0.588498 0.519208
vt 0.209844 0.718096
vt 0.479559 0.953620
vt 0.390901 0.953078
vt 0.565332 0.774863
vt 0.583031 0.973602
vt 0.389658 0.010551
vt 0.376620 0.114133
vt 0.125000 0.581137
vt 0.375000 0.421875
s 0
g Cube.009_Material
usemtl Material
f 970/1955/1526 963/1956/1526 967/1957/1526
f 963/1958/1527 970/1959/1527 962/1960/1527
f 969/1961/1528 970/1959/1528 971/1962/1528
f 971/1963/1529 972/1964/1529 973/1965/1529
f 974/1966/1530 977/1967/1530 976/1968/1530
f 975/1969/1531 965/1970/1531 972/1964/1531
f 966/1971/1532 968/1972/1532 975/1969/1532
f 967/1973/1533 971/1962/1533 970/1959/1533
f 967/1973/1534 976/1968/1534 971/1962/1534
f 976/1968/1535 966/1974/1535 974/1975/1535
f 966/1971/1536 967/1957/1536 963/1956/1536
f 966/1971/1537 963/1956/1537 968/1972/1537
f 964/1976/1538 973/1965/1538 972/1964/1538 965/1970/1538
f 965/1970/1539 975/1969/1539 968/1972/1539
f 968/1972/1540 962/1977/1540 965/1970/1540
f 962/1977/1541 964/1978/1541 965/1970/1541
f 968/1979/1542 963/1980/1542 962/1977/1542
f 962/1960/1543 969/1961/1543 964/1981/1543
f 969/1961/1544 962/1960/1544 970/1959/1544
f 964/1981/1545 969/1961/1545 973/1982/1545
f 971/1963/1546 973/1965/1546 969/1983/1546
f 977/1967/1547 974/1966/1547 975/1969/1547
f 977/1967/1548 975/1969/1548 972/1964/1548
f 974/1966/1549 966/1971/1549 975/1969/1549
f 971/1962/1550 976/1968/1550 977/1967/1550
f 967/1973/1551 966/1974/1551 976/1968/1551
f 972/1984/1552 971/1962/1552 977/1967/1552
o Cube.010
v 11.156196 0.780387 -9.423452
v 11.121762 0.719215 -9.518717
v 11.147452 0.736866 -9.660294
v 11.218040 0.866273 -9.482927
v 11.248333 0.713701 -9.368792
v 11.237037 0.660868 -9.617339
v 11.126323 0.858423 -9.648672
v 11.313385 0.810866 -9.597780
v 11.296617 0.812350 -9.398167
vn 0.9028 -0.4271 0.0497
vn 0.8844 -0.4603 0.0777
vn 0.5412 0.1727 -0.8230
vn 0.2609 -0.0069 -0.9653
vn -0.5750 -0.7926 -0.2031
vn -0.8287 0.5566 -0.0579
vn -0.2479 0.3859 0.8886
vn -0.2767 0.6737 0.6852
vn -0.2912 -0.9330 0.2116
vn -0.8017 0.4217 0.4236
vn -0.9694 -0.1499 -0.1946
vn 0.5366 0.8429 0.0388
vn 0.2935 0.9334 -0.2066
vn -0.6781 -0.4822 0.5547
vt 0.856741 0.527884
vt 0.792799 0.664448
vt 0.661337 0.518959
vt 0.570885 0.667835
vt 0.614877 0.834550
vt 0.495616 0.943630
vt 0.319826 0.718976
vt 0.602263 0.105449
vt 0.455701 0.107225
vt 0.553174 0.006579
vt 0.371255 0.573451
vt 0.135465 0.689951
vt 0.165587 0.530358
vt 0.553103 0.308270
vt 0.565029 0.471740
vt 0.392929 0.256090
vt 0.405598 0.560759
vt 0.171875 0.750000
s 0
g Cube.010_Material
usemtl Material
f 982/1985/1553 983/1986/1553 986/1987/1553
f 986/1987/1554 983/1986/1554 985/1988/1554
f 983/1989/1555 980/1990/1555 984/1991/1555
f 985/1988/1556 983/1989/1556 984/1991/1556
f 983/1992/1557 979/1993/1557 980/1994/1557
f 981/1995/1558 979/1996/1558 978/1997/1558
f 982/1998/1559 986/1999/1559 978/2000/1559
f 986/1999/1560 981/2001/1560 978/2000/1560
f 979/1993/1561 983/1992/1561 982/1998/1561
f 981/1995/1562 984/1991/1562 979/1996/1562
f 979/1996/1563 984/1991/1563 980/2002/1563
f 986/1987/1564 985/1988/1564 981/2001/1564
f 985/1988/1565 984/1991/1565 981/2001/1565
f 978/2000/1566 979/1993/1566 982/1998/1566
o Cube.011
v 11.740705 0.633179 -8.886169
v 11.542305 0.905699 -9.125944
v 11.652552 0.682362 -9.217700
v 11.790095 0.813714 -9.036757
v 11.659179 0.863284 -8.878879
v 11.508862 0.679063 -8.877926
v 11.614075 0.522913 -9.046268
v 11.418965 0.809252 -8.933715
v 11.460717 0.695525 -9.104573
vn -0.4996 0.1065 -0.8597
vn 0.4536 0.5210 -0.7230
vn 0.8171 -0.4844 -0.3127
vn 0.7819 0.2591 0.5670
vn -0.2639 0.2202 0.9391
vn 0.0315 -0.0205 0.9993
vn -0.1292 -0.7660 0.6298
vn -0.7616 -0.6377 0.1155
vn -0.4334 -0.6093 -0.6640
vn -0.8647 0.2943 -0.4072
vn -0.8419 -0.5209 0.1410
vn 0.8272 -0.4918 -0.2718
vn 0.3494 0.9370 -0.0044
vn -0.2720 0.9187 0.2864
vt 0.534218 0.539052
vt 0.807613 0.537738
vt 0.651467 0.712344
vt 0.812212 0.722590
vt 0.440472 0.699464
vt 0.505279 0.954605
vt 0.394685 0.910428
vt 0.529494 0.041599
vt 0.440272 0.169217
vt 0.407900 0.015209
vt 0.224689 0.500632
vt 0.298939 0.554231
vt 0.143822 0.628706
vt 0.350796 0.501919
vt 0.236030 0.724989
vt 0.358556 0.714558
vt 0.602122 0.296489
vt 0.527241 0.521298
vt 0.452229 0.375318
s 0
g Cube.011_Material
usemtl Material
f 995/2003/1567 988/2004/1567 989/2005/1567
f 989/2005/1568 988/2004/1568 990/2006/1568
f 993/2007/1569 990/2008/1569 987/2009/1569
f 990/2010/1570 991/2011/1570 987/2012/1570
f 994/2013/1571 992/2014/1571 991/2015/1571
f 991/2015/1572 992/2016/1572 987/2017/1572
f 992/2016/1573 993/2018/1573 987/2017/1573
f 992/2016/1574 995/2003/1574 993/2007/1574
f 995/2003/1575 989/2005/1575 993/2007/1575
f 988/2019/1576 995/2020/1576 994/2021/1576
f 994/2021/1577 995/2003/1577 992/2016/1577
f 989/2005/1578 990/2008/1578 993/2007/1578
f 990/2010/1579 988/2019/1579 991/2011/1579
f 988/2019/1580 994/2021/1580 991/2011/1580
o Cube.006
v 10.742578 0.755433 -9.110985
v 10.743315 0.784230 -9.338312
v 10.933051 0.621661 -9.278101
v 10.669301 0.695207 -9.215859
v 10.788128 0.632395 -9.309445
v 10.802153 0.550147 -9.181416
v 10.855772 0.736519 -9.113840
v 10.799335 0.861006 -9.266543
v 10.941129 0.744230 -9.311456
vn -0.6205 -0.4095 0.6688
vn -0.6426 -0.6747 -0.3631
vn 0.6763 -0.4152 0.6085
vn -0.8346 0.5468 0.0666
vn -0.7039 0.7049 0.0870
vn 0.6609 0.6825 0.3121
vn 0.1474 0.7926 0.5917
vn 0.2230 0.5739 -0.7880
vn 0.1017 -0.1568 -0.9824
vn 0.1845 -0.2694 -0.9452
vn 0.0556 -0.8373 -0.5440
vn -0.0318 -0.3326 0.9425
vn 0.9163 0.0478 0.3976
vn -0.6853 -0.3261 -0.6512
vt 0.423616 0.817668
vt 0.438163 0.985880
vt 0.399025 0.926987
vt 0.584080 0.909473
vt 0.477709 0.045024
vt 0.607265 0.122218
vt 0.441545 0.286085
vt 0.565477 0.549583
vt 0.592013 0.712367
vt 0.289400 0.584684
vt 0.400831 0.754486
vt 0.615924 0.357557
vt 0.551199 0.540629
vt 0.429879 0.509305
vt 0.769145 0.562221
vt 0.604783 0.677624
vt 0.780055 0.741830
vt 0.860509 0.631959
vt 0.567506 0.015179
vt 0.377433 0.096481
s 0
g Cube.006_Material
usemtl Material
f 999/2022/1581 1001/2023/1581 996/2024/1581
f 1000/2025/1582 1001/2023/1582 999/2022/1582
f 1001/2026/1583 998/2027/1583 1002/2028/1583
f 1003/2029/1584 997/2030/1584 996/2031/1584
f 997/2030/1585 999/2032/1585 996/2031/1585
f 1002/2028/1586 1004/2033/1586 1003/2034/1586
f 1003/2034/1587 996/2035/1587 1002/2028/1587
f 1003/2029/1588 1004/2036/1588 997/2037/1588
f 997/2037/1589 1004/2036/1589 1000/2038/1589
f 1004/2036/1590 998/2039/1590 1000/2038/1590
f 1000/2040/1591 998/2027/1591 1001/2026/1591
f 996/2041/1592 1001/2026/1592 1002/2028/1592
f 1002/2028/1593 998/2027/1593 1004/2033/1593
f 997/2030/1594 1000/2025/1594 999/2022/1594
o Cube.007
v 11.428756 0.703609 -9.134443
v 11.627124 0.666634 -9.169617
v 11.399910 0.576427 -9.207654
v 11.447609 0.590465 -9.358564
v 11.390470 0.747111 -9.295528
v 11.517655 0.812889 -9.191408
v 11.599150 0.608861 -9.308289
v 11.543962 0.572784 -9.158258
v 11.592083 0.779713 -9.285106
vn 0.7197 0.5926 0.3618
vn 0.1690 -0.0305 0.9851
vn 0.9717 0.0708 -0.2255
vn -0.3035 -0.4227 0.8539
vn -0.9654 0.0752 0.2498
vn 0.0059 -0.9959 -0.0908
vn 0.2964 0.1404 -0.9447
vn 0.2209 0.3035 0.9269
vn -0.6358 0.6937 0.3385
vn -0.1240 0.9003 -0.4173
vn -0.9260 -0.2121 -0.3124
vn 0.1739 -0.9701 -0.1693
vn 0.7502 -0.6503 0.1196
vn -0.0117 0.3696 -0.9291
vt 0.862532 0.586626
vt 0.666025 0.612825
vt 0.793538 0.524739
vt 0.799625 0.742317
vt 0.596159 0.725728
vt 0.676667 0.500000
vt 0.533198 0.702151
vt 0.502729 0.907748
vt 0.315429 0.689365
vt 0.215046 0.717794
vt 0.139986 0.551629
vt 0.365533 0.517965
vt 0.592775 0.342442
vt 0.523296 0.508923
vt 0.395346 0.376049
vt 0.510142 0.020803
vt 0.592582 0.143625
vt 0.414253 0.208459
s 0
g Cube.007_Material
usemtl Material
f 1010/2042/1595 1006/2043/1595 1013/2044/1595
f 1006/2043/1596 1005/2045/1596 1012/2046/1596
f 1013/2044/1597 1006/2043/1597 1011/2047/1597
f 1012/2048/1598 1005/2049/1598 1007/2050/1598
f 1007/2050/1599 1005/2051/1599 1009/2052/1599
f 1008/2053/1600 1012/2048/1600 1007/2050/1600
f 1013/2054/1601 1011/2055/1601 1008/2056/1601
f 1010/2042/1602 1005/2045/1602 1006/2043/1602
f 1005/2057/1603 1010/2058/1603 1009/2059/1603
f 1009/2059/1604 1010/2058/1604 1013/2054/1604
f 1009/2052/1605 1008/2053/1605 1007/2050/1605
f 1008/2053/1606 1011/2055/1606 1012/2048/1606
f 1011/2055/1607 1006/2043/1607 1012/2048/1607
f 1009/2059/1608 1013/2054/1608 1008/2056/1608
o Cube.008
v 11.164033 0.788229 -8.810963
v 11.152474 0.683684 -8.701395
v 11.124962 0.554668 -8.684372
v 11.148666 0.571071 -8.836920
v 10.965920 0.523904 -8.792701
v 11.008093 0.668744 -8.880454
v 11.053055 0.792927 -8.776753
v 11.037868 0.514676 -8.646694
v 10.974771 0.639242 -8.694540
vn 0.9730 -0.1902 0.1307
vn 0.4043 -0.9139 -0.0354
vn -0.0798 -0.4994 -0.8627
vn -0.1929 0.6691 -0.7177
vn -0.0935 0.5063 0.8573
vn -0.0480 0.3369 0.9403
vn -0.9702 0.1960 -0.1428
vn -0.8675 -0.2821 0.4097
vn 0.3809 0.0406 0.9237
vn 0.9966 -0.0746 0.0340
vn 0.2091 -0.9640 -0.1640
vn 0.3493 0.0868 -0.9330
vn 0.2398 0.6896 0.6833
vn -0.9069 0.4098 -0.0975
vt 0.551771 0.821043
vt 0.490236 0.981936
vt 0.443965 0.755163
vt 0.609545 0.740303
vt 0.579499 0.265268
vt 0.447677 0.232718
vt 0.490446 0.016300
vt 0.320967 0.499695
vt 0.242238 0.673984
vt 0.142687 0.564850
vt 0.543218 0.480597
vt 0.654480 0.663904
vt 0.651690 0.523626
vt 0.809399 0.589510
vt 0.375000 0.930496
vt 0.603518 0.001237
vt 0.583364 0.169025
vt 0.384386 0.054537
vt 0.382289 0.419599
s 0
g Cube.008_Material
usemtl Material
f 1016/2060/1609 1017/2061/1609 1015/2062/1609
f 1016/2060/1610 1021/2063/1610 1017/2061/1610
f 1018/2064/1611 1019/2065/1611 1017/2066/1611
f 1020/2067/1612 1014/2068/1612 1019/2069/1612
f 1022/2070/1613 1015/2062/1613 1020/2067/1613
f 1022/2070/1614 1021/2071/1614 1015/2062/1614
f 1018/2064/1615 1022/2070/1615 1019/2065/1615
f 1022/2072/1616 1018/2073/1616 1021/2071/1616
f 1021/2071/1617 1016/2060/1617 1015/2062/1617
f 1014/2074/1618 1015/2062/1618 1017/2061/1618
f 1021/2075/1619 1018/2076/1619 1017/2066/1619
f 1014/2077/1620 1017/2066/1620 1019/2065/1620
f 1014/2068/1621 1020/2067/1621 1015/2062/1621
f 1020/2078/1622 1019/2065/1622 1022/2070/1622
o Cube.009
v 11.013813 0.623990 -8.481909
v 11.170215 0.455223 -8.491768
v 10.993216 0.813467 -8.643764
v 10.829871 0.708552 -8.780690
v 11.217726 0.290313 -8.775854
v 11.409947 0.447357 -8.697143
v 10.891312 0.394754 -8.726956
v 11.259235 0.772650 -8.571727
v 11.409663 0.630044 -8.600214
v 11.301405 0.790994 -8.889223
v 11.038594 0.764912 -8.937365
v 11.143576 0.908991 -8.714776
v 11.161325 0.394971 -8.978479
v 10.870162 0.440298 -8.887139
v 11.289591 0.532716 -8.988352
v 11.101208 0.647958 -9.097137
vn 0.5958 -0.3757 0.7099
vn 0.2776 0.2024 0.9391
vn 0.6950 0.7066 0.1331
vn 0.0177 0.8355 -0.5492
vn 0.3021 -0.3450 -0.8886
vn -0.6224 0.2061 -0.7550
vn -0.3269 -0.9195 -0.2183
vn 0.9504 0.1469 -0.2742
vn 0.9295 0.0943 -0.3565
vn 0.6205 -0.6129 -0.4893
vn 0.4105 -0.7571 0.5082
vn -0.2057 -0.8609 0.4653
vn -0.4932 0.8428 -0.2156
vn -0.9808 -0.1786 0.0787
vn -0.8589 -0.0816 0.5057
vn -0.7259 0.3994 0.5599
vn -0.4931 -0.4986 0.7129
vn -0.1082 0.6389 0.7617
vn 0.2831 0.1083 0.9529
vn -0.0915 0.6828 0.7248
vn 0.6831 0.7182 0.1322
vn -0.3301 -0.4640 -0.8220
vn -0.7785 0.3204 -0.5397
vn -0.2588 -0.8857 -0.3854
vn 0.5981 0.2632 -0.7570
vn 0.6683 -0.5925 -0.4499
vn 0.0264 0.8115 -0.5837
vt 0.875000 0.649805
vt 0.849233 0.683396
vt 0.832712 0.540342
vt 0.580473 0.024703
vt 0.534759 0.188184
vt 0.498710 0.020990
vt 0.437420 0.135101
vt 0.411456 0.342495
vt 0.213804 0.511922
vt 0.337875 0.601179
vt 0.185175 0.619999
vt 0.611440 0.548317
vt 0.438499 0.522151
vt 0.536413 0.434917
vt 0.517900 0.691047
vt 0.378975 0.759339
vt 0.724211 0.603714
vt 0.568883 0.768659
vt 0.609419 0.213408
vt 0.625000 0.382072
vt 0.588498 0.519208
vt 0.209844 0.718096
vt 0.479559 0.953620
vt 0.390901 0.953078
vt 0.565332 0.774863
vt 0.583031 0.973602
vt 0.389658 0.010551
vt 0.376620 0.114133
vt 0.125000 0.581137
vt 0.375000 0.421875
s 0
g Cube.009_Material
usemtl Material
f 1031/2079/1623 1024/2080/1623 1028/2081/1623
f 1024/2082/1624 1031/2083/1624 1023/2084/1624
f 1030/2085/1625 1031/2083/1625 1032/2086/1625
f 1032/2087/1626 1033/2088/1626 1034/2089/1626
f 1035/2090/1627 1038/2091/1627 1037/2092/1627
f 1036/2093/1628 1026/2094/1628 1033/2088/1628
f 1027/2095/1629 1029/2096/1629 1036/2093/1629
f 1028/2097/1630 1032/2086/1630 1031/2083/1630
f 1028/2097/1631 1037/2092/1631 1032/2086/1631
f 1037/2092/1632 1027/2098/1632 1035/2099/1632
f 1027/2095/1633 1028/2081/1633 1024/2080/1633
f 1027/2095/1634 1024/2080/1634 1029/2096/1634
f 1025/2100/1635 1034/2089/1635 1033/2088/1635 1026/2094/1635
f 1026/2094/1636 1036/2093/1636 1029/2096/1636
f 1029/2096/1637 1023/2101/1637 1026/2094/1637
f 1023/2101/1638 1025/2102/1638 1026/2094/1638
f 1029/2103/1639 1024/2104/1639 1023/2101/1639
f 1023/2084/1640 1030/2085/1640 1025/2105/1640
f 1030/2085/1641 1023/2084/1641 1031/2083/1641
f 1025/2105/1642 1030/2085/1642 1034/2106/1642
f 1032/2087/1643 1034/2089/1643 1030/2107/1643
f 1038/2091/1644 1035/2090/1644 1036/2093/1644
f 1038/2091/1645 1036/2093/1645 1033/2088/1645
f 1035/2090/1646 1027/2095/1646 1036/2093/1646
f 1032/2086/1647 1037/2092/1647 1038/2091/1647
f 1028/2097/1648 1027/2098/1648 1037/2092/1648
f 1033/2108/1649 1032/2086/1649 1038/2091/1649
o Cube.010
v 11.064998 0.471119 -8.719524
v 11.002682 0.455186 -8.836737
v 10.924873 0.560463 -8.935180
v 11.039327 0.605118 -8.705386
v 11.204922 0.469559 -8.746865
v 11.059305 0.557062 -8.978657
v 10.861314 0.616978 -8.823951
v 11.067931 0.702207 -8.854113
v 11.181871 0.585695 -8.697043
vn 0.8485 0.3417 -0.4040
vn 0.8640 0.2973 -0.4063
vn -0.1444 0.8464 -0.5126
vn -0.3578 0.6203 -0.6981
vn -0.2212 -0.7483 -0.6254
vn -0.8502 -0.2136 0.4811
vn 0.1752 -0.3586 0.9169
vn -0.0741 -0.1187 0.9902
vn 0.2749 -0.8297 -0.4859
vn -0.5039 -0.4962 0.7070
vn -0.7532 -0.6502 -0.1000
vn 0.0802 0.8275 0.5556
vn -0.2706 0.8291 0.4892
vn 0.0138 -0.9917 0.1275
vt 0.856741 0.527884
vt 0.792799 0.664448
vt 0.661337 0.518959
vt 0.570885 0.667835
vt 0.614877 0.834550
vt 0.495616 0.943630
vt 0.319826 0.718976
vt 0.602263 0.105449
vt 0.455701 0.107225
vt 0.553174 0.006579
vt 0.371255 0.573451
vt 0.135465 0.689951
vt 0.165587 0.530358
vt 0.553103 0.308270
vt 0.565029 0.471740
vt 0.392929 0.256090
vt 0.405598 0.560759
vt 0.171875 0.750000
s 0
g Cube.010_Material
usemtl Material
f 1043/2109/1650 1044/2110/1650 1047/2111/1650
f 1047/2111/1651 1044/2110/1651 1046/2112/1651
f 1044/2113/1652 1041/2114/1652 1045/2115/1652
f 1046/2112/1653 1044/2113/1653 1045/2115/1653
f 1044/2116/1654 1040/2117/1654 1041/2118/1654
f 1042/2119/1655 1040/2120/1655 1039/2121/1655
f 1043/2122/1656 1047/2123/1656 1039/2124/1656
f 1047/2123/1657 1042/2125/1657 1039/2124/1657
f 1040/2117/1658 1044/2116/1658 1043/2122/1658
f 1042/2119/1659 1045/2115/1659 1040/2120/1659
f 1040/2120/1660 1045/2115/1660 1041/2126/1660
f 1047/2111/1661 1046/2112/1661 1042/2125/1661
f 1046/2112/1662 1045/2115/1662 1042/2125/1662
f 1039/2124/1663 1040/2117/1663 1043/2122/1663
o Cube.011
v 11.035852 0.321146 -9.270103
v 10.884694 0.692405 -9.337153
v 10.794486 0.530972 -9.153285
v 10.853831 0.423489 -9.380097
v 11.040484 0.493428 -9.437057
v 11.148237 0.520819 -9.231607
v 10.984693 0.422967 -9.072694
v 11.122503 0.673569 -9.287920
v 10.980371 0.646524 -9.141588
vn -0.4978 0.7581 0.4214
vn -0.9343 0.1582 -0.3194
vn -0.5841 -0.7731 0.2474
vn 0.0420 -0.6959 -0.7169
vn 0.8865 -0.0210 -0.4622
vn 0.8341 -0.3953 -0.3848
vn 0.7382 -0.5023 0.4504
vn 0.5951 0.2472 0.7647
vn -0.2340 0.2822 0.9304
vn 0.0333 0.9765 0.2128
vn 0.6355 0.3591 0.6836
vn -0.5532 -0.7995 0.2341
vn -0.3501 0.1868 -0.9179
vn 0.2099 0.5650 -0.7979
vt 0.534218 0.539052
vt 0.807613 0.537738
vt 0.651467 0.712344
vt 0.812212 0.722590
vt 0.440472 0.699464
vt 0.505279 0.954605
vt 0.394685 0.910428
vt 0.529494 0.041599
vt 0.440272 0.169217
vt 0.407900 0.015209
vt 0.224689 0.500632
vt 0.298939 0.554231
vt 0.143822 0.628706
vt 0.350796 0.501919
vt 0.236030 0.724989
vt 0.358556 0.714558
vt 0.602122 0.296489
vt 0.527241 0.521298
vt 0.452229 0.375318
s 0
g Cube.011_Material
usemtl Material
f 1056/2127/1664 1049/2128/1664 1050/2129/1664
f 1050/2129/1665 1049/2128/1665 1051/2130/1665
f 1054/2131/1666 1051/2132/1666 1048/2133/1666
f 1051/2134/1667 1052/2135/1667 1048/2136/1667
f 1055/2137/1668 1053/2138/1668 1052/2139/1668
f 1052/2139/1669 1053/2140/1669 1048/2141/1669
f 1053/2140/1670 1054/2142/1670 1048/2141/1670
f 1053/2140/1671 1056/2127/1671 1054/2131/1671
f 1056/2127/1672 1050/2129/1672 1054/2131/1672
f 1049/2143/1673 1056/2144/1673 1055/2145/1673
f 1055/2145/1674 1056/2127/1674 1053/2140/1674
f 1050/2129/1675 1051/2132/1675 1054/2131/1675
f 1051/2134/1676 1049/2143/1676 1052/2135/1676
f 1049/2143/1677 1055/2145/1677 1052/2135/1677
o Cube.006
v 11.493855 0.420475 -9.010406
v 11.300556 0.403548 -9.021368
v 11.346778 0.604330 -8.950189
v 11.415801 0.433057 -9.100588
v 11.331602 0.532679 -9.052822
v 11.443822 0.596320 -9.065286
v 11.483434 0.484472 -8.937770
v 11.351040 0.371862 -8.939817
v 11.309614 0.519907 -8.894100
vn 0.7569 0.0114 -0.6535
vn -0.2430 0.2447 -0.9387
vn 0.5716 0.6967 0.4335
vn 0.1027 -0.9041 -0.4149
vn 0.0975 -0.9707 -0.2198
vn 0.1900 -0.2407 0.9518
vn 0.5083 -0.6087 0.6092
vn -0.8499 -0.3574 0.3873
vn -0.9716 0.2048 -0.1181
vn -0.9337 0.3434 -0.1017
vn -0.4771 0.7522 -0.4546
vn 0.9650 0.2493 -0.0811
vn 0.3016 0.4319 0.8500
vn -0.5530 -0.0693 -0.8303
vt 0.423616 0.817668
vt 0.438163 0.985880
vt 0.399025 0.926987
vt 0.584080 0.909473
vt 0.477709 0.045024
vt 0.607265 0.122218
vt 0.441545 0.286085
vt 0.565477 0.549583
vt 0.592013 0.712367
vt 0.289400 0.584684
vt 0.400831 0.754486
vt 0.615924 0.357557
vt 0.551199 0.540629
vt 0.429879 0.509305
vt 0.769145 0.562221
vt 0.604783 0.677624
vt 0.780055 0.741830
vt 0.860509 0.631959
vt 0.567506 0.015179
vt 0.377433 0.096481
s 0
g Cube.006_Material
usemtl Material
f 1060/2146/1678 1062/2147/1678 1057/2148/1678
f 1061/2149/1679 1062/2147/1679 1060/2146/1679
f 1062/2150/1680 1059/2151/1680 1063/2152/1680
f 1064/2153/1681 1058/2154/1681 1057/2155/1681
f 1058/2154/1682 1060/2156/1682 1057/2155/1682
f 1063/2152/1683 1065/2157/1683 1064/2158/1683
f 1064/2158/1684 1057/2159/1684 1063/2152/1684
f 1064/2153/1685 1065/2160/1685 1058/2161/1685
f 1058/2161/1686 1065/2160/1686 1061/2162/1686
f 1065/2160/1687 1059/2163/1687 1061/2162/1687
f 1061/2164/1688 1059/2151/1688 1062/2150/1688
f 1057/2165/1689 1062/2150/1689 1063/2152/1689
f 1063/2152/1690 1059/2151/1690 1065/2157/1690
f 1058/2154/1691 1061/2149/1691 1060/2146/1691
o Cube.007
v 11.071470 0.553537 -8.919838
v 10.873325 0.511189 -9.033676
v 11.149426 0.460696 -9.038581
v 11.088857 0.291049 -9.031217
v 11.090862 0.374518 -8.846990
v 10.932739 0.497733 -8.834008
v 10.921601 0.349662 -9.074178
v 10.998669 0.516581 -9.102010
v 10.863593 0.389215 -8.891401
vn -0.8695 0.4028 0.2859
vn -0.1237 0.9810 -0.1496
vn -0.9427 -0.2186 -0.2519
vn 0.4509 0.8224 -0.3470
vn 0.8876 0.2528 0.3850
vn 0.3322 -0.1590 -0.9297
vn -0.3500 -0.9323 0.0907
vn -0.2880 0.9459 0.1495
vn 0.3690 0.3843 0.8463
vn -0.2014 -0.3546 0.9131
vn 0.9346 -0.3277 0.1383
vn 0.1636 -0.2353 -0.9581
vn -0.4798 0.0758 -0.8741
vn -0.1384 -0.9015 0.4100
vt 0.862532 0.586626
vt 0.666025 0.612825
vt 0.793538 0.524739
vt 0.799625 0.742317
vt 0.596159 0.725728
vt 0.676667 0.500000
vt 0.533198 0.702151
vt 0.502729 0.907748
vt 0.315429 0.689365
vt 0.215046 0.717794
vt 0.139986 0.551629
vt 0.365533 0.517965
vt 0.592775 0.342442
vt 0.523296 0.508923
vt 0.395346 0.376049
vt 0.510142 0.020803
vt 0.592582 0.143625
vt 0.414253 0.208459
s 0
g Cube.007_Material
usemtl Material
f 1071/2166/1692 1067/2167/1692 1074/2168/1692
f 1067/2167/1693 1066/2169/1693 1073/2170/1693
f 1074/2168/1694 1067/2167/1694 1072/2171/1694
f 1073/2172/1695 1066/2173/1695 1068/2174/1695
f 1068/2174/1696 1066/2175/1696 1070/2176/1696
f 1069/2177/1697 1073/2172/1697 1068/2174/1697
f 1074/2178/1698 1072/2179/1698 1069/2180/1698
f 1071/2166/1699 1066/2169/1699 1067/2167/1699
f 1066/2181/1700 1071/2182/1700 1070/2183/1700
f 1070/2183/1701 1071/2182/1701 1074/2178/1701
f 1070/2176/1702 1069/2177/1702 1068/2174/1702
f 1069/2177/1703 1072/2179/1703 1073/2172/1703
f 1072/2179/1704 1067/2167/1704 1073/2172/1704
f 1070/2183/1705 1074/2178/1705 1069/2180/1705
o Cube.008
v 11.058270 0.455756 -9.316888
v 11.106500 0.439712 -9.165783
v 11.095135 0.352789 -9.057118
v 11.040635 0.267917 -9.185109
v 10.895774 0.307931 -9.047941
v 10.884903 0.361145 -9.222893
v 10.972500 0.511586 -9.250483
v 11.035095 0.367572 -8.968459
v 10.947640 0.458102 -9.058795
vn 0.9262 -0.3358 -0.1717
vn 0.3770 -0.8378 0.3950
vn -0.4574 -0.8583 -0.2327
vn -0.5367 0.1606 -0.8283
vn 0.3019 0.9074 0.2923
vn 0.3883 0.8113 0.4371
vn -0.9296 0.3326 0.1589
vn -0.5583 0.2500 0.7911
vn 0.7703 0.4563 0.4455
vn 0.8964 -0.3078 -0.3188
vn 0.1465 -0.8973 0.4165
vn -0.1372 -0.5602 -0.8169
vn 0.5055 0.8600 -0.0700
vn -0.8614 0.5070 0.0298
vt 0.551771 0.821043
vt 0.490236 0.981936
vt 0.443965 0.755163
vt 0.609545 0.740303
vt 0.579499 0.265268
vt 0.447677 0.232718
vt 0.490446 0.016300
vt 0.320967 0.499695
vt 0.242238 0.673984
vt 0.142687 0.564850
vt 0.543218 0.480597
vt 0.654480 0.663904
vt 0.651690 0.523626
vt 0.809399 0.589510
vt 0.375000 0.930496
vt 0.603518 0.001237
vt 0.583364 0.169025
vt 0.384386 0.054537
vt 0.382289 0.419599
s 0
g Cube.008_Material
usemtl Material
f 1077/2184/1706 1078/2185/1706 1076/2186/1706
f 1077/2184/1707 1082/2187/1707 1078/2185/1707
f 1079/2188/1708 1080/2189/1708 1078/2190/1708
f 1081/2191/1709 1075/2192/1709 1080/2193/1709
f 1083/2194/1710 1076/2186/1710 1081/2191/1710
f 1083/2194/1711 1082/2195/1711 1076/2186/1711
f 1079/2188/1712 1083/2194/1712 1080/2189/1712
f 1083/2196/1713 1079/2197/1713 1082/2195/1713
f 1082/2195/1714 1077/2184/1714 1076/2186/1714
f 1075/2198/1715 1076/2186/1715 1078/2185/1715
f 1082/2199/1716 1079/2200/1716 1078/2190/1716
f 1075/2201/1717 1078/2190/1717 1080/2189/1717
f 1075/2192/1718 1081/2191/1718 1076/2186/1718
f 1081/2202/1719 1080/2189/1719 1083/2194/1719
o Cube.009
v 11.148159 0.542169 -9.379484
v 11.060797 0.391630 -9.452120
v 11.204803 0.564669 -9.183999
v 11.386645 0.500573 -9.209939
v 11.158399 0.142466 -9.404534
v 10.973087 0.192884 -9.311848
v 11.358138 0.342916 -9.421681
v 10.992714 0.481798 -9.198333
v 10.913919 0.337442 -9.246392
v 11.086145 0.312318 -9.020664
v 11.294245 0.371649 -9.059445
v 11.115369 0.521762 -9.062250
v 11.266285 0.113372 -9.247925
v 11.431125 0.291955 -9.316924
v 11.163473 0.131981 -9.134322
v 11.326518 0.205653 -9.041423
vn -0.8045 -0.0618 -0.5907
vn -0.7215 0.5920 -0.3592
vn -0.7647 0.2152 0.6074
vn 0.1318 0.1753 0.9756
vn 0.2160 -0.9133 0.3451
vn 0.8733 -0.0617 0.4833
vn 0.5175 -0.5702 -0.6380
vn -0.7102 -0.5103 0.4850
vn -0.6450 -0.5858 0.4907
vn -0.2141 -0.9762 -0.0339
vn -0.4933 -0.3457 -0.7982
vn 0.0748 -0.1587 -0.9845
vn 0.4116 0.6211 0.6669
vn 0.8352 0.3813 -0.3964
vn 0.5102 0.6555 -0.5568
vn 0.3012 0.9335 -0.1947
vn 0.1527 0.3562 -0.9219
vn -0.3638 0.9315 -0.0018
vn -0.7197 0.5387 -0.4380
vn -0.3667 0.9285 0.0578
vn -0.7556 0.2274 0.6143
vn 0.7473 -0.6600 0.0770
vn 0.8882 0.2167 0.4051
vn 0.5345 -0.6848 -0.4954
vn -0.1891 -0.5803 0.7921
vn -0.2773 -0.9603 -0.0321
vn 0.1443 0.1345 0.9803
vt 0.875000 0.649805
vt 0.849233 0.683396
vt 0.832712 0.540342
vt 0.580473 0.024703
vt 0.534759 0.188184
vt 0.498710 0.020990
vt 0.437420 0.135101
vt 0.411456 0.342495
vt 0.213804 0.511922
vt 0.337875 0.601179
vt 0.185175 0.619999
vt 0.611440 0.548317
vt 0.438499 0.522151
vt 0.536413 0.434917
vt 0.517900 0.691047
vt 0.378975 0.759339
vt 0.724211 0.603714
vt 0.568883 0.768659
vt 0.609419 0.213408
vt 0.625000 0.382072
vt 0.588498 0.519208
vt 0.209844 0.718096
vt 0.479559 0.953620
vt 0.390901 0.953078
vt 0.565332 0.774863
vt 0.583031 0.973602
vt 0.389658 0.010551
vt 0.376620 0.114133
vt 0.125000 0.581137
vt 0.375000 0.421875
s 0
g Cube.009_Material
usemtl Material
f 1092/2203/1720 1085/2204/1720 1089/2205/1720
f 1085/2206/1721 1092/2207/1721 1084/2208/1721
f 1091/2209/1722 1092/2207/1722 1093/2210/1722
f 1093/2211/1723 1094/2212/1723 1095/2213/1723
f 1096/2214/1724 1099/2215/1724 1098/2216/1724
f 1097/2217/1725 1087/2218/1725 1094/2212/1725
f 1088/2219/1726 1090/2220/1726 1097/2217/1726
f 1089/2221/1727 1093/2210/1727 1092/2207/1727
f 1089/2221/1728 1098/2216/1728 1093/2210/1728
f 1098/2216/1729 1088/2222/1729 1096/2223/1729
f 1088/2219/1730 1089/2205/1730 1085/2204/1730
f 1088/2219/1731 1085/2204/1731 1090/2220/1731
f 1086/2224/1732 1095/2213/1732 1094/2212/1732 1087/2218/1732
f 1087/2218/1733 1097/2217/1733 1090/2220/1733
f 1090/2220/1734 1084/2225/1734 1087/2218/1734
f 1084/2225/1735 1086/2226/1735 1087/2218/1735
f 1090/2227/1736 1085/2228/1736 1084/2225/1736
f 1084/2208/1737 1091/2209/1737 1086/2229/1737
f 1091/2209/1738 1084/2208/1738 1092/2207/1738
f 1086/2229/1739 1091/2209/1739 1095/2230/1739
f 1093/2211/1740 1095/2213/1740 1091/2231/1740
f 1099/2215/1741 1096/2214/1741 1097/2217/1741
f 1099/2215/1742 1097/2217/1742 1094/2212/1742
f 1096/2214/1743 1088/2219/1743 1097/2217/1743
f 1093/2210/1744 1098/2216/1744 1099/2215/1744
f 1089/2221/1745 1088/2222/1745 1098/2216/1745
f 1094/2232/1746 1093/2210/1746 1099/2215/1746
o Cube.010
v 11.300373 0.222587 -8.888390
v 11.189554 0.333431 -8.903486
v 11.164970 0.475471 -9.031679
v 11.391305 0.269010 -9.013585
v 11.233158 0.079111 -8.944016
v 11.081833 0.343926 -9.090747
v 11.325327 0.512406 -9.020917
v 11.281857 0.312069 -9.189819
v 11.350554 0.105743 -9.035651
vn -0.3982 -0.6081 -0.6868
vn -0.4233 -0.6285 -0.6525
vn -0.0384 0.4294 -0.9023
vn -0.2489 0.6553 -0.7132
vn -0.8199 0.2989 0.4884
vn 0.5217 0.6037 0.6028
vn 0.5964 -0.5173 0.6137
vn 0.8237 -0.2728 0.4971
vn -0.8505 -0.2218 0.4768
vn 0.5124 0.1643 0.8429
vn -0.1969 0.6379 0.7445
vn 0.8272 -0.1326 -0.5461
vn 0.8522 0.2167 -0.4763
vn -0.3290 -0.2034 0.9222
vt 0.856741 0.527884
vt 0.792799 0.664448
vt 0.661337 0.518959
vt 0.570885 0.667835
vt 0.614877 0.834550
vt 0.495616 0.943630
vt 0.319826 0.718976
vt 0.602263 0.105449
vt 0.455701 0.107225
vt 0.553174 0.006579
vt 0.371255 0.573451
vt 0.135465 0.689951
vt 0.165587 0.530358
vt 0.553103 0.308270
vt 0.565029 0.471740
vt 0.392929 0.256090
vt 0.405598 0.560759
vt 0.171875 0.750000
s 0
g Cube.010_Material
usemtl Material
f 1104/2233/1747 1105/2234/1747 1108/2235/1747
f 1108/2235/1748 1105/2234/1748 1107/2236/1748
f 1105/2237/1749 1102/2238/1749 1106/2239/1749
f 1107/2236/1750 1105/2237/1750 1106/2239/1750
f 1105/2240/1751 1101/2241/1751 1102/2242/1751
f 1103/2243/1752 1101/2244/1752 1100/2245/1752
f 1104/2246/1753 1108/2247/1753 1100/2248/1753
f 1108/2247/1754 1103/2249/1754 1100/2248/1754
f 1101/2241/1755 1105/2240/1755 1104/2246/1755
f 1103/2243/1756 1106/2239/1756 1101/2244/1756
f 1101/2244/1757 1106/2239/1757 1102/2250/1757
f 1108/2235/1758 1107/2236/1758 1103/2249/1758
f 1107/2236/1759 1106/2239/1759 1103/2249/1759
f 1100/2248/1760 1101/2241/1760 1104/2246/1760
o Cube.011
v 11.165740 0.093685 -8.958756
v 11.054643 0.343132 -9.125251
v 10.934140 0.198788 -9.043052
v 11.105619 0.133624 -9.129887
v 11.227847 0.227572 -9.076531
v 11.174137 0.268399 -8.905532
v 11.015369 0.156767 -8.884038
v 11.163945 0.379308 -8.971999
v 11.011819 0.326059 -8.956341
vn -0.7984 0.5849 -0.1433
vn -0.4788 -0.0972 -0.8725
vn -0.4139 -0.9079 -0.0665
vn 0.6622 -0.6441 -0.3830
vn 0.9426 0.2310 0.2409
vn 0.9336 -0.1447 0.3278
vn 0.3256 -0.2898 0.9000
vn -0.1480 0.3858 0.9106
vn -0.8532 0.1896 0.4859
vn -0.3293 0.9442 0.0120
vn -0.0888 0.5060 0.8579
vn -0.3774 -0.9246 -0.0515
vn 0.3315 0.1014 -0.9380
vn 0.5653 0.6160 -0.5486
vt 0.534218 0.539052
vt 0.807613 0.537738
vt 0.651467 0.712344
vt 0.812212 0.722590
vt 0.440472 0.699464
vt 0.505279 0.954605
vt 0.394685 0.910428
vt 0.529494 0.041599
vt 0.440272 0.169217
vt 0.407900 0.015209
vt 0.224689 0.500632
vt 0.298939 0.554231
vt 0.143822 0.628706
vt 0.350796 0.501919
vt 0.236030 0.724989
vt 0.358556 0.714558
vt 0.602122 0.296489
vt 0.527241 0.521298
vt 0.452229 0.375318
s 0
g Cube.011_Material
usemtl Material
f 1117/2251/1761 1110/2252/1761 1111/2253/1761
f 1111/2253/1762 1110/2252/1762 1112/2254/1762
f 1115/2255/1763 1112/2256/1763 1109/2257/1763
f 1112/2258/1764 1113/2259/1764 1109/2260/1764
f 1116/2261/1765 1114/2262/1765 1113/2263/1765
f 1113/2263/1766 1114/2264/1766 1109/2265/1766
f 1114/2264/1767 1115/2266/1767 1109/2265/1767
f 1114/2264/1768 1117/2251/1768 1115/2255/1768
f 1117/2251/1769 1111/2253/1769 1115/2255/1769
f 1110/2267/1770 1117/2268/1770 1116/2269/1770
f 1116/2269/1771 1117/2251/1771 1114/2264/1771
f 1111/2253/1772 1112/2256/1772 1115/2255/1772
f 1112/2258/1773 1110/2267/1773 1113/2259/1773
f 1110/2267/1774 1116/2269/1774 1113/2259/1774
o Cube.006
v 11.064630 0.209015 -9.060255
v 11.171598 0.163335 -9.180393
v 11.266536 0.173634 -9.018972
v 11.087964 0.117834 -9.102561
v 11.205338 0.109580 -9.081590
v 11.163305 0.106411 -8.978345
v 11.127528 0.246097 -9.019184
v 11.152867 0.247069 -9.166574
v 11.267060 0.233037 -9.090376
vn -0.7960 -0.4102 0.4451
vn -0.0602 -0.9967 -0.0551
vn 0.1628 0.3151 0.9350
vn -0.7570 -0.0620 -0.6505
vn -0.7136 0.1362 -0.6872
vn 0.1057 0.9941 0.0247
vn -0.4697 0.8797 -0.0749
vn 0.5582 0.2552 -0.7895
vn 0.7659 -0.4177 -0.4888
vn 0.8247 -0.4378 -0.3582
vn 0.5912 -0.7768 0.2168
vn -0.5805 0.0880 0.8095
vn 0.3706 0.7127 0.5956
vn 0.0250 -0.8745 -0.4843
vt 0.423616 0.817668
vt 0.438163 0.985880
vt 0.399025 0.926987
vt 0.584080 0.909473
vt 0.477709 0.045024
vt 0.607265 0.122218
vt 0.441545 0.286085
vt 0.565477 0.549583
vt 0.592013 0.712367
vt 0.289400 0.584684
vt 0.400831 0.754486
vt 0.615924 0.357557
vt 0.551199 0.540629
vt 0.429879 0.509305
vt 0.769145 0.562221
vt 0.604783 0.677624
vt 0.780055 0.741830
vt 0.860509 0.631959
vt 0.567506 0.015179
vt 0.377433 0.096481
s 0
g Cube.006_Material
usemtl Material
f 1121/2270/1775 1123/2271/1775 1118/2272/1775
f 1122/2273/1776 1123/2271/1776 1121/2270/1776
f 1123/2274/1777 1120/2275/1777 1124/2276/1777
f 1125/2277/1778 1119/2278/1778 1118/2279/1778
f 1119/2278/1779 1121/2280/1779 1118/2279/1779
f 1124/2276/1780 1126/2281/1780 1125/2282/1780
f 1125/2282/1781 1118/2283/1781 1124/2276/1781
f 1125/2277/1782 1126/2284/1782 1119/2285/1782
f 1119/2285/1783 1126/2284/1783 1122/2286/1783
f 1126/2284/1784 1120/2287/1784 1122/2286/1784
f 1122/2288/1785 1120/2275/1785 1123/2274/1785
f 1118/2289/1786 1123/2274/1786 1124/2276/1786
f 1124/2276/1787 1120/2275/1787 1126/2281/1787
f 1119/2278/1788 1122/2273/1788 1121/2270/1788
o Cube.007
v 11.178305 0.099283 -8.980906
v 11.058501 0.131366 -9.082468
v 11.239029 0.183198 -9.035410
v 11.257763 0.150281 -9.153852
v 11.256349 0.038066 -9.070973
v 11.124270 0.010813 -9.039183
v 11.133512 0.151666 -9.173370
v 11.122849 0.200922 -9.055431
v 11.110001 0.024539 -9.134325
vn -0.8858 -0.4593 0.0666
vn -0.5881 0.2444 0.7710
vn -0.7639 -0.0562 -0.6429
vn -0.0540 0.5711 0.8191
vn 0.7254 -0.0809 0.6836
vn 0.1861 0.9538 -0.2357
vn 0.1439 -0.3148 -0.9382
vn -0.6580 -0.0905 0.7476
vn 0.3020 -0.6462 0.7009
vn 0.1612 -0.9731 -0.1646
vn 0.9875 0.0854 0.1325
vn 0.0698 0.9227 -0.3791
vn -0.6157 0.7058 -0.3504
vn 0.3733 -0.5542 -0.7440
vt 0.862532 0.586626
vt 0.666025 0.612825
vt 0.793538 0.524739
vt 0.799625 0.742317
vt 0.596159 0.725728
vt 0.676667 0.500000
vt 0.533198 0.702151
vt 0.502729 0.907748
vt 0.315429 0.689365
vt 0.215046 0.717794
vt 0.139986 0.551629
vt 0.365533 0.517965
vt 0.592775 0.342442
vt 0.523296 0.508923
vt 0.395346 0.376049
vt 0.510142 0.020803
vt 0.592582 0.143625
vt 0.414253 0.208459
s 0
g Cube.007_Material
usemtl Material
f 1132/2290/1789 1128/2291/1789 1135/2292/1789
f 1128/2291/1790 1127/2293/1790 1134/2294/1790
f 1135/2292/1791 1128/2291/1791 1133/2295/1791
f 1134/2296/1792 1127/2297/1792 1129/2298/1792
f 1129/2298/1793 1127/2299/1793 1131/2300/1793
f 1130/2301/1794 1134/2296/1794 1129/2298/1794
f 1135/2302/1795 1133/2303/1795 1130/2304/1795
f 1132/2290/1796 1127/2293/1796 1128/2291/1796
f 1127/2305/1797 1132/2306/1797 1131/2307/1797
f 1131/2307/1798 1132/2306/1798 1135/2302/1798
f 1131/2300/1799 1130/2301/1799 1129/2298/1799
f 1130/2301/1800 1133/2303/1800 1134/2296/1800
f 1133/2303/1801 1128/2291/1801 1134/2296/1801
f 1131/2307/1802 1135/2302/1802 1130/2304/1802
o Cube.008
v 11.039352 0.147550 -9.032579
v 11.065855 0.000427 -9.043668
v 11.162601 -0.087033 -9.028675
v 11.214079 0.041063 -8.962200
v 11.313371 -0.008005 -9.118201
v 11.232886 0.143422 -9.102046
v 11.072304 0.131622 -9.141295
v 11.214291 -0.133828 -9.102620
v 11.179042 -0.017972 -9.183599
vn -0.3982 -0.2914 0.8698
vn 0.4816 -0.5483 0.6837
vn 0.8259 0.3962 0.4011
vn -0.0346 0.9873 -0.1551
vn -0.7443 -0.3748 -0.5528
vn -0.6852 -0.5457 -0.4825
vn 0.3986 0.3042 -0.8652
vn 0.4208 -0.4302 -0.7987
vn -0.6707 -0.7418 0.0006
vn -0.4452 -0.1468 0.8833
vn 0.6758 -0.4610 0.5751
vn 0.2299 0.7703 0.5948
vn -0.9519 -0.1514 -0.2663
vn 0.1913 0.3911 -0.9003
vt 0.551771 0.821043
vt 0.490236 0.981936
vt 0.443965 0.755163
vt 0.609545 0.740303
vt 0.579499 0.265268
vt 0.447677 0.232718
vt 0.490446 0.016300
vt 0.320967 0.499695
vt 0.242238 0.673984
vt 0.142687 0.564850
vt 0.543218 0.480597
vt 0.654480 0.663904
vt 0.651690 0.523626
vt 0.809399 0.589510
vt 0.375000 0.930496
vt 0.603518 0.001237
vt 0.583364 0.169025
vt 0.384386 0.054537
vt 0.382289 0.419599
s 0
g Cube.008_Material
usemtl Material
f 1138/2308/1803 1139/2309/1803 1137/2310/1803
f 1138/2308/1804 1143/2311/1804 1139/2309/1804
f 1140/2312/1805 1141/2313/1805 1139/2314/1805
f 1142/2315/1806 1136/2316/1806 1141/2317/1806
f 1144/2318/1807 1137/2310/1807 1142/2315/1807
f 1144/2318/1808 1143/2319/1808 1137/2310/1808
f 1140/2312/1809 1144/2318/1809 1141/2313/1809
f 1144/2320/1810 1140/2321/1810 1143/2319/1810
f 1143/2319/1811 1138/2308/1811 1137/2310/1811
f 1136/2322/1812 1137/2310/1812 1139/2309/1812
f 1143/2323/1813 1140/2324/1813 1139/2314/1813
f 1136/2325/1814 1139/2314/1814 1141/2313/1814
f 1136/2316/1815 1142/2315/1815 1137/2310/1815
f 1142/2326/1816 1141/2313/1816 1144/2318/1816
