# Blender 4.1.0
# www.blender.org
mtllib TornadoEffect20170.mtl
o Plane.002
v 11.165558 0.000000 -9.079000
o Cube.007
v 10.964503 1.941312 -7.826644
v 10.946810 2.114276 -7.765057
v 10.869905 1.971344 -7.917681
v 10.747273 2.001693 -7.850497
v 10.830482 1.890731 -7.769671
v 10.948684 1.965179 -7.692834
v 10.810918 2.114948 -7.786701
v 10.927125 2.087952 -7.873570
v 10.868021 2.037359 -7.664771
vn 0.5781 0.3616 0.7315
vn 0.9603 0.1754 -0.2168
vn -0.0856 0.8219 0.5631
vn 0.6824 -0.0592 -0.7286
vn 0.1455 -0.8846 -0.4430
vn -0.3310 0.4716 -0.8173
vn -0.8398 0.1843 0.5106
vn 0.9923 0.0638 0.1059
vn 0.4213 -0.8829 0.2073
vn -0.1951 -0.5371 0.8206
vn -0.4613 -0.7218 -0.5160
vn -0.3806 0.6069 -0.6977
vn 0.0435 0.9691 -0.2430
vn -0.8047 -0.1951 0.5607
vt 0.862532 0.586626
vt 0.666025 0.612825
vt 0.793538 0.524739
vt 0.799625 0.742317
vt 0.596159 0.725728
vt 0.676667 0.500000
vt 0.533198 0.702151
vt 0.502729 0.907748
vt 0.315429 0.689365
vt 0.215046 0.717794
vt 0.139986 0.551629
vt 0.365533 0.517965
vt 0.592775 0.342442
vt 0.523296 0.508923
vt 0.395346 0.376049
vt 0.510142 0.020803
vt 0.592582 0.143625
vt 0.414253 0.208459
s 0
g Cube.007_Material
usemtl Material
f 7/1/1 3/2/1 10/3/1
f 3/2/2 2/4/2 9/5/2
f 10/3/3 3/2/3 8/6/3
f 9/7/4 2/8/4 4/9/4
f 4/9/5 2/10/5 6/11/5
f 5/12/6 9/7/6 4/9/6
f 10/13/7 8/14/7 5/15/7
f 7/1/8 2/4/8 3/2/8
f 2/16/9 7/17/9 6/18/9
f 6/18/10 7/17/10 10/13/10
f 6/11/11 5/12/11 4/9/11
f 5/12/12 8/14/12 9/7/12
f 8/14/13 3/2/13 9/7/13
f 6/18/14 10/13/14 5/15/14
o Cube.008
v 10.128100 1.900462 -8.687712
v 9.944106 1.871535 -8.679427
v 9.802930 1.940443 -8.723921
v 9.936895 2.034683 -8.821334
v 9.825522 2.169940 -8.660331
v 10.037343 2.137919 -8.659286
v 10.086877 1.961233 -8.565392
v 9.720689 1.999876 -8.648536
v 9.864168 2.031096 -8.542384
vn -0.0838 -0.6561 -0.7500
vn -0.6310 0.1022 -0.7690
vn 0.1239 0.8003 -0.5866
vn 0.9298 0.3380 0.1455
vn -0.1409 -0.6847 0.7150
vn -0.3168 -0.7043 0.6353
vn 0.0961 0.6598 0.7453
vn -0.5976 0.4159 0.6854
vn -0.4741 -0.8649 0.1647
vn 0.0687 -0.6530 -0.7542
vn -0.6208 0.3335 -0.7095
vn 0.6872 0.3395 -0.6423
vn 0.1572 -0.8623 0.4814
vn 0.2446 0.5076 0.8262
vt 0.551771 0.821043
vt 0.490236 0.981936
vt 0.443965 0.755163
vt 0.609545 0.740303
vt 0.579499 0.265268
vt 0.447677 0.232718
vt 0.490446 0.016300
vt 0.320967 0.499695
vt 0.242238 0.673984
vt 0.142687 0.564850
vt 0.543218 0.480597
vt 0.654480 0.663904
vt 0.651690 0.523626
vt 0.809399 0.589510
vt 0.375000 0.930496
vt 0.603518 0.001237
vt 0.583364 0.169025
vt 0.384386 0.054537
vt 0.382289 0.419599
s 0
g Cube.008_Material
usemtl Material
f 13/19/15 14/20/15 12/21/15
f 13/19/16 18/22/16 14/20/16
f 15/23/17 16/24/17 14/25/17
f 17/26/18 11/27/18 16/28/18
f 19/29/19 12/21/19 17/26/19
f 19/29/20 18/30/20 12/21/20
f 15/23/21 19/29/21 16/24/21
f 19/31/22 15/32/22 18/30/22
f 18/30/23 13/19/23 12/21/23
f 11/33/24 12/21/24 14/20/24
f 18/34/25 15/35/25 14/25/25
f 11/36/26 14/25/26 16/24/26
f 11/27/27 17/26/27 12/21/27
f 17/37/28 16/24/28 19/29/28
o Cube.009
v 11.268133 1.917765 -10.141729
v 11.442995 1.992807 -10.120277
v 11.135066 1.962137 -10.295183
v 11.188430 1.810987 -10.410605
v 11.618304 1.995879 -10.333378
v 11.539421 2.186815 -10.268588
v 11.442199 1.768219 -10.330283
v 11.230677 2.155262 -10.210194
v 11.385861 2.233823 -10.207129
v 11.266373 2.207250 -10.469371
v 11.220658 1.996739 -10.527826
v 11.110602 2.109592 -10.350698
v 11.546206 1.990173 -10.514829
v 11.420464 1.771536 -10.468117
v 11.475550 2.129593 -10.526122
v 11.347839 2.019681 -10.642336
vn 0.4430 0.3950 0.8048
vn -0.2343 0.2799 0.9310
vn -0.4505 0.8853 0.1155
vn -0.6940 0.3286 -0.6406
vn 0.5505 0.2136 -0.8070
vn -0.2870 -0.4751 -0.8318
vn 0.7825 -0.6072 -0.1380
vn 0.2149 0.9570 -0.1949
vn 0.2692 0.9239 -0.2720
vn 0.8470 0.4009 -0.3491
vn 0.7675 0.1023 0.6328
vn 0.6681 -0.5094 0.5423
vn -0.9171 -0.1664 -0.3622
vn -0.1670 -0.9860 0.0026
vn -0.2796 -0.8610 0.4248
vn -0.6927 -0.5760 0.4341
vn 0.1996 -0.6696 0.7154
vn -0.7426 0.0747 0.6656
vn -0.1467 0.2526 0.9564
vn -0.7728 0.1073 0.6255
vn -0.4651 0.8781 0.1121
vn 0.4442 -0.4241 -0.7892
vn -0.4762 -0.5944 -0.6480
vn 0.7976 -0.5229 -0.3005
vn 0.0610 0.6908 -0.7204
vn 0.8379 0.4507 -0.3079
vn -0.6637 0.3305 -0.6710
vt 0.875000 0.649805
vt 0.849233 0.683396
vt 0.832712 0.540342
vt 0.580473 0.024703
vt 0.534759 0.188184
vt 0.498710 0.020990
vt 0.437420 0.135101
vt 0.411456 0.342495
vt 0.213804 0.511922
vt 0.337875 0.601179
vt 0.185175 0.619999
vt 0.611440 0.548317
vt 0.438499 0.522151
vt 0.536413 0.434917
vt 0.517900 0.691047
vt 0.378975 0.759339
vt 0.724211 0.603714
vt 0.568883 0.768659
vt 0.609419 0.213408
vt 0.625000 0.382072
vt 0.588498 0.519208
vt 0.209844 0.718096
vt 0.479559 0.953620
vt 0.390901 0.953078
vt 0.565332 0.774863
vt 0.583031 0.973602
vt 0.389658 0.010551
vt 0.376620 0.114133
vt 0.125000 0.581137
vt 0.375000 0.421875
s 0
g Cube.009_Material
usemtl Material
f 28/38/29 21/39/29 25/40/29
f 21/41/30 28/42/30 20/43/30
f 27/44/31 28/42/31 29/45/31
f 29/46/32 30/47/32 31/48/32
f 32/49/33 35/50/33 34/51/33
f 33/52/34 23/53/34 30/47/34
f 24/54/35 26/55/35 33/52/35
f 25/56/36 29/45/36 28/42/36
f 25/56/37 34/51/37 29/45/37
f 34/51/38 24/57/38 32/58/38
f 24/54/39 25/40/39 21/39/39
f 24/54/40 21/39/40 26/55/40
f 22/59/41 31/48/41 30/47/41 23/53/41
f 23/53/42 33/52/42 26/55/42
f 26/55/43 20/60/43 23/53/43
f 20/60/44 22/61/44 23/53/44
f 26/62/45 21/63/45 20/60/45
f 20/43/46 27/44/46 22/64/46
f 27/44/47 20/43/47 28/42/47
f 22/64/48 27/44/48 31/65/48
f 29/46/49 31/48/49 27/66/49
f 35/50/50 32/49/50 33/52/50
f 35/50/51 33/52/51 30/47/51
f 32/49/52 24/54/52 33/52/52
f 29/45/53 34/51/53 35/50/53
f 25/56/54 24/57/54 34/51/54
f 30/67/55 29/45/55 35/50/55
o Cube.010
v 12.342616 2.008117 -9.586123
v 12.476568 2.004377 -9.582540
v 12.584693 2.037282 -9.463394
v 12.323970 2.052909 -9.457438
v 12.297425 1.872723 -9.578255
v 12.556372 1.898722 -9.454587
v 12.512145 2.152709 -9.429894
v 12.424130 1.967877 -9.333859
v 12.249300 1.930275 -9.473567
vn -0.1186 -0.8921 0.4359
vn -0.1180 -0.9119 0.3931
vn 0.3909 -0.0214 0.9202
vn 0.6873 0.0492 0.7247
vn 0.7525 -0.1938 -0.6294
vn 0.0351 0.9454 -0.3240
vn -0.8228 0.2448 -0.5129
vn -0.7974 0.5247 -0.2982
vn 0.4004 -0.5682 -0.7189
vn -0.2891 0.7194 -0.6317
vn 0.5487 0.5320 -0.6449
vn -0.6346 0.2923 0.7154
vn -0.4053 0.5660 0.7179
vn 0.0248 -0.0663 -0.9975
vt 0.856741 0.527884
vt 0.792799 0.664448
vt 0.661337 0.518959
vt 0.570885 0.667835
vt 0.614877 0.834550
vt 0.495616 0.943630
vt 0.319826 0.718976
vt 0.602263 0.105449
vt 0.455701 0.107225
vt 0.553174 0.006579
vt 0.371255 0.573451
vt 0.135465 0.689951
vt 0.165587 0.530358
vt 0.553103 0.308270
vt 0.565029 0.471740
vt 0.392929 0.256090
vt 0.405598 0.560759
vt 0.171875 0.750000
s 0
g Cube.010_Material
usemtl Material
f 40/68/56 41/69/56 44/70/56
f 44/70/57 41/69/57 43/71/57
f 41/72/58 38/73/58 42/74/58
f 43/71/59 41/72/59 42/74/59
f 41/75/60 37/76/60 38/77/60
f 39/78/61 37/79/61 36/80/61
f 40/81/62 44/82/62 36/83/62
f 44/82/63 39/84/63 36/83/63
f 37/76/64 41/75/64 40/81/64
f 39/78/65 42/74/65 37/79/65
f 37/79/66 42/74/66 38/85/66
f 44/70/67 43/71/67 39/84/67
f 43/71/68 42/74/68 39/84/68
f 36/83/69 37/76/69 40/81/69
o Cube.011
v 11.949688 2.155529 -8.009169
v 11.846684 1.849976 -7.826505
v 11.694132 1.994089 -7.938320
v 11.867293 2.098905 -7.818589
v 12.029547 2.013011 -7.863624
v 11.996518 1.957017 -8.066469
v 11.798712 2.056812 -8.112414
v 11.996288 1.828107 -7.989208
v 11.815606 1.862210 -8.026620
vn -0.7109 -0.7001 0.0676
vn -0.5775 0.0219 0.8161
vn -0.5517 0.8340 0.0093
vn 0.5125 0.7371 0.4406
vn 0.9869 -0.0841 -0.1375
vn 0.9301 0.2859 -0.2304
vn 0.3711 0.3373 -0.8652
vn 0.0094 -0.4027 -0.9153
vn -0.7583 -0.3170 -0.5697
vn -0.1789 -0.9833 -0.0323
vn 0.0803 -0.5125 -0.8549
vn -0.5168 0.8561 -0.0020
vn 0.2420 -0.0509 0.9689
vn 0.5911 -0.5232 0.6138
vt 0.534218 0.539052
vt 0.807613 0.537738
vt 0.651467 0.712344
vt 0.812212 0.722590
vt 0.440472 0.699464
vt 0.505279 0.954605
vt 0.394685 0.910428
vt 0.529494 0.041599
vt 0.440272 0.169217
vt 0.407900 0.015209
vt 0.224689 0.500632
vt 0.298939 0.554231
vt 0.143822 0.628706
vt 0.350796 0.501919
vt 0.236030 0.724989
vt 0.358556 0.714558
vt 0.602122 0.296489
vt 0.527241 0.521298
vt 0.452229 0.375318
s 0
g Cube.011_Material
usemtl Material
f 53/86/70 46/87/70 47/88/70
f 47/88/71 46/87/71 48/89/71
f 51/90/72 48/91/72 45/92/72
f 48/93/73 49/94/73 45/95/73
f 52/96/74 50/97/74 49/98/74
f 49/98/75 50/99/75 45/100/75
f 50/99/76 51/101/76 45/100/76
f 50/99/77 53/86/77 51/90/77
f 53/86/78 47/88/78 51/90/78
f 46/102/79 53/103/79 52/104/79
f 52/104/80 53/86/80 50/99/80
f 47/88/81 48/91/81 51/90/81
f 48/93/82 46/102/82 49/94/82
f 46/102/83 52/104/83 49/94/83
o Cube.006
v 12.440709 2.098964 -9.546901
v 12.470868 1.986506 -9.394403
v 12.352271 1.876203 -9.536098
v 12.530332 2.028326 -9.515334
v 12.468309 1.906654 -9.502901
v 12.456253 1.929667 -9.628190
v 12.357212 2.054028 -9.562662
v 12.396194 2.052585 -9.395556
v 12.321362 1.922109 -9.445018
vn 0.5676 0.3981 -0.7206
vn 0.8711 -0.4613 -0.1686
vn -0.6313 -0.0974 -0.7694
vn 0.6067 0.6924 0.3906
vn 0.4339 0.7640 0.4776
vn -0.8804 0.4257 0.2091
vn -0.4881 0.8643 0.1213
vn -0.2205 -0.2326 0.9472
vn 0.1461 -0.7984 0.5841
vn 0.0944 -0.8758 0.4734
vn 0.3019 -0.9321 -0.2003
vn -0.0599 0.4276 -0.9020
vn -0.9498 -0.0202 -0.3121
vn 0.8659 -0.4124 0.2831
vt 0.423616 0.817668
vt 0.438163 0.985880
vt 0.399025 0.926987
vt 0.584080 0.909473
vt 0.477709 0.045024
vt 0.607265 0.122218
vt 0.441545 0.286085
vt 0.565477 0.549583
vt 0.592013 0.712367
vt 0.289400 0.584684
vt 0.400831 0.754486
vt 0.615924 0.357557
vt 0.551199 0.540629
vt 0.429879 0.509305
vt 0.769145 0.562221
vt 0.604783 0.677624
vt 0.780055 0.741830
vt 0.860509 0.631959
vt 0.567506 0.015179
vt 0.377433 0.096481
s 0
g Cube.006_Material
usemtl Material
f 57/105/84 59/106/84 54/107/84
f 58/108/85 59/106/85 57/105/85
f 59/109/86 56/110/86 60/111/86
f 61/112/87 55/113/87 54/114/87
f 55/113/88 57/115/88 54/114/88
f 60/111/89 62/116/89 61/117/89
f 61/117/90 54/118/90 60/111/90
f 61/112/91 62/119/91 55/120/91
f 55/120/92 62/119/92 58/121/92
f 62/119/93 56/122/93 58/121/93
f 58/123/94 56/110/94 59/109/94
f 54/124/95 59/109/95 60/111/95
f 60/111/96 56/110/96 62/116/96
f 55/113/97 58/108/97 57/105/97
o Cube.007
v 12.288592 1.890487 -8.559320
v 12.397838 1.881180 -8.404147
v 12.383076 1.977339 -8.612004
v 12.388654 2.099403 -8.529587
v 12.235286 2.037663 -8.532580
v 12.231581 1.908181 -8.431630
v 12.433783 2.017999 -8.413127
v 12.443713 1.901023 -8.509704
v 12.287932 1.978744 -8.360126
vn -0.2244 -0.5994 0.7683
vn 0.1107 -0.9844 -0.1369
vn 0.3485 -0.0301 0.9368
vn 0.2620 -0.6926 -0.6720
vn -0.4776 -0.0134 -0.8785
vn 0.9019 0.2126 -0.3760
vn -0.0108 0.8176 0.5757
vn -0.1697 -0.9836 0.0605
vn -0.8950 -0.2581 -0.3638
vn -0.8715 0.3167 0.3743
vn -0.2073 0.5539 -0.8064
vn 0.9495 0.2437 -0.1976
vn 0.9097 -0.2157 0.3548
vn -0.3495 0.8488 0.3967
vt 0.862532 0.586626
vt 0.666025 0.612825
vt 0.793538 0.524739
vt 0.799625 0.742317
vt 0.596159 0.725728
vt 0.676667 0.500000
vt 0.533198 0.702151
vt 0.502729 0.907748
vt 0.315429 0.689365
vt 0.215046 0.717794
vt 0.139986 0.551629
vt 0.365533 0.517965
vt 0.592775 0.342442
vt 0.523296 0.508923
vt 0.395346 0.376049
vt 0.510142 0.020803
vt 0.592582 0.143625
vt 0.414253 0.208459
s 0
g Cube.007_Material
usemtl Material
f 68/125/98 64/126/98 71/127/98
f 64/126/99 63/128/99 70/129/99
f 71/127/100 64/126/100 69/130/100
f 70/131/101 63/132/101 65/133/101
f 65/133/102 63/134/102 67/135/102
f 66/136/103 70/131/103 65/133/103
f 71/137/104 69/138/104 66/139/104
f 68/125/105 63/128/105 64/126/105
f 63/140/106 68/141/106 67/142/106
f 67/142/107 68/141/107 71/137/107
f 67/135/108 66/136/108 65/133/108
f 66/136/109 69/138/109 70/131/109
f 69/138/110 64/126/110 70/131/110
f 67/142/111 71/137/111 66/139/111
o Cube.008
v 10.361667 1.785459 -8.109929
v 10.248902 1.886290 -8.037890
v 10.167194 2.004691 -8.066787
v 10.224078 1.951571 -8.219340
v 10.302757 2.141883 -8.161736
v 10.414227 1.989894 -8.200958
v 10.430898 1.877944 -8.054319
v 10.185122 2.110444 -8.029375
v 10.341114 2.065155 -8.018030
vn -0.8076 -0.5814 -0.0987
vn -0.8572 0.2947 -0.4223
vn 0.0374 0.2753 -0.9606
vn 0.8339 -0.3888 -0.3916
vn 0.0820 -0.1516 0.9850
vn -0.0907 -0.0636 0.9938
vn 0.8140 0.5740 0.0892
vn 0.2265 0.8830 0.4110
vn -0.5605 -0.1901 0.8060
vn -0.7106 -0.6874 -0.1501
vn -0.7162 0.4560 -0.5282
vn 0.1735 -0.4375 -0.8823
vn 0.0508 -0.5423 0.8386
vn 0.8983 0.3925 0.1975
vt 0.551771 0.821043
vt 0.490236 0.981936
vt 0.443965 0.755163
vt 0.609545 0.740303
vt 0.579499 0.265268
vt 0.447677 0.232718
vt 0.490446 0.016300
vt 0.320967 0.499695
vt 0.242238 0.673984
vt 0.142687 0.564850
vt 0.543218 0.480597
vt 0.654480 0.663904
vt 0.651690 0.523626
vt 0.809399 0.589510
vt 0.375000 0.930496
vt 0.603518 0.001237
vt 0.583364 0.169025
vt 0.384386 0.054537
vt 0.382289 0.419599
s 0
g Cube.008_Material
usemtl Material
f 74/143/112 75/144/112 73/145/112
f 74/143/113 79/146/113 75/144/113
f 76/147/114 77/148/114 75/149/114
f 78/150/115 72/151/115 77/152/115
f 80/153/116 73/145/116 78/150/116
f 80/153/117 79/154/117 73/145/117
f 76/147/118 80/153/118 77/148/118
f 80/155/119 76/156/119 79/154/119
f 79/154/120 74/143/120 73/145/120
f 72/157/121 73/145/121 75/144/121
f 79/158/122 76/159/122 75/149/122
f 72/160/123 75/149/123 77/148/123
f 72/151/124 78/150/124 73/145/124
f 78/161/125 77/148/125 80/153/125
o Cube.009
v 11.805177 1.850979 -10.115279
v 11.804203 1.719144 -10.295739
v 11.734235 2.082937 -10.109006
v 11.518523 2.038057 -10.041183
v 11.539566 1.698987 -10.478207
v 11.739532 1.815884 -10.579211
v 11.476683 1.746424 -10.151632
v 11.890373 2.035545 -10.324574
v 11.881241 1.933945 -10.500122
v 11.661535 2.188692 -10.469814
v 11.502194 2.167959 -10.264767
v 11.775252 2.206641 -10.241842
v 11.390929 1.871829 -10.475901
v 11.356009 1.852319 -10.179214
v 11.486231 2.004900 -10.557513
v 11.360071 2.138056 -10.404471
vn 0.7078 -0.6034 -0.3674
vn 0.9672 -0.2076 0.1464
vn 0.6711 0.6260 -0.3972
vn -0.1396 0.9902 -0.0083
vn -0.7236 0.0994 -0.6830
vn -0.8183 0.4690 0.3323
vn -0.6573 -0.7535 -0.0171
vn 0.2445 0.3198 -0.9154
vn 0.1485 0.3069 -0.9401
vn -0.3534 -0.2920 -0.8887
vn 0.3220 -0.8711 -0.3707
vn -0.0210 -0.9900 0.1398
vn -0.0866 0.8146 0.5736
vn -0.4300 -0.2652 0.8630
vn 0.0097 -0.3554 0.9347
vn 0.2876 0.0621 0.9557
vn 0.1885 -0.7935 0.5787
vn 0.8111 0.2336 0.5362
vn 0.9467 -0.2976 0.1230
vn 0.8042 0.2903 0.5187
vn 0.6694 0.6360 -0.3840
vn -0.9892 -0.0820 -0.1218
vn -0.6680 0.4665 0.5797
vn -0.7525 -0.6454 -0.1310
vn -0.2644 0.6090 -0.7478
vn -0.2926 -0.2875 -0.9120
vn -0.1729 0.9843 -0.0348
vt 0.875000 0.649805
vt 0.849233 0.683396
vt 0.832712 0.540342
vt 0.580473 0.024703
vt 0.534759 0.188184
vt 0.498710 0.020990
vt 0.437420 0.135101
vt 0.411456 0.342495
vt 0.213804 0.511922
vt 0.337875 0.601179
vt 0.185175 0.619999
vt 0.611440 0.548317
vt 0.438499 0.522151
vt 0.536413 0.434917
vt 0.517900 0.691047
vt 0.378975 0.759339
vt 0.724211 0.603714
vt 0.568883 0.768659
vt 0.609419 0.213408
vt 0.625000 0.382072
vt 0.588498 0.519208
vt 0.209844 0.718096
vt 0.479559 0.953620
vt 0.390901 0.953078
vt 0.565332 0.774863
vt 0.583031 0.973602
vt 0.389658 0.010551
vt 0.376620 0.114133
vt 0.125000 0.581137
vt 0.375000 0.421875
s 0
g Cube.009_Material
usemtl Material
f 89/162/126 82/163/126 86/164/126
f 82/165/127 89/166/127 81/167/127
f 88/168/128 89/166/128 90/169/128
f 90/170/129 91/171/129 92/172/129
f 93/173/130 96/174/130 95/175/130
f 94/176/131 84/177/131 91/171/131
f 85/178/132 87/179/132 94/176/132
f 86/180/133 90/169/133 89/166/133
f 86/180/134 95/175/134 90/169/134
f 95/175/135 85/181/135 93/182/135
f 85/178/136 86/164/136 82/163/136
f 85/178/137 82/163/137 87/179/137
f 83/183/138 92/172/138 91/171/138 84/177/138
f 84/177/139 94/176/139 87/179/139
f 87/179/140 81/184/140 84/177/140
f 81/184/141 83/185/141 84/177/141
f 87/186/142 82/187/142 81/184/142
f 81/167/143 88/168/143 83/188/143
f 88/168/144 81/167/144 89/166/144
f 83/188/145 88/168/145 92/189/145
f 90/170/146 92/172/146 88/190/146
f 96/174/147 93/173/147 94/176/147
f 96/174/148 94/176/148 91/171/148
f 93/173/149 85/178/149 94/176/149
f 90/169/150 95/175/150 96/174/150
f 86/180/151 85/181/151 95/175/151
f 91/191/152 90/169/152 96/174/152
o Cube.010
v 11.628119 1.944929 -7.973530
v 11.552192 1.880260 -7.882274
v 11.568119 1.859844 -7.718701
v 11.727590 1.986149 -7.886120
v 11.560411 2.068558 -8.003754
v 11.489147 1.977489 -7.737187
v 11.705764 1.831588 -7.735971
v 11.665919 2.056030 -7.729918
v 11.674790 2.104055 -7.953492
vn -0.3725 0.9041 0.2093
vn -0.4057 0.8968 0.1765
vn 0.1735 0.2655 0.9484
vn -0.0270 -0.0317 0.9991
vn -0.8311 -0.5561 0.0115
vn 0.5058 -0.8442 -0.1775
vn 0.4031 -0.0030 -0.9152
vn 0.6812 -0.1086 -0.7240
vn -0.9398 -0.1553 -0.3043
vn 0.3902 -0.6693 -0.6323
vn -0.2122 -0.9720 -0.1007
vn 0.8732 0.4683 0.1352
vn 0.9405 0.1589 0.3003
vn -0.4998 -0.4540 -0.7376
vt 0.856741 0.527884
vt 0.792799 0.664448
vt 0.661337 0.518959
vt 0.570885 0.667835
vt 0.614877 0.834550
vt 0.495616 0.943630
vt 0.319826 0.718976
vt 0.602263 0.105449
vt 0.455701 0.107225
vt 0.553174 0.006579
vt 0.371255 0.573451
vt 0.135465 0.689951
vt 0.165587 0.530358
vt 0.553103 0.308270
vt 0.565029 0.471740
vt 0.392929 0.256090
vt 0.405598 0.560759
vt 0.171875 0.750000
s 0
g Cube.010_Material
usemtl Material
f 101/192/153 102/193/153 105/194/153
f 105/194/154 102/193/154 104/195/154
f 102/196/155 99/197/155 103/198/155
f 104/195/156 102/196/156 103/198/156
f 102/199/157 98/200/157 99/201/157
f 100/202/158 98/203/158 97/204/158
f 101/205/159 105/206/159 97/207/159
f 105/206/160 100/208/160 97/207/160
f 98/200/161 102/199/161 101/205/161
f 100/202/162 103/198/162 98/203/162
f 98/203/163 103/198/163 99/209/163
f 105/194/164 104/195/164 100/208/164
f 104/195/165 103/198/165 100/208/165
f 97/207/166 98/200/166 101/205/166
o Cube.011
v 10.355830 2.050843 -8.195181
v 9.991393 1.929620 -8.101816
v 10.050647 2.038481 -8.323082
v 10.157436 2.137423 -8.118828
v 10.231983 1.986219 -8.008254
v 10.293034 1.835623 -8.167020
v 10.257420 1.959034 -8.371324
v 10.166565 1.770377 -8.093246
v 10.095284 1.837511 -8.267783
vn -0.8746 -0.2992 -0.3814
vn -0.7732 0.6261 0.1010
vn 0.1621 0.8350 -0.5258
vn 0.5029 0.6579 0.5606
vn 0.6112 -0.4434 0.6556
vn 0.8475 -0.1821 0.4986
vn 0.8903 -0.3041 -0.3389
vn 0.2634 -0.8047 -0.5320
vn -0.3295 -0.3178 -0.8890
vn -0.6724 -0.7402 -0.0101
vn 0.2076 -0.8816 -0.4239
vn 0.2020 0.8358 -0.5105
vn -0.4123 0.3966 0.8202
vn -0.2924 -0.2723 0.9167
vt 0.534218 0.539052
vt 0.807613 0.537738
vt 0.651467 0.712344
vt 0.812212 0.722590
vt 0.440472 0.699464
vt 0.505279 0.954605
vt 0.394685 0.910428
vt 0.529494 0.041599
vt 0.440272 0.169217
vt 0.407900 0.015209
vt 0.224689 0.500632
vt 0.298939 0.554231
vt 0.143822 0.628706
vt 0.350796 0.501919
vt 0.236030 0.724989
vt 0.358556 0.714558
vt 0.602122 0.296489
vt 0.527241 0.521298
vt 0.452229 0.375318
s 0
g Cube.011_Material
usemtl Material
f 114/210/167 107/211/167 108/212/167
f 108/212/168 107/211/168 109/213/168
f 112/214/169 109/215/169 106/216/169
f 109/217/170 110/218/170 106/219/170
f 113/220/171 111/221/171 110/222/171
f 110/222/172 111/223/172 106/224/172
f 111/223/173 112/225/173 106/224/173
f 111/223/174 114/210/174 112/214/174
f 114/210/175 108/212/175 112/214/175
f 107/226/176 114/227/176 113/228/176
f 113/228/177 114/210/177 111/223/177
f 108/212/178 109/215/178 112/214/178
f 109/217/179 107/226/179 110/218/179
f 107/226/180 113/228/180 110/218/180
o Cube.006
v 9.875546 1.974185 -9.337098
v 9.726707 1.995426 -9.180829
v 9.896315 1.839646 -9.102585
v 9.858099 2.064124 -9.239559
v 9.861300 1.975550 -9.112411
v 9.996320 1.961084 -9.162157
v 9.895643 1.872970 -9.303123
v 9.711955 1.922604 -9.265575
v 9.784902 1.815954 -9.141763
vn 0.6819 0.5945 -0.4262
vn 0.2847 0.7899 0.5431
vn 0.7391 -0.6640 -0.1128
vn -0.4574 0.7123 -0.5324
vn -0.5636 0.5546 -0.6122
vn -0.3198 -0.8029 -0.5032
vn -0.2783 -0.3549 -0.8925
vn -0.9115 -0.2199 0.3476
vn -0.4468 0.0496 0.8933
vn -0.3286 -0.0164 0.9443
vn 0.3562 0.1584 0.9209
vn 0.8216 -0.0280 -0.5693
vn 0.2586 -0.9528 -0.1592
vn -0.1687 0.8068 0.5663
vt 0.423616 0.817668
vt 0.438163 0.985880
vt 0.399025 0.926987
vt 0.584080 0.909473
vt 0.477709 0.045024
vt 0.607265 0.122218
vt 0.441545 0.286085
vt 0.565477 0.549583
vt 0.592013 0.712367
vt 0.289400 0.584684
vt 0.400831 0.754486
vt 0.615924 0.357557
vt 0.551199 0.540629
vt 0.429879 0.509305
vt 0.769145 0.562221
vt 0.604783 0.677624
vt 0.780055 0.741830
vt 0.860509 0.631959
vt 0.567506 0.015179
vt 0.377433 0.096481
s 0
g Cube.006_Material
usemtl Material
f 118/229/181 120/230/181 115/231/181
f 119/232/182 120/230/182 118/229/182
f 120/233/183 117/234/183 121/235/183
f 122/236/184 116/237/184 115/238/184
f 116/237/185 118/239/185 115/238/185
f 121/235/186 123/240/186 122/241/186
f 122/241/187 115/242/187 121/235/187
f 122/236/188 123/243/188 116/244/188
f 116/244/189 123/243/189 119/245/189
f 123/243/190 117/246/190 119/245/190
f 119/247/191 117/234/191 120/233/191
f 115/248/192 120/233/192 121/235/192
f 121/235/193 117/234/193 123/240/193
f 116/237/194 119/232/194 118/229/194
o Cube.007
v 11.896910 1.967568 -10.038356
v 12.048115 1.908808 -10.111395
v 11.835165 1.880009 -10.111806
v 11.853818 1.910684 -10.245060
v 11.848795 2.039481 -10.159279
v 11.984208 2.053350 -10.087749
v 11.991132 1.890654 -10.229880
v 11.961576 1.843104 -10.099014
v 12.024262 2.029791 -10.185077
vn 0.8934 0.3487 0.2833
vn 0.3327 -0.2678 0.9042
vn 0.9031 -0.0791 -0.4222
vn -0.2353 -0.5219 0.8199
vn -0.8579 0.2126 0.4678
vn -0.2479 -0.9359 -0.2502
vn 0.1448 0.2719 -0.9514
vn 0.4512 0.0538 0.8908
vn -0.3801 0.7207 0.5798
vn 0.0203 0.9736 -0.2273
vn -0.9907 0.0466 -0.1280
vn -0.0958 -0.9284 -0.3590
vn 0.5827 -0.7972 -0.1581
vn -0.0917 0.5495 -0.8304
vt 0.862532 0.586626
vt 0.666025 0.612825
vt 0.793538 0.524739
vt 0.799625 0.742317
vt 0.596159 0.725728
vt 0.676667 0.500000
vt 0.533198 0.702151
vt 0.502729 0.907748
vt 0.315429 0.689365
vt 0.215046 0.717794
vt 0.139986 0.551629
vt 0.365533 0.517965
vt 0.592775 0.342442
vt 0.523296 0.508923
vt 0.395346 0.376049
vt 0.510142 0.020803
vt 0.592582 0.143625
vt 0.414253 0.208459
s 0
g Cube.007_Material
usemtl Material
f 129/249/195 125/250/195 132/251/195
f 125/250/196 124/252/196 131/253/196
f 132/251/197 125/250/197 130/254/197
f 131/255/198 124/256/198 126/257/198
f 126/257/199 124/258/199 128/259/199
f 127/260/200 131/255/200 126/257/200
f 132/261/201 130/262/201 127/263/201
f 129/249/202 124/252/202 125/250/202
f 124/264/203 129/265/203 128/266/203
f 128/266/204 129/265/204 132/261/204
f 128/259/205 127/260/205 126/257/205
f 127/260/206 130/262/206 131/255/206
f 130/262/207 125/250/207 131/255/207
f 128/266/208 132/261/208 127/263/208
o Cube.008
v 11.680305 1.863225 -8.008419
v 11.739151 1.958481 -7.922165
v 11.770180 1.974218 -7.803378
v 11.743296 1.832902 -7.816748
v 11.624866 1.918010 -7.710585
v 11.581230 1.836211 -7.843927
v 11.597685 1.923190 -7.972697
v 11.724704 2.028666 -7.738955
v 11.614008 2.009111 -7.817891
vn 0.9599 -0.1609 -0.2294
vn 0.7133 -0.1993 0.6719
vn -0.1084 -0.8312 0.5454
vn -0.6413 -0.5953 -0.4841
vn -0.0466 0.8755 -0.4810
vn 0.0852 0.9327 -0.3506
vn -0.9632 0.1489 0.2239
vn -0.5244 0.6222 0.5813
vn 0.5739 0.7788 -0.2531
vn 0.9063 -0.2538 -0.3380
vn 0.5279 -0.2699 0.8053
vn 0.0064 -0.9874 -0.1583
vn 0.1198 0.6247 -0.7716
vn -0.9825 0.1862 0.0002
vt 0.551771 0.821043
vt 0.490236 0.981936
vt 0.443965 0.755163
vt 0.609545 0.740303
vt 0.579499 0.265268
vt 0.447677 0.232718
vt 0.490446 0.016300
vt 0.320967 0.499695
vt 0.242238 0.673984
vt 0.142687 0.564850
vt 0.543218 0.480597
vt 0.654480 0.663904
vt 0.651690 0.523626
vt 0.809399 0.589510
vt 0.375000 0.930496
vt 0.603518 0.001237
vt 0.583364 0.169025
vt 0.384386 0.054537
vt 0.382289 0.419599
s 0
g Cube.008_Material
usemtl Material
f 135/267/209 136/268/209 134/269/209
f 135/267/210 140/270/210 136/268/210
f 137/271/211 138/272/211 136/273/211
f 139/274/212 133/275/212 138/276/212
f 141/277/213 134/269/213 139/274/213
f 141/277/214 140/278/214 134/269/214
f 137/271/215 141/277/215 138/272/215
f 141/279/216 137/280/216 140/278/216
f 140/278/217 135/267/217 134/269/217
f 133/281/218 134/269/218 136/268/218
f 140/282/219 137/283/219 136/273/219
f 133/284/220 136/273/220 138/272/220
f 133/275/221 139/274/221 134/269/221
f 139/285/222 138/272/222 141/277/222
o Cube.009
v 12.378828 1.799755 -8.828844
v 12.223755 1.895582 -8.794978
v 12.560886 1.840348 -8.753148
v 12.546171 1.720277 -8.605010
v 12.155214 1.953131 -8.543211
v 12.216186 2.113298 -8.663947
v 12.287520 1.709474 -8.571520
v 12.460894 2.027456 -8.825957
v 12.330746 2.125857 -8.784108
v 12.537745 2.115228 -8.595535
v 12.581770 1.916131 -8.523904
v 12.618088 1.983184 -8.740456
v 12.290328 1.959449 -8.411016
v 12.361876 1.726711 -8.459992
v 12.369681 2.081793 -8.452947
v 12.517965 1.972402 -8.379981
vn -0.6954 0.3527 -0.6261
vn -0.1445 0.1135 -0.9830
vn 0.4449 0.7775 -0.4445
vn 0.9241 0.2927 0.2456
vn -0.1461 0.4042 0.9029
vn 0.5575 -0.4021 0.7263
vn -0.7101 -0.4486 0.5427
vn -0.0234 0.9964 0.0818
vn -0.0439 0.9829 0.1787
vn -0.5855 0.5755 0.5710
vn -0.9465 0.1417 -0.2900
vn -0.8774 -0.4609 -0.1335
vn 0.9645 -0.2641 -0.0006
vn 0.0564 -0.9917 0.1157
vn -0.0036 -0.9432 -0.3322
vn 0.3940 -0.7328 -0.5548
vn -0.5393 -0.7163 -0.4427
vn 0.4059 -0.1348 -0.9039
vn -0.2370 0.0977 -0.9666
vn 0.4528 -0.1026 -0.8857
vn 0.4589 0.7685 -0.4458
vn -0.1178 -0.2390 0.9638
vn 0.6420 -0.5735 0.5088
vn -0.6488 -0.3425 0.6795
vn 0.3073 0.7801 0.5451
vn -0.5896 0.6172 0.5210
vn 0.9094 0.3035 0.2845
vt 0.875000 0.649805
vt 0.849233 0.683396
vt 0.832712 0.540342
vt 0.580473 0.024703
vt 0.534759 0.188184
vt 0.498710 0.020990
vt 0.437420 0.135101
vt 0.411456 0.342495
vt 0.213804 0.511922
vt 0.337875 0.601179
vt 0.185175 0.619999
vt 0.611440 0.548317
vt 0.438499 0.522151
vt 0.536413 0.434917
vt 0.517900 0.691047
vt 0.378975 0.759339
vt 0.724211 0.603714
vt 0.568883 0.768659
vt 0.609419 0.213408
vt 0.625000 0.382072
vt 0.588498 0.519208
vt 0.209844 0.718096
vt 0.479559 0.953620
vt 0.390901 0.953078
vt 0.565332 0.774863
vt 0.583031 0.973602
vt 0.389658 0.010551
vt 0.376620 0.114133
vt 0.125000 0.581137
vt 0.375000 0.421875
s 0
g Cube.009_Material
usemtl Material
f 150/286/223 143/287/223 147/288/223
f 143/289/224 150/290/224 142/291/224
f 149/292/225 150/290/225 151/293/225
f 151/294/226 152/295/226 153/296/226
f 154/297/227 157/298/227 156/299/227
f 155/300/228 145/301/228 152/295/228
f 146/302/229 148/303/229 155/300/229
f 147/304/230 151/293/230 150/290/230
f 147/304/231 156/299/231 151/293/231
f 156/299/232 146/305/232 154/306/232
f 146/302/233 147/288/233 143/287/233
f 146/302/234 143/287/234 148/303/234
f 144/307/235 153/296/235 152/295/235 145/301/235
f 145/301/236 155/300/236 148/303/236
f 148/303/237 142/308/237 145/301/237
f 142/308/238 144/309/238 145/301/238
f 148/310/239 143/311/239 142/308/239
f 142/291/240 149/292/240 144/312/240
f 149/292/241 142/291/241 150/290/241
f 144/312/242 149/292/242 153/313/242
f 151/294/243 153/296/243 149/314/243
f 157/298/244 154/297/244 155/300/244
f 157/298/245 155/300/245 152/295/245
f 154/297/246 146/302/246 155/300/246
f 151/293/247 156/299/247 157/298/247
f 147/304/248 146/305/248 156/299/248
f 152/315/249 151/293/249 157/298/249
o Cube.010
v 9.736648 1.924777 -8.914771
v 9.839586 1.878309 -8.959749
v 9.982886 1.902641 -8.927305
v 9.789868 2.003417 -8.833915
v 9.686024 1.834616 -8.836576
v 9.945057 1.804630 -8.853310
v 9.960622 2.027956 -8.924339
v 9.911790 1.938081 -8.746608
v 9.707392 1.926300 -8.767446
vn -0.0177 -0.5993 0.8003
vn -0.0427 -0.6304 0.7751
vn 0.8033 0.1290 0.5815
vn 0.9614 0.0203 0.2744
vn 0.2713 -0.6444 -0.7149
vn 0.0146 0.7120 -0.7021
vn -0.9167 0.3537 -0.1857
vn -0.7380 0.6571 -0.1534
vn -0.1314 -0.8713 -0.4729
vn -0.4540 0.5357 -0.7120
vn 0.2106 0.0605 -0.9757
vn -0.1116 0.7146 0.6906
vn 0.1264 0.8708 0.4751
vn -0.5095 -0.3825 -0.7708
vt 0.856741 0.527884
vt 0.792799 0.664448
vt 0.661337 0.518959
vt 0.570885 0.667835
vt 0.614877 0.834550
vt 0.495616 0.943630
vt 0.319826 0.718976
vt 0.602263 0.105449
vt 0.455701 0.107225
vt 0.553174 0.006579
vt 0.371255 0.573451
vt 0.135465 0.689951
vt 0.165587 0.530358
vt 0.553103 0.308270
vt 0.565029 0.471740
vt 0.392929 0.256090
vt 0.405598 0.560759
vt 0.171875 0.750000
s 0
g Cube.010_Material
usemtl Material
f 162/316/250 163/317/250 166/318/250
f 166/318/251 163/317/251 165/319/251
f 163/320/252 160/321/252 164/322/252
f 165/319/253 163/320/253 164/322/253
f 163/323/254 159/324/254 160/325/254
f 161/326/255 159/327/255 158/328/255
f 162/329/256 166/330/256 158/331/256
f 166/330/257 161/332/257 158/331/257
f 159/324/258 163/323/258 162/329/258
f 161/326/259 164/322/259 159/327/259
f 159/327/260 164/322/260 160/333/260
f 166/318/261 165/319/261 161/332/261
f 165/319/262 164/322/262 161/332/262
f 158/331/263 159/324/263 162/329/263
o Cube.011
v 11.089920 2.024460 -10.543641
v 11.131565 1.855880 -10.236275
v 10.940145 1.850385 -10.357265
v 11.043982 2.048534 -10.345299
v 11.218689 2.021810 -10.379772
v 11.213649 1.868152 -10.512200
v 11.002488 1.846929 -10.549879
v 11.268124 1.812650 -10.391997
v 11.099364 1.753977 -10.397305
vn -0.3264 -0.7679 0.5512
vn -0.5251 0.2256 0.8206
vn -0.8644 0.4346 -0.2529
vn 0.1334 0.9871 -0.0889
vn 0.9215 0.2358 -0.3087
vn 0.7062 0.4488 -0.5476
vn 0.1807 -0.0545 -0.9820
vn 0.1847 -0.7828 -0.5942
vn -0.5404 -0.8260 -0.1601
vn 0.2758 -0.8362 0.4740
vn 0.2971 -0.8085 -0.5080
vn -0.8430 0.4587 -0.2811
vn 0.2420 0.5589 0.7932
vn 0.7635 0.1436 0.6296
vt 0.534218 0.539052
vt 0.807613 0.537738
vt 0.651467 0.712344
vt 0.812212 0.722590
vt 0.440472 0.699464
vt 0.505279 0.954605
vt 0.394685 0.910428
vt 0.529494 0.041599
vt 0.440272 0.169217
vt 0.407900 0.015209
vt 0.224689 0.500632
vt 0.298939 0.554231
vt 0.143822 0.628706
vt 0.350796 0.501919
vt 0.236030 0.724989
vt 0.358556 0.714558
vt 0.602122 0.296489
vt 0.527241 0.521298
vt 0.452229 0.375318
s 0
g Cube.011_Material
usemtl Material
f 175/334/264 168/335/264 169/336/264
f 169/336/265 168/335/265 170/337/265
f 173/338/266 170/339/266 167/340/266
f 170/341/267 171/342/267 167/343/267
f 174/344/268 172/345/268 171/346/268
f 171/346/269 172/347/269 167/348/269
f 172/347/270 173/349/270 167/348/270
f 172/347/271 175/334/271 173/338/271
f 175/334/272 169/336/272 173/338/272
f 168/350/273 175/351/273 174/352/273
f 174/352/274 175/334/274 172/347/274
f 169/336/275 170/339/275 173/338/275
f 170/341/276 168/350/276 171/342/276
f 168/350/277 174/352/277 171/342/277
o Cube.006
v 10.052415 1.831763 -8.565084
v 9.840592 1.855599 -8.613557
v 9.893239 2.006138 -8.427329
v 9.987044 1.905527 -8.657187
v 9.892570 1.992848 -8.568523
v 10.024199 2.041536 -8.529073
v 10.030731 1.857949 -8.460979
v 9.875852 1.772640 -8.544397
v 9.833029 1.900723 -8.424794
vn 0.8668 0.1953 -0.4588
vn -0.0391 0.6908 -0.7220
vn 0.5290 0.3116 0.7893
vn 0.1115 -0.6080 -0.7861
vn 0.0639 -0.7563 -0.6511
vn -0.0149 -0.6851 0.7283
vn 0.3343 -0.8952 0.2948
vn -0.9330 -0.3566 0.0479
vn -0.9125 0.3880 -0.1293
vn -0.8680 0.4948 -0.0425
vn -0.3225 0.9425 -0.0872
vn 0.9788 0.1010 0.1785
vn 0.1648 -0.0705 0.9838
vn -0.3871 0.4165 -0.8226
vt 0.423616 0.817668
vt 0.438163 0.985880
vt 0.399025 0.926987
vt 0.584080 0.909473
vt 0.477709 0.045024
vt 0.607265 0.122218
vt 0.441545 0.286085
vt 0.565477 0.549583
vt 0.592013 0.712367
vt 0.289400 0.584684
vt 0.400831 0.754486
vt 0.615924 0.357557
vt 0.551199 0.540629
vt 0.429879 0.509305
vt 0.769145 0.562221
vt 0.604783 0.677624
vt 0.780055 0.741830
vt 0.860509 0.631959
vt 0.567506 0.015179
vt 0.377433 0.096481
s 0
g Cube.006_Material
usemtl Material
f 179/353/278 181/354/278 176/355/278
f 180/356/279 181/354/279 179/353/279
f 181/357/280 178/358/280 182/359/280
f 183/360/281 177/361/281 176/362/281
f 177/361/282 179/363/282 176/362/282
f 182/359/283 184/364/283 183/365/283
f 183/365/284 176/366/284 182/359/284
f 183/360/285 184/367/285 177/368/285
f 177/368/286 184/367/286 180/369/286
f 184/367/287 178/370/287 180/369/287
f 180/371/288 178/358/288 181/357/288
f 176/372/289 181/357/289 182/359/289
f 182/359/290 178/358/290 184/364/290
f 177/361/291 180/356/291 179/353/291
o Cube.007
v 9.852468 1.789759 -9.245384
v 9.743197 1.908656 -9.214071
v 9.937325 1.866636 -9.209130
v 9.939921 1.967047 -9.287824
v 9.904163 1.847930 -9.358718
v 9.768246 1.818913 -9.328739
v 9.819209 1.996736 -9.253098
v 9.829886 1.901911 -9.162466
v 9.755362 1.916260 -9.346110
vn -0.9840 -0.1479 -0.0992
vn -0.4470 -0.5883 0.6739
vn -0.7639 0.6445 -0.0333
vn 0.1659 -0.5645 0.8086
vn 0.6843 -0.7266 -0.0608
vn 0.4782 0.5341 0.6972
vn -0.0019 0.7569 -0.6536
vn -0.6231 -0.6762 0.3931
vn 0.1007 -0.9030 -0.4176
vn -0.1714 -0.1950 -0.9657
vn 0.9656 -0.1755 -0.1921
vn 0.3528 0.6670 0.6563
vn -0.3644 0.6217 0.6934
vn 0.1440 0.4738 -0.8688
vt 0.862532 0.586626
vt 0.666025 0.612825
vt 0.793538 0.524739
vt 0.799625 0.742317
vt 0.596159 0.725728
vt 0.676667 0.500000
vt 0.533198 0.702151
vt 0.502729 0.907748
vt 0.315429 0.689365
vt 0.215046 0.717794
vt 0.139986 0.551629
vt 0.365533 0.517965
vt 0.592775 0.342442
vt 0.523296 0.508923
vt 0.395346 0.376049
vt 0.510142 0.020803
vt 0.592582 0.143625
vt 0.414253 0.208459
s 0
g Cube.007_Material
usemtl Material
f 190/373/292 186/374/292 193/375/292
f 186/374/293 185/376/293 192/377/293
f 193/375/294 186/374/294 191/378/294
f 192/379/295 185/380/295 187/381/295
f 187/381/296 185/382/296 189/383/296
f 188/384/297 192/379/297 187/381/297
f 193/385/298 191/386/298 188/387/298
f 190/373/299 185/376/299 186/374/299
f 185/388/300 190/389/300 189/390/300
f 189/390/301 190/389/301 193/385/301
f 189/383/302 188/384/302 187/381/302
f 188/384/303 191/386/303 192/379/303
f 191/386/304 186/374/304 192/379/304
f 189/390/305 193/385/305 188/387/305
o Cube.008
v 11.237559 1.955224 -10.279890
v 11.260643 1.945528 -10.430673
v 11.193050 1.931855 -10.545400
v 11.084922 1.968285 -10.438673
v 11.064715 1.787846 -10.510013
v 11.087628 1.821082 -10.339083
v 11.251056 1.840968 -10.300968
v 11.186182 1.846332 -10.603522
v 11.213066 1.773406 -10.476936
vn 0.1347 0.9715 -0.1951
vn -0.5105 0.5110 -0.6916
vn -0.9907 0.0633 0.1205
vn -0.1993 -0.2005 0.9592
vn 0.9648 -0.2349 -0.1181
vn 0.9367 -0.1779 -0.3014
vn -0.1404 -0.9682 0.2071
vn 0.0282 -0.8635 -0.5035
vn 0.8114 0.2826 -0.5117
vn 0.1303 0.9905 -0.0438
vn -0.6708 0.3364 -0.6609
vn -0.6349 0.4249 0.6453
vn 0.9854 0.0896 0.1451
vn 0.0317 -0.9354 0.3523
vt 0.551771 0.821043
vt 0.490236 0.981936
vt 0.443965 0.755163
vt 0.609545 0.740303
vt 0.579499 0.265268
vt 0.447677 0.232718
vt 0.490446 0.016300
vt 0.320967 0.499695
vt 0.242238 0.673984
vt 0.142687 0.564850
vt 0.543218 0.480597
vt 0.654480 0.663904
vt 0.651690 0.523626
vt 0.809399 0.589510
vt 0.375000 0.930496
vt 0.603518 0.001237
vt 0.583364 0.169025
vt 0.384386 0.054537
vt 0.382289 0.419599
s 0
g Cube.008_Material
usemtl Material
f 196/391/306 197/392/306 195/393/306
f 196/391/307 201/394/307 197/392/307
f 198/395/308 199/396/308 197/397/308
f 200/398/309 194/399/309 199/400/309
f 202/401/310 195/393/310 200/398/310
f 202/401/311 201/402/311 195/393/311
f 198/395/312 202/401/312 199/396/312
f 202/403/313 198/404/313 201/402/313
f 201/402/314 196/391/314 195/393/314
f 194/405/315 195/393/315 197/392/315
f 201/406/316 198/407/316 197/397/316
f 194/408/317 197/397/317 199/396/317
f 194/399/318 200/398/318 195/393/318
f 200/409/319 199/396/319 202/401/319
o Cube.009
v 12.288904 1.611598 -9.802724
v 12.252335 1.631498 -9.588444
v 12.307490 1.790505 -9.957045
v 12.532035 1.804035 -9.947194
v 12.426679 1.829880 -9.417537
v 12.189885 1.890404 -9.451898
v 12.588660 1.691285 -9.666968
v 12.102036 1.826617 -9.795131
v 12.068373 1.866971 -9.603910
v 12.222959 2.104688 -9.772523
v 12.441219 2.030566 -9.880271
v 12.199158 1.936443 -9.955147
v 12.524713 2.001889 -9.519436
v 12.664738 1.825490 -9.705919
v 12.384454 2.102404 -9.565656
v 12.523909 2.149234 -9.746769
vn -0.6524 -0.4707 0.5940
vn -0.7833 -0.6170 -0.0764
vn -0.8828 0.4035 -0.2406
vn -0.0799 0.7383 -0.6697
vn 0.3896 0.7735 0.5000
vn 0.7678 0.4442 -0.4618
vn 0.7462 -0.2432 0.6197
vn -0.6200 0.6804 0.3907
vn -0.5391 0.7249 0.4289
vn 0.0589 0.4837 0.8732
vn -0.2479 -0.4980 0.8310
vn 0.2734 -0.7544 0.5967
vn 0.1191 0.2416 -0.9630
vn 0.7584 -0.5371 -0.3693
vn 0.4033 -0.8178 -0.4105
vn 0.0725 -0.6557 -0.7515
vn 0.2018 -0.9715 0.1247
vn -0.5909 -0.4909 -0.6403
vn -0.7547 -0.6561 0.0056
vn -0.6025 -0.4386 -0.6668
vn -0.8785 0.4029 -0.2567
vn 0.8717 0.4126 0.2643
vn 0.7215 0.2315 -0.6526
vn 0.7693 -0.0617 0.6360
vn -0.1562 0.9788 0.1328
vn -0.0057 0.4768 0.8790
vn -0.0580 0.7637 -0.6429
vt 0.875000 0.649805
vt 0.849233 0.683396
vt 0.832712 0.540342
vt 0.580473 0.024703
vt 0.534759 0.188184
vt 0.498710 0.020990
vt 0.437420 0.135101
vt 0.411456 0.342495
vt 0.213804 0.511922
vt 0.337875 0.601179
vt 0.185175 0.619999
vt 0.611440 0.548317
vt 0.438499 0.522151
vt 0.536413 0.434917
vt 0.517900 0.691047
vt 0.378975 0.759339
vt 0.724211 0.603714
vt 0.568883 0.768659
vt 0.609419 0.213408
vt 0.625000 0.382072
vt 0.588498 0.519208
vt 0.209844 0.718096
vt 0.479559 0.953620
vt 0.390901 0.953078
vt 0.565332 0.774863
vt 0.583031 0.973602
vt 0.389658 0.010551
vt 0.376620 0.114133
vt 0.125000 0.581137
vt 0.375000 0.421875
s 0
g Cube.009_Material
usemtl Material
f 211/410/320 204/411/320 208/412/320
f 204/413/321 211/414/321 203/415/321
f 210/416/322 211/414/322 212/417/322
f 212/418/323 213/419/323 214/420/323
f 215/421/324 218/422/324 217/423/324
f 216/424/325 206/425/325 213/419/325
f 207/426/326 209/427/326 216/424/326
f 208/428/327 212/417/327 211/414/327
f 208/428/328 217/423/328 212/417/328
f 217/423/329 207/429/329 215/430/329
f 207/426/330 208/412/330 204/411/330
f 207/426/331 204/411/331 209/427/331
f 205/431/332 214/420/332 213/419/332 206/425/332
f 206/425/333 216/424/333 209/427/333
f 209/427/334 203/432/334 206/425/334
f 203/432/335 205/433/335 206/425/335
f 209/434/336 204/435/336 203/432/336
f 203/415/337 210/416/337 205/436/337
f 210/416/338 203/415/338 211/414/338
f 205/436/339 210/416/339 214/437/339
f 212/418/340 214/420/340 210/438/340
f 218/422/341 215/421/341 216/424/341
f 218/422/342 216/424/342 213/419/342
f 215/421/343 207/426/343 216/424/343
f 212/417/344 217/423/344 218/422/344
f 208/428/345 207/429/345 217/423/345
f 213/439/346 212/417/346 218/422/346
o Cube.010
v 10.276589 1.904368 -8.291985
v 10.260466 1.978991 -8.141628
v 10.104262 1.986880 -8.006668
v 10.116423 1.839496 -8.300160
v 10.376515 1.757093 -8.266257
v 10.203714 1.846374 -7.960409
v 9.991719 2.017200 -8.139338
v 10.046070 1.739652 -8.108944
v 10.234004 1.702418 -8.320566
vn 0.2025 -0.9033 0.3781
vn 0.2483 -0.8921 0.3775
vn -0.7525 -0.3487 0.5587
vn -0.6671 -0.0492 0.7434
vn 0.5472 0.5845 0.5991
vn -0.3157 0.8360 -0.4488
vn 0.3344 0.0626 -0.9404
vn -0.0068 0.1415 -0.9899
vn 0.8758 0.2154 0.4319
vn 0.0940 0.7035 -0.7044
vn 0.1409 0.9844 0.1055
vn -0.6855 -0.5107 -0.5189
vn -0.8732 -0.2187 -0.4355
vn 0.8287 0.5317 -0.1750
vt 0.856741 0.527884
vt 0.792799 0.664448
vt 0.661337 0.518959
vt 0.570885 0.667835
vt 0.614877 0.834550
vt 0.495616 0.943630
vt 0.319826 0.718976
vt 0.602263 0.105449
vt 0.455701 0.107225
vt 0.553174 0.006579
vt 0.371255 0.573451
vt 0.135465 0.689951
vt 0.165587 0.530358
vt 0.553103 0.308270
vt 0.565029 0.471740
vt 0.392929 0.256090
vt 0.405598 0.560759
vt 0.171875 0.750000
s 0
g Cube.010_Material
usemtl Material
f 223/440/347 224/441/347 227/442/347
f 227/442/348 224/441/348 226/443/348
f 224/444/349 221/445/349 225/446/349
f 226/443/350 224/444/350 225/446/350
f 224/447/351 220/448/351 221/449/351
f 222/450/352 220/451/352 219/452/352
f 223/453/353 227/454/353 219/455/353
f 227/454/354 222/456/354 219/455/354
f 220/448/355 224/447/355 223/453/355
f 222/450/356 225/446/356 220/451/356
f 220/451/357 225/446/357 221/457/357
f 227/442/358 226/443/358 222/456/358
f 226/443/359 225/446/359 222/456/359
f 219/455/360 220/448/360 223/453/360
o Cube.011
v 11.978974 2.012184 -10.074979
v 11.974692 1.717161 -10.175959
v 11.829767 1.797993 -10.064139
v 12.015332 1.845448 -10.014355
v 12.092701 1.886627 -10.147100
v 11.962899 1.961803 -10.245234
v 11.817090 1.966466 -10.122871
v 11.989982 1.852892 -10.303540
v 11.853850 1.825839 -10.228247
vn -0.5985 -0.7707 -0.2186
vn 0.0361 -0.7871 0.6158
vn -0.3398 0.2550 0.9052
vn 0.7511 0.3640 0.5507
vn 0.6892 0.4677 -0.5534
vn 0.6289 0.7274 -0.2746
vn -0.1897 0.9462 -0.2621
vn -0.5870 0.3816 -0.7140
vn -0.9774 -0.1313 -0.1657
vn -0.2686 -0.6435 -0.7168
vn -0.5066 0.3056 -0.8062
vn -0.3166 0.2909 0.9028
vn 0.7687 -0.5809 0.2678
vn 0.7798 -0.4732 -0.4100
vt 0.534218 0.539052
vt 0.807613 0.537738
vt 0.651467 0.712344
vt 0.812212 0.722590
vt 0.440472 0.699464
vt 0.505279 0.954605
vt 0.394685 0.910428
vt 0.529494 0.041599
vt 0.440272 0.169217
vt 0.407900 0.015209
vt 0.224689 0.500632
vt 0.298939 0.554231
vt 0.143822 0.628706
vt 0.350796 0.501919
vt 0.236030 0.724989
vt 0.358556 0.714558
vt 0.602122 0.296489
vt 0.527241 0.521298
vt 0.452229 0.375318
s 0
g Cube.011_Material
usemtl Material
f 236/458/361 229/459/361 230/460/361
f 230/460/362 229/459/362 231/461/362
f 234/462/363 231/463/363 228/464/363
f 231/465/364 232/466/364 228/467/364
f 235/468/365 233/469/365 232/470/365
f 232/470/366 233/471/366 228/472/366
f 233/471/367 234/473/367 228/472/367
f 233/471/368 236/458/368 234/462/368
f 236/458/369 230/460/369 234/462/369
f 229/474/370 236/475/370 235/476/370
f 235/476/371 236/458/371 233/471/371
f 230/460/372 231/463/372 234/462/372
f 231/465/373 229/474/373 232/466/373
f 229/474/374 235/476/374 232/466/374
o Cube.006
v 9.817602 1.944434 -8.909316
v 9.769007 1.755092 -8.944295
v 9.844222 1.843236 -9.134512
v 9.877453 1.838676 -8.893489
v 9.878802 1.785044 -9.024894
v 9.954141 1.893073 -9.038781
v 9.795928 1.966711 -9.003825
v 9.697821 1.829753 -8.947594
v 9.740224 1.820490 -9.105622
vn 0.6932 0.4736 0.5432
vn 0.8122 -0.5372 0.2276
vn 0.2091 0.7482 -0.6296
vn -0.1842 -0.1326 0.9739
vn -0.3756 -0.0743 0.9238
vn -0.8327 0.4929 -0.2523
vn -0.7072 0.6346 0.3118
vn -0.7121 -0.6856 -0.1509
vn -0.0203 -0.9278 -0.3725
vn 0.0573 -0.8742 -0.4822
vn 0.6790 -0.5378 -0.4997
vn 0.4392 0.8917 0.1095
vn -0.3329 0.6209 -0.7097
vn 0.4703 -0.8154 0.3376
vt 0.423616 0.817668
vt 0.438163 0.985880
vt 0.399025 0.926987
vt 0.584080 0.909473
vt 0.477709 0.045024
vt 0.607265 0.122218
vt 0.441545 0.286085
vt 0.565477 0.549583
vt 0.592013 0.712367
vt 0.289400 0.584684
vt 0.400831 0.754486
vt 0.615924 0.357557
vt 0.551199 0.540629
vt 0.429879 0.509305
vt 0.769145 0.562221
vt 0.604783 0.677624
vt 0.780055 0.741830
vt 0.860509 0.631959
vt 0.567506 0.015179
vt 0.377433 0.096481
s 0
g Cube.006_Material
usemtl Material
f 240/477/375 242/478/375 237/479/375
f 241/480/376 242/478/376 240/477/376
f 242/481/377 239/482/377 243/483/377
f 244/484/378 238/485/378 237/486/378
f 238/485/379 240/487/379 237/486/379
f 243/483/380 245/488/380 244/489/380
f 244/489/381 237/490/381 243/483/381
f 244/484/382 245/491/382 238/492/382
f 238/492/383 245/491/383 241/493/383
f 245/491/384 239/494/384 241/493/384
f 241/495/385 239/482/385 242/481/385
f 237/496/386 242/481/386 243/483/386
f 243/483/387 239/482/387 245/488/387
f 238/485/388 241/480/388 240/477/388
o Cube.007
v 11.193352 1.722115 -10.420156
v 11.322126 1.861619 -10.407768
v 11.170323 1.764561 -10.550411
v 11.116676 1.902038 -10.548370
v 11.066069 1.817311 -10.415418
v 11.191916 1.810109 -10.309807
v 11.243697 1.950052 -10.486347
v 11.298090 1.809835 -10.509837
v 11.201801 1.922424 -10.334120
vn 0.5637 0.1271 0.8161
vn 0.7157 -0.6762 0.1745
vn 0.5689 0.7674 0.2958
vn 0.4093 -0.8437 -0.3473
vn -0.5956 -0.7888 -0.1517
vn 0.2628 0.1168 -0.9578
vn -0.3797 0.9230 0.0630
vn 0.6155 -0.6123 0.4962
vn -0.4915 -0.6840 0.5390
vn -0.6201 0.2177 0.7537
vn -0.8075 -0.3076 -0.5034
vn 0.3336 0.2802 -0.9001
vn 0.8329 0.3890 -0.3935
vn -0.6718 0.7135 0.1990
vt 0.862532 0.586626
vt 0.666025 0.612825
vt 0.793538 0.524739
vt 0.799625 0.742317
vt 0.596159 0.725728
vt 0.676667 0.500000
vt 0.533198 0.702151
vt 0.502729 0.907748
vt 0.315429 0.689365
vt 0.215046 0.717794
vt 0.139986 0.551629
vt 0.365533 0.517965
vt 0.592775 0.342442
vt 0.523296 0.508923
vt 0.395346 0.376049
vt 0.510142 0.020803
vt 0.592582 0.143625
vt 0.414253 0.208459
s 0
g Cube.007_Material
usemtl Material
f 251/497/389 247/498/389 254/499/389
f 247/498/390 246/500/390 253/501/390
f 254/499/391 247/498/391 252/502/391
f 253/503/392 246/504/392 248/505/392
f 248/505/393 246/506/393 250/507/393
f 249/508/394 253/503/394 248/505/394
f 254/509/395 252/510/395 249/511/395
f 251/497/396 246/500/396 247/498/396
f 246/512/397 251/513/397 250/514/397
f 250/514/398 251/513/398 254/509/398
f 250/507/399 249/508/399 248/505/399
f 249/508/400 252/510/400 253/503/400
f 252/510/401 247/498/401 253/503/401
f 250/514/402 254/509/402 249/511/402
o Cube.008
v 12.509467 1.654826 -9.440516
v 12.588228 1.826734 -9.415172
v 12.632286 1.932452 -9.293524
v 12.599484 1.762555 -9.203588
v 12.439736 1.935842 -9.142416
v 12.380109 1.744575 -9.231406
v 12.397165 1.748108 -9.441614
v 12.570885 2.041048 -9.259337
v 12.420300 1.959581 -9.330501
vn 0.9591 -0.2528 -0.1277
vn 0.7279 0.2057 0.6541
vn -0.0831 -0.3990 0.9132
vn -0.6372 -0.7679 -0.0646
vn -0.0717 0.4701 -0.8797
vn 0.0611 0.5902 -0.8049
vn -0.9622 0.2396 0.1297
vn -0.5271 0.8347 0.1598
vn 0.5542 0.5184 -0.6512
vn 0.9055 -0.3903 -0.1666
vn 0.5462 0.2180 0.8088
vn 0.0233 -0.9134 0.4064
vn 0.0948 0.1025 -0.9902
vn -0.9859 0.1486 -0.0775
vt 0.551771 0.821043
vt 0.490236 0.981936
vt 0.443965 0.755163
vt 0.609545 0.740303
vt 0.579499 0.265268
vt 0.447677 0.232718
vt 0.490446 0.016300
vt 0.320967 0.499695
vt 0.242238 0.673984
vt 0.142687 0.564850
vt 0.543218 0.480597
vt 0.654480 0.663904
vt 0.651690 0.523626
vt 0.809399 0.589510
vt 0.375000 0.930496
vt 0.603518 0.001237
vt 0.583364 0.169025
vt 0.384386 0.054537
vt 0.382289 0.419599
s 0
g Cube.008_Material
usemtl Material
f 257/515/403 258/516/403 256/517/403
f 257/515/404 262/518/404 258/516/404
f 259/519/405 260/520/405 258/521/405
f 261/522/406 255/523/406 260/524/406
f 263/525/407 256/517/407 261/522/407
f 263/525/408 262/526/408 256/517/408
f 259/519/409 263/525/409 260/520/409
f 263/527/410 259/528/410 262/526/410
f 262/526/411 257/515/411 256/517/411
f 255/529/412 256/517/412 258/516/412
f 262/530/413 259/531/413 258/521/413
f 255/532/414 258/521/414 260/520/414
f 255/523/415 261/522/415 256/517/415
f 261/533/416 260/520/416 263/525/416
o Cube.009
v 11.194432 1.871698 -7.569398
v 11.268752 1.864131 -7.739140
v 11.000377 1.905277 -7.527495
v 10.952110 1.720551 -7.515596
v 11.155768 1.711508 -7.927207
v 11.142529 1.919191 -7.952896
v 11.131685 1.609242 -7.668998
v 11.074388 2.047977 -7.683990
v 11.124298 2.044614 -7.844872
v 10.856057 1.975778 -7.801690
v 10.828324 1.808208 -7.667972
v 10.914184 2.010334 -7.600842
v 10.971966 1.669312 -7.912262
v 11.003890 1.569118 -7.687198
v 10.906702 1.804421 -7.935063
v 10.776767 1.728837 -7.805834
vn 0.8189 0.4383 -0.3706
vn 0.6720 0.6921 0.2634
vn -0.2626 0.9596 -0.1015
vn -0.9229 0.3217 0.2117
vn -0.5295 -0.3835 -0.7567
vn -0.7618 -0.5822 0.2839
vn 0.3250 -0.8892 -0.3219
vn -0.2754 0.6041 -0.7478
vn -0.3146 0.5234 -0.7919
vn -0.0376 -0.1839 -0.9822
vn 0.8601 -0.0083 -0.5100
vn 0.8612 -0.4949 -0.1157
vn -0.6695 0.1276 0.7318
vn 0.1306 -0.7235 0.6779
vn 0.4332 -0.4085 0.8034
vn 0.2123 0.0075 0.9772
vn 0.8519 -0.3511 0.3886
vn 0.2663 0.6462 0.7152
vn 0.7365 0.6414 0.2151
vn 0.2117 0.6703 0.7113
vn -0.2703 0.9589 -0.0867
vn -0.4300 -0.8459 -0.3156
vn -0.6537 -0.5239 0.5461
vn 0.1703 -0.8910 -0.4208
vn -0.7521 0.2517 -0.6090
vn -0.0148 -0.1237 -0.9922
vn -0.9376 0.2981 0.1790
vt 0.875000 0.649805
vt 0.849233 0.683396
vt 0.832712 0.540342
vt 0.580473 0.024703
vt 0.534759 0.188184
vt 0.498710 0.020990
vt 0.437420 0.135101
vt 0.411456 0.342495
vt 0.213804 0.511922
vt 0.337875 0.601179
vt 0.185175 0.619999
vt 0.611440 0.548317
vt 0.438499 0.522151
vt 0.536413 0.434917
vt 0.517900 0.691047
vt 0.378975 0.759339
vt 0.724211 0.603714
vt 0.568883 0.768659
vt 0.609419 0.213408
vt 0.625000 0.382072
vt 0.588498 0.519208
vt 0.209844 0.718096
vt 0.479559 0.953620
vt 0.390901 0.953078
vt 0.565332 0.774863
vt 0.583031 0.973602
vt 0.389658 0.010551
vt 0.376620 0.114133
vt 0.125000 0.581137
vt 0.375000 0.421875
s 0
g Cube.009_Material
usemtl Material
f 272/534/417 265/535/417 269/536/417
f 265/537/418 272/538/418 264/539/418
f 271/540/419 272/538/419 273/541/419
f 273/542/420 274/543/420 275/544/420
f 276/545/421 279/546/421 278/547/421
f 277/548/422 267/549/422 274/543/422
f 268/550/423 270/551/423 277/548/423
f 269/552/424 273/541/424 272/538/424
f 269/552/425 278/547/425 273/541/425
f 278/547/426 268/553/426 276/554/426
f 268/550/427 269/536/427 265/535/427
f 268/550/428 265/535/428 270/551/428
f 266/555/429 275/544/429 274/543/429 267/549/429
f 267/549/430 277/548/430 270/551/430
f 270/551/431 264/556/431 267/549/431
f 264/556/432 266/557/432 267/549/432
f 270/558/433 265/559/433 264/556/433
f 264/539/434 271/540/434 266/560/434
f 271/540/435 264/539/435 272/538/435
f 266/560/436 271/540/436 275/561/436
f 273/542/437 275/544/437 271/562/437
f 279/546/438 276/545/438 277/548/438
f 279/546/439 277/548/439 274/543/439
f 276/545/440 268/550/440 277/548/440
f 273/541/441 278/547/441 279/546/441
f 269/552/442 268/553/442 278/547/442
f 274/563/443 273/541/443 279/546/443
o Cube.010
v 9.780080 1.802267 -9.469543
v 9.763975 1.761284 -9.329487
v 9.880892 1.747101 -9.193550
v 9.928911 1.824896 -9.464684
v 9.724331 1.948155 -9.480528
v 9.822204 1.890572 -9.186098
v 9.981615 1.679128 -9.287755
v 9.990811 1.925891 -9.306594
v 9.860544 1.958138 -9.515784
vn -0.0205 0.9799 0.1984
vn -0.0673 0.9789 0.1928
vn 0.7492 0.2752 0.6025
vn 0.5753 0.0409 0.8169
vn -0.7323 -0.3305 0.5954
vn 0.1534 -0.9530 -0.2612
vn -0.2361 -0.1624 -0.9581
vn 0.0796 -0.3211 -0.9437
vn -0.9433 0.0633 0.3259
vn -0.1827 -0.7848 -0.5922
vn -0.3824 -0.8934 0.2357
vn 0.8395 0.2447 -0.4851
vn 0.9420 -0.0603 -0.3303
vn -0.9078 -0.3627 -0.2105
vt 0.856741 0.527884
vt 0.792799 0.664448
vt 0.661337 0.518959
vt 0.570885 0.667835
vt 0.614877 0.834550
vt 0.495616 0.943630
vt 0.319826 0.718976
vt 0.602263 0.105449
vt 0.455701 0.107225
vt 0.553174 0.006579
vt 0.371255 0.573451
vt 0.135465 0.689951
vt 0.165587 0.530358
vt 0.553103 0.308270
vt 0.565029 0.471740
vt 0.392929 0.256090
vt 0.405598 0.560759
vt 0.171875 0.750000
s 0
g Cube.010_Material
usemtl Material
f 284/564/444 285/565/444 288/566/444
f 288/566/445 285/565/445 287/567/445
f 285/568/446 282/569/446 286/570/446
f 287/567/447 285/568/447 286/570/447
f 285/571/448 281/572/448 282/573/448
f 283/574/449 281/575/449 280/576/449
f 284/577/450 288/578/450 280/579/450
f 288/578/451 283/580/451 280/579/451
f 281/572/452 285/571/452 284/577/452
f 283/574/453 286/570/453 281/575/453
f 281/575/454 286/570/454 282/581/454
f 288/566/455 287/567/455 283/580/455
f 287/567/456 286/570/456 283/580/456
f 280/579/457 281/572/457 284/577/457
o Cube.011
v 11.652734 1.604375 -10.265516
v 11.821507 2.016183 -10.259398
v 11.928008 1.804151 -10.418344
v 11.847136 1.735355 -10.156606
v 11.641041 1.823874 -10.121510
v 11.536291 1.812327 -10.354626
v 11.722753 1.673156 -10.495036
v 11.564126 1.987947 -10.323568
v 11.727859 1.927715 -10.466227
vn 0.5345 0.6622 -0.5252
vn 0.9179 0.2076 0.3382
vn 0.5824 -0.8103 -0.0651
vn -0.0947 -0.5496 0.8300
vn -0.9111 0.0726 0.4058
vn -0.8614 -0.3099 0.4024
vn -0.7213 -0.5715 -0.3913
vn -0.5470 0.1050 -0.8305
vn 0.2905 0.1018 -0.9514
vn -0.0032 0.9199 -0.3920
vn -0.5897 0.2304 -0.7741
vn 0.5503 -0.8335 -0.0491
vn 0.3020 0.3519 0.8860
vn -0.2433 0.7056 0.6656
vt 0.534218 0.539052
vt 0.807613 0.537738
vt 0.651467 0.712344
vt 0.812212 0.722590
vt 0.440472 0.699464
vt 0.505279 0.954605
vt 0.394685 0.910428
vt 0.529494 0.041599
vt 0.440272 0.169217
vt 0.407900 0.015209
vt 0.224689 0.500632
vt 0.298939 0.554231
vt 0.143822 0.628706
vt 0.350796 0.501919
vt 0.236030 0.724989
vt 0.358556 0.714558
vt 0.602122 0.296489
vt 0.527241 0.521298
vt 0.452229 0.375318
s 0
g Cube.011_Material
usemtl Material
f 297/582/458 290/583/458 291/584/458
f 291/584/459 290/583/459 292/585/459
f 295/586/460 292/587/460 289/588/460
f 292/589/461 293/590/461 289/591/461
f 296/592/462 294/593/462 293/594/462
f 293/594/463 294/595/463 289/596/463
f 294/595/464 295/597/464 289/596/464
f 294/595/465 297/582/465 295/586/465
f 297/582/466 291/584/466 295/586/466
f 290/598/467 297/599/467 296/600/467
f 296/600/468 297/582/468 294/595/468
f 291/584/469 292/587/469 295/586/469
f 292/589/470 290/598/470 293/590/470
f 290/598/471 296/600/471 293/590/471
o Cube.006
v 11.895780 1.724964 -7.823186
v 11.831261 1.772867 -8.025113
v 12.034495 1.899253 -7.978860
v 11.914071 1.664663 -7.941574
v 11.983852 1.775869 -8.024593
v 12.083164 1.747889 -7.922805
v 11.940147 1.824030 -7.814699
v 11.788182 1.827044 -7.935852
v 11.920482 1.938752 -7.982589
vn 0.3480 -0.8125 0.4676
vn 0.4083 -0.6966 -0.5899
vn 0.6788 0.4369 0.5903
vn -0.7233 -0.6872 0.0681
vn -0.8358 -0.5306 0.1412
vn -0.4201 0.7256 0.5450
vn -0.6075 0.2063 0.7671
vn -0.6285 0.4924 -0.6022
vn -0.0016 0.2491 -0.9685
vn 0.1334 0.2958 -0.9459
vn 0.7111 -0.0315 -0.7024
vn 0.4769 -0.2848 0.8315
vn 0.2637 0.8105 0.5230
vn 0.0146 -0.6040 -0.7968
vt 0.423616 0.817668
vt 0.438163 0.985880
vt 0.399025 0.926987
vt 0.584080 0.909473
vt 0.477709 0.045024
vt 0.607265 0.122218
vt 0.441545 0.286085
vt 0.565477 0.549583
vt 0.592013 0.712367
vt 0.289400 0.584684
vt 0.400831 0.754486
vt 0.615924 0.357557
vt 0.551199 0.540629
vt 0.429879 0.509305
vt 0.769145 0.562221
vt 0.604783 0.677624
vt 0.780055 0.741830
vt 0.860509 0.631959
vt 0.567506 0.015179
vt 0.377433 0.096481
s 0
g Cube.006_Material
usemtl Material
f 301/601/472 303/602/472 298/603/472
f 302/604/473 303/602/473 301/601/473
f 303/605/474 300/606/474 304/607/474
f 305/608/475 299/609/475 298/610/475
f 299/609/476 301/611/476 298/610/476
f 304/607/477 306/612/477 305/613/477
f 305/613/478 298/614/478 304/607/478
f 305/608/479 306/615/479 299/616/479
f 299/616/480 306/615/480 302/617/480
f 306/615/481 300/618/481 302/617/481
f 302/619/482 300/606/482 303/605/482
f 298/620/483 303/605/483 304/607/483
f 304/607/484 300/606/484 306/612/484
f 299/609/485 302/604/485 301/601/485
o Cube.007
v 9.782230 1.755722 -9.250365
v 9.895536 1.862565 -9.186459
v 9.695662 1.831770 -9.207580
v 9.702671 1.836485 -9.077269
v 9.740309 1.703744 -9.126527
v 9.875581 1.712852 -9.179344
v 9.824179 1.887513 -9.086172
v 9.802916 1.895338 -9.218937
v 9.893553 1.764001 -9.092884
vn 0.9829 -0.1369 -0.1233
vn 0.3742 0.1506 -0.9151
vn 0.7864 0.4169 0.4558
vn -0.2459 0.2474 -0.9372
vn -0.7029 -0.5390 -0.4642
vn -0.5102 0.8601 -0.0037
vn 0.0775 -0.0106 0.9969
vn 0.5677 -0.1144 -0.8152
vn -0.1007 -0.9048 -0.4138
vn 0.2365 -0.8570 0.4578
vn -0.9540 -0.2935 0.0619
vn -0.3775 0.9189 0.1146
vn 0.3329 0.9430 0.0023
vn -0.0616 -0.3625 0.9299
vt 0.862532 0.586626
vt 0.666025 0.612825
vt 0.793538 0.524739
vt 0.799625 0.742317
vt 0.596159 0.725728
vt 0.676667 0.500000
vt 0.533198 0.702151
vt 0.502729 0.907748
vt 0.315429 0.689365
vt 0.215046 0.717794
vt 0.139986 0.551629
vt 0.365533 0.517965
vt 0.592775 0.342442
vt 0.523296 0.508923
vt 0.395346 0.376049
vt 0.510142 0.020803
vt 0.592582 0.143625
vt 0.414253 0.208459
s 0
g Cube.007_Material
usemtl Material
f 312/621/486 308/622/486 315/623/486
f 308/622/487 307/624/487 314/625/487
f 315/623/488 308/622/488 313/626/488
f 314/627/489 307/628/489 309/629/489
f 309/629/490 307/630/490 311/631/490
f 310/632/491 314/627/491 309/629/491
f 315/633/492 313/634/492 310/635/492
f 312/621/493 307/624/493 308/622/493
f 307/636/494 312/637/494 311/638/494
f 311/638/495 312/637/495 315/633/495
f 311/631/496 310/632/496 309/629/496
f 310/632/497 313/634/497 314/627/497
f 313/634/498 308/622/498 314/627/498
f 311/638/499 315/633/499 310/635/499
o Cube.008
v 10.865505 1.715682 -10.578771
v 10.903397 1.713938 -10.399130
v 10.963683 1.807950 -10.283455
v 10.929116 1.923568 -10.427183
v 11.157400 1.902133 -10.378838
v 11.074986 1.855110 -10.567265
v 10.997243 1.667620 -10.570096
v 11.076489 1.799166 -10.231554
v 11.124396 1.721837 -10.385056
vn -0.9227 0.1601 0.3507
vn -0.2391 0.7277 0.6429
vn 0.1522 0.9412 -0.3015
vn 0.0619 -0.0106 -0.9980
vn 0.0172 -0.9626 0.2702
vn 0.0032 -0.8927 0.4507
vn 0.9187 -0.1557 -0.3630
vn 0.9098 -0.1794 0.3743
vn -0.3676 -0.6186 0.6944
vn -0.9677 0.1462 0.2055
vn -0.0402 0.8292 0.5576
vn -0.3737 0.6184 -0.6913
vn -0.3457 -0.9362 0.0638
vn 0.8199 -0.3329 -0.4658
vt 0.551771 0.821043
vt 0.490236 0.981936
vt 0.443965 0.755163
vt 0.609545 0.740303
vt 0.579499 0.265268
vt 0.447677 0.232718
vt 0.490446 0.016300
vt 0.320967 0.499695
vt 0.242238 0.673984
vt 0.142687 0.564850
vt 0.543218 0.480597
vt 0.654480 0.663904
vt 0.651690 0.523626
vt 0.809399 0.589510
vt 0.375000 0.930496
vt 0.603518 0.001237
vt 0.583364 0.169025
vt 0.384386 0.054537
vt 0.382289 0.419599
s 0
g Cube.008_Material
usemtl Material
f 318/639/500 319/640/500 317/641/500
f 318/639/501 323/642/501 319/640/501
f 320/643/502 321/644/502 319/645/502
f 322/646/503 316/647/503 321/648/503
f 324/649/504 317/641/504 322/646/504
f 324/649/505 323/650/505 317/641/505
f 320/643/506 324/649/506 321/644/506
f 324/651/507 320/652/507 323/650/507
f 323/650/508 318/639/508 317/641/508
f 316/653/509 317/641/509 319/640/509
f 323/654/510 320/655/510 319/645/510
f 316/656/511 319/645/511 321/644/511
f 316/647/512 322/646/512 317/641/512
f 322/657/513 321/644/513 324/649/513
o Cube.009
v 12.083750 1.759061 -9.687266
v 12.161508 1.897623 -9.588454
v 12.148918 1.690670 -9.867111
v 12.256363 1.547701 -9.794538
v 12.427198 1.897023 -9.542435
v 12.353064 2.045474 -9.673671
v 12.312883 1.640331 -9.554502
v 12.145988 1.916964 -9.862940
v 12.229495 2.044368 -9.787512
v 12.384735 1.885719 -9.962717
v 12.388934 1.673887 -9.910969
v 12.197769 1.783797 -9.982067
v 12.541224 1.801912 -9.662357
v 12.416894 1.587490 -9.625142
v 12.529250 1.885166 -9.790312
v 12.550459 1.704212 -9.872816
vn -0.4156 0.7941 0.4434
vn -0.8837 0.4661 0.0418
vn -0.2381 0.6056 -0.7593
vn 0.2220 -0.2272 -0.9482
vn 0.9924 0.1224 -0.0133
vn 0.5106 -0.8079 -0.2942
vn 0.4571 -0.2438 0.8554
vn 0.3761 0.8278 -0.4163
vn 0.4662 0.7949 -0.3883
vn 0.7749 0.5605 0.2922
vn -0.1328 0.6184 0.7745
vn -0.1705 0.0296 0.9849
vn -0.1813 -0.6389 -0.7477
vn -0.1908 -0.8999 0.3922
vn -0.5950 -0.6928 0.4075
vn -0.7859 -0.6163 -0.0504
vn -0.5757 -0.2354 0.7831
vn -0.9409 -0.0059 -0.3387
vn -0.8631 0.4874 0.1323
vn -0.9190 -0.0046 -0.3943
vn -0.2434 0.5924 -0.7680
vn 0.8561 -0.4534 0.2480
vn 0.2444 -0.9213 -0.3024
vn 0.6119 -0.2231 0.7588
vn 0.7164 0.3572 -0.5993
vn 0.7403 0.6132 0.2755
vn 0.2637 -0.2240 -0.9383
vt 0.875000 0.649805
vt 0.849233 0.683396
vt 0.832712 0.540342
vt 0.580473 0.024703
vt 0.534759 0.188184
vt 0.498710 0.020990
vt 0.437420 0.135101
vt 0.411456 0.342495
vt 0.213804 0.511922
vt 0.337875 0.601179
vt 0.185175 0.619999
vt 0.611440 0.548317
vt 0.438499 0.522151
vt 0.536413 0.434917
vt 0.517900 0.691047
vt 0.378975 0.759339
vt 0.724211 0.603714
vt 0.568883 0.768659
vt 0.609419 0.213408
vt 0.625000 0.382072
vt 0.588498 0.519208
vt 0.209844 0.718096
vt 0.479559 0.953620
vt 0.390901 0.953078
vt 0.565332 0.774863
vt 0.583031 0.973602
vt 0.389658 0.010551
vt 0.376620 0.114133
vt 0.125000 0.581137
vt 0.375000 0.421875
s 0
g Cube.009_Material
usemtl Material
f 333/658/514 326/659/514 330/660/514
f 326/661/515 333/662/515 325/663/515
f 332/664/516 333/662/516 334/665/516
f 334/666/517 335/667/517 336/668/517
f 337/669/518 340/670/518 339/671/518
f 338/672/519 328/673/519 335/667/519
f 329/674/520 331/675/520 338/672/520
f 330/676/521 334/665/521 333/662/521
f 330/676/522 339/671/522 334/665/522
f 339/671/523 329/677/523 337/678/523
f 329/674/524 330/660/524 326/659/524
f 329/674/525 326/659/525 331/675/525
f 327/679/526 336/668/526 335/667/526 328/673/526
f 328/673/527 338/672/527 331/675/527
f 331/675/528 325/680/528 328/673/528
f 325/680/529 327/681/529 328/673/529
f 331/682/530 326/683/530 325/680/530
f 325/663/531 332/664/531 327/684/531
f 332/664/532 325/663/532 333/662/532
f 327/684/533 332/664/533 336/685/533
f 334/666/534 336/668/534 332/686/534
f 340/670/535 337/669/535 338/672/535
f 340/670/536 338/672/536 335/667/536
f 337/669/537 329/674/537 338/672/537
f 334/665/538 339/671/538 340/670/538
f 330/676/539 329/677/539 339/671/539
f 335/687/540 334/665/540 340/670/540
o Cube.010
v 9.875761 1.721264 -9.750392
v 10.020373 1.711550 -9.677228
v 10.206356 1.721360 -9.747052
v 9.933173 1.737440 -9.905912
v 9.813603 1.879411 -9.717184
v 10.162317 1.881490 -9.703785
v 10.162942 1.619245 -9.875887
v 10.097221 1.880160 -9.926964
v 9.827937 1.873170 -9.872388
vn -0.0044 0.9992 -0.0406
vn -0.0256 0.9997 0.0015
vn 0.7634 0.3556 -0.5391
vn 0.9434 0.1835 -0.2763
vn 0.3544 -0.1518 0.9227
vn -0.0122 -0.9941 -0.1079
vn -0.9333 -0.3517 -0.0721
vn -0.7815 -0.5213 -0.3427
vn -0.0388 0.1859 0.9818
vn -0.4640 -0.8825 0.0770
vn 0.2482 -0.7981 0.5490
vn -0.2000 0.0860 -0.9760
vn 0.0338 -0.1838 -0.9824
vn -0.4418 -0.3473 0.8271
vt 0.856741 0.527884
vt 0.792799 0.664448
vt 0.661337 0.518959
vt 0.570885 0.667835
vt 0.614877 0.834550
vt 0.495616 0.943630
vt 0.319826 0.718976
vt 0.602263 0.105449
vt 0.455701 0.107225
vt 0.553174 0.006579
vt 0.371255 0.573451
vt 0.135465 0.689951
vt 0.165587 0.530358
vt 0.553103 0.308270
vt 0.565029 0.471740
vt 0.392929 0.256090
vt 0.405598 0.560759
vt 0.171875 0.750000
s 0
g Cube.010_Material
usemtl Material
f 345/688/541 346/689/541 349/690/541
f 349/690/542 346/689/542 348/691/542
f 346/692/543 343/693/543 347/694/543
f 348/691/544 346/692/544 347/694/544
f 346/695/545 342/696/545 343/697/545
f 344/698/546 342/699/546 341/700/546
f 345/701/547 349/702/547 341/703/547
f 349/702/548 344/704/548 341/703/548
f 342/696/549 346/695/549 345/701/549
f 344/698/550 347/694/550 342/699/550
f 342/699/551 347/694/551 343/705/551
f 349/690/552 348/691/552 344/704/552
f 348/691/553 347/694/553 344/704/553
f 341/703/554 342/696/554 345/701/554
o Cube.011
v 12.238854 1.648203 -9.887271
v 12.558709 1.858075 -9.704923
v 12.338396 1.979660 -9.807998
v 12.439435 1.775675 -9.951209
v 12.475799 1.610948 -9.816036
v 12.297346 1.637671 -9.652400
v 12.155771 1.827965 -9.755833
v 12.441952 1.678193 -9.568820
v 12.347311 1.866389 -9.609682
vn 0.2461 0.8464 0.4723
vn 0.5858 0.6396 -0.4977
vn -0.4832 0.3601 -0.7980
vn 0.1387 -0.6097 -0.7804
vn 0.1089 -0.9553 0.2748
vn -0.1535 -0.9881 -0.0061
vn -0.8339 -0.5202 0.1843
vn -0.6044 -0.0167 0.7965
vn -0.4919 0.7463 0.4484
vn 0.3924 0.3793 0.8379
vn -0.4878 -0.0561 0.8712
vn -0.4966 0.3204 -0.8067
vn 0.9087 -0.1259 -0.3979
vn 0.8866 -0.4011 0.2305
vt 0.534218 0.539052
vt 0.807613 0.537738
vt 0.651467 0.712344
vt 0.812212 0.722590
vt 0.440472 0.699464
vt 0.505279 0.954605
vt 0.394685 0.910428
vt 0.529494 0.041599
vt 0.440272 0.169217
vt 0.407900 0.015209
vt 0.224689 0.500632
vt 0.298939 0.554231
vt 0.143822 0.628706
vt 0.350796 0.501919
vt 0.236030 0.724989
vt 0.358556 0.714558
vt 0.602122 0.296489
vt 0.527241 0.521298
vt 0.452229 0.375318
s 0
g Cube.011_Material
usemtl Material
f 358/706/555 351/707/555 352/708/555
f 352/708/556 351/707/556 353/709/556
f 356/710/557 353/711/557 350/712/557
f 353/713/558 354/714/558 350/715/558
f 357/716/559 355/717/559 354/718/559
f 354/718/560 355/719/560 350/720/560
f 355/719/561 356/721/561 350/720/561
f 355/719/562 358/706/562 356/710/562
f 358/706/563 352/708/563 356/710/563
f 351/722/564 358/723/564 357/724/564
f 357/724/565 358/706/565 355/719/565
f 352/708/566 353/711/566 356/710/566
f 353/713/567 351/722/567 354/714/567
f 351/722/568 357/724/568 354/714/568
o Cube.006
v 11.249855 1.754691 -10.457316
v 11.110320 1.679227 -10.457876
v 11.081182 1.848536 -10.411582
v 11.185823 1.733560 -10.528285
v 11.091301 1.783876 -10.491009
v 11.154593 1.866794 -10.508641
v 11.222540 1.803586 -10.400930
v 11.159732 1.676686 -10.391923
v 11.081562 1.776842 -10.360353
vn 0.6771 0.2602 -0.6884
vn -0.3389 0.0590 -0.9390
vn 0.2574 0.8955 0.3631
vn 0.4442 -0.8185 -0.3643
vn 0.4697 -0.8672 -0.1656
vn 0.2890 -0.0753 0.9544
vn 0.7200 -0.3124 0.6197
vn -0.6307 -0.6335 0.4481
vn -0.9754 -0.2038 -0.0837
vn -0.9952 -0.0606 -0.0774
vn -0.7451 0.4676 -0.4756
vn 0.7854 0.6025 -0.1419
vn 0.1228 0.5774 0.8072
vn -0.4969 -0.3427 -0.7973
vt 0.423616 0.817668
vt 0.438163 0.985880
vt 0.399025 0.926987
vt 0.584080 0.909473
vt 0.477709 0.045024
vt 0.607265 0.122218
vt 0.441545 0.286085
vt 0.565477 0.549583
vt 0.592013 0.712367
vt 0.289400 0.584684
vt 0.400831 0.754486
vt 0.615924 0.357557
vt 0.551199 0.540629
vt 0.429879 0.509305
vt 0.769145 0.562221
vt 0.604783 0.677624
vt 0.780055 0.741830
vt 0.860509 0.631959
vt 0.567506 0.015179
vt 0.377433 0.096481
s 0
g Cube.006_Material
usemtl Material
f 362/725/569 364/726/569 359/727/569
f 363/728/570 364/726/570 362/725/570
f 364/729/571 361/730/571 365/731/571
f 366/732/572 360/733/572 359/734/572
f 360/733/573 362/735/573 359/734/573
f 365/731/574 367/736/574 366/737/574
f 366/737/575 359/738/575 365/731/575
f 366/732/576 367/739/576 360/740/576
f 360/740/577 367/739/577 363/741/577
f 367/739/578 361/742/578 363/741/578
f 363/743/579 361/730/579 364/729/579
f 359/744/580 364/729/580 365/731/580
f 365/731/581 361/730/581 367/736/581
f 360/733/582 363/728/582 362/725/582
o Cube.007
v 10.322713 1.675839 -10.054024
v 10.286329 1.859114 -10.025421
v 10.272343 1.692945 -10.181380
v 10.130644 1.729752 -10.173138
v 10.171935 1.628835 -10.049955
v 10.253630 1.716660 -9.939016
v 10.167753 1.854268 -10.101599
v 10.311625 1.818255 -10.131213
v 10.168724 1.791932 -9.955059
vn 0.2471 0.4604 0.8526
vn 0.9716 0.1667 0.1679
vn -0.2786 0.8831 0.3775
vn 0.9151 -0.1347 -0.3800
vn 0.2833 -0.9293 -0.2369
vn 0.0395 0.3607 -0.9319
vn -0.9679 0.2289 0.1038
vn 0.8680 0.0963 0.4872
vn 0.2750 -0.8420 0.4641
vn -0.5246 -0.4359 0.7313
vn -0.2379 -0.7889 -0.5666
vn -0.0496 0.5086 -0.8596
vn 0.1675 0.9325 -0.3201
vn -0.9677 -0.1407 0.2091
vt 0.862532 0.586626
vt 0.666025 0.612825
vt 0.793538 0.524739
vt 0.799625 0.742317
vt 0.596159 0.725728
vt 0.676667 0.500000
vt 0.533198 0.702151
vt 0.502729 0.907748
vt 0.315429 0.689365
vt 0.215046 0.717794
vt 0.139986 0.551629
vt 0.365533 0.517965
vt 0.592775 0.342442
vt 0.523296 0.508923
vt 0.395346 0.376049
vt 0.510142 0.020803
vt 0.592582 0.143625
vt 0.414253 0.208459
s 0
g Cube.007_Material
usemtl Material
f 373/745/583 369/746/583 376/747/583
f 369/746/584 368/748/584 375/749/584
f 376/747/585 369/746/585 374/750/585
f 375/751/586 368/752/586 370/753/586
f 370/753/587 368/754/587 372/755/587
f 371/756/588 375/751/588 370/753/588
f 376/757/589 374/758/589 371/759/589
f 373/745/590 368/748/590 369/746/590
f 368/760/591 373/761/591 372/762/591
f 372/762/592 373/761/592 376/757/592
f 372/755/593 371/756/593 370/753/593
f 371/756/594 374/758/594 375/751/594
f 374/758/595 369/746/595 375/751/595
f 372/762/596 376/757/596 371/759/596
o Cube.008
v 12.571589 1.694368 -9.022564
v 12.484634 1.815997 -9.096638
v 12.391944 1.837723 -9.207495
v 12.396965 1.668548 -9.186435
v 12.479464 1.732433 -9.372079
v 12.579023 1.631913 -9.242682
v 12.649955 1.741017 -9.111929
v 12.415453 1.886466 -9.306842
v 12.567776 1.838518 -9.278665
vn -0.7603 0.0580 0.6470
vn -0.9642 -0.0607 -0.2580
vn -0.3035 -0.8514 -0.4279
vn 0.6735 -0.7048 0.2227
vn 0.4171 0.8591 0.2968
vn 0.2528 0.9394 0.2317
vn 0.7635 -0.0702 -0.6420
vn 0.3025 0.4756 -0.8260
vn -0.2450 0.8921 0.3797
vn -0.6805 -0.0409 0.7316
vn -0.8763 -0.1739 -0.4493
vn -0.1098 -0.9572 0.2679
vn 0.3601 0.6594 0.6600
vn 0.8892 -0.0311 -0.4564
vt 0.551771 0.821043
vt 0.490236 0.981936
vt 0.443965 0.755163
vt 0.609545 0.740303
vt 0.579499 0.265268
vt 0.447677 0.232718
vt 0.490446 0.016300
vt 0.320967 0.499695
vt 0.242238 0.673984
vt 0.142687 0.564850
vt 0.543218 0.480597
vt 0.654480 0.663904
vt 0.651690 0.523626
vt 0.809399 0.589510
vt 0.375000 0.930496
vt 0.603518 0.001237
vt 0.583364 0.169025
vt 0.384386 0.054537
vt 0.382289 0.419599
s 0
g Cube.008_Material
usemtl Material
f 379/763/597 380/764/597 378/765/597
f 379/763/598 384/766/598 380/764/598
f 381/767/599 382/768/599 380/769/599
f 383/770/600 377/771/600 382/772/600
f 385/773/601 378/765/601 383/770/601
f 385/773/602 384/774/602 378/765/602
f 381/767/603 385/773/603 382/768/603
f 385/775/604 381/776/604 384/774/604
f 384/774/605 379/763/605 378/765/605
f 377/777/606 378/765/606 380/764/606
f 384/778/607 381/779/607 380/769/607
f 377/780/608 380/769/608 382/768/608
f 377/771/609 383/770/609 378/765/609
f 383/781/610 382/768/610 385/773/610
o Cube.009
v 10.034375 1.981659 -9.933151
v 9.895407 1.959771 -9.803726
v 10.202039 1.860860 -9.952426
v 10.124489 1.742994 -10.090179
v 9.778124 1.712959 -9.768782
v 9.902720 1.785751 -9.607869
v 9.861260 1.765366 -10.038796
v 10.163390 1.913683 -9.730631
v 10.047320 1.878241 -9.606408
v 10.199964 1.651667 -9.700380
v 10.181656 1.614052 -9.919242
v 10.285836 1.806293 -9.828585
v 9.878369 1.553262 -9.818493
v 9.909738 1.636259 -10.058695
v 9.992977 1.552444 -9.712014
v 10.095665 1.473070 -9.869833
vn -0.4322 0.6661 0.6079
vn 0.1254 0.9473 0.2949
vn 0.6933 0.1774 0.6984
vn 0.8774 -0.4797 0.0091
vn -0.2717 -0.9191 0.2854
vn 0.2668 -0.7244 -0.6357
vn -0.8987 -0.2862 -0.3323
vn 0.1686 -0.2786 0.9455
vn 0.1229 -0.3645 0.9231
vn -0.5712 -0.5486 0.6106
vn -0.7960 0.4375 0.4184
vn -0.8958 0.3976 -0.1987
vn 0.8576 -0.1375 -0.4957
vn -0.1842 0.0818 -0.9795
vn -0.1223 0.5129 -0.8497
vn 0.3527 0.6036 -0.7150
vn -0.5548 0.6789 -0.4809
vn 0.5749 0.8129 -0.0934
vn 0.0305 0.9533 0.3005
vn 0.6217 0.7794 -0.0773
vn 0.7050 0.1777 0.6865
vn -0.3957 -0.8509 -0.3457
vn 0.3633 -0.4976 -0.7876
vn -0.8514 -0.4513 -0.2671
vn 0.3237 -0.7438 0.5847
vn -0.5541 -0.5086 0.6591
vn 0.8563 -0.5163 0.0171
vt 0.875000 0.649805
vt 0.849233 0.683396
vt 0.832712 0.540342
vt 0.580473 0.024703
vt 0.534759 0.188184
vt 0.498710 0.020990
vt 0.437420 0.135101
vt 0.411456 0.342495
vt 0.213804 0.511922
vt 0.337875 0.601179
vt 0.185175 0.619999
vt 0.611440 0.548317
vt 0.438499 0.522151
vt 0.536413 0.434917
vt 0.517900 0.691047
vt 0.378975 0.759339
vt 0.724211 0.603714
vt 0.568883 0.768659
vt 0.609419 0.213408
vt 0.625000 0.382072
vt 0.588498 0.519208
vt 0.209844 0.718096
vt 0.479559 0.953620
vt 0.390901 0.953078
vt 0.565332 0.774863
vt 0.583031 0.973602
vt 0.389658 0.010551
vt 0.376620 0.114133
vt 0.125000 0.581137
vt 0.375000 0.421875
s 0
g Cube.009_Material
usemtl Material
f 394/782/611 387/783/611 391/784/611
f 387/785/612 394/786/612 386/787/612
f 393/788/613 394/786/613 395/789/613
f 395/790/614 396/791/614 397/792/614
f 398/793/615 401/794/615 400/795/615
f 399/796/616 389/797/616 396/791/616
f 390/798/617 392/799/617 399/796/617
f 391/800/618 395/789/618 394/786/618
f 391/800/619 400/795/619 395/789/619
f 400/795/620 390/801/620 398/802/620
f 390/798/621 391/784/621 387/783/621
f 390/798/622 387/783/622 392/799/622
f 388/803/623 397/792/623 396/791/623 389/797/623
f 389/797/624 399/796/624 392/799/624
f 392/799/625 386/804/625 389/797/625
f 386/804/626 388/805/626 389/797/626
f 392/806/627 387/807/627 386/804/627
f 386/787/628 393/788/628 388/808/628
f 393/788/629 386/787/629 394/786/629
f 388/808/630 393/788/630 397/809/630
f 395/790/631 397/792/631 393/810/631
f 401/794/632 398/793/632 399/796/632
f 401/794/633 399/796/633 396/791/633
f 398/793/634 390/798/634 399/796/634
f 395/789/635 400/795/635 401/794/635
f 391/800/636 390/801/636 400/795/636
f 396/811/637 395/789/637 401/794/637
o Cube.010
v 12.492929 1.800594 -8.920306
v 12.562299 1.700925 -8.900640
v 12.582475 1.574377 -8.979950
v 12.440131 1.761227 -9.027964
v 12.573737 1.895308 -8.961642
v 12.674051 1.657666 -9.019766
v 12.455377 1.566784 -8.999586
v 12.546515 1.694237 -9.135633
v 12.498161 1.878215 -9.050890
vn 0.6478 0.4276 -0.6305
vn 0.6680 0.4489 -0.5935
vn 0.1590 -0.5626 -0.8113
vn 0.2760 -0.7867 -0.5521
vn 0.6194 -0.3436 0.7059
vn -0.7464 -0.4171 0.5186
vn -0.6119 0.6904 0.3859
vn -0.8487 0.4689 0.2447
vn 0.7482 0.1582 0.6444
vn -0.7096 0.0470 0.7031
vn -0.0970 -0.5396 0.8363
vn -0.6444 0.1737 -0.7447
vn -0.7489 -0.1528 -0.6448
vn 0.1461 0.2884 0.9463
vt 0.856741 0.527884
vt 0.792799 0.664448
vt 0.661337 0.518959
vt 0.570885 0.667835
vt 0.614877 0.834550
vt 0.495616 0.943630
vt 0.319826 0.718976
vt 0.602263 0.105449
vt 0.455701 0.107225
vt 0.553174 0.006579
vt 0.371255 0.573451
vt 0.135465 0.689951
vt 0.165587 0.530358
vt 0.553103 0.308270
vt 0.565029 0.471740
vt 0.392929 0.256090
vt 0.405598 0.560759
vt 0.171875 0.750000
s 0
g Cube.010_Material
usemtl Material
f 406/812/638 407/813/638 410/814/638
f 410/814/639 407/813/639 409/815/639
f 407/816/640 404/817/640 408/818/640
f 409/815/641 407/816/641 408/818/641
f 407/819/642 403/820/642 404/821/642
f 405/822/643 403/823/643 402/824/643
f 406/825/644 410/826/644 402/827/644
f 410/826/645 405/828/645 402/827/645
f 403/820/646 407/819/646 406/825/646
f 405/822/647 408/818/647 403/823/647
f 403/823/648 408/818/648 404/829/648
f 410/814/649 409/815/649 405/828/649
f 409/815/650 408/818/650 405/828/650
f 402/827/651 403/820/651 406/825/651
o Cube.011
v 10.994823 1.641894 -7.816682
v 11.328555 1.899759 -7.693574
v 11.098065 1.857550 -7.536842
v 11.056621 1.889365 -7.810710
v 11.203091 1.758337 -7.918411
v 11.226441 1.562604 -7.760570
v 11.039367 1.615602 -7.575768
v 11.382207 1.648691 -7.752069
v 11.276173 1.703732 -7.564418
vn 0.4653 0.3969 0.7912
vn -0.0932 0.9873 0.1288
vn -0.9515 0.2327 0.2013
vn -0.4986 0.1451 -0.8546
vn 0.3514 -0.5619 -0.7488
vn -0.0274 -0.6295 -0.7765
vn -0.3137 -0.9484 -0.0455
vn 0.2775 -0.8118 0.5137
vn 0.0130 -0.1619 0.9867
vn 0.8776 0.0773 0.4732
vn 0.4095 -0.7866 0.4621
vn -0.9636 0.2065 0.1698
vn 0.2327 0.7595 -0.6075
vn 0.7412 0.2985 -0.6013
vt 0.534218 0.539052
vt 0.807613 0.537738
vt 0.651467 0.712344
vt 0.812212 0.722590
vt 0.440472 0.699464
vt 0.505279 0.954605
vt 0.394685 0.910428
vt 0.529494 0.041599
vt 0.440272 0.169217
vt 0.407900 0.015209
vt 0.224689 0.500632
vt 0.298939 0.554231
vt 0.143822 0.628706
vt 0.350796 0.501919
vt 0.236030 0.724989
vt 0.358556 0.714558
vt 0.602122 0.296489
vt 0.527241 0.521298
vt 0.452229 0.375318
s 0
g Cube.011_Material
usemtl Material
f 419/830/652 412/831/652 413/832/652
f 413/832/653 412/831/653 414/833/653
f 417/834/654 414/835/654 411/836/654
f 414/837/655 415/838/655 411/839/655
f 418/840/656 416/841/656 415/842/656
f 415/842/657 416/843/657 411/844/657
f 416/843/658 417/845/658 411/844/658
f 416/843/659 419/830/659 417/834/659
f 419/830/660 413/832/660 417/834/660
f 412/846/661 419/847/661 418/848/661
f 418/848/662 419/830/662 416/843/662
f 413/832/663 414/835/663 417/834/663
f 414/837/664 412/846/664 415/838/664
f 412/846/665 418/848/665 415/838/665
o Cube.006
v 9.966702 1.747645 -9.594845
v 9.964865 1.832468 -9.798346
v 10.004887 1.589168 -9.817187
v 9.866421 1.777559 -9.681795
v 9.904203 1.690304 -9.807460
v 9.874080 1.587234 -9.707016
v 10.036244 1.668970 -9.629121
v 10.060125 1.833812 -9.734669
v 10.084894 1.680969 -9.830224
vn -0.6709 -0.1239 0.7311
vn -0.9577 -0.0004 -0.2877
vn 0.2927 -0.8968 0.3317
vn -0.2621 0.8899 0.3733
vn -0.0586 0.9213 0.3845
vn 0.9718 0.0101 0.2357
vn 0.6848 0.3200 0.6547
vn 0.4690 0.5216 -0.7127
vn -0.1184 0.1138 -0.9864
vn -0.1265 -0.0306 -0.9915
vn -0.5572 -0.4903 -0.6702
vn -0.1532 -0.5054 0.8492
vn 0.7560 -0.6383 0.1448
vn -0.7886 0.3681 -0.4927
vt 0.423616 0.817668
vt 0.438163 0.985880
vt 0.399025 0.926987
vt 0.584080 0.909473
vt 0.477709 0.045024
vt 0.607265 0.122218
vt 0.441545 0.286085
vt 0.565477 0.549583
vt 0.592013 0.712367
vt 0.289400 0.584684
vt 0.400831 0.754486
vt 0.615924 0.357557
vt 0.551199 0.540629
vt 0.429879 0.509305
vt 0.769145 0.562221
vt 0.604783 0.677624
vt 0.780055 0.741830
vt 0.860509 0.631959
vt 0.567506 0.015179
vt 0.377433 0.096481
s 0
g Cube.006_Material
usemtl Material
f 423/849/666 425/850/666 420/851/666
f 424/852/667 425/850/667 423/849/667
f 425/853/668 422/854/668 426/855/668
f 427/856/669 421/857/669 420/858/669
f 421/857/670 423/859/670 420/858/670
f 426/855/671 428/860/671 427/861/671
f 427/861/672 420/862/672 426/855/672
f 427/856/673 428/863/673 421/864/673
f 421/864/674 428/863/674 424/865/674
f 428/863/675 422/866/675 424/865/675
f 424/867/676 422/854/676 425/853/676
f 420/868/677 425/853/677 426/855/677
f 426/855/678 422/854/678 428/860/678
f 421/857/679 424/852/679 423/849/679
o Cube.007
v 12.538052 1.748555 -8.734568
v 12.511315 1.835745 -8.902202
v 12.583328 1.638518 -8.807076
v 12.473000 1.585950 -8.890616
v 12.414427 1.648736 -8.748451
v 12.415110 1.813113 -8.762150
v 12.468761 1.715541 -8.965519
v 12.594635 1.754348 -8.888304
v 12.368258 1.791622 -8.865725
vn -0.3077 0.9497 -0.0579
vn 0.6505 0.7113 0.2662
vn -0.3595 0.5313 -0.7671
vn 0.9256 0.1526 0.3464
vn 0.2683 -0.4507 0.8514
vn 0.6640 -0.4717 -0.5802
vn -0.7792 -0.3325 -0.5312
vn 0.3600 0.8500 0.3847
vn -0.1767 0.0825 0.9808
vn -0.9134 0.0376 0.4054
vn 0.0969 -0.8951 0.4352
vn 0.5657 -0.3987 -0.7218
vn 0.4314 0.2961 -0.8522
vn -0.8857 -0.4299 -0.1751
vt 0.862532 0.586626
vt 0.666025 0.612825
vt 0.793538 0.524739
vt 0.799625 0.742317
vt 0.596159 0.725728
vt 0.676667 0.500000
vt 0.533198 0.702151
vt 0.502729 0.907748
vt 0.315429 0.689365
vt 0.215046 0.717794
vt 0.139986 0.551629
vt 0.365533 0.517965
vt 0.592775 0.342442
vt 0.523296 0.508923
vt 0.395346 0.376049
vt 0.510142 0.020803
vt 0.592582 0.143625
vt 0.414253 0.208459
s 0
g Cube.007_Material
usemtl Material
f 434/869/680 430/870/680 437/871/680
f 430/870/681 429/872/681 436/873/681
f 437/871/682 430/870/682 435/874/682
f 436/875/683 429/876/683 431/877/683
f 431/877/684 429/878/684 433/879/684
f 432/880/685 436/875/685 431/877/685
f 437/881/686 435/882/686 432/883/686
f 434/869/687 429/872/687 430/870/687
f 429/884/688 434/885/688 433/886/688
f 433/886/689 434/885/689 437/881/689
f 433/879/690 432/880/690 431/877/690
f 432/880/691 435/882/691 436/875/691
f 435/882/692 430/870/692 436/875/692
f 433/886/693 437/881/693 432/883/693
o Cube.008
v 11.419774 1.924533 -7.678363
v 11.345803 1.814105 -7.816069
v 11.260017 1.671554 -7.836375
v 11.244090 1.713787 -7.646025
v 11.372474 1.510481 -7.689034
v 11.454650 1.683306 -7.580678
v 11.527054 1.831236 -7.713520
v 11.306947 1.557916 -7.877874
v 11.469862 1.619299 -7.812409
vn -0.8299 0.5259 -0.1861
vn -0.9232 -0.3842 0.0080
vn -0.3240 -0.3872 0.8632
vn 0.5683 0.3781 0.7308
vn 0.4540 0.2732 -0.8481
vn 0.3082 0.1787 -0.9344
vn 0.8313 -0.5194 0.1980
vn 0.4525 -0.8151 -0.3618
vn -0.2071 0.2590 -0.9434
vn -0.7717 0.6295 -0.0903
vn -0.8220 -0.5502 0.1470
vn -0.2346 0.3355 0.9124
vn 0.3310 0.6414 -0.6921
vn 0.9346 -0.3224 0.1504
vt 0.551771 0.821043
vt 0.490236 0.981936
vt 0.443965 0.755163
vt 0.609545 0.740303
vt 0.579499 0.265268
vt 0.447677 0.232718
vt 0.490446 0.016300
vt 0.320967 0.499695
vt 0.242238 0.673984
vt 0.142687 0.564850
vt 0.543218 0.480597
vt 0.654480 0.663904
vt 0.651690 0.523626
vt 0.809399 0.589510
vt 0.375000 0.930496
vt 0.603518 0.001237
vt 0.583364 0.169025
vt 0.384386 0.054537
vt 0.382289 0.419599
s 0
g Cube.008_Material
usemtl Material
f 440/887/694 441/888/694 439/889/694
f 440/887/695 445/890/695 441/888/695
f 442/891/696 443/892/696 441/893/696
f 444/894/697 438/895/697 443/896/697
f 446/897/698 439/889/698 444/894/698
f 446/897/699 445/898/699 439/889/699
f 442/891/700 446/897/700 443/892/700
f 446/899/701 442/900/701 445/898/701
f 445/898/702 440/887/702 439/889/702
f 438/901/703 439/889/703 441/888/703
f 445/902/704 442/903/704 441/893/704
f 438/904/705 441/893/705 443/892/705
f 438/895/706 444/894/706 439/889/706
f 444/905/707 443/892/707 446/897/707
o Cube.009
v 9.915180 1.867023 -9.958178
v 9.952503 1.948999 -9.782772
v 10.002066 1.686034 -10.032507
v 9.850561 1.565123 -9.970888
v 9.940338 1.790669 -9.547120
v 10.141984 1.860914 -9.611221
v 9.747608 1.709003 -9.756966
v 10.168069 1.825781 -9.933449
v 10.214765 1.884738 -9.770867
v 10.238224 1.590332 -9.810633
v 10.041916 1.488007 -9.872436
v 10.160595 1.647362 -10.014334
v 9.967131 1.591898 -9.562253
v 9.768853 1.568537 -9.735183
v 10.122771 1.582173 -9.603731
v 10.049981 1.415524 -9.710283
vn 0.2206 0.9450 0.2416
vn 0.2316 0.8615 -0.4519
vn 0.9424 0.1174 -0.3132
vn 0.5197 -0.7505 -0.4082
vn 0.1749 -0.5835 0.7931
vn -0.3273 -0.9396 -0.0998
vn -0.7353 -0.0061 0.6777
vn 0.9089 0.0161 0.4168
vn 0.8731 -0.0471 0.4853
vn 0.2550 -0.0392 0.9661
vn -0.1134 0.8274 0.5501
vn -0.6816 0.6232 0.3835
vn 0.0551 -0.6209 -0.7819
vn -0.9285 -0.1899 -0.3191
vn -0.8242 0.1987 -0.5303
vn -0.4646 0.1363 -0.8750
vn -0.7607 0.6349 -0.1349
vn 0.1581 0.4391 -0.8844
vn 0.1850 0.9056 -0.3816
vn 0.1997 0.3976 -0.8956
vn 0.9386 0.1090 -0.3272
vn -0.4275 -0.6905 0.5835
vn -0.4232 -0.8348 -0.3521
vn -0.6408 -0.1438 0.7541
vn 0.7298 -0.5649 0.3850
vn 0.3014 0.0048 0.9535
vn 0.5184 -0.7708 -0.3703
vt 0.875000 0.649805
vt 0.849233 0.683396
vt 0.832712 0.540342
vt 0.580473 0.024703
vt 0.534759 0.188184
vt 0.498710 0.020990
vt 0.437420 0.135101
vt 0.411456 0.342495
vt 0.213804 0.511922
vt 0.337875 0.601179
vt 0.185175 0.619999
vt 0.611440 0.548317
vt 0.438499 0.522151
vt 0.536413 0.434917
vt 0.517900 0.691047
vt 0.378975 0.759339
vt 0.724211 0.603714
vt 0.568883 0.768659
vt 0.609419 0.213408
vt 0.625000 0.382072
vt 0.588498 0.519208
vt 0.209844 0.718096
vt 0.479559 0.953620
vt 0.390901 0.953078
vt 0.565332 0.774863
vt 0.583031 0.973602
vt 0.389658 0.010551
vt 0.376620 0.114133
vt 0.125000 0.581137
vt 0.375000 0.421875
s 0
g Cube.009_Material
usemtl Material
f 455/906/708 448/907/708 452/908/708
f 448/909/709 455/910/709 447/911/709
f 454/912/710 455/910/710 456/913/710
f 456/914/711 457/915/711 458/916/711
f 459/917/712 462/918/712 461/919/712
f 460/920/713 450/921/713 457/915/713
f 451/922/714 453/923/714 460/920/714
f 452/924/715 456/913/715 455/910/715
f 452/924/716 461/919/716 456/913/716
f 461/919/717 451/925/717 459/926/717
f 451/922/718 452/908/718 448/907/718
f 451/922/719 448/907/719 453/923/719
f 449/927/720 458/916/720 457/915/720 450/921/720
f 450/921/721 460/920/721 453/923/721
f 453/923/722 447/928/722 450/921/722
f 447/928/723 449/929/723 450/921/723
f 453/930/724 448/931/724 447/928/724
f 447/911/725 454/912/725 449/932/725
f 454/912/726 447/911/726 455/910/726
f 449/932/727 454/912/727 458/933/727
f 456/914/728 458/916/728 454/934/728
f 462/918/729 459/917/729 460/920/729
f 462/918/730 460/920/730 457/915/730
f 459/917/731 451/922/731 460/920/731
f 456/913/732 461/919/732 462/918/732
f 452/924/733 451/925/733 461/919/733
f 457/935/734 456/913/734 462/918/734
o Cube.010
v 12.227610 1.659243 -8.162626
v 12.101962 1.648710 -8.230715
v 11.936772 1.637653 -8.172339
v 12.174024 1.653425 -8.025852
v 12.271876 1.805041 -8.174250
v 11.965088 1.785020 -8.192948
v 11.980345 1.537938 -8.068998
v 12.019636 1.765045 -7.996153
v 12.257733 1.782533 -8.039164
vn -0.0738 0.9849 0.1564
vn -0.0521 0.9920 0.1151
vn -0.7964 0.2312 0.5589
vn -0.9587 0.0781 0.2736
vn -0.3283 -0.0687 -0.9421
vn 0.0878 -0.9961 -0.0080
vn 0.9567 -0.2863 0.0525
vn 0.8147 -0.4975 0.2980
vn 0.0383 0.3024 -0.9524
vn 0.5322 -0.8298 -0.1681
vn -0.1776 -0.7445 -0.6435
vn 0.1788 -0.0145 0.9838
vn -0.0335 -0.3000 0.9534
vn 0.4792 -0.2134 -0.8514
vt 0.856741 0.527884
vt 0.792799 0.664448
vt 0.661337 0.518959
vt 0.570885 0.667835
vt 0.614877 0.834550
vt 0.495616 0.943630
vt 0.319826 0.718976
vt 0.602263 0.105449
vt 0.455701 0.107225
vt 0.553174 0.006579
vt 0.371255 0.573451
vt 0.135465 0.689951
vt 0.165587 0.530358
vt 0.553103 0.308270
vt 0.565029 0.471740
vt 0.392929 0.256090
vt 0.405598 0.560759
vt 0.171875 0.750000
s 0
g Cube.010_Material
usemtl Material
f 467/936/735 468/937/735 471/938/735
f 471/938/736 468/937/736 470/939/736
f 468/940/737 465/941/737 469/942/737
f 470/939/738 468/940/738 469/942/738
f 468/943/739 464/944/739 465/945/739
f 466/946/740 464/947/740 463/948/740
f 467/949/741 471/950/741 463/951/741
f 471/950/742 466/952/742 463/951/742
f 464/944/743 468/943/743 467/949/743
f 466/946/744 469/942/744 464/947/744
f 464/947/745 469/942/745 465/953/745
f 471/938/746 470/939/746 466/952/746
f 470/939/747 469/942/747 466/952/747
f 463/951/748 464/944/748 467/949/748
o Cube.011
v 10.914585 1.805087 -7.836903
v 11.158698 1.561991 -7.556116
v 11.005615 1.450434 -7.769296
v 10.884204 1.660396 -7.625347
v 11.035565 1.827953 -7.605184
v 11.168239 1.807958 -7.822567
v 11.028136 1.619586 -7.958666
v 11.281439 1.754932 -7.692720
v 11.215040 1.564631 -7.792800
vn 0.4852 -0.8680 0.1058
vn -0.3977 -0.6641 0.6331
vn -0.8845 -0.3161 -0.3432
vn -0.7225 0.6146 0.3166
vn 0.3180 0.9420 0.1074
vn -0.0059 0.9954 -0.0952
vn 0.0402 0.5654 -0.8239
vn 0.6695 0.0380 -0.7418
vn 0.3265 -0.7239 -0.6078
vn 0.8851 -0.4172 0.2061
vn 0.7658 0.0691 -0.6394
vn -0.8943 -0.2755 -0.3525
vn -0.2171 0.0790 0.9730
vn 0.4039 0.3434 0.8479
vt 0.534218 0.539052
vt 0.807613 0.537738
vt 0.651467 0.712344
vt 0.812212 0.722590
vt 0.440472 0.699464
vt 0.505279 0.954605
vt 0.394685 0.910428
vt 0.529494 0.041599
vt 0.440272 0.169217
vt 0.407900 0.015209
vt 0.224689 0.500632
vt 0.298939 0.554231
vt 0.143822 0.628706
vt 0.350796 0.501919
vt 0.236030 0.724989
vt 0.358556 0.714558
vt 0.602122 0.296489
vt 0.527241 0.521298
vt 0.452229 0.375318
s 0
g Cube.011_Material
usemtl Material
f 480/954/749 473/955/749 474/956/749
f 474/956/750 473/955/750 475/957/750
f 478/958/751 475/959/751 472/960/751
f 475/961/752 476/962/752 472/963/752
f 479/964/753 477/965/753 476/966/753
f 476/966/754 477/967/754 472/968/754
f 477/967/755 478/969/755 472/968/755
f 477/967/756 480/954/756 478/958/756
f 480/954/757 474/956/757 478/958/757
f 473/970/758 480/971/758 479/972/758
f 479/972/759 480/954/759 477/967/759
f 474/956/760 475/959/760 478/958/760
f 475/961/761 473/970/761 476/962/761
f 473/970/762 479/972/762 476/962/762
o Cube.006
v 10.038484 1.656087 -9.898486
v 10.186195 1.767134 -9.861745
v 10.243007 1.630494 -10.012611
v 10.069265 1.761783 -9.935897
v 10.189972 1.738457 -9.990862
v 10.114002 1.673006 -10.066582
v 10.097608 1.586524 -9.922475
v 10.168152 1.687588 -9.807558
v 10.268872 1.630225 -9.911201
vn -0.9097 0.1247 -0.3961
vn -0.1106 0.8041 -0.5841
vn -0.0639 -0.8525 -0.5189
vn -0.5654 0.5481 0.6164
vn -0.5008 0.4148 0.7597
vn 0.1620 -0.7882 0.5937
vn -0.3743 -0.5703 0.7313
vn 0.7592 0.2399 0.6050
vn 0.8365 0.5396 -0.0954
vn 0.8580 0.4653 -0.2176
vn 0.4616 0.3875 -0.7980
vn -0.7629 -0.5124 -0.3943
vn 0.2508 -0.9657 -0.0665
vn 0.0908 0.9727 -0.2134
vt 0.423616 0.817668
vt 0.438163 0.985880
vt 0.399025 0.926987
vt 0.584080 0.909473
vt 0.477709 0.045024
vt 0.607265 0.122218
vt 0.441545 0.286085
vt 0.565477 0.549583
vt 0.592013 0.712367
vt 0.289400 0.584684
vt 0.400831 0.754486
vt 0.615924 0.357557
vt 0.551199 0.540629
vt 0.429879 0.509305
vt 0.769145 0.562221
vt 0.604783 0.677624
vt 0.780055 0.741830
vt 0.860509 0.631959
vt 0.567506 0.015179
vt 0.377433 0.096481
s 0
g Cube.006_Material
usemtl Material
f 484/973/763 486/974/763 481/975/763
f 485/976/764 486/974/764 484/973/764
f 486/977/765 483/978/765 487/979/765
f 488/980/766 482/981/766 481/982/766
f 482/981/767 484/983/767 481/982/767
f 487/979/768 489/984/768 488/985/768
f 488/985/769 481/986/769 487/979/769
f 488/980/770 489/987/770 482/988/770
f 482/988/771 489/987/771 485/989/771
f 489/987/772 483/990/772 485/989/772
f 485/991/773 483/978/773 486/977/773
f 481/992/774 486/977/774 487/979/774
f 487/979/775 483/978/775 489/984/775
f 482/981/776 485/976/776 484/973/776
o Cube.007
v 11.700289 1.544679 -10.381913
v 11.792905 1.753688 -10.351706
v 11.550200 1.620952 -10.384216
v 11.520178 1.697731 -10.225465
v 11.627733 1.529665 -10.203994
v 11.815258 1.570393 -10.257871
v 11.663136 1.805573 -10.251390
v 11.671174 1.736407 -10.422242
v 11.796485 1.684263 -10.178977
vn 0.9897 0.1387 0.0353
vn 0.5096 -0.1023 -0.8543
vn 0.5462 0.7811 0.3026
vn -0.0963 -0.2189 -0.9710
vn -0.4355 -0.8646 -0.2506
vn -0.6929 0.5890 -0.4159
vn -0.1336 0.3955 0.9087
vn 0.7367 -0.2348 -0.6341
vn 0.2135 -0.9769 0.0046
vn 0.3376 -0.4978 0.7989
vn -0.8439 -0.5279 0.0957
vn -0.6066 0.7266 -0.3227
vn 0.0834 0.9251 -0.3706
vn -0.1649 0.0204 0.9861
vt 0.862532 0.586626
vt 0.666025 0.612825
vt 0.793538 0.524739
vt 0.799625 0.742317
vt 0.596159 0.725728
vt 0.676667 0.500000
vt 0.533198 0.702151
vt 0.502729 0.907748
vt 0.315429 0.689365
vt 0.215046 0.717794
vt 0.139986 0.551629
vt 0.365533 0.517965
vt 0.592775 0.342442
vt 0.523296 0.508923
vt 0.395346 0.376049
vt 0.510142 0.020803
vt 0.592582 0.143625
vt 0.414253 0.208459
s 0
g Cube.007_Material
usemtl Material
f 495/993/777 491/994/777 498/995/777
f 491/994/778 490/996/778 497/997/778
f 498/995/779 491/994/779 496/998/779
f 497/999/780 490/1000/780 492/1001/780
f 492/1001/781 490/1002/781 494/1003/781
f 493/1004/782 497/999/782 492/1001/782
f 498/1005/783 496/1006/783 493/1007/783
f 495/993/784 490/996/784 491/994/784
f 490/1008/785 495/1009/785 494/1010/785
f 494/1010/786 495/1009/786 498/1005/786
f 494/1003/787 493/1004/787 492/1001/787
f 493/1004/788 496/1006/788 497/999/788
f 496/1006/789 491/994/789 497/999/789
f 494/1010/790 498/1005/790 493/1007/790
o Cube.008
v 12.628872 1.561673 -9.109046
v 12.558426 1.632294 -9.227921
v 12.470159 1.732335 -9.253799
v 12.512933 1.753229 -9.102491
v 12.322382 1.703485 -9.123518
v 12.437725 1.607474 -9.027222
v 12.528538 1.500415 -9.125846
v 12.369437 1.721639 -9.282272
v 12.377044 1.588471 -9.211901
vn 0.7532 0.5884 -0.2942
vn -0.0723 0.9906 -0.1163
vn -0.2299 0.5376 0.8113
vn 0.2085 -0.5611 0.8011
vn 0.0813 -0.6215 -0.7792
vn 0.0343 -0.4654 -0.8844
vn -0.7469 -0.5902 0.3062
vn -0.9302 -0.2116 -0.2999
vn 0.2728 -0.0081 -0.9620
vn 0.8368 0.5130 -0.1911
vn -0.2560 0.9661 0.0346
vn 0.4290 0.2298 0.8736
vn 0.4755 -0.6033 -0.6402
vn -0.5947 -0.7561 0.2732
vt 0.551771 0.821043
vt 0.490236 0.981936
vt 0.443965 0.755163
vt 0.609545 0.740303
vt 0.579499 0.265268
vt 0.447677 0.232718
vt 0.490446 0.016300
vt 0.320967 0.499695
vt 0.242238 0.673984
vt 0.142687 0.564850
vt 0.543218 0.480597
vt 0.654480 0.663904
vt 0.651690 0.523626
vt 0.809399 0.589510
vt 0.375000 0.930496
vt 0.603518 0.001237
vt 0.583364 0.169025
vt 0.384386 0.054537
vt 0.382289 0.419599
s 0
g Cube.008_Material
usemtl Material
f 501/1011/791 502/1012/791 500/1013/791
f 501/1011/792 506/1014/792 502/1012/792
f 503/1015/793 504/1016/793 502/1017/793
f 505/1018/794 499/1019/794 504/1020/794
f 507/1021/795 500/1013/795 505/1018/795
f 507/1021/796 506/1022/796 500/1013/796
f 503/1015/797 507/1021/797 504/1016/797
f 507/1023/798 503/1024/798 506/1022/798
f 506/1022/799 501/1011/799 500/1013/799
f 499/1025/800 500/1013/800 502/1012/800
f 506/1026/801 503/1027/801 502/1017/801
f 499/1028/802 502/1017/802 504/1016/802
f 499/1019/803 505/1018/803 500/1013/803
f 505/1029/804 504/1016/804 507/1021/804
o Cube.009
v 12.467102 1.419298 -9.422572
v 12.577533 1.512996 -9.319187
v 12.293076 1.477250 -9.483233
v 12.351867 1.543836 -9.643858
v 12.632045 1.756492 -9.378317
v 12.519766 1.725546 -9.214264
v 12.590261 1.599880 -9.591081
v 12.319472 1.519510 -9.273821
v 12.406937 1.617762 -9.179859
v 12.232050 1.740939 -9.342841
v 12.259984 1.699274 -9.544098
v 12.195793 1.548322 -9.396991
v 12.514009 1.850705 -9.479007
v 12.522588 1.690192 -9.655006
v 12.400922 1.864186 -9.388262
v 12.305799 1.852810 -9.552577
vn 0.5056 -0.2675 0.8202
vn 0.0516 -0.7668 0.6398
vn -0.7013 -0.0554 0.7107
vn -0.9561 0.2307 -0.1805
vn 0.0432 0.9946 -0.0939
vn -0.3546 0.3475 -0.8680
vn 0.8443 0.3388 -0.4152
vn -0.3102 0.5681 0.7622
vn -0.2819 0.6472 0.7083
vn 0.3831 0.8546 0.3505
vn 0.8286 -0.0501 0.5576
vn 0.9741 -0.2244 -0.0261
vn -0.8178 -0.2623 -0.5123
vn 0.2869 -0.4009 -0.8701
vn 0.3060 -0.7527 -0.5830
vn -0.1493 -0.8929 -0.4248
vn 0.7280 -0.6622 -0.1775
vn -0.3784 -0.8969 0.2287
vn 0.1447 -0.7481 0.6476
vn -0.4325 -0.8717 0.2304
vn -0.7116 -0.0628 0.6998
vn 0.2364 0.7236 -0.6484
vn -0.3864 0.0645 -0.9201
vn 0.7573 0.5005 -0.4195
vn -0.5265 0.8130 0.2485
vn 0.3705 0.8331 0.4107
vn -0.9441 0.2714 -0.1872
vt 0.875000 0.649805
vt 0.849233 0.683396
vt 0.832712 0.540342
vt 0.580473 0.024703
vt 0.534759 0.188184
vt 0.498710 0.020990
vt 0.437420 0.135101
vt 0.411456 0.342495
vt 0.213804 0.511922
vt 0.337875 0.601179
vt 0.185175 0.619999
vt 0.611440 0.548317
vt 0.438499 0.522151
vt 0.536413 0.434917
vt 0.517900 0.691047
vt 0.378975 0.759339
vt 0.724211 0.603714
vt 0.568883 0.768659
vt 0.609419 0.213408
vt 0.625000 0.382072
vt 0.588498 0.519208
vt 0.209844 0.718096
vt 0.479559 0.953620
vt 0.390901 0.953078
vt 0.565332 0.774863
vt 0.583031 0.973602
vt 0.389658 0.010551
vt 0.376620 0.114133
vt 0.125000 0.581137
vt 0.375000 0.421875
s 0
g Cube.009_Material
usemtl Material
f 516/1030/805 509/1031/805 513/1032/805
f 509/1033/806 516/1034/806 508/1035/806
f 515/1036/807 516/1034/807 517/1037/807
f 517/1038/808 518/1039/808 519/1040/808
f 520/1041/809 523/1042/809 522/1043/809
f 521/1044/810 511/1045/810 518/1039/810
f 512/1046/811 514/1047/811 521/1044/811
f 513/1048/812 517/1037/812 516/1034/812
f 513/1048/813 522/1043/813 517/1037/813
f 522/1043/814 512/1049/814 520/1050/814
f 512/1046/815 513/1032/815 509/1031/815
f 512/1046/816 509/1031/816 514/1047/816
f 510/1051/817 519/1040/817 518/1039/817 511/1045/817
f 511/1045/818 521/1044/818 514/1047/818
f 514/1047/819 508/1052/819 511/1045/819
f 508/1052/820 510/1053/820 511/1045/820
f 514/1054/821 509/1055/821 508/1052/821
f 508/1035/822 515/1036/822 510/1056/822
f 515/1036/823 508/1035/823 516/1034/823
f 510/1056/824 515/1036/824 519/1057/824
f 517/1038/825 519/1040/825 515/1058/825
f 523/1042/826 520/1041/826 521/1044/826
f 523/1042/827 521/1044/827 518/1039/827
f 520/1041/828 512/1046/828 521/1044/828
f 517/1037/829 522/1043/829 523/1042/829
f 513/1048/830 512/1049/830 522/1043/830
f 518/1059/831 517/1037/831 523/1042/831
o Cube.010
v 11.463363 1.745653 -10.441363
v 11.371537 1.766048 -10.306997
v 11.246977 1.642804 -10.208660
v 11.415793 1.587675 -10.474450
v 11.628244 1.724501 -10.386960
v 11.402896 1.623566 -10.135327
v 11.180073 1.591638 -10.358363
v 11.412885 1.454751 -10.298303
v 11.592067 1.590386 -10.461371
vn 0.7437 -0.4664 0.4790
vn 0.7638 -0.4243 0.4863
vn -0.3060 -0.8506 0.4275
vn -0.5145 -0.6111 0.6015
vn -0.2138 0.7321 0.6467
vn -0.7500 0.3441 -0.5648
vn 0.3333 0.3871 -0.8597
vn 0.0699 0.1843 -0.9804
vn 0.3022 0.7599 0.5755
vn -0.3471 0.5947 -0.7252
vn -0.6803 0.7309 0.0542
vn 0.0568 -0.7974 -0.6008
vn -0.2975 -0.7597 -0.5782
vn 0.1438 0.9882 -0.0517
vt 0.856741 0.527884
vt 0.792799 0.664448
vt 0.661337 0.518959
vt 0.570885 0.667835
vt 0.614877 0.834550
vt 0.495616 0.943630
vt 0.319826 0.718976
vt 0.602263 0.105449
vt 0.455701 0.107225
vt 0.553174 0.006579
vt 0.371255 0.573451
vt 0.135465 0.689951
vt 0.165587 0.530358
vt 0.553103 0.308270
vt 0.565029 0.471740
vt 0.392929 0.256090
vt 0.405598 0.560759
vt 0.171875 0.750000
s 0
g Cube.010_Material
usemtl Material
f 528/1060/832 529/1061/832 532/1062/832
f 532/1062/833 529/1061/833 531/1063/833
f 529/1064/834 526/1065/834 530/1066/834
f 531/1063/835 529/1064/835 530/1066/835
f 529/1067/836 525/1068/836 526/1069/836
f 527/1070/837 525/1071/837 524/1072/837
f 528/1073/838 532/1074/838 524/1075/838
f 532/1074/839 527/1076/839 524/1075/839
f 525/1068/840 529/1067/840 528/1073/840
f 527/1070/841 530/1066/841 525/1071/841
f 525/1071/842 530/1066/842 526/1077/842
f 532/1062/843 531/1063/843 527/1076/843
f 531/1063/844 530/1066/844 527/1076/844
f 524/1075/845 525/1068/845 528/1073/845
o Cube.011
v 11.450895 1.785847 -7.725903
v 11.368040 1.559562 -7.985017
v 11.559825 1.681019 -7.980903
v 11.373294 1.787968 -7.916164
v 11.285674 1.681465 -7.799732
v 11.438204 1.584941 -7.706011
v 11.612041 1.686141 -7.784848
v 11.373988 1.485035 -7.786558
v 11.524126 1.526159 -7.875255
vn 0.3823 -0.5793 -0.7199
vn -0.1623 0.2882 -0.9437
vn 0.4686 0.8646 -0.1815
vn -0.5947 0.7637 0.2511
vn -0.6088 -0.2226 0.7615
vn -0.4655 0.1163 0.8774
vn 0.3793 0.0674 0.9228
vn 0.5936 -0.6177 0.5159
vn 0.9019 -0.3653 -0.2307
vn 0.0478 -0.9346 -0.3524
vn 0.4899 -0.7159 0.4974
vn 0.4542 0.8792 -0.1439
vn -0.8553 0.1675 -0.4904
vn -0.9013 -0.4138 -0.1284
vt 0.534218 0.539052
vt 0.807613 0.537738
vt 0.651467 0.712344
vt 0.812212 0.722590
vt 0.440472 0.699464
vt 0.505279 0.954605
vt 0.394685 0.910428
vt 0.529494 0.041599
vt 0.440272 0.169217
vt 0.407900 0.015209
vt 0.224689 0.500632
vt 0.298939 0.554231
vt 0.143822 0.628706
vt 0.350796 0.501919
vt 0.236030 0.724989
vt 0.358556 0.714558
vt 0.602122 0.296489
vt 0.527241 0.521298
vt 0.452229 0.375318
s 0
g Cube.011_Material
usemtl Material
f 541/1078/846 534/1079/846 535/1080/846
f 535/1080/847 534/1079/847 536/1081/847
f 539/1082/848 536/1083/848 533/1084/848
f 536/1085/849 537/1086/849 533/1087/849
f 540/1088/850 538/1089/850 537/1090/850
f 537/1090/851 538/1091/851 533/1092/851
f 538/1091/852 539/1093/852 533/1092/852
f 538/1091/853 541/1078/853 539/1082/853
f 541/1078/854 535/1080/854 539/1082/854
f 534/1094/855 541/1095/855 540/1096/855
f 540/1096/856 541/1078/856 538/1091/856
f 535/1080/857 536/1083/857 539/1082/857
f 536/1085/858 534/1094/858 537/1086/858
f 534/1094/859 540/1096/859 537/1086/859
o Cube.006
v 9.872126 1.532978 -8.955599
v 9.930358 1.686829 -8.937470
v 9.928486 1.647094 -9.118782
v 9.826541 1.623755 -8.945024
v 9.870049 1.684397 -9.036794
v 9.810990 1.606028 -9.087312
v 9.917688 1.524470 -9.024347
v 9.982274 1.618638 -8.930165
v 10.000408 1.650836 -9.061649
vn -0.8759 -0.4576 0.1527
vn -0.8027 0.5962 0.0134
vn 0.0011 -0.6102 -0.7922
vn -0.1935 -0.0423 0.9802
vn -0.0015 -0.1165 0.9932
vn 0.8338 -0.5517 -0.0201
vn 0.4940 -0.7604 0.4215
vn 0.7568 0.6031 0.2521
vn 0.2182 0.9633 -0.1561
vn 0.1852 0.9375 -0.2945
vn -0.4023 0.6906 -0.6010
vn -0.5020 -0.8339 -0.2295
vn 0.5394 -0.5431 -0.6435
vn -0.5121 0.8081 0.2912
vt 0.423616 0.817668
vt 0.438163 0.985880
vt 0.399025 0.926987
vt 0.584080 0.909473
vt 0.477709 0.045024
vt 0.607265 0.122218
vt 0.441545 0.286085
vt 0.565477 0.549583
vt 0.592013 0.712367
vt 0.289400 0.584684
vt 0.400831 0.754486
vt 0.615924 0.357557
vt 0.551199 0.540629
vt 0.429879 0.509305
vt 0.769145 0.562221
vt 0.604783 0.677624
vt 0.780055 0.741830
vt 0.860509 0.631959
vt 0.567506 0.015179
vt 0.377433 0.096481
s 0
g Cube.006_Material
usemtl Material
f 545/1097/860 547/1098/860 542/1099/860
f 546/1100/861 547/1098/861 545/1097/861
f 547/1101/862 544/1102/862 548/1103/862
f 549/1104/863 543/1105/863 542/1106/863
f 543/1105/864 545/1107/864 542/1106/864
f 548/1103/865 550/1108/865 549/1109/865
f 549/1109/866 542/1110/866 548/1103/866
f 549/1104/867 550/1111/867 543/1112/867
f 543/1112/868 550/1111/868 546/1113/868
f 550/1111/869 544/1114/869 546/1113/869
f 546/1115/870 544/1102/870 547/1101/870
f 542/1116/871 547/1101/871 548/1103/871
f 548/1103/872 544/1102/872 550/1108/872
f 543/1105/873 546/1100/873 545/1097/873
o Cube.007
v 11.936361 1.512437 -10.131388
v 11.836352 1.640283 -10.260798
v 11.800042 1.463255 -10.086974
v 11.719361 1.584390 -10.018064
v 11.896631 1.599456 -9.986641
v 11.973486 1.661818 -10.136305
v 11.722341 1.665770 -10.159133
v 11.786298 1.528050 -10.226426
v 11.877353 1.743023 -10.134868
vn 0.4895 0.5908 -0.6414
vn 0.4479 -0.4384 -0.7792
vn -0.3062 0.7840 -0.5400
vn 0.1796 -0.8853 -0.4290
vn 0.4361 -0.7134 0.5486
vn -0.8594 -0.4908 -0.1434
vn -0.4550 0.7755 0.4377
vn 0.6760 -0.1914 -0.7116
vn 0.9024 -0.2119 0.3751
vn 0.5456 0.6363 0.5453
vn -0.1018 -0.5422 0.8340
vn -0.9220 -0.3266 -0.2079
vn -0.6564 0.0625 -0.7518
vn -0.1824 0.6943 0.6962
vt 0.862532 0.586626
vt 0.666025 0.612825
vt 0.793538 0.524739
vt 0.799625 0.742317
vt 0.596159 0.725728
vt 0.676667 0.500000
vt 0.533198 0.702151
vt 0.502729 0.907748
vt 0.315429 0.689365
vt 0.215046 0.717794
vt 0.139986 0.551629
vt 0.365533 0.517965
vt 0.592775 0.342442
vt 0.523296 0.508923
vt 0.395346 0.376049
vt 0.510142 0.020803
vt 0.592582 0.143625
vt 0.414253 0.208459
s 0
g Cube.007_Material
usemtl Material
f 556/1117/874 552/1118/874 559/1119/874
f 552/1118/875 551/1120/875 558/1121/875
f 559/1119/876 552/1118/876 557/1122/876
f 558/1123/877 551/1124/877 553/1125/877
f 553/1125/878 551/1126/878 555/1127/878
f 554/1128/879 558/1123/879 553/1125/879
f 559/1129/880 557/1130/880 554/1131/880
f 556/1117/881 551/1120/881 552/1118/881
f 551/1132/882 556/1133/882 555/1134/882
f 555/1134/883 556/1133/883 559/1129/883
f 555/1127/884 554/1128/884 553/1125/884
f 554/1128/885 557/1130/885 558/1123/885
f 557/1130/886 552/1118/886 558/1123/886
f 555/1134/887 559/1129/887 554/1131/887
o Cube.008
v 12.254678 1.582455 -9.398371
v 12.284689 1.583927 -9.259092
v 12.355251 1.644529 -9.175916
v 12.358207 1.727451 -9.295608
v 12.519937 1.655139 -9.254575
v 12.444454 1.629351 -9.397550
v 12.338310 1.513434 -9.386977
v 12.436085 1.612094 -9.134127
v 12.448287 1.532417 -9.246716
vn -0.8064 0.4953 0.3232
vn 0.0349 0.8211 0.5697
vn 0.4564 0.8019 -0.3856
vn 0.0344 -0.1220 -0.9919
vn -0.3049 -0.8823 0.3585
vn -0.2907 -0.7956 0.5315
vn 0.8039 -0.4909 -0.3359
vn 0.8023 -0.4428 0.4003
vn -0.5416 -0.3909 0.7442
vn -0.8563 0.4843 0.1794
vn 0.2547 0.8408 0.4778
vn -0.1556 0.6427 -0.7501
vn -0.6415 -0.7531 0.1462
vn 0.6487 -0.6326 -0.4230
vt 0.551771 0.821043
vt 0.490236 0.981936
vt 0.443965 0.755163
vt 0.609545 0.740303
vt 0.579499 0.265268
vt 0.447677 0.232718
vt 0.490446 0.016300
vt 0.320967 0.499695
vt 0.242238 0.673984
vt 0.142687 0.564850
vt 0.543218 0.480597
vt 0.654480 0.663904
vt 0.651690 0.523626
vt 0.809399 0.589510
vt 0.375000 0.930496
vt 0.603518 0.001237
vt 0.583364 0.169025
vt 0.384386 0.054537
vt 0.382289 0.419599
s 0
g Cube.008_Material
usemtl Material
f 562/1135/888 563/1136/888 561/1137/888
f 562/1135/889 567/1138/889 563/1136/889
f 564/1139/890 565/1140/890 563/1141/890
f 566/1142/891 560/1143/891 565/1144/891
f 568/1145/892 561/1137/892 566/1142/892
f 568/1145/893 567/1146/893 561/1137/893
f 564/1139/894 568/1145/894 565/1140/894
f 568/1147/895 564/1148/895 567/1146/895
f 567/1146/896 562/1135/896 561/1137/896
f 560/1149/897 561/1137/897 563/1136/897
f 567/1150/898 564/1151/898 563/1141/898
f 560/1152/899 563/1141/899 565/1140/899
f 560/1143/900 566/1142/900 561/1137/900
f 566/1153/901 565/1140/901 568/1145/901
o Cube.009
v 12.047056 1.416773 -9.844128
v 12.125772 1.462604 -9.968135
v 12.080868 1.459056 -9.686090
v 11.980129 1.581613 -9.681376
v 12.171500 1.677700 -9.996616
v 12.305485 1.572827 -9.960346
v 11.969988 1.637867 -9.890320
v 12.236284 1.411716 -9.776923
v 12.317172 1.461356 -9.879552
v 12.307772 1.593300 -9.688299
v 12.142210 1.645812 -9.643589
v 12.199514 1.464195 -9.638015
v 12.176299 1.771413 -9.870802
v 11.983774 1.721430 -9.816799
v 12.278408 1.729014 -9.810539
v 12.187656 1.771688 -9.680182
vn 0.3549 -0.5240 -0.7743
vn 0.1213 -0.9536 -0.2755
vn 0.7832 -0.4932 0.3787
vn 0.2947 0.1221 0.9478
vn 0.3959 0.9180 -0.0249
vn -0.4058 0.6413 0.6512
vn -0.4563 0.6290 -0.6294
vn 0.9955 0.0932 -0.0154
vn 0.9812 0.1919 -0.0227
vn 0.5680 0.6495 -0.5055
vn 0.1400 -0.1592 -0.9773
vn -0.4636 -0.0187 -0.8859
vn -0.2599 -0.1323 0.9565
vn -0.9924 0.0981 0.0746
vn -0.9403 -0.3372 -0.0451
vn -0.7263 -0.6092 0.3184
vn -0.7149 -0.3728 -0.5916
vn -0.1253 -0.9514 0.2814
vn 0.1048 -0.9251 -0.3648
vn -0.0931 -0.9393 0.3302
vn 0.7743 -0.4964 0.3925
vn -0.2478 0.9687 0.0134
vn -0.5750 0.4129 0.7063
vn -0.3511 0.7573 -0.5507
vn 0.7767 0.5059 0.3751
vn 0.6102 0.6010 -0.5163
vn 0.3050 0.1627 0.9384
vt 0.875000 0.649805
vt 0.849233 0.683396
vt 0.832712 0.540342
vt 0.580473 0.024703
vt 0.534759 0.188184
vt 0.498710 0.020990
vt 0.437420 0.135101
vt 0.411456 0.342495
vt 0.213804 0.511922
vt 0.337875 0.601179
vt 0.185175 0.619999
vt 0.611440 0.548317
vt 0.438499 0.522151
vt 0.536413 0.434917
vt 0.517900 0.691047
vt 0.378975 0.759339
vt 0.724211 0.603714
vt 0.568883 0.768659
vt 0.609419 0.213408
vt 0.625000 0.382072
vt 0.588498 0.519208
vt 0.209844 0.718096
vt 0.479559 0.953620
vt 0.390901 0.953078
vt 0.565332 0.774863
vt 0.583031 0.973602
vt 0.389658 0.010551
vt 0.376620 0.114133
vt 0.125000 0.581137
vt 0.375000 0.421875
s 0
g Cube.009_Material
usemtl Material
f 577/1154/902 570/1155/902 574/1156/902
f 570/1157/903 577/1158/903 569/1159/903
f 576/1160/904 577/1158/904 578/1161/904
f 578/1162/905 579/1163/905 580/1164/905
f 581/1165/906 584/1166/906 583/1167/906
f 582/1168/907 572/1169/907 579/1163/907
f 573/1170/908 575/1171/908 582/1168/908
f 574/1172/909 578/1161/909 577/1158/909
f 574/1172/910 583/1167/910 578/1161/910
f 583/1167/911 573/1173/911 581/1174/911
f 573/1170/912 574/1156/912 570/1155/912
f 573/1170/913 570/1155/913 575/1171/913
f 571/1175/914 580/1164/914 579/1163/914 572/1169/914
f 572/1169/915 582/1168/915 575/1171/915
f 575/1171/916 569/1176/916 572/1169/916
f 569/1176/917 571/1177/917 572/1169/917
f 575/1178/918 570/1179/918 569/1176/918
f 569/1159/919 576/1160/919 571/1180/919
f 576/1160/920 569/1159/920 577/1158/920
f 571/1180/921 576/1160/921 580/1181/921
f 578/1162/922 580/1164/922 576/1182/922
f 584/1166/923 581/1165/923 582/1168/923
f 584/1166/924 582/1168/924 579/1163/924
f 581/1165/925 573/1170/925 582/1168/925
f 578/1161/926 583/1167/926 584/1166/926
f 574/1172/927 573/1173/927 583/1167/927
f 579/1183/928 578/1161/928 584/1166/928
o Cube.010
v 12.140527 1.728794 -8.433254
v 12.129845 1.595133 -8.352432
v 12.146020 1.411311 -8.404728
v 12.165077 1.662199 -8.577341
v 12.290030 1.794345 -8.398228
v 12.297218 1.460250 -8.358558
v 12.053609 1.441169 -8.536834
v 12.306335 1.505919 -8.577850
v 12.292254 1.768709 -8.546430
vn 0.9997 0.0228 0.0111
vn 0.9976 0.0473 0.0513
vn 0.3972 -0.7955 -0.4576
vn 0.2145 -0.9579 -0.1906
vn -0.1947 -0.2842 0.9388
vn -0.9870 -0.0178 -0.1599
vn -0.3636 0.9170 -0.1641
vn -0.5158 0.7408 -0.4303
vn 0.1325 0.1197 0.9839
vn -0.8933 0.4494 -0.0059
vn -0.8219 -0.2216 0.5248
vn 0.1345 0.1247 -0.9830
vn -0.1304 -0.1147 -0.9848
vn -0.3987 0.4977 0.7703
vt 0.856741 0.527884
vt 0.792799 0.664448
vt 0.661337 0.518959
vt 0.570885 0.667835
vt 0.614877 0.834550
vt 0.495616 0.943630
vt 0.319826 0.718976
vt 0.602263 0.105449
vt 0.455701 0.107225
vt 0.553174 0.006579
vt 0.371255 0.573451
vt 0.135465 0.689951
vt 0.165587 0.530358
vt 0.553103 0.308270
vt 0.565029 0.471740
vt 0.392929 0.256090
vt 0.405598 0.560759
vt 0.171875 0.750000
s 0
g Cube.010_Material
usemtl Material
f 589/1184/929 590/1185/929 593/1186/929
f 593/1186/930 590/1185/930 592/1187/930
f 590/1188/931 587/1189/931 591/1190/931
f 592/1187/932 590/1188/932 591/1190/932
f 590/1191/933 586/1192/933 587/1193/933
f 588/1194/934 586/1195/934 585/1196/934
f 589/1197/935 593/1198/935 585/1199/935
f 593/1198/936 588/1200/936 585/1199/936
f 586/1192/937 590/1191/937 589/1197/937
f 588/1194/938 591/1190/938 586/1195/938
f 586/1195/939 591/1190/939 587/1201/939
f 593/1186/940 592/1187/940 588/1200/940
f 592/1187/941 591/1190/941 588/1200/941
f 585/1199/942 586/1192/942 589/1197/942
o Cube.011
v 12.211449 1.577765 -9.536959
v 11.988284 1.622941 -9.922710
v 12.207438 1.791925 -9.845091
v 12.022609 1.723937 -9.640108
v 11.985953 1.498642 -9.650232
v 12.213948 1.409453 -9.729931
v 12.369796 1.634110 -9.723677
v 12.101234 1.385102 -9.870295
v 12.226632 1.565420 -9.926862
vn 0.0667 0.3438 -0.9367
vn -0.5446 0.8086 -0.2228
vn 0.3289 0.7900 0.5174
vn -0.4583 0.0347 0.8881
vn -0.2345 -0.9085 0.3459
vn -0.0652 -0.7524 0.6554
vn 0.7241 -0.5151 0.4586
vn 0.7696 -0.5237 -0.3652
vn 0.7359 0.2842 -0.6146
vn -0.0770 -0.2493 -0.9654
vn 0.6703 -0.6022 -0.4338
vn 0.3309 0.7652 0.5522
vn -0.9855 0.1575 0.0634
vn -0.8627 -0.4573 -0.2160
vt 0.534218 0.539052
vt 0.807613 0.537738
vt 0.651467 0.712344
vt 0.812212 0.722590
vt 0.440472 0.699464
vt 0.505279 0.954605
vt 0.394685 0.910428
vt 0.529494 0.041599
vt 0.440272 0.169217
vt 0.407900 0.015209
vt 0.224689 0.500632
vt 0.298939 0.554231
vt 0.143822 0.628706
vt 0.350796 0.501919
vt 0.236030 0.724989
vt 0.358556 0.714558
vt 0.602122 0.296489
vt 0.527241 0.521298
vt 0.452229 0.375318
s 0
g Cube.011_Material
usemtl Material
f 602/1202/943 595/1203/943 596/1204/943
f 596/1204/944 595/1203/944 597/1205/944
f 600/1206/945 597/1207/945 594/1208/945
f 597/1209/946 598/1210/946 594/1211/946
f 601/1212/947 599/1213/947 598/1214/947
f 598/1214/948 599/1215/948 594/1216/948
f 599/1215/949 600/1217/949 594/1216/949
f 599/1215/950 602/1202/950 600/1206/950
f 602/1202/951 596/1204/951 600/1206/951
f 595/1218/952 602/1219/952 601/1220/952
f 601/1220/953 602/1202/953 599/1215/953
f 596/1204/954 597/1207/954 600/1206/954
f 597/1209/955 595/1218/955 598/1210/955
f 595/1218/956 601/1220/956 598/1210/956
o Cube.006
v 11.531235 1.416485 -7.981377
v 11.589931 1.599356 -8.094526
v 11.531540 1.668051 -7.861329
v 11.652957 1.473771 -8.010087
v 11.637518 1.619129 -7.946708
v 11.632900 1.532483 -7.825998
v 11.463755 1.478563 -7.917623
v 11.481730 1.558242 -8.099489
v 11.465412 1.682674 -7.964987
vn 0.4639 -0.8281 0.3147
vn 0.9939 0.0678 0.0867
vn -0.4480 -0.1035 0.8880
vn 0.2512 -0.5663 -0.7850
vn 0.0548 -0.5380 -0.8411
vn -0.9943 -0.0164 -0.1055
vn -0.7858 -0.5341 -0.3117
vn -0.2347 0.6992 -0.6753
vn 0.3585 0.9031 -0.2362
vn 0.3536 0.9306 -0.0943
vn 0.6497 0.6055 0.4595
vn -0.1014 -0.7643 0.6369
vn -0.8269 0.1335 0.5463
vn 0.9144 0.2394 -0.3264
vt 0.423616 0.817668
vt 0.438163 0.985880
vt 0.399025 0.926987
vt 0.584080 0.909473
vt 0.477709 0.045024
vt 0.607265 0.122218
vt 0.441545 0.286085
vt 0.565477 0.549583
vt 0.592013 0.712367
vt 0.289400 0.584684
vt 0.400831 0.754486
vt 0.615924 0.357557
vt 0.551199 0.540629
vt 0.429879 0.509305
vt 0.769145 0.562221
vt 0.604783 0.677624
vt 0.780055 0.741830
vt 0.860509 0.631959
vt 0.567506 0.015179
vt 0.377433 0.096481
s 0
g Cube.006_Material
usemtl Material
f 606/1221/957 608/1222/957 603/1223/957
f 607/1224/958 608/1222/958 606/1221/958
f 608/1225/959 605/1226/959 609/1227/959
f 610/1228/960 604/1229/960 603/1230/960
f 604/1229/961 606/1231/961 603/1230/961
f 609/1227/962 611/1232/962 610/1233/962
f 610/1233/963 603/1234/963 609/1227/963
f 610/1228/964 611/1235/964 604/1236/964
f 604/1236/965 611/1235/965 607/1237/965
f 611/1235/966 605/1238/966 607/1237/966
f 607/1239/967 605/1226/967 608/1225/967
f 603/1240/968 608/1225/968 609/1227/968
f 609/1227/969 605/1226/969 611/1232/969
f 604/1229/970 607/1224/970 606/1221/970
o Cube.007
v 10.450569 1.503527 -8.247273
v 10.359814 1.636276 -8.372286
v 10.325199 1.423751 -8.253277
v 10.206662 1.507578 -8.190933
v 10.359610 1.544807 -8.109424
v 10.452051 1.651136 -8.214986
v 10.224448 1.617094 -8.305966
v 10.330918 1.514472 -8.374449
v 10.344370 1.710494 -8.226337
vn 0.4795 0.8017 -0.3569
vn 0.7125 -0.1569 -0.6839
vn -0.3394 0.8234 -0.4547
vn 0.4786 -0.7136 -0.5117
vn 0.4433 -0.7353 0.5127
vn -0.6609 -0.5854 -0.4695
vn -0.7146 0.5585 0.4212
vn 0.8538 0.1031 -0.5104
vn 0.8083 -0.1335 0.5734
vn 0.2342 0.5748 0.7841
vn -0.1723 -0.7330 0.6581
vn -0.7424 -0.4242 -0.5186
vn -0.4506 0.1226 -0.8843
vn -0.5017 0.4675 0.7279
vt 0.862532 0.586626
vt 0.666025 0.612825
vt 0.793538 0.524739
vt 0.799625 0.742317
vt 0.596159 0.725728
vt 0.676667 0.500000
vt 0.533198 0.702151
vt 0.502729 0.907748
vt 0.315429 0.689365
vt 0.215046 0.717794
vt 0.139986 0.551629
vt 0.365533 0.517965
vt 0.592775 0.342442
vt 0.523296 0.508923
vt 0.395346 0.376049
vt 0.510142 0.020803
vt 0.592582 0.143625
vt 0.414253 0.208459
s 0
g Cube.007_Material
usemtl Material
f 617/1241/971 613/1242/971 620/1243/971
f 613/1242/972 612/1244/972 619/1245/972
f 620/1243/973 613/1242/973 618/1246/973
f 619/1247/974 612/1248/974 614/1249/974
f 614/1249/975 612/1250/975 616/1251/975
f 615/1252/976 619/1247/976 614/1249/976
f 620/1253/977 618/1254/977 615/1255/977
f 617/1241/978 612/1244/978 613/1242/978
f 612/1256/979 617/1257/979 616/1258/979
f 616/1258/980 617/1257/980 620/1253/980
f 616/1251/981 615/1252/981 614/1249/981
f 615/1252/982 618/1254/982 619/1247/982
f 618/1254/983 613/1242/983 619/1247/983
f 616/1258/984 620/1253/984 615/1255/984
o Cube.008
v 10.379360 1.414460 -8.514928
v 10.340019 1.588986 -8.461054
v 10.262346 1.670770 -8.342513
v 10.278461 1.492049 -8.277145
v 10.052737 1.556972 -8.318358
v 10.145193 1.388420 -8.413931
v 10.255408 1.445661 -8.578998
v 10.150239 1.729063 -8.351542
v 10.116874 1.610741 -8.485172
vn 0.8792 0.2316 0.4163
vn 0.1071 0.3500 0.9306
vn -0.3063 -0.5911 0.7462
vn -0.0503 -0.9327 -0.3570
vn 0.1432 0.5771 -0.8040
vn 0.1435 0.7229 -0.6759
vn -0.8759 -0.2448 -0.4157
vn -0.8697 0.4567 -0.1872
vn 0.4606 0.8425 -0.2795
vn 0.9272 0.0974 0.3617
vn -0.1053 0.2455 0.9637
vn 0.2700 -0.8757 0.4003
vn 0.4983 0.3563 -0.7904
vn -0.7477 -0.2871 -0.5988
vt 0.551771 0.821043
vt 0.490236 0.981936
vt 0.443965 0.755163
vt 0.609545 0.740303
vt 0.579499 0.265268
vt 0.447677 0.232718
vt 0.490446 0.016300
vt 0.320967 0.499695
vt 0.242238 0.673984
vt 0.142687 0.564850
vt 0.543218 0.480597
vt 0.654480 0.663904
vt 0.651690 0.523626
vt 0.809399 0.589510
vt 0.375000 0.930496
vt 0.603518 0.001237
vt 0.583364 0.169025
vt 0.384386 0.054537
vt 0.382289 0.419599
s 0
g Cube.008_Material
usemtl Material
f 623/1259/985 624/1260/985 622/1261/985
f 623/1259/986 628/1262/986 624/1260/986
f 625/1263/987 626/1264/987 624/1265/987
f 627/1266/988 621/1267/988 626/1268/988
f 629/1269/989 622/1261/989 627/1266/989
f 629/1269/990 628/1270/990 622/1261/990
f 625/1263/991 629/1269/991 626/1264/991
f 629/1271/992 625/1272/992 628/1270/992
f 628/1270/993 623/1259/993 622/1261/993
f 621/1273/994 622/1261/994 624/1260/994
f 628/1274/995 625/1275/995 624/1265/995
f 621/1276/996 624/1265/996 626/1264/996
f 621/1267/997 627/1266/997 622/1261/997
f 627/1277/998 626/1264/998 629/1269/998
o Cube.009
v 11.261664 1.466032 -10.022607
v 11.416313 1.430885 -10.028389
v 11.184004 1.592651 -10.109921
v 11.138026 1.498762 -10.235893
v 11.520092 1.406584 -10.230738
v 11.564958 1.550341 -10.133180
v 11.291944 1.336919 -10.229978
v 11.347692 1.654329 -10.030809
v 11.489671 1.634864 -10.046601
v 11.379031 1.736053 -10.233805
v 11.241969 1.634062 -10.304736
v 11.235717 1.713314 -10.125027
v 11.456772 1.480091 -10.360328
v 11.269601 1.382871 -10.333755
v 11.476801 1.605397 -10.332683
v 11.330102 1.620019 -10.416597
vn 0.6554 -0.1700 0.7359
vn 0.0531 0.0698 0.9961
vn 0.1675 0.9053 0.3903
vn -0.4184 0.8256 -0.3786
vn 0.5017 0.1091 -0.8581
vn -0.5791 0.0304 -0.8147
vn 0.2613 -0.8605 -0.4373
vn 0.7194 0.6927 -0.0507
vn 0.7372 0.6603 -0.1435
vn 0.8883 -0.0411 -0.4574
vn 0.7302 -0.5248 0.4375
vn 0.2831 -0.9243 0.2562
vn -0.8658 0.4752 -0.1566
vn -0.7138 -0.6843 -0.1493
vn -0.6959 -0.6508 0.3036
vn -0.8600 -0.2054 0.4670
vn -0.1738 -0.8472 0.5021
vn -0.4985 0.2637 0.8258
vn 0.1096 -0.0068 0.9939
vn -0.5070 0.3176 0.8013
vn 0.1512 0.9087 0.3892
vn 0.0428 -0.3392 -0.9397
vn -0.7863 -0.0151 -0.6176
vn 0.3095 -0.7542 -0.5791
vn 0.3955 0.7238 -0.5654
vn 0.9137 -0.0094 -0.4063
vn -0.3954 0.8197 -0.4145
vt 0.875000 0.649805
vt 0.849233 0.683396
vt 0.832712 0.540342
vt 0.580473 0.024703
vt 0.534759 0.188184
vt 0.498710 0.020990
vt 0.437420 0.135101
vt 0.411456 0.342495
vt 0.213804 0.511922
vt 0.337875 0.601179
vt 0.185175 0.619999
vt 0.611440 0.548317
vt 0.438499 0.522151
vt 0.536413 0.434917
vt 0.517900 0.691047
vt 0.378975 0.759339
vt 0.724211 0.603714
vt 0.568883 0.768659
vt 0.609419 0.213408
vt 0.625000 0.382072
vt 0.588498 0.519208
vt 0.209844 0.718096
vt 0.479559 0.953620
vt 0.390901 0.953078
vt 0.565332 0.774863
vt 0.583031 0.973602
vt 0.389658 0.010551
vt 0.376620 0.114133
vt 0.125000 0.581137
vt 0.375000 0.421875
s 0
g Cube.009_Material
usemtl Material
f 638/1278/999 631/1279/999 635/1280/999
f 631/1281/1000 638/1282/1000 630/1283/1000
f 637/1284/1001 638/1282/1001 639/1285/1001
f 639/1286/1002 640/1287/1002 641/1288/1002
f 642/1289/1003 645/1290/1003 644/1291/1003
f 643/1292/1004 633/1293/1004 640/1287/1004
f 634/1294/1005 636/1295/1005 643/1292/1005
f 635/1296/1006 639/1285/1006 638/1282/1006
f 635/1296/1007 644/1291/1007 639/1285/1007
f 644/1291/1008 634/1297/1008 642/1298/1008
f 634/1294/1009 635/1280/1009 631/1279/1009
f 634/1294/1010 631/1279/1010 636/1295/1010
f 632/1299/1011 641/1288/1011 640/1287/1011 633/1293/1011
f 633/1293/1012 643/1292/1012 636/1295/1012
f 636/1295/1013 630/1300/1013 633/1293/1013
f 630/1300/1014 632/1301/1014 633/1293/1014
f 636/1302/1015 631/1303/1015 630/1300/1015
f 630/1283/1016 637/1284/1016 632/1304/1016
f 637/1284/1017 630/1283/1017 638/1282/1017
f 632/1304/1018 637/1284/1018 641/1305/1018
f 639/1286/1019 641/1288/1019 637/1306/1019
f 645/1290/1020 642/1289/1020 643/1292/1020
f 645/1290/1021 643/1292/1021 640/1287/1021
f 642/1289/1022 634/1294/1022 643/1292/1022
f 639/1285/1023 644/1291/1023 645/1290/1023
f 635/1296/1024 634/1297/1024 644/1291/1024
f 640/1307/1025 639/1285/1025 645/1290/1025
o Cube.010
v 12.299049 1.632779 -9.405525
v 12.255850 1.626932 -9.279928
v 12.154050 1.525048 -9.203881
v 12.226852 1.527042 -9.452540
v 12.431298 1.581688 -9.405636
v 12.283086 1.471885 -9.187378
v 12.066758 1.532002 -9.312126
v 12.230342 1.382622 -9.347036
v 12.365131 1.502866 -9.481296
vn 0.6999 -0.7039 0.1212
vn 0.7304 -0.6699 0.1333
vn -0.3961 -0.8798 0.2629
vn -0.5004 -0.6747 0.5425
vn 0.1076 0.5234 0.8453
vn -0.7529 0.6165 -0.2303
vn 0.2206 0.5727 -0.7895
vn -0.1025 0.4617 -0.8811
vn 0.5880 0.4882 0.6449
vn -0.3472 0.8358 -0.4254
vn -0.4630 0.7787 0.4234
vn -0.2617 -0.5735 -0.7763
vn -0.5840 -0.4880 -0.6487
vn 0.3555 0.9200 0.1651
vt 0.856741 0.527884
vt 0.792799 0.664448
vt 0.661337 0.518959
vt 0.570885 0.667835
vt 0.614877 0.834550
vt 0.495616 0.943630
vt 0.319826 0.718976
vt 0.602263 0.105449
vt 0.455701 0.107225
vt 0.553174 0.006579
vt 0.371255 0.573451
vt 0.135465 0.689951
vt 0.165587 0.530358
vt 0.553103 0.308270
vt 0.565029 0.471740
vt 0.392929 0.256090
vt 0.405598 0.560759
vt 0.171875 0.750000
s 0
g Cube.010_Material
usemtl Material
f 650/1308/1026 651/1309/1026 654/1310/1026
f 654/1310/1027 651/1309/1027 653/1311/1027
f 651/1312/1028 648/1313/1028 652/1314/1028
f 653/1311/1029 651/1312/1029 652/1314/1029
f 651/1315/1030 647/1316/1030 648/1317/1030
f 649/1318/1031 647/1319/1031 646/1320/1031
f 650/1321/1032 654/1322/1032 646/1323/1032
f 654/1322/1033 649/1324/1033 646/1323/1033
f 647/1316/1034 651/1315/1034 650/1321/1034
f 649/1318/1035 652/1314/1035 647/1319/1035
f 647/1319/1036 652/1314/1036 648/1325/1036
f 654/1310/1037 653/1311/1037 649/1324/1037
f 653/1311/1038 652/1314/1038 649/1324/1038
f 646/1323/1039 647/1316/1039 650/1321/1039
o Cube.011
v 11.694016 1.552487 -8.352234
v 11.764119 1.365976 -7.969873
v 11.964575 1.476346 -8.125351
v 11.772738 1.333963 -8.258728
v 11.576141 1.400220 -8.185741
v 11.616475 1.639419 -8.135015
v 11.860254 1.675995 -8.227397
v 11.596114 1.562081 -7.979521
v 11.811059 1.595616 -7.997767
vn 0.6237 -0.0326 0.7810
vn 0.5427 -0.8329 0.1085
vn 0.6417 -0.0945 -0.7611
vn -0.4431 -0.4828 -0.7553
vn -0.9837 0.1748 -0.0419
vn -0.8817 0.2354 -0.4089
vn -0.2952 0.8460 -0.4440
vn -0.0179 0.9449 0.3269
vn 0.7399 0.5696 0.3579
vn 0.0676 0.1067 0.9920
vn -0.1031 0.8959 0.4321
vn 0.6101 -0.0839 -0.7879
vn -0.2853 -0.9535 0.0972
vn -0.6709 -0.5503 0.4969
vt 0.534218 0.539052
vt 0.807613 0.537738
vt 0.651467 0.712344
vt 0.812212 0.722590
vt 0.440472 0.699464
vt 0.505279 0.954605
vt 0.394685 0.910428
vt 0.529494 0.041599
vt 0.440272 0.169217
vt 0.407900 0.015209
vt 0.224689 0.500632
vt 0.298939 0.554231
vt 0.143822 0.628706
vt 0.350796 0.501919
vt 0.236030 0.724989
vt 0.358556 0.714558
vt 0.602122 0.296489
vt 0.527241 0.521298
vt 0.452229 0.375318
s 0
g Cube.011_Material
usemtl Material
f 663/1326/1040 656/1327/1040 657/1328/1040
f 657/1328/1041 656/1327/1041 658/1329/1041
f 661/1330/1042 658/1331/1042 655/1332/1042
f 658/1333/1043 659/1334/1043 655/1335/1043
f 662/1336/1044 660/1337/1044 659/1338/1044
f 659/1338/1045 660/1339/1045 655/1340/1045
f 660/1339/1046 661/1341/1046 655/1340/1046
f 660/1339/1047 663/1326/1047 661/1330/1047
f 663/1326/1048 657/1328/1048 661/1330/1048
f 656/1342/1049 663/1343/1049 662/1344/1049
f 662/1344/1050 663/1326/1050 660/1339/1050
f 657/1328/1051 658/1331/1051 661/1330/1051
f 658/1333/1052 656/1342/1052 659/1334/1052
f 656/1342/1053 662/1344/1053 659/1334/1053
o Cube.006
v 11.524664 1.380079 -8.017874
v 11.659396 1.554206 -7.968334
v 11.554486 1.598172 -8.194447
v 11.506362 1.495546 -7.942204
v 11.536321 1.611898 -8.049820
v 11.411599 1.549133 -8.105991
v 11.543788 1.397634 -8.127912
v 11.702195 1.456809 -8.017720
v 11.671635 1.562022 -8.168317
vn -0.8500 -0.3763 0.3687
vn -0.5595 0.6358 0.5317
vn -0.4417 -0.2612 -0.8583
vn 0.1664 -0.3868 0.9070
vn 0.3238 -0.4822 0.8141
vn 0.5965 -0.5960 -0.5375
vn 0.3956 -0.9152 -0.0772
vn 0.9260 0.3708 0.0712
vn 0.3909 0.9185 0.0598
vn 0.3050 0.9509 -0.0519
vn -0.3958 0.9082 -0.1359
vn -0.7496 -0.6209 -0.2293
vn 0.1117 -0.3183 -0.9414
vn -0.1443 0.6917 0.7076
vt 0.423616 0.817668
vt 0.438163 0.985880
vt 0.399025 0.926987
vt 0.584080 0.909473
vt 0.477709 0.045024
vt 0.607265 0.122218
vt 0.441545 0.286085
vt 0.565477 0.549583
vt 0.592013 0.712367
vt 0.289400 0.584684
vt 0.400831 0.754486
vt 0.615924 0.357557
vt 0.551199 0.540629
vt 0.429879 0.509305
vt 0.769145 0.562221
vt 0.604783 0.677624
vt 0.780055 0.741830
vt 0.860509 0.631959
vt 0.567506 0.015179
vt 0.377433 0.096481
s 0
g Cube.006_Material
usemtl Material
f 667/1345/1054 669/1346/1054 664/1347/1054
f 668/1348/1055 669/1346/1055 667/1345/1055
f 669/1349/1056 666/1350/1056 670/1351/1056
f 671/1352/1057 665/1353/1057 664/1354/1057
f 665/1353/1058 667/1355/1058 664/1354/1058
f 670/1351/1059 672/1356/1059 671/1357/1059
f 671/1357/1060 664/1358/1060 670/1351/1060
f 671/1352/1061 672/1359/1061 665/1360/1061
f 665/1360/1062 672/1359/1062 668/1361/1062
f 672/1359/1063 666/1362/1063 668/1361/1063
f 668/1363/1064 666/1350/1064 669/1349/1064
f 664/1364/1065 669/1349/1065 670/1351/1065
f 670/1351/1066 666/1350/1066 672/1356/1066
f 665/1353/1067 668/1348/1067 667/1345/1067
o Cube.007
v 12.273782 1.611648 -8.976318
v 12.384598 1.463892 -9.108566
v 12.216111 1.480560 -8.892651
v 12.116012 1.382440 -8.999438
v 12.101219 1.574011 -9.045967
v 12.263681 1.624365 -9.144055
v 12.257861 1.351533 -9.102847
v 12.356424 1.434898 -8.974912
v 12.239886 1.507299 -9.212567
vn 0.6144 0.3017 -0.7290
vn 0.8708 0.4093 0.2724
vn 0.4042 -0.4951 -0.7691
vn 0.5503 0.2636 0.7923
vn -0.4071 0.6119 0.6781
vn 0.1074 -0.7802 0.6162
vn -0.5756 -0.5143 -0.6358
vn 0.7989 0.6014 -0.0025
vn -0.2460 0.9653 0.0880
vn -0.5558 0.5011 -0.6633
vn -0.7682 0.0945 0.6332
vn 0.1443 -0.8762 0.4598
vn 0.6626 -0.7486 -0.0227
vn -0.7910 -0.2014 -0.5777
vt 0.862532 0.586626
vt 0.666025 0.612825
vt 0.793538 0.524739
vt 0.799625 0.742317
vt 0.596159 0.725728
vt 0.676667 0.500000
vt 0.533198 0.702151
vt 0.502729 0.907748
vt 0.315429 0.689365
vt 0.215046 0.717794
vt 0.139986 0.551629
vt 0.365533 0.517965
vt 0.592775 0.342442
vt 0.523296 0.508923
vt 0.395346 0.376049
vt 0.510142 0.020803
vt 0.592582 0.143625
vt 0.414253 0.208459
s 0
g Cube.007_Material
usemtl Material
f 678/1365/1068 674/1366/1068 681/1367/1068
f 674/1366/1069 673/1368/1069 680/1369/1069
f 681/1367/1070 674/1366/1070 679/1370/1070
f 680/1371/1071 673/1372/1071 675/1373/1071
f 675/1373/1072 673/1374/1072 677/1375/1072
f 676/1376/1073 680/1371/1073 675/1373/1073
f 681/1377/1074 679/1378/1074 676/1379/1074
f 678/1365/1075 673/1368/1075 674/1366/1075
f 673/1380/1076 678/1381/1076 677/1382/1076
f 677/1382/1077 678/1381/1077 681/1377/1077
f 677/1375/1078 676/1376/1078 675/1373/1078
f 676/1376/1079 679/1378/1079 680/1371/1079
f 679/1378/1080 674/1366/1080 680/1371/1080
f 677/1382/1081 681/1377/1081 676/1379/1081
o Cube.008
v 12.140022 1.341020 -8.628250
v 12.172403 1.456662 -8.505036
v 12.107301 1.521629 -8.385682
v 12.004725 1.384141 -8.424483
v 11.905723 1.577570 -8.456190
v 11.929482 1.443964 -8.599965
v 12.101983 1.456319 -8.679185
v 12.065299 1.630291 -8.379602
v 12.047183 1.617338 -8.545323
vn 0.5427 -0.5771 0.6102
vn -0.1943 -0.1295 0.9724
vn -0.8800 -0.4116 0.2370
vn -0.3399 -0.4716 -0.8137
vn 0.7848 0.5318 -0.3184
vn 0.7976 0.5882 -0.1332
vn -0.5475 0.5660 -0.6164
vn -0.2950 0.9545 -0.0424
vn 0.8929 0.3279 0.3086
vn 0.5347 -0.6817 0.4993
vn -0.4147 -0.0635 0.9077
vn -0.4485 -0.8870 -0.1101
vn 0.9180 0.1388 -0.3715
vn -0.3895 0.5068 -0.7691
vt 0.551771 0.821043
vt 0.490236 0.981936
vt 0.443965 0.755163
vt 0.609545 0.740303
vt 0.579499 0.265268
vt 0.447677 0.232718
vt 0.490446 0.016300
vt 0.320967 0.499695
vt 0.242238 0.673984
vt 0.142687 0.564850
vt 0.543218 0.480597
vt 0.654480 0.663904
vt 0.651690 0.523626
vt 0.809399 0.589510
vt 0.375000 0.930496
vt 0.603518 0.001237
vt 0.583364 0.169025
vt 0.384386 0.054537
vt 0.382289 0.419599
s 0
g Cube.008_Material
usemtl Material
f 684/1383/1082 685/1384/1082 683/1385/1082
f 684/1383/1083 689/1386/1083 685/1384/1083
f 686/1387/1084 687/1388/1084 685/1389/1084
f 688/1390/1085 682/1391/1085 687/1392/1085
f 690/1393/1086 683/1385/1086 688/1390/1086
f 690/1393/1087 689/1394/1087 683/1385/1087
f 686/1387/1088 690/1393/1088 687/1388/1088
f 690/1395/1089 686/1396/1089 689/1394/1089
f 689/1394/1090 684/1383/1090 683/1385/1090
f 682/1397/1091 683/1385/1091 685/1384/1091
f 689/1398/1092 686/1399/1092 685/1389/1092
f 682/1400/1093 685/1389/1093 687/1388/1093
f 682/1391/1094 688/1390/1094 683/1385/1094
f 688/1401/1095 687/1388/1095 690/1393/1095
o Cube.009
v 11.552430 1.292210 -7.895461
v 11.716844 1.206385 -8.029294
v 11.480141 1.529680 -7.888937
v 11.302711 1.503333 -8.042179
v 11.716722 1.272347 -8.352228
v 11.904647 1.379895 -8.210845
v 11.402614 1.250174 -8.214257
v 11.756148 1.510424 -7.889632
v 11.908361 1.454394 -8.019493
v 11.726715 1.731945 -8.116701
v 11.465145 1.687345 -8.142481
v 11.601094 1.676684 -7.894272
v 11.608943 1.464992 -8.427738
v 11.343468 1.379864 -8.300709
v 11.717845 1.600280 -8.357951
v 11.501951 1.714085 -8.343631
vn 0.7680 -0.6017 0.2194
vn 0.4547 -0.3829 0.8041
vn 0.6384 0.5907 0.4935
vn -0.1798 0.9736 0.1403
vn 0.1328 0.3678 -0.9204
vn -0.7879 0.4981 -0.3621
vn -0.2794 -0.6175 -0.7353
vn 0.8503 0.4846 -0.2052
vn 0.8171 0.4929 -0.2991
vn 0.5539 -0.0164 -0.8325
vn 0.5797 -0.7983 -0.1633
vn -0.0187 -0.9796 -0.2001
vn -0.6045 0.6599 0.4461
vn -0.9193 -0.3913 0.0420
vn -0.7172 -0.5626 0.4112
vn -0.6211 -0.2098 0.7552
vn -0.2780 -0.9267 0.2528
vn 0.0006 -0.0273 0.9996
vn 0.4719 -0.4606 0.7518
vn 0.0048 0.0323 0.9995
vn 0.6256 0.5974 0.5017
vn -0.4559 0.1027 -0.8841
vn -0.9035 0.4143 -0.1102
vn -0.2526 -0.4723 -0.8445
vn 0.3924 0.8012 -0.4517
vn 0.6069 -0.0159 -0.7946
vn -0.1766 0.9794 0.0979
vt 0.875000 0.649805
vt 0.849233 0.683396
vt 0.832712 0.540342
vt 0.580473 0.024703
vt 0.534759 0.188184
vt 0.498710 0.020990
vt 0.437420 0.135101
vt 0.411456 0.342495
vt 0.213804 0.511922
vt 0.337875 0.601179
vt 0.185175 0.619999
vt 0.611440 0.548317
vt 0.438499 0.522151
vt 0.536413 0.434917
vt 0.517900 0.691047
vt 0.378975 0.759339
vt 0.724211 0.603714
vt 0.568883 0.768659
vt 0.609419 0.213408
vt 0.625000 0.382072
vt 0.588498 0.519208
vt 0.209844 0.718096
vt 0.479559 0.953620
vt 0.390901 0.953078
vt 0.565332 0.774863
vt 0.583031 0.973602
vt 0.389658 0.010551
vt 0.376620 0.114133
vt 0.125000 0.581137
vt 0.375000 0.421875
s 0
g Cube.009_Material
usemtl Material
f 699/1402/1096 692/1403/1096 696/1404/1096
f 692/1405/1097 699/1406/1097 691/1407/1097
f 698/1408/1098 699/1406/1098 700/1409/1098
f 700/1410/1099 701/1411/1099 702/1412/1099
f 703/1413/1100 706/1414/1100 705/1415/1100
f 704/1416/1101 694/1417/1101 701/1411/1101
f 695/1418/1102 697/1419/1102 704/1416/1102
f 696/1420/1103 700/1409/1103 699/1406/1103
f 696/1420/1104 705/1415/1104 700/1409/1104
f 705/1415/1105 695/1421/1105 703/1422/1105
f 695/1418/1106 696/1404/1106 692/1403/1106
f 695/1418/1107 692/1403/1107 697/1419/1107
f 693/1423/1108 702/1412/1108 701/1411/1108 694/1417/1108
f 694/1417/1109 704/1416/1109 697/1419/1109
f 697/1419/1110 691/1424/1110 694/1417/1110
f 691/1424/1111 693/1425/1111 694/1417/1111
f 697/1426/1112 692/1427/1112 691/1424/1112
f 691/1407/1113 698/1408/1113 693/1428/1113
f 698/1408/1114 691/1407/1114 699/1406/1114
f 693/1428/1115 698/1408/1115 702/1429/1115
f 700/1410/1116 702/1412/1116 698/1430/1116
f 706/1414/1117 703/1413/1117 704/1416/1117
f 706/1414/1118 704/1416/1118 701/1411/1118
f 703/1413/1119 695/1418/1119 704/1416/1119
f 700/1409/1120 705/1415/1120 706/1414/1120
f 696/1420/1121 695/1421/1121 705/1415/1121
f 701/1431/1122 700/1409/1122 706/1414/1122
o Cube.010
v 11.839703 1.362123 -8.310525
v 11.881334 1.485234 -8.258735
v 11.800291 1.634857 -8.238280
v 11.706527 1.402457 -8.345698
v 11.816080 1.272204 -8.193848
v 11.781418 1.559585 -8.112398
v 11.743252 1.621927 -8.372611
v 11.617889 1.501909 -8.212706
v 11.696715 1.282579 -8.254766
vn -0.4547 -0.2932 0.8410
vn -0.4141 -0.3127 0.8548
vn -0.7445 0.6162 0.2568
vn -0.4634 0.8440 0.2702
vn 0.8380 0.4037 0.3671
vn 0.3220 0.2725 -0.9067
vn 0.2204 -0.7937 -0.5670
vn 0.0267 -0.6055 -0.7954
vn 0.8073 -0.0688 0.5861
vn 0.5074 -0.1880 -0.8409
vn 0.7899 0.4800 -0.3816
vn -0.8809 -0.2382 -0.4090
vn -0.8079 0.0634 -0.5859
vn 0.9517 -0.3042 -0.0418
vt 0.856741 0.527884
vt 0.792799 0.664448
vt 0.661337 0.518959
vt 0.570885 0.667835
vt 0.614877 0.834550
vt 0.495616 0.943630
vt 0.319826 0.718976
vt 0.602263 0.105449
vt 0.455701 0.107225
vt 0.553174 0.006579
vt 0.371255 0.573451
vt 0.135465 0.689951
vt 0.165587 0.530358
vt 0.553103 0.308270
vt 0.565029 0.471740
vt 0.392929 0.256090
vt 0.405598 0.560759
vt 0.171875 0.750000
s 0
g Cube.010_Material
usemtl Material
f 711/1432/1123 712/1433/1123 715/1434/1123
f 715/1434/1124 712/1433/1124 714/1435/1124
f 712/1436/1125 709/1437/1125 713/1438/1125
f 714/1435/1126 712/1436/1126 713/1438/1126
f 712/1439/1127 708/1440/1127 709/1441/1127
f 710/1442/1128 708/1443/1128 707/1444/1128
f 711/1445/1129 715/1446/1129 707/1447/1129
f 715/1446/1130 710/1448/1130 707/1447/1130
f 708/1440/1131 712/1439/1131 711/1445/1131
f 710/1442/1132 713/1438/1132 708/1443/1132
f 708/1443/1133 713/1438/1133 709/1449/1133
f 715/1434/1134 714/1435/1134 710/1448/1134
f 714/1435/1135 713/1438/1135 710/1448/1135
f 707/1447/1136 708/1440/1136 711/1445/1136
o Cube.011
v 11.716722 1.513469 -8.091050
v 11.780281 1.292618 -8.366941
v 11.577539 1.395763 -8.330349
v 11.684088 1.314945 -8.145858
v 11.858892 1.369091 -8.153375
v 11.844205 1.552345 -8.247169
v 11.627257 1.582036 -8.257930
v 11.907828 1.464464 -8.344295
v 11.736115 1.480987 -8.401697
vn -0.2888 -0.2388 -0.9271
vn -0.4668 -0.8769 -0.1145
vn -0.8790 0.0129 0.4766
vn 0.1287 -0.2835 0.9503
vn 0.8983 0.2551 0.3577
vn 0.6674 0.3810 0.6399
vn 0.1123 0.9388 0.3255
vn 0.1419 0.8572 -0.4951
vn -0.5516 0.4260 -0.7171
vn 0.3065 -0.1027 -0.9463
vn 0.2599 0.7946 -0.5487
vn -0.8596 0.0311 0.5101
vn 0.2972 -0.9284 0.2231
vn 0.8054 -0.5864 -0.0865
vt 0.534218 0.539052
vt 0.807613 0.537738
vt 0.651467 0.712344
vt 0.812212 0.722590
vt 0.440472 0.699464
vt 0.505279 0.954605
vt 0.394685 0.910428
vt 0.529494 0.041599
vt 0.440272 0.169217
vt 0.407900 0.015209
vt 0.224689 0.500632
vt 0.298939 0.554231
vt 0.143822 0.628706
vt 0.350796 0.501919
vt 0.236030 0.724989
vt 0.358556 0.714558
vt 0.602122 0.296489
vt 0.527241 0.521298
vt 0.452229 0.375318
s 0
g Cube.011_Material
usemtl Material
f 724/1450/1137 717/1451/1137 718/1452/1137
f 718/1452/1138 717/1451/1138 719/1453/1138
f 722/1454/1139 719/1455/1139 716/1456/1139
f 719/1457/1140 720/1458/1140 716/1459/1140
f 723/1460/1141 721/1461/1141 720/1462/1141
f 720/1462/1142 721/1463/1142 716/1464/1142
f 721/1463/1143 722/1465/1143 716/1464/1143
f 721/1463/1144 724/1450/1144 722/1454/1144
f 724/1450/1145 718/1452/1145 722/1454/1145
f 717/1466/1146 724/1467/1146 723/1468/1146
f 723/1468/1147 724/1450/1147 721/1463/1147
f 718/1452/1148 719/1455/1148 722/1454/1148
f 719/1457/1149 717/1466/1149 720/1458/1149
f 717/1466/1150 723/1468/1150 720/1458/1150
o Cube.006
v 10.566642 1.375217 -8.227159
v 10.712565 1.388040 -8.312569
v 10.729447 1.488244 -8.151803
v 10.651185 1.313866 -8.233314
v 10.739525 1.388265 -8.196579
v 10.677300 1.377907 -8.102723
v 10.580374 1.451945 -8.193381
v 10.644721 1.441420 -8.330305
v 10.716970 1.519814 -8.239662
vn -0.4993 -0.7343 0.4599
vn 0.5490 -0.7886 0.2769
vn -0.3442 0.5126 0.7866
vn -0.3382 -0.6545 -0.6761
vn -0.4091 -0.4864 -0.7720
vn -0.5039 0.8103 -0.2991
vn -0.8421 0.3363 -0.4216
vn 0.5143 0.4019 -0.7576
vn 0.9698 0.0924 -0.2256
vn 0.9861 0.1396 -0.0899
vn 0.8312 -0.1553 0.5339
vn -0.7362 -0.1580 0.6581
vn -0.3143 0.8783 0.3602
vn 0.6733 -0.7229 -0.1551
vt 0.423616 0.817668
vt 0.438163 0.985880
vt 0.399025 0.926987
vt 0.584080 0.909473
vt 0.477709 0.045024
vt 0.607265 0.122218
vt 0.441545 0.286085
vt 0.565477 0.549583
vt 0.592013 0.712367
vt 0.289400 0.584684
vt 0.400831 0.754486
vt 0.615924 0.357557
vt 0.551199 0.540629
vt 0.429879 0.509305
vt 0.769145 0.562221
vt 0.604783 0.677624
vt 0.780055 0.741830
vt 0.860509 0.631959
vt 0.567506 0.015179
vt 0.377433 0.096481
s 0
g Cube.006_Material
usemtl Material
f 728/1469/1151 730/1470/1151 725/1471/1151
f 729/1472/1152 730/1470/1152 728/1469/1152
f 730/1473/1153 727/1474/1153 731/1475/1153
f 732/1476/1154 726/1477/1154 725/1478/1154
f 726/1477/1155 728/1479/1155 725/1478/1155
f 731/1475/1156 733/1480/1156 732/1481/1156
f 732/1481/1157 725/1482/1157 731/1475/1157
f 732/1476/1158 733/1483/1158 726/1484/1158
f 726/1484/1159 733/1483/1159 729/1485/1159
f 733/1483/1160 727/1486/1160 729/1485/1160
f 729/1487/1161 727/1474/1161 730/1473/1161
f 725/1488/1162 730/1473/1162 731/1475/1162
f 731/1475/1163 727/1474/1163 733/1480/1163
f 726/1477/1164 729/1472/1164 728/1469/1164
o Cube.007
v 12.117280 1.477603 -9.272495
v 12.180102 1.439441 -9.464702
v 12.127821 1.329757 -9.247865
v 12.023804 1.252906 -9.341440
v 11.959290 1.412697 -9.292671
v 12.041029 1.536345 -9.390990
v 12.101654 1.307672 -9.471870
v 12.215413 1.365874 -9.368049
v 12.016212 1.457964 -9.484818
vn 0.1638 0.7353 -0.6576
vn 0.8022 0.5786 0.1473
vn 0.1199 -0.0174 -0.9926
vn 0.7750 0.1572 0.6121
vn -0.1851 0.1486 0.9714
vn 0.5166 -0.8475 0.1218
vn -0.6796 -0.4371 -0.5892
vn 0.5817 0.8129 0.0287
vn -0.3697 0.7156 0.5926
vn -0.8757 0.4585 -0.1514
vn -0.4191 -0.4156 0.8072
vn 0.5002 -0.8635 -0.0640
vn 0.7211 -0.3985 -0.5668
vn -0.9058 -0.2648 -0.3307
vt 0.862532 0.586626
vt 0.666025 0.612825
vt 0.793538 0.524739
vt 0.799625 0.742317
vt 0.596159 0.725728
vt 0.676667 0.500000
vt 0.533198 0.702151
vt 0.502729 0.907748
vt 0.315429 0.689365
vt 0.215046 0.717794
vt 0.139986 0.551629
vt 0.365533 0.517965
vt 0.592775 0.342442
vt 0.523296 0.508923
vt 0.395346 0.376049
vt 0.510142 0.020803
vt 0.592582 0.143625
vt 0.414253 0.208459
s 0
g Cube.007_Material
usemtl Material
f 739/1489/1165 735/1490/1165 742/1491/1165
f 735/1490/1166 734/1492/1166 741/1493/1166
f 742/1491/1167 735/1490/1167 740/1494/1167
f 741/1495/1168 734/1496/1168 736/1497/1168
f 736/1497/1169 734/1498/1169 738/1499/1169
f 737/1500/1170 741/1495/1170 736/1497/1170
f 742/1501/1171 740/1502/1171 737/1503/1171
f 739/1489/1172 734/1492/1172 735/1490/1172
f 734/1504/1173 739/1505/1173 738/1506/1173
f 738/1506/1174 739/1505/1174 742/1501/1174
f 738/1499/1175 737/1500/1175 736/1497/1175
f 737/1500/1176 740/1502/1176 741/1495/1176
f 740/1502/1177 735/1490/1177 741/1495/1177
f 738/1506/1178 742/1501/1178 737/1503/1178
o Cube.008
v 10.485580 1.454407 -8.788895
v 10.381406 1.316594 -8.701360
v 10.244341 1.219749 -8.725863
v 10.285932 1.295975 -8.903762
v 10.071533 1.376720 -8.810974
v 10.238385 1.512987 -8.866777
v 10.383693 1.527839 -8.710216
v 10.126597 1.234547 -8.669655
v 10.175364 1.415514 -8.652425
vn 0.5890 -0.7835 -0.1980
vn -0.3137 -0.8440 -0.4350
vn -0.3717 0.0762 -0.9252
vn 0.3258 0.8638 -0.3843
vn 0.2481 0.0379 0.9680
vn 0.1658 -0.1377 0.9765
vn -0.5827 0.7906 0.1882
vn -0.8426 0.1787 0.5081
vn 0.2848 -0.5935 0.7528
vn 0.6868 -0.6808 -0.2546
vn -0.4885 -0.7030 -0.5169
vn 0.3416 0.2301 -0.9112
vn 0.6227 0.0260 0.7820
vn -0.3935 0.8750 0.2822
vt 0.551771 0.821043
vt 0.490236 0.981936
vt 0.443965 0.755163
vt 0.609545 0.740303
vt 0.579499 0.265268
vt 0.447677 0.232718
vt 0.490446 0.016300
vt 0.320967 0.499695
vt 0.242238 0.673984
vt 0.142687 0.564850
vt 0.543218 0.480597
vt 0.654480 0.663904
vt 0.651690 0.523626
vt 0.809399 0.589510
vt 0.375000 0.930496
vt 0.603518 0.001237
vt 0.583364 0.169025
vt 0.384386 0.054537
vt 0.382289 0.419599
s 0
g Cube.008_Material
usemtl Material
f 745/1507/1179 746/1508/1179 744/1509/1179
f 745/1507/1180 750/1510/1180 746/1508/1180
f 747/1511/1181 748/1512/1181 746/1513/1181
f 749/1514/1182 743/1515/1182 748/1516/1182
f 751/1517/1183 744/1509/1183 749/1514/1183
f 751/1517/1184 750/1518/1184 744/1509/1184
f 747/1511/1185 751/1517/1185 748/1512/1185
f 751/1519/1186 747/1520/1186 750/1518/1186
f 750/1518/1187 745/1507/1187 744/1509/1187
f 743/1521/1188 744/1509/1188 746/1508/1188
f 750/1522/1189 747/1523/1189 746/1513/1189
f 743/1524/1190 746/1513/1190 748/1512/1190
f 743/1515/1191 749/1514/1191 744/1509/1191
f 749/1525/1192 748/1512/1192 751/1517/1192
o Cube.009
v 11.984902 1.150550 -9.834881
v 12.066155 1.323297 -9.719913
v 11.751503 1.088839 -9.850858
v 11.712200 1.202515 -10.046750
v 11.936384 1.614807 -9.756232
v 11.899179 1.500144 -9.534975
v 11.930260 1.427727 -10.034029
v 11.818508 1.146871 -9.596264
v 11.870584 1.308303 -9.485744
v 11.558376 1.315538 -9.611857
v 11.548029 1.296319 -9.870698
v 11.634555 1.091865 -9.706823
v 11.721249 1.630954 -9.827857
v 11.780306 1.474646 -10.075221
v 11.628945 1.563170 -9.685925
v 11.487171 1.487618 -9.861802
vn 0.7649 0.0508 0.6421
vn 0.6244 -0.6146 0.4821
vn -0.3429 -0.4528 0.8230
vn -0.9362 -0.3457 0.0631
vn -0.5277 0.8472 0.0614
vn -0.7001 0.1013 -0.7068
vn 0.3820 0.7626 -0.5220
vn -0.3538 0.2816 0.8919
vn -0.3881 0.3639 0.8467
vn -0.0632 0.9159 0.3963
vn 0.8362 0.4167 0.3566
vn 0.8927 0.3644 -0.2651
vn -0.6468 -0.6693 -0.3656
vn 0.2163 -0.1550 -0.9639
vn 0.4974 -0.4394 -0.7480
vn 0.2512 -0.8145 -0.5230
vn 0.8927 -0.1334 -0.4305
vn 0.2427 -0.9577 0.1544
vn 0.6907 -0.5468 0.4732
vn 0.1862 -0.9674 0.1715
vn -0.3500 -0.4646 0.8134
vn -0.3732 0.7415 -0.5576
vn -0.5863 -0.1495 -0.7962
vn 0.2240 0.8471 -0.4818
vn -0.7945 0.3704 0.4813
vn -0.0458 0.8900 0.4536
vn -0.9504 -0.3052 0.0607
vt 0.875000 0.649805
vt 0.849233 0.683396
vt 0.832712 0.540342
vt 0.580473 0.024703
vt 0.534759 0.188184
vt 0.498710 0.020990
vt 0.437420 0.135101
vt 0.411456 0.342495
vt 0.213804 0.511922
vt 0.337875 0.601179
vt 0.185175 0.619999
vt 0.611440 0.548317
vt 0.438499 0.522151
vt 0.536413 0.434917
vt 0.517900 0.691047
vt 0.378975 0.759339
vt 0.724211 0.603714
vt 0.568883 0.768659
vt 0.609419 0.213408
vt 0.625000 0.382072
vt 0.588498 0.519208
vt 0.209844 0.718096
vt 0.479559 0.953620
vt 0.390901 0.953078
vt 0.565332 0.774863
vt 0.583031 0.973602
vt 0.389658 0.010551
vt 0.376620 0.114133
vt 0.125000 0.581137
vt 0.375000 0.421875
s 0
g Cube.009_Material
usemtl Material
f 760/1526/1193 753/1527/1193 757/1528/1193
f 753/1529/1194 760/1530/1194 752/1531/1194
f 759/1532/1195 760/1530/1195 761/1533/1195
f 761/1534/1196 762/1535/1196 763/1536/1196
f 764/1537/1197 767/1538/1197 766/1539/1197
f 765/1540/1198 755/1541/1198 762/1535/1198
f 756/1542/1199 758/1543/1199 765/1540/1199
f 757/1544/1200 761/1533/1200 760/1530/1200
f 757/1544/1201 766/1539/1201 761/1533/1201
f 766/1539/1202 756/1545/1202 764/1546/1202
f 756/1542/1203 757/1528/1203 753/1527/1203
f 756/1542/1204 753/1527/1204 758/1543/1204
f 754/1547/1205 763/1536/1205 762/1535/1205 755/1541/1205
f 755/1541/1206 765/1540/1206 758/1543/1206
f 758/1543/1207 752/1548/1207 755/1541/1207
f 752/1548/1208 754/1549/1208 755/1541/1208
f 758/1550/1209 753/1551/1209 752/1548/1209
f 752/1531/1210 759/1532/1210 754/1552/1210
f 759/1532/1211 752/1531/1211 760/1530/1211
f 754/1552/1212 759/1532/1212 763/1553/1212
f 761/1534/1213 763/1536/1213 759/1554/1213
f 767/1538/1214 764/1537/1214 765/1540/1214
f 767/1538/1215 765/1540/1215 762/1535/1215
f 764/1537/1216 756/1542/1216 765/1540/1216
f 761/1533/1217 766/1539/1217 767/1538/1217
f 757/1544/1218 756/1545/1218 766/1539/1218
f 762/1555/1219 761/1533/1219 767/1538/1219
o Cube.010
v 11.344197 1.308229 -10.090178
v 11.226320 1.390881 -10.093750
v 11.075156 1.385696 -10.002934
v 11.296117 1.213310 -9.987677
v 11.451444 1.387415 -10.013942
v 11.168790 1.477290 -9.925371
v 11.069137 1.236234 -10.022181
v 11.211342 1.296971 -9.834832
v 11.430644 1.273221 -9.938637
vn 0.3947 0.4546 0.7984
vn 0.4166 0.4845 0.7692
vn -0.5884 -0.0799 0.8046
vn -0.8079 0.1008 0.5806
vn -0.3385 0.7852 -0.5186
vn -0.3850 -0.5801 -0.7178
vn 0.7150 -0.4710 -0.5167
vn 0.4953 -0.7408 -0.4537
vn 0.1583 0.8994 -0.4075
vn 0.0830 -0.4868 -0.8696
vn -0.5139 0.1299 -0.8480
vn 0.1682 -0.8224 0.5434
vn -0.1529 -0.9001 0.4079
vn 0.3109 0.4062 -0.8593
vt 0.856741 0.527884
vt 0.792799 0.664448
vt 0.661337 0.518959
vt 0.570885 0.667835
vt 0.614877 0.834550
vt 0.495616 0.943630
vt 0.319826 0.718976
vt 0.602263 0.105449
vt 0.455701 0.107225
vt 0.553174 0.006579
vt 0.371255 0.573451
vt 0.135465 0.689951
vt 0.165587 0.530358
vt 0.553103 0.308270
vt 0.565029 0.471740
vt 0.392929 0.256090
vt 0.405598 0.560759
vt 0.171875 0.750000
s 0
g Cube.010_Material
usemtl Material
f 772/1556/1220 773/1557/1220 776/1558/1220
f 776/1558/1221 773/1557/1221 775/1559/1221
f 773/1560/1222 770/1561/1222 774/1562/1222
f 775/1559/1223 773/1560/1223 774/1562/1223
f 773/1563/1224 769/1564/1224 770/1565/1224
f 771/1566/1225 769/1567/1225 768/1568/1225
f 772/1569/1226 776/1570/1226 768/1571/1226
f 776/1570/1227 771/1572/1227 768/1571/1227
f 769/1564/1228 773/1563/1228 772/1569/1228
f 771/1566/1229 774/1562/1229 769/1567/1229
f 769/1567/1230 774/1562/1230 770/1573/1230
f 776/1558/1231 775/1559/1231 771/1572/1231
f 775/1559/1232 774/1562/1232 771/1572/1232
f 768/1571/1233 769/1564/1233 772/1569/1233
o Cube.011
v 10.207496 1.283695 -9.506860
v 10.597897 1.240360 -9.547492
v 10.431061 1.185950 -9.730272
v 10.366369 1.118572 -9.497733
v 10.400250 1.275407 -9.375964
v 10.357633 1.452212 -9.511767
v 10.271304 1.345198 -9.709827
v 10.516006 1.454325 -9.488097
v 10.492647 1.381572 -9.672867
vn 0.7437 -0.0383 -0.6674
vn 0.4383 -0.8886 -0.1355
vn -0.6493 -0.6468 -0.4001
vn -0.5138 -0.4541 0.7279
vn -0.1275 0.5847 0.8012
vn -0.4867 0.4553 0.7455
vn -0.7467 0.6643 -0.0335
vn -0.0712 0.8902 -0.4500
vn 0.1205 0.2444 -0.9622
vn 0.8714 0.4088 -0.2711
vn 0.0430 0.9277 -0.3707
vn -0.6787 -0.6331 -0.3722
vn 0.4581 -0.6048 0.6514
vn 0.6592 0.0439 0.7506
vt 0.534218 0.539052
vt 0.807613 0.537738
vt 0.651467 0.712344
vt 0.812212 0.722590
vt 0.440472 0.699464
vt 0.505279 0.954605
vt 0.394685 0.910428
vt 0.529494 0.041599
vt 0.440272 0.169217
vt 0.407900 0.015209
vt 0.224689 0.500632
vt 0.298939 0.554231
vt 0.143822 0.628706
vt 0.350796 0.501919
vt 0.236030 0.724989
vt 0.358556 0.714558
vt 0.602122 0.296489
vt 0.527241 0.521298
vt 0.452229 0.375318
s 0
g Cube.011_Material
usemtl Material
f 785/1574/1234 778/1575/1234 779/1576/1234
f 779/1576/1235 778/1575/1235 780/1577/1235
f 783/1578/1236 780/1579/1236 777/1580/1236
f 780/1581/1237 781/1582/1237 777/1583/1237
f 784/1584/1238 782/1585/1238 781/1586/1238
f 781/1586/1239 782/1587/1239 777/1588/1239
f 782/1587/1240 783/1589/1240 777/1588/1240
f 782/1587/1241 785/1574/1241 783/1578/1241
f 785/1574/1242 779/1576/1242 783/1578/1242
f 778/1590/1243 785/1591/1243 784/1592/1243
f 784/1592/1244 785/1574/1244 782/1587/1244
f 779/1576/1245 780/1579/1245 783/1578/1245
f 780/1581/1246 778/1590/1246 781/1582/1246
f 778/1590/1247 784/1592/1247 781/1582/1247
o Cube.006
v 11.419772 1.179285 -9.901840
v 11.541700 1.273620 -9.734944
v 11.619728 1.373728 -9.955913
v 11.395749 1.286863 -9.815196
v 11.520974 1.385205 -9.847090
v 11.445456 1.387299 -9.978431
v 11.507566 1.193459 -9.972884
v 11.572887 1.169868 -9.781920
v 11.677311 1.287623 -9.883821
vn -0.9589 0.0141 -0.2833
vn -0.5337 0.7831 0.3193
vn 0.1291 0.0130 -0.9915
vn -0.5604 -0.4755 0.6782
vn -0.4191 -0.6244 0.6591
vn 0.5764 -0.7634 -0.2915
vn 0.0476 -0.9892 -0.1385
vn 0.7406 -0.0794 0.6672
vn 0.5322 0.6473 0.5457
vn 0.5493 0.7210 0.4224
vn 0.0816 0.9962 -0.0310
vn -0.5937 -0.2125 -0.7761
vn 0.5623 -0.2765 -0.7794
vn -0.3250 0.6397 0.6966
vt 0.423616 0.817668
vt 0.438163 0.985880
vt 0.399025 0.926987
vt 0.584080 0.909473
vt 0.477709 0.045024
vt 0.607265 0.122218
vt 0.441545 0.286085
vt 0.565477 0.549583
vt 0.592013 0.712367
vt 0.289400 0.584684
vt 0.400831 0.754486
vt 0.615924 0.357557
vt 0.551199 0.540629
vt 0.429879 0.509305
vt 0.769145 0.562221
vt 0.604783 0.677624
vt 0.780055 0.741830
vt 0.860509 0.631959
vt 0.567506 0.015179
vt 0.377433 0.096481
s 0
g Cube.006_Material
usemtl Material
f 789/1593/1248 791/1594/1248 786/1595/1248
f 790/1596/1249 791/1594/1249 789/1593/1249
f 791/1597/1250 788/1598/1250 792/1599/1250
f 793/1600/1251 787/1601/1251 786/1602/1251
f 787/1601/1252 789/1603/1252 786/1602/1252
f 792/1599/1253 794/1604/1253 793/1605/1253
f 793/1605/1254 786/1606/1254 792/1599/1254
f 793/1600/1255 794/1607/1255 787/1608/1255
f 787/1608/1256 794/1607/1256 790/1609/1256
f 794/1607/1257 788/1610/1257 790/1609/1257
f 790/1611/1258 788/1598/1258 791/1597/1258
f 786/1612/1259 791/1597/1259 792/1599/1259
f 792/1599/1260 788/1598/1260 794/1604/1260
f 787/1601/1261 790/1596/1261 789/1593/1261
o Cube.007
v 11.100449 1.204852 -10.052113
v 11.217649 1.339380 -9.957005
v 10.984690 1.277527 -9.996325
v 10.987516 1.267638 -9.839822
v 11.053408 1.121679 -9.912738
v 11.215262 1.158101 -9.967668
v 11.125272 1.346308 -9.837965
v 11.103734 1.369386 -9.996621
v 11.226068 1.210366 -9.857324
vn 0.9956 -0.0076 -0.0939
vn 0.3814 0.2886 -0.8782
vn 0.7159 0.4555 0.5291
vn -0.2448 0.3142 -0.9172
vn -0.6181 -0.5654 -0.5461
vn -0.6097 0.7903 0.0609
vn 0.0473 -0.1063 0.9932
vn 0.6023 0.0390 -0.7973
vn 0.0219 -0.8617 -0.5069
vn 0.3237 -0.8670 0.3789
vn -0.9131 -0.4076 -0.0093
vn -0.4888 0.8514 0.1902
vn 0.2166 0.9698 0.1117
vn -0.0462 -0.4631 0.8851
vt 0.862532 0.586626
vt 0.666025 0.612825
vt 0.793538 0.524739
vt 0.799625 0.742317
vt 0.596159 0.725728
vt 0.676667 0.500000
vt 0.533198 0.702151
vt 0.502729 0.907748
vt 0.315429 0.689365
vt 0.215046 0.717794
vt 0.139986 0.551629
vt 0.365533 0.517965
vt 0.592775 0.342442
vt 0.523296 0.508923
vt 0.395346 0.376049
vt 0.510142 0.020803
vt 0.592582 0.143625
vt 0.414253 0.208459
s 0
g Cube.007_Material
usemtl Material
f 800/1613/1262 796/1614/1262 803/1615/1262
f 796/1614/1263 795/1616/1263 802/1617/1263
f 803/1615/1264 796/1614/1264 801/1618/1264
f 802/1619/1265 795/1620/1265 797/1621/1265
f 797/1621/1266 795/1622/1266 799/1623/1266
f 798/1624/1267 802/1619/1267 797/1621/1267
f 803/1625/1268 801/1626/1268 798/1627/1268
f 800/1613/1269 795/1616/1269 796/1614/1269
f 795/1628/1270 800/1629/1270 799/1630/1270
f 799/1630/1271 800/1629/1271 803/1625/1271
f 799/1623/1272 798/1624/1272 797/1621/1272
f 798/1624/1273 801/1626/1273 802/1619/1273
f 801/1626/1274 796/1614/1274 802/1619/1274
f 799/1630/1275 803/1625/1275 798/1627/1275
o Cube.008
v 11.682147 1.255283 -9.459780
v 11.814729 1.156664 -9.531505
v 11.956005 1.096624 -9.495139
v 11.883107 1.148301 -9.334149
v 12.068494 1.270833 -9.393084
v 11.883341 1.356425 -9.357942
v 11.766468 1.346902 -9.518916
v 12.064712 1.137435 -9.533005
v 11.983981 1.291775 -9.550548
vn -0.4116 -0.9054 0.1042
vn 0.4470 -0.7728 0.4505
vn 0.2343 0.1102 0.9659
vn -0.5583 0.7469 0.3611
vn -0.1361 0.0310 -0.9902
vn -0.0152 -0.1208 -0.9926
vn 0.4028 0.9103 -0.0951
vn 0.8319 0.3903 -0.3946
vn -0.0511 -0.6027 -0.7964
vn -0.5363 -0.8305 0.1506
vn 0.5739 -0.6004 0.5569
vn -0.4888 0.0996 0.8667
vn -0.5169 -0.0747 -0.8528
vn 0.2114 0.9546 -0.2100
vt 0.551771 0.821043
vt 0.490236 0.981936
vt 0.443965 0.755163
vt 0.609545 0.740303
vt 0.579499 0.265268
vt 0.447677 0.232718
vt 0.490446 0.016300
vt 0.320967 0.499695
vt 0.242238 0.673984
vt 0.142687 0.564850
vt 0.543218 0.480597
vt 0.654480 0.663904
vt 0.651690 0.523626
vt 0.809399 0.589510
vt 0.375000 0.930496
vt 0.603518 0.001237
vt 0.583364 0.169025
vt 0.384386 0.054537
vt 0.382289 0.419599
s 0
g Cube.008_Material
usemtl Material
f 806/1631/1276 807/1632/1276 805/1633/1276
f 806/1631/1277 811/1634/1277 807/1632/1277
f 808/1635/1278 809/1636/1278 807/1637/1278
f 810/1638/1279 804/1639/1279 809/1640/1279
f 812/1641/1280 805/1633/1280 810/1638/1280
f 812/1641/1281 811/1642/1281 805/1633/1281
f 808/1635/1282 812/1641/1282 809/1636/1282
f 812/1643/1283 808/1644/1283 811/1642/1283
f 811/1642/1284 806/1631/1284 805/1633/1284
f 804/1645/1285 805/1633/1285 807/1632/1285
f 811/1646/1286 808/1647/1286 807/1637/1286
f 804/1648/1287 807/1637/1287 809/1636/1287
f 804/1639/1288 810/1638/1288 805/1633/1288
f 810/1649/1289 809/1636/1289 812/1641/1289
o Cube.009
v 11.699476 1.064641 -8.831480
v 11.820239 1.085813 -8.647327
v 11.725096 1.194926 -9.031638
v 11.862273 1.046071 -9.137008
v 12.138456 1.091997 -8.665988
v 12.024611 1.305311 -8.601907
v 11.993543 0.899758 -8.895405
v 11.731623 1.351160 -8.814442
v 11.852487 1.387158 -8.657945
v 11.979620 1.465770 -8.957027
v 11.989682 1.268190 -9.122440
v 11.755097 1.376681 -9.031644
v 12.234956 1.156815 -8.859418
v 12.092978 0.947033 -9.013224
v 12.191076 1.332332 -8.866298
v 12.186986 1.284302 -9.097811
vn -0.2814 0.0638 0.9575
vn -0.8370 0.1085 0.5364
vn -0.3794 0.9217 0.0810
vn 0.0001 0.6419 -0.7668
vn 0.9686 0.2395 -0.0668
vn 0.4064 -0.1743 -0.8969
vn 0.6260 -0.7454 0.2292
vn 0.3023 0.8825 0.3604
vn 0.3952 0.8549 0.3362
vn 0.8382 0.2290 0.4949
vn 0.0616 -0.2569 0.9645
vn 0.0517 -0.7813 0.6220
vn -0.3625 0.1743 -0.9156
vn -0.1293 -0.8778 -0.4613
vn -0.5132 -0.8288 -0.2231
vn -0.7976 -0.4537 -0.3974
vn -0.3965 -0.8457 0.3572
vn -0.9920 0.1144 -0.0525
vn -0.7962 0.0535 0.6026
vn -0.9829 0.1622 -0.0872
vn -0.3870 0.9197 0.0662
vn 0.8743 -0.3324 -0.3537
vn 0.1413 -0.2777 -0.9502
vn 0.7563 -0.6330 0.1652
vn 0.5781 0.7968 -0.1755
vn 0.8026 0.2683 0.5328
vn 0.0430 0.6426 -0.7650
vt 0.875000 0.649805
vt 0.849233 0.683396
vt 0.832712 0.540342
vt 0.580473 0.024703
vt 0.534759 0.188184
vt 0.498710 0.020990
vt 0.437420 0.135101
vt 0.411456 0.342495
vt 0.213804 0.511922
vt 0.337875 0.601179
vt 0.185175 0.619999
vt 0.611440 0.548317
vt 0.438499 0.522151
vt 0.536413 0.434917
vt 0.517900 0.691047
vt 0.378975 0.759339
vt 0.724211 0.603714
vt 0.568883 0.768659
vt 0.609419 0.213408
vt 0.625000 0.382072
vt 0.588498 0.519208
vt 0.209844 0.718096
vt 0.479559 0.953620
vt 0.390901 0.953078
vt 0.565332 0.774863
vt 0.583031 0.973602
vt 0.389658 0.010551
vt 0.376620 0.114133
vt 0.125000 0.581137
vt 0.375000 0.421875
s 0
g Cube.009_Material
usemtl Material
f 821/1650/1290 814/1651/1290 818/1652/1290
f 814/1653/1291 821/1654/1291 813/1655/1291
f 820/1656/1292 821/1654/1292 822/1657/1292
f 822/1658/1293 823/1659/1293 824/1660/1293
f 825/1661/1294 828/1662/1294 827/1663/1294
f 826/1664/1295 816/1665/1295 823/1659/1295
f 817/1666/1296 819/1667/1296 826/1664/1296
f 818/1668/1297 822/1657/1297 821/1654/1297
f 818/1668/1298 827/1663/1298 822/1657/1298
f 827/1663/1299 817/1669/1299 825/1670/1299
f 817/1666/1300 818/1652/1300 814/1651/1300
f 817/1666/1301 814/1651/1301 819/1667/1301
f 815/1671/1302 824/1660/1302 823/1659/1302 816/1665/1302
f 816/1665/1303 826/1664/1303 819/1667/1303
f 819/1667/1304 813/1672/1304 816/1665/1304
f 813/1672/1305 815/1673/1305 816/1665/1305
f 819/1674/1306 814/1675/1306 813/1672/1306
f 813/1655/1307 820/1656/1307 815/1676/1307
f 820/1656/1308 813/1655/1308 821/1654/1308
f 815/1676/1309 820/1656/1309 824/1677/1309
f 822/1658/1310 824/1660/1310 820/1678/1310
f 828/1662/1311 825/1661/1311 826/1664/1311
f 828/1662/1312 826/1664/1312 823/1659/1312
f 825/1661/1313 817/1666/1313 826/1664/1313
f 822/1657/1314 827/1663/1314 828/1662/1314
f 818/1668/1315 817/1669/1315 827/1663/1315
f 823/1679/1316 822/1657/1316 828/1662/1316
o Cube.010
v 11.271457 1.077903 -8.285081
v 11.233866 1.198402 -8.269402
v 11.312127 1.328971 -8.236109
v 11.398033 1.097695 -8.260281
v 11.271409 1.054028 -8.418606
v 11.307368 1.320700 -8.370222
v 11.381174 1.263447 -8.142924
v 11.464683 1.234587 -8.338447
v 11.387484 1.038710 -8.383584
vn 0.3021 0.1306 -0.9443
vn 0.2587 0.1189 -0.9586
vn 0.7334 0.6765 -0.0677
vn 0.4681 0.8809 0.0699
vn -0.8576 0.5144 -0.0013
vn -0.1625 -0.1770 0.9707
vn -0.1800 -0.9683 0.1732
vn 0.0575 -0.9025 0.4268
vn -0.8899 0.1948 -0.4124
vn -0.3839 -0.5593 0.7347
vn -0.6913 0.2406 0.6814
vn 0.9165 -0.3857 0.1061
vn 0.8902 -0.1995 0.4096
vn -0.9512 -0.3038 0.0547
vt 0.856741 0.527884
vt 0.792799 0.664448
vt 0.661337 0.518959
vt 0.570885 0.667835
vt 0.614877 0.834550
vt 0.495616 0.943630
vt 0.319826 0.718976
vt 0.602263 0.105449
vt 0.455701 0.107225
vt 0.553174 0.006579
vt 0.371255 0.573451
vt 0.135465 0.689951
vt 0.165587 0.530358
vt 0.553103 0.308270
vt 0.565029 0.471740
vt 0.392929 0.256090
vt 0.405598 0.560759
vt 0.171875 0.750000
s 0
g Cube.010_Material
usemtl Material
f 833/1680/1317 834/1681/1317 837/1682/1317
f 837/1682/1318 834/1681/1318 836/1683/1318
f 834/1684/1319 831/1685/1319 835/1686/1319
f 836/1683/1320 834/1684/1320 835/1686/1320
f 834/1687/1321 830/1688/1321 831/1689/1321
f 832/1690/1322 830/1691/1322 829/1692/1322
f 833/1693/1323 837/1694/1323 829/1695/1323
f 837/1694/1324 832/1696/1324 829/1695/1324
f 830/1688/1325 834/1687/1325 833/1693/1325
f 832/1690/1326 835/1686/1326 830/1691/1326
f 830/1691/1327 835/1686/1327 831/1697/1327
f 837/1682/1328 836/1683/1328 832/1696/1328
f 836/1683/1329 835/1686/1329 832/1696/1329
f 829/1695/1330 830/1688/1330 833/1693/1330
o Cube.011
v 10.572790 1.344512 -9.425997
v 10.462435 0.964728 -9.452868
v 10.313918 1.159572 -9.521228
v 10.447243 1.190227 -9.310124
v 10.637648 1.133639 -9.347901
v 10.663033 1.191582 -9.566789
v 10.457269 1.310396 -9.612857
v 10.660933 1.030843 -9.565433
v 10.479706 1.084209 -9.633204
vn -0.6100 -0.6324 -0.4774
vn -0.7530 -0.3874 0.5318
vn -0.6410 0.7204 0.2647
vn 0.2932 0.4100 0.8637
vn 0.9936 -0.0120 0.1120
vn 0.9133 0.3549 0.1999
vn 0.5196 0.7241 -0.4535
vn 0.2790 0.1135 -0.9536
vn -0.5533 0.0200 -0.8327
vn -0.0375 -0.8314 -0.5544
vn 0.3470 -0.0124 -0.9378
vn -0.6076 0.7449 0.2756
vn 0.0089 -0.5344 0.8452
vn 0.4905 -0.7665 0.4147
vt 0.534218 0.539052
vt 0.807613 0.537738
vt 0.651467 0.712344
vt 0.812212 0.722590
vt 0.440472 0.699464
vt 0.505279 0.954605
vt 0.394685 0.910428
vt 0.529494 0.041599
vt 0.440272 0.169217
vt 0.407900 0.015209
vt 0.224689 0.500632
vt 0.298939 0.554231
vt 0.143822 0.628706
vt 0.350796 0.501919
vt 0.236030 0.724989
vt 0.358556 0.714558
vt 0.602122 0.296489
vt 0.527241 0.521298
vt 0.452229 0.375318
s 0
g Cube.011_Material
usemtl Material
f 846/1698/1331 839/1699/1331 840/1700/1331
f 840/1700/1332 839/1699/1332 841/1701/1332
f 844/1702/1333 841/1703/1333 838/1704/1333
f 841/1705/1334 842/1706/1334 838/1707/1334
f 845/1708/1335 843/1709/1335 842/1710/1335
f 842/1710/1336 843/1711/1336 838/1712/1336
f 843/1711/1337 844/1713/1337 838/1712/1337
f 843/1711/1338 846/1698/1338 844/1702/1338
f 846/1698/1339 840/1700/1339 844/1702/1339
f 839/1714/1340 846/1715/1340 845/1716/1340
f 845/1716/1341 846/1698/1341 843/1711/1341
f 840/1700/1342 841/1703/1342 844/1702/1342
f 841/1705/1343 839/1714/1343 842/1706/1343
f 839/1714/1344 845/1716/1344 842/1706/1344
o Cube.006
v 11.369620 1.142838 -9.906596
v 11.298594 1.113312 -9.737380
v 11.506416 1.106764 -9.722178
v 11.332788 1.213387 -9.823994
v 11.410087 1.179306 -9.721459
v 11.492562 1.226768 -9.800905
v 11.443517 1.090911 -9.883908
v 11.308741 1.040841 -9.800450
v 11.439250 1.028360 -9.720818
vn 0.0286 0.7663 -0.6418
vn -0.1340 0.9058 0.4021
vn 0.9290 -0.1219 -0.3494
vn -0.9179 0.1795 -0.3539
vn -0.9203 -0.0234 -0.3904
vn 0.1263 -0.9273 -0.3523
vn -0.2208 -0.6369 -0.7386
vn -0.4506 -0.6211 0.6412
vn -0.1293 -0.0208 0.9914
vn 0.0125 0.0067 0.9999
vn 0.4072 0.5334 0.7414
vn 0.4789 0.3253 -0.8154
vn 0.7381 -0.6362 -0.2247
vn -0.4751 0.6630 0.5785
vt 0.423616 0.817668
vt 0.438163 0.985880
vt 0.399025 0.926987
vt 0.584080 0.909473
vt 0.477709 0.045024
vt 0.607265 0.122218
vt 0.441545 0.286085
vt 0.565477 0.549583
vt 0.592013 0.712367
vt 0.289400 0.584684
vt 0.400831 0.754486
vt 0.615924 0.357557
vt 0.551199 0.540629
vt 0.429879 0.509305
vt 0.769145 0.562221
vt 0.604783 0.677624
vt 0.780055 0.741830
vt 0.860509 0.631959
vt 0.567506 0.015179
vt 0.377433 0.096481
s 0
g Cube.006_Material
usemtl Material
f 850/1717/1345 852/1718/1345 847/1719/1345
f 851/1720/1346 852/1718/1346 850/1717/1346
f 852/1721/1347 849/1722/1347 853/1723/1347
f 854/1724/1348 848/1725/1348 847/1726/1348
f 848/1725/1349 850/1727/1349 847/1726/1349
f 853/1723/1350 855/1728/1350 854/1729/1350
f 854/1729/1351 847/1730/1351 853/1723/1351
f 854/1724/1352 855/1731/1352 848/1732/1352
f 848/1732/1353 855/1731/1353 851/1733/1353
f 855/1731/1354 849/1734/1354 851/1733/1354
f 851/1735/1355 849/1722/1355 852/1721/1355
f 847/1736/1356 852/1721/1356 853/1723/1356
f 853/1723/1357 849/1722/1357 855/1728/1357
f 848/1725/1358 851/1720/1358 850/1717/1358
o Cube.007
v 11.528085 1.074497 -8.350462
v 11.471153 1.101575 -8.528062
v 11.424751 0.984421 -8.338487
v 11.297368 1.054242 -8.354936
v 11.408251 1.151665 -8.283422
v 11.510009 1.204273 -8.399230
v 11.335423 1.089849 -8.493321
v 11.455148 1.000166 -8.474397
v 11.413489 1.223330 -8.457314
vn 0.4962 0.5998 -0.6278
vn 0.8883 -0.3164 -0.3330
vn -0.2598 0.3902 -0.8833
vn 0.6599 -0.7489 0.0608
vn 0.3354 -0.2646 0.9041
vn -0.4506 -0.8697 -0.2015
vn -0.8472 0.5221 -0.0986
vn 0.9529 0.0190 -0.3026
vn 0.6189 0.3504 0.7030
vn -0.0459 0.9241 0.3795
vn -0.2942 -0.3250 0.8988
vn -0.5272 -0.7766 -0.3448
vn -0.1876 -0.4361 -0.8801
vn -0.7241 0.6450 0.2440
vt 0.862532 0.586626
vt 0.666025 0.612825
vt 0.793538 0.524739
vt 0.799625 0.742317
vt 0.596159 0.725728
vt 0.676667 0.500000
vt 0.533198 0.702151
vt 0.502729 0.907748
vt 0.315429 0.689365
vt 0.215046 0.717794
vt 0.139986 0.551629
vt 0.365533 0.517965
vt 0.592775 0.342442
vt 0.523296 0.508923
vt 0.395346 0.376049
vt 0.510142 0.020803
vt 0.592582 0.143625
vt 0.414253 0.208459
s 0
g Cube.007_Material
usemtl Material
f 861/1737/1359 857/1738/1359 864/1739/1359
f 857/1738/1360 856/1740/1360 863/1741/1360
f 864/1739/1361 857/1738/1361 862/1742/1361
f 863/1743/1362 856/1744/1362 858/1745/1362
f 858/1745/1363 856/1746/1363 860/1747/1363
f 859/1748/1364 863/1743/1364 858/1745/1364
f 864/1749/1365 862/1750/1365 859/1751/1365
f 861/1737/1366 856/1740/1366 857/1738/1366
f 856/1752/1367 861/1753/1367 860/1754/1367
f 860/1754/1368 861/1753/1368 864/1749/1368
f 860/1747/1369 859/1748/1369 858/1745/1369
f 859/1748/1370 862/1750/1370 863/1743/1370
f 862/1750/1371 857/1738/1371 863/1743/1371
f 860/1754/1372 864/1749/1372 859/1751/1372
o Cube.008
v 10.727857 1.217195 -8.638306
v 10.674818 1.080371 -8.578638
v 10.625860 0.957067 -8.619199
v 10.690266 1.022674 -8.752489
v 10.489515 1.001256 -8.763312
v 10.573103 1.162028 -8.780590
v 10.608500 1.233348 -8.624597
v 10.523685 0.924152 -8.615659
v 10.488905 1.073954 -8.622766
vn 0.8803 -0.4213 0.2180
vn 0.2817 -0.9078 -0.3107
vn 0.0684 -0.1417 -0.9876
vn 0.0727 0.9007 -0.4283
vn -0.2330 0.1858 0.9546
vn -0.2307 -0.0074 0.9730
vn -0.8740 0.4301 -0.2263
vn -0.9694 -0.2199 0.1095
vn 0.1484 -0.3617 0.9204
vn 0.9411 -0.2868 0.1788
vn 0.1186 -0.8686 -0.4810
vn 0.5725 0.3300 -0.7506
vn 0.1530 0.3446 0.9262
vn -0.7970 0.5969 -0.0921
vt 0.551771 0.821043
vt 0.490236 0.981936
vt 0.443965 0.755163
vt 0.609545 0.740303
vt 0.579499 0.265268
vt 0.447677 0.232718
vt 0.490446 0.016300
vt 0.320967 0.499695
vt 0.242238 0.673984
vt 0.142687 0.564850
vt 0.543218 0.480597
vt 0.654480 0.663904
vt 0.651690 0.523626
vt 0.809399 0.589510
vt 0.375000 0.930496
vt 0.603518 0.001237
vt 0.583364 0.169025
vt 0.384386 0.054537
vt 0.382289 0.419599
s 0
g Cube.008_Material
usemtl Material
f 867/1755/1373 868/1756/1373 866/1757/1373
f 867/1755/1374 872/1758/1374 868/1756/1374
f 869/1759/1375 870/1760/1375 868/1761/1375
f 871/1762/1376 865/1763/1376 870/1764/1376
f 873/1765/1377 866/1757/1377 871/1762/1377
f 873/1765/1378 872/1766/1378 866/1757/1378
f 869/1759/1379 873/1765/1379 870/1760/1379
f 873/1767/1380 869/1768/1380 872/1766/1380
f 872/1766/1381 867/1755/1381 866/1757/1381
f 865/1769/1382 866/1757/1382 868/1756/1382
f 872/1770/1383 869/1771/1383 868/1761/1383
f 865/1772/1384 868/1761/1384 870/1760/1384
f 865/1763/1385 871/1762/1385 866/1757/1385
f 871/1773/1386 870/1760/1386 873/1765/1386
o Cube.009
v 10.797986 0.861059 -8.623167
v 10.831593 0.915978 -8.475297
v 10.659130 0.906208 -8.719818
v 10.736914 1.026896 -8.803846
v 10.827959 1.144513 -8.433116
v 10.696106 1.044358 -8.356720
v 10.899714 1.087011 -8.657428
v 10.606668 0.869027 -8.535615
v 10.623205 0.927878 -8.402458
v 10.496635 1.063271 -8.560763
v 10.590634 1.105566 -8.717978
v 10.535218 0.919834 -8.669870
v 10.736772 1.241617 -8.529661
v 10.839510 1.174675 -8.707527
v 10.614185 1.204204 -8.498149
v 10.589040 1.240876 -8.664709
vn 0.2624 -0.4905 0.8310
vn 0.0633 -0.9402 0.3348
vn -0.8462 -0.4405 0.2998
vn -0.8660 0.1336 -0.4819
vn -0.2258 0.9437 0.2419
vn -0.1351 0.6052 -0.7846
vn 0.7928 0.6013 0.0995
vn -0.6979 0.1630 0.6974
vn -0.6782 0.2604 0.6872
vn -0.0260 0.6924 0.7210
vn 0.5738 -0.1398 0.8070
vn 0.9483 -0.0429 0.3144
vn -0.4863 -0.1591 -0.8592
vn 0.6628 0.0276 -0.7483
vn 0.6899 -0.4019 -0.6021
vn 0.2714 -0.6616 -0.6990
vn 0.9077 -0.4165 -0.0516
vn -0.1480 -0.9604 -0.2360
vn 0.1386 -0.9121 0.3859
vn -0.2046 -0.9466 -0.2493
vn -0.8496 -0.4445 0.2839
vn 0.2105 0.9488 -0.2355
vn -0.0623 0.3650 -0.9289
vn 0.6682 0.7359 0.1090
vn -0.7953 0.5556 0.2424
vn -0.0507 0.6471 0.7607
vn -0.8651 0.1749 -0.4702
vt 0.875000 0.649805
vt 0.849233 0.683396
vt 0.832712 0.540342
vt 0.580473 0.024703
vt 0.534759 0.188184
vt 0.498710 0.020990
vt 0.437420 0.135101
vt 0.411456 0.342495
vt 0.213804 0.511922
vt 0.337875 0.601179
vt 0.185175 0.619999
vt 0.611440 0.548317
vt 0.438499 0.522151
vt 0.536413 0.434917
vt 0.517900 0.691047
vt 0.378975 0.759339
vt 0.724211 0.603714
vt 0.568883 0.768659
vt 0.609419 0.213408
vt 0.625000 0.382072
vt 0.588498 0.519208
vt 0.209844 0.718096
vt 0.479559 0.953620
vt 0.390901 0.953078
vt 0.565332 0.774863
vt 0.583031 0.973602
vt 0.389658 0.010551
vt 0.376620 0.114133
vt 0.125000 0.581137
vt 0.375000 0.421875
s 0
g Cube.009_Material
usemtl Material
f 882/1774/1387 875/1775/1387 879/1776/1387
f 875/1777/1388 882/1778/1388 874/1779/1388
f 881/1780/1389 882/1778/1389 883/1781/1389
f 883/1782/1390 884/1783/1390 885/1784/1390
f 886/1785/1391 889/1786/1391 888/1787/1391
f 887/1788/1392 877/1789/1392 884/1783/1392
f 878/1790/1393 880/1791/1393 887/1788/1393
f 879/1792/1394 883/1781/1394 882/1778/1394
f 879/1792/1395 888/1787/1395 883/1781/1395
f 888/1787/1396 878/1793/1396 886/1794/1396
f 878/1790/1397 879/1776/1397 875/1775/1397
f 878/1790/1398 875/1775/1398 880/1791/1398
f 876/1795/1399 885/1784/1399 884/1783/1399 877/1789/1399
f 877/1789/1400 887/1788/1400 880/1791/1400
f 880/1791/1401 874/1796/1401 877/1789/1401
f 874/1796/1402 876/1797/1402 877/1789/1402
f 880/1798/1403 875/1799/1403 874/1796/1403
f 874/1779/1404 881/1780/1404 876/1800/1404
f 881/1780/1405 874/1779/1405 882/1778/1405
f 876/1800/1406 881/1780/1406 885/1801/1406
f 883/1782/1407 885/1784/1407 881/1802/1407
f 889/1786/1408 886/1785/1408 887/1788/1408
f 889/1786/1409 887/1788/1409 884/1783/1409
f 886/1785/1410 878/1790/1410 887/1788/1410
f 883/1781/1411 888/1787/1411 889/1786/1411
f 879/1792/1412 878/1793/1412 888/1787/1412
f 884/1803/1413 883/1781/1413 889/1786/1413
o Cube.010
v 10.468912 1.009360 -9.337616
v 10.487082 1.105908 -9.270613
v 10.532095 1.122502 -9.133056
v 10.496910 0.926858 -9.252213
v 10.567495 1.000867 -9.416929
v 10.635183 1.126501 -9.204872
v 10.456323 1.030305 -9.097451
v 10.629823 0.960017 -9.169526
v 10.571414 0.905407 -9.354274
vn 0.9641 -0.1169 -0.2385
vn 0.9570 -0.0894 -0.2761
vn 0.5687 -0.1555 0.8077
vn 0.4369 0.1733 0.8827
vn -0.0991 0.9913 -0.0871
vn -0.9562 -0.0225 0.2917
vn -0.5793 -0.4638 -0.6704
vn -0.6898 -0.6204 -0.3732
vn 0.1208 0.8367 -0.5342
vn -0.9757 -0.0747 -0.2059
vn -0.7316 0.6628 0.1594
vn 0.0786 -0.9625 0.2597
vn -0.1201 -0.8396 0.5297
vn -0.4909 0.5572 -0.6698
vt 0.856741 0.527884
vt 0.792799 0.664448
vt 0.661337 0.518959
vt 0.570885 0.667835
vt 0.614877 0.834550
vt 0.495616 0.943630
vt 0.319826 0.718976
vt 0.602263 0.105449
vt 0.455701 0.107225
vt 0.553174 0.006579
vt 0.371255 0.573451
vt 0.135465 0.689951
vt 0.165587 0.530358
vt 0.553103 0.308270
vt 0.565029 0.471740
vt 0.392929 0.256090
vt 0.405598 0.560759
vt 0.171875 0.750000
s 0
g Cube.010_Material
usemtl Material
f 894/1804/1414 895/1805/1414 898/1806/1414
f 898/1806/1415 895/1805/1415 897/1807/1415
f 895/1808/1416 892/1809/1416 896/1810/1416
f 897/1807/1417 895/1808/1417 896/1810/1417
f 895/1811/1418 891/1812/1418 892/1813/1418
f 893/1814/1419 891/1815/1419 890/1816/1419
f 894/1817/1420 898/1818/1420 890/1819/1420
f 898/1818/1421 893/1820/1421 890/1819/1421
f 891/1812/1422 895/1811/1422 894/1817/1422
f 893/1814/1423 896/1810/1423 891/1815/1423
f 891/1815/1424 896/1810/1424 892/1821/1424
f 898/1806/1425 897/1807/1425 893/1820/1425
f 897/1807/1426 896/1810/1426 893/1820/1426
f 890/1819/1427 891/1812/1427 894/1817/1427
o Cube.011
v 10.678098 1.085700 -9.391329
v 10.521729 0.854694 -9.285337
v 10.653259 0.949299 -9.183296
v 10.696445 0.915474 -9.364547
v 10.576206 0.954245 -9.449445
v 10.510152 1.085786 -9.361394
v 10.635355 1.112475 -9.231749
v 10.430823 0.995376 -9.348037
v 10.504807 1.001860 -9.216455
vn -0.3392 -0.4305 0.8364
vn 0.4210 -0.8683 0.2624
vn 0.9620 0.1405 0.2341
vn 0.5604 -0.0695 -0.8253
vn -0.4854 0.3048 -0.8195
vn -0.1521 0.4959 -0.8550
vn -0.0304 0.9844 -0.1733
vn -0.5656 0.7225 0.3975
vn -0.1175 0.2708 0.9554
vn -0.8198 -0.3174 0.4766
vn -0.6781 0.6466 0.3494
vn 0.9659 0.1652 0.1993
vn 0.0740 -0.8634 -0.4991
vn -0.5617 -0.6114 -0.5574
vt 0.534218 0.539052
vt 0.807613 0.537738
vt 0.651467 0.712344
vt 0.812212 0.722590
vt 0.440472 0.699464
vt 0.505279 0.954605
vt 0.394685 0.910428
vt 0.529494 0.041599
vt 0.440272 0.169217
vt 0.407900 0.015209
vt 0.224689 0.500632
vt 0.298939 0.554231
vt 0.143822 0.628706
vt 0.350796 0.501919
vt 0.236030 0.724989
vt 0.358556 0.714558
vt 0.602122 0.296489
vt 0.527241 0.521298
vt 0.452229 0.375318
s 0
g Cube.011_Material
usemtl Material
f 907/1822/1428 900/1823/1428 901/1824/1428
f 901/1824/1429 900/1823/1429 902/1825/1429
f 905/1826/1430 902/1827/1430 899/1828/1430
f 902/1829/1431 903/1830/1431 899/1831/1431
f 906/1832/1432 904/1833/1432 903/1834/1432
f 903/1834/1433 904/1835/1433 899/1836/1433
f 904/1835/1434 905/1837/1434 899/1836/1434
f 904/1835/1435 907/1822/1435 905/1826/1435
f 907/1822/1436 901/1824/1436 905/1826/1436
f 900/1838/1437 907/1839/1437 906/1840/1437
f 906/1840/1438 907/1822/1438 904/1835/1438
f 901/1824/1439 902/1827/1439 905/1826/1439
f 902/1829/1440 900/1838/1440 903/1830/1440
f 900/1838/1441 906/1840/1441 903/1830/1441
o Cube.006
v 11.010156 0.851989 -9.620080
v 10.969670 0.964607 -9.751758
v 10.926299 1.053865 -9.578607
v 11.069830 0.923459 -9.678286
v 11.009944 1.033307 -9.655463
v 11.051941 1.005609 -9.547991
v 10.946023 0.888449 -9.570039
v 10.909822 0.899541 -9.724609
v 10.864451 1.014002 -9.644596
vn 0.8390 -0.4009 0.3679
vn 0.8422 0.5007 -0.2001
vn -0.2283 0.0232 0.9733
vn 0.3907 -0.6368 -0.6647
vn 0.1995 -0.7135 -0.6716
vn -0.8694 -0.4637 0.1704
vn -0.4664 -0.8834 0.0459
vn -0.6234 0.2667 -0.7350
vn -0.1503 0.8335 -0.5318
vn -0.1499 0.9022 -0.4045
vn 0.3325 0.9365 0.1114
vn 0.3577 -0.4747 0.8042
vn -0.7138 -0.0489 0.6986
vn 0.6390 0.4742 -0.6056
vt 0.423616 0.817668
vt 0.438163 0.985880
vt 0.399025 0.926987
vt 0.584080 0.909473
vt 0.477709 0.045024
vt 0.607265 0.122218
vt 0.441545 0.286085
vt 0.565477 0.549583
vt 0.592013 0.712367
vt 0.289400 0.584684
vt 0.400831 0.754486
vt 0.615924 0.357557
vt 0.551199 0.540629
vt 0.429879 0.509305
vt 0.769145 0.562221
vt 0.604783 0.677624
vt 0.780055 0.741830
vt 0.860509 0.631959
vt 0.567506 0.015179
vt 0.377433 0.096481
s 0
g Cube.006_Material
usemtl Material
f 911/1841/1442 913/1842/1442 908/1843/1442
f 912/1844/1443 913/1842/1443 911/1841/1443
f 913/1845/1444 910/1846/1444 914/1847/1444
f 915/1848/1445 909/1849/1445 908/1850/1445
f 909/1849/1446 911/1851/1446 908/1850/1446
f 914/1847/1447 916/1852/1447 915/1853/1447
f 915/1853/1448 908/1854/1448 914/1847/1448
f 915/1848/1449 916/1855/1449 909/1856/1449
f 909/1856/1450 916/1855/1450 912/1857/1450
f 916/1855/1451 910/1858/1451 912/1857/1451
f 912/1859/1452 910/1846/1452 913/1845/1452
f 908/1860/1453 913/1845/1453 914/1847/1453
f 914/1847/1454 910/1846/1454 916/1852/1454
f 909/1849/1455 912/1844/1455 911/1841/1455
o Cube.007
v 10.729561 1.007597 -8.811672
v 10.856078 0.910722 -8.683058
v 10.664430 1.066892 -8.690851
v 10.599631 0.950997 -8.603658
v 10.592568 0.910979 -8.777177
v 10.754103 0.858455 -8.826935
v 10.745562 0.888031 -8.580054
v 10.805030 1.021903 -8.653435
v 10.749012 0.791141 -8.722752
vn 0.7552 -0.5668 -0.3293
vn 0.7801 0.4686 -0.4144
vn 0.5749 -0.6704 0.4691
vn 0.3549 0.9007 -0.2507
vn -0.5598 0.5837 -0.5882
vn -0.0171 0.6072 0.7944
vn -0.4094 -0.7594 0.5057
vn 0.7675 0.1890 -0.6126
vn -0.2784 0.0523 -0.9590
vn -0.4040 -0.7592 -0.5103
vn -0.8915 0.4480 -0.0670
vn 0.0556 0.4608 0.8857
vn 0.6657 0.1090 0.7382
vn -0.6385 -0.7438 0.1975
vt 0.862532 0.586626
vt 0.666025 0.612825
vt 0.793538 0.524739
vt 0.799625 0.742317
vt 0.596159 0.725728
vt 0.676667 0.500000
vt 0.533198 0.702151
vt 0.502729 0.907748
vt 0.315429 0.689365
vt 0.215046 0.717794
vt 0.139986 0.551629
vt 0.365533 0.517965
vt 0.592775 0.342442
vt 0.523296 0.508923
vt 0.395346 0.376049
vt 0.510142 0.020803
vt 0.592582 0.143625
vt 0.414253 0.208459
s 0
g Cube.007_Material
usemtl Material
f 922/1861/1456 918/1862/1456 925/1863/1456
f 918/1862/1457 917/1864/1457 924/1865/1457
f 925/1863/1458 918/1862/1458 923/1866/1458
f 924/1867/1459 917/1868/1459 919/1869/1459
f 919/1869/1460 917/1870/1460 921/1871/1460
f 920/1872/1461 924/1867/1461 919/1869/1461
f 925/1873/1462 923/1874/1462 920/1875/1462
f 922/1861/1463 917/1864/1463 918/1862/1463
f 917/1876/1464 922/1877/1464 921/1878/1464
f 921/1878/1465 922/1877/1465 925/1873/1465
f 921/1871/1466 920/1872/1466 919/1869/1466
f 920/1872/1467 923/1874/1467 924/1867/1467
f 923/1874/1468 918/1862/1468 924/1867/1468
f 921/1878/1469 925/1873/1469 920/1875/1469
o Cube.008
v 10.772900 0.965541 -9.157937
v 10.710239 0.992912 -8.980807
v 10.634423 0.912043 -8.856868
v 10.690521 0.773466 -8.980623
v 10.449708 0.795012 -8.964255
v 10.558507 0.817687 -9.151999
v 10.635976 1.011606 -9.173440
v 10.511744 0.925027 -8.820082
v 10.481845 0.979577 -8.993802
vn 0.8723 -0.0780 0.4827
vn 0.1647 -0.6191 0.7679
vn -0.0996 -0.9793 -0.1760
vn 0.0662 -0.1358 -0.9885
vn -0.0647 0.9905 0.1211
vn -0.0730 0.9479 0.3102
vn -0.8667 0.0719 -0.4936
vn -0.9525 0.2023 0.2275
vn 0.2673 0.7240 0.6359
vn 0.9353 -0.0838 0.3438
vn -0.0202 -0.7381 0.6743
vn 0.4674 -0.6995 -0.5406
vn 0.3220 0.9462 -0.0323
vn -0.7579 0.2355 -0.6083
vt 0.551771 0.821043
vt 0.490236 0.981936
vt 0.443965 0.755163
vt 0.609545 0.740303
vt 0.579499 0.265268
vt 0.447677 0.232718
vt 0.490446 0.016300
vt 0.320967 0.499695
vt 0.242238 0.673984
vt 0.142687 0.564850
vt 0.543218 0.480597
vt 0.654480 0.663904
vt 0.651690 0.523626
vt 0.809399 0.589510
vt 0.375000 0.930496
vt 0.603518 0.001237
vt 0.583364 0.169025
vt 0.384386 0.054537
vt 0.382289 0.419599
s 0
g Cube.008_Material
usemtl Material
f 928/1879/1470 929/1880/1470 927/1881/1470
f 928/1879/1471 933/1882/1471 929/1880/1471
f 930/1883/1472 931/1884/1472 929/1885/1472
f 932/1886/1473 926/1887/1473 931/1888/1473
f 934/1889/1474 927/1881/1474 932/1886/1474
f 934/1889/1475 933/1890/1475 927/1881/1475
f 930/1883/1476 934/1889/1476 931/1884/1476
f 934/1891/1477 930/1892/1477 933/1890/1477
f 933/1890/1478 928/1879/1478 927/1881/1478
f 926/1893/1479 927/1881/1479 929/1880/1479
f 933/1894/1480 930/1895/1480 929/1885/1480
f 926/1896/1481 929/1885/1481 931/1884/1481
f 926/1887/1482 932/1886/1482 927/1881/1482
f 932/1897/1483 931/1884/1483 934/1889/1483
o Cube.009
v 11.619054 1.086641 -9.403780
v 11.478055 1.050664 -9.304219
v 11.720372 0.959011 -9.504228
v 11.630601 0.984652 -9.660309
v 11.287950 0.911655 -9.399610
v 11.398669 0.827280 -9.256908
v 11.410055 1.064144 -9.578713
v 11.678805 0.885952 -9.308196
v 11.552999 0.835873 -9.222626
v 11.613711 0.685239 -9.433884
v 11.612222 0.786748 -9.612578
v 11.756474 0.826061 -9.453485
v 11.322495 0.799044 -9.535524
v 11.407994 0.973512 -9.669807
v 11.405653 0.699837 -9.471786
v 11.483949 0.697957 -9.643209
vn -0.2230 0.2772 0.9346
vn 0.4363 0.4485 0.7800
vn 0.6077 -0.5536 0.5694
vn 0.6182 -0.6813 -0.3921
vn -0.6375 -0.7164 -0.2833
vn 0.0533 -0.2388 -0.9696
vn -0.8863 0.3381 -0.3164
vn -0.0794 -0.8223 0.5635
vn -0.1510 -0.8524 0.5006
vn -0.8139 -0.5319 0.2339
vn -0.6174 0.3668 0.6959
vn -0.6408 0.7424 0.1952
vn 0.7986 -0.1320 -0.5872
vn -0.0054 0.7090 -0.7052
vn 0.1983 0.9138 -0.3544
vn 0.6491 0.7165 -0.2556
vn -0.1836 0.9785 0.0935
vn 0.8484 0.4113 0.3332
vn 0.3511 0.4858 0.8005
vn 0.8763 0.3601 0.3200
vn 0.6201 -0.5509 0.5586
vn -0.6399 -0.2466 -0.7278
vn 0.2485 -0.0250 -0.9683
vn -0.9148 0.1645 -0.3688
vn -0.0665 -0.9976 -0.0194
vn -0.7895 -0.5388 0.2939
vn 0.5838 -0.7038 -0.4047
vt 0.875000 0.649805
vt 0.849233 0.683396
vt 0.832712 0.540342
vt 0.580473 0.024703
vt 0.534759 0.188184
vt 0.498710 0.020990
vt 0.437420 0.135101
vt 0.411456 0.342495
vt 0.213804 0.511922
vt 0.337875 0.601179
vt 0.185175 0.619999
vt 0.611440 0.548317
vt 0.438499 0.522151
vt 0.536413 0.434917
vt 0.517900 0.691047
vt 0.378975 0.759339
vt 0.724211 0.603714
vt 0.568883 0.768659
vt 0.609419 0.213408
vt 0.625000 0.382072
vt 0.588498 0.519208
vt 0.209844 0.718096
vt 0.479559 0.953620
vt 0.390901 0.953078
vt 0.565332 0.774863
vt 0.583031 0.973602
vt 0.389658 0.010551
vt 0.376620 0.114133
vt 0.125000 0.581137
vt 0.375000 0.421875
s 0
g Cube.009_Material
usemtl Material
f 943/1898/1484 936/1899/1484 940/1900/1484
f 936/1901/1485 943/1902/1485 935/1903/1485
f 942/1904/1486 943/1902/1486 944/1905/1486
f 944/1906/1487 945/1907/1487 946/1908/1487
f 947/1909/1488 950/1910/1488 949/1911/1488
f 948/1912/1489 938/1913/1489 945/1907/1489
f 939/1914/1490 941/1915/1490 948/1912/1490
f 940/1916/1491 944/1905/1491 943/1902/1491
f 940/1916/1492 949/1911/1492 944/1905/1492
f 949/1911/1493 939/1917/1493 947/1918/1493
f 939/1914/1494 940/1900/1494 936/1899/1494
f 939/1914/1495 936/1899/1495 941/1915/1495
f 937/1919/1496 946/1908/1496 945/1907/1496 938/1913/1496
f 938/1913/1497 948/1912/1497 941/1915/1497
f 941/1915/1498 935/1920/1498 938/1913/1498
f 935/1920/1499 937/1921/1499 938/1913/1499
f 941/1922/1500 936/1923/1500 935/1920/1500
f 935/1903/1501 942/1904/1501 937/1924/1501
f 942/1904/1502 935/1903/1502 943/1902/1502
f 937/1924/1503 942/1904/1503 946/1925/1503
f 944/1906/1504 946/1908/1504 942/1926/1504
f 950/1910/1505 947/1909/1505 948/1912/1505
f 950/1910/1506 948/1912/1506 945/1907/1506
f 947/1909/1507 939/1914/1507 948/1912/1507
f 944/1905/1508 949/1911/1508 950/1910/1508
f 940/1916/1509 939/1917/1509 949/1911/1509
f 945/1927/1510 944/1905/1510 950/1910/1510
o Cube.010
v 11.628860 0.920860 -8.959099
v 11.626537 0.939754 -8.845071
v 11.586212 0.858860 -8.736041
v 11.582717 0.811638 -8.956316
v 11.746438 0.899087 -8.989091
v 11.705781 0.838901 -8.751456
v 11.487743 0.825114 -8.797872
v 11.643726 0.719009 -8.847257
v 11.692068 0.805982 -9.015775
vn 0.8611 -0.5082 0.0186
vn 0.8840 -0.4674 0.0124
vn -0.0663 -0.8277 0.5573
vn -0.1355 -0.5748 0.8070
vn 0.2062 0.7478 0.6311
vn -0.9188 0.3860 -0.0827
vn -0.1673 0.3607 -0.9176
vn -0.4635 0.1737 -0.8689
vn 0.6020 0.7434 0.2913
vn -0.6554 0.6104 -0.4448
vn -0.5063 0.7716 0.3852
vn -0.3162 -0.8030 -0.5051
vn -0.5995 -0.7435 -0.2961
vn 0.1404 0.9772 -0.1591
vt 0.856741 0.527884
vt 0.792799 0.664448
vt 0.661337 0.518959
vt 0.570885 0.667835
vt 0.614877 0.834550
vt 0.495616 0.943630
vt 0.319826 0.718976
vt 0.602263 0.105449
vt 0.455701 0.107225
vt 0.553174 0.006579
vt 0.371255 0.573451
vt 0.135465 0.689951
vt 0.165587 0.530358
vt 0.553103 0.308270
vt 0.565029 0.471740
vt 0.392929 0.256090
vt 0.405598 0.560759
vt 0.171875 0.750000
s 0
g Cube.010_Material
usemtl Material
f 955/1928/1511 956/1929/1511 959/1930/1511
f 959/1930/1512 956/1929/1512 958/1931/1512
f 956/1932/1513 953/1933/1513 957/1934/1513
f 958/1931/1514 956/1932/1514 957/1934/1514
f 956/1935/1515 952/1936/1515 953/1937/1515
f 954/1938/1516 952/1939/1516 951/1940/1516
f 955/1941/1517 959/1942/1517 951/1943/1517
f 959/1942/1518 954/1944/1518 951/1943/1518
f 952/1936/1519 956/1935/1519 955/1941/1519
f 954/1938/1520 957/1934/1520 952/1939/1520
f 952/1939/1521 957/1934/1521 953/1945/1521
f 959/1930/1522 958/1931/1522 954/1944/1522
f 958/1931/1523 957/1934/1523 954/1944/1523
f 951/1943/1524 952/1936/1524 955/1941/1524
o Cube.011
v 11.574195 0.819024 -8.760525
v 11.173337 0.733500 -8.662474
v 11.384571 0.646290 -8.517901
v 11.411716 0.637483 -8.783820
v 11.347703 0.826702 -8.863256
v 11.411228 0.980703 -8.687394
v 11.542689 0.828924 -8.526481
v 11.240416 0.976084 -8.683761
v 11.302010 0.858052 -8.516999
vn -0.6141 -0.2426 0.7510
vn -0.3770 -0.9262 -0.0078
vn 0.7310 -0.6705 0.1268
vn 0.3944 -0.2391 -0.8873
vn -0.0344 0.7580 -0.6514
vn 0.3332 0.6464 -0.6864
vn 0.7178 0.6930 0.0673
vn 0.1178 0.7686 0.6288
vn 0.0408 0.0116 0.9991
vn -0.8244 0.2715 0.4967
vn -0.0097 0.8145 0.5801
vn 0.7546 -0.6487 0.0985
vn -0.5436 -0.4745 -0.6923
vn -0.7812 0.1631 -0.6027
vt 0.534218 0.539052
vt 0.807613 0.537738
vt 0.651467 0.712344
vt 0.812212 0.722590
vt 0.440472 0.699464
vt 0.505279 0.954605
vt 0.394685 0.910428
vt 0.529494 0.041599
vt 0.440272 0.169217
vt 0.407900 0.015209
vt 0.224689 0.500632
vt 0.298939 0.554231
vt 0.143822 0.628706
vt 0.350796 0.501919
vt 0.236030 0.724989
vt 0.358556 0.714558
vt 0.602122 0.296489
vt 0.527241 0.521298
vt 0.452229 0.375318
s 0
g Cube.011_Material
usemtl Material
f 968/1946/1525 961/1947/1525 962/1948/1525
f 962/1948/1526 961/1947/1526 963/1949/1526
f 966/1950/1527 963/1951/1527 960/1952/1527
f 963/1953/1528 964/1954/1528 960/1955/1528
f 967/1956/1529 965/1957/1529 964/1958/1529
f 964/1958/1530 965/1959/1530 960/1960/1530
f 965/1959/1531 966/1961/1531 960/1960/1531
f 965/1959/1532 968/1946/1532 966/1950/1532
f 968/1946/1533 962/1948/1533 966/1950/1533
f 961/1962/1534 968/1963/1534 967/1964/1534
f 967/1964/1535 968/1946/1535 965/1959/1535
f 962/1948/1536 963/1951/1536 966/1950/1536
f 963/1953/1537 961/1962/1537 964/1954/1537
f 961/1962/1538 967/1964/1538 964/1954/1538
o Cube.006
v 10.774098 0.647467 -9.032879
v 10.812337 0.876681 -9.044614
v 10.593395 0.838204 -8.907902
v 10.855632 0.737013 -8.955740
v 10.743877 0.846500 -8.899347
v 10.699545 0.716020 -8.828018
v 10.659463 0.667744 -9.026887
v 10.755231 0.818381 -9.133857
v 10.606174 0.879855 -9.029582
vn 0.4545 -0.7817 0.4270
vn 0.6006 0.2167 0.7696
vn -0.8081 -0.5140 0.2877
vn 0.8766 -0.1693 -0.4504
vn 0.7653 -0.1596 -0.6236
vn -0.6098 -0.1631 -0.7756
vn -0.1353 -0.5150 -0.8464
vn -0.0260 0.8444 -0.5350
vn 0.0309 0.9756 0.2172
vn -0.0701 0.9460 0.3165
vn -0.0766 0.4982 0.8637
vn -0.1548 -0.9525 0.2624
vn -0.9530 -0.2417 -0.1828
vn 0.7303 0.5132 0.4508
vt 0.423616 0.817668
vt 0.438163 0.985880
vt 0.399025 0.926987
vt 0.584080 0.909473
vt 0.477709 0.045024
vt 0.607265 0.122218
vt 0.441545 0.286085
vt 0.565477 0.549583
vt 0.592013 0.712367
vt 0.289400 0.584684
vt 0.400831 0.754486
vt 0.615924 0.357557
vt 0.551199 0.540629
vt 0.429879 0.509305
vt 0.769145 0.562221
vt 0.604783 0.677624
vt 0.780055 0.741830
vt 0.860509 0.631959
vt 0.567506 0.015179
vt 0.377433 0.096481
s 0
g Cube.006_Material
usemtl Material
f 972/1965/1539 974/1966/1539 969/1967/1539
f 973/1968/1540 974/1966/1540 972/1965/1540
f 974/1969/1541 971/1970/1541 975/1971/1541
f 976/1972/1542 970/1973/1542 969/1974/1542
f 970/1973/1543 972/1975/1543 969/1974/1543
f 975/1971/1544 977/1976/1544 976/1977/1544
f 976/1977/1545 969/1978/1545 975/1971/1545
f 976/1972/1546 977/1979/1546 970/1980/1546
f 970/1980/1547 977/1979/1547 973/1981/1547
f 977/1979/1548 971/1982/1548 973/1981/1548
f 973/1983/1549 971/1970/1549 974/1969/1549
f 969/1984/1550 974/1969/1550 975/1971/1550
f 975/1971/1551 971/1970/1551 977/1976/1551
f 970/1973/1552 973/1968/1552 972/1965/1552
o Cube.007
v 10.780172 0.868837 -9.423046
v 11.001839 0.808419 -9.417574
v 10.768606 0.808114 -9.267043
v 10.801856 0.632979 -9.269100
v 10.711720 0.690018 -9.438292
v 10.847687 0.779867 -9.551865
v 10.969159 0.666153 -9.327641
v 10.932425 0.844161 -9.299841
v 10.926567 0.670617 -9.516460
vn 0.6214 0.2035 -0.7566
vn 0.2637 0.9552 -0.1345
vn 0.9137 -0.3453 -0.2143
vn -0.1337 0.9268 0.3508
vn -0.9337 0.3516 0.0676
vn 0.1910 0.0247 0.9813
vn 0.1731 -0.9829 -0.0623
vn 0.2439 0.8530 -0.4613
vn -0.7239 0.3288 -0.6065
vn -0.3355 -0.5008 -0.7979
vn -0.8922 -0.1743 0.4166
vn 0.3426 -0.0755 0.9364
vn 0.8703 0.1044 0.4814
vn -0.1708 -0.9576 -0.2318
vt 0.862532 0.586626
vt 0.666025 0.612825
vt 0.793538 0.524739
vt 0.799625 0.742317
vt 0.596159 0.725728
vt 0.676667 0.500000
vt 0.533198 0.702151
vt 0.502729 0.907748
vt 0.315429 0.689365
vt 0.215046 0.717794
vt 0.139986 0.551629
vt 0.365533 0.517965
vt 0.592775 0.342442
vt 0.523296 0.508923
vt 0.395346 0.376049
vt 0.510142 0.020803
vt 0.592582 0.143625
vt 0.414253 0.208459
s 0
g Cube.007_Material
usemtl Material
f 983/1985/1553 979/1986/1553 986/1987/1553
f 979/1986/1554 978/1988/1554 985/1989/1554
f 986/1987/1555 979/1986/1555 984/1990/1555
f 985/1991/1556 978/1992/1556 980/1993/1556
f 980/1993/1557 978/1994/1557 982/1995/1557
f 981/1996/1558 985/1991/1558 980/1993/1558
f 986/1997/1559 984/1998/1559 981/1999/1559
f 983/1985/1560 978/1988/1560 979/1986/1560
f 978/2000/1561 983/2001/1561 982/2002/1561
f 982/2002/1562 983/2001/1562 986/1997/1562
f 982/1995/1563 981/1996/1563 980/1993/1563
f 981/1996/1564 984/1998/1564 985/1991/1564
f 984/1998/1565 979/1986/1565 985/1991/1565
f 982/2002/1566 986/1997/1566 981/1999/1566
o Cube.008
v 11.748682 0.743875 -9.239483
v 11.582048 0.805781 -9.229935
v 11.468896 0.832968 -9.126195
v 11.618864 0.806247 -9.026667
v 11.462289 0.644155 -8.997835
v 11.652201 0.605204 -9.063088
v 11.669569 0.634361 -9.256955
v 11.368761 0.767623 -9.109739
v 11.460978 0.636848 -9.175500
vn 0.2000 0.9790 -0.0385
vn -0.3255 0.6675 0.6697
vn 0.3001 -0.1216 0.9461
vn 0.8117 -0.5839 -0.0151
vn -0.3639 -0.0391 -0.9306
vn -0.5003 0.0807 -0.8621
vn -0.1870 -0.9815 0.0417
vn -0.8097 -0.5861 0.0301
vn -0.4794 0.5656 -0.6711
vn 0.3443 0.9366 -0.0645
vn -0.3426 0.4751 0.8105
vn 0.8591 0.0502 0.5093
vn 0.0015 0.1565 -0.9877
vn -0.0721 -0.9853 -0.1547
vt 0.551771 0.821043
vt 0.490236 0.981936
vt 0.443965 0.755163
vt 0.609545 0.740303
vt 0.579499 0.265268
vt 0.447677 0.232718
vt 0.490446 0.016300
vt 0.320967 0.499695
vt 0.242238 0.673984
vt 0.142687 0.564850
vt 0.543218 0.480597
vt 0.654480 0.663904
vt 0.651690 0.523626
vt 0.809399 0.589510
vt 0.375000 0.930496
vt 0.603518 0.001237
vt 0.583364 0.169025
vt 0.384386 0.054537
vt 0.382289 0.419599
s 0
g Cube.008_Material
usemtl Material
f 989/2003/1567 990/2004/1567 988/2005/1567
f 989/2003/1568 994/2006/1568 990/2004/1568
f 991/2007/1569 992/2008/1569 990/2009/1569
f 993/2010/1570 987/2011/1570 992/2012/1570
f 995/2013/1571 988/2005/1571 993/2010/1571
f 995/2013/1572 994/2014/1572 988/2005/1572
f 991/2007/1573 995/2013/1573 992/2008/1573
f 995/2015/1574 991/2016/1574 994/2014/1574
f 994/2014/1575 989/2003/1575 988/2005/1575
f 987/2017/1576 988/2005/1576 990/2004/1576
f 994/2018/1577 991/2019/1577 990/2009/1577
f 987/2020/1578 990/2009/1578 992/2008/1578
f 987/2011/1579 993/2010/1579 988/2005/1579
f 993/2021/1580 992/2008/1580 995/2013/1580
o Cube.009
v 11.150398 0.509672 -8.873431
v 11.135814 0.688425 -8.948620
v 11.280282 0.451901 -8.717314
v 11.145883 0.476802 -8.570490
v 11.105336 0.909226 -8.778732
v 11.296905 0.891199 -8.885147
v 10.979356 0.664859 -8.679409
v 11.392748 0.585305 -8.875113
v 11.393768 0.753112 -8.930365
v 11.476905 0.712730 -8.651366
v 11.321477 0.609787 -8.522411
v 11.433970 0.501584 -8.705778
v 11.169502 0.895537 -8.591522
v 11.020365 0.686964 -8.545533
v 11.327244 0.887819 -8.611180
v 11.309547 0.766013 -8.443666
vn -0.0092 0.3054 -0.9522
vn 0.1580 -0.3719 -0.9147
vn 0.9490 -0.1038 -0.2978
vn 0.7198 -0.3068 0.6227
vn 0.1128 0.7979 0.5921
vn -0.1233 -0.1893 0.9741
vn -0.8443 0.5064 0.1750
vn 0.7864 0.5999 -0.1475
vn 0.7495 0.6578 -0.0749
vn 0.0555 0.9970 0.0539
vn -0.3719 0.5333 -0.7598
vn -0.8473 0.2454 -0.4710
vn 0.3255 -0.7672 0.5527
vn -0.7935 -0.5128 0.3277
vn -0.7209 -0.6878 -0.0854
vn -0.2934 -0.9499 -0.1074
vn -0.8199 -0.2775 -0.5008
vn 0.2524 -0.8201 -0.5135
vn 0.0908 -0.3119 -0.9458
vn 0.3022 -0.8232 -0.4806
vn 0.9497 -0.1184 -0.2898
vn -0.4044 0.4631 0.7887
vn -0.1832 -0.4536 0.8722
vn -0.7439 0.5978 0.2987
vn 0.7264 0.5170 0.4527
vn 0.0947 0.9955 0.0018
vn 0.7145 -0.2706 0.6452
vt 0.875000 0.649805
vt 0.849233 0.683396
vt 0.832712 0.540342
vt 0.580473 0.024703
vt 0.534759 0.188184
vt 0.498710 0.020990
vt 0.437420 0.135101
vt 0.411456 0.342495
vt 0.213804 0.511922
vt 0.337875 0.601179
vt 0.185175 0.619999
vt 0.611440 0.548317
vt 0.438499 0.522151
vt 0.536413 0.434917
vt 0.517900 0.691047
vt 0.378975 0.759339
vt 0.724211 0.603714
vt 0.568883 0.768659
vt 0.609419 0.213408
vt 0.625000 0.382072
vt 0.588498 0.519208
vt 0.209844 0.718096
vt 0.479559 0.953620
vt 0.390901 0.953078
vt 0.565332 0.774863
vt 0.583031 0.973602
vt 0.389658 0.010551
vt 0.376620 0.114133
vt 0.125000 0.581137
vt 0.375000 0.421875
s 0
g Cube.009_Material
usemtl Material
f 1004/2022/1581 997/2023/1581 1001/2024/1581
f 997/2025/1582 1004/2026/1582 996/2027/1582
f 1003/2028/1583 1004/2026/1583 1005/2029/1583
f 1005/2030/1584 1006/2031/1584 1007/2032/1584
f 1008/2033/1585 1011/2034/1585 1010/2035/1585
f 1009/2036/1586 999/2037/1586 1006/2031/1586
f 1000/2038/1587 1002/2039/1587 1009/2036/1587
f 1001/2040/1588 1005/2029/1588 1004/2026/1588
f 1001/2040/1589 1010/2035/1589 1005/2029/1589
f 1010/2035/1590 1000/2041/1590 1008/2042/1590
f 1000/2038/1591 1001/2024/1591 997/2023/1591
f 1000/2038/1592 997/2023/1592 1002/2039/1592
f 998/2043/1593 1007/2032/1593 1006/2031/1593 999/2037/1593
f 999/2037/1594 1009/2036/1594 1002/2039/1594
f 1002/2039/1595 996/2044/1595 999/2037/1595
f 996/2044/1596 998/2045/1596 999/2037/1596
f 1002/2046/1597 997/2047/1597 996/2044/1597
f 996/2027/1598 1003/2028/1598 998/2048/1598
f 1003/2028/1599 996/2027/1599 1004/2026/1599
f 998/2048/1600 1003/2028/1600 1007/2049/1600
f 1005/2030/1601 1007/2032/1601 1003/2050/1601
f 1011/2034/1602 1008/2033/1602 1009/2036/1602
f 1011/2034/1603 1009/2036/1603 1006/2031/1603
f 1008/2033/1604 1000/2038/1604 1009/2036/1604
f 1005/2029/1605 1010/2035/1605 1011/2034/1605
f 1001/2040/1606 1000/2041/1606 1010/2035/1606
f 1006/2051/1607 1005/2029/1607 1011/2034/1607
o Cube.010
v 11.206880 0.645466 -8.805295
v 11.304057 0.555244 -8.841784
v 11.470102 0.571168 -8.865517
v 11.290847 0.758615 -8.797864
v 11.176237 0.619779 -8.664186
v 11.451969 0.533204 -8.726360
v 11.447629 0.693410 -8.938298
v 11.450585 0.729378 -8.709129
v 11.221972 0.743705 -8.667454
vn 0.2048 -0.0498 0.9775
vn 0.1735 -0.0850 0.9812
vn 0.9350 0.2918 0.2015
vn 0.9999 0.0083 -0.0142
vn 0.0560 -0.9651 -0.2560
vn -0.1795 0.1965 -0.9639
vn -0.9301 0.3396 -0.1402
vn -0.7479 0.5766 -0.3290
vn -0.2637 -0.9519 0.1561
vn -0.6330 0.1239 -0.7642
vn -0.0718 -0.5200 -0.8512
vn 0.0908 0.9829 0.1603
vn 0.2595 0.9535 -0.1530
vn -0.7076 -0.6520 -0.2724
vt 0.856741 0.527884
vt 0.792799 0.664448
vt 0.661337 0.518959
vt 0.570885 0.667835
vt 0.614877 0.834550
vt 0.495616 0.943630
vt 0.319826 0.718976
vt 0.602263 0.105449
vt 0.455701 0.107225
vt 0.553174 0.006579
vt 0.371255 0.573451
vt 0.135465 0.689951
vt 0.165587 0.530358
vt 0.553103 0.308270
vt 0.565029 0.471740
vt 0.392929 0.256090
vt 0.405598 0.560759
vt 0.171875 0.750000
s 0
g Cube.010_Material
usemtl Material
f 1016/2052/1608 1017/2053/1608 1020/2054/1608
f 1020/2054/1609 1017/2053/1609 1019/2055/1609
f 1017/2056/1610 1014/2057/1610 1018/2058/1610
f 1019/2055/1611 1017/2056/1611 1018/2058/1611
f 1017/2059/1612 1013/2060/1612 1014/2061/1612
f 1015/2062/1613 1013/2063/1613 1012/2064/1613
f 1016/2065/1614 1020/2066/1614 1012/2067/1614
f 1020/2066/1615 1015/2068/1615 1012/2067/1615
f 1013/2060/1616 1017/2059/1616 1016/2065/1616
f 1015/2062/1617 1018/2058/1617 1013/2063/1617
f 1013/2063/1618 1018/2058/1618 1014/2069/1618
f 1020/2054/1619 1019/2055/1619 1015/2068/1619
f 1019/2055/1620 1018/2058/1620 1015/2068/1620
f 1012/2067/1621 1013/2060/1621 1016/2065/1621
o Cube.011
v 11.180300 0.447987 -8.631158
v 11.089232 0.825575 -8.812744
v 11.265534 0.643674 -8.920070
v 11.276504 0.676852 -8.650231
v 11.072021 0.669295 -8.573023
v 10.963532 0.510417 -8.727047
v 11.165380 0.424715 -8.870032
v 10.894157 0.665372 -8.764615
v 11.034968 0.626868 -8.925302
vn -0.0165 0.4962 -0.8680
vn 0.6778 0.7259 -0.1168
vn 0.9211 -0.3888 -0.0196
vn 0.3546 -0.0714 0.9323
vn -0.7218 -0.1599 0.6734
vn -0.4660 -0.4310 0.7728
vn -0.3203 -0.9407 0.1117
vn -0.6249 -0.5536 -0.5504
vn 0.0395 -0.2397 -0.9700
vn -0.5793 0.5157 -0.6312
vn -0.7222 -0.4506 -0.5249
vn 0.9105 -0.4133 0.0138
vn 0.1761 0.8188 0.5464
vn -0.4988 0.7420 0.4479
vt 0.534218 0.539052
vt 0.807613 0.537738
vt 0.651467 0.712344
vt 0.812212 0.722590
vt 0.440472 0.699464
vt 0.505279 0.954605
vt 0.394685 0.910428
vt 0.529494 0.041599
vt 0.440272 0.169217
vt 0.407900 0.015209
vt 0.224689 0.500632
vt 0.298939 0.554231
vt 0.143822 0.628706
vt 0.350796 0.501919
vt 0.236030 0.724989
vt 0.358556 0.714558
vt 0.602122 0.296489
vt 0.527241 0.521298
vt 0.452229 0.375318
s 0
g Cube.011_Material
usemtl Material
f 1029/2070/1622 1022/2071/1622 1023/2072/1622
f 1023/2072/1623 1022/2071/1623 1024/2073/1623
f 1027/2074/1624 1024/2075/1624 1021/2076/1624
f 1024/2077/1625 1025/2078/1625 1021/2079/1625
f 1028/2080/1626 1026/2081/1626 1025/2082/1626
f 1025/2082/1627 1026/2083/1627 1021/2084/1627
f 1026/2083/1628 1027/2085/1628 1021/2084/1628
f 1026/2083/1629 1029/2070/1629 1027/2074/1629
f 1029/2070/1630 1023/2072/1630 1027/2074/1630
f 1022/2086/1631 1029/2087/1631 1028/2088/1631
f 1028/2088/1632 1029/2070/1632 1026/2083/1632
f 1023/2072/1633 1024/2075/1633 1027/2074/1633
f 1024/2077/1634 1022/2086/1634 1025/2078/1634
f 1022/2086/1635 1028/2088/1635 1025/2078/1635
o Cube.006
v 10.769839 0.460896 -9.097682
v 10.907121 0.607033 -9.206728
v 10.907635 0.668267 -8.958165
v 10.904652 0.453975 -9.137874
v 10.970037 0.582373 -9.061385
v 10.930363 0.493206 -8.944578
v 10.746624 0.541762 -9.020245
v 10.790091 0.625618 -9.201210
v 10.849153 0.727181 -9.053989
vn 0.0086 -0.9802 0.1978
vn 0.8979 -0.4392 -0.0303
vn -0.3754 0.0232 0.9266
vn -0.1221 -0.5173 -0.8470
vn -0.2814 -0.3899 -0.8768
vn -0.8738 0.4860 0.0153
vn -0.9675 -0.0383 -0.2501
vn 0.0991 0.8000 -0.5917
vn 0.7443 0.6323 -0.2149
vn 0.7639 0.6413 -0.0719
vn 0.8962 0.1488 0.4180
vn -0.4245 -0.6868 0.5900
vn -0.6081 0.4547 0.6507
vn 0.8858 -0.2022 -0.4177
vt 0.423616 0.817668
vt 0.438163 0.985880
vt 0.399025 0.926987
vt 0.584080 0.909473
vt 0.477709 0.045024
vt 0.607265 0.122218
vt 0.441545 0.286085
vt 0.565477 0.549583
vt 0.592013 0.712367
vt 0.289400 0.584684
vt 0.400831 0.754486
vt 0.615924 0.357557
vt 0.551199 0.540629
vt 0.429879 0.509305
vt 0.769145 0.562221
vt 0.604783 0.677624
vt 0.780055 0.741830
vt 0.860509 0.631959
vt 0.567506 0.015179
vt 0.377433 0.096481
s 0
g Cube.006_Material
usemtl Material
f 1033/2089/1636 1035/2090/1636 1030/2091/1636
f 1034/2092/1637 1035/2090/1637 1033/2089/1637
f 1035/2093/1638 1032/2094/1638 1036/2095/1638
f 1037/2096/1639 1031/2097/1639 1030/2098/1639
f 1031/2097/1640 1033/2099/1640 1030/2098/1640
f 1036/2095/1641 1038/2100/1641 1037/2101/1641
f 1037/2101/1642 1030/2102/1642 1036/2095/1642
f 1037/2096/1643 1038/2103/1643 1031/2104/1643
f 1031/2104/1644 1038/2103/1644 1034/2105/1644
f 1038/2103/1645 1032/2106/1645 1034/2105/1645
f 1034/2107/1646 1032/2094/1646 1035/2093/1646
f 1030/2108/1647 1035/2093/1647 1036/2095/1647
f 1036/2095/1648 1032/2094/1648 1038/2100/1648
f 1031/2097/1649 1034/2092/1649 1033/2089/1649
o Cube.007
v 11.477556 0.487960 -9.141169
v 11.432926 0.637394 -9.167779
v 11.468801 0.471262 -9.255137
v 11.352145 0.487146 -9.289793
v 11.358573 0.434460 -9.162745
v 11.391604 0.535947 -9.077250
v 11.357922 0.605629 -9.253198
v 11.481668 0.586424 -9.234742
v 11.324556 0.584252 -9.125937
vn -0.0473 0.6757 0.7356
vn 0.8650 0.3262 0.3813
vn -0.4276 0.9031 0.0396
vn 0.9931 -0.1000 -0.0616
vn 0.3922 -0.9140 0.1038
vn 0.2989 0.1339 -0.9448
vn -0.9652 0.1190 -0.2330
vn 0.6739 0.3199 0.6660
vn 0.1680 -0.6665 0.7263
vn -0.6960 -0.3164 0.6445
vn -0.0122 -0.9239 -0.3825
vn 0.1842 0.2819 -0.9416
vn 0.2048 0.8450 -0.4941
vn -0.9765 -0.2123 -0.0386
vt 0.862532 0.586626
vt 0.666025 0.612825
vt 0.793538 0.524739
vt 0.799625 0.742317
vt 0.596159 0.725728
vt 0.676667 0.500000
vt 0.533198 0.702151
vt 0.502729 0.907748
vt 0.315429 0.689365
vt 0.215046 0.717794
vt 0.139986 0.551629
vt 0.365533 0.517965
vt 0.592775 0.342442
vt 0.523296 0.508923
vt 0.395346 0.376049
vt 0.510142 0.020803
vt 0.592582 0.143625
vt 0.414253 0.208459
s 0
g Cube.007_Material
usemtl Material
f 1044/2109/1650 1040/2110/1650 1047/2111/1650
f 1040/2110/1651 1039/2112/1651 1046/2113/1651
f 1047/2111/1652 1040/2110/1652 1045/2114/1652
f 1046/2115/1653 1039/2116/1653 1041/2117/1653
f 1041/2117/1654 1039/2118/1654 1043/2119/1654
f 1042/2120/1655 1046/2115/1655 1041/2117/1655
f 1047/2121/1656 1045/2122/1656 1042/2123/1656
f 1044/2109/1657 1039/2112/1657 1040/2110/1657
f 1039/2124/1658 1044/2125/1658 1043/2126/1658
f 1043/2126/1659 1044/2125/1659 1047/2121/1659
f 1043/2119/1660 1042/2120/1660 1041/2117/1660
f 1042/2120/1661 1045/2122/1661 1046/2115/1661
f 1045/2122/1662 1040/2110/1662 1046/2115/1662
f 1043/2126/1663 1047/2121/1663 1042/2123/1663
o Cube.008
v 11.316545 0.597491 -9.112738
v 11.317157 0.477038 -9.058301
v 11.347800 0.422725 -8.960772
v 11.350334 0.554261 -8.929986
v 11.502786 0.482125 -8.925902
v 11.469561 0.600241 -9.015428
v 11.405419 0.557292 -9.139520
v 11.419184 0.369830 -8.948995
v 11.470980 0.436652 -9.045713
vn -0.9601 -0.0461 0.2760
vn -0.3094 -0.2111 0.9272
vn 0.2780 0.6287 0.7263
vn 0.2599 0.8631 -0.4331
vn -0.1078 -0.6461 -0.7556
vn -0.1526 -0.7730 -0.6158
vn 0.9590 0.0596 -0.2772
vn 0.8006 -0.5991 0.0148
vn -0.5437 -0.7942 -0.2714
vn -0.9759 0.0858 0.2007
vn -0.0905 -0.1355 0.9866
vn -0.1811 0.9490 0.2580
vn -0.4190 -0.3757 -0.8266
vn 0.8701 0.0970 -0.4833
vt 0.551771 0.821043
vt 0.490236 0.981936
vt 0.443965 0.755163
vt 0.609545 0.740303
vt 0.579499 0.265268
vt 0.447677 0.232718
vt 0.490446 0.016300
vt 0.320967 0.499695
vt 0.242238 0.673984
vt 0.142687 0.564850
vt 0.543218 0.480597
vt 0.654480 0.663904
vt 0.651690 0.523626
vt 0.809399 0.589510
vt 0.375000 0.930496
vt 0.603518 0.001237
vt 0.583364 0.169025
vt 0.384386 0.054537
vt 0.382289 0.419599
s 0
g Cube.008_Material
usemtl Material
f 1050/2127/1664 1051/2128/1664 1049/2129/1664
f 1050/2127/1665 1055/2130/1665 1051/2128/1665
f 1052/2131/1666 1053/2132/1666 1051/2133/1666
f 1054/2134/1667 1048/2135/1667 1053/2136/1667
f 1056/2137/1668 1049/2129/1668 1054/2134/1668
f 1056/2137/1669 1055/2138/1669 1049/2129/1669
f 1052/2131/1670 1056/2137/1670 1053/2132/1670
f 1056/2139/1671 1052/2140/1671 1055/2138/1671
f 1055/2138/1672 1050/2127/1672 1049/2129/1672
f 1048/2141/1673 1049/2129/1673 1051/2128/1673
f 1055/2142/1674 1052/2143/1674 1051/2133/1674
f 1048/2144/1675 1051/2133/1675 1053/2132/1675
f 1048/2135/1676 1054/2134/1676 1049/2129/1676
f 1054/2145/1677 1053/2132/1677 1056/2137/1677
o Cube.009
v 11.257539 0.627435 -8.822012
v 11.137124 0.676305 -8.946191
v 11.236197 0.481898 -8.693765
v 11.323551 0.354780 -8.796659
v 11.031958 0.497474 -9.101298
v 10.909797 0.582620 -8.962988
v 11.287273 0.444654 -9.030418
v 11.055410 0.602144 -8.705527
v 10.935266 0.632919 -8.811749
v 10.948262 0.376522 -8.722940
v 11.131638 0.282255 -8.760153
v 11.108583 0.454143 -8.620653
v 11.026494 0.323238 -9.044462
v 11.265130 0.316686 -9.013128
v 10.930406 0.330406 -8.933317
v 11.045561 0.192896 -8.864435
vn -0.3546 0.9035 -0.2408
vn 0.0269 0.9388 0.3434
vn -0.6104 0.2314 0.7575
vn -0.1733 -0.6345 0.7532
vn -0.5651 -0.6955 -0.4437
vn 0.3636 -0.9293 0.0654
vn 0.2309 -0.1694 -0.9581
vn -0.9865 0.0068 0.1639
vn -0.9926 -0.0694 0.0995
vn -0.7494 -0.1840 -0.6360
vn -0.2456 0.7135 -0.6562
vn 0.3262 0.5026 -0.8006
vn 0.4153 -0.4754 0.7756
vn 0.9550 -0.1954 -0.2233
vn 0.9713 0.2294 -0.0626
vn 0.8684 0.2501 0.4283
vn 0.6808 0.5961 -0.4256
vn 0.3459 0.5913 0.7285
vn 0.0245 0.9673 0.2525
vn 0.3193 0.5551 0.7680
vn -0.5992 0.2253 0.7682
vn 0.0553 -0.8060 -0.5894
vn 0.5799 -0.7902 0.1985
vn 0.1153 -0.3113 -0.9433
vn -0.7977 -0.5714 0.1930
vn -0.7825 -0.1354 -0.6077
vn -0.1926 -0.6609 0.7253
vt 0.875000 0.649805
vt 0.849233 0.683396
vt 0.832712 0.540342
vt 0.580473 0.024703
vt 0.534759 0.188184
vt 0.498710 0.020990
vt 0.437420 0.135101
vt 0.411456 0.342495
vt 0.213804 0.511922
vt 0.337875 0.601179
vt 0.185175 0.619999
vt 0.611440 0.548317
vt 0.438499 0.522151
vt 0.536413 0.434917
vt 0.517900 0.691047
vt 0.378975 0.759339
vt 0.724211 0.603714
vt 0.568883 0.768659
vt 0.609419 0.213408
vt 0.625000 0.382072
vt 0.588498 0.519208
vt 0.209844 0.718096
vt 0.479559 0.953620
vt 0.390901 0.953078
vt 0.565332 0.774863
vt 0.583031 0.973602
vt 0.389658 0.010551
vt 0.376620 0.114133
vt 0.125000 0.581137
vt 0.375000 0.421875
s 0
g Cube.009_Material
usemtl Material
f 1065/2146/1678 1058/2147/1678 1062/2148/1678
f 1058/2149/1679 1065/2150/1679 1057/2151/1679
f 1064/2152/1680 1065/2150/1680 1066/2153/1680
f 1066/2154/1681 1067/2155/1681 1068/2156/1681
f 1069/2157/1682 1072/2158/1682 1071/2159/1682
f 1070/2160/1683 1060/2161/1683 1067/2155/1683
f 1061/2162/1684 1063/2163/1684 1070/2160/1684
f 1062/2164/1685 1066/2153/1685 1065/2150/1685
f 1062/2164/1686 1071/2159/1686 1066/2153/1686
f 1071/2159/1687 1061/2165/1687 1069/2166/1687
f 1061/2162/1688 1062/2148/1688 1058/2147/1688
f 1061/2162/1689 1058/2147/1689 1063/2163/1689
f 1059/2167/1690 1068/2156/1690 1067/2155/1690 1060/2161/1690
f 1060/2161/1691 1070/2160/1691 1063/2163/1691
f 1063/2163/1692 1057/2168/1692 1060/2161/1692
f 1057/2168/1693 1059/2169/1693 1060/2161/1693
f 1063/2170/1694 1058/2171/1694 1057/2168/1694
f 1057/2151/1695 1064/2152/1695 1059/2172/1695
f 1064/2152/1696 1057/2151/1696 1065/2150/1696
f 1059/2172/1697 1064/2152/1697 1068/2173/1697
f 1066/2154/1698 1068/2156/1698 1064/2174/1698
f 1072/2158/1699 1069/2157/1699 1070/2160/1699
f 1072/2158/1700 1070/2160/1700 1067/2155/1700
f 1069/2157/1701 1061/2162/1701 1070/2160/1701
f 1066/2153/1702 1071/2159/1702 1072/2158/1702
f 1062/2164/1703 1061/2165/1703 1071/2159/1703
f 1067/2175/1704 1066/2153/1704 1072/2158/1704
o Cube.010
v 11.248207 0.271271 -9.304904
v 11.152239 0.373568 -9.391687
v 11.015401 0.511381 -9.335888
v 11.191403 0.315321 -9.151712
v 11.410027 0.340198 -9.306324
v 11.167623 0.595446 -9.348536
v 10.950780 0.399999 -9.220752
v 11.172881 0.534266 -9.120475
v 11.367826 0.337126 -9.153605
vn 0.6925 0.6916 0.2053
vn 0.7150 0.6792 0.1657
vn -0.3773 0.7624 0.5257
vn -0.5763 0.7859 0.2241
vn -0.1904 0.2001 -0.9611
vn -0.7035 -0.7084 -0.0571
vn 0.3910 -0.9160 0.0896
vn 0.1197 -0.9415 0.3151
vn 0.3288 0.1583 -0.9310
vn -0.2791 -0.9426 -0.1832
vn -0.6327 -0.3481 -0.6918
vn 0.0278 -0.1389 0.9899
vn -0.3240 -0.1604 0.9324
vn 0.2101 -0.5104 -0.8339
vt 0.856741 0.527884
vt 0.792799 0.664448
vt 0.661337 0.518959
vt 0.570885 0.667835
vt 0.614877 0.834550
vt 0.495616 0.943630
vt 0.319826 0.718976
vt 0.602263 0.105449
vt 0.455701 0.107225
vt 0.553174 0.006579
vt 0.371255 0.573451
vt 0.135465 0.689951
vt 0.165587 0.530358
vt 0.553103 0.308270
vt 0.565029 0.471740
vt 0.392929 0.256090
vt 0.405598 0.560759
vt 0.171875 0.750000
s 0
g Cube.010_Material
usemtl Material
f 1077/2176/1705 1078/2177/1705 1081/2178/1705
f 1081/2178/1706 1078/2177/1706 1080/2179/1706
f 1078/2180/1707 1075/2181/1707 1079/2182/1707
f 1080/2179/1708 1078/2180/1708 1079/2182/1708
f 1078/2183/1709 1074/2184/1709 1075/2185/1709
f 1076/2186/1710 1074/2187/1710 1073/2188/1710
f 1077/2189/1711 1081/2190/1711 1073/2191/1711
f 1081/2190/1712 1076/2192/1712 1073/2191/1712
f 1074/2184/1713 1078/2183/1713 1077/2189/1713
f 1076/2186/1714 1079/2182/1714 1074/2187/1714
f 1074/2187/1715 1079/2182/1715 1075/2193/1715
f 1081/2178/1716 1080/2179/1716 1076/2192/1716
f 1080/2179/1717 1079/2182/1717 1076/2192/1717
f 1073/2191/1718 1074/2184/1718 1077/2189/1718
o Cube.011
v 11.145294 0.308870 -8.903095
v 11.534033 0.358197 -9.070802
v 11.349597 0.180196 -9.166180
v 11.367834 0.200664 -8.897087
v 11.367600 0.411937 -8.845788
v 11.224119 0.507767 -9.019714
v 11.135482 0.295588 -9.141574
v 11.383491 0.564048 -9.055940
v 11.345923 0.407574 -9.199746
vn 0.5411 -0.1143 -0.8331
vn 0.6923 -0.7216 0.0080
vn -0.4378 -0.8965 0.0679
vn -0.1396 -0.2338 0.9622
vn -0.1547 0.8058 0.5716
vn -0.4443 0.5776 0.6848
vn -0.9260 0.3770 0.0171
vn -0.4885 0.5790 -0.6528
vn -0.1904 -0.1464 -0.9707
vn 0.5794 0.4717 -0.6646
vn -0.3817 0.6734 -0.6331
vn -0.4633 -0.8807 0.0984
vn 0.7780 -0.1474 0.6107
vn 0.7440 0.5132 0.4278
vt 0.534218 0.539052
vt 0.807613 0.537738
vt 0.651467 0.712344
vt 0.812212 0.722590
vt 0.440472 0.699464
vt 0.505279 0.954605
vt 0.394685 0.910428
vt 0.529494 0.041599
vt 0.440272 0.169217
vt 0.407900 0.015209
vt 0.224689 0.500632
vt 0.298939 0.554231
vt 0.143822 0.628706
vt 0.350796 0.501919
vt 0.236030 0.724989
vt 0.358556 0.714558
vt 0.602122 0.296489
vt 0.527241 0.521298
vt 0.452229 0.375318
s 0
g Cube.011_Material
usemtl Material
f 1090/2194/1719 1083/2195/1719 1084/2196/1719
f 1084/2196/1720 1083/2195/1720 1085/2197/1720
f 1088/2198/1721 1085/2199/1721 1082/2200/1721
f 1085/2201/1722 1086/2202/1722 1082/2203/1722
f 1089/2204/1723 1087/2205/1723 1086/2206/1723
f 1086/2206/1724 1087/2207/1724 1082/2208/1724
f 1087/2207/1725 1088/2209/1725 1082/2208/1725
f 1087/2207/1726 1090/2194/1726 1088/2198/1726
f 1090/2194/1727 1084/2196/1727 1088/2198/1727
f 1083/2210/1728 1090/2211/1728 1089/2212/1728
f 1089/2212/1729 1090/2194/1729 1087/2207/1729
f 1084/2196/1730 1085/2199/1730 1088/2198/1730
f 1085/2201/1731 1083/2210/1731 1086/2202/1731
f 1083/2210/1732 1089/2212/1732 1086/2202/1732
o Cube.006
v 11.373602 0.243676 -9.035531
v 11.229519 0.284323 -8.950430
v 11.240381 0.397076 -9.106870
v 11.275866 0.201968 -9.034737
v 11.206413 0.297856 -9.068360
v 11.268487 0.279243 -9.163172
v 11.378412 0.324679 -9.064829
v 11.308201 0.320489 -8.927813
v 11.257210 0.419987 -9.015537
vn 0.3366 -0.7982 -0.4996
vn -0.7025 -0.6269 -0.3368
vn 0.4732 0.4691 -0.7457
vn 0.1634 -0.7537 0.6366
vn 0.2671 -0.6118 0.7445
vn 0.6628 0.6568 0.3597
vn 0.8829 0.1124 0.4559
vn -0.4341 0.4603 0.7744
vn -0.9311 0.2938 0.2161
vn -0.9324 0.3517 0.0836
vn -0.8285 0.0679 -0.5558
vn 0.7018 -0.2788 -0.6556
vn 0.5129 0.8056 -0.2966
vn -0.8219 -0.5614 0.0966
vt 0.423616 0.817668
vt 0.438163 0.985880
vt 0.399025 0.926987
vt 0.584080 0.909473
vt 0.477709 0.045024
vt 0.607265 0.122218
vt 0.441545 0.286085
vt 0.565477 0.549583
vt 0.592013 0.712367
vt 0.289400 0.584684
vt 0.400831 0.754486
vt 0.615924 0.357557
vt 0.551199 0.540629
vt 0.429879 0.509305
vt 0.769145 0.562221
vt 0.604783 0.677624
vt 0.780055 0.741830
vt 0.860509 0.631959
vt 0.567506 0.015179
vt 0.377433 0.096481
s 0
g Cube.006_Material
usemtl Material
f 1094/2213/1733 1096/2214/1733 1091/2215/1733
f 1095/2216/1734 1096/2214/1734 1094/2213/1734
f 1096/2217/1735 1093/2218/1735 1097/2219/1735
f 1098/2220/1736 1092/2221/1736 1091/2222/1736
f 1092/2221/1737 1094/2223/1737 1091/2222/1737
f 1097/2219/1738 1099/2224/1738 1098/2225/1738
f 1098/2225/1739 1091/2226/1739 1097/2219/1739
f 1098/2220/1740 1099/2227/1740 1092/2228/1740
f 1092/2228/1741 1099/2227/1741 1095/2229/1741
f 1099/2227/1742 1093/2230/1742 1095/2229/1742
f 1095/2231/1743 1093/2218/1743 1096/2217/1743
f 1091/2232/1744 1096/2217/1744 1097/2219/1744
f 1097/2219/1745 1093/2218/1745 1099/2224/1745
f 1092/2221/1746 1095/2216/1746 1094/2213/1746
o Cube.007
v 11.234476 0.220169 -8.900288
v 11.140723 0.318557 -9.010195
v 11.334236 0.294256 -8.929369
v 11.363569 0.280594 -9.061035
v 11.309996 0.150187 -9.003919
v 11.160156 0.164020 -8.990495
v 11.240418 0.331655 -9.093213
v 11.224870 0.358875 -8.956930
v 11.167097 0.204049 -9.088357
vn -0.9821 -0.1397 -0.1268
vn -0.6032 0.2654 0.7521
vn -0.6286 0.3345 -0.7021
vn -0.0104 0.3774 0.9260
vn 0.5440 -0.4560 0.7044
vn 0.5043 0.8632 0.0228
vn 0.1924 -0.1474 -0.9702
vn -0.7672 -0.0147 0.6412
vn -0.0285 -0.8379 0.5451
vn -0.1189 -0.9160 -0.3831
vn 0.9308 -0.2789 0.2363
vn 0.4092 0.9026 -0.1336
vn -0.3048 0.9267 -0.2199
vn 0.3027 -0.4840 -0.8210
vt 0.862532 0.586626
vt 0.666025 0.612825
vt 0.793538 0.524739
vt 0.799625 0.742317
vt 0.596159 0.725728
vt 0.676667 0.500000
vt 0.533198 0.702151
vt 0.502729 0.907748
vt 0.315429 0.689365
vt 0.215046 0.717794
vt 0.139986 0.551629
vt 0.365533 0.517965
vt 0.592775 0.342442
vt 0.523296 0.508923
vt 0.395346 0.376049
vt 0.510142 0.020803
vt 0.592582 0.143625
vt 0.414253 0.208459
s 0
g Cube.007_Material
usemtl Material
f 1105/2233/1747 1101/2234/1747 1108/2235/1747
f 1101/2234/1748 1100/2236/1748 1107/2237/1748
f 1108/2235/1749 1101/2234/1749 1106/2238/1749
f 1107/2239/1750 1100/2240/1750 1102/2241/1750
f 1102/2241/1751 1100/2242/1751 1104/2243/1751
f 1103/2244/1752 1107/2239/1752 1102/2241/1752
f 1108/2245/1753 1106/2246/1753 1103/2247/1753
f 1105/2233/1754 1100/2236/1754 1101/2234/1754
f 1100/2248/1755 1105/2249/1755 1104/2250/1755
f 1104/2250/1756 1105/2249/1756 1108/2245/1756
f 1104/2243/1757 1103/2244/1757 1102/2241/1757
f 1103/2244/1758 1106/2246/1758 1107/2239/1758
f 1106/2246/1759 1101/2234/1759 1107/2239/1759
f 1104/2250/1760 1108/2245/1760 1103/2247/1760
o Cube.008
v 11.160028 0.140193 -8.841239
v 11.253536 0.164272 -8.931530
v 11.280180 0.239557 -9.015348
v 11.181416 0.299010 -8.944849
v 11.135903 0.259164 -9.102355
v 11.063435 0.206766 -8.979566
v 11.130342 0.089496 -8.923594
v 11.273849 0.225911 -9.103708
v 11.183751 0.139668 -9.072883
vn 0.6812 0.4236 0.5971
vn 0.4177 0.8929 -0.1678
vn -0.6115 0.7909 -0.0234
vn -0.8459 -0.2605 0.4653
vn 0.5112 -0.8532 -0.1039
vn 0.6444 -0.7409 -0.1892
vn -0.6908 -0.4215 -0.5875
vn -0.0737 -0.2665 -0.9610
vn 0.9378 -0.3470 -0.0136
vn 0.5879 0.3850 0.7115
vn 0.2209 0.9284 -0.2987
vn -0.5795 0.4986 0.6446
vn 0.5076 -0.8033 0.3115
vn -0.6730 -0.5942 -0.4405
vt 0.551771 0.821043
vt 0.490236 0.981936
vt 0.443965 0.755163
vt 0.609545 0.740303
vt 0.579499 0.265268
vt 0.447677 0.232718
vt 0.490446 0.016300
vt 0.320967 0.499695
vt 0.242238 0.673984
vt 0.142687 0.564850
vt 0.543218 0.480597
vt 0.654480 0.663904
vt 0.651690 0.523626
vt 0.809399 0.589510
vt 0.375000 0.930496
vt 0.603518 0.001237
vt 0.583364 0.169025
vt 0.384386 0.054537
vt 0.382289 0.419599
s 0
g Cube.008_Material
usemtl Material
f 1111/2251/1761 1112/2252/1761 1110/2253/1761
f 1111/2251/1762 1116/2254/1762 1112/2252/1762
f 1113/2255/1763 1114/2256/1763 1112/2257/1763
f 1115/2258/1764 1109/2259/1764 1114/2260/1764
f 1117/2261/1765 1110/2253/1765 1115/2258/1765
f 1117/2261/1766 1116/2262/1766 1110/2253/1766
f 1113/2255/1767 1117/2261/1767 1114/2256/1767
f 1117/2263/1768 1113/2264/1768 1116/2262/1768
f 1116/2262/1769 1111/2251/1769 1110/2253/1769
f 1109/2265/1770 1110/2253/1770 1112/2252/1770
f 1116/2266/1771 1113/2267/1771 1112/2257/1771
f 1109/2268/1772 1112/2257/1772 1114/2256/1772
f 1109/2259/1773 1115/2258/1773 1110/2253/1773
f 1115/2269/1774 1114/2256/1774 1117/2261/1774
o Cube.009
v 11.319499 -0.007600 -9.088316
v 11.354034 0.103166 -8.983400
v 11.164069 -0.044463 -9.145989
v 11.173579 0.049475 -9.276837
v 11.273561 0.312046 -9.010071
v 11.207561 0.217314 -8.876090
v 11.319675 0.201039 -9.212156
v 11.163090 -0.023249 -8.957952
v 11.178633 0.080567 -8.862163
v 10.990131 0.101271 -9.003330
v 11.030396 0.106212 -9.181096
v 11.058484 -0.049886 -9.069912
v 11.140908 0.333034 -9.096231
v 11.225718 0.239954 -9.263709
v 11.052207 0.277789 -9.022287
v 10.988071 0.240463 -9.172124
vn 0.5715 -0.0374 0.8198
vn 0.4747 -0.6787 0.5603
vn -0.5473 -0.5218 0.6543
vn -0.9217 -0.3209 -0.2177
vn -0.5220 0.8529 0.0110
vn -0.4914 0.1930 -0.8493
vn 0.5079 0.7986 -0.3228
vn -0.5728 0.2021 0.7944
vn -0.5938 0.2894 0.7507
vn -0.1605 0.8733 0.4599
vn 0.7161 0.3528 0.6022
vn 0.9324 0.3611 0.0144
vn -0.5320 -0.6090 -0.5883
vn 0.4593 -0.0647 -0.8859
vn 0.6733 -0.3778 -0.6355
vn 0.3754 -0.7656 -0.5224
vn 0.9735 -0.1174 -0.1965
vn 0.1901 -0.9755 0.1110
vn 0.5414 -0.6125 0.5760
vn 0.1312 -0.9850 0.1118
vn -0.5517 -0.5323 0.6421
vn -0.2120 0.8047 -0.5546
vn -0.3592 -0.0510 -0.9319
vn 0.3452 0.8836 -0.3163
vn -0.8909 0.3450 0.2954
vn -0.1587 0.8413 0.5167
vn -0.9346 -0.2800 -0.2195
vt 0.875000 0.649805
vt 0.849233 0.683396
vt 0.832712 0.540342
vt 0.580473 0.024703
vt 0.534759 0.188184
vt 0.498710 0.020990
vt 0.437420 0.135101
vt 0.411456 0.342495
vt 0.213804 0.511922
vt 0.337875 0.601179
vt 0.185175 0.619999
vt 0.611440 0.548317
vt 0.438499 0.522151
vt 0.536413 0.434917
vt 0.517900 0.691047
vt 0.378975 0.759339
vt 0.724211 0.603714
vt 0.568883 0.768659
vt 0.609419 0.213408
vt 0.625000 0.382072
vt 0.588498 0.519208
vt 0.209844 0.718096
vt 0.479559 0.953620
vt 0.390901 0.953078
vt 0.565332 0.774863
vt 0.583031 0.973602
vt 0.389658 0.010551
vt 0.376620 0.114133
vt 0.125000 0.581137
vt 0.375000 0.421875
s 0
g Cube.009_Material
usemtl Material
f 1126/2270/1775 1119/2271/1775 1123/2272/1775
f 1119/2273/1776 1126/2274/1776 1118/2275/1776
f 1125/2276/1777 1126/2274/1777 1127/2277/1777
f 1127/2278/1778 1128/2279/1778 1129/2280/1778
f 1130/2281/1779 1133/2282/1779 1132/2283/1779
f 1131/2284/1780 1121/2285/1780 1128/2279/1780
f 1122/2286/1781 1124/2287/1781 1131/2284/1781
f 1123/2288/1782 1127/2277/1782 1126/2274/1782
f 1123/2288/1783 1132/2283/1783 1127/2277/1783
f 1132/2283/1784 1122/2289/1784 1130/2290/1784
f 1122/2286/1785 1123/2272/1785 1119/2271/1785
f 1122/2286/1786 1119/2271/1786 1124/2287/1786
f 1120/2291/1787 1129/2280/1787 1128/2279/1787 1121/2285/1787
f 1121/2285/1788 1131/2284/1788 1124/2287/1788
f 1124/2287/1789 1118/2292/1789 1121/2285/1789
f 1118/2292/1790 1120/2293/1790 1121/2285/1790
f 1124/2294/1791 1119/2295/1791 1118/2292/1791
f 1118/2275/1792 1125/2276/1792 1120/2296/1792
f 1125/2276/1793 1118/2275/1793 1126/2274/1793
f 1120/2296/1794 1125/2276/1794 1129/2297/1794
f 1127/2278/1795 1129/2280/1795 1125/2298/1795
f 1133/2282/1796 1130/2281/1796 1131/2284/1796
f 1133/2282/1797 1131/2284/1797 1128/2279/1797
f 1130/2281/1798 1122/2286/1798 1131/2284/1798
f 1127/2277/1799 1132/2283/1799 1133/2282/1799
f 1123/2288/1800 1122/2289/1800 1132/2283/1800
f 1128/2299/1801 1127/2277/1801 1133/2282/1801
o Cube.010
v 11.139845 0.210461 -9.106722
v 11.281334 0.126193 -9.117290
v 11.345893 -0.042679 -9.026826
v 11.066249 0.111936 -8.990368
v 11.047526 0.172890 -9.251754
v 11.270354 -0.092472 -9.175963
v 11.284032 0.014914 -8.876084
v 11.085502 -0.105803 -9.029378
v 10.958282 0.121007 -9.131416
vn -0.4986 -0.5979 -0.6276
vn -0.4848 -0.5703 -0.6632
vn -0.0494 -0.9396 0.3387
vn 0.3092 -0.8997 0.3081
vn 0.8777 0.0826 -0.4721
vn 0.3910 0.5655 0.7262
vn -0.4472 0.8929 0.0533
vn -0.4487 0.8016 0.3950
vn 0.5181 0.1973 -0.8323
vn 0.1828 0.8935 0.4102
vn 0.8777 0.4387 0.1926
vn -0.7872 -0.1755 0.5912
vn -0.5224 -0.1949 0.8301
vn 0.4252 0.7730 -0.4709
vt 0.856741 0.527884
vt 0.792799 0.664448
vt 0.661337 0.518959
vt 0.570885 0.667835
vt 0.614877 0.834550
vt 0.495616 0.943630
vt 0.319826 0.718976
vt 0.602263 0.105449
vt 0.455701 0.107225
vt 0.553174 0.006579
vt 0.371255 0.573451
vt 0.135465 0.689951
vt 0.165587 0.530358
vt 0.553103 0.308270
vt 0.565029 0.471740
vt 0.392929 0.256090
vt 0.405598 0.560759
vt 0.171875 0.750000
s 0
g Cube.010_Material
usemtl Material
f 1138/2300/1802 1139/2301/1802 1142/2302/1802
f 1142/2302/1803 1139/2301/1803 1141/2303/1803
f 1139/2304/1804 1136/2305/1804 1140/2306/1804
f 1141/2303/1805 1139/2304/1805 1140/2306/1805
f 1139/2307/1806 1135/2308/1806 1136/2309/1806
f 1137/2310/1807 1135/2311/1807 1134/2312/1807
f 1138/2313/1808 1142/2314/1808 1134/2315/1808
f 1142/2314/1809 1137/2316/1809 1134/2315/1809
f 1135/2308/1810 1139/2307/1810 1138/2313/1810
f 1137/2310/1811 1140/2306/1811 1135/2311/1811
f 1135/2311/1812 1140/2306/1812 1136/2317/1812
f 1142/2302/1813 1141/2303/1813 1137/2316/1813
f 1141/2303/1814 1140/2306/1814 1137/2316/1814
f 1134/2315/1815 1135/2308/1815 1138/2313/1815
