# Blender 4.1.0
# www.blender.org
mtllib TornadoEffect20116.mtl
o Plane.002
v 11.165558 0.000000 -9.079000
o Cube.009
v 11.589873 1.857244 -10.475219
v 11.426401 1.755299 -10.535361
v 11.591092 2.061259 -10.395273
v 11.583586 2.004166 -10.195210
v 11.193056 1.740675 -10.362351
v 11.172789 1.864609 -10.552884
v 11.456800 1.750485 -10.212753
v 11.448916 2.046032 -10.593174
v 11.289410 1.970362 -10.642669
v 11.269837 2.185277 -10.427107
v 11.397324 2.140185 -10.234601
v 11.498325 2.186322 -10.458487
v 11.164330 1.888170 -10.221622
v 11.405933 1.842016 -10.109429
v 11.131563 2.019675 -10.316030
v 11.235087 2.119001 -10.154916
vn -0.1680 -0.5237 -0.8351
vn 0.4309 -0.1679 -0.8866
vn -0.1121 0.6986 -0.7067
vn 0.0247 0.9769 0.2125
vn -0.8683 0.1277 0.4792
vn 0.0891 0.3877 0.9175
vn -0.2847 -0.7828 0.5533
vn -0.7616 0.4230 -0.4909
vn -0.8165 0.4075 -0.4089
vn -0.9749 -0.2202 0.0317
vn -0.3152 -0.8105 -0.4937
vn 0.0482 -0.9986 -0.0194
vn 0.5776 0.7468 0.3297
vn 0.6572 -0.3737 0.6546
vn 0.8582 -0.4464 0.2535
vn 0.9993 -0.0186 0.0322
vn 0.5449 -0.8361 -0.0638
vn 0.7836 0.2226 -0.5801
vn 0.3952 -0.2561 -0.8822
vn 0.7692 0.2803 -0.5742
vn -0.0994 0.7071 -0.7001
vn -0.4372 -0.1234 0.8908
vn 0.3706 0.3686 0.8525
vn -0.4143 -0.6692 0.6168
vn -0.7432 0.6657 0.0672
vn -0.9772 -0.2100 -0.0326
vn -0.0114 0.9719 0.2352
vt 0.875000 0.649805
vt 0.849233 0.683396
vt 0.832712 0.540342
vt 0.580473 0.024703
vt 0.534759 0.188184
vt 0.498710 0.020990
vt 0.437420 0.135101
vt 0.411456 0.342495
vt 0.213804 0.511922
vt 0.337875 0.601179
vt 0.185175 0.619999
vt 0.611440 0.548317
vt 0.438499 0.522151
vt 0.536413 0.434917
vt 0.517900 0.691047
vt 0.378975 0.759339
vt 0.724211 0.603714
vt 0.568883 0.768659
vt 0.609419 0.213408
vt 0.625000 0.382072
vt 0.588498 0.519208
vt 0.209844 0.718096
vt 0.479559 0.953620
vt 0.390901 0.953078
vt 0.565332 0.774863
vt 0.583031 0.973602
vt 0.389658 0.010551
vt 0.376620 0.114133
vt 0.125000 0.581137
vt 0.375000 0.421875
s 0
g Cube.009_Material
usemtl Material
f 10/1/1 3/2/1 7/3/1
f 3/4/2 10/5/2 2/6/2
f 9/7/3 10/5/3 11/8/3
f 11/9/4 12/10/4 13/11/4
f 14/12/5 17/13/5 16/14/5
f 15/15/6 5/16/6 12/10/6
f 6/17/7 8/18/7 15/15/7
f 7/19/8 11/8/8 10/5/8
f 7/19/9 16/14/9 11/8/9
f 16/14/10 6/20/10 14/21/10
f 6/17/11 7/3/11 3/2/11
f 6/17/12 3/2/12 8/18/12
f 4/22/13 13/11/13 12/10/13 5/16/13
f 5/16/14 15/15/14 8/18/14
f 8/18/15 2/23/15 5/16/15
f 2/23/16 4/24/16 5/16/16
f 8/25/17 3/26/17 2/23/17
f 2/6/18 9/7/18 4/27/18
f 9/7/19 2/6/19 10/5/19
f 4/27/20 9/7/20 13/28/20
f 11/9/21 13/11/21 9/29/21
f 17/13/22 14/12/22 15/15/22
f 17/13/23 15/15/23 12/10/23
f 14/12/24 6/17/24 15/15/24
f 11/8/25 16/14/25 17/13/25
f 7/19/26 6/20/26 16/14/26
f 12/30/27 11/8/27 17/13/27
o Cube.010
v 10.966579 1.934714 -7.739059
v 11.016174 2.060094 -7.746465
v 11.170949 2.118495 -7.747380
v 11.088259 1.869387 -7.728165
v 10.924183 1.898970 -7.871956
v 11.134573 2.098563 -7.883960
v 11.204503 2.030271 -7.642073
v 11.214979 1.927109 -7.844886
v 11.016786 1.813239 -7.841837
vn 0.1325 -0.1981 -0.9712
vn 0.0891 -0.1814 -0.9794
vn 0.9632 0.0512 -0.2640
vn 0.9077 0.3910 -0.1520
vn -0.3529 0.9347 -0.0424
vn -0.0475 0.0776 0.9959
vn -0.6913 -0.6115 0.3850
vn -0.4194 -0.6811 0.6001
vn -0.6494 0.6621 -0.3740
vn -0.4947 -0.1042 0.8628
vn -0.2594 0.6980 0.6674
vn 0.4963 -0.8608 0.1131
vn 0.6463 -0.6662 0.3722
vn -0.9090 0.3708 0.1903
vt 0.856741 0.527884
vt 0.792799 0.664448
vt 0.661337 0.518959
vt 0.570885 0.667835
vt 0.614877 0.834550
vt 0.495616 0.943630
vt 0.319826 0.718976
vt 0.602263 0.105449
vt 0.455701 0.107225
vt 0.553174 0.006579
vt 0.371255 0.573451
vt 0.135465 0.689951
vt 0.165587 0.530358
vt 0.553103 0.308270
vt 0.565029 0.471740
vt 0.392929 0.256090
vt 0.405598 0.560759
vt 0.171875 0.750000
s 0
g Cube.010_Material
usemtl Material
f 22/31/28 23/32/28 26/33/28
f 26/33/29 23/32/29 25/34/29
f 23/35/30 20/36/30 24/37/30
f 25/34/31 23/35/31 24/37/31
f 23/38/32 19/39/32 20/40/32
f 21/41/33 19/42/33 18/43/33
f 22/44/34 26/45/34 18/46/34
f 26/45/35 21/47/35 18/46/35
f 19/39/36 23/38/36 22/44/36
f 21/41/37 24/37/37 19/42/37
f 19/42/38 24/37/38 20/48/38
f 26/33/39 25/34/39 21/47/39
f 25/34/40 24/37/40 21/47/40
f 18/46/41 19/39/41 22/44/41
o Cube.011
v 10.298648 1.870659 -9.838650
v 10.037319 2.025383 -10.012752
v 10.199731 2.138316 -9.906350
v 10.119646 1.959579 -9.801523
v 10.113684 1.825069 -9.918804
v 10.271887 1.864040 -10.036862
v 10.364801 2.027887 -9.935852
v 10.157830 1.889306 -10.117528
v 10.217912 2.049747 -10.072083
vn -0.2695 0.8367 -0.4767
vn -0.6893 0.5706 0.4464
vn 0.3631 0.3747 0.8531
vn -0.1650 -0.6440 0.7470
vn 0.0058 -0.9519 -0.3064
vn 0.2393 -0.9710 0.0001
vn 0.8915 -0.4404 -0.1057
vn 0.6836 0.0607 -0.7273
vn 0.4678 0.7998 -0.3761
vn -0.3346 0.3707 -0.8664
vn 0.5794 0.0139 -0.8149
vn 0.3789 0.3360 0.8623
vn -0.9306 -0.2163 0.2953
vn -0.8184 -0.4682 -0.3332
vt 0.534218 0.539052
vt 0.807613 0.537738
vt 0.651467 0.712344
vt 0.812212 0.722590
vt 0.440472 0.699464
vt 0.505279 0.954605
vt 0.394685 0.910428
vt 0.529494 0.041599
vt 0.440272 0.169217
vt 0.407900 0.015209
vt 0.224689 0.500632
vt 0.298939 0.554231
vt 0.143822 0.628706
vt 0.350796 0.501919
vt 0.236030 0.724989
vt 0.358556 0.714558
vt 0.602122 0.296489
vt 0.527241 0.521298
vt 0.452229 0.375318
s 0
g Cube.011_Material
usemtl Material
f 35/49/42 28/50/42 29/51/42
f 29/51/43 28/50/43 30/52/43
f 33/53/44 30/54/44 27/55/44
f 30/56/45 31/57/45 27/58/45
f 34/59/46 32/60/46 31/61/46
f 31/61/47 32/62/47 27/63/47
f 32/62/48 33/64/48 27/63/48
f 32/62/49 35/49/49 33/53/49
f 35/49/50 29/51/50 33/53/50
f 28/65/51 35/66/51 34/67/51
f 34/67/52 35/49/52 32/62/52
f 29/51/53 30/54/53 33/53/53
f 30/56/54 28/65/54 31/57/54
f 28/65/55 34/67/55 31/57/55
o Cube.006
v 10.059945 2.065633 -9.696708
v 10.153226 1.872056 -9.722459
v 9.968058 1.887603 -9.878633
v 10.165854 2.024379 -9.766831
v 10.104010 1.916754 -9.859127
v 10.039553 2.036952 -9.906333
v 9.965122 2.023203 -9.727751
v 10.075581 1.888848 -9.642829
v 9.974376 1.825731 -9.775760
vn 0.2671 0.9510 -0.1561
vn 0.7403 0.1387 -0.6578
vn -0.8722 0.3552 -0.3362
vn 0.7182 0.2602 0.6454
vn 0.5909 0.1801 0.7864
vn -0.7345 -0.1926 0.6507
vn -0.3959 0.2355 0.8876
vn 0.1416 -0.9317 0.3346
vn 0.3398 -0.8509 -0.4007
vn 0.2497 -0.8230 -0.5103
vn 0.1928 -0.2674 -0.9441
vn -0.3825 0.9197 -0.0886
vn -0.9981 -0.0538 0.0289
vn 0.9030 -0.1875 -0.3865
vt 0.423616 0.817668
vt 0.438163 0.985880
vt 0.399025 0.926987
vt 0.584080 0.909473
vt 0.477709 0.045024
vt 0.607265 0.122218
vt 0.441545 0.286085
vt 0.565477 0.549583
vt 0.592013 0.712367
vt 0.289400 0.584684
vt 0.400831 0.754486
vt 0.615924 0.357557
vt 0.551199 0.540629
vt 0.429879 0.509305
vt 0.769145 0.562221
vt 0.604783 0.677624
vt 0.780055 0.741830
vt 0.860509 0.631959
vt 0.567506 0.015179
vt 0.377433 0.096481
s 0
g Cube.006_Material
usemtl Material
f 39/68/56 41/69/56 36/70/56
f 40/71/57 41/69/57 39/68/57
f 41/72/58 38/73/58 42/74/58
f 43/75/59 37/76/59 36/77/59
f 37/76/60 39/78/60 36/77/60
f 42/74/61 44/79/61 43/80/61
f 43/80/62 36/81/62 42/74/62
f 43/75/63 44/82/63 37/83/63
f 37/83/64 44/82/64 40/84/64
f 44/82/65 38/85/65 40/84/65
f 40/86/66 38/73/66 41/72/66
f 36/87/67 41/72/67 42/74/67
f 42/74/68 38/73/68 44/79/68
f 37/76/69 40/71/69 39/68/69
o Cube.007
v 12.485009 1.883628 -9.558944
v 12.331895 1.904637 -9.475850
v 12.507101 2.007702 -9.535866
v 12.413987 2.082974 -9.600610
v 12.446237 1.956626 -9.680087
v 12.374828 1.840656 -9.613343
v 12.314982 2.024982 -9.524507
v 12.418049 1.964511 -9.450816
v 12.292408 1.907892 -9.611878
vn -0.6220 -0.7660 0.1622
vn 0.2753 -0.6802 0.6793
vn -0.9603 -0.0225 0.2782
vn 0.7293 -0.2484 0.6375
vn 0.9289 -0.0990 -0.3569
vn 0.2031 0.7707 0.6040
vn -0.6915 0.5129 -0.5087
vn 0.1228 -0.8846 0.4500
vn 0.5256 -0.6437 -0.5561
vn -0.2905 -0.3366 -0.8957
vn 0.7286 0.4882 -0.4804
vn 0.0170 0.7845 0.6199
vn -0.4431 0.2818 0.8510
vn -0.4728 0.3795 -0.7952
vt 0.862532 0.586626
vt 0.666025 0.612825
vt 0.793538 0.524739
vt 0.799625 0.742317
vt 0.596159 0.725728
vt 0.676667 0.500000
vt 0.533198 0.702151
vt 0.502729 0.907748
vt 0.315429 0.689365
vt 0.215046 0.717794
vt 0.139986 0.551629
vt 0.365533 0.517965
vt 0.592775 0.342442
vt 0.523296 0.508923
vt 0.395346 0.376049
vt 0.510142 0.020803
vt 0.592582 0.143625
vt 0.414253 0.208459
s 0
g Cube.007_Material
usemtl Material
f 50/88/70 46/89/70 53/90/70
f 46/89/71 45/91/71 52/92/71
f 53/90/72 46/89/72 51/93/72
f 52/94/73 45/95/73 47/96/73
f 47/96/74 45/97/74 49/98/74
f 48/99/75 52/94/75 47/96/75
f 53/100/76 51/101/76 48/102/76
f 50/88/77 45/91/77 46/89/77
f 45/103/78 50/104/78 49/105/78
f 49/105/79 50/104/79 53/100/79
f 49/98/80 48/99/80 47/96/80
f 48/99/81 51/101/81 52/94/81
f 51/101/82 46/89/82 52/94/82
f 49/105/83 53/100/83 48/102/83
o Cube.008
v 12.288632 2.062897 -8.332522
v 12.230916 1.956629 -8.401350
v 12.257600 1.845156 -8.442715
v 12.362964 1.877403 -8.352784
v 12.416772 1.863531 -8.521457
v 12.435577 1.996538 -8.434745
v 12.308272 2.082906 -8.435245
v 12.274115 1.820634 -8.532304
v 12.311140 1.949653 -8.548717
vn -0.5193 -0.4038 0.7532
vn 0.0601 -0.9599 0.2738
vn 0.8915 -0.3291 0.3114
vn 0.5415 0.7997 0.2593
vn -0.8077 0.3721 -0.4573
vn -0.8593 0.1860 -0.4766
vn 0.5269 0.4107 -0.7442
vn 0.1225 -0.1598 -0.9795
vn -0.9742 -0.1854 -0.1288
vn -0.4755 -0.2816 0.8335
vn 0.2725 -0.9479 0.1649
vn 0.6115 0.1604 0.7749
vn -0.8586 0.5085 -0.0651
vn 0.4078 0.5971 -0.6908
vt 0.551771 0.821043
vt 0.490236 0.981936
vt 0.443965 0.755163
vt 0.609545 0.740303
vt 0.579499 0.265268
vt 0.447677 0.232718
vt 0.490446 0.016300
vt 0.320967 0.499695
vt 0.242238 0.673984
vt 0.142687 0.564850
vt 0.543218 0.480597
vt 0.654480 0.663904
vt 0.651690 0.523626
vt 0.809399 0.589510
vt 0.375000 0.930496
vt 0.603518 0.001237
vt 0.583364 0.169025
vt 0.384386 0.054537
vt 0.382289 0.419599
s 0
g Cube.008_Material
usemtl Material
f 56/106/84 57/107/84 55/108/84
f 56/106/85 61/109/85 57/107/85
f 58/110/86 59/111/86 57/112/86
f 60/113/87 54/114/87 59/115/87
f 62/116/88 55/108/88 60/113/88
f 62/116/89 61/117/89 55/108/89
f 58/110/90 62/116/90 59/111/90
f 62/118/91 58/119/91 61/117/91
f 61/117/92 56/106/92 55/108/92
f 54/120/93 55/108/93 57/107/93
f 61/121/94 58/122/94 57/112/94
f 54/123/95 57/112/95 59/111/95
f 54/114/96 60/113/96 55/108/96
f 60/124/97 59/111/97 62/116/97
o Cube.009
v 10.952442 2.094689 -7.579594
v 10.865950 1.941819 -7.529235
v 11.088485 2.108740 -7.723294
v 10.967003 2.159811 -7.858046
v 10.752880 1.789035 -7.711472
v 10.920600 1.713718 -7.617248
v 10.747581 2.056941 -7.771756
v 11.126650 1.932511 -7.595446
v 11.058156 1.784827 -7.562999
v 11.149563 1.817787 -7.821486
v 11.062142 1.982535 -7.924335
v 11.198465 2.005936 -7.745286
v 10.815839 1.796497 -7.886744
v 10.775467 2.037508 -7.900529
v 10.952152 1.736515 -7.873310
v 10.989614 1.865629 -8.014987
vn -0.1575 -0.3881 0.9081
vn 0.2878 0.1488 0.9461
vn 0.8946 -0.3553 0.2710
vn 0.7924 0.0405 -0.6086
vn -0.2344 -0.6869 -0.6879
vn -0.0119 0.3446 -0.9387
vn -0.9773 -0.0647 -0.2019
vn 0.4452 -0.8944 0.0434
vn 0.3881 -0.9210 -0.0342
vn -0.3819 -0.9073 -0.1758
vn -0.5797 -0.4105 0.7038
vn -0.8779 0.0885 0.4705
vn 0.6359 0.6134 -0.4684
vn -0.4863 0.8423 -0.2324
vn -0.3522 0.9153 0.1956
vn 0.1463 0.9615 0.2325
vn -0.6267 0.5397 0.5621
vn 0.5744 0.5585 0.5984
vn 0.2007 0.1205 0.9722
vn 0.6212 0.5439 0.5642
vn 0.9018 -0.3416 0.2648
vn -0.5515 -0.1394 -0.8224
vn 0.0471 0.5937 -0.8033
vn -0.9243 -0.1743 -0.3394
vn 0.4377 -0.7192 -0.5396
vn -0.3469 -0.9295 -0.1255
vn 0.7723 0.0133 -0.6351
vt 0.875000 0.649805
vt 0.849233 0.683396
vt 0.832712 0.540342
vt 0.580473 0.024703
vt 0.534759 0.188184
vt 0.498710 0.020990
vt 0.437420 0.135101
vt 0.411456 0.342495
vt 0.213804 0.511922
vt 0.337875 0.601179
vt 0.185175 0.619999
vt 0.611440 0.548317
vt 0.438499 0.522151
vt 0.536413 0.434917
vt 0.517900 0.691047
vt 0.378975 0.759339
vt 0.724211 0.603714
vt 0.568883 0.768659
vt 0.609419 0.213408
vt 0.625000 0.382072
vt 0.588498 0.519208
vt 0.209844 0.718096
vt 0.479559 0.953620
vt 0.390901 0.953078
vt 0.565332 0.774863
vt 0.583031 0.973602
vt 0.389658 0.010551
vt 0.376620 0.114133
vt 0.125000 0.581137
vt 0.375000 0.421875
s 0
g Cube.009_Material
usemtl Material
f 71/125/98 64/126/98 68/127/98
f 64/128/99 71/129/99 63/130/99
f 70/131/100 71/129/100 72/132/100
f 72/133/101 73/134/101 74/135/101
f 75/136/102 78/137/102 77/138/102
f 76/139/103 66/140/103 73/134/103
f 67/141/104 69/142/104 76/139/104
f 68/143/105 72/132/105 71/129/105
f 68/143/106 77/138/106 72/132/106
f 77/138/107 67/144/107 75/145/107
f 67/141/108 68/127/108 64/126/108
f 67/141/109 64/126/109 69/142/109
f 65/146/110 74/135/110 73/134/110 66/140/110
f 66/140/111 76/139/111 69/142/111
f 69/142/112 63/147/112 66/140/112
f 63/147/113 65/148/113 66/140/113
f 69/149/114 64/150/114 63/147/114
f 63/130/115 70/131/115 65/151/115
f 70/131/116 63/130/116 71/129/116
f 65/151/117 70/131/117 74/152/117
f 72/133/118 74/135/118 70/153/118
f 78/137/119 75/136/119 76/139/119
f 78/137/120 76/139/120 73/134/120
f 75/136/121 67/141/121 76/139/121
f 72/132/122 77/138/122 78/137/122
f 68/143/123 67/144/123 77/138/123
f 73/154/124 72/132/124 78/137/124
o Cube.010
v 11.909107 1.927331 -10.172029
v 11.761543 1.924144 -10.120571
v 11.598282 1.992348 -10.193804
v 11.880995 2.011372 -10.305681
v 11.942401 1.775326 -10.231790
v 11.612541 1.837001 -10.248248
v 11.674323 2.132164 -10.232096
v 11.713558 1.946579 -10.415237
v 11.957364 1.867671 -10.349273
vn -0.1136 -0.7740 -0.6229
vn -0.1008 -0.8027 -0.5877
vn -0.6890 0.1826 -0.7014
vn -0.8914 0.2086 -0.4024
vn -0.4972 -0.3273 0.8036
vn 0.1567 0.8506 0.5019
vn 0.9672 0.1248 0.2213
vn 0.8906 0.4452 0.0926
vn -0.1672 -0.7125 0.6815
vn 0.5488 0.5619 0.6189
vn -0.2433 0.3771 0.8936
vn 0.3648 0.4424 -0.8192
vn 0.1719 0.7101 -0.6828
vn 0.3211 -0.2848 0.9032
vt 0.856741 0.527884
vt 0.792799 0.664448
vt 0.661337 0.518959
vt 0.570885 0.667835
vt 0.614877 0.834550
vt 0.495616 0.943630
vt 0.319826 0.718976
vt 0.602263 0.105449
vt 0.455701 0.107225
vt 0.553174 0.006579
vt 0.371255 0.573451
vt 0.135465 0.689951
vt 0.165587 0.530358
vt 0.553103 0.308270
vt 0.565029 0.471740
vt 0.392929 0.256090
vt 0.405598 0.560759
vt 0.171875 0.750000
s 0
g Cube.010_Material
usemtl Material
f 83/155/125 84/156/125 87/157/125
f 87/157/126 84/156/126 86/158/126
f 84/159/127 81/160/127 85/161/127
f 86/158/128 84/159/128 85/161/128
f 84/162/129 80/163/129 81/164/129
f 82/165/130 80/166/130 79/167/130
f 83/168/131 87/169/131 79/170/131
f 87/169/132 82/171/132 79/170/132
f 80/163/133 84/162/133 83/168/133
f 82/165/134 85/161/134 80/166/134
f 80/166/135 85/161/135 81/172/135
f 87/157/136 86/158/136 82/171/136
f 86/158/137 85/161/137 82/171/137
f 79/170/138 80/163/138 83/168/138
o Cube.011
v 11.496694 2.056749 -7.829319
v 11.750375 1.783151 -7.757293
v 11.541422 1.745196 -7.877078
v 11.529590 1.892053 -7.686177
v 11.675545 2.018919 -7.699265
v 11.695838 2.044445 -7.915232
v 11.513891 1.925520 -7.996359
v 11.821605 1.966889 -7.871462
v 11.708600 1.835070 -7.954362
vn 0.3372 -0.8903 -0.3060
vn -0.1961 -0.7830 0.5902
vn -0.9851 -0.1693 0.0316
vn -0.4123 0.5493 0.7268
vn 0.4815 0.8640 0.1474
vn 0.1158 0.9851 0.1273
vn -0.2193 0.7561 -0.6166
vn 0.2917 0.1929 -0.9369
vn -0.0814 -0.5585 -0.8255
vn 0.8093 -0.5026 -0.3040
vn 0.4257 0.1912 -0.8844
vn -0.9912 -0.1272 0.0364
vn 0.2284 -0.1637 0.9597
vn 0.7728 0.0907 0.6281
vt 0.534218 0.539052
vt 0.807613 0.537738
vt 0.651467 0.712344
vt 0.812212 0.722590
vt 0.440472 0.699464
vt 0.505279 0.954605
vt 0.394685 0.910428
vt 0.529494 0.041599
vt 0.440272 0.169217
vt 0.407900 0.015209
vt 0.224689 0.500632
vt 0.298939 0.554231
vt 0.143822 0.628706
vt 0.350796 0.501919
vt 0.236030 0.724989
vt 0.358556 0.714558
vt 0.602122 0.296489
vt 0.527241 0.521298
vt 0.452229 0.375318
s 0
g Cube.011_Material
usemtl Material
f 96/173/139 89/174/139 90/175/139
f 90/175/140 89/174/140 91/176/140
f 94/177/141 91/178/141 88/179/141
f 91/180/142 92/181/142 88/182/142
f 95/183/143 93/184/143 92/185/143
f 92/185/144 93/186/144 88/187/144
f 93/186/145 94/188/145 88/187/145
f 93/186/146 96/173/146 94/177/146
f 96/173/147 90/175/147 94/177/147
f 89/189/148 96/190/148 95/191/148
f 95/191/149 96/173/149 93/186/149
f 90/175/150 91/178/150 94/177/150
f 91/180/151 89/189/151 92/181/151
f 89/189/152 95/191/152 92/181/152
o Cube.006
v 10.198221 1.905515 -9.856304
v 10.016073 1.978287 -9.908468
v 10.005113 1.909722 -9.691669
v 10.150494 2.021259 -9.859845
v 10.036359 2.010061 -9.771008
v 10.139867 1.990945 -9.685907
v 10.153346 1.842559 -9.790257
v 10.042869 1.878500 -9.929737
v 9.963419 1.859382 -9.783528
vn 0.9162 0.3815 0.1225
vn 0.0388 0.9840 0.1739
vn 0.2875 -0.5333 0.7956
vn 0.3680 0.2873 -0.8843
vn 0.3103 0.0990 -0.9455
vn -0.0931 -0.9795 -0.1787
vn 0.3710 -0.7850 -0.4961
vn -0.8642 -0.1284 -0.4864
vn -0.9007 0.4333 0.0328
vn -0.8917 0.4170 0.1762
vn -0.4137 0.6405 0.6470
vn 0.8895 -0.2061 0.4079
vn -0.0588 -0.8639 0.5001
vn -0.2378 0.9535 -0.1853
vt 0.423616 0.817668
vt 0.438163 0.985880
vt 0.399025 0.926987
vt 0.584080 0.909473
vt 0.477709 0.045024
vt 0.607265 0.122218
vt 0.441545 0.286085
vt 0.565477 0.549583
vt 0.592013 0.712367
vt 0.289400 0.584684
vt 0.400831 0.754486
vt 0.615924 0.357557
vt 0.551199 0.540629
vt 0.429879 0.509305
vt 0.769145 0.562221
vt 0.604783 0.677624
vt 0.780055 0.741830
vt 0.860509 0.631959
vt 0.567506 0.015179
vt 0.377433 0.096481
s 0
g Cube.006_Material
usemtl Material
f 100/192/153 102/193/153 97/194/153
f 101/195/154 102/193/154 100/192/154
f 102/196/155 99/197/155 103/198/155
f 104/199/156 98/200/156 97/201/156
f 98/200/157 100/202/157 97/201/157
f 103/198/158 105/203/158 104/204/158
f 104/204/159 97/205/159 103/198/159
f 104/199/160 105/206/160 98/207/160
f 98/207/161 105/206/161 101/208/161
f 105/206/162 99/209/162 101/208/162
f 101/210/163 99/197/163 102/196/163
f 97/211/164 102/196/164 103/198/164
f 103/198/165 99/197/165 105/203/165
f 98/200/166 101/195/166 100/192/166
o Cube.007
v 10.950498 1.922693 -10.321836
v 10.991583 1.821158 -10.469656
v 10.969079 2.030781 -10.399406
v 11.105052 2.035335 -10.442521
v 11.094046 1.971445 -10.296119
v 11.042152 1.822006 -10.312332
v 11.086369 1.910592 -10.512735
v 10.943460 1.923005 -10.479711
v 11.118873 1.817480 -10.393163
vn -0.0398 -0.9990 0.0182
vn -0.9049 -0.4237 0.0395
vn 0.3601 -0.6861 -0.6322
vn -0.9788 0.1999 0.0440
vn -0.3317 0.5870 0.7385
vn -0.2568 0.6160 -0.7448
vn 0.9654 0.0022 -0.2607
vn -0.7293 -0.6415 0.2379
vn -0.1591 -0.0517 0.9859
vn 0.6812 -0.3086 0.6639
vn 0.0977 0.9094 0.4042
vn -0.1531 0.5020 -0.8512
vn -0.2373 -0.2058 -0.9494
vn 0.9897 0.0884 0.1130
vt 0.862532 0.586626
vt 0.666025 0.612825
vt 0.793538 0.524739
vt 0.799625 0.742317
vt 0.596159 0.725728
vt 0.676667 0.500000
vt 0.533198 0.702151
vt 0.502729 0.907748
vt 0.315429 0.689365
vt 0.215046 0.717794
vt 0.139986 0.551629
vt 0.365533 0.517965
vt 0.592775 0.342442
vt 0.523296 0.508923
vt 0.395346 0.376049
vt 0.510142 0.020803
vt 0.592582 0.143625
vt 0.414253 0.208459
s 0
g Cube.007_Material
usemtl Material
f 111/212/167 107/213/167 114/214/167
f 107/213/168 106/215/168 113/216/168
f 114/214/169 107/213/169 112/217/169
f 113/218/170 106/219/170 108/220/170
f 108/220/171 106/221/171 110/222/171
f 109/223/172 113/218/172 108/220/172
f 114/224/173 112/225/173 109/226/173
f 111/212/174 106/215/174 107/213/174
f 106/227/175 111/228/175 110/229/175
f 110/229/176 111/228/176 114/224/176
f 110/222/177 109/223/177 108/220/177
f 109/223/178 112/225/178 113/218/178
f 112/225/179 107/213/179 113/218/179
f 110/229/180 114/224/180 109/226/180
o Cube.008
v 12.489762 1.677907 -9.314348
v 12.522818 1.811383 -9.445883
v 12.559784 1.973324 -9.459275
v 12.591987 1.929410 -9.272548
v 12.407317 2.083982 -9.303971
v 12.384984 1.890431 -9.204733
v 12.358945 1.734700 -9.343767
v 12.479657 2.068170 -9.494336
v 12.345872 1.957068 -9.431435
vn 0.9473 -0.2343 -0.2185
vn 0.7597 0.6499 0.0218
vn 0.2078 0.4272 0.8799
vn -0.4077 -0.5692 0.7140
vn -0.3663 -0.3598 -0.8581
vn -0.2587 -0.2209 -0.9404
vn -0.9463 0.2271 0.2300
vn -0.6897 0.6515 -0.3162
vn 0.2559 -0.1375 -0.9569
vn 0.9260 -0.3552 -0.1277
vn 0.6154 0.7697 0.1699
vn 0.3468 -0.2892 0.8922
vn -0.1323 -0.6789 -0.7222
vn -0.9849 0.0103 0.1729
vt 0.551771 0.821043
vt 0.490236 0.981936
vt 0.443965 0.755163
vt 0.609545 0.740303
vt 0.579499 0.265268
vt 0.447677 0.232718
vt 0.490446 0.016300
vt 0.320967 0.499695
vt 0.242238 0.673984
vt 0.142687 0.564850
vt 0.543218 0.480597
vt 0.654480 0.663904
vt 0.651690 0.523626
vt 0.809399 0.589510
vt 0.375000 0.930496
vt 0.603518 0.001237
vt 0.583364 0.169025
vt 0.384386 0.054537
vt 0.382289 0.419599
s 0
g Cube.008_Material
usemtl Material
f 117/230/181 118/231/181 116/232/181
f 117/230/182 122/233/182 118/231/182
f 119/234/183 120/235/183 118/236/183
f 121/237/184 115/238/184 120/239/184
f 123/240/185 116/232/185 121/237/185
f 123/240/186 122/241/186 116/232/186
f 119/234/187 123/240/187 120/235/187
f 123/242/188 119/243/188 122/241/188
f 122/241/189 117/230/189 116/232/189
f 115/244/190 116/232/190 118/231/190
f 122/245/191 119/246/191 118/236/191
f 115/247/192 118/236/192 120/235/192
f 115/238/193 121/237/193 116/232/193
f 121/248/194 120/235/194 123/240/194
o Cube.009
v 12.614408 2.111367 -8.736326
v 12.489281 2.146009 -8.885752
v 12.579590 1.977100 -8.572161
v 12.674973 1.817678 -8.656901
v 12.373108 1.927304 -9.027361
v 12.236243 2.048656 -8.898380
v 12.648722 1.874378 -8.928497
v 12.386106 2.111464 -8.615237
v 12.259776 2.129678 -8.741923
v 12.259965 1.866798 -8.599106
v 12.459442 1.751747 -8.613709
v 12.434998 1.964282 -8.494075
v 12.357666 1.748496 -8.934822
v 12.618492 1.739241 -8.887965
v 12.247510 1.779424 -8.820138
v 12.365672 1.638735 -8.715179
vn -0.3117 0.8621 -0.3995
vn 0.0477 0.9811 0.1875
vn -0.6307 0.3701 0.6821
vn -0.2256 -0.4975 0.8376
vn -0.5724 -0.7417 -0.3498
vn 0.3267 -0.9164 0.2312
vn 0.2618 -0.3305 -0.9068
vn -0.9912 0.0627 0.1166
vn -0.9976 -0.0228 0.0652
vn -0.7303 -0.2632 -0.6304
vn -0.1936 0.6036 -0.7734
vn 0.3753 0.3550 -0.8562
vn 0.3671 -0.3543 0.8601
vn 0.9552 -0.2575 -0.1461
vn 0.9807 0.1872 -0.0557
vn 0.8595 0.2909 0.4202
vn 0.7182 0.4980 -0.4860
vn 0.3385 0.6919 0.6377
vn 0.0499 0.9944 0.0932
vn 0.3091 0.6635 0.6813
vn -0.6201 0.3655 0.6942
vn 0.0488 -0.8927 -0.4479
vn 0.5425 -0.7639 0.3495
vn 0.1406 -0.4646 -0.8743
vn -0.8249 -0.5083 0.2474
vn -0.7626 -0.2097 -0.6119
vn -0.2447 -0.5275 0.8136
vt 0.875000 0.649805
vt 0.849233 0.683396
vt 0.832712 0.540342
vt 0.580473 0.024703
vt 0.534759 0.188184
vt 0.498710 0.020990
vt 0.437420 0.135101
vt 0.411456 0.342495
vt 0.213804 0.511922
vt 0.337875 0.601179
vt 0.185175 0.619999
vt 0.611440 0.548317
vt 0.438499 0.522151
vt 0.536413 0.434917
vt 0.517900 0.691047
vt 0.378975 0.759339
vt 0.724211 0.603714
vt 0.568883 0.768659
vt 0.609419 0.213408
vt 0.625000 0.382072
vt 0.588498 0.519208
vt 0.209844 0.718096
vt 0.479559 0.953620
vt 0.390901 0.953078
vt 0.565332 0.774863
vt 0.583031 0.973602
vt 0.389658 0.010551
vt 0.376620 0.114133
vt 0.125000 0.581137
vt 0.375000 0.421875
s 0
g Cube.009_Material
usemtl Material
f 132/249/195 125/250/195 129/251/195
f 125/252/196 132/253/196 124/254/196
f 131/255/197 132/253/197 133/256/197
f 133/257/198 134/258/198 135/259/198
f 136/260/199 139/261/199 138/262/199
f 137/263/200 127/264/200 134/258/200
f 128/265/201 130/266/201 137/263/201
f 129/267/202 133/256/202 132/253/202
f 129/267/203 138/262/203 133/256/203
f 138/262/204 128/268/204 136/269/204
f 128/265/205 129/251/205 125/250/205
f 128/265/206 125/250/206 130/266/206
f 126/270/207 135/259/207 134/258/207 127/264/207
f 127/264/208 137/263/208 130/266/208
f 130/266/209 124/271/209 127/264/209
f 124/271/210 126/272/210 127/264/210
f 130/273/211 125/274/211 124/271/211
f 124/254/212 131/255/212 126/275/212
f 131/255/213 124/254/213 132/253/213
f 126/275/214 131/255/214 135/276/214
f 133/257/215 135/259/215 131/277/215
f 139/261/216 136/260/216 137/263/216
f 139/261/217 137/263/217 134/258/217
f 136/260/218 128/265/218 137/263/218
f 133/256/219 138/262/219 139/261/219
f 129/267/220 128/268/220 138/262/220
f 134/278/221 133/256/221 139/261/221
o Cube.010
v 12.530501 1.892281 -8.769289
v 12.445653 1.801914 -8.832018
v 12.337892 1.818093 -8.962753
v 12.495192 2.006000 -8.847616
v 12.667538 1.862267 -8.816918
v 12.466354 1.775696 -9.019894
v 12.289979 1.943761 -8.907258
v 12.486506 1.973264 -9.031452
v 12.643468 1.987325 -8.856880
vn 0.7247 -0.0792 -0.6845
vn 0.7433 -0.1144 -0.6591
vn -0.3105 0.2824 -0.9076
vn -0.5348 0.0051 -0.8450
vn -0.2697 -0.9573 0.1039
vn -0.7229 0.2254 0.6531
vn 0.3748 0.3469 0.8598
vn 0.1241 0.5887 0.7988
vn 0.2489 -0.9551 0.1607
vn -0.3173 0.1486 0.9366
vn -0.6998 -0.4945 0.5156
vn 0.1119 0.9774 -0.1793
vn -0.2440 0.9567 -0.1588
vn 0.1229 -0.6412 0.7575
vt 0.856741 0.527884
vt 0.792799 0.664448
vt 0.661337 0.518959
vt 0.570885 0.667835
vt 0.614877 0.834550
vt 0.495616 0.943630
vt 0.319826 0.718976
vt 0.602263 0.105449
vt 0.455701 0.107225
vt 0.553174 0.006579
vt 0.371255 0.573451
vt 0.135465 0.689951
vt 0.165587 0.530358
vt 0.553103 0.308270
vt 0.565029 0.471740
vt 0.392929 0.256090
vt 0.405598 0.560759
vt 0.171875 0.750000
s 0
g Cube.010_Material
usemtl Material
f 144/279/222 145/280/222 148/281/222
f 148/281/223 145/280/223 147/282/223
f 145/283/224 142/284/224 146/285/224
f 147/282/225 145/283/225 146/285/225
f 145/286/226 141/287/226 142/288/226
f 143/289/227 141/290/227 140/291/227
f 144/292/228 148/293/228 140/294/228
f 148/293/229 143/295/229 140/294/229
f 141/287/230 145/286/230 144/292/230
f 143/289/231 146/285/231 141/290/231
f 141/290/232 146/285/232 142/296/232
f 148/281/233 147/282/233 143/295/233
f 147/282/234 146/285/234 143/295/234
f 140/294/235 141/287/235 144/292/235
o Cube.011
v 11.732168 1.900678 -7.719313
v 11.569857 1.974758 -7.980744
v 11.680988 1.805856 -7.961595
v 11.760875 1.973709 -7.885526
v 11.647270 2.047525 -7.797721
v 11.551796 1.907291 -7.732030
v 11.657166 1.755567 -7.788796
v 11.474341 1.964061 -7.817199
v 11.527674 1.832410 -7.891403
vn -0.4386 -0.3809 -0.8140
vn 0.4389 0.1892 -0.8784
vn 0.8954 -0.4435 -0.0402
vn 0.6937 0.6076 0.3868
vn -0.3647 0.5869 0.7229
vn -0.0464 0.4495 0.8921
vn -0.0790 -0.3970 0.9144
vn -0.6794 -0.6192 0.3937
vn -0.2961 -0.9054 -0.3043
vn -0.8600 -0.0630 -0.5064
vn -0.7759 -0.5176 0.3606
vn 0.9030 -0.4296 -0.0005
vn 0.2244 0.8693 -0.4405
vn -0.4108 0.8935 -0.1815
vt 0.534218 0.539052
vt 0.807613 0.537738
vt 0.651467 0.712344
vt 0.812212 0.722590
vt 0.440472 0.699464
vt 0.505279 0.954605
vt 0.394685 0.910428
vt 0.529494 0.041599
vt 0.440272 0.169217
vt 0.407900 0.015209
vt 0.224689 0.500632
vt 0.298939 0.554231
vt 0.143822 0.628706
vt 0.350796 0.501919
vt 0.236030 0.724989
vt 0.358556 0.714558
vt 0.602122 0.296489
vt 0.527241 0.521298
vt 0.452229 0.375318
s 0
g Cube.011_Material
usemtl Material
f 157/297/236 150/298/236 151/299/236
f 151/299/237 150/298/237 152/300/237
f 155/301/238 152/302/238 149/303/238
f 152/304/239 153/305/239 149/306/239
f 156/307/240 154/308/240 153/309/240
f 153/309/241 154/310/241 149/311/241
f 154/310/242 155/312/242 149/311/242
f 154/310/243 157/297/243 155/301/243
f 157/297/244 151/299/244 155/301/244
f 150/313/245 157/314/245 156/315/245
f 156/315/246 157/297/246 154/310/246
f 151/299/247 152/302/247 155/301/247
f 152/304/248 150/313/248 153/305/248
f 150/313/249 156/315/249 153/305/249
o Cube.006
v 12.287024 1.939307 -8.569600
v 12.465878 1.915939 -8.619966
v 12.441258 1.834574 -8.427890
v 12.341083 1.859135 -8.632892
v 12.432149 1.811915 -8.546906
v 12.325173 1.776451 -8.493085
v 12.313570 1.943355 -8.479703
v 12.435521 1.999313 -8.579953
v 12.486809 1.924052 -8.455092
vn -0.8836 -0.3520 -0.3088
vn 0.0310 -0.8619 -0.5062
vn -0.4477 -0.1023 0.8883
vn -0.2090 0.3602 -0.9092
vn -0.1614 0.5422 -0.8246
vn 0.0236 0.8605 0.5090
vn -0.3698 0.9267 0.0675
vn 0.9085 0.3955 -0.1348
vn 0.9240 -0.3692 -0.0991
vn 0.8931 -0.4494 0.0172
vn 0.3765 -0.9150 0.1454
vn -0.9541 -0.0892 0.2858
vn -0.0960 0.3339 0.9377
vn 0.3518 -0.6117 -0.7085
vt 0.423616 0.817668
vt 0.438163 0.985880
vt 0.399025 0.926987
vt 0.584080 0.909473
vt 0.477709 0.045024
vt 0.607265 0.122218
vt 0.441545 0.286085
vt 0.565477 0.549583
vt 0.592013 0.712367
vt 0.289400 0.584684
vt 0.400831 0.754486
vt 0.615924 0.357557
vt 0.551199 0.540629
vt 0.429879 0.509305
vt 0.769145 0.562221
vt 0.604783 0.677624
vt 0.780055 0.741830
vt 0.860509 0.631959
vt 0.567506 0.015179
vt 0.377433 0.096481
s 0
g Cube.006_Material
usemtl Material
f 161/316/250 163/317/250 158/318/250
f 162/319/251 163/317/251 161/316/251
f 163/320/252 160/321/252 164/322/252
f 165/323/253 159/324/253 158/325/253
f 159/324/254 161/326/254 158/325/254
f 164/322/255 166/327/255 165/328/255
f 165/328/256 158/329/256 164/322/256
f 165/323/257 166/330/257 159/331/257
f 159/331/258 166/330/258 162/332/258
f 166/330/259 160/333/259 162/332/259
f 162/334/260 160/321/260 163/320/260
f 158/335/261 163/320/261 164/322/261
f 164/322/262 160/321/262 166/327/262
f 159/324/263 162/319/263 161/316/263
o Cube.007
v 12.292994 1.879978 -8.651699
v 12.457770 1.932031 -8.510257
v 12.359122 1.731226 -8.660921
v 12.517540 1.742913 -8.730019
v 12.399592 1.878015 -8.804887
v 12.380857 2.018641 -8.674011
v 12.569006 1.840382 -8.593809
v 12.410268 1.803653 -8.520497
v 12.515316 2.006428 -8.664089
vn 0.0479 0.8921 0.4493
vn -0.6734 0.1922 0.7138
vn 0.7429 0.4500 0.4955
vn -0.7884 -0.3805 0.4834
vn -0.7812 -0.3138 -0.5396
vn 0.2311 -0.8964 0.3782
vn 0.9001 0.1129 -0.4209
vn -0.6489 0.5030 0.5708
vn -0.7528 0.3919 -0.5289
vn 0.1153 0.6849 -0.7194
vn -0.2688 -0.6357 -0.7237
vn 0.3887 -0.8125 0.4345
vn 0.4519 -0.2358 0.8603
vn 0.6693 0.1856 -0.7194
vt 0.862532 0.586626
vt 0.666025 0.612825
vt 0.793538 0.524739
vt 0.799625 0.742317
vt 0.596159 0.725728
vt 0.676667 0.500000
vt 0.533198 0.702151
vt 0.502729 0.907748
vt 0.315429 0.689365
vt 0.215046 0.717794
vt 0.139986 0.551629
vt 0.365533 0.517965
vt 0.592775 0.342442
vt 0.523296 0.508923
vt 0.395346 0.376049
vt 0.510142 0.020803
vt 0.592582 0.143625
vt 0.414253 0.208459
s 0
g Cube.007_Material
usemtl Material
f 172/336/264 168/337/264 175/338/264
f 168/337/265 167/339/265 174/340/265
f 175/338/266 168/337/266 173/341/266
f 174/342/267 167/343/267 169/344/267
f 169/344/268 167/345/268 171/346/268
f 170/347/269 174/342/269 169/344/269
f 175/348/270 173/349/270 170/350/270
f 172/336/271 167/339/271 168/337/271
f 167/351/272 172/352/272 171/353/272
f 171/353/273 172/352/273 175/348/273
f 171/346/274 170/347/274 169/344/274
f 170/347/275 173/349/275 174/342/275
f 173/349/276 168/337/276 174/342/276
f 171/353/277 175/348/277 170/350/277
o Cube.008
v 11.920769 1.825030 -7.829683
v 11.854010 1.917005 -7.893609
v 11.800089 1.934560 -7.992727
v 11.819053 1.802780 -7.986487
v 11.905296 1.875686 -8.108727
v 11.970015 1.796430 -7.999278
v 11.989729 1.876008 -7.880696
v 11.829042 1.982862 -8.060879
v 11.944703 1.957766 -8.015589
vn -0.8813 -0.1050 0.4608
vn -0.8684 -0.1474 -0.4734
vn -0.0817 -0.8296 -0.5524
vn 0.7031 -0.6390 0.3119
vn 0.2184 0.8652 0.4515
vn 0.0622 0.9318 0.3576
vn 0.8850 0.0927 -0.4562
vn 0.4016 0.5961 -0.6953
vn -0.4440 0.8092 0.3849
vn -0.8082 -0.2023 0.5530
vn -0.7266 -0.2275 -0.6483
vn -0.0281 -0.9870 0.1583
vn 0.1140 0.6215 0.7751
vn 0.9614 0.1261 -0.2445
vt 0.551771 0.821043
vt 0.490236 0.981936
vt 0.443965 0.755163
vt 0.609545 0.740303
vt 0.579499 0.265268
vt 0.447677 0.232718
vt 0.490446 0.016300
vt 0.320967 0.499695
vt 0.242238 0.673984
vt 0.142687 0.564850
vt 0.543218 0.480597
vt 0.654480 0.663904
vt 0.651690 0.523626
vt 0.809399 0.589510
vt 0.375000 0.930496
vt 0.603518 0.001237
vt 0.583364 0.169025
vt 0.384386 0.054537
vt 0.382289 0.419599
s 0
g Cube.008_Material
usemtl Material
f 178/354/278 179/355/278 177/356/278
f 178/354/279 183/357/279 179/355/279
f 180/358/280 181/359/280 179/360/280
f 182/361/281 176/362/281 181/363/281
f 184/364/282 177/356/282 182/361/282
f 184/364/283 183/365/283 177/356/283
f 180/358/284 184/364/284 181/359/284
f 184/366/285 180/367/285 183/365/285
f 183/365/286 178/354/286 177/356/286
f 176/368/287 177/356/287 179/355/287
f 183/369/288 180/370/288 179/360/288
f 176/371/289 179/360/289 181/359/289
f 176/362/290 182/361/290 177/356/290
f 182/372/291 181/359/291 184/364/291
o Cube.009
v 12.433338 1.885121 -8.296469
v 12.244817 1.934997 -8.359952
v 12.582103 1.766281 -8.411894
v 12.681570 1.933589 -8.494751
v 12.206491 2.054937 -8.627334
v 12.127394 1.839121 -8.596775
v 12.472489 2.132690 -8.492320
v 12.357327 1.661897 -8.423253
v 12.190557 1.696617 -8.498710
v 12.420280 1.650852 -8.701681
v 12.604122 1.801591 -8.676700
v 12.541894 1.627384 -8.502730
v 12.349949 2.019437 -8.775397
v 12.551495 2.120827 -8.618663
v 12.329550 1.855508 -8.805034
v 12.545741 1.869549 -8.838470
vn -0.8821 -0.0704 0.4658
vn -0.3855 -0.3971 0.8329
vn -0.2010 -0.9796 -0.0066
vn 0.6028 -0.6612 -0.4465
vn -0.1623 0.1951 -0.9673
vn 0.8241 0.2300 -0.5176
vn -0.1788 0.9629 -0.2022
vn -0.5855 -0.6194 -0.5230
vn -0.5734 -0.5574 -0.6004
vn -0.6760 0.2117 -0.7058
vn -0.8844 0.3653 0.2906
vn -0.4441 0.7920 0.4189
vn 0.9094 -0.4154 0.0202
vn 0.6499 0.6783 0.3427
vn 0.4807 0.4960 0.7231
vn 0.6219 0.0180 0.7829
vn -0.0946 0.6268 0.7734
vn 0.2073 -0.5356 0.8186
vn -0.4451 -0.3228 0.8353
vn 0.2290 -0.5784 0.7830
vn -0.1850 -0.9827 -0.0028
vn 0.2499 0.6343 -0.7316
vn 0.9452 0.2024 -0.2561
vn -0.1645 0.9111 -0.3779
vn -0.1029 -0.4844 -0.8688
vn -0.7141 0.1654 -0.6802
vn 0.5932 -0.6432 -0.4843
vt 0.875000 0.649805
vt 0.849233 0.683396
vt 0.832712 0.540342
vt 0.580473 0.024703
vt 0.534759 0.188184
vt 0.498710 0.020990
vt 0.437420 0.135101
vt 0.411456 0.342495
vt 0.213804 0.511922
vt 0.337875 0.601179
vt 0.185175 0.619999
vt 0.611440 0.548317
vt 0.438499 0.522151
vt 0.536413 0.434917
vt 0.517900 0.691047
vt 0.378975 0.759339
vt 0.724211 0.603714
vt 0.568883 0.768659
vt 0.609419 0.213408
vt 0.625000 0.382072
vt 0.588498 0.519208
vt 0.209844 0.718096
vt 0.479559 0.953620
vt 0.390901 0.953078
vt 0.565332 0.774863
vt 0.583031 0.973602
vt 0.389658 0.010551
vt 0.376620 0.114133
vt 0.125000 0.581137
vt 0.375000 0.421875
s 0
g Cube.009_Material
usemtl Material
f 193/373/292 186/374/292 190/375/292
f 186/376/293 193/377/293 185/378/293
f 192/379/294 193/377/294 194/380/294
f 194/381/295 195/382/295 196/383/295
f 197/384/296 200/385/296 199/386/296
f 198/387/297 188/388/297 195/382/297
f 189/389/298 191/390/298 198/387/298
f 190/391/299 194/380/299 193/377/299
f 190/391/300 199/386/300 194/380/300
f 199/386/301 189/392/301 197/393/301
f 189/389/302 190/375/302 186/374/302
f 189/389/303 186/374/303 191/390/303
f 187/394/304 196/383/304 195/382/304 188/388/304
f 188/388/305 198/387/305 191/390/305
f 191/390/306 185/395/306 188/388/306
f 185/395/307 187/396/307 188/388/307
f 191/397/308 186/398/308 185/395/308
f 185/378/309 192/379/309 187/399/309
f 192/379/310 185/378/310 193/377/310
f 187/399/311 192/379/311 196/400/311
f 194/381/312 196/383/312 192/401/312
f 200/385/313 197/384/313 198/387/313
f 200/385/314 198/387/314 195/382/314
f 197/384/315 189/389/315 198/387/315
f 194/380/316 199/386/316 200/385/316
f 190/391/317 189/392/317 199/386/317
f 195/402/318 194/380/318 200/385/318
o Cube.010
v 11.241981 1.883505 -7.856318
v 11.354112 1.981476 -7.832572
v 11.458982 2.016548 -7.684608
v 11.239264 1.823590 -7.713728
v 11.303442 1.762940 -7.943160
v 11.536628 1.906420 -7.769732
v 11.330514 2.011836 -7.592907
v 11.422227 1.778976 -7.638253
v 11.259731 1.701769 -7.819328
vn 0.6052 -0.7776 -0.1705
vn 0.6051 -0.7662 -0.2163
vn 0.5733 -0.2083 0.7924
vn 0.6828 0.1289 0.7191
vn 0.4713 0.7229 -0.5053
vn -0.6647 0.6932 0.2786
vn -0.9000 -0.1696 -0.4015
vn -0.9918 -0.1101 -0.0652
vn 0.4254 0.3282 -0.8434
vn -0.8494 0.5066 -0.1478
vn -0.1342 0.9814 -0.1375
vn -0.4220 -0.6333 0.6487
vn -0.4278 -0.3322 0.8406
vn -0.2431 0.4823 -0.8416
vt 0.856741 0.527884
vt 0.792799 0.664448
vt 0.661337 0.518959
vt 0.570885 0.667835
vt 0.614877 0.834550
vt 0.495616 0.943630
vt 0.319826 0.718976
vt 0.602263 0.105449
vt 0.455701 0.107225
vt 0.553174 0.006579
vt 0.371255 0.573451
vt 0.135465 0.689951
vt 0.165587 0.530358
vt 0.553103 0.308270
vt 0.565029 0.471740
vt 0.392929 0.256090
vt 0.405598 0.560759
vt 0.171875 0.750000
s 0
g Cube.010_Material
usemtl Material
f 205/403/319 206/404/319 209/405/319
f 209/405/320 206/404/320 208/406/320
f 206/407/321 203/408/321 207/409/321
f 208/406/322 206/407/322 207/409/322
f 206/410/323 202/411/323 203/412/323
f 204/413/324 202/414/324 201/415/324
f 205/416/325 209/417/325 201/418/325
f 209/417/326 204/419/326 201/418/326
f 202/411/327 206/410/327 205/416/327
f 204/413/328 207/409/328 202/414/328
f 202/414/329 207/409/329 203/420/329
f 209/405/330 208/406/330 204/419/330
f 208/406/331 207/409/331 204/419/331
f 201/418/332 202/411/332 205/416/332
o Cube.011
v 10.157823 1.799192 -8.053728
v 10.170951 1.834151 -8.416060
v 9.974096 1.792145 -8.297278
v 10.162207 1.677745 -8.226865
v 10.301743 1.799695 -8.213525
v 10.202563 1.974910 -8.156110
v 9.995135 1.902671 -8.121242
v 10.247079 1.999012 -8.294885
v 10.066258 1.965277 -8.308310
vn -0.5384 0.2351 -0.8092
vn -0.2193 -0.7470 -0.6276
vn -0.6048 -0.6591 0.4470
vn 0.5466 -0.6790 0.4901
vn 0.8615 0.3757 0.3416
vn 0.7282 0.1971 0.6564
vn -0.0329 0.5094 0.8599
vn -0.2916 0.9349 0.2020
vn -0.8730 0.4532 -0.1802
vn -0.0545 0.6076 -0.7924
vn -0.1901 0.9758 0.1085
vn -0.5799 -0.6570 0.4818
vn 0.5985 -0.6308 -0.4938
vn 0.8408 0.0096 -0.5413
vt 0.534218 0.539052
vt 0.807613 0.537738
vt 0.651467 0.712344
vt 0.812212 0.722590
vt 0.440472 0.699464
vt 0.505279 0.954605
vt 0.394685 0.910428
vt 0.529494 0.041599
vt 0.440272 0.169217
vt 0.407900 0.015209
vt 0.224689 0.500632
vt 0.298939 0.554231
vt 0.143822 0.628706
vt 0.350796 0.501919
vt 0.236030 0.724989
vt 0.358556 0.714558
vt 0.602122 0.296489
vt 0.527241 0.521298
vt 0.452229 0.375318
s 0
g Cube.011_Material
usemtl Material
f 218/421/333 211/422/333 212/423/333
f 212/423/334 211/422/334 213/424/334
f 216/425/335 213/426/335 210/427/335
f 213/428/336 214/429/336 210/430/336
f 217/431/337 215/432/337 214/433/337
f 214/433/338 215/434/338 210/435/338
f 215/434/339 216/436/339 210/435/339
f 215/434/340 218/421/340 216/425/340
f 218/421/341 212/423/341 216/425/341
f 211/437/342 218/438/342 217/439/342
f 217/439/343 218/421/343 215/434/343
f 212/423/344 213/426/344 216/425/344
f 213/428/345 211/437/345 214/429/345
f 211/437/346 217/439/346 214/429/346
o Cube.006
v 12.204751 1.771563 -10.084445
v 12.074661 1.769079 -9.944676
v 12.110238 1.973305 -9.998510
v 12.087866 1.756604 -10.083929
v 12.044315 1.871883 -10.025261
v 12.094744 1.915195 -10.133883
v 12.234653 1.857241 -10.054157
v 12.171735 1.765947 -9.924254
v 12.143949 1.920643 -9.912828
vn 0.0344 -0.3016 -0.9528
vn -0.8856 -0.1042 -0.4527
vn 0.5318 0.7545 -0.3847
vn -0.0238 -0.9989 -0.0399
vn 0.1267 -0.9868 0.1004
vn 0.8589 0.1174 0.4985
vn 0.9090 -0.3788 0.1741
vn -0.2080 -0.1092 0.9720
vn -0.7757 0.2313 0.5871
vn -0.7700 0.3619 0.5254
vn -0.8103 0.5664 -0.1504
vn 0.5270 0.1138 -0.8422
vn 0.7089 0.6902 0.1453
vn -0.9435 -0.3258 -0.0603
vt 0.423616 0.817668
vt 0.438163 0.985880
vt 0.399025 0.926987
vt 0.584080 0.909473
vt 0.477709 0.045024
vt 0.607265 0.122218
vt 0.441545 0.286085
vt 0.565477 0.549583
vt 0.592013 0.712367
vt 0.289400 0.584684
vt 0.400831 0.754486
vt 0.615924 0.357557
vt 0.551199 0.540629
vt 0.429879 0.509305
vt 0.769145 0.562221
vt 0.604783 0.677624
vt 0.780055 0.741830
vt 0.860509 0.631959
vt 0.567506 0.015179
vt 0.377433 0.096481
s 0
g Cube.006_Material
usemtl Material
f 222/440/347 224/441/347 219/442/347
f 223/443/348 224/441/348 222/440/348
f 224/444/349 221/445/349 225/446/349
f 226/447/350 220/448/350 219/449/350
f 220/448/351 222/450/351 219/449/351
f 225/446/352 227/451/352 226/452/352
f 226/452/353 219/453/353 225/446/353
f 226/447/354 227/454/354 220/455/354
f 220/455/355 227/454/355 223/456/355
f 227/454/356 221/457/356 223/456/356
f 223/458/357 221/445/357 224/444/357
f 219/459/358 224/444/358 225/446/358
f 225/446/359 221/445/359 227/451/359
f 220/448/360 223/443/360 222/440/360
o Cube.007
v 11.576779 1.781820 -7.720001
v 11.460582 1.905244 -7.754981
v 11.665813 1.865465 -7.752383
v 11.651579 1.897802 -7.881919
v 11.611199 1.754687 -7.857866
v 11.475615 1.755670 -7.794635
v 11.529106 1.949912 -7.854897
v 11.558527 1.929367 -7.721144
v 11.454120 1.825733 -7.869733
vn -0.9788 -0.1384 0.1510
vn -0.3193 -0.0322 0.9471
vn -0.7956 0.5180 -0.3141
vn 0.3039 0.0450 0.9516
vn 0.7088 -0.6374 0.3024
vn 0.5376 0.8301 0.1482
vn -0.1313 0.1954 -0.9719
vn -0.5265 -0.2669 0.8072
vn 0.0930 -0.9723 0.2146
vn -0.2887 -0.7399 -0.6076
vn 0.9391 -0.2947 -0.1768
vn 0.4007 0.9147 0.0524
vn -0.3014 0.9303 0.2092
vn -0.0004 -0.1656 -0.9862
vt 0.862532 0.586626
vt 0.666025 0.612825
vt 0.793538 0.524739
vt 0.799625 0.742317
vt 0.596159 0.725728
vt 0.676667 0.500000
vt 0.533198 0.702151
vt 0.502729 0.907748
vt 0.315429 0.689365
vt 0.215046 0.717794
vt 0.139986 0.551629
vt 0.365533 0.517965
vt 0.592775 0.342442
vt 0.523296 0.508923
vt 0.395346 0.376049
vt 0.510142 0.020803
vt 0.592582 0.143625
vt 0.414253 0.208459
s 0
g Cube.007_Material
usemtl Material
f 233/460/361 229/461/361 236/462/361
f 229/461/362 228/463/362 235/464/362
f 236/462/363 229/461/363 234/465/363
f 235/466/364 228/467/364 230/468/364
f 230/468/365 228/469/365 232/470/365
f 231/471/366 235/466/366 230/468/366
f 236/472/367 234/473/367 231/474/367
f 233/460/368 228/463/368 229/461/368
f 228/475/369 233/476/369 232/477/369
f 232/477/370 233/476/370 236/472/370
f 232/470/371 231/471/371 230/468/371
f 231/471/372 234/473/372 235/466/372
f 234/473/373 229/461/373 235/466/373
f 232/477/374 236/472/374 231/474/374
o Cube.008
v 11.144494 1.870646 -7.863185
v 11.053719 1.784458 -7.809987
v 10.964891 1.781142 -7.730700
v 10.989249 1.916345 -7.752025
v 11.027862 1.864507 -7.590919
v 11.132630 1.929953 -7.686653
v 11.192332 1.828940 -7.780694
v 10.967484 1.743737 -7.646452
v 11.097648 1.765804 -7.652928
vn -0.6660 0.0023 -0.7460
vn -0.9742 0.1938 0.1160
vn -0.2453 0.9042 0.3497
vn 0.7838 0.6027 -0.1498
vn 0.3379 -0.9189 -0.2036
vn 0.1573 -0.9746 -0.1597
vn 0.6714 0.0092 0.7410
vn 0.1224 -0.4645 0.8771
vn -0.3053 -0.8738 -0.3786
vn -0.5632 0.0859 -0.8219
vn -0.8991 0.3052 0.3137
vn 0.0536 0.9477 -0.3148
vn 0.3575 -0.7334 -0.5781
vn 0.8151 -0.0552 0.5767
vt 0.551771 0.821043
vt 0.490236 0.981936
vt 0.443965 0.755163
vt 0.609545 0.740303
vt 0.579499 0.265268
vt 0.447677 0.232718
vt 0.490446 0.016300
vt 0.320967 0.499695
vt 0.242238 0.673984
vt 0.142687 0.564850
vt 0.543218 0.480597
vt 0.654480 0.663904
vt 0.651690 0.523626
vt 0.809399 0.589510
vt 0.375000 0.930496
vt 0.603518 0.001237
vt 0.583364 0.169025
vt 0.384386 0.054537
vt 0.382289 0.419599
s 0
g Cube.008_Material
usemtl Material
f 239/478/375 240/479/375 238/480/375
f 239/478/376 244/481/376 240/479/376
f 241/482/377 242/483/377 240/484/377
f 243/485/378 237/486/378 242/487/378
f 245/488/379 238/480/379 243/485/379
f 245/488/380 244/489/380 238/480/380
f 241/482/381 245/488/381 242/483/381
f 245/490/382 241/491/382 244/489/382
f 244/489/383 239/478/383 238/480/383
f 237/492/384 238/480/384 240/479/384
f 244/493/385 241/494/385 240/484/385
f 237/495/386 240/484/386 242/483/386
f 237/486/387 243/485/387 238/480/387
f 243/496/388 242/483/388 245/488/388
o Cube.009
v 9.911479 1.961122 -9.701157
v 9.977836 1.799923 -9.716402
v 9.794830 2.020421 -9.563417
v 9.925253 2.087398 -9.458129
v 10.088344 1.690330 -9.517979
v 9.915356 1.614753 -9.577215
v 10.118992 1.951435 -9.526483
v 9.734531 1.831464 -9.637385
v 9.785624 1.680930 -9.636221
v 9.722201 1.780139 -9.399416
v 9.826432 1.947998 -9.348777
v 9.684060 1.940964 -9.511966
v 10.043257 1.743935 -9.353795
v 10.101413 1.966048 -9.400999
v 9.907880 1.698322 -9.343791
v 9.893727 1.854130 -9.241272
vn 0.0482 -0.6105 -0.7906
vn -0.3539 -0.0574 -0.9335
vn -0.9401 -0.3200 -0.1177
vn -0.7322 0.2654 0.6273
vn 0.2356 -0.5192 0.8216
vn 0.1191 0.5592 0.8205
vn 0.9824 -0.1104 0.1505
vn -0.5181 -0.8295 0.2088
vn -0.4569 -0.8420 0.2868
vn 0.3209 -0.8708 0.3724
vn 0.4830 -0.6244 -0.6139
vn 0.8392 -0.1158 -0.5313
vn -0.5424 0.7686 0.3392
vn 0.5707 0.8210 -0.0157
vn 0.4071 0.8009 -0.4392
vn -0.0873 0.8860 -0.4554
vn 0.6184 0.3223 -0.7167
vn -0.5760 0.4508 -0.6819
vn -0.2719 -0.0997 -0.9571
vn -0.6208 0.4495 -0.6423
vn -0.9456 -0.3045 -0.1147
vn 0.6061 0.0103 0.7953
vn 0.0692 0.7725 0.6312
vn 0.9327 -0.1775 0.3141
vn -0.4471 -0.5197 0.7281
vn 0.2801 -0.9009 0.3315
vn -0.7121 0.2436 0.6584
vt 0.875000 0.649805
vt 0.849233 0.683396
vt 0.832712 0.540342
vt 0.580473 0.024703
vt 0.534759 0.188184
vt 0.498710 0.020990
vt 0.437420 0.135101
vt 0.411456 0.342495
vt 0.213804 0.511922
vt 0.337875 0.601179
vt 0.185175 0.619999
vt 0.611440 0.548317
vt 0.438499 0.522151
vt 0.536413 0.434917
vt 0.517900 0.691047
vt 0.378975 0.759339
vt 0.724211 0.603714
vt 0.568883 0.768659
vt 0.609419 0.213408
vt 0.625000 0.382072
vt 0.588498 0.519208
vt 0.209844 0.718096
vt 0.479559 0.953620
vt 0.390901 0.953078
vt 0.565332 0.774863
vt 0.583031 0.973602
vt 0.389658 0.010551
vt 0.376620 0.114133
vt 0.125000 0.581137
vt 0.375000 0.421875
s 0
g Cube.009_Material
usemtl Material
f 254/497/389 247/498/389 251/499/389
f 247/500/390 254/501/390 246/502/390
f 253/503/391 254/501/391 255/504/391
f 255/505/392 256/506/392 257/507/392
f 258/508/393 261/509/393 260/510/393
f 259/511/394 249/512/394 256/506/394
f 250/513/395 252/514/395 259/511/395
f 251/515/396 255/504/396 254/501/396
f 251/515/397 260/510/397 255/504/397
f 260/510/398 250/516/398 258/517/398
f 250/513/399 251/499/399 247/498/399
f 250/513/400 247/498/400 252/514/400
f 248/518/401 257/507/401 256/506/401 249/512/401
f 249/512/402 259/511/402 252/514/402
f 252/514/403 246/519/403 249/512/403
f 246/519/404 248/520/404 249/512/404
f 252/521/405 247/522/405 246/519/405
f 246/502/406 253/503/406 248/523/406
f 253/503/407 246/502/407 254/501/407
f 248/523/408 253/503/408 257/524/408
f 255/505/409 257/507/409 253/525/409
f 261/509/410 258/508/410 259/511/410
f 261/509/411 259/511/411 256/506/411
f 258/508/412 250/513/412 259/511/412
f 255/504/413 260/510/413 261/509/413
f 251/515/414 250/516/414 260/510/414
f 256/526/415 255/504/415 261/509/415
o Cube.010
v 11.097348 1.816516 -10.448555
v 11.197963 1.772194 -10.496666
v 11.337425 1.818658 -10.494151
v 11.147973 1.916971 -10.398510
v 11.071032 1.744979 -10.345753
v 11.324086 1.739988 -10.395533
v 11.298429 1.935986 -10.516713
v 11.286422 1.889681 -10.320010
v 11.087463 1.851501 -10.304793
vn 0.1717 -0.3765 0.9104
vn 0.1484 -0.4154 0.8974
vn 0.8443 0.3574 0.3993
vn 0.9757 0.1926 0.1049
vn 0.2672 -0.7706 -0.5786
vn -0.1783 0.5093 -0.8419
vn -0.9743 0.1942 -0.1143
vn -0.8384 0.5135 -0.1826
vn -0.0642 -0.9713 -0.2292
vn -0.6140 0.2866 -0.7354
vn 0.0727 -0.1650 -0.9836
vn -0.1237 0.8492 0.5134
vn 0.0597 0.9708 0.2322
vn -0.5438 -0.6172 -0.5687
vt 0.856741 0.527884
vt 0.792799 0.664448
vt 0.661337 0.518959
vt 0.570885 0.667835
vt 0.614877 0.834550
vt 0.495616 0.943630
vt 0.319826 0.718976
vt 0.602263 0.105449
vt 0.455701 0.107225
vt 0.553174 0.006579
vt 0.371255 0.573451
vt 0.135465 0.689951
vt 0.165587 0.530358
vt 0.553103 0.308270
vt 0.565029 0.471740
vt 0.392929 0.256090
vt 0.405598 0.560759
vt 0.171875 0.750000
s 0
g Cube.010_Material
usemtl Material
f 266/527/416 267/528/416 270/529/416
f 270/529/417 267/528/417 269/530/417
f 267/531/418 264/532/418 268/533/418
f 269/530/419 267/531/419 268/533/419
f 267/534/420 263/535/420 264/536/420
f 265/537/421 263/538/421 262/539/421
f 266/540/422 270/541/422 262/542/422
f 270/541/423 265/543/423 262/542/423
f 263/535/424 267/534/424 266/540/424
f 265/537/425 268/533/425 263/538/425
f 263/538/426 268/533/426 264/544/426
f 270/529/427 269/530/427 265/543/427
f 269/530/428 268/533/428 265/543/428
f 262/542/429 263/535/429 266/540/429
o Cube.011
v 10.090401 1.926661 -10.088834
v 10.362977 1.777379 -9.996010
v 10.193000 1.791297 -9.876738
v 10.243082 1.959891 -9.983660
v 10.274651 1.913972 -10.139433
v 10.157756 1.770689 -10.163103
v 10.051300 1.775084 -9.996177
v 10.277938 1.717309 -10.160167
v 10.213181 1.683574 -10.013068
vn 0.3700 -0.7015 0.6091
vn 0.5620 0.3175 0.7638
vn -0.5555 0.5333 0.6380
vn -0.0123 0.9584 -0.2850
vn 0.0712 0.1058 -0.9918
vn -0.2277 0.3367 -0.9137
vn -0.8394 -0.1090 -0.5325
vn -0.4935 -0.8189 -0.2932
vn -0.3702 -0.7548 0.5416
vn 0.5273 -0.8489 0.0375
vn -0.3714 -0.8559 -0.3598
vn -0.5729 0.5535 0.6045
vn 0.8360 0.5487 0.0077
vn 0.8761 0.0650 -0.4777
vt 0.534218 0.539052
vt 0.807613 0.537738
vt 0.651467 0.712344
vt 0.812212 0.722590
vt 0.440472 0.699464
vt 0.505279 0.954605
vt 0.394685 0.910428
vt 0.529494 0.041599
vt 0.440272 0.169217
vt 0.407900 0.015209
vt 0.224689 0.500632
vt 0.298939 0.554231
vt 0.143822 0.628706
vt 0.350796 0.501919
vt 0.236030 0.724989
vt 0.358556 0.714558
vt 0.602122 0.296489
vt 0.527241 0.521298
vt 0.452229 0.375318
s 0
g Cube.011_Material
usemtl Material
f 279/545/430 272/546/430 273/547/430
f 273/547/431 272/546/431 274/548/431
f 277/549/432 274/550/432 271/551/432
f 274/552/433 275/553/433 271/554/433
f 278/555/434 276/556/434 275/557/434
f 275/557/435 276/558/435 271/559/435
f 276/558/436 277/560/436 271/559/436
f 276/558/437 279/545/437 277/549/437
f 279/545/438 273/547/438 277/549/438
f 272/561/439 279/562/439 278/563/439
f 278/563/440 279/545/440 276/558/440
f 273/547/441 274/550/441 277/549/441
f 274/552/442 272/561/442 275/553/442
f 272/561/443 278/563/443 275/553/443
o Cube.006
v 12.522143 1.808972 -8.546918
v 12.360755 1.828874 -8.482385
v 12.349616 1.839010 -8.678029
v 12.446525 1.738758 -8.515184
v 12.350094 1.768671 -8.588952
v 12.427934 1.728811 -8.666183
v 12.500066 1.858565 -8.615730
v 12.417499 1.899585 -8.489308
v 12.344285 1.911207 -8.613200
vn 0.6723 -0.7395 -0.0341
vn -0.3678 -0.9238 0.1061
vn 0.3603 0.1572 -0.9195
vn 0.3448 -0.1866 0.9199
vn 0.3731 0.0175 0.9276
vn 0.3171 0.9432 -0.0989
vn 0.7086 0.6604 0.2486
vn -0.6733 0.5846 0.4527
vn -0.9935 -0.0215 0.1115
vn -0.9985 -0.0459 -0.0309
vn -0.7123 -0.5527 -0.4326
vn 0.8359 -0.2815 -0.4711
vn 0.2119 0.6616 -0.7193
vn -0.5597 -0.6963 0.4493
vt 0.423616 0.817668
vt 0.438163 0.985880
vt 0.399025 0.926987
vt 0.584080 0.909473
vt 0.477709 0.045024
vt 0.607265 0.122218
vt 0.441545 0.286085
vt 0.565477 0.549583
vt 0.592013 0.712367
vt 0.289400 0.584684
vt 0.400831 0.754486
vt 0.615924 0.357557
vt 0.551199 0.540629
vt 0.429879 0.509305
vt 0.769145 0.562221
vt 0.604783 0.677624
vt 0.780055 0.741830
vt 0.860509 0.631959
vt 0.567506 0.015179
vt 0.377433 0.096481
s 0
g Cube.006_Material
usemtl Material
f 283/564/444 285/565/444 280/566/444
f 284/567/445 285/565/445 283/564/445
f 285/568/446 282/569/446 286/570/446
f 287/571/447 281/572/447 280/573/447
f 281/572/448 283/574/448 280/573/448
f 286/570/449 288/575/449 287/576/449
f 287/576/450 280/577/450 286/570/450
f 287/571/451 288/578/451 281/579/451
f 281/579/452 288/578/452 284/580/452
f 288/578/453 282/581/453 284/580/453
f 284/582/454 282/569/454 285/568/454
f 280/583/455 285/568/455 286/570/455
f 286/570/456 282/569/456 288/575/456
f 281/572/457 284/567/457 283/564/457
o Cube.007
v 9.989525 1.719991 -8.303214
v 9.966719 1.872918 -8.283422
v 10.098569 1.744873 -8.324299
v 10.105664 1.812816 -8.424073
v 10.002389 1.725279 -8.432752
v 9.901793 1.772920 -8.356831
v 10.041229 1.900564 -8.368320
v 10.051383 1.832244 -8.264476
v 9.922304 1.854575 -8.399750
vn -0.8860 0.3697 0.2800
vn -0.2903 -0.1653 0.9425
vn -0.3583 0.9336 -0.0104
vn 0.2665 -0.4424 0.8563
vn 0.2191 -0.9755 -0.0181
vn 0.9122 0.3057 0.2730
vn 0.0122 0.5426 -0.8399
vn -0.5928 -0.1897 0.7827
vn -0.4771 -0.8749 -0.0831
vn -0.6516 -0.2182 -0.7265
vn 0.6078 -0.6758 -0.4170
vn 0.8484 0.4765 0.2305
vn 0.2776 0.8148 0.5089
vn -0.0847 0.1968 -0.9768
vt 0.862532 0.586626
vt 0.666025 0.612825
vt 0.793538 0.524739
vt 0.799625 0.742317
vt 0.596159 0.725728
vt 0.676667 0.500000
vt 0.533198 0.702151
vt 0.502729 0.907748
vt 0.315429 0.689365
vt 0.215046 0.717794
vt 0.139986 0.551629
vt 0.365533 0.517965
vt 0.592775 0.342442
vt 0.523296 0.508923
vt 0.395346 0.376049
vt 0.510142 0.020803
vt 0.592582 0.143625
vt 0.414253 0.208459
s 0
g Cube.007_Material
usemtl Material
f 294/584/458 290/585/458 297/586/458
f 290/585/459 289/587/459 296/588/459
f 297/586/460 290/585/460 295/589/460
f 296/590/461 289/591/461 291/592/461
f 291/592/462 289/593/462 293/594/462
f 292/595/463 296/590/463 291/592/463
f 297/596/464 295/597/464 292/598/464
f 294/584/465 289/587/465 290/585/465
f 289/599/466 294/600/466 293/601/466
f 293/601/467 294/600/467 297/596/467
f 293/594/468 292/595/468 291/592/468
f 292/595/469 295/597/469 296/590/469
f 295/597/470 290/585/470 296/590/470
f 293/601/471 297/596/471 292/598/471
o Cube.008
v 10.901365 1.798434 -10.354524
v 10.781112 1.725855 -10.350726
v 10.666405 1.728788 -10.395173
v 10.739300 1.824450 -10.473675
v 10.612826 1.899195 -10.370829
v 10.769077 1.938532 -10.360546
v 10.847342 1.838792 -10.270774
v 10.587372 1.752376 -10.347494
v 10.671196 1.824467 -10.267350
vn 0.2356 -0.7175 -0.6555
vn -0.5526 -0.2351 -0.7996
vn -0.1349 0.7152 -0.6857
vn 0.7177 0.6834 0.1336
vn 0.0644 -0.6015 0.7963
vn -0.0834 -0.6960 0.7132
vn -0.2254 0.7251 0.6507
vn -0.7682 0.2282 0.5981
vn -0.1265 -0.9563 0.2634
vn 0.3756 -0.6565 -0.6542
vn -0.6353 -0.0126 -0.7721
vn 0.5628 0.5033 -0.6557
vn 0.4268 -0.6758 0.6010
vn -0.0383 0.6517 0.7575
vt 0.551771 0.821043
vt 0.490236 0.981936
vt 0.443965 0.755163
vt 0.609545 0.740303
vt 0.579499 0.265268
vt 0.447677 0.232718
vt 0.490446 0.016300
vt 0.320967 0.499695
vt 0.242238 0.673984
vt 0.142687 0.564850
vt 0.543218 0.480597
vt 0.654480 0.663904
vt 0.651690 0.523626
vt 0.809399 0.589510
vt 0.375000 0.930496
vt 0.603518 0.001237
vt 0.583364 0.169025
vt 0.384386 0.054537
vt 0.382289 0.419599
s 0
g Cube.008_Material
usemtl Material
f 300/602/472 301/603/472 299/604/472
f 300/602/473 305/605/473 301/603/473
f 302/606/474 303/607/474 301/608/474
f 304/609/475 298/610/475 303/611/475
f 306/612/476 299/604/476 304/609/476
f 306/612/477 305/613/477 299/604/477
f 302/606/478 306/612/478 303/607/478
f 306/614/479 302/615/479 305/613/479
f 305/613/480 300/602/480 299/604/480
f 298/616/481 299/604/481 301/603/481
f 305/617/482 302/618/482 301/608/482
f 298/619/483 301/608/483 303/607/483
f 298/610/484 304/609/484 299/604/484
f 304/620/485 303/607/485 306/612/485
o Cube.009
v 11.306241 1.701678 -10.473462
v 11.175288 1.655111 -10.636750
v 11.269486 1.865676 -10.312360
v 11.176680 1.729656 -10.164679
v 10.874308 1.608778 -10.584232
v 10.934937 1.810054 -10.705034
v 11.065431 1.512965 -10.343019
v 11.217304 1.955865 -10.549914
v 11.085161 1.929642 -10.690624
v 10.969436 2.051950 -10.413727
v 11.010695 1.908167 -10.213483
v 11.204713 2.027833 -10.349635
v 10.783161 1.698221 -10.406647
v 10.969893 1.567402 -10.231942
v 10.789987 1.869426 -10.444549
v 10.819167 1.881983 -10.217554
vn 0.1944 -0.1270 -0.9727
vn 0.7569 0.1225 -0.6420
vn 0.1742 0.9256 -0.3361
vn -0.0791 0.8020 0.5921
vn -0.9901 0.0668 0.1236
vn -0.2979 -0.0160 0.9545
vn -0.4729 -0.8808 0.0249
vn -0.5025 0.6935 -0.5163
vn -0.5858 0.6562 -0.4756
vn -0.9000 -0.0597 -0.4318
vn -0.0744 -0.4966 -0.8648
vn 0.0675 -0.9077 -0.4140
vn 0.3818 0.4610 0.8011
vn 0.3398 -0.6955 0.6331
vn 0.6877 -0.6381 0.3463
vn 0.8999 -0.1858 0.3944
vn 0.5367 -0.8206 -0.1964
vn 0.9482 0.3038 -0.0929
vn 0.7239 0.0462 -0.6884
vn 0.9318 0.3563 -0.0694
vn 0.1830 0.9288 -0.3222
vn -0.7598 -0.3879 0.5217
vn -0.0141 -0.0524 0.9985
vn -0.6189 -0.7818 0.0761
vn -0.7166 0.6954 0.0536
vn -0.8760 -0.0252 -0.4817
vn -0.1212 0.7943 0.5953
vt 0.875000 0.649805
vt 0.849233 0.683396
vt 0.832712 0.540342
vt 0.580473 0.024703
vt 0.534759 0.188184
vt 0.498710 0.020990
vt 0.437420 0.135101
vt 0.411456 0.342495
vt 0.213804 0.511922
vt 0.337875 0.601179
vt 0.185175 0.619999
vt 0.611440 0.548317
vt 0.438499 0.522151
vt 0.536413 0.434917
vt 0.517900 0.691047
vt 0.378975 0.759339
vt 0.724211 0.603714
vt 0.568883 0.768659
vt 0.609419 0.213408
vt 0.625000 0.382072
vt 0.588498 0.519208
vt 0.209844 0.718096
vt 0.479559 0.953620
vt 0.390901 0.953078
vt 0.565332 0.774863
vt 0.583031 0.973602
vt 0.389658 0.010551
vt 0.376620 0.114133
vt 0.125000 0.581137
vt 0.375000 0.421875
s 0
g Cube.009_Material
usemtl Material
f 315/621/486 308/622/486 312/623/486
f 308/624/487 315/625/487 307/626/487
f 314/627/488 315/625/488 316/628/488
f 316/629/489 317/630/489 318/631/489
f 319/632/490 322/633/490 321/634/490
f 320/635/491 310/636/491 317/630/491
f 311/637/492 313/638/492 320/635/492
f 312/639/493 316/628/493 315/625/493
f 312/639/494 321/634/494 316/628/494
f 321/634/495 311/640/495 319/641/495
f 311/637/496 312/623/496 308/622/496
f 311/637/497 308/622/497 313/638/497
f 309/642/498 318/631/498 317/630/498 310/636/498
f 310/636/499 320/635/499 313/638/499
f 313/638/500 307/643/500 310/636/500
f 307/643/501 309/644/501 310/636/501
f 313/645/502 308/646/502 307/643/502
f 307/626/503 314/627/503 309/647/503
f 314/627/504 307/626/504 315/625/504
f 309/647/505 314/627/505 318/648/505
f 316/629/506 318/631/506 314/649/506
f 322/633/507 319/632/507 320/635/507
f 322/633/508 320/635/508 317/630/508
f 319/632/509 311/637/509 320/635/509
f 316/628/510 321/634/510 322/633/510
f 312/639/511 311/640/511 321/634/511
f 317/650/512 316/628/512 322/633/512
o Cube.010
v 12.173112 1.774207 -9.852813
v 12.250632 1.692331 -9.845300
v 12.368862 1.669659 -9.913653
v 12.222929 1.832526 -9.939745
v 12.190956 1.847616 -9.758928
v 12.397512 1.733805 -9.817048
v 12.314715 1.696093 -10.015509
v 12.372778 1.852817 -9.923851
v 12.207170 1.909478 -9.846664
vn 0.5157 0.6524 0.5553
vn 0.4940 0.6353 0.5936
vn 0.8834 0.2248 -0.4113
vn 0.9235 -0.1314 -0.3603
vn 0.1383 -0.8435 0.5190
vn -0.5135 -0.5469 -0.6612
vn -0.9696 0.2444 -0.0068
vn -0.9030 0.2434 -0.3541
vn -0.0277 -0.4940 0.8690
vn -0.8577 -0.3929 -0.3316
vn -0.2512 -0.9610 -0.1158
vn -0.0360 0.7672 -0.6404
vn 0.0245 0.4979 -0.8669
vn -0.6318 -0.5478 0.5484
vt 0.856741 0.527884
vt 0.792799 0.664448
vt 0.661337 0.518959
vt 0.570885 0.667835
vt 0.614877 0.834550
vt 0.495616 0.943630
vt 0.319826 0.718976
vt 0.602263 0.105449
vt 0.455701 0.107225
vt 0.553174 0.006579
vt 0.371255 0.573451
vt 0.135465 0.689951
vt 0.165587 0.530358
vt 0.553103 0.308270
vt 0.565029 0.471740
vt 0.392929 0.256090
vt 0.405598 0.560759
vt 0.171875 0.750000
s 0
g Cube.010_Material
usemtl Material
f 327/651/513 328/652/513 331/653/513
f 331/653/514 328/652/514 330/654/514
f 328/655/515 325/656/515 329/657/515
f 330/654/516 328/655/516 329/657/516
f 328/658/517 324/659/517 325/660/517
f 326/661/518 324/662/518 323/663/518
f 327/664/519 331/665/519 323/666/519
f 331/665/520 326/667/520 323/666/520
f 324/659/521 328/658/521 327/664/521
f 326/661/522 329/657/522 324/662/522
f 324/662/523 329/657/523 325/668/523
f 331/653/524 330/654/524 326/667/524
f 330/654/525 329/657/525 326/667/525
f 323/666/526 324/659/526 327/664/526
o Cube.011
v 10.595809 1.738870 -8.019274
v 10.440158 1.893114 -7.799351
v 10.395308 1.707649 -7.856570
v 10.443672 1.833685 -8.000064
v 10.575420 1.909661 -7.955937
v 10.661049 1.785268 -7.860875
v 10.553216 1.631875 -7.888680
v 10.623574 1.871285 -7.776918
v 10.524036 1.750998 -7.758673
vn -0.5780 -0.1097 0.8086
vn -0.9606 0.2614 -0.0942
vn -0.4602 -0.6073 -0.6476
vn 0.1052 0.3568 -0.9282
vn 0.8592 0.4961 -0.1248
vn 0.8624 0.2633 -0.4323
vn 0.8199 -0.5440 -0.1783
vn 0.5892 -0.5255 0.6137
vn -0.2285 -0.7428 0.6293
vn -0.0921 0.2234 0.9704
vn 0.6100 -0.4012 0.6833
vn -0.4266 -0.6034 -0.6738
vn -0.4135 0.8710 -0.2651
vn 0.0939 0.9783 0.1845
vt 0.534218 0.539052
vt 0.807613 0.537738
vt 0.651467 0.712344
vt 0.812212 0.722590
vt 0.440472 0.699464
vt 0.505279 0.954605
vt 0.394685 0.910428
vt 0.529494 0.041599
vt 0.440272 0.169217
vt 0.407900 0.015209
vt 0.224689 0.500632
vt 0.298939 0.554231
vt 0.143822 0.628706
vt 0.350796 0.501919
vt 0.236030 0.724989
vt 0.358556 0.714558
vt 0.602122 0.296489
vt 0.527241 0.521298
vt 0.452229 0.375318
s 0
g Cube.011_Material
usemtl Material
f 340/669/527 333/670/527 334/671/527
f 334/671/528 333/670/528 335/672/528
f 338/673/529 335/674/529 332/675/529
f 335/676/530 336/677/530 332/678/530
f 339/679/531 337/680/531 336/681/531
f 336/681/532 337/682/532 332/683/532
f 337/682/533 338/684/533 332/683/533
f 337/682/534 340/669/534 338/673/534
f 340/669/535 334/671/535 338/673/535
f 333/685/536 340/686/536 339/687/536
f 339/687/537 340/669/537 337/682/537
f 334/671/538 335/674/538 338/673/538
f 335/676/539 333/685/539 336/677/539
f 333/685/540 339/687/540 336/677/540
o Cube.006
v 11.875971 1.779675 -7.870027
v 11.932355 1.880470 -8.031996
v 12.035703 1.682741 -8.034244
v 11.825630 1.794368 -7.981020
v 11.927684 1.745309 -8.067008
v 11.892529 1.635694 -8.001060
v 11.963853 1.732677 -7.869555
v 11.979681 1.894763 -7.941190
v 12.077455 1.782047 -8.009644
vn -0.8528 -0.4017 0.3336
vn -0.6859 -0.2008 -0.6994
vn 0.3693 -0.8323 0.4135
vn -0.6506 0.7254 0.2249
vn -0.4923 0.8055 0.3299
vn 0.7177 0.2217 0.6601
vn 0.1983 0.3799 0.9035
vn 0.5553 0.7270 -0.4039
vn 0.2985 0.2296 -0.9264
vn 0.3368 0.0906 -0.9372
vn -0.0328 -0.5075 -0.8610
vn -0.3522 -0.6518 0.6717
vn 0.7674 -0.4385 0.4678
vn -0.5620 0.2256 -0.7958
vt 0.423616 0.817668
vt 0.438163 0.985880
vt 0.399025 0.926987
vt 0.584080 0.909473
vt 0.477709 0.045024
vt 0.607265 0.122218
vt 0.441545 0.286085
vt 0.565477 0.549583
vt 0.592013 0.712367
vt 0.289400 0.584684
vt 0.400831 0.754486
vt 0.615924 0.357557
vt 0.551199 0.540629
vt 0.429879 0.509305
vt 0.769145 0.562221
vt 0.604783 0.677624
vt 0.780055 0.741830
vt 0.860509 0.631959
vt 0.567506 0.015179
vt 0.377433 0.096481
s 0
g Cube.006_Material
usemtl Material
f 344/688/541 346/689/541 341/690/541
f 345/691/542 346/689/542 344/688/542
f 346/692/543 343/693/543 347/694/543
f 348/695/544 342/696/544 341/697/544
f 342/696/545 344/698/545 341/697/545
f 347/694/546 349/699/546 348/700/546
f 348/700/547 341/701/547 347/694/547
f 348/695/548 349/702/548 342/703/548
f 342/703/549 349/702/549 345/704/549
f 349/702/550 343/705/550 345/704/550
f 345/706/551 343/693/551 346/692/551
f 341/707/552 346/692/552 347/694/552
f 347/694/553 343/693/553 349/699/553
f 342/696/554 345/691/554 344/688/554
o Cube.007
v 9.839458 1.761096 -9.112726
v 9.945161 1.842384 -8.935231
v 9.715935 1.858433 -9.073446
v 9.652853 1.811712 -8.920165
v 9.718596 1.657941 -9.016919
v 9.910092 1.658789 -9.004703
v 9.805734 1.850464 -8.846207
v 9.853703 1.916950 -9.003775
v 9.886519 1.684196 -8.874656
vn 0.9389 -0.2632 0.2216
vn 0.7271 0.3475 -0.5921
vn 0.5392 0.1194 0.8337
vn 0.1769 0.5530 -0.8142
vn -0.4644 -0.2460 -0.8508
vn -0.4301 0.8976 0.0966
vn -0.3460 -0.3191 0.8823
vn 0.8514 0.0354 -0.5232
vn 0.0480 -0.7094 -0.7032
vn -0.0078 -0.9817 0.1904
vn -0.9029 -0.1277 -0.4105
vn -0.3568 0.8946 0.2689
vn 0.3360 0.8268 0.4512
vn -0.4573 -0.6054 0.6515
vt 0.862532 0.586626
vt 0.666025 0.612825
vt 0.793538 0.524739
vt 0.799625 0.742317
vt 0.596159 0.725728
vt 0.676667 0.500000
vt 0.533198 0.702151
vt 0.502729 0.907748
vt 0.315429 0.689365
vt 0.215046 0.717794
vt 0.139986 0.551629
vt 0.365533 0.517965
vt 0.592775 0.342442
vt 0.523296 0.508923
vt 0.395346 0.376049
vt 0.510142 0.020803
vt 0.592582 0.143625
vt 0.414253 0.208459
s 0
g Cube.007_Material
usemtl Material
f 355/708/555 351/709/555 358/710/555
f 351/709/556 350/711/556 357/712/556
f 358/710/557 351/709/557 356/713/557
f 357/714/558 350/715/558 352/716/558
f 352/716/559 350/717/559 354/718/559
f 353/719/560 357/714/560 352/716/560
f 358/720/561 356/721/561 353/722/561
f 355/708/562 350/711/562 351/709/562
f 350/723/563 355/724/563 354/725/563
f 354/725/564 355/724/564 358/720/564
f 354/718/565 353/719/565 352/716/565
f 353/719/566 356/721/566 357/714/566
f 356/721/567 351/709/567 357/714/567
f 354/725/568 358/720/568 353/722/568
o Cube.008
v 12.197596 1.732735 -10.247140
v 12.062602 1.674269 -10.160101
v 11.950015 1.722691 -10.074150
v 12.014579 1.866434 -10.149622
v 12.044220 1.862156 -9.933530
v 12.192523 1.876020 -10.061555
v 12.243520 1.706429 -10.127522
v 11.941266 1.712442 -9.959044
v 12.107240 1.705901 -9.961193
vn -0.6339 -0.1167 -0.7646
vn -0.9183 0.3943 -0.0347
vn -0.0681 0.9973 0.0291
vn 0.8917 0.3697 -0.2611
vn 0.1524 -0.9808 0.1218
vn -0.0367 -0.9856 0.1650
vn 0.6416 0.1248 0.7568
vn 0.0060 -0.1720 0.9851
vn -0.4644 -0.8783 -0.1135
vn -0.5147 -0.0821 -0.8534
vn -0.8273 0.5478 0.1243
vn 0.2493 0.7698 -0.5875
vn 0.2177 -0.9324 -0.2886
vn 0.7735 -0.0139 0.6337
vt 0.551771 0.821043
vt 0.490236 0.981936
vt 0.443965 0.755163
vt 0.609545 0.740303
vt 0.579499 0.265268
vt 0.447677 0.232718
vt 0.490446 0.016300
vt 0.320967 0.499695
vt 0.242238 0.673984
vt 0.142687 0.564850
vt 0.543218 0.480597
vt 0.654480 0.663904
vt 0.651690 0.523626
vt 0.809399 0.589510
vt 0.375000 0.930496
vt 0.603518 0.001237
vt 0.583364 0.169025
vt 0.384386 0.054537
vt 0.382289 0.419599
s 0
g Cube.008_Material
usemtl Material
f 361/726/569 362/727/569 360/728/569
f 361/726/570 366/729/570 362/727/570
f 363/730/571 364/731/571 362/732/571
f 365/733/572 359/734/572 364/735/572
f 367/736/573 360/728/573 365/733/573
f 367/736/574 366/737/574 360/728/574
f 363/730/575 367/736/575 364/731/575
f 367/738/576 363/739/576 366/737/576
f 366/737/577 361/726/577 360/728/577
f 359/740/578 360/728/578 362/727/578
f 366/741/579 363/742/579 362/732/579
f 359/743/580 362/732/580 364/731/580
f 359/734/581 365/733/581 360/728/581
f 365/744/582 364/731/582 367/736/582
o Cube.009
v 10.237073 1.961275 -10.251618
v 10.050068 1.939341 -10.174379
v 10.422446 1.876144 -10.166698
v 10.420937 1.702858 -10.285188
v 9.952310 1.672453 -10.102045
v 9.995012 1.818150 -9.929137
v 10.141621 1.674395 -10.342338
v 10.283722 1.977890 -9.990586
v 10.122769 1.946604 -9.905154
v 10.338657 1.732161 -9.860338
v 10.419157 1.632497 -10.059993
v 10.457329 1.874474 -10.000876
v 10.090313 1.523849 -10.057671
v 10.213020 1.551621 -10.299517
v 10.155747 1.579028 -9.914800
v 10.332357 1.483136 -9.998085
vn -0.7142 0.6778 0.1746
vn -0.1148 0.9934 0.0042
vn 0.3288 0.4986 0.8020
vn 0.8493 -0.2479 0.4661
vn -0.2544 -0.8573 0.4476
vn 0.5820 -0.7775 -0.2383
vn -0.6497 -0.5579 -0.5164
vn -0.1940 0.0098 0.9810
vn -0.2165 -0.0872 0.9724
vn -0.7001 -0.4971 0.5126
vn -0.9420 0.3322 -0.0473
vn -0.7804 0.1195 -0.6138
vn 0.9940 -0.0547 -0.0942
vn 0.2163 -0.2070 -0.9541
vn 0.1703 0.2451 -0.9544
vn 0.5371 0.4729 -0.6985
vn -0.3900 0.3931 -0.8327
vn 0.4651 0.8743 -0.1388
vn -0.2039 0.9786 -0.0258
vn 0.5051 0.8576 -0.0976
vn 0.3442 0.4986 0.7956
vn -0.1216 -0.9772 -0.1739
vn 0.7042 -0.5794 -0.4104
vn -0.6137 -0.6864 -0.3902
vn 0.1460 -0.4817 0.8641
vn -0.7087 -0.4435 0.5487
vn 0.8311 -0.2851 0.4774
vt 0.875000 0.649805
vt 0.849233 0.683396
vt 0.832712 0.540342
vt 0.580473 0.024703
vt 0.534759 0.188184
vt 0.498710 0.020990
vt 0.437420 0.135101
vt 0.411456 0.342495
vt 0.213804 0.511922
vt 0.337875 0.601179
vt 0.185175 0.619999
vt 0.611440 0.548317
vt 0.438499 0.522151
vt 0.536413 0.434917
vt 0.517900 0.691047
vt 0.378975 0.759339
vt 0.724211 0.603714
vt 0.568883 0.768659
vt 0.609419 0.213408
vt 0.625000 0.382072
vt 0.588498 0.519208
vt 0.209844 0.718096
vt 0.479559 0.953620
vt 0.390901 0.953078
vt 0.565332 0.774863
vt 0.583031 0.973602
vt 0.389658 0.010551
vt 0.376620 0.114133
vt 0.125000 0.581137
vt 0.375000 0.421875
s 0
g Cube.009_Material
usemtl Material
f 376/745/583 369/746/583 373/747/583
f 369/748/584 376/749/584 368/750/584
f 375/751/585 376/749/585 377/752/585
f 377/753/586 378/754/586 379/755/586
f 380/756/587 383/757/587 382/758/587
f 381/759/588 371/760/588 378/754/588
f 372/761/589 374/762/589 381/759/589
f 373/763/590 377/752/590 376/749/590
f 373/763/591 382/758/591 377/752/591
f 382/758/592 372/764/592 380/765/592
f 372/761/593 373/747/593 369/746/593
f 372/761/594 369/746/594 374/762/594
f 370/766/595 379/755/595 378/754/595 371/760/595
f 371/760/596 381/759/596 374/762/596
f 374/762/597 368/767/597 371/760/597
f 368/767/598 370/768/598 371/760/598
f 374/769/599 369/770/599 368/767/599
f 368/750/600 375/751/600 370/771/600
f 375/751/601 368/750/601 376/749/601
f 370/771/602 375/751/602 379/772/602
f 377/753/603 379/755/603 375/773/603
f 383/757/604 380/756/604 381/759/604
f 383/757/605 381/759/605 378/754/605
f 380/756/606 372/761/606 381/759/606
f 377/752/607 382/758/607 383/757/607
f 373/763/608 372/764/608 382/758/608
f 378/774/609 377/752/609 383/757/609
o Cube.010
v 12.303546 1.702468 -8.216992
v 12.246337 1.667771 -8.308025
v 12.180437 1.736767 -8.408286
v 12.286495 1.816074 -8.232382
v 12.420585 1.690218 -8.242815
v 12.292214 1.719910 -8.446796
v 12.132478 1.808293 -8.327153
v 12.308345 1.863971 -8.374988
v 12.406458 1.796414 -8.225364
vn 0.8427 0.1946 -0.5020
vn 0.8565 0.1502 -0.4938
vn -0.1349 0.7024 -0.6989
vn -0.3639 0.4478 -0.8167
vn -0.2742 -0.8669 -0.4163
vn -0.8366 -0.0517 0.5454
vn 0.2003 -0.1329 0.9707
vn -0.0369 0.1287 0.9910
vn 0.2240 -0.9344 -0.2770
vn -0.4916 -0.2864 0.8224
vn -0.7798 -0.6201 0.0858
vn 0.1334 0.9331 0.3339
vn -0.2196 0.9345 0.2802
vn -0.0168 -0.9307 0.3653
vt 0.856741 0.527884
vt 0.792799 0.664448
vt 0.661337 0.518959
vt 0.570885 0.667835
vt 0.614877 0.834550
vt 0.495616 0.943630
vt 0.319826 0.718976
vt 0.602263 0.105449
vt 0.455701 0.107225
vt 0.553174 0.006579
vt 0.371255 0.573451
vt 0.135465 0.689951
vt 0.165587 0.530358
vt 0.553103 0.308270
vt 0.565029 0.471740
vt 0.392929 0.256090
vt 0.405598 0.560759
vt 0.171875 0.750000
s 0
g Cube.010_Material
usemtl Material
f 388/775/610 389/776/610 392/777/610
f 392/777/611 389/776/611 391/778/611
f 389/779/612 386/780/612 390/781/612
f 391/778/613 389/779/613 390/781/613
f 389/782/614 385/783/614 386/784/614
f 387/785/615 385/786/615 384/787/615
f 388/788/616 392/789/616 384/790/616
f 392/789/617 387/791/617 384/790/617
f 385/783/618 389/782/618 388/788/618
f 387/785/619 390/781/619 385/786/619
f 385/786/620 390/781/620 386/792/620
f 392/777/621 391/778/621 387/791/621
f 391/778/622 390/781/622 387/791/622
f 384/790/623 385/783/623 388/788/623
o Cube.011
v 11.093879 1.810015 -7.898041
v 10.774796 1.771072 -7.611669
v 10.781607 1.635463 -7.852231
v 10.862604 1.896305 -7.858423
v 11.002515 1.927693 -7.692109
v 11.114533 1.707704 -7.675159
v 11.020105 1.580491 -7.884901
v 11.014891 1.719784 -7.532306
v 10.907445 1.583466 -7.664167
vn -0.7289 -0.6050 0.3204
vn -0.9392 0.2872 -0.1885
vn -0.1695 -0.0019 -0.9855
vn 0.2631 0.8833 -0.3880
vn 0.7591 0.4245 0.4936
vn 0.8797 0.4578 0.1286
vn 0.9231 -0.3098 -0.2277
vn 0.5059 -0.8195 0.2693
vn -0.2373 -0.9654 -0.1081
vn -0.3661 -0.4817 0.7962
vn 0.4862 -0.7746 0.4046
vn -0.1318 0.0174 -0.9911
vn -0.4866 0.8366 0.2515
vn -0.1331 0.5990 0.7896
vt 0.534218 0.539052
vt 0.807613 0.537738
vt 0.651467 0.712344
vt 0.812212 0.722590
vt 0.440472 0.699464
vt 0.505279 0.954605
vt 0.394685 0.910428
vt 0.529494 0.041599
vt 0.440272 0.169217
vt 0.407900 0.015209
vt 0.224689 0.500632
vt 0.298939 0.554231
vt 0.143822 0.628706
vt 0.350796 0.501919
vt 0.236030 0.724989
vt 0.358556 0.714558
vt 0.602122 0.296489
vt 0.527241 0.521298
vt 0.452229 0.375318
s 0
g Cube.011_Material
usemtl Material
f 401/793/624 394/794/624 395/795/624
f 395/795/625 394/794/625 396/796/625
f 399/797/626 396/798/626 393/799/626
f 396/800/627 397/801/627 393/802/627
f 400/803/628 398/804/628 397/805/628
f 397/805/629 398/806/629 393/807/629
f 398/806/630 399/808/630 393/807/630
f 398/806/631 401/793/631 399/797/631
f 401/793/632 395/795/632 399/797/632
f 394/809/633 401/810/633 400/811/633
f 400/811/634 401/793/634 398/806/634
f 395/795/635 396/798/635 399/797/635
f 396/800/636 394/809/636 397/801/636
f 394/809/637 400/811/637 397/801/637
o Cube.006
v 10.427024 1.765408 -7.994479
v 10.570176 1.838828 -7.829528
v 10.531078 1.585753 -7.794697
v 10.567674 1.785889 -7.990479
v 10.613644 1.687461 -7.866703
v 10.563049 1.586130 -7.970555
v 10.387560 1.683959 -7.922826
v 10.451486 1.848991 -7.817249
v 10.482724 1.683879 -7.728257
vn 0.0429 -0.1001 -0.9941
vn 0.9192 -0.0601 -0.3892
vn -0.5041 -0.8586 -0.0935
vn 0.0328 0.9022 -0.4300
vn -0.1285 0.9426 -0.3081
vn -0.8963 0.0667 0.4384
vn -0.9177 0.3930 -0.0587
vn 0.1311 0.4895 0.8621
vn 0.7255 0.0396 0.6871
vn 0.7239 -0.1049 0.6819
vn 0.8164 -0.5585 0.1472
vn -0.4594 -0.4507 -0.7654
vn -0.7222 -0.5949 0.3530
vn 0.9472 0.2998 -0.1134
vt 0.423616 0.817668
vt 0.438163 0.985880
vt 0.399025 0.926987
vt 0.584080 0.909473
vt 0.477709 0.045024
vt 0.607265 0.122218
vt 0.441545 0.286085
vt 0.565477 0.549583
vt 0.592013 0.712367
vt 0.289400 0.584684
vt 0.400831 0.754486
vt 0.615924 0.357557
vt 0.551199 0.540629
vt 0.429879 0.509305
vt 0.769145 0.562221
vt 0.604783 0.677624
vt 0.780055 0.741830
vt 0.860509 0.631959
vt 0.567506 0.015179
vt 0.377433 0.096481
s 0
g Cube.006_Material
usemtl Material
f 405/812/638 407/813/638 402/814/638
f 406/815/639 407/813/639 405/812/639
f 407/816/640 404/817/640 408/818/640
f 409/819/641 403/820/641 402/821/641
f 403/820/642 405/822/642 402/821/642
f 408/818/643 410/823/643 409/824/643
f 409/824/644 402/825/644 408/818/644
f 409/819/645 410/826/645 403/827/645
f 403/827/646 410/826/646 406/828/646
f 410/826/647 404/829/647 406/828/647
f 406/830/648 404/817/648 407/816/648
f 402/831/649 407/816/649 408/818/649
f 408/818/650 404/817/650 410/823/650
f 403/820/651 406/815/651 405/812/651
o Cube.007
v 10.490347 1.813899 -10.123626
v 10.552583 1.696893 -10.301864
v 10.418063 1.678813 -10.070449
v 10.292140 1.634638 -10.179435
v 10.311387 1.826803 -10.171248
v 10.465799 1.874493 -10.274877
v 10.410192 1.612233 -10.305668
v 10.533916 1.637095 -10.180552
v 10.412697 1.789687 -10.364982
vn 0.5818 0.3925 -0.7123
vn 0.9599 0.1631 0.2281
vn 0.2106 -0.3126 -0.9263
vn 0.6736 -0.0709 0.7357
vn -0.1993 0.4494 0.8708
vn 0.0111 -0.9311 0.3645
vn -0.7327 -0.2064 -0.6485
vn 0.8998 0.4354 0.0284
vn -0.0334 0.9259 0.3763
vn -0.5094 0.7559 -0.4112
vn -0.6609 0.0343 0.7497
vn 0.0108 -0.9828 0.1846
vn 0.4899 -0.8095 -0.3236
vn -0.8724 0.1077 -0.4768
vt 0.862532 0.586626
vt 0.666025 0.612825
vt 0.793538 0.524739
vt 0.799625 0.742317
vt 0.596159 0.725728
vt 0.676667 0.500000
vt 0.533198 0.702151
vt 0.502729 0.907748
vt 0.315429 0.689365
vt 0.215046 0.717794
vt 0.139986 0.551629
vt 0.365533 0.517965
vt 0.592775 0.342442
vt 0.523296 0.508923
vt 0.395346 0.376049
vt 0.510142 0.020803
vt 0.592582 0.143625
vt 0.414253 0.208459
s 0
g Cube.007_Material
usemtl Material
f 416/832/652 412/833/652 419/834/652
f 412/833/653 411/835/653 418/836/653
f 419/834/654 412/833/654 417/837/654
f 418/838/655 411/839/655 413/840/655
f 413/840/656 411/841/656 415/842/656
f 414/843/657 418/838/657 413/840/657
f 419/844/658 417/845/658 414/846/658
f 416/832/659 411/835/659 412/833/659
f 411/847/660 416/848/660 415/849/660
f 415/849/661 416/848/661 419/844/661
f 415/842/662 414/843/662 413/840/662
f 414/843/663 417/845/663 418/838/663
f 417/845/664 412/833/664 418/838/664
f 415/849/665 419/844/665 414/846/665
o Cube.008
v 12.204668 1.608672 -9.739681
v 12.251600 1.744283 -9.743550
v 12.330861 1.818272 -9.807178
v 12.317300 1.697414 -9.889281
v 12.485698 1.719411 -9.820529
v 12.393420 1.585885 -9.791117
v 12.291294 1.610525 -9.672151
v 12.417533 1.850512 -9.776813
v 12.417890 1.737193 -9.695436
vn -0.7727 0.4137 -0.4814
vn 0.0844 0.5534 -0.8286
vn 0.3877 -0.4456 -0.8069
vn -0.0829 -0.9876 0.1334
vn -0.2388 0.4012 0.8843
vn -0.2058 0.5704 0.7952
vn 0.7686 -0.4261 0.4772
vn 0.8549 0.3044 0.4201
vn -0.4384 0.8081 0.3935
vn -0.8394 0.2772 -0.4676
vn 0.2910 0.4354 -0.8519
vn -0.2600 -0.7319 -0.6299
vn -0.6014 0.2300 0.7651
vn 0.6074 -0.4924 0.6234
vt 0.551771 0.821043
vt 0.490236 0.981936
vt 0.443965 0.755163
vt 0.609545 0.740303
vt 0.579499 0.265268
vt 0.447677 0.232718
vt 0.490446 0.016300
vt 0.320967 0.499695
vt 0.242238 0.673984
vt 0.142687 0.564850
vt 0.543218 0.480597
vt 0.654480 0.663904
vt 0.651690 0.523626
vt 0.809399 0.589510
vt 0.375000 0.930496
vt 0.603518 0.001237
vt 0.583364 0.169025
vt 0.384386 0.054537
vt 0.382289 0.419599
s 0
g Cube.008_Material
usemtl Material
f 422/850/666 423/851/666 421/852/666
f 422/850/667 427/853/667 423/851/667
f 424/854/668 425/855/668 423/856/668
f 426/857/669 420/858/669 425/859/669
f 428/860/670 421/852/670 426/857/670
f 428/860/671 427/861/671 421/852/671
f 424/854/672 428/860/672 425/855/672
f 428/862/673 424/863/673 427/861/673
f 427/861/674 422/850/674 421/852/674
f 420/864/675 421/852/675 423/851/675
f 427/865/676 424/866/676 423/856/676
f 420/867/677 423/856/677 425/855/677
f 420/858/678 426/857/678 421/852/678
f 426/868/679 425/855/679 428/860/679
o Cube.009
v 10.745020 1.617528 -10.145594
v 10.917659 1.634979 -10.200305
v 10.590753 1.718152 -10.216977
v 10.540771 1.587669 -10.342267
v 10.975038 1.626856 -10.456017
v 10.996747 1.808232 -10.361418
v 10.763630 1.468723 -10.384645
v 10.761619 1.851926 -10.180215
v 10.912208 1.880810 -10.241931
v 10.703546 1.932332 -10.413436
v 10.577971 1.765327 -10.449710
v 10.594916 1.866173 -10.248969
v 10.843123 1.671081 -10.578846
v 10.692395 1.500437 -10.491914
v 10.825178 1.816748 -10.553781
v 10.641978 1.771332 -10.600644
vn 0.8414 0.1083 0.5295
vn 0.2826 0.1662 0.9447
vn -0.0431 0.9412 0.3352
vn -0.7482 0.6161 -0.2463
vn 0.1989 0.1899 -0.9614
vn -0.7467 -0.2227 -0.6268
vn 0.4062 -0.7671 -0.4965
vn 0.4142 0.8779 -0.2402
vn 0.4170 0.8451 -0.3345
vn 0.7029 0.2039 -0.6815
vn 0.9484 -0.2283 0.2201
vn 0.6258 -0.7624 0.1646
vn -0.9830 0.1620 0.0868
vn -0.4635 -0.8849 0.0462
vn -0.3414 -0.8097 0.4774
vn -0.5940 -0.4271 0.6817
vn 0.2488 -0.8134 0.5257
vn -0.3262 0.1607 0.9315
vn 0.3585 0.1115 0.9269
vn -0.3579 0.2069 0.9106
vn -0.0594 0.9391 0.3385
vn -0.0928 -0.3857 -0.9179
vn -0.8693 -0.3148 -0.3812
vn 0.3787 -0.6633 -0.6455
vn -0.0232 0.7617 -0.6475
vn 0.7287 0.2461 -0.6391
vn -0.7346 0.6147 -0.2871
vt 0.875000 0.649805
vt 0.849233 0.683396
vt 0.832712 0.540342
vt 0.580473 0.024703
vt 0.534759 0.188184
vt 0.498710 0.020990
vt 0.437420 0.135101
vt 0.411456 0.342495
vt 0.213804 0.511922
vt 0.337875 0.601179
vt 0.185175 0.619999
vt 0.611440 0.548317
vt 0.438499 0.522151
vt 0.536413 0.434917
vt 0.517900 0.691047
vt 0.378975 0.759339
vt 0.724211 0.603714
vt 0.568883 0.768659
vt 0.609419 0.213408
vt 0.625000 0.382072
vt 0.588498 0.519208
vt 0.209844 0.718096
vt 0.479559 0.953620
vt 0.390901 0.953078
vt 0.565332 0.774863
vt 0.583031 0.973602
vt 0.389658 0.010551
vt 0.376620 0.114133
vt 0.125000 0.581137
vt 0.375000 0.421875
s 0
g Cube.009_Material
usemtl Material
f 437/869/680 430/870/680 434/871/680
f 430/872/681 437/873/681 429/874/681
f 436/875/682 437/873/682 438/876/682
f 438/877/683 439/878/683 440/879/683
f 441/880/684 444/881/684 443/882/684
f 442/883/685 432/884/685 439/878/685
f 433/885/686 435/886/686 442/883/686
f 434/887/687 438/876/687 437/873/687
f 434/887/688 443/882/688 438/876/688
f 443/882/689 433/888/689 441/889/689
f 433/885/690 434/871/690 430/870/690
f 433/885/691 430/870/691 435/886/691
f 431/890/692 440/879/692 439/878/692 432/884/692
f 432/884/693 442/883/693 435/886/693
f 435/886/694 429/891/694 432/884/694
f 429/891/695 431/892/695 432/884/695
f 435/893/696 430/894/696 429/891/696
f 429/874/697 436/875/697 431/895/697
f 436/875/698 429/874/698 437/873/698
f 431/895/699 436/875/699 440/896/699
f 438/877/700 440/879/700 436/897/700
f 444/881/701 441/880/701 442/883/701
f 444/881/702 442/883/702 439/878/702
f 441/880/703 433/885/703 442/883/703
f 438/876/704 443/882/704 444/881/704
f 434/887/705 433/888/705 443/882/705
f 439/898/706 438/876/706 444/881/706
o Cube.010
v 12.343827 1.614183 -9.816995
v 12.285932 1.714245 -9.837250
v 12.228644 1.812242 -9.749001
v 12.336962 1.617648 -9.696834
v 12.464990 1.637837 -9.837608
v 12.344563 1.849715 -9.772452
v 12.181520 1.722113 -9.679982
v 12.370557 1.758465 -9.633739
v 12.458935 1.608160 -9.728991
vn 0.8782 0.4466 0.1710
vn 0.8878 0.4429 0.1249
vn -0.0426 0.6214 0.7824
vn -0.2868 0.7748 0.5634
vn -0.3276 0.5193 -0.7893
vn -0.8620 -0.5058 -0.0347
vn 0.1437 -0.9566 -0.2534
vn -0.0711 -0.9972 0.0247
vn 0.1562 0.3704 -0.9157
vn -0.5512 -0.7674 -0.3276
vn -0.8328 0.0116 -0.5535
vn 0.1968 -0.4396 0.8763
vn -0.1520 -0.3737 0.9150
vn -0.1126 -0.2593 -0.9592
vt 0.856741 0.527884
vt 0.792799 0.664448
vt 0.661337 0.518959
vt 0.570885 0.667835
vt 0.614877 0.834550
vt 0.495616 0.943630
vt 0.319826 0.718976
vt 0.602263 0.105449
vt 0.455701 0.107225
vt 0.553174 0.006579
vt 0.371255 0.573451
vt 0.135465 0.689951
vt 0.165587 0.530358
vt 0.553103 0.308270
vt 0.565029 0.471740
vt 0.392929 0.256090
vt 0.405598 0.560759
vt 0.171875 0.750000
s 0
g Cube.010_Material
usemtl Material
f 449/899/707 450/900/707 453/901/707
f 453/901/708 450/900/708 452/902/708
f 450/903/709 447/904/709 451/905/709
f 452/902/710 450/903/710 451/905/710
f 450/906/711 446/907/711 447/908/711
f 448/909/712 446/910/712 445/911/712
f 449/912/713 453/913/713 445/914/713
f 453/913/714 448/915/714 445/914/714
f 446/907/715 450/906/715 449/912/715
f 448/909/716 451/905/716 446/910/716
f 446/910/717 451/905/717 447/916/717
f 453/901/718 452/902/718 448/915/718
f 452/902/719 451/905/719 448/915/719
f 445/914/720 446/907/720 449/912/720
o Cube.011
v 12.082626 1.690465 -8.105742
v 11.783739 1.568717 -7.812163
v 12.000616 1.735327 -7.752392
v 12.053452 1.521078 -7.919601
v 11.895569 1.515841 -8.076345
v 11.842833 1.759043 -8.107267
v 12.028407 1.876908 -7.956843
v 11.700345 1.690059 -8.028251
v 11.806336 1.799734 -7.868453
vn -0.4329 0.2532 0.8652
vn 0.2165 -0.5669 0.7948
vn 0.9673 0.0928 0.2360
vn 0.5379 -0.6637 -0.5197
vn -0.3992 -0.2003 -0.8947
vn -0.0317 -0.1328 -0.9906
vn 0.1894 0.6458 -0.7397
vn -0.3952 0.8936 -0.2127
vn -0.0627 0.8245 0.5624
vn -0.8736 0.1942 0.4462
vn -0.5213 0.8245 -0.2201
vn 0.9768 0.0891 0.1945
vn -0.1145 -0.9823 0.1481
vn -0.6784 -0.7207 -0.1429
vt 0.534218 0.539052
vt 0.807613 0.537738
vt 0.651467 0.712344
vt 0.812212 0.722590
vt 0.440472 0.699464
vt 0.505279 0.954605
vt 0.394685 0.910428
vt 0.529494 0.041599
vt 0.440272 0.169217
vt 0.407900 0.015209
vt 0.224689 0.500632
vt 0.298939 0.554231
vt 0.143822 0.628706
vt 0.350796 0.501919
vt 0.236030 0.724989
vt 0.358556 0.714558
vt 0.602122 0.296489
vt 0.527241 0.521298
vt 0.452229 0.375318
s 0
g Cube.011_Material
usemtl Material
f 462/917/721 455/918/721 456/919/721
f 456/919/722 455/918/722 457/920/722
f 460/921/723 457/922/723 454/923/723
f 457/924/724 458/925/724 454/926/724
f 461/927/725 459/928/725 458/929/725
f 458/929/726 459/930/726 454/931/726
f 459/930/727 460/932/727 454/931/727
f 459/930/728 462/917/728 460/921/728
f 462/917/729 456/919/729 460/921/729
f 455/933/730 462/934/730 461/935/730
f 461/935/731 462/917/731 459/930/731
f 456/919/732 457/922/732 460/921/732
f 457/924/733 455/933/733 458/925/733
f 455/933/734 461/935/734 458/925/734
o Cube.006
v 9.910615 1.623493 -9.038531
v 9.741889 1.605329 -8.923168
v 9.837159 1.809982 -8.878325
v 9.787894 1.644770 -9.061374
v 9.754165 1.744339 -8.959106
v 9.842769 1.813269 -9.037372
v 9.952463 1.683767 -8.966530
v 9.835072 1.564588 -8.891052
v 9.838151 1.715582 -8.814453
vn 0.1951 0.0757 -0.9778
vn -0.7557 0.3269 -0.5675
vn 0.7515 0.6585 0.0401
vn -0.2195 -0.8621 -0.4568
vn -0.1071 -0.9461 -0.3057
vn 0.7222 -0.3246 0.6108
vn 0.7439 -0.6578 0.1183
vn -0.4494 -0.3969 0.8004
vn -0.8274 0.2079 0.5217
vn -0.7804 0.3447 0.5216
vn -0.6170 0.7869 -0.0055
vn 0.7226 0.2623 -0.6395
vn 0.7814 0.3553 0.5130
vn -0.9490 0.0023 -0.3152
vt 0.423616 0.817668
vt 0.438163 0.985880
vt 0.399025 0.926987
vt 0.584080 0.909473
vt 0.477709 0.045024
vt 0.607265 0.122218
vt 0.441545 0.286085
vt 0.565477 0.549583
vt 0.592013 0.712367
vt 0.289400 0.584684
vt 0.400831 0.754486
vt 0.615924 0.357557
vt 0.551199 0.540629
vt 0.429879 0.509305
vt 0.769145 0.562221
vt 0.604783 0.677624
vt 0.780055 0.741830
vt 0.860509 0.631959
vt 0.567506 0.015179
vt 0.377433 0.096481
s 0
g Cube.006_Material
usemtl Material
f 466/936/735 468/937/735 463/938/735
f 467/939/736 468/937/736 466/936/736
f 468/940/737 465/941/737 469/942/737
f 470/943/738 464/944/738 463/945/738
f 464/944/739 466/946/739 463/945/739
f 469/942/740 471/947/740 470/948/740
f 470/948/741 463/949/741 469/942/741
f 470/943/742 471/950/742 464/951/742
f 464/951/743 471/950/743 467/952/743
f 471/950/744 465/953/744 467/952/744
f 467/954/745 465/941/745 468/940/745
f 463/955/746 468/940/746 469/942/746
f 469/942/747 465/941/747 471/947/747
f 464/944/748 467/939/748 466/936/748
o Cube.007
v 10.739428 1.618974 -10.358889
v 10.626661 1.598304 -10.179846
v 10.740462 1.771723 -10.331243
v 10.585989 1.829284 -10.336136
v 10.607588 1.689227 -10.455100
v 10.607162 1.533056 -10.358255
v 10.546575 1.732695 -10.205959
v 10.712290 1.695789 -10.195449
v 10.505031 1.586274 -10.300385
vn -0.2648 -0.8959 0.3566
vn 0.7222 -0.5721 0.3888
vn -0.6663 -0.2613 0.6984
vn 0.9826 -0.0395 0.1817
vn 0.6298 0.1342 -0.7651
vn 0.2856 0.8100 0.5122
vn -0.9496 0.3077 -0.0593
vn 0.5297 -0.8136 0.2397
vn 0.3208 -0.4998 -0.8045
vn -0.6030 -0.4192 -0.6787
vn 0.2640 0.6477 -0.7147
vn 0.1337 0.7761 0.6163
vn -0.0229 0.1776 0.9838
vn -0.8746 0.2284 -0.4277
vt 0.862532 0.586626
vt 0.666025 0.612825
vt 0.793538 0.524739
vt 0.799625 0.742317
vt 0.596159 0.725728
vt 0.676667 0.500000
vt 0.533198 0.702151
vt 0.502729 0.907748
vt 0.315429 0.689365
vt 0.215046 0.717794
vt 0.139986 0.551629
vt 0.365533 0.517965
vt 0.592775 0.342442
vt 0.523296 0.508923
vt 0.395346 0.376049
vt 0.510142 0.020803
vt 0.592582 0.143625
vt 0.414253 0.208459
s 0
g Cube.007_Material
usemtl Material
f 477/956/749 473/957/749 480/958/749
f 473/957/750 472/959/750 479/960/750
f 480/958/751 473/957/751 478/961/751
f 479/962/752 472/963/752 474/964/752
f 474/964/753 472/965/753 476/966/753
f 475/967/754 479/962/754 474/964/754
f 480/968/755 478/969/755 475/970/755
f 477/956/756 472/959/756 473/957/756
f 472/971/757 477/972/757 476/973/757
f 476/973/758 477/972/758 480/968/758
f 476/966/759 475/967/759 474/964/759
f 475/967/760 478/969/760 479/962/760
f 478/969/761 473/957/761 479/962/761
f 476/973/762 480/968/762 475/970/762
o Cube.008
v 12.518869 1.537628 -8.829245
v 12.537438 1.673502 -8.821532
v 12.477376 1.776815 -8.835252
v 12.378316 1.677470 -8.829852
v 12.388375 1.756514 -8.985999
v 12.407040 1.600941 -8.967080
v 12.549007 1.566313 -8.925767
v 12.483988 1.836045 -8.906811
v 12.522527 1.729211 -8.976949
vn -0.0494 0.1032 0.9934
vn -0.6122 0.6360 0.4699
vn -0.9823 -0.1338 -0.1310
vn -0.1353 -0.9374 -0.3208
vn 0.9882 0.1475 -0.0420
vn 0.9456 0.3243 0.0255
vn 0.0435 -0.1155 -0.9924
vn 0.1723 0.5833 -0.7938
vn 0.7332 0.4890 0.4725
vn -0.0534 -0.0493 0.9974
vn -0.7373 0.6207 0.2667
vn -0.6852 -0.6876 0.2401
vn 0.9559 -0.1451 0.2553
vn 0.2103 -0.2618 -0.9419
vt 0.551771 0.821043
vt 0.490236 0.981936
vt 0.443965 0.755163
vt 0.609545 0.740303
vt 0.579499 0.265268
vt 0.447677 0.232718
vt 0.490446 0.016300
vt 0.320967 0.499695
vt 0.242238 0.673984
vt 0.142687 0.564850
vt 0.543218 0.480597
vt 0.654480 0.663904
vt 0.651690 0.523626
vt 0.809399 0.589510
vt 0.375000 0.930496
vt 0.603518 0.001237
vt 0.583364 0.169025
vt 0.384386 0.054537
vt 0.382289 0.419599
s 0
g Cube.008_Material
usemtl Material
f 483/974/763 484/975/763 482/976/763
f 483/974/764 488/977/764 484/975/764
f 485/978/765 486/979/765 484/980/765
f 487/981/766 481/982/766 486/983/766
f 489/984/767 482/976/767 487/981/767
f 489/984/768 488/985/768 482/976/768
f 485/978/769 489/984/769 486/979/769
f 489/986/770 485/987/770 488/985/770
f 488/985/771 483/974/771 482/976/771
f 481/988/772 482/976/772 484/975/772
f 488/989/773 485/990/773 484/980/773
f 481/991/774 484/980/774 486/979/774
f 481/982/775 487/981/775 482/976/775
f 487/992/776 486/979/776 489/984/776
o Cube.009
v 11.199901 1.700469 -7.799838
v 11.231528 1.561287 -7.716191
v 11.316351 1.834125 -7.828763
v 11.367771 1.778069 -7.981520
v 11.426264 1.433639 -7.767419
v 11.423811 1.521873 -7.602505
v 11.326974 1.549445 -7.963810
v 11.323527 1.773065 -7.638309
v 11.368011 1.652798 -7.559917
v 11.550196 1.775049 -7.679816
v 11.523666 1.788836 -7.870322
v 11.403234 1.881459 -7.732915
v 11.557826 1.511109 -7.839309
v 11.434040 1.581443 -8.009128
v 11.600567 1.592167 -7.739647
v 11.639724 1.695413 -7.877769
vn -0.5203 -0.4565 0.7217
vn -0.7899 0.1739 0.5880
vn 0.1422 0.5769 0.8043
vn 0.5920 0.8056 -0.0241
vn 0.9085 -0.4146 -0.0524
vn 0.5417 0.2932 -0.7878
vn 0.0346 -0.8531 -0.5206
vn 0.5629 -0.0288 0.8260
vn 0.6305 -0.0790 0.7722
vn 0.6062 -0.7241 0.3290
vn -0.4157 -0.8045 0.4242
vn -0.5721 -0.7997 -0.1823
vn 0.1196 0.9105 -0.3957
vn -0.3893 -0.0019 -0.9211
vn -0.7493 0.0828 -0.6570
vn -0.7223 0.5343 -0.4392
vn -0.8666 -0.3866 -0.3155
vn -0.7055 0.6667 0.2403
vn -0.8087 0.0807 0.5827
vn -0.6620 0.7061 0.2513
vn 0.1404 0.5905 0.7948
vn 0.6422 -0.4193 -0.6417
vn 0.2985 0.4384 -0.8478
vn 0.2167 -0.8359 -0.5042
vn 0.9221 0.1353 0.3626
vn 0.5850 -0.7114 0.3893
vn 0.6256 0.7796 -0.0307
vt 0.875000 0.649805
vt 0.849233 0.683396
vt 0.832712 0.540342
vt 0.580473 0.024703
vt 0.534759 0.188184
vt 0.498710 0.020990
vt 0.437420 0.135101
vt 0.411456 0.342495
vt 0.213804 0.511922
vt 0.337875 0.601179
vt 0.185175 0.619999
vt 0.611440 0.548317
vt 0.438499 0.522151
vt 0.536413 0.434917
vt 0.517900 0.691047
vt 0.378975 0.759339
vt 0.724211 0.603714
vt 0.568883 0.768659
vt 0.609419 0.213408
vt 0.625000 0.382072
vt 0.588498 0.519208
vt 0.209844 0.718096
vt 0.479559 0.953620
vt 0.390901 0.953078
vt 0.565332 0.774863
vt 0.583031 0.973602
vt 0.389658 0.010551
vt 0.376620 0.114133
vt 0.125000 0.581137
vt 0.375000 0.421875
s 0
g Cube.009_Material
usemtl Material
f 498/993/777 491/994/777 495/995/777
f 491/996/778 498/997/778 490/998/778
f 497/999/779 498/997/779 499/1000/779
f 499/1001/780 500/1002/780 501/1003/780
f 502/1004/781 505/1005/781 504/1006/781
f 503/1007/782 493/1008/782 500/1002/782
f 494/1009/783 496/1010/783 503/1007/783
f 495/1011/784 499/1000/784 498/997/784
f 495/1011/785 504/1006/785 499/1000/785
f 504/1006/786 494/1012/786 502/1013/786
f 494/1009/787 495/995/787 491/994/787
f 494/1009/788 491/994/788 496/1010/788
f 492/1014/789 501/1003/789 500/1002/789 493/1008/789
f 493/1008/790 503/1007/790 496/1010/790
f 496/1010/791 490/1015/791 493/1008/791
f 490/1015/792 492/1016/792 493/1008/792
f 496/1017/793 491/1018/793 490/1015/793
f 490/998/794 497/999/794 492/1019/794
f 497/999/795 490/998/795 498/997/795
f 492/1019/796 497/999/796 501/1020/796
f 499/1001/797 501/1003/797 497/1021/797
f 505/1005/798 502/1004/798 503/1007/798
f 505/1005/799 503/1007/799 500/1002/799
f 502/1004/800 494/1009/800 503/1007/800
f 499/1000/801 504/1006/801 505/1005/801
f 495/1011/802 494/1012/802 504/1006/802
f 500/1022/803 499/1000/803 505/1005/803
o Cube.010
v 10.568789 1.535393 -7.862027
v 10.666029 1.604112 -7.923670
v 10.663750 1.709969 -8.049249
v 10.465076 1.579133 -7.941100
v 10.543224 1.602255 -7.738252
v 10.650369 1.787453 -7.931332
v 10.576509 1.624855 -8.118977
v 10.465405 1.756763 -7.972655
v 10.432381 1.609014 -7.803543
vn -0.2910 0.7660 0.5733
vn -0.2601 0.7517 0.6060
vn -0.3199 0.7747 -0.5454
vn 0.0228 0.7511 -0.6598
vn 0.9946 0.0873 0.0555
vn 0.1495 -0.7690 -0.6215
vn -0.2925 -0.8653 0.4070
vn -0.4435 -0.8919 0.0883
vn 0.8296 0.0939 0.5504
vn 0.1358 -0.9767 -0.1660
vn 0.7834 -0.4681 -0.4088
vn -0.9740 -0.0379 -0.2233
vn -0.8323 -0.0955 -0.5460
vn 0.6878 -0.5697 0.4498
vt 0.856741 0.527884
vt 0.792799 0.664448
vt 0.661337 0.518959
vt 0.570885 0.667835
vt 0.614877 0.834550
vt 0.495616 0.943630
vt 0.319826 0.718976
vt 0.602263 0.105449
vt 0.455701 0.107225
vt 0.553174 0.006579
vt 0.371255 0.573451
vt 0.135465 0.689951
vt 0.165587 0.530358
vt 0.553103 0.308270
vt 0.565029 0.471740
vt 0.392929 0.256090
vt 0.405598 0.560759
vt 0.171875 0.750000
s 0
g Cube.010_Material
usemtl Material
f 510/1023/804 511/1024/804 514/1025/804
f 514/1025/805 511/1024/805 513/1026/805
f 511/1027/806 508/1028/806 512/1029/806
f 513/1026/807 511/1027/807 512/1029/807
f 511/1030/808 507/1031/808 508/1032/808
f 509/1033/809 507/1034/809 506/1035/809
f 510/1036/810 514/1037/810 506/1038/810
f 514/1037/811 509/1039/811 506/1038/811
f 507/1031/812 511/1030/812 510/1036/812
f 509/1033/813 512/1029/813 507/1034/813
f 507/1034/814 512/1029/814 508/1040/814
f 514/1025/815 513/1026/815 509/1039/815
f 513/1026/816 512/1029/816 509/1039/816
f 506/1038/817 507/1031/817 510/1036/817
o Cube.011
v 10.458476 1.720158 -10.191118
v 10.189216 1.690287 -9.839979
v 10.098854 1.750887 -10.102930
v 10.338912 1.873861 -10.022559
v 10.470771 1.715277 -9.929611
v 10.407917 1.507317 -10.062965
v 10.245413 1.608535 -10.254462
v 10.341072 1.480052 -9.898232
v 10.163387 1.534402 -10.024324
vn -0.9425 -0.1783 0.2828
vn -0.5178 0.7774 0.3571
vn -0.1418 0.6793 -0.7200
vn 0.7758 0.6305 -0.0247
vn 0.8569 -0.4357 0.2756
vn 0.9645 -0.2593 -0.0502
vn 0.4852 -0.5327 -0.6934
vn -0.1580 -0.9221 -0.3533
vn -0.8173 -0.3957 -0.4188
vn -0.5822 -0.5788 0.5710
vn -0.1413 -0.9658 -0.2172
vn -0.1008 0.6746 -0.7312
vn 0.1908 0.6096 0.7694
vn 0.3065 -0.0421 0.9509
vt 0.534218 0.539052
vt 0.807613 0.537738
vt 0.651467 0.712344
vt 0.812212 0.722590
vt 0.440472 0.699464
vt 0.505279 0.954605
vt 0.394685 0.910428
vt 0.529494 0.041599
vt 0.440272 0.169217
vt 0.407900 0.015209
vt 0.224689 0.500632
vt 0.298939 0.554231
vt 0.143822 0.628706
vt 0.350796 0.501919
vt 0.236030 0.724989
vt 0.358556 0.714558
vt 0.602122 0.296489
vt 0.527241 0.521298
vt 0.452229 0.375318
s 0
g Cube.011_Material
usemtl Material
f 523/1041/818 516/1042/818 517/1043/818
f 517/1043/819 516/1042/819 518/1044/819
f 521/1045/820 518/1046/820 515/1047/820
f 518/1048/821 519/1049/821 515/1050/821
f 522/1051/822 520/1052/822 519/1053/822
f 519/1053/823 520/1054/823 515/1055/823
f 520/1054/824 521/1056/824 515/1055/824
f 520/1054/825 523/1041/825 521/1045/825
f 523/1041/826 517/1043/826 521/1045/826
f 516/1057/827 523/1058/827 522/1059/827
f 522/1059/828 523/1041/828 520/1054/828
f 517/1043/829 518/1046/829 521/1045/829
f 518/1048/830 516/1057/830 519/1049/830
f 516/1057/831 522/1059/831 519/1049/831
o Cube.006
v 11.985595 1.597509 -10.081767
v 11.880126 1.749007 -10.127288
v 11.797059 1.578863 -10.225391
v 11.896745 1.652038 -10.027937
v 11.797777 1.644113 -10.120719
v 11.814939 1.522198 -10.090405
v 11.963639 1.557899 -10.165562
v 11.962637 1.727537 -10.177241
v 11.854710 1.657099 -10.266728
vn 0.1868 -0.5190 0.8341
vn -0.6851 0.0835 0.7236
vn 0.0241 -0.9206 -0.3897
vn 0.5307 0.5605 0.6357
vn 0.6509 0.5949 0.4717
vn 0.6559 -0.0480 -0.7533
vn 0.9686 -0.0114 -0.2484
vn -0.1049 0.8390 -0.5339
vn -0.7695 0.5886 -0.2477
vn -0.8374 0.4664 -0.2850
vn -0.9896 -0.1191 0.0811
vn 0.3696 -0.8737 0.3162
vn 0.2118 -0.5740 -0.7910
vn -0.6078 0.5150 0.6044
vt 0.423616 0.817668
vt 0.438163 0.985880
vt 0.399025 0.926987
vt 0.584080 0.909473
vt 0.477709 0.045024
vt 0.607265 0.122218
vt 0.441545 0.286085
vt 0.565477 0.549583
vt 0.592013 0.712367
vt 0.289400 0.584684
vt 0.400831 0.754486
vt 0.615924 0.357557
vt 0.551199 0.540629
vt 0.429879 0.509305
vt 0.769145 0.562221
vt 0.604783 0.677624
vt 0.780055 0.741830
vt 0.860509 0.631959
vt 0.567506 0.015179
vt 0.377433 0.096481
s 0
g Cube.006_Material
usemtl Material
f 527/1060/832 529/1061/832 524/1062/832
f 528/1063/833 529/1061/833 527/1060/833
f 529/1064/834 526/1065/834 530/1066/834
f 531/1067/835 525/1068/835 524/1069/835
f 525/1068/836 527/1070/836 524/1069/836
f 530/1066/837 532/1071/837 531/1072/837
f 531/1072/838 524/1073/838 530/1066/838
f 531/1067/839 532/1074/839 525/1075/839
f 525/1075/840 532/1074/840 528/1076/840
f 532/1074/841 526/1077/841 528/1076/841
f 528/1078/842 526/1065/842 529/1064/842
f 524/1079/843 529/1064/843 530/1066/843
f 530/1066/844 526/1065/844 532/1071/844
f 525/1068/845 528/1063/845 527/1060/845
o Cube.007
v 12.256712 1.672544 -9.518692
v 12.399952 1.784551 -9.376524
v 12.249254 1.551361 -9.401810
v 12.411619 1.478827 -9.380966
v 12.383485 1.536942 -9.571181
v 12.404689 1.735203 -9.577830
v 12.474944 1.638685 -9.324082
v 12.299818 1.697222 -9.326755
v 12.518062 1.709861 -9.499829
vn 0.3516 0.9111 -0.2151
vn -0.6434 0.7641 0.0463
vn 0.7498 0.5286 0.3980
vn -0.9542 0.2361 0.1839
vn -0.7133 -0.4633 -0.5259
vn -0.2761 -0.3623 0.8902
vn 0.9190 -0.3883 0.0682
vn -0.4541 0.8628 -0.2222
vn -0.3744 0.0089 -0.9272
vn 0.5514 -0.0868 -0.8297
vn -0.3742 -0.9009 -0.2199
vn -0.1125 -0.2933 0.9494
vn 0.1158 0.3882 0.9143
vn 0.8103 -0.5161 -0.2775
vt 0.862532 0.586626
vt 0.666025 0.612825
vt 0.793538 0.524739
vt 0.799625 0.742317
vt 0.596159 0.725728
vt 0.676667 0.500000
vt 0.533198 0.702151
vt 0.502729 0.907748
vt 0.315429 0.689365
vt 0.215046 0.717794
vt 0.139986 0.551629
vt 0.365533 0.517965
vt 0.592775 0.342442
vt 0.523296 0.508923
vt 0.395346 0.376049
vt 0.510142 0.020803
vt 0.592582 0.143625
vt 0.414253 0.208459
s 0
g Cube.007_Material
usemtl Material
f 538/1080/846 534/1081/846 541/1082/846
f 534/1081/847 533/1083/847 540/1084/847
f 541/1082/848 534/1081/848 539/1085/848
f 540/1086/849 533/1087/849 535/1088/849
f 535/1088/850 533/1089/850 537/1090/850
f 536/1091/851 540/1086/851 535/1088/851
f 541/1092/852 539/1093/852 536/1094/852
f 538/1080/853 533/1083/853 534/1081/853
f 533/1095/854 538/1096/854 537/1097/854
f 537/1097/855 538/1096/855 541/1092/855
f 537/1090/856 536/1091/856 535/1088/856
f 536/1091/857 539/1093/857 540/1086/857
f 539/1093/858 534/1081/858 540/1086/858
f 537/1097/859 541/1092/859 536/1094/859
o Cube.008
v 11.438722 1.602355 -7.988783
v 11.516656 1.633634 -7.847682
v 11.633901 1.699937 -7.797329
v 11.617426 1.754405 -7.955226
v 11.788984 1.637740 -7.925649
v 11.655065 1.593553 -8.050992
v 11.516963 1.505330 -7.972886
v 11.727398 1.651577 -7.761085
v 11.685744 1.530665 -7.856528
vn -0.5669 0.7587 0.3209
vn 0.3572 0.8938 0.2711
vn 0.4803 0.5289 -0.6997
vn -0.2710 -0.3645 -0.8909
vn -0.3619 -0.6515 0.6668
vn -0.2825 -0.5325 0.7979
vn 0.5619 -0.7570 -0.3335
vn 0.7770 -0.5326 0.3356
vn -0.3772 -0.0357 0.9254
vn -0.6564 0.7270 0.2014
vn 0.5416 0.8301 0.1329
vn -0.2284 0.4580 -0.8591
vn -0.7116 -0.4916 0.5020
vn 0.3634 -0.8681 -0.3381
vt 0.551771 0.821043
vt 0.490236 0.981936
vt 0.443965 0.755163
vt 0.609545 0.740303
vt 0.579499 0.265268
vt 0.447677 0.232718
vt 0.490446 0.016300
vt 0.320967 0.499695
vt 0.242238 0.673984
vt 0.142687 0.564850
vt 0.543218 0.480597
vt 0.654480 0.663904
vt 0.651690 0.523626
vt 0.809399 0.589510
vt 0.375000 0.930496
vt 0.603518 0.001237
vt 0.583364 0.169025
vt 0.384386 0.054537
vt 0.382289 0.419599
s 0
g Cube.008_Material
usemtl Material
f 544/1098/860 545/1099/860 543/1100/860
f 544/1098/861 549/1101/861 545/1099/861
f 546/1102/862 547/1103/862 545/1104/862
f 548/1105/863 542/1106/863 547/1107/863
f 550/1108/864 543/1100/864 548/1105/864
f 550/1108/865 549/1109/865 543/1100/865
f 546/1102/866 550/1108/866 547/1103/866
f 550/1110/867 546/1111/867 549/1109/867
f 549/1109/868 544/1098/868 543/1100/868
f 542/1112/869 543/1100/869 545/1099/869
f 549/1113/870 546/1114/870 545/1104/870
f 542/1115/871 545/1104/871 547/1103/871
f 542/1106/872 548/1105/872 543/1100/872
f 548/1116/873 547/1103/873 550/1108/873
o Cube.009
v 9.717074 1.542428 -9.146805
v 9.758224 1.627835 -9.020194
v 9.799029 1.541069 -9.297709
v 9.891359 1.410831 -9.264045
v 9.973762 1.624358 -8.946101
v 9.915900 1.776729 -9.019709
v 9.901299 1.419101 -9.041738
v 9.777388 1.719952 -9.233329
v 9.827113 1.803276 -9.127344
v 9.990919 1.732126 -9.286242
v 10.005562 1.549056 -9.302470
v 9.846101 1.649419 -9.355938
v 10.091234 1.586681 -9.050086
v 10.000898 1.400824 -9.096853
v 10.090092 1.688551 -9.129938
v 10.132812 1.568511 -9.241070
vn -0.5512 0.5817 0.5981
vn -0.9217 0.3859 0.0393
vn -0.1834 0.8128 -0.5530
vn 0.3784 0.1117 -0.9189
vn 0.9671 0.1637 0.1950
vn 0.6244 -0.6403 -0.4474
vn 0.3497 -0.4943 0.7959
vn 0.3499 0.9350 -0.0580
vn 0.4377 0.8987 -0.0272
vn 0.6657 0.4650 0.5836
vn -0.3036 0.3185 0.8980
vn -0.3137 -0.3078 0.8982
vn -0.0076 -0.3607 -0.9327
vn -0.1569 -0.9867 0.0437
vn -0.5773 -0.8146 0.0561
vn -0.7063 -0.5985 -0.3782
vn -0.6575 -0.5081 0.5564
vn -0.8766 0.0655 -0.4767
vn -0.9166 0.3767 0.1339
vn -0.8471 0.0862 -0.5244
vn -0.1861 0.8030 -0.5662
vn 0.8512 -0.4717 0.2302
vn 0.3745 -0.7561 -0.5366
vn 0.5141 -0.4358 0.7387
vn 0.7574 0.5679 -0.3222
vn 0.6290 0.5186 0.5791
vn 0.4177 0.1133 -0.9015
vt 0.875000 0.649805
vt 0.849233 0.683396
vt 0.832712 0.540342
vt 0.580473 0.024703
vt 0.534759 0.188184
vt 0.498710 0.020990
vt 0.437420 0.135101
vt 0.411456 0.342495
vt 0.213804 0.511922
vt 0.337875 0.601179
vt 0.185175 0.619999
vt 0.611440 0.548317
vt 0.438499 0.522151
vt 0.536413 0.434917
vt 0.517900 0.691047
vt 0.378975 0.759339
vt 0.724211 0.603714
vt 0.568883 0.768659
vt 0.609419 0.213408
vt 0.625000 0.382072
vt 0.588498 0.519208
vt 0.209844 0.718096
vt 0.479559 0.953620
vt 0.390901 0.953078
vt 0.565332 0.774863
vt 0.583031 0.973602
vt 0.389658 0.010551
vt 0.376620 0.114133
vt 0.125000 0.581137
vt 0.375000 0.421875
s 0
g Cube.009_Material
usemtl Material
f 559/1117/874 552/1118/874 556/1119/874
f 552/1120/875 559/1121/875 551/1122/875
f 558/1123/876 559/1121/876 560/1124/876
f 560/1125/877 561/1126/877 562/1127/877
f 563/1128/878 566/1129/878 565/1130/878
f 564/1131/879 554/1132/879 561/1126/879
f 555/1133/880 557/1134/880 564/1131/880
f 556/1135/881 560/1124/881 559/1121/881
f 556/1135/882 565/1130/882 560/1124/882
f 565/1130/883 555/1136/883 563/1137/883
f 555/1133/884 556/1119/884 552/1118/884
f 555/1133/885 552/1118/885 557/1134/885
f 553/1138/886 562/1127/886 561/1126/886 554/1132/886
f 554/1132/887 564/1131/887 557/1134/887
f 557/1134/888 551/1139/888 554/1132/888
f 551/1139/889 553/1140/889 554/1132/889
f 557/1141/890 552/1142/890 551/1139/890
f 551/1122/891 558/1123/891 553/1143/891
f 558/1123/892 551/1122/892 559/1121/892
f 553/1143/893 558/1123/893 562/1144/893
f 560/1125/894 562/1127/894 558/1145/894
f 566/1129/895 563/1128/895 564/1131/895
f 566/1129/896 564/1131/896 561/1126/896
f 563/1128/897 555/1133/897 564/1131/897
f 560/1124/898 565/1130/898 566/1129/898
f 556/1135/899 555/1136/899 565/1130/899
f 561/1146/900 560/1124/900 566/1129/900
o Cube.010
v 10.131733 1.705960 -8.473370
v 10.030938 1.622651 -8.424926
v 9.897619 1.547638 -8.500983
v 10.085142 1.712392 -8.608483
v 10.254091 1.622364 -8.485826
v 10.008952 1.451252 -8.507560
v 9.868484 1.672001 -8.571789
v 10.034988 1.546752 -8.680980
v 10.227394 1.663903 -8.610375
vn 0.5540 -0.7469 -0.3678
vn 0.5761 -0.7495 -0.3262
vn -0.4878 -0.5154 -0.7045
vn -0.7052 -0.5710 -0.4203
vn -0.2830 -0.3868 0.8776
vn -0.5525 0.8015 0.2287
vn 0.5681 0.8095 0.1482
vn 0.3212 0.9447 -0.0658
vn 0.2351 -0.4464 0.8634
vn -0.0987 0.9052 0.4134
vn -0.5920 0.2895 0.7521
vn 0.1136 0.3693 -0.9223
vn -0.2298 0.4478 -0.8641
vn 0.2562 0.2353 0.9376
vt 0.856741 0.527884
vt 0.792799 0.664448
vt 0.661337 0.518959
vt 0.570885 0.667835
vt 0.614877 0.834550
vt 0.495616 0.943630
vt 0.319826 0.718976
vt 0.602263 0.105449
vt 0.455701 0.107225
vt 0.553174 0.006579
vt 0.371255 0.573451
vt 0.135465 0.689951
vt 0.165587 0.530358
vt 0.553103 0.308270
vt 0.565029 0.471740
vt 0.392929 0.256090
vt 0.405598 0.560759
vt 0.171875 0.750000
s 0
g Cube.010_Material
usemtl Material
f 571/1147/901 572/1148/901 575/1149/901
f 575/1149/902 572/1148/902 574/1150/902
f 572/1151/903 569/1152/903 573/1153/903
f 574/1150/904 572/1151/904 573/1153/904
f 572/1154/905 568/1155/905 569/1156/905
f 570/1157/906 568/1158/906 567/1159/906
f 571/1160/907 575/1161/907 567/1162/907
f 575/1161/908 570/1163/908 567/1162/908
f 568/1155/909 572/1154/909 571/1160/909
f 570/1157/910 573/1153/910 568/1158/910
f 568/1158/911 573/1153/911 569/1164/911
f 575/1149/912 574/1150/912 570/1163/912
f 574/1150/913 573/1153/913 570/1163/913
f 567/1162/914 568/1155/914 571/1160/914
o Cube.011
v 10.431424 1.812709 -8.136366
v 10.580700 1.412822 -8.046679
v 10.475936 1.585926 -7.853335
v 10.639459 1.701008 -8.044714
v 10.573973 1.627309 -8.244151
v 10.326861 1.599490 -8.212362
v 10.288735 1.703673 -7.970269
v 10.391054 1.435168 -8.225196
v 10.350259 1.463500 -8.010015
vn -0.0645 -0.7606 0.6460
vn 0.7969 -0.1664 0.5808
vn 0.1382 0.7693 0.6238
vn 0.5677 0.6940 -0.4429
vn -0.1305 0.0264 -0.9911
vn -0.1611 0.4005 -0.9020
vn -0.7890 0.5094 -0.3435
vn -0.9695 -0.2402 -0.0493
vn -0.6294 -0.2811 0.7245
vn -0.2001 -0.9756 0.0905
vn -0.9270 -0.3520 -0.1294
vn 0.1315 0.7959 0.5910
vn 0.9512 -0.1923 -0.2413
vn 0.5288 -0.5658 -0.6326
vt 0.534218 0.539052
vt 0.807613 0.537738
vt 0.651467 0.712344
vt 0.812212 0.722590
vt 0.440472 0.699464
vt 0.505279 0.954605
vt 0.394685 0.910428
vt 0.529494 0.041599
vt 0.440272 0.169217
vt 0.407900 0.015209
vt 0.224689 0.500632
vt 0.298939 0.554231
vt 0.143822 0.628706
vt 0.350796 0.501919
vt 0.236030 0.724989
vt 0.358556 0.714558
vt 0.602122 0.296489
vt 0.527241 0.521298
vt 0.452229 0.375318
s 0
g Cube.011_Material
usemtl Material
f 584/1165/915 577/1166/915 578/1167/915
f 578/1167/916 577/1166/916 579/1168/916
f 582/1169/917 579/1170/917 576/1171/917
f 579/1172/918 580/1173/918 576/1174/918
f 583/1175/919 581/1176/919 580/1177/919
f 580/1177/920 581/1178/920 576/1179/920
f 581/1178/921 582/1180/921 576/1179/921
f 581/1178/922 584/1165/922 582/1169/922
f 584/1165/923 578/1167/923 582/1169/923
f 577/1181/924 584/1182/924 583/1183/924
f 583/1183/925 584/1165/925 581/1178/925
f 578/1167/926 579/1170/926 582/1169/926
f 579/1172/927 577/1181/927 580/1173/927
f 577/1181/928 583/1183/928 580/1173/928
o Cube.006
v 10.012828 1.477842 -8.971696
v 9.919407 1.616374 -9.083740
v 9.944645 1.700175 -8.875763
v 10.053941 1.564678 -9.050319
v 10.001874 1.685421 -8.992133
v 10.088808 1.644842 -8.898345
v 9.965782 1.513302 -8.889918
v 9.865786 1.539639 -9.037164
v 9.852066 1.660475 -8.924143
vn 0.9081 -0.4186 0.0125
vn 0.7249 0.5266 -0.4441
vn 0.1320 -0.0600 0.9894
vn 0.1190 -0.5746 -0.8097
vn -0.0635 -0.6531 -0.7546
vn -0.7603 -0.4877 0.4291
vn -0.4347 -0.8903 0.1360
vn -0.8389 0.3180 -0.4418
vn -0.3150 0.8723 -0.3739
vn -0.2683 0.9303 -0.2499
vn 0.3661 0.9285 0.0623
vn 0.6114 -0.5345 0.5835
vn -0.4206 -0.1157 0.8998
vn 0.3908 0.5309 -0.7520
vt 0.423616 0.817668
vt 0.438163 0.985880
vt 0.399025 0.926987
vt 0.584080 0.909473
vt 0.477709 0.045024
vt 0.607265 0.122218
vt 0.441545 0.286085
vt 0.565477 0.549583
vt 0.592013 0.712367
vt 0.289400 0.584684
vt 0.400831 0.754486
vt 0.615924 0.357557
vt 0.551199 0.540629
vt 0.429879 0.509305
vt 0.769145 0.562221
vt 0.604783 0.677624
vt 0.780055 0.741830
vt 0.860509 0.631959
vt 0.567506 0.015179
vt 0.377433 0.096481
s 0
g Cube.006_Material
usemtl Material
f 588/1184/929 590/1185/929 585/1186/929
f 589/1187/930 590/1185/930 588/1184/930
f 590/1188/931 587/1189/931 591/1190/931
f 592/1191/932 586/1192/932 585/1193/932
f 586/1192/933 588/1194/933 585/1193/933
f 591/1190/934 593/1195/934 592/1196/934
f 592/1196/935 585/1197/935 591/1190/935
f 592/1191/936 593/1198/936 586/1199/936
f 586/1199/937 593/1198/937 589/1200/937
f 593/1198/938 587/1201/938 589/1200/938
f 589/1202/939 587/1189/939 590/1188/939
f 585/1203/940 590/1188/940 591/1190/940
f 591/1190/941 587/1189/941 593/1195/941
f 586/1192/942 589/1187/942 588/1184/942
o Cube.007
v 10.655869 1.491811 -10.196787
v 10.620152 1.633706 -10.115765
v 10.762258 1.491661 -10.136825
v 10.831386 1.595834 -10.171511
v 10.750583 1.548139 -10.282796
v 10.614326 1.590474 -10.259524
v 10.738227 1.673632 -10.121586
v 10.681233 1.562233 -10.074159
v 10.657836 1.679292 -10.237173
vn -0.8830 0.4582 -0.1020
vn -0.7965 -0.4383 0.4165
vn -0.2987 0.9202 0.2528
vn -0.2948 -0.8010 0.5210
vn 0.2058 -0.9070 -0.3674
vn 0.5564 -0.0943 0.8256
vn 0.5050 0.8048 -0.3118
vn -0.9408 -0.3122 0.1320
vn -0.3122 -0.5999 -0.7367
vn -0.0769 0.2786 -0.9573
vn 0.7501 -0.5943 -0.2899
vn 0.5276 0.0897 0.8447
vn -0.1025 0.4336 0.8953
vn 0.5174 0.5836 -0.6258
vt 0.862532 0.586626
vt 0.666025 0.612825
vt 0.793538 0.524739
vt 0.799625 0.742317
vt 0.596159 0.725728
vt 0.676667 0.500000
vt 0.533198 0.702151
vt 0.502729 0.907748
vt 0.315429 0.689365
vt 0.215046 0.717794
vt 0.139986 0.551629
vt 0.365533 0.517965
vt 0.592775 0.342442
vt 0.523296 0.508923
vt 0.395346 0.376049
vt 0.510142 0.020803
vt 0.592582 0.143625
vt 0.414253 0.208459
s 0
g Cube.007_Material
usemtl Material
f 599/1204/943 595/1205/943 602/1206/943
f 595/1205/944 594/1207/944 601/1208/944
f 602/1206/945 595/1205/945 600/1209/945
f 601/1210/946 594/1211/946 596/1212/946
f 596/1212/947 594/1213/947 598/1214/947
f 597/1215/948 601/1210/948 596/1212/948
f 602/1216/949 600/1217/949 597/1218/949
f 599/1204/950 594/1207/950 595/1205/950
f 594/1219/951 599/1220/951 598/1221/951
f 598/1221/952 599/1220/952 602/1216/952
f 598/1214/953 597/1215/953 596/1212/953
f 597/1215/954 600/1217/954 601/1210/954
f 600/1217/955 595/1205/955 601/1210/955
f 598/1221/956 602/1216/956 597/1218/956
o Cube.008
v 11.533575 1.416497 -8.040834
v 11.637684 1.491251 -7.998040
v 11.668344 1.564025 -7.909909
v 11.553197 1.501420 -7.866340
v 11.532772 1.670665 -7.892421
v 11.448308 1.563025 -7.965813
v 11.519973 1.508902 -8.085197
v 11.675362 1.655275 -7.914081
v 11.589056 1.646226 -8.012640
vn 0.5505 -0.7276 0.4093
vn 0.3461 0.0163 0.9381
vn -0.6780 0.0313 0.7344
vn -0.8704 -0.3112 -0.3814
vn 0.6022 0.1145 -0.7901
vn 0.7339 0.1683 -0.6581
vn -0.5614 0.7194 -0.4091
vn 0.0816 0.9835 -0.1617
vn 0.9609 -0.0859 -0.2633
vn 0.4470 -0.8231 0.3503
vn 0.1659 0.1697 0.9714
vn -0.7066 -0.6018 0.3723
vn 0.5385 -0.2990 -0.7878
vn -0.5464 0.5893 -0.5951
vt 0.551771 0.821043
vt 0.490236 0.981936
vt 0.443965 0.755163
vt 0.609545 0.740303
vt 0.579499 0.265268
vt 0.447677 0.232718
vt 0.490446 0.016300
vt 0.320967 0.499695
vt 0.242238 0.673984
vt 0.142687 0.564850
vt 0.543218 0.480597
vt 0.654480 0.663904
vt 0.651690 0.523626
vt 0.809399 0.589510
vt 0.375000 0.930496
vt 0.603518 0.001237
vt 0.583364 0.169025
vt 0.384386 0.054537
vt 0.382289 0.419599
s 0
g Cube.008_Material
usemtl Material
f 605/1222/957 606/1223/957 604/1224/957
f 605/1222/958 610/1225/958 606/1223/958
f 607/1226/959 608/1227/959 606/1228/959
f 609/1229/960 603/1230/960 608/1231/960
f 611/1232/961 604/1224/961 609/1229/961
f 611/1232/962 610/1233/962 604/1224/962
f 607/1226/963 611/1232/963 608/1227/963
f 611/1234/964 607/1235/964 610/1233/964
f 610/1233/965 605/1222/965 604/1224/965
f 603/1236/966 604/1224/966 606/1223/966
f 610/1237/967 607/1238/967 606/1228/967
f 603/1239/968 606/1228/968 608/1227/968
f 603/1230/969 609/1229/969 604/1224/969
f 609/1240/970 608/1227/970 611/1232/970
o Cube.009
v 11.727661 1.629926 -9.785614
v 11.563122 1.543163 -9.889012
v 11.949565 1.614277 -9.848090
v 11.953338 1.803522 -9.959286
v 11.533817 1.584590 -10.191486
v 11.589440 1.362710 -10.116807
v 11.665901 1.832668 -10.038684
v 11.832933 1.385384 -9.865050
v 11.698191 1.298713 -9.973282
v 11.966001 1.383478 -10.129952
v 12.018418 1.625621 -10.117368
v 12.024041 1.465204 -9.908370
v 11.710951 1.629384 -10.308729
v 11.771078 1.858281 -10.149794
v 11.799614 1.479805 -10.298800
v 11.974994 1.624587 -10.304289
vn -0.7683 -0.5419 0.3405
vn -0.2916 -0.4518 0.8431
vn 0.4044 -0.8903 0.2095
vn 0.9635 -0.1993 -0.1789
vn 0.0158 -0.0569 -0.9983
vn 0.6457 0.6254 -0.4380
vn -0.6357 0.6209 -0.4586
vn 0.0348 -0.9027 -0.4289
vn 0.0291 -0.8556 -0.5168
vn -0.4621 -0.3286 -0.8237
vn -0.9729 -0.2224 0.0638
vn -0.9074 0.3956 0.1421
vn 0.9395 0.2340 0.2501
vn 0.0289 0.9677 0.2505
vn -0.0983 0.7648 0.6367
vn 0.2686 0.4840 0.8328
vn -0.6339 0.5207 0.5719
vn 0.2526 -0.1989 0.9469
vn -0.3810 -0.4299 0.8186
vn 0.3032 -0.2231 0.9264
vn 0.4176 -0.8826 0.2161
vn 0.0241 0.5659 -0.8241
vn 0.6872 0.7078 -0.1636
vn -0.5490 0.5692 -0.6120
vn 0.4239 -0.5410 -0.7264
vn -0.4720 -0.3852 -0.7930
vn 0.9555 -0.1954 -0.2209
vt 0.875000 0.649805
vt 0.849233 0.683396
vt 0.832712 0.540342
vt 0.580473 0.024703
vt 0.534759 0.188184
vt 0.498710 0.020990
vt 0.437420 0.135101
vt 0.411456 0.342495
vt 0.213804 0.511922
vt 0.337875 0.601179
vt 0.185175 0.619999
vt 0.611440 0.548317
vt 0.438499 0.522151
vt 0.536413 0.434917
vt 0.517900 0.691047
vt 0.378975 0.759339
vt 0.724211 0.603714
vt 0.568883 0.768659
vt 0.609419 0.213408
vt 0.625000 0.382072
vt 0.588498 0.519208
vt 0.209844 0.718096
vt 0.479559 0.953620
vt 0.390901 0.953078
vt 0.565332 0.774863
vt 0.583031 0.973602
vt 0.389658 0.010551
vt 0.376620 0.114133
vt 0.125000 0.581137
vt 0.375000 0.421875
s 0
g Cube.009_Material
usemtl Material
f 620/1241/971 613/1242/971 617/1243/971
f 613/1244/972 620/1245/972 612/1246/972
f 619/1247/973 620/1245/973 621/1248/973
f 621/1249/974 622/1250/974 623/1251/974
f 624/1252/975 627/1253/975 626/1254/975
f 625/1255/976 615/1256/976 622/1250/976
f 616/1257/977 618/1258/977 625/1255/977
f 617/1259/978 621/1248/978 620/1245/978
f 617/1259/979 626/1254/979 621/1248/979
f 626/1254/980 616/1260/980 624/1261/980
f 616/1257/981 617/1243/981 613/1242/981
f 616/1257/982 613/1242/982 618/1258/982
f 614/1262/983 623/1251/983 622/1250/983 615/1256/983
f 615/1256/984 625/1255/984 618/1258/984
f 618/1258/985 612/1263/985 615/1256/985
f 612/1263/986 614/1264/986 615/1256/986
f 618/1265/987 613/1266/987 612/1263/987
f 612/1246/988 619/1247/988 614/1267/988
f 619/1247/989 612/1246/989 620/1245/989
f 614/1267/990 619/1247/990 623/1268/990
f 621/1249/991 623/1251/991 619/1269/991
f 627/1253/992 624/1252/992 625/1255/992
f 627/1253/993 625/1255/993 622/1250/993
f 624/1252/994 616/1257/994 625/1255/994
f 621/1248/995 626/1254/995 627/1253/995
f 617/1259/996 616/1260/996 626/1254/996
f 622/1270/997 621/1248/997 627/1253/997
o Cube.010
v 11.755227 1.638180 -8.232759
v 11.910508 1.615368 -8.216411
v 12.018903 1.563529 -8.064974
v 11.715000 1.608591 -8.078767
v 11.694513 1.502993 -8.312473
v 11.977530 1.422465 -8.143785
v 11.934784 1.668741 -7.969249
v 11.807477 1.436479 -7.995664
v 11.624454 1.504317 -8.178031
vn -0.2152 -0.9712 -0.1026
vn -0.2096 -0.9664 -0.1492
vn 0.2598 -0.5279 0.8086
vn 0.5830 -0.4000 0.7072
vn 0.8227 0.0736 -0.5637
vn 0.1194 0.9688 0.2173
vn -0.7336 0.5581 -0.3878
vn -0.7258 0.6854 -0.0579
vn 0.4705 -0.1630 -0.8672
vn -0.1688 0.9667 -0.1922
vn 0.6541 0.7236 -0.2205
vn -0.7136 -0.0459 0.6991
vn -0.4753 0.1622 0.8648
vn 0.1584 0.4478 -0.8800
vt 0.856741 0.527884
vt 0.792799 0.664448
vt 0.661337 0.518959
vt 0.570885 0.667835
vt 0.614877 0.834550
vt 0.495616 0.943630
vt 0.319826 0.718976
vt 0.602263 0.105449
vt 0.455701 0.107225
vt 0.553174 0.006579
vt 0.371255 0.573451
vt 0.135465 0.689951
vt 0.165587 0.530358
vt 0.553103 0.308270
vt 0.565029 0.471740
vt 0.392929 0.256090
vt 0.405598 0.560759
vt 0.171875 0.750000
s 0
g Cube.010_Material
usemtl Material
f 632/1271/998 633/1272/998 636/1273/998
f 636/1273/999 633/1272/999 635/1274/999
f 633/1275/1000 630/1276/1000 634/1277/1000
f 635/1274/1001 633/1275/1001 634/1277/1001
f 633/1278/1002 629/1279/1002 630/1280/1002
f 631/1281/1003 629/1282/1003 628/1283/1003
f 632/1284/1004 636/1285/1004 628/1286/1004
f 636/1285/1005 631/1287/1005 628/1286/1005
f 629/1279/1006 633/1278/1006 632/1284/1006
f 631/1281/1007 634/1277/1007 629/1282/1007
f 629/1282/1008 634/1277/1008 630/1288/1008
f 636/1273/1009 635/1274/1009 631/1287/1009
f 635/1274/1010 634/1277/1010 631/1287/1010
f 628/1286/1011 629/1279/1011 632/1284/1011
o Cube.011
v 10.180035 1.496384 -9.655831
v 9.974642 1.690978 -9.326230
v 9.893107 1.448622 -9.437142
v 9.977798 1.641510 -9.614930
v 10.168827 1.724697 -9.539559
v 10.272343 1.527128 -9.427359
v 10.105786 1.331355 -9.492724
v 10.227517 1.636538 -9.296772
v 10.075066 1.478063 -9.292554
vn -0.5985 -0.1581 0.7854
vn -0.9354 0.3466 -0.0696
vn -0.4953 -0.4877 -0.7189
vn 0.1486 0.4546 -0.8782
vn 0.8975 0.4372 -0.0582
vn 0.8876 0.2428 -0.3913
vn 0.7776 -0.5829 -0.2357
vn 0.5357 -0.6398 0.5511
vn -0.2967 -0.7914 0.5345
vn -0.0908 0.1137 0.9894
vn 0.5650 -0.5266 0.6352
vn -0.4610 -0.4834 -0.7441
vn -0.3394 0.9265 -0.1625
vn 0.1671 0.9390 0.3006
vt 0.534218 0.539052
vt 0.807613 0.537738
vt 0.651467 0.712344
vt 0.812212 0.722590
vt 0.440472 0.699464
vt 0.505279 0.954605
vt 0.394685 0.910428
vt 0.529494 0.041599
vt 0.440272 0.169217
vt 0.407900 0.015209
vt 0.224689 0.500632
vt 0.298939 0.554231
vt 0.143822 0.628706
vt 0.350796 0.501919
vt 0.236030 0.724989
vt 0.358556 0.714558
vt 0.602122 0.296489
vt 0.527241 0.521298
vt 0.452229 0.375318
s 0
g Cube.011_Material
usemtl Material
f 645/1289/1012 638/1290/1012 639/1291/1012
f 639/1291/1013 638/1290/1013 640/1292/1013
f 643/1293/1014 640/1294/1014 637/1295/1014
f 640/1296/1015 641/1297/1015 637/1298/1015
f 644/1299/1016 642/1300/1016 641/1301/1016
f 641/1301/1017 642/1302/1017 637/1303/1017
f 642/1302/1018 643/1304/1018 637/1303/1018
f 642/1302/1019 645/1289/1019 643/1293/1019
f 645/1289/1020 639/1291/1020 643/1293/1020
f 638/1305/1021 645/1306/1021 644/1307/1021
f 644/1307/1022 645/1289/1022 642/1302/1022
f 639/1291/1023 640/1294/1023 643/1293/1023
f 640/1296/1024 638/1305/1024 641/1297/1024
f 638/1305/1025 644/1307/1025 641/1297/1025
o Cube.006
v 11.976628 1.555063 -9.993755
v 11.925787 1.614457 -9.855215
v 11.847941 1.455706 -9.879139
v 12.014200 1.554626 -9.903065
v 11.932062 1.503558 -9.843292
v 11.964166 1.425413 -9.907459
v 11.907553 1.516127 -10.001759
v 11.889505 1.635491 -9.926468
v 11.812689 1.536254 -9.887932
vn 0.8729 -0.3257 -0.3632
vn 0.6733 -0.2839 0.6827
vn -0.3332 -0.7714 -0.5421
vn 0.6340 0.7673 -0.0963
vn 0.4761 0.8579 -0.1931
vn -0.7068 0.2979 -0.6417
vn -0.1863 0.5039 -0.8435
vn -0.5873 0.6447 0.4894
vn -0.3292 0.0825 0.9407
vn -0.3635 -0.0576 0.9298
vn 0.0258 -0.6280 0.7778
vn 0.3890 -0.5361 -0.7492
vn -0.7414 -0.3845 -0.5499
vn 0.5342 0.1202 0.8368
vt 0.423616 0.817668
vt 0.438163 0.985880
vt 0.399025 0.926987
vt 0.584080 0.909473
vt 0.477709 0.045024
vt 0.607265 0.122218
vt 0.441545 0.286085
vt 0.565477 0.549583
vt 0.592013 0.712367
vt 0.289400 0.584684
vt 0.400831 0.754486
vt 0.615924 0.357557
vt 0.551199 0.540629
vt 0.429879 0.509305
vt 0.769145 0.562221
vt 0.604783 0.677624
vt 0.780055 0.741830
vt 0.860509 0.631959
vt 0.567506 0.015179
vt 0.377433 0.096481
s 0
g Cube.006_Material
usemtl Material
f 649/1308/1026 651/1309/1026 646/1310/1026
f 650/1311/1027 651/1309/1027 649/1308/1027
f 651/1312/1028 648/1313/1028 652/1314/1028
f 653/1315/1029 647/1316/1029 646/1317/1029
f 647/1316/1030 649/1318/1030 646/1317/1030
f 652/1314/1031 654/1319/1031 653/1320/1031
f 653/1320/1032 646/1321/1032 652/1314/1032
f 653/1315/1033 654/1322/1033 647/1323/1033
f 647/1323/1034 654/1322/1034 650/1324/1034
f 654/1322/1035 648/1325/1035 650/1324/1035
f 650/1326/1036 648/1313/1036 651/1312/1036
f 646/1327/1037 651/1312/1037 652/1314/1037
f 652/1314/1038 648/1313/1038 654/1319/1038
f 647/1316/1039 650/1311/1039 649/1308/1039
o Cube.007
v 12.383046 1.567616 -9.001350
v 12.292356 1.434345 -9.099867
v 12.340026 1.502767 -8.887456
v 12.193658 1.506957 -8.881445
v 12.252970 1.642745 -8.952696
v 12.296290 1.603906 -9.105272
v 12.186837 1.427897 -9.006655
v 12.336711 1.412230 -8.994844
v 12.194604 1.551235 -9.106954
vn 0.0334 -0.0326 -0.9989
vn 0.8635 -0.2752 -0.4226
vn -0.5544 -0.5038 -0.6624
vn 0.9411 -0.2722 0.2005
vn 0.5615 0.6099 0.5593
vn 0.0046 -0.7646 0.6445
vn -0.9975 0.0707 0.0097
vn 0.7605 -0.0383 -0.6482
vn 0.4731 0.8765 -0.0888
vn -0.4289 0.8388 -0.3353
vn 0.0495 0.4470 0.8931
vn -0.1294 -0.8352 0.5344
vn -0.0893 -0.9816 -0.1690
vn -0.8969 0.4346 0.0816
vt 0.862532 0.586626
vt 0.666025 0.612825
vt 0.793538 0.524739
vt 0.799625 0.742317
vt 0.596159 0.725728
vt 0.676667 0.500000
vt 0.533198 0.702151
vt 0.502729 0.907748
vt 0.315429 0.689365
vt 0.215046 0.717794
vt 0.139986 0.551629
vt 0.365533 0.517965
vt 0.592775 0.342442
vt 0.523296 0.508923
vt 0.395346 0.376049
vt 0.510142 0.020803
vt 0.592582 0.143625
vt 0.414253 0.208459
s 0
g Cube.007_Material
usemtl Material
f 660/1328/1040 656/1329/1040 663/1330/1040
f 656/1329/1041 655/1331/1041 662/1332/1041
f 663/1330/1042 656/1329/1042 661/1333/1042
f 662/1334/1043 655/1335/1043 657/1336/1043
f 657/1336/1044 655/1337/1044 659/1338/1044
f 658/1339/1045 662/1334/1045 657/1336/1045
f 663/1340/1046 661/1341/1046 658/1342/1046
f 660/1328/1047 655/1331/1047 656/1329/1047
f 655/1343/1048 660/1344/1048 659/1345/1048
f 659/1345/1049 660/1344/1049 663/1340/1049
f 659/1338/1050 658/1339/1050 657/1336/1050
f 658/1339/1051 661/1341/1051 662/1334/1051
f 661/1341/1052 656/1329/1052 662/1334/1052
f 659/1345/1053 663/1340/1053 658/1342/1053
o Cube.008
v 10.368517 1.426182 -8.313577
v 10.390302 1.528498 -8.198910
v 10.471546 1.631602 -8.163613
v 10.500467 1.607214 -8.317691
v 10.655517 1.565507 -8.201659
v 10.580558 1.445622 -8.310368
v 10.443075 1.372377 -8.238384
v 10.548174 1.629568 -8.091510
v 10.553706 1.481588 -8.120233
vn -0.7215 0.6501 -0.2383
vn 0.1463 0.9809 -0.1278
vn 0.6224 0.2753 -0.7327
vn 0.0803 -0.7712 -0.6315
vn -0.4869 -0.3652 0.7935
vn -0.4690 -0.1852 0.8636
vn 0.7208 -0.6554 0.2258
vn 0.6769 -0.1158 0.7270
vn -0.6549 0.2751 0.7038
vn -0.7625 0.5479 -0.3441
vn 0.3718 0.9129 -0.1686
vn 0.0184 -0.0361 -0.9992
vn -0.7781 -0.3879 0.4940
vn 0.5485 -0.8040 0.2296
vt 0.551771 0.821043
vt 0.490236 0.981936
vt 0.443965 0.755163
vt 0.609545 0.740303
vt 0.579499 0.265268
vt 0.447677 0.232718
vt 0.490446 0.016300
vt 0.320967 0.499695
vt 0.242238 0.673984
vt 0.142687 0.564850
vt 0.543218 0.480597
vt 0.654480 0.663904
vt 0.651690 0.523626
vt 0.809399 0.589510
vt 0.375000 0.930496
vt 0.603518 0.001237
vt 0.583364 0.169025
vt 0.384386 0.054537
vt 0.382289 0.419599
s 0
g Cube.008_Material
usemtl Material
f 666/1346/1054 667/1347/1054 665/1348/1054
f 666/1346/1055 671/1349/1055 667/1347/1055
f 668/1350/1056 669/1351/1056 667/1352/1056
f 670/1353/1057 664/1354/1057 669/1355/1057
f 672/1356/1058 665/1348/1058 670/1353/1058
f 672/1356/1059 671/1357/1059 665/1348/1059
f 668/1350/1060 672/1356/1060 669/1351/1060
f 672/1358/1061 668/1359/1061 671/1357/1061
f 671/1357/1062 666/1346/1062 665/1348/1062
f 664/1360/1063 665/1348/1063 667/1347/1063
f 671/1361/1064 668/1362/1064 667/1352/1064
f 664/1363/1065 667/1352/1065 669/1351/1065
f 664/1354/1066 670/1353/1066 665/1348/1066
f 670/1364/1067 669/1351/1067 672/1356/1067
o Cube.009
v 10.592488 1.562684 -9.757845
v 10.476932 1.673607 -9.693902
v 10.556467 1.387822 -9.814322
v 10.533443 1.429793 -9.985667
v 10.262912 1.712425 -9.814179
v 10.252637 1.617710 -9.644030
v 10.463630 1.661844 -9.970271
v 10.463893 1.427660 -9.631636
v 10.346834 1.515517 -9.575699
v 10.275457 1.329529 -9.743797
v 10.364491 1.342746 -9.923560
v 10.469969 1.297755 -9.743397
v 10.202032 1.587184 -9.921699
v 10.396306 1.588181 -10.046723
v 10.168585 1.484401 -9.830933
v 10.222115 1.380468 -9.973478
vn 0.0369 0.5787 0.8147
vn 0.5739 0.1320 0.8082
vn -0.1181 -0.6405 0.7588
vn -0.1591 -0.9757 -0.1505
vn -0.9370 -0.0035 -0.3493
vn -0.1045 -0.4352 -0.8942
vn -0.2347 0.7950 -0.5594
vn -0.7405 -0.2715 0.6148
vn -0.8035 -0.2506 0.5401
vn -0.9229 0.3755 0.0852
vn -0.1108 0.8712 0.4783
vn 0.2062 0.9772 -0.0515
vn 0.4005 -0.8446 -0.3554
vn 0.6074 0.2331 -0.7595
vn 0.8724 0.2886 -0.3945
vn 0.9750 -0.1469 -0.1670
vn 0.6725 0.7373 -0.0638
vn 0.8137 -0.3236 0.4829
vn 0.5522 0.2246 0.8029
vn 0.7898 -0.3784 0.4827
vn -0.1079 -0.6513 0.7511
vn -0.5351 0.1560 -0.8303
vn 0.1829 -0.4598 -0.8690
vn -0.3881 0.7017 -0.5975
vn -0.8402 -0.5370 0.0760
vn -0.9175 0.3685 0.1497
vn -0.1968 -0.9659 -0.1685
vt 0.875000 0.649805
vt 0.849233 0.683396
vt 0.832712 0.540342
vt 0.580473 0.024703
vt 0.534759 0.188184
vt 0.498710 0.020990
vt 0.437420 0.135101
vt 0.411456 0.342495
vt 0.213804 0.511922
vt 0.337875 0.601179
vt 0.185175 0.619999
vt 0.611440 0.548317
vt 0.438499 0.522151
vt 0.536413 0.434917
vt 0.517900 0.691047
vt 0.378975 0.759339
vt 0.724211 0.603714
vt 0.568883 0.768659
vt 0.609419 0.213408
vt 0.625000 0.382072
vt 0.588498 0.519208
vt 0.209844 0.718096
vt 0.479559 0.953620
vt 0.390901 0.953078
vt 0.565332 0.774863
vt 0.583031 0.973602
vt 0.389658 0.010551
vt 0.376620 0.114133
vt 0.125000 0.581137
vt 0.375000 0.421875
s 0
g Cube.009_Material
usemtl Material
f 681/1365/1068 674/1366/1068 678/1367/1068
f 674/1368/1069 681/1369/1069 673/1370/1069
f 680/1371/1070 681/1369/1070 682/1372/1070
f 682/1373/1071 683/1374/1071 684/1375/1071
f 685/1376/1072 688/1377/1072 687/1378/1072
f 686/1379/1073 676/1380/1073 683/1374/1073
f 677/1381/1074 679/1382/1074 686/1379/1074
f 678/1383/1075 682/1372/1075 681/1369/1075
f 678/1383/1076 687/1378/1076 682/1372/1076
f 687/1378/1077 677/1384/1077 685/1385/1077
f 677/1381/1078 678/1367/1078 674/1366/1078
f 677/1381/1079 674/1366/1079 679/1382/1079
f 675/1386/1080 684/1375/1080 683/1374/1080 676/1380/1080
f 676/1380/1081 686/1379/1081 679/1382/1081
f 679/1382/1082 673/1387/1082 676/1380/1082
f 673/1387/1083 675/1388/1083 676/1380/1083
f 679/1389/1084 674/1390/1084 673/1387/1084
f 673/1370/1085 680/1371/1085 675/1391/1085
f 680/1371/1086 673/1370/1086 681/1369/1086
f 675/1391/1087 680/1371/1087 684/1392/1087
f 682/1373/1088 684/1375/1088 680/1393/1088
f 688/1377/1089 685/1376/1089 686/1379/1089
f 688/1377/1090 686/1379/1090 683/1374/1090
f 685/1376/1091 677/1381/1091 686/1379/1091
f 682/1372/1092 687/1378/1092 688/1377/1092
f 678/1383/1093 677/1384/1093 687/1378/1093
f 683/1394/1094 682/1372/1094 688/1377/1094
o Cube.010
v 11.913834 1.434524 -9.683719
v 11.922124 1.418790 -9.794592
v 11.962068 1.501576 -9.896938
v 11.946691 1.544938 -9.682982
v 12.007813 1.379475 -9.633953
v 12.059153 1.443562 -9.860916
v 11.898529 1.589024 -9.850625
v 12.068235 1.574322 -9.767788
v 12.019303 1.483580 -9.608082
vn 0.9725 -0.1514 0.1772
vn 0.9631 -0.1972 0.1830
vn 0.5746 0.6680 -0.4729
vn 0.4127 0.5092 -0.7552
vn -0.1887 -0.7262 -0.6611
vn -0.9523 0.2841 -0.1115
vn -0.5295 -0.1491 0.8351
vn -0.6275 0.1817 0.7571
vn 0.0478 -0.9640 -0.2614
vn -0.9633 -0.0464 0.2645
vn -0.7903 -0.2876 -0.5411
vn 0.1643 0.8352 0.5249
vn -0.0467 0.9627 0.2666
vn -0.5348 -0.8412 0.0794
vt 0.856741 0.527884
vt 0.792799 0.664448
vt 0.661337 0.518959
vt 0.570885 0.667835
vt 0.614877 0.834550
vt 0.495616 0.943630
vt 0.319826 0.718976
vt 0.602263 0.105449
vt 0.455701 0.107225
vt 0.553174 0.006579
vt 0.371255 0.573451
vt 0.135465 0.689951
vt 0.165587 0.530358
vt 0.553103 0.308270
vt 0.565029 0.471740
vt 0.392929 0.256090
vt 0.405598 0.560759
vt 0.171875 0.750000
s 0
g Cube.010_Material
usemtl Material
f 693/1395/1095 694/1396/1095 697/1397/1095
f 697/1397/1096 694/1396/1096 696/1398/1096
f 694/1399/1097 691/1400/1097 695/1401/1097
f 696/1398/1098 694/1399/1098 695/1401/1098
f 694/1402/1099 690/1403/1099 691/1404/1099
f 692/1405/1100 690/1406/1100 689/1407/1100
f 693/1408/1101 697/1409/1101 689/1410/1101
f 697/1409/1102 692/1411/1102 689/1410/1102
f 690/1403/1103 694/1402/1103 693/1408/1103
f 692/1405/1104 695/1401/1104 690/1406/1104
f 690/1406/1105 695/1401/1105 691/1412/1105
f 697/1397/1106 696/1398/1106 692/1411/1106
f 696/1398/1107 695/1401/1107 692/1411/1107
f 689/1410/1108 690/1403/1108 693/1408/1108
o Cube.011
v 10.335758 1.619872 -8.757177
v 10.008333 1.414229 -8.615902
v 10.132724 1.354006 -8.840995
v 10.099533 1.608449 -8.792024
v 10.157770 1.644276 -8.593496
v 10.331998 1.487143 -8.562887
v 10.360789 1.393385 -8.794297
v 10.205675 1.431714 -8.468869
v 10.205964 1.307916 -8.636549
vn -0.4758 -0.8791 -0.0277
vn -0.8775 -0.0223 -0.4790
vn 0.1354 0.1748 -0.9752
vn -0.0224 0.9850 -0.1712
vn 0.3432 0.5314 0.7745
vn 0.5384 0.6909 0.4824
vn 0.9918 0.0957 0.0846
vn 0.6967 -0.6305 0.3421
vn 0.2200 -0.9317 -0.2889
vn -0.3478 -0.7546 0.5565
vn 0.6225 -0.6291 0.4655
vn 0.1619 0.2068 -0.9649
vn -0.8357 0.5283 0.1498
vn -0.5859 0.3076 0.7498
vt 0.534218 0.539052
vt 0.807613 0.537738
vt 0.651467 0.712344
vt 0.812212 0.722590
vt 0.440472 0.699464
vt 0.505279 0.954605
vt 0.394685 0.910428
vt 0.529494 0.041599
vt 0.440272 0.169217
vt 0.407900 0.015209
vt 0.224689 0.500632
vt 0.298939 0.554231
vt 0.143822 0.628706
vt 0.350796 0.501919
vt 0.236030 0.724989
vt 0.358556 0.714558
vt 0.602122 0.296489
vt 0.527241 0.521298
vt 0.452229 0.375318
s 0
g Cube.011_Material
usemtl Material
f 706/1413/1109 699/1414/1109 700/1415/1109
f 700/1415/1110 699/1414/1110 701/1416/1110
f 704/1417/1111 701/1418/1111 698/1419/1111
f 701/1420/1112 702/1421/1112 698/1422/1112
f 705/1423/1113 703/1424/1113 702/1425/1113
f 702/1425/1114 703/1426/1114 698/1427/1114
f 703/1426/1115 704/1428/1115 698/1427/1115
f 703/1426/1116 706/1413/1116 704/1417/1116
f 706/1413/1117 700/1415/1117 704/1417/1117
f 699/1429/1118 706/1430/1118 705/1431/1118
f 705/1431/1119 706/1413/1119 703/1426/1119
f 700/1415/1120 701/1418/1120 704/1417/1120
f 701/1420/1121 699/1429/1121 702/1421/1121
f 699/1429/1122 705/1431/1122 702/1421/1122
o Cube.006
v 11.752032 1.457489 -9.998813
v 11.608596 1.507017 -10.094436
v 11.543602 1.424936 -9.922653
v 11.698666 1.553788 -10.010180
v 11.579819 1.523440 -9.972912
v 11.641761 1.509280 -9.871566
v 11.703689 1.391459 -9.961699
v 11.650122 1.424867 -10.109171
v 11.543575 1.385639 -10.014206
vn 0.7524 0.4713 0.4602
vn -0.1698 0.9565 0.2374
vn 0.0765 -0.5802 0.8109
vn 0.5991 0.4246 -0.6788
vn 0.5944 0.2387 -0.7679
vn 0.1203 -0.9579 -0.2607
vn 0.6301 -0.6761 -0.3820
vn -0.6184 -0.1752 -0.7661
vn -0.9122 0.3175 -0.2589
vn -0.9501 0.2867 -0.1228
vn -0.6994 0.5117 0.4990
vn 0.7183 -0.1433 0.6808
vn -0.0955 -0.9147 0.3926
vn -0.3002 0.9333 -0.1972
vt 0.423616 0.817668
vt 0.438163 0.985880
vt 0.399025 0.926987
vt 0.584080 0.909473
vt 0.477709 0.045024
vt 0.607265 0.122218
vt 0.441545 0.286085
vt 0.565477 0.549583
vt 0.592013 0.712367
vt 0.289400 0.584684
vt 0.400831 0.754486
vt 0.615924 0.357557
vt 0.551199 0.540629
vt 0.429879 0.509305
vt 0.769145 0.562221
vt 0.604783 0.677624
vt 0.780055 0.741830
vt 0.860509 0.631959
vt 0.567506 0.015179
vt 0.377433 0.096481
s 0
g Cube.006_Material
usemtl Material
f 710/1432/1123 712/1433/1123 707/1434/1123
f 711/1435/1124 712/1433/1124 710/1432/1124
f 712/1436/1125 709/1437/1125 713/1438/1125
f 714/1439/1126 708/1440/1126 707/1441/1126
f 708/1440/1127 710/1442/1127 707/1441/1127
f 713/1438/1128 715/1443/1128 714/1444/1128
f 714/1444/1129 707/1445/1129 713/1438/1129
f 714/1439/1130 715/1446/1130 708/1447/1130
f 708/1447/1131 715/1446/1131 711/1448/1131
f 715/1446/1132 709/1449/1132 711/1448/1132
f 711/1450/1133 709/1437/1133 712/1436/1133
f 707/1451/1134 712/1436/1134 713/1438/1134
f 713/1438/1135 709/1437/1135 715/1443/1135
f 708/1440/1136 711/1435/1136 710/1432/1136
o Cube.007
v 11.561901 1.397059 -8.233378
v 11.524064 1.345446 -8.013330
v 11.583134 1.555434 -8.183730
v 11.431193 1.616433 -8.114481
v 11.394802 1.486417 -8.261273
v 11.426209 1.304407 -8.189713
v 11.441292 1.492289 -7.984789
v 11.607896 1.452487 -8.050183
v 11.352242 1.351083 -8.081771
vn -0.1516 -0.9409 0.3030
vn 0.7856 -0.6187 -0.0100
vn -0.3546 -0.3670 0.8600
vn 0.9723 -0.0595 -0.2261
vn 0.2885 0.2510 -0.9240
vn 0.5044 0.7266 0.4666
vn -0.8803 0.3066 0.3620
vn 0.5379 -0.8366 -0.1037
vn -0.0442 -0.3722 -0.9271
vn -0.8406 -0.3176 -0.4387
vn -0.0015 0.7488 -0.6628
vn 0.4035 0.6765 0.6161
vn 0.3712 0.0288 0.9281
vn -0.9588 0.2836 -0.0135
vt 0.862532 0.586626
vt 0.666025 0.612825
vt 0.793538 0.524739
vt 0.799625 0.742317
vt 0.596159 0.725728
vt 0.676667 0.500000
vt 0.533198 0.702151
vt 0.502729 0.907748
vt 0.315429 0.689365
vt 0.215046 0.717794
vt 0.139986 0.551629
vt 0.365533 0.517965
vt 0.592775 0.342442
vt 0.523296 0.508923
vt 0.395346 0.376049
vt 0.510142 0.020803
vt 0.592582 0.143625
vt 0.414253 0.208459
s 0
g Cube.007_Material
usemtl Material
f 721/1452/1137 717/1453/1137 724/1454/1137
f 717/1453/1138 716/1455/1138 723/1456/1138
f 724/1454/1139 717/1453/1139 722/1457/1139
f 723/1458/1140 716/1459/1140 718/1460/1140
f 718/1460/1141 716/1461/1141 720/1462/1141
f 719/1463/1142 723/1458/1142 718/1460/1142
f 724/1464/1143 722/1465/1143 719/1466/1143
f 721/1452/1144 716/1455/1144 717/1453/1144
f 716/1467/1145 721/1468/1145 720/1469/1145
f 720/1469/1146 721/1468/1146 724/1464/1146
f 720/1462/1147 719/1463/1147 718/1460/1147
f 719/1463/1148 722/1465/1148 723/1458/1148
f 722/1465/1149 717/1453/1149 723/1458/1149
f 720/1469/1150 724/1464/1150 719/1466/1150
o Cube.008
v 11.999962 1.388899 -8.242523
v 11.976026 1.453523 -8.380960
v 11.882269 1.523034 -8.449653
v 11.835284 1.528686 -8.298834
v 11.712781 1.426006 -8.414609
v 11.792419 1.356115 -8.271964
v 11.951000 1.303340 -8.307993
v 11.820236 1.486356 -8.525810
v 11.840693 1.352562 -8.460490
vn 0.5259 0.8402 0.1324
vn -0.3629 0.9201 -0.1475
vn -0.7730 0.2806 0.5690
vn -0.0184 -0.6009 0.7991
vn 0.6701 -0.4117 -0.6176
vn 0.6268 -0.2623 -0.7337
vn -0.5261 -0.8421 -0.1188
vn -0.5157 -0.4383 -0.7362
vn 0.6868 0.2531 -0.6813
vn 0.5699 0.7780 0.2646
vn -0.5731 0.8116 -0.1134
vn -0.1675 0.1922 0.9670
vn 0.9090 -0.2947 -0.2947
vn -0.3286 -0.9421 -0.0664
vt 0.551771 0.821043
vt 0.490236 0.981936
vt 0.443965 0.755163
vt 0.609545 0.740303
vt 0.579499 0.265268
vt 0.447677 0.232718
vt 0.490446 0.016300
vt 0.320967 0.499695
vt 0.242238 0.673984
vt 0.142687 0.564850
vt 0.543218 0.480597
vt 0.654480 0.663904
vt 0.651690 0.523626
vt 0.809399 0.589510
vt 0.375000 0.930496
vt 0.603518 0.001237
vt 0.583364 0.169025
vt 0.384386 0.054537
vt 0.382289 0.419599
s 0
g Cube.008_Material
usemtl Material
f 727/1470/1151 728/1471/1151 726/1472/1151
f 727/1470/1152 732/1473/1152 728/1471/1152
f 729/1474/1153 730/1475/1153 728/1476/1153
f 731/1477/1154 725/1478/1154 730/1479/1154
f 733/1480/1155 726/1472/1155 731/1477/1155
f 733/1480/1156 732/1481/1156 726/1472/1156
f 729/1474/1157 733/1480/1157 730/1475/1157
f 733/1482/1158 729/1483/1158 732/1481/1158
f 732/1481/1159 727/1470/1159 726/1472/1159
f 725/1484/1160 726/1472/1160 728/1471/1160
f 732/1485/1161 729/1486/1161 728/1476/1161
f 725/1487/1162 728/1476/1162 730/1475/1162
f 725/1478/1163 731/1477/1163 726/1472/1163
f 731/1488/1164 730/1475/1164 733/1480/1164
o Cube.009
v 10.272202 1.285180 -9.368975
v 10.303075 1.187667 -9.222265
v 10.146093 1.432174 -9.382855
v 10.269562 1.564607 -9.347495
v 10.349387 1.305053 -8.997535
v 10.173760 1.206319 -9.014758
v 10.440719 1.439482 -9.211679
v 10.057535 1.263906 -9.279650
v 10.072869 1.185793 -9.138010
v 9.989635 1.442286 -9.119547
v 10.120683 1.580630 -9.204082
v 10.009965 1.429783 -9.322523
v 10.287114 1.474669 -8.972340
v 10.403612 1.555567 -9.165410
v 10.142327 1.453598 -8.968572
v 10.145145 1.625937 -9.051257
vn 0.0527 -0.9911 0.1219
vn -0.1825 -0.8361 -0.5173
vn -0.9505 -0.3038 -0.0646
vn -0.7554 0.6450 -0.1154
vn -0.0395 0.4328 0.9006
vn 0.0906 0.9957 -0.0172
vn 0.8888 0.1064 0.4458
vn -0.7197 -0.2793 0.6356
vn -0.6781 -0.2173 0.7021
vn 0.0448 -0.1307 0.9904
vn 0.4340 -0.8322 0.3452
vn 0.8740 -0.4807 0.0710
vn -0.4087 0.6727 -0.6167
vn 0.7332 0.4408 -0.5179
vn 0.6488 0.0644 -0.7582
vn 0.1973 0.0770 -0.9773
vn 0.7942 -0.4155 -0.4433
vn -0.3271 -0.3630 -0.8725
vn -0.1092 -0.8754 -0.4709
vn -0.3774 -0.3317 -0.8646
vn -0.9529 -0.2933 -0.0774
vn 0.4386 0.7034 0.5594
vn 0.1248 0.9456 -0.3003
vn 0.7965 0.2081 0.5678
vn -0.6765 0.3275 0.6596
vn 0.0064 -0.1828 0.9831
vn -0.7467 0.6607 -0.0763
vt 0.875000 0.649805
vt 0.849233 0.683396
vt 0.832712 0.540342
vt 0.580473 0.024703
vt 0.534759 0.188184
vt 0.498710 0.020990
vt 0.437420 0.135101
vt 0.411456 0.342495
vt 0.213804 0.511922
vt 0.337875 0.601179
vt 0.185175 0.619999
vt 0.611440 0.548317
vt 0.438499 0.522151
vt 0.536413 0.434917
vt 0.517900 0.691047
vt 0.378975 0.759339
vt 0.724211 0.603714
vt 0.568883 0.768659
vt 0.609419 0.213408
vt 0.625000 0.382072
vt 0.588498 0.519208
vt 0.209844 0.718096
vt 0.479559 0.953620
vt 0.390901 0.953078
vt 0.565332 0.774863
vt 0.583031 0.973602
vt 0.389658 0.010551
vt 0.376620 0.114133
vt 0.125000 0.581137
vt 0.375000 0.421875
s 0
g Cube.009_Material
usemtl Material
f 742/1489/1165 735/1490/1165 739/1491/1165
f 735/1492/1166 742/1493/1166 734/1494/1166
f 741/1495/1167 742/1493/1167 743/1496/1167
f 743/1497/1168 744/1498/1168 745/1499/1168
f 746/1500/1169 749/1501/1169 748/1502/1169
f 747/1503/1170 737/1504/1170 744/1498/1170
f 738/1505/1171 740/1506/1171 747/1503/1171
f 739/1507/1172 743/1496/1172 742/1493/1172
f 739/1507/1173 748/1502/1173 743/1496/1173
f 748/1502/1174 738/1508/1174 746/1509/1174
f 738/1505/1175 739/1491/1175 735/1490/1175
f 738/1505/1176 735/1490/1176 740/1506/1176
f 736/1510/1177 745/1499/1177 744/1498/1177 737/1504/1177
f 737/1504/1178 747/1503/1178 740/1506/1178
f 740/1506/1179 734/1511/1179 737/1504/1179
f 734/1511/1180 736/1512/1180 737/1504/1180
f 740/1513/1181 735/1514/1181 734/1511/1181
f 734/1494/1182 741/1495/1182 736/1515/1182
f 741/1495/1183 734/1494/1183 742/1493/1183
f 736/1515/1184 741/1495/1184 745/1516/1184
f 743/1497/1185 745/1499/1185 741/1517/1185
f 749/1501/1186 746/1500/1186 747/1503/1186
f 749/1501/1187 747/1503/1187 744/1498/1187
f 746/1500/1188 738/1505/1188 747/1503/1188
f 743/1496/1189 748/1502/1189 749/1501/1189
f 739/1507/1190 738/1508/1190 748/1502/1190
f 744/1518/1191 743/1496/1191 749/1501/1191
o Cube.010
v 10.696960 1.317584 -10.071392
v 10.836112 1.311722 -9.984165
v 10.909945 1.430324 -9.839207
v 10.636593 1.459616 -10.003518
v 10.590274 1.195718 -10.004471
v 10.819464 1.305513 -9.759141
v 10.864527 1.569148 -9.930223
v 10.651959 1.469035 -9.783134
v 10.514740 1.332707 -9.983080
vn -0.5613 -0.4208 0.7127
vn -0.5514 -0.4630 0.6940
vn -0.0113 0.5457 0.8379
vn 0.3420 0.4697 0.8139
vn 0.8224 -0.5672 0.0452
vn 0.4649 0.5348 -0.7056
vn -0.4407 -0.1038 -0.8916
vn -0.4058 0.2479 -0.8797
vn 0.4263 -0.9046 0.0066
vn 0.2236 0.1762 -0.9586
vn 0.8924 -0.0039 -0.4513
vn -0.7195 0.6942 0.0205
vn -0.4309 0.9024 -0.0085
vn 0.3712 -0.6751 -0.6376
vt 0.856741 0.527884
vt 0.792799 0.664448
vt 0.661337 0.518959
vt 0.570885 0.667835
vt 0.614877 0.834550
vt 0.495616 0.943630
vt 0.319826 0.718976
vt 0.602263 0.105449
vt 0.455701 0.107225
vt 0.553174 0.006579
vt 0.371255 0.573451
vt 0.135465 0.689951
vt 0.165587 0.530358
vt 0.553103 0.308270
vt 0.565029 0.471740
vt 0.392929 0.256090
vt 0.405598 0.560759
vt 0.171875 0.750000
s 0
g Cube.010_Material
usemtl Material
f 754/1519/1192 755/1520/1192 758/1521/1192
f 758/1521/1193 755/1520/1193 757/1522/1193
f 755/1523/1194 752/1524/1194 756/1525/1194
f 757/1522/1195 755/1523/1195 756/1525/1195
f 755/1526/1196 751/1527/1196 752/1528/1196
f 753/1529/1197 751/1530/1197 750/1531/1197
f 754/1532/1198 758/1533/1198 750/1534/1198
f 758/1533/1199 753/1535/1199 750/1534/1199
f 751/1527/1200 755/1526/1200 754/1532/1200
f 753/1529/1201 756/1525/1201 751/1530/1201
f 751/1530/1202 756/1525/1202 752/1536/1202
f 758/1521/1203 757/1522/1203 753/1535/1203
f 757/1522/1204 756/1525/1204 753/1535/1204
f 750/1534/1205 751/1527/1205 754/1532/1205
o Cube.011
v 11.807903 1.515117 -9.828088
v 12.061073 1.280474 -9.541725
v 11.827721 1.429268 -9.462821
v 11.997678 1.554060 -9.653999
v 12.046190 1.400244 -9.816244
v 11.830254 1.259713 -9.825089
v 11.663343 1.398697 -9.658319
v 11.955785 1.150253 -9.751991
v 11.826785 1.216071 -9.577073
vn -0.0031 -0.4723 0.8814
vn 0.5211 0.4246 0.7404
vn -0.4105 0.8765 0.2515
vn 0.3784 0.7256 -0.5748
vn 0.2485 -0.3245 -0.9127
vn 0.0459 -0.0077 -0.9989
vn -0.7344 -0.0722 -0.6749
vn -0.7088 -0.6930 -0.1319
vn -0.6937 -0.3378 0.6361
vn 0.1715 -0.8737 0.4552
vn -0.6002 -0.7863 -0.1468
vn -0.4143 0.8856 0.2098
vn 0.9675 0.2469 0.0553
vn 0.8995 -0.3805 -0.2148
vt 0.534218 0.539052
vt 0.807613 0.537738
vt 0.651467 0.712344
vt 0.812212 0.722590
vt 0.440472 0.699464
vt 0.505279 0.954605
vt 0.394685 0.910428
vt 0.529494 0.041599
vt 0.440272 0.169217
vt 0.407900 0.015209
vt 0.224689 0.500632
vt 0.298939 0.554231
vt 0.143822 0.628706
vt 0.350796 0.501919
vt 0.236030 0.724989
vt 0.358556 0.714558
vt 0.602122 0.296489
vt 0.527241 0.521298
vt 0.452229 0.375318
s 0
g Cube.011_Material
usemtl Material
f 767/1537/1206 760/1538/1206 761/1539/1206
f 761/1539/1207 760/1538/1207 762/1540/1207
f 765/1541/1208 762/1542/1208 759/1543/1208
f 762/1544/1209 763/1545/1209 759/1546/1209
f 766/1547/1210 764/1548/1210 763/1549/1210
f 763/1549/1211 764/1550/1211 759/1551/1211
f 764/1550/1212 765/1552/1212 759/1551/1212
f 764/1550/1213 767/1537/1213 765/1541/1213
f 767/1537/1214 761/1539/1214 765/1541/1214
f 760/1553/1215 767/1554/1215 766/1555/1215
f 766/1555/1216 767/1537/1216 764/1550/1216
f 761/1539/1217 762/1542/1217 765/1541/1217
f 762/1544/1218 760/1553/1218 763/1545/1218
f 760/1553/1219 766/1555/1219 763/1545/1219
o Cube.006
v 10.169621 1.277452 -8.940284
v 10.281598 1.370628 -8.866938
v 10.328408 1.353832 -9.042975
v 10.173480 1.375663 -8.918622
v 10.270291 1.409332 -8.974141
v 10.205665 1.381127 -9.056956
v 10.226532 1.251442 -8.992829
v 10.286810 1.286054 -8.864588
v 10.365023 1.313358 -8.970667
vn -0.9710 0.0872 -0.2225
vn -0.3509 0.9353 -0.0447
vn 0.0037 -0.4428 -0.8966
vn -0.5420 -0.0101 0.8403
vn -0.4311 -0.1782 0.8845
vn 0.3995 -0.9148 0.0591
vn -0.1360 -0.9385 0.3172
vn 0.7950 0.0658 0.6031
vn 0.6972 0.6946 0.1772
vn 0.7107 0.7027 0.0335
vn 0.2422 0.8450 -0.4768
vn -0.7138 -0.3994 -0.5754
vn 0.4056 -0.6946 -0.5942
vn -0.1233 0.9292 0.3485
vt 0.423616 0.817668
vt 0.438163 0.985880
vt 0.399025 0.926987
vt 0.584080 0.909473
vt 0.477709 0.045024
vt 0.607265 0.122218
vt 0.441545 0.286085
vt 0.565477 0.549583
vt 0.592013 0.712367
vt 0.289400 0.584684
vt 0.400831 0.754486
vt 0.615924 0.357557
vt 0.551199 0.540629
vt 0.429879 0.509305
vt 0.769145 0.562221
vt 0.604783 0.677624
vt 0.780055 0.741830
vt 0.860509 0.631959
vt 0.567506 0.015179
vt 0.377433 0.096481
s 0
g Cube.006_Material
usemtl Material
f 771/1556/1220 773/1557/1220 768/1558/1220
f 772/1559/1221 773/1557/1221 771/1556/1221
f 773/1560/1222 770/1561/1222 774/1562/1222
f 775/1563/1223 769/1564/1223 768/1565/1223
f 769/1564/1224 771/1566/1224 768/1565/1224
f 774/1562/1225 776/1567/1225 775/1568/1225
f 775/1568/1226 768/1569/1226 774/1562/1226
f 775/1563/1227 776/1570/1227 769/1571/1227
f 769/1571/1228 776/1570/1228 772/1572/1228
f 776/1570/1229 770/1573/1229 772/1572/1229
f 772/1574/1230 770/1561/1230 773/1560/1230
f 768/1575/1231 773/1560/1231 774/1562/1231
f 774/1562/1232 770/1561/1232 776/1567/1232
f 769/1564/1233 772/1559/1233 771/1556/1233
o Cube.007
v 10.880806 1.403039 -9.982489
v 10.853859 1.229991 -10.005335
v 11.003691 1.381532 -10.015156
v 11.061634 1.299031 -9.922382
v 10.956549 1.389807 -9.856482
v 10.818752 1.333524 -9.890376
v 10.972171 1.198819 -9.956428
v 10.929934 1.283255 -10.061568
v 10.863614 1.240114 -9.863422
vn -0.9077 -0.4095 0.0916
vn -0.6687 0.1987 -0.7165
vn -0.2876 -0.9537 0.0878
vn -0.1379 0.5057 -0.8516
vn 0.1724 0.9850 -0.0002
vn 0.7197 -0.2309 -0.6548
vn 0.3865 -0.5868 0.7116
vn -0.8753 0.1947 -0.4427
vn -0.4263 0.8366 0.3441
vn -0.2883 0.1351 0.9480
vn 0.7038 0.6890 0.1732
vn 0.6859 -0.4075 -0.6028
vn 0.0629 -0.7657 -0.6402
vn 0.3451 -0.2561 0.9030
vt 0.862532 0.586626
vt 0.666025 0.612825
vt 0.793538 0.524739
vt 0.799625 0.742317
vt 0.596159 0.725728
vt 0.676667 0.500000
vt 0.533198 0.702151
vt 0.502729 0.907748
vt 0.315429 0.689365
vt 0.215046 0.717794
vt 0.139986 0.551629
vt 0.365533 0.517965
vt 0.592775 0.342442
vt 0.523296 0.508923
vt 0.395346 0.376049
vt 0.510142 0.020803
vt 0.592582 0.143625
vt 0.414253 0.208459
s 0
g Cube.007_Material
usemtl Material
f 782/1576/1234 778/1577/1234 785/1578/1234
f 778/1577/1235 777/1579/1235 784/1580/1235
f 785/1578/1236 778/1577/1236 783/1581/1236
f 784/1582/1237 777/1583/1237 779/1584/1237
f 779/1584/1238 777/1585/1238 781/1586/1238
f 780/1587/1239 784/1582/1239 779/1584/1239
f 785/1588/1240 783/1589/1240 780/1590/1240
f 782/1576/1241 777/1579/1241 778/1577/1241
f 777/1591/1242 782/1592/1242 781/1593/1242
f 781/1593/1243 782/1592/1243 785/1588/1243
f 781/1586/1244 780/1587/1244 779/1584/1244
f 780/1587/1245 783/1589/1245 784/1582/1245
f 783/1589/1246 778/1577/1246 784/1582/1246
f 781/1593/1247 785/1588/1247 780/1590/1247
o Cube.008
v 12.053563 1.368963 -8.559321
v 11.938921 1.397468 -8.682549
v 11.838985 1.325106 -8.766966
v 11.880571 1.213044 -8.639846
v 11.945152 1.146833 -8.837111
v 12.069192 1.173587 -8.687531
v 12.119927 1.354611 -8.670919
v 11.849795 1.297628 -8.878876
v 12.013048 1.302732 -8.849812
vn -0.7407 0.3650 0.5640
vn -0.9360 -0.3519 -0.0040
vn -0.1291 -0.9521 0.2773
vn 0.8105 -0.2746 0.5173
vn 0.2355 0.8867 -0.3979
vn 0.0567 0.8793 -0.4729
vn 0.7465 -0.3702 -0.5529
vn 0.1779 -0.1566 -0.9715
vn -0.4169 0.8726 -0.2545
vn -0.6402 0.3597 0.6788
vn -0.8308 -0.5496 -0.0875
vn 0.0982 -0.5405 0.8356
vn 0.2297 0.9732 0.0114
vn 0.8655 -0.2005 -0.4590
vt 0.551771 0.821043
vt 0.490236 0.981936
vt 0.443965 0.755163
vt 0.609545 0.740303
vt 0.579499 0.265268
vt 0.447677 0.232718
vt 0.490446 0.016300
vt 0.320967 0.499695
vt 0.242238 0.673984
vt 0.142687 0.564850
vt 0.543218 0.480597
vt 0.654480 0.663904
vt 0.651690 0.523626
vt 0.809399 0.589510
vt 0.375000 0.930496
vt 0.603518 0.001237
vt 0.583364 0.169025
vt 0.384386 0.054537
vt 0.382289 0.419599
s 0
g Cube.008_Material
usemtl Material
f 788/1594/1248 789/1595/1248 787/1596/1248
f 788/1594/1249 793/1597/1249 789/1595/1249
f 790/1598/1250 791/1599/1250 789/1600/1250
f 792/1601/1251 786/1602/1251 791/1603/1251
f 794/1604/1252 787/1596/1252 792/1601/1252
f 794/1604/1253 793/1605/1253 787/1596/1253
f 790/1598/1254 794/1604/1254 791/1599/1254
f 794/1606/1255 790/1607/1255 793/1605/1255
f 793/1605/1256 788/1594/1256 787/1596/1256
f 786/1608/1257 787/1596/1257 789/1595/1257
f 793/1609/1258 790/1610/1258 789/1600/1258
f 786/1611/1259 789/1600/1259 791/1599/1259
f 786/1602/1260 792/1601/1260 787/1596/1260
f 792/1612/1261 791/1599/1261 794/1604/1261
o Cube.009
v 10.504411 1.276664 -8.626243
v 10.424919 1.369053 -8.517010
v 10.671802 1.219010 -8.611022
v 10.631235 1.069442 -8.544048
v 10.424536 1.307563 -8.289304
v 10.520302 1.459177 -8.334976
v 10.428947 1.116549 -8.444281
v 10.658173 1.410304 -8.561815
v 10.600140 1.493873 -8.453389
v 10.780661 1.340229 -8.382757
v 10.745709 1.156470 -8.420260
v 10.774051 1.296097 -8.564384
v 10.548671 1.212098 -8.231429
v 10.507373 1.055047 -8.378717
v 10.653554 1.295007 -8.239507
v 10.735411 1.144190 -8.273554
vn -0.5452 0.8290 -0.1247
vn -0.2129 0.6641 -0.7167
vn 0.6780 0.7113 -0.1854
vn 0.9820 -0.1888 0.0101
vn 0.1746 -0.1257 0.9766
vn 0.4150 -0.8791 0.2343
vn -0.7531 -0.4249 0.5023
vn 0.4331 0.7433 0.5098
vn 0.4223 0.6868 0.5916
vn -0.1841 0.3233 0.9282
vn -0.8149 0.5599 0.1498
vn -0.9998 -0.0178 -0.0065
vn 0.7365 -0.5045 -0.4507
vn -0.3746 -0.8564 -0.3552
vn -0.4679 -0.5582 -0.6852
vn -0.0531 -0.3961 -0.9167
vn -0.8566 -0.1554 -0.4920
vn 0.1749 0.2570 -0.9505
vn -0.2995 0.6714 -0.6778
vn 0.2333 0.2578 -0.9376
vn 0.6862 0.7007 -0.1952
vn -0.0777 -0.6711 0.7373
vn 0.3836 -0.9221 -0.0503
vn -0.6329 -0.4345 0.6408
vn 0.6936 0.2217 0.6854
vn -0.1760 0.3842 0.9063
vn 0.9790 -0.1969 0.0522
vt 0.875000 0.649805
vt 0.849233 0.683396
vt 0.832712 0.540342
vt 0.580473 0.024703
vt 0.534759 0.188184
vt 0.498710 0.020990
vt 0.437420 0.135101
vt 0.411456 0.342495
vt 0.213804 0.511922
vt 0.337875 0.601179
vt 0.185175 0.619999
vt 0.611440 0.548317
vt 0.438499 0.522151
vt 0.536413 0.434917
vt 0.517900 0.691047
vt 0.378975 0.759339
vt 0.724211 0.603714
vt 0.568883 0.768659
vt 0.609419 0.213408
vt 0.625000 0.382072
vt 0.588498 0.519208
vt 0.209844 0.718096
vt 0.479559 0.953620
vt 0.390901 0.953078
vt 0.565332 0.774863
vt 0.583031 0.973602
vt 0.389658 0.010551
vt 0.376620 0.114133
vt 0.125000 0.581137
vt 0.375000 0.421875
s 0
g Cube.009_Material
usemtl Material
f 803/1613/1262 796/1614/1262 800/1615/1262
f 796/1616/1263 803/1617/1263 795/1618/1263
f 802/1619/1264 803/1617/1264 804/1620/1264
f 804/1621/1265 805/1622/1265 806/1623/1265
f 807/1624/1266 810/1625/1266 809/1626/1266
f 808/1627/1267 798/1628/1267 805/1622/1267
f 799/1629/1268 801/1630/1268 808/1627/1268
f 800/1631/1269 804/1620/1269 803/1617/1269
f 800/1631/1270 809/1626/1270 804/1620/1270
f 809/1626/1271 799/1632/1271 807/1633/1271
f 799/1629/1272 800/1615/1272 796/1614/1272
f 799/1629/1273 796/1614/1273 801/1630/1273
f 797/1634/1274 806/1623/1274 805/1622/1274 798/1628/1274
f 798/1628/1275 808/1627/1275 801/1630/1275
f 801/1630/1276 795/1635/1276 798/1628/1276
f 795/1635/1277 797/1636/1277 798/1628/1277
f 801/1637/1278 796/1638/1278 795/1635/1278
f 795/1618/1279 802/1619/1279 797/1639/1279
f 802/1619/1280 795/1618/1280 803/1617/1280
f 797/1639/1281 802/1619/1281 806/1640/1281
f 804/1621/1282 806/1623/1282 802/1641/1282
f 810/1625/1283 807/1624/1283 808/1627/1283
f 810/1625/1284 808/1627/1284 805/1622/1284
f 807/1624/1285 799/1629/1285 808/1627/1285
f 804/1620/1286 809/1626/1286 810/1625/1286
f 800/1631/1287 799/1632/1287 809/1626/1287
f 805/1642/1288 804/1620/1288 810/1625/1288
o Cube.010
v 10.508307 1.166389 -9.425193
v 10.376757 1.103765 -9.368585
v 10.234205 1.176944 -9.263746
v 10.488305 1.312720 -9.362730
v 10.482675 1.193145 -9.587708
v 10.190483 1.196250 -9.421905
v 10.343713 1.251542 -9.167626
v 10.294517 1.391111 -9.385842
v 10.508087 1.329110 -9.529226
vn -0.4438 0.4228 -0.7901
vn -0.4356 0.3833 -0.8145
vn -0.6937 0.6664 0.2731
vn -0.8303 0.3654 0.4209
vn -0.4480 -0.8939 0.0147
vn 0.4901 -0.2847 0.8239
vn 0.9790 -0.1089 -0.1723
vn 0.9887 0.0816 0.1255
vn -0.2785 -0.8347 -0.4751
vn 0.7843 -0.4312 0.4460
vn 0.0251 -0.8034 0.5949
vn 0.3579 0.9242 0.1335
vn 0.2819 0.8358 0.4710
vn 0.3472 -0.9150 -0.2054
vt 0.856741 0.527884
vt 0.792799 0.664448
vt 0.661337 0.518959
vt 0.570885 0.667835
vt 0.614877 0.834550
vt 0.495616 0.943630
vt 0.319826 0.718976
vt 0.602263 0.105449
vt 0.455701 0.107225
vt 0.553174 0.006579
vt 0.371255 0.573451
vt 0.135465 0.689951
vt 0.165587 0.530358
vt 0.553103 0.308270
vt 0.565029 0.471740
vt 0.392929 0.256090
vt 0.405598 0.560759
vt 0.171875 0.750000
s 0
g Cube.010_Material
usemtl Material
f 815/1643/1289 816/1644/1289 819/1645/1289
f 819/1645/1290 816/1644/1290 818/1646/1290
f 816/1647/1291 813/1648/1291 817/1649/1291
f 818/1646/1292 816/1647/1292 817/1649/1292
f 816/1650/1293 812/1651/1293 813/1652/1293
f 814/1653/1294 812/1654/1294 811/1655/1294
f 815/1656/1295 819/1657/1295 811/1658/1295
f 819/1657/1296 814/1659/1296 811/1658/1296
f 812/1651/1297 816/1650/1297 815/1656/1297
f 814/1653/1298 817/1649/1298 812/1654/1298
f 812/1654/1299 817/1649/1299 813/1660/1299
f 819/1645/1300 818/1646/1300 814/1659/1300
f 818/1646/1301 817/1649/1301 814/1659/1301
f 811/1658/1302 812/1651/1302 815/1656/1302
o Cube.011
v 11.755769 1.261420 -9.427456
v 12.061083 1.216898 -9.153896
v 11.923037 1.014301 -9.253408
v 11.785913 1.228594 -9.192178
v 11.886826 1.395075 -9.271798
v 11.983479 1.306010 -9.469028
v 11.883186 1.075274 -9.478419
v 12.111923 1.333802 -9.365615
v 12.082249 1.127214 -9.359977
vn 0.6861 -0.6386 0.3484
vn -0.1436 -0.3558 0.9235
vn -0.8216 -0.5695 0.0258
vn -0.7998 0.5720 0.1823
vn 0.0975 0.9241 -0.3695
vn -0.2534 0.8290 -0.4985
vn -0.2022 0.1274 -0.9710
vn 0.5391 -0.2010 -0.8179
vn 0.4064 -0.8612 -0.3053
vn 0.9777 -0.1361 0.1596
vn 0.6378 -0.1124 -0.7620
vn -0.8419 -0.5396 0.0029
vn -0.1010 0.4784 0.8723
vn 0.4181 0.7490 0.5140
vt 0.534218 0.539052
vt 0.807613 0.537738
vt 0.651467 0.712344
vt 0.812212 0.722590
vt 0.440472 0.699464
vt 0.505279 0.954605
vt 0.394685 0.910428
vt 0.529494 0.041599
vt 0.440272 0.169217
vt 0.407900 0.015209
vt 0.224689 0.500632
vt 0.298939 0.554231
vt 0.143822 0.628706
vt 0.350796 0.501919
vt 0.236030 0.724989
vt 0.358556 0.714558
vt 0.602122 0.296489
vt 0.527241 0.521298
vt 0.452229 0.375318
s 0
g Cube.011_Material
usemtl Material
f 828/1661/1303 821/1662/1303 822/1663/1303
f 822/1663/1304 821/1662/1304 823/1664/1304
f 826/1665/1305 823/1666/1305 820/1667/1305
f 823/1668/1306 824/1669/1306 820/1670/1306
f 827/1671/1307 825/1672/1307 824/1673/1307
f 824/1673/1308 825/1674/1308 820/1675/1308
f 825/1674/1309 826/1676/1309 820/1675/1309
f 825/1674/1310 828/1661/1310 826/1665/1310
f 828/1661/1311 822/1663/1311 826/1665/1311
f 821/1677/1312 828/1678/1312 827/1679/1312
f 827/1679/1313 828/1661/1313 825/1674/1313
f 822/1663/1314 823/1666/1314 826/1665/1314
f 823/1668/1315 821/1677/1315 824/1669/1315
f 821/1677/1316 827/1679/1316 824/1669/1316
o Cube.006
v 10.794988 1.304334 -9.719319
v 10.948032 1.171877 -9.808475
v 10.725432 1.070191 -9.849034
v 10.860089 1.305193 -9.839272
v 10.822024 1.163838 -9.898925
v 10.691092 1.231676 -9.895711
v 10.730022 1.216267 -9.701963
v 10.920833 1.164353 -9.697042
v 10.811353 1.036647 -9.767883
vn -0.3417 0.9227 -0.1788
vn 0.1574 0.3477 -0.9243
vn -0.9711 -0.1536 0.1829
vn 0.7082 0.6714 0.2182
vn 0.7219 0.5676 0.3958
vn -0.1304 -0.3931 0.9102
vn 0.0228 0.1771 0.9839
vn 0.7165 -0.6856 0.1286
vn 0.4689 -0.6526 -0.5952
vn 0.3368 -0.6892 -0.6415
vn -0.1828 -0.3087 -0.9334
vn -0.7685 0.6069 0.2027
vn -0.6890 -0.5033 0.5214
vn 0.5649 0.1870 -0.8037
vt 0.423616 0.817668
vt 0.438163 0.985880
vt 0.399025 0.926987
vt 0.584080 0.909473
vt 0.477709 0.045024
vt 0.607265 0.122218
vt 0.441545 0.286085
vt 0.565477 0.549583
vt 0.592013 0.712367
vt 0.289400 0.584684
vt 0.400831 0.754486
vt 0.615924 0.357557
vt 0.551199 0.540629
vt 0.429879 0.509305
vt 0.769145 0.562221
vt 0.604783 0.677624
vt 0.780055 0.741830
vt 0.860509 0.631959
vt 0.567506 0.015179
vt 0.377433 0.096481
s 0
g Cube.006_Material
usemtl Material
f 832/1680/1317 834/1681/1317 829/1682/1317
f 833/1683/1318 834/1681/1318 832/1680/1318
f 834/1684/1319 831/1685/1319 835/1686/1319
f 836/1687/1320 830/1688/1320 829/1689/1320
f 830/1688/1321 832/1690/1321 829/1689/1321
f 835/1686/1322 837/1691/1322 836/1692/1322
f 836/1692/1323 829/1693/1323 835/1686/1323
f 836/1687/1324 837/1694/1324 830/1695/1324
f 830/1695/1325 837/1694/1325 833/1696/1325
f 837/1694/1326 831/1697/1326 833/1696/1326
f 833/1698/1327 831/1685/1327 834/1684/1327
f 829/1699/1328 834/1684/1328 835/1686/1328
f 835/1686/1329 831/1685/1329 837/1691/1329
f 830/1688/1330 833/1683/1330 832/1680/1330
o Cube.007
v 11.503710 1.087641 -8.467771
v 11.461959 1.238447 -8.418984
v 11.518322 1.060855 -8.352047
v 11.612208 1.131767 -8.303845
v 11.637368 1.100907 -8.440824
v 11.554972 1.184882 -8.519754
v 11.543805 1.237935 -8.328136
v 11.445141 1.157949 -8.360773
v 11.587234 1.255731 -8.458003
vn -0.2985 0.7007 -0.6480
vn -0.9011 -0.1142 -0.4182
vn -0.1052 0.9894 0.1004
vn -0.7963 -0.6037 -0.0392
vn 0.1437 -0.9600 -0.2404
vn -0.3420 -0.1748 0.9233
vn 0.7572 0.5635 0.3304
vn -0.7296 0.0192 -0.6836
vn 0.2173 -0.5468 -0.8086
vn 0.7705 0.1817 -0.6110
vn 0.4850 -0.8298 0.2760
vn -0.3211 0.0098 0.9470
vn -0.6242 0.5392 0.5654
vn 0.9430 0.3167 0.1019
vt 0.862532 0.586626
vt 0.666025 0.612825
vt 0.793538 0.524739
vt 0.799625 0.742317
vt 0.596159 0.725728
vt 0.676667 0.500000
vt 0.533198 0.702151
vt 0.502729 0.907748
vt 0.315429 0.689365
vt 0.215046 0.717794
vt 0.139986 0.551629
vt 0.365533 0.517965
vt 0.592775 0.342442
vt 0.523296 0.508923
vt 0.395346 0.376049
vt 0.510142 0.020803
vt 0.592582 0.143625
vt 0.414253 0.208459
s 0
g Cube.007_Material
usemtl Material
f 843/1700/1331 839/1701/1331 846/1702/1331
f 839/1701/1332 838/1703/1332 845/1704/1332
f 846/1702/1333 839/1701/1333 844/1705/1333
f 845/1706/1334 838/1707/1334 840/1708/1334
f 840/1708/1335 838/1709/1335 842/1710/1335
f 841/1711/1336 845/1706/1336 840/1708/1336
f 846/1712/1337 844/1713/1337 841/1714/1337
f 843/1700/1338 838/1703/1338 839/1701/1338
f 838/1715/1339 843/1716/1339 842/1717/1339
f 842/1717/1340 843/1716/1340 846/1712/1340
f 842/1710/1341 841/1711/1341 840/1708/1341
f 841/1711/1342 844/1713/1342 845/1706/1342
f 844/1713/1343 839/1701/1343 845/1706/1343
f 842/1717/1344 846/1712/1344 841/1714/1344
o Cube.008
v 10.374731 1.191232 -8.874402
v 10.357674 1.096044 -8.957335
v 10.412848 1.038018 -9.035028
v 10.504909 1.102289 -8.969065
v 10.490600 1.151442 -9.123389
v 10.473997 1.241510 -9.009193
v 10.343726 1.234426 -8.956114
v 10.404421 1.045301 -9.120682
v 10.366550 1.160680 -9.096560
vn 0.0831 -0.7692 0.6335
vn 0.6274 -0.7683 -0.1270
vn 0.9774 0.2102 -0.0237
vn 0.1249 0.8960 0.4262
vn -0.9891 -0.0987 -0.1089
vn -0.9444 -0.2711 -0.1861
vn -0.0771 0.7773 -0.6243
vn -0.1996 0.1373 -0.9702
vn -0.7170 -0.6969 0.0113
vn 0.0873 -0.6632 0.7433
vn 0.7455 -0.6120 -0.2640
vn 0.6935 0.3375 0.6366
vn -0.9465 -0.0981 0.3073
vn -0.2420 0.8423 -0.4816
vt 0.551771 0.821043
vt 0.490236 0.981936
vt 0.443965 0.755163
vt 0.609545 0.740303
vt 0.579499 0.265268
vt 0.447677 0.232718
vt 0.490446 0.016300
vt 0.320967 0.499695
vt 0.242238 0.673984
vt 0.142687 0.564850
vt 0.543218 0.480597
vt 0.654480 0.663904
vt 0.651690 0.523626
vt 0.809399 0.589510
vt 0.375000 0.930496
vt 0.603518 0.001237
vt 0.583364 0.169025
vt 0.384386 0.054537
vt 0.382289 0.419599
s 0
g Cube.008_Material
usemtl Material
f 849/1718/1345 850/1719/1345 848/1720/1345
f 849/1718/1346 854/1721/1346 850/1719/1346
f 851/1722/1347 852/1723/1347 850/1724/1347
f 853/1725/1348 847/1726/1348 852/1727/1348
f 855/1728/1349 848/1720/1349 853/1725/1349
f 855/1728/1350 854/1729/1350 848/1720/1350
f 851/1722/1351 855/1728/1351 852/1723/1351
f 855/1730/1352 851/1731/1352 854/1729/1352
f 854/1729/1353 849/1718/1353 848/1720/1353
f 847/1732/1354 848/1720/1354 850/1719/1354
f 854/1733/1355 851/1734/1355 850/1724/1355
f 847/1735/1356 850/1724/1356 852/1723/1356
f 847/1726/1357 853/1725/1357 848/1720/1357
f 853/1736/1358 852/1723/1358 855/1728/1358
o Cube.009
v 10.692566 1.253027 -9.881921
v 10.632644 1.059256 -9.793125
v 10.897682 1.370241 -9.837479
v 11.010976 1.284275 -10.016186
v 10.835898 0.813311 -9.796480
v 10.787215 0.917076 -9.573919
v 10.862301 1.013941 -10.060709
v 10.787739 1.280396 -9.610361
v 10.753147 1.104907 -9.518345
v 11.075918 1.182755 -9.559957
v 11.144094 1.221816 -9.805790
v 10.971795 1.385738 -9.669381
v 11.057396 0.855164 -9.810542
v 11.023578 1.008239 -10.062311
v 11.091203 0.932840 -9.650369
v 11.246881 1.052218 -9.782752
vn -0.8607 -0.2816 0.4242
vn -0.8593 0.4074 0.3092
vn 0.0023 0.4640 0.8858
vn 0.7718 0.5592 0.3029
vn 0.6941 -0.6943 0.1902
vn 0.8547 0.1233 -0.5042
vn -0.0341 -0.7943 -0.6065
vn 0.1825 -0.2484 0.9513
vn 0.2468 -0.3163 0.9160
vn 0.1947 -0.8981 0.3944
vn -0.7636 -0.6328 0.1280
vn -0.6765 -0.5524 -0.4870
vn 0.5244 0.8313 -0.1840
vn -0.0040 0.1646 -0.9863
vn -0.3926 0.3556 -0.8482
vn -0.3134 0.7628 -0.5656
vn -0.7624 -0.0595 -0.6443
vn -0.5090 0.8558 0.0921
vn -0.9019 0.3263 0.2832
vn -0.4629 0.8778 0.1232
vn 0.0082 0.4778 0.8784
vn 0.6754 -0.5864 -0.4472
vn 0.7065 0.3441 -0.6184
vn 0.1253 -0.8402 -0.5276
vn 0.7185 -0.1973 0.6670
vn 0.1577 -0.8813 0.4454
vn 0.7959 0.5236 0.3039
vt 0.875000 0.649805
vt 0.849233 0.683396
vt 0.832712 0.540342
vt 0.580473 0.024703
vt 0.534759 0.188184
vt 0.498710 0.020990
vt 0.437420 0.135101
vt 0.411456 0.342495
vt 0.213804 0.511922
vt 0.337875 0.601179
vt 0.185175 0.619999
vt 0.611440 0.548317
vt 0.438499 0.522151
vt 0.536413 0.434917
vt 0.517900 0.691047
vt 0.378975 0.759339
vt 0.724211 0.603714
vt 0.568883 0.768659
vt 0.609419 0.213408
vt 0.625000 0.382072
vt 0.588498 0.519208
vt 0.209844 0.718096
vt 0.479559 0.953620
vt 0.390901 0.953078
vt 0.565332 0.774863
vt 0.583031 0.973602
vt 0.389658 0.010551
vt 0.376620 0.114133
vt 0.125000 0.581137
vt 0.375000 0.421875
s 0
g Cube.009_Material
usemtl Material
f 864/1737/1359 857/1738/1359 861/1739/1359
f 857/1740/1360 864/1741/1360 856/1742/1360
f 863/1743/1361 864/1741/1361 865/1744/1361
f 865/1745/1362 866/1746/1362 867/1747/1362
f 868/1748/1363 871/1749/1363 870/1750/1363
f 869/1751/1364 859/1752/1364 866/1746/1364
f 860/1753/1365 862/1754/1365 869/1751/1365
f 861/1755/1366 865/1744/1366 864/1741/1366
f 861/1755/1367 870/1750/1367 865/1744/1367
f 870/1750/1368 860/1756/1368 868/1757/1368
f 860/1753/1369 861/1739/1369 857/1738/1369
f 860/1753/1370 857/1738/1370 862/1754/1370
f 858/1758/1371 867/1747/1371 866/1746/1371 859/1752/1371
f 859/1752/1372 869/1751/1372 862/1754/1372
f 862/1754/1373 856/1759/1373 859/1752/1373
f 856/1759/1374 858/1760/1374 859/1752/1374
f 862/1761/1375 857/1762/1375 856/1759/1375
f 856/1742/1376 863/1743/1376 858/1763/1376
f 863/1743/1377 856/1742/1377 864/1741/1377
f 858/1763/1378 863/1743/1378 867/1764/1378
f 865/1745/1379 867/1747/1379 863/1765/1379
f 871/1749/1380 868/1748/1380 869/1751/1380
f 871/1749/1381 869/1751/1381 866/1746/1381
f 868/1748/1382 860/1753/1382 869/1751/1382
f 865/1744/1383 870/1750/1383 871/1749/1383
f 861/1755/1384 860/1756/1384 870/1750/1384
f 866/1766/1385 865/1744/1385 871/1749/1385
o Cube.010
v 11.554970 1.110715 -8.424265
v 11.499719 1.069655 -8.528622
v 11.540554 1.076265 -8.676082
v 11.656715 1.164460 -8.480911
v 11.608468 1.004139 -8.364661
v 11.588027 0.962163 -8.629287
v 11.575815 1.201370 -8.660387
v 11.728423 1.069164 -8.599538
v 11.701455 1.075910 -8.389739
vn 0.6220 -0.7794 0.0756
vn 0.5893 -0.8015 0.1015
vn 0.6072 -0.0719 -0.7913
vn 0.2850 -0.1093 -0.9523
vn -0.8507 -0.4590 -0.2562
vn -0.4984 0.8636 -0.0759
vn -0.1038 0.4453 0.8894
vn 0.0071 0.7191 0.6949
vn -0.6802 -0.7141 0.1658
vn -0.5598 0.7249 0.4014
vn -0.9252 0.2913 -0.2432
vn 0.8474 0.5230 0.0921
vn 0.6821 0.7134 -0.1608
vn -0.8502 -0.1435 0.5066
vt 0.856741 0.527884
vt 0.792799 0.664448
vt 0.661337 0.518959
vt 0.570885 0.667835
vt 0.614877 0.834550
vt 0.495616 0.943630
vt 0.319826 0.718976
vt 0.602263 0.105449
vt 0.455701 0.107225
vt 0.553174 0.006579
vt 0.371255 0.573451
vt 0.135465 0.689951
vt 0.165587 0.530358
vt 0.553103 0.308270
vt 0.565029 0.471740
vt 0.392929 0.256090
vt 0.405598 0.560759
vt 0.171875 0.750000
s 0
g Cube.010_Material
usemtl Material
f 876/1767/1386 877/1768/1386 880/1769/1386
f 880/1769/1387 877/1768/1387 879/1770/1387
f 877/1771/1388 874/1772/1388 878/1773/1388
f 879/1770/1389 877/1771/1389 878/1773/1389
f 877/1774/1390 873/1775/1390 874/1776/1390
f 875/1777/1391 873/1778/1391 872/1779/1391
f 876/1780/1392 880/1781/1392 872/1782/1392
f 880/1781/1393 875/1783/1393 872/1782/1393
f 873/1775/1394 877/1774/1394 876/1780/1394
f 875/1777/1395 878/1773/1395 873/1778/1395
f 873/1778/1396 878/1773/1396 874/1784/1396
f 880/1769/1397 879/1770/1397 875/1783/1397
f 879/1770/1398 878/1773/1398 875/1783/1398
f 872/1782/1399 873/1775/1399 876/1780/1399
o Cube.011
v 10.685051 1.224818 -8.545172
v 10.794532 0.913554 -8.498536
v 10.594410 0.976076 -8.456572
v 10.747815 1.110949 -8.401841
v 10.854371 1.125311 -8.533489
v 10.737042 1.104542 -8.683453
v 10.553828 1.101433 -8.595026
v 10.812264 0.992294 -8.681221
v 10.662228 0.945153 -8.620103
vn -0.2857 -0.9563 0.0624
vn 0.0552 -0.4287 0.9018
vn -0.6464 0.4338 0.6277
vn 0.4332 0.7884 0.4367
vn 0.6761 0.4413 -0.5901
vn 0.4708 0.7457 -0.4716
vn -0.3423 0.6414 -0.6866
vn -0.4274 -0.1535 -0.8909
vn -0.8155 -0.5274 -0.2385
vn 0.1320 -0.9149 -0.3815
vn -0.3065 -0.2238 -0.9252
vn -0.6336 0.4719 0.6130
vn 0.7781 -0.1180 0.6169
vn 0.9609 -0.2758 -0.0256
vt 0.534218 0.539052
vt 0.807613 0.537738
vt 0.651467 0.712344
vt 0.812212 0.722590
vt 0.440472 0.699464
vt 0.505279 0.954605
vt 0.394685 0.910428
vt 0.529494 0.041599
vt 0.440272 0.169217
vt 0.407900 0.015209
vt 0.224689 0.500632
vt 0.298939 0.554231
vt 0.143822 0.628706
vt 0.350796 0.501919
vt 0.236030 0.724989
vt 0.358556 0.714558
vt 0.602122 0.296489
vt 0.527241 0.521298
vt 0.452229 0.375318
s 0
g Cube.011_Material
usemtl Material
f 889/1785/1400 882/1786/1400 883/1787/1400
f 883/1787/1401 882/1786/1401 884/1788/1401
f 887/1789/1402 884/1790/1402 881/1791/1402
f 884/1792/1403 885/1793/1403 881/1794/1403
f 888/1795/1404 886/1796/1404 885/1797/1404
f 885/1797/1405 886/1798/1405 881/1799/1405
f 886/1798/1406 887/1800/1406 881/1799/1406
f 886/1798/1407 889/1785/1407 887/1789/1407
f 889/1785/1408 883/1787/1408 887/1789/1408
f 882/1801/1409 889/1802/1409 888/1803/1409
f 888/1803/1410 889/1785/1410 886/1798/1410
f 883/1787/1411 884/1790/1411 887/1789/1411
f 884/1792/1412 882/1801/1412 885/1793/1412
f 882/1801/1413 888/1803/1413 885/1793/1413
o Cube.006
v 10.515567 1.129444 -9.295435
v 10.388941 0.999767 -9.173751
v 10.622529 0.943458 -9.126656
v 10.455027 1.146058 -9.176242
v 10.515300 1.029291 -9.092112
v 10.632454 1.112207 -9.116513
v 10.591941 1.051199 -9.297941
v 10.413774 0.973115 -9.281205
v 10.541854 0.882023 -9.193151
vn 0.1988 0.9794 -0.0355
vn -0.1856 0.5095 0.8402
vn 0.9781 -0.0453 -0.2032
vn -0.8092 0.4986 -0.3107
vn -0.8112 0.3586 -0.4620
vn 0.1664 -0.5544 -0.8155
vn -0.0753 -0.0416 -0.9963
vn -0.6045 -0.7945 0.0574
vn -0.3464 -0.5724 0.7432
vn -0.2092 -0.5786 0.7883
vn 0.2525 -0.0728 0.9648
vn 0.6596 0.6556 -0.3677
vn 0.7451 -0.4965 -0.4453
vn -0.5662 0.2691 0.7791
vt 0.423616 0.817668
vt 0.438163 0.985880
vt 0.399025 0.926987
vt 0.584080 0.909473
vt 0.477709 0.045024
vt 0.607265 0.122218
vt 0.441545 0.286085
vt 0.565477 0.549583
vt 0.592013 0.712367
vt 0.289400 0.584684
vt 0.400831 0.754486
vt 0.615924 0.357557
vt 0.551199 0.540629
vt 0.429879 0.509305
vt 0.769145 0.562221
vt 0.604783 0.677624
vt 0.780055 0.741830
vt 0.860509 0.631959
vt 0.567506 0.015179
vt 0.377433 0.096481
s 0
g Cube.006_Material
usemtl Material
f 893/1804/1414 895/1805/1414 890/1806/1414
f 894/1807/1415 895/1805/1415 893/1804/1415
f 895/1808/1416 892/1809/1416 896/1810/1416
f 897/1811/1417 891/1812/1417 890/1813/1417
f 891/1812/1418 893/1814/1418 890/1813/1418
f 896/1810/1419 898/1815/1419 897/1816/1419
f 897/1816/1420 890/1817/1420 896/1810/1420
f 897/1811/1421 898/1818/1421 891/1819/1421
f 891/1819/1422 898/1818/1422 894/1820/1422
f 898/1818/1423 892/1821/1423 894/1820/1423
f 894/1822/1424 892/1809/1424 895/1808/1424
f 890/1823/1425 895/1808/1425 896/1810/1425
f 896/1810/1426 892/1809/1426 898/1815/1426
f 891/1812/1427 894/1807/1427 893/1804/1427
o Cube.007
v 10.863976 1.044714 -9.616703
v 10.789999 0.875415 -9.545898
v 10.815113 1.107848 -9.496297
v 10.662005 1.097952 -9.492120
v 10.717834 1.112312 -9.654379
v 10.779543 0.960037 -9.701830
v 10.672760 0.943154 -9.487123
v 10.828986 0.963455 -9.471594
v 10.678603 0.918723 -9.651909
vn 0.1186 -0.8694 -0.4797
vn 0.9157 -0.4019 -0.0043
vn -0.4531 -0.8840 0.1150
vn 0.9409 0.1429 0.3069
vn 0.4597 0.8495 -0.2589
vn 0.0159 0.1701 0.9853
vn -0.9972 -0.0701 -0.0250
vn 0.8120 -0.4884 -0.3195
vn 0.4030 0.4171 -0.8146
vn -0.4691 0.0838 -0.8791
vn -0.0625 0.9958 0.0666
vn -0.1021 0.0250 0.9945
vn 0.0083 -0.6471 0.7624
vn -0.9341 0.1854 -0.3050
vt 0.862532 0.586626
vt 0.666025 0.612825
vt 0.793538 0.524739
vt 0.799625 0.742317
vt 0.596159 0.725728
vt 0.676667 0.500000
vt 0.533198 0.702151
vt 0.502729 0.907748
vt 0.315429 0.689365
vt 0.215046 0.717794
vt 0.139986 0.551629
vt 0.365533 0.517965
vt 0.592775 0.342442
vt 0.523296 0.508923
vt 0.395346 0.376049
vt 0.510142 0.020803
vt 0.592582 0.143625
vt 0.414253 0.208459
s 0
g Cube.007_Material
usemtl Material
f 904/1824/1428 900/1825/1428 907/1826/1428
f 900/1825/1429 899/1827/1429 906/1828/1429
f 907/1826/1430 900/1825/1430 905/1829/1430
f 906/1830/1431 899/1831/1431 901/1832/1431
f 901/1832/1432 899/1833/1432 903/1834/1432
f 902/1835/1433 906/1830/1433 901/1832/1433
f 907/1836/1434 905/1837/1434 902/1838/1434
f 904/1824/1435 899/1827/1435 900/1825/1435
f 899/1839/1436 904/1840/1436 903/1841/1436
f 903/1841/1437 904/1840/1437 907/1836/1437
f 903/1834/1438 902/1835/1438 901/1832/1438
f 902/1835/1439 905/1837/1439 906/1830/1439
f 905/1837/1440 900/1825/1440 906/1830/1440
f 903/1841/1441 907/1836/1441 902/1838/1441
o Cube.008
v 11.681643 1.052788 -9.212960
v 11.799231 0.959470 -9.197300
v 11.846972 0.867576 -9.115156
v 11.700498 0.888279 -9.071365
v 11.828092 0.945487 -8.938874
v 11.709488 1.051622 -9.007767
v 11.760230 1.113644 -9.154135
v 11.925087 0.878369 -9.049937
v 11.891496 1.021122 -9.052843
vn -0.2907 -0.7172 -0.6334
vn -0.0655 -0.9688 0.2388
vn -0.6425 -0.2471 0.7254
vn -0.6521 0.7524 0.0928
vn 0.7144 0.3503 -0.6058
vn 0.7942 0.1750 -0.5819
vn 0.2779 0.7219 0.6337
vn 0.7945 0.1986 0.5738
vn 0.6349 -0.3048 -0.7100
vn -0.4050 -0.6227 -0.6695
vn -0.0830 -0.8833 0.4613
vn -0.9909 0.0022 0.1345
vn 0.3824 0.3376 -0.8601
vn 0.2550 0.8554 0.4509
vt 0.551771 0.821043
vt 0.490236 0.981936
vt 0.443965 0.755163
vt 0.609545 0.740303
vt 0.579499 0.265268
vt 0.447677 0.232718
vt 0.490446 0.016300
vt 0.320967 0.499695
vt 0.242238 0.673984
vt 0.142687 0.564850
vt 0.543218 0.480597
vt 0.654480 0.663904
vt 0.651690 0.523626
vt 0.809399 0.589510
vt 0.375000 0.930496
vt 0.603518 0.001237
vt 0.583364 0.169025
vt 0.384386 0.054537
vt 0.382289 0.419599
s 0
g Cube.008_Material
usemtl Material
f 910/1842/1442 911/1843/1442 909/1844/1442
f 910/1842/1443 915/1845/1443 911/1843/1443
f 912/1846/1444 913/1847/1444 911/1848/1444
f 914/1849/1445 908/1850/1445 913/1851/1445
f 916/1852/1446 909/1844/1446 914/1849/1446
f 916/1852/1447 915/1853/1447 909/1844/1447
f 912/1846/1448 916/1852/1448 913/1847/1448
f 916/1854/1449 912/1855/1449 915/1853/1449
f 915/1853/1450 910/1842/1450 909/1844/1450
f 908/1856/1451 909/1844/1451 911/1843/1451
f 915/1857/1452 912/1858/1452 911/1848/1452
f 908/1859/1453 911/1848/1453 913/1847/1453
f 908/1850/1454 914/1849/1454 909/1844/1454
f 914/1860/1455 913/1847/1455 916/1852/1455
o Cube.009
v 11.865597 0.786159 -9.282747
v 11.837446 0.920787 -9.150162
v 11.730915 0.732242 -9.430984
v 11.806524 0.850821 -9.569024
v 11.749557 1.170711 -9.225061
v 11.610828 1.047271 -9.114728
v 11.918942 1.043763 -9.419111
v 11.624821 0.753130 -9.226736
v 11.581532 0.878243 -9.114511
v 11.452690 0.894458 -9.372383
v 11.593984 0.907838 -9.543978
v 11.574572 0.716525 -9.406208
v 11.651168 1.189602 -9.392210
v 11.842310 1.086215 -9.527349
v 11.517951 1.114339 -9.360100
v 11.533344 1.068420 -9.558478
vn 0.1417 -0.0233 0.9896
vn 0.2103 -0.6633 0.7182
vn -0.7517 -0.5651 0.3400
vn -0.7040 -0.3666 -0.6083
vn -0.5202 0.8223 -0.2307
vn -0.0663 0.1837 -0.9807
vn 0.5508 0.8322 -0.0636
vn -0.8801 0.1531 0.4494
vn -0.8843 0.2401 0.4004
vn -0.4017 0.8531 0.3329
vn 0.3457 0.3788 0.8585
vn 0.8028 0.4116 0.4315
vn -0.1728 -0.6247 -0.7615
vn 0.8122 -0.0203 -0.5830
vn 0.9084 -0.3264 -0.2612
vn 0.6149 -0.7324 -0.2923
vn 0.9625 -0.0593 0.2646
vn 0.1768 -0.9656 0.1906
vn 0.2587 -0.5939 0.7618
vn 0.1245 -0.9785 0.1647
vn -0.7494 -0.5756 0.3272
vn 0.0137 0.8034 -0.5953
vn 0.1030 -0.0508 -0.9934
vn 0.3980 0.9079 -0.1317
vn -0.9470 0.2889 -0.1404
vn -0.4238 0.8201 0.3846
vn -0.7171 -0.3264 -0.6159
vt 0.875000 0.649805
vt 0.849233 0.683396
vt 0.832712 0.540342
vt 0.580473 0.024703
vt 0.534759 0.188184
vt 0.498710 0.020990
vt 0.437420 0.135101
vt 0.411456 0.342495
vt 0.213804 0.511922
vt 0.337875 0.601179
vt 0.185175 0.619999
vt 0.611440 0.548317
vt 0.438499 0.522151
vt 0.536413 0.434917
vt 0.517900 0.691047
vt 0.378975 0.759339
vt 0.724211 0.603714
vt 0.568883 0.768659
vt 0.609419 0.213408
vt 0.625000 0.382072
vt 0.588498 0.519208
vt 0.209844 0.718096
vt 0.479559 0.953620
vt 0.390901 0.953078
vt 0.565332 0.774863
vt 0.583031 0.973602
vt 0.389658 0.010551
vt 0.376620 0.114133
vt 0.125000 0.581137
vt 0.375000 0.421875
s 0
g Cube.009_Material
usemtl Material
f 925/1861/1456 918/1862/1456 922/1863/1456
f 918/1864/1457 925/1865/1457 917/1866/1457
f 924/1867/1458 925/1865/1458 926/1868/1458
f 926/1869/1459 927/1870/1459 928/1871/1459
f 929/1872/1460 932/1873/1460 931/1874/1460
f 930/1875/1461 920/1876/1461 927/1870/1461
f 921/1877/1462 923/1878/1462 930/1875/1462
f 922/1879/1463 926/1868/1463 925/1865/1463
f 922/1879/1464 931/1874/1464 926/1868/1464
f 931/1874/1465 921/1880/1465 929/1881/1465
f 921/1877/1466 922/1863/1466 918/1862/1466
f 921/1877/1467 918/1862/1467 923/1878/1467
f 919/1882/1468 928/1871/1468 927/1870/1468 920/1876/1468
f 920/1876/1469 930/1875/1469 923/1878/1469
f 923/1878/1470 917/1883/1470 920/1876/1470
f 917/1883/1471 919/1884/1471 920/1876/1471
f 923/1885/1472 918/1886/1472 917/1883/1472
f 917/1866/1473 924/1867/1473 919/1887/1473
f 924/1867/1474 917/1866/1474 925/1865/1474
f 919/1887/1475 924/1867/1475 928/1888/1475
f 926/1869/1476 928/1871/1476 924/1889/1476
f 932/1873/1477 929/1872/1477 930/1875/1477
f 932/1873/1478 930/1875/1478 927/1870/1478
f 929/1872/1479 921/1877/1479 930/1875/1479
f 926/1868/1480 931/1874/1480 932/1873/1480
f 922/1879/1481 921/1880/1481 931/1874/1481
f 927/1890/1482 926/1868/1482 932/1873/1482
o Cube.010
v 11.781035 0.924570 -8.787360
v 11.746750 0.956913 -8.896555
v 11.639416 0.910176 -8.983294
v 11.698754 0.835804 -8.771930
v 11.739425 1.014275 -8.707942
v 11.592196 1.005818 -8.916755
v 11.668196 0.792360 -8.954928
v 11.550006 0.875394 -8.815700
v 11.687025 0.918368 -8.674579
vn -0.6962 0.5435 0.4689
vn -0.6658 0.5795 0.4700
vn -0.9261 -0.2856 -0.2467
vn -0.8006 -0.1830 -0.5705
vn 0.2951 0.6396 -0.7098
vn 0.6381 -0.6603 -0.3959
vn 0.7582 -0.1982 0.6211
vn 0.6670 -0.5267 0.5270
vn 0.3222 0.9091 -0.2640
vn 0.9084 -0.4148 -0.0532
vn 0.6362 -0.0302 -0.7709
vn -0.3643 -0.7314 0.5764
vn -0.3209 -0.9081 0.2692
vn 0.8559 0.5030 -0.1197
vt 0.856741 0.527884
vt 0.792799 0.664448
vt 0.661337 0.518959
vt 0.570885 0.667835
vt 0.614877 0.834550
vt 0.495616 0.943630
vt 0.319826 0.718976
vt 0.602263 0.105449
vt 0.455701 0.107225
vt 0.553174 0.006579
vt 0.371255 0.573451
vt 0.135465 0.689951
vt 0.165587 0.530358
vt 0.553103 0.308270
vt 0.565029 0.471740
vt 0.392929 0.256090
vt 0.405598 0.560759
vt 0.171875 0.750000
s 0
g Cube.010_Material
usemtl Material
f 937/1891/1483 938/1892/1483 941/1893/1483
f 941/1893/1484 938/1892/1484 940/1894/1484
f 938/1895/1485 935/1896/1485 939/1897/1485
f 940/1894/1486 938/1895/1486 939/1897/1486
f 938/1898/1487 934/1899/1487 935/1900/1487
f 936/1901/1488 934/1902/1488 933/1903/1488
f 937/1904/1489 941/1905/1489 933/1906/1489
f 941/1905/1490 936/1907/1490 933/1906/1490
f 934/1899/1491 938/1898/1491 937/1904/1491
f 936/1901/1492 939/1897/1492 934/1902/1492
f 934/1902/1493 939/1897/1493 935/1908/1493
f 941/1893/1494 940/1894/1494 936/1907/1494
f 940/1894/1495 939/1897/1495 936/1907/1495
f 933/1906/1496 934/1899/1496 937/1904/1496
o Cube.011
v 11.168653 0.894558 -8.573574
v 10.750916 0.989595 -8.637291
v 10.900964 0.832392 -8.810520
v 11.027114 1.053728 -8.707354
v 10.990501 1.057614 -8.489517
v 10.980851 0.815360 -8.432981
v 11.050283 0.701428 -8.661304
v 10.816299 0.873898 -8.414303
v 10.815794 0.763962 -8.604058
vn -0.8394 -0.3074 -0.4482
vn -0.3228 0.5447 -0.7740
vn 0.6519 -0.0560 -0.7563
vn 0.6979 0.7085 0.1047
vn 0.1857 0.2163 0.9585
vn 0.5436 0.1702 0.8219
vn 0.6244 -0.6064 0.4924
vn -0.1412 -0.9023 0.4073
vn -0.3278 -0.8481 -0.4163
vn -0.9559 -0.2529 0.1491
vn -0.2432 -0.8390 0.4867
vn 0.6836 -0.0502 -0.7281
vn -0.2396 0.9692 -0.0576
vn -0.5107 0.6927 0.5092
vt 0.534218 0.539052
vt 0.807613 0.537738
vt 0.651467 0.712344
vt 0.812212 0.722590
vt 0.440472 0.699464
vt 0.505279 0.954605
vt 0.394685 0.910428
vt 0.529494 0.041599
vt 0.440272 0.169217
vt 0.407900 0.015209
vt 0.224689 0.500632
vt 0.298939 0.554231
vt 0.143822 0.628706
vt 0.350796 0.501919
vt 0.236030 0.724989
vt 0.358556 0.714558
vt 0.602122 0.296489
vt 0.527241 0.521298
vt 0.452229 0.375318
s 0
g Cube.011_Material
usemtl Material
f 950/1909/1497 943/1910/1497 944/1911/1497
f 944/1911/1498 943/1910/1498 945/1912/1498
f 948/1913/1499 945/1914/1499 942/1915/1499
f 945/1916/1500 946/1917/1500 942/1918/1500
f 949/1919/1501 947/1920/1501 946/1921/1501
f 946/1921/1502 947/1922/1502 942/1923/1502
f 947/1922/1503 948/1924/1503 942/1923/1503
f 947/1922/1504 950/1909/1504 948/1913/1504
f 950/1909/1505 944/1911/1505 948/1913/1505
f 943/1925/1506 950/1926/1506 949/1927/1506
f 949/1927/1507 950/1909/1507 947/1922/1507
f 944/1911/1508 945/1914/1508 948/1913/1508
f 945/1916/1509 943/1925/1509 946/1917/1509
f 943/1925/1510 949/1927/1510 946/1917/1510
o Cube.006
v 11.301328 0.905380 -9.697101
v 11.296775 0.964584 -9.505887
v 11.302323 0.740106 -9.509039
v 11.389174 0.941908 -9.618268
v 11.374903 0.847809 -9.511399
v 11.415014 0.769465 -9.611812
v 11.253738 0.820922 -9.671333
v 11.209108 0.954795 -9.561093
v 11.216190 0.807063 -9.487428
vn 0.6502 0.0691 -0.7566
vn 0.9530 0.1526 0.2616
vn -0.1373 -0.9025 -0.4083
vn 0.0782 0.9529 -0.2932
vn -0.1279 0.9466 -0.2961
vn -0.9664 -0.1504 -0.2086
vn -0.7593 0.2437 -0.6034
vn -0.5257 0.3593 0.7711
vn 0.1378 0.0455 0.9894
vn 0.1724 -0.0947 0.9805
vn 0.6659 -0.4355 0.6058
vn 0.2067 -0.3902 -0.8972
vn -0.6317 -0.7527 -0.1857
vn 0.7281 0.4633 0.5052
vt 0.423616 0.817668
vt 0.438163 0.985880
vt 0.399025 0.926987
vt 0.584080 0.909473
vt 0.477709 0.045024
vt 0.607265 0.122218
vt 0.441545 0.286085
vt 0.565477 0.549583
vt 0.592013 0.712367
vt 0.289400 0.584684
vt 0.400831 0.754486
vt 0.615924 0.357557
vt 0.551199 0.540629
vt 0.429879 0.509305
vt 0.769145 0.562221
vt 0.604783 0.677624
vt 0.780055 0.741830
vt 0.860509 0.631959
vt 0.567506 0.015179
vt 0.377433 0.096481
s 0
g Cube.006_Material
usemtl Material
f 954/1928/1511 956/1929/1511 951/1930/1511
f 955/1931/1512 956/1929/1512 954/1928/1512
f 956/1932/1513 953/1933/1513 957/1934/1513
f 958/1935/1514 952/1936/1514 951/1937/1514
f 952/1936/1515 954/1938/1515 951/1937/1515
f 957/1934/1516 959/1939/1516 958/1940/1516
f 958/1940/1517 951/1941/1517 957/1934/1517
f 958/1935/1518 959/1942/1518 952/1943/1518
f 952/1943/1519 959/1942/1519 955/1944/1519
f 959/1942/1520 953/1945/1520 955/1944/1520
f 955/1946/1521 953/1933/1521 956/1932/1521
f 951/1947/1522 956/1932/1522 957/1934/1522
f 957/1934/1523 953/1933/1523 959/1939/1523
f 952/1936/1524 955/1931/1524 954/1928/1524
o Cube.007
v 11.605502 0.794051 -9.200369
v 11.559505 0.921099 -9.299767
v 11.716445 0.802356 -9.251589
v 11.707569 0.775073 -9.378508
v 11.610320 0.697606 -9.302006
v 11.500887 0.786153 -9.267295
v 11.629320 0.879617 -9.394978
v 11.656855 0.910808 -9.267383
v 11.507766 0.814158 -9.364811
vn -0.9112 0.4086 0.0531
vn -0.2093 0.5544 0.8055
vn -0.4851 0.6136 -0.6230
vn 0.3748 0.3320 0.8656
vn 0.3517 -0.6707 0.6531
vn 0.8748 0.4574 -0.1595
vn -0.1124 -0.2362 -0.9652
vn -0.5142 0.4052 0.7559
vn -0.3543 -0.6867 0.6348
vn -0.6557 -0.7121 -0.2508
vn 0.6710 -0.7331 0.1107
vn 0.7855 0.5404 -0.3016
vn 0.1901 0.9434 -0.2716
vn -0.1678 -0.5780 -0.7986
vt 0.862532 0.586626
vt 0.666025 0.612825
vt 0.793538 0.524739
vt 0.799625 0.742317
vt 0.596159 0.725728
vt 0.676667 0.500000
vt 0.533198 0.702151
vt 0.502729 0.907748
vt 0.315429 0.689365
vt 0.215046 0.717794
vt 0.139986 0.551629
vt 0.365533 0.517965
vt 0.592775 0.342442
vt 0.523296 0.508923
vt 0.395346 0.376049
vt 0.510142 0.020803
vt 0.592582 0.143625
vt 0.414253 0.208459
s 0
g Cube.007_Material
usemtl Material
f 965/1948/1525 961/1949/1525 968/1950/1525
f 961/1949/1526 960/1951/1526 967/1952/1526
f 968/1950/1527 961/1949/1527 966/1953/1527
f 967/1954/1528 960/1955/1528 962/1956/1528
f 962/1956/1529 960/1957/1529 964/1958/1529
f 963/1959/1530 967/1954/1530 962/1956/1530
f 968/1960/1531 966/1961/1531 963/1962/1531
f 965/1948/1532 960/1951/1532 961/1949/1532
f 960/1963/1533 965/1964/1533 964/1965/1533
f 964/1965/1534 965/1964/1534 968/1960/1534
f 964/1958/1535 963/1959/1535 962/1956/1535
f 963/1959/1536 966/1961/1536 967/1954/1536
f 966/1961/1537 961/1949/1537 967/1954/1537
f 964/1965/1538 968/1960/1538 963/1962/1538
o Cube.008
v 10.638849 0.946674 -8.860175
v 10.672314 0.781405 -8.897529
v 10.735157 0.657842 -8.837028
v 10.713599 0.769246 -8.701786
v 10.925300 0.729722 -8.748794
v 10.846275 0.911751 -8.751067
v 10.758346 0.948109 -8.916620
v 10.839618 0.612132 -8.863689
v 10.879914 0.768128 -8.910744
vn -0.9095 -0.3802 0.1682
vn -0.1832 -0.7729 0.6075
vn 0.2356 0.1144 0.9651
vn 0.0720 0.9815 0.1773
vn -0.0683 -0.0786 -0.9946
vn -0.0783 -0.2693 -0.9599
vn 0.9060 0.3913 -0.1611
vn 0.8868 -0.3275 -0.3262
vn -0.4271 -0.5635 -0.7072
vn -0.9538 -0.2353 0.1866
vn 0.0246 -0.7078 0.7060
vn -0.3115 0.5564 0.7703
vn -0.4253 0.1167 -0.8975
vn 0.7935 0.5260 -0.3060
vt 0.551771 0.821043
vt 0.490236 0.981936
vt 0.443965 0.755163
vt 0.609545 0.740303
vt 0.579499 0.265268
vt 0.447677 0.232718
vt 0.490446 0.016300
vt 0.320967 0.499695
vt 0.242238 0.673984
vt 0.142687 0.564850
vt 0.543218 0.480597
vt 0.654480 0.663904
vt 0.651690 0.523626
vt 0.809399 0.589510
vt 0.375000 0.930496
vt 0.603518 0.001237
vt 0.583364 0.169025
vt 0.384386 0.054537
vt 0.382289 0.419599
s 0
g Cube.008_Material
usemtl Material
f 971/1966/1539 972/1967/1539 970/1968/1539
f 971/1966/1540 976/1969/1540 972/1967/1540
f 973/1970/1541 974/1971/1541 972/1972/1541
f 975/1973/1542 969/1974/1542 974/1975/1542
f 977/1976/1543 970/1968/1543 975/1973/1543
f 977/1976/1544 976/1977/1544 970/1968/1544
f 973/1970/1545 977/1976/1545 974/1971/1545
f 977/1978/1546 973/1979/1546 976/1977/1546
f 976/1977/1547 971/1966/1547 970/1968/1547
f 969/1980/1548 970/1968/1548 972/1967/1548
f 976/1981/1549 973/1982/1549 972/1972/1549
f 969/1983/1550 972/1972/1550 974/1971/1550
f 969/1974/1551 975/1973/1551 970/1968/1551
f 975/1984/1552 974/1971/1552 977/1976/1552
o Cube.009
v 11.170735 0.957536 -9.410701
v 11.032923 0.933686 -9.250954
v 11.207751 0.805760 -9.580210
v 11.068050 0.897872 -9.721512
v 10.743991 0.852017 -9.309894
v 10.882498 0.689748 -9.199822
v 10.876128 1.033477 -9.536767
v 11.197757 0.687946 -9.352191
v 11.067568 0.646849 -9.215925
v 11.016864 0.506596 -9.500050
v 10.994292 0.665356 -9.688562
v 11.217848 0.631136 -9.554502
v 10.700940 0.745115 -9.493270
v 10.814044 0.951771 -9.652615
v 10.779000 0.592446 -9.465155
v 10.811625 0.608032 -9.689209
vn 0.1167 0.1343 0.9840
vn 0.7337 0.1690 0.6582
vn 0.5497 -0.7838 0.2888
vn 0.2728 -0.7195 -0.6386
vn -0.8668 -0.4725 -0.1591
vn -0.2713 -0.0501 -0.9612
vn -0.8026 0.5964 0.0095
vn -0.1623 -0.8730 0.4599
vn -0.2533 -0.8721 0.4186
vn -0.8421 -0.3559 0.4052
vn -0.2833 0.3609 0.8885
vn -0.3274 0.8217 0.4665
vn 0.5459 -0.2025 -0.8130
vn 0.0148 0.8133 -0.5816
vn 0.3525 0.8906 -0.2874
vn 0.7374 0.5752 -0.3540
vn 0.1354 0.9562 0.2596
vn 0.9868 0.1220 0.1063
vn 0.6711 0.2209 0.7077
vn 0.9944 0.0692 0.0793
vn 0.5592 -0.7821 0.2751
vn -0.8499 0.0617 -0.5233
vn -0.0298 0.1060 -0.9939
vn -0.8923 0.4484 -0.0519
vn -0.3522 -0.9287 -0.1159
vn -0.8060 -0.3801 0.4538
vn 0.2315 -0.7303 -0.6427
vt 0.875000 0.649805
vt 0.849233 0.683396
vt 0.832712 0.540342
vt 0.580473 0.024703
vt 0.534759 0.188184
vt 0.498710 0.020990
vt 0.437420 0.135101
vt 0.411456 0.342495
vt 0.213804 0.511922
vt 0.337875 0.601179
vt 0.185175 0.619999
vt 0.611440 0.548317
vt 0.438499 0.522151
vt 0.536413 0.434917
vt 0.517900 0.691047
vt 0.378975 0.759339
vt 0.724211 0.603714
vt 0.568883 0.768659
vt 0.609419 0.213408
vt 0.625000 0.382072
vt 0.588498 0.519208
vt 0.209844 0.718096
vt 0.479559 0.953620
vt 0.390901 0.953078
vt 0.565332 0.774863
vt 0.583031 0.973602
vt 0.389658 0.010551
vt 0.376620 0.114133
vt 0.125000 0.581137
vt 0.375000 0.421875
s 0
g Cube.009_Material
usemtl Material
f 986/1985/1553 979/1986/1553 983/1987/1553
f 979/1988/1554 986/1989/1554 978/1990/1554
f 985/1991/1555 986/1989/1555 987/1992/1555
f 987/1993/1556 988/1994/1556 989/1995/1556
f 990/1996/1557 993/1997/1557 992/1998/1557
f 991/1999/1558 981/2000/1558 988/1994/1558
f 982/2001/1559 984/2002/1559 991/1999/1559
f 983/2003/1560 987/1992/1560 986/1989/1560
f 983/2003/1561 992/1998/1561 987/1992/1561
f 992/1998/1562 982/2004/1562 990/2005/1562
f 982/2001/1563 983/1987/1563 979/1986/1563
f 982/2001/1564 979/1986/1564 984/2002/1564
f 980/2006/1565 989/1995/1565 988/1994/1565 981/2000/1565
f 981/2000/1566 991/1999/1566 984/2002/1566
f 984/2002/1567 978/2007/1567 981/2000/1567
f 978/2007/1568 980/2008/1568 981/2000/1568
f 984/2009/1569 979/2010/1569 978/2007/1569
f 978/1990/1570 985/1991/1570 980/2011/1570
f 985/1991/1571 978/1990/1571 986/1989/1571
f 980/2011/1572 985/1991/1572 989/2012/1572
f 987/1993/1573 989/1995/1573 985/2013/1573
f 993/1997/1574 990/1996/1574 991/1999/1574
f 993/1997/1575 991/1999/1575 988/1994/1575
f 990/1996/1576 982/2001/1576 991/1999/1576
f 987/1992/1577 992/1998/1577 993/1997/1577
f 983/2003/1578 982/2004/1578 992/1998/1578
f 988/2014/1579 987/1992/1579 993/1997/1579
o Cube.010
v 11.661237 0.642209 -9.212817
v 11.569526 0.690229 -9.103464
v 11.456703 0.835674 -9.091324
v 11.634058 0.757696 -9.311759
v 11.587778 0.518230 -9.283664
v 11.369463 0.715821 -9.149290
v 11.569015 0.927483 -9.153179
v 11.438207 0.804980 -9.333184
v 11.602416 0.617761 -9.387636
vn -0.7254 -0.4434 -0.5266
vn -0.7172 -0.4830 -0.5023
vn -0.6972 0.6518 -0.2984
vn -0.7257 0.6853 0.0610
vn -0.2477 -0.2698 0.9305
vn 0.7525 0.5216 0.4021
vn 0.8890 -0.3867 -0.2450
vn 0.9487 -0.0448 -0.3129
vn -0.2418 -0.7140 0.6570
vn 0.9465 0.0681 0.3153
vn 0.3476 0.1930 0.9176
vn 0.2004 0.4316 -0.8795
vn 0.2437 0.7102 -0.6604
vn 0.4386 -0.6275 0.6434
vt 0.856741 0.527884
vt 0.792799 0.664448
vt 0.661337 0.518959
vt 0.570885 0.667835
vt 0.614877 0.834550
vt 0.495616 0.943630
vt 0.319826 0.718976
vt 0.602263 0.105449
vt 0.455701 0.107225
vt 0.553174 0.006579
vt 0.371255 0.573451
vt 0.135465 0.689951
vt 0.165587 0.530358
vt 0.553103 0.308270
vt 0.565029 0.471740
vt 0.392929 0.256090
vt 0.405598 0.560759
vt 0.171875 0.750000
s 0
g Cube.010_Material
usemtl Material
f 998/2015/1580 999/2016/1580 1002/2017/1580
f 1002/2017/1581 999/2016/1581 1001/2018/1581
f 999/2019/1582 996/2020/1582 1000/2021/1582
f 1001/2018/1583 999/2019/1583 1000/2021/1583
f 999/2022/1584 995/2023/1584 996/2024/1584
f 997/2025/1585 995/2026/1585 994/2027/1585
f 998/2028/1586 1002/2029/1586 994/2030/1586
f 1002/2029/1587 997/2031/1587 994/2030/1587
f 995/2023/1588 999/2022/1588 998/2028/1588
f 997/2025/1589 1000/2021/1589 995/2026/1589
f 995/2026/1590 1000/2021/1590 996/2032/1590
f 1002/2017/1591 1001/2018/1591 997/2031/1591
f 1001/2018/1592 1000/2021/1592 997/2031/1592
f 994/2030/1593 995/2023/1593 998/2028/1593
o Cube.011
v 10.873326 0.545349 -9.094932
v 10.762301 0.882168 -9.182857
v 10.926727 0.764663 -9.301693
v 10.935006 0.746915 -9.070653
v 10.762833 0.709847 -9.009685
v 10.683517 0.594999 -9.166608
v 10.861056 0.565676 -9.298473
v 10.611076 0.724142 -9.172189
v 10.732677 0.731800 -9.311403
vn -0.0736 0.6564 -0.7508
vn 0.5999 0.7991 0.0399
vn 0.9556 -0.2821 -0.0858
vn 0.3675 -0.2213 0.9033
vn -0.6965 -0.3640 0.6184
vn -0.4137 -0.6223 0.6645
vn -0.2225 -0.9713 -0.0836
vn -0.5701 -0.4918 -0.6582
vn 0.0558 -0.0346 -0.9978
vn -0.6336 0.5711 -0.5220
vn -0.6770 -0.4063 -0.6137
vn 0.9477 -0.3137 -0.0581
vn 0.0966 0.7057 0.7019
vn -0.5678 0.5826 0.5815
vt 0.534218 0.539052
vt 0.807613 0.537738
vt 0.651467 0.712344
vt 0.812212 0.722590
vt 0.440472 0.699464
vt 0.505279 0.954605
vt 0.394685 0.910428
vt 0.529494 0.041599
vt 0.440272 0.169217
vt 0.407900 0.015209
vt 0.224689 0.500632
vt 0.298939 0.554231
vt 0.143822 0.628706
vt 0.350796 0.501919
vt 0.236030 0.724989
vt 0.358556 0.714558
vt 0.602122 0.296489
vt 0.527241 0.521298
vt 0.452229 0.375318
s 0
g Cube.011_Material
usemtl Material
f 1011/2033/1594 1004/2034/1594 1005/2035/1594
f 1005/2035/1595 1004/2034/1595 1006/2036/1595
f 1009/2037/1596 1006/2038/1596 1003/2039/1596
f 1006/2040/1597 1007/2041/1597 1003/2042/1597
f 1010/2043/1598 1008/2044/1598 1007/2045/1598
f 1007/2045/1599 1008/2046/1599 1003/2047/1599
f 1008/2046/1600 1009/2048/1600 1003/2047/1600
f 1008/2046/1601 1011/2033/1601 1009/2037/1601
f 1011/2033/1602 1005/2035/1602 1009/2037/1602
f 1004/2049/1603 1011/2050/1603 1010/2051/1603
f 1010/2051/1604 1011/2033/1604 1008/2046/1604
f 1005/2035/1605 1006/2038/1605 1009/2037/1605
f 1006/2040/1606 1004/2049/1606 1007/2041/1606
f 1004/2049/1607 1010/2051/1607 1007/2041/1607
o Cube.006
v 11.368401 0.705122 -9.504472
v 11.249972 0.548436 -9.478265
v 11.205806 0.695663 -9.317749
v 11.260928 0.672974 -9.553130
v 11.178576 0.661072 -9.438528
v 11.206180 0.790300 -9.438869
v 11.366815 0.721790 -9.406625
v 11.345992 0.549199 -9.441043
v 11.262012 0.601290 -9.310763
vn 0.0977 0.7174 -0.6898
vn -0.8084 0.1712 -0.5631
vn 0.2076 0.7705 0.6027
vn 0.3346 -0.3960 -0.8551
vn 0.4769 -0.4833 -0.7341
vn 0.7808 -0.2114 0.5879
vn 0.9912 -0.1271 0.0377
vn -0.1112 -0.9454 0.3063
vn -0.7799 -0.5786 0.2386
vn -0.8243 -0.4673 0.3197
vn -0.9655 0.2066 0.1585
vn 0.4128 0.8990 -0.1464
vn 0.4196 0.3130 0.8521
vn -0.7653 -0.2808 -0.5791
vt 0.423616 0.817668
vt 0.438163 0.985880
vt 0.399025 0.926987
vt 0.584080 0.909473
vt 0.477709 0.045024
vt 0.607265 0.122218
vt 0.441545 0.286085
vt 0.565477 0.549583
vt 0.592013 0.712367
vt 0.289400 0.584684
vt 0.400831 0.754486
vt 0.615924 0.357557
vt 0.551199 0.540629
vt 0.429879 0.509305
vt 0.769145 0.562221
vt 0.604783 0.677624
vt 0.780055 0.741830
vt 0.860509 0.631959
vt 0.567506 0.015179
vt 0.377433 0.096481
s 0
g Cube.006_Material
usemtl Material
f 1015/2052/1608 1017/2053/1608 1012/2054/1608
f 1016/2055/1609 1017/2053/1609 1015/2052/1609
f 1017/2056/1610 1014/2057/1610 1018/2058/1610
f 1019/2059/1611 1013/2060/1611 1012/2061/1611
f 1013/2060/1612 1015/2062/1612 1012/2061/1612
f 1018/2058/1613 1020/2063/1613 1019/2064/1613
f 1019/2064/1614 1012/2065/1614 1018/2058/1614
f 1019/2059/1615 1020/2066/1615 1013/2067/1615
f 1013/2067/1616 1020/2066/1616 1016/2068/1616
f 1020/2066/1617 1014/2069/1617 1016/2068/1617
f 1016/2070/1618 1014/2057/1618 1017/2056/1618
f 1012/2071/1619 1017/2056/1619 1018/2058/1619
f 1018/2058/1620 1014/2057/1620 1020/2063/1620
f 1013/2060/1621 1016/2055/1621 1015/2052/1621
o Cube.007
v 11.254198 0.586067 -8.698343
v 11.283214 0.733940 -8.767613
v 11.373014 0.564940 -8.708397
v 11.405739 0.563423 -8.832811
v 11.271930 0.512499 -8.814481
v 11.185230 0.624563 -8.792685
v 11.369664 0.688020 -8.843290
v 11.354087 0.686783 -8.711517
v 11.234863 0.663708 -8.870875
vn -0.7254 0.6776 -0.1212
vn -0.3483 0.4528 0.8207
vn -0.0380 0.8345 -0.5498
vn 0.0912 0.0397 0.9950
vn -0.1066 -0.8472 0.5204
vn 0.9559 0.1549 0.2495
vn 0.2044 -0.0231 -0.9786
vn -0.6390 0.4256 0.6408
vn -0.7317 -0.6208 0.2815
vn -0.6714 -0.3978 -0.6253
vn 0.3665 -0.9242 0.1077
vn 0.9515 0.2852 0.1152
vn 0.5143 0.8548 0.0688
vn 0.0042 -0.3485 -0.9373
vt 0.862532 0.586626
vt 0.666025 0.612825
vt 0.793538 0.524739
vt 0.799625 0.742317
vt 0.596159 0.725728
vt 0.676667 0.500000
vt 0.533198 0.702151
vt 0.502729 0.907748
vt 0.315429 0.689365
vt 0.215046 0.717794
vt 0.139986 0.551629
vt 0.365533 0.517965
vt 0.592775 0.342442
vt 0.523296 0.508923
vt 0.395346 0.376049
vt 0.510142 0.020803
vt 0.592582 0.143625
vt 0.414253 0.208459
s 0
g Cube.007_Material
usemtl Material
f 1026/2072/1622 1022/2073/1622 1029/2074/1622
f 1022/2073/1623 1021/2075/1623 1028/2076/1623
f 1029/2074/1624 1022/2073/1624 1027/2077/1624
f 1028/2078/1625 1021/2079/1625 1023/2080/1625
f 1023/2080/1626 1021/2081/1626 1025/2082/1626
f 1024/2083/1627 1028/2078/1627 1023/2080/1627
f 1029/2084/1628 1027/2085/1628 1024/2086/1628
f 1026/2072/1629 1021/2075/1629 1022/2073/1629
f 1021/2087/1630 1026/2088/1630 1025/2089/1630
f 1025/2089/1631 1026/2088/1631 1029/2084/1631
f 1025/2082/1632 1024/2083/1632 1023/2080/1632
f 1024/2083/1633 1027/2085/1633 1028/2078/1633
f 1027/2085/1634 1022/2073/1634 1028/2078/1634
f 1025/2089/1635 1029/2084/1635 1024/2086/1635
o Cube.008
v 11.134403 0.654667 -8.913950
v 11.081384 0.551707 -8.813834
v 10.975963 0.471520 -8.793110
v 10.963120 0.517894 -8.942004
v 10.819803 0.585520 -8.827723
v 10.927547 0.690750 -8.918607
v 11.072989 0.717130 -8.836169
v 10.899603 0.485847 -8.724284
v 10.933495 0.630252 -8.735766
vn 0.5419 -0.7880 -0.2922
vn -0.3865 -0.8895 -0.2437
vn -0.6304 -0.0247 -0.7759
vn 0.1564 0.8267 -0.5404
vn 0.5194 0.1402 0.8429
vn 0.4519 -0.0352 0.8914
vn -0.5392 0.7942 0.2803
vn -0.6637 0.2128 0.7171
vn 0.5217 -0.5089 0.6847
vn 0.6137 -0.6897 -0.3843
vn -0.5842 -0.7609 -0.2824
vn 0.0473 0.1435 -0.9885
vn 0.8230 0.1168 0.5560
vn -0.3350 0.8912 0.3058
vt 0.551771 0.821043
vt 0.490236 0.981936
vt 0.443965 0.755163
vt 0.609545 0.740303
vt 0.579499 0.265268
vt 0.447677 0.232718
vt 0.490446 0.016300
vt 0.320967 0.499695
vt 0.242238 0.673984
vt 0.142687 0.564850
vt 0.543218 0.480597
vt 0.654480 0.663904
vt 0.651690 0.523626
vt 0.809399 0.589510
vt 0.375000 0.930496
vt 0.603518 0.001237
vt 0.583364 0.169025
vt 0.384386 0.054537
vt 0.382289 0.419599
s 0
g Cube.008_Material
usemtl Material
f 1032/2090/1636 1033/2091/1636 1031/2092/1636
f 1032/2090/1637 1037/2093/1637 1033/2091/1637
f 1034/2094/1638 1035/2095/1638 1033/2096/1638
f 1036/2097/1639 1030/2098/1639 1035/2099/1639
f 1038/2100/1640 1031/2092/1640 1036/2097/1640
f 1038/2100/1641 1037/2101/1641 1031/2092/1641
f 1034/2094/1642 1038/2100/1642 1035/2095/1642
f 1038/2102/1643 1034/2103/1643 1037/2101/1643
f 1037/2101/1644 1032/2090/1644 1031/2092/1644
f 1030/2104/1645 1031/2092/1645 1033/2091/1645
f 1037/2105/1646 1034/2106/1646 1033/2096/1646
f 1030/2107/1647 1033/2096/1647 1035/2095/1647
f 1030/2098/1648 1036/2097/1648 1031/2092/1648
f 1036/2108/1649 1035/2095/1649 1038/2100/1649
o Cube.009
v 11.256382 0.718171 -8.835580
v 11.316092 0.535911 -8.790071
v 11.073407 0.768594 -8.934467
v 10.968052 0.802746 -8.763948
v 11.139491 0.358650 -8.655587
v 11.188562 0.310595 -8.867613
v 11.103499 0.643299 -8.581617
v 11.180505 0.584742 -9.042126
v 11.217475 0.412618 -9.009338
v 10.927608 0.478711 -9.028241
v 10.857909 0.638782 -8.878868
v 11.012943 0.684461 -9.061769
v 10.941270 0.387946 -8.672329
v 10.960096 0.634580 -8.579935
v 10.915299 0.353064 -8.827670
v 10.770235 0.503912 -8.803267
vn 0.8816 -0.4495 -0.1437
vn 0.8624 0.1628 -0.4794
vn 0.0225 -0.1824 -0.9830
vn -0.7704 0.2222 -0.5976
vn -0.6726 -0.6900 0.2674
vn -0.8757 0.3747 0.3046
vn 0.0265 -0.2483 0.9683
vn -0.1411 -0.7896 -0.5972
vn -0.2053 -0.8237 -0.5286
vn -0.1618 -0.9567 0.2419
vn 0.7802 -0.5464 0.3044
vn 0.6681 -0.1069 0.7364
vn -0.5473 0.7463 -0.3789
vn -0.0370 0.7385 0.6733
vn 0.3528 0.8184 0.4536
vn 0.2765 0.9608 -0.0216
vn 0.7383 0.3809 0.5567
vn 0.4953 0.6354 -0.5924
vn 0.9055 0.1168 -0.4081
vn 0.4500 0.6317 -0.6312
vn 0.0160 -0.1673 -0.9858
vn -0.6804 -0.2110 0.7018
vn -0.7362 0.6246 0.2605
vn -0.1288 -0.3392 0.9318
vn -0.6884 -0.5949 -0.4149
vn -0.1232 -0.9736 0.1921
vn -0.7938 0.1927 -0.5769
vt 0.875000 0.649805
vt 0.849233 0.683396
vt 0.832712 0.540342
vt 0.580473 0.024703
vt 0.534759 0.188184
vt 0.498710 0.020990
vt 0.437420 0.135101
vt 0.411456 0.342495
vt 0.213804 0.511922
vt 0.337875 0.601179
vt 0.185175 0.619999
vt 0.611440 0.548317
vt 0.438499 0.522151
vt 0.536413 0.434917
vt 0.517900 0.691047
vt 0.378975 0.759339
vt 0.724211 0.603714
vt 0.568883 0.768659
vt 0.609419 0.213408
vt 0.625000 0.382072
vt 0.588498 0.519208
vt 0.209844 0.718096
vt 0.479559 0.953620
vt 0.390901 0.953078
vt 0.565332 0.774863
vt 0.583031 0.973602
vt 0.389658 0.010551
vt 0.376620 0.114133
vt 0.125000 0.581137
vt 0.375000 0.421875
s 0
g Cube.009_Material
usemtl Material
f 1047/2109/1650 1040/2110/1650 1044/2111/1650
f 1040/2112/1651 1047/2113/1651 1039/2114/1651
f 1046/2115/1652 1047/2113/1652 1048/2116/1652
f 1048/2117/1653 1049/2118/1653 1050/2119/1653
f 1051/2120/1654 1054/2121/1654 1053/2122/1654
f 1052/2123/1655 1042/2124/1655 1049/2118/1655
f 1043/2125/1656 1045/2126/1656 1052/2123/1656
f 1044/2127/1657 1048/2116/1657 1047/2113/1657
f 1044/2127/1658 1053/2122/1658 1048/2116/1658
f 1053/2122/1659 1043/2128/1659 1051/2129/1659
f 1043/2125/1660 1044/2111/1660 1040/2110/1660
f 1043/2125/1661 1040/2110/1661 1045/2126/1661
f 1041/2130/1662 1050/2119/1662 1049/2118/1662 1042/2124/1662
f 1042/2124/1663 1052/2123/1663 1045/2126/1663
f 1045/2126/1664 1039/2131/1664 1042/2124/1664
f 1039/2131/1665 1041/2132/1665 1042/2124/1665
f 1045/2133/1666 1040/2134/1666 1039/2131/1666
f 1039/2114/1667 1046/2115/1667 1041/2135/1667
f 1046/2115/1668 1039/2114/1668 1047/2113/1668
f 1041/2135/1669 1046/2115/1669 1050/2136/1669
f 1048/2117/1670 1050/2119/1670 1046/2137/1670
f 1054/2121/1671 1051/2120/1671 1052/2123/1671
f 1054/2121/1672 1052/2123/1672 1049/2118/1672
f 1051/2120/1673 1043/2125/1673 1052/2123/1673
f 1048/2116/1674 1053/2122/1674 1054/2121/1674
f 1044/2127/1675 1043/2128/1675 1053/2122/1675
f 1049/2138/1676 1048/2116/1676 1054/2121/1676
o Cube.010
v 11.064442 0.402612 -8.918055
v 11.105691 0.526082 -8.958840
v 11.072128 0.679870 -8.902694
v 10.980349 0.446247 -8.815043
v 11.175341 0.343475 -8.844792
v 11.190595 0.636066 -8.833122
v 10.933882 0.645447 -8.892055
v 11.053174 0.576240 -8.707849
v 11.077700 0.352107 -8.757786
vn 0.6607 -0.0643 0.7479
vn 0.6911 -0.0843 0.7178
vn -0.1287 0.7256 0.6759
vn -0.0539 0.9228 0.3816
vn 0.5692 0.3887 -0.7245
vn -0.7649 0.0432 -0.6427
vn -0.3138 -0.9127 -0.2617
vn -0.6236 -0.7589 -0.1876
vn 0.8373 -0.0219 -0.5463
vn -0.5632 -0.4090 -0.7180
vn -0.1495 0.3101 -0.9389
vn -0.6501 -0.2323 0.7234
vn -0.8364 0.0167 0.5479
vn 0.3491 -0.3970 -0.8488
vt 0.856741 0.527884
vt 0.792799 0.664448
vt 0.661337 0.518959
vt 0.570885 0.667835
vt 0.614877 0.834550
vt 0.495616 0.943630
vt 0.319826 0.718976
vt 0.602263 0.105449
vt 0.455701 0.107225
vt 0.553174 0.006579
vt 0.371255 0.573451
vt 0.135465 0.689951
vt 0.165587 0.530358
vt 0.553103 0.308270
vt 0.565029 0.471740
vt 0.392929 0.256090
vt 0.405598 0.560759
vt 0.171875 0.750000
s 0
g Cube.010_Material
usemtl Material
f 1059/2139/1677 1060/2140/1677 1063/2141/1677
f 1063/2141/1678 1060/2140/1678 1062/2142/1678
f 1060/2143/1679 1057/2144/1679 1061/2145/1679
f 1062/2142/1680 1060/2143/1680 1061/2145/1680
f 1060/2146/1681 1056/2147/1681 1057/2148/1681
f 1058/2149/1682 1056/2150/1682 1055/2151/1682
f 1059/2152/1683 1063/2153/1683 1055/2154/1683
f 1063/2153/1684 1058/2155/1684 1055/2154/1684
f 1056/2147/1685 1060/2146/1685 1059/2152/1685
f 1058/2149/1686 1061/2145/1686 1056/2150/1686
f 1056/2150/1687 1061/2145/1687 1057/2156/1687
f 1063/2141/1688 1062/2142/1688 1058/2155/1688
f 1062/2142/1689 1061/2145/1689 1058/2155/1689
f 1055/2154/1690 1056/2147/1690 1059/2152/1690
o Cube.011
v 11.077874 0.346384 -8.988676
v 10.882647 0.558053 -8.875735
v 10.957346 0.409043 -8.768005
v 10.903127 0.364754 -8.951383
v 10.962310 0.474947 -9.047544
v 11.114705 0.517928 -8.966696
v 11.123546 0.390796 -8.827323
v 11.040370 0.617972 -8.952541
v 11.039501 0.547116 -8.812877
vn -0.3042 0.4533 0.8379
vn -0.9183 -0.2248 0.3258
vn -0.0420 -0.9602 0.2762
vn -0.2285 -0.5676 -0.7910
vn 0.3477 0.3797 -0.8573
vn 0.4657 0.0134 -0.8849
vn 0.9587 -0.1773 -0.2225
vn 0.8433 0.4227 0.3321
vn 0.3441 0.0987 0.9337
vn -0.1180 0.8859 0.4487
vn 0.7888 0.5462 0.2820
vn -0.0207 -0.9704 0.2405
vn -0.8882 0.0827 -0.4519
vn -0.5176 0.6512 -0.5550
vt 0.534218 0.539052
vt 0.807613 0.537738
vt 0.651467 0.712344
vt 0.812212 0.722590
vt 0.440472 0.699464
vt 0.505279 0.954605
vt 0.394685 0.910428
vt 0.529494 0.041599
vt 0.440272 0.169217
vt 0.407900 0.015209
vt 0.224689 0.500632
vt 0.298939 0.554231
vt 0.143822 0.628706
vt 0.350796 0.501919
vt 0.236030 0.724989
vt 0.358556 0.714558
vt 0.602122 0.296489
vt 0.527241 0.521298
vt 0.452229 0.375318
s 0
g Cube.011_Material
usemtl Material
f 1072/2157/1691 1065/2158/1691 1066/2159/1691
f 1066/2159/1692 1065/2158/1692 1067/2160/1692
f 1070/2161/1693 1067/2162/1693 1064/2163/1693
f 1067/2164/1694 1068/2165/1694 1064/2166/1694
f 1071/2167/1695 1069/2168/1695 1068/2169/1695
f 1068/2169/1696 1069/2170/1696 1064/2171/1696
f 1069/2170/1697 1070/2172/1697 1064/2171/1697
f 1069/2170/1698 1072/2157/1698 1070/2161/1698
f 1072/2157/1699 1066/2159/1699 1070/2161/1699
f 1065/2173/1700 1072/2174/1700 1071/2175/1700
f 1071/2175/1701 1072/2157/1701 1069/2170/1701
f 1066/2159/1702 1067/2162/1702 1070/2161/1702
f 1067/2164/1703 1065/2173/1703 1068/2165/1703
f 1065/2173/1704 1071/2175/1704 1068/2165/1704
o Cube.006
v 11.123653 0.362988 -8.989181
v 10.935552 0.453681 -8.883042
v 10.905549 0.484699 -9.142208
v 11.000872 0.304756 -8.939891
v 10.884658 0.389421 -9.025669
v 10.957336 0.310547 -9.139254
v 11.110337 0.439996 -9.076731
v 11.037332 0.519023 -8.896960
v 10.937173 0.573913 -9.052925
vn 0.3890 -0.9145 -0.1115
vn -0.6400 -0.7593 0.1177
vn 0.3192 0.0789 -0.9444
vn 0.3354 -0.3349 0.8805
vn 0.4293 -0.1516 0.8903
vn 0.5992 0.7936 -0.1055
vn 0.9026 0.3819 0.1987
vn -0.4079 0.7471 0.5249
vn -0.9341 0.2955 0.2002
vn -0.9579 0.2813 0.0582
vn -0.8852 -0.2697 -0.3791
vn 0.6587 -0.5124 -0.5509
vn 0.3598 0.5932 -0.7202
vn -0.7198 -0.4997 0.4820
vt 0.423616 0.817668
vt 0.438163 0.985880
vt 0.399025 0.926987
vt 0.584080 0.909473
vt 0.477709 0.045024
vt 0.607265 0.122218
vt 0.441545 0.286085
vt 0.565477 0.549583
vt 0.592013 0.712367
vt 0.289400 0.584684
vt 0.400831 0.754486
vt 0.615924 0.357557
vt 0.551199 0.540629
vt 0.429879 0.509305
vt 0.769145 0.562221
vt 0.604783 0.677624
vt 0.780055 0.741830
vt 0.860509 0.631959
vt 0.567506 0.015179
vt 0.377433 0.096481
s 0
g Cube.006_Material
usemtl Material
f 1076/2176/1705 1078/2177/1705 1073/2178/1705
f 1077/2179/1706 1078/2177/1706 1076/2176/1706
f 1078/2180/1707 1075/2181/1707 1079/2182/1707
f 1080/2183/1708 1074/2184/1708 1073/2185/1708
f 1074/2184/1709 1076/2186/1709 1073/2185/1709
f 1079/2182/1710 1081/2187/1710 1080/2188/1710
f 1080/2188/1711 1073/2189/1711 1079/2182/1711
f 1080/2183/1712 1081/2190/1712 1074/2191/1712
f 1074/2191/1713 1081/2190/1713 1077/2192/1713
f 1081/2190/1714 1075/2193/1714 1077/2192/1714
f 1077/2194/1715 1075/2181/1715 1078/2180/1715
f 1073/2195/1716 1078/2180/1716 1079/2182/1716
f 1079/2182/1717 1075/2181/1717 1081/2187/1717
f 1074/2184/1718 1077/2179/1718 1076/2176/1718
o Cube.007
v 10.958052 0.455557 -9.154164
v 10.989977 0.464891 -8.949208
v 10.881845 0.327003 -9.128639
v 10.982103 0.216607 -9.067776
v 11.068878 0.325214 -9.183227
v 11.099717 0.480757 -9.099173
v 11.006181 0.311290 -8.937394
v 10.886080 0.408894 -8.997791
v 11.136797 0.406103 -9.004848
vn 0.4708 0.7724 0.4263
vn -0.4872 0.8726 0.0361
vn 0.3909 0.1115 0.9137
vn -0.8529 0.4546 -0.2569
vn -0.2803 -0.0244 -0.9596
vn -0.7814 -0.5173 0.3490
vn 0.6624 -0.6590 0.3563
vn -0.1681 0.9856 -0.0187
vn 0.2633 0.4177 -0.8696
vn 0.9331 0.0093 -0.3595
vn -0.2254 -0.6193 -0.7521
vn -0.6825 -0.5257 0.5078
vn -0.4338 0.0235 0.9007
vn 0.7762 -0.6304 -0.0097
vt 0.862532 0.586626
vt 0.666025 0.612825
vt 0.793538 0.524739
vt 0.799625 0.742317
vt 0.596159 0.725728
vt 0.676667 0.500000
vt 0.533198 0.702151
vt 0.502729 0.907748
vt 0.315429 0.689365
vt 0.215046 0.717794
vt 0.139986 0.551629
vt 0.365533 0.517965
vt 0.592775 0.342442
vt 0.523296 0.508923
vt 0.395346 0.376049
vt 0.510142 0.020803
vt 0.592582 0.143625
vt 0.414253 0.208459
s 0
g Cube.007_Material
usemtl Material
f 1087/2196/1719 1083/2197/1719 1090/2198/1719
f 1083/2197/1720 1082/2199/1720 1089/2200/1720
f 1090/2198/1721 1083/2197/1721 1088/2201/1721
f 1089/2202/1722 1082/2203/1722 1084/2204/1722
f 1084/2204/1723 1082/2205/1723 1086/2206/1723
f 1085/2207/1724 1089/2202/1724 1084/2204/1724
f 1090/2208/1725 1088/2209/1725 1085/2210/1725
f 1087/2196/1726 1082/2199/1726 1083/2197/1726
f 1082/2211/1727 1087/2212/1727 1086/2213/1727
f 1086/2213/1728 1087/2212/1728 1090/2208/1728
f 1086/2206/1729 1085/2207/1729 1084/2204/1729
f 1085/2207/1730 1088/2209/1730 1089/2202/1730
f 1088/2209/1731 1083/2197/1731 1089/2202/1731
f 1086/2213/1732 1090/2208/1732 1085/2210/1732
o Cube.008
v 11.387405 0.409973 -9.181960
v 11.317527 0.275484 -9.210745
v 11.207639 0.225315 -9.271242
v 11.217834 0.374318 -9.321831
v 11.059622 0.341263 -9.209393
v 11.182728 0.462424 -9.169551
v 11.316093 0.392419 -9.089533
v 11.121696 0.188476 -9.224372
v 11.160343 0.278648 -9.111004
vn 0.5616 -0.3002 -0.7711
vn -0.3660 -0.2766 -0.8885
vn -0.5103 0.6881 -0.5158
vn 0.2518 0.8965 0.3646
vn 0.3933 -0.6594 0.6407
vn 0.3156 -0.7921 0.5225
vn -0.5570 0.3129 0.7693
vn -0.7568 -0.3609 0.5450
vn 0.4046 -0.9142 0.0233
vn 0.6482 -0.1783 -0.7403
vn -0.5530 -0.1442 -0.8206
vn 0.1947 0.8678 -0.4572
vn 0.7350 -0.4836 0.4753
vn -0.3566 0.3227 0.8767
vt 0.551771 0.821043
vt 0.490236 0.981936
vt 0.443965 0.755163
vt 0.609545 0.740303
vt 0.579499 0.265268
vt 0.447677 0.232718
vt 0.490446 0.016300
vt 0.320967 0.499695
vt 0.242238 0.673984
vt 0.142687 0.564850
vt 0.543218 0.480597
vt 0.654480 0.663904
vt 0.651690 0.523626
vt 0.809399 0.589510
vt 0.375000 0.930496
vt 0.603518 0.001237
vt 0.583364 0.169025
vt 0.384386 0.054537
vt 0.382289 0.419599
s 0
g Cube.008_Material
usemtl Material
f 1093/2214/1733 1094/2215/1733 1092/2216/1733
f 1093/2214/1734 1098/2217/1734 1094/2215/1734
f 1095/2218/1735 1096/2219/1735 1094/2220/1735
f 1097/2221/1736 1091/2222/1736 1096/2223/1736
f 1099/2224/1737 1092/2216/1737 1097/2221/1737
f 1099/2224/1738 1098/2225/1738 1092/2216/1738
f 1095/2218/1739 1099/2224/1739 1096/2219/1739
f 1099/2226/1740 1095/2227/1740 1098/2225/1740
f 1098/2225/1741 1093/2214/1741 1092/2216/1741
f 1091/2228/1742 1092/2216/1742 1094/2215/1742
f 1098/2229/1743 1095/2230/1743 1094/2220/1743
f 1091/2231/1744 1094/2220/1744 1096/2219/1744
f 1091/2222/1745 1097/2221/1745 1092/2216/1745
f 1097/2232/1746 1096/2219/1746 1099/2224/1746
o Cube.009
v 10.924585 0.034758 -9.038740
v 11.075062 -0.010821 -8.878502
v 10.855909 0.257445 -9.110158
v 11.006198 0.271572 -9.285765
v 11.363479 0.135706 -8.881969
v 11.203355 0.201563 -8.696360
v 11.235875 0.077286 -9.188849
v 10.864056 0.240724 -8.839222
v 11.002904 0.222249 -8.690985
v 11.020972 0.509358 -8.870855
v 11.054642 0.472613 -9.127742
v 10.823751 0.398532 -8.991825
v 11.383790 0.337167 -8.988933
v 11.283375 0.222251 -9.248048
v 11.283487 0.447544 -8.881657
v 11.238358 0.550482 -9.093669
vn -0.0448 -0.6346 0.7715
vn -0.6695 -0.5803 0.4637
vn -0.6267 0.4417 0.6420
vn -0.3953 0.9006 -0.1806
vn 0.7909 0.5995 0.1227
vn 0.2097 0.5725 -0.7926
vn 0.8702 -0.4017 -0.2854
vn 0.0770 0.5258 0.8471
vn 0.1650 0.5586 0.8129
vn 0.8120 0.2077 0.5455
vn 0.3746 -0.7235 0.5798
vn 0.4527 -0.8915 -0.0185
vn -0.6108 0.5149 -0.6015
vn 0.0550 -0.3929 -0.9179
vn -0.2537 -0.6550 -0.7118
vn -0.6780 -0.4057 -0.6129
vn -0.0004 -0.9619 -0.2733
vn -0.9565 -0.2915 0.0108
vn -0.5983 -0.6413 0.4805
vn -0.9721 -0.2340 0.0148
vn -0.6365 0.4459 0.6293
vn 0.8209 0.3313 -0.4651
vn -0.0119 0.4242 -0.9055
vn 0.9372 -0.2326 -0.2600
vn 0.2265 0.8943 0.3860
vn 0.7758 0.1984 0.5989
vn -0.3559 0.9174 -0.1779
vt 0.875000 0.649805
vt 0.849233 0.683396
vt 0.832712 0.540342
vt 0.580473 0.024703
vt 0.534759 0.188184
vt 0.498710 0.020990
vt 0.437420 0.135101
vt 0.411456 0.342495
vt 0.213804 0.511922
vt 0.337875 0.601179
vt 0.185175 0.619999
vt 0.611440 0.548317
vt 0.438499 0.522151
vt 0.536413 0.434917
vt 0.517900 0.691047
vt 0.378975 0.759339
vt 0.724211 0.603714
vt 0.568883 0.768659
vt 0.609419 0.213408
vt 0.625000 0.382072
vt 0.588498 0.519208
vt 0.209844 0.718096
vt 0.479559 0.953620
vt 0.390901 0.953078
vt 0.565332 0.774863
vt 0.583031 0.973602
vt 0.389658 0.010551
vt 0.376620 0.114133
vt 0.125000 0.581137
vt 0.375000 0.421875
s 0
g Cube.009_Material
usemtl Material
f 1108/2233/1747 1101/2234/1747 1105/2235/1747
f 1101/2236/1748 1108/2237/1748 1100/2238/1748
f 1107/2239/1749 1108/2237/1749 1109/2240/1749
f 1109/2241/1750 1110/2242/1750 1111/2243/1750
f 1112/2244/1751 1115/2245/1751 1114/2246/1751
f 1113/2247/1752 1103/2248/1752 1110/2242/1752
f 1104/2249/1753 1106/2250/1753 1113/2247/1753
f 1105/2251/1754 1109/2240/1754 1108/2237/1754
f 1105/2251/1755 1114/2246/1755 1109/2240/1755
f 1114/2246/1756 1104/2252/1756 1112/2253/1756
f 1104/2249/1757 1105/2235/1757 1101/2234/1757
f 1104/2249/1758 1101/2234/1758 1106/2250/1758
f 1102/2254/1759 1111/2243/1759 1110/2242/1759 1103/2248/1759
f 1103/2248/1760 1113/2247/1760 1106/2250/1760
f 1106/2250/1761 1100/2255/1761 1103/2248/1761
f 1100/2255/1762 1102/2256/1762 1103/2248/1762
f 1106/2257/1763 1101/2258/1763 1100/2255/1763
f 1100/2238/1764 1107/2239/1764 1102/2259/1764
f 1107/2239/1765 1100/2238/1765 1108/2237/1765
f 1102/2259/1766 1107/2239/1766 1111/2260/1766
f 1109/2241/1767 1111/2243/1767 1107/2261/1767
f 1115/2245/1768 1112/2244/1768 1113/2247/1768
f 1115/2245/1769 1113/2247/1769 1110/2242/1769
f 1112/2244/1770 1104/2249/1770 1113/2247/1770
f 1109/2240/1771 1114/2246/1771 1115/2245/1771
f 1105/2251/1772 1104/2252/1772 1114/2246/1772
f 1110/2262/1773 1109/2240/1773 1115/2245/1773
o Cube.010
v 11.189726 0.181149 -9.224946
v 11.272042 0.290270 -9.211644
v 11.315016 0.383862 -9.078607
v 11.148548 0.174608 -9.090364
v 11.276690 0.063919 -9.236864
v 11.414627 0.278747 -9.088682
v 11.177647 0.385835 -9.036053
v 11.285653 0.192600 -8.967791
v 11.206110 0.043339 -9.127298
vn 0.6836 -0.6575 0.3169
vn 0.6977 -0.6627 0.2722
vn 0.2931 0.1879 0.9374
vn 0.3953 0.4944 0.7741
vn 0.5566 0.5841 -0.5907
vn -0.7690 0.6052 -0.2059
vn -0.7016 -0.4656 -0.5394
vn -0.9035 -0.3141 -0.2917
vn 0.6545 0.0970 -0.7498
vn -0.7881 0.2529 -0.5613
vn -0.1537 0.8308 -0.5348
vn -0.5644 -0.4434 0.6963
vn -0.6555 -0.1021 0.7482
vn 0.0134 0.1110 -0.9937
vt 0.856741 0.527884
vt 0.792799 0.664448
vt 0.661337 0.518959
vt 0.570885 0.667835
vt 0.614877 0.834550
vt 0.495616 0.943630
vt 0.319826 0.718976
vt 0.602263 0.105449
vt 0.455701 0.107225
vt 0.553174 0.006579
vt 0.371255 0.573451
vt 0.135465 0.689951
vt 0.165587 0.530358
vt 0.553103 0.308270
vt 0.565029 0.471740
vt 0.392929 0.256090
vt 0.405598 0.560759
vt 0.171875 0.750000
s 0
g Cube.010_Material
usemtl Material
f 1120/2263/1774 1121/2264/1774 1124/2265/1774
f 1124/2265/1775 1121/2264/1775 1123/2266/1775
f 1121/2267/1776 1118/2268/1776 1122/2269/1776
f 1123/2266/1777 1121/2267/1777 1122/2269/1777
f 1121/2270/1778 1117/2271/1778 1118/2272/1778
f 1119/2273/1779 1117/2274/1779 1116/2275/1779
f 1120/2276/1780 1124/2277/1780 1116/2278/1780
f 1124/2277/1781 1119/2279/1781 1116/2278/1781
f 1117/2271/1782 1121/2270/1782 1120/2276/1782
f 1119/2273/1783 1122/2269/1783 1117/2274/1783
f 1117/2274/1784 1122/2269/1784 1118/2280/1784
f 1124/2265/1785 1123/2266/1785 1119/2279/1785
f 1123/2266/1786 1122/2269/1786 1119/2279/1786
f 1116/2278/1787 1117/2271/1787 1120/2276/1787
o Cube.011
v 11.281141 0.232045 -9.015344
v 11.100798 0.022505 -9.126248
v 11.064426 0.118897 -8.965261
v 11.243652 0.064858 -8.991534
v 11.283366 0.101775 -9.133470
v 11.193176 0.244758 -9.160597
v 11.121307 0.276913 -8.996651
v 11.142085 0.160995 -9.231071
v 11.047744 0.176251 -9.114390
vn -0.9456 -0.3248 -0.0191
vn -0.1903 -0.8606 0.4723
vn 0.1452 0.1075 0.9835
vn 0.9580 -0.1834 0.2203
vn 0.6190 0.2491 -0.7448
vn 0.7934 0.4162 -0.4441
vn 0.2615 0.9624 -0.0741
vn -0.4895 0.7899 -0.3695
vn -0.8963 0.3709 0.2429
vn -0.7724 -0.2206 -0.5957
vn -0.4940 0.7161 -0.4931
vn 0.1816 0.1283 0.9750
vn 0.3908 -0.9116 -0.1278
vn 0.2446 -0.6305 -0.7366
vt 0.534218 0.539052
vt 0.807613 0.537738
vt 0.651467 0.712344
vt 0.812212 0.722590
vt 0.440472 0.699464
vt 0.505279 0.954605
vt 0.394685 0.910428
vt 0.529494 0.041599
vt 0.440272 0.169217
vt 0.407900 0.015209
vt 0.224689 0.500632
vt 0.298939 0.554231
vt 0.143822 0.628706
vt 0.350796 0.501919
vt 0.236030 0.724989
vt 0.358556 0.714558
vt 0.602122 0.296489
vt 0.527241 0.521298
vt 0.452229 0.375318
s 0
g Cube.011_Material
usemtl Material
f 1133/2281/1788 1126/2282/1788 1127/2283/1788
f 1127/2283/1789 1126/2282/1789 1128/2284/1789
f 1131/2285/1790 1128/2286/1790 1125/2287/1790
f 1128/2288/1791 1129/2289/1791 1125/2290/1791
f 1132/2291/1792 1130/2292/1792 1129/2293/1792
f 1129/2293/1793 1130/2294/1793 1125/2295/1793
f 1130/2294/1794 1131/2296/1794 1125/2295/1794
f 1130/2294/1795 1133/2281/1795 1131/2285/1795
f 1133/2281/1796 1127/2283/1796 1131/2285/1796
f 1126/2297/1797 1133/2298/1797 1132/2299/1797
f 1132/2299/1798 1133/2281/1798 1130/2294/1798
f 1127/2283/1799 1128/2286/1799 1131/2285/1799
f 1128/2288/1800 1126/2297/1800 1129/2289/1800
f 1126/2297/1801 1132/2299/1801 1129/2289/1801
o Cube.006
v 11.164373 0.141823 -9.188151
v 11.141794 -0.028958 -9.105005
v 11.204947 0.110329 -8.954540
v 11.070205 0.085437 -9.144720
v 11.106742 0.064118 -9.014711
v 11.098787 0.191357 -9.019211
v 11.231851 0.163533 -9.123661
v 11.226615 -0.005245 -9.151124
v 11.261605 0.034204 -9.002336
vn -0.6015 0.6728 -0.4308
vn -0.9636 -0.0510 0.2625
vn 0.4358 0.8364 0.3324
vn -0.3623 -0.3688 -0.8560
vn -0.1650 -0.4140 -0.8952
vn 0.9730 0.0074 -0.2308
vn 0.6708 0.0988 -0.7351
vn 0.3470 -0.9236 0.1633
vn -0.1923 -0.7196 0.6672
vn -0.1802 -0.6157 0.7671
vn -0.5216 -0.0024 0.8532
vn -0.0290 0.9561 -0.2916
vn 0.8459 0.4552 0.2778
vn -0.8608 -0.4822 0.1629
vt 0.423616 0.817668
vt 0.438163 0.985880
vt 0.399025 0.926987
vt 0.584080 0.909473
vt 0.477709 0.045024
vt 0.607265 0.122218
vt 0.441545 0.286085
vt 0.565477 0.549583
vt 0.592013 0.712367
vt 0.289400 0.584684
vt 0.400831 0.754486
vt 0.615924 0.357557
vt 0.551199 0.540629
vt 0.429879 0.509305
vt 0.769145 0.562221
vt 0.604783 0.677624
vt 0.780055 0.741830
vt 0.860509 0.631959
vt 0.567506 0.015179
vt 0.377433 0.096481
s 0
g Cube.006_Material
usemtl Material
f 1137/2300/1802 1139/2301/1802 1134/2302/1802
f 1138/2303/1803 1139/2301/1803 1137/2300/1803
f 1139/2304/1804 1136/2305/1804 1140/2306/1804
f 1141/2307/1805 1135/2308/1805 1134/2309/1805
f 1135/2308/1806 1137/2310/1806 1134/2309/1806
f 1140/2306/1807 1142/2311/1807 1141/2312/1807
f 1141/2312/1808 1134/2313/1808 1140/2306/1808
f 1141/2307/1809 1142/2314/1809 1135/2315/1809
f 1135/2315/1810 1142/2314/1810 1138/2316/1810
f 1142/2314/1811 1136/2317/1811 1138/2316/1811
f 1138/2318/1812 1136/2305/1812 1139/2304/1812
f 1134/2319/1813 1139/2304/1813 1140/2306/1813
f 1140/2306/1814 1136/2305/1814 1142/2311/1814
f 1135/2308/1815 1138/2303/1815 1137/2300/1815
