# Blender 4.1.0
# www.blender.org
mtllib TornadoEffect20098.mtl
o Plane.002
v 11.165558 0.000000 -9.079000
o Cube.006
v 10.004731 1.808954 -8.555628
v 10.116667 1.948218 -8.441035
v 9.978083 1.824663 -8.292012
v 10.125676 1.806291 -8.505402
v 10.099313 1.826109 -8.357318
v 10.038990 1.700266 -8.381052
v 9.926406 1.814028 -8.483879
v 10.022349 1.977725 -8.490067
v 9.964622 1.935401 -8.330190
vn 0.2089 -0.8113 -0.5461
vn 0.8643 -0.4548 0.2147
vn -0.7905 -0.5617 0.2440
vn 0.5087 0.2651 -0.8191
vn 0.3584 0.4044 -0.8415
vn -0.8520 0.4927 -0.1772
vn -0.6235 0.3388 -0.7046
vn 0.1392 0.9437 0.3001
vn 0.5052 0.4380 0.7436
vn 0.4429 0.3399 0.8297
vn 0.4445 -0.3672 0.8171
vn -0.4314 -0.8014 -0.4143
vn -0.9649 -0.0272 0.2614
vn 0.9839 -0.0181 0.1776
vt 0.423616 0.817668
vt 0.438163 0.985880
vt 0.399025 0.926987
vt 0.584080 0.909473
vt 0.477709 0.045024
vt 0.607265 0.122218
vt 0.441545 0.286085
vt 0.565477 0.549583
vt 0.592013 0.712367
vt 0.289400 0.584684
vt 0.400831 0.754486
vt 0.615924 0.357557
vt 0.551199 0.540629
vt 0.429879 0.509305
vt 0.769145 0.562221
vt 0.604783 0.677624
vt 0.780055 0.741830
vt 0.860509 0.631959
vt 0.567506 0.015179
vt 0.377433 0.096481
s 0
g Cube.006_Material
usemtl Material
f 5/1/1 7/2/1 2/3/1
f 6/4/2 7/2/2 5/1/2
f 7/5/3 4/6/3 8/7/3
f 9/8/4 3/9/4 2/10/4
f 3/9/5 5/11/5 2/10/5
f 8/7/6 10/12/6 9/13/6
f 9/13/7 2/14/7 8/7/7
f 9/8/8 10/15/8 3/16/8
f 3/16/9 10/15/9 6/17/9
f 10/15/10 4/18/10 6/17/10
f 6/19/11 4/6/11 7/5/11
f 2/20/12 7/5/12 8/7/12
f 8/7/13 4/6/13 10/12/13
f 3/9/14 6/4/14 5/1/14
o Cube.007
v 9.895459 1.825888 -9.718926
v 9.830297 1.853329 -9.534098
v 9.968064 1.711591 -9.668504
v 10.072783 1.758655 -9.566604
v 10.050105 1.876813 -9.689830
v 9.903594 1.958754 -9.657013
v 9.959054 1.811634 -9.475119
v 9.858158 1.742437 -9.575616
v 9.946496 1.962458 -9.545039
vn -0.6552 0.7205 0.2272
vn -0.9418 -0.1189 -0.3144
vn -0.2785 0.3848 0.8800
vn -0.6044 -0.6100 -0.5125
vn 0.2575 -0.2484 -0.9338
vn 0.0544 -0.9266 0.3721
vn 0.6808 0.3540 0.6413
vn -0.9092 0.2203 -0.3533
vn 0.0321 0.4205 -0.9067
vn 0.4440 0.8736 -0.1990
vn 0.7216 -0.4285 -0.5437
vn 0.0410 -0.8417 0.5384
vn -0.4863 -0.4109 0.7712
vn 0.8233 0.4777 0.3066
vt 0.862532 0.586626
vt 0.666025 0.612825
vt 0.793538 0.524739
vt 0.799625 0.742317
vt 0.596159 0.725728
vt 0.676667 0.500000
vt 0.533198 0.702151
vt 0.502729 0.907748
vt 0.315429 0.689365
vt 0.215046 0.717794
vt 0.139986 0.551629
vt 0.365533 0.517965
vt 0.592775 0.342442
vt 0.523296 0.508923
vt 0.395346 0.376049
vt 0.510142 0.020803
vt 0.592582 0.143625
vt 0.414253 0.208459
s 0
g Cube.007_Material
usemtl Material
f 16/21/15 12/22/15 19/23/15
f 12/22/16 11/24/16 18/25/16
f 19/23/17 12/22/17 17/26/17
f 18/27/18 11/28/18 13/29/18
f 13/29/19 11/30/19 15/31/19
f 14/32/20 18/27/20 13/29/20
f 19/33/21 17/34/21 14/35/21
f 16/21/22 11/24/22 12/22/22
f 11/36/23 16/37/23 15/38/23
f 15/38/24 16/37/24 19/33/24
f 15/31/25 14/32/25 13/29/25
f 14/32/26 17/34/26 18/27/26
f 17/34/27 12/22/27 18/27/27
f 15/38/28 19/33/28 14/35/28
o Cube.008
v 10.930082 1.899315 -7.596295
v 10.919509 1.894758 -7.761834
v 10.960705 1.813758 -7.875237
v 10.986430 1.715611 -7.739314
v 11.165732 1.770087 -7.837989
v 11.131499 1.810825 -7.654891
v 11.031580 1.963679 -7.637285
v 11.043000 1.837119 -7.948311
v 11.106085 1.924433 -7.828298
vn -0.9302 -0.3578 -0.0823
vn -0.2469 -0.8072 -0.5361
vn 0.4131 -0.8695 0.2707
vn 0.3179 0.0992 0.9429
vn -0.2494 0.9248 -0.2873
vn -0.2958 0.8397 -0.4554
vn 0.9305 0.3536 0.0953
vn 0.7240 0.3182 -0.6121
vn -0.6541 0.4827 -0.5824
vn -0.9373 -0.3414 0.0693
vn -0.0163 -0.8625 -0.5059
vn -0.0462 -0.6224 0.7813
vn -0.5324 0.8464 0.0107
vn 0.8283 0.5165 0.2170
vt 0.551771 0.821043
vt 0.490236 0.981936
vt 0.443965 0.755163
vt 0.609545 0.740303
vt 0.579499 0.265268
vt 0.447677 0.232718
vt 0.490446 0.016300
vt 0.320967 0.499695
vt 0.242238 0.673984
vt 0.142687 0.564850
vt 0.543218 0.480597
vt 0.654480 0.663904
vt 0.651690 0.523626
vt 0.809399 0.589510
vt 0.375000 0.930496
vt 0.603518 0.001237
vt 0.583364 0.169025
vt 0.384386 0.054537
vt 0.382289 0.419599
s 0
g Cube.008_Material
usemtl Material
f 22/39/29 23/40/29 21/41/29
f 22/39/30 27/42/30 23/40/30
f 24/43/31 25/44/31 23/45/31
f 26/46/32 20/47/32 25/48/32
f 28/49/33 21/41/33 26/46/33
f 28/49/34 27/50/34 21/41/34
f 24/43/35 28/49/35 25/44/35
f 28/51/36 24/52/36 27/50/36
f 27/50/37 22/39/37 21/41/37
f 20/53/38 21/41/38 23/40/38
f 27/54/39 24/55/39 23/45/39
f 20/56/40 23/45/40 25/44/40
f 20/47/41 26/46/41 21/41/41
f 26/57/42 25/44/42 28/49/42
o Cube.009
v 9.725964 1.946327 -9.567930
v 9.764301 2.031168 -9.416367
v 9.842953 1.824520 -9.661589
v 9.774883 1.672427 -9.584781
v 9.857738 1.900132 -9.216846
v 9.983213 2.027506 -9.308928
v 9.686604 1.760670 -9.367683
v 9.949568 2.000674 -9.599099
v 10.000731 2.069368 -9.462072
v 10.112624 1.831836 -9.519740
v 9.976387 1.677021 -9.541198
v 9.988084 1.847982 -9.679571
v 9.944561 1.743821 -9.247678
v 9.756559 1.651690 -9.361427
v 10.065044 1.789113 -9.315662
v 10.041428 1.622913 -9.404937
vn -0.1070 0.9621 0.2508
vn -0.2246 0.8734 -0.4321
vn 0.7273 0.4651 -0.5047
vn 0.6576 -0.5006 -0.5630
vn 0.5612 -0.4521 0.6933
vn 0.0419 -0.9952 -0.0890
vn -0.5005 -0.2741 0.8212
vn 0.9036 0.3756 0.2060
vn 0.9114 0.3050 0.2763
vn 0.4653 0.0847 0.8811
vn -0.2904 0.7318 0.6166
vn -0.7597 0.3201 0.5660
vn 0.1063 -0.5693 -0.8153
vn -0.8325 -0.5412 -0.1185
vn -0.9357 -0.1474 -0.3206
vn -0.6691 -0.0740 -0.7395
vn -0.9542 0.2884 0.0799
vn -0.2289 0.4456 -0.8655
vn -0.2670 0.8977 -0.3504
vn -0.1785 0.4231 -0.8883
vn 0.7239 0.4556 -0.5180
vn 0.0143 -0.7884 0.6150
vn -0.1418 -0.9414 -0.3061
vn -0.3458 -0.3628 0.8653
vn 0.9573 -0.2301 0.1750
vn 0.4872 0.1429 0.8615
vn 0.6728 -0.5190 -0.5272
vt 0.875000 0.649805
vt 0.849233 0.683396
vt 0.832712 0.540342
vt 0.580473 0.024703
vt 0.534759 0.188184
vt 0.498710 0.020990
vt 0.437420 0.135101
vt 0.411456 0.342495
vt 0.213804 0.511922
vt 0.337875 0.601179
vt 0.185175 0.619999
vt 0.611440 0.548317
vt 0.438499 0.522151
vt 0.536413 0.434917
vt 0.517900 0.691047
vt 0.378975 0.759339
vt 0.724211 0.603714
vt 0.568883 0.768659
vt 0.609419 0.213408
vt 0.625000 0.382072
vt 0.588498 0.519208
vt 0.209844 0.718096
vt 0.479559 0.953620
vt 0.390901 0.953078
vt 0.565332 0.774863
vt 0.583031 0.973602
vt 0.389658 0.010551
vt 0.376620 0.114133
vt 0.125000 0.581137
vt 0.375000 0.421875
s 0
g Cube.009_Material
usemtl Material
f 37/58/43 30/59/43 34/60/43
f 30/61/44 37/62/44 29/63/44
f 36/64/45 37/62/45 38/65/45
f 38/66/46 39/67/46 40/68/46
f 41/69/47 44/70/47 43/71/47
f 42/72/48 32/73/48 39/67/48
f 33/74/49 35/75/49 42/72/49
f 34/76/50 38/65/50 37/62/50
f 34/76/51 43/71/51 38/65/51
f 43/71/52 33/77/52 41/78/52
f 33/74/53 34/60/53 30/59/53
f 33/74/54 30/59/54 35/75/54
f 31/79/55 40/68/55 39/67/55 32/73/55
f 32/73/56 42/72/56 35/75/56
f 35/75/57 29/80/57 32/73/57
f 29/80/58 31/81/58 32/73/58
f 35/82/59 30/83/59 29/80/59
f 29/63/60 36/64/60 31/84/60
f 36/64/61 29/63/61 37/62/61
f 31/84/62 36/64/62 40/85/62
f 38/66/63 40/68/63 36/86/63
f 44/70/64 41/69/64 42/72/64
f 44/70/65 42/72/65 39/67/65
f 41/69/66 33/74/66 42/72/66
f 38/65/67 43/71/67 44/70/67
f 34/76/68 33/77/68 43/71/68
f 39/87/69 38/65/69 44/70/69
o Cube.010
v 10.521321 1.831769 -8.034063
v 10.507755 1.745817 -7.963086
v 10.469743 1.740171 -7.830995
v 10.496200 1.915598 -7.959140
v 10.425733 1.832351 -8.106191
v 10.370332 1.729514 -7.894972
v 10.540872 1.830682 -7.806948
v 10.373827 1.888975 -7.874608
v 10.422434 1.926948 -8.054419
vn -0.9731 0.0835 -0.2146
vn -0.9668 0.0531 -0.2501
vn -0.5448 0.2126 0.8111
vn -0.4051 -0.1071 0.9080
vn 0.1129 -0.9936 -0.0100
vn 0.9647 0.0597 0.2567
vn 0.5494 0.4158 -0.7247
vn 0.6669 0.5977 -0.4451
vn -0.1239 -0.8790 -0.4605
vn 0.9671 0.0715 -0.2440
vn 0.7474 -0.6373 0.1878
vn -0.0863 0.9792 0.1835
vn 0.1230 0.8816 0.4558
vn 0.4782 -0.6029 -0.6386
vt 0.856741 0.527884
vt 0.792799 0.664448
vt 0.661337 0.518959
vt 0.570885 0.667835
vt 0.614877 0.834550
vt 0.495616 0.943630
vt 0.319826 0.718976
vt 0.602263 0.105449
vt 0.455701 0.107225
vt 0.553174 0.006579
vt 0.371255 0.573451
vt 0.135465 0.689951
vt 0.165587 0.530358
vt 0.553103 0.308270
vt 0.565029 0.471740
vt 0.392929 0.256090
vt 0.405598 0.560759
vt 0.171875 0.750000
s 0
g Cube.010_Material
usemtl Material
f 49/88/70 50/89/70 53/90/70
f 53/90/71 50/89/71 52/91/71
f 50/92/72 47/93/72 51/94/72
f 52/91/73 50/92/73 51/94/73
f 50/95/74 46/96/74 47/97/74
f 48/98/75 46/99/75 45/100/75
f 49/101/76 53/102/76 45/103/76
f 53/102/77 48/104/77 45/103/77
f 46/96/78 50/95/78 49/101/78
f 48/98/79 51/94/79 46/99/79
f 46/99/80 51/94/80 47/105/80
f 53/90/81 52/91/81 48/104/81
f 52/91/82 51/94/82 48/104/82
f 45/103/83 46/96/83 49/101/83
o Cube.011
v 11.003469 1.815362 -10.236071
v 10.709385 1.950118 -10.450177
v 10.939794 1.916699 -10.538223
v 10.922652 2.011569 -10.311710
v 10.793244 1.902260 -10.209444
v 10.824327 1.698914 -10.295469
v 11.011423 1.732024 -10.436884
v 10.682327 1.744069 -10.345934
v 10.800261 1.765182 -10.501579
vn -0.3440 0.0907 -0.9346
vn -0.0142 0.9219 -0.3872
vn 0.9331 0.3436 -0.1057
vn 0.2916 0.4463 0.8460
vn -0.4181 -0.4074 0.8119
vn -0.0472 -0.3953 0.9173
vn 0.4207 -0.8319 0.3619
vn -0.0578 -0.9524 -0.2995
vn 0.2085 -0.4071 -0.8893
vn -0.7660 -0.2073 -0.6085
vn -0.1997 -0.9394 -0.2787
vn 0.9420 0.3289 -0.0665
vn -0.4493 0.8333 0.3222
vn -0.8804 0.3010 0.3665
vt 0.534218 0.539052
vt 0.807613 0.537738
vt 0.651467 0.712344
vt 0.812212 0.722590
vt 0.440472 0.699464
vt 0.505279 0.954605
vt 0.394685 0.910428
vt 0.529494 0.041599
vt 0.440272 0.169217
vt 0.407900 0.015209
vt 0.224689 0.500632
vt 0.298939 0.554231
vt 0.143822 0.628706
vt 0.350796 0.501919
vt 0.236030 0.724989
vt 0.358556 0.714558
vt 0.602122 0.296489
vt 0.527241 0.521298
vt 0.452229 0.375318
s 0
g Cube.011_Material
usemtl Material
f 62/106/84 55/107/84 56/108/84
f 56/108/85 55/107/85 57/109/85
f 60/110/86 57/111/86 54/112/86
f 57/113/87 58/114/87 54/115/87
f 61/116/88 59/117/88 58/118/88
f 58/118/89 59/119/89 54/120/89
f 59/119/90 60/121/90 54/120/90
f 59/119/91 62/106/91 60/110/91
f 62/106/92 56/108/92 60/110/92
f 55/122/93 62/123/93 61/124/93
f 61/124/94 62/106/94 59/119/94
f 56/108/95 57/111/95 60/110/95
f 57/113/96 55/122/96 58/114/96
f 55/122/97 61/124/97 58/114/97
o Cube.006
v 12.145370 1.954150 -8.177376
v 12.205769 1.729775 -8.133873
v 12.209650 1.766381 -8.396451
v 12.271764 1.890401 -8.142131
v 12.291517 1.778690 -8.267346
v 12.302163 1.915879 -8.344293
v 12.099869 1.920819 -8.281516
v 12.087792 1.763353 -8.140944
v 12.120049 1.703603 -8.323833
vn 0.4044 0.8979 0.1740
vn 0.9887 0.0072 0.1496
vn -0.2538 0.4549 -0.8536
vn -0.0050 0.1890 0.9820
vn -0.2032 0.1334 0.9700
vn -0.9862 -0.0617 -0.1538
vn -0.9000 0.3267 0.2887
vn -0.2788 -0.9263 0.2534
vn 0.4178 -0.9063 -0.0637
vn 0.4477 -0.8713 -0.2008
vn 0.8103 -0.3332 -0.4820
vn -0.0632 0.9582 -0.2791
vn -0.6621 0.0836 -0.7447
vn 0.8453 -0.3255 0.4237
vt 0.423616 0.817668
vt 0.438163 0.985880
vt 0.399025 0.926987
vt 0.584080 0.909473
vt 0.477709 0.045024
vt 0.607265 0.122218
vt 0.441545 0.286085
vt 0.565477 0.549583
vt 0.592013 0.712367
vt 0.289400 0.584684
vt 0.400831 0.754486
vt 0.615924 0.357557
vt 0.551199 0.540629
vt 0.429879 0.509305
vt 0.769145 0.562221
vt 0.604783 0.677624
vt 0.780055 0.741830
vt 0.860509 0.631959
vt 0.567506 0.015179
vt 0.377433 0.096481
s 0
g Cube.006_Material
usemtl Material
f 66/125/98 68/126/98 63/127/98
f 67/128/99 68/126/99 66/125/99
f 68/129/100 65/130/100 69/131/100
f 70/132/101 64/133/101 63/134/101
f 64/133/102 66/135/102 63/134/102
f 69/131/103 71/136/103 70/137/103
f 70/137/104 63/138/104 69/131/104
f 70/132/105 71/139/105 64/140/105
f 64/140/106 71/139/106 67/141/106
f 71/139/107 65/142/107 67/141/107
f 67/143/108 65/130/108 68/129/108
f 63/144/109 68/129/109 69/131/109
f 69/131/110 65/130/110 71/136/110
f 64/133/111 67/128/111 66/125/111
o Cube.007
v 9.972045 1.845853 -8.838264
v 9.812083 1.836833 -8.771570
v 9.928555 1.938205 -8.913340
v 9.833473 1.888589 -8.994709
v 9.938490 1.784140 -8.965165
v 9.913236 1.731894 -8.826842
v 9.756426 1.859740 -8.886199
v 9.850832 1.928157 -8.810794
v 9.813307 1.727728 -8.859489
vn -0.2221 -0.6133 0.7580
vn 0.3630 0.2335 0.9021
vn -0.8793 -0.3048 0.3660
vn 0.5627 0.6646 0.4916
vn 0.9290 0.1704 -0.3285
vn -0.3400 0.9255 -0.1670
vn -0.6855 -0.4162 -0.5974
vn 0.3878 -0.1084 0.9154
vn 0.8881 -0.4595 -0.0114
vn 0.1455 -0.9340 -0.3262
vn 0.5241 0.3017 -0.7964
vn -0.5085 0.8504 -0.1350
vn -0.7316 0.5064 0.4564
vn -0.3627 -0.5726 -0.7353
vt 0.862532 0.586626
vt 0.666025 0.612825
vt 0.793538 0.524739
vt 0.799625 0.742317
vt 0.596159 0.725728
vt 0.676667 0.500000
vt 0.533198 0.702151
vt 0.502729 0.907748
vt 0.315429 0.689365
vt 0.215046 0.717794
vt 0.139986 0.551629
vt 0.365533 0.517965
vt 0.592775 0.342442
vt 0.523296 0.508923
vt 0.395346 0.376049
vt 0.510142 0.020803
vt 0.592582 0.143625
vt 0.414253 0.208459
s 0
g Cube.007_Material
usemtl Material
f 77/145/112 73/146/112 80/147/112
f 73/146/113 72/148/113 79/149/113
f 80/147/114 73/146/114 78/150/114
f 79/151/115 72/152/115 74/153/115
f 74/153/116 72/154/116 76/155/116
f 75/156/117 79/151/117 74/153/117
f 80/157/118 78/158/118 75/159/118
f 77/145/119 72/148/119 73/146/119
f 72/160/120 77/161/120 76/162/120
f 76/162/121 77/161/121 80/157/121
f 76/155/122 75/156/122 74/153/122
f 75/156/123 78/158/123 79/151/123
f 78/158/124 73/146/124 79/151/124
f 76/162/125 80/157/125 75/159/125
o Cube.008
v 10.177056 1.651176 -10.051303
v 10.213032 1.813732 -10.054127
v 10.245112 1.924066 -9.964335
v 10.262219 1.783632 -9.869705
v 10.101956 1.908098 -9.806549
v 10.077662 1.725893 -9.859652
v 10.064286 1.709852 -10.042559
v 10.176698 2.008614 -9.934055
v 10.056796 1.904924 -9.966599
vn 0.9617 -0.0626 -0.2667
vn 0.7518 0.4290 0.5007
vn 0.1436 -0.2945 0.9448
vn -0.4520 -0.8851 0.1107
vn -0.3037 0.3356 -0.8917
vn -0.1916 0.4887 -0.8512
vn -0.9615 0.0494 0.2703
vn -0.6708 0.7207 0.1750
vn 0.3223 0.5394 -0.7779
vn 0.9351 -0.2119 -0.2840
vn 0.5967 0.4220 0.6825
vn 0.2864 -0.8330 0.4733
vn -0.0774 -0.0002 -0.9970
vn -0.9945 -0.0689 0.0788
vt 0.551771 0.821043
vt 0.490236 0.981936
vt 0.443965 0.755163
vt 0.609545 0.740303
vt 0.579499 0.265268
vt 0.447677 0.232718
vt 0.490446 0.016300
vt 0.320967 0.499695
vt 0.242238 0.673984
vt 0.142687 0.564850
vt 0.543218 0.480597
vt 0.654480 0.663904
vt 0.651690 0.523626
vt 0.809399 0.589510
vt 0.375000 0.930496
vt 0.603518 0.001237
vt 0.583364 0.169025
vt 0.384386 0.054537
vt 0.382289 0.419599
s 0
g Cube.008_Material
usemtl Material
f 83/163/126 84/164/126 82/165/126
f 83/163/127 88/166/127 84/164/127
f 85/167/128 86/168/128 84/169/128
f 87/170/129 81/171/129 86/172/129
f 89/173/130 82/165/130 87/170/130
f 89/173/131 88/174/131 82/165/131
f 85/167/132 89/173/132 86/168/132
f 89/175/133 85/176/133 88/174/133
f 88/174/134 83/163/134 82/165/134
f 81/177/135 82/165/135 84/164/135
f 88/178/136 85/179/136 84/169/136
f 81/180/137 84/169/137 86/168/137
f 81/171/138 87/170/138 82/165/138
f 87/181/139 86/168/139 89/173/139
o Cube.009
v 12.649243 1.999401 -9.285663
v 12.648627 2.029391 -9.510467
v 12.468020 1.897382 -9.153820
v 12.558501 1.681645 -9.154847
v 12.571745 1.780346 -9.707676
v 12.403539 1.973379 -9.693472
v 12.732804 1.686219 -9.422334
v 12.367838 2.076643 -9.335762
v 12.345990 2.094116 -9.539893
v 12.169663 1.838011 -9.395652
v 12.319330 1.665251 -9.262833
v 12.284857 1.932447 -9.183562
v 12.441130 1.608402 -9.624628
v 12.637190 1.553367 -9.399181
v 12.277742 1.692819 -9.599596
v 12.268585 1.537168 -9.413965
vn 0.2255 0.8052 -0.5485
vn 0.1954 0.9722 0.1292
vn -0.7787 0.6126 0.1358
vn -0.7929 -0.2651 0.5487
vn -0.4402 -0.6772 -0.5896
vn -0.1316 -0.8945 0.4272
vn 0.6354 -0.5515 -0.5405
vn -0.8131 0.2691 -0.5162
vn -0.8116 0.1777 -0.5566
vn -0.2694 -0.2452 -0.9313
vn 0.4621 0.4585 -0.7591
vn 0.8801 0.0965 -0.4649
vn -0.3108 -0.2336 0.9213
vn 0.7494 -0.4556 0.4805
vn 0.8378 -0.0146 0.5457
vn 0.4978 0.2048 0.8427
vn 0.9690 0.2454 0.0301
vn 0.0804 0.7318 0.6768
vn 0.2551 0.9653 0.0553
vn 0.0248 0.7189 0.6947
vn -0.7788 0.6086 0.1520
vn 0.0534 -0.9584 -0.2804
vn 0.0077 -0.7641 0.6450
vn 0.4868 -0.6511 -0.5823
vn -0.9160 -0.2840 -0.2833
vn -0.2904 -0.1840 -0.9390
vn -0.8018 -0.2953 0.5195
vt 0.875000 0.649805
vt 0.849233 0.683396
vt 0.832712 0.540342
vt 0.580473 0.024703
vt 0.534759 0.188184
vt 0.498710 0.020990
vt 0.437420 0.135101
vt 0.411456 0.342495
vt 0.213804 0.511922
vt 0.337875 0.601179
vt 0.185175 0.619999
vt 0.611440 0.548317
vt 0.438499 0.522151
vt 0.536413 0.434917
vt 0.517900 0.691047
vt 0.378975 0.759339
vt 0.724211 0.603714
vt 0.568883 0.768659
vt 0.609419 0.213408
vt 0.625000 0.382072
vt 0.588498 0.519208
vt 0.209844 0.718096
vt 0.479559 0.953620
vt 0.390901 0.953078
vt 0.565332 0.774863
vt 0.583031 0.973602
vt 0.389658 0.010551
vt 0.376620 0.114133
vt 0.125000 0.581137
vt 0.375000 0.421875
s 0
g Cube.009_Material
usemtl Material
f 98/182/140 91/183/140 95/184/140
f 91/185/141 98/186/141 90/187/141
f 97/188/142 98/186/142 99/189/142
f 99/190/143 100/191/143 101/192/143
f 102/193/144 105/194/144 104/195/144
f 103/196/145 93/197/145 100/191/145
f 94/198/146 96/199/146 103/196/146
f 95/200/147 99/189/147 98/186/147
f 95/200/148 104/195/148 99/189/148
f 104/195/149 94/201/149 102/202/149
f 94/198/150 95/184/150 91/183/150
f 94/198/151 91/183/151 96/199/151
f 92/203/152 101/192/152 100/191/152 93/197/152
f 93/197/153 103/196/153 96/199/153
f 96/199/154 90/204/154 93/197/154
f 90/204/155 92/205/155 93/197/155
f 96/206/156 91/207/156 90/204/156
f 90/187/157 97/188/157 92/208/157
f 97/188/158 90/187/158 98/186/158
f 92/208/159 97/188/159 101/209/159
f 99/190/160 101/192/160 97/210/160
f 105/194/161 102/193/161 103/196/161
f 105/194/162 103/196/162 100/191/162
f 102/193/163 94/198/163 103/196/163
f 99/189/164 104/195/164 105/194/164
f 95/200/165 94/201/165 104/195/165
f 100/211/166 99/189/166 105/194/166
o Cube.010
v 11.863825 1.968741 -8.024271
v 11.936692 1.852270 -8.108377
v 12.037581 1.691995 -8.052902
v 11.905027 1.913403 -7.874099
v 11.695267 1.936201 -8.030492
v 11.875371 1.643149 -8.070100
v 12.119121 1.783844 -7.937253
v 11.876981 1.700241 -7.846621
v 11.732211 1.928857 -7.880378
vn -0.8275 -0.5326 0.1776
vn -0.8459 -0.5153 0.1377
vn 0.1947 -0.8303 0.5222
vn 0.3922 -0.8919 0.2250
vn 0.1696 -0.2253 -0.9594
vn 0.8378 0.5451 -0.0290
vn -0.1921 0.9768 0.0951
vn 0.0724 0.9421 0.3273
vn -0.3298 -0.0755 -0.9410
vn 0.4757 0.8647 -0.1613
vn 0.7098 0.2146 -0.6709
vn -0.0243 0.1310 0.9911
vn 0.3255 0.0786 0.9423
vn -0.0759 0.5521 -0.8303
vt 0.856741 0.527884
vt 0.792799 0.664448
vt 0.661337 0.518959
vt 0.570885 0.667835
vt 0.614877 0.834550
vt 0.495616 0.943630
vt 0.319826 0.718976
vt 0.602263 0.105449
vt 0.455701 0.107225
vt 0.553174 0.006579
vt 0.371255 0.573451
vt 0.135465 0.689951
vt 0.165587 0.530358
vt 0.553103 0.308270
vt 0.565029 0.471740
vt 0.392929 0.256090
vt 0.405598 0.560759
vt 0.171875 0.750000
s 0
g Cube.010_Material
usemtl Material
f 110/212/167 111/213/167 114/214/167
f 114/214/168 111/213/168 113/215/168
f 111/216/169 108/217/169 112/218/169
f 113/215/170 111/216/170 112/218/170
f 111/219/171 107/220/171 108/221/171
f 109/222/172 107/223/172 106/224/172
f 110/225/173 114/226/173 106/227/173
f 114/226/174 109/228/174 106/227/174
f 107/220/175 111/219/175 110/225/175
f 109/222/176 112/218/176 107/223/176
f 107/223/177 112/218/177 108/229/177
f 114/214/178 113/215/178 109/228/178
f 113/215/179 112/218/179 109/228/179
f 106/227/180 107/220/180 110/225/180
o Cube.011
v 10.442723 1.730586 -8.042471
v 10.134347 1.878006 -8.000730
v 10.317397 1.990210 -8.052884
v 10.340319 1.832032 -7.903874
v 10.259724 1.688303 -7.964666
v 10.287100 1.704020 -8.160053
v 10.416109 1.869437 -8.174029
v 10.150759 1.726612 -8.140018
v 10.218511 1.884570 -8.169282
vn -0.5566 0.7932 -0.2470
vn -0.1955 0.6573 0.7278
vn 0.8445 0.4447 0.2985
vn 0.4315 -0.5458 0.7183
vn -0.1774 -0.9787 -0.1036
vn 0.2046 -0.9776 -0.0500
vn 0.5742 -0.5024 -0.6464
vn -0.0287 -0.0619 -0.9977
vn 0.0388 0.7233 -0.6894
vn -0.8603 0.2915 -0.4182
vn -0.1626 -0.1119 -0.9803
vn 0.8636 0.4064 0.2985
vn -0.4450 -0.1255 0.8867
vn -0.7985 -0.4522 0.3974
vt 0.534218 0.539052
vt 0.807613 0.537738
vt 0.651467 0.712344
vt 0.812212 0.722590
vt 0.440472 0.699464
vt 0.505279 0.954605
vt 0.394685 0.910428
vt 0.529494 0.041599
vt 0.440272 0.169217
vt 0.407900 0.015209
vt 0.224689 0.500632
vt 0.298939 0.554231
vt 0.143822 0.628706
vt 0.350796 0.501919
vt 0.236030 0.724989
vt 0.358556 0.714558
vt 0.602122 0.296489
vt 0.527241 0.521298
vt 0.452229 0.375318
s 0
g Cube.011_Material
usemtl Material
f 123/230/181 116/231/181 117/232/181
f 117/232/182 116/231/182 118/233/182
f 121/234/183 118/235/183 115/236/183
f 118/237/184 119/238/184 115/239/184
f 122/240/185 120/241/185 119/242/185
f 119/242/186 120/243/186 115/244/186
f 120/243/187 121/245/187 115/244/187
f 120/243/188 123/230/188 121/234/188
f 123/230/189 117/232/189 121/234/189
f 116/246/190 123/247/190 122/248/190
f 122/248/191 123/230/191 120/243/191
f 117/232/192 118/235/192 121/234/192
f 118/237/193 116/246/193 119/238/193
f 116/246/194 122/248/194 119/238/194
o Cube.006
v 10.123360 1.889333 -9.723325
v 10.023133 1.711083 -9.603529
v 9.843716 1.806022 -9.775157
v 10.125376 1.744138 -9.740760
v 9.960793 1.707870 -9.757816
v 9.988755 1.793828 -9.887473
v 10.016632 1.939856 -9.735764
v 10.024923 1.825355 -9.557577
v 9.849882 1.823431 -9.644813
vn 0.7439 0.0899 -0.6623
vn 0.2354 -0.8327 -0.5012
vn -0.4026 0.6954 -0.5953
vn 0.8745 -0.1927 0.4450
vn 0.8073 -0.0593 0.5872
vn -0.2725 0.8036 0.5291
vn 0.3218 0.8033 0.5012
vn -0.4176 -0.3334 0.8453
vn -0.5679 -0.7855 0.2458
vn -0.6482 -0.7501 0.1309
vn -0.4854 -0.6768 -0.5534
vn 0.3778 0.6314 -0.6772
vn -0.5990 0.7969 -0.0781
vn 0.2215 -0.9727 -0.0693
vt 0.423616 0.817668
vt 0.438163 0.985880
vt 0.399025 0.926987
vt 0.584080 0.909473
vt 0.477709 0.045024
vt 0.607265 0.122218
vt 0.441545 0.286085
vt 0.565477 0.549583
vt 0.592013 0.712367
vt 0.289400 0.584684
vt 0.400831 0.754486
vt 0.615924 0.357557
vt 0.551199 0.540629
vt 0.429879 0.509305
vt 0.769145 0.562221
vt 0.604783 0.677624
vt 0.780055 0.741830
vt 0.860509 0.631959
vt 0.567506 0.015179
vt 0.377433 0.096481
s 0
g Cube.006_Material
usemtl Material
f 127/249/195 129/250/195 124/251/195
f 128/252/196 129/250/196 127/249/196
f 129/253/197 126/254/197 130/255/197
f 131/256/198 125/257/198 124/258/198
f 125/257/199 127/259/199 124/258/199
f 130/255/200 132/260/200 131/261/200
f 131/261/201 124/262/201 130/255/201
f 131/256/202 132/263/202 125/264/202
f 125/264/203 132/263/203 128/265/203
f 132/263/204 126/266/204 128/265/204
f 128/267/205 126/254/205 129/253/205
f 124/268/206 129/253/206 130/255/206
f 130/255/207 126/254/207 132/260/207
f 125/257/208 128/252/208 127/249/208
o Cube.007
v 10.848910 1.717183 -10.304694
v 10.793034 1.888106 -10.249184
v 10.916354 1.780014 -10.406607
v 10.820579 1.847401 -10.493778
v 10.755927 1.710460 -10.431383
v 10.714155 1.741246 -10.277213
v 10.779931 1.933945 -10.381243
v 10.893682 1.872513 -10.304045
v 10.669904 1.836505 -10.321761
vn -0.5444 0.1343 0.8280
vn 0.4579 -0.1357 0.8786
vn -0.5222 0.7883 0.3254
vn 0.8713 -0.2529 0.4207
vn 0.4176 -0.8705 -0.2603
vn 0.7331 0.5777 -0.3589
vn -0.6929 0.4285 -0.5798
vn 0.1478 -0.2614 0.9538
vn -0.1426 -0.9773 0.1565
vn -0.8707 -0.4708 -0.1419
vn 0.3458 -0.5193 -0.7815
vn 0.6124 0.7180 -0.3310
vn 0.2973 0.9107 0.2866
vn -0.7528 0.0566 -0.6558
vt 0.862532 0.586626
vt 0.666025 0.612825
vt 0.793538 0.524739
vt 0.799625 0.742317
vt 0.596159 0.725728
vt 0.676667 0.500000
vt 0.533198 0.702151
vt 0.502729 0.907748
vt 0.315429 0.689365
vt 0.215046 0.717794
vt 0.139986 0.551629
vt 0.365533 0.517965
vt 0.592775 0.342442
vt 0.523296 0.508923
vt 0.395346 0.376049
vt 0.510142 0.020803
vt 0.592582 0.143625
vt 0.414253 0.208459
s 0
g Cube.007_Material
usemtl Material
f 138/269/209 134/270/209 141/271/209
f 134/270/210 133/272/210 140/273/210
f 141/271/211 134/270/211 139/274/211
f 140/275/212 133/276/212 135/277/212
f 135/277/213 133/278/213 137/279/213
f 136/280/214 140/275/214 135/277/214
f 141/281/215 139/282/215 136/283/215
f 138/269/216 133/272/216 134/270/216
f 133/284/217 138/285/217 137/286/217
f 137/286/218 138/285/218 141/281/218
f 137/279/219 136/280/219 135/277/219
f 136/280/220 139/282/220 140/275/220
f 139/282/221 134/270/221 140/275/221
f 137/286/222 141/281/222 136/283/222
o Cube.008
v 12.280748 1.831582 -8.938035
v 12.420036 1.822500 -9.051343
v 12.557164 1.747556 -9.070557
v 12.468714 1.652656 -8.940397
v 12.657874 1.757141 -8.863249
v 12.470023 1.792313 -8.784816
v 12.369731 1.926046 -8.892360
v 12.668591 1.793544 -9.052464
v 12.589196 1.903193 -8.942007
vn -0.4144 -0.5780 -0.7030
vn 0.4054 -0.8476 -0.3425
vn 0.1379 -0.7376 0.6610
vn -0.5954 0.1826 0.7824
vn -0.0387 0.8317 -0.5539
vn 0.0828 0.7364 -0.6715
vn 0.4047 0.5741 0.7118
vn 0.8641 0.4828 0.1418
vn 0.0307 0.3006 -0.9533
vn -0.5434 -0.5627 -0.6229
vn 0.5202 -0.8437 -0.1328
vn -0.5719 -0.6081 0.5506
vn -0.4304 0.6880 -0.5843
vn 0.2252 0.7075 0.6698
vt 0.551771 0.821043
vt 0.490236 0.981936
vt 0.443965 0.755163
vt 0.609545 0.740303
vt 0.579499 0.265268
vt 0.447677 0.232718
vt 0.490446 0.016300
vt 0.320967 0.499695
vt 0.242238 0.673984
vt 0.142687 0.564850
vt 0.543218 0.480597
vt 0.654480 0.663904
vt 0.651690 0.523626
vt 0.809399 0.589510
vt 0.375000 0.930496
vt 0.603518 0.001237
vt 0.583364 0.169025
vt 0.384386 0.054537
vt 0.382289 0.419599
s 0
g Cube.008_Material
usemtl Material
f 144/287/223 145/288/223 143/289/223
f 144/287/224 149/290/224 145/288/224
f 146/291/225 147/292/225 145/293/225
f 148/294/226 142/295/226 147/296/226
f 150/297/227 143/289/227 148/294/227
f 150/297/228 149/298/228 143/289/228
f 146/291/229 150/297/229 147/292/229
f 150/299/230 146/300/230 149/298/230
f 149/298/231 144/287/231 143/289/231
f 142/301/232 143/289/232 145/288/232
f 149/302/233 146/303/233 145/293/233
f 142/304/234 145/293/234 147/292/234
f 142/295/235 148/294/235 143/289/235
f 148/305/236 147/292/236 150/297/236
o Cube.009
v 12.299343 1.845119 -8.420467
v 12.462705 1.836263 -8.389115
v 12.224526 1.881689 -8.581011
v 12.203685 1.717476 -8.627109
v 12.604491 1.703565 -8.530243
v 12.625403 1.890493 -8.539956
v 12.372975 1.611914 -8.503833
v 12.376951 2.007689 -8.542291
v 12.527758 2.003406 -8.530424
v 12.436695 1.950546 -8.759103
v 12.313233 1.800723 -8.762622
v 12.272319 1.979082 -8.667439
v 12.554953 1.671845 -8.689658
v 12.363533 1.580252 -8.620670
v 12.562722 1.795376 -8.746786
v 12.423492 1.731575 -8.837610
vn 0.5437 0.4083 0.7333
vn -0.1057 0.6657 0.7387
vn 0.0466 0.9690 -0.2426
vn -0.4074 0.3555 -0.8412
vn 0.6199 -0.3612 -0.6966
vn -0.4474 -0.5541 -0.7020
vn 0.3805 -0.8999 0.2131
vn 0.6724 0.6161 -0.4102
vn 0.7064 0.5371 -0.4611
vn 0.9490 -0.1796 -0.2592
vn 0.6863 -0.0390 0.7262
vn 0.2992 -0.5266 0.7957
vn -0.8602 0.1506 -0.4873
vn -0.6366 -0.7298 0.2492
vn -0.6910 -0.4267 0.5835
vn -0.9067 -0.0033 0.4218
vn -0.1941 -0.3840 0.9027
vn -0.6358 0.6337 0.4406
vn -0.0447 0.6127 0.7891
vn -0.6438 0.6598 0.3875
vn 0.0305 0.9686 -0.2469
vn 0.2089 -0.8282 -0.5200
vn -0.6791 -0.5006 -0.5369
vn 0.4431 -0.8956 0.0405
vn 0.4304 0.2815 -0.8576
vn 0.9641 -0.1202 -0.2369
vn -0.3789 0.3325 -0.8637
vt 0.875000 0.649805
vt 0.849233 0.683396
vt 0.832712 0.540342
vt 0.580473 0.024703
vt 0.534759 0.188184
vt 0.498710 0.020990
vt 0.437420 0.135101
vt 0.411456 0.342495
vt 0.213804 0.511922
vt 0.337875 0.601179
vt 0.185175 0.619999
vt 0.611440 0.548317
vt 0.438499 0.522151
vt 0.536413 0.434917
vt 0.517900 0.691047
vt 0.378975 0.759339
vt 0.724211 0.603714
vt 0.568883 0.768659
vt 0.609419 0.213408
vt 0.625000 0.382072
vt 0.588498 0.519208
vt 0.209844 0.718096
vt 0.479559 0.953620
vt 0.390901 0.953078
vt 0.565332 0.774863
vt 0.583031 0.973602
vt 0.389658 0.010551
vt 0.376620 0.114133
vt 0.125000 0.581137
vt 0.375000 0.421875
s 0
g Cube.009_Material
usemtl Material
f 159/306/237 152/307/237 156/308/237
f 152/309/238 159/310/238 151/311/238
f 158/312/239 159/310/239 160/313/239
f 160/314/240 161/315/240 162/316/240
f 163/317/241 166/318/241 165/319/241
f 164/320/242 154/321/242 161/315/242
f 155/322/243 157/323/243 164/320/243
f 156/324/244 160/313/244 159/310/244
f 156/324/245 165/319/245 160/313/245
f 165/319/246 155/325/246 163/326/246
f 155/322/247 156/308/247 152/307/247
f 155/322/248 152/307/248 157/323/248
f 153/327/249 162/316/249 161/315/249 154/321/249
f 154/321/250 164/320/250 157/323/250
f 157/323/251 151/328/251 154/321/251
f 151/328/252 153/329/252 154/321/252
f 157/330/253 152/331/253 151/328/253
f 151/311/254 158/312/254 153/332/254
f 158/312/255 151/311/255 159/310/255
f 153/332/256 158/312/256 162/333/256
f 160/314/257 162/316/257 158/334/257
f 166/318/258 163/317/258 164/320/258
f 166/318/259 164/320/259 161/315/259
f 163/317/260 155/322/260 164/320/260
f 160/313/261 165/319/261 166/318/261
f 156/324/262 155/325/262 165/319/262
f 161/335/263 160/313/263 166/318/263
o Cube.010
v 12.425781 1.691678 -9.102942
v 12.468149 1.702212 -8.962568
v 12.603280 1.791068 -8.883335
v 12.535769 1.776712 -9.161403
v 12.299947 1.783758 -9.119153
v 12.480767 1.886636 -8.881322
v 12.698832 1.744213 -8.994584
v 12.570003 1.944786 -9.062887
v 12.396823 1.838189 -9.206336
vn -0.4917 0.8707 -0.0028
vn -0.5306 0.8476 0.0107
vn 0.6053 0.7718 0.1948
vn 0.6404 0.5820 0.5011
vn -0.2754 -0.3717 0.8866
vn 0.5703 -0.8139 -0.1110
vn -0.3342 -0.5866 -0.7377
vn 0.0100 -0.5752 -0.8179
vn -0.7211 -0.2374 0.6509
vn 0.1286 -0.9422 -0.3093
vn 0.2226 -0.8153 0.5346
vn 0.4345 0.3879 -0.8128
vn 0.7174 0.2377 -0.6549
vn -0.5934 -0.7693 0.2368
vt 0.856741 0.527884
vt 0.792799 0.664448
vt 0.661337 0.518959
vt 0.570885 0.667835
vt 0.614877 0.834550
vt 0.495616 0.943630
vt 0.319826 0.718976
vt 0.602263 0.105449
vt 0.455701 0.107225
vt 0.553174 0.006579
vt 0.371255 0.573451
vt 0.135465 0.689951
vt 0.165587 0.530358
vt 0.553103 0.308270
vt 0.565029 0.471740
vt 0.392929 0.256090
vt 0.405598 0.560759
vt 0.171875 0.750000
s 0
g Cube.010_Material
usemtl Material
f 171/336/264 172/337/264 175/338/264
f 175/338/265 172/337/265 174/339/265
f 172/340/266 169/341/266 173/342/266
f 174/339/267 172/340/267 173/342/267
f 172/343/268 168/344/268 169/345/268
f 170/346/269 168/347/269 167/348/269
f 171/349/270 175/350/270 167/351/270
f 175/350/271 170/352/271 167/351/271
f 168/344/272 172/343/272 171/349/272
f 170/346/273 173/342/273 168/347/273
f 168/347/274 173/342/274 169/353/274
f 175/338/275 174/339/275 170/352/275
f 174/339/276 173/342/276 170/352/276
f 167/351/277 168/344/277 171/349/277
o Cube.011
v 10.707215 1.813570 -7.829453
v 10.376869 1.772244 -8.060814
v 10.491344 1.574312 -7.936762
v 10.648599 1.745467 -8.047068
v 10.583588 1.934689 -7.994797
v 10.497927 1.900449 -7.780808
v 10.562354 1.665851 -7.735146
v 10.366936 1.929483 -7.875836
v 10.365024 1.726717 -7.843908
vn -0.8062 -0.5687 -0.1634
vn -0.0100 -0.5352 -0.8447
vn 0.7210 -0.6926 0.0226
vn 0.8514 0.3895 -0.3512
vn 0.0801 0.9788 0.1887
vn 0.4248 0.8519 0.3064
vn 0.3214 0.2652 0.9091
vn -0.4724 0.0416 0.8804
vn -0.4942 -0.7128 0.4977
vn -0.9985 0.0009 -0.0544
vn -0.5623 0.1338 0.8160
vn 0.7478 -0.6629 0.0376
vn 0.0768 0.2899 -0.9540
vn -0.3553 0.7027 -0.6164
vt 0.534218 0.539052
vt 0.807613 0.537738
vt 0.651467 0.712344
vt 0.812212 0.722590
vt 0.440472 0.699464
vt 0.505279 0.954605
vt 0.394685 0.910428
vt 0.529494 0.041599
vt 0.440272 0.169217
vt 0.407900 0.015209
vt 0.224689 0.500632
vt 0.298939 0.554231
vt 0.143822 0.628706
vt 0.350796 0.501919
vt 0.236030 0.724989
vt 0.358556 0.714558
vt 0.602122 0.296489
vt 0.527241 0.521298
vt 0.452229 0.375318
s 0
g Cube.011_Material
usemtl Material
f 184/354/278 177/355/278 178/356/278
f 178/356/279 177/355/279 179/357/279
f 182/358/280 179/359/280 176/360/280
f 179/361/281 180/362/281 176/363/281
f 183/364/282 181/365/282 180/366/282
f 180/366/283 181/367/283 176/368/283
f 181/367/284 182/369/284 176/368/284
f 181/367/285 184/354/285 182/358/285
f 184/354/286 178/356/286 182/358/286
f 177/370/287 184/371/287 183/372/287
f 183/372/288 184/354/288 181/367/288
f 178/356/289 179/359/289 182/358/289
f 179/361/290 177/370/290 180/362/290
f 177/370/291 183/372/291 180/362/291
o Cube.006
v 9.775265 1.749986 -9.410780
v 9.770389 1.882836 -9.269136
v 9.950714 1.763307 -9.243314
v 9.809097 1.864865 -9.405473
v 9.901423 1.863479 -9.301784
v 9.960619 1.790736 -9.391155
v 9.824202 1.689961 -9.351844
v 9.720907 1.795297 -9.260087
v 9.858923 1.759725 -9.186703
vn 0.1018 0.0160 -0.9947
vn 0.4355 0.8175 -0.3769
vn 0.5691 -0.8145 -0.1130
vn -0.8092 0.4144 -0.4165
vn -0.9124 0.2824 -0.2963
vn -0.4316 -0.7948 0.4265
vn -0.7406 -0.6687 -0.0661
vn -0.3839 0.3070 0.8708
vn 0.2718 0.6627 0.6978
vn 0.4024 0.6011 0.6905
vn 0.8493 0.5059 0.1508
vn 0.2123 -0.5910 -0.7782
vn 0.2416 -0.9111 0.3341
vn 0.1221 0.9879 -0.0955
vt 0.423616 0.817668
vt 0.438163 0.985880
vt 0.399025 0.926987
vt 0.584080 0.909473
vt 0.477709 0.045024
vt 0.607265 0.122218
vt 0.441545 0.286085
vt 0.565477 0.549583
vt 0.592013 0.712367
vt 0.289400 0.584684
vt 0.400831 0.754486
vt 0.615924 0.357557
vt 0.551199 0.540629
vt 0.429879 0.509305
vt 0.769145 0.562221
vt 0.604783 0.677624
vt 0.780055 0.741830
vt 0.860509 0.631959
vt 0.567506 0.015179
vt 0.377433 0.096481
s 0
g Cube.006_Material
usemtl Material
f 188/373/292 190/374/292 185/375/292
f 189/376/293 190/374/293 188/373/293
f 190/377/294 187/378/294 191/379/294
f 192/380/295 186/381/295 185/382/295
f 186/381/296 188/383/296 185/382/296
f 191/379/297 193/384/297 192/385/297
f 192/385/298 185/386/298 191/379/298
f 192/380/299 193/387/299 186/388/299
f 186/388/300 193/387/300 189/389/300
f 193/387/301 187/390/301 189/389/301
f 189/391/302 187/378/302 190/377/302
f 185/392/303 190/377/303 191/379/303
f 191/379/304 187/378/304 193/384/304
f 186/381/305 189/376/305 188/373/305
o Cube.007
v 11.669011 1.810884 -10.327110
v 11.754127 1.864834 -10.189855
v 11.677979 1.696263 -10.279786
v 11.805208 1.661376 -10.273216
v 11.780803 1.749251 -10.390020
v 11.768715 1.887298 -10.340438
v 11.827612 1.761244 -10.187333
v 11.692701 1.780167 -10.186086
v 11.852680 1.862613 -10.285695
vn 0.1795 0.9703 0.1621
vn -0.7770 0.5751 0.2558
vn 0.6248 0.4586 0.6319
vn -0.9865 -0.0096 0.1636
vn -0.5976 -0.3455 -0.7235
vn -0.2285 -0.7072 0.6691
vn 0.9734 -0.2289 0.0122
vn -0.6021 0.7961 0.0604
vn -0.3424 0.2909 -0.8934
vn 0.5816 0.3196 -0.7480
vn -0.1911 -0.8031 -0.5643
vn -0.0826 -0.6391 0.7647
vn 0.0141 0.0343 0.9993
vn 0.9008 -0.2351 -0.3651
vt 0.862532 0.586626
vt 0.666025 0.612825
vt 0.793538 0.524739
vt 0.799625 0.742317
vt 0.596159 0.725728
vt 0.676667 0.500000
vt 0.533198 0.702151
vt 0.502729 0.907748
vt 0.315429 0.689365
vt 0.215046 0.717794
vt 0.139986 0.551629
vt 0.365533 0.517965
vt 0.592775 0.342442
vt 0.523296 0.508923
vt 0.395346 0.376049
vt 0.510142 0.020803
vt 0.592582 0.143625
vt 0.414253 0.208459
s 0
g Cube.007_Material
usemtl Material
f 199/393/306 195/394/306 202/395/306
f 195/394/307 194/396/307 201/397/307
f 202/395/308 195/394/308 200/398/308
f 201/399/309 194/400/309 196/401/309
f 196/401/310 194/402/310 198/403/310
f 197/404/311 201/399/311 196/401/311
f 202/405/312 200/406/312 197/407/312
f 199/393/313 194/396/313 195/394/313
f 194/408/314 199/409/314 198/410/314
f 198/410/315 199/409/315 202/405/315
f 198/403/316 197/404/316 196/401/316
f 197/404/317 200/406/317 201/399/317
f 200/406/318 195/394/318 201/399/318
f 198/410/319 202/405/319 197/407/319
o Cube.008
v 12.424201 1.917128 -8.776097
v 12.495102 1.874171 -8.633434
v 12.516370 1.758770 -8.549109
v 12.464168 1.696139 -8.696750
v 12.327235 1.664087 -8.540002
v 12.282701 1.758473 -8.698288
v 12.334230 1.933220 -8.688983
v 12.464006 1.735494 -8.453029
v 12.345061 1.825506 -8.511879
vn 0.9484 -0.0536 -0.3126
vn 0.5907 -0.7965 0.1290
vn -0.2903 -0.8556 -0.4285
vn -0.6550 0.2315 -0.7193
vn 0.1364 0.8501 0.5087
vn 0.2580 0.7440 0.6164
vn -0.9526 0.0530 0.2996
vn -0.4983 -0.0951 0.8618
vn 0.7046 0.4987 0.5048
vn 0.8958 0.0024 -0.4445
vn 0.3824 -0.9121 0.1475
vn -0.1137 -0.3539 -0.9284
vn 0.2999 0.9443 0.1353
vn -0.9390 0.2653 0.2188
vt 0.551771 0.821043
vt 0.490236 0.981936
vt 0.443965 0.755163
vt 0.609545 0.740303
vt 0.579499 0.265268
vt 0.447677 0.232718
vt 0.490446 0.016300
vt 0.320967 0.499695
vt 0.242238 0.673984
vt 0.142687 0.564850
vt 0.543218 0.480597
vt 0.654480 0.663904
vt 0.651690 0.523626
vt 0.809399 0.589510
vt 0.375000 0.930496
vt 0.603518 0.001237
vt 0.583364 0.169025
vt 0.384386 0.054537
vt 0.382289 0.419599
s 0
g Cube.008_Material
usemtl Material
f 205/411/320 206/412/320 204/413/320
f 205/411/321 210/414/321 206/412/321
f 207/415/322 208/416/322 206/417/322
f 209/418/323 203/419/323 208/420/323
f 211/421/324 204/413/324 209/418/324
f 211/421/325 210/422/325 204/413/325
f 207/415/326 211/421/326 208/416/326
f 211/423/327 207/424/327 210/422/327
f 210/422/328 205/411/328 204/413/328
f 203/425/329 204/413/329 206/412/329
f 210/426/330 207/427/330 206/417/330
f 203/428/331 206/417/331 208/416/331
f 203/419/332 209/418/332 204/413/332
f 209/429/333 208/416/333 211/421/333
o Cube.009
v 12.066790 2.055382 -8.010385
v 12.275673 1.999790 -8.028434
v 11.886146 1.946958 -8.115603
v 11.837949 1.813314 -7.942753
v 12.361829 1.702347 -7.985808
v 12.377492 1.790865 -8.213988
v 12.108463 1.794286 -7.802347
v 12.084264 1.983514 -8.283727
v 12.267164 1.916610 -8.313755
v 12.029706 1.692887 -8.345776
v 11.886115 1.664463 -8.139624
v 11.890363 1.889177 -8.286672
v 12.212476 1.542285 -8.017901
v 12.030490 1.658371 -7.823412
v 12.186478 1.550824 -8.193289
v 11.972619 1.489427 -8.128087
vn 0.8073 0.5597 -0.1872
vn 0.2244 0.9337 -0.2789
vn -0.0783 0.2222 -0.9719
vn -0.7428 -0.3567 -0.5666
vn 0.2512 -0.9643 -0.0842
vn -0.7052 -0.6378 0.3097
vn 0.4471 -0.3819 0.8089
vn 0.4127 -0.3158 -0.8544
vn 0.4216 -0.4054 -0.8111
vn 0.7378 -0.6600 -0.1415
vn 0.9377 0.2974 0.1797
vn 0.6279 0.2856 0.7240
vn -0.9889 0.0127 -0.1479
vn -0.4505 0.1214 0.8845
vn -0.3549 0.5473 0.7580
vn -0.6254 0.6920 0.3606
vn 0.2315 0.6286 0.7425
vn -0.3824 0.8873 -0.2577
vn 0.3021 0.9265 -0.2243
vn -0.4136 0.8595 -0.3005
vn -0.0946 0.2248 -0.9698
vn -0.0328 -0.8714 0.4894
vn -0.8403 -0.3905 0.3761
vn 0.4266 -0.5431 0.7233
vn 0.0017 -0.7308 -0.6826
vn 0.7604 -0.6214 -0.1889
vn -0.7269 -0.3962 -0.5609
vt 0.875000 0.649805
vt 0.849233 0.683396
vt 0.832712 0.540342
vt 0.580473 0.024703
vt 0.534759 0.188184
vt 0.498710 0.020990
vt 0.437420 0.135101
vt 0.411456 0.342495
vt 0.213804 0.511922
vt 0.337875 0.601179
vt 0.185175 0.619999
vt 0.611440 0.548317
vt 0.438499 0.522151
vt 0.536413 0.434917
vt 0.517900 0.691047
vt 0.378975 0.759339
vt 0.724211 0.603714
vt 0.568883 0.768659
vt 0.609419 0.213408
vt 0.625000 0.382072
vt 0.588498 0.519208
vt 0.209844 0.718096
vt 0.479559 0.953620
vt 0.390901 0.953078
vt 0.565332 0.774863
vt 0.583031 0.973602
vt 0.389658 0.010551
vt 0.376620 0.114133
vt 0.125000 0.581137
vt 0.375000 0.421875
s 0
g Cube.009_Material
usemtl Material
f 220/430/334 213/431/334 217/432/334
f 213/433/335 220/434/335 212/435/335
f 219/436/336 220/434/336 221/437/336
f 221/438/337 222/439/337 223/440/337
f 224/441/338 227/442/338 226/443/338
f 225/444/339 215/445/339 222/439/339
f 216/446/340 218/447/340 225/444/340
f 217/448/341 221/437/341 220/434/341
f 217/448/342 226/443/342 221/437/342
f 226/443/343 216/449/343 224/450/343
f 216/446/344 217/432/344 213/431/344
f 216/446/345 213/431/345 218/447/345
f 214/451/346 223/440/346 222/439/346 215/445/346
f 215/445/347 225/444/347 218/447/347
f 218/447/348 212/452/348 215/445/348
f 212/452/349 214/453/349 215/445/349
f 218/454/350 213/455/350 212/452/350
f 212/435/351 219/436/351 214/456/351
f 219/436/352 212/435/352 220/434/352
f 214/456/353 219/436/353 223/457/353
f 221/438/354 223/440/354 219/458/354
f 227/442/355 224/441/355 225/444/355
f 227/442/356 225/444/356 222/439/356
f 224/441/357 216/446/357 225/444/357
f 221/437/358 226/443/358 227/442/358
f 217/448/359 216/449/359 226/443/359
f 222/459/360 221/437/360 227/442/360
o Cube.010
v 12.386515 1.650115 -8.698148
v 12.369634 1.793406 -8.742989
v 12.356789 1.952381 -8.649063
v 12.385105 1.678115 -8.545699
v 12.540570 1.611052 -8.724627
v 12.511748 1.931665 -8.681699
v 12.257229 1.883648 -8.547083
v 12.500471 1.835358 -8.488299
v 12.522400 1.598063 -8.581193
vn 0.9887 0.0712 0.1317
vn 0.9945 0.0579 0.0868
vn 0.2369 0.6826 0.6913
vn 0.0687 0.8914 0.4479
vn -0.1143 0.4985 -0.8593
vn -0.9935 -0.1134 0.0116
vn -0.2633 -0.9572 -0.1200
vn -0.4673 -0.8703 0.1555
vn 0.2637 0.1513 -0.9527
vn -0.8244 -0.5145 -0.2360
vn -0.7740 0.2746 -0.5706
vn 0.0298 -0.3620 0.9317
vn -0.2612 -0.1561 0.9526
vn -0.2379 -0.3155 -0.9186
vt 0.856741 0.527884
vt 0.792799 0.664448
vt 0.661337 0.518959
vt 0.570885 0.667835
vt 0.614877 0.834550
vt 0.495616 0.943630
vt 0.319826 0.718976
vt 0.602263 0.105449
vt 0.455701 0.107225
vt 0.553174 0.006579
vt 0.371255 0.573451
vt 0.135465 0.689951
vt 0.165587 0.530358
vt 0.553103 0.308270
vt 0.565029 0.471740
vt 0.392929 0.256090
vt 0.405598 0.560759
vt 0.171875 0.750000
s 0
g Cube.010_Material
usemtl Material
f 232/460/361 233/461/361 236/462/361
f 236/462/362 233/461/362 235/463/362
f 233/464/363 230/465/363 234/466/363
f 235/463/364 233/464/364 234/466/364
f 233/467/365 229/468/365 230/469/365
f 231/470/366 229/471/366 228/472/366
f 232/473/367 236/474/367 228/475/367
f 236/474/368 231/476/368 228/475/368
f 229/468/369 233/467/369 232/473/369
f 231/470/370 234/466/370 229/471/370
f 229/471/371 234/466/371 230/477/371
f 236/462/372 235/463/372 231/476/372
f 235/463/373 234/466/373 231/476/373
f 228/475/374 229/468/374 232/473/374
o Cube.011
v 11.947643 1.920316 -7.891170
v 11.668359 1.704366 -7.919240
v 11.755584 1.820422 -8.094055
v 11.742364 1.930485 -7.898556
v 11.808404 1.822772 -7.769449
v 11.952620 1.719144 -7.868941
v 11.956021 1.818015 -8.061213
v 11.848858 1.623508 -7.842208
v 11.831165 1.663261 -8.016164
vn -0.5224 -0.5669 -0.6370
vn -0.9151 0.3217 -0.2430
vn 0.0609 0.8566 -0.5124
vn 0.0153 0.7716 0.6359
vn 0.4357 -0.2294 0.8704
vn 0.6134 0.1017 0.7832
vn 0.9991 0.0283 0.0322
vn 0.6889 -0.6495 -0.3218
vn 0.1449 -0.3826 -0.9125
vn -0.3386 -0.9242 -0.1768
vn 0.6257 -0.7442 -0.2337
vn 0.0898 0.8705 -0.4840
vn -0.7908 0.2061 0.5764
vn -0.5027 -0.3847 0.7741
vt 0.534218 0.539052
vt 0.807613 0.537738
vt 0.651467 0.712344
vt 0.812212 0.722590
vt 0.440472 0.699464
vt 0.505279 0.954605
vt 0.394685 0.910428
vt 0.529494 0.041599
vt 0.440272 0.169217
vt 0.407900 0.015209
vt 0.224689 0.500632
vt 0.298939 0.554231
vt 0.143822 0.628706
vt 0.350796 0.501919
vt 0.236030 0.724989
vt 0.358556 0.714558
vt 0.602122 0.296489
vt 0.527241 0.521298
vt 0.452229 0.375318
s 0
g Cube.011_Material
usemtl Material
f 245/478/375 238/479/375 239/480/375
f 239/480/376 238/479/376 240/481/376
f 243/482/377 240/483/377 237/484/377
f 240/485/378 241/486/378 237/487/378
f 244/488/379 242/489/379 241/490/379
f 241/490/380 242/491/380 237/492/380
f 242/491/381 243/493/381 237/492/381
f 242/491/382 245/478/382 243/482/382
f 245/478/383 239/480/383 243/482/383
f 238/494/384 245/495/384 244/496/384
f 244/496/385 245/478/385 242/491/385
f 239/480/386 240/483/386 243/482/386
f 240/485/387 238/494/387 241/486/387
f 238/494/388 244/496/388 241/486/388
o Cube.006
v 11.987872 1.779965 -7.893415
v 11.858244 1.856558 -7.959454
v 11.845792 1.677286 -8.000825
v 11.897632 1.807579 -7.856163
v 11.823078 1.751332 -7.927485
v 11.872799 1.667944 -7.876530
v 11.984931 1.724113 -7.953884
v 11.933227 1.853694 -8.000335
v 11.870210 1.746669 -8.054956
vn 0.3235 -0.1927 0.9264
vn -0.6990 0.0200 0.7148
vn 0.3598 -0.9213 -0.1474
vn 0.2758 0.8514 0.4462
vn 0.3827 0.8827 0.2727
vn 0.6604 -0.0056 -0.7509
vn 0.9204 0.2638 -0.2885
vn -0.3705 0.5860 -0.7207
vn -0.9164 0.2011 -0.3462
vn -0.9357 0.0577 -0.3481
vn -0.8878 -0.4313 0.1605
vn 0.6390 -0.5803 0.5049
vn 0.4302 -0.6445 -0.6321
vn -0.7729 0.4064 0.4874
vt 0.423616 0.817668
vt 0.438163 0.985880
vt 0.399025 0.926987
vt 0.584080 0.909473
vt 0.477709 0.045024
vt 0.607265 0.122218
vt 0.441545 0.286085
vt 0.565477 0.549583
vt 0.592013 0.712367
vt 0.289400 0.584684
vt 0.400831 0.754486
vt 0.615924 0.357557
vt 0.551199 0.540629
vt 0.429879 0.509305
vt 0.769145 0.562221
vt 0.604783 0.677624
vt 0.780055 0.741830
vt 0.860509 0.631959
vt 0.567506 0.015179
vt 0.377433 0.096481
s 0
g Cube.006_Material
usemtl Material
f 249/497/389 251/498/389 246/499/389
f 250/500/390 251/498/390 249/497/390
f 251/501/391 248/502/391 252/503/391
f 253/504/392 247/505/392 246/506/392
f 247/505/393 249/507/393 246/506/393
f 252/503/394 254/508/394 253/509/394
f 253/509/395 246/510/395 252/503/395
f 253/504/396 254/511/396 247/512/396
f 247/512/397 254/511/397 250/513/397
f 254/511/398 248/514/398 250/513/398
f 250/515/399 248/502/399 251/501/399
f 246/516/400 251/501/400 252/503/400
f 252/503/401 248/502/401 254/508/401
f 247/505/402 250/500/402 249/497/402
o Cube.007
v 9.739828 1.766663 -8.706299
v 9.888534 1.738301 -8.643453
v 9.759697 1.673933 -8.779307
v 9.858200 1.700357 -8.855244
v 9.784621 1.818725 -8.824836
v 9.818878 1.858121 -8.693129
v 9.934976 1.707528 -8.752308
v 9.832977 1.663822 -8.682418
v 9.911683 1.840680 -8.724069
vn 0.3563 0.5270 0.7716
vn -0.4103 -0.1633 0.8972
vn 0.9249 0.0831 0.3711
vn -0.7036 -0.5265 0.4772
vn -0.9420 0.0583 -0.3304
vn 0.1157 -0.9751 -0.1892
vn 0.7655 0.2588 -0.5890
vn -0.3549 0.1745 0.9185
vn -0.7567 0.6538 0.0012
vn 0.0771 0.9495 -0.3041
vn -0.5773 -0.1528 -0.8021
vn 0.2969 -0.9421 -0.1558
vn 0.5920 -0.6733 0.4429
vn 0.4885 0.4892 -0.7225
vt 0.862532 0.586626
vt 0.666025 0.612825
vt 0.793538 0.524739
vt 0.799625 0.742317
vt 0.596159 0.725728
vt 0.676667 0.500000
vt 0.533198 0.702151
vt 0.502729 0.907748
vt 0.315429 0.689365
vt 0.215046 0.717794
vt 0.139986 0.551629
vt 0.365533 0.517965
vt 0.592775 0.342442
vt 0.523296 0.508923
vt 0.395346 0.376049
vt 0.510142 0.020803
vt 0.592582 0.143625
vt 0.414253 0.208459
s 0
g Cube.007_Material
usemtl Material
f 260/517/403 256/518/403 263/519/403
f 256/518/404 255/520/404 262/521/404
f 263/519/405 256/518/405 261/522/405
f 262/523/406 255/524/406 257/525/406
f 257/525/407 255/526/407 259/527/407
f 258/528/408 262/523/408 257/525/408
f 263/529/409 261/530/409 258/531/409
f 260/517/410 255/520/410 256/518/410
f 255/532/411 260/533/411 259/534/411
f 259/534/412 260/533/412 263/529/412
f 259/527/413 258/528/413 257/525/413
f 258/528/414 261/530/414 262/523/414
f 261/530/415 256/518/415 262/523/415
f 259/534/416 263/529/416 258/531/416
o Cube.008
v 11.862219 1.636444 -10.132399
v 11.867319 1.770678 -10.152714
v 11.910130 1.850842 -10.229507
v 11.919645 1.729012 -10.295476
v 12.073965 1.799448 -10.259554
v 12.030977 1.658337 -10.208462
v 11.948402 1.667654 -10.083338
v 11.983258 1.905465 -10.217127
v 12.024850 1.811991 -10.133669
vn -0.9178 0.1312 -0.3747
vn -0.1931 0.4555 -0.8690
vn 0.3817 -0.4153 -0.8257
vn 0.2210 -0.9509 0.2167
vn -0.2171 0.4219 0.8803
vn -0.2464 0.5822 0.7748
vn 0.9169 -0.1446 0.3721
vn 0.7829 0.5703 0.2486
vn -0.5908 0.6999 0.4013
vn -0.9403 -0.0157 -0.3400
vn 0.0331 0.3956 -0.9178
vn -0.1264 -0.8429 -0.5230
vn -0.5289 0.1466 0.8359
vn 0.8032 -0.2345 0.5476
vt 0.551771 0.821043
vt 0.490236 0.981936
vt 0.443965 0.755163
vt 0.609545 0.740303
vt 0.579499 0.265268
vt 0.447677 0.232718
vt 0.490446 0.016300
vt 0.320967 0.499695
vt 0.242238 0.673984
vt 0.142687 0.564850
vt 0.543218 0.480597
vt 0.654480 0.663904
vt 0.651690 0.523626
vt 0.809399 0.589510
vt 0.375000 0.930496
vt 0.603518 0.001237
vt 0.583364 0.169025
vt 0.384386 0.054537
vt 0.382289 0.419599
s 0
g Cube.008_Material
usemtl Material
f 266/535/417 267/536/417 265/537/417
f 266/535/418 271/538/418 267/536/418
f 268/539/419 269/540/419 267/541/419
f 270/542/420 264/543/420 269/544/420
f 272/545/421 265/537/421 270/542/421
f 272/545/422 271/546/422 265/537/422
f 268/539/423 272/545/423 269/540/423
f 272/547/424 268/548/424 271/546/424
f 271/546/425 266/535/425 265/537/425
f 264/549/426 265/537/426 267/536/426
f 271/550/427 268/551/427 267/541/427
f 264/552/428 267/541/428 269/540/428
f 264/543/429 270/542/429 265/537/429
f 270/553/430 269/540/430 272/545/430
o Cube.009
v 10.698454 1.737075 -7.503601
v 10.821280 1.562975 -7.551462
v 10.697721 1.942587 -7.621823
v 10.523832 1.890049 -7.755026
v 10.829826 1.453522 -7.846395
v 11.035242 1.560560 -7.760895
v 10.540661 1.583123 -7.760747
v 10.944706 1.858617 -7.580167
v 11.064671 1.712651 -7.640666
v 10.971944 1.924868 -7.875800
v 10.719861 1.942520 -7.906395
v 10.848457 2.023911 -7.682887
v 10.781958 1.592266 -8.013965
v 10.519653 1.655468 -7.900964
v 10.920660 1.704873 -8.009617
v 10.754962 1.854034 -8.078764
vn 0.5690 -0.5749 0.5880
vn 0.3499 -0.0107 0.9367
vn 0.7960 0.5708 0.2013
vn 0.1119 0.9113 -0.3962
vn 0.2047 -0.2153 -0.9549
vn -0.6222 0.4215 -0.6597
vn -0.4674 -0.8122 -0.3490
vn 0.9470 0.0654 -0.3145
vn 0.9147 0.0318 -0.4029
vn 0.5000 -0.5915 -0.6326
vn 0.3206 -0.8850 0.3377
vn -0.3056 -0.8955 0.3235
vn -0.3755 0.9264 -0.0294
vn -0.9912 -0.0566 0.1193
vn -0.8357 -0.0560 0.5463
vn -0.6317 0.3848 0.6729
vn -0.5247 -0.5490 0.6506
vn 0.0234 0.4986 0.8665
vn 0.3424 -0.1056 0.9336
vn 0.0445 0.5459 0.8367
vn 0.7859 0.5840 0.2033
vn -0.4341 -0.2584 -0.8630
vn -0.7493 0.5147 -0.4168
vn -0.4034 -0.7581 -0.5124
vn 0.5921 0.3136 -0.7424
vn 0.5521 -0.5852 -0.5939
vn 0.1153 0.8930 -0.4350
vt 0.875000 0.649805
vt 0.849233 0.683396
vt 0.832712 0.540342
vt 0.580473 0.024703
vt 0.534759 0.188184
vt 0.498710 0.020990
vt 0.437420 0.135101
vt 0.411456 0.342495
vt 0.213804 0.511922
vt 0.337875 0.601179
vt 0.185175 0.619999
vt 0.611440 0.548317
vt 0.438499 0.522151
vt 0.536413 0.434917
vt 0.517900 0.691047
vt 0.378975 0.759339
vt 0.724211 0.603714
vt 0.568883 0.768659
vt 0.609419 0.213408
vt 0.625000 0.382072
vt 0.588498 0.519208
vt 0.209844 0.718096
vt 0.479559 0.953620
vt 0.390901 0.953078
vt 0.565332 0.774863
vt 0.583031 0.973602
vt 0.389658 0.010551
vt 0.376620 0.114133
vt 0.125000 0.581137
vt 0.375000 0.421875
s 0
g Cube.009_Material
usemtl Material
f 281/554/431 274/555/431 278/556/431
f 274/557/432 281/558/432 273/559/432
f 280/560/433 281/558/433 282/561/433
f 282/562/434 283/563/434 284/564/434
f 285/565/435 288/566/435 287/567/435
f 286/568/436 276/569/436 283/563/436
f 277/570/437 279/571/437 286/568/437
f 278/572/438 282/561/438 281/558/438
f 278/572/439 287/567/439 282/561/439
f 287/567/440 277/573/440 285/574/440
f 277/570/441 278/556/441 274/555/441
f 277/570/442 274/555/442 279/571/442
f 275/575/443 284/564/443 283/563/443 276/569/443
f 276/569/444 286/568/444 279/571/444
f 279/571/445 273/576/445 276/569/445
f 273/576/446 275/577/446 276/569/446
f 279/578/447 274/579/447 273/576/447
f 273/559/448 280/560/448 275/580/448
f 280/560/449 273/559/449 281/558/449
f 275/580/450 280/560/450 284/581/450
f 282/562/451 284/564/451 280/582/451
f 288/566/452 285/565/452 286/568/452
f 288/566/453 286/568/453 283/563/453
f 285/565/454 277/570/454 286/568/454
f 282/561/455 287/567/455 288/566/455
f 278/572/456 277/573/456 287/567/456
f 283/583/457 282/561/457 288/566/457
o Cube.010
v 12.510914 1.835381 -8.745097
v 12.395941 1.851907 -8.858918
v 12.393900 1.811310 -9.053956
v 12.630507 1.777219 -8.845847
v 12.469272 1.695085 -8.652044
v 12.336373 1.670206 -8.974390
v 12.548129 1.881791 -9.069828
v 12.563880 1.621565 -8.984463
v 12.608040 1.661936 -8.715742
vn -0.1669 -0.9754 0.1441
vn -0.1982 -0.9640 0.1774
vn 0.1581 -0.5331 -0.8311
vn -0.1092 -0.3158 -0.9425
vn -0.9360 0.3465 -0.0623
vn 0.3076 0.9353 -0.1749
vn 0.4595 0.3922 0.7969
vn 0.6901 0.4784 0.5430
vn -0.9243 0.0640 0.3762
vn 0.2706 0.9066 0.3237
vn -0.4241 0.8875 -0.1803
vn 0.9453 -0.3074 -0.1092
vn 0.9262 -0.0658 -0.3713
vn -0.5343 0.5716 0.6227
vt 0.856741 0.527884
vt 0.792799 0.664448
vt 0.661337 0.518959
vt 0.570885 0.667835
vt 0.614877 0.834550
vt 0.495616 0.943630
vt 0.319826 0.718976
vt 0.602263 0.105449
vt 0.455701 0.107225
vt 0.553174 0.006579
vt 0.371255 0.573451
vt 0.135465 0.689951
vt 0.165587 0.530358
vt 0.553103 0.308270
vt 0.565029 0.471740
vt 0.392929 0.256090
vt 0.405598 0.560759
vt 0.171875 0.750000
s 0
g Cube.010_Material
usemtl Material
f 293/584/458 294/585/458 297/586/458
f 297/586/459 294/585/459 296/587/459
f 294/588/460 291/589/460 295/590/460
f 296/587/461 294/588/461 295/590/461
f 294/591/462 290/592/462 291/593/462
f 292/594/463 290/595/463 289/596/463
f 293/597/464 297/598/464 289/599/464
f 297/598/465 292/600/465 289/599/465
f 290/592/466 294/591/466 293/597/466
f 292/594/467 295/590/467 290/595/467
f 290/595/468 295/590/468 291/601/468
f 297/586/469 296/587/469 292/600/469
f 296/587/470 295/590/470 292/600/470
f 289/599/471 290/592/471 293/597/471
o Cube.011
v 9.678383 1.731030 -8.725387
v 9.894102 1.784205 -8.998538
v 9.889491 1.916367 -8.815362
v 9.691346 1.847900 -8.892667
v 9.701849 1.671209 -8.923084
v 9.830157 1.610163 -8.778975
v 9.856364 1.788829 -8.662324
v 9.902150 1.596947 -8.901578
v 9.968263 1.743869 -8.825249
vn 0.8683 0.4123 -0.2756
vn -0.0513 0.8093 -0.5852
vn -0.4223 0.7581 0.4969
vn -0.9936 -0.0409 -0.1056
vn -0.3368 -0.9366 -0.0968
vn -0.5753 -0.7993 0.1736
vn -0.1254 -0.5294 0.8390
vn 0.6574 -0.4772 0.5832
vn 0.8153 0.3457 0.4646
vn 0.8884 -0.1804 -0.4222
vn 0.6912 -0.5528 0.4655
vn -0.4520 0.7309 0.5113
vn -0.4269 0.1287 -0.8951
vn -0.0760 -0.4611 -0.8841
vt 0.534218 0.539052
vt 0.807613 0.537738
vt 0.651467 0.712344
vt 0.812212 0.722590
vt 0.440472 0.699464
vt 0.505279 0.954605
vt 0.394685 0.910428
vt 0.529494 0.041599
vt 0.440272 0.169217
vt 0.407900 0.015209
vt 0.224689 0.500632
vt 0.298939 0.554231
vt 0.143822 0.628706
vt 0.350796 0.501919
vt 0.236030 0.724989
vt 0.358556 0.714558
vt 0.602122 0.296489
vt 0.527241 0.521298
vt 0.452229 0.375318
s 0
g Cube.011_Material
usemtl Material
f 306/602/472 299/603/472 300/604/472
f 300/604/473 299/603/473 301/605/473
f 304/606/474 301/607/474 298/608/474
f 301/609/475 302/610/475 298/611/475
f 305/612/476 303/613/476 302/614/476
f 302/614/477 303/615/477 298/616/477
f 303/615/478 304/617/478 298/616/478
f 303/615/479 306/602/479 304/606/479
f 306/602/480 300/604/480 304/606/480
f 299/618/481 306/619/481 305/620/481
f 305/620/482 306/602/482 303/615/482
f 300/604/483 301/607/483 304/606/483
f 301/609/484 299/618/484 302/610/484
f 299/618/485 305/620/485 302/610/485
o Cube.006
v 11.299437 1.630497 -10.428399
v 11.332671 1.781017 -10.518472
v 11.421904 1.794752 -10.339737
v 11.375138 1.657661 -10.503694
v 11.433779 1.756622 -10.448461
v 11.462468 1.667192 -10.375280
v 11.304471 1.676090 -10.351615
v 11.254179 1.770581 -10.470098
v 11.338949 1.839183 -10.371026
vn 0.2487 -0.9636 -0.0976
vn 0.8193 -0.1820 -0.5437
vn 0.1318 -0.2270 0.9649
vn -0.4467 -0.3847 -0.8078
vn -0.6166 -0.2995 -0.7280
vn -0.8129 0.2353 0.5327
vn -0.9473 -0.2444 0.2072
vn -0.3242 0.8846 -0.3352
vn 0.4395 0.8291 -0.3458
vn 0.5255 0.8192 -0.2299
vn 0.9528 0.3037 -0.0024
vn 0.0278 -0.8603 0.5090
vn -0.2671 0.1694 0.9487
vn 0.5831 0.1042 -0.8057
vt 0.423616 0.817668
vt 0.438163 0.985880
vt 0.399025 0.926987
vt 0.584080 0.909473
vt 0.477709 0.045024
vt 0.607265 0.122218
vt 0.441545 0.286085
vt 0.565477 0.549583
vt 0.592013 0.712367
vt 0.289400 0.584684
vt 0.400831 0.754486
vt 0.615924 0.357557
vt 0.551199 0.540629
vt 0.429879 0.509305
vt 0.769145 0.562221
vt 0.604783 0.677624
vt 0.780055 0.741830
vt 0.860509 0.631959
vt 0.567506 0.015179
vt 0.377433 0.096481
s 0
g Cube.006_Material
usemtl Material
f 310/621/486 312/622/486 307/623/486
f 311/624/487 312/622/487 310/621/487
f 312/625/488 309/626/488 313/627/488
f 314/628/489 308/629/489 307/630/489
f 308/629/490 310/631/490 307/630/490
f 313/627/491 315/632/491 314/633/491
f 314/633/492 307/634/492 313/627/492
f 314/628/493 315/635/493 308/636/493
f 308/636/494 315/635/494 311/637/494
f 315/635/495 309/638/495 311/637/495
f 311/639/496 309/626/496 312/625/496
f 307/640/497 312/625/497 313/627/497
f 313/627/498 309/626/498 315/632/498
f 308/629/499 311/624/499 310/621/499
o Cube.007
v 12.467481 1.664544 -9.329186
v 12.528122 1.841688 -9.312092
v 12.380919 1.691631 -9.226136
v 12.457170 1.721670 -9.105493
v 12.535642 1.611710 -9.197824
v 12.604191 1.691229 -9.321870
v 12.515524 1.839487 -9.172411
v 12.419641 1.812359 -9.285100
v 12.636981 1.763875 -9.240389
vn 0.6838 0.3859 -0.6193
vn -0.2847 0.1882 -0.9399
vn 0.5526 0.8311 0.0629
vn -0.7721 -0.0613 -0.6325
vn -0.4357 -0.8903 -0.1320
vn -0.8013 0.4497 0.3945
vn 0.5631 0.1793 0.8067
vn 0.0370 0.0834 -0.9958
vn 0.1942 -0.8711 -0.4511
vn 0.8416 -0.5245 0.1289
vn -0.4702 -0.7397 0.4814
vn -0.6811 0.5864 0.4384
vn -0.2630 0.9648 -0.0085
vn 0.6176 -0.1984 0.7611
vt 0.862532 0.586626
vt 0.666025 0.612825
vt 0.793538 0.524739
vt 0.799625 0.742317
vt 0.596159 0.725728
vt 0.676667 0.500000
vt 0.533198 0.702151
vt 0.502729 0.907748
vt 0.315429 0.689365
vt 0.215046 0.717794
vt 0.139986 0.551629
vt 0.365533 0.517965
vt 0.592775 0.342442
vt 0.523296 0.508923
vt 0.395346 0.376049
vt 0.510142 0.020803
vt 0.592582 0.143625
vt 0.414253 0.208459
s 0
g Cube.007_Material
usemtl Material
f 321/641/500 317/642/500 324/643/500
f 317/642/501 316/644/501 323/645/501
f 324/643/502 317/642/502 322/646/502
f 323/647/503 316/648/503 318/649/503
f 318/649/504 316/650/504 320/651/504
f 319/652/505 323/647/505 318/649/505
f 324/653/506 322/654/506 319/655/506
f 321/641/507 316/644/507 317/642/507
f 316/656/508 321/657/508 320/658/508
f 320/658/509 321/657/509 324/653/509
f 320/651/510 319/652/510 318/649/510
f 319/652/511 322/654/511 323/647/511
f 322/654/512 317/642/512 323/647/512
f 320/658/513 324/653/513 319/655/513
o Cube.008
v 10.090672 1.731409 -8.018563
v 10.143772 1.646280 -8.121137
v 10.214594 1.651095 -8.224824
v 10.235541 1.780137 -8.158341
v 10.148879 1.795002 -8.318980
v 10.084334 1.848212 -8.176904
v 10.013934 1.730570 -8.097093
v 10.183601 1.644962 -8.316835
v 10.062664 1.693086 -8.266805
vn 0.7698 -0.3866 0.5079
vn 0.9474 0.0110 -0.3199
vn 0.4209 0.8956 -0.1442
vn -0.5347 0.6697 0.5154
vn -0.5403 -0.8409 0.0306
vn -0.3951 -0.9156 -0.0742
vn -0.7707 0.3967 -0.4987
vn -0.4168 -0.1094 -0.9024
vn 0.1102 -0.9935 0.0291
vn 0.7119 -0.3133 0.6286
vn 0.8706 0.1950 -0.4516
vn 0.2811 0.7776 0.5624
vn -0.4334 -0.7909 0.4320
vn -0.8922 0.3132 -0.3254
vt 0.551771 0.821043
vt 0.490236 0.981936
vt 0.443965 0.755163
vt 0.609545 0.740303
vt 0.579499 0.265268
vt 0.447677 0.232718
vt 0.490446 0.016300
vt 0.320967 0.499695
vt 0.242238 0.673984
vt 0.142687 0.564850
vt 0.543218 0.480597
vt 0.654480 0.663904
vt 0.651690 0.523626
vt 0.809399 0.589510
vt 0.375000 0.930496
vt 0.603518 0.001237
vt 0.583364 0.169025
vt 0.384386 0.054537
vt 0.382289 0.419599
s 0
g Cube.008_Material
usemtl Material
f 327/659/514 328/660/514 326/661/514
f 327/659/515 332/662/515 328/660/515
f 329/663/516 330/664/516 328/665/516
f 331/666/517 325/667/517 330/668/517
f 333/669/518 326/661/518 331/666/518
f 333/669/519 332/670/519 326/661/519
f 329/663/520 333/669/520 330/664/520
f 333/671/521 329/672/521 332/670/521
f 332/670/522 327/659/522 326/661/522
f 325/673/523 326/661/523 328/660/523
f 332/674/524 329/675/524 328/665/524
f 325/676/525 328/665/525 330/664/525
f 325/667/526 331/666/526 326/661/526
f 331/677/527 330/664/527 333/669/527
o Cube.009
v 10.053705 1.519889 -10.012768
v 10.229234 1.544801 -9.960076
v 9.893447 1.611180 -9.933358
v 9.887918 1.752629 -10.061262
v 10.326676 1.791672 -9.935519
v 10.299431 1.682668 -9.759149
v 10.136804 1.764842 -10.136814
v 10.031280 1.537969 -9.773037
v 10.183967 1.572901 -9.712218
v 9.994637 1.776389 -9.682552
v 9.907694 1.843506 -9.868062
v 9.874604 1.633790 -9.782192
v 10.207003 1.934049 -9.903873
v 10.076992 1.882248 -10.108308
v 10.158016 1.903374 -9.763985
v 9.992927 1.983552 -9.837479
vn 0.7169 -0.6659 0.2064
vn 0.1009 -0.9863 0.1302
vn -0.2668 -0.3775 0.8867
vn -0.8034 0.3298 0.4958
vn 0.3032 0.9031 0.3042
vn -0.5891 0.7527 -0.2938
vn 0.6115 0.4667 -0.6390
vn 0.2759 0.1176 0.9540
vn 0.2990 0.2120 0.9304
vn 0.7477 0.5438 0.3811
vn 0.9299 -0.3593 -0.0784
vn 0.7240 -0.2208 -0.6535
vn -0.9976 0.0666 -0.0192
vn -0.2932 0.0819 -0.9525
vn -0.2536 -0.3671 -0.8949
vn -0.6007 -0.5490 -0.5812
vn 0.3128 -0.5114 -0.8004
vn -0.4873 -0.8730 0.0203
vn 0.1874 -0.9780 0.0913
vn -0.5234 -0.8499 0.0619
vn -0.2827 -0.3780 0.8816
vn 0.1200 0.9415 -0.3149
vn -0.7282 0.5364 -0.4267
vn 0.5880 0.6119 -0.5290
vn -0.0658 0.5973 0.7994
vn 0.7586 0.4953 0.4233
vn -0.7838 0.3677 0.5004
vt 0.875000 0.649805
vt 0.849233 0.683396
vt 0.832712 0.540342
vt 0.580473 0.024703
vt 0.534759 0.188184
vt 0.498710 0.020990
vt 0.437420 0.135101
vt 0.411456 0.342495
vt 0.213804 0.511922
vt 0.337875 0.601179
vt 0.185175 0.619999
vt 0.611440 0.548317
vt 0.438499 0.522151
vt 0.536413 0.434917
vt 0.517900 0.691047
vt 0.378975 0.759339
vt 0.724211 0.603714
vt 0.568883 0.768659
vt 0.609419 0.213408
vt 0.625000 0.382072
vt 0.588498 0.519208
vt 0.209844 0.718096
vt 0.479559 0.953620
vt 0.390901 0.953078
vt 0.565332 0.774863
vt 0.583031 0.973602
vt 0.389658 0.010551
vt 0.376620 0.114133
vt 0.125000 0.581137
vt 0.375000 0.421875
s 0
g Cube.009_Material
usemtl Material
f 342/678/528 335/679/528 339/680/528
f 335/681/529 342/682/529 334/683/529
f 341/684/530 342/682/530 343/685/530
f 343/686/531 344/687/531 345/688/531
f 346/689/532 349/690/532 348/691/532
f 347/692/533 337/693/533 344/687/533
f 338/694/534 340/695/534 347/692/534
f 339/696/535 343/685/535 342/682/535
f 339/696/536 348/691/536 343/685/536
f 348/691/537 338/697/537 346/698/537
f 338/694/538 339/680/538 335/679/538
f 338/694/539 335/679/539 340/695/539
f 336/699/540 345/688/540 344/687/540 337/693/540
f 337/693/541 347/692/541 340/695/541
f 340/695/542 334/700/542 337/693/542
f 334/700/543 336/701/543 337/693/543
f 340/702/544 335/703/544 334/700/544
f 334/683/545 341/684/545 336/704/545
f 341/684/546 334/683/546 342/682/546
f 336/704/547 341/684/547 345/705/547
f 343/686/548 345/688/548 341/706/548
f 349/690/549 346/689/549 347/692/549
f 349/690/550 347/692/550 344/687/550
f 346/689/551 338/694/551 347/692/551
f 343/685/552 348/691/552 349/690/552
f 339/696/553 338/697/553 348/691/553
f 344/707/554 343/685/554 349/690/554
o Cube.010
v 11.079317 1.787370 -10.450239
v 10.951814 1.815033 -10.469831
v 10.820203 1.721455 -10.476524
v 11.065537 1.653019 -10.441293
v 11.108694 1.823547 -10.317490
v 10.833170 1.761743 -10.343643
v 10.888884 1.631059 -10.555274
v 10.930587 1.599952 -10.338894
v 11.130264 1.698771 -10.323237
vn -0.0810 -0.0598 0.9949
vn -0.0714 -0.0137 0.9974
vn -0.6304 -0.7237 0.2809
vn -0.8543 -0.5117 0.0911
vn -0.5626 0.8048 -0.1891
vn 0.1345 -0.0796 -0.9877
vn 0.9499 0.1761 -0.2582
vn 0.8894 -0.1206 -0.4409
vn -0.2318 0.9549 0.1853
vn 0.5111 0.2120 -0.8330
vn -0.3029 0.4847 -0.8206
vn 0.4341 -0.8943 0.1086
vn 0.2366 -0.9543 -0.1828
vn 0.2465 0.9198 -0.3052
vt 0.856741 0.527884
vt 0.792799 0.664448
vt 0.661337 0.518959
vt 0.570885 0.667835
vt 0.614877 0.834550
vt 0.495616 0.943630
vt 0.319826 0.718976
vt 0.602263 0.105449
vt 0.455701 0.107225
vt 0.553174 0.006579
vt 0.371255 0.573451
vt 0.135465 0.689951
vt 0.165587 0.530358
vt 0.553103 0.308270
vt 0.565029 0.471740
vt 0.392929 0.256090
vt 0.405598 0.560759
vt 0.171875 0.750000
s 0
g Cube.010_Material
usemtl Material
f 354/708/555 355/709/555 358/710/555
f 358/710/556 355/709/556 357/711/556
f 355/712/557 352/713/557 356/714/557
f 357/711/558 355/712/558 356/714/558
f 355/715/559 351/716/559 352/717/559
f 353/718/560 351/719/560 350/720/560
f 354/721/561 358/722/561 350/723/561
f 358/722/562 353/724/562 350/723/562
f 351/716/563 355/715/563 354/721/563
f 353/718/564 356/714/564 351/719/564
f 351/719/565 356/714/565 352/725/565
f 358/710/566 357/711/566 353/724/566
f 357/711/567 356/714/567 353/724/567
f 350/723/568 351/716/568 354/721/568
o Cube.011
v 11.804987 1.568498 -10.224524
v 11.490711 1.735312 -10.481414
v 11.502604 1.776525 -10.203114
v 11.564133 1.519942 -10.292199
v 11.707776 1.538755 -10.462843
v 11.839382 1.744538 -10.399928
v 11.748488 1.797262 -10.153448
v 11.740601 1.792932 -10.539835
v 11.639060 1.883536 -10.364184
vn -0.6721 0.7361 -0.0803
vn -0.9628 -0.2584 0.0794
vn -0.1919 -0.3341 0.9228
vn 0.1846 -0.9817 0.0472
vn 0.7352 -0.2817 -0.6165
vn 0.8443 -0.4519 -0.2880
vn 0.9388 0.1331 0.3177
vn 0.5741 0.8180 0.0367
vn -0.1642 0.8801 0.4456
vn -0.3089 0.7607 -0.5709
vn 0.5541 0.8257 -0.1056
vn -0.1559 -0.3571 0.9209
vn -0.5440 -0.6508 -0.5297
vn -0.1606 -0.2671 -0.9502
vt 0.534218 0.539052
vt 0.807613 0.537738
vt 0.651467 0.712344
vt 0.812212 0.722590
vt 0.440472 0.699464
vt 0.505279 0.954605
vt 0.394685 0.910428
vt 0.529494 0.041599
vt 0.440272 0.169217
vt 0.407900 0.015209
vt 0.224689 0.500632
vt 0.298939 0.554231
vt 0.143822 0.628706
vt 0.350796 0.501919
vt 0.236030 0.724989
vt 0.358556 0.714558
vt 0.602122 0.296489
vt 0.527241 0.521298
vt 0.452229 0.375318
s 0
g Cube.011_Material
usemtl Material
f 367/726/569 360/727/569 361/728/569
f 361/728/570 360/727/570 362/729/570
f 365/730/571 362/731/571 359/732/571
f 362/733/572 363/734/572 359/735/572
f 366/736/573 364/737/573 363/738/573
f 363/738/574 364/739/574 359/740/574
f 364/739/575 365/741/575 359/740/575
f 364/739/576 367/726/576 365/730/576
f 367/726/577 361/728/577 365/730/577
f 360/742/578 367/743/578 366/744/578
f 366/744/579 367/726/579 364/739/579
f 361/728/580 362/731/580 365/730/580
f 362/733/581 360/742/581 363/734/581
f 360/742/582 366/744/582 363/734/582
o Cube.006
v 12.212442 1.711280 -9.884687
v 12.246229 1.766420 -10.034580
v 12.086669 1.676896 -10.041753
v 12.197832 1.800064 -9.929991
v 12.132359 1.770355 -10.021887
v 12.065905 1.747540 -9.938725
v 12.171561 1.648561 -9.917610
v 12.278330 1.692979 -10.006743
v 12.168097 1.649775 -10.071021
vn -0.2231 0.4137 0.8827
vn -0.3674 0.9293 -0.0387
vn -0.6816 -0.6603 0.3154
vn 0.7981 0.4846 0.3581
vn 0.8972 0.3088 0.3158
vn 0.3728 -0.9278 -0.0158
vn 0.6313 -0.6408 0.4369
vn 0.5277 -0.0895 -0.8447
vn -0.0916 0.3524 -0.9314
vn -0.2292 0.3083 -0.9233
vn -0.7491 0.4662 -0.4707
vn -0.3849 -0.2197 0.8964
vn -0.3161 -0.9487 -0.0004
vn -0.0013 0.9518 -0.3068
vt 0.423616 0.817668
vt 0.438163 0.985880
vt 0.399025 0.926987
vt 0.584080 0.909473
vt 0.477709 0.045024
vt 0.607265 0.122218
vt 0.441545 0.286085
vt 0.565477 0.549583
vt 0.592013 0.712367
vt 0.289400 0.584684
vt 0.400831 0.754486
vt 0.615924 0.357557
vt 0.551199 0.540629
vt 0.429879 0.509305
vt 0.769145 0.562221
vt 0.604783 0.677624
vt 0.780055 0.741830
vt 0.860509 0.631959
vt 0.567506 0.015179
vt 0.377433 0.096481
s 0
g Cube.006_Material
usemtl Material
f 371/745/583 373/746/583 368/747/583
f 372/748/584 373/746/584 371/745/584
f 373/749/585 370/750/585 374/751/585
f 375/752/586 369/753/586 368/754/586
f 369/753/587 371/755/587 368/754/587
f 374/751/588 376/756/588 375/757/588
f 375/757/589 368/758/589 374/751/589
f 375/752/590 376/759/590 369/760/590
f 369/760/591 376/759/591 372/761/591
f 376/759/592 370/762/592 372/761/592
f 372/763/593 370/750/593 373/749/593
f 368/764/594 373/749/594 374/751/594
f 374/751/595 370/750/595 376/756/595
f 369/753/596 372/748/596 371/745/596
o Cube.007
v 11.494532 1.783460 -7.834418
v 11.544243 1.603602 -7.800448
v 11.533704 1.811398 -7.704556
v 11.447865 1.737463 -7.610681
v 11.363244 1.780810 -7.745616
v 11.406260 1.678659 -7.866409
v 11.498046 1.609092 -7.666815
v 11.596910 1.692398 -7.746277
v 11.391909 1.597982 -7.785746
vn -0.0426 -0.7026 -0.7103
vn 0.6758 0.0479 -0.7355
vn 0.0422 -0.9976 0.0556
vn 0.7722 0.5320 -0.3474
vn -0.1344 0.9763 -0.1695
vn 0.6871 0.1134 0.7176
vn -0.6200 -0.5050 0.6005
vn 0.4033 -0.0610 -0.9130
vn -0.4604 0.5902 -0.6631
vn -0.9602 -0.0927 -0.2635
vn -0.2601 0.8598 0.4393
vn 0.6598 -0.0693 0.7483
vn 0.7404 -0.6106 0.2810
vn -0.8556 -0.2353 0.4610
vt 0.862532 0.586626
vt 0.666025 0.612825
vt 0.793538 0.524739
vt 0.799625 0.742317
vt 0.596159 0.725728
vt 0.676667 0.500000
vt 0.533198 0.702151
vt 0.502729 0.907748
vt 0.315429 0.689365
vt 0.215046 0.717794
vt 0.139986 0.551629
vt 0.365533 0.517965
vt 0.592775 0.342442
vt 0.523296 0.508923
vt 0.395346 0.376049
vt 0.510142 0.020803
vt 0.592582 0.143625
vt 0.414253 0.208459
s 0
g Cube.007_Material
usemtl Material
f 382/765/597 378/766/597 385/767/597
f 378/766/598 377/768/598 384/769/598
f 385/767/599 378/766/599 383/770/599
f 384/771/600 377/772/600 379/773/600
f 379/773/601 377/774/601 381/775/601
f 380/776/602 384/771/602 379/773/602
f 385/777/603 383/778/603 380/779/603
f 382/765/604 377/768/604 378/766/604
f 377/780/605 382/781/605 381/782/605
f 381/782/606 382/781/606 385/777/606
f 381/775/607 380/776/607 379/773/607
f 380/776/608 383/778/608 384/771/608
f 383/778/609 378/766/609 384/771/609
f 381/782/610 385/777/610 380/779/610
o Cube.008
v 9.798743 1.611432 -9.166074
v 9.758960 1.718845 -9.102480
v 9.793814 1.792478 -9.021688
v 9.903588 1.723822 -9.055884
v 9.854061 1.694844 -8.898828
v 9.867473 1.585988 -9.001945
v 9.749630 1.577102 -9.085697
v 9.765214 1.796690 -8.937696
v 9.736697 1.673506 -8.952646
vn 0.2041 0.6781 -0.7061
vn 0.5573 0.8169 0.1488
vn 0.9512 -0.1421 0.2737
vn 0.2474 -0.9364 -0.2488
vn -0.9900 0.0495 -0.1321
vn -0.9696 0.2334 -0.0734
vn -0.1960 -0.6870 0.6997
vn -0.4146 -0.0144 0.9099
vn -0.7158 0.6415 -0.2759
vn 0.2369 0.5584 -0.7950
vn 0.6451 0.6889 0.3305
vn 0.8320 -0.3772 -0.4069
vn -0.8522 -0.0059 -0.5232
vn -0.3213 -0.7814 0.5350
vt 0.551771 0.821043
vt 0.490236 0.981936
vt 0.443965 0.755163
vt 0.609545 0.740303
vt 0.579499 0.265268
vt 0.447677 0.232718
vt 0.490446 0.016300
vt 0.320967 0.499695
vt 0.242238 0.673984
vt 0.142687 0.564850
vt 0.543218 0.480597
vt 0.654480 0.663904
vt 0.651690 0.523626
vt 0.809399 0.589510
vt 0.375000 0.930496
vt 0.603518 0.001237
vt 0.583364 0.169025
vt 0.384386 0.054537
vt 0.382289 0.419599
s 0
g Cube.008_Material
usemtl Material
f 388/783/611 389/784/611 387/785/611
f 388/783/612 393/786/612 389/784/612
f 390/787/613 391/788/613 389/789/613
f 392/790/614 386/791/614 391/792/614
f 394/793/615 387/785/615 392/790/615
f 394/793/616 393/794/616 387/785/616
f 390/787/617 394/793/617 391/788/617
f 394/795/618 390/796/618 393/794/618
f 393/794/619 388/783/619 387/785/619
f 386/797/620 387/785/620 389/784/620
f 393/798/621 390/799/621 389/789/621
f 386/800/622 389/789/622 391/788/622
f 386/791/623 392/790/623 387/785/623
f 392/801/624 391/788/624 394/793/624
o Cube.009
v 12.626122 1.694392 -8.321498
v 12.626705 1.545227 -8.487351
v 12.478161 1.885289 -8.303639
v 12.321665 1.779456 -8.172290
v 12.351228 1.407991 -8.580185
v 12.458038 1.570014 -8.741277
v 12.364322 1.478900 -8.252728
v 12.577165 1.863188 -8.553694
v 12.560511 1.739893 -8.713656
v 12.278502 1.904092 -8.629029
v 12.199340 1.860533 -8.385221
v 12.433059 1.993982 -8.447344
v 12.155430 1.516820 -8.540252
v 12.210423 1.531025 -8.246898
v 12.168535 1.660561 -8.652014
v 12.047469 1.762965 -8.473946
vn 0.7572 -0.3691 -0.5390
vn 0.9758 0.1642 -0.1442
vn 0.2561 0.7525 -0.6067
vn -0.4971 0.8677 -0.0064
vn -0.8615 -0.2604 -0.4359
vn -0.8143 0.2011 0.5444
vn -0.3062 -0.9278 0.2132
vn -0.1458 0.2438 -0.9588
vn -0.2328 0.1950 -0.9528
vn -0.4406 -0.5256 -0.7277
vn 0.5139 -0.7510 -0.4146
vn 0.3893 -0.9033 0.1800
vn -0.2297 0.8104 0.5390
vn -0.0534 -0.2652 0.9627
vn 0.3900 -0.1860 0.9018
vn 0.4861 0.3000 0.8208
vn 0.6184 -0.5832 0.5267
vn 0.7755 0.5771 0.2560
vn 0.9852 0.0702 -0.1567
vn 0.7434 0.6246 0.2391
vn 0.2544 0.7632 -0.5940
vn -0.8803 -0.4363 0.1862
vn -0.6142 0.2878 0.7348
vn -0.4615 -0.8777 0.1290
vn -0.6616 0.3608 -0.6573
vn -0.3945 -0.5039 -0.7684
vn -0.5315 0.8468 -0.0213
vt 0.875000 0.649805
vt 0.849233 0.683396
vt 0.832712 0.540342
vt 0.580473 0.024703
vt 0.534759 0.188184
vt 0.498710 0.020990
vt 0.437420 0.135101
vt 0.411456 0.342495
vt 0.213804 0.511922
vt 0.337875 0.601179
vt 0.185175 0.619999
vt 0.611440 0.548317
vt 0.438499 0.522151
vt 0.536413 0.434917
vt 0.517900 0.691047
vt 0.378975 0.759339
vt 0.724211 0.603714
vt 0.568883 0.768659
vt 0.609419 0.213408
vt 0.625000 0.382072
vt 0.588498 0.519208
vt 0.209844 0.718096
vt 0.479559 0.953620
vt 0.390901 0.953078
vt 0.565332 0.774863
vt 0.583031 0.973602
vt 0.389658 0.010551
vt 0.376620 0.114133
vt 0.125000 0.581137
vt 0.375000 0.421875
s 0
g Cube.009_Material
usemtl Material
f 403/802/625 396/803/625 400/804/625
f 396/805/626 403/806/626 395/807/626
f 402/808/627 403/806/627 404/809/627
f 404/810/628 405/811/628 406/812/628
f 407/813/629 410/814/629 409/815/629
f 408/816/630 398/817/630 405/811/630
f 399/818/631 401/819/631 408/816/631
f 400/820/632 404/809/632 403/806/632
f 400/820/633 409/815/633 404/809/633
f 409/815/634 399/821/634 407/822/634
f 399/818/635 400/804/635 396/803/635
f 399/818/636 396/803/636 401/819/636
f 397/823/637 406/812/637 405/811/637 398/817/637
f 398/817/638 408/816/638 401/819/638
f 401/819/639 395/824/639 398/817/639
f 395/824/640 397/825/640 398/817/640
f 401/826/641 396/827/641 395/824/641
f 395/807/642 402/808/642 397/828/642
f 402/808/643 395/807/643 403/806/643
f 397/828/644 402/808/644 406/829/644
f 404/810/645 406/812/645 402/830/645
f 410/814/646 407/813/646 408/816/646
f 410/814/647 408/816/647 405/811/647
f 407/813/648 399/818/648 408/816/648
f 404/809/649 409/815/649 410/814/649
f 400/820/650 399/821/650 409/815/650
f 405/831/651 404/809/651 410/814/651
o Cube.010
v 11.154337 1.574086 -7.781106
v 11.123731 1.647450 -7.660828
v 11.224693 1.740318 -7.549572
v 11.300318 1.597858 -7.779656
v 11.107981 1.661122 -7.899064
v 11.173654 1.838961 -7.653925
v 11.328427 1.630653 -7.552739
v 11.351101 1.781318 -7.742292
v 11.244720 1.647074 -7.916158
vn 0.0094 0.8082 -0.5888
vn -0.0367 0.8017 -0.5966
vn 0.7021 0.6561 0.2768
vn 0.4974 0.6491 0.5755
vn -0.8003 0.1881 0.5693
vn 0.1300 -0.8314 0.5402
vn -0.1529 -0.8230 -0.5471
vn 0.1518 -0.9085 -0.3894
vn -0.9654 0.2488 0.0781
vn -0.1649 -0.9731 0.1611
vn -0.4465 -0.4448 0.7764
vn 0.8924 -0.1612 -0.4216
vn 0.9646 -0.2500 -0.0834
vn -0.9008 -0.4327 0.0347
vt 0.856741 0.527884
vt 0.792799 0.664448
vt 0.661337 0.518959
vt 0.570885 0.667835
vt 0.614877 0.834550
vt 0.495616 0.943630
vt 0.319826 0.718976
vt 0.602263 0.105449
vt 0.455701 0.107225
vt 0.553174 0.006579
vt 0.371255 0.573451
vt 0.135465 0.689951
vt 0.165587 0.530358
vt 0.553103 0.308270
vt 0.565029 0.471740
vt 0.392929 0.256090
vt 0.405598 0.560759
vt 0.171875 0.750000
s 0
g Cube.010_Material
usemtl Material
f 415/832/652 416/833/652 419/834/652
f 419/834/653 416/833/653 418/835/653
f 416/836/654 413/837/654 417/838/654
f 418/835/655 416/836/655 417/838/655
f 416/839/656 412/840/656 413/841/656
f 414/842/657 412/843/657 411/844/657
f 415/845/658 419/846/658 411/847/658
f 419/846/659 414/848/659 411/847/659
f 412/840/660 416/839/660 415/845/660
f 414/842/661 417/838/661 412/843/661
f 412/843/662 417/838/662 413/849/662
f 419/834/663 418/835/663 414/848/663
f 418/835/664 417/838/664 414/848/664
f 411/847/665 412/840/665 415/845/665
o Cube.011
v 10.833097 1.537344 -7.848771
v 10.723485 1.830814 -7.792706
v 10.663503 1.665952 -7.688199
v 10.685773 1.642000 -7.887491
v 10.828449 1.706697 -7.930024
v 10.931217 1.675237 -7.782004
v 10.814402 1.564330 -7.673329
v 10.911940 1.802843 -7.783579
v 10.813288 1.747484 -7.668825
vn -0.4111 0.5901 0.6949
vn -0.9556 0.2602 -0.1381
vn -0.5887 -0.8060 0.0613
vn -0.0715 -0.4331 -0.8985
vn 0.8273 0.1182 -0.5492
vn 0.7662 -0.2608 -0.5874
vn 0.7593 -0.6261 0.1772
vn 0.6880 -0.0137 0.7256
vn -0.1148 -0.0251 0.9931
vn 0.1030 0.8583 0.5027
vn 0.7242 0.1178 0.6794
vn -0.5607 -0.8272 0.0368
vn -0.4414 0.4714 -0.7635
vn 0.1458 0.7868 -0.5997
vt 0.534218 0.539052
vt 0.807613 0.537738
vt 0.651467 0.712344
vt 0.812212 0.722590
vt 0.440472 0.699464
vt 0.505279 0.954605
vt 0.394685 0.910428
vt 0.529494 0.041599
vt 0.440272 0.169217
vt 0.407900 0.015209
vt 0.224689 0.500632
vt 0.298939 0.554231
vt 0.143822 0.628706
vt 0.350796 0.501919
vt 0.236030 0.724989
vt 0.358556 0.714558
vt 0.602122 0.296489
vt 0.527241 0.521298
vt 0.452229 0.375318
s 0
g Cube.011_Material
usemtl Material
f 428/850/666 421/851/666 422/852/666
f 422/852/667 421/851/667 423/853/667
f 426/854/668 423/855/668 420/856/668
f 423/857/669 424/858/669 420/859/669
f 427/860/670 425/861/670 424/862/670
f 424/862/671 425/863/671 420/864/671
f 425/863/672 426/865/672 420/864/672
f 425/863/673 428/850/673 426/854/673
f 428/850/674 422/852/674 426/854/674
f 421/866/675 428/867/675 427/868/675
f 427/868/676 428/850/676 425/863/676
f 422/852/677 423/855/677 426/854/677
f 423/857/678 421/866/678 424/858/678
f 421/866/679 427/868/679 424/858/679
o Cube.006
v 10.239301 1.571088 -10.049868
v 10.211100 1.758722 -10.127770
v 10.437184 1.716316 -10.124260
v 10.211989 1.612857 -10.166188
v 10.325190 1.701572 -10.194597
v 10.386299 1.579406 -10.187368
v 10.330701 1.600745 -10.013454
v 10.215273 1.743043 -10.022408
v 10.376387 1.783380 -10.055073
vn -0.2139 -0.9343 -0.2853
vn -0.1442 -0.1302 -0.9810
vn 0.8297 -0.4565 0.3213
vn -0.9898 -0.1412 0.0182
vn -0.9764 -0.0606 0.2075
vn 0.1510 0.1836 0.9713
vn -0.3089 -0.1919 0.9315
vn -0.2109 0.9656 0.1520
vn 0.1088 0.8396 -0.5322
vn 0.2443 0.7947 -0.5556
vn 0.5018 0.2012 -0.8412
vn 0.2331 -0.9534 0.1915
vn 0.7362 -0.0301 0.6761
vn -0.4031 0.2308 -0.8856
vt 0.423616 0.817668
vt 0.438163 0.985880
vt 0.399025 0.926987
vt 0.584080 0.909473
vt 0.477709 0.045024
vt 0.607265 0.122218
vt 0.441545 0.286085
vt 0.565477 0.549583
vt 0.592013 0.712367
vt 0.289400 0.584684
vt 0.400831 0.754486
vt 0.615924 0.357557
vt 0.551199 0.540629
vt 0.429879 0.509305
vt 0.769145 0.562221
vt 0.604783 0.677624
vt 0.780055 0.741830
vt 0.860509 0.631959
vt 0.567506 0.015179
vt 0.377433 0.096481
s 0
g Cube.006_Material
usemtl Material
f 432/869/680 434/870/680 429/871/680
f 433/872/681 434/870/681 432/869/681
f 434/873/682 431/874/682 435/875/682
f 436/876/683 430/877/683 429/878/683
f 430/877/684 432/879/684 429/878/684
f 435/875/685 437/880/685 436/881/685
f 436/881/686 429/882/686 435/875/686
f 436/876/687 437/883/687 430/884/687
f 430/884/688 437/883/688 433/885/688
f 437/883/689 431/886/689 433/885/689
f 433/887/690 431/874/690 434/873/690
f 429/888/691 434/873/691 435/875/691
f 435/875/692 431/874/692 437/880/692
f 430/877/693 433/872/693 432/869/693
o Cube.007
v 12.211750 1.687045 -9.870082
v 12.258028 1.612465 -10.060274
v 12.102609 1.580117 -9.863263
v 11.992427 1.608033 -9.979382
v 12.062160 1.764676 -9.917472
v 12.226731 1.784309 -9.990347
v 12.108005 1.584401 -10.093825
v 12.208707 1.536578 -9.968690
v 12.167606 1.750461 -10.097511
vn 0.7655 0.3572 -0.5352
vn 0.9234 -0.2233 0.3122
vn 0.2359 -0.1061 -0.9660
vn 0.5127 -0.4778 0.7133
vn -0.1770 0.2415 0.9541
vn -0.3161 -0.9459 0.0725
vn -0.6628 0.2220 -0.7152
vn 0.9751 0.0964 0.1995
vn 0.1900 0.7517 0.6316
vn -0.2001 0.9606 -0.1930
vn -0.7191 0.0461 0.6934
vn -0.3065 -0.9450 -0.1144
vn 0.2685 -0.8078 -0.5248
vn -0.7258 0.5069 -0.4651
vt 0.862532 0.586626
vt 0.666025 0.612825
vt 0.793538 0.524739
vt 0.799625 0.742317
vt 0.596159 0.725728
vt 0.676667 0.500000
vt 0.533198 0.702151
vt 0.502729 0.907748
vt 0.315429 0.689365
vt 0.215046 0.717794
vt 0.139986 0.551629
vt 0.365533 0.517965
vt 0.592775 0.342442
vt 0.523296 0.508923
vt 0.395346 0.376049
vt 0.510142 0.020803
vt 0.592582 0.143625
vt 0.414253 0.208459
s 0
g Cube.007_Material
usemtl Material
f 443/889/694 439/890/694 446/891/694
f 439/890/695 438/892/695 445/893/695
f 446/891/696 439/890/696 444/894/696
f 445/895/697 438/896/697 440/897/697
f 440/897/698 438/898/698 442/899/698
f 441/900/699 445/895/699 440/897/699
f 446/901/700 444/902/700 441/903/700
f 443/889/701 438/892/701 439/890/701
f 438/904/702 443/905/702 442/906/702
f 442/906/703 443/905/703 446/901/703
f 442/899/704 441/900/704 440/897/704
f 441/900/705 444/902/705 445/895/705
f 444/902/706 439/890/706 445/895/706
f 442/906/707 446/901/707 441/903/707
o Cube.008
v 12.149912 1.733426 -10.218048
v 11.985012 1.799190 -10.148752
v 11.860980 1.755204 -10.046108
v 12.004169 1.628222 -10.009794
v 11.807684 1.525110 -10.109402
v 12.006553 1.515461 -10.200569
v 12.048759 1.688561 -10.313037
v 11.742406 1.716759 -10.080132
v 11.822137 1.664017 -10.238761
vn 0.3643 0.6116 0.7023
vn -0.2678 -0.0265 0.9631
vn 0.1889 -0.8443 0.5014
vn 0.7000 -0.5012 -0.5087
vn -0.2799 0.7425 -0.6086
vn -0.3998 0.7906 -0.4638
vn -0.3522 -0.6179 -0.7029
vn -0.8960 -0.2491 -0.3676
vn -0.3150 0.9487 0.0259
vn 0.5012 0.5789 0.6432
vn -0.3295 -0.2512 0.9101
vn 0.8059 -0.5053 0.3087
vn 0.1168 0.8442 -0.5231
vn -0.2224 -0.4925 -0.8414
vt 0.551771 0.821043
vt 0.490236 0.981936
vt 0.443965 0.755163
vt 0.609545 0.740303
vt 0.579499 0.265268
vt 0.447677 0.232718
vt 0.490446 0.016300
vt 0.320967 0.499695
vt 0.242238 0.673984
vt 0.142687 0.564850
vt 0.543218 0.480597
vt 0.654480 0.663904
vt 0.651690 0.523626
vt 0.809399 0.589510
vt 0.375000 0.930496
vt 0.603518 0.001237
vt 0.583364 0.169025
vt 0.384386 0.054537
vt 0.382289 0.419599
s 0
g Cube.008_Material
usemtl Material
f 449/907/708 450/908/708 448/909/708
f 449/907/709 454/910/709 450/908/709
f 451/911/710 452/912/710 450/913/710
f 453/914/711 447/915/711 452/916/711
f 455/917/712 448/909/712 453/914/712
f 455/917/713 454/918/713 448/909/713
f 451/911/714 455/917/714 452/912/714
f 455/919/715 451/920/715 454/918/715
f 454/918/716 449/907/716 448/909/716
f 447/921/717 448/909/717 450/908/717
f 454/922/718 451/923/718 450/913/718
f 447/924/719 450/913/719 452/912/719
f 447/915/720 453/914/720 448/909/720
f 453/925/721 452/912/721 455/917/721
o Cube.009
v 12.270433 1.542934 -8.212380
v 12.106961 1.440988 -8.272523
v 12.271652 1.746949 -8.132435
v 12.264146 1.689856 -7.932371
v 11.873616 1.426365 -8.099513
v 11.853349 1.550298 -8.290046
v 12.137360 1.436175 -7.949915
v 12.129477 1.731722 -8.330336
v 11.969970 1.656052 -8.379830
v 11.950397 1.870967 -8.164268
v 12.077884 1.825875 -7.971763
v 12.178885 1.872011 -8.195648
v 11.844891 1.573860 -7.958784
v 12.086493 1.527706 -7.846591
v 11.812123 1.705365 -8.053191
v 11.915648 1.804690 -7.892077
vn -0.1680 -0.5237 -0.8351
vn 0.4309 -0.1679 -0.8866
vn -0.1121 0.6986 -0.7067
vn 0.0247 0.9769 0.2125
vn -0.8683 0.1277 0.4792
vn 0.0891 0.3877 0.9175
vn -0.2847 -0.7828 0.5533
vn -0.7616 0.4230 -0.4909
vn -0.8165 0.4075 -0.4089
vn -0.9749 -0.2202 0.0317
vn -0.3152 -0.8105 -0.4937
vn 0.0482 -0.9986 -0.0194
vn 0.5776 0.7468 0.3297
vn 0.6572 -0.3737 0.6546
vn 0.8582 -0.4464 0.2535
vn 0.9993 -0.0186 0.0322
vn 0.5449 -0.8361 -0.0638
vn 0.7836 0.2226 -0.5801
vn 0.3952 -0.2561 -0.8822
vn 0.7692 0.2803 -0.5742
vn -0.0994 0.7071 -0.7001
vn -0.4372 -0.1234 0.8908
vn 0.3706 0.3686 0.8525
vn -0.4143 -0.6692 0.6168
vn -0.7432 0.6657 0.0672
vn -0.9772 -0.2100 -0.0326
vn -0.0114 0.9719 0.2352
vt 0.875000 0.649805
vt 0.849233 0.683396
vt 0.832712 0.540342
vt 0.580473 0.024703
vt 0.534759 0.188184
vt 0.498710 0.020990
vt 0.437420 0.135101
vt 0.411456 0.342495
vt 0.213804 0.511922
vt 0.337875 0.601179
vt 0.185175 0.619999
vt 0.611440 0.548317
vt 0.438499 0.522151
vt 0.536413 0.434917
vt 0.517900 0.691047
vt 0.378975 0.759339
vt 0.724211 0.603714
vt 0.568883 0.768659
vt 0.609419 0.213408
vt 0.625000 0.382072
vt 0.588498 0.519208
vt 0.209844 0.718096
vt 0.479559 0.953620
vt 0.390901 0.953078
vt 0.565332 0.774863
vt 0.583031 0.973602
vt 0.389658 0.010551
vt 0.376620 0.114133
vt 0.125000 0.581137
vt 0.375000 0.421875
s 0
g Cube.009_Material
usemtl Material
f 464/926/722 457/927/722 461/928/722
f 457/929/723 464/930/723 456/931/723
f 463/932/724 464/930/724 465/933/724
f 465/934/725 466/935/725 467/936/725
f 468/937/726 471/938/726 470/939/726
f 469/940/727 459/941/727 466/935/727
f 460/942/728 462/943/728 469/940/728
f 461/944/729 465/933/729 464/930/729
f 461/944/730 470/939/730 465/933/730
f 470/939/731 460/945/731 468/946/731
f 460/942/732 461/928/732 457/927/732
f 460/942/733 457/927/733 462/943/733
f 458/947/734 467/936/734 466/935/734 459/941/734
f 459/941/735 469/940/735 462/943/735
f 462/943/736 456/948/736 459/941/736
f 456/948/737 458/949/737 459/941/737
f 462/950/738 457/951/738 456/948/738
f 456/931/739 463/932/739 458/952/739
f 463/932/740 456/931/740 464/930/740
f 458/952/741 463/932/741 467/953/741
f 465/934/742 467/936/742 463/954/742
f 471/938/743 468/937/743 469/940/743
f 471/938/744 469/940/744 466/935/744
f 468/937/745 460/942/745 469/940/745
f 465/933/746 470/939/746 471/938/746
f 461/944/747 460/945/747 470/939/747
f 466/955/748 465/933/748 471/938/748
o Cube.010
v 10.103904 1.622427 -9.932080
v 10.153499 1.747807 -9.939486
v 10.308273 1.806209 -9.940401
v 10.225583 1.557101 -9.921185
v 10.061507 1.586683 -10.064977
v 10.271897 1.786276 -10.076981
v 10.341827 1.717984 -9.835093
v 10.352304 1.614823 -10.037907
v 10.154110 1.500952 -10.034858
vn 0.1325 -0.1981 -0.9712
vn 0.0891 -0.1814 -0.9794
vn 0.9632 0.0512 -0.2640
vn 0.9077 0.3910 -0.1520
vn -0.3529 0.9347 -0.0424
vn -0.0475 0.0776 0.9959
vn -0.6913 -0.6115 0.3850
vn -0.4194 -0.6811 0.6001
vn -0.6494 0.6621 -0.3740
vn -0.4947 -0.1042 0.8628
vn -0.2594 0.6980 0.6674
vn 0.4963 -0.8608 0.1131
vn 0.6463 -0.6662 0.3722
vn -0.9090 0.3708 0.1903
vt 0.856741 0.527884
vt 0.792799 0.664448
vt 0.661337 0.518959
vt 0.570885 0.667835
vt 0.614877 0.834550
vt 0.495616 0.943630
vt 0.319826 0.718976
vt 0.602263 0.105449
vt 0.455701 0.107225
vt 0.553174 0.006579
vt 0.371255 0.573451
vt 0.135465 0.689951
vt 0.165587 0.530358
vt 0.553103 0.308270
vt 0.565029 0.471740
vt 0.392929 0.256090
vt 0.405598 0.560759
vt 0.171875 0.750000
s 0
g Cube.010_Material
usemtl Material
f 476/956/749 477/957/749 480/958/749
f 480/958/750 477/957/750 479/959/750
f 477/960/751 474/961/751 478/962/751
f 479/959/752 477/960/752 478/962/752
f 477/963/753 473/964/753 474/965/753
f 475/966/754 473/967/754 472/968/754
f 476/969/755 480/970/755 472/971/755
f 480/970/756 475/972/756 472/971/756
f 473/964/757 477/963/757 476/969/757
f 475/966/758 478/962/758 473/967/758
f 473/967/759 478/962/759 474/973/759
f 480/958/760 479/959/760 475/972/760
f 479/959/761 478/962/761 475/972/761
f 472/971/762 473/964/762 476/969/762
o Cube.011
v 12.551881 1.554801 -9.084679
v 12.290552 1.709525 -9.258780
v 12.452964 1.822457 -9.152379
v 12.372879 1.643720 -9.047552
v 12.366917 1.509211 -9.164833
v 12.525120 1.548181 -9.282891
v 12.618034 1.712028 -9.181881
v 12.411063 1.573447 -9.363557
v 12.471145 1.733888 -9.318111
vn -0.2695 0.8367 -0.4767
vn -0.6893 0.5706 0.4464
vn 0.3631 0.3747 0.8531
vn -0.1650 -0.6440 0.7470
vn 0.0058 -0.9519 -0.3064
vn 0.2393 -0.9710 0.0001
vn 0.8915 -0.4404 -0.1057
vn 0.6836 0.0607 -0.7273
vn 0.4678 0.7998 -0.3761
vn -0.3346 0.3707 -0.8664
vn 0.5794 0.0139 -0.8149
vn 0.3789 0.3360 0.8623
vn -0.9306 -0.2163 0.2953
vn -0.8184 -0.4682 -0.3332
vt 0.534218 0.539052
vt 0.807613 0.537738
vt 0.651467 0.712344
vt 0.812212 0.722590
vt 0.440472 0.699464
vt 0.505279 0.954605
vt 0.394685 0.910428
vt 0.529494 0.041599
vt 0.440272 0.169217
vt 0.407900 0.015209
vt 0.224689 0.500632
vt 0.298939 0.554231
vt 0.143822 0.628706
vt 0.350796 0.501919
vt 0.236030 0.724989
vt 0.358556 0.714558
vt 0.602122 0.296489
vt 0.527241 0.521298
vt 0.452229 0.375318
s 0
g Cube.011_Material
usemtl Material
f 489/974/763 482/975/763 483/976/763
f 483/976/764 482/975/764 484/977/764
f 487/978/765 484/979/765 481/980/765
f 484/981/766 485/982/766 481/983/766
f 488/984/767 486/985/767 485/986/767
f 485/986/768 486/987/768 481/988/768
f 486/987/769 487/989/769 481/988/769
f 486/987/770 489/974/770 487/978/770
f 489/974/771 483/976/771 487/978/771
f 482/990/772 489/991/772 488/992/772
f 488/992/773 489/974/773 486/987/773
f 483/976/774 484/979/774 487/978/774
f 484/981/775 482/990/775 485/982/775
f 482/990/776 488/992/776 485/982/776
o Cube.006
v 12.409748 1.747108 -9.346283
v 12.503029 1.553532 -9.372034
v 12.317861 1.569079 -9.528209
v 12.515656 1.705855 -9.416407
v 12.453813 1.598230 -9.508702
v 12.389356 1.718428 -9.555908
v 12.314925 1.704679 -9.377326
v 12.425384 1.570324 -9.292404
v 12.324179 1.507207 -9.425335
vn 0.2671 0.9510 -0.1561
vn 0.7403 0.1387 -0.6578
vn -0.8722 0.3552 -0.3362
vn 0.7182 0.2602 0.6454
vn 0.5909 0.1801 0.7864
vn -0.7345 -0.1926 0.6507
vn -0.3959 0.2355 0.8876
vn 0.1416 -0.9317 0.3346
vn 0.3398 -0.8509 -0.4007
vn 0.2497 -0.8230 -0.5103
vn 0.1928 -0.2674 -0.9441
vn -0.3825 0.9197 -0.0886
vn -0.9981 -0.0538 0.0289
vn 0.9030 -0.1875 -0.3865
vt 0.423616 0.817668
vt 0.438163 0.985880
vt 0.399025 0.926987
vt 0.584080 0.909473
vt 0.477709 0.045024
vt 0.607265 0.122218
vt 0.441545 0.286085
vt 0.565477 0.549583
vt 0.592013 0.712367
vt 0.289400 0.584684
vt 0.400831 0.754486
vt 0.615924 0.357557
vt 0.551199 0.540629
vt 0.429879 0.509305
vt 0.769145 0.562221
vt 0.604783 0.677624
vt 0.780055 0.741830
vt 0.860509 0.631959
vt 0.567506 0.015179
vt 0.377433 0.096481
s 0
g Cube.006_Material
usemtl Material
f 493/993/777 495/994/777 490/995/777
f 494/996/778 495/994/778 493/993/778
f 495/997/779 492/998/779 496/999/779
f 497/1000/780 491/1001/780 490/1002/780
f 491/1001/781 493/1003/781 490/1002/781
f 496/999/782 498/1004/782 497/1005/782
f 497/1005/783 490/1006/783 496/999/783
f 497/1000/784 498/1007/784 491/1008/784
f 491/1008/785 498/1007/785 494/1009/785
f 498/1007/786 492/1010/786 494/1009/786
f 494/1011/787 492/998/787 495/997/787
f 490/1012/788 495/997/788 496/999/788
f 496/999/789 492/998/789 498/1004/789
f 491/1001/790 494/996/790 493/993/790
o Cube.007
v 10.748232 1.569480 -7.909150
v 10.595118 1.590489 -7.826056
v 10.770324 1.693554 -7.886073
v 10.677210 1.768826 -7.950817
v 10.709459 1.642478 -8.030293
v 10.638051 1.526508 -7.963550
v 10.578205 1.710834 -7.874713
v 10.681272 1.650363 -7.801023
v 10.555631 1.593745 -7.962085
vn -0.6220 -0.7660 0.1622
vn 0.2753 -0.6802 0.6793
vn -0.9603 -0.0225 0.2782
vn 0.7293 -0.2484 0.6375
vn 0.9289 -0.0990 -0.3569
vn 0.2031 0.7707 0.6040
vn -0.6915 0.5129 -0.5087
vn 0.1228 -0.8846 0.4500
vn 0.5256 -0.6437 -0.5561
vn -0.2905 -0.3366 -0.8957
vn 0.7286 0.4882 -0.4804
vn 0.0170 0.7845 0.6199
vn -0.4431 0.2818 0.8510
vn -0.4728 0.3795 -0.7952
vt 0.862532 0.586626
vt 0.666025 0.612825
vt 0.793538 0.524739
vt 0.799625 0.742317
vt 0.596159 0.725728
vt 0.676667 0.500000
vt 0.533198 0.702151
vt 0.502729 0.907748
vt 0.315429 0.689365
vt 0.215046 0.717794
vt 0.139986 0.551629
vt 0.365533 0.517965
vt 0.592775 0.342442
vt 0.523296 0.508923
vt 0.395346 0.376049
vt 0.510142 0.020803
vt 0.592582 0.143625
vt 0.414253 0.208459
s 0
g Cube.007_Material
usemtl Material
f 504/1013/791 500/1014/791 507/1015/791
f 500/1014/792 499/1016/792 506/1017/792
f 507/1015/793 500/1014/793 505/1018/793
f 506/1019/794 499/1020/794 501/1021/794
f 501/1021/795 499/1022/795 503/1023/795
f 502/1024/796 506/1019/796 501/1021/796
f 507/1025/797 505/1026/797 502/1027/797
f 504/1013/798 499/1016/798 500/1014/798
f 499/1028/799 504/1029/799 503/1030/799
f 503/1030/800 504/1029/800 507/1025/800
f 503/1023/801 502/1024/801 501/1021/801
f 502/1024/802 505/1026/802 506/1019/802
f 505/1026/803 500/1014/803 506/1019/803
f 503/1030/804 507/1025/804 502/1027/804
o Cube.008
v 9.916311 1.743408 -8.627395
v 9.858595 1.637139 -8.696222
v 9.885279 1.525666 -8.737587
v 9.990643 1.557914 -8.647656
v 10.044451 1.544041 -8.816329
v 10.063256 1.677049 -8.729617
v 9.935951 1.763416 -8.730117
v 9.901793 1.501145 -8.827176
v 9.938819 1.630164 -8.843590
vn -0.5193 -0.4038 0.7532
vn 0.0601 -0.9599 0.2738
vn 0.8915 -0.3291 0.3114
vn 0.5415 0.7997 0.2593
vn -0.8077 0.3721 -0.4573
vn -0.8593 0.1860 -0.4766
vn 0.5269 0.4107 -0.7442
vn 0.1225 -0.1598 -0.9795
vn -0.9742 -0.1854 -0.1288
vn -0.4755 -0.2816 0.8335
vn 0.2725 -0.9479 0.1649
vn 0.6115 0.1604 0.7749
vn -0.8586 0.5085 -0.0651
vn 0.4078 0.5971 -0.6908
vt 0.551771 0.821043
vt 0.490236 0.981936
vt 0.443965 0.755163
vt 0.609545 0.740303
vt 0.579499 0.265268
vt 0.447677 0.232718
vt 0.490446 0.016300
vt 0.320967 0.499695
vt 0.242238 0.673984
vt 0.142687 0.564850
vt 0.543218 0.480597
vt 0.654480 0.663904
vt 0.651690 0.523626
vt 0.809399 0.589510
vt 0.375000 0.930496
vt 0.603518 0.001237
vt 0.583364 0.169025
vt 0.384386 0.054537
vt 0.382289 0.419599
s 0
g Cube.008_Material
usemtl Material
f 510/1031/805 511/1032/805 509/1033/805
f 510/1031/806 515/1034/806 511/1032/806
f 512/1035/807 513/1036/807 511/1037/807
f 514/1038/808 508/1039/808 513/1040/808
f 516/1041/809 509/1033/809 514/1038/809
f 516/1041/810 515/1042/810 509/1033/810
f 512/1035/811 516/1041/811 513/1036/811
f 516/1043/812 512/1044/812 515/1042/812
f 515/1042/813 510/1031/813 509/1033/813
f 508/1045/814 509/1033/814 511/1032/814
f 515/1046/815 512/1047/815 511/1037/815
f 508/1048/816 511/1037/816 513/1036/816
f 508/1039/817 514/1038/817 509/1033/817
f 514/1049/818 513/1036/818 516/1041/818
o Cube.009
v 10.454041 1.773526 -9.944822
v 10.367549 1.620656 -9.894464
v 10.590084 1.787577 -10.088523
v 10.468602 1.838647 -10.223275
v 10.254479 1.467872 -10.076700
v 10.422199 1.392554 -9.982477
v 10.249181 1.735777 -10.136985
v 10.628249 1.611347 -9.960674
v 10.559755 1.463664 -9.928227
v 10.651162 1.496623 -10.186715
v 10.563742 1.661372 -10.289563
v 10.700065 1.684773 -10.110515
v 10.317438 1.475334 -10.251973
v 10.277066 1.716345 -10.265759
v 10.453752 1.415352 -10.238539
v 10.491213 1.544465 -10.380216
vn -0.1575 -0.3881 0.9081
vn 0.2878 0.1488 0.9461
vn 0.8946 -0.3553 0.2710
vn 0.7924 0.0405 -0.6086
vn -0.2344 -0.6869 -0.6879
vn -0.0119 0.3446 -0.9387
vn -0.9773 -0.0647 -0.2019
vn 0.4452 -0.8944 0.0434
vn 0.3881 -0.9210 -0.0342
vn -0.3819 -0.9073 -0.1758
vn -0.5797 -0.4105 0.7038
vn -0.8779 0.0885 0.4705
vn 0.6359 0.6134 -0.4684
vn -0.4863 0.8423 -0.2324
vn -0.3522 0.9153 0.1956
vn 0.1463 0.9615 0.2325
vn -0.6267 0.5397 0.5621
vn 0.5744 0.5585 0.5984
vn 0.2007 0.1205 0.9722
vn 0.6212 0.5439 0.5642
vn 0.9018 -0.3416 0.2648
vn -0.5515 -0.1394 -0.8224
vn 0.0471 0.5937 -0.8033
vn -0.9243 -0.1743 -0.3394
vn 0.4377 -0.7192 -0.5396
vn -0.3469 -0.9295 -0.1255
vn 0.7723 0.0133 -0.6351
vt 0.875000 0.649805
vt 0.849233 0.683396
vt 0.832712 0.540342
vt 0.580473 0.024703
vt 0.534759 0.188184
vt 0.498710 0.020990
vt 0.437420 0.135101
vt 0.411456 0.342495
vt 0.213804 0.511922
vt 0.337875 0.601179
vt 0.185175 0.619999
vt 0.611440 0.548317
vt 0.438499 0.522151
vt 0.536413 0.434917
vt 0.517900 0.691047
vt 0.378975 0.759339
vt 0.724211 0.603714
vt 0.568883 0.768659
vt 0.609419 0.213408
vt 0.625000 0.382072
vt 0.588498 0.519208
vt 0.209844 0.718096
vt 0.479559 0.953620
vt 0.390901 0.953078
vt 0.565332 0.774863
vt 0.583031 0.973602
vt 0.389658 0.010551
vt 0.376620 0.114133
vt 0.125000 0.581137
vt 0.375000 0.421875
s 0
g Cube.009_Material
usemtl Material
f 525/1050/819 518/1051/819 522/1052/819
f 518/1053/820 525/1054/820 517/1055/820
f 524/1056/821 525/1054/821 526/1057/821
f 526/1058/822 527/1059/822 528/1060/822
f 529/1061/823 532/1062/823 531/1063/823
f 530/1064/824 520/1065/824 527/1059/824
f 521/1066/825 523/1067/825 530/1064/825
f 522/1068/826 526/1057/826 525/1054/826
f 522/1068/827 531/1063/827 526/1057/827
f 531/1063/828 521/1069/828 529/1070/828
f 521/1066/829 522/1052/829 518/1051/829
f 521/1066/830 518/1051/830 523/1067/830
f 519/1071/831 528/1060/831 527/1059/831 520/1065/831
f 520/1065/832 530/1064/832 523/1067/832
f 523/1067/833 517/1072/833 520/1065/833
f 517/1072/834 519/1073/834 520/1065/834
f 523/1074/835 518/1075/835 517/1072/835
f 517/1055/836 524/1056/836 519/1076/836
f 524/1056/837 517/1055/837 525/1054/837
f 519/1076/838 524/1056/838 528/1077/838
f 526/1058/839 528/1060/839 524/1078/839
f 532/1062/840 529/1061/840 530/1064/840
f 532/1062/841 530/1064/841 527/1059/841
f 529/1061/842 521/1066/842 530/1064/842
f 526/1057/843 531/1063/843 532/1062/843
f 522/1068/844 521/1069/844 531/1063/844
f 527/1079/845 526/1057/845 532/1062/845
o Cube.010
v 11.577770 1.606035 -7.793737
v 11.430206 1.602848 -7.742280
v 11.266945 1.671052 -7.815513
v 11.549658 1.690076 -7.927389
v 11.611064 1.454030 -7.853498
v 11.281204 1.515705 -7.869957
v 11.342986 1.810868 -7.853804
v 11.382221 1.625283 -8.036945
v 11.626027 1.546375 -7.970981
vn -0.1136 -0.7740 -0.6229
vn -0.1008 -0.8027 -0.5877
vn -0.6890 0.1826 -0.7014
vn -0.8914 0.2086 -0.4024
vn -0.4972 -0.3273 0.8036
vn 0.1567 0.8506 0.5019
vn 0.9672 0.1248 0.2213
vn 0.8906 0.4452 0.0926
vn -0.1672 -0.7125 0.6815
vn 0.5488 0.5619 0.6189
vn -0.2433 0.3771 0.8936
vn 0.3648 0.4424 -0.8192
vn 0.1719 0.7101 -0.6828
vn 0.3211 -0.2848 0.9032
vt 0.856741 0.527884
vt 0.792799 0.664448
vt 0.661337 0.518959
vt 0.570885 0.667835
vt 0.614877 0.834550
vt 0.495616 0.943630
vt 0.319826 0.718976
vt 0.602263 0.105449
vt 0.455701 0.107225
vt 0.553174 0.006579
vt 0.371255 0.573451
vt 0.135465 0.689951
vt 0.165587 0.530358
vt 0.553103 0.308270
vt 0.565029 0.471740
vt 0.392929 0.256090
vt 0.405598 0.560759
vt 0.171875 0.750000
s 0
g Cube.010_Material
usemtl Material
f 537/1080/846 538/1081/846 541/1082/846
f 541/1082/847 538/1081/847 540/1083/847
f 538/1084/848 535/1085/848 539/1086/848
f 540/1083/849 538/1084/849 539/1086/849
f 538/1087/850 534/1088/850 535/1089/850
f 536/1090/851 534/1091/851 533/1092/851
f 537/1093/852 541/1094/852 533/1095/852
f 541/1094/853 536/1096/853 533/1095/853
f 534/1088/854 538/1087/854 537/1093/854
f 536/1090/855 539/1086/855 534/1091/855
f 534/1091/856 539/1086/856 535/1097/856
f 541/1082/857 540/1083/857 536/1096/857
f 540/1083/858 539/1086/858 536/1096/858
f 533/1095/859 534/1088/859 537/1093/859
o Cube.011
v 9.940208 1.730548 -9.654622
v 10.193890 1.456950 -9.582595
v 9.984937 1.418995 -9.702380
v 9.973104 1.565852 -9.511478
v 10.119060 1.692718 -9.524568
v 10.139353 1.718244 -9.740534
v 9.957406 1.599319 -9.821662
v 10.265120 1.640687 -9.696764
v 10.152115 1.508869 -9.779665
vn 0.3372 -0.8903 -0.3060
vn -0.1961 -0.7830 0.5902
vn -0.9851 -0.1693 0.0316
vn -0.4123 0.5493 0.7268
vn 0.4815 0.8640 0.1474
vn 0.1158 0.9851 0.1273
vn -0.2193 0.7561 -0.6166
vn 0.2917 0.1929 -0.9369
vn -0.0814 -0.5585 -0.8255
vn 0.8093 -0.5026 -0.3040
vn 0.4257 0.1912 -0.8844
vn -0.9912 -0.1272 0.0364
vn 0.2284 -0.1637 0.9597
vn 0.7728 0.0907 0.6281
vt 0.534218 0.539052
vt 0.807613 0.537738
vt 0.651467 0.712344
vt 0.812212 0.722590
vt 0.440472 0.699464
vt 0.505279 0.954605
vt 0.394685 0.910428
vt 0.529494 0.041599
vt 0.440272 0.169217
vt 0.407900 0.015209
vt 0.224689 0.500632
vt 0.298939 0.554231
vt 0.143822 0.628706
vt 0.350796 0.501919
vt 0.236030 0.724989
vt 0.358556 0.714558
vt 0.602122 0.296489
vt 0.527241 0.521298
vt 0.452229 0.375318
s 0
g Cube.011_Material
usemtl Material
f 550/1098/860 543/1099/860 544/1100/860
f 544/1100/861 543/1099/861 545/1101/861
f 548/1102/862 545/1103/862 542/1104/862
f 545/1105/863 546/1106/863 542/1107/863
f 549/1108/864 547/1109/864 546/1110/864
f 546/1110/865 547/1111/865 542/1112/865
f 547/1111/866 548/1113/866 542/1112/866
f 547/1111/867 550/1098/867 548/1102/867
f 550/1098/868 544/1100/868 548/1102/868
f 543/1114/869 550/1115/869 549/1116/869
f 549/1116/870 550/1098/870 547/1111/870
f 544/1100/871 545/1103/871 548/1102/871
f 545/1105/872 543/1114/872 546/1106/872
f 543/1114/873 549/1116/873 546/1106/873
o Cube.006
v 12.495706 1.579367 -9.233694
v 12.313558 1.652140 -9.285858
v 12.302597 1.583575 -9.069059
v 12.447978 1.695112 -9.237235
v 12.333843 1.683914 -9.148398
v 12.437351 1.664798 -9.063297
v 12.450830 1.516412 -9.167647
v 12.340353 1.552353 -9.307127
v 12.260903 1.533235 -9.160918
vn 0.9162 0.3815 0.1225
vn 0.0388 0.9840 0.1739
vn 0.2875 -0.5333 0.7956
vn 0.3680 0.2873 -0.8843
vn 0.3103 0.0990 -0.9455
vn -0.0931 -0.9795 -0.1787
vn 0.3710 -0.7850 -0.4961
vn -0.8642 -0.1284 -0.4864
vn -0.9007 0.4333 0.0328
vn -0.8917 0.4170 0.1762
vn -0.4137 0.6405 0.6470
vn 0.8895 -0.2061 0.4079
vn -0.0588 -0.8639 0.5001
vn -0.2378 0.9535 -0.1853
vt 0.423616 0.817668
vt 0.438163 0.985880
vt 0.399025 0.926987
vt 0.584080 0.909473
vt 0.477709 0.045024
vt 0.607265 0.122218
vt 0.441545 0.286085
vt 0.565477 0.549583
vt 0.592013 0.712367
vt 0.289400 0.584684
vt 0.400831 0.754486
vt 0.615924 0.357557
vt 0.551199 0.540629
vt 0.429879 0.509305
vt 0.769145 0.562221
vt 0.604783 0.677624
vt 0.780055 0.741830
vt 0.860509 0.631959
vt 0.567506 0.015179
vt 0.377433 0.096481
s 0
g Cube.006_Material
usemtl Material
f 554/1117/874 556/1118/874 551/1119/874
f 555/1120/875 556/1118/875 554/1117/875
f 556/1121/876 553/1122/876 557/1123/876
f 558/1124/877 552/1125/877 551/1126/877
f 552/1125/878 554/1127/878 551/1126/878
f 557/1123/879 559/1128/879 558/1129/879
f 558/1129/880 551/1130/880 557/1123/880
f 558/1124/881 559/1131/881 552/1132/881
f 552/1132/882 559/1131/882 555/1133/882
f 559/1131/883 553/1134/883 555/1133/883
f 555/1135/884 553/1122/884 556/1121/884
f 551/1136/885 556/1121/885 557/1123/885
f 557/1123/886 553/1122/886 559/1128/886
f 552/1125/887 555/1120/887 554/1117/887
o Cube.007
v 11.897788 1.595925 -8.109230
v 11.938873 1.494390 -8.257050
v 11.916369 1.704013 -8.186800
v 12.052342 1.708567 -8.229915
v 12.041336 1.644677 -8.083512
v 11.989443 1.495239 -8.099726
v 12.033659 1.583824 -8.300129
v 11.890751 1.596237 -8.267104
v 12.066163 1.490712 -8.180556
vn -0.0398 -0.9990 0.0182
vn -0.9049 -0.4237 0.0395
vn 0.3601 -0.6861 -0.6322
vn -0.9788 0.1999 0.0440
vn -0.3317 0.5870 0.7385
vn -0.2568 0.6160 -0.7448
vn 0.9654 0.0022 -0.2607
vn -0.7293 -0.6415 0.2379
vn -0.1591 -0.0517 0.9859
vn 0.6812 -0.3086 0.6639
vn 0.0977 0.9094 0.4042
vn -0.1531 0.5020 -0.8512
vn -0.2373 -0.2058 -0.9494
vn 0.9897 0.0884 0.1130
vt 0.862532 0.586626
vt 0.666025 0.612825
vt 0.793538 0.524739
vt 0.799625 0.742317
vt 0.596159 0.725728
vt 0.676667 0.500000
vt 0.533198 0.702151
vt 0.502729 0.907748
vt 0.315429 0.689365
vt 0.215046 0.717794
vt 0.139986 0.551629
vt 0.365533 0.517965
vt 0.592775 0.342442
vt 0.523296 0.508923
vt 0.395346 0.376049
vt 0.510142 0.020803
vt 0.592582 0.143625
vt 0.414253 0.208459
s 0
g Cube.007_Material
usemtl Material
f 565/1137/888 561/1138/888 568/1139/888
f 561/1138/889 560/1140/889 567/1141/889
f 568/1139/890 561/1138/890 566/1142/890
f 567/1143/891 560/1144/891 562/1145/891
f 562/1145/892 560/1146/892 564/1147/892
f 563/1148/893 567/1143/893 562/1145/893
f 568/1149/894 566/1150/894 563/1151/894
f 565/1137/895 560/1140/895 561/1138/895
f 560/1152/896 565/1153/896 564/1154/896
f 564/1154/897 565/1153/897 568/1149/897
f 564/1147/898 563/1148/898 562/1145/898
f 563/1148/899 566/1150/899 567/1143/899
f 566/1150/900 561/1138/900 567/1143/900
f 564/1154/901 568/1149/901 563/1151/901
o Cube.008
v 10.399745 1.345548 -8.131680
v 10.432800 1.479024 -8.263214
v 10.469767 1.640965 -8.276607
v 10.501969 1.597051 -8.089879
v 10.317300 1.751623 -8.121303
v 10.294967 1.558072 -8.022064
v 10.268928 1.402341 -8.161098
v 10.389640 1.735811 -8.311667
v 10.255855 1.624710 -8.248766
vn 0.9473 -0.2343 -0.2185
vn 0.7597 0.6499 0.0218
vn 0.2078 0.4272 0.8799
vn -0.4077 -0.5692 0.7140
vn -0.3663 -0.3598 -0.8581
vn -0.2587 -0.2209 -0.9404
vn -0.9463 0.2271 0.2300
vn -0.6897 0.6515 -0.3162
vn 0.2559 -0.1375 -0.9569
vn 0.9260 -0.3552 -0.1277
vn 0.6154 0.7697 0.1699
vn 0.3468 -0.2892 0.8922
vn -0.1323 -0.6789 -0.7222
vn -0.9849 0.0103 0.1729
vt 0.551771 0.821043
vt 0.490236 0.981936
vt 0.443965 0.755163
vt 0.609545 0.740303
vt 0.579499 0.265268
vt 0.447677 0.232718
vt 0.490446 0.016300
vt 0.320967 0.499695
vt 0.242238 0.673984
vt 0.142687 0.564850
vt 0.543218 0.480597
vt 0.654480 0.663904
vt 0.651690 0.523626
vt 0.809399 0.589510
vt 0.375000 0.930496
vt 0.603518 0.001237
vt 0.583364 0.169025
vt 0.384386 0.054537
vt 0.382289 0.419599
s 0
g Cube.008_Material
usemtl Material
f 571/1155/902 572/1156/902 570/1157/902
f 571/1155/903 576/1158/903 572/1156/903
f 573/1159/904 574/1160/904 572/1161/904
f 575/1162/905 569/1163/905 574/1164/905
f 577/1165/906 570/1157/906 575/1162/906
f 577/1165/907 576/1166/907 570/1157/907
f 573/1159/908 577/1165/908 574/1160/908
f 577/1167/909 573/1168/909 576/1166/909
f 576/1166/910 571/1155/910 570/1157/910
f 569/1169/911 570/1157/911 572/1156/911
f 576/1170/912 573/1171/912 572/1161/912
f 569/1172/913 572/1161/913 574/1160/913
f 569/1163/914 575/1162/914 570/1157/914
f 575/1173/915 574/1160/915 577/1165/915
o Cube.009
v 10.235458 1.778634 -8.652024
v 10.110331 1.813277 -8.801450
v 10.200640 1.644368 -8.487859
v 10.296022 1.484946 -8.572599
v 9.994158 1.594571 -8.943059
v 9.857293 1.715924 -8.814078
v 10.269772 1.541646 -8.844195
v 10.007156 1.778732 -8.530935
v 9.880826 1.796946 -8.657621
v 9.881015 1.534066 -8.514804
v 10.080492 1.419014 -8.529408
v 10.056047 1.631550 -8.409773
v 9.978716 1.415764 -8.850520
v 10.239542 1.406508 -8.803663
v 9.868560 1.446691 -8.735836
v 9.986722 1.306003 -8.630877
vn -0.3117 0.8621 -0.3995
vn 0.0477 0.9811 0.1875
vn -0.6307 0.3701 0.6821
vn -0.2256 -0.4975 0.8376
vn -0.5724 -0.7417 -0.3498
vn 0.3267 -0.9164 0.2312
vn 0.2618 -0.3305 -0.9068
vn -0.9912 0.0627 0.1166
vn -0.9976 -0.0228 0.0652
vn -0.7303 -0.2632 -0.6304
vn -0.1936 0.6036 -0.7734
vn 0.3753 0.3550 -0.8562
vn 0.3671 -0.3543 0.8601
vn 0.9552 -0.2575 -0.1461
vn 0.9807 0.1872 -0.0557
vn 0.8595 0.2909 0.4202
vn 0.7182 0.4980 -0.4860
vn 0.3385 0.6919 0.6377
vn 0.0499 0.9944 0.0932
vn 0.3091 0.6635 0.6813
vn -0.6201 0.3655 0.6942
vn 0.0488 -0.8927 -0.4479
vn 0.5425 -0.7639 0.3495
vn 0.1406 -0.4646 -0.8743
vn -0.8249 -0.5083 0.2474
vn -0.7626 -0.2097 -0.6119
vn -0.2447 -0.5275 0.8136
vt 0.875000 0.649805
vt 0.849233 0.683396
vt 0.832712 0.540342
vt 0.580473 0.024703
vt 0.534759 0.188184
vt 0.498710 0.020990
vt 0.437420 0.135101
vt 0.411456 0.342495
vt 0.213804 0.511922
vt 0.337875 0.601179
vt 0.185175 0.619999
vt 0.611440 0.548317
vt 0.438499 0.522151
vt 0.536413 0.434917
vt 0.517900 0.691047
vt 0.378975 0.759339
vt 0.724211 0.603714
vt 0.568883 0.768659
vt 0.609419 0.213408
vt 0.625000 0.382072
vt 0.588498 0.519208
vt 0.209844 0.718096
vt 0.479559 0.953620
vt 0.390901 0.953078
vt 0.565332 0.774863
vt 0.583031 0.973602
vt 0.389658 0.010551
vt 0.376620 0.114133
vt 0.125000 0.581137
vt 0.375000 0.421875
s 0
g Cube.009_Material
usemtl Material
f 586/1174/916 579/1175/916 583/1176/916
f 579/1177/917 586/1178/917 578/1179/917
f 585/1180/918 586/1178/918 587/1181/918
f 587/1182/919 588/1183/919 589/1184/919
f 590/1185/920 593/1186/920 592/1187/920
f 591/1188/921 581/1189/921 588/1183/921
f 582/1190/922 584/1191/922 591/1188/922
f 583/1192/923 587/1181/923 586/1178/923
f 583/1192/924 592/1187/924 587/1181/924
f 592/1187/925 582/1193/925 590/1194/925
f 582/1190/926 583/1176/926 579/1175/926
f 582/1190/927 579/1175/927 584/1191/927
f 580/1195/928 589/1184/928 588/1183/928 581/1189/928
f 581/1189/929 591/1188/929 584/1191/929
f 584/1191/930 578/1196/930 581/1189/930
f 578/1196/931 580/1197/931 581/1189/931
f 584/1198/932 579/1199/932 578/1196/932
f 578/1179/933 585/1180/933 580/1200/933
f 585/1180/934 578/1179/934 586/1178/934
f 580/1200/935 585/1180/935 589/1201/935
f 587/1182/936 589/1184/936 585/1202/936
f 593/1186/937 590/1185/937 591/1188/937
f 593/1186/938 591/1188/938 588/1183/938
f 590/1185/939 582/1190/939 591/1188/939
f 587/1181/940 592/1187/940 593/1186/940
f 583/1192/941 582/1193/941 592/1187/941
f 588/1203/942 587/1181/942 593/1186/942
o Cube.010
v 10.141390 1.558649 -8.478567
v 10.056541 1.468281 -8.541296
v 9.948780 1.484460 -8.672031
v 10.106080 1.672367 -8.556894
v 10.278426 1.528635 -8.526196
v 10.077242 1.442063 -8.729172
v 9.900867 1.610128 -8.616536
v 10.097394 1.639632 -8.740730
v 10.254356 1.653693 -8.566158
vn 0.7247 -0.0792 -0.6845
vn 0.7433 -0.1144 -0.6591
vn -0.3105 0.2824 -0.9076
vn -0.5348 0.0051 -0.8450
vn -0.2697 -0.9573 0.1039
vn -0.7229 0.2254 0.6531
vn 0.3748 0.3469 0.8598
vn 0.1241 0.5887 0.7988
vn 0.2489 -0.9551 0.1607
vn -0.3173 0.1486 0.9366
vn -0.6998 -0.4945 0.5156
vn 0.1119 0.9774 -0.1793
vn -0.2440 0.9567 -0.1588
vn 0.1229 -0.6412 0.7575
vt 0.856741 0.527884
vt 0.792799 0.664448
vt 0.661337 0.518959
vt 0.570885 0.667835
vt 0.614877 0.834550
vt 0.495616 0.943630
vt 0.319826 0.718976
vt 0.602263 0.105449
vt 0.455701 0.107225
vt 0.553174 0.006579
vt 0.371255 0.573451
vt 0.135465 0.689951
vt 0.165587 0.530358
vt 0.553103 0.308270
vt 0.565029 0.471740
vt 0.392929 0.256090
vt 0.405598 0.560759
vt 0.171875 0.750000
s 0
g Cube.010_Material
usemtl Material
f 598/1204/943 599/1205/943 602/1206/943
f 602/1206/944 599/1205/944 601/1207/944
f 599/1208/945 596/1209/945 600/1210/945
f 601/1207/946 599/1208/946 600/1210/946
f 599/1211/947 595/1212/947 596/1213/947
f 597/1214/948 595/1215/948 594/1216/948
f 598/1217/949 602/1218/949 594/1219/949
f 602/1218/950 597/1220/950 594/1219/950
f 595/1212/951 599/1211/951 598/1217/951
f 597/1214/952 600/1210/952 595/1215/952
f 595/1215/953 600/1210/953 596/1221/953
f 602/1206/954 601/1207/954 597/1220/954
f 601/1207/955 600/1210/955 597/1220/955
f 594/1219/956 595/1212/956 598/1217/956
o Cube.011
v 10.387999 1.564720 -9.689228
v 10.225687 1.638800 -9.950659
v 10.336819 1.469898 -9.931510
v 10.416705 1.637751 -9.855441
v 10.303101 1.711566 -9.767636
v 10.207626 1.571332 -9.701946
v 10.312996 1.419609 -9.758712
v 10.130172 1.628102 -9.787115
v 10.183504 1.496451 -9.861318
vn -0.4386 -0.3809 -0.8140
vn 0.4389 0.1892 -0.8784
vn 0.8954 -0.4435 -0.0402
vn 0.6937 0.6076 0.3868
vn -0.3647 0.5869 0.7229
vn -0.0464 0.4495 0.8921
vn -0.0790 -0.3970 0.9144
vn -0.6794 -0.6192 0.3937
vn -0.2961 -0.9054 -0.3043
vn -0.8600 -0.0630 -0.5064
vn -0.7759 -0.5176 0.3606
vn 0.9030 -0.4296 -0.0005
vn 0.2244 0.8693 -0.4405
vn -0.4108 0.8935 -0.1815
vt 0.534218 0.539052
vt 0.807613 0.537738
vt 0.651467 0.712344
vt 0.812212 0.722590
vt 0.440472 0.699464
vt 0.505279 0.954605
vt 0.394685 0.910428
vt 0.529494 0.041599
vt 0.440272 0.169217
vt 0.407900 0.015209
vt 0.224689 0.500632
vt 0.298939 0.554231
vt 0.143822 0.628706
vt 0.350796 0.501919
vt 0.236030 0.724989
vt 0.358556 0.714558
vt 0.602122 0.296489
vt 0.527241 0.521298
vt 0.452229 0.375318
s 0
g Cube.011_Material
usemtl Material
f 611/1222/957 604/1223/957 605/1224/957
f 605/1224/958 604/1223/958 606/1225/958
f 609/1226/959 606/1227/959 603/1228/959
f 606/1229/960 607/1230/960 603/1231/960
f 610/1232/961 608/1233/961 607/1234/961
f 607/1234/962 608/1235/962 603/1236/962
f 608/1235/963 609/1237/963 603/1236/963
f 608/1235/964 611/1222/964 609/1226/964
f 611/1222/965 605/1224/965 609/1226/965
f 604/1238/966 611/1239/966 610/1240/966
f 610/1240/967 611/1222/967 608/1235/967
f 605/1224/968 606/1227/968 609/1226/968
f 606/1229/969 604/1238/969 607/1230/969
f 604/1238/970 610/1240/970 607/1230/970
o Cube.006
v 9.921222 1.602941 -9.037112
v 10.100076 1.579574 -9.087478
v 10.075456 1.498209 -8.895402
v 9.975280 1.522770 -9.100404
v 10.066346 1.475550 -9.014419
v 9.959371 1.440085 -8.960597
v 9.947767 1.606989 -8.947215
v 10.069718 1.662948 -9.047465
v 10.121006 1.587687 -8.922605
vn -0.8836 -0.3520 -0.3088
vn 0.0310 -0.8619 -0.5062
vn -0.4477 -0.1023 0.8883
vn -0.2090 0.3602 -0.9092
vn -0.1614 0.5422 -0.8246
vn 0.0236 0.8605 0.5090
vn -0.3698 0.9267 0.0675
vn 0.9085 0.3955 -0.1348
vn 0.9240 -0.3692 -0.0991
vn 0.8931 -0.4494 0.0172
vn 0.3765 -0.9150 0.1454
vn -0.9541 -0.0892 0.2858
vn -0.0960 0.3339 0.9377
vn 0.3518 -0.6117 -0.7085
vt 0.423616 0.817668
vt 0.438163 0.985880
vt 0.399025 0.926987
vt 0.584080 0.909473
vt 0.477709 0.045024
vt 0.607265 0.122218
vt 0.441545 0.286085
vt 0.565477 0.549583
vt 0.592013 0.712367
vt 0.289400 0.584684
vt 0.400831 0.754486
vt 0.615924 0.357557
vt 0.551199 0.540629
vt 0.429879 0.509305
vt 0.769145 0.562221
vt 0.604783 0.677624
vt 0.780055 0.741830
vt 0.860509 0.631959
vt 0.567506 0.015179
vt 0.377433 0.096481
s 0
g Cube.006_Material
usemtl Material
f 615/1241/971 617/1242/971 612/1243/971
f 616/1244/972 617/1242/972 615/1241/972
f 617/1245/973 614/1246/973 618/1247/973
f 619/1248/974 613/1249/974 612/1250/974
f 613/1249/975 615/1251/975 612/1250/975
f 618/1247/976 620/1252/976 619/1253/976
f 619/1253/977 612/1254/977 618/1247/977
f 619/1248/978 620/1255/978 613/1256/978
f 613/1256/979 620/1255/979 616/1257/979
f 620/1255/980 614/1258/980 616/1257/980
f 616/1259/981 614/1246/981 617/1245/981
f 612/1260/982 617/1245/982 618/1247/982
f 618/1247/983 614/1246/983 620/1252/983
f 613/1249/984 616/1244/984 615/1241/984
o Cube.007
v 9.901824 1.539713 -8.921745
v 10.066601 1.591766 -8.780303
v 9.967953 1.390960 -8.930967
v 10.126370 1.402647 -9.000065
v 10.008423 1.537749 -9.074933
v 9.989687 1.678375 -8.944057
v 10.177836 1.500116 -8.863855
v 10.019098 1.463387 -8.790544
v 10.124146 1.666162 -8.934135
vn 0.0479 0.8921 0.4493
vn -0.6734 0.1922 0.7138
vn 0.7429 0.4500 0.4955
vn -0.7884 -0.3805 0.4834
vn -0.7812 -0.3138 -0.5396
vn 0.2311 -0.8964 0.3782
vn 0.9001 0.1129 -0.4209
vn -0.6489 0.5030 0.5708
vn -0.7528 0.3919 -0.5289
vn 0.1153 0.6849 -0.7194
vn -0.2688 -0.6357 -0.7237
vn 0.3887 -0.8125 0.4345
vn 0.4519 -0.2358 0.8603
vn 0.6693 0.1856 -0.7194
vt 0.862532 0.586626
vt 0.666025 0.612825
vt 0.793538 0.524739
vt 0.799625 0.742317
vt 0.596159 0.725728
vt 0.676667 0.500000
vt 0.533198 0.702151
vt 0.502729 0.907748
vt 0.315429 0.689365
vt 0.215046 0.717794
vt 0.139986 0.551629
vt 0.365533 0.517965
vt 0.592775 0.342442
vt 0.523296 0.508923
vt 0.395346 0.376049
vt 0.510142 0.020803
vt 0.592582 0.143625
vt 0.414253 0.208459
s 0
g Cube.007_Material
usemtl Material
f 626/1261/985 622/1262/985 629/1263/985
f 622/1262/986 621/1264/986 628/1265/986
f 629/1263/987 622/1262/987 627/1266/987
f 628/1267/988 621/1268/988 623/1269/988
f 623/1269/989 621/1270/989 625/1271/989
f 624/1272/990 628/1267/990 623/1269/990
f 629/1273/991 627/1274/991 624/1275/991
f 626/1261/992 621/1264/992 622/1262/992
f 621/1276/993 626/1277/993 625/1278/993
f 625/1278/994 626/1277/994 629/1273/994
f 625/1271/995 624/1272/995 623/1269/995
f 624/1272/996 627/1274/996 628/1267/996
f 627/1274/997 622/1262/997 628/1267/997
f 625/1278/998 629/1273/998 624/1275/998
o Cube.008
v 10.245685 1.478490 -9.517328
v 10.178926 1.570465 -9.581255
v 10.125005 1.588020 -9.680373
v 10.143969 1.456240 -9.674132
v 10.230212 1.529146 -9.796373
v 10.294930 1.449890 -9.686923
v 10.314645 1.529468 -9.568341
v 10.153958 1.636322 -9.748525
v 10.269619 1.611226 -9.703235
vn -0.8813 -0.1050 0.4608
vn -0.8684 -0.1474 -0.4734
vn -0.0817 -0.8296 -0.5524
vn 0.7031 -0.6390 0.3119
vn 0.2184 0.8652 0.4515
vn 0.0622 0.9318 0.3576
vn 0.8850 0.0927 -0.4562
vn 0.4016 0.5961 -0.6953
vn -0.4440 0.8092 0.3849
vn -0.8082 -0.2023 0.5530
vn -0.7266 -0.2275 -0.6483
vn -0.0281 -0.9870 0.1583
vn 0.1140 0.6215 0.7751
vn 0.9614 0.1261 -0.2445
vt 0.551771 0.821043
vt 0.490236 0.981936
vt 0.443965 0.755163
vt 0.609545 0.740303
vt 0.579499 0.265268
vt 0.447677 0.232718
vt 0.490446 0.016300
vt 0.320967 0.499695
vt 0.242238 0.673984
vt 0.142687 0.564850
vt 0.543218 0.480597
vt 0.654480 0.663904
vt 0.651690 0.523626
vt 0.809399 0.589510
vt 0.375000 0.930496
vt 0.603518 0.001237
vt 0.583364 0.169025
vt 0.384386 0.054537
vt 0.382289 0.419599
s 0
g Cube.008_Material
usemtl Material
f 632/1279/999 633/1280/999 631/1281/999
f 632/1279/1000 637/1282/1000 633/1280/1000
f 634/1283/1001 635/1284/1001 633/1285/1001
f 636/1286/1002 630/1287/1002 635/1288/1002
f 638/1289/1003 631/1281/1003 636/1286/1003
f 638/1289/1004 637/1290/1004 631/1281/1004
f 634/1283/1005 638/1289/1005 635/1284/1005
f 638/1291/1006 634/1292/1006 637/1290/1006
f 637/1290/1007 632/1279/1007 631/1281/1007
f 630/1293/1008 631/1281/1008 633/1280/1008
f 637/1294/1009 634/1295/1009 633/1285/1009
f 630/1296/1010 633/1285/1010 635/1284/1010
f 630/1287/1011 636/1286/1011 631/1281/1011
f 636/1297/1012 635/1284/1012 638/1289/1012
o Cube.009
v 10.080069 1.540948 -8.798847
v 9.891547 1.590824 -8.862330
v 10.228833 1.422109 -8.914272
v 10.328300 1.589417 -8.997129
v 9.853222 1.710764 -9.129712
v 9.774124 1.494948 -9.099154
v 10.119220 1.788518 -8.994699
v 10.004058 1.317725 -8.925632
v 9.837287 1.352444 -9.001088
v 10.067010 1.306680 -9.204060
v 10.250853 1.457419 -9.179078
v 10.188624 1.283211 -9.005109
v 9.996679 1.675265 -9.277776
v 10.198225 1.776655 -9.121041
v 9.976280 1.511335 -9.307412
v 10.192472 1.525376 -9.340849
vn -0.8821 -0.0704 0.4658
vn -0.3855 -0.3971 0.8329
vn -0.2010 -0.9796 -0.0066
vn 0.6028 -0.6612 -0.4465
vn -0.1623 0.1951 -0.9673
vn 0.8241 0.2300 -0.5176
vn -0.1788 0.9629 -0.2022
vn -0.5855 -0.6194 -0.5230
vn -0.5734 -0.5574 -0.6004
vn -0.6760 0.2117 -0.7058
vn -0.8844 0.3653 0.2906
vn -0.4441 0.7920 0.4189
vn 0.9094 -0.4154 0.0202
vn 0.6499 0.6783 0.3427
vn 0.4807 0.4960 0.7231
vn 0.6219 0.0180 0.7829
vn -0.0946 0.6268 0.7734
vn 0.2073 -0.5356 0.8186
vn -0.4451 -0.3228 0.8353
vn 0.2290 -0.5784 0.7830
vn -0.1850 -0.9827 -0.0028
vn 0.2499 0.6343 -0.7316
vn 0.9452 0.2024 -0.2561
vn -0.1645 0.9111 -0.3779
vn -0.1029 -0.4844 -0.8688
vn -0.7141 0.1654 -0.6802
vn 0.5932 -0.6432 -0.4843
vt 0.875000 0.649805
vt 0.849233 0.683396
vt 0.832712 0.540342
vt 0.580473 0.024703
vt 0.534759 0.188184
vt 0.498710 0.020990
vt 0.437420 0.135101
vt 0.411456 0.342495
vt 0.213804 0.511922
vt 0.337875 0.601179
vt 0.185175 0.619999
vt 0.611440 0.548317
vt 0.438499 0.522151
vt 0.536413 0.434917
vt 0.517900 0.691047
vt 0.378975 0.759339
vt 0.724211 0.603714
vt 0.568883 0.768659
vt 0.609419 0.213408
vt 0.625000 0.382072
vt 0.588498 0.519208
vt 0.209844 0.718096
vt 0.479559 0.953620
vt 0.390901 0.953078
vt 0.565332 0.774863
vt 0.583031 0.973602
vt 0.389658 0.010551
vt 0.376620 0.114133
vt 0.125000 0.581137
vt 0.375000 0.421875
s 0
g Cube.009_Material
usemtl Material
f 647/1298/1013 640/1299/1013 644/1300/1013
f 640/1301/1014 647/1302/1014 639/1303/1014
f 646/1304/1015 647/1302/1015 648/1305/1015
f 648/1306/1016 649/1307/1016 650/1308/1016
f 651/1309/1017 654/1310/1017 653/1311/1017
f 652/1312/1018 642/1313/1018 649/1307/1018
f 643/1314/1019 645/1315/1019 652/1312/1019
f 644/1316/1020 648/1305/1020 647/1302/1020
f 644/1316/1021 653/1311/1021 648/1305/1021
f 653/1311/1022 643/1317/1022 651/1318/1022
f 643/1314/1023 644/1300/1023 640/1299/1023
f 643/1314/1024 640/1299/1024 645/1315/1024
f 641/1319/1025 650/1308/1025 649/1307/1025 642/1313/1025
f 642/1313/1026 652/1312/1026 645/1315/1026
f 645/1315/1027 639/1320/1027 642/1313/1027
f 639/1320/1028 641/1321/1028 642/1313/1028
f 645/1322/1029 640/1323/1029 639/1320/1029
f 639/1303/1030 646/1304/1030 641/1324/1030
f 646/1304/1031 639/1303/1031 647/1302/1031
f 641/1324/1032 646/1304/1032 650/1325/1032
f 648/1306/1033 650/1308/1033 646/1326/1033
f 654/1310/1034 651/1309/1034 652/1312/1034
f 654/1310/1035 652/1312/1035 649/1307/1035
f 651/1309/1036 643/1314/1036 652/1312/1036
f 648/1305/1037 653/1311/1037 654/1310/1037
f 644/1316/1038 643/1317/1038 653/1311/1038
f 649/1327/1039 648/1305/1039 654/1310/1039
o Cube.010
v 10.544220 1.529304 -10.126921
v 10.656351 1.627274 -10.103175
v 10.761221 1.662346 -9.955211
v 10.541504 1.469388 -9.984331
v 10.605681 1.408738 -10.213762
v 10.838867 1.552218 -10.040335
v 10.632753 1.657634 -9.863510
v 10.724466 1.424774 -9.908855
v 10.561970 1.347567 -10.089931
vn 0.6052 -0.7776 -0.1705
vn 0.6051 -0.7662 -0.2163
vn 0.5733 -0.2083 0.7924
vn 0.6828 0.1289 0.7191
vn 0.4713 0.7229 -0.5053
vn -0.6647 0.6932 0.2786
vn -0.9000 -0.1696 -0.4015
vn -0.9918 -0.1101 -0.0652
vn 0.4254 0.3282 -0.8434
vn -0.8494 0.5066 -0.1478
vn -0.1342 0.9814 -0.1375
vn -0.4220 -0.6333 0.6487
vn -0.4278 -0.3322 0.8406
vn -0.2431 0.4823 -0.8416
vt 0.856741 0.527884
vt 0.792799 0.664448
vt 0.661337 0.518959
vt 0.570885 0.667835
vt 0.614877 0.834550
vt 0.495616 0.943630
vt 0.319826 0.718976
vt 0.602263 0.105449
vt 0.455701 0.107225
vt 0.553174 0.006579
vt 0.371255 0.573451
vt 0.135465 0.689951
vt 0.165587 0.530358
vt 0.553103 0.308270
vt 0.565029 0.471740
vt 0.392929 0.256090
vt 0.405598 0.560759
vt 0.171875 0.750000
s 0
g Cube.010_Material
usemtl Material
f 659/1328/1040 660/1329/1040 663/1330/1040
f 663/1330/1041 660/1329/1041 662/1331/1041
f 660/1332/1042 657/1333/1042 661/1334/1042
f 662/1331/1043 660/1332/1043 661/1334/1043
f 660/1335/1044 656/1336/1044 657/1337/1044
f 658/1338/1045 656/1339/1045 655/1340/1045
f 659/1341/1046 663/1342/1046 655/1343/1046
f 663/1342/1047 658/1344/1047 655/1343/1047
f 656/1336/1048 660/1335/1048 659/1341/1048
f 658/1338/1049 661/1334/1049 656/1339/1049
f 656/1339/1050 661/1334/1050 657/1345/1050
f 663/1330/1051 662/1331/1051 658/1344/1051
f 662/1331/1052 661/1334/1052 658/1344/1052
f 655/1343/1053 656/1336/1053 659/1341/1053
o Cube.011
v 11.728319 1.441393 -9.824463
v 11.741447 1.476352 -10.186795
v 11.544593 1.434346 -10.068013
v 11.732703 1.319946 -9.997600
v 11.872239 1.441896 -9.984260
v 11.773060 1.617111 -9.926845
v 11.565632 1.544872 -9.891976
v 11.817575 1.641214 -10.065619
v 11.636755 1.607478 -10.079044
vn -0.5384 0.2351 -0.8092
vn -0.2193 -0.7470 -0.6276
vn -0.6048 -0.6591 0.4470
vn 0.5466 -0.6790 0.4901
vn 0.8615 0.3757 0.3416
vn 0.7282 0.1971 0.6564
vn -0.0329 0.5094 0.8599
vn -0.2916 0.9349 0.2020
vn -0.8730 0.4532 -0.1802
vn -0.0545 0.6076 -0.7924
vn -0.1901 0.9758 0.1085
vn -0.5799 -0.6570 0.4818
vn 0.5985 -0.6308 -0.4938
vn 0.8408 0.0096 -0.5413
vt 0.534218 0.539052
vt 0.807613 0.537738
vt 0.651467 0.712344
vt 0.812212 0.722590
vt 0.440472 0.699464
vt 0.505279 0.954605
vt 0.394685 0.910428
vt 0.529494 0.041599
vt 0.440272 0.169217
vt 0.407900 0.015209
vt 0.224689 0.500632
vt 0.298939 0.554231
vt 0.143822 0.628706
vt 0.350796 0.501919
vt 0.236030 0.724989
vt 0.358556 0.714558
vt 0.602122 0.296489
vt 0.527241 0.521298
vt 0.452229 0.375318
s 0
g Cube.011_Material
usemtl Material
f 672/1346/1054 665/1347/1054 666/1348/1054
f 666/1348/1055 665/1347/1055 667/1349/1055
f 670/1350/1056 667/1351/1056 664/1352/1056
f 667/1353/1057 668/1354/1057 664/1355/1057
f 671/1356/1058 669/1357/1058 668/1358/1058
f 668/1358/1059 669/1359/1059 664/1360/1059
f 669/1359/1060 670/1361/1060 664/1360/1060
f 669/1359/1061 672/1346/1061 670/1350/1061
f 672/1346/1062 666/1348/1062 670/1350/1062
f 665/1362/1063 672/1363/1063 671/1364/1063
f 671/1364/1064 672/1346/1064 669/1359/1064
f 666/1348/1065 667/1351/1065 670/1350/1065
f 667/1353/1066 665/1362/1066 668/1354/1066
f 665/1362/1067 671/1364/1067 668/1354/1067
o Cube.006
v 10.721672 1.416107 -8.219468
v 10.591582 1.413623 -8.079700
v 10.627159 1.617849 -8.133533
v 10.604787 1.401148 -8.218952
v 10.561236 1.516427 -8.160284
v 10.611665 1.559739 -8.268907
v 10.751575 1.501785 -8.189180
v 10.688656 1.410491 -8.059278
v 10.660870 1.565188 -8.047852
vn 0.0344 -0.3016 -0.9528
vn -0.8856 -0.1042 -0.4527
vn 0.5318 0.7545 -0.3847
vn -0.0238 -0.9989 -0.0399
vn 0.1267 -0.9868 0.1004
vn 0.8589 0.1174 0.4985
vn 0.9090 -0.3788 0.1741
vn -0.2080 -0.1092 0.9720
vn -0.7757 0.2313 0.5871
vn -0.7700 0.3619 0.5254
vn -0.8103 0.5664 -0.1504
vn 0.5270 0.1138 -0.8422
vn 0.7089 0.6902 0.1453
vn -0.9435 -0.3258 -0.0603
vt 0.423616 0.817668
vt 0.438163 0.985880
vt 0.399025 0.926987
vt 0.584080 0.909473
vt 0.477709 0.045024
vt 0.607265 0.122218
vt 0.441545 0.286085
vt 0.565477 0.549583
vt 0.592013 0.712367
vt 0.289400 0.584684
vt 0.400831 0.754486
vt 0.615924 0.357557
vt 0.551199 0.540629
vt 0.429879 0.509305
vt 0.769145 0.562221
vt 0.604783 0.677624
vt 0.780055 0.741830
vt 0.860509 0.631959
vt 0.567506 0.015179
vt 0.377433 0.096481
s 0
g Cube.006_Material
usemtl Material
f 676/1365/1068 678/1366/1068 673/1367/1068
f 677/1368/1069 678/1366/1069 676/1365/1069
f 678/1369/1070 675/1370/1070 679/1371/1070
f 680/1372/1071 674/1373/1071 673/1374/1071
f 674/1373/1072 676/1375/1072 673/1374/1072
f 679/1371/1073 681/1376/1073 680/1377/1073
f 680/1377/1074 673/1378/1074 679/1371/1074
f 680/1372/1075 681/1379/1075 674/1380/1075
f 674/1380/1076 681/1379/1076 677/1381/1076
f 681/1379/1077 675/1382/1077 677/1381/1077
f 677/1383/1078 675/1370/1078 678/1369/1078
f 673/1384/1079 678/1369/1079 679/1371/1079
f 679/1371/1080 675/1370/1080 681/1376/1080
f 674/1373/1081 677/1368/1081 676/1365/1081
o Cube.007
v 10.651365 1.412354 -9.886595
v 10.535168 1.535778 -9.921575
v 10.740399 1.495999 -9.918976
v 10.726165 1.528336 -10.048512
v 10.685785 1.385221 -10.024459
v 10.550200 1.386204 -9.961228
v 10.603692 1.580446 -10.021490
v 10.633113 1.559901 -9.887736
v 10.528706 1.456267 -10.036326
vn -0.9788 -0.1384 0.1510
vn -0.3193 -0.0322 0.9471
vn -0.7956 0.5180 -0.3141
vn 0.3039 0.0450 0.9516
vn 0.7088 -0.6374 0.3024
vn 0.5376 0.8301 0.1482
vn -0.1313 0.1954 -0.9719
vn -0.5265 -0.2669 0.8072
vn 0.0930 -0.9723 0.2146
vn -0.2887 -0.7399 -0.6076
vn 0.9391 -0.2947 -0.1768
vn 0.4007 0.9147 0.0524
vn -0.3014 0.9303 0.2092
vn -0.0004 -0.1656 -0.9862
vt 0.862532 0.586626
vt 0.666025 0.612825
vt 0.793538 0.524739
vt 0.799625 0.742317
vt 0.596159 0.725728
vt 0.676667 0.500000
vt 0.533198 0.702151
vt 0.502729 0.907748
vt 0.315429 0.689365
vt 0.215046 0.717794
vt 0.139986 0.551629
vt 0.365533 0.517965
vt 0.592775 0.342442
vt 0.523296 0.508923
vt 0.395346 0.376049
vt 0.510142 0.020803
vt 0.592582 0.143625
vt 0.414253 0.208459
s 0
g Cube.007_Material
usemtl Material
f 687/1385/1082 683/1386/1082 690/1387/1082
f 683/1386/1083 682/1388/1083 689/1389/1083
f 690/1387/1084 683/1386/1084 688/1390/1084
f 689/1391/1085 682/1392/1085 684/1393/1085
f 684/1393/1086 682/1394/1086 686/1395/1086
f 685/1396/1087 689/1391/1087 684/1393/1087
f 690/1397/1088 688/1398/1088 685/1399/1088
f 687/1385/1089 682/1388/1089 683/1386/1089
f 682/1400/1090 687/1401/1090 686/1402/1090
f 686/1402/1091 687/1401/1091 690/1397/1091
f 686/1395/1092 685/1396/1092 684/1393/1092
f 685/1396/1093 688/1398/1093 689/1391/1093
f 688/1398/1094 683/1386/1094 689/1391/1094
f 686/1402/1095 690/1397/1095 685/1399/1095
o Cube.008
v 11.119946 1.510262 -10.238913
v 11.029170 1.424074 -10.185714
v 10.940343 1.420758 -10.106427
v 10.964701 1.555961 -10.127751
v 11.003313 1.504123 -9.966646
v 11.108082 1.569569 -10.062380
v 11.167784 1.468556 -10.156421
v 10.942936 1.383353 -10.022179
v 11.073099 1.405420 -10.028655
vn -0.6660 0.0023 -0.7460
vn -0.9742 0.1938 0.1160
vn -0.2453 0.9042 0.3497
vn 0.7838 0.6027 -0.1498
vn 0.3379 -0.9189 -0.2036
vn 0.1573 -0.9746 -0.1597
vn 0.6714 0.0092 0.7410
vn 0.1224 -0.4645 0.8771
vn -0.3053 -0.8738 -0.3786
vn -0.5632 0.0859 -0.8219
vn -0.8991 0.3052 0.3137
vn 0.0536 0.9477 -0.3148
vn 0.3575 -0.7334 -0.5781
vn 0.8151 -0.0552 0.5767
vt 0.551771 0.821043
vt 0.490236 0.981936
vt 0.443965 0.755163
vt 0.609545 0.740303
vt 0.579499 0.265268
vt 0.447677 0.232718
vt 0.490446 0.016300
vt 0.320967 0.499695
vt 0.242238 0.673984
vt 0.142687 0.564850
vt 0.543218 0.480597
vt 0.654480 0.663904
vt 0.651690 0.523626
vt 0.809399 0.589510
vt 0.375000 0.930496
vt 0.603518 0.001237
vt 0.583364 0.169025
vt 0.384386 0.054537
vt 0.382289 0.419599
s 0
g Cube.008_Material
usemtl Material
f 693/1403/1096 694/1404/1096 692/1405/1096
f 693/1403/1097 698/1406/1097 694/1404/1097
f 695/1407/1098 696/1408/1098 694/1409/1098
f 697/1410/1099 691/1411/1099 696/1412/1099
f 699/1413/1100 692/1405/1100 697/1410/1100
f 699/1413/1101 698/1414/1101 692/1405/1101
f 695/1407/1102 699/1413/1102 696/1408/1102
f 699/1415/1103 695/1416/1103 698/1414/1103
f 698/1414/1104 693/1403/1104 692/1405/1104
f 691/1417/1105 692/1405/1105 694/1404/1105
f 698/1418/1106 695/1419/1106 694/1409/1106
f 691/1420/1107 694/1409/1107 696/1408/1107
f 691/1411/1108 697/1410/1108 692/1405/1108
f 697/1421/1109 696/1408/1109 699/1413/1109
o Cube.009
v 12.140943 1.567264 -9.090075
v 12.207299 1.406065 -9.105321
v 12.024294 1.626563 -8.952336
v 12.154716 1.693539 -8.847048
v 12.317807 1.296471 -8.906898
v 12.144819 1.220894 -8.966134
v 12.348455 1.557576 -8.915401
v 11.963995 1.437606 -9.026304
v 12.015087 1.287071 -9.025140
v 11.951665 1.386280 -8.788335
v 12.055896 1.554139 -8.737696
v 11.913524 1.547106 -8.900885
v 12.272720 1.350076 -8.742714
v 12.330876 1.572189 -8.789918
v 12.137343 1.304464 -8.732710
v 12.123191 1.460272 -8.630191
vn 0.0482 -0.6105 -0.7906
vn -0.3539 -0.0574 -0.9335
vn -0.9401 -0.3200 -0.1177
vn -0.7322 0.2654 0.6273
vn 0.2356 -0.5192 0.8216
vn 0.1191 0.5592 0.8205
vn 0.9824 -0.1104 0.1505
vn -0.5181 -0.8295 0.2088
vn -0.4569 -0.8420 0.2868
vn 0.3209 -0.8708 0.3724
vn 0.4830 -0.6244 -0.6139
vn 0.8392 -0.1158 -0.5313
vn -0.5424 0.7686 0.3392
vn 0.5707 0.8210 -0.0157
vn 0.4071 0.8009 -0.4392
vn -0.0873 0.8860 -0.4554
vn 0.6184 0.3223 -0.7167
vn -0.5760 0.4508 -0.6819
vn -0.2719 -0.0997 -0.9571
vn -0.6208 0.4495 -0.6423
vn -0.9456 -0.3045 -0.1147
vn 0.6061 0.0103 0.7953
vn 0.0692 0.7725 0.6312
vn 0.9327 -0.1775 0.3141
vn -0.4471 -0.5197 0.7281
vn 0.2801 -0.9009 0.3315
vn -0.7121 0.2436 0.6584
vt 0.875000 0.649805
vt 0.849233 0.683396
vt 0.832712 0.540342
vt 0.580473 0.024703
vt 0.534759 0.188184
vt 0.498710 0.020990
vt 0.437420 0.135101
vt 0.411456 0.342495
vt 0.213804 0.511922
vt 0.337875 0.601179
vt 0.185175 0.619999
vt 0.611440 0.548317
vt 0.438499 0.522151
vt 0.536413 0.434917
vt 0.517900 0.691047
vt 0.378975 0.759339
vt 0.724211 0.603714
vt 0.568883 0.768659
vt 0.609419 0.213408
vt 0.625000 0.382072
vt 0.588498 0.519208
vt 0.209844 0.718096
vt 0.479559 0.953620
vt 0.390901 0.953078
vt 0.565332 0.774863
vt 0.583031 0.973602
vt 0.389658 0.010551
vt 0.376620 0.114133
vt 0.125000 0.581137
vt 0.375000 0.421875
s 0
g Cube.009_Material
usemtl Material
f 708/1422/1110 701/1423/1110 705/1424/1110
f 701/1425/1111 708/1426/1111 700/1427/1111
f 707/1428/1112 708/1426/1112 709/1429/1112
f 709/1430/1113 710/1431/1113 711/1432/1113
f 712/1433/1114 715/1434/1114 714/1435/1114
f 713/1436/1115 703/1437/1115 710/1431/1115
f 704/1438/1116 706/1439/1116 713/1436/1116
f 705/1440/1117 709/1429/1117 708/1426/1117
f 705/1440/1118 714/1435/1118 709/1429/1118
f 714/1435/1119 704/1441/1119 712/1442/1119
f 704/1438/1120 705/1424/1120 701/1423/1120
f 704/1438/1121 701/1423/1121 706/1439/1121
f 702/1443/1122 711/1432/1122 710/1431/1122 703/1437/1122
f 703/1437/1123 713/1436/1123 706/1439/1123
f 706/1439/1124 700/1444/1124 703/1437/1124
f 700/1444/1125 702/1445/1125 703/1437/1125
f 706/1446/1126 701/1447/1126 700/1444/1126
f 700/1427/1127 707/1428/1127 702/1448/1127
f 707/1428/1128 700/1427/1128 708/1426/1128
f 702/1448/1129 707/1428/1129 711/1449/1129
f 709/1430/1130 711/1432/1130 707/1450/1130
f 715/1434/1131 712/1433/1131 713/1436/1131
f 715/1434/1132 713/1436/1132 710/1431/1132
f 712/1433/1133 704/1438/1133 713/1436/1133
f 709/1429/1134 714/1435/1134 715/1434/1134
f 705/1440/1135 704/1441/1135 714/1435/1135
f 710/1451/1136 709/1429/1136 715/1434/1136
o Cube.010
v 11.158922 1.418145 -8.127223
v 11.259537 1.373823 -8.175334
v 11.398999 1.420287 -8.172819
v 11.209547 1.518601 -8.077178
v 11.132606 1.346609 -8.024421
v 11.385660 1.341618 -8.074201
v 11.360003 1.537616 -8.195381
v 11.347996 1.491310 -7.998678
v 11.149037 1.453130 -7.983462
vn 0.1717 -0.3765 0.9104
vn 0.1484 -0.4154 0.8974
vn 0.8443 0.3574 0.3993
vn 0.9757 0.1926 0.1049
vn 0.2672 -0.7706 -0.5786
vn -0.1783 0.5093 -0.8419
vn -0.9743 0.1942 -0.1143
vn -0.8384 0.5135 -0.1826
vn -0.0642 -0.9713 -0.2292
vn -0.6140 0.2866 -0.7354
vn 0.0727 -0.1650 -0.9836
vn -0.1237 0.8492 0.5134
vn 0.0597 0.9708 0.2322
vn -0.5438 -0.6172 -0.5687
vt 0.856741 0.527884
vt 0.792799 0.664448
vt 0.661337 0.518959
vt 0.570885 0.667835
vt 0.614877 0.834550
vt 0.495616 0.943630
vt 0.319826 0.718976
vt 0.602263 0.105449
vt 0.455701 0.107225
vt 0.553174 0.006579
vt 0.371255 0.573451
vt 0.135465 0.689951
vt 0.165587 0.530358
vt 0.553103 0.308270
vt 0.565029 0.471740
vt 0.392929 0.256090
vt 0.405598 0.560759
vt 0.171875 0.750000
s 0
g Cube.010_Material
usemtl Material
f 720/1452/1137 721/1453/1137 724/1454/1137
f 724/1454/1138 721/1453/1138 723/1455/1138
f 721/1456/1139 718/1457/1139 722/1458/1139
f 723/1455/1140 721/1456/1140 722/1458/1140
f 721/1459/1141 717/1460/1141 718/1461/1141
f 719/1462/1142 717/1463/1142 716/1464/1142
f 720/1465/1143 724/1466/1143 716/1467/1143
f 724/1466/1144 719/1468/1144 716/1467/1144
f 717/1460/1145 721/1459/1145 720/1465/1145
f 719/1462/1146 722/1458/1146 717/1463/1146
f 717/1463/1147 722/1458/1147 718/1469/1147
f 724/1454/1148 723/1455/1148 719/1468/1148
f 723/1455/1149 722/1458/1149 719/1468/1149
f 716/1467/1150 717/1460/1150 720/1465/1150
o Cube.011
v 11.794250 1.527209 -8.481371
v 12.066826 1.377927 -8.388547
v 11.896849 1.391846 -8.269275
v 11.946931 1.560440 -8.376197
v 11.978499 1.514520 -8.531970
v 11.861605 1.371237 -8.555640
v 11.755149 1.375633 -8.388714
v 11.981787 1.317858 -8.552704
v 11.917030 1.284122 -8.405605
vn 0.3700 -0.7015 0.6091
vn 0.5620 0.3175 0.7638
vn -0.5555 0.5333 0.6380
vn -0.0123 0.9584 -0.2850
vn 0.0712 0.1058 -0.9918
vn -0.2277 0.3367 -0.9137
vn -0.8394 -0.1090 -0.5325
vn -0.4935 -0.8189 -0.2932
vn -0.3702 -0.7548 0.5416
vn 0.5273 -0.8489 0.0375
vn -0.3714 -0.8559 -0.3598
vn -0.5729 0.5535 0.6045
vn 0.8360 0.5487 0.0077
vn 0.8761 0.0650 -0.4777
vt 0.534218 0.539052
vt 0.807613 0.537738
vt 0.651467 0.712344
vt 0.812212 0.722590
vt 0.440472 0.699464
vt 0.505279 0.954605
vt 0.394685 0.910428
vt 0.529494 0.041599
vt 0.440272 0.169217
vt 0.407900 0.015209
vt 0.224689 0.500632
vt 0.298939 0.554231
vt 0.143822 0.628706
vt 0.350796 0.501919
vt 0.236030 0.724989
vt 0.358556 0.714558
vt 0.602122 0.296489
vt 0.527241 0.521298
vt 0.452229 0.375318
s 0
g Cube.011_Material
usemtl Material
f 733/1470/1151 726/1471/1151 727/1472/1151
f 727/1472/1152 726/1471/1152 728/1473/1152
f 731/1474/1153 728/1475/1153 725/1476/1153
f 728/1477/1154 729/1478/1154 725/1479/1154
f 732/1480/1155 730/1481/1155 729/1482/1155
f 729/1482/1156 730/1483/1156 725/1484/1156
f 730/1483/1157 731/1485/1157 725/1484/1157
f 730/1483/1158 733/1470/1158 731/1474/1158
f 733/1470/1159 727/1472/1159 731/1474/1159
f 726/1486/1160 733/1487/1160 732/1488/1160
f 732/1488/1161 733/1470/1161 730/1483/1161
f 727/1472/1162 728/1475/1162 731/1474/1162
f 728/1477/1163 726/1486/1163 729/1478/1163
f 726/1486/1164 732/1488/1164 729/1478/1164
o Cube.006
v 10.377872 1.378326 -9.377322
v 10.216483 1.398228 -9.312789
v 10.205344 1.408363 -9.508433
v 10.302253 1.308111 -9.345589
v 10.205822 1.338025 -9.419356
v 10.283662 1.298164 -9.496587
v 10.355794 1.427919 -9.446135
v 10.273227 1.468939 -9.319713
v 10.200013 1.480561 -9.443604
vn 0.6723 -0.7395 -0.0341
vn -0.3678 -0.9238 0.1061
vn 0.3603 0.1572 -0.9195
vn 0.3448 -0.1866 0.9199
vn 0.3731 0.0175 0.9276
vn 0.3171 0.9432 -0.0989
vn 0.7086 0.6604 0.2486
vn -0.6733 0.5846 0.4527
vn -0.9935 -0.0215 0.1115
vn -0.9985 -0.0459 -0.0309
vn -0.7123 -0.5527 -0.4326
vn 0.8359 -0.2815 -0.4711
vn 0.2119 0.6616 -0.7193
vn -0.5597 -0.6963 0.4493
vt 0.423616 0.817668
vt 0.438163 0.985880
vt 0.399025 0.926987
vt 0.584080 0.909473
vt 0.477709 0.045024
vt 0.607265 0.122218
vt 0.441545 0.286085
vt 0.565477 0.549583
vt 0.592013 0.712367
vt 0.289400 0.584684
vt 0.400831 0.754486
vt 0.615924 0.357557
vt 0.551199 0.540629
vt 0.429879 0.509305
vt 0.769145 0.562221
vt 0.604783 0.677624
vt 0.780055 0.741830
vt 0.860509 0.631959
vt 0.567506 0.015179
vt 0.377433 0.096481
s 0
g Cube.006_Material
usemtl Material
f 737/1489/1165 739/1490/1165 734/1491/1165
f 738/1492/1166 739/1490/1166 737/1489/1166
f 739/1493/1167 736/1494/1167 740/1495/1167
f 741/1496/1168 735/1497/1168 734/1498/1168
f 735/1497/1169 737/1499/1169 734/1498/1169
f 740/1495/1170 742/1500/1170 741/1501/1170
f 741/1501/1171 734/1502/1171 740/1495/1171
f 741/1496/1172 742/1503/1172 735/1504/1172
f 735/1504/1173 742/1503/1173 738/1505/1173
f 742/1503/1174 736/1506/1174 738/1505/1174
f 738/1507/1175 736/1494/1175 739/1493/1175
f 734/1508/1176 739/1493/1176 740/1495/1176
f 740/1495/1177 736/1494/1177 742/1500/1177
f 735/1497/1178 738/1492/1178 737/1489/1178
o Cube.007
v 11.959249 1.284346 -9.508347
v 11.936443 1.437273 -9.488554
v 12.068294 1.309228 -9.529431
v 12.075389 1.377170 -9.629206
v 11.972114 1.289633 -9.637884
v 11.871517 1.337275 -9.561963
v 12.010954 1.464918 -9.573452
v 12.021108 1.396599 -9.469608
v 11.892029 1.418929 -9.604882
vn -0.8860 0.3697 0.2800
vn -0.2903 -0.1653 0.9425
vn -0.3583 0.9336 -0.0104
vn 0.2665 -0.4424 0.8563
vn 0.2191 -0.9755 -0.0181
vn 0.9122 0.3057 0.2730
vn 0.0122 0.5426 -0.8399
vn -0.5928 -0.1897 0.7827
vn -0.4771 -0.8749 -0.0831
vn -0.6516 -0.2182 -0.7265
vn 0.6078 -0.6758 -0.4170
vn 0.8484 0.4765 0.2305
vn 0.2776 0.8148 0.5089
vn -0.0847 0.1968 -0.9768
vt 0.862532 0.586626
vt 0.666025 0.612825
vt 0.793538 0.524739
vt 0.799625 0.742317
vt 0.596159 0.725728
vt 0.676667 0.500000
vt 0.533198 0.702151
vt 0.502729 0.907748
vt 0.315429 0.689365
vt 0.215046 0.717794
vt 0.139986 0.551629
vt 0.365533 0.517965
vt 0.592775 0.342442
vt 0.523296 0.508923
vt 0.395346 0.376049
vt 0.510142 0.020803
vt 0.592582 0.143625
vt 0.414253 0.208459
s 0
g Cube.007_Material
usemtl Material
f 748/1509/1179 744/1510/1179 751/1511/1179
f 744/1510/1180 743/1512/1180 750/1513/1180
f 751/1511/1181 744/1510/1181 749/1514/1181
f 750/1515/1182 743/1516/1182 745/1517/1182
f 745/1517/1183 743/1518/1183 747/1519/1183
f 746/1520/1184 750/1515/1184 745/1517/1184
f 751/1521/1185 749/1522/1185 746/1523/1185
f 748/1509/1186 743/1512/1186 744/1510/1186
f 743/1524/1187 748/1525/1187 747/1526/1187
f 747/1526/1188 748/1525/1188 751/1521/1188
f 747/1519/1189 746/1520/1189 745/1517/1189
f 746/1520/1190 749/1522/1190 750/1515/1190
f 749/1522/1191 744/1510/1191 750/1515/1191
f 747/1526/1192 751/1521/1192 746/1523/1192
o Cube.008
v 11.545680 1.328775 -8.196379
v 11.425426 1.256195 -8.192581
v 11.310719 1.259128 -8.237028
v 11.383615 1.354791 -8.315530
v 11.257141 1.429536 -8.212684
v 11.413392 1.468873 -8.202401
v 11.491657 1.369133 -8.112629
v 11.231687 1.282716 -8.189349
v 11.315511 1.354808 -8.109205
vn 0.2356 -0.7175 -0.6555
vn -0.5526 -0.2351 -0.7996
vn -0.1349 0.7152 -0.6857
vn 0.7177 0.6834 0.1336
vn 0.0644 -0.6015 0.7963
vn -0.0834 -0.6960 0.7132
vn -0.2254 0.7251 0.6507
vn -0.7682 0.2282 0.5981
vn -0.1265 -0.9563 0.2634
vn 0.3756 -0.6565 -0.6542
vn -0.6353 -0.0126 -0.7721
vn 0.5628 0.5033 -0.6557
vn 0.4268 -0.6758 0.6010
vn -0.0383 0.6517 0.7575
vt 0.551771 0.821043
vt 0.490236 0.981936
vt 0.443965 0.755163
vt 0.609545 0.740303
vt 0.579499 0.265268
vt 0.447677 0.232718
vt 0.490446 0.016300
vt 0.320967 0.499695
vt 0.242238 0.673984
vt 0.142687 0.564850
vt 0.543218 0.480597
vt 0.654480 0.663904
vt 0.651690 0.523626
vt 0.809399 0.589510
vt 0.375000 0.930496
vt 0.603518 0.001237
vt 0.583364 0.169025
vt 0.384386 0.054537
vt 0.382289 0.419599
s 0
g Cube.008_Material
usemtl Material
f 754/1527/1193 755/1528/1193 753/1529/1193
f 754/1527/1194 759/1530/1194 755/1528/1194
f 756/1531/1195 757/1532/1195 755/1533/1195
f 758/1534/1196 752/1535/1196 757/1536/1196
f 760/1537/1197 753/1529/1197 758/1534/1197
f 760/1537/1198 759/1538/1198 753/1529/1198
f 756/1531/1199 760/1537/1199 757/1532/1199
f 760/1539/1200 756/1540/1200 759/1538/1200
f 759/1538/1201 754/1527/1201 753/1529/1201
f 752/1541/1202 753/1529/1202 755/1528/1202
f 759/1542/1203 756/1543/1203 755/1533/1203
f 752/1544/1204 755/1533/1204 757/1532/1204
f 752/1535/1205 758/1534/1205 753/1529/1205
f 758/1545/1206 757/1532/1206 760/1537/1206
o Cube.009
v 11.421479 1.229580 -8.227674
v 11.290526 1.183013 -8.390962
v 11.384725 1.393578 -8.066571
v 11.291918 1.257558 -7.918890
v 10.989546 1.136680 -8.338444
v 11.050175 1.337956 -8.459246
v 11.180669 1.040867 -8.097231
v 11.332542 1.483767 -8.304126
v 11.200399 1.457544 -8.444836
v 11.084674 1.579852 -8.167938
v 11.125934 1.436069 -7.967694
v 11.319951 1.555735 -8.103847
v 10.898399 1.226123 -8.160858
v 11.085131 1.095304 -7.986154
v 10.905225 1.397328 -8.198760
v 10.934405 1.409885 -7.971766
vn 0.1944 -0.1270 -0.9727
vn 0.7569 0.1225 -0.6420
vn 0.1742 0.9256 -0.3361
vn -0.0791 0.8020 0.5921
vn -0.9901 0.0668 0.1236
vn -0.2979 -0.0160 0.9545
vn -0.4729 -0.8808 0.0249
vn -0.5025 0.6935 -0.5163
vn -0.5858 0.6562 -0.4756
vn -0.9000 -0.0597 -0.4318
vn -0.0744 -0.4966 -0.8648
vn 0.0675 -0.9077 -0.4140
vn 0.3818 0.4610 0.8011
vn 0.3398 -0.6955 0.6331
vn 0.6877 -0.6381 0.3463
vn 0.8999 -0.1858 0.3944
vn 0.5367 -0.8206 -0.1964
vn 0.9482 0.3038 -0.0929
vn 0.7239 0.0462 -0.6884
vn 0.9318 0.3563 -0.0694
vn 0.1830 0.9288 -0.3222
vn -0.7598 -0.3879 0.5217
vn -0.0141 -0.0524 0.9985
vn -0.6189 -0.7818 0.0761
vn -0.7166 0.6954 0.0536
vn -0.8760 -0.0252 -0.4817
vn -0.1212 0.7943 0.5953
vt 0.875000 0.649805
vt 0.849233 0.683396
vt 0.832712 0.540342
vt 0.580473 0.024703
vt 0.534759 0.188184
vt 0.498710 0.020990
vt 0.437420 0.135101
vt 0.411456 0.342495
vt 0.213804 0.511922
vt 0.337875 0.601179
vt 0.185175 0.619999
vt 0.611440 0.548317
vt 0.438499 0.522151
vt 0.536413 0.434917
vt 0.517900 0.691047
vt 0.378975 0.759339
vt 0.724211 0.603714
vt 0.568883 0.768659
vt 0.609419 0.213408
vt 0.625000 0.382072
vt 0.588498 0.519208
vt 0.209844 0.718096
vt 0.479559 0.953620
vt 0.390901 0.953078
vt 0.565332 0.774863
vt 0.583031 0.973602
vt 0.389658 0.010551
vt 0.376620 0.114133
vt 0.125000 0.581137
vt 0.375000 0.421875
s 0
g Cube.009_Material
usemtl Material
f 769/1546/1207 762/1547/1207 766/1548/1207
f 762/1549/1208 769/1550/1208 761/1551/1208
f 768/1552/1209 769/1550/1209 770/1553/1209
f 770/1554/1210 771/1555/1210 772/1556/1210
f 773/1557/1211 776/1558/1211 775/1559/1211
f 774/1560/1212 764/1561/1212 771/1555/1212
f 765/1562/1213 767/1563/1213 774/1560/1213
f 766/1564/1214 770/1553/1214 769/1550/1214
f 766/1564/1215 775/1559/1215 770/1553/1215
f 775/1559/1216 765/1565/1216 773/1566/1216
f 765/1562/1217 766/1548/1217 762/1547/1217
f 765/1562/1218 762/1547/1218 767/1563/1218
f 763/1567/1219 772/1556/1219 771/1555/1219 764/1561/1219
f 764/1561/1220 774/1560/1220 767/1563/1220
f 767/1563/1221 761/1568/1221 764/1561/1221
f 761/1568/1222 763/1569/1222 764/1561/1222
f 767/1570/1223 762/1571/1223 761/1568/1223
f 761/1551/1224 768/1552/1224 763/1572/1224
f 768/1552/1225 761/1551/1225 769/1550/1225
f 763/1572/1226 768/1552/1226 772/1573/1226
f 770/1554/1227 772/1556/1227 768/1574/1227
f 776/1558/1228 773/1557/1228 774/1560/1228
f 776/1558/1229 774/1560/1229 771/1555/1229
f 773/1557/1230 765/1562/1230 774/1560/1230
f 770/1553/1231 775/1559/1231 776/1558/1231
f 766/1564/1232 765/1565/1232 775/1559/1232
f 771/1575/1233 770/1553/1233 776/1558/1233
o Cube.010
v 10.261292 1.296351 -8.661232
v 10.338812 1.214475 -8.653719
v 10.457042 1.191803 -8.722073
v 10.311109 1.354671 -8.748164
v 10.279136 1.369760 -8.567348
v 10.485692 1.255949 -8.625467
v 10.402895 1.218237 -8.823928
v 10.460958 1.374961 -8.732270
v 10.295350 1.431622 -8.655084
vn 0.5157 0.6524 0.5553
vn 0.4940 0.6353 0.5936
vn 0.8834 0.2248 -0.4113
vn 0.9235 -0.1314 -0.3603
vn 0.1383 -0.8435 0.5190
vn -0.5135 -0.5469 -0.6612
vn -0.9696 0.2444 -0.0068
vn -0.9030 0.2434 -0.3541
vn -0.0277 -0.4940 0.8690
vn -0.8577 -0.3929 -0.3316
vn -0.2512 -0.9610 -0.1158
vn -0.0360 0.7672 -0.6404
vn 0.0245 0.4979 -0.8669
vn -0.6318 -0.5478 0.5484
vt 0.856741 0.527884
vt 0.792799 0.664448
vt 0.661337 0.518959
vt 0.570885 0.667835
vt 0.614877 0.834550
vt 0.495616 0.943630
vt 0.319826 0.718976
vt 0.602263 0.105449
vt 0.455701 0.107225
vt 0.553174 0.006579
vt 0.371255 0.573451
vt 0.135465 0.689951
vt 0.165587 0.530358
vt 0.553103 0.308270
vt 0.565029 0.471740
vt 0.392929 0.256090
vt 0.405598 0.560759
vt 0.171875 0.750000
s 0
g Cube.010_Material
usemtl Material
f 781/1576/1234 782/1577/1234 785/1578/1234
f 785/1578/1235 782/1577/1235 784/1579/1235
f 782/1580/1236 779/1581/1236 783/1582/1236
f 784/1579/1237 782/1580/1237 783/1582/1237
f 782/1583/1238 778/1584/1238 779/1585/1238
f 780/1586/1239 778/1587/1239 777/1588/1239
f 781/1589/1240 785/1590/1240 777/1591/1240
f 785/1590/1241 780/1592/1241 777/1591/1241
f 778/1584/1242 782/1583/1242 781/1589/1242
f 780/1586/1243 783/1582/1243 778/1587/1243
f 778/1587/1244 783/1582/1244 779/1593/1244
f 785/1578/1245 784/1579/1245 780/1592/1245
f 784/1579/1246 783/1582/1246 780/1592/1246
f 777/1591/1247 778/1584/1247 781/1589/1247
o Cube.011
v 11.785383 1.227483 -9.877730
v 11.629732 1.381726 -9.657807
v 11.584883 1.196261 -9.715026
v 11.633246 1.322298 -9.858521
v 11.764995 1.398273 -9.814393
v 11.850623 1.273881 -9.719331
v 11.742790 1.120487 -9.747136
v 11.813148 1.359897 -9.635374
v 11.713611 1.239610 -9.617128
vn -0.5780 -0.1097 0.8086
vn -0.9606 0.2614 -0.0942
vn -0.4602 -0.6073 -0.6476
vn 0.1052 0.3568 -0.9282
vn 0.8592 0.4961 -0.1248
vn 0.8624 0.2633 -0.4323
vn 0.8199 -0.5440 -0.1783
vn 0.5892 -0.5255 0.6137
vn -0.2285 -0.7428 0.6293
vn -0.0921 0.2234 0.9704
vn 0.6100 -0.4012 0.6833
vn -0.4266 -0.6034 -0.6738
vn -0.4135 0.8710 -0.2651
vn 0.0939 0.9783 0.1845
vt 0.534218 0.539052
vt 0.807613 0.537738
vt 0.651467 0.712344
vt 0.812212 0.722590
vt 0.440472 0.699464
vt 0.505279 0.954605
vt 0.394685 0.910428
vt 0.529494 0.041599
vt 0.440272 0.169217
vt 0.407900 0.015209
vt 0.224689 0.500632
vt 0.298939 0.554231
vt 0.143822 0.628706
vt 0.350796 0.501919
vt 0.236030 0.724989
vt 0.358556 0.714558
vt 0.602122 0.296489
vt 0.527241 0.521298
vt 0.452229 0.375318
s 0
g Cube.011_Material
usemtl Material
f 794/1594/1248 787/1595/1248 788/1596/1248
f 788/1596/1249 787/1595/1249 789/1597/1249
f 792/1598/1250 789/1599/1250 786/1600/1250
f 789/1601/1251 790/1602/1251 786/1603/1251
f 793/1604/1252 791/1605/1252 790/1606/1252
f 790/1606/1253 791/1607/1253 786/1608/1253
f 791/1607/1254 792/1609/1254 786/1608/1254
f 791/1607/1255 794/1594/1255 792/1598/1255
f 794/1594/1256 788/1596/1256 792/1598/1256
f 787/1610/1257 794/1611/1257 793/1612/1257
f 793/1612/1258 794/1594/1258 791/1607/1258
f 788/1596/1259 789/1599/1259 792/1598/1259
f 789/1601/1260 787/1610/1260 790/1602/1260
f 787/1610/1261 793/1612/1261 790/1602/1261
o Cube.006
v 10.788989 1.260398 -9.763084
v 10.845373 1.361193 -9.925054
v 10.948721 1.163464 -9.927300
v 10.738648 1.275091 -9.874078
v 10.840702 1.226031 -9.960065
v 10.805548 1.116417 -9.894117
v 10.876871 1.213399 -9.762612
v 10.892699 1.375486 -9.834248
v 10.990473 1.262770 -9.902700
vn -0.8528 -0.4017 0.3336
vn -0.6859 -0.2008 -0.6994
vn 0.3693 -0.8323 0.4135
vn -0.6506 0.7254 0.2249
vn -0.4923 0.8055 0.3299
vn 0.7177 0.2217 0.6601
vn 0.1983 0.3799 0.9035
vn 0.5553 0.7270 -0.4039
vn 0.2985 0.2296 -0.9264
vn 0.3368 0.0906 -0.9372
vn -0.0328 -0.5075 -0.8610
vn -0.3522 -0.6518 0.6717
vn 0.7674 -0.4385 0.4678
vn -0.5620 0.2256 -0.7958
vt 0.423616 0.817668
vt 0.438163 0.985880
vt 0.399025 0.926987
vt 0.584080 0.909473
vt 0.477709 0.045024
vt 0.607265 0.122218
vt 0.441545 0.286085
vt 0.565477 0.549583
vt 0.592013 0.712367
vt 0.289400 0.584684
vt 0.400831 0.754486
vt 0.615924 0.357557
vt 0.551199 0.540629
vt 0.429879 0.509305
vt 0.769145 0.562221
vt 0.604783 0.677624
vt 0.780055 0.741830
vt 0.860509 0.631959
vt 0.567506 0.015179
vt 0.377433 0.096481
s 0
g Cube.006_Material
usemtl Material
f 798/1613/1262 800/1614/1262 795/1615/1262
f 799/1616/1263 800/1614/1263 798/1613/1263
f 800/1617/1264 797/1618/1264 801/1619/1264
f 802/1620/1265 796/1621/1265 795/1622/1265
f 796/1621/1266 798/1623/1266 795/1622/1266
f 801/1619/1267 803/1624/1267 802/1625/1267
f 802/1625/1268 795/1626/1268 801/1619/1268
f 802/1620/1269 803/1627/1269 796/1628/1269
f 796/1628/1270 803/1627/1270 799/1629/1270
f 803/1627/1271 797/1630/1271 799/1629/1271
f 799/1631/1272 797/1618/1272 800/1617/1272
f 795/1632/1273 800/1617/1273 801/1619/1273
f 801/1619/1274 797/1618/1274 803/1624/1274
f 796/1621/1275 799/1616/1275 798/1613/1275
o Cube.007
v 11.970804 1.207978 -8.984346
v 12.076507 1.289266 -8.806851
v 11.847281 1.305315 -8.945066
v 11.784199 1.258593 -8.791785
v 11.849942 1.104823 -8.888539
v 12.041438 1.105671 -8.876323
v 11.937079 1.297346 -8.717827
v 11.985049 1.363832 -8.875395
v 12.017865 1.131077 -8.746276
vn 0.9389 -0.2632 0.2216
vn 0.7271 0.3475 -0.5921
vn 0.5392 0.1194 0.8337
vn 0.1769 0.5530 -0.8142
vn -0.4644 -0.2460 -0.8508
vn -0.4301 0.8976 0.0966
vn -0.3460 -0.3191 0.8823
vn 0.8514 0.0354 -0.5232
vn 0.0480 -0.7094 -0.7032
vn -0.0078 -0.9817 0.1904
vn -0.9029 -0.1277 -0.4105
vn -0.3568 0.8946 0.2689
vn 0.3360 0.8268 0.4512
vn -0.4573 -0.6054 0.6515
vt 0.862532 0.586626
vt 0.666025 0.612825
vt 0.793538 0.524739
vt 0.799625 0.742317
vt 0.596159 0.725728
vt 0.676667 0.500000
vt 0.533198 0.702151
vt 0.502729 0.907748
vt 0.315429 0.689365
vt 0.215046 0.717794
vt 0.139986 0.551629
vt 0.365533 0.517965
vt 0.592775 0.342442
vt 0.523296 0.508923
vt 0.395346 0.376049
vt 0.510142 0.020803
vt 0.592582 0.143625
vt 0.414253 0.208459
s 0
g Cube.007_Material
usemtl Material
f 809/1633/1276 805/1634/1276 812/1635/1276
f 805/1634/1277 804/1636/1277 811/1637/1277
f 812/1635/1278 805/1634/1278 810/1638/1278
f 811/1639/1279 804/1640/1279 806/1641/1279
f 806/1641/1280 804/1642/1280 808/1643/1280
f 807/1644/1281 811/1639/1281 806/1641/1281
f 812/1645/1282 810/1646/1282 807/1647/1282
f 809/1633/1283 804/1636/1283 805/1634/1283
f 804/1648/1284 809/1649/1284 808/1650/1284
f 808/1650/1285 809/1649/1285 812/1645/1285
f 808/1643/1286 807/1644/1286 806/1641/1286
f 807/1644/1287 810/1646/1287 811/1639/1287
f 810/1646/1288 805/1634/1288 811/1639/1288
f 808/1650/1289 812/1645/1289 807/1647/1289
o Cube.008
v 10.552290 1.174470 -8.904522
v 10.417296 1.116004 -8.817483
v 10.304709 1.164426 -8.731532
v 10.369273 1.308170 -8.807004
v 10.398914 1.303891 -8.590912
v 10.547217 1.317755 -8.718937
v 10.598214 1.148165 -8.784904
v 10.295960 1.154177 -8.616426
v 10.461934 1.147637 -8.618575
vn -0.6339 -0.1167 -0.7646
vn -0.9183 0.3943 -0.0347
vn -0.0681 0.9973 0.0291
vn 0.8917 0.3697 -0.2611
vn 0.1524 -0.9808 0.1218
vn -0.0367 -0.9856 0.1650
vn 0.6416 0.1248 0.7568
vn 0.0060 -0.1720 0.9851
vn -0.4644 -0.8783 -0.1135
vn -0.5147 -0.0821 -0.8534
vn -0.8273 0.5478 0.1243
vn 0.2493 0.7698 -0.5875
vn 0.2177 -0.9324 -0.2886
vn 0.7735 -0.0139 0.6337
vt 0.551771 0.821043
vt 0.490236 0.981936
vt 0.443965 0.755163
vt 0.609545 0.740303
vt 0.579499 0.265268
vt 0.447677 0.232718
vt 0.490446 0.016300
vt 0.320967 0.499695
vt 0.242238 0.673984
vt 0.142687 0.564850
vt 0.543218 0.480597
vt 0.654480 0.663904
vt 0.651690 0.523626
vt 0.809399 0.589510
vt 0.375000 0.930496
vt 0.603518 0.001237
vt 0.583364 0.169025
vt 0.384386 0.054537
vt 0.382289 0.419599
s 0
g Cube.008_Material
usemtl Material
f 815/1651/1290 816/1652/1290 814/1653/1290
f 815/1651/1291 820/1654/1291 816/1652/1291
f 817/1655/1292 818/1656/1292 816/1657/1292
f 819/1658/1293 813/1659/1293 818/1660/1293
f 821/1661/1294 814/1653/1294 819/1658/1294
f 821/1661/1295 820/1662/1295 814/1653/1295
f 817/1655/1296 821/1661/1296 818/1656/1296
f 821/1663/1297 817/1664/1297 820/1662/1297
f 820/1662/1298 815/1651/1298 814/1653/1298
f 813/1665/1299 814/1653/1299 816/1652/1299
f 820/1666/1300 817/1667/1300 816/1657/1300
f 813/1668/1301 816/1657/1301 818/1656/1301
f 813/1659/1302 819/1658/1302 814/1653/1302
f 819/1669/1303 818/1656/1303 821/1661/1303
o Cube.009
v 11.409298 1.396810 -8.488819
v 11.222293 1.374876 -8.411580
v 11.594671 1.311678 -8.403899
v 11.593162 1.138392 -8.522388
v 11.124535 1.107987 -8.339246
v 11.167237 1.253685 -8.166338
v 11.313846 1.109929 -8.579538
v 11.455947 1.413425 -8.227787
v 11.294994 1.382139 -8.142355
v 11.510882 1.167695 -8.097539
v 11.591382 1.068032 -8.297194
v 11.629554 1.310008 -8.238077
v 11.262538 0.959383 -8.294871
v 11.385245 0.987155 -8.536717
v 11.327972 1.014562 -8.152000
v 11.504582 0.918670 -8.235286
vn -0.7142 0.6778 0.1746
vn -0.1148 0.9934 0.0042
vn 0.3288 0.4986 0.8020
vn 0.8493 -0.2479 0.4661
vn -0.2544 -0.8573 0.4476
vn 0.5820 -0.7775 -0.2383
vn -0.6497 -0.5579 -0.5164
vn -0.1940 0.0098 0.9810
vn -0.2165 -0.0872 0.9724
vn -0.7001 -0.4971 0.5126
vn -0.9420 0.3322 -0.0473
vn -0.7804 0.1195 -0.6138
vn 0.9940 -0.0547 -0.0942
vn 0.2163 -0.2070 -0.9541
vn 0.1703 0.2451 -0.9544
vn 0.5371 0.4729 -0.6985
vn -0.3900 0.3931 -0.8327
vn 0.4651 0.8743 -0.1388
vn -0.2039 0.9786 -0.0258
vn 0.5051 0.8576 -0.0976
vn 0.3442 0.4986 0.7956
vn -0.1216 -0.9772 -0.1739
vn 0.7042 -0.5794 -0.4104
vn -0.6137 -0.6864 -0.3902
vn 0.1460 -0.4817 0.8641
vn -0.7087 -0.4435 0.5487
vn 0.8311 -0.2851 0.4774
vt 0.875000 0.649805
vt 0.849233 0.683396
vt 0.832712 0.540342
vt 0.580473 0.024703
vt 0.534759 0.188184
vt 0.498710 0.020990
vt 0.437420 0.135101
vt 0.411456 0.342495
vt 0.213804 0.511922
vt 0.337875 0.601179
vt 0.185175 0.619999
vt 0.611440 0.548317
vt 0.438499 0.522151
vt 0.536413 0.434917
vt 0.517900 0.691047
vt 0.378975 0.759339
vt 0.724211 0.603714
vt 0.568883 0.768659
vt 0.609419 0.213408
vt 0.625000 0.382072
vt 0.588498 0.519208
vt 0.209844 0.718096
vt 0.479559 0.953620
vt 0.390901 0.953078
vt 0.565332 0.774863
vt 0.583031 0.973602
vt 0.389658 0.010551
vt 0.376620 0.114133
vt 0.125000 0.581137
vt 0.375000 0.421875
s 0
g Cube.009_Material
usemtl Material
f 830/1670/1304 823/1671/1304 827/1672/1304
f 823/1673/1305 830/1674/1305 822/1675/1305
f 829/1676/1306 830/1674/1306 831/1677/1306
f 831/1678/1307 832/1679/1307 833/1680/1307
f 834/1681/1308 837/1682/1308 836/1683/1308
f 835/1684/1309 825/1685/1309 832/1679/1309
f 826/1686/1310 828/1687/1310 835/1684/1310
f 827/1688/1311 831/1677/1311 830/1674/1311
f 827/1688/1312 836/1683/1312 831/1677/1312
f 836/1683/1313 826/1689/1313 834/1690/1313
f 826/1686/1314 827/1672/1314 823/1671/1314
f 826/1686/1315 823/1671/1315 828/1687/1315
f 824/1691/1316 833/1680/1316 832/1679/1316 825/1685/1316
f 825/1685/1317 835/1684/1317 828/1687/1317
f 828/1687/1318 822/1692/1318 825/1685/1318
f 822/1692/1319 824/1693/1319 825/1685/1319
f 828/1694/1320 823/1695/1320 822/1692/1320
f 822/1675/1321 829/1676/1321 824/1696/1321
f 829/1676/1322 822/1675/1322 830/1674/1322
f 824/1696/1323 829/1676/1323 833/1697/1323
f 831/1678/1324 833/1680/1324 829/1698/1324
f 837/1682/1325 834/1681/1325 835/1684/1325
f 837/1682/1326 835/1684/1326 832/1679/1326
f 834/1681/1327 826/1686/1327 835/1684/1327
f 831/1677/1328 836/1683/1328 837/1682/1328
f 827/1688/1329 826/1689/1329 836/1683/1329
f 832/1699/1330 831/1677/1330 837/1682/1330
o Cube.010
v 10.849301 1.103436 -9.671598
v 10.792092 1.068738 -9.762631
v 10.726192 1.137735 -9.862892
v 10.832251 1.217041 -9.686988
v 10.966340 1.091185 -9.697421
v 10.837970 1.120878 -9.901402
v 10.678233 1.209261 -9.781759
v 10.854100 1.264939 -9.829594
v 10.952213 1.197382 -9.679970
vn 0.8427 0.1946 -0.5020
vn 0.8565 0.1502 -0.4938
vn -0.1349 0.7024 -0.6989
vn -0.3639 0.4478 -0.8167
vn -0.2742 -0.8669 -0.4163
vn -0.8366 -0.0517 0.5454
vn 0.2003 -0.1329 0.9707
vn -0.0369 0.1287 0.9910
vn 0.2240 -0.9344 -0.2770
vn -0.4916 -0.2864 0.8224
vn -0.7798 -0.6201 0.0858
vn 0.1334 0.9331 0.3339
vn -0.2196 0.9345 0.2802
vn -0.0168 -0.9307 0.3653
vt 0.856741 0.527884
vt 0.792799 0.664448
vt 0.661337 0.518959
vt 0.570885 0.667835
vt 0.614877 0.834550
vt 0.495616 0.943630
vt 0.319826 0.718976
vt 0.602263 0.105449
vt 0.455701 0.107225
vt 0.553174 0.006579
vt 0.371255 0.573451
vt 0.135465 0.689951
vt 0.165587 0.530358
vt 0.553103 0.308270
vt 0.565029 0.471740
vt 0.392929 0.256090
vt 0.405598 0.560759
vt 0.171875 0.750000
s 0
g Cube.010_Material
usemtl Material
f 842/1700/1331 843/1701/1331 846/1702/1331
f 846/1702/1332 843/1701/1332 845/1703/1332
f 843/1704/1333 840/1705/1333 844/1706/1333
f 845/1703/1334 843/1704/1334 844/1706/1334
f 843/1707/1335 839/1708/1335 840/1709/1335
f 841/1710/1336 839/1711/1336 838/1712/1336
f 842/1713/1337 846/1714/1337 838/1715/1337
f 846/1714/1338 841/1716/1338 838/1715/1338
f 839/1708/1339 843/1707/1339 842/1713/1339
f 841/1710/1340 844/1706/1340 839/1711/1340
f 839/1711/1341 844/1706/1341 840/1717/1341
f 846/1702/1342 845/1703/1342 841/1716/1342
f 845/1703/1343 844/1706/1343 841/1716/1343
f 838/1715/1344 839/1708/1344 842/1713/1344
o Cube.011
v 11.793637 1.203772 -9.799784
v 11.474555 1.164829 -9.513412
v 11.481365 1.029219 -9.753973
v 11.562363 1.290061 -9.760165
v 11.702273 1.321449 -9.593851
v 11.814292 1.101460 -9.576901
v 11.719864 0.974247 -9.786643
v 11.714649 1.113541 -9.434049
v 11.607203 0.977223 -9.565909
vn -0.7289 -0.6050 0.3204
vn -0.9392 0.2872 -0.1885
vn -0.1695 -0.0019 -0.9855
vn 0.2631 0.8833 -0.3880
vn 0.7591 0.4245 0.4936
vn 0.8797 0.4578 0.1286
vn 0.9231 -0.3098 -0.2277
vn 0.5059 -0.8195 0.2693
vn -0.2373 -0.9654 -0.1081
vn -0.3661 -0.4817 0.7962
vn 0.4862 -0.7746 0.4046
vn -0.1318 0.0174 -0.9911
vn -0.4866 0.8366 0.2515
vn -0.1331 0.5990 0.7896
vt 0.534218 0.539052
vt 0.807613 0.537738
vt 0.651467 0.712344
vt 0.812212 0.722590
vt 0.440472 0.699464
vt 0.505279 0.954605
vt 0.394685 0.910428
vt 0.529494 0.041599
vt 0.440272 0.169217
vt 0.407900 0.015209
vt 0.224689 0.500632
vt 0.298939 0.554231
vt 0.143822 0.628706
vt 0.350796 0.501919
vt 0.236030 0.724989
vt 0.358556 0.714558
vt 0.602122 0.296489
vt 0.527241 0.521298
vt 0.452229 0.375318
s 0
g Cube.011_Material
usemtl Material
f 855/1718/1345 848/1719/1345 849/1720/1345
f 849/1720/1346 848/1719/1346 850/1721/1346
f 853/1722/1347 850/1723/1347 847/1724/1347
f 850/1725/1348 851/1726/1348 847/1727/1348
f 854/1728/1349 852/1729/1349 851/1730/1349
f 851/1730/1350 852/1731/1350 847/1732/1350
f 852/1731/1351 853/1733/1351 847/1732/1351
f 852/1731/1352 855/1718/1352 853/1722/1352
f 855/1718/1353 849/1720/1353 853/1722/1353
f 848/1734/1354 855/1735/1354 854/1736/1354
f 854/1736/1355 855/1718/1355 852/1731/1355
f 849/1720/1356 850/1723/1356 853/1722/1356
f 850/1725/1357 848/1734/1357 851/1726/1357
f 848/1734/1358 854/1736/1358 851/1726/1358
o Cube.006
v 11.742712 1.147435 -9.484256
v 11.885864 1.220855 -9.319305
v 11.846766 0.967780 -9.284473
v 11.883362 1.167916 -9.480255
v 11.929332 1.069488 -9.356480
v 11.878737 0.968158 -9.460332
v 11.703248 1.065987 -9.412602
v 11.767174 1.231018 -9.307026
v 11.798412 1.065906 -9.218034
vn 0.0429 -0.1001 -0.9941
vn 0.9192 -0.0601 -0.3892
vn -0.5041 -0.8586 -0.0935
vn 0.0328 0.9022 -0.4300
vn -0.1285 0.9426 -0.3081
vn -0.8963 0.0667 0.4384
vn -0.9177 0.3930 -0.0587
vn 0.1311 0.4895 0.8621
vn 0.7255 0.0396 0.6871
vn 0.7239 -0.1049 0.6819
vn 0.8164 -0.5585 0.1472
vn -0.4594 -0.4507 -0.7654
vn -0.7222 -0.5949 0.3530
vn 0.9472 0.2998 -0.1134
vt 0.423616 0.817668
vt 0.438163 0.985880
vt 0.399025 0.926987
vt 0.584080 0.909473
vt 0.477709 0.045024
vt 0.607265 0.122218
vt 0.441545 0.286085
vt 0.565477 0.549583
vt 0.592013 0.712367
vt 0.289400 0.584684
vt 0.400831 0.754486
vt 0.615924 0.357557
vt 0.551199 0.540629
vt 0.429879 0.509305
vt 0.769145 0.562221
vt 0.604783 0.677624
vt 0.780055 0.741830
vt 0.860509 0.631959
vt 0.567506 0.015179
vt 0.377433 0.096481
s 0
g Cube.006_Material
usemtl Material
f 859/1737/1359 861/1738/1359 856/1739/1359
f 860/1740/1360 861/1738/1360 859/1737/1360
f 861/1741/1361 858/1742/1361 862/1743/1361
f 863/1744/1362 857/1745/1362 856/1746/1362
f 857/1745/1363 859/1747/1363 856/1746/1363
f 862/1743/1364 864/1748/1364 863/1749/1364
f 863/1749/1365 856/1750/1365 862/1743/1365
f 863/1744/1366 864/1751/1366 857/1752/1366
f 857/1752/1367 864/1751/1367 860/1753/1367
f 864/1751/1368 858/1754/1368 860/1753/1368
f 860/1755/1369 858/1742/1369 861/1741/1369
f 856/1756/1370 861/1741/1370 862/1743/1370
f 862/1743/1371 858/1742/1371 864/1748/1371
f 857/1745/1372 860/1740/1372 859/1737/1372
o Cube.007
v 11.126431 1.162593 -8.293268
v 11.188666 1.045587 -8.471506
v 11.054147 1.027508 -8.240091
v 10.928224 0.983332 -8.349077
v 10.947471 1.175497 -8.340891
v 11.101883 1.223187 -8.444519
v 11.046276 0.960927 -8.475310
v 11.170000 0.985789 -8.350195
v 11.048780 1.138381 -8.534624
vn 0.5818 0.3925 -0.7123
vn 0.9599 0.1631 0.2281
vn 0.2106 -0.3126 -0.9263
vn 0.6736 -0.0709 0.7357
vn -0.1993 0.4494 0.8708
vn 0.0111 -0.9311 0.3645
vn -0.7327 -0.2064 -0.6485
vn 0.8998 0.4354 0.0284
vn -0.0334 0.9259 0.3763
vn -0.5094 0.7559 -0.4112
vn -0.6609 0.0343 0.7497
vn 0.0108 -0.9828 0.1846
vn 0.4899 -0.8095 -0.3236
vn -0.8724 0.1077 -0.4768
vt 0.862532 0.586626
vt 0.666025 0.612825
vt 0.793538 0.524739
vt 0.799625 0.742317
vt 0.596159 0.725728
vt 0.676667 0.500000
vt 0.533198 0.702151
vt 0.502729 0.907748
vt 0.315429 0.689365
vt 0.215046 0.717794
vt 0.139986 0.551629
vt 0.365533 0.517965
vt 0.592775 0.342442
vt 0.523296 0.508923
vt 0.395346 0.376049
vt 0.510142 0.020803
vt 0.592582 0.143625
vt 0.414253 0.208459
s 0
g Cube.007_Material
usemtl Material
f 870/1757/1373 866/1758/1373 873/1759/1373
f 866/1758/1374 865/1760/1374 872/1761/1374
f 873/1759/1375 866/1758/1375 871/1762/1375
f 872/1763/1376 865/1764/1376 867/1765/1376
f 867/1765/1377 865/1766/1377 869/1767/1377
f 868/1768/1378 872/1763/1378 867/1765/1378
f 873/1769/1379 871/1770/1379 868/1771/1379
f 870/1757/1380 865/1760/1380 866/1758/1380
f 865/1772/1381 870/1773/1381 869/1774/1381
f 869/1774/1382 870/1773/1382 873/1769/1382
f 869/1767/1383 868/1768/1383 867/1765/1383
f 868/1768/1384 871/1770/1384 872/1763/1384
f 871/1770/1385 866/1758/1385 872/1763/1385
f 869/1774/1386 873/1769/1386 868/1771/1386
o Cube.008
v 10.364837 0.947407 -9.220911
v 10.411769 1.083018 -9.224780
v 10.491030 1.157008 -9.288408
v 10.477468 1.036150 -9.370511
v 10.645866 1.058147 -9.301759
v 10.553589 0.924620 -9.272346
v 10.451463 0.949261 -9.153380
v 10.577702 1.189248 -9.258042
v 10.578058 1.075928 -9.176666
vn -0.7727 0.4137 -0.4814
vn 0.0844 0.5534 -0.8286
vn 0.3877 -0.4456 -0.8069
vn -0.0829 -0.9876 0.1334
vn -0.2388 0.4012 0.8843
vn -0.2058 0.5704 0.7952
vn 0.7686 -0.4261 0.4772
vn 0.8549 0.3044 0.4201
vn -0.4384 0.8081 0.3935
vn -0.8394 0.2772 -0.4676
vn 0.2910 0.4354 -0.8519
vn -0.2600 -0.7319 -0.6299
vn -0.6014 0.2300 0.7651
vn 0.6074 -0.4924 0.6234
vt 0.551771 0.821043
vt 0.490236 0.981936
vt 0.443965 0.755163
vt 0.609545 0.740303
vt 0.579499 0.265268
vt 0.447677 0.232718
vt 0.490446 0.016300
vt 0.320967 0.499695
vt 0.242238 0.673984
vt 0.142687 0.564850
vt 0.543218 0.480597
vt 0.654480 0.663904
vt 0.651690 0.523626
vt 0.809399 0.589510
vt 0.375000 0.930496
vt 0.603518 0.001237
vt 0.583364 0.169025
vt 0.384386 0.054537
vt 0.382289 0.419599
s 0
g Cube.008_Material
usemtl Material
f 876/1775/1387 877/1776/1387 875/1777/1387
f 876/1775/1388 881/1778/1388 877/1776/1388
f 878/1779/1389 879/1780/1389 877/1781/1389
f 880/1782/1390 874/1783/1390 879/1784/1390
f 882/1785/1391 875/1777/1391 880/1782/1391
f 882/1785/1392 881/1786/1392 875/1777/1392
f 878/1779/1393 882/1785/1393 879/1780/1393
f 882/1787/1394 878/1788/1394 881/1786/1394
f 881/1786/1395 876/1775/1395 875/1777/1395
f 874/1789/1396 875/1777/1396 877/1776/1396
f 881/1790/1397 878/1791/1397 877/1781/1397
f 874/1792/1398 877/1781/1398 879/1780/1398
f 874/1783/1399 880/1782/1399 875/1777/1399
f 880/1793/1400 879/1780/1400 882/1785/1400
o Cube.009
v 10.812512 0.919881 -8.307924
v 10.985151 0.937331 -8.362636
v 10.658245 1.020504 -8.379308
v 10.608263 0.890022 -8.504598
v 11.042530 0.929208 -8.618348
v 11.064240 1.110584 -8.523748
v 10.831122 0.771075 -8.546976
v 10.829111 1.154279 -8.342546
v 10.979700 1.183162 -8.404262
v 10.771038 1.234684 -8.575767
v 10.645463 1.067679 -8.612041
v 10.662409 1.168525 -8.411300
v 10.910616 0.973434 -8.741177
v 10.759888 0.802789 -8.654244
v 10.892671 1.119100 -8.716111
v 10.709471 1.073684 -8.762975
vn 0.8414 0.1083 0.5295
vn 0.2826 0.1662 0.9447
vn -0.0431 0.9412 0.3352
vn -0.7482 0.6161 -0.2463
vn 0.1989 0.1899 -0.9614
vn -0.7467 -0.2227 -0.6268
vn 0.4062 -0.7671 -0.4965
vn 0.4142 0.8779 -0.2402
vn 0.4170 0.8451 -0.3345
vn 0.7029 0.2039 -0.6815
vn 0.9484 -0.2283 0.2201
vn 0.6258 -0.7624 0.1646
vn -0.9830 0.1620 0.0868
vn -0.4635 -0.8849 0.0462
vn -0.3414 -0.8097 0.4774
vn -0.5940 -0.4271 0.6817
vn 0.2488 -0.8134 0.5257
vn -0.3262 0.1607 0.9315
vn 0.3585 0.1115 0.9269
vn -0.3579 0.2069 0.9106
vn -0.0594 0.9391 0.3385
vn -0.0928 -0.3857 -0.9179
vn -0.8693 -0.3148 -0.3812
vn 0.3787 -0.6633 -0.6455
vn -0.0232 0.7617 -0.6475
vn 0.7287 0.2461 -0.6391
vn -0.7346 0.6147 -0.2871
vt 0.875000 0.649805
vt 0.849233 0.683396
vt 0.832712 0.540342
vt 0.580473 0.024703
vt 0.534759 0.188184
vt 0.498710 0.020990
vt 0.437420 0.135101
vt 0.411456 0.342495
vt 0.213804 0.511922
vt 0.337875 0.601179
vt 0.185175 0.619999
vt 0.611440 0.548317
vt 0.438499 0.522151
vt 0.536413 0.434917
vt 0.517900 0.691047
vt 0.378975 0.759339
vt 0.724211 0.603714
vt 0.568883 0.768659
vt 0.609419 0.213408
vt 0.625000 0.382072
vt 0.588498 0.519208
vt 0.209844 0.718096
vt 0.479559 0.953620
vt 0.390901 0.953078
vt 0.565332 0.774863
vt 0.583031 0.973602
vt 0.389658 0.010551
vt 0.376620 0.114133
vt 0.125000 0.581137
vt 0.375000 0.421875
s 0
g Cube.009_Material
usemtl Material
f 891/1794/1401 884/1795/1401 888/1796/1401
f 884/1797/1402 891/1798/1402 883/1799/1402
f 890/1800/1403 891/1798/1403 892/1801/1403
f 892/1802/1404 893/1803/1404 894/1804/1404
f 895/1805/1405 898/1806/1405 897/1807/1405
f 896/1808/1406 886/1809/1406 893/1803/1406
f 887/1810/1407 889/1811/1407 896/1808/1407
f 888/1812/1408 892/1801/1408 891/1798/1408
f 888/1812/1409 897/1807/1409 892/1801/1409
f 897/1807/1410 887/1813/1410 895/1814/1410
f 887/1810/1411 888/1796/1411 884/1795/1411
f 887/1810/1412 884/1795/1412 889/1811/1412
f 885/1815/1413 894/1804/1413 893/1803/1413 886/1809/1413
f 886/1809/1414 896/1808/1414 889/1811/1414
f 889/1811/1415 883/1816/1415 886/1809/1415
f 883/1816/1416 885/1817/1416 886/1809/1416
f 889/1818/1417 884/1819/1417 883/1816/1417
f 883/1799/1418 890/1800/1418 885/1820/1418
f 890/1800/1419 883/1799/1419 891/1798/1419
f 885/1820/1420 890/1800/1420 894/1821/1420
f 892/1802/1421 894/1804/1421 890/1822/1421
f 898/1806/1422 895/1805/1422 896/1808/1422
f 898/1806/1423 896/1808/1423 893/1803/1423
f 895/1805/1424 887/1810/1424 896/1808/1424
f 892/1801/1425 897/1807/1425 898/1806/1425
f 888/1812/1426 887/1813/1426 897/1807/1426
f 893/1823/1427 892/1801/1427 898/1806/1427
o Cube.010
v 10.589918 0.907914 -9.388510
v 10.532022 1.007977 -9.408765
v 10.474735 1.105974 -9.320516
v 10.583053 0.911380 -9.268349
v 10.711081 0.931569 -9.409123
v 10.590653 1.143447 -9.343967
v 10.427610 1.015845 -9.251497
v 10.616648 1.052197 -9.205255
v 10.705026 0.901892 -9.300506
vn 0.8782 0.4466 0.1710
vn 0.8878 0.4429 0.1249
vn -0.0426 0.6214 0.7824
vn -0.2868 0.7748 0.5634
vn -0.3276 0.5193 -0.7893
vn -0.8620 -0.5058 -0.0347
vn 0.1437 -0.9566 -0.2534
vn -0.0711 -0.9972 0.0247
vn 0.1562 0.3704 -0.9157
vn -0.5512 -0.7674 -0.3276
vn -0.8328 0.0116 -0.5535
vn 0.1968 -0.4396 0.8763
vn -0.1520 -0.3737 0.9150
vn -0.1126 -0.2593 -0.9592
vt 0.856741 0.527884
vt 0.792799 0.664448
vt 0.661337 0.518959
vt 0.570885 0.667835
vt 0.614877 0.834550
vt 0.495616 0.943630
vt 0.319826 0.718976
vt 0.602263 0.105449
vt 0.455701 0.107225
vt 0.553174 0.006579
vt 0.371255 0.573451
vt 0.135465 0.689951
vt 0.165587 0.530358
vt 0.553103 0.308270
vt 0.565029 0.471740
vt 0.392929 0.256090
vt 0.405598 0.560759
vt 0.171875 0.750000
s 0
g Cube.010_Material
usemtl Material
f 903/1824/1428 904/1825/1428 907/1826/1428
f 907/1826/1429 904/1825/1429 906/1827/1429
f 904/1828/1430 901/1829/1430 905/1830/1430
f 906/1827/1431 904/1828/1431 905/1830/1431
f 904/1831/1432 900/1832/1432 901/1833/1432
f 902/1834/1433 900/1835/1433 899/1836/1433
f 903/1837/1434 907/1838/1434 899/1839/1434
f 907/1838/1435 902/1840/1435 899/1839/1435
f 900/1832/1436 904/1831/1436 903/1837/1436
f 902/1834/1437 905/1830/1437 900/1835/1437
f 900/1835/1438 905/1830/1438 901/1841/1438
f 907/1826/1439 906/1827/1439 902/1840/1439
f 906/1827/1440 905/1830/1440 902/1840/1440
f 899/1839/1441 900/1832/1441 903/1837/1441
o Cube.011
v 11.592612 0.972391 -9.769271
v 11.293725 0.850642 -9.475693
v 11.510602 1.017253 -9.415921
v 11.563437 0.803003 -9.583130
v 11.405555 0.797766 -9.739875
v 11.352818 1.040968 -9.770797
v 11.538393 1.158833 -9.620373
v 11.210331 0.971985 -9.691780
v 11.316322 1.081659 -9.531982
vn -0.4329 0.2532 0.8652
vn 0.2165 -0.5669 0.7948
vn 0.9673 0.0928 0.2360
vn 0.5379 -0.6637 -0.5197
vn -0.3992 -0.2003 -0.8947
vn -0.0317 -0.1328 -0.9906
vn 0.1894 0.6458 -0.7397
vn -0.3952 0.8936 -0.2127
vn -0.0627 0.8245 0.5624
vn -0.8736 0.1942 0.4462
vn -0.5213 0.8245 -0.2201
vn 0.9768 0.0891 0.1945
vn -0.1145 -0.9823 0.1481
vn -0.6784 -0.7207 -0.1429
vt 0.534218 0.539052
vt 0.807613 0.537738
vt 0.651467 0.712344
vt 0.812212 0.722590
vt 0.440472 0.699464
vt 0.505279 0.954605
vt 0.394685 0.910428
vt 0.529494 0.041599
vt 0.440272 0.169217
vt 0.407900 0.015209
vt 0.224689 0.500632
vt 0.298939 0.554231
vt 0.143822 0.628706
vt 0.350796 0.501919
vt 0.236030 0.724989
vt 0.358556 0.714558
vt 0.602122 0.296489
vt 0.527241 0.521298
vt 0.452229 0.375318
s 0
g Cube.011_Material
usemtl Material
f 916/1842/1442 909/1843/1442 910/1844/1442
f 910/1844/1443 909/1843/1443 911/1845/1443
f 914/1846/1444 911/1847/1444 908/1848/1444
f 911/1849/1445 912/1850/1445 908/1851/1445
f 915/1852/1446 913/1853/1446 912/1854/1446
f 912/1854/1447 913/1855/1447 908/1856/1447
f 913/1855/1448 914/1857/1448 908/1856/1448
f 913/1855/1449 916/1842/1449 914/1846/1449
f 916/1842/1450 910/1844/1450 914/1846/1450
f 909/1858/1451 916/1859/1451 915/1860/1451
f 915/1860/1452 916/1842/1452 913/1855/1452
f 910/1844/1453 911/1847/1453 914/1846/1453
f 911/1849/1454 909/1858/1454 912/1850/1454
f 909/1858/1455 915/1860/1455 912/1850/1455
o Cube.006
v 11.564801 0.869641 -8.683410
v 11.396075 0.851476 -8.568047
v 11.491345 1.056129 -8.523203
v 11.442080 0.890917 -8.706252
v 11.408351 0.990486 -8.603985
v 11.496955 1.059416 -8.682250
v 11.606649 0.929914 -8.611408
v 11.489258 0.810735 -8.535931
v 11.492337 0.961729 -8.459332
vn 0.1951 0.0757 -0.9778
vn -0.7557 0.3269 -0.5675
vn 0.7515 0.6585 0.0401
vn -0.2195 -0.8621 -0.4568
vn -0.1071 -0.9461 -0.3057
vn 0.7222 -0.3246 0.6108
vn 0.7439 -0.6578 0.1183
vn -0.4494 -0.3969 0.8004
vn -0.8274 0.2079 0.5217
vn -0.7804 0.3447 0.5216
vn -0.6170 0.7869 -0.0055
vn 0.7226 0.2623 -0.6395
vn 0.7814 0.3553 0.5130
vn -0.9490 0.0023 -0.3152
vt 0.423616 0.817668
vt 0.438163 0.985880
vt 0.399025 0.926987
vt 0.584080 0.909473
vt 0.477709 0.045024
vt 0.607265 0.122218
vt 0.441545 0.286085
vt 0.565477 0.549583
vt 0.592013 0.712367
vt 0.289400 0.584684
vt 0.400831 0.754486
vt 0.615924 0.357557
vt 0.551199 0.540629
vt 0.429879 0.509305
vt 0.769145 0.562221
vt 0.604783 0.677624
vt 0.780055 0.741830
vt 0.860509 0.631959
vt 0.567506 0.015179
vt 0.377433 0.096481
s 0
g Cube.006_Material
usemtl Material
f 920/1861/1456 922/1862/1456 917/1863/1456
f 921/1864/1457 922/1862/1457 920/1861/1457
f 922/1865/1458 919/1866/1458 923/1867/1458
f 924/1868/1459 918/1869/1459 917/1870/1459
f 918/1869/1460 920/1871/1460 917/1870/1460
f 923/1867/1461 925/1872/1461 924/1873/1461
f 924/1873/1462 917/1874/1462 923/1867/1462
f 924/1868/1463 925/1875/1463 918/1876/1463
f 918/1876/1464 925/1875/1464 921/1877/1464
f 925/1875/1465 919/1878/1465 921/1877/1465
f 921/1879/1466 919/1866/1466 922/1865/1466
f 917/1880/1467 922/1865/1467 923/1867/1467
f 923/1867/1468 919/1866/1468 925/1872/1468
f 918/1869/1469 921/1864/1469 920/1861/1469
o Cube.007
v 10.897147 0.853999 -8.719284
v 10.784381 0.833329 -8.540241
v 10.898182 1.006748 -8.691638
v 10.743709 1.064309 -8.696531
v 10.765307 0.924252 -8.815495
v 10.764882 0.768081 -8.718651
v 10.704294 0.967720 -8.566355
v 10.870009 0.930814 -8.555844
v 10.662750 0.821299 -8.660780
vn -0.2648 -0.8959 0.3566
vn 0.7222 -0.5721 0.3888
vn -0.6663 -0.2613 0.6984
vn 0.9826 -0.0395 0.1817
vn 0.6298 0.1342 -0.7651
vn 0.2856 0.8100 0.5122
vn -0.9496 0.3077 -0.0593
vn 0.5297 -0.8136 0.2397
vn 0.3208 -0.4998 -0.8045
vn -0.6030 -0.4192 -0.6787
vn 0.2640 0.6477 -0.7147
vn 0.1337 0.7761 0.6163
vn -0.0229 0.1776 0.9838
vn -0.8746 0.2284 -0.4277
vt 0.862532 0.586626
vt 0.666025 0.612825
vt 0.793538 0.524739
vt 0.799625 0.742317
vt 0.596159 0.725728
vt 0.676667 0.500000
vt 0.533198 0.702151
vt 0.502729 0.907748
vt 0.315429 0.689365
vt 0.215046 0.717794
vt 0.139986 0.551629
vt 0.365533 0.517965
vt 0.592775 0.342442
vt 0.523296 0.508923
vt 0.395346 0.376049
vt 0.510142 0.020803
vt 0.592582 0.143625
vt 0.414253 0.208459
s 0
g Cube.007_Material
usemtl Material
f 931/1881/1470 927/1882/1470 934/1883/1470
f 927/1882/1471 926/1884/1471 933/1885/1471
f 934/1883/1472 927/1882/1472 932/1886/1472
f 933/1887/1473 926/1888/1473 928/1889/1473
f 928/1889/1474 926/1890/1474 930/1891/1474
f 929/1892/1475 933/1887/1475 928/1889/1475
f 934/1893/1476 932/1894/1476 929/1895/1476
f 931/1881/1477 926/1884/1477 927/1882/1477
f 926/1896/1478 931/1897/1478 930/1898/1478
f 930/1898/1479 931/1897/1479 934/1893/1479
f 930/1891/1480 929/1892/1480 928/1889/1480
f 929/1892/1481 932/1894/1481 933/1887/1481
f 932/1894/1482 927/1882/1482 933/1887/1482
f 930/1898/1483 934/1893/1483 929/1895/1483
o Cube.008
v 11.110738 0.734680 -9.529429
v 11.129307 0.870554 -9.521717
v 11.069244 0.973867 -9.535437
v 10.970184 0.874523 -9.530037
v 10.980244 0.953567 -9.686184
v 10.998908 0.797993 -9.667265
v 11.140876 0.763365 -9.625952
v 11.075856 1.033098 -9.606996
v 11.114395 0.926264 -9.677134
vn -0.0494 0.1032 0.9934
vn -0.6122 0.6360 0.4699
vn -0.9823 -0.1338 -0.1310
vn -0.1353 -0.9374 -0.3208
vn 0.9882 0.1475 -0.0420
vn 0.9456 0.3243 0.0255
vn 0.0435 -0.1155 -0.9924
vn 0.1723 0.5833 -0.7938
vn 0.7332 0.4890 0.4725
vn -0.0534 -0.0493 0.9974
vn -0.7373 0.6207 0.2667
vn -0.6852 -0.6876 0.2401
vn 0.9559 -0.1451 0.2553
vn 0.2103 -0.2618 -0.9419
vt 0.551771 0.821043
vt 0.490236 0.981936
vt 0.443965 0.755163
vt 0.609545 0.740303
vt 0.579499 0.265268
vt 0.447677 0.232718
vt 0.490446 0.016300
vt 0.320967 0.499695
vt 0.242238 0.673984
vt 0.142687 0.564850
vt 0.543218 0.480597
vt 0.654480 0.663904
vt 0.651690 0.523626
vt 0.809399 0.589510
vt 0.375000 0.930496
vt 0.603518 0.001237
vt 0.583364 0.169025
vt 0.384386 0.054537
vt 0.382289 0.419599
s 0
g Cube.008_Material
usemtl Material
f 937/1899/1484 938/1900/1484 936/1901/1484
f 937/1899/1485 942/1902/1485 938/1900/1485
f 939/1903/1486 940/1904/1486 938/1905/1486
f 941/1906/1487 935/1907/1487 940/1908/1487
f 943/1909/1488 936/1901/1488 941/1906/1488
f 943/1909/1489 942/1910/1489 936/1901/1489
f 939/1903/1490 943/1909/1490 940/1904/1490
f 943/1911/1491 939/1912/1491 942/1910/1491
f 942/1910/1492 937/1899/1492 936/1901/1492
f 935/1913/1493 936/1901/1493 938/1900/1493
f 942/1914/1494 939/1915/1494 938/1905/1494
f 935/1916/1495 938/1905/1495 940/1904/1495
f 935/1907/1496 941/1906/1496 936/1901/1496
f 941/1917/1497 940/1904/1497 943/1909/1497
o Cube.009
v 11.401560 0.887911 -9.322309
v 11.433187 0.748729 -9.238663
v 11.518010 1.021567 -9.351233
v 11.569430 0.965511 -9.503991
v 11.627923 0.621081 -9.289891
v 11.625470 0.709315 -9.124976
v 11.528633 0.736887 -9.486281
v 11.525187 0.960506 -9.160781
v 11.569670 0.840240 -9.082388
v 11.751854 0.962491 -9.202288
v 11.725326 0.976278 -9.392793
v 11.604894 1.068901 -9.255387
v 11.759485 0.698551 -9.361780
v 11.635699 0.768885 -9.531599
v 11.802226 0.779609 -9.262118
v 11.841383 0.882855 -9.400241
vn -0.5203 -0.4565 0.7217
vn -0.7899 0.1739 0.5880
vn 0.1422 0.5769 0.8043
vn 0.5920 0.8056 -0.0241
vn 0.9085 -0.4146 -0.0524
vn 0.5417 0.2932 -0.7878
vn 0.0346 -0.8531 -0.5206
vn 0.5629 -0.0288 0.8260
vn 0.6305 -0.0790 0.7722
vn 0.6062 -0.7241 0.3290
vn -0.4157 -0.8045 0.4242
vn -0.5721 -0.7997 -0.1823
vn 0.1196 0.9105 -0.3957
vn -0.3893 -0.0019 -0.9211
vn -0.7493 0.0828 -0.6570
vn -0.7223 0.5343 -0.4392
vn -0.8666 -0.3866 -0.3155
vn -0.7055 0.6667 0.2403
vn -0.8087 0.0807 0.5827
vn -0.6620 0.7061 0.2513
vn 0.1404 0.5905 0.7948
vn 0.6422 -0.4193 -0.6417
vn 0.2985 0.4384 -0.8478
vn 0.2167 -0.8359 -0.5042
vn 0.9221 0.1353 0.3626
vn 0.5850 -0.7114 0.3893
vn 0.6256 0.7796 -0.0307
vt 0.875000 0.649805
vt 0.849233 0.683396
vt 0.832712 0.540342
vt 0.580473 0.024703
vt 0.534759 0.188184
vt 0.498710 0.020990
vt 0.437420 0.135101
vt 0.411456 0.342495
vt 0.213804 0.511922
vt 0.337875 0.601179
vt 0.185175 0.619999
vt 0.611440 0.548317
vt 0.438499 0.522151
vt 0.536413 0.434917
vt 0.517900 0.691047
vt 0.378975 0.759339
vt 0.724211 0.603714
vt 0.568883 0.768659
vt 0.609419 0.213408
vt 0.625000 0.382072
vt 0.588498 0.519208
vt 0.209844 0.718096
vt 0.479559 0.953620
vt 0.390901 0.953078
vt 0.565332 0.774863
vt 0.583031 0.973602
vt 0.389658 0.010551
vt 0.376620 0.114133
vt 0.125000 0.581137
vt 0.375000 0.421875
s 0
g Cube.009_Material
usemtl Material
f 952/1918/1498 945/1919/1498 949/1920/1498
f 945/1921/1499 952/1922/1499 944/1923/1499
f 951/1924/1500 952/1922/1500 953/1925/1500
f 953/1926/1501 954/1927/1501 955/1928/1501
f 956/1929/1502 959/1930/1502 958/1931/1502
f 957/1932/1503 947/1933/1503 954/1927/1503
f 948/1934/1504 950/1935/1504 957/1932/1504
f 949/1936/1505 953/1925/1505 952/1922/1505
f 949/1936/1506 958/1931/1506 953/1925/1506
f 958/1931/1507 948/1937/1507 956/1938/1507
f 948/1934/1508 949/1920/1508 945/1919/1508
f 948/1934/1509 945/1919/1509 950/1935/1509
f 946/1939/1510 955/1928/1510 954/1927/1510 947/1933/1510
f 947/1933/1511 957/1932/1511 950/1935/1511
f 950/1935/1512 944/1940/1512 947/1933/1512
f 944/1940/1513 946/1941/1513 947/1933/1513
f 950/1942/1514 945/1943/1514 944/1940/1514
f 944/1923/1515 951/1924/1515 946/1944/1515
f 951/1924/1516 944/1923/1516 952/1922/1516
f 946/1944/1517 951/1924/1517 955/1945/1517
f 953/1926/1518 955/1928/1518 951/1946/1518
f 959/1930/1519 956/1929/1519 957/1932/1519
f 959/1930/1520 957/1932/1520 954/1927/1520
f 956/1929/1521 948/1934/1521 957/1932/1521
f 953/1925/1522 958/1931/1522 959/1930/1522
f 949/1936/1523 948/1937/1523 958/1931/1523
f 954/1947/1524 953/1925/1524 959/1930/1524
o Cube.010
v 11.637641 0.704302 -8.874430
v 11.734881 0.773021 -8.936072
v 11.732602 0.878878 -9.061651
v 11.533929 0.748042 -8.953502
v 11.612077 0.771164 -8.750654
v 11.719221 0.956362 -8.943734
v 11.645362 0.793764 -9.131379
v 11.534258 0.925672 -8.985058
v 11.501233 0.777923 -8.815945
vn -0.2910 0.7660 0.5733
vn -0.2601 0.7517 0.6060
vn -0.3199 0.7747 -0.5454
vn 0.0228 0.7511 -0.6598
vn 0.9946 0.0873 0.0555
vn 0.1495 -0.7690 -0.6215
vn -0.2925 -0.8653 0.4070
vn -0.4435 -0.8919 0.0883
vn 0.8296 0.0939 0.5504
vn 0.1358 -0.9767 -0.1660
vn 0.7834 -0.4681 -0.4088
vn -0.9740 -0.0379 -0.2233
vn -0.8323 -0.0955 -0.5460
vn 0.6878 -0.5697 0.4498
vt 0.856741 0.527884
vt 0.792799 0.664448
vt 0.661337 0.518959
vt 0.570885 0.667835
vt 0.614877 0.834550
vt 0.495616 0.943630
vt 0.319826 0.718976
vt 0.602263 0.105449
vt 0.455701 0.107225
vt 0.553174 0.006579
vt 0.371255 0.573451
vt 0.135465 0.689951
vt 0.165587 0.530358
vt 0.553103 0.308270
vt 0.565029 0.471740
vt 0.392929 0.256090
vt 0.405598 0.560759
vt 0.171875 0.750000
s 0
g Cube.010_Material
usemtl Material
f 964/1948/1525 965/1949/1525 968/1950/1525
f 968/1950/1526 965/1949/1526 967/1951/1526
f 965/1952/1527 962/1953/1527 966/1954/1527
f 967/1951/1528 965/1952/1528 966/1954/1528
f 965/1955/1529 961/1956/1529 962/1957/1529
f 963/1958/1530 961/1959/1530 960/1960/1530
f 964/1961/1531 968/1962/1531 960/1963/1531
f 968/1962/1532 963/1964/1532 960/1963/1532
f 961/1956/1533 965/1955/1533 964/1961/1533
f 963/1958/1534 966/1954/1534 961/1959/1534
f 961/1959/1535 966/1954/1535 962/1965/1535
f 968/1950/1536 967/1951/1536 963/1964/1536
f 967/1951/1537 966/1954/1537 963/1964/1537
f 960/1963/1538 961/1956/1538 964/1961/1538
o Cube.011
v 11.019045 0.851765 -8.896250
v 10.749784 0.821894 -8.545111
v 10.659423 0.882494 -8.808062
v 10.899481 1.005468 -8.727691
v 11.031340 0.846885 -8.634743
v 10.968486 0.638924 -8.768097
v 10.805982 0.740142 -8.959594
v 10.901641 0.611659 -8.603363
v 10.723956 0.666010 -8.729456
vn -0.9425 -0.1783 0.2828
vn -0.5178 0.7774 0.3571
vn -0.1418 0.6793 -0.7200
vn 0.7758 0.6305 -0.0247
vn 0.8569 -0.4357 0.2756
vn 0.9645 -0.2593 -0.0502
vn 0.4852 -0.5327 -0.6934
vn -0.1580 -0.9221 -0.3533
vn -0.8173 -0.3957 -0.4188
vn -0.5822 -0.5788 0.5710
vn -0.1413 -0.9658 -0.2172
vn -0.1008 0.6746 -0.7312
vn 0.1908 0.6096 0.7694
vn 0.3065 -0.0421 0.9509
vt 0.534218 0.539052
vt 0.807613 0.537738
vt 0.651467 0.712344
vt 0.812212 0.722590
vt 0.440472 0.699464
vt 0.505279 0.954605
vt 0.394685 0.910428
vt 0.529494 0.041599
vt 0.440272 0.169217
vt 0.407900 0.015209
vt 0.224689 0.500632
vt 0.298939 0.554231
vt 0.143822 0.628706
vt 0.350796 0.501919
vt 0.236030 0.724989
vt 0.358556 0.714558
vt 0.602122 0.296489
vt 0.527241 0.521298
vt 0.452229 0.375318
s 0
g Cube.011_Material
usemtl Material
f 977/1966/1539 970/1967/1539 971/1968/1539
f 971/1968/1540 970/1967/1540 972/1969/1540
f 975/1970/1541 972/1971/1541 969/1972/1541
f 972/1973/1542 973/1974/1542 969/1975/1542
f 976/1976/1543 974/1977/1543 973/1978/1543
f 973/1978/1544 974/1979/1544 969/1980/1544
f 974/1979/1545 975/1981/1545 969/1980/1545
f 974/1979/1546 977/1966/1546 975/1970/1546
f 977/1966/1547 971/1968/1547 975/1970/1547
f 970/1982/1548 977/1983/1548 976/1984/1548
f 976/1984/1549 977/1966/1549 974/1979/1549
f 971/1968/1550 972/1971/1550 975/1970/1550
f 972/1973/1551 970/1982/1551 973/1974/1551
f 970/1982/1552 976/1984/1552 973/1974/1552
o Cube.006
v 10.892530 0.715917 -9.243298
v 10.787062 0.867415 -9.288818
v 10.703995 0.697271 -9.386922
v 10.803680 0.770446 -9.189467
v 10.704713 0.762521 -9.282249
v 10.721874 0.640606 -9.251936
v 10.870575 0.676307 -9.327092
v 10.869573 0.845945 -9.338772
v 10.761645 0.775507 -9.428259
vn 0.1868 -0.5190 0.8341
vn -0.6851 0.0835 0.7236
vn 0.0241 -0.9206 -0.3897
vn 0.5307 0.5605 0.6357
vn 0.6509 0.5949 0.4717
vn 0.6559 -0.0480 -0.7533
vn 0.9686 -0.0114 -0.2484
vn -0.1049 0.8390 -0.5339
vn -0.7695 0.5886 -0.2477
vn -0.8374 0.4664 -0.2850
vn -0.9896 -0.1191 0.0811
vn 0.3696 -0.8737 0.3162
vn 0.2118 -0.5740 -0.7910
vn -0.6078 0.5150 0.6044
vt 0.423616 0.817668
vt 0.438163 0.985880
vt 0.399025 0.926987
vt 0.584080 0.909473
vt 0.477709 0.045024
vt 0.607265 0.122218
vt 0.441545 0.286085
vt 0.565477 0.549583
vt 0.592013 0.712367
vt 0.289400 0.584684
vt 0.400831 0.754486
vt 0.615924 0.357557
vt 0.551199 0.540629
vt 0.429879 0.509305
vt 0.769145 0.562221
vt 0.604783 0.677624
vt 0.780055 0.741830
vt 0.860509 0.631959
vt 0.567506 0.015179
vt 0.377433 0.096481
s 0
g Cube.006_Material
usemtl Material
f 981/1985/1553 983/1986/1553 978/1987/1553
f 982/1988/1554 983/1986/1554 981/1985/1554
f 983/1989/1555 980/1990/1555 984/1991/1555
f 985/1992/1556 979/1993/1556 978/1994/1556
f 979/1993/1557 981/1995/1557 978/1994/1557
f 984/1991/1558 986/1996/1558 985/1997/1558
f 985/1997/1559 978/1998/1559 984/1991/1559
f 985/1992/1560 986/1999/1560 979/2000/1560
f 979/2000/1561 986/1999/1561 982/2001/1561
f 986/1999/1562 980/2002/1562 982/2001/1562
f 982/2003/1563 980/1990/1563 983/1989/1563
f 978/2004/1564 983/1989/1564 984/1991/1564
f 984/1991/1565 980/1990/1565 986/1996/1565
f 979/1993/1566 982/1988/1566 981/1985/1566
o Cube.007
v 10.959712 0.750422 -9.546002
v 11.102952 0.862429 -9.403834
v 10.952254 0.629239 -9.429120
v 11.114619 0.556705 -9.408277
v 11.086485 0.614820 -9.598492
v 11.107689 0.813081 -9.605141
v 11.177944 0.716563 -9.351393
v 11.002818 0.775100 -9.354065
v 11.221062 0.787739 -9.527140
vn 0.3516 0.9111 -0.2151
vn -0.6434 0.7641 0.0463
vn 0.7498 0.5286 0.3980
vn -0.9542 0.2361 0.1839
vn -0.7133 -0.4633 -0.5259
vn -0.2761 -0.3623 0.8902
vn 0.9190 -0.3883 0.0682
vn -0.4541 0.8628 -0.2222
vn -0.3744 0.0089 -0.9272
vn 0.5514 -0.0868 -0.8297
vn -0.3742 -0.9009 -0.2199
vn -0.1125 -0.2933 0.9494
vn 0.1158 0.3882 0.9143
vn 0.8103 -0.5161 -0.2775
vt 0.862532 0.586626
vt 0.666025 0.612825
vt 0.793538 0.524739
vt 0.799625 0.742317
vt 0.596159 0.725728
vt 0.676667 0.500000
vt 0.533198 0.702151
vt 0.502729 0.907748
vt 0.315429 0.689365
vt 0.215046 0.717794
vt 0.139986 0.551629
vt 0.365533 0.517965
vt 0.592775 0.342442
vt 0.523296 0.508923
vt 0.395346 0.376049
vt 0.510142 0.020803
vt 0.592582 0.143625
vt 0.414253 0.208459
s 0
g Cube.007_Material
usemtl Material
f 992/2005/1567 988/2006/1567 995/2007/1567
f 988/2006/1568 987/2008/1568 994/2009/1568
f 995/2007/1569 988/2006/1569 993/2010/1569
f 994/2011/1570 987/2012/1570 989/2013/1570
f 989/2013/1571 987/2014/1571 991/2015/1571
f 990/2016/1572 994/2011/1572 989/2013/1572
f 995/2017/1573 993/2018/1573 990/2019/1573
f 992/2005/1574 987/2008/1574 988/2006/1574
f 987/2020/1575 992/2021/1575 991/2022/1575
f 991/2022/1576 992/2021/1576 995/2017/1576
f 991/2015/1577 990/2016/1577 989/2013/1577
f 990/2016/1578 993/2018/1578 994/2011/1578
f 993/2018/1579 988/2006/1579 994/2011/1579
f 991/2022/1580 995/2017/1580 990/2019/1580
o Cube.008
v 11.354173 0.667322 -9.245440
v 11.432107 0.698601 -9.104340
v 11.549352 0.764904 -9.053987
v 11.532877 0.819372 -9.211884
v 11.704435 0.702707 -9.182305
v 11.570516 0.658520 -9.307650
v 11.432414 0.570297 -9.229543
v 11.642849 0.716544 -9.017742
v 11.601195 0.595632 -9.113185
vn -0.5669 0.7587 0.3209
vn 0.3572 0.8938 0.2711
vn 0.4803 0.5289 -0.6997
vn -0.2710 -0.3645 -0.8909
vn -0.3619 -0.6515 0.6668
vn -0.2825 -0.5325 0.7979
vn 0.5619 -0.7570 -0.3335
vn 0.7770 -0.5326 0.3356
vn -0.3772 -0.0357 0.9254
vn -0.6564 0.7270 0.2014
vn 0.5416 0.8301 0.1329
vn -0.2284 0.4580 -0.8591
vn -0.7116 -0.4916 0.5020
vn 0.3634 -0.8681 -0.3381
vt 0.551771 0.821043
vt 0.490236 0.981936
vt 0.443965 0.755163
vt 0.609545 0.740303
vt 0.579499 0.265268
vt 0.447677 0.232718
vt 0.490446 0.016300
vt 0.320967 0.499695
vt 0.242238 0.673984
vt 0.142687 0.564850
vt 0.543218 0.480597
vt 0.654480 0.663904
vt 0.651690 0.523626
vt 0.809399 0.589510
vt 0.375000 0.930496
vt 0.603518 0.001237
vt 0.583364 0.169025
vt 0.384386 0.054537
vt 0.382289 0.419599
s 0
g Cube.008_Material
usemtl Material
f 998/2023/1581 999/2024/1581 997/2025/1581
f 998/2023/1582 1003/2026/1582 999/2024/1582
f 1000/2027/1583 1001/2028/1583 999/2029/1583
f 1002/2030/1584 996/2031/1584 1001/2032/1584
f 1004/2033/1585 997/2025/1585 1002/2030/1585
f 1004/2033/1586 1003/2034/1586 997/2025/1586
f 1000/2027/1587 1004/2033/1587 1001/2028/1587
f 1004/2035/1588 1000/2036/1588 1003/2034/1588
f 1003/2034/1589 998/2023/1589 997/2025/1589
f 996/2037/1590 997/2025/1590 999/2024/1590
f 1003/2038/1591 1000/2039/1591 999/2029/1591
f 996/2040/1592 999/2029/1592 1001/2028/1592
f 996/2031/1593 1002/2030/1593 997/2025/1593
f 1002/2041/1594 1001/2028/1594 1004/2033/1594
o Cube.009
v 10.855185 0.590970 -8.726783
v 10.896334 0.676377 -8.600172
v 10.937140 0.589611 -8.877687
v 11.029469 0.459373 -8.844023
v 11.111872 0.672900 -8.526079
v 11.054010 0.825271 -8.599687
v 11.039409 0.467643 -8.621716
v 10.915498 0.768494 -8.813307
v 10.965223 0.851818 -8.707322
v 11.129029 0.780668 -8.866220
v 11.143672 0.597598 -8.882448
v 10.984211 0.697961 -8.935916
v 11.229344 0.635224 -8.630064
v 11.139009 0.449366 -8.676831
v 11.228202 0.737093 -8.709916
v 11.270923 0.617054 -8.821048
vn -0.5512 0.5817 0.5981
vn -0.9217 0.3859 0.0393
vn -0.1834 0.8128 -0.5530
vn 0.3784 0.1117 -0.9189
vn 0.9671 0.1637 0.1950
vn 0.6244 -0.6403 -0.4474
vn 0.3497 -0.4943 0.7959
vn 0.3499 0.9350 -0.0580
vn 0.4377 0.8987 -0.0272
vn 0.6657 0.4650 0.5836
vn -0.3036 0.3185 0.8980
vn -0.3137 -0.3078 0.8982
vn -0.0076 -0.3607 -0.9327
vn -0.1569 -0.9867 0.0437
vn -0.5773 -0.8146 0.0561
vn -0.7063 -0.5985 -0.3782
vn -0.6575 -0.5081 0.5564
vn -0.8766 0.0655 -0.4767
vn -0.9166 0.3767 0.1339
vn -0.8471 0.0862 -0.5244
vn -0.1861 0.8030 -0.5662
vn 0.8512 -0.4717 0.2302
vn 0.3745 -0.7561 -0.5366
vn 0.5141 -0.4358 0.7387
vn 0.7574 0.5679 -0.3222
vn 0.6290 0.5186 0.5791
vn 0.4177 0.1133 -0.9015
vt 0.875000 0.649805
vt 0.849233 0.683396
vt 0.832712 0.540342
vt 0.580473 0.024703
vt 0.534759 0.188184
vt 0.498710 0.020990
vt 0.437420 0.135101
vt 0.411456 0.342495
vt 0.213804 0.511922
vt 0.337875 0.601179
vt 0.185175 0.619999
vt 0.611440 0.548317
vt 0.438499 0.522151
vt 0.536413 0.434917
vt 0.517900 0.691047
vt 0.378975 0.759339
vt 0.724211 0.603714
vt 0.568883 0.768659
vt 0.609419 0.213408
vt 0.625000 0.382072
vt 0.588498 0.519208
vt 0.209844 0.718096
vt 0.479559 0.953620
vt 0.390901 0.953078
vt 0.565332 0.774863
vt 0.583031 0.973602
vt 0.389658 0.010551
vt 0.376620 0.114133
vt 0.125000 0.581137
vt 0.375000 0.421875
s 0
g Cube.009_Material
usemtl Material
f 1013/2042/1595 1006/2043/1595 1010/2044/1595
f 1006/2045/1596 1013/2046/1596 1005/2047/1596
f 1012/2048/1597 1013/2046/1597 1014/2049/1597
f 1014/2050/1598 1015/2051/1598 1016/2052/1598
f 1017/2053/1599 1020/2054/1599 1019/2055/1599
f 1018/2056/1600 1008/2057/1600 1015/2051/1600
f 1009/2058/1601 1011/2059/1601 1018/2056/1601
f 1010/2060/1602 1014/2049/1602 1013/2046/1602
f 1010/2060/1603 1019/2055/1603 1014/2049/1603
f 1019/2055/1604 1009/2061/1604 1017/2062/1604
f 1009/2058/1605 1010/2044/1605 1006/2043/1605
f 1009/2058/1606 1006/2043/1606 1011/2059/1606
f 1007/2063/1607 1016/2052/1607 1015/2051/1607 1008/2057/1607
f 1008/2057/1608 1018/2056/1608 1011/2059/1608
f 1011/2059/1609 1005/2064/1609 1008/2057/1609
f 1005/2064/1610 1007/2065/1610 1008/2057/1610
f 1011/2066/1611 1006/2067/1611 1005/2064/1611
f 1005/2047/1612 1012/2048/1612 1007/2068/1612
f 1012/2048/1613 1005/2047/1613 1013/2046/1613
f 1007/2068/1614 1012/2048/1614 1016/2069/1614
f 1014/2050/1615 1016/2052/1615 1012/2070/1615
f 1020/2054/1616 1017/2053/1616 1018/2056/1616
f 1020/2054/1617 1018/2056/1617 1015/2051/1617
f 1017/2053/1618 1009/2058/1618 1018/2056/1618
f 1014/2049/1619 1019/2055/1619 1020/2054/1619
f 1010/2060/1620 1009/2061/1620 1019/2055/1620
f 1015/2071/1621 1014/2049/1621 1020/2054/1621
o Cube.010
v 11.262768 0.710669 -8.690818
v 11.161973 0.627360 -8.642374
v 11.028654 0.552347 -8.718431
v 11.216177 0.717101 -8.825932
v 11.385126 0.627073 -8.703274
v 11.139987 0.455961 -8.725008
v 10.999519 0.676710 -8.789237
v 11.166023 0.551462 -8.898428
v 11.358429 0.668612 -8.827824
vn 0.5540 -0.7469 -0.3678
vn 0.5761 -0.7495 -0.3262
vn -0.4878 -0.5154 -0.7045
vn -0.7052 -0.5710 -0.4203
vn -0.2830 -0.3868 0.8776
vn -0.5525 0.8015 0.2287
vn 0.5681 0.8095 0.1482
vn 0.3212 0.9447 -0.0658
vn 0.2351 -0.4464 0.8634
vn -0.0987 0.9052 0.4134
vn -0.5920 0.2895 0.7521
vn 0.1136 0.3693 -0.9223
vn -0.2298 0.4478 -0.8641
vn 0.2562 0.2353 0.9376
vt 0.856741 0.527884
vt 0.792799 0.664448
vt 0.661337 0.518959
vt 0.570885 0.667835
vt 0.614877 0.834550
vt 0.495616 0.943630
vt 0.319826 0.718976
vt 0.602263 0.105449
vt 0.455701 0.107225
vt 0.553174 0.006579
vt 0.371255 0.573451
vt 0.135465 0.689951
vt 0.165587 0.530358
vt 0.553103 0.308270
vt 0.565029 0.471740
vt 0.392929 0.256090
vt 0.405598 0.560759
vt 0.171875 0.750000
s 0
g Cube.010_Material
usemtl Material
f 1025/2072/1622 1026/2073/1622 1029/2074/1622
f 1029/2074/1623 1026/2073/1623 1028/2075/1623
f 1026/2076/1624 1023/2077/1624 1027/2078/1624
f 1028/2075/1625 1026/2076/1625 1027/2078/1625
f 1026/2079/1626 1022/2080/1626 1023/2081/1626
f 1024/2082/1627 1022/2083/1627 1021/2084/1627
f 1025/2085/1628 1029/2086/1628 1021/2087/1628
f 1029/2086/1629 1024/2088/1629 1021/2087/1629
f 1022/2080/1630 1026/2079/1630 1025/2085/1630
f 1024/2082/1631 1027/2078/1631 1022/2083/1631
f 1022/2083/1632 1027/2078/1632 1023/2089/1632
f 1029/2074/1633 1028/2075/1633 1024/2088/1633
f 1028/2075/1634 1027/2078/1634 1024/2088/1634
f 1021/2087/1635 1022/2080/1635 1025/2085/1635
o Cube.011
v 11.292345 0.802228 -8.865597
v 11.441621 0.402341 -8.775910
v 11.336857 0.575445 -8.582565
v 11.500380 0.690528 -8.773945
v 11.434894 0.616829 -8.973382
v 11.187782 0.589010 -8.941593
v 11.149656 0.693192 -8.699500
v 11.251975 0.424688 -8.954427
v 11.211180 0.453020 -8.739245
vn -0.0645 -0.7606 0.6460
vn 0.7969 -0.1664 0.5808
vn 0.1382 0.7693 0.6238
vn 0.5677 0.6940 -0.4429
vn -0.1305 0.0264 -0.9911
vn -0.1611 0.4005 -0.9020
vn -0.7890 0.5094 -0.3435
vn -0.9695 -0.2402 -0.0493
vn -0.6294 -0.2811 0.7245
vn -0.2001 -0.9756 0.0905
vn -0.9270 -0.3520 -0.1294
vn 0.1315 0.7959 0.5910
vn 0.9512 -0.1923 -0.2413
vn 0.5288 -0.5658 -0.6326
vt 0.534218 0.539052
vt 0.807613 0.537738
vt 0.651467 0.712344
vt 0.812212 0.722590
vt 0.440472 0.699464
vt 0.505279 0.954605
vt 0.394685 0.910428
vt 0.529494 0.041599
vt 0.440272 0.169217
vt 0.407900 0.015209
vt 0.224689 0.500632
vt 0.298939 0.554231
vt 0.143822 0.628706
vt 0.350796 0.501919
vt 0.236030 0.724989
vt 0.358556 0.714558
vt 0.602122 0.296489
vt 0.527241 0.521298
vt 0.452229 0.375318
s 0
g Cube.011_Material
usemtl Material
f 1038/2090/1636 1031/2091/1636 1032/2092/1636
f 1032/2092/1637 1031/2091/1637 1033/2093/1637
f 1036/2094/1638 1033/2095/1638 1030/2096/1638
f 1033/2097/1639 1034/2098/1639 1030/2099/1639
f 1037/2100/1640 1035/2101/1640 1034/2102/1640
f 1034/2102/1641 1035/2103/1641 1030/2104/1641
f 1035/2103/1642 1036/2105/1642 1030/2104/1642
f 1035/2103/1643 1038/2090/1643 1036/2094/1643
f 1038/2090/1644 1032/2092/1644 1036/2094/1644
f 1031/2106/1645 1038/2107/1645 1037/2108/1645
f 1037/2108/1646 1038/2090/1646 1035/2103/1646
f 1032/2092/1647 1033/2095/1647 1036/2094/1647
f 1033/2097/1648 1031/2106/1648 1034/2098/1648
f 1031/2106/1649 1037/2108/1649 1034/2098/1649
o Cube.006
v 11.072129 0.415608 -8.855484
v 10.978708 0.554140 -8.967528
v 11.003946 0.637942 -8.759551
v 11.113242 0.502444 -8.934107
v 11.061175 0.623187 -8.875921
v 11.148109 0.582609 -8.782133
v 11.025084 0.451068 -8.773706
v 10.925087 0.477405 -8.920952
v 10.911367 0.598241 -8.807931
vn 0.9081 -0.4186 0.0125
vn 0.7249 0.5266 -0.4441
vn 0.1320 -0.0600 0.9894
vn 0.1190 -0.5746 -0.8097
vn -0.0635 -0.6531 -0.7546
vn -0.7603 -0.4877 0.4291
vn -0.4347 -0.8903 0.1360
vn -0.8389 0.3180 -0.4418
vn -0.3150 0.8723 -0.3739
vn -0.2683 0.9303 -0.2499
vn 0.3661 0.9285 0.0623
vn 0.6114 -0.5345 0.5835
vn -0.4206 -0.1157 0.8998
vn 0.3908 0.5309 -0.7520
vt 0.423616 0.817668
vt 0.438163 0.985880
vt 0.399025 0.926987
vt 0.584080 0.909473
vt 0.477709 0.045024
vt 0.607265 0.122218
vt 0.441545 0.286085
vt 0.565477 0.549583
vt 0.592013 0.712367
vt 0.289400 0.584684
vt 0.400831 0.754486
vt 0.615924 0.357557
vt 0.551199 0.540629
vt 0.429879 0.509305
vt 0.769145 0.562221
vt 0.604783 0.677624
vt 0.780055 0.741830
vt 0.860509 0.631959
vt 0.567506 0.015179
vt 0.377433 0.096481
s 0
g Cube.006_Material
usemtl Material
f 1042/2109/1650 1044/2110/1650 1039/2111/1650
f 1043/2112/1651 1044/2110/1651 1042/2109/1651
f 1044/2113/1652 1041/2114/1652 1045/2115/1652
f 1046/2116/1653 1040/2117/1653 1039/2118/1653
f 1040/2117/1654 1042/2119/1654 1039/2118/1654
f 1045/2115/1655 1047/2120/1655 1046/2121/1655
f 1046/2121/1656 1039/2122/1656 1045/2115/1656
f 1046/2116/1657 1047/2123/1657 1040/2124/1657
f 1040/2124/1658 1047/2123/1658 1043/2125/1658
f 1047/2123/1659 1041/2126/1659 1043/2125/1659
f 1043/2127/1660 1041/2114/1660 1044/2113/1660
f 1039/2128/1661 1044/2113/1661 1045/2115/1661
f 1045/2115/1662 1041/2114/1662 1047/2120/1662
f 1040/2117/1663 1043/2112/1663 1042/2109/1663
o Cube.007
v 10.891031 0.409264 -9.183878
v 10.855315 0.551160 -9.102856
v 10.997420 0.409115 -9.123916
v 11.066548 0.513288 -9.158602
v 10.985745 0.465593 -9.269887
v 10.849489 0.507928 -9.246615
v 10.973390 0.591086 -9.108677
v 10.916396 0.479687 -9.061250
v 10.892999 0.596746 -9.224264
vn -0.8830 0.4582 -0.1020
vn -0.7965 -0.4383 0.4165
vn -0.2987 0.9202 0.2528
vn -0.2948 -0.8010 0.5210
vn 0.2058 -0.9070 -0.3674
vn 0.5564 -0.0943 0.8256
vn 0.5050 0.8048 -0.3118
vn -0.9408 -0.3122 0.1320
vn -0.3122 -0.5999 -0.7367
vn -0.0769 0.2786 -0.9573
vn 0.7501 -0.5943 -0.2899
vn 0.5276 0.0897 0.8447
vn -0.1025 0.4336 0.8953
vn 0.5174 0.5836 -0.6258
vt 0.862532 0.586626
vt 0.666025 0.612825
vt 0.793538 0.524739
vt 0.799625 0.742317
vt 0.596159 0.725728
vt 0.676667 0.500000
vt 0.533198 0.702151
vt 0.502729 0.907748
vt 0.315429 0.689365
vt 0.215046 0.717794
vt 0.139986 0.551629
vt 0.365533 0.517965
vt 0.592775 0.342442
vt 0.523296 0.508923
vt 0.395346 0.376049
vt 0.510142 0.020803
vt 0.592582 0.143625
vt 0.414253 0.208459
s 0
g Cube.007_Material
usemtl Material
f 1053/2129/1664 1049/2130/1664 1056/2131/1664
f 1049/2130/1665 1048/2132/1665 1055/2133/1665
f 1056/2131/1666 1049/2130/1666 1054/2134/1666
f 1055/2135/1667 1048/2136/1667 1050/2137/1667
f 1050/2137/1668 1048/2138/1668 1052/2139/1668
f 1051/2140/1669 1055/2135/1669 1050/2137/1669
f 1056/2141/1670 1054/2142/1670 1051/2143/1670
f 1053/2129/1671 1048/2132/1671 1049/2130/1671
f 1048/2144/1672 1053/2145/1672 1052/2146/1672
f 1052/2146/1673 1053/2145/1673 1056/2141/1673
f 1052/2139/1674 1051/2140/1674 1050/2137/1674
f 1051/2140/1675 1054/2142/1675 1055/2135/1675
f 1054/2142/1676 1049/2130/1676 1055/2135/1676
f 1052/2146/1677 1056/2141/1677 1051/2143/1677
o Cube.008
v 11.324198 0.312315 -9.044954
v 11.428307 0.387070 -9.002160
v 11.458967 0.459843 -8.914029
v 11.343820 0.397239 -8.870461
v 11.323395 0.566484 -8.896541
v 11.238931 0.458843 -8.969933
v 11.310596 0.404721 -9.089317
v 11.465984 0.551093 -8.918201
v 11.379679 0.542044 -9.016760
vn 0.5505 -0.7276 0.4093
vn 0.3461 0.0163 0.9381
vn -0.6780 0.0313 0.7344
vn -0.8704 -0.3112 -0.3814
vn 0.6022 0.1145 -0.7901
vn 0.7339 0.1683 -0.6581
vn -0.5614 0.7194 -0.4091
vn 0.0816 0.9835 -0.1617
vn 0.9609 -0.0859 -0.2633
vn 0.4470 -0.8231 0.3503
vn 0.1659 0.1697 0.9714
vn -0.7066 -0.6018 0.3723
vn 0.5385 -0.2990 -0.7878
vn -0.5464 0.5893 -0.5951
vt 0.551771 0.821043
vt 0.490236 0.981936
vt 0.443965 0.755163
vt 0.609545 0.740303
vt 0.579499 0.265268
vt 0.447677 0.232718
vt 0.490446 0.016300
vt 0.320967 0.499695
vt 0.242238 0.673984
vt 0.142687 0.564850
vt 0.543218 0.480597
vt 0.654480 0.663904
vt 0.651690 0.523626
vt 0.809399 0.589510
vt 0.375000 0.930496
vt 0.603518 0.001237
vt 0.583364 0.169025
vt 0.384386 0.054537
vt 0.382289 0.419599
s 0
g Cube.008_Material
usemtl Material
f 1059/2147/1678 1060/2148/1678 1058/2149/1678
f 1059/2147/1679 1064/2150/1679 1060/2148/1679
f 1061/2151/1680 1062/2152/1680 1060/2153/1680
f 1063/2154/1681 1057/2155/1681 1062/2156/1681
f 1065/2157/1682 1058/2149/1682 1063/2154/1682
f 1065/2157/1683 1064/2158/1683 1058/2149/1683
f 1061/2151/1684 1065/2157/1684 1062/2152/1684
f 1065/2159/1685 1061/2160/1685 1064/2158/1685
f 1064/2158/1686 1059/2147/1686 1058/2149/1686
f 1057/2161/1687 1058/2149/1687 1060/2148/1687
f 1064/2162/1688 1061/2163/1688 1060/2153/1688
f 1057/2164/1689 1060/2153/1689 1062/2152/1689
f 1057/2155/1690 1063/2154/1690 1058/2149/1690
f 1063/2165/1691 1062/2152/1691 1065/2157/1691
o Cube.009
v 11.125782 0.474662 -8.989896
v 10.961243 0.387898 -9.093294
v 11.347686 0.459012 -9.052372
v 11.351459 0.648258 -9.163568
v 10.931938 0.429326 -9.395768
v 10.987561 0.207445 -9.321089
v 11.064022 0.677404 -9.242966
v 11.231054 0.230119 -9.069332
v 11.096312 0.143449 -9.177564
v 11.364121 0.228213 -9.334234
v 11.416539 0.470356 -9.321650
v 11.422162 0.309939 -9.112652
v 11.109072 0.474119 -9.513011
v 11.169199 0.703017 -9.354075
v 11.197735 0.324541 -9.503082
v 11.373115 0.469322 -9.508571
vn -0.7683 -0.5419 0.3405
vn -0.2916 -0.4518 0.8431
vn 0.4044 -0.8903 0.2095
vn 0.9635 -0.1993 -0.1789
vn 0.0158 -0.0569 -0.9983
vn 0.6457 0.6254 -0.4380
vn -0.6357 0.6209 -0.4586
vn 0.0348 -0.9027 -0.4289
vn 0.0291 -0.8556 -0.5168
vn -0.4621 -0.3286 -0.8237
vn -0.9729 -0.2224 0.0638
vn -0.9074 0.3956 0.1421
vn 0.9395 0.2340 0.2501
vn 0.0289 0.9677 0.2505
vn -0.0983 0.7648 0.6367
vn 0.2686 0.4840 0.8328
vn -0.6339 0.5207 0.5719
vn 0.2526 -0.1989 0.9469
vn -0.3810 -0.4299 0.8186
vn 0.3032 -0.2231 0.9264
vn 0.4176 -0.8826 0.2161
vn 0.0241 0.5659 -0.8241
vn 0.6872 0.7078 -0.1636
vn -0.5490 0.5692 -0.6120
vn 0.4239 -0.5410 -0.7264
vn -0.4720 -0.3852 -0.7930
vn 0.9555 -0.1954 -0.2209
vt 0.875000 0.649805
vt 0.849233 0.683396
vt 0.832712 0.540342
vt 0.580473 0.024703
vt 0.534759 0.188184
vt 0.498710 0.020990
vt 0.437420 0.135101
vt 0.411456 0.342495
vt 0.213804 0.511922
vt 0.337875 0.601179
vt 0.185175 0.619999
vt 0.611440 0.548317
vt 0.438499 0.522151
vt 0.536413 0.434917
vt 0.517900 0.691047
vt 0.378975 0.759339
vt 0.724211 0.603714
vt 0.568883 0.768659
vt 0.609419 0.213408
vt 0.625000 0.382072
vt 0.588498 0.519208
vt 0.209844 0.718096
vt 0.479559 0.953620
vt 0.390901 0.953078
vt 0.565332 0.774863
vt 0.583031 0.973602
vt 0.389658 0.010551
vt 0.376620 0.114133
vt 0.125000 0.581137
vt 0.375000 0.421875
s 0
g Cube.009_Material
usemtl Material
f 1074/2166/1692 1067/2167/1692 1071/2168/1692
f 1067/2169/1693 1074/2170/1693 1066/2171/1693
f 1073/2172/1694 1074/2170/1694 1075/2173/1694
f 1075/2174/1695 1076/2175/1695 1077/2176/1695
f 1078/2177/1696 1081/2178/1696 1080/2179/1696
f 1079/2180/1697 1069/2181/1697 1076/2175/1697
f 1070/2182/1698 1072/2183/1698 1079/2180/1698
f 1071/2184/1699 1075/2173/1699 1074/2170/1699
f 1071/2184/1700 1080/2179/1700 1075/2173/1700
f 1080/2179/1701 1070/2185/1701 1078/2186/1701
f 1070/2182/1702 1071/2168/1702 1067/2167/1702
f 1070/2182/1703 1067/2167/1703 1072/2183/1703
f 1068/2187/1704 1077/2176/1704 1076/2175/1704 1069/2181/1704
f 1069/2181/1705 1079/2180/1705 1072/2183/1705
f 1072/2183/1706 1066/2188/1706 1069/2181/1706
f 1066/2188/1707 1068/2189/1707 1069/2181/1707
f 1072/2190/1708 1067/2191/1708 1066/2188/1708
f 1066/2171/1709 1073/2172/1709 1068/2192/1709
f 1073/2172/1710 1066/2171/1710 1074/2170/1710
f 1068/2192/1711 1073/2172/1711 1077/2193/1711
f 1075/2174/1712 1077/2176/1712 1073/2194/1712
f 1081/2178/1713 1078/2177/1713 1079/2180/1713
f 1081/2178/1714 1079/2180/1714 1076/2175/1714
f 1078/2177/1715 1070/2182/1715 1079/2180/1715
f 1075/2173/1716 1080/2179/1716 1081/2178/1716
f 1071/2184/1717 1070/2185/1717 1080/2179/1717
f 1076/2195/1718 1075/2173/1718 1081/2178/1718
o Cube.010
v 11.211294 0.455077 -9.068706
v 11.366575 0.432264 -9.052358
v 11.474970 0.380425 -8.900921
v 11.171067 0.425488 -8.914714
v 11.150580 0.319890 -9.148420
v 11.433597 0.239362 -8.979732
v 11.390851 0.485637 -8.805196
v 11.263544 0.253376 -8.831611
v 11.080522 0.321213 -9.013978
vn -0.2152 -0.9712 -0.1026
vn -0.2096 -0.9664 -0.1492
vn 0.2598 -0.5279 0.8086
vn 0.5830 -0.4000 0.7072
vn 0.8227 0.0736 -0.5637
vn 0.1194 0.9688 0.2173
vn -0.7336 0.5581 -0.3878
vn -0.7258 0.6854 -0.0579
vn 0.4705 -0.1630 -0.8672
vn -0.1688 0.9667 -0.1922
vn 0.6541 0.7236 -0.2205
vn -0.7136 -0.0459 0.6991
vn -0.4753 0.1622 0.8648
vn 0.1584 0.4478 -0.8800
vt 0.856741 0.527884
vt 0.792799 0.664448
vt 0.661337 0.518959
vt 0.570885 0.667835
vt 0.614877 0.834550
vt 0.495616 0.943630
vt 0.319826 0.718976
vt 0.602263 0.105449
vt 0.455701 0.107225
vt 0.553174 0.006579
vt 0.371255 0.573451
vt 0.135465 0.689951
vt 0.165587 0.530358
vt 0.553103 0.308270
vt 0.565029 0.471740
vt 0.392929 0.256090
vt 0.405598 0.560759
vt 0.171875 0.750000
s 0
g Cube.010_Material
usemtl Material
f 1086/2196/1719 1087/2197/1719 1090/2198/1719
f 1090/2198/1720 1087/2197/1720 1089/2199/1720
f 1087/2200/1721 1084/2201/1721 1088/2202/1721
f 1089/2199/1722 1087/2200/1722 1088/2202/1722
f 1087/2203/1723 1083/2204/1723 1084/2205/1723
f 1085/2206/1724 1083/2207/1724 1082/2208/1724
f 1086/2209/1725 1090/2210/1725 1082/2211/1725
f 1090/2210/1726 1085/2212/1726 1082/2211/1726
f 1083/2204/1727 1087/2203/1727 1086/2209/1727
f 1085/2206/1728 1088/2202/1728 1083/2207/1728
f 1083/2207/1729 1088/2202/1729 1084/2213/1729
f 1090/2198/1730 1089/2199/1730 1085/2212/1730
f 1089/2199/1731 1088/2202/1731 1085/2212/1731
f 1082/2211/1732 1083/2204/1732 1086/2209/1732
o Cube.011
v 11.140989 0.255204 -9.345453
v 10.935597 0.449799 -9.015852
v 10.854063 0.207443 -9.126764
v 10.938754 0.400331 -9.304552
v 11.129783 0.483517 -9.229181
v 11.233298 0.285949 -9.116981
v 11.066742 0.090176 -9.182346
v 11.188473 0.395359 -8.986394
v 11.036021 0.236884 -8.982176
vn -0.5985 -0.1581 0.7854
vn -0.9354 0.3466 -0.0696
vn -0.4953 -0.4877 -0.7189
vn 0.1486 0.4546 -0.8782
vn 0.8975 0.4372 -0.0582
vn 0.8876 0.2428 -0.3913
vn 0.7776 -0.5829 -0.2357
vn 0.5357 -0.6398 0.5511
vn -0.2967 -0.7914 0.5345
vn -0.0908 0.1137 0.9894
vn 0.5650 -0.5266 0.6352
vn -0.4610 -0.4834 -0.7441
vn -0.3394 0.9265 -0.1625
vn 0.1671 0.9390 0.3006
vt 0.534218 0.539052
vt 0.807613 0.537738
vt 0.651467 0.712344
vt 0.812212 0.722590
vt 0.440472 0.699464
vt 0.505279 0.954605
vt 0.394685 0.910428
vt 0.529494 0.041599
vt 0.440272 0.169217
vt 0.407900 0.015209
vt 0.224689 0.500632
vt 0.298939 0.554231
vt 0.143822 0.628706
vt 0.350796 0.501919
vt 0.236030 0.724989
vt 0.358556 0.714558
vt 0.602122 0.296489
vt 0.527241 0.521298
vt 0.452229 0.375318
s 0
g Cube.011_Material
usemtl Material
f 1099/2214/1733 1092/2215/1733 1093/2216/1733
f 1093/2216/1734 1092/2215/1734 1094/2217/1734
f 1097/2218/1735 1094/2219/1735 1091/2220/1735
f 1094/2221/1736 1095/2222/1736 1091/2223/1736
f 1098/2224/1737 1096/2225/1737 1095/2226/1737
f 1095/2226/1738 1096/2227/1738 1091/2228/1738
f 1096/2227/1739 1097/2229/1739 1091/2228/1739
f 1096/2227/1740 1099/2214/1740 1097/2218/1740
f 1099/2214/1741 1093/2216/1741 1097/2218/1741
f 1092/2230/1742 1099/2231/1742 1098/2232/1742
f 1098/2232/1743 1099/2214/1743 1096/2227/1743
f 1093/2216/1744 1094/2219/1744 1097/2218/1744
f 1094/2221/1745 1092/2230/1745 1095/2222/1745
f 1092/2230/1746 1098/2232/1746 1095/2222/1746
o Cube.006
v 11.325641 0.283343 -9.197531
v 11.274799 0.342737 -9.058990
v 11.196954 0.183985 -9.082914
v 11.363213 0.282906 -9.106840
v 11.281075 0.231838 -9.047068
v 11.313178 0.153692 -9.111235
v 11.256565 0.244407 -9.205534
v 11.238518 0.363770 -9.130243
v 11.161701 0.264533 -9.091707
vn 0.8729 -0.3257 -0.3632
vn 0.6733 -0.2839 0.6827
vn -0.3332 -0.7714 -0.5421
vn 0.6340 0.7673 -0.0963
vn 0.4761 0.8579 -0.1931
vn -0.7068 0.2979 -0.6417
vn -0.1863 0.5039 -0.8435
vn -0.5873 0.6447 0.4894
vn -0.3292 0.0825 0.9407
vn -0.3635 -0.0576 0.9298
vn 0.0258 -0.6280 0.7778
vn 0.3890 -0.5361 -0.7492
vn -0.7414 -0.3845 -0.5499
vn 0.5342 0.1202 0.8368
vt 0.423616 0.817668
vt 0.438163 0.985880
vt 0.399025 0.926987
vt 0.584080 0.909473
vt 0.477709 0.045024
vt 0.607265 0.122218
vt 0.441545 0.286085
vt 0.565477 0.549583
vt 0.592013 0.712367
vt 0.289400 0.584684
vt 0.400831 0.754486
vt 0.615924 0.357557
vt 0.551199 0.540629
vt 0.429879 0.509305
vt 0.769145 0.562221
vt 0.604783 0.677624
vt 0.780055 0.741830
vt 0.860509 0.631959
vt 0.567506 0.015179
vt 0.377433 0.096481
s 0
g Cube.006_Material
usemtl Material
f 1103/2233/1747 1105/2234/1747 1100/2235/1747
f 1104/2236/1748 1105/2234/1748 1103/2233/1748
f 1105/2237/1749 1102/2238/1749 1106/2239/1749
f 1107/2240/1750 1101/2241/1750 1100/2242/1750
f 1101/2241/1751 1103/2243/1751 1100/2242/1751
f 1106/2239/1752 1108/2244/1752 1107/2245/1752
f 1107/2245/1753 1100/2246/1753 1106/2239/1753
f 1107/2240/1754 1108/2247/1754 1101/2248/1754
f 1101/2248/1755 1108/2247/1755 1104/2249/1755
f 1108/2247/1756 1102/2250/1756 1104/2249/1756
f 1104/2251/1757 1102/2238/1757 1105/2237/1757
f 1100/2252/1758 1105/2237/1758 1106/2239/1758
f 1106/2239/1759 1102/2238/1759 1108/2244/1759
f 1101/2241/1760 1104/2236/1760 1103/2233/1760
o Cube.007
v 11.339711 0.257111 -9.011626
v 11.249022 0.123841 -9.110143
v 11.296691 0.192263 -8.897732
v 11.150323 0.196453 -8.891721
v 11.209635 0.332241 -8.962972
v 11.252955 0.293402 -9.115548
v 11.143502 0.117393 -9.016931
v 11.293376 0.101726 -9.005120
v 11.151269 0.240730 -9.117229
vn 0.0334 -0.0326 -0.9989
vn 0.8635 -0.2752 -0.4226
vn -0.5544 -0.5038 -0.6624
vn 0.9411 -0.2722 0.2005
vn 0.5615 0.6099 0.5593
vn 0.0046 -0.7646 0.6445
vn -0.9975 0.0707 0.0097
vn 0.7605 -0.0383 -0.6482
vn 0.4731 0.8765 -0.0888
vn -0.4289 0.8388 -0.3353
vn 0.0495 0.4470 0.8931
vn -0.1294 -0.8352 0.5344
vn -0.0893 -0.9816 -0.1690
vn -0.8969 0.4346 0.0816
vt 0.862532 0.586626
vt 0.666025 0.612825
vt 0.793538 0.524739
vt 0.799625 0.742317
vt 0.596159 0.725728
vt 0.676667 0.500000
vt 0.533198 0.702151
vt 0.502729 0.907748
vt 0.315429 0.689365
vt 0.215046 0.717794
vt 0.139986 0.551629
vt 0.365533 0.517965
vt 0.592775 0.342442
vt 0.523296 0.508923
vt 0.395346 0.376049
vt 0.510142 0.020803
vt 0.592582 0.143625
vt 0.414253 0.208459
s 0
g Cube.007_Material
usemtl Material
f 1114/2253/1761 1110/2254/1761 1117/2255/1761
f 1110/2254/1762 1109/2256/1762 1116/2257/1762
f 1117/2255/1763 1110/2254/1763 1115/2258/1763
f 1116/2259/1764 1109/2260/1764 1111/2261/1764
f 1111/2261/1765 1109/2262/1765 1113/2263/1765
f 1112/2264/1766 1116/2259/1766 1111/2261/1766
f 1117/2265/1767 1115/2266/1767 1112/2267/1767
f 1114/2253/1768 1109/2256/1768 1110/2254/1768
f 1109/2268/1769 1114/2269/1769 1113/2270/1769
f 1113/2270/1770 1114/2269/1770 1117/2265/1770
f 1113/2263/1771 1112/2264/1771 1111/2261/1771
f 1112/2264/1772 1115/2266/1772 1116/2259/1772
f 1115/2266/1773 1110/2254/1773 1116/2259/1773
f 1113/2270/1774 1117/2265/1774 1112/2267/1774
o Cube.008
v 11.030606 0.047534 -9.177214
v 11.052391 0.149850 -9.062547
v 11.133636 0.252954 -9.027250
v 11.162557 0.228566 -9.181328
v 11.317606 0.186859 -9.065296
v 11.242647 0.066974 -9.174005
v 11.105165 -0.006271 -9.102021
v 11.210263 0.250920 -8.955147
v 11.215796 0.102940 -8.983870
vn -0.7215 0.6501 -0.2383
vn 0.1463 0.9809 -0.1278
vn 0.6224 0.2753 -0.7327
vn 0.0803 -0.7712 -0.6315
vn -0.4869 -0.3652 0.7935
vn -0.4690 -0.1852 0.8636
vn 0.7208 -0.6554 0.2258
vn 0.6769 -0.1158 0.7270
vn -0.6549 0.2751 0.7038
vn -0.7625 0.5479 -0.3441
vn 0.3718 0.9129 -0.1686
vn 0.0184 -0.0361 -0.9992
vn -0.7781 -0.3879 0.4940
vn 0.5485 -0.8040 0.2296
vt 0.551771 0.821043
vt 0.490236 0.981936
vt 0.443965 0.755163
vt 0.609545 0.740303
vt 0.579499 0.265268
vt 0.447677 0.232718
vt 0.490446 0.016300
vt 0.320967 0.499695
vt 0.242238 0.673984
vt 0.142687 0.564850
vt 0.543218 0.480597
vt 0.654480 0.663904
vt 0.651690 0.523626
vt 0.809399 0.589510
vt 0.375000 0.930496
vt 0.603518 0.001237
vt 0.583364 0.169025
vt 0.384386 0.054537
vt 0.382289 0.419599
s 0
g Cube.008_Material
usemtl Material
f 1120/2271/1775 1121/2272/1775 1119/2273/1775
f 1120/2271/1776 1125/2274/1776 1121/2272/1776
f 1122/2275/1777 1123/2276/1777 1121/2277/1777
f 1124/2278/1778 1118/2279/1778 1123/2280/1778
f 1126/2281/1779 1119/2273/1779 1124/2278/1779
f 1126/2281/1780 1125/2282/1780 1119/2273/1780
f 1122/2275/1781 1126/2281/1781 1123/2276/1781
f 1126/2283/1782 1122/2284/1782 1125/2282/1782
f 1125/2282/1783 1120/2271/1783 1119/2273/1783
f 1118/2285/1784 1119/2273/1784 1121/2272/1784
f 1125/2286/1785 1122/2287/1785 1121/2277/1785
f 1118/2288/1786 1121/2277/1786 1123/2276/1786
f 1118/2279/1787 1124/2278/1787 1119/2273/1787
f 1124/2289/1788 1123/2276/1788 1126/2281/1788
o Cube.009
v 11.381537 0.127030 -9.020601
v 11.265981 0.237953 -8.956658
v 11.345516 -0.047832 -9.077078
v 11.322493 -0.005861 -9.248424
v 11.051961 0.276771 -9.076936
v 11.041686 0.182057 -8.906786
v 11.252679 0.226191 -9.233027
v 11.252942 -0.007994 -8.894392
v 11.135883 0.079863 -8.838455
v 11.064507 -0.106125 -9.006554
v 11.153540 -0.092908 -9.186316
v 11.259018 -0.137898 -9.006153
v 10.991081 0.151531 -9.184455
v 11.185355 0.152527 -9.309480
v 10.957634 0.048748 -9.093689
v 11.011164 -0.055186 -9.236235
vn 0.0369 0.5787 0.8147
vn 0.5739 0.1320 0.8082
vn -0.1181 -0.6405 0.7588
vn -0.1591 -0.9757 -0.1505
vn -0.9370 -0.0035 -0.3493
vn -0.1045 -0.4352 -0.8942
vn -0.2347 0.7950 -0.5594
vn -0.7405 -0.2715 0.6148
vn -0.8035 -0.2506 0.5401
vn -0.9229 0.3755 0.0852
vn -0.1108 0.8712 0.4783
vn 0.2062 0.9772 -0.0515
vn 0.4005 -0.8446 -0.3554
vn 0.6074 0.2331 -0.7595
vn 0.8724 0.2886 -0.3945
vn 0.9750 -0.1469 -0.1670
vn 0.6725 0.7373 -0.0638
vn 0.8137 -0.3236 0.4829
vn 0.5522 0.2246 0.8029
vn 0.7898 -0.3784 0.4827
vn -0.1079 -0.6513 0.7511
vn -0.5351 0.1560 -0.8303
vn 0.1829 -0.4598 -0.8690
vn -0.3881 0.7017 -0.5975
vn -0.8402 -0.5370 0.0760
vn -0.9175 0.3685 0.1497
vn -0.1968 -0.9659 -0.1685
vt 0.875000 0.649805
vt 0.849233 0.683396
vt 0.832712 0.540342
vt 0.580473 0.024703
vt 0.534759 0.188184
vt 0.498710 0.020990
vt 0.437420 0.135101
vt 0.411456 0.342495
vt 0.213804 0.511922
vt 0.337875 0.601179
vt 0.185175 0.619999
vt 0.611440 0.548317
vt 0.438499 0.522151
vt 0.536413 0.434917
vt 0.517900 0.691047
vt 0.378975 0.759339
vt 0.724211 0.603714
vt 0.568883 0.768659
vt 0.609419 0.213408
vt 0.625000 0.382072
vt 0.588498 0.519208
vt 0.209844 0.718096
vt 0.479559 0.953620
vt 0.390901 0.953078
vt 0.565332 0.774863
vt 0.583031 0.973602
vt 0.389658 0.010551
vt 0.376620 0.114133
vt 0.125000 0.581137
vt 0.375000 0.421875
s 0
g Cube.009_Material
usemtl Material
f 1135/2290/1789 1128/2291/1789 1132/2292/1789
f 1128/2293/1790 1135/2294/1790 1127/2295/1790
f 1134/2296/1791 1135/2294/1791 1136/2297/1791
f 1136/2298/1792 1137/2299/1792 1138/2300/1792
f 1139/2301/1793 1142/2302/1793 1141/2303/1793
f 1140/2304/1794 1130/2305/1794 1137/2299/1794
f 1131/2306/1795 1133/2307/1795 1140/2304/1795
f 1132/2308/1796 1136/2297/1796 1135/2294/1796
f 1132/2308/1797 1141/2303/1797 1136/2297/1797
f 1141/2303/1798 1131/2309/1798 1139/2310/1798
f 1131/2306/1799 1132/2292/1799 1128/2291/1799
f 1131/2306/1800 1128/2291/1800 1133/2307/1800
f 1129/2311/1801 1138/2300/1801 1137/2299/1801 1130/2305/1801
f 1130/2305/1802 1140/2304/1802 1133/2307/1802
f 1133/2307/1803 1127/2312/1803 1130/2305/1803
f 1127/2312/1804 1129/2313/1804 1130/2305/1804
f 1133/2314/1805 1128/2315/1805 1127/2312/1805
f 1127/2295/1806 1134/2296/1806 1129/2316/1806
f 1134/2296/1807 1127/2295/1807 1135/2294/1807
f 1129/2316/1808 1134/2296/1808 1138/2317/1808
f 1136/2298/1809 1138/2300/1809 1134/2318/1809
f 1142/2302/1810 1139/2301/1810 1140/2304/1810
f 1142/2302/1811 1140/2304/1811 1137/2299/1811
f 1139/2301/1812 1131/2306/1812 1140/2304/1812
f 1136/2297/1813 1141/2303/1813 1142/2302/1813
f 1132/2308/1814 1131/2309/1814 1141/2303/1814
f 1137/2319/1815 1136/2297/1815 1142/2302/1815
