# Blender 4.1.0
# www.blender.org
mtllib TornadoEffect20089.mtl
o Plane.002
v 11.165558 0.000000 -9.079000
o Cube.007
v 12.136321 1.654297 -8.193720
v 12.096385 1.863978 -8.216360
v 12.256499 1.695255 -8.101835
v 12.367517 1.781391 -8.191169
v 12.283081 1.652584 -8.296884
v 12.113850 1.716048 -8.338769
v 12.252137 1.901152 -8.217843
v 12.152370 1.816144 -8.106876
v 12.177707 1.826417 -8.364731
vn -0.7882 0.3345 -0.5167
vn -0.9046 -0.1284 0.4065
vn -0.2205 0.9099 -0.3512
vn -0.4775 -0.3782 0.7931
vn 0.1511 -0.9612 0.2309
vn 0.3901 0.3712 0.8427
vn 0.6475 0.4946 -0.5798
vn -0.9810 -0.1786 0.0759
vn -0.2534 -0.9036 -0.3454
vn 0.1240 -0.2946 -0.9475
vn 0.7087 -0.6629 0.2416
vn 0.3817 0.5355 0.7534
vn -0.1998 0.8563 0.4763
vn 0.6860 0.1369 -0.7147
vt 0.862532 0.586626
vt 0.666025 0.612825
vt 0.793538 0.524739
vt 0.799625 0.742317
vt 0.596159 0.725728
vt 0.676667 0.500000
vt 0.533198 0.702151
vt 0.502729 0.907748
vt 0.315429 0.689365
vt 0.215046 0.717794
vt 0.139986 0.551629
vt 0.365533 0.517965
vt 0.592775 0.342442
vt 0.523296 0.508923
vt 0.395346 0.376049
vt 0.510142 0.020803
vt 0.592582 0.143625
vt 0.414253 0.208459
s 0
g Cube.007_Material
usemtl Material
f 7/1/1 3/2/1 10/3/1
f 3/2/2 2/4/2 9/5/2
f 10/3/3 3/2/3 8/6/3
f 9/7/4 2/8/4 4/9/4
f 4/9/5 2/10/5 6/11/5
f 5/12/6 9/7/6 4/9/6
f 10/13/7 8/14/7 5/15/7
f 7/1/8 2/4/8 3/2/8
f 2/16/9 7/17/9 6/18/9
f 6/18/10 7/17/10 10/13/10
f 6/11/11 5/12/11 4/9/11
f 5/12/12 8/14/12 9/7/12
f 8/14/13 3/2/13 9/7/13
f 6/18/14 10/13/14 5/15/14
o Cube.008
v 9.735841 1.668300 -8.788999
v 9.862934 1.678351 -8.824230
v 9.944675 1.758014 -8.843975
v 9.845279 1.824548 -8.780947
v 9.868015 1.874624 -8.940551
v 9.735988 1.819685 -8.889073
v 9.734503 1.673460 -8.890076
v 9.976066 1.784047 -8.923846
v 9.861954 1.745731 -8.968945
vn 0.4189 -0.2109 0.8832
vn 0.6763 0.5796 0.4547
vn -0.2877 0.9248 0.2492
vn -0.9999 0.0101 0.0137
vn 0.2440 -0.8785 -0.4107
vn 0.4267 -0.8188 -0.3841
vn -0.4307 0.2134 -0.8769
vn 0.3046 0.1912 -0.9331
vn 0.7028 -0.7100 0.0448
vn 0.2769 -0.2419 0.9300
vn 0.5797 0.7502 0.3180
vn -0.6474 0.4207 0.6355
vn 0.0645 -0.9966 -0.0517
vn -0.5308 0.0112 -0.8474
vt 0.551771 0.821043
vt 0.490236 0.981936
vt 0.443965 0.755163
vt 0.609545 0.740303
vt 0.579499 0.265268
vt 0.447677 0.232718
vt 0.490446 0.016300
vt 0.320967 0.499695
vt 0.242238 0.673984
vt 0.142687 0.564850
vt 0.543218 0.480597
vt 0.654480 0.663904
vt 0.651690 0.523626
vt 0.809399 0.589510
vt 0.375000 0.930496
vt 0.603518 0.001237
vt 0.583364 0.169025
vt 0.384386 0.054537
vt 0.382289 0.419599
s 0
g Cube.008_Material
usemtl Material
f 13/19/15 14/20/15 12/21/15
f 13/19/16 18/22/16 14/20/16
f 15/23/17 16/24/17 14/25/17
f 17/26/18 11/27/18 16/28/18
f 19/29/19 12/21/19 17/26/19
f 19/29/20 18/30/20 12/21/20
f 15/23/21 19/29/21 16/24/21
f 19/31/22 15/32/22 18/30/22
f 18/30/23 13/19/23 12/21/23
f 11/33/24 12/21/24 14/20/24
f 18/34/25 15/35/25 14/25/25
f 11/36/26 14/25/26 16/24/26
f 11/27/27 17/26/27 12/21/27
f 17/37/28 16/24/28 19/29/28
o Cube.009
v 11.548095 1.524710 -10.306358
v 11.757611 1.447103 -10.307129
v 11.480235 1.748383 -10.241467
v 11.482284 1.834757 -10.455131
v 11.991049 1.617121 -10.449533
v 11.998599 1.601240 -10.197521
v 11.690980 1.647224 -10.597342
v 11.657756 1.646384 -10.065004
v 11.854441 1.596706 -10.058051
v 11.790649 1.925140 -10.103720
v 11.646431 1.977231 -10.314233
v 11.550582 1.838663 -10.094792
v 11.964347 1.842223 -10.473217
v 11.707816 1.807110 -10.623330
v 11.972444 1.899815 -10.299865
v 11.816334 2.059380 -10.384758
vn 0.3788 -0.8510 0.3639
vn -0.2830 -0.7697 0.5723
vn -0.0002 0.1377 0.9905
vn -0.2947 0.8608 0.4149
vn 0.7546 0.6114 -0.2384
vn -0.2763 0.8177 -0.5049
vn 0.4187 -0.1885 -0.8884
vn 0.6732 0.2285 0.7033
vn 0.7218 0.2802 0.6328
vn 0.9906 0.1088 -0.0824
vn 0.5596 -0.8259 -0.0688
vn 0.2109 -0.7814 -0.5873
vn -0.7792 0.6107 0.1411
vn -0.6017 -0.0660 -0.7960
vn -0.7364 -0.4133 -0.5356
vn -0.9594 -0.2581 -0.1136
vn -0.3039 -0.8155 -0.4926
vn -0.7525 -0.3836 0.5353
vn -0.2266 -0.8245 0.5186
vn -0.7541 -0.3326 0.5664
vn -0.0153 0.1447 0.9894
vn 0.3631 0.5530 -0.7499
vn -0.5357 0.6903 -0.4863
vn 0.5079 -0.0303 -0.8609
vn 0.5378 0.7405 0.4029
vn 0.9966 0.0788 -0.0249
vn -0.2609 0.8801 0.3966
vt 0.875000 0.649805
vt 0.849233 0.683396
vt 0.832712 0.540342
vt 0.580473 0.024703
vt 0.534759 0.188184
vt 0.498710 0.020990
vt 0.437420 0.135101
vt 0.411456 0.342495
vt 0.213804 0.511922
vt 0.337875 0.601179
vt 0.185175 0.619999
vt 0.611440 0.548317
vt 0.438499 0.522151
vt 0.536413 0.434917
vt 0.517900 0.691047
vt 0.378975 0.759339
vt 0.724211 0.603714
vt 0.568883 0.768659
vt 0.609419 0.213408
vt 0.625000 0.382072
vt 0.588498 0.519208
vt 0.209844 0.718096
vt 0.479559 0.953620
vt 0.390901 0.953078
vt 0.565332 0.774863
vt 0.583031 0.973602
vt 0.389658 0.010551
vt 0.376620 0.114133
vt 0.125000 0.581137
vt 0.375000 0.421875
s 0
g Cube.009_Material
usemtl Material
f 28/38/29 21/39/29 25/40/29
f 21/41/30 28/42/30 20/43/30
f 27/44/31 28/42/31 29/45/31
f 29/46/32 30/47/32 31/48/32
f 32/49/33 35/50/33 34/51/33
f 33/52/34 23/53/34 30/47/34
f 24/54/35 26/55/35 33/52/35
f 25/56/36 29/45/36 28/42/36
f 25/56/37 34/51/37 29/45/37
f 34/51/38 24/57/38 32/58/38
f 24/54/39 25/40/39 21/39/39
f 24/54/40 21/39/40 26/55/40
f 22/59/41 31/48/41 30/47/41 23/53/41
f 23/53/42 33/52/42 26/55/42
f 26/55/43 20/60/43 23/53/43
f 20/60/44 22/61/44 23/53/44
f 26/62/45 21/63/45 20/60/45
f 20/43/46 27/44/46 22/64/46
f 27/44/47 20/43/47 28/42/47
f 22/64/48 27/44/48 31/65/48
f 29/46/49 31/48/49 27/66/49
f 35/50/50 32/49/50 33/52/50
f 35/50/51 33/52/51 30/47/51
f 32/49/52 24/54/52 33/52/52
f 29/45/53 34/51/53 35/50/53
f 25/56/54 24/57/54 34/51/54
f 30/67/55 29/45/55 35/50/55
o Cube.010
v 12.203564 1.713951 -10.077849
v 12.241120 1.661407 -9.964280
v 12.278451 1.726419 -9.822866
v 12.210038 1.842110 -10.039132
v 12.066245 1.692861 -10.088355
v 12.143336 1.698200 -9.818373
v 12.352219 1.822302 -9.886787
v 12.138052 1.874061 -9.881967
v 12.080208 1.817606 -10.087839
vn -0.9567 0.1060 0.2711
vn -0.9652 0.0628 0.2540
vn -0.0998 0.6040 0.7907
vn 0.1034 0.3410 0.9344
vn 0.2020 -0.9090 0.3646
vn 0.9542 0.0413 -0.2964
vn 0.0770 -0.0045 -0.9970
vn 0.2951 0.2626 -0.9187
vn -0.2354 -0.9681 0.0864
vn 0.7110 -0.1612 -0.6845
vn 0.8089 -0.5853 0.0555
vn -0.0928 0.9666 -0.2390
vn 0.2320 0.9685 -0.0906
vn 0.1691 -0.8720 -0.4594
vt 0.856741 0.527884
vt 0.792799 0.664448
vt 0.661337 0.518959
vt 0.570885 0.667835
vt 0.614877 0.834550
vt 0.495616 0.943630
vt 0.319826 0.718976
vt 0.602263 0.105449
vt 0.455701 0.107225
vt 0.553174 0.006579
vt 0.371255 0.573451
vt 0.135465 0.689951
vt 0.165587 0.530358
vt 0.553103 0.308270
vt 0.565029 0.471740
vt 0.392929 0.256090
vt 0.405598 0.560759
vt 0.171875 0.750000
s 0
g Cube.010_Material
usemtl Material
f 40/68/56 41/69/56 44/70/56
f 44/70/57 41/69/57 43/71/57
f 41/72/58 38/73/58 42/74/58
f 43/71/59 41/72/59 42/74/59
f 41/75/60 37/76/60 38/77/60
f 39/78/61 37/79/61 36/80/61
f 40/81/62 44/82/62 36/83/62
f 44/82/63 39/84/63 36/83/63
f 37/76/64 41/75/64 40/81/64
f 39/78/65 42/74/65 37/79/65
f 37/79/66 42/74/66 38/85/66
f 44/70/67 43/71/67 39/84/67
f 43/71/68 42/74/68 39/84/68
f 36/83/69 37/76/69 40/81/69
o Cube.011
v 12.260639 1.754331 -7.999702
v 11.847350 1.863536 -8.142880
v 12.018223 1.672977 -8.277654
v 12.146004 1.908538 -8.177515
v 12.075026 1.941172 -7.961242
v 12.040961 1.698489 -7.877056
v 12.140267 1.549448 -8.086072
v 11.872750 1.768711 -7.891157
v 11.894509 1.631745 -8.072455
vn -0.7809 -0.3216 -0.5355
vn -0.1706 0.4624 -0.8701
vn 0.7521 -0.1739 -0.6357
vn 0.7167 0.6848 0.1319
vn 0.0545 0.3204 0.9457
vn 0.4251 0.2428 0.8720
vn 0.5062 -0.5702 0.6471
vn -0.2549 -0.8405 0.4782
vn -0.3137 -0.8764 -0.3653
vn -0.9811 -0.1914 0.0269
vn -0.3636 -0.7638 0.5334
vn 0.7796 -0.1662 -0.6038
vn -0.1687 0.9650 -0.2010
vn -0.5372 0.7700 0.3443
vt 0.534218 0.539052
vt 0.807613 0.537738
vt 0.651467 0.712344
vt 0.812212 0.722590
vt 0.440472 0.699464
vt 0.505279 0.954605
vt 0.394685 0.910428
vt 0.529494 0.041599
vt 0.440272 0.169217
vt 0.407900 0.015209
vt 0.224689 0.500632
vt 0.298939 0.554231
vt 0.143822 0.628706
vt 0.350796 0.501919
vt 0.236030 0.724989
vt 0.358556 0.714558
vt 0.602122 0.296489
vt 0.527241 0.521298
vt 0.452229 0.375318
s 0
g Cube.011_Material
usemtl Material
f 53/86/70 46/87/70 47/88/70
f 47/88/71 46/87/71 48/89/71
f 51/90/72 48/91/72 45/92/72
f 48/93/73 49/94/73 45/95/73
f 52/96/74 50/97/74 49/98/74
f 49/98/75 50/99/75 45/100/75
f 50/99/76 51/101/76 45/100/76
f 50/99/77 53/86/77 51/90/77
f 53/86/78 47/88/78 51/90/78
f 46/102/79 53/103/79 52/104/79
f 52/104/80 53/86/80 50/99/80
f 47/88/81 48/91/81 51/90/81
f 48/93/82 46/102/82 49/94/82
f 46/102/83 52/104/83 49/94/83
o Cube.006
v 9.802526 1.847954 -8.797761
v 9.842102 1.800579 -9.002264
v 9.809228 1.595076 -8.883552
v 9.726040 1.842347 -8.904979
v 9.745412 1.698029 -8.950891
v 9.679413 1.680405 -8.825877
v 9.846249 1.754756 -8.768508
v 9.924998 1.818296 -8.930565
v 9.910765 1.642784 -8.922200
vn -0.7355 0.4564 0.5008
vn -0.8856 0.0286 -0.4635
vn -0.0207 -0.5813 0.8135
vn -0.0111 0.9737 -0.2277
vn 0.1906 0.9638 -0.1864
vn 0.9062 -0.0535 0.4194
vn 0.6924 0.4908 0.5289
vn 0.6624 -0.0892 -0.7438
vn 0.0042 -0.4510 -0.8925
vn -0.0467 -0.5669 -0.8225
vn -0.6214 -0.6607 -0.4212
vn -0.3689 0.1164 0.9221
vn 0.5130 -0.5769 0.6356
vn -0.5966 0.1695 -0.7845
vt 0.423616 0.817668
vt 0.438163 0.985880
vt 0.399025 0.926987
vt 0.584080 0.909473
vt 0.477709 0.045024
vt 0.607265 0.122218
vt 0.441545 0.286085
vt 0.565477 0.549583
vt 0.592013 0.712367
vt 0.289400 0.584684
vt 0.400831 0.754486
vt 0.615924 0.357557
vt 0.551199 0.540629
vt 0.429879 0.509305
vt 0.769145 0.562221
vt 0.604783 0.677624
vt 0.780055 0.741830
vt 0.860509 0.631959
vt 0.567506 0.015179
vt 0.377433 0.096481
s 0
g Cube.006_Material
usemtl Material
f 57/105/84 59/106/84 54/107/84
f 58/108/85 59/106/85 57/105/85
f 59/109/86 56/110/86 60/111/86
f 61/112/87 55/113/87 54/114/87
f 55/113/88 57/115/88 54/114/88
f 60/111/89 62/116/89 61/117/89
f 61/117/90 54/118/90 60/111/90
f 61/112/91 62/119/91 55/120/91
f 55/120/92 62/119/92 58/121/92
f 62/119/93 56/122/93 58/121/93
f 58/123/94 56/110/94 59/109/94
f 54/124/95 59/109/95 60/111/95
f 60/111/96 56/110/96 62/116/96
f 55/113/97 58/108/97 57/105/97
o Cube.007
v 10.491425 1.697794 -7.799407
v 10.659912 1.791207 -7.847592
v 10.506409 1.622858 -7.922633
v 10.498165 1.719318 -8.042458
v 10.397180 1.773538 -7.913109
v 10.498386 1.844862 -7.794230
v 10.626312 1.792120 -7.991879
v 10.638304 1.676557 -7.883502
v 10.548782 1.899050 -7.889191
vn 0.4239 0.6713 0.6080
vn 0.4290 -0.3426 0.8358
vn 0.7178 0.6769 -0.1629
vn 0.1817 -0.8302 0.5270
vn -0.7746 -0.5778 0.2572
vn 0.4489 -0.6807 -0.5789
vn -0.0799 0.6597 -0.7473
vn 0.2990 -0.0477 0.9531
vn -0.7654 0.0136 0.6434
vn -0.6436 0.7598 0.0920
vn -0.7622 -0.5289 -0.3733
vn 0.5557 -0.5373 -0.6344
vn 0.9677 -0.1116 -0.2261
vn -0.4415 0.6509 -0.6175
vt 0.862532 0.586626
vt 0.666025 0.612825
vt 0.793538 0.524739
vt 0.799625 0.742317
vt 0.596159 0.725728
vt 0.676667 0.500000
vt 0.533198 0.702151
vt 0.502729 0.907748
vt 0.315429 0.689365
vt 0.215046 0.717794
vt 0.139986 0.551629
vt 0.365533 0.517965
vt 0.592775 0.342442
vt 0.523296 0.508923
vt 0.395346 0.376049
vt 0.510142 0.020803
vt 0.592582 0.143625
vt 0.414253 0.208459
s 0
g Cube.007_Material
usemtl Material
f 68/125/98 64/126/98 71/127/98
f 64/126/99 63/128/99 70/129/99
f 71/127/100 64/126/100 69/130/100
f 70/131/101 63/132/101 65/133/101
f 65/133/102 63/134/102 67/135/102
f 66/136/103 70/131/103 65/133/103
f 71/137/104 69/138/104 66/139/104
f 68/125/105 63/128/105 64/126/105
f 63/140/106 68/141/106 67/142/106
f 67/142/107 68/141/107 71/137/107
f 67/135/108 66/136/108 65/133/108
f 66/136/109 69/138/109 70/131/109
f 69/138/110 64/126/110 70/131/110
f 67/142/111 71/137/111 66/139/111
o Cube.008
v 10.828671 1.828195 -10.547746
v 10.917168 1.716263 -10.509985
v 10.935383 1.630472 -10.415025
v 10.798551 1.688696 -10.389537
v 10.923903 1.732569 -10.255931
v 10.841011 1.849406 -10.346726
v 10.913398 1.876188 -10.490510
v 11.007524 1.632297 -10.345688
v 11.009295 1.773856 -10.368811
vn -0.4097 -0.7146 -0.5670
vn -0.3116 -0.8844 0.3475
vn -0.7311 0.0114 0.6822
vn -0.4580 0.8866 -0.0654
vn 0.8172 0.0886 -0.5695
vn 0.8510 -0.0950 -0.5166
vn 0.3984 0.7221 0.5655
vn 0.7777 0.0919 0.6219
vn 0.5907 -0.5391 -0.6004
vn -0.4953 -0.6027 -0.6257
vn -0.3233 -0.7664 0.5550
vn -0.9684 0.2470 0.0334
vn 0.5101 0.1158 -0.8523
vn 0.4207 0.8299 0.3664
vt 0.551771 0.821043
vt 0.490236 0.981936
vt 0.443965 0.755163
vt 0.609545 0.740303
vt 0.579499 0.265268
vt 0.447677 0.232718
vt 0.490446 0.016300
vt 0.320967 0.499695
vt 0.242238 0.673984
vt 0.142687 0.564850
vt 0.543218 0.480597
vt 0.654480 0.663904
vt 0.651690 0.523626
vt 0.809399 0.589510
vt 0.375000 0.930496
vt 0.603518 0.001237
vt 0.583364 0.169025
vt 0.384386 0.054537
vt 0.382289 0.419599
s 0
g Cube.008_Material
usemtl Material
f 74/143/112 75/144/112 73/145/112
f 74/143/113 79/146/113 75/144/113
f 76/147/114 77/148/114 75/149/114
f 78/150/115 72/151/115 77/152/115
f 80/153/116 73/145/116 78/150/116
f 80/153/117 79/154/117 73/145/117
f 76/147/118 80/153/118 77/148/118
f 80/155/119 76/156/119 79/154/119
f 79/154/120 74/143/120 73/145/120
f 72/157/121 73/145/121 75/144/121
f 79/158/122 76/159/122 75/149/122
f 72/160/123 75/149/123 77/148/123
f 72/151/124 78/150/124 73/145/124
f 78/161/125 77/148/125 80/153/125
o Cube.009
v 12.433378 1.780678 -8.317260
v 12.280624 1.701304 -8.459473
v 12.386654 1.890134 -8.106054
v 12.406235 1.699743 -7.977918
v 12.045009 1.510566 -8.351527
v 11.978818 1.741905 -8.427948
v 12.335094 1.475457 -8.186384
v 12.225384 1.984287 -8.301226
v 12.070723 1.919674 -8.415482
v 12.007499 1.936660 -8.084429
v 12.168367 1.793749 -7.938001
v 12.250477 2.014557 -8.082737
v 11.984742 1.523681 -8.132265
v 12.263251 1.464317 -8.040769
v 11.909297 1.689886 -8.123577
v 12.004830 1.681023 -7.905033
vn -0.0879 0.1148 -0.9895
vn 0.4064 0.5393 -0.7376
vn -0.3140 0.9432 -0.1084
vn -0.1937 0.5872 0.7859
vn -0.8449 -0.4020 0.3530
vn 0.0481 -0.2848 0.9574
vn -0.0600 -0.9926 -0.1056
vn -0.8668 0.4614 -0.1892
vn -0.9117 0.3854 -0.1424
vn -0.8922 -0.3934 -0.2217
vn -0.1435 -0.3472 -0.9267
vn 0.2807 -0.7114 -0.6443
vn 0.4035 0.4625 0.7894
vn 0.7633 -0.5528 0.3343
vn 0.9523 -0.3052 0.0034
vn 0.9757 0.1821 0.1215
vn 0.7218 -0.4558 -0.5209
vn 0.6743 0.7059 -0.2167
vn 0.3928 0.4638 -0.7941
vn 0.6472 0.7415 -0.1771
vn -0.3033 0.9480 -0.0965
vn -0.3438 -0.7575 0.5549
vn 0.3220 -0.1962 0.9262
vn -0.2088 -0.9780 0.0011
vn -0.8739 0.2853 0.3936
vn -0.9005 -0.3451 -0.2647
vn -0.2263 0.5611 0.7962
vt 0.875000 0.649805
vt 0.849233 0.683396
vt 0.832712 0.540342
vt 0.580473 0.024703
vt 0.534759 0.188184
vt 0.498710 0.020990
vt 0.437420 0.135101
vt 0.411456 0.342495
vt 0.213804 0.511922
vt 0.337875 0.601179
vt 0.185175 0.619999
vt 0.611440 0.548317
vt 0.438499 0.522151
vt 0.536413 0.434917
vt 0.517900 0.691047
vt 0.378975 0.759339
vt 0.724211 0.603714
vt 0.568883 0.768659
vt 0.609419 0.213408
vt 0.625000 0.382072
vt 0.588498 0.519208
vt 0.209844 0.718096
vt 0.479559 0.953620
vt 0.390901 0.953078
vt 0.565332 0.774863
vt 0.583031 0.973602
vt 0.389658 0.010551
vt 0.376620 0.114133
vt 0.125000 0.581137
vt 0.375000 0.421875
s 0
g Cube.009_Material
usemtl Material
f 89/162/126 82/163/126 86/164/126
f 82/165/127 89/166/127 81/167/127
f 88/168/128 89/166/128 90/169/128
f 90/170/129 91/171/129 92/172/129
f 93/173/130 96/174/130 95/175/130
f 94/176/131 84/177/131 91/171/131
f 85/178/132 87/179/132 94/176/132
f 86/180/133 90/169/133 89/166/133
f 86/180/134 95/175/134 90/169/134
f 95/175/135 85/181/135 93/182/135
f 85/178/136 86/164/136 82/163/136
f 85/178/137 82/163/137 87/179/137
f 83/183/138 92/172/138 91/171/138 84/177/138
f 84/177/139 94/176/139 87/179/139
f 87/179/140 81/184/140 84/177/140
f 81/184/141 83/185/141 84/177/141
f 87/186/142 82/187/142 81/184/142
f 81/167/143 88/168/143 83/188/143
f 88/168/144 81/167/144 89/166/144
f 83/188/145 88/168/145 92/189/145
f 90/170/146 92/172/146 88/190/146
f 96/174/147 93/173/147 94/176/147
f 96/174/148 94/176/148 91/171/148
f 93/173/149 85/178/149 94/176/149
f 90/169/150 95/175/150 96/174/150
f 86/180/151 85/181/151 95/175/151
f 91/191/152 90/169/152 96/174/152
o Cube.010
v 10.332952 1.725877 -8.023771
v 10.343304 1.739000 -8.134677
v 10.253160 1.727729 -8.237761
v 10.221795 1.696140 -8.023753
v 10.330120 1.835588 -7.976221
v 10.251389 1.841365 -8.204006
v 10.211390 1.628856 -8.190053
v 10.134261 1.782559 -8.111185
v 10.235205 1.791455 -7.950621
vn -0.3818 0.9111 0.1551
vn -0.3379 0.9273 0.1611
vn -0.8643 0.1308 -0.4857
vn -0.6410 0.0705 -0.7643
vn 0.7253 0.2064 -0.6568
vn 0.2574 -0.9621 -0.0898
vn 0.3943 -0.3569 0.8468
vn 0.1646 -0.6149 0.7712
vn 0.7996 0.5401 -0.2627
vn 0.5404 -0.7912 0.2863
vn 0.6648 -0.5333 -0.5231
vn -0.8038 -0.2868 0.5212
vn -0.7990 -0.5384 0.2678
vn 0.9957 -0.0139 0.0913
vt 0.856741 0.527884
vt 0.792799 0.664448
vt 0.661337 0.518959
vt 0.570885 0.667835
vt 0.614877 0.834550
vt 0.495616 0.943630
vt 0.319826 0.718976
vt 0.602263 0.105449
vt 0.455701 0.107225
vt 0.553174 0.006579
vt 0.371255 0.573451
vt 0.135465 0.689951
vt 0.165587 0.530358
vt 0.553103 0.308270
vt 0.565029 0.471740
vt 0.392929 0.256090
vt 0.405598 0.560759
vt 0.171875 0.750000
s 0
g Cube.010_Material
usemtl Material
f 101/192/153 102/193/153 105/194/153
f 105/194/154 102/193/154 104/195/154
f 102/196/155 99/197/155 103/198/155
f 104/195/156 102/196/156 103/198/156
f 102/199/157 98/200/157 99/201/157
f 100/202/158 98/203/158 97/204/158
f 101/205/159 105/206/159 97/207/159
f 105/206/160 100/208/160 97/207/160
f 98/200/161 102/199/161 101/205/161
f 100/202/162 103/198/162 98/203/162
f 98/203/163 103/198/163 99/209/163
f 105/194/164 104/195/164 100/208/164
f 104/195/165 103/198/165 100/208/165
f 97/207/166 98/200/166 101/205/166
o Cube.011
v 10.618451 1.517228 -10.314515
v 10.697010 1.938828 -10.290936
v 10.676479 1.800638 -10.528490
v 10.811096 1.675127 -10.327457
v 10.690773 1.691510 -10.145112
v 10.460320 1.686696 -10.233503
v 10.499037 1.634720 -10.487606
v 10.484333 1.849572 -10.176632
v 10.499213 1.863233 -10.393162
vn -0.0738 0.8648 -0.4967
vn 0.8547 0.4133 -0.3143
vn 0.4299 -0.5811 -0.6910
vn 0.5849 -0.6770 0.4468
vn -0.3405 -0.2648 0.9022
vn -0.2726 -0.6100 0.7440
vn -0.7234 -0.6898 0.0309
vn -0.9841 0.0685 -0.1640
vn -0.4955 0.3321 -0.8026
vn -0.3716 0.9278 0.0330
vn -0.9846 0.1652 -0.0572
vn 0.4216 -0.6151 -0.6663
vn 0.8125 0.2808 0.5109
vn 0.2455 0.4878 0.8377
vt 0.534218 0.539052
vt 0.807613 0.537738
vt 0.651467 0.712344
vt 0.812212 0.722590
vt 0.440472 0.699464
vt 0.505279 0.954605
vt 0.394685 0.910428
vt 0.529494 0.041599
vt 0.440272 0.169217
vt 0.407900 0.015209
vt 0.224689 0.500632
vt 0.298939 0.554231
vt 0.143822 0.628706
vt 0.350796 0.501919
vt 0.236030 0.724989
vt 0.358556 0.714558
vt 0.602122 0.296489
vt 0.527241 0.521298
vt 0.452229 0.375318
s 0
g Cube.011_Material
usemtl Material
f 114/210/167 107/211/167 108/212/167
f 108/212/168 107/211/168 109/213/168
f 112/214/169 109/215/169 106/216/169
f 109/217/170 110/218/170 106/219/170
f 113/220/171 111/221/171 110/222/171
f 110/222/172 111/223/172 106/224/172
f 111/223/173 112/225/173 106/224/173
f 111/223/174 114/210/174 112/214/174
f 114/210/175 108/212/175 112/214/175
f 107/226/176 114/227/176 113/228/176
f 113/228/177 114/210/177 111/223/177
f 108/212/178 109/215/178 112/214/178
f 109/217/179 107/226/179 110/218/179
f 107/226/180 113/228/180 110/218/180
o Cube.006
v 11.328608 1.790156 -7.614170
v 11.356683 1.633003 -7.724999
v 11.302332 1.798837 -7.855603
v 11.426822 1.740003 -7.661298
v 11.398044 1.741195 -7.797181
v 11.405911 1.867776 -7.770480
v 11.264312 1.823645 -7.679163
v 11.267754 1.649870 -7.680173
v 11.241783 1.715103 -7.824366
vn 0.5738 0.5843 0.5739
vn 0.9781 -0.0171 -0.2073
vn -0.4136 0.8851 -0.2136
vn 0.3076 -0.5111 0.8026
vn 0.1082 -0.5600 0.8214
vn -0.9855 -0.0205 0.1682
vn -0.7155 -0.0182 0.6984
vn -0.3367 -0.8792 -0.3371
vn 0.2333 -0.5998 -0.7654
vn 0.2276 -0.4805 -0.8469
vn 0.5741 0.1347 -0.8076
vn 0.0113 0.8934 0.4492
vn -0.8265 0.5048 -0.2491
vn 0.8690 -0.4577 -0.1881
vt 0.423616 0.817668
vt 0.438163 0.985880
vt 0.399025 0.926987
vt 0.584080 0.909473
vt 0.477709 0.045024
vt 0.607265 0.122218
vt 0.441545 0.286085
vt 0.565477 0.549583
vt 0.592013 0.712367
vt 0.289400 0.584684
vt 0.400831 0.754486
vt 0.615924 0.357557
vt 0.551199 0.540629
vt 0.429879 0.509305
vt 0.769145 0.562221
vt 0.604783 0.677624
vt 0.780055 0.741830
vt 0.860509 0.631959
vt 0.567506 0.015179
vt 0.377433 0.096481
s 0
g Cube.006_Material
usemtl Material
f 118/229/181 120/230/181 115/231/181
f 119/232/182 120/230/182 118/229/182
f 120/233/183 117/234/183 121/235/183
f 122/236/184 116/237/184 115/238/184
f 116/237/185 118/239/185 115/238/185
f 121/235/186 123/240/186 122/241/186
f 122/241/187 115/242/187 121/235/187
f 122/236/188 123/243/188 116/244/188
f 116/244/189 123/243/189 119/245/189
f 123/243/190 117/246/190 119/245/190
f 119/247/191 117/234/191 120/233/191
f 115/248/192 120/233/192 121/235/192
f 121/235/193 117/234/193 123/240/193
f 116/237/194 119/232/194 118/229/194
o Cube.007
v 9.913548 1.752208 -9.480125
v 9.815381 1.771951 -9.597013
v 9.986947 1.813764 -9.538887
v 10.014212 1.756850 -9.640240
v 9.990438 1.669401 -9.541599
v 9.858683 1.662466 -9.524552
v 9.898994 1.765319 -9.675430
v 9.881330 1.836648 -9.576614
v 9.857520 1.656880 -9.617685
vn -0.9366 -0.3488 0.0326
vn -0.6406 0.4590 0.6156
vn -0.6841 -0.1213 -0.7192
vn -0.0802 0.7367 0.6715
vn 0.6247 0.0004 0.7808
vn 0.3269 0.8588 -0.3943
vn 0.2139 -0.5216 -0.8259
vn -0.7474 0.1349 0.6505
vn 0.1368 -0.5054 0.8520
vn 0.0601 -0.9964 0.0590
vn 0.9681 0.0187 0.2499
vn 0.2254 0.8086 -0.5434
vn -0.4799 0.6684 -0.5683
vn 0.3881 -0.7341 -0.5572
vt 0.862532 0.586626
vt 0.666025 0.612825
vt 0.793538 0.524739
vt 0.799625 0.742317
vt 0.596159 0.725728
vt 0.676667 0.500000
vt 0.533198 0.702151
vt 0.502729 0.907748
vt 0.315429 0.689365
vt 0.215046 0.717794
vt 0.139986 0.551629
vt 0.365533 0.517965
vt 0.592775 0.342442
vt 0.523296 0.508923
vt 0.395346 0.376049
vt 0.510142 0.020803
vt 0.592582 0.143625
vt 0.414253 0.208459
s 0
g Cube.007_Material
usemtl Material
f 129/249/195 125/250/195 132/251/195
f 125/250/196 124/252/196 131/253/196
f 132/251/197 125/250/197 130/254/197
f 131/255/198 124/256/198 126/257/198
f 126/257/199 124/258/199 128/259/199
f 127/260/200 131/255/200 126/257/200
f 132/261/201 130/262/201 127/263/201
f 129/249/202 124/252/202 125/250/202
f 124/264/203 129/265/203 128/266/203
f 128/266/204 129/265/204 132/261/204
f 128/259/205 127/260/205 126/257/205
f 127/260/206 130/262/206 131/255/206
f 130/262/207 125/250/207 131/255/207
f 128/266/208 132/261/208 127/263/208
o Cube.008
v 9.867569 1.589242 -9.208263
v 9.817716 1.700014 -9.156085
v 9.736882 1.780384 -9.176375
v 9.707521 1.678976 -9.260733
v 9.756108 1.819627 -9.340280
v 9.827926 1.686691 -9.356025
v 9.923311 1.663926 -9.247636
v 9.750534 1.864016 -9.205603
v 9.858464 1.816799 -9.256883
vn -0.5849 -0.4119 0.6987
vn -0.9751 0.1956 0.1042
vn -0.5948 -0.2301 -0.7702
vn 0.4873 -0.6632 -0.5681
vn 0.6803 0.3282 0.6553
vn 0.5348 0.4374 0.7230
vn 0.5856 0.3999 -0.7051
vn 0.2634 0.9194 -0.2921
vn 0.0784 0.3175 0.9450
vn -0.5208 -0.5442 0.6578
vn -0.9575 0.2599 -0.1253
vn -0.3132 -0.8293 -0.4629
vn 0.6389 -0.0732 0.7658
vn 0.7489 0.2814 -0.6000
vt 0.551771 0.821043
vt 0.490236 0.981936
vt 0.443965 0.755163
vt 0.609545 0.740303
vt 0.579499 0.265268
vt 0.447677 0.232718
vt 0.490446 0.016300
vt 0.320967 0.499695
vt 0.242238 0.673984
vt 0.142687 0.564850
vt 0.543218 0.480597
vt 0.654480 0.663904
vt 0.651690 0.523626
vt 0.809399 0.589510
vt 0.375000 0.930496
vt 0.603518 0.001237
vt 0.583364 0.169025
vt 0.384386 0.054537
vt 0.382289 0.419599
s 0
g Cube.008_Material
usemtl Material
f 135/267/209 136/268/209 134/269/209
f 135/267/210 140/270/210 136/268/210
f 137/271/211 138/272/211 136/273/211
f 139/274/212 133/275/212 138/276/212
f 141/277/213 134/269/213 139/274/213
f 141/277/214 140/278/214 134/269/214
f 137/271/215 141/277/215 138/272/215
f 141/279/216 137/280/216 140/278/216
f 140/278/217 135/267/217 134/269/217
f 133/281/218 134/269/218 136/268/218
f 140/282/219 137/283/219 136/273/219
f 133/284/220 136/273/220 138/272/220
f 133/275/221 139/274/221 134/269/221
f 139/285/222 138/272/222 141/277/222
o Cube.009
v 9.582430 1.927538 -9.312044
v 9.575892 1.770614 -9.146672
v 9.784068 1.995913 -9.438460
v 9.748796 1.848415 -9.618311
v 9.712204 1.475558 -9.195550
v 9.828833 1.631474 -9.026480
v 9.577964 1.615345 -9.478334
v 9.837939 1.979695 -9.168356
v 9.855160 1.834514 -9.021536
v 10.089839 1.817082 -9.273390
v 9.986165 1.791261 -9.516822
v 9.954108 2.022749 -9.358268
v 9.881706 1.454992 -9.353570
v 9.703796 1.566618 -9.575429
v 10.020290 1.551840 -9.274507
v 10.067246 1.602460 -9.508310
vn -0.4147 0.0316 0.9094
vn -0.4269 0.6643 0.6135
vn 0.6054 0.6003 0.5226
vn 0.8331 0.3865 -0.3958
vn 0.5928 -0.8035 -0.0549
vn 0.3456 -0.1949 -0.9179
vn -0.4810 -0.8549 -0.1943
vn 0.7233 -0.1104 0.6816
vn 0.7442 -0.1978 0.6380
vn 0.3220 -0.8310 0.4536
vn -0.5593 -0.3804 0.7366
vn -0.8765 -0.4380 0.1996
vn 0.3575 0.6203 -0.6981
vn -0.6160 -0.0215 -0.7875
vn -0.8095 0.2850 -0.5133
vn -0.5336 0.7023 -0.4713
vn -0.9996 0.0235 -0.0172
vn -0.2573 0.9602 0.1090
vn -0.4831 0.5936 0.6436
vn -0.2003 0.9748 0.0985
vn 0.6065 0.6105 0.5094
vn 0.1825 -0.8117 -0.5548
vn 0.1784 0.0323 -0.9834
vn -0.3126 -0.9253 -0.2149
vn 0.9579 -0.2518 0.1379
vn 0.3275 -0.7964 0.5085
vn 0.8492 0.3467 -0.3984
vt 0.875000 0.649805
vt 0.849233 0.683396
vt 0.832712 0.540342
vt 0.580473 0.024703
vt 0.534759 0.188184
vt 0.498710 0.020990
vt 0.437420 0.135101
vt 0.411456 0.342495
vt 0.213804 0.511922
vt 0.337875 0.601179
vt 0.185175 0.619999
vt 0.611440 0.548317
vt 0.438499 0.522151
vt 0.536413 0.434917
vt 0.517900 0.691047
vt 0.378975 0.759339
vt 0.724211 0.603714
vt 0.568883 0.768659
vt 0.609419 0.213408
vt 0.625000 0.382072
vt 0.588498 0.519208
vt 0.209844 0.718096
vt 0.479559 0.953620
vt 0.390901 0.953078
vt 0.565332 0.774863
vt 0.583031 0.973602
vt 0.389658 0.010551
vt 0.376620 0.114133
vt 0.125000 0.581137
vt 0.375000 0.421875
s 0
g Cube.009_Material
usemtl Material
f 150/286/223 143/287/223 147/288/223
f 143/289/224 150/290/224 142/291/224
f 149/292/225 150/290/225 151/293/225
f 151/294/226 152/295/226 153/296/226
f 154/297/227 157/298/227 156/299/227
f 155/300/228 145/301/228 152/295/228
f 146/302/229 148/303/229 155/300/229
f 147/304/230 151/293/230 150/290/230
f 147/304/231 156/299/231 151/293/231
f 156/299/232 146/305/232 154/306/232
f 146/302/233 147/288/233 143/287/233
f 146/302/234 143/287/234 148/303/234
f 144/307/235 153/296/235 152/295/235 145/301/235
f 145/301/236 155/300/236 148/303/236
f 148/303/237 142/308/237 145/301/237
f 142/308/238 144/309/238 145/301/238
f 148/310/239 143/311/239 142/308/239
f 142/291/240 149/292/240 144/312/240
f 149/292/241 142/291/241 150/290/241
f 144/312/242 149/292/242 153/313/242
f 151/294/243 153/296/243 149/314/243
f 157/298/244 154/297/244 155/300/244
f 157/298/245 155/300/245 152/295/245
f 154/297/246 146/302/246 155/300/246
f 151/293/247 156/299/247 157/298/247
f 147/304/248 146/305/248 156/299/248
f 152/315/249 151/293/249 157/298/249
o Cube.010
v 9.895720 1.778261 -9.295319
v 9.926734 1.670478 -9.192302
v 9.870717 1.645735 -9.016075
v 9.804138 1.865740 -9.203835
v 9.789275 1.713914 -9.399734
v 9.766007 1.565922 -9.108696
v 9.895073 1.800641 -8.986984
v 9.666154 1.759362 -9.095984
v 9.719332 1.827150 -9.338962
vn -0.8772 -0.3961 -0.2715
vn -0.8544 -0.4210 -0.3045
vn -0.6437 -0.0423 0.7641
vn -0.3782 -0.2537 0.8903
vn 0.5678 -0.8206 0.0653
vn 0.7989 0.5195 0.3030
vn 0.3449 0.6003 -0.7216
vn 0.3401 0.8261 -0.4494
vn 0.3417 -0.8485 -0.4041
vn 0.8356 0.5130 -0.1964
vn 0.9417 -0.1990 0.2714
vn -0.5515 0.8269 0.1100
vn -0.3434 0.8501 0.3992
vn 0.7551 -0.3263 -0.5687
vt 0.856741 0.527884
vt 0.792799 0.664448
vt 0.661337 0.518959
vt 0.570885 0.667835
vt 0.614877 0.834550
vt 0.495616 0.943630
vt 0.319826 0.718976
vt 0.602263 0.105449
vt 0.455701 0.107225
vt 0.553174 0.006579
vt 0.371255 0.573451
vt 0.135465 0.689951
vt 0.165587 0.530358
vt 0.553103 0.308270
vt 0.565029 0.471740
vt 0.392929 0.256090
vt 0.405598 0.560759
vt 0.171875 0.750000
s 0
g Cube.010_Material
usemtl Material
f 162/316/250 163/317/250 166/318/250
f 166/318/251 163/317/251 165/319/251
f 163/320/252 160/321/252 164/322/252
f 165/319/253 163/320/253 164/322/253
f 163/323/254 159/324/254 160/325/254
f 161/326/255 159/327/255 158/328/255
f 162/329/256 166/330/256 158/331/256
f 166/330/257 161/332/257 158/331/257
f 159/324/258 163/323/258 162/329/258
f 161/326/259 164/322/259 159/327/259
f 159/327/260 164/322/260 160/333/260
f 166/318/261 165/319/261 161/332/261
f 165/319/262 164/322/262 161/332/262
f 158/331/263 159/324/263 162/329/263
o Cube.011
v 11.486785 1.580693 -10.227304
v 11.443413 1.939408 -10.489186
v 11.640919 1.736216 -10.530327
v 11.595114 1.813574 -10.261788
v 11.370168 1.816944 -10.227148
v 11.288389 1.628269 -10.380459
v 11.522199 1.518452 -10.467116
v 11.230083 1.781201 -10.457684
v 11.406848 1.716728 -10.582785
vn 0.1759 0.3568 -0.9175
vn 0.7063 0.7031 -0.0821
vn 0.8948 -0.3820 0.2313
vn 0.1529 0.0748 0.9854
vn -0.8491 -0.0586 0.5250
vn -0.6265 -0.3097 0.7153
vn -0.3612 -0.9142 0.1839
vn -0.5125 -0.6352 -0.5778
vn 0.2322 -0.3858 -0.8929
vn -0.4229 0.4093 -0.8085
vn -0.6101 -0.5300 -0.5889
vn 0.8768 -0.4011 0.2651
vn 0.0812 0.8940 0.4405
vn -0.5607 0.7992 0.2168
vt 0.534218 0.539052
vt 0.807613 0.537738
vt 0.651467 0.712344
vt 0.812212 0.722590
vt 0.440472 0.699464
vt 0.505279 0.954605
vt 0.394685 0.910428
vt 0.529494 0.041599
vt 0.440272 0.169217
vt 0.407900 0.015209
vt 0.224689 0.500632
vt 0.298939 0.554231
vt 0.143822 0.628706
vt 0.350796 0.501919
vt 0.236030 0.724989
vt 0.358556 0.714558
vt 0.602122 0.296489
vt 0.527241 0.521298
vt 0.452229 0.375318
s 0
g Cube.011_Material
usemtl Material
f 175/334/264 168/335/264 169/336/264
f 169/336/265 168/335/265 170/337/265
f 173/338/266 170/339/266 167/340/266
f 170/341/267 171/342/267 167/343/267
f 174/344/268 172/345/268 171/346/268
f 171/346/269 172/347/269 167/348/269
f 172/347/270 173/349/270 167/348/270
f 172/347/271 175/334/271 173/338/271
f 175/334/272 169/336/272 173/338/272
f 168/350/273 175/351/273 174/352/273
f 174/352/274 175/334/274 172/347/274
f 169/336/275 170/339/275 173/338/275
f 170/341/276 168/350/276 171/342/276
f 168/350/277 174/352/277 171/342/277
o Cube.006
v 12.446255 1.746064 -9.061265
v 12.587461 1.819149 -9.015092
v 12.558122 1.674455 -8.902453
v 12.542602 1.738366 -9.094385
v 12.600104 1.705078 -8.996462
v 12.535134 1.617835 -9.015420
v 12.434056 1.721515 -8.982978
v 12.511405 1.847730 -8.986745
v 12.547091 1.764038 -8.884809
vn -0.3163 -0.5061 -0.8024
vn 0.7175 -0.4123 -0.5615
vn -0.5598 -0.6895 0.4595
vn -0.0616 0.6154 -0.7858
vn -0.1666 0.7363 -0.6558
vn -0.6783 0.4334 0.5933
vn -0.8518 0.5229 0.0313
vn 0.4578 0.7590 0.4629
vn 0.9218 0.1599 0.3532
vn 0.9090 0.0300 0.4157
vn 0.7775 -0.6112 0.1481
vn -0.7278 -0.6138 -0.3059
vn -0.5891 -0.2254 0.7760
vn 0.8643 0.0137 -0.5029
vt 0.423616 0.817668
vt 0.438163 0.985880
vt 0.399025 0.926987
vt 0.584080 0.909473
vt 0.477709 0.045024
vt 0.607265 0.122218
vt 0.441545 0.286085
vt 0.565477 0.549583
vt 0.592013 0.712367
vt 0.289400 0.584684
vt 0.400831 0.754486
vt 0.615924 0.357557
vt 0.551199 0.540629
vt 0.429879 0.509305
vt 0.769145 0.562221
vt 0.604783 0.677624
vt 0.780055 0.741830
vt 0.860509 0.631959
vt 0.567506 0.015179
vt 0.377433 0.096481
s 0
g Cube.006_Material
usemtl Material
f 179/353/278 181/354/278 176/355/278
f 180/356/279 181/354/279 179/353/279
f 181/357/280 178/358/280 182/359/280
f 183/360/281 177/361/281 176/362/281
f 177/361/282 179/363/282 176/362/282
f 182/359/283 184/364/283 183/365/283
f 183/365/284 176/366/284 182/359/284
f 183/360/285 184/367/285 177/368/285
f 177/368/286 184/367/286 180/369/286
f 184/367/287 178/370/287 180/369/287
f 180/371/288 178/358/288 181/357/288
f 176/372/289 181/357/289 182/359/289
f 182/359/290 178/358/290 184/364/290
f 177/361/291 180/356/291 179/353/291
o Cube.007
v 11.862456 1.756559 -7.918698
v 11.715401 1.612006 -7.922588
v 11.876095 1.727812 -7.771507
v 11.739344 1.764979 -7.697250
v 11.768265 1.874969 -7.836113
v 11.727805 1.785930 -7.985156
v 11.662381 1.651935 -7.783777
v 11.810979 1.606703 -7.839468
v 11.626001 1.752491 -7.920728
vn -0.4484 -0.2741 -0.8508
vn 0.5391 -0.5309 -0.6538
vn -0.8329 -0.5278 -0.1663
vn 0.9041 -0.3957 -0.1611
vn 0.7965 0.6030 0.0440
vn 0.2636 -0.5760 0.7738
vn -0.8659 0.2647 0.4244
vn 0.3560 -0.3387 -0.8710
vn 0.4269 0.7206 -0.5464
vn -0.4840 0.8028 -0.3482
vn 0.4964 0.6272 0.6002
vn 0.0893 -0.6430 0.7606
vn -0.2195 -0.9567 0.1914
vn -0.7210 0.6084 0.3317
vt 0.862532 0.586626
vt 0.666025 0.612825
vt 0.793538 0.524739
vt 0.799625 0.742317
vt 0.596159 0.725728
vt 0.676667 0.500000
vt 0.533198 0.702151
vt 0.502729 0.907748
vt 0.315429 0.689365
vt 0.215046 0.717794
vt 0.139986 0.551629
vt 0.365533 0.517965
vt 0.592775 0.342442
vt 0.523296 0.508923
vt 0.395346 0.376049
vt 0.510142 0.020803
vt 0.592582 0.143625
vt 0.414253 0.208459
s 0
g Cube.007_Material
usemtl Material
f 190/373/292 186/374/292 193/375/292
f 186/374/293 185/376/293 192/377/293
f 193/375/294 186/374/294 191/378/294
f 192/379/295 185/380/295 187/381/295
f 187/381/296 185/382/296 189/383/296
f 188/384/297 192/379/297 187/381/297
f 193/385/298 191/386/298 188/387/298
f 190/373/299 185/376/299 186/374/299
f 185/388/300 190/389/300 189/390/300
f 189/390/301 190/389/301 193/385/301
f 189/383/302 188/384/302 187/381/302
f 188/384/303 191/386/303 192/379/303
f 191/386/304 186/374/304 192/379/304
f 189/390/305 193/385/305 188/387/305
o Cube.008
v 10.114813 1.559243 -8.154341
v 10.042245 1.728997 -8.159078
v 9.929761 1.815223 -8.236981
v 9.893070 1.635413 -8.281200
v 9.963472 1.763894 -8.465836
v 10.065263 1.589356 -8.400991
v 10.193877 1.629975 -8.247706
v 9.949563 1.902375 -8.324676
v 10.102776 1.814276 -8.355904
vn -0.6045 -0.0718 0.7934
vn -0.9788 0.2042 -0.0181
vn -0.5696 -0.5568 -0.6046
vn 0.5077 -0.8370 -0.2042
vn 0.6581 0.5957 0.4605
vn 0.5101 0.7208 0.4692
vn 0.6054 0.0582 -0.7938
vn 0.2682 0.7008 -0.6610
vn 0.0476 0.7031 0.7095
vn -0.5385 -0.2074 0.8167
vn -0.9543 0.1609 -0.2519
vn -0.2949 -0.9538 -0.0572
vn 0.6151 0.2835 0.7357
vn 0.7659 0.0011 -0.6429
vt 0.551771 0.821043
vt 0.490236 0.981936
vt 0.443965 0.755163
vt 0.609545 0.740303
vt 0.579499 0.265268
vt 0.447677 0.232718
vt 0.490446 0.016300
vt 0.320967 0.499695
vt 0.242238 0.673984
vt 0.142687 0.564850
vt 0.543218 0.480597
vt 0.654480 0.663904
vt 0.651690 0.523626
vt 0.809399 0.589510
vt 0.375000 0.930496
vt 0.603518 0.001237
vt 0.583364 0.169025
vt 0.384386 0.054537
vt 0.382289 0.419599
s 0
g Cube.008_Material
usemtl Material
f 196/391/306 197/392/306 195/393/306
f 196/391/307 201/394/307 197/392/307
f 198/395/308 199/396/308 197/397/308
f 200/398/309 194/399/309 199/400/309
f 202/401/310 195/393/310 200/398/310
f 202/401/311 201/402/311 195/393/311
f 198/395/312 202/401/312 199/396/312
f 202/403/313 198/404/313 201/402/313
f 201/402/314 196/391/314 195/393/314
f 194/405/315 195/393/315 197/392/315
f 201/406/316 198/407/316 197/397/316
f 194/408/317 197/397/317 199/396/317
f 194/399/318 200/398/318 195/393/318
f 200/409/319 199/396/319 202/401/319
o Cube.009
v 11.469787 1.963825 -10.385942
v 11.611075 1.901898 -10.471498
v 11.307110 1.867727 -10.354610
v 11.353980 1.807797 -10.189319
v 11.707466 1.675079 -10.409142
v 11.617755 1.689341 -10.586707
v 11.601845 1.806963 -10.204790
v 11.372607 1.842975 -10.556194
v 11.491543 1.771285 -10.636176
v 11.327081 1.606805 -10.505892
v 11.314844 1.642948 -10.303843
v 11.242422 1.782630 -10.455354
v 11.600263 1.553823 -10.330508
v 11.547373 1.702036 -10.154239
v 11.508587 1.521278 -10.437168
v 11.390832 1.503807 -10.290941
vn 0.5514 0.4109 -0.7261
vn -0.0231 0.7914 -0.6109
vn -0.5819 -0.0606 -0.8110
vn -0.8980 -0.4393 0.0242
vn 0.2463 -0.9656 0.0830
vn -0.3953 -0.4589 0.7957
vn 0.8263 -0.1703 0.5369
vn -0.0601 -0.5821 -0.8109
vn -0.0235 -0.6560 -0.7544
vn 0.6097 -0.7336 -0.3001
vn 0.8712 0.2548 -0.4197
vn 0.8858 0.4266 0.1825
vn -0.9227 0.0545 0.3817
vn 0.0582 0.4086 0.9109
vn 0.0423 0.7703 0.6362
vn -0.4037 0.8174 0.4109
vn 0.5297 0.7931 0.3006
vn -0.5277 0.8052 -0.2703
vn 0.0719 0.7935 -0.6043
vn -0.5741 0.7691 -0.2810
vn -0.5950 -0.0561 -0.8017
vn 0.2900 -0.6879 0.6654
vn -0.4959 -0.1923 0.8468
vn 0.7773 -0.3468 0.5249
vn -0.2917 -0.8934 -0.3416
vn 0.6018 -0.7123 -0.3612
vn -0.8784 -0.4768 0.0321
vt 0.875000 0.649805
vt 0.849233 0.683396
vt 0.832712 0.540342
vt 0.580473 0.024703
vt 0.534759 0.188184
vt 0.498710 0.020990
vt 0.437420 0.135101
vt 0.411456 0.342495
vt 0.213804 0.511922
vt 0.337875 0.601179
vt 0.185175 0.619999
vt 0.611440 0.548317
vt 0.438499 0.522151
vt 0.536413 0.434917
vt 0.517900 0.691047
vt 0.378975 0.759339
vt 0.724211 0.603714
vt 0.568883 0.768659
vt 0.609419 0.213408
vt 0.625000 0.382072
vt 0.588498 0.519208
vt 0.209844 0.718096
vt 0.479559 0.953620
vt 0.390901 0.953078
vt 0.565332 0.774863
vt 0.583031 0.973602
vt 0.389658 0.010551
vt 0.376620 0.114133
vt 0.125000 0.581137
vt 0.375000 0.421875
s 0
g Cube.009_Material
usemtl Material
f 211/410/320 204/411/320 208/412/320
f 204/413/321 211/414/321 203/415/321
f 210/416/322 211/414/322 212/417/322
f 212/418/323 213/419/323 214/420/323
f 215/421/324 218/422/324 217/423/324
f 216/424/325 206/425/325 213/419/325
f 207/426/326 209/427/326 216/424/326
f 208/428/327 212/417/327 211/414/327
f 208/428/328 217/423/328 212/417/328
f 217/423/329 207/429/329 215/430/329
f 207/426/330 208/412/330 204/411/330
f 207/426/331 204/411/331 209/427/331
f 205/431/332 214/420/332 213/419/332 206/425/332
f 206/425/333 216/424/333 209/427/333
f 209/427/334 203/432/334 206/425/334
f 203/432/335 205/433/335 206/425/335
f 209/434/336 204/435/336 203/432/336
f 203/415/337 210/416/337 205/436/337
f 210/416/338 203/415/338 211/414/338
f 205/436/339 210/416/339 214/437/339
f 212/418/340 214/420/340 210/438/340
f 218/422/341 215/421/341 216/424/341
f 218/422/342 216/424/342 213/419/342
f 215/421/343 207/426/343 216/424/343
f 212/417/344 217/423/344 218/422/344
f 208/428/345 207/429/345 217/423/345
f 213/439/346 212/417/346 218/422/346
o Cube.010
v 11.602776 1.828858 -7.888033
v 11.706775 1.707016 -7.915482
v 11.814408 1.592868 -7.792889
v 11.618556 1.831527 -7.722063
v 11.443383 1.764138 -7.909120
v 11.665637 1.510603 -7.817675
v 11.857978 1.730875 -7.703299
v 11.612764 1.634300 -7.627769
v 11.448833 1.811107 -7.760299
vn -0.7715 -0.5981 0.2170
vn -0.7832 -0.5977 0.1713
vn 0.1856 -0.5756 0.7964
vn 0.4470 -0.6875 0.5723
vn 0.3936 -0.4745 -0.7874
vn 0.7489 0.6576 -0.0818
vn -0.3307 0.9034 -0.2730
vn -0.1184 0.9930 -0.0047
vn -0.1136 -0.4237 -0.8986
vn 0.3846 0.8460 -0.3692
vn 0.8010 0.1269 -0.5851
vn -0.2473 0.4238 0.8713
vn 0.1088 0.4262 0.8981
vn 0.0294 0.2435 -0.9695
vt 0.856741 0.527884
vt 0.792799 0.664448
vt 0.661337 0.518959
vt 0.570885 0.667835
vt 0.614877 0.834550
vt 0.495616 0.943630
vt 0.319826 0.718976
vt 0.602263 0.105449
vt 0.455701 0.107225
vt 0.553174 0.006579
vt 0.371255 0.573451
vt 0.135465 0.689951
vt 0.165587 0.530358
vt 0.553103 0.308270
vt 0.565029 0.471740
vt 0.392929 0.256090
vt 0.405598 0.560759
vt 0.171875 0.750000
s 0
g Cube.010_Material
usemtl Material
f 223/440/347 224/441/347 227/442/347
f 227/442/348 224/441/348 226/443/348
f 224/444/349 221/445/349 225/446/349
f 226/443/350 224/444/350 225/446/350
f 224/447/351 220/448/351 221/449/351
f 222/450/352 220/451/352 219/452/352
f 223/453/353 227/454/353 219/455/353
f 227/454/354 222/456/354 219/455/354
f 220/448/355 224/447/355 223/453/355
f 222/450/356 225/446/356 220/451/356
f 220/451/357 225/446/357 221/457/357
f 227/442/358 226/443/358 222/456/358
f 226/443/359 225/446/359 222/456/359
f 219/455/360 220/448/360 223/453/360
o Cube.011
v 9.928084 1.814653 -9.178429
v 9.720583 1.746646 -9.534678
v 9.986723 1.724021 -9.511428
v 9.875199 1.929142 -9.385735
v 9.706291 1.856268 -9.278101
v 9.776007 1.634610 -9.217366
v 10.019727 1.631742 -9.292723
v 9.654473 1.613017 -9.333463
v 9.835347 1.574906 -9.436382
vn 0.0360 -0.4782 -0.8775
vn 0.1194 0.5651 -0.8163
vn 0.8975 0.4407 0.0144
vn -0.0593 0.8674 0.4941
vn -0.6889 -0.0181 0.7246
vn -0.3863 0.1288 0.9133
vn 0.2647 -0.4121 0.8718
vn 0.0757 -0.9566 0.2813
vn 0.5376 -0.7447 -0.3954
vn -0.4735 -0.6541 -0.5899
vn -0.0636 -0.9671 0.2464
vn 0.8911 0.4504 0.0556
vn -0.5513 0.7557 -0.3536
vn -0.9583 0.2396 -0.1557
vt 0.534218 0.539052
vt 0.807613 0.537738
vt 0.651467 0.712344
vt 0.812212 0.722590
vt 0.440472 0.699464
vt 0.505279 0.954605
vt 0.394685 0.910428
vt 0.529494 0.041599
vt 0.440272 0.169217
vt 0.407900 0.015209
vt 0.224689 0.500632
vt 0.298939 0.554231
vt 0.143822 0.628706
vt 0.350796 0.501919
vt 0.236030 0.724989
vt 0.358556 0.714558
vt 0.602122 0.296489
vt 0.527241 0.521298
vt 0.452229 0.375318
s 0
g Cube.011_Material
usemtl Material
f 236/458/361 229/459/361 230/460/361
f 230/460/362 229/459/362 231/461/362
f 234/462/363 231/463/363 228/464/363
f 231/465/364 232/466/364 228/467/364
f 235/468/365 233/469/365 232/470/365
f 232/470/366 233/471/366 228/472/366
f 233/471/367 234/473/367 228/472/367
f 233/471/368 236/458/368 234/462/368
f 236/458/369 230/460/369 234/462/369
f 229/474/370 236/475/370 235/476/370
f 235/476/371 236/458/371 233/471/371
f 230/460/372 231/463/372 234/462/372
f 231/465/373 229/474/373 232/466/373
f 229/474/374 235/476/374 232/466/374
o Cube.006
v 10.006638 1.676668 -9.949498
v 10.118573 1.815931 -9.834906
v 9.979989 1.692376 -9.685883
v 10.127583 1.674004 -9.899272
v 10.101219 1.693823 -9.751188
v 10.040896 1.567980 -9.774922
v 9.928312 1.681742 -9.877749
v 10.024256 1.845438 -9.883937
v 9.966528 1.803114 -9.724060
vn 0.2089 -0.8113 -0.5461
vn 0.8643 -0.4548 0.2147
vn -0.7905 -0.5617 0.2440
vn 0.5087 0.2651 -0.8191
vn 0.3584 0.4044 -0.8415
vn -0.8520 0.4927 -0.1772
vn -0.6235 0.3388 -0.7046
vn 0.1392 0.9437 0.3001
vn 0.5052 0.4380 0.7436
vn 0.4429 0.3399 0.8297
vn 0.4445 -0.3672 0.8171
vn -0.4314 -0.8014 -0.4143
vn -0.9649 -0.0272 0.2614
vn 0.9839 -0.0181 0.1776
vt 0.423616 0.817668
vt 0.438163 0.985880
vt 0.399025 0.926987
vt 0.584080 0.909473
vt 0.477709 0.045024
vt 0.607265 0.122218
vt 0.441545 0.286085
vt 0.565477 0.549583
vt 0.592013 0.712367
vt 0.289400 0.584684
vt 0.400831 0.754486
vt 0.615924 0.357557
vt 0.551199 0.540629
vt 0.429879 0.509305
vt 0.769145 0.562221
vt 0.604783 0.677624
vt 0.780055 0.741830
vt 0.860509 0.631959
vt 0.567506 0.015179
vt 0.377433 0.096481
s 0
g Cube.006_Material
usemtl Material
f 240/477/375 242/478/375 237/479/375
f 241/480/376 242/478/376 240/477/376
f 242/481/377 239/482/377 243/483/377
f 244/484/378 238/485/378 237/486/378
f 238/485/379 240/487/379 237/486/379
f 243/483/380 245/488/380 244/489/380
f 244/489/381 237/490/381 243/483/381
f 244/484/382 245/491/382 238/492/382
f 238/492/383 245/491/383 241/493/383
f 245/491/384 239/494/384 241/493/384
f 241/495/385 239/482/385 242/481/385
f 237/496/386 242/481/386 243/483/386
f 243/483/387 239/482/387 245/488/387
f 238/485/388 241/480/388 240/477/388
o Cube.007
v 11.005860 1.694094 -10.564841
v 10.940699 1.721535 -10.380013
v 11.078465 1.579797 -10.514419
v 11.183185 1.626861 -10.412519
v 11.160506 1.745019 -10.535745
v 11.013995 1.826959 -10.502928
v 11.069455 1.679840 -10.321033
v 10.968559 1.610643 -10.421531
v 11.056897 1.830664 -10.390954
vn -0.6552 0.7205 0.2272
vn -0.9418 -0.1189 -0.3144
vn -0.2785 0.3848 0.8800
vn -0.6044 -0.6100 -0.5125
vn 0.2575 -0.2484 -0.9338
vn 0.0544 -0.9266 0.3721
vn 0.6808 0.3540 0.6413
vn -0.9092 0.2203 -0.3533
vn 0.0321 0.4205 -0.9067
vn 0.4440 0.8736 -0.1990
vn 0.7216 -0.4285 -0.5437
vn 0.0410 -0.8417 0.5384
vn -0.4863 -0.4109 0.7712
vn 0.8233 0.4777 0.3066
vt 0.862532 0.586626
vt 0.666025 0.612825
vt 0.793538 0.524739
vt 0.799625 0.742317
vt 0.596159 0.725728
vt 0.676667 0.500000
vt 0.533198 0.702151
vt 0.502729 0.907748
vt 0.315429 0.689365
vt 0.215046 0.717794
vt 0.139986 0.551629
vt 0.365533 0.517965
vt 0.592775 0.342442
vt 0.523296 0.508923
vt 0.395346 0.376049
vt 0.510142 0.020803
vt 0.592582 0.143625
vt 0.414253 0.208459
s 0
g Cube.007_Material
usemtl Material
f 251/497/389 247/498/389 254/499/389
f 247/498/390 246/500/390 253/501/390
f 254/499/391 247/498/391 252/502/391
f 253/503/392 246/504/392 248/505/392
f 248/505/393 246/506/393 250/507/393
f 249/508/394 253/503/394 248/505/394
f 254/509/395 252/510/395 249/511/395
f 251/497/396 246/500/396 247/498/396
f 246/512/397 251/513/397 250/514/397
f 250/514/398 251/513/398 254/509/398
f 250/507/399 249/508/399 248/505/399
f 249/508/400 252/510/400 253/503/400
f 252/510/401 247/498/401 253/503/401
f 250/514/402 254/509/402 249/511/402
o Cube.008
v 9.795507 1.767892 -8.406075
v 9.784934 1.763335 -8.571615
v 9.826130 1.682334 -8.685019
v 9.851855 1.584188 -8.549095
v 10.031157 1.638664 -8.647770
v 9.996924 1.679402 -8.464671
v 9.897005 1.832255 -8.447065
v 9.908425 1.705696 -8.758092
v 9.971510 1.793010 -8.638078
vn -0.9302 -0.3578 -0.0823
vn -0.2469 -0.8072 -0.5361
vn 0.4131 -0.8695 0.2707
vn 0.3179 0.0992 0.9429
vn -0.2494 0.9248 -0.2873
vn -0.2958 0.8397 -0.4554
vn 0.9305 0.3536 0.0953
vn 0.7240 0.3182 -0.6121
vn -0.6541 0.4827 -0.5824
vn -0.9373 -0.3414 0.0693
vn -0.0163 -0.8625 -0.5059
vn -0.0462 -0.6224 0.7813
vn -0.5324 0.8464 0.0107
vn 0.8283 0.5165 0.2170
vt 0.551771 0.821043
vt 0.490236 0.981936
vt 0.443965 0.755163
vt 0.609545 0.740303
vt 0.579499 0.265268
vt 0.447677 0.232718
vt 0.490446 0.016300
vt 0.320967 0.499695
vt 0.242238 0.673984
vt 0.142687 0.564850
vt 0.543218 0.480597
vt 0.654480 0.663904
vt 0.651690 0.523626
vt 0.809399 0.589510
vt 0.375000 0.930496
vt 0.603518 0.001237
vt 0.583364 0.169025
vt 0.384386 0.054537
vt 0.382289 0.419599
s 0
g Cube.008_Material
usemtl Material
f 257/515/403 258/516/403 256/517/403
f 257/515/404 262/518/404 258/516/404
f 259/519/405 260/520/405 258/521/405
f 261/522/406 255/523/406 260/524/406
f 263/525/407 256/517/407 261/522/407
f 263/525/408 262/526/408 256/517/408
f 259/519/409 263/525/409 260/520/409
f 263/527/410 259/528/410 262/526/410
f 262/526/411 257/515/411 256/517/411
f 255/529/412 256/517/412 258/516/412
f 262/530/413 259/531/413 258/521/413
f 255/532/414 258/521/414 260/520/414
f 255/523/415 261/522/415 256/517/415
f 261/533/416 260/520/416 263/525/416
o Cube.009
v 10.737718 1.813309 -10.528149
v 10.776055 1.898150 -10.376585
v 10.854707 1.691501 -10.621807
v 10.786637 1.539408 -10.544999
v 10.869492 1.767114 -10.177064
v 10.994967 1.894487 -10.269147
v 10.698358 1.627652 -10.327902
v 10.961322 1.867656 -10.559318
v 11.012485 1.936350 -10.422291
v 11.124378 1.698818 -10.479959
v 10.988141 1.544003 -10.501416
v 10.999838 1.714963 -10.639790
v 10.956315 1.610803 -10.207896
v 10.768313 1.518672 -10.321646
v 11.076798 1.656095 -10.275881
v 11.053182 1.489895 -10.365155
vn -0.1070 0.9621 0.2508
vn -0.2246 0.8734 -0.4321
vn 0.7273 0.4651 -0.5047
vn 0.6576 -0.5006 -0.5630
vn 0.5612 -0.4521 0.6933
vn 0.0419 -0.9952 -0.0890
vn -0.5005 -0.2741 0.8212
vn 0.9036 0.3756 0.2060
vn 0.9114 0.3050 0.2763
vn 0.4653 0.0847 0.8811
vn -0.2904 0.7318 0.6166
vn -0.7597 0.3201 0.5660
vn 0.1063 -0.5693 -0.8153
vn -0.8325 -0.5412 -0.1185
vn -0.9357 -0.1474 -0.3206
vn -0.6691 -0.0740 -0.7395
vn -0.9542 0.2884 0.0799
vn -0.2289 0.4456 -0.8655
vn -0.2670 0.8977 -0.3504
vn -0.1785 0.4231 -0.8883
vn 0.7239 0.4556 -0.5180
vn 0.0143 -0.7884 0.6150
vn -0.1418 -0.9414 -0.3061
vn -0.3458 -0.3628 0.8653
vn 0.9573 -0.2301 0.1750
vn 0.4872 0.1429 0.8615
vn 0.6728 -0.5190 -0.5272
vt 0.875000 0.649805
vt 0.849233 0.683396
vt 0.832712 0.540342
vt 0.580473 0.024703
vt 0.534759 0.188184
vt 0.498710 0.020990
vt 0.437420 0.135101
vt 0.411456 0.342495
vt 0.213804 0.511922
vt 0.337875 0.601179
vt 0.185175 0.619999
vt 0.611440 0.548317
vt 0.438499 0.522151
vt 0.536413 0.434917
vt 0.517900 0.691047
vt 0.378975 0.759339
vt 0.724211 0.603714
vt 0.568883 0.768659
vt 0.609419 0.213408
vt 0.625000 0.382072
vt 0.588498 0.519208
vt 0.209844 0.718096
vt 0.479559 0.953620
vt 0.390901 0.953078
vt 0.565332 0.774863
vt 0.583031 0.973602
vt 0.389658 0.010551
vt 0.376620 0.114133
vt 0.125000 0.581137
vt 0.375000 0.421875
s 0
g Cube.009_Material
usemtl Material
f 272/534/417 265/535/417 269/536/417
f 265/537/418 272/538/418 264/539/418
f 271/540/419 272/538/419 273/541/419
f 273/542/420 274/543/420 275/544/420
f 276/545/421 279/546/421 278/547/421
f 277/548/422 267/549/422 274/543/422
f 268/550/423 270/551/423 277/548/423
f 269/552/424 273/541/424 272/538/424
f 269/552/425 278/547/425 273/541/425
f 278/547/426 268/553/426 276/554/426
f 268/550/427 269/536/427 265/535/427
f 268/550/428 265/535/428 270/551/428
f 266/555/429 275/544/429 274/543/429 267/549/429
f 267/549/430 277/548/430 270/551/430
f 270/551/431 264/556/431 267/549/431
f 264/556/432 266/557/432 267/549/432
f 270/558/433 265/559/433 264/556/433
f 264/539/434 271/540/434 266/560/434
f 271/540/435 264/539/435 272/538/435
f 266/560/436 271/540/436 275/561/436
f 273/542/437 275/544/437 271/562/437
f 279/546/438 276/545/438 277/548/438
f 279/546/439 277/548/439 274/543/439
f 276/545/440 268/550/440 277/548/440
f 273/541/441 278/547/441 279/546/441
f 269/552/442 268/553/442 278/547/442
f 274/563/443 273/541/443 279/546/443
o Cube.010
v 9.854572 1.699286 -9.260139
v 9.841006 1.613333 -9.189160
v 9.802994 1.607687 -9.057070
v 9.829451 1.783115 -9.185215
v 9.758984 1.699867 -9.332266
v 9.703583 1.597030 -9.121048
v 9.874123 1.698199 -9.033023
v 9.707077 1.756491 -9.100683
v 9.755685 1.794464 -9.280494
vn -0.9731 0.0835 -0.2146
vn -0.9668 0.0531 -0.2501
vn -0.5448 0.2126 0.8111
vn -0.4051 -0.1071 0.9080
vn 0.1129 -0.9936 -0.0100
vn 0.9647 0.0597 0.2567
vn 0.5494 0.4158 -0.7247
vn 0.6669 0.5977 -0.4451
vn -0.1239 -0.8790 -0.4605
vn 0.9671 0.0715 -0.2440
vn 0.7474 -0.6373 0.1878
vn -0.0863 0.9792 0.1835
vn 0.1230 0.8816 0.4558
vn 0.4782 -0.6029 -0.6386
vt 0.856741 0.527884
vt 0.792799 0.664448
vt 0.661337 0.518959
vt 0.570885 0.667835
vt 0.614877 0.834550
vt 0.495616 0.943630
vt 0.319826 0.718976
vt 0.602263 0.105449
vt 0.455701 0.107225
vt 0.553174 0.006579
vt 0.371255 0.573451
vt 0.135465 0.689951
vt 0.165587 0.530358
vt 0.553103 0.308270
vt 0.565029 0.471740
vt 0.392929 0.256090
vt 0.405598 0.560759
vt 0.171875 0.750000
s 0
g Cube.010_Material
usemtl Material
f 284/564/444 285/565/444 288/566/444
f 288/566/445 285/565/445 287/567/445
f 285/568/446 282/569/446 286/570/446
f 287/567/447 285/568/447 286/570/447
f 285/571/448 281/572/448 282/573/448
f 283/574/449 281/575/449 280/576/449
f 284/577/450 288/578/450 280/579/450
f 288/578/451 283/580/451 280/579/451
f 281/572/452 285/571/452 284/577/452
f 283/574/453 286/570/453 281/575/453
f 281/575/454 286/570/454 282/581/454
f 288/566/455 287/567/455 283/580/455
f 287/567/456 286/570/456 283/580/456
f 280/579/457 281/572/457 284/577/457
o Cube.011
v 12.344159 1.682605 -9.849176
v 12.050075 1.817360 -10.063283
v 12.280483 1.783942 -10.151329
v 12.263342 1.878811 -9.924816
v 12.133934 1.769503 -9.822550
v 12.165017 1.566156 -9.908575
v 12.352113 1.599266 -10.049990
v 12.023017 1.611311 -9.959040
v 12.140951 1.632424 -10.114685
vn -0.3440 0.0907 -0.9346
vn -0.0142 0.9219 -0.3872
vn 0.9331 0.3436 -0.1057
vn 0.2916 0.4463 0.8460
vn -0.4181 -0.4074 0.8119
vn -0.0472 -0.3953 0.9173
vn 0.4207 -0.8319 0.3619
vn -0.0578 -0.9524 -0.2995
vn 0.2085 -0.4071 -0.8893
vn -0.7660 -0.2073 -0.6085
vn -0.1997 -0.9394 -0.2787
vn 0.9420 0.3289 -0.0665
vn -0.4493 0.8333 0.3222
vn -0.8804 0.3010 0.3665
vt 0.534218 0.539052
vt 0.807613 0.537738
vt 0.651467 0.712344
vt 0.812212 0.722590
vt 0.440472 0.699464
vt 0.505279 0.954605
vt 0.394685 0.910428
vt 0.529494 0.041599
vt 0.440272 0.169217
vt 0.407900 0.015209
vt 0.224689 0.500632
vt 0.298939 0.554231
vt 0.143822 0.628706
vt 0.350796 0.501919
vt 0.236030 0.724989
vt 0.358556 0.714558
vt 0.602122 0.296489
vt 0.527241 0.521298
vt 0.452229 0.375318
s 0
g Cube.011_Material
usemtl Material
f 297/582/458 290/583/458 291/584/458
f 291/584/459 290/583/459 292/585/459
f 295/586/460 292/587/460 289/588/460
f 292/589/461 293/590/461 289/591/461
f 296/592/462 294/593/462 293/594/462
f 293/594/463 294/595/463 289/596/463
f 294/595/464 295/597/464 289/596/464
f 294/595/465 297/582/465 295/586/465
f 297/582/466 291/584/466 295/586/466
f 290/598/467 297/599/467 296/600/467
f 296/600/468 297/582/468 294/595/468
f 291/584/469 292/587/469 295/586/469
f 292/589/470 290/598/470 293/590/470
f 290/598/471 296/600/471 293/590/471
o Cube.006
v 10.844888 1.819155 -7.673752
v 10.905286 1.594780 -7.630249
v 10.909167 1.631385 -7.892827
v 10.971281 1.755406 -7.638507
v 10.991035 1.643695 -7.763722
v 11.001680 1.780884 -7.840669
v 10.799386 1.785824 -7.777891
v 10.787310 1.628358 -7.637319
v 10.819566 1.568608 -7.820208
vn 0.4044 0.8979 0.1740
vn 0.9887 0.0072 0.1496
vn -0.2538 0.4549 -0.8536
vn -0.0050 0.1890 0.9820
vn -0.2032 0.1334 0.9700
vn -0.9862 -0.0617 -0.1538
vn -0.9000 0.3267 0.2887
vn -0.2788 -0.9263 0.2534
vn 0.4178 -0.9063 -0.0637
vn 0.4477 -0.8713 -0.2008
vn 0.8103 -0.3332 -0.4820
vn -0.0632 0.9582 -0.2791
vn -0.6621 0.0836 -0.7447
vn 0.8453 -0.3255 0.4237
vt 0.423616 0.817668
vt 0.438163 0.985880
vt 0.399025 0.926987
vt 0.584080 0.909473
vt 0.477709 0.045024
vt 0.607265 0.122218
vt 0.441545 0.286085
vt 0.565477 0.549583
vt 0.592013 0.712367
vt 0.289400 0.584684
vt 0.400831 0.754486
vt 0.615924 0.357557
vt 0.551199 0.540629
vt 0.429879 0.509305
vt 0.769145 0.562221
vt 0.604783 0.677624
vt 0.780055 0.741830
vt 0.860509 0.631959
vt 0.567506 0.015179
vt 0.377433 0.096481
s 0
g Cube.006_Material
usemtl Material
f 301/601/472 303/602/472 298/603/472
f 302/604/473 303/602/473 301/601/473
f 303/605/474 300/606/474 304/607/474
f 305/608/475 299/609/475 298/610/475
f 299/609/476 301/611/476 298/610/476
f 304/607/477 306/612/477 305/613/477
f 305/613/478 298/614/478 304/607/478
f 305/608/479 306/615/479 299/616/479
f 299/616/480 306/615/480 302/617/480
f 306/615/481 300/618/481 302/617/481
f 302/619/482 300/606/482 303/605/482
f 298/620/483 303/605/483 304/607/483
f 304/607/484 300/606/484 306/612/484
f 299/609/485 302/604/485 301/601/485
o Cube.007
v 10.474244 1.712534 -10.138157
v 10.314282 1.703513 -10.071463
v 10.430754 1.804886 -10.213232
v 10.335672 1.755270 -10.294601
v 10.440689 1.650820 -10.265058
v 10.415435 1.598575 -10.126735
v 10.258625 1.726421 -10.186091
v 10.353031 1.794837 -10.110686
v 10.315506 1.594408 -10.159382
vn -0.2221 -0.6133 0.7580
vn 0.3630 0.2335 0.9021
vn -0.8793 -0.3048 0.3660
vn 0.5627 0.6646 0.4916
vn 0.9290 0.1704 -0.3285
vn -0.3400 0.9255 -0.1670
vn -0.6855 -0.4162 -0.5974
vn 0.3878 -0.1084 0.9154
vn 0.8881 -0.4595 -0.0114
vn 0.1455 -0.9340 -0.3262
vn 0.5241 0.3017 -0.7964
vn -0.5085 0.8504 -0.1350
vn -0.7316 0.5064 0.4564
vn -0.3627 -0.5726 -0.7353
vt 0.862532 0.586626
vt 0.666025 0.612825
vt 0.793538 0.524739
vt 0.799625 0.742317
vt 0.596159 0.725728
vt 0.676667 0.500000
vt 0.533198 0.702151
vt 0.502729 0.907748
vt 0.315429 0.689365
vt 0.215046 0.717794
vt 0.139986 0.551629
vt 0.365533 0.517965
vt 0.592775 0.342442
vt 0.523296 0.508923
vt 0.395346 0.376049
vt 0.510142 0.020803
vt 0.592582 0.143625
vt 0.414253 0.208459
s 0
g Cube.007_Material
usemtl Material
f 312/621/486 308/622/486 315/623/486
f 308/622/487 307/624/487 314/625/487
f 315/623/488 308/622/488 313/626/488
f 314/627/489 307/628/489 309/629/489
f 309/629/490 307/630/490 311/631/490
f 310/632/491 314/627/491 309/629/491
f 315/633/492 313/634/492 310/635/492
f 312/621/493 307/624/493 308/622/493
f 307/636/494 312/637/494 311/638/494
f 311/638/495 312/637/495 315/633/495
f 311/631/496 310/632/496 309/629/496
f 310/632/497 313/634/497 314/627/497
f 313/634/498 308/622/498 314/627/498
f 311/638/499 315/633/499 310/635/499
o Cube.008
v 11.494527 1.517282 -10.518412
v 11.530502 1.679838 -10.521235
v 11.562583 1.790172 -10.431444
v 11.579690 1.649738 -10.336814
v 11.419427 1.774204 -10.273658
v 11.395132 1.591999 -10.326760
v 11.381757 1.575958 -10.509667
v 11.494168 1.874720 -10.401164
v 11.374267 1.771030 -10.433707
vn 0.9617 -0.0626 -0.2667
vn 0.7518 0.4290 0.5007
vn 0.1436 -0.2945 0.9448
vn -0.4520 -0.8851 0.1107
vn -0.3037 0.3356 -0.8917
vn -0.1916 0.4887 -0.8512
vn -0.9615 0.0494 0.2703
vn -0.6708 0.7207 0.1750
vn 0.3223 0.5394 -0.7779
vn 0.9351 -0.2119 -0.2840
vn 0.5967 0.4220 0.6825
vn 0.2864 -0.8330 0.4733
vn -0.0774 -0.0002 -0.9970
vn -0.9945 -0.0689 0.0788
vt 0.551771 0.821043
vt 0.490236 0.981936
vt 0.443965 0.755163
vt 0.609545 0.740303
vt 0.579499 0.265268
vt 0.447677 0.232718
vt 0.490446 0.016300
vt 0.320967 0.499695
vt 0.242238 0.673984
vt 0.142687 0.564850
vt 0.543218 0.480597
vt 0.654480 0.663904
vt 0.651690 0.523626
vt 0.809399 0.589510
vt 0.375000 0.930496
vt 0.603518 0.001237
vt 0.583364 0.169025
vt 0.384386 0.054537
vt 0.382289 0.419599
s 0
g Cube.008_Material
usemtl Material
f 318/639/500 319/640/500 317/641/500
f 318/639/501 323/642/501 319/640/501
f 320/643/502 321/644/502 319/645/502
f 322/646/503 316/647/503 321/648/503
f 324/649/504 317/641/504 322/646/504
f 324/649/505 323/650/505 317/641/505
f 320/643/506 324/649/506 321/644/506
f 324/651/507 320/652/507 323/650/507
f 323/650/508 318/639/508 317/641/508
f 316/653/509 317/641/509 319/640/509
f 323/654/510 320/655/510 319/645/510
f 316/656/511 319/645/511 321/644/511
f 316/647/512 322/646/512 317/641/512
f 322/657/513 321/644/513 324/649/513
o Cube.009
v 12.289941 1.862239 -7.940512
v 12.289325 1.892229 -8.165316
v 12.108718 1.760219 -7.808669
v 12.199199 1.544483 -7.809696
v 12.212442 1.643184 -8.362524
v 12.044236 1.836217 -8.348321
v 12.373502 1.549057 -8.077183
v 12.008535 1.939481 -7.990611
v 11.986688 1.956954 -8.194742
v 11.810361 1.700849 -8.050501
v 11.960028 1.528089 -7.917681
v 11.925554 1.795285 -7.838411
v 12.081827 1.471240 -8.279477
v 12.277887 1.416204 -8.054030
v 11.918440 1.555657 -8.254444
v 11.909283 1.400005 -8.068814
vn 0.2255 0.8052 -0.5485
vn 0.1954 0.9722 0.1292
vn -0.7787 0.6126 0.1358
vn -0.7929 -0.2651 0.5487
vn -0.4402 -0.6772 -0.5896
vn -0.1316 -0.8945 0.4272
vn 0.6354 -0.5515 -0.5405
vn -0.8131 0.2691 -0.5162
vn -0.8116 0.1777 -0.5566
vn -0.2694 -0.2452 -0.9313
vn 0.4621 0.4585 -0.7591
vn 0.8801 0.0965 -0.4649
vn -0.3108 -0.2336 0.9213
vn 0.7494 -0.4556 0.4805
vn 0.8378 -0.0146 0.5457
vn 0.4978 0.2048 0.8427
vn 0.9690 0.2454 0.0301
vn 0.0804 0.7318 0.6768
vn 0.2551 0.9653 0.0553
vn 0.0248 0.7189 0.6947
vn -0.7788 0.6086 0.1520
vn 0.0534 -0.9584 -0.2804
vn 0.0077 -0.7641 0.6450
vn 0.4868 -0.6511 -0.5823
vn -0.9160 -0.2840 -0.2833
vn -0.2904 -0.1840 -0.9390
vn -0.8018 -0.2953 0.5195
vt 0.875000 0.649805
vt 0.849233 0.683396
vt 0.832712 0.540342
vt 0.580473 0.024703
vt 0.534759 0.188184
vt 0.498710 0.020990
vt 0.437420 0.135101
vt 0.411456 0.342495
vt 0.213804 0.511922
vt 0.337875 0.601179
vt 0.185175 0.619999
vt 0.611440 0.548317
vt 0.438499 0.522151
vt 0.536413 0.434917
vt 0.517900 0.691047
vt 0.378975 0.759339
vt 0.724211 0.603714
vt 0.568883 0.768659
vt 0.609419 0.213408
vt 0.625000 0.382072
vt 0.588498 0.519208
vt 0.209844 0.718096
vt 0.479559 0.953620
vt 0.390901 0.953078
vt 0.565332 0.774863
vt 0.583031 0.973602
vt 0.389658 0.010551
vt 0.376620 0.114133
vt 0.125000 0.581137
vt 0.375000 0.421875
s 0
g Cube.009_Material
usemtl Material
f 333/658/514 326/659/514 330/660/514
f 326/661/515 333/662/515 325/663/515
f 332/664/516 333/662/516 334/665/516
f 334/666/517 335/667/517 336/668/517
f 337/669/518 340/670/518 339/671/518
f 338/672/519 328/673/519 335/667/519
f 329/674/520 331/675/520 338/672/520
f 330/676/521 334/665/521 333/662/521
f 330/676/522 339/671/522 334/665/522
f 339/671/523 329/677/523 337/678/523
f 329/674/524 330/660/524 326/659/524
f 329/674/525 326/659/525 331/675/525
f 327/679/526 336/668/526 335/667/526 328/673/526
f 328/673/527 338/672/527 331/675/527
f 331/675/528 325/680/528 328/673/528
f 325/680/529 327/681/529 328/673/529
f 331/682/530 326/683/530 325/680/530
f 325/663/531 332/664/531 327/684/531
f 332/664/532 325/663/532 333/662/532
f 327/684/533 332/664/533 336/685/533
f 334/666/534 336/668/534 332/686/534
f 340/670/535 337/669/535 338/672/535
f 340/670/536 338/672/536 335/667/536
f 337/669/537 329/674/537 338/672/537
f 334/665/538 339/671/538 340/670/538
f 330/676/539 329/677/539 339/671/539
f 335/687/540 334/665/540 340/670/540
o Cube.010
v 10.473982 1.832694 -7.939379
v 10.546849 1.716223 -8.023485
v 10.647738 1.555948 -7.968010
v 10.515185 1.777356 -7.789207
v 10.305424 1.800154 -7.945601
v 10.485528 1.507102 -7.985209
v 10.729278 1.647797 -7.852361
v 10.487139 1.564194 -7.761729
v 10.342368 1.792810 -7.795486
vn -0.8275 -0.5326 0.1776
vn -0.8459 -0.5153 0.1377
vn 0.1947 -0.8303 0.5222
vn 0.3922 -0.8919 0.2250
vn 0.1696 -0.2253 -0.9594
vn 0.8378 0.5451 -0.0290
vn -0.1921 0.9768 0.0951
vn 0.0724 0.9421 0.3273
vn -0.3298 -0.0755 -0.9410
vn 0.4757 0.8647 -0.1613
vn 0.7098 0.2146 -0.6709
vn -0.0243 0.1310 0.9911
vn 0.3255 0.0786 0.9423
vn -0.0759 0.5521 -0.8303
vt 0.856741 0.527884
vt 0.792799 0.664448
vt 0.661337 0.518959
vt 0.570885 0.667835
vt 0.614877 0.834550
vt 0.495616 0.943630
vt 0.319826 0.718976
vt 0.602263 0.105449
vt 0.455701 0.107225
vt 0.553174 0.006579
vt 0.371255 0.573451
vt 0.135465 0.689951
vt 0.165587 0.530358
vt 0.553103 0.308270
vt 0.565029 0.471740
vt 0.392929 0.256090
vt 0.405598 0.560759
vt 0.171875 0.750000
s 0
g Cube.010_Material
usemtl Material
f 345/688/541 346/689/541 349/690/541
f 349/690/542 346/689/542 348/691/542
f 346/692/543 343/693/543 347/694/543
f 348/691/544 346/692/544 347/694/544
f 346/695/545 342/696/545 343/697/545
f 344/698/546 342/699/546 341/700/546
f 345/701/547 349/702/547 341/703/547
f 349/702/548 344/704/548 341/703/548
f 342/696/549 346/695/549 345/701/549
f 344/698/550 347/694/550 342/699/550
f 342/699/551 347/694/551 343/705/551
f 349/690/552 348/691/552 344/704/552
f 348/691/553 347/694/553 344/704/553
f 341/703/554 342/696/554 345/701/554
o Cube.011
v 9.992646 1.594436 -9.371966
v 9.684270 1.741856 -9.330225
v 9.867320 1.854060 -9.382380
v 9.890242 1.695882 -9.233370
v 9.809647 1.552153 -9.294162
v 9.837023 1.567870 -9.489549
v 9.966032 1.733287 -9.503525
v 9.700682 1.590462 -9.469513
v 9.768434 1.748420 -9.498777
vn -0.5566 0.7932 -0.2470
vn -0.1955 0.6573 0.7278
vn 0.8445 0.4447 0.2985
vn 0.4315 -0.5458 0.7183
vn -0.1774 -0.9787 -0.1036
vn 0.2046 -0.9776 -0.0500
vn 0.5742 -0.5024 -0.6464
vn -0.0287 -0.0619 -0.9977
vn 0.0388 0.7233 -0.6894
vn -0.8603 0.2915 -0.4182
vn -0.1626 -0.1119 -0.9803
vn 0.8636 0.4064 0.2985
vn -0.4450 -0.1255 0.8867
vn -0.7985 -0.4522 0.3974
vt 0.534218 0.539052
vt 0.807613 0.537738
vt 0.651467 0.712344
vt 0.812212 0.722590
vt 0.440472 0.699464
vt 0.505279 0.954605
vt 0.394685 0.910428
vt 0.529494 0.041599
vt 0.440272 0.169217
vt 0.407900 0.015209
vt 0.224689 0.500632
vt 0.298939 0.554231
vt 0.143822 0.628706
vt 0.350796 0.501919
vt 0.236030 0.724989
vt 0.358556 0.714558
vt 0.602122 0.296489
vt 0.527241 0.521298
vt 0.452229 0.375318
s 0
g Cube.011_Material
usemtl Material
f 358/706/555 351/707/555 352/708/555
f 352/708/556 351/707/556 353/709/556
f 356/710/557 353/711/557 350/712/557
f 353/713/558 354/714/558 350/715/558
f 357/716/559 355/717/559 354/718/559
f 354/718/560 355/719/560 350/720/560
f 355/719/561 356/721/561 350/720/561
f 355/719/562 358/706/562 356/710/562
f 358/706/563 352/708/563 356/710/563
f 351/722/564 358/723/564 357/724/564
f 357/724/565 358/706/565 355/719/565
f 352/708/566 353/711/566 356/710/566
f 353/713/567 351/722/567 354/714/567
f 351/722/568 357/724/568 354/714/568
o Cube.006
v 11.311526 1.752001 -10.449872
v 11.211300 1.573751 -10.330076
v 11.031882 1.668690 -10.501704
v 11.313542 1.606806 -10.467307
v 11.148959 1.570538 -10.484364
v 11.176922 1.656496 -10.614020
v 11.204799 1.802524 -10.462311
v 11.213090 1.688023 -10.284124
v 11.038049 1.686099 -10.371360
vn 0.7439 0.0899 -0.6623
vn 0.2354 -0.8327 -0.5012
vn -0.4026 0.6954 -0.5953
vn 0.8745 -0.1927 0.4450
vn 0.8073 -0.0593 0.5872
vn -0.2725 0.8036 0.5291
vn 0.3218 0.8033 0.5012
vn -0.4176 -0.3334 0.8453
vn -0.5679 -0.7855 0.2458
vn -0.6482 -0.7501 0.1309
vn -0.4854 -0.6768 -0.5534
vn 0.3778 0.6314 -0.6772
vn -0.5990 0.7969 -0.0781
vn 0.2215 -0.9727 -0.0693
vt 0.423616 0.817668
vt 0.438163 0.985880
vt 0.399025 0.926987
vt 0.584080 0.909473
vt 0.477709 0.045024
vt 0.607265 0.122218
vt 0.441545 0.286085
vt 0.565477 0.549583
vt 0.592013 0.712367
vt 0.289400 0.584684
vt 0.400831 0.754486
vt 0.615924 0.357557
vt 0.551199 0.540629
vt 0.429879 0.509305
vt 0.769145 0.562221
vt 0.604783 0.677624
vt 0.780055 0.741830
vt 0.860509 0.631959
vt 0.567506 0.015179
vt 0.377433 0.096481
s 0
g Cube.006_Material
usemtl Material
f 362/725/569 364/726/569 359/727/569
f 363/728/570 364/726/570 362/725/570
f 364/729/571 361/730/571 365/731/571
f 366/732/572 360/733/572 359/734/572
f 360/733/573 362/735/573 359/734/573
f 365/731/574 367/736/574 366/737/574
f 366/737/575 359/738/575 365/731/575
f 366/732/576 367/739/576 360/740/576
f 360/740/577 367/739/577 363/741/577
f 367/739/578 361/742/578 363/741/578
f 363/743/579 361/730/579 364/729/579
f 359/744/580 364/729/580 365/731/580
f 365/731/581 361/730/581 367/736/581
f 360/733/582 363/728/582 362/725/582
o Cube.007
v 12.197642 1.580736 -9.964040
v 12.141766 1.751658 -9.908529
v 12.265086 1.643566 -10.065952
v 12.169311 1.710954 -10.153124
v 12.104659 1.574012 -10.090729
v 12.062887 1.604798 -9.936559
v 12.128663 1.797497 -10.040588
v 12.242414 1.736066 -9.963390
v 12.018636 1.700057 -9.981107
vn -0.5444 0.1343 0.8280
vn 0.4579 -0.1357 0.8786
vn -0.5222 0.7883 0.3254
vn 0.8713 -0.2529 0.4207
vn 0.4176 -0.8705 -0.2603
vn 0.7331 0.5777 -0.3589
vn -0.6929 0.4285 -0.5798
vn 0.1478 -0.2614 0.9538
vn -0.1426 -0.9773 0.1565
vn -0.8707 -0.4708 -0.1419
vn 0.3458 -0.5193 -0.7815
vn 0.6124 0.7180 -0.3310
vn 0.2973 0.9107 0.2866
vn -0.7528 0.0566 -0.6558
vt 0.862532 0.586626
vt 0.666025 0.612825
vt 0.793538 0.524739
vt 0.799625 0.742317
vt 0.596159 0.725728
vt 0.676667 0.500000
vt 0.533198 0.702151
vt 0.502729 0.907748
vt 0.315429 0.689365
vt 0.215046 0.717794
vt 0.139986 0.551629
vt 0.365533 0.517965
vt 0.592775 0.342442
vt 0.523296 0.508923
vt 0.395346 0.376049
vt 0.510142 0.020803
vt 0.592582 0.143625
vt 0.414253 0.208459
s 0
g Cube.007_Material
usemtl Material
f 373/745/583 369/746/583 376/747/583
f 369/746/584 368/748/584 375/749/584
f 376/747/585 369/746/585 374/750/585
f 375/751/586 368/752/586 370/753/586
f 370/753/587 368/754/587 372/755/587
f 371/756/588 375/751/588 370/753/588
f 376/757/589 374/758/589 371/759/589
f 373/745/590 368/748/590 369/746/590
f 368/760/591 373/761/591 372/762/591
f 372/762/592 373/761/592 376/757/592
f 372/755/593 371/756/593 370/753/593
f 371/756/594 374/758/594 375/751/594
f 374/758/595 369/746/595 375/751/595
f 372/762/596 376/757/596 371/759/596
o Cube.008
v 11.465588 1.693703 -7.812276
v 11.604876 1.684621 -7.925583
v 11.742003 1.609677 -7.944798
v 11.653553 1.514778 -7.814638
v 11.842713 1.619263 -7.737490
v 11.654862 1.654434 -7.659057
v 11.554570 1.788167 -7.766601
v 11.853431 1.655666 -7.926705
v 11.774035 1.765314 -7.816248
vn -0.4144 -0.5780 -0.7030
vn 0.4054 -0.8476 -0.3425
vn 0.1379 -0.7376 0.6610
vn -0.5954 0.1826 0.7824
vn -0.0387 0.8317 -0.5539
vn 0.0828 0.7364 -0.6715
vn 0.4047 0.5741 0.7118
vn 0.8641 0.4828 0.1418
vn 0.0307 0.3006 -0.9533
vn -0.5434 -0.5627 -0.6229
vn 0.5202 -0.8437 -0.1328
vn -0.5719 -0.6081 0.5506
vn -0.4304 0.6880 -0.5843
vn 0.2252 0.7075 0.6698
vt 0.551771 0.821043
vt 0.490236 0.981936
vt 0.443965 0.755163
vt 0.609545 0.740303
vt 0.579499 0.265268
vt 0.447677 0.232718
vt 0.490446 0.016300
vt 0.320967 0.499695
vt 0.242238 0.673984
vt 0.142687 0.564850
vt 0.543218 0.480597
vt 0.654480 0.663904
vt 0.651690 0.523626
vt 0.809399 0.589510
vt 0.375000 0.930496
vt 0.603518 0.001237
vt 0.583364 0.169025
vt 0.384386 0.054537
vt 0.382289 0.419599
s 0
g Cube.008_Material
usemtl Material
f 379/763/597 380/764/597 378/765/597
f 379/763/598 384/766/598 380/764/598
f 381/767/599 382/768/599 380/769/599
f 383/770/600 377/771/600 382/772/600
f 385/773/601 378/765/601 383/770/601
f 385/773/602 384/774/602 378/765/602
f 381/767/603 385/773/603 382/768/603
f 385/775/604 381/776/604 384/774/604
f 384/774/605 379/763/605 378/765/605
f 377/777/606 378/765/606 380/764/606
f 384/778/607 381/779/607 380/769/607
f 377/780/608 380/769/608 382/768/608
f 377/771/609 383/770/609 378/765/609
f 383/781/610 382/768/610 385/773/610
o Cube.009
v 11.184410 1.707731 -7.552112
v 11.347772 1.698875 -7.520759
v 11.109593 1.744301 -7.712655
v 11.088752 1.580088 -7.758752
v 11.489558 1.566177 -7.661886
v 11.510470 1.753105 -7.671600
v 11.258042 1.474525 -7.635477
v 11.262018 1.870300 -7.673935
v 11.412825 1.866018 -7.662068
v 11.321762 1.813157 -7.890746
v 11.198300 1.663334 -7.894266
v 11.157386 1.841693 -7.799083
v 11.440020 1.534457 -7.821302
v 11.248600 1.442863 -7.752314
v 11.447789 1.657987 -7.878430
v 11.308559 1.594187 -7.969254
vn 0.5437 0.4083 0.7333
vn -0.1057 0.6657 0.7387
vn 0.0466 0.9690 -0.2426
vn -0.4074 0.3555 -0.8412
vn 0.6199 -0.3612 -0.6966
vn -0.4474 -0.5541 -0.7020
vn 0.3805 -0.8999 0.2131
vn 0.6724 0.6161 -0.4102
vn 0.7064 0.5371 -0.4611
vn 0.9490 -0.1796 -0.2592
vn 0.6863 -0.0390 0.7262
vn 0.2992 -0.5266 0.7957
vn -0.8602 0.1506 -0.4873
vn -0.6366 -0.7298 0.2492
vn -0.6910 -0.4267 0.5835
vn -0.9067 -0.0033 0.4218
vn -0.1941 -0.3840 0.9027
vn -0.6358 0.6337 0.4406
vn -0.0447 0.6127 0.7891
vn -0.6438 0.6598 0.3875
vn 0.0305 0.9686 -0.2469
vn 0.2089 -0.8282 -0.5200
vn -0.6791 -0.5006 -0.5369
vn 0.4431 -0.8956 0.0405
vn 0.4304 0.2815 -0.8576
vn 0.9641 -0.1202 -0.2369
vn -0.3789 0.3325 -0.8637
vt 0.875000 0.649805
vt 0.849233 0.683396
vt 0.832712 0.540342
vt 0.580473 0.024703
vt 0.534759 0.188184
vt 0.498710 0.020990
vt 0.437420 0.135101
vt 0.411456 0.342495
vt 0.213804 0.511922
vt 0.337875 0.601179
vt 0.185175 0.619999
vt 0.611440 0.548317
vt 0.438499 0.522151
vt 0.536413 0.434917
vt 0.517900 0.691047
vt 0.378975 0.759339
vt 0.724211 0.603714
vt 0.568883 0.768659
vt 0.609419 0.213408
vt 0.625000 0.382072
vt 0.588498 0.519208
vt 0.209844 0.718096
vt 0.479559 0.953620
vt 0.390901 0.953078
vt 0.565332 0.774863
vt 0.583031 0.973602
vt 0.389658 0.010551
vt 0.376620 0.114133
vt 0.125000 0.581137
vt 0.375000 0.421875
s 0
g Cube.009_Material
usemtl Material
f 394/782/611 387/783/611 391/784/611
f 387/785/612 394/786/612 386/787/612
f 393/788/613 394/786/613 395/789/613
f 395/790/614 396/791/614 397/792/614
f 398/793/615 401/794/615 400/795/615
f 399/796/616 389/797/616 396/791/616
f 390/798/617 392/799/617 399/796/617
f 391/800/618 395/789/618 394/786/618
f 391/800/619 400/795/619 395/789/619
f 400/795/620 390/801/620 398/802/620
f 390/798/621 391/784/621 387/783/621
f 390/798/622 387/783/622 392/799/622
f 388/803/623 397/792/623 396/791/623 389/797/623
f 389/797/624 399/796/624 392/799/624
f 392/799/625 386/804/625 389/797/625
f 386/804/626 388/805/626 389/797/626
f 392/806/627 387/807/627 386/804/627
f 386/787/628 393/788/628 388/808/628
f 393/788/629 386/787/629 394/786/629
f 388/808/630 393/788/630 397/809/630
f 395/790/631 397/792/631 393/810/631
f 401/794/632 398/793/632 399/796/632
f 401/794/633 399/796/633 396/791/633
f 398/793/634 390/798/634 399/796/634
f 395/789/635 400/795/635 401/794/635
f 391/800/636 390/801/636 400/795/636
f 396/811/637 395/789/637 401/794/637
o Cube.010
v 11.683445 1.552693 -7.927742
v 11.725813 1.563228 -7.787368
v 11.860944 1.652084 -7.708136
v 11.793432 1.637728 -7.986202
v 11.557611 1.644774 -7.943953
v 11.738431 1.747652 -7.706122
v 11.956495 1.605229 -7.819384
v 11.827666 1.805801 -7.887688
v 11.654487 1.699205 -8.031136
vn -0.4917 0.8707 -0.0028
vn -0.5306 0.8476 0.0107
vn 0.6053 0.7718 0.1948
vn 0.6404 0.5820 0.5011
vn -0.2754 -0.3717 0.8866
vn 0.5703 -0.8139 -0.1110
vn -0.3342 -0.5866 -0.7377
vn 0.0100 -0.5752 -0.8179
vn -0.7211 -0.2374 0.6509
vn 0.1286 -0.9422 -0.3093
vn 0.2226 -0.8153 0.5346
vn 0.4345 0.3879 -0.8128
vn 0.7174 0.2377 -0.6549
vn -0.5934 -0.7693 0.2368
vt 0.856741 0.527884
vt 0.792799 0.664448
vt 0.661337 0.518959
vt 0.570885 0.667835
vt 0.614877 0.834550
vt 0.495616 0.943630
vt 0.319826 0.718976
vt 0.602263 0.105449
vt 0.455701 0.107225
vt 0.553174 0.006579
vt 0.371255 0.573451
vt 0.135465 0.689951
vt 0.165587 0.530358
vt 0.553103 0.308270
vt 0.565029 0.471740
vt 0.392929 0.256090
vt 0.405598 0.560759
vt 0.171875 0.750000
s 0
g Cube.010_Material
usemtl Material
f 406/812/638 407/813/638 410/814/638
f 410/814/639 407/813/639 409/815/639
f 407/816/640 404/817/640 408/818/640
f 409/815/641 407/816/641 408/818/641
f 407/819/642 403/820/642 404/821/642
f 405/822/643 403/823/643 402/824/643
f 406/825/644 410/826/644 402/827/644
f 410/826/645 405/828/645 402/827/645
f 403/820/646 407/819/646 406/825/646
f 405/822/647 408/818/647 403/823/647
f 403/823/648 408/818/648 404/829/648
f 410/814/649 409/815/649 405/828/649
f 409/815/650 408/818/650 405/828/650
f 402/827/651 403/820/651 406/825/651
o Cube.011
v 10.026938 1.673957 -9.105219
v 9.696592 1.632631 -9.336580
v 9.811068 1.434699 -9.212527
v 9.968322 1.605855 -9.322834
v 9.903311 1.795077 -9.270563
v 9.817650 1.760836 -9.056575
v 9.882077 1.526238 -9.010912
v 9.686659 1.789871 -9.151602
v 9.684747 1.587104 -9.119674
vn -0.8062 -0.5687 -0.1634
vn -0.0100 -0.5352 -0.8447
vn 0.7210 -0.6926 0.0226
vn 0.8514 0.3895 -0.3512
vn 0.0801 0.9788 0.1887
vn 0.4248 0.8519 0.3064
vn 0.3214 0.2652 0.9091
vn -0.4724 0.0416 0.8804
vn -0.4942 -0.7128 0.4977
vn -0.9985 0.0009 -0.0544
vn -0.5623 0.1338 0.8160
vn 0.7478 -0.6629 0.0376
vn 0.0768 0.2899 -0.9540
vn -0.3553 0.7027 -0.6164
vt 0.534218 0.539052
vt 0.807613 0.537738
vt 0.651467 0.712344
vt 0.812212 0.722590
vt 0.440472 0.699464
vt 0.505279 0.954605
vt 0.394685 0.910428
vt 0.529494 0.041599
vt 0.440272 0.169217
vt 0.407900 0.015209
vt 0.224689 0.500632
vt 0.298939 0.554231
vt 0.143822 0.628706
vt 0.350796 0.501919
vt 0.236030 0.724989
vt 0.358556 0.714558
vt 0.602122 0.296489
vt 0.527241 0.521298
vt 0.452229 0.375318
s 0
g Cube.011_Material
usemtl Material
f 419/830/652 412/831/652 413/832/652
f 413/832/653 412/831/653 414/833/653
f 417/834/654 414/835/654 411/836/654
f 414/837/655 415/838/655 411/839/655
f 418/840/656 416/841/656 415/842/656
f 415/842/657 416/843/657 411/844/657
f 416/843/658 417/845/658 411/844/658
f 416/843/659 419/830/659 417/834/659
f 419/830/660 413/832/660 417/834/660
f 412/846/661 419/847/661 418/848/661
f 418/848/662 419/830/662 416/843/662
f 413/832/663 414/835/663 417/834/663
f 414/837/664 412/846/664 415/838/664
f 412/846/665 418/848/665 415/838/665
o Cube.006
v 10.761656 1.611143 -10.464330
v 10.756780 1.743993 -10.322686
v 10.937105 1.624464 -10.296864
v 10.795488 1.726022 -10.459023
v 10.887814 1.724636 -10.355333
v 10.947010 1.651893 -10.444705
v 10.810593 1.551118 -10.405394
v 10.707298 1.656454 -10.313637
v 10.845314 1.620882 -10.240252
vn 0.1018 0.0160 -0.9947
vn 0.4355 0.8175 -0.3769
vn 0.5691 -0.8145 -0.1130
vn -0.8092 0.4144 -0.4165
vn -0.9124 0.2824 -0.2963
vn -0.4316 -0.7948 0.4265
vn -0.7406 -0.6687 -0.0661
vn -0.3839 0.3070 0.8708
vn 0.2718 0.6627 0.6978
vn 0.4024 0.6011 0.6905
vn 0.8493 0.5059 0.1508
vn 0.2123 -0.5910 -0.7782
vn 0.2416 -0.9111 0.3341
vn 0.1221 0.9879 -0.0955
vt 0.423616 0.817668
vt 0.438163 0.985880
vt 0.399025 0.926987
vt 0.584080 0.909473
vt 0.477709 0.045024
vt 0.607265 0.122218
vt 0.441545 0.286085
vt 0.565477 0.549583
vt 0.592013 0.712367
vt 0.289400 0.584684
vt 0.400831 0.754486
vt 0.615924 0.357557
vt 0.551199 0.540629
vt 0.429879 0.509305
vt 0.769145 0.562221
vt 0.604783 0.677624
vt 0.780055 0.741830
vt 0.860509 0.631959
vt 0.567506 0.015179
vt 0.377433 0.096481
s 0
g Cube.006_Material
usemtl Material
f 423/849/666 425/850/666 420/851/666
f 424/852/667 425/850/667 423/849/667
f 425/853/668 422/854/668 426/855/668
f 427/856/669 421/857/669 420/858/669
f 421/857/670 423/859/670 420/858/670
f 426/855/671 428/860/671 427/861/671
f 427/861/672 420/862/672 426/855/672
f 427/856/673 428/863/673 421/864/673
f 421/864/674 428/863/674 424/865/674
f 428/863/675 422/866/675 424/865/675
f 424/867/676 422/854/676 425/853/676
f 420/868/677 425/853/677 426/855/677
f 426/855/678 422/854/678 428/860/678
f 421/857/679 424/852/679 423/849/679
o Cube.007
v 12.394390 1.670011 -9.078464
v 12.479506 1.723961 -8.941208
v 12.403358 1.555390 -9.031139
v 12.530587 1.520503 -9.024570
v 12.506182 1.608377 -9.141374
v 12.494094 1.746425 -9.091791
v 12.552991 1.620371 -8.938686
v 12.418080 1.639294 -8.937439
v 12.578059 1.721740 -9.037048
vn 0.1795 0.9703 0.1621
vn -0.7770 0.5751 0.2558
vn 0.6248 0.4586 0.6319
vn -0.9865 -0.0096 0.1636
vn -0.5976 -0.3455 -0.7235
vn -0.2285 -0.7072 0.6691
vn 0.9734 -0.2289 0.0122
vn -0.6021 0.7961 0.0604
vn -0.3424 0.2909 -0.8934
vn 0.5816 0.3196 -0.7480
vn -0.1911 -0.8031 -0.5643
vn -0.0826 -0.6391 0.7647
vn 0.0141 0.0343 0.9993
vn 0.9008 -0.2351 -0.3651
vt 0.862532 0.586626
vt 0.666025 0.612825
vt 0.793538 0.524739
vt 0.799625 0.742317
vt 0.596159 0.725728
vt 0.676667 0.500000
vt 0.533198 0.702151
vt 0.502729 0.907748
vt 0.315429 0.689365
vt 0.215046 0.717794
vt 0.139986 0.551629
vt 0.365533 0.517965
vt 0.592775 0.342442
vt 0.523296 0.508923
vt 0.395346 0.376049
vt 0.510142 0.020803
vt 0.592582 0.143625
vt 0.414253 0.208459
s 0
g Cube.007_Material
usemtl Material
f 434/869/680 430/870/680 437/871/680
f 430/870/681 429/872/681 436/873/681
f 437/871/682 430/870/682 435/874/682
f 436/875/683 429/876/683 431/877/683
f 431/877/684 429/878/684 433/879/684
f 432/880/685 436/875/685 431/877/685
f 437/881/686 435/882/686 432/883/686
f 434/869/687 429/872/687 430/870/687
f 429/884/688 434/885/688 433/886/688
f 433/886/689 434/885/689 437/881/689
f 433/879/690 432/880/690 431/877/690
f 432/880/691 435/882/691 436/875/691
f 435/882/692 430/870/692 436/875/692
f 433/886/693 437/881/693 432/883/693
o Cube.008
v 11.254964 1.776603 -7.931551
v 11.325865 1.733645 -7.788888
v 11.347133 1.618244 -7.704564
v 11.294930 1.555613 -7.852203
v 11.157998 1.523561 -7.695456
v 11.113463 1.617947 -7.853742
v 11.164993 1.792694 -7.844437
v 11.294769 1.594968 -7.608482
v 11.175824 1.684980 -7.667333
vn 0.9484 -0.0536 -0.3126
vn 0.5907 -0.7965 0.1290
vn -0.2903 -0.8556 -0.4285
vn -0.6550 0.2315 -0.7193
vn 0.1364 0.8501 0.5087
vn 0.2580 0.7440 0.6164
vn -0.9526 0.0530 0.2996
vn -0.4983 -0.0951 0.8618
vn 0.7046 0.4987 0.5048
vn 0.8958 0.0024 -0.4445
vn 0.3824 -0.9121 0.1475
vn -0.1137 -0.3539 -0.9284
vn 0.2999 0.9443 0.1353
vn -0.9390 0.2653 0.2188
vt 0.551771 0.821043
vt 0.490236 0.981936
vt 0.443965 0.755163
vt 0.609545 0.740303
vt 0.579499 0.265268
vt 0.447677 0.232718
vt 0.490446 0.016300
vt 0.320967 0.499695
vt 0.242238 0.673984
vt 0.142687 0.564850
vt 0.543218 0.480597
vt 0.654480 0.663904
vt 0.651690 0.523626
vt 0.809399 0.589510
vt 0.375000 0.930496
vt 0.603518 0.001237
vt 0.583364 0.169025
vt 0.384386 0.054537
vt 0.382289 0.419599
s 0
g Cube.008_Material
usemtl Material
f 440/887/694 441/888/694 439/889/694
f 440/887/695 445/890/695 441/888/695
f 442/891/696 443/892/696 441/893/696
f 444/894/697 438/895/697 443/896/697
f 446/897/698 439/889/698 444/894/698
f 446/897/699 445/898/699 439/889/699
f 442/891/700 446/897/700 443/892/700
f 446/899/701 442/900/701 445/898/701
f 445/898/702 440/887/702 439/889/702
f 438/901/703 439/889/703 441/888/703
f 445/902/704 442/903/704 441/893/704
f 438/904/705 441/893/705 443/892/705
f 438/895/706 444/894/706 439/889/706
f 444/905/707 443/892/707 446/897/707
o Cube.009
v 10.579565 1.914653 -7.808635
v 10.788448 1.859060 -7.826684
v 10.398921 1.806228 -7.913854
v 10.350724 1.672584 -7.741003
v 10.874604 1.561617 -7.784059
v 10.890267 1.650135 -8.012239
v 10.621239 1.653557 -7.600597
v 10.597039 1.842785 -8.081977
v 10.779940 1.775880 -8.112005
v 10.542481 1.552158 -8.144026
v 10.398890 1.523733 -7.937873
v 10.403138 1.748448 -8.084922
v 10.725251 1.401556 -7.816152
v 10.543265 1.517642 -7.621663
v 10.699253 1.410094 -7.991539
v 10.485394 1.348697 -7.926338
vn 0.8073 0.5597 -0.1872
vn 0.2244 0.9337 -0.2789
vn -0.0783 0.2222 -0.9719
vn -0.7428 -0.3567 -0.5666
vn 0.2512 -0.9643 -0.0842
vn -0.7052 -0.6378 0.3097
vn 0.4471 -0.3819 0.8089
vn 0.4127 -0.3158 -0.8544
vn 0.4216 -0.4054 -0.8111
vn 0.7378 -0.6600 -0.1415
vn 0.9377 0.2974 0.1797
vn 0.6279 0.2856 0.7240
vn -0.9889 0.0127 -0.1479
vn -0.4505 0.1214 0.8845
vn -0.3549 0.5473 0.7580
vn -0.6254 0.6920 0.3606
vn 0.2315 0.6286 0.7425
vn -0.3824 0.8873 -0.2577
vn 0.3021 0.9265 -0.2243
vn -0.4136 0.8595 -0.3005
vn -0.0946 0.2248 -0.9698
vn -0.0328 -0.8714 0.4894
vn -0.8403 -0.3905 0.3761
vn 0.4266 -0.5431 0.7233
vn 0.0017 -0.7308 -0.6826
vn 0.7604 -0.6214 -0.1889
vn -0.7269 -0.3962 -0.5609
vt 0.875000 0.649805
vt 0.849233 0.683396
vt 0.832712 0.540342
vt 0.580473 0.024703
vt 0.534759 0.188184
vt 0.498710 0.020990
vt 0.437420 0.135101
vt 0.411456 0.342495
vt 0.213804 0.511922
vt 0.337875 0.601179
vt 0.185175 0.619999
vt 0.611440 0.548317
vt 0.438499 0.522151
vt 0.536413 0.434917
vt 0.517900 0.691047
vt 0.378975 0.759339
vt 0.724211 0.603714
vt 0.568883 0.768659
vt 0.609419 0.213408
vt 0.625000 0.382072
vt 0.588498 0.519208
vt 0.209844 0.718096
vt 0.479559 0.953620
vt 0.390901 0.953078
vt 0.565332 0.774863
vt 0.583031 0.973602
vt 0.389658 0.010551
vt 0.376620 0.114133
vt 0.125000 0.581137
vt 0.375000 0.421875
s 0
g Cube.009_Material
usemtl Material
f 455/906/708 448/907/708 452/908/708
f 448/909/709 455/910/709 447/911/709
f 454/912/710 455/910/710 456/913/710
f 456/914/711 457/915/711 458/916/711
f 459/917/712 462/918/712 461/919/712
f 460/920/713 450/921/713 457/915/713
f 451/922/714 453/923/714 460/920/714
f 452/924/715 456/913/715 455/910/715
f 452/924/716 461/919/716 456/913/716
f 461/919/717 451/925/717 459/926/717
f 451/922/718 452/908/718 448/907/718
f 451/922/719 448/907/719 453/923/719
f 449/927/720 458/916/720 457/915/720 450/921/720
f 450/921/721 460/920/721 453/923/721
f 453/923/722 447/928/722 450/921/722
f 447/928/723 449/929/723 450/921/723
f 453/930/724 448/931/724 447/928/724
f 447/911/725 454/912/725 449/932/725
f 454/912/726 447/911/726 455/910/726
f 449/932/727 454/912/727 458/933/727
f 456/914/728 458/916/728 454/934/728
f 462/918/729 459/917/729 460/920/729
f 462/918/730 460/920/730 457/915/730
f 459/917/731 451/922/731 460/920/731
f 456/913/732 461/919/732 462/918/732
f 452/924/733 451/925/733 461/919/733
f 457/935/734 456/913/734 462/918/734
o Cube.010
v 11.145543 1.506633 -7.854700
v 11.128662 1.649923 -7.899540
v 11.115817 1.808899 -7.805615
v 11.144134 1.534633 -7.702251
v 11.299599 1.467570 -7.881178
v 11.270777 1.788183 -7.838251
v 11.016257 1.740166 -7.703635
v 11.259500 1.691876 -7.644851
v 11.281428 1.454581 -7.737745
vn 0.9887 0.0712 0.1317
vn 0.9945 0.0579 0.0868
vn 0.2369 0.6826 0.6913
vn 0.0687 0.8914 0.4479
vn -0.1143 0.4985 -0.8593
vn -0.9935 -0.1134 0.0116
vn -0.2633 -0.9572 -0.1200
vn -0.4673 -0.8703 0.1555
vn 0.2637 0.1513 -0.9527
vn -0.8244 -0.5145 -0.2360
vn -0.7740 0.2746 -0.5706
vn 0.0298 -0.3620 0.9317
vn -0.2612 -0.1561 0.9526
vn -0.2379 -0.3155 -0.9186
vt 0.856741 0.527884
vt 0.792799 0.664448
vt 0.661337 0.518959
vt 0.570885 0.667835
vt 0.614877 0.834550
vt 0.495616 0.943630
vt 0.319826 0.718976
vt 0.602263 0.105449
vt 0.455701 0.107225
vt 0.553174 0.006579
vt 0.371255 0.573451
vt 0.135465 0.689951
vt 0.165587 0.530358
vt 0.553103 0.308270
vt 0.565029 0.471740
vt 0.392929 0.256090
vt 0.405598 0.560759
vt 0.171875 0.750000
s 0
g Cube.010_Material
usemtl Material
f 467/936/735 468/937/735 471/938/735
f 471/938/736 468/937/736 470/939/736
f 468/940/737 465/941/737 469/942/737
f 470/939/738 468/940/738 469/942/738
f 468/943/739 464/944/739 465/945/739
f 466/946/740 464/947/740 463/948/740
f 467/949/741 471/950/741 463/951/741
f 471/950/742 466/952/742 463/951/742
f 464/944/743 468/943/743 467/949/743
f 466/946/744 469/942/744 464/947/744
f 464/947/745 469/942/745 465/953/745
f 471/938/746 470/939/746 466/952/746
f 470/939/747 469/942/747 466/952/747
f 463/951/748 464/944/748 467/949/748
o Cube.011
v 10.457771 1.776899 -8.050504
v 10.178487 1.560949 -8.078573
v 10.265712 1.677005 -8.253388
v 10.252492 1.787067 -8.057890
v 10.318532 1.679355 -7.928782
v 10.462748 1.575727 -8.028275
v 10.466149 1.674597 -8.220547
v 10.358986 1.480091 -8.001541
v 10.341293 1.519844 -8.175497
vn -0.5224 -0.5669 -0.6370
vn -0.9151 0.3217 -0.2430
vn 0.0609 0.8566 -0.5124
vn 0.0153 0.7716 0.6359
vn 0.4357 -0.2294 0.8704
vn 0.6134 0.1017 0.7832
vn 0.9991 0.0283 0.0322
vn 0.6889 -0.6495 -0.3218
vn 0.1449 -0.3826 -0.9125
vn -0.3386 -0.9242 -0.1768
vn 0.6257 -0.7442 -0.2337
vn 0.0898 0.8705 -0.4840
vn -0.7908 0.2061 0.5764
vn -0.5027 -0.3847 0.7741
vt 0.534218 0.539052
vt 0.807613 0.537738
vt 0.651467 0.712344
vt 0.812212 0.722590
vt 0.440472 0.699464
vt 0.505279 0.954605
vt 0.394685 0.910428
vt 0.529494 0.041599
vt 0.440272 0.169217
vt 0.407900 0.015209
vt 0.224689 0.500632
vt 0.298939 0.554231
vt 0.143822 0.628706
vt 0.350796 0.501919
vt 0.236030 0.724989
vt 0.358556 0.714558
vt 0.602122 0.296489
vt 0.527241 0.521298
vt 0.452229 0.375318
s 0
g Cube.011_Material
usemtl Material
f 480/954/749 473/955/749 474/956/749
f 474/956/750 473/955/750 475/957/750
f 478/958/751 475/959/751 472/960/751
f 475/961/752 476/962/752 472/963/752
f 479/964/753 477/965/753 476/966/753
f 476/966/754 477/967/754 472/968/754
f 477/967/755 478/969/755 472/968/755
f 477/967/756 480/954/756 478/958/756
f 480/954/757 474/956/757 478/958/757
f 473/970/758 480/971/758 479/972/758
f 479/972/759 480/954/759 477/967/759
f 474/956/760 475/959/760 478/958/760
f 475/961/761 473/970/761 476/962/761
f 473/970/762 479/972/762 476/962/762
o Cube.006
v 10.437164 1.635227 -8.048386
v 10.307536 1.711820 -8.114424
v 10.295084 1.532548 -8.155795
v 10.346924 1.662841 -8.011133
v 10.272370 1.606594 -8.082456
v 10.322091 1.523206 -8.031500
v 10.434223 1.579375 -8.108854
v 10.382519 1.708956 -8.155305
v 10.319502 1.601931 -8.209927
vn 0.3235 -0.1927 0.9264
vn -0.6990 0.0200 0.7148
vn 0.3598 -0.9213 -0.1474
vn 0.2758 0.8514 0.4462
vn 0.3827 0.8827 0.2727
vn 0.6604 -0.0056 -0.7509
vn 0.9204 0.2638 -0.2885
vn -0.3705 0.5860 -0.7207
vn -0.9164 0.2011 -0.3462
vn -0.9357 0.0577 -0.3481
vn -0.8878 -0.4313 0.1605
vn 0.6390 -0.5803 0.5049
vn 0.4302 -0.6445 -0.6321
vn -0.7729 0.4064 0.4874
vt 0.423616 0.817668
vt 0.438163 0.985880
vt 0.399025 0.926987
vt 0.584080 0.909473
vt 0.477709 0.045024
vt 0.607265 0.122218
vt 0.441545 0.286085
vt 0.565477 0.549583
vt 0.592013 0.712367
vt 0.289400 0.584684
vt 0.400831 0.754486
vt 0.615924 0.357557
vt 0.551199 0.540629
vt 0.429879 0.509305
vt 0.769145 0.562221
vt 0.604783 0.677624
vt 0.780055 0.741830
vt 0.860509 0.631959
vt 0.567506 0.015179
vt 0.377433 0.096481
s 0
g Cube.006_Material
usemtl Material
f 484/973/763 486/974/763 481/975/763
f 485/976/764 486/974/764 484/973/764
f 486/977/765 483/978/765 487/979/765
f 488/980/766 482/981/766 481/982/766
f 482/981/767 484/983/767 481/982/767
f 487/979/768 489/984/768 488/985/768
f 488/985/769 481/986/769 487/979/769
f 488/980/770 489/987/770 482/988/770
f 482/988/771 489/987/771 485/989/771
f 489/987/772 483/990/772 485/989/772
f 485/991/773 483/978/773 486/977/773
f 481/992/774 486/977/774 487/979/774
f 487/979/775 483/978/775 489/984/775
f 482/981/776 485/976/776 484/973/776
o Cube.007
v 10.460263 1.621231 -10.158817
v 10.608969 1.592868 -10.095971
v 10.480132 1.528501 -10.231826
v 10.578635 1.554924 -10.307762
v 10.505056 1.673293 -10.277354
v 10.539313 1.712689 -10.145647
v 10.655411 1.562096 -10.204826
v 10.553412 1.518389 -10.134936
v 10.632118 1.695247 -10.176587
vn 0.3563 0.5270 0.7716
vn -0.4103 -0.1633 0.8972
vn 0.9249 0.0831 0.3711
vn -0.7036 -0.5265 0.4772
vn -0.9420 0.0583 -0.3304
vn 0.1157 -0.9751 -0.1892
vn 0.7655 0.2588 -0.5890
vn -0.3549 0.1745 0.9185
vn -0.7567 0.6538 0.0012
vn 0.0771 0.9495 -0.3041
vn -0.5773 -0.1528 -0.8021
vn 0.2969 -0.9421 -0.1558
vn 0.5920 -0.6733 0.4429
vn 0.4885 0.4892 -0.7225
vt 0.862532 0.586626
vt 0.666025 0.612825
vt 0.793538 0.524739
vt 0.799625 0.742317
vt 0.596159 0.725728
vt 0.676667 0.500000
vt 0.533198 0.702151
vt 0.502729 0.907748
vt 0.315429 0.689365
vt 0.215046 0.717794
vt 0.139986 0.551629
vt 0.365533 0.517965
vt 0.592775 0.342442
vt 0.523296 0.508923
vt 0.395346 0.376049
vt 0.510142 0.020803
vt 0.592582 0.143625
vt 0.414253 0.208459
s 0
g Cube.007_Material
usemtl Material
f 495/993/777 491/994/777 498/995/777
f 491/994/778 490/996/778 497/997/778
f 498/995/779 491/994/779 496/998/779
f 497/999/780 490/1000/780 492/1001/780
f 492/1001/781 490/1002/781 494/1003/781
f 493/1004/782 497/999/782 492/1001/782
f 498/1005/783 496/1006/783 493/1007/783
f 495/993/784 490/996/784 491/994/784
f 490/1008/785 495/1009/785 494/1010/785
f 494/1010/786 495/1009/786 498/1005/786
f 494/1003/787 493/1004/787 492/1001/787
f 493/1004/788 496/1006/788 497/999/788
f 496/1006/789 491/994/789 497/999/789
f 494/1010/790 498/1005/790 493/1007/790
o Cube.008
v 12.241754 1.491114 -8.556936
v 12.246854 1.625348 -8.577251
v 12.289664 1.705512 -8.654045
v 12.299180 1.583682 -8.720014
v 12.453500 1.654118 -8.684092
v 12.410513 1.513007 -8.632999
v 12.327937 1.522324 -8.507875
v 12.362793 1.760136 -8.641665
v 12.404385 1.666661 -8.558207
vn -0.9178 0.1312 -0.3747
vn -0.1931 0.4555 -0.8690
vn 0.3817 -0.4153 -0.8257
vn 0.2210 -0.9509 0.2167
vn -0.2171 0.4219 0.8803
vn -0.2464 0.5822 0.7748
vn 0.9169 -0.1446 0.3721
vn 0.7829 0.5703 0.2486
vn -0.5908 0.6999 0.4013
vn -0.9403 -0.0157 -0.3400
vn 0.0331 0.3956 -0.9178
vn -0.1264 -0.8429 -0.5230
vn -0.5289 0.1466 0.8359
vn 0.8032 -0.2345 0.5476
vt 0.551771 0.821043
vt 0.490236 0.981936
vt 0.443965 0.755163
vt 0.609545 0.740303
vt 0.579499 0.265268
vt 0.447677 0.232718
vt 0.490446 0.016300
vt 0.320967 0.499695
vt 0.242238 0.673984
vt 0.142687 0.564850
vt 0.543218 0.480597
vt 0.654480 0.663904
vt 0.651690 0.523626
vt 0.809399 0.589510
vt 0.375000 0.930496
vt 0.603518 0.001237
vt 0.583364 0.169025
vt 0.384386 0.054537
vt 0.382289 0.419599
s 0
g Cube.008_Material
usemtl Material
f 501/1011/791 502/1012/791 500/1013/791
f 501/1011/792 506/1014/792 502/1012/792
f 503/1015/793 504/1016/793 502/1017/793
f 505/1018/794 499/1019/794 504/1020/794
f 507/1021/795 500/1013/795 505/1018/795
f 507/1021/796 506/1022/796 500/1013/796
f 503/1015/797 507/1021/797 504/1016/797
f 507/1023/798 503/1024/798 506/1022/798
f 506/1022/799 501/1011/799 500/1013/799
f 499/1025/800 500/1013/800 502/1012/800
f 506/1026/801 503/1027/801 502/1017/801
f 499/1028/802 502/1017/802 504/1016/802
f 499/1019/803 505/1018/803 500/1013/803
f 505/1029/804 504/1016/804 507/1021/804
o Cube.009
v 9.827855 1.589700 -8.865298
v 9.950680 1.415601 -8.913158
v 9.827123 1.795212 -8.983520
v 9.653234 1.742675 -9.116722
v 9.959228 1.306148 -9.208092
v 10.164643 1.413186 -9.122591
v 9.670062 1.435748 -9.122444
v 10.074107 1.711243 -8.941864
v 10.194072 1.565277 -9.002363
v 10.101345 1.777494 -9.237497
v 9.849262 1.795146 -9.268091
v 9.977859 1.876536 -9.044584
v 9.911359 1.444892 -9.375661
v 9.649055 1.508093 -9.262661
v 10.050061 1.557498 -9.371313
v 9.884363 1.706659 -9.440461
vn 0.5690 -0.5749 0.5880
vn 0.3499 -0.0107 0.9367
vn 0.7960 0.5708 0.2013
vn 0.1119 0.9113 -0.3962
vn 0.2047 -0.2153 -0.9549
vn -0.6222 0.4215 -0.6597
vn -0.4674 -0.8122 -0.3490
vn 0.9470 0.0654 -0.3145
vn 0.9147 0.0318 -0.4029
vn 0.5000 -0.5915 -0.6326
vn 0.3206 -0.8850 0.3377
vn -0.3056 -0.8955 0.3235
vn -0.3755 0.9264 -0.0294
vn -0.9912 -0.0566 0.1193
vn -0.8357 -0.0560 0.5463
vn -0.6317 0.3848 0.6729
vn -0.5247 -0.5490 0.6506
vn 0.0234 0.4986 0.8665
vn 0.3424 -0.1056 0.9336
vn 0.0445 0.5459 0.8367
vn 0.7859 0.5840 0.2033
vn -0.4341 -0.2584 -0.8630
vn -0.7493 0.5147 -0.4168
vn -0.4034 -0.7581 -0.5124
vn 0.5921 0.3136 -0.7424
vn 0.5521 -0.5852 -0.5939
vn 0.1153 0.8930 -0.4350
vt 0.875000 0.649805
vt 0.849233 0.683396
vt 0.832712 0.540342
vt 0.580473 0.024703
vt 0.534759 0.188184
vt 0.498710 0.020990
vt 0.437420 0.135101
vt 0.411456 0.342495
vt 0.213804 0.511922
vt 0.337875 0.601179
vt 0.185175 0.619999
vt 0.611440 0.548317
vt 0.438499 0.522151
vt 0.536413 0.434917
vt 0.517900 0.691047
vt 0.378975 0.759339
vt 0.724211 0.603714
vt 0.568883 0.768659
vt 0.609419 0.213408
vt 0.625000 0.382072
vt 0.588498 0.519208
vt 0.209844 0.718096
vt 0.479559 0.953620
vt 0.390901 0.953078
vt 0.565332 0.774863
vt 0.583031 0.973602
vt 0.389658 0.010551
vt 0.376620 0.114133
vt 0.125000 0.581137
vt 0.375000 0.421875
s 0
g Cube.009_Material
usemtl Material
f 516/1030/805 509/1031/805 513/1032/805
f 509/1033/806 516/1034/806 508/1035/806
f 515/1036/807 516/1034/807 517/1037/807
f 517/1038/808 518/1039/808 519/1040/808
f 520/1041/809 523/1042/809 522/1043/809
f 521/1044/810 511/1045/810 518/1039/810
f 512/1046/811 514/1047/811 521/1044/811
f 513/1048/812 517/1037/812 516/1034/812
f 513/1048/813 522/1043/813 517/1037/813
f 522/1043/814 512/1049/814 520/1050/814
f 512/1046/815 513/1032/815 509/1031/815
f 512/1046/816 509/1031/816 514/1047/816
f 510/1051/817 519/1040/817 518/1039/817 511/1045/817
f 511/1045/818 521/1044/818 514/1047/818
f 514/1047/819 508/1052/819 511/1045/819
f 508/1052/820 510/1053/820 511/1045/820
f 514/1054/821 509/1055/821 508/1052/821
f 508/1035/822 515/1036/822 510/1056/822
f 515/1036/823 508/1035/823 516/1034/823
f 510/1056/824 515/1036/824 519/1057/824
f 517/1038/825 519/1040/825 515/1058/825
f 523/1042/826 520/1041/826 521/1044/826
f 523/1042/827 521/1044/827 518/1039/827
f 520/1041/828 512/1046/828 521/1044/828
f 517/1037/829 522/1043/829 523/1042/829
f 513/1048/830 512/1049/830 522/1043/830
f 518/1059/831 517/1037/831 523/1042/831
o Cube.010
v 11.270960 1.687626 -7.711285
v 11.155987 1.704152 -7.825106
v 11.153946 1.663555 -8.020144
v 11.390553 1.629465 -7.812035
v 11.229318 1.547330 -7.618231
v 11.096419 1.522451 -7.940577
v 11.308175 1.734036 -8.036016
v 11.323926 1.473810 -7.950650
v 11.368086 1.514181 -7.681929
vn -0.1669 -0.9754 0.1441
vn -0.1982 -0.9640 0.1774
vn 0.1581 -0.5331 -0.8311
vn -0.1092 -0.3158 -0.9425
vn -0.9360 0.3465 -0.0623
vn 0.3076 0.9353 -0.1749
vn 0.4595 0.3922 0.7969
vn 0.6901 0.4784 0.5430
vn -0.9243 0.0640 0.3762
vn 0.2706 0.9066 0.3237
vn -0.4241 0.8875 -0.1803
vn 0.9453 -0.3074 -0.1092
vn 0.9262 -0.0658 -0.3713
vn -0.5343 0.5716 0.6227
vt 0.856741 0.527884
vt 0.792799 0.664448
vt 0.661337 0.518959
vt 0.570885 0.667835
vt 0.614877 0.834550
vt 0.495616 0.943630
vt 0.319826 0.718976
vt 0.602263 0.105449
vt 0.455701 0.107225
vt 0.553174 0.006579
vt 0.371255 0.573451
vt 0.135465 0.689951
vt 0.165587 0.530358
vt 0.553103 0.308270
vt 0.565029 0.471740
vt 0.392929 0.256090
vt 0.405598 0.560759
vt 0.171875 0.750000
s 0
g Cube.010_Material
usemtl Material
f 528/1060/832 529/1061/832 532/1062/832
f 532/1062/833 529/1061/833 531/1063/833
f 529/1064/834 526/1065/834 530/1066/834
f 531/1063/835 529/1064/835 530/1066/835
f 529/1067/836 525/1068/836 526/1069/836
f 527/1070/837 525/1071/837 524/1072/837
f 528/1073/838 532/1074/838 524/1075/838
f 532/1074/839 527/1076/839 524/1075/839
f 525/1068/840 529/1067/840 528/1073/840
f 527/1070/841 530/1066/841 525/1071/841
f 525/1071/842 530/1066/842 526/1077/842
f 532/1062/843 531/1063/843 527/1076/843
f 531/1063/844 530/1066/844 527/1076/844
f 524/1075/845 525/1068/845 528/1073/845
o Cube.011
v 10.607382 1.582001 -10.121867
v 10.823101 1.635176 -10.395019
v 10.818490 1.767337 -10.211843
v 10.620345 1.698870 -10.289147
v 10.630848 1.522179 -10.319565
v 10.759156 1.461134 -10.175455
v 10.785363 1.639800 -10.058805
v 10.831149 1.447918 -10.298059
v 10.897262 1.594839 -10.221729
vn 0.8683 0.4123 -0.2756
vn -0.0513 0.8093 -0.5852
vn -0.4223 0.7581 0.4969
vn -0.9936 -0.0409 -0.1056
vn -0.3368 -0.9366 -0.0968
vn -0.5753 -0.7993 0.1736
vn -0.1254 -0.5294 0.8390
vn 0.6574 -0.4772 0.5832
vn 0.8153 0.3457 0.4646
vn 0.8884 -0.1804 -0.4222
vn 0.6912 -0.5528 0.4655
vn -0.4520 0.7309 0.5113
vn -0.4269 0.1287 -0.8951
vn -0.0760 -0.4611 -0.8841
vt 0.534218 0.539052
vt 0.807613 0.537738
vt 0.651467 0.712344
vt 0.812212 0.722590
vt 0.440472 0.699464
vt 0.505279 0.954605
vt 0.394685 0.910428
vt 0.529494 0.041599
vt 0.440272 0.169217
vt 0.407900 0.015209
vt 0.224689 0.500632
vt 0.298939 0.554231
vt 0.143822 0.628706
vt 0.350796 0.501919
vt 0.236030 0.724989
vt 0.358556 0.714558
vt 0.602122 0.296489
vt 0.527241 0.521298
vt 0.452229 0.375318
s 0
g Cube.011_Material
usemtl Material
f 541/1078/846 534/1079/846 535/1080/846
f 535/1080/847 534/1079/847 536/1081/847
f 539/1082/848 536/1083/848 533/1084/848
f 536/1085/849 537/1086/849 533/1087/849
f 540/1088/850 538/1089/850 537/1090/850
f 537/1090/851 538/1091/851 533/1092/851
f 538/1091/852 539/1093/852 533/1092/852
f 538/1091/853 541/1078/853 539/1082/853
f 541/1078/854 535/1080/854 539/1082/854
f 534/1094/855 541/1095/855 540/1096/855
f 540/1096/856 541/1078/856 538/1091/856
f 535/1080/857 536/1083/857 539/1082/857
f 536/1085/858 534/1094/858 537/1086/858
f 534/1094/859 540/1096/859 537/1086/859
o Cube.006
v 12.325026 1.479431 -9.101703
v 12.358260 1.629952 -9.191775
v 12.447493 1.643687 -9.013041
v 12.400727 1.506596 -9.176997
v 12.459368 1.605557 -9.121764
v 12.488057 1.516127 -9.048584
v 12.330060 1.525025 -9.024919
v 12.279768 1.619516 -9.143401
v 12.364538 1.688117 -9.044330
vn 0.2487 -0.9636 -0.0976
vn 0.8193 -0.1820 -0.5437
vn 0.1318 -0.2270 0.9649
vn -0.4467 -0.3847 -0.8078
vn -0.6166 -0.2995 -0.7280
vn -0.8129 0.2353 0.5327
vn -0.9473 -0.2444 0.2072
vn -0.3242 0.8846 -0.3352
vn 0.4395 0.8291 -0.3458
vn 0.5255 0.8192 -0.2299
vn 0.9528 0.3037 -0.0024
vn 0.0278 -0.8603 0.5090
vn -0.2671 0.1694 0.9487
vn 0.5831 0.1042 -0.8057
vt 0.423616 0.817668
vt 0.438163 0.985880
vt 0.399025 0.926987
vt 0.584080 0.909473
vt 0.477709 0.045024
vt 0.607265 0.122218
vt 0.441545 0.286085
vt 0.565477 0.549583
vt 0.592013 0.712367
vt 0.289400 0.584684
vt 0.400831 0.754486
vt 0.615924 0.357557
vt 0.551199 0.540629
vt 0.429879 0.509305
vt 0.769145 0.562221
vt 0.604783 0.677624
vt 0.780055 0.741830
vt 0.860509 0.631959
vt 0.567506 0.015179
vt 0.377433 0.096481
s 0
g Cube.006_Material
usemtl Material
f 545/1097/860 547/1098/860 542/1099/860
f 546/1100/861 547/1098/861 545/1097/861
f 547/1101/862 544/1102/862 548/1103/862
f 549/1104/863 543/1105/863 542/1106/863
f 543/1105/864 545/1107/864 542/1106/864
f 548/1103/865 550/1108/865 549/1109/865
f 549/1109/866 542/1110/866 548/1103/866
f 549/1104/867 550/1111/867 543/1112/867
f 543/1112/868 550/1111/868 546/1113/868
f 550/1111/869 544/1114/869 546/1113/869
f 546/1115/870 544/1102/870 547/1101/870
f 542/1116/871 547/1101/871 548/1103/871
f 548/1103/872 544/1102/872 550/1108/872
f 543/1105/873 546/1100/873 545/1097/873
o Cube.007
v 11.448560 1.513077 -8.000752
v 11.509201 1.690221 -7.983658
v 11.361998 1.540164 -7.897703
v 11.438250 1.570202 -7.777058
v 11.516721 1.460242 -7.869391
v 11.585270 1.539761 -7.993436
v 11.496603 1.688020 -7.843977
v 11.400720 1.660892 -7.956666
v 11.618060 1.612408 -7.911955
vn 0.6838 0.3859 -0.6193
vn -0.2847 0.1882 -0.9399
vn 0.5526 0.8311 0.0629
vn -0.7721 -0.0613 -0.6325
vn -0.4357 -0.8903 -0.1320
vn -0.8013 0.4497 0.3945
vn 0.5631 0.1793 0.8067
vn 0.0370 0.0834 -0.9958
vn 0.1942 -0.8711 -0.4511
vn 0.8416 -0.5245 0.1289
vn -0.4702 -0.7397 0.4814
vn -0.6811 0.5864 0.4384
vn -0.2630 0.9648 -0.0085
vn 0.6176 -0.1984 0.7611
vt 0.862532 0.586626
vt 0.666025 0.612825
vt 0.793538 0.524739
vt 0.799625 0.742317
vt 0.596159 0.725728
vt 0.676667 0.500000
vt 0.533198 0.702151
vt 0.502729 0.907748
vt 0.315429 0.689365
vt 0.215046 0.717794
vt 0.139986 0.551629
vt 0.365533 0.517965
vt 0.592775 0.342442
vt 0.523296 0.508923
vt 0.395346 0.376049
vt 0.510142 0.020803
vt 0.592582 0.143625
vt 0.414253 0.208459
s 0
g Cube.007_Material
usemtl Material
f 556/1117/874 552/1118/874 559/1119/874
f 552/1118/875 551/1120/875 558/1121/875
f 559/1119/876 552/1118/876 557/1122/876
f 558/1123/877 551/1124/877 553/1125/877
f 553/1125/878 551/1126/878 555/1127/878
f 554/1128/879 558/1123/879 553/1125/879
f 559/1129/880 557/1130/880 554/1131/880
f 556/1117/881 551/1120/881 552/1118/881
f 551/1132/882 556/1133/882 555/1134/882
f 555/1134/883 556/1133/883 559/1129/883
f 555/1127/884 554/1128/884 553/1125/884
f 554/1128/885 557/1130/885 558/1123/885
f 557/1130/886 552/1118/886 558/1123/886
f 555/1134/887 559/1129/887 554/1131/887
o Cube.008
v 10.275781 1.579054 -9.743019
v 10.328881 1.493925 -9.845592
v 10.399703 1.498740 -9.949280
v 10.420650 1.627782 -9.882797
v 10.333988 1.642647 -10.043436
v 10.269444 1.695856 -9.901360
v 10.199043 1.578215 -9.821548
v 10.368711 1.492607 -10.041291
v 10.247773 1.540730 -9.991261
vn 0.7698 -0.3866 0.5079
vn 0.9474 0.0110 -0.3199
vn 0.4209 0.8956 -0.1442
vn -0.5347 0.6697 0.5154
vn -0.5403 -0.8409 0.0306
vn -0.3951 -0.9156 -0.0742
vn -0.7707 0.3967 -0.4987
vn -0.4168 -0.1094 -0.9024
vn 0.1102 -0.9935 0.0291
vn 0.7119 -0.3133 0.6286
vn 0.8706 0.1950 -0.4516
vn 0.2811 0.7776 0.5624
vn -0.4334 -0.7909 0.4320
vn -0.8922 0.3132 -0.3254
vt 0.551771 0.821043
vt 0.490236 0.981936
vt 0.443965 0.755163
vt 0.609545 0.740303
vt 0.579499 0.265268
vt 0.447677 0.232718
vt 0.490446 0.016300
vt 0.320967 0.499695
vt 0.242238 0.673984
vt 0.142687 0.564850
vt 0.543218 0.480597
vt 0.654480 0.663904
vt 0.651690 0.523626
vt 0.809399 0.589510
vt 0.375000 0.930496
vt 0.603518 0.001237
vt 0.583364 0.169025
vt 0.384386 0.054537
vt 0.382289 0.419599
s 0
g Cube.008_Material
usemtl Material
f 562/1135/888 563/1136/888 561/1137/888
f 562/1135/889 567/1138/889 563/1136/889
f 564/1139/890 565/1140/890 563/1141/890
f 566/1142/891 560/1143/891 565/1144/891
f 568/1145/892 561/1137/892 566/1142/892
f 568/1145/893 567/1146/893 561/1137/893
f 564/1139/894 568/1145/894 565/1140/894
f 568/1147/895 564/1148/895 567/1146/895
f 567/1146/896 562/1135/896 561/1137/896
f 560/1149/897 561/1137/897 563/1136/897
f 567/1150/898 564/1151/898 563/1141/898
f 560/1152/899 563/1141/899 565/1140/899
f 560/1143/900 566/1142/900 561/1137/900
f 566/1153/901 565/1140/901 568/1145/901
o Cube.009
v 11.773775 1.365077 -10.201647
v 11.949304 1.389989 -10.148955
v 11.613517 1.456368 -10.122237
v 11.607987 1.597817 -10.250141
v 12.046746 1.636860 -10.124398
v 12.019501 1.527856 -9.948028
v 11.856874 1.610030 -10.325693
v 11.751349 1.383157 -9.961916
v 11.904037 1.418089 -9.901097
v 11.714707 1.621578 -9.871431
v 11.627764 1.688694 -10.056941
v 11.594674 1.478979 -9.971071
v 11.927073 1.779237 -10.092752
v 11.797062 1.727436 -10.297187
v 11.878086 1.748563 -9.952864
v 11.712996 1.828741 -10.026358
vn 0.7169 -0.6659 0.2064
vn 0.1009 -0.9863 0.1302
vn -0.2668 -0.3775 0.8867
vn -0.8034 0.3298 0.4958
vn 0.3032 0.9031 0.3042
vn -0.5891 0.7527 -0.2938
vn 0.6115 0.4667 -0.6390
vn 0.2759 0.1176 0.9540
vn 0.2990 0.2120 0.9304
vn 0.7477 0.5438 0.3811
vn 0.9299 -0.3593 -0.0784
vn 0.7240 -0.2208 -0.6535
vn -0.9976 0.0666 -0.0192
vn -0.2932 0.0819 -0.9525
vn -0.2536 -0.3671 -0.8949
vn -0.6007 -0.5490 -0.5812
vn 0.3128 -0.5114 -0.8004
vn -0.4873 -0.8730 0.0203
vn 0.1874 -0.9780 0.0913
vn -0.5234 -0.8499 0.0619
vn -0.2827 -0.3780 0.8816
vn 0.1200 0.9415 -0.3149
vn -0.7282 0.5364 -0.4267
vn 0.5880 0.6119 -0.5290
vn -0.0658 0.5973 0.7994
vn 0.7586 0.4953 0.4233
vn -0.7838 0.3677 0.5004
vt 0.875000 0.649805
vt 0.849233 0.683396
vt 0.832712 0.540342
vt 0.580473 0.024703
vt 0.534759 0.188184
vt 0.498710 0.020990
vt 0.437420 0.135101
vt 0.411456 0.342495
vt 0.213804 0.511922
vt 0.337875 0.601179
vt 0.185175 0.619999
vt 0.611440 0.548317
vt 0.438499 0.522151
vt 0.536413 0.434917
vt 0.517900 0.691047
vt 0.378975 0.759339
vt 0.724211 0.603714
vt 0.568883 0.768659
vt 0.609419 0.213408
vt 0.625000 0.382072
vt 0.588498 0.519208
vt 0.209844 0.718096
vt 0.479559 0.953620
vt 0.390901 0.953078
vt 0.565332 0.774863
vt 0.583031 0.973602
vt 0.389658 0.010551
vt 0.376620 0.114133
vt 0.125000 0.581137
vt 0.375000 0.421875
s 0
g Cube.009_Material
usemtl Material
f 577/1154/902 570/1155/902 574/1156/902
f 570/1157/903 577/1158/903 569/1159/903
f 576/1160/904 577/1158/904 578/1161/904
f 578/1162/905 579/1163/905 580/1164/905
f 581/1165/906 584/1166/906 583/1167/906
f 582/1168/907 572/1169/907 579/1163/907
f 573/1170/908 575/1171/908 582/1168/908
f 574/1172/909 578/1161/909 577/1158/909
f 574/1172/910 583/1167/910 578/1161/910
f 583/1167/911 573/1173/911 581/1174/911
f 573/1170/912 574/1156/912 570/1155/912
f 573/1170/913 570/1155/913 575/1171/913
f 571/1175/914 580/1164/914 579/1163/914 572/1169/914
f 572/1169/915 582/1168/915 575/1171/915
f 575/1171/916 569/1176/916 572/1169/916
f 569/1176/917 571/1177/917 572/1169/917
f 575/1178/918 570/1179/918 569/1176/918
f 569/1159/919 576/1160/919 571/1180/919
f 576/1160/920 569/1159/920 577/1158/920
f 571/1180/921 576/1160/921 580/1181/921
f 578/1162/922 580/1164/922 576/1182/922
f 584/1166/923 581/1165/923 582/1168/923
f 584/1166/924 582/1168/924 579/1163/924
f 581/1165/925 573/1170/925 582/1168/925
f 578/1161/926 583/1167/926 584/1166/926
f 574/1172/927 573/1173/927 583/1167/927
f 579/1183/928 578/1161/928 584/1166/928
o Cube.010
v 12.410832 1.631114 -9.345203
v 12.283329 1.658777 -9.364795
v 12.151718 1.565199 -9.371489
v 12.397053 1.496763 -9.336257
v 12.440209 1.667291 -9.212454
v 12.164685 1.605487 -9.238607
v 12.220399 1.474803 -9.450238
v 12.262102 1.443696 -9.233858
v 12.461780 1.542515 -9.218202
vn -0.0810 -0.0598 0.9949
vn -0.0714 -0.0137 0.9974
vn -0.6304 -0.7237 0.2809
vn -0.8543 -0.5117 0.0911
vn -0.5626 0.8048 -0.1891
vn 0.1345 -0.0796 -0.9877
vn 0.9499 0.1761 -0.2582
vn 0.8894 -0.1206 -0.4409
vn -0.2318 0.9549 0.1853
vn 0.5111 0.2120 -0.8330
vn -0.3029 0.4847 -0.8206
vn 0.4341 -0.8943 0.1086
vn 0.2366 -0.9543 -0.1828
vn 0.2465 0.9198 -0.3052
vt 0.856741 0.527884
vt 0.792799 0.664448
vt 0.661337 0.518959
vt 0.570885 0.667835
vt 0.614877 0.834550
vt 0.495616 0.943630
vt 0.319826 0.718976
vt 0.602263 0.105449
vt 0.455701 0.107225
vt 0.553174 0.006579
vt 0.371255 0.573451
vt 0.135465 0.689951
vt 0.165587 0.530358
vt 0.553103 0.308270
vt 0.565029 0.471740
vt 0.392929 0.256090
vt 0.405598 0.560759
vt 0.171875 0.750000
s 0
g Cube.010_Material
usemtl Material
f 589/1184/929 590/1185/929 593/1186/929
f 593/1186/930 590/1185/930 592/1187/930
f 590/1188/931 587/1189/931 591/1190/931
f 592/1187/932 590/1188/932 591/1190/932
f 590/1191/933 586/1192/933 587/1193/933
f 588/1194/934 586/1195/934 585/1196/934
f 589/1197/935 593/1198/935 585/1199/935
f 593/1198/936 588/1200/936 585/1199/936
f 586/1192/937 590/1191/937 589/1197/937
f 588/1194/938 591/1190/938 586/1195/938
f 586/1195/939 591/1190/939 587/1201/939
f 593/1186/940 592/1187/940 588/1200/940
f 592/1187/941 591/1190/941 588/1200/941
f 585/1199/942 586/1192/942 589/1197/942
o Cube.011
v 12.374290 1.411021 -8.524605
v 12.060015 1.577836 -8.781494
v 12.071908 1.619048 -8.503194
v 12.133436 1.362466 -8.592279
v 12.277080 1.381278 -8.762924
v 12.408686 1.587062 -8.700008
v 12.317792 1.639786 -8.453528
v 12.309904 1.635456 -8.839915
v 12.208364 1.726059 -8.664265
vn -0.6721 0.7361 -0.0803
vn -0.9628 -0.2584 0.0794
vn -0.1919 -0.3341 0.9228
vn 0.1846 -0.9817 0.0472
vn 0.7352 -0.2817 -0.6165
vn 0.8443 -0.4519 -0.2880
vn 0.9388 0.1331 0.3177
vn 0.5741 0.8180 0.0367
vn -0.1642 0.8801 0.4456
vn -0.3089 0.7607 -0.5709
vn 0.5541 0.8257 -0.1056
vn -0.1559 -0.3571 0.9209
vn -0.5440 -0.6508 -0.5297
vn -0.1606 -0.2671 -0.9502
vt 0.534218 0.539052
vt 0.807613 0.537738
vt 0.651467 0.712344
vt 0.812212 0.722590
vt 0.440472 0.699464
vt 0.505279 0.954605
vt 0.394685 0.910428
vt 0.529494 0.041599
vt 0.440272 0.169217
vt 0.407900 0.015209
vt 0.224689 0.500632
vt 0.298939 0.554231
vt 0.143822 0.628706
vt 0.350796 0.501919
vt 0.236030 0.724989
vt 0.358556 0.714558
vt 0.602122 0.296489
vt 0.527241 0.521298
vt 0.452229 0.375318
s 0
g Cube.011_Material
usemtl Material
f 602/1202/943 595/1203/943 596/1204/943
f 596/1204/944 595/1203/944 597/1205/944
f 600/1206/945 597/1207/945 594/1208/945
f 597/1209/946 598/1210/946 594/1211/946
f 601/1212/947 599/1213/947 598/1214/947
f 598/1214/948 599/1215/948 594/1216/948
f 599/1215/949 600/1217/949 594/1216/949
f 599/1215/950 602/1202/950 600/1206/950
f 602/1202/951 596/1204/951 600/1206/951
f 595/1218/952 602/1219/952 601/1220/952
f 601/1220/953 602/1202/953 599/1215/953
f 596/1204/954 597/1207/954 600/1206/954
f 597/1209/955 595/1218/955 598/1210/955
f 595/1218/956 601/1220/956 598/1210/956
o Cube.006
v 11.963250 1.551450 -8.120117
v 11.997037 1.606590 -8.270010
v 11.837477 1.517066 -8.277183
v 11.948640 1.640234 -8.165421
v 11.883166 1.610525 -8.257317
v 11.816712 1.587710 -8.174154
v 11.922369 1.488731 -8.153040
v 12.029138 1.533149 -8.242173
v 11.918905 1.489945 -8.306451
vn -0.2231 0.4137 0.8827
vn -0.3674 0.9293 -0.0387
vn -0.6816 -0.6603 0.3154
vn 0.7981 0.4846 0.3581
vn 0.8972 0.3088 0.3158
vn 0.3728 -0.9278 -0.0158
vn 0.6313 -0.6408 0.4369
vn 0.5277 -0.0895 -0.8447
vn -0.0916 0.3524 -0.9314
vn -0.2292 0.3083 -0.9233
vn -0.7491 0.4662 -0.4707
vn -0.3849 -0.2197 0.8964
vn -0.3161 -0.9487 -0.0004
vn -0.0013 0.9518 -0.3068
vt 0.423616 0.817668
vt 0.438163 0.985880
vt 0.399025 0.926987
vt 0.584080 0.909473
vt 0.477709 0.045024
vt 0.607265 0.122218
vt 0.441545 0.286085
vt 0.565477 0.549583
vt 0.592013 0.712367
vt 0.289400 0.584684
vt 0.400831 0.754486
vt 0.615924 0.357557
vt 0.551199 0.540629
vt 0.429879 0.509305
vt 0.769145 0.562221
vt 0.604783 0.677624
vt 0.780055 0.741830
vt 0.860509 0.631959
vt 0.567506 0.015179
vt 0.377433 0.096481
s 0
g Cube.006_Material
usemtl Material
f 606/1221/957 608/1222/957 603/1223/957
f 607/1224/958 608/1222/958 606/1221/958
f 608/1225/959 605/1226/959 609/1227/959
f 610/1228/960 604/1229/960 603/1230/960
f 604/1229/961 606/1231/961 603/1230/961
f 609/1227/962 611/1232/962 610/1233/962
f 610/1233/963 603/1234/963 609/1227/963
f 610/1228/964 611/1235/964 604/1236/964
f 604/1236/965 611/1235/965 607/1237/965
f 611/1235/966 605/1238/966 607/1237/966
f 607/1239/967 605/1226/967 608/1225/967
f 603/1240/968 608/1225/968 609/1227/968
f 609/1227/969 605/1226/969 611/1232/969
f 604/1229/970 607/1224/970 606/1221/970
o Cube.007
v 10.067363 1.622823 -8.983569
v 10.117074 1.442965 -8.949599
v 10.106535 1.650761 -8.853707
v 10.020696 1.576826 -8.759831
v 9.936075 1.620172 -8.894767
v 9.979091 1.518021 -9.015560
v 10.070877 1.448454 -8.815967
v 10.169742 1.531761 -8.895429
v 9.964740 1.437344 -8.934896
vn -0.0426 -0.7026 -0.7103
vn 0.6758 0.0479 -0.7355
vn 0.0422 -0.9976 0.0556
vn 0.7722 0.5320 -0.3474
vn -0.1344 0.9763 -0.1695
vn 0.6871 0.1134 0.7176
vn -0.6200 -0.5050 0.6005
vn 0.4033 -0.0610 -0.9130
vn -0.4604 0.5902 -0.6631
vn -0.9602 -0.0927 -0.2635
vn -0.2601 0.8598 0.4393
vn 0.6598 -0.0693 0.7483
vn 0.7404 -0.6106 0.2810
vn -0.8556 -0.2353 0.4610
vt 0.862532 0.586626
vt 0.666025 0.612825
vt 0.793538 0.524739
vt 0.799625 0.742317
vt 0.596159 0.725728
vt 0.676667 0.500000
vt 0.533198 0.702151
vt 0.502729 0.907748
vt 0.315429 0.689365
vt 0.215046 0.717794
vt 0.139986 0.551629
vt 0.365533 0.517965
vt 0.592775 0.342442
vt 0.523296 0.508923
vt 0.395346 0.376049
vt 0.510142 0.020803
vt 0.592582 0.143625
vt 0.414253 0.208459
s 0
g Cube.007_Material
usemtl Material
f 617/1241/971 613/1242/971 620/1243/971
f 613/1242/972 612/1244/972 619/1245/972
f 620/1243/973 613/1242/973 618/1246/973
f 619/1247/974 612/1248/974 614/1249/974
f 614/1249/975 612/1250/975 616/1251/975
f 615/1252/976 619/1247/976 614/1249/976
f 620/1253/977 618/1254/977 615/1255/977
f 617/1241/978 612/1244/978 613/1242/978
f 612/1256/979 617/1257/979 616/1258/979
f 616/1258/980 617/1257/980 620/1253/980
f 616/1251/981 615/1252/981 614/1249/981
f 615/1252/982 618/1254/982 619/1247/982
f 618/1254/983 613/1242/983 619/1247/983
f 616/1258/984 620/1253/984 615/1255/984
o Cube.008
v 11.220860 1.449315 -10.341636
v 11.181076 1.556727 -10.278042
v 11.215930 1.630361 -10.197249
v 11.325705 1.561705 -10.231446
v 11.276177 1.532727 -10.074389
v 11.289589 1.423870 -10.177506
v 11.171746 1.414984 -10.261259
v 11.187330 1.634573 -10.113257
v 11.158813 1.511389 -10.128208
vn 0.2041 0.6781 -0.7061
vn 0.5573 0.8169 0.1488
vn 0.9512 -0.1421 0.2737
vn 0.2474 -0.9364 -0.2488
vn -0.9900 0.0495 -0.1321
vn -0.9696 0.2334 -0.0734
vn -0.1960 -0.6870 0.6997
vn -0.4146 -0.0144 0.9099
vn -0.7158 0.6415 -0.2759
vn 0.2369 0.5584 -0.7950
vn 0.6451 0.6889 0.3305
vn 0.8320 -0.3772 -0.4069
vn -0.8522 -0.0059 -0.5232
vn -0.3213 -0.7814 0.5350
vt 0.551771 0.821043
vt 0.490236 0.981936
vt 0.443965 0.755163
vt 0.609545 0.740303
vt 0.579499 0.265268
vt 0.447677 0.232718
vt 0.490446 0.016300
vt 0.320967 0.499695
vt 0.242238 0.673984
vt 0.142687 0.564850
vt 0.543218 0.480597
vt 0.654480 0.663904
vt 0.651690 0.523626
vt 0.809399 0.589510
vt 0.375000 0.930496
vt 0.603518 0.001237
vt 0.583364 0.169025
vt 0.384386 0.054537
vt 0.382289 0.419599
s 0
g Cube.008_Material
usemtl Material
f 623/1259/985 624/1260/985 622/1261/985
f 623/1259/986 628/1262/986 624/1260/986
f 625/1263/987 626/1264/987 624/1265/987
f 627/1266/988 621/1267/988 626/1268/988
f 629/1269/989 622/1261/989 627/1266/989
f 629/1269/990 628/1270/990 622/1261/990
f 625/1263/991 629/1269/991 626/1264/991
f 629/1271/992 625/1272/992 628/1270/992
f 628/1270/993 623/1259/993 622/1261/993
f 621/1273/994 622/1261/994 624/1260/994
f 628/1274/995 625/1275/995 624/1265/995
f 621/1276/996 624/1265/996 626/1264/996
f 621/1267/997 627/1266/997 622/1261/997
f 627/1277/998 626/1264/998 629/1269/998
o Cube.009
v 10.815148 1.526976 -8.014303
v 10.815731 1.377811 -8.180157
v 10.667187 1.717873 -7.996445
v 10.510691 1.612041 -7.865095
v 10.540254 1.240575 -8.272990
v 10.647064 1.402599 -8.434082
v 10.553348 1.311484 -7.945534
v 10.766191 1.695773 -8.246500
v 10.749537 1.572478 -8.406462
v 10.467527 1.736676 -8.321835
v 10.388366 1.693118 -8.078026
v 10.622085 1.826566 -8.140149
v 10.344456 1.349404 -8.233057
v 10.399448 1.363610 -7.939703
v 10.357561 1.493146 -8.344819
v 10.236495 1.595549 -8.166751
vn 0.7572 -0.3691 -0.5390
vn 0.9758 0.1642 -0.1442
vn 0.2561 0.7525 -0.6067
vn -0.4971 0.8677 -0.0064
vn -0.8615 -0.2604 -0.4359
vn -0.8143 0.2011 0.5444
vn -0.3062 -0.9278 0.2132
vn -0.1458 0.2438 -0.9588
vn -0.2328 0.1950 -0.9528
vn -0.4406 -0.5256 -0.7277
vn 0.5139 -0.7510 -0.4146
vn 0.3893 -0.9033 0.1800
vn -0.2297 0.8104 0.5390
vn -0.0534 -0.2652 0.9627
vn 0.3900 -0.1860 0.9018
vn 0.4861 0.3000 0.8208
vn 0.6184 -0.5832 0.5267
vn 0.7755 0.5771 0.2560
vn 0.9852 0.0702 -0.1567
vn 0.7434 0.6246 0.2391
vn 0.2544 0.7632 -0.5940
vn -0.8803 -0.4363 0.1862
vn -0.6142 0.2878 0.7348
vn -0.4615 -0.8777 0.1290
vn -0.6616 0.3608 -0.6573
vn -0.3945 -0.5039 -0.7684
vn -0.5315 0.8468 -0.0213
vt 0.875000 0.649805
vt 0.849233 0.683396
vt 0.832712 0.540342
vt 0.580473 0.024703
vt 0.534759 0.188184
vt 0.498710 0.020990
vt 0.437420 0.135101
vt 0.411456 0.342495
vt 0.213804 0.511922
vt 0.337875 0.601179
vt 0.185175 0.619999
vt 0.611440 0.548317
vt 0.438499 0.522151
vt 0.536413 0.434917
vt 0.517900 0.691047
vt 0.378975 0.759339
vt 0.724211 0.603714
vt 0.568883 0.768659
vt 0.609419 0.213408
vt 0.625000 0.382072
vt 0.588498 0.519208
vt 0.209844 0.718096
vt 0.479559 0.953620
vt 0.390901 0.953078
vt 0.565332 0.774863
vt 0.583031 0.973602
vt 0.389658 0.010551
vt 0.376620 0.114133
vt 0.125000 0.581137
vt 0.375000 0.421875
s 0
g Cube.009_Material
usemtl Material
f 638/1278/999 631/1279/999 635/1280/999
f 631/1281/1000 638/1282/1000 630/1283/1000
f 637/1284/1001 638/1282/1001 639/1285/1001
f 639/1286/1002 640/1287/1002 641/1288/1002
f 642/1289/1003 645/1290/1003 644/1291/1003
f 643/1292/1004 633/1293/1004 640/1287/1004
f 634/1294/1005 636/1295/1005 643/1292/1005
f 635/1296/1006 639/1285/1006 638/1282/1006
f 635/1296/1007 644/1291/1007 639/1285/1007
f 644/1291/1008 634/1297/1008 642/1298/1008
f 634/1294/1009 635/1280/1009 631/1279/1009
f 634/1294/1010 631/1279/1010 636/1295/1010
f 632/1299/1011 641/1288/1011 640/1287/1011 633/1293/1011
f 633/1293/1012 643/1292/1012 636/1295/1012
f 636/1295/1013 630/1300/1013 633/1293/1013
f 630/1300/1014 632/1301/1014 633/1293/1014
f 636/1302/1015 631/1303/1015 630/1300/1015
f 630/1283/1016 637/1284/1016 632/1304/1016
f 637/1284/1017 630/1283/1017 638/1282/1017
f 632/1304/1018 637/1284/1018 641/1305/1018
f 639/1286/1019 641/1288/1019 637/1306/1019
f 645/1290/1020 642/1289/1020 643/1292/1020
f 645/1290/1021 643/1292/1021 640/1287/1021
f 642/1289/1022 634/1294/1022 643/1292/1022
f 639/1285/1023 644/1291/1023 645/1290/1023
f 635/1296/1024 634/1297/1024 644/1291/1024
f 640/1307/1025 639/1285/1025 645/1290/1025
o Cube.010
v 10.008432 1.408050 -9.253890
v 9.977826 1.481415 -9.133612
v 10.078789 1.574282 -9.022356
v 10.154413 1.431822 -9.252439
v 9.962076 1.495086 -9.371847
v 10.027749 1.672925 -9.126708
v 10.182523 1.464617 -9.025523
v 10.205196 1.615282 -9.215076
v 10.098816 1.481038 -9.388942
vn 0.0094 0.8082 -0.5888
vn -0.0367 0.8017 -0.5966
vn 0.7021 0.6561 0.2768
vn 0.4974 0.6491 0.5755
vn -0.8003 0.1881 0.5693
vn 0.1300 -0.8314 0.5402
vn -0.1529 -0.8230 -0.5471
vn 0.1518 -0.9085 -0.3894
vn -0.9654 0.2488 0.0781
vn -0.1649 -0.9731 0.1611
vn -0.4465 -0.4448 0.7764
vn 0.8924 -0.1612 -0.4216
vn 0.9646 -0.2500 -0.0834
vn -0.9008 -0.4327 0.0347
vt 0.856741 0.527884
vt 0.792799 0.664448
vt 0.661337 0.518959
vt 0.570885 0.667835
vt 0.614877 0.834550
vt 0.495616 0.943630
vt 0.319826 0.718976
vt 0.602263 0.105449
vt 0.455701 0.107225
vt 0.553174 0.006579
vt 0.371255 0.573451
vt 0.135465 0.689951
vt 0.165587 0.530358
vt 0.553103 0.308270
vt 0.565029 0.471740
vt 0.392929 0.256090
vt 0.405598 0.560759
vt 0.171875 0.750000
s 0
g Cube.010_Material
usemtl Material
f 650/1308/1026 651/1309/1026 654/1310/1026
f 654/1310/1027 651/1309/1027 653/1311/1027
f 651/1312/1028 648/1313/1028 652/1314/1028
f 653/1311/1029 651/1312/1029 652/1314/1029
f 651/1315/1030 647/1316/1030 648/1317/1030
f 649/1318/1031 647/1319/1031 646/1320/1031
f 650/1321/1032 654/1322/1032 646/1323/1032
f 654/1322/1033 649/1324/1033 646/1323/1033
f 647/1316/1034 651/1315/1034 650/1321/1034
f 649/1318/1035 652/1314/1035 647/1319/1035
f 647/1319/1036 652/1314/1036 648/1325/1036
f 654/1310/1037 653/1311/1037 649/1324/1037
f 653/1311/1038 652/1314/1038 649/1324/1038
f 646/1323/1039 647/1316/1039 650/1321/1039
o Cube.011
v 10.218903 1.363677 -9.605960
v 10.109291 1.657147 -9.549896
v 10.049309 1.492285 -9.445388
v 10.071579 1.468333 -9.644680
v 10.214255 1.533030 -9.687213
v 10.317023 1.501570 -9.539193
v 10.200208 1.390663 -9.430518
v 10.297746 1.629176 -9.540769
v 10.199094 1.573817 -9.426014
vn -0.4111 0.5901 0.6949
vn -0.9556 0.2602 -0.1381
vn -0.5887 -0.8060 0.0613
vn -0.0715 -0.4331 -0.8985
vn 0.8273 0.1182 -0.5492
vn 0.7662 -0.2608 -0.5874
vn 0.7593 -0.6261 0.1772
vn 0.6880 -0.0137 0.7256
vn -0.1148 -0.0251 0.9931
vn 0.1030 0.8583 0.5027
vn 0.7242 0.1178 0.6794
vn -0.5607 -0.8272 0.0368
vn -0.4414 0.4714 -0.7635
vn 0.1458 0.7868 -0.5997
vt 0.534218 0.539052
vt 0.807613 0.537738
vt 0.651467 0.712344
vt 0.812212 0.722590
vt 0.440472 0.699464
vt 0.505279 0.954605
vt 0.394685 0.910428
vt 0.529494 0.041599
vt 0.440272 0.169217
vt 0.407900 0.015209
vt 0.224689 0.500632
vt 0.298939 0.554231
vt 0.143822 0.628706
vt 0.350796 0.501919
vt 0.236030 0.724989
vt 0.358556 0.714558
vt 0.602122 0.296489
vt 0.527241 0.521298
vt 0.452229 0.375318
s 0
g Cube.011_Material
usemtl Material
f 663/1326/1040 656/1327/1040 657/1328/1040
f 657/1328/1041 656/1327/1041 658/1329/1041
f 661/1330/1042 658/1331/1042 655/1332/1042
f 658/1333/1043 659/1334/1043 655/1335/1043
f 662/1336/1044 660/1337/1044 659/1338/1044
f 659/1338/1045 660/1339/1045 655/1340/1045
f 660/1339/1046 661/1341/1046 655/1340/1046
f 660/1339/1047 663/1326/1047 661/1330/1047
f 663/1326/1048 657/1328/1048 661/1330/1048
f 656/1342/1049 663/1343/1049 662/1344/1049
f 662/1344/1050 663/1326/1050 660/1339/1050
f 657/1328/1051 658/1331/1051 661/1330/1051
f 658/1333/1052 656/1342/1052 659/1334/1052
f 656/1342/1053 662/1344/1053 659/1334/1053
o Cube.006
v 12.040010 1.402546 -9.517309
v 12.011809 1.590180 -9.595212
v 12.237894 1.547774 -9.591702
v 12.012699 1.444315 -9.633630
v 12.125899 1.533030 -9.662039
v 12.187009 1.410864 -9.654810
v 12.131411 1.432203 -9.480896
v 12.015983 1.574501 -9.489850
v 12.177096 1.614838 -9.522514
vn -0.2139 -0.9343 -0.2853
vn -0.1442 -0.1302 -0.9810
vn 0.8297 -0.4565 0.3213
vn -0.9898 -0.1412 0.0182
vn -0.9764 -0.0606 0.2075
vn 0.1510 0.1836 0.9713
vn -0.3089 -0.1919 0.9315
vn -0.2109 0.9656 0.1520
vn 0.1088 0.8396 -0.5322
vn 0.2443 0.7947 -0.5556
vn 0.5018 0.2012 -0.8412
vn 0.2331 -0.9534 0.1915
vn 0.7362 -0.0301 0.6761
vn -0.4031 0.2308 -0.8856
vt 0.423616 0.817668
vt 0.438163 0.985880
vt 0.399025 0.926987
vt 0.584080 0.909473
vt 0.477709 0.045024
vt 0.607265 0.122218
vt 0.441545 0.286085
vt 0.565477 0.549583
vt 0.592013 0.712367
vt 0.289400 0.584684
vt 0.400831 0.754486
vt 0.615924 0.357557
vt 0.551199 0.540629
vt 0.429879 0.509305
vt 0.769145 0.562221
vt 0.604783 0.677624
vt 0.780055 0.741830
vt 0.860509 0.631959
vt 0.567506 0.015179
vt 0.377433 0.096481
s 0
g Cube.006_Material
usemtl Material
f 667/1345/1054 669/1346/1054 664/1347/1054
f 668/1348/1055 669/1346/1055 667/1345/1055
f 669/1349/1056 666/1350/1056 670/1351/1056
f 671/1352/1057 665/1353/1057 664/1354/1057
f 665/1353/1058 667/1355/1058 664/1354/1058
f 670/1351/1059 672/1356/1059 671/1357/1059
f 671/1357/1060 664/1358/1060 670/1351/1060
f 671/1352/1061 672/1359/1061 665/1360/1061
f 665/1360/1062 672/1359/1062 668/1361/1062
f 672/1359/1063 666/1362/1063 668/1361/1063
f 668/1363/1064 666/1350/1064 669/1349/1064
f 664/1364/1065 669/1349/1065 670/1351/1065
f 670/1351/1066 666/1350/1066 672/1356/1066
f 665/1353/1067 668/1348/1067 667/1345/1067
o Cube.007
v 11.748822 1.514971 -8.052399
v 11.795100 1.440391 -8.242591
v 11.639681 1.408043 -8.045580
v 11.529499 1.435959 -8.161698
v 11.599232 1.592602 -8.099789
v 11.763803 1.612235 -8.172664
v 11.645077 1.412327 -8.276142
v 11.745779 1.364503 -8.151007
v 11.704679 1.578387 -8.279828
vn 0.7655 0.3572 -0.5352
vn 0.9234 -0.2233 0.3122
vn 0.2359 -0.1061 -0.9660
vn 0.5127 -0.4778 0.7133
vn -0.1770 0.2415 0.9541
vn -0.3161 -0.9459 0.0725
vn -0.6628 0.2220 -0.7152
vn 0.9751 0.0964 0.1995
vn 0.1900 0.7517 0.6316
vn -0.2001 0.9606 -0.1930
vn -0.7191 0.0461 0.6934
vn -0.3065 -0.9450 -0.1144
vn 0.2685 -0.8078 -0.5248
vn -0.7258 0.5069 -0.4651
vt 0.862532 0.586626
vt 0.666025 0.612825
vt 0.793538 0.524739
vt 0.799625 0.742317
vt 0.596159 0.725728
vt 0.676667 0.500000
vt 0.533198 0.702151
vt 0.502729 0.907748
vt 0.315429 0.689365
vt 0.215046 0.717794
vt 0.139986 0.551629
vt 0.365533 0.517965
vt 0.592775 0.342442
vt 0.523296 0.508923
vt 0.395346 0.376049
vt 0.510142 0.020803
vt 0.592582 0.143625
vt 0.414253 0.208459
s 0
g Cube.007_Material
usemtl Material
f 678/1365/1068 674/1366/1068 681/1367/1068
f 674/1366/1069 673/1368/1069 680/1369/1069
f 681/1367/1070 674/1366/1070 679/1370/1070
f 680/1371/1071 673/1372/1071 675/1373/1071
f 675/1373/1072 673/1374/1072 677/1375/1072
f 676/1376/1073 680/1371/1073 675/1373/1073
f 681/1377/1074 679/1378/1074 676/1379/1074
f 678/1365/1075 673/1368/1075 674/1366/1075
f 673/1380/1076 678/1381/1076 677/1382/1076
f 677/1382/1077 678/1381/1077 681/1377/1077
f 677/1375/1078 676/1376/1078 675/1373/1078
f 676/1376/1079 679/1378/1079 680/1371/1079
f 679/1378/1080 674/1366/1080 680/1371/1080
f 677/1382/1081 681/1377/1081 676/1379/1081
o Cube.008
v 12.042421 1.545707 -8.354277
v 11.877522 1.611471 -8.284981
v 11.753489 1.567485 -8.182337
v 11.896679 1.440503 -8.146023
v 11.700193 1.337391 -8.245630
v 11.899062 1.327742 -8.336798
v 11.941268 1.500842 -8.449265
v 11.634915 1.529040 -8.216361
v 11.714646 1.476298 -8.374990
vn 0.3643 0.6116 0.7023
vn -0.2678 -0.0265 0.9631
vn 0.1889 -0.8443 0.5014
vn 0.7000 -0.5012 -0.5087
vn -0.2799 0.7425 -0.6086
vn -0.3998 0.7906 -0.4638
vn -0.3522 -0.6179 -0.7029
vn -0.8960 -0.2491 -0.3676
vn -0.3150 0.9487 0.0259
vn 0.5012 0.5789 0.6432
vn -0.3295 -0.2512 0.9101
vn 0.8059 -0.5053 0.3087
vn 0.1168 0.8442 -0.5231
vn -0.2224 -0.4925 -0.8414
vt 0.551771 0.821043
vt 0.490236 0.981936
vt 0.443965 0.755163
vt 0.609545 0.740303
vt 0.579499 0.265268
vt 0.447677 0.232718
vt 0.490446 0.016300
vt 0.320967 0.499695
vt 0.242238 0.673984
vt 0.142687 0.564850
vt 0.543218 0.480597
vt 0.654480 0.663904
vt 0.651690 0.523626
vt 0.809399 0.589510
vt 0.375000 0.930496
vt 0.603518 0.001237
vt 0.583364 0.169025
vt 0.384386 0.054537
vt 0.382289 0.419599
s 0
g Cube.008_Material
usemtl Material
f 684/1383/1082 685/1384/1082 683/1385/1082
f 684/1383/1083 689/1386/1083 685/1384/1083
f 686/1387/1084 687/1388/1084 685/1389/1084
f 688/1390/1085 682/1391/1085 687/1392/1085
f 690/1393/1086 683/1385/1086 688/1390/1086
f 690/1393/1087 689/1394/1087 683/1385/1087
f 686/1387/1088 690/1393/1088 687/1388/1088
f 690/1395/1089 686/1396/1089 689/1394/1089
f 689/1394/1090 684/1383/1090 683/1385/1090
f 682/1397/1091 683/1385/1091 685/1384/1091
f 689/1398/1092 686/1399/1092 685/1389/1092
f 682/1400/1093 685/1389/1093 687/1388/1093
f 682/1391/1094 688/1390/1094 683/1385/1094
f 688/1401/1095 687/1388/1095 690/1393/1095
o Cube.009
v 10.480823 1.364007 -8.723657
v 10.317350 1.262062 -8.783799
v 10.482041 1.568023 -8.643711
v 10.474535 1.510929 -8.443647
v 10.084005 1.247438 -8.610789
v 10.063738 1.371372 -8.801322
v 10.347749 1.257248 -8.461191
v 10.339866 1.552795 -8.841612
v 10.180359 1.477125 -8.891107
v 10.160787 1.692041 -8.675545
v 10.288273 1.646948 -8.483039
v 10.389275 1.693085 -8.706924
v 10.055280 1.394933 -8.470059
v 10.296883 1.348780 -8.357867
v 10.022512 1.526438 -8.564467
v 10.126037 1.625764 -8.403354
vn -0.1680 -0.5237 -0.8351
vn 0.4309 -0.1679 -0.8866
vn -0.1121 0.6986 -0.7067
vn 0.0247 0.9769 0.2125
vn -0.8683 0.1277 0.4792
vn 0.0891 0.3877 0.9175
vn -0.2847 -0.7828 0.5533
vn -0.7616 0.4230 -0.4909
vn -0.8165 0.4075 -0.4089
vn -0.9749 -0.2202 0.0317
vn -0.3152 -0.8105 -0.4937
vn 0.0482 -0.9986 -0.0194
vn 0.5776 0.7468 0.3297
vn 0.6572 -0.3737 0.6546
vn 0.8582 -0.4464 0.2535
vn 0.9993 -0.0186 0.0322
vn 0.5449 -0.8361 -0.0638
vn 0.7836 0.2226 -0.5801
vn 0.3952 -0.2561 -0.8822
vn 0.7692 0.2803 -0.5742
vn -0.0994 0.7071 -0.7001
vn -0.4372 -0.1234 0.8908
vn 0.3706 0.3686 0.8525
vn -0.4143 -0.6692 0.6168
vn -0.7432 0.6657 0.0672
vn -0.9772 -0.2100 -0.0326
vn -0.0114 0.9719 0.2352
vt 0.875000 0.649805
vt 0.849233 0.683396
vt 0.832712 0.540342
vt 0.580473 0.024703
vt 0.534759 0.188184
vt 0.498710 0.020990
vt 0.437420 0.135101
vt 0.411456 0.342495
vt 0.213804 0.511922
vt 0.337875 0.601179
vt 0.185175 0.619999
vt 0.611440 0.548317
vt 0.438499 0.522151
vt 0.536413 0.434917
vt 0.517900 0.691047
vt 0.378975 0.759339
vt 0.724211 0.603714
vt 0.568883 0.768659
vt 0.609419 0.213408
vt 0.625000 0.382072
vt 0.588498 0.519208
vt 0.209844 0.718096
vt 0.479559 0.953620
vt 0.390901 0.953078
vt 0.565332 0.774863
vt 0.583031 0.973602
vt 0.389658 0.010551
vt 0.376620 0.114133
vt 0.125000 0.581137
vt 0.375000 0.421875
s 0
g Cube.009_Material
usemtl Material
f 699/1402/1096 692/1403/1096 696/1404/1096
f 692/1405/1097 699/1406/1097 691/1407/1097
f 698/1408/1098 699/1406/1098 700/1409/1098
f 700/1410/1099 701/1411/1099 702/1412/1099
f 703/1413/1100 706/1414/1100 705/1415/1100
f 704/1416/1101 694/1417/1101 701/1411/1101
f 695/1418/1102 697/1419/1102 704/1416/1102
f 696/1420/1103 700/1409/1103 699/1406/1103
f 696/1420/1104 705/1415/1104 700/1409/1104
f 705/1415/1105 695/1421/1105 703/1422/1105
f 695/1418/1106 696/1404/1106 692/1403/1106
f 695/1418/1107 692/1403/1107 697/1419/1107
f 693/1423/1108 702/1412/1108 701/1411/1108 694/1417/1108
f 694/1417/1109 704/1416/1109 697/1419/1109
f 697/1419/1110 691/1424/1110 694/1417/1110
f 691/1424/1111 693/1425/1111 694/1417/1111
f 697/1426/1112 692/1427/1112 691/1424/1112
f 691/1407/1113 698/1408/1113 693/1428/1113
f 698/1408/1114 691/1407/1114 699/1406/1114
f 693/1428/1115 698/1408/1115 702/1429/1115
f 700/1410/1116 702/1412/1116 698/1430/1116
f 706/1414/1117 703/1413/1117 704/1416/1117
f 706/1414/1118 704/1416/1118 701/1411/1118
f 703/1413/1119 695/1418/1119 704/1416/1119
f 700/1409/1120 705/1415/1120 706/1414/1120
f 696/1420/1121 695/1421/1121 705/1415/1121
f 701/1431/1122 700/1409/1122 706/1414/1122
o Cube.010
v 11.917162 1.414852 -9.547997
v 11.966757 1.540232 -9.555402
v 12.121531 1.598633 -9.556317
v 12.038841 1.349525 -9.537102
v 11.874765 1.379108 -9.680893
v 12.085155 1.578701 -9.692897
v 12.155086 1.510409 -9.451010
v 12.165562 1.407247 -9.653823
v 11.967368 1.293377 -9.650774
vn 0.1325 -0.1981 -0.9712
vn 0.0891 -0.1814 -0.9794
vn 0.9632 0.0512 -0.2640
vn 0.9077 0.3910 -0.1520
vn -0.3529 0.9347 -0.0424
vn -0.0475 0.0776 0.9959
vn -0.6913 -0.6115 0.3850
vn -0.4194 -0.6811 0.6001
vn -0.6494 0.6621 -0.3740
vn -0.4947 -0.1042 0.8628
vn -0.2594 0.6980 0.6674
vn 0.4963 -0.8608 0.1131
vn 0.6463 -0.6662 0.3722
vn -0.9090 0.3708 0.1903
vt 0.856741 0.527884
vt 0.792799 0.664448
vt 0.661337 0.518959
vt 0.570885 0.667835
vt 0.614877 0.834550
vt 0.495616 0.943630
vt 0.319826 0.718976
vt 0.602263 0.105449
vt 0.455701 0.107225
vt 0.553174 0.006579
vt 0.371255 0.573451
vt 0.135465 0.689951
vt 0.165587 0.530358
vt 0.553103 0.308270
vt 0.565029 0.471740
vt 0.392929 0.256090
vt 0.405598 0.560759
vt 0.171875 0.750000
s 0
g Cube.010_Material
usemtl Material
f 711/1432/1123 712/1433/1123 715/1434/1123
f 715/1434/1124 712/1433/1124 714/1435/1124
f 712/1436/1125 709/1437/1125 713/1438/1125
f 714/1435/1126 712/1436/1126 713/1438/1126
f 712/1439/1127 708/1440/1127 709/1441/1127
f 710/1442/1128 708/1443/1128 707/1444/1128
f 711/1445/1129 715/1446/1129 707/1447/1129
f 715/1446/1130 710/1448/1130 707/1447/1130
f 708/1440/1131 712/1439/1131 711/1445/1131
f 710/1442/1132 713/1438/1132 708/1443/1132
f 708/1443/1133 713/1438/1133 709/1449/1133
f 715/1434/1134 714/1435/1134 710/1448/1134
f 714/1435/1135 713/1438/1135 710/1448/1135
f 707/1447/1136 708/1440/1136 711/1445/1136
o Cube.011
v 11.064757 1.342755 -7.992185
v 10.803429 1.497479 -8.166286
v 10.965840 1.610412 -8.059885
v 10.885756 1.431675 -7.955058
v 10.879793 1.297165 -8.072339
v 11.037996 1.336136 -8.190397
v 11.130911 1.499983 -8.089387
v 10.923940 1.361402 -8.271063
v 10.984021 1.521842 -8.225617
vn -0.2695 0.8367 -0.4767
vn -0.6893 0.5706 0.4464
vn 0.3631 0.3747 0.8531
vn -0.1650 -0.6440 0.7470
vn 0.0058 -0.9519 -0.3064
vn 0.2393 -0.9710 0.0001
vn 0.8915 -0.4404 -0.1057
vn 0.6836 0.0607 -0.7273
vn 0.4678 0.7998 -0.3761
vn -0.3346 0.3707 -0.8664
vn 0.5794 0.0139 -0.8149
vn 0.3789 0.3360 0.8623
vn -0.9306 -0.2163 0.2953
vn -0.8184 -0.4682 -0.3332
vt 0.534218 0.539052
vt 0.807613 0.537738
vt 0.651467 0.712344
vt 0.812212 0.722590
vt 0.440472 0.699464
vt 0.505279 0.954605
vt 0.394685 0.910428
vt 0.529494 0.041599
vt 0.440272 0.169217
vt 0.407900 0.015209
vt 0.224689 0.500632
vt 0.298939 0.554231
vt 0.143822 0.628706
vt 0.350796 0.501919
vt 0.236030 0.724989
vt 0.358556 0.714558
vt 0.602122 0.296489
vt 0.527241 0.521298
vt 0.452229 0.375318
s 0
g Cube.011_Material
usemtl Material
f 724/1450/1137 717/1451/1137 718/1452/1137
f 718/1452/1138 717/1451/1138 719/1453/1138
f 722/1454/1139 719/1455/1139 716/1456/1139
f 719/1457/1140 720/1458/1140 716/1459/1140
f 723/1460/1141 721/1461/1141 720/1462/1141
f 720/1462/1142 721/1463/1142 716/1464/1142
f 721/1463/1143 722/1465/1143 716/1464/1143
f 721/1463/1144 724/1450/1144 722/1454/1144
f 724/1450/1145 718/1452/1145 722/1454/1145
f 717/1466/1146 724/1467/1146 723/1468/1146
f 723/1468/1147 724/1450/1147 721/1463/1147
f 718/1452/1148 719/1455/1148 722/1454/1148
f 719/1457/1149 717/1466/1149 720/1458/1149
f 717/1466/1150 723/1468/1150 720/1458/1150
o Cube.006
v 11.126178 1.533304 -8.025136
v 11.219459 1.339727 -8.050887
v 11.034290 1.355274 -8.207062
v 11.232086 1.492050 -8.095260
v 11.170242 1.384426 -8.187555
v 11.105785 1.504623 -8.234761
v 11.031355 1.490874 -8.056179
v 11.141813 1.356519 -7.971257
v 11.040608 1.293402 -8.104188
vn 0.2671 0.9510 -0.1561
vn 0.7403 0.1387 -0.6578
vn -0.8722 0.3552 -0.3362
vn 0.7182 0.2602 0.6454
vn 0.5909 0.1801 0.7864
vn -0.7345 -0.1926 0.6507
vn -0.3959 0.2355 0.8876
vn 0.1416 -0.9317 0.3346
vn 0.3398 -0.8509 -0.4007
vn 0.2497 -0.8230 -0.5103
vn 0.1928 -0.2674 -0.9441
vn -0.3825 0.9197 -0.0886
vn -0.9981 -0.0538 0.0289
vn 0.9030 -0.1875 -0.3865
vt 0.423616 0.817668
vt 0.438163 0.985880
vt 0.399025 0.926987
vt 0.584080 0.909473
vt 0.477709 0.045024
vt 0.607265 0.122218
vt 0.441545 0.286085
vt 0.565477 0.549583
vt 0.592013 0.712367
vt 0.289400 0.584684
vt 0.400831 0.754486
vt 0.615924 0.357557
vt 0.551199 0.540629
vt 0.429879 0.509305
vt 0.769145 0.562221
vt 0.604783 0.677624
vt 0.780055 0.741830
vt 0.860509 0.631959
vt 0.567506 0.015179
vt 0.377433 0.096481
s 0
g Cube.006_Material
usemtl Material
f 728/1469/1151 730/1470/1151 725/1471/1151
f 729/1472/1152 730/1470/1152 728/1469/1152
f 730/1473/1153 727/1474/1153 731/1475/1153
f 732/1476/1154 726/1477/1154 725/1478/1154
f 726/1477/1155 728/1479/1155 725/1478/1155
f 731/1475/1156 733/1480/1156 732/1481/1156
f 732/1481/1157 725/1482/1157 731/1475/1157
f 732/1476/1158 733/1483/1158 726/1484/1158
f 726/1484/1159 733/1483/1159 729/1485/1159
f 733/1483/1160 727/1486/1160 729/1485/1160
f 729/1487/1161 727/1474/1161 730/1473/1161
f 725/1488/1162 730/1473/1162 731/1475/1162
f 731/1475/1163 727/1474/1163 733/1480/1163
f 726/1477/1164 729/1472/1164 728/1469/1164
o Cube.007
v 10.556642 1.324484 -9.727079
v 10.403527 1.345493 -9.643986
v 10.578733 1.448558 -9.704001
v 10.485620 1.523831 -9.768745
v 10.517869 1.397483 -9.848223
v 10.446461 1.281512 -9.781479
v 10.386615 1.465838 -9.692642
v 10.489681 1.405367 -9.618952
v 10.364040 1.348749 -9.780014
vn -0.6220 -0.7660 0.1622
vn 0.2753 -0.6802 0.6793
vn -0.9603 -0.0225 0.2782
vn 0.7293 -0.2484 0.6375
vn 0.9289 -0.0990 -0.3569
vn 0.2031 0.7707 0.6040
vn -0.6915 0.5129 -0.5087
vn 0.1228 -0.8846 0.4500
vn 0.5256 -0.6437 -0.5561
vn -0.2905 -0.3366 -0.8957
vn 0.7286 0.4882 -0.4804
vn 0.0170 0.7845 0.6199
vn -0.4431 0.2818 0.8510
vn -0.4728 0.3795 -0.7952
vt 0.862532 0.586626
vt 0.666025 0.612825
vt 0.793538 0.524739
vt 0.799625 0.742317
vt 0.596159 0.725728
vt 0.676667 0.500000
vt 0.533198 0.702151
vt 0.502729 0.907748
vt 0.315429 0.689365
vt 0.215046 0.717794
vt 0.139986 0.551629
vt 0.365533 0.517965
vt 0.592775 0.342442
vt 0.523296 0.508923
vt 0.395346 0.376049
vt 0.510142 0.020803
vt 0.592582 0.143625
vt 0.414253 0.208459
s 0
g Cube.007_Material
usemtl Material
f 739/1489/1165 735/1490/1165 742/1491/1165
f 735/1490/1166 734/1492/1166 741/1493/1166
f 742/1491/1167 735/1490/1167 740/1494/1167
f 741/1495/1168 734/1496/1168 736/1497/1168
f 736/1497/1169 734/1498/1169 738/1499/1169
f 737/1500/1170 741/1495/1170 736/1497/1170
f 742/1501/1171 740/1502/1171 737/1503/1171
f 739/1489/1172 734/1492/1172 735/1490/1172
f 734/1504/1173 739/1505/1173 738/1506/1173
f 738/1506/1174 739/1505/1174 742/1501/1174
f 738/1499/1175 737/1500/1175 736/1497/1175
f 737/1500/1176 740/1502/1176 741/1495/1176
f 740/1502/1177 735/1490/1177 741/1495/1177
f 738/1506/1178 742/1501/1178 737/1503/1178
o Cube.008
v 11.218570 1.494197 -9.900730
v 11.160853 1.387928 -9.969558
v 11.187537 1.276456 -10.010922
v 11.292901 1.308703 -9.920992
v 11.346709 1.294830 -10.089664
v 11.365515 1.427838 -10.002953
v 11.238210 1.514205 -10.003452
v 11.204052 1.251934 -10.100512
v 11.241077 1.380953 -10.116925
vn -0.5193 -0.4038 0.7532
vn 0.0601 -0.9599 0.2738
vn 0.8915 -0.3291 0.3114
vn 0.5415 0.7997 0.2593
vn -0.8077 0.3721 -0.4573
vn -0.8593 0.1860 -0.4766
vn 0.5269 0.4107 -0.7442
vn 0.1225 -0.1598 -0.9795
vn -0.9742 -0.1854 -0.1288
vn -0.4755 -0.2816 0.8335
vn 0.2725 -0.9479 0.1649
vn 0.6115 0.1604 0.7749
vn -0.8586 0.5085 -0.0651
vn 0.4078 0.5971 -0.6908
vt 0.551771 0.821043
vt 0.490236 0.981936
vt 0.443965 0.755163
vt 0.609545 0.740303
vt 0.579499 0.265268
vt 0.447677 0.232718
vt 0.490446 0.016300
vt 0.320967 0.499695
vt 0.242238 0.673984
vt 0.142687 0.564850
vt 0.543218 0.480597
vt 0.654480 0.663904
vt 0.651690 0.523626
vt 0.809399 0.589510
vt 0.375000 0.930496
vt 0.603518 0.001237
vt 0.583364 0.169025
vt 0.384386 0.054537
vt 0.382289 0.419599
s 0
g Cube.008_Material
usemtl Material
f 745/1507/1179 746/1508/1179 744/1509/1179
f 745/1507/1180 750/1510/1180 746/1508/1180
f 747/1511/1181 748/1512/1181 746/1513/1181
f 749/1514/1182 743/1515/1182 748/1516/1182
f 751/1517/1183 744/1509/1183 749/1514/1183
f 751/1517/1184 750/1518/1184 744/1509/1184
f 747/1511/1185 751/1517/1185 748/1512/1185
f 751/1519/1186 747/1520/1186 750/1518/1186
f 750/1518/1187 745/1507/1187 744/1509/1187
f 743/1521/1188 744/1509/1188 746/1508/1188
f 750/1522/1189 747/1523/1189 746/1513/1189
f 743/1524/1190 746/1513/1190 748/1512/1190
f 743/1515/1191 749/1514/1191 744/1509/1191
f 749/1525/1192 748/1512/1192 751/1517/1192
o Cube.009
v 12.059681 1.519912 -9.098148
v 11.973188 1.367043 -9.047791
v 12.195724 1.533964 -9.241849
v 12.074242 1.585034 -9.376601
v 11.860119 1.214259 -9.230026
v 12.027839 1.138941 -9.135803
v 11.854820 1.482164 -9.290311
v 12.233889 1.357734 -9.114000
v 12.165395 1.210051 -9.081553
v 12.256802 1.243010 -9.340041
v 12.169381 1.407759 -9.442889
v 12.305704 1.431160 -9.263841
v 11.923078 1.221721 -9.405299
v 11.882706 1.462732 -9.419085
v 12.059391 1.161739 -9.391865
v 12.096852 1.290852 -9.533542
vn -0.1575 -0.3881 0.9081
vn 0.2878 0.1488 0.9461
vn 0.8946 -0.3553 0.2710
vn 0.7924 0.0405 -0.6086
vn -0.2344 -0.6869 -0.6879
vn -0.0119 0.3446 -0.9387
vn -0.9773 -0.0647 -0.2019
vn 0.4452 -0.8944 0.0434
vn 0.3881 -0.9210 -0.0342
vn -0.3819 -0.9073 -0.1758
vn -0.5797 -0.4105 0.7038
vn -0.8779 0.0885 0.4705
vn 0.6359 0.6134 -0.4684
vn -0.4863 0.8423 -0.2324
vn -0.3522 0.9153 0.1956
vn 0.1463 0.9615 0.2325
vn -0.6267 0.5397 0.5621
vn 0.5744 0.5585 0.5984
vn 0.2007 0.1205 0.9722
vn 0.6212 0.5439 0.5642
vn 0.9018 -0.3416 0.2648
vn -0.5515 -0.1394 -0.8224
vn 0.0471 0.5937 -0.8033
vn -0.9243 -0.1743 -0.3394
vn 0.4377 -0.7192 -0.5396
vn -0.3469 -0.9295 -0.1255
vn 0.7723 0.0133 -0.6351
vt 0.875000 0.649805
vt 0.849233 0.683396
vt 0.832712 0.540342
vt 0.580473 0.024703
vt 0.534759 0.188184
vt 0.498710 0.020990
vt 0.437420 0.135101
vt 0.411456 0.342495
vt 0.213804 0.511922
vt 0.337875 0.601179
vt 0.185175 0.619999
vt 0.611440 0.548317
vt 0.438499 0.522151
vt 0.536413 0.434917
vt 0.517900 0.691047
vt 0.378975 0.759339
vt 0.724211 0.603714
vt 0.568883 0.768659
vt 0.609419 0.213408
vt 0.625000 0.382072
vt 0.588498 0.519208
vt 0.209844 0.718096
vt 0.479559 0.953620
vt 0.390901 0.953078
vt 0.565332 0.774863
vt 0.583031 0.973602
vt 0.389658 0.010551
vt 0.376620 0.114133
vt 0.125000 0.581137
vt 0.375000 0.421875
s 0
g Cube.009_Material
usemtl Material
f 760/1526/1193 753/1527/1193 757/1528/1193
f 753/1529/1194 760/1530/1194 752/1531/1194
f 759/1532/1195 760/1530/1195 761/1533/1195
f 761/1534/1196 762/1535/1196 763/1536/1196
f 764/1537/1197 767/1538/1197 766/1539/1197
f 765/1540/1198 755/1541/1198 762/1535/1198
f 756/1542/1199 758/1543/1199 765/1540/1199
f 757/1544/1200 761/1533/1200 760/1530/1200
f 757/1544/1201 766/1539/1201 761/1533/1201
f 766/1539/1202 756/1545/1202 764/1546/1202
f 756/1542/1203 757/1528/1203 753/1527/1203
f 756/1542/1204 753/1527/1204 758/1543/1204
f 754/1547/1205 763/1536/1205 762/1535/1205 755/1541/1205
f 755/1541/1206 765/1540/1206 758/1543/1206
f 758/1543/1207 752/1548/1207 755/1541/1207
f 752/1548/1208 754/1549/1208 755/1541/1208
f 758/1550/1209 753/1551/1209 752/1548/1209
f 752/1531/1210 759/1532/1210 754/1552/1210
f 759/1532/1211 752/1531/1211 760/1530/1211
f 754/1552/1212 759/1532/1212 763/1553/1212
f 761/1534/1213 763/1536/1213 759/1554/1213
f 767/1538/1214 764/1537/1214 765/1540/1214
f 767/1538/1215 765/1540/1215 762/1535/1215
f 764/1537/1216 756/1542/1216 765/1540/1216
f 761/1533/1217 766/1539/1217 767/1538/1217
f 757/1544/1218 756/1545/1218 766/1539/1218
f 762/1555/1219 761/1533/1219 767/1538/1219
o Cube.010
v 10.405043 1.320216 -9.157298
v 10.257479 1.317029 -9.105841
v 10.094217 1.385233 -9.179073
v 10.376930 1.404258 -9.290951
v 10.438336 1.168211 -9.217059
v 10.108477 1.229886 -9.233518
v 10.170259 1.525049 -9.217365
v 10.209494 1.339464 -9.400507
v 10.453300 1.260556 -9.334542
vn -0.1136 -0.7740 -0.6229
vn -0.1008 -0.8027 -0.5877
vn -0.6890 0.1826 -0.7014
vn -0.8914 0.2086 -0.4024
vn -0.4972 -0.3273 0.8036
vn 0.1567 0.8506 0.5019
vn 0.9672 0.1248 0.2213
vn 0.8906 0.4452 0.0926
vn -0.1672 -0.7125 0.6815
vn 0.5488 0.5619 0.6189
vn -0.2433 0.3771 0.8936
vn 0.3648 0.4424 -0.8192
vn 0.1719 0.7101 -0.6828
vn 0.3211 -0.2848 0.9032
vt 0.856741 0.527884
vt 0.792799 0.664448
vt 0.661337 0.518959
vt 0.570885 0.667835
vt 0.614877 0.834550
vt 0.495616 0.943630
vt 0.319826 0.718976
vt 0.602263 0.105449
vt 0.455701 0.107225
vt 0.553174 0.006579
vt 0.371255 0.573451
vt 0.135465 0.689951
vt 0.165587 0.530358
vt 0.553103 0.308270
vt 0.565029 0.471740
vt 0.392929 0.256090
vt 0.405598 0.560759
vt 0.171875 0.750000
s 0
g Cube.010_Material
usemtl Material
f 772/1556/1220 773/1557/1220 776/1558/1220
f 776/1558/1221 773/1557/1221 775/1559/1221
f 773/1560/1222 770/1561/1222 774/1562/1222
f 775/1559/1223 773/1560/1223 774/1562/1223
f 773/1563/1224 769/1564/1224 770/1565/1224
f 771/1566/1225 769/1567/1225 768/1568/1225
f 772/1569/1226 776/1570/1226 768/1571/1226
f 776/1570/1227 771/1572/1227 768/1571/1227
f 769/1564/1228 773/1563/1228 772/1569/1228
f 771/1566/1229 774/1562/1229 769/1567/1229
f 769/1567/1230 774/1562/1230 770/1573/1230
f 776/1558/1231 775/1559/1231 771/1572/1231
f 775/1559/1232 774/1562/1232 771/1572/1232
f 768/1571/1233 769/1564/1233 772/1569/1233
o Cube.011
v 11.732747 1.442025 -9.602524
v 11.986428 1.168426 -9.530497
v 11.777475 1.130472 -9.650282
v 11.765643 1.277329 -9.459380
v 11.911598 1.404194 -9.472469
v 11.931891 1.429721 -9.688436
v 11.749945 1.310795 -9.769564
v 12.057658 1.352164 -9.644666
v 11.944654 1.220346 -9.727567
vn 0.3372 -0.8903 -0.3060
vn -0.1961 -0.7830 0.5902
vn -0.9851 -0.1693 0.0316
vn -0.4123 0.5493 0.7268
vn 0.4815 0.8640 0.1474
vn 0.1158 0.9851 0.1273
vn -0.2193 0.7561 -0.6166
vn 0.2917 0.1929 -0.9369
vn -0.0814 -0.5585 -0.8255
vn 0.8093 -0.5026 -0.3040
vn 0.4257 0.1912 -0.8844
vn -0.9912 -0.1272 0.0364
vn 0.2284 -0.1637 0.9597
vn 0.7728 0.0907 0.6281
vt 0.534218 0.539052
vt 0.807613 0.537738
vt 0.651467 0.712344
vt 0.812212 0.722590
vt 0.440472 0.699464
vt 0.505279 0.954605
vt 0.394685 0.910428
vt 0.529494 0.041599
vt 0.440272 0.169217
vt 0.407900 0.015209
vt 0.224689 0.500632
vt 0.298939 0.554231
vt 0.143822 0.628706
vt 0.350796 0.501919
vt 0.236030 0.724989
vt 0.358556 0.714558
vt 0.602122 0.296489
vt 0.527241 0.521298
vt 0.452229 0.375318
s 0
g Cube.011_Material
usemtl Material
f 785/1574/1234 778/1575/1234 779/1576/1234
f 779/1576/1235 778/1575/1235 780/1577/1235
f 783/1578/1236 780/1579/1236 777/1580/1236
f 780/1581/1237 781/1582/1237 777/1583/1237
f 784/1584/1238 782/1585/1238 781/1586/1238
f 781/1586/1239 782/1587/1239 777/1588/1239
f 782/1587/1240 783/1589/1240 777/1588/1240
f 782/1587/1241 785/1574/1241 783/1578/1241
f 785/1574/1242 779/1576/1242 783/1578/1242
f 778/1590/1243 785/1591/1243 784/1592/1243
f 784/1592/1244 785/1574/1244 782/1587/1244
f 779/1576/1245 780/1579/1245 783/1578/1245
f 780/1581/1246 778/1590/1246 781/1582/1246
f 778/1590/1247 784/1592/1247 781/1582/1247
o Cube.006
v 10.973103 1.256037 -8.321858
v 10.790955 1.328810 -8.374022
v 10.779994 1.260245 -8.157225
v 10.925375 1.371782 -8.325399
v 10.811240 1.360584 -8.236563
v 10.914748 1.341468 -8.151462
v 10.928227 1.193082 -8.255812
v 10.817750 1.229023 -8.395291
v 10.738300 1.209905 -8.249083
vn 0.9162 0.3815 0.1225
vn 0.0388 0.9840 0.1739
vn 0.2875 -0.5333 0.7956
vn 0.3680 0.2873 -0.8843
vn 0.3103 0.0990 -0.9455
vn -0.0931 -0.9795 -0.1787
vn 0.3710 -0.7850 -0.4961
vn -0.8642 -0.1284 -0.4864
vn -0.9007 0.4333 0.0328
vn -0.8917 0.4170 0.1762
vn -0.4137 0.6405 0.6470
vn 0.8895 -0.2061 0.4079
vn -0.0588 -0.8639 0.5001
vn -0.2378 0.9535 -0.1853
vt 0.423616 0.817668
vt 0.438163 0.985880
vt 0.399025 0.926987
vt 0.584080 0.909473
vt 0.477709 0.045024
vt 0.607265 0.122218
vt 0.441545 0.286085
vt 0.565477 0.549583
vt 0.592013 0.712367
vt 0.289400 0.584684
vt 0.400831 0.754486
vt 0.615924 0.357557
vt 0.551199 0.540629
vt 0.429879 0.509305
vt 0.769145 0.562221
vt 0.604783 0.677624
vt 0.780055 0.741830
vt 0.860509 0.631959
vt 0.567506 0.015179
vt 0.377433 0.096481
s 0
g Cube.006_Material
usemtl Material
f 789/1593/1248 791/1594/1248 786/1595/1248
f 790/1596/1249 791/1594/1249 789/1593/1249
f 791/1597/1250 788/1598/1250 792/1599/1250
f 793/1600/1251 787/1601/1251 786/1602/1251
f 787/1601/1252 789/1603/1252 786/1602/1252
f 792/1599/1253 794/1604/1253 793/1605/1253
f 793/1605/1254 786/1606/1254 792/1599/1254
f 793/1600/1255 794/1607/1255 787/1608/1255
f 787/1608/1256 794/1607/1256 790/1609/1256
f 794/1607/1257 788/1610/1257 790/1609/1257
f 790/1611/1258 788/1598/1258 791/1597/1258
f 786/1612/1259 791/1597/1259 792/1599/1259
f 792/1599/1260 788/1598/1260 794/1604/1260
f 787/1601/1261 790/1596/1261 789/1593/1261
o Cube.007
v 10.263930 1.267551 -8.777155
v 10.305016 1.166016 -8.924974
v 10.282512 1.375639 -8.854725
v 10.418485 1.380193 -8.897840
v 10.407478 1.316303 -8.751437
v 10.355585 1.166865 -8.767651
v 10.399801 1.255450 -8.968054
v 10.256893 1.267863 -8.935029
v 10.432305 1.162338 -8.848481
vn -0.0398 -0.9990 0.0182
vn -0.9049 -0.4237 0.0395
vn 0.3601 -0.6861 -0.6322
vn -0.9788 0.1999 0.0440
vn -0.3317 0.5870 0.7385
vn -0.2568 0.6160 -0.7448
vn 0.9654 0.0022 -0.2607
vn -0.7293 -0.6415 0.2379
vn -0.1591 -0.0517 0.9859
vn 0.6812 -0.3086 0.6639
vn 0.0977 0.9094 0.4042
vn -0.1531 0.5020 -0.8512
vn -0.2373 -0.2058 -0.9494
vn 0.9897 0.0884 0.1130
vt 0.862532 0.586626
vt 0.666025 0.612825
vt 0.793538 0.524739
vt 0.799625 0.742317
vt 0.596159 0.725728
vt 0.676667 0.500000
vt 0.533198 0.702151
vt 0.502729 0.907748
vt 0.315429 0.689365
vt 0.215046 0.717794
vt 0.139986 0.551629
vt 0.365533 0.517965
vt 0.592775 0.342442
vt 0.523296 0.508923
vt 0.395346 0.376049
vt 0.510142 0.020803
vt 0.592582 0.143625
vt 0.414253 0.208459
s 0
g Cube.007_Material
usemtl Material
f 800/1613/1262 796/1614/1262 803/1615/1262
f 796/1614/1263 795/1616/1263 802/1617/1263
f 803/1615/1264 796/1614/1264 801/1618/1264
f 802/1619/1265 795/1620/1265 797/1621/1265
f 797/1621/1266 795/1622/1266 799/1623/1266
f 798/1624/1267 802/1619/1267 797/1621/1267
f 803/1625/1268 801/1626/1268 798/1627/1268
f 800/1613/1269 795/1616/1269 796/1614/1269
f 795/1628/1270 800/1629/1270 799/1630/1270
f 799/1630/1271 800/1629/1271 803/1625/1271
f 799/1623/1272 798/1624/1272 797/1621/1272
f 798/1624/1273 801/1626/1273 802/1619/1273
f 801/1626/1274 796/1614/1274 802/1619/1274
f 799/1630/1275 803/1625/1275 798/1627/1275
o Cube.008
v 10.905412 1.012417 -9.815692
v 10.938467 1.145893 -9.947227
v 10.975433 1.307835 -9.960619
v 11.007636 1.263920 -9.773891
v 10.822967 1.418492 -9.805315
v 10.800633 1.224941 -9.706077
v 10.774594 1.069211 -9.845111
v 10.895307 1.402681 -9.995680
v 10.761521 1.291579 -9.932778
vn 0.9473 -0.2343 -0.2185
vn 0.7597 0.6499 0.0218
vn 0.2078 0.4272 0.8799
vn -0.4077 -0.5692 0.7140
vn -0.3663 -0.3598 -0.8581
vn -0.2587 -0.2209 -0.9404
vn -0.9463 0.2271 0.2300
vn -0.6897 0.6515 -0.3162
vn 0.2559 -0.1375 -0.9569
vn 0.9260 -0.3552 -0.1277
vn 0.6154 0.7697 0.1699
vn 0.3468 -0.2892 0.8922
vn -0.1323 -0.6789 -0.7222
vn -0.9849 0.0103 0.1729
vt 0.551771 0.821043
vt 0.490236 0.981936
vt 0.443965 0.755163
vt 0.609545 0.740303
vt 0.579499 0.265268
vt 0.447677 0.232718
vt 0.490446 0.016300
vt 0.320967 0.499695
vt 0.242238 0.673984
vt 0.142687 0.564850
vt 0.543218 0.480597
vt 0.654480 0.663904
vt 0.651690 0.523626
vt 0.809399 0.589510
vt 0.375000 0.930496
vt 0.603518 0.001237
vt 0.583364 0.169025
vt 0.384386 0.054537
vt 0.382289 0.419599
s 0
g Cube.008_Material
usemtl Material
f 806/1631/1276 807/1632/1276 805/1633/1276
f 806/1631/1277 811/1634/1277 807/1632/1277
f 808/1635/1278 809/1636/1278 807/1637/1278
f 810/1638/1279 804/1639/1279 809/1640/1279
f 812/1641/1280 805/1633/1280 810/1638/1280
f 812/1641/1281 811/1642/1281 805/1633/1281
f 808/1635/1282 812/1641/1282 809/1636/1282
f 812/1643/1283 808/1644/1283 811/1642/1283
f 811/1642/1284 806/1631/1284 805/1633/1284
f 804/1645/1285 805/1633/1285 807/1632/1285
f 811/1646/1286 808/1647/1286 807/1637/1286
f 804/1648/1287 807/1637/1287 809/1636/1287
f 804/1639/1288 810/1638/1288 805/1633/1288
f 810/1649/1289 809/1636/1289 812/1641/1289
o Cube.009
v 11.490152 1.412297 -9.849318
v 11.365025 1.446939 -9.998743
v 11.455334 1.278030 -9.685152
v 11.550716 1.118608 -9.769893
v 11.248852 1.228234 -10.140352
v 11.111987 1.349586 -10.011372
v 11.524466 1.175308 -10.041489
v 11.261850 1.412394 -9.728229
v 11.135520 1.430609 -9.854915
v 11.135709 1.167729 -9.712097
v 11.335186 1.052677 -9.726701
v 11.310741 1.265212 -9.607066
v 11.233410 1.049426 -10.047813
v 11.494236 1.040171 -10.000957
v 11.123254 1.080354 -9.933129
v 11.241416 0.939666 -9.828171
vn -0.3117 0.8621 -0.3995
vn 0.0477 0.9811 0.1875
vn -0.6307 0.3701 0.6821
vn -0.2256 -0.4975 0.8376
vn -0.5724 -0.7417 -0.3498
vn 0.3267 -0.9164 0.2312
vn 0.2618 -0.3305 -0.9068
vn -0.9912 0.0627 0.1166
vn -0.9976 -0.0228 0.0652
vn -0.7303 -0.2632 -0.6304
vn -0.1936 0.6036 -0.7734
vn 0.3753 0.3550 -0.8562
vn 0.3671 -0.3543 0.8601
vn 0.9552 -0.2575 -0.1461
vn 0.9807 0.1872 -0.0557
vn 0.8595 0.2909 0.4202
vn 0.7182 0.4980 -0.4860
vn 0.3385 0.6919 0.6377
vn 0.0499 0.9944 0.0932
vn 0.3091 0.6635 0.6813
vn -0.6201 0.3655 0.6942
vn 0.0488 -0.8927 -0.4479
vn 0.5425 -0.7639 0.3495
vn 0.1406 -0.4646 -0.8743
vn -0.8249 -0.5083 0.2474
vn -0.7626 -0.2097 -0.6119
vn -0.2447 -0.5275 0.8136
vt 0.875000 0.649805
vt 0.849233 0.683396
vt 0.832712 0.540342
vt 0.580473 0.024703
vt 0.534759 0.188184
vt 0.498710 0.020990
vt 0.437420 0.135101
vt 0.411456 0.342495
vt 0.213804 0.511922
vt 0.337875 0.601179
vt 0.185175 0.619999
vt 0.611440 0.548317
vt 0.438499 0.522151
vt 0.536413 0.434917
vt 0.517900 0.691047
vt 0.378975 0.759339
vt 0.724211 0.603714
vt 0.568883 0.768659
vt 0.609419 0.213408
vt 0.625000 0.382072
vt 0.588498 0.519208
vt 0.209844 0.718096
vt 0.479559 0.953620
vt 0.390901 0.953078
vt 0.565332 0.774863
vt 0.583031 0.973602
vt 0.389658 0.010551
vt 0.376620 0.114133
vt 0.125000 0.581137
vt 0.375000 0.421875
s 0
g Cube.009_Material
usemtl Material
f 821/1650/1290 814/1651/1290 818/1652/1290
f 814/1653/1291 821/1654/1291 813/1655/1291
f 820/1656/1292 821/1654/1292 822/1657/1292
f 822/1658/1293 823/1659/1293 824/1660/1293
f 825/1661/1294 828/1662/1294 827/1663/1294
f 826/1664/1295 816/1665/1295 823/1659/1295
f 817/1666/1296 819/1667/1296 826/1664/1296
f 818/1668/1297 822/1657/1297 821/1654/1297
f 818/1668/1298 827/1663/1298 822/1657/1298
f 827/1663/1299 817/1669/1299 825/1670/1299
f 817/1666/1300 818/1652/1300 814/1651/1300
f 817/1666/1301 814/1651/1301 819/1667/1301
f 815/1671/1302 824/1660/1302 823/1659/1302 816/1665/1302
f 816/1665/1303 826/1664/1303 819/1667/1303
f 819/1667/1304 813/1672/1304 816/1665/1304
f 813/1672/1305 815/1673/1305 816/1665/1305
f 819/1674/1306 814/1675/1306 813/1672/1306
f 813/1655/1307 820/1656/1307 815/1676/1307
f 820/1656/1308 813/1655/1308 821/1654/1308
f 815/1676/1309 820/1656/1309 824/1677/1309
f 822/1658/1310 824/1660/1310 820/1678/1310
f 828/1662/1311 825/1661/1311 826/1664/1311
f 828/1662/1312 826/1664/1312 823/1659/1312
f 825/1661/1313 817/1666/1313 826/1664/1313
f 822/1657/1314 827/1663/1314 828/1662/1314
f 818/1668/1315 817/1669/1315 827/1663/1315
f 823/1679/1316 822/1657/1316 828/1662/1316
o Cube.010
v 11.318629 1.186540 -9.738834
v 11.233781 1.096172 -9.801563
v 11.126019 1.112351 -9.932299
v 11.283319 1.300258 -9.817162
v 11.455666 1.156526 -9.786464
v 11.254482 1.069954 -9.989439
v 11.078107 1.238019 -9.876803
v 11.274633 1.267522 -10.000998
v 11.431596 1.281583 -9.826426
vn 0.7247 -0.0792 -0.6845
vn 0.7433 -0.1144 -0.6591
vn -0.3105 0.2824 -0.9076
vn -0.5348 0.0051 -0.8450
vn -0.2697 -0.9573 0.1039
vn -0.7229 0.2254 0.6531
vn 0.3748 0.3469 0.8598
vn 0.1241 0.5887 0.7988
vn 0.2489 -0.9551 0.1607
vn -0.3173 0.1486 0.9366
vn -0.6998 -0.4945 0.5156
vn 0.1119 0.9774 -0.1793
vn -0.2440 0.9567 -0.1588
vn 0.1229 -0.6412 0.7575
vt 0.856741 0.527884
vt 0.792799 0.664448
vt 0.661337 0.518959
vt 0.570885 0.667835
vt 0.614877 0.834550
vt 0.495616 0.943630
vt 0.319826 0.718976
vt 0.602263 0.105449
vt 0.455701 0.107225
vt 0.553174 0.006579
vt 0.371255 0.573451
vt 0.135465 0.689951
vt 0.165587 0.530358
vt 0.553103 0.308270
vt 0.565029 0.471740
vt 0.392929 0.256090
vt 0.405598 0.560759
vt 0.171875 0.750000
s 0
g Cube.010_Material
usemtl Material
f 833/1680/1317 834/1681/1317 837/1682/1317
f 837/1682/1318 834/1681/1318 836/1683/1318
f 834/1684/1319 831/1685/1319 835/1686/1319
f 836/1683/1320 834/1684/1320 835/1686/1320
f 834/1687/1321 830/1688/1321 831/1689/1321
f 832/1690/1322 830/1691/1322 829/1692/1322
f 833/1693/1323 837/1694/1323 829/1695/1323
f 837/1694/1324 832/1696/1324 829/1695/1324
f 830/1688/1325 834/1687/1325 833/1693/1325
f 832/1690/1326 835/1686/1326 830/1691/1326
f 830/1691/1327 835/1686/1327 831/1697/1327
f 837/1682/1328 836/1683/1328 832/1696/1328
f 836/1683/1329 835/1686/1329 832/1696/1329
f 829/1695/1330 830/1688/1330 833/1693/1330
o Cube.011
v 12.007773 1.158095 -9.171690
v 11.845462 1.232175 -9.433121
v 11.956594 1.063273 -9.413972
v 12.036480 1.231126 -9.337903
v 11.922875 1.304942 -9.250098
v 11.827401 1.164707 -9.184408
v 11.932771 1.012984 -9.241174
v 11.749947 1.221477 -9.269577
v 11.803279 1.089826 -9.343780
vn -0.4386 -0.3809 -0.8140
vn 0.4389 0.1892 -0.8784
vn 0.8954 -0.4435 -0.0402
vn 0.6937 0.6076 0.3868
vn -0.3647 0.5869 0.7229
vn -0.0464 0.4495 0.8921
vn -0.0790 -0.3970 0.9144
vn -0.6794 -0.6192 0.3937
vn -0.2961 -0.9054 -0.3043
vn -0.8600 -0.0630 -0.5064
vn -0.7759 -0.5176 0.3606
vn 0.9030 -0.4296 -0.0005
vn 0.2244 0.8693 -0.4405
vn -0.4108 0.8935 -0.1815
vt 0.534218 0.539052
vt 0.807613 0.537738
vt 0.651467 0.712344
vt 0.812212 0.722590
vt 0.440472 0.699464
vt 0.505279 0.954605
vt 0.394685 0.910428
vt 0.529494 0.041599
vt 0.440272 0.169217
vt 0.407900 0.015209
vt 0.224689 0.500632
vt 0.298939 0.554231
vt 0.143822 0.628706
vt 0.350796 0.501919
vt 0.236030 0.724989
vt 0.358556 0.714558
vt 0.602122 0.296489
vt 0.527241 0.521298
vt 0.452229 0.375318
s 0
g Cube.011_Material
usemtl Material
f 846/1698/1331 839/1699/1331 840/1700/1331
f 840/1700/1332 839/1699/1332 841/1701/1332
f 844/1702/1333 841/1703/1333 838/1704/1333
f 841/1705/1334 842/1706/1334 838/1707/1334
f 845/1708/1335 843/1709/1335 842/1710/1335
f 842/1710/1336 843/1711/1336 838/1712/1336
f 843/1711/1337 844/1713/1337 838/1712/1337
f 843/1711/1338 846/1698/1338 844/1702/1338
f 846/1698/1339 840/1700/1339 844/1702/1339
f 839/1714/1340 846/1715/1340 845/1716/1340
f 845/1716/1341 846/1698/1341 843/1711/1341
f 840/1700/1342 841/1703/1342 844/1702/1342
f 841/1705/1343 839/1714/1343 842/1706/1343
f 839/1714/1344 845/1716/1344 842/1706/1344
o Cube.006
v 11.451749 1.190811 -9.750550
v 11.630603 1.167444 -9.800916
v 11.605983 1.086078 -9.608840
v 11.505807 1.110640 -9.813842
v 11.596873 1.063419 -9.727857
v 11.489898 1.027955 -9.674035
v 11.478294 1.194859 -9.660653
v 11.600245 1.250817 -9.760903
v 11.651533 1.175556 -9.636043
vn -0.8836 -0.3520 -0.3088
vn 0.0310 -0.8619 -0.5062
vn -0.4477 -0.1023 0.8883
vn -0.2090 0.3602 -0.9092
vn -0.1614 0.5422 -0.8246
vn 0.0236 0.8605 0.5090
vn -0.3698 0.9267 0.0675
vn 0.9085 0.3955 -0.1348
vn 0.9240 -0.3692 -0.0991
vn 0.8931 -0.4494 0.0172
vn 0.3765 -0.9150 0.1454
vn -0.9541 -0.0892 0.2858
vn -0.0960 0.3339 0.9377
vn 0.3518 -0.6117 -0.7085
vt 0.423616 0.817668
vt 0.438163 0.985880
vt 0.399025 0.926987
vt 0.584080 0.909473
vt 0.477709 0.045024
vt 0.607265 0.122218
vt 0.441545 0.286085
vt 0.565477 0.549583
vt 0.592013 0.712367
vt 0.289400 0.584684
vt 0.400831 0.754486
vt 0.615924 0.357557
vt 0.551199 0.540629
vt 0.429879 0.509305
vt 0.769145 0.562221
vt 0.604783 0.677624
vt 0.780055 0.741830
vt 0.860509 0.631959
vt 0.567506 0.015179
vt 0.377433 0.096481
s 0
g Cube.006_Material
usemtl Material
f 850/1717/1345 852/1718/1345 847/1719/1345
f 851/1720/1346 852/1718/1346 850/1717/1346
f 852/1721/1347 849/1722/1347 853/1723/1347
f 854/1724/1348 848/1725/1348 847/1726/1348
f 848/1725/1349 850/1727/1349 847/1726/1349
f 853/1723/1350 855/1728/1350 854/1729/1350
f 854/1729/1351 847/1730/1351 853/1723/1351
f 854/1724/1352 855/1731/1352 848/1732/1352
f 848/1732/1353 855/1731/1353 851/1733/1353
f 855/1731/1354 849/1734/1354 851/1733/1354
f 851/1735/1355 849/1722/1355 852/1721/1355
f 847/1736/1356 852/1721/1356 853/1723/1356
f 853/1723/1357 849/1722/1357 855/1728/1357
f 848/1725/1358 851/1720/1358 850/1717/1358
o Cube.007
v 11.375103 1.121921 -9.727447
v 11.539880 1.173974 -9.586004
v 11.441232 0.973169 -9.736669
v 11.599649 0.984856 -9.805766
v 11.481702 1.119958 -9.880634
v 11.462966 1.260584 -9.749759
v 11.651115 1.082325 -9.669557
v 11.492377 1.045596 -9.596245
v 11.597425 1.248371 -9.739837
vn 0.0479 0.8921 0.4493
vn -0.6734 0.1922 0.7138
vn 0.7429 0.4500 0.4955
vn -0.7884 -0.3805 0.4834
vn -0.7812 -0.3138 -0.5396
vn 0.2311 -0.8964 0.3782
vn 0.9001 0.1129 -0.4209
vn -0.6489 0.5030 0.5708
vn -0.7528 0.3919 -0.5289
vn 0.1153 0.6849 -0.7194
vn -0.2688 -0.6357 -0.7237
vn 0.3887 -0.8125 0.4345
vn 0.4519 -0.2358 0.8603
vn 0.6693 0.1856 -0.7194
vt 0.862532 0.586626
vt 0.666025 0.612825
vt 0.793538 0.524739
vt 0.799625 0.742317
vt 0.596159 0.725728
vt 0.676667 0.500000
vt 0.533198 0.702151
vt 0.502729 0.907748
vt 0.315429 0.689365
vt 0.215046 0.717794
vt 0.139986 0.551629
vt 0.365533 0.517965
vt 0.592775 0.342442
vt 0.523296 0.508923
vt 0.395346 0.376049
vt 0.510142 0.020803
vt 0.592582 0.143625
vt 0.414253 0.208459
s 0
g Cube.007_Material
usemtl Material
f 861/1737/1359 857/1738/1359 864/1739/1359
f 857/1738/1360 856/1740/1360 863/1741/1360
f 864/1739/1361 857/1738/1361 862/1742/1361
f 863/1743/1362 856/1744/1362 858/1745/1362
f 858/1745/1363 856/1746/1363 860/1747/1363
f 859/1748/1364 863/1743/1364 858/1745/1364
f 864/1749/1365 862/1750/1365 859/1751/1365
f 861/1737/1366 856/1740/1366 857/1738/1366
f 856/1752/1367 861/1753/1367 860/1754/1367
f 860/1754/1368 861/1753/1368 864/1749/1368
f 860/1747/1369 859/1748/1369 858/1745/1369
f 859/1748/1370 862/1750/1370 863/1743/1370
f 862/1750/1371 857/1738/1371 863/1743/1371
f 860/1754/1372 864/1749/1372 859/1751/1372
o Cube.008
v 11.856723 1.027543 -9.161634
v 11.789964 1.119517 -9.225560
v 11.736043 1.137073 -9.324678
v 11.755007 1.005293 -9.318438
v 11.841249 1.078198 -9.440679
v 11.905969 0.998943 -9.331228
v 11.925683 1.078521 -9.212646
v 11.764997 1.185375 -9.392830
v 11.880657 1.160278 -9.347540
vn -0.8813 -0.1050 0.4608
vn -0.8684 -0.1474 -0.4734
vn -0.0817 -0.8296 -0.5524
vn 0.7031 -0.6390 0.3119
vn 0.2184 0.8652 0.4515
vn 0.0622 0.9318 0.3576
vn 0.8850 0.0927 -0.4562
vn 0.4016 0.5961 -0.6953
vn -0.4440 0.8092 0.3849
vn -0.8082 -0.2023 0.5530
vn -0.7266 -0.2275 -0.6483
vn -0.0281 -0.9870 0.1583
vn 0.1140 0.6215 0.7751
vn 0.9614 0.1261 -0.2445
vt 0.551771 0.821043
vt 0.490236 0.981936
vt 0.443965 0.755163
vt 0.609545 0.740303
vt 0.579499 0.265268
vt 0.447677 0.232718
vt 0.490446 0.016300
vt 0.320967 0.499695
vt 0.242238 0.673984
vt 0.142687 0.564850
vt 0.543218 0.480597
vt 0.654480 0.663904
vt 0.651690 0.523626
vt 0.809399 0.589510
vt 0.375000 0.930496
vt 0.603518 0.001237
vt 0.583364 0.169025
vt 0.384386 0.054537
vt 0.382289 0.419599
s 0
g Cube.008_Material
usemtl Material
f 867/1755/1373 868/1756/1373 866/1757/1373
f 867/1755/1374 872/1758/1374 868/1756/1374
f 869/1759/1375 870/1760/1375 868/1761/1375
f 871/1762/1376 865/1763/1376 870/1764/1376
f 873/1765/1377 866/1757/1377 871/1762/1377
f 873/1765/1378 872/1766/1378 866/1757/1378
f 869/1759/1379 873/1765/1379 870/1760/1379
f 873/1767/1380 869/1768/1380 872/1766/1380
f 872/1766/1381 867/1755/1381 866/1757/1381
f 865/1769/1382 866/1757/1382 868/1756/1382
f 872/1770/1383 869/1771/1383 868/1761/1383
f 865/1772/1384 868/1761/1384 870/1760/1384
f 865/1763/1385 871/1762/1385 866/1757/1385
f 871/1773/1386 870/1760/1386 873/1765/1386
o Cube.009
v 11.629525 1.081197 -9.325474
v 11.441004 1.131073 -9.388957
v 11.778290 0.962358 -9.440899
v 11.877757 1.129666 -9.523756
v 11.402678 1.251014 -9.656339
v 11.323582 1.035197 -9.625780
v 11.668676 1.328767 -9.521325
v 11.553514 0.857974 -9.452258
v 11.386744 0.892694 -9.527715
v 11.616467 0.846929 -9.730686
v 11.800309 0.997668 -9.705705
v 11.738081 0.823461 -9.531735
v 11.546136 1.215514 -9.804402
v 11.747682 1.316904 -9.647668
v 11.525737 1.051584 -9.834039
v 11.741928 1.065626 -9.867476
vn -0.8821 -0.0704 0.4658
vn -0.3855 -0.3971 0.8329
vn -0.2010 -0.9796 -0.0066
vn 0.6028 -0.6612 -0.4465
vn -0.1623 0.1951 -0.9673
vn 0.8241 0.2300 -0.5176
vn -0.1788 0.9629 -0.2022
vn -0.5855 -0.6194 -0.5230
vn -0.5734 -0.5574 -0.6004
vn -0.6760 0.2117 -0.7058
vn -0.8844 0.3653 0.2906
vn -0.4441 0.7920 0.4189
vn 0.9094 -0.4154 0.0202
vn 0.6499 0.6783 0.3427
vn 0.4807 0.4960 0.7231
vn 0.6219 0.0180 0.7829
vn -0.0946 0.6268 0.7734
vn 0.2073 -0.5356 0.8186
vn -0.4451 -0.3228 0.8353
vn 0.2290 -0.5784 0.7830
vn -0.1850 -0.9827 -0.0028
vn 0.2499 0.6343 -0.7316
vn 0.9452 0.2024 -0.2561
vn -0.1645 0.9111 -0.3779
vn -0.1029 -0.4844 -0.8688
vn -0.7141 0.1654 -0.6802
vn 0.5932 -0.6432 -0.4843
vt 0.875000 0.649805
vt 0.849233 0.683396
vt 0.832712 0.540342
vt 0.580473 0.024703
vt 0.534759 0.188184
vt 0.498710 0.020990
vt 0.437420 0.135101
vt 0.411456 0.342495
vt 0.213804 0.511922
vt 0.337875 0.601179
vt 0.185175 0.619999
vt 0.611440 0.548317
vt 0.438499 0.522151
vt 0.536413 0.434917
vt 0.517900 0.691047
vt 0.378975 0.759339
vt 0.724211 0.603714
vt 0.568883 0.768659
vt 0.609419 0.213408
vt 0.625000 0.382072
vt 0.588498 0.519208
vt 0.209844 0.718096
vt 0.479559 0.953620
vt 0.390901 0.953078
vt 0.565332 0.774863
vt 0.583031 0.973602
vt 0.389658 0.010551
vt 0.376620 0.114133
vt 0.125000 0.581137
vt 0.375000 0.421875
s 0
g Cube.009_Material
usemtl Material
f 882/1774/1387 875/1775/1387 879/1776/1387
f 875/1777/1388 882/1778/1388 874/1779/1388
f 881/1780/1389 882/1778/1389 883/1781/1389
f 883/1782/1390 884/1783/1390 885/1784/1390
f 886/1785/1391 889/1786/1391 888/1787/1391
f 887/1788/1392 877/1789/1392 884/1783/1392
f 878/1790/1393 880/1791/1393 887/1788/1393
f 879/1792/1394 883/1781/1394 882/1778/1394
f 879/1792/1395 888/1787/1395 883/1781/1395
f 888/1787/1396 878/1793/1396 886/1794/1396
f 878/1790/1397 879/1776/1397 875/1775/1397
f 878/1790/1398 875/1775/1398 880/1791/1398
f 876/1795/1399 885/1784/1399 884/1783/1399 877/1789/1399
f 877/1789/1400 887/1788/1400 880/1791/1400
f 880/1791/1401 874/1796/1401 877/1789/1401
f 874/1796/1402 876/1797/1402 877/1789/1402
f 880/1798/1403 875/1799/1403 874/1796/1403
f 874/1779/1404 881/1780/1404 876/1800/1404
f 881/1780/1405 874/1779/1405 882/1778/1405
f 876/1800/1406 881/1780/1406 885/1801/1406
f 883/1782/1407 885/1784/1407 881/1802/1407
f 889/1786/1408 886/1785/1408 887/1788/1408
f 889/1786/1409 887/1788/1409 884/1783/1409
f 886/1785/1410 878/1790/1410 887/1788/1410
f 883/1781/1411 888/1787/1411 889/1786/1411
f 879/1792/1412 878/1793/1412 888/1787/1412
f 884/1803/1413 883/1781/1413 889/1786/1413
o Cube.010
v 11.687365 1.038640 -8.999333
v 11.799496 1.136610 -8.975588
v 11.904366 1.171683 -8.827623
v 11.684649 0.978724 -8.856744
v 11.748826 0.918075 -9.086175
v 11.982012 1.061554 -8.912747
v 11.775898 1.166971 -8.735923
v 11.867611 0.934110 -8.781268
v 11.705114 0.856903 -8.962344
vn 0.6052 -0.7776 -0.1705
vn 0.6051 -0.7662 -0.2163
vn 0.5733 -0.2083 0.7924
vn 0.6828 0.1289 0.7191
vn 0.4713 0.7229 -0.5053
vn -0.6647 0.6932 0.2786
vn -0.9000 -0.1696 -0.4015
vn -0.9918 -0.1101 -0.0652
vn 0.4254 0.3282 -0.8434
vn -0.8494 0.5066 -0.1478
vn -0.1342 0.9814 -0.1375
vn -0.4220 -0.6333 0.6487
vn -0.4278 -0.3322 0.8406
vn -0.2431 0.4823 -0.8416
vt 0.856741 0.527884
vt 0.792799 0.664448
vt 0.661337 0.518959
vt 0.570885 0.667835
vt 0.614877 0.834550
vt 0.495616 0.943630
vt 0.319826 0.718976
vt 0.602263 0.105449
vt 0.455701 0.107225
vt 0.553174 0.006579
vt 0.371255 0.573451
vt 0.135465 0.689951
vt 0.165587 0.530358
vt 0.553103 0.308270
vt 0.565029 0.471740
vt 0.392929 0.256090
vt 0.405598 0.560759
vt 0.171875 0.750000
s 0
g Cube.010_Material
usemtl Material
f 894/1804/1414 895/1805/1414 898/1806/1414
f 898/1806/1415 895/1805/1415 897/1807/1415
f 895/1808/1416 892/1809/1416 896/1810/1416
f 897/1807/1417 895/1808/1417 896/1810/1417
f 895/1811/1418 891/1812/1418 892/1813/1418
f 893/1814/1419 891/1815/1419 890/1816/1419
f 894/1817/1420 898/1818/1420 890/1819/1420
f 898/1818/1421 893/1820/1421 890/1819/1421
f 891/1812/1422 895/1811/1422 894/1817/1422
f 893/1814/1423 896/1810/1423 891/1815/1423
f 891/1815/1424 896/1810/1424 892/1821/1424
f 898/1806/1425 897/1807/1425 893/1820/1425
f 897/1807/1426 896/1810/1426 893/1820/1426
f 890/1819/1427 891/1812/1427 894/1817/1427
o Cube.011
v 11.334953 0.945874 -8.282728
v 11.348082 0.980833 -8.645061
v 11.151227 0.938827 -8.526278
v 11.339337 0.824427 -8.455865
v 11.478873 0.946377 -8.442525
v 11.379694 1.121593 -8.385110
v 11.172266 1.049353 -8.350242
v 11.424210 1.145695 -8.523885
v 11.243389 1.111959 -8.537310
vn -0.5384 0.2351 -0.8092
vn -0.2193 -0.7470 -0.6276
vn -0.6048 -0.6591 0.4470
vn 0.5466 -0.6790 0.4901
vn 0.8615 0.3757 0.3416
vn 0.7282 0.1971 0.6564
vn -0.0329 0.5094 0.8599
vn -0.2916 0.9349 0.2020
vn -0.8730 0.4532 -0.1802
vn -0.0545 0.6076 -0.7924
vn -0.1901 0.9758 0.1085
vn -0.5799 -0.6570 0.4818
vn 0.5985 -0.6308 -0.4938
vn 0.8408 0.0096 -0.5413
vt 0.534218 0.539052
vt 0.807613 0.537738
vt 0.651467 0.712344
vt 0.812212 0.722590
vt 0.440472 0.699464
vt 0.505279 0.954605
vt 0.394685 0.910428
vt 0.529494 0.041599
vt 0.440272 0.169217
vt 0.407900 0.015209
vt 0.224689 0.500632
vt 0.298939 0.554231
vt 0.143822 0.628706
vt 0.350796 0.501919
vt 0.236030 0.724989
vt 0.358556 0.714558
vt 0.602122 0.296489
vt 0.527241 0.521298
vt 0.452229 0.375318
s 0
g Cube.011_Material
usemtl Material
f 907/1822/1428 900/1823/1428 901/1824/1428
f 901/1824/1429 900/1823/1429 902/1825/1429
f 905/1826/1430 902/1827/1430 899/1828/1430
f 902/1829/1431 903/1830/1431 899/1831/1431
f 906/1832/1432 904/1833/1432 903/1834/1432
f 903/1834/1433 904/1835/1433 899/1836/1433
f 904/1835/1434 905/1837/1434 899/1836/1434
f 904/1835/1435 907/1822/1435 905/1826/1435
f 907/1822/1436 901/1824/1436 905/1826/1436
f 900/1838/1437 907/1839/1437 906/1840/1437
f 906/1840/1438 907/1822/1438 904/1835/1438
f 901/1824/1439 902/1827/1439 905/1826/1439
f 902/1829/1440 900/1838/1440 903/1830/1440
f 900/1838/1441 906/1840/1441 903/1830/1441
o Cube.006
v 11.095209 0.906126 -9.747432
v 10.965119 0.903642 -9.607663
v 11.000696 1.107868 -9.661497
v 10.978324 0.891167 -9.746916
v 10.934773 1.006446 -9.688248
v 10.985202 1.049758 -9.796870
v 11.125112 0.991804 -9.717144
v 11.062193 0.900510 -9.587241
v 11.034407 1.055207 -9.575815
vn 0.0344 -0.3016 -0.9528
vn -0.8856 -0.1042 -0.4527
vn 0.5318 0.7545 -0.3847
vn -0.0238 -0.9989 -0.0399
vn 0.1267 -0.9868 0.1004
vn 0.8589 0.1174 0.4985
vn 0.9090 -0.3788 0.1741
vn -0.2080 -0.1092 0.9720
vn -0.7757 0.2313 0.5871
vn -0.7700 0.3619 0.5254
vn -0.8103 0.5664 -0.1504
vn 0.5270 0.1138 -0.8422
vn 0.7089 0.6902 0.1453
vn -0.9435 -0.3258 -0.0603
vt 0.423616 0.817668
vt 0.438163 0.985880
vt 0.399025 0.926987
vt 0.584080 0.909473
vt 0.477709 0.045024
vt 0.607265 0.122218
vt 0.441545 0.286085
vt 0.565477 0.549583
vt 0.592013 0.712367
vt 0.289400 0.584684
vt 0.400831 0.754486
vt 0.615924 0.357557
vt 0.551199 0.540629
vt 0.429879 0.509305
vt 0.769145 0.562221
vt 0.604783 0.677624
vt 0.780055 0.741830
vt 0.860509 0.631959
vt 0.567506 0.015179
vt 0.377433 0.096481
s 0
g Cube.006_Material
usemtl Material
f 911/1841/1442 913/1842/1442 908/1843/1442
f 912/1844/1443 913/1842/1443 911/1841/1443
f 913/1845/1444 910/1846/1444 914/1847/1444
f 915/1848/1445 909/1849/1445 908/1850/1445
f 909/1849/1446 911/1851/1446 908/1850/1446
f 914/1847/1447 916/1852/1447 915/1853/1447
f 915/1853/1448 908/1854/1448 914/1847/1448
f 915/1848/1449 916/1855/1449 909/1856/1449
f 909/1856/1450 916/1855/1450 912/1857/1450
f 916/1855/1451 910/1858/1451 912/1857/1451
f 912/1859/1452 910/1846/1452 913/1845/1452
f 908/1860/1453 913/1845/1453 914/1847/1453
f 914/1847/1454 910/1846/1454 916/1852/1454
f 909/1849/1455 912/1844/1455 911/1841/1455
o Cube.007
v 11.739569 0.878571 -8.802716
v 11.623371 1.001994 -8.837696
v 11.828603 0.962215 -8.835097
v 11.814368 0.994552 -8.964633
v 11.773989 0.851437 -8.940580
v 11.638404 0.852420 -8.877350
v 11.691895 1.046662 -8.937612
v 11.721316 1.026117 -8.803858
v 11.616909 0.922483 -8.952448
vn -0.9788 -0.1384 0.1510
vn -0.3193 -0.0322 0.9471
vn -0.7956 0.5180 -0.3141
vn 0.3039 0.0450 0.9516
vn 0.7088 -0.6374 0.3024
vn 0.5376 0.8301 0.1482
vn -0.1313 0.1954 -0.9719
vn -0.5265 -0.2669 0.8072
vn 0.0930 -0.9723 0.2146
vn -0.2887 -0.7399 -0.6076
vn 0.9391 -0.2947 -0.1768
vn 0.4007 0.9147 0.0524
vn -0.3014 0.9303 0.2092
vn -0.0004 -0.1656 -0.9862
vt 0.862532 0.586626
vt 0.666025 0.612825
vt 0.793538 0.524739
vt 0.799625 0.742317
vt 0.596159 0.725728
vt 0.676667 0.500000
vt 0.533198 0.702151
vt 0.502729 0.907748
vt 0.315429 0.689365
vt 0.215046 0.717794
vt 0.139986 0.551629
vt 0.365533 0.517965
vt 0.592775 0.342442
vt 0.523296 0.508923
vt 0.395346 0.376049
vt 0.510142 0.020803
vt 0.592582 0.143625
vt 0.414253 0.208459
s 0
g Cube.007_Material
usemtl Material
f 922/1861/1456 918/1862/1456 925/1863/1456
f 918/1862/1457 917/1864/1457 924/1865/1457
f 925/1863/1458 918/1862/1458 923/1866/1458
f 924/1867/1459 917/1868/1459 919/1869/1459
f 919/1869/1460 917/1870/1460 921/1871/1460
f 920/1872/1461 924/1867/1461 919/1869/1461
f 925/1873/1462 923/1874/1462 920/1875/1462
f 922/1861/1463 917/1864/1463 918/1862/1463
f 917/1876/1464 922/1877/1464 921/1878/1464
f 921/1878/1465 922/1877/1465 925/1873/1465
f 921/1871/1466 920/1872/1466 919/1869/1466
f 920/1872/1467 923/1874/1467 924/1867/1467
f 923/1874/1468 918/1862/1468 924/1867/1468
f 921/1878/1469 925/1873/1469 920/1875/1469
o Cube.008
v 11.646233 0.955547 -8.814544
v 11.555457 0.869358 -8.761345
v 11.466630 0.866043 -8.682058
v 11.490988 1.001246 -8.703382
v 11.529600 0.949408 -8.542277
v 11.634369 1.014854 -8.638011
v 11.694071 0.913841 -8.732052
v 11.469223 0.828638 -8.597810
v 11.599386 0.850705 -8.604286
vn -0.6660 0.0023 -0.7460
vn -0.9742 0.1938 0.1160
vn -0.2453 0.9042 0.3497
vn 0.7838 0.6027 -0.1498
vn 0.3379 -0.9189 -0.2036
vn 0.1573 -0.9746 -0.1597
vn 0.6714 0.0092 0.7410
vn 0.1224 -0.4645 0.8771
vn -0.3053 -0.8738 -0.3786
vn -0.5632 0.0859 -0.8219
vn -0.8991 0.3052 0.3137
vn 0.0536 0.9477 -0.3148
vn 0.3575 -0.7334 -0.5781
vn 0.8151 -0.0552 0.5767
vt 0.551771 0.821043
vt 0.490236 0.981936
vt 0.443965 0.755163
vt 0.609545 0.740303
vt 0.579499 0.265268
vt 0.447677 0.232718
vt 0.490446 0.016300
vt 0.320967 0.499695
vt 0.242238 0.673984
vt 0.142687 0.564850
vt 0.543218 0.480597
vt 0.654480 0.663904
vt 0.651690 0.523626
vt 0.809399 0.589510
vt 0.375000 0.930496
vt 0.603518 0.001237
vt 0.583364 0.169025
vt 0.384386 0.054537
vt 0.382289 0.419599
s 0
g Cube.008_Material
usemtl Material
f 928/1879/1470 929/1880/1470 927/1881/1470
f 928/1879/1471 933/1882/1471 929/1880/1471
f 930/1883/1472 931/1884/1472 929/1885/1472
f 932/1886/1473 926/1887/1473 931/1888/1473
f 934/1889/1474 927/1881/1474 932/1886/1474
f 934/1889/1475 933/1890/1475 927/1881/1475
f 930/1883/1476 934/1889/1476 931/1884/1476
f 934/1891/1477 930/1892/1477 933/1890/1477
f 933/1890/1478 928/1879/1478 927/1881/1478
f 926/1893/1479 927/1881/1479 929/1880/1479
f 933/1894/1480 930/1895/1480 929/1885/1480
f 926/1896/1481 929/1885/1481 931/1884/1481
f 926/1887/1482 932/1886/1482 927/1881/1482
f 932/1897/1483 931/1884/1483 934/1889/1483
o Cube.009
v 10.697599 1.000189 -9.125195
v 10.763956 0.838989 -9.140440
v 10.580951 1.059487 -8.987455
v 10.711373 1.126464 -8.882167
v 10.874464 0.729396 -8.942017
v 10.701476 0.653819 -9.001253
v 10.905112 0.990501 -8.950521
v 10.520652 0.870530 -9.061423
v 10.571744 0.719996 -9.060259
v 10.508322 0.819205 -8.823454
v 10.612553 0.987064 -8.772815
v 10.470181 0.980031 -8.936004
v 10.829377 0.783001 -8.777833
v 10.887533 1.005114 -8.825037
v 10.694000 0.737389 -8.767829
v 10.679848 0.893197 -8.665310
vn 0.0482 -0.6105 -0.7906
vn -0.3539 -0.0574 -0.9335
vn -0.9401 -0.3200 -0.1177
vn -0.7322 0.2654 0.6273
vn 0.2356 -0.5192 0.8216
vn 0.1191 0.5592 0.8205
vn 0.9824 -0.1104 0.1505
vn -0.5181 -0.8295 0.2088
vn -0.4569 -0.8420 0.2868
vn 0.3209 -0.8708 0.3724
vn 0.4830 -0.6244 -0.6139
vn 0.8392 -0.1158 -0.5313
vn -0.5424 0.7686 0.3392
vn 0.5707 0.8210 -0.0157
vn 0.4071 0.8009 -0.4392
vn -0.0873 0.8860 -0.4554
vn 0.6184 0.3223 -0.7167
vn -0.5760 0.4508 -0.6819
vn -0.2719 -0.0997 -0.9571
vn -0.6208 0.4495 -0.6423
vn -0.9456 -0.3045 -0.1147
vn 0.6061 0.0103 0.7953
vn 0.0692 0.7725 0.6312
vn 0.9327 -0.1775 0.3141
vn -0.4471 -0.5197 0.7281
vn 0.2801 -0.9009 0.3315
vn -0.7121 0.2436 0.6584
vt 0.875000 0.649805
vt 0.849233 0.683396
vt 0.832712 0.540342
vt 0.580473 0.024703
vt 0.534759 0.188184
vt 0.498710 0.020990
vt 0.437420 0.135101
vt 0.411456 0.342495
vt 0.213804 0.511922
vt 0.337875 0.601179
vt 0.185175 0.619999
vt 0.611440 0.548317
vt 0.438499 0.522151
vt 0.536413 0.434917
vt 0.517900 0.691047
vt 0.378975 0.759339
vt 0.724211 0.603714
vt 0.568883 0.768659
vt 0.609419 0.213408
vt 0.625000 0.382072
vt 0.588498 0.519208
vt 0.209844 0.718096
vt 0.479559 0.953620
vt 0.390901 0.953078
vt 0.565332 0.774863
vt 0.583031 0.973602
vt 0.389658 0.010551
vt 0.376620 0.114133
vt 0.125000 0.581137
vt 0.375000 0.421875
s 0
g Cube.009_Material
usemtl Material
f 943/1898/1484 936/1899/1484 940/1900/1484
f 936/1901/1485 943/1902/1485 935/1903/1485
f 942/1904/1486 943/1902/1486 944/1905/1486
f 944/1906/1487 945/1907/1487 946/1908/1487
f 947/1909/1488 950/1910/1488 949/1911/1488
f 948/1912/1489 938/1913/1489 945/1907/1489
f 939/1914/1490 941/1915/1490 948/1912/1490
f 940/1916/1491 944/1905/1491 943/1902/1491
f 940/1916/1492 949/1911/1492 944/1905/1492
f 949/1911/1493 939/1917/1493 947/1918/1493
f 939/1914/1494 940/1900/1494 936/1899/1494
f 939/1914/1495 936/1899/1495 941/1915/1495
f 937/1919/1496 946/1908/1496 945/1907/1496 938/1913/1496
f 938/1913/1497 948/1912/1497 941/1915/1497
f 941/1915/1498 935/1920/1498 938/1913/1498
f 935/1920/1499 937/1921/1499 938/1913/1499
f 941/1922/1500 936/1923/1500 935/1920/1500
f 935/1903/1501 942/1904/1501 937/1924/1501
f 942/1904/1502 935/1903/1502 943/1902/1502
f 937/1924/1503 942/1904/1503 946/1925/1503
f 944/1906/1504 946/1908/1504 942/1926/1504
f 950/1910/1505 947/1909/1505 948/1912/1505
f 950/1910/1506 948/1912/1506 945/1907/1506
f 947/1909/1507 939/1914/1507 948/1912/1507
f 944/1905/1508 949/1911/1508 950/1910/1508
f 940/1916/1509 939/1917/1509 949/1911/1509
f 945/1927/1510 944/1905/1510 950/1910/1510
o Cube.010
v 10.746424 0.844200 -9.523679
v 10.847038 0.799879 -9.571790
v 10.986501 0.846342 -9.569275
v 10.797049 0.944656 -9.473634
v 10.720107 0.772664 -9.420877
v 10.973162 0.767673 -9.470656
v 10.947504 0.963671 -9.591837
v 10.935497 0.917365 -9.395134
v 10.736539 0.879186 -9.379917
vn 0.1717 -0.3765 0.9104
vn 0.1484 -0.4154 0.8974
vn 0.8443 0.3574 0.3993
vn 0.9757 0.1926 0.1049
vn 0.2672 -0.7706 -0.5786
vn -0.1783 0.5093 -0.8419
vn -0.9743 0.1942 -0.1143
vn -0.8384 0.5135 -0.1826
vn -0.0642 -0.9713 -0.2292
vn -0.6140 0.2866 -0.7354
vn 0.0727 -0.1650 -0.9836
vn -0.1237 0.8492 0.5134
vn 0.0597 0.9708 0.2322
vn -0.5438 -0.6172 -0.5687
vt 0.856741 0.527884
vt 0.792799 0.664448
vt 0.661337 0.518959
vt 0.570885 0.667835
vt 0.614877 0.834550
vt 0.495616 0.943630
vt 0.319826 0.718976
vt 0.602263 0.105449
vt 0.455701 0.107225
vt 0.553174 0.006579
vt 0.371255 0.573451
vt 0.135465 0.689951
vt 0.165587 0.530358
vt 0.553103 0.308270
vt 0.565029 0.471740
vt 0.392929 0.256090
vt 0.405598 0.560759
vt 0.171875 0.750000
s 0
g Cube.010_Material
usemtl Material
f 955/1928/1511 956/1929/1511 959/1930/1511
f 959/1930/1512 956/1929/1512 958/1931/1512
f 956/1932/1513 953/1933/1513 957/1934/1513
f 958/1931/1514 956/1932/1514 957/1934/1514
f 956/1935/1515 952/1936/1515 953/1937/1515
f 954/1938/1516 952/1939/1516 951/1940/1516
f 955/1941/1517 959/1942/1517 951/1943/1517
f 959/1942/1518 954/1944/1518 951/1943/1518
f 952/1936/1519 956/1935/1519 955/1941/1519
f 954/1938/1520 957/1934/1520 952/1939/1520
f 952/1939/1521 957/1934/1521 953/1945/1521
f 959/1930/1522 958/1931/1522 954/1944/1522
f 958/1931/1523 957/1934/1523 954/1944/1523
f 951/1943/1524 952/1936/1524 955/1941/1524
o Cube.011
v 10.557145 0.946194 -9.215271
v 10.829721 0.796913 -9.122447
v 10.659744 0.810831 -9.003175
v 10.709826 0.979425 -9.110097
v 10.741395 0.933506 -9.265870
v 10.624500 0.790222 -9.289540
v 10.518044 0.794618 -9.122614
v 10.744682 0.736843 -9.286604
v 10.679926 0.703108 -9.139505
vn 0.3700 -0.7015 0.6091
vn 0.5620 0.3175 0.7638
vn -0.5555 0.5333 0.6380
vn -0.0123 0.9584 -0.2850
vn 0.0712 0.1058 -0.9918
vn -0.2277 0.3367 -0.9137
vn -0.8394 -0.1090 -0.5325
vn -0.4935 -0.8189 -0.2932
vn -0.3702 -0.7548 0.5416
vn 0.5273 -0.8489 0.0375
vn -0.3714 -0.8559 -0.3598
vn -0.5729 0.5535 0.6045
vn 0.8360 0.5487 0.0077
vn 0.8761 0.0650 -0.4777
vt 0.534218 0.539052
vt 0.807613 0.537738
vt 0.651467 0.712344
vt 0.812212 0.722590
vt 0.440472 0.699464
vt 0.505279 0.954605
vt 0.394685 0.910428
vt 0.529494 0.041599
vt 0.440272 0.169217
vt 0.407900 0.015209
vt 0.224689 0.500632
vt 0.298939 0.554231
vt 0.143822 0.628706
vt 0.350796 0.501919
vt 0.236030 0.724989
vt 0.358556 0.714558
vt 0.602122 0.296489
vt 0.527241 0.521298
vt 0.452229 0.375318
s 0
g Cube.011_Material
usemtl Material
f 968/1946/1525 961/1947/1525 962/1948/1525
f 962/1948/1526 961/1947/1526 963/1949/1526
f 966/1950/1527 963/1951/1527 960/1952/1527
f 963/1953/1528 964/1954/1528 960/1955/1528
f 967/1956/1529 965/1957/1529 964/1958/1529
f 964/1958/1530 965/1959/1530 960/1960/1530
f 965/1959/1531 966/1961/1531 960/1960/1531
f 965/1959/1532 968/1946/1532 966/1950/1532
f 968/1946/1533 962/1948/1533 966/1950/1533
f 961/1962/1534 968/1963/1534 967/1964/1534
f 967/1964/1535 968/1946/1535 965/1959/1535
f 962/1948/1536 963/1951/1536 966/1950/1536
f 963/1953/1537 961/1962/1537 964/1954/1537
f 961/1962/1538 967/1964/1538 964/1954/1538
o Cube.006
v 11.733437 0.784724 -9.084581
v 11.572048 0.804626 -9.020048
v 11.560909 0.814762 -9.215693
v 11.657818 0.714509 -9.052848
v 11.561387 0.744423 -9.126616
v 11.639227 0.704563 -9.203846
v 11.711359 0.834317 -9.153394
v 11.628792 0.875337 -9.026972
v 11.555578 0.886959 -9.150864
vn 0.6723 -0.7395 -0.0341
vn -0.3678 -0.9238 0.1061
vn 0.3603 0.1572 -0.9195
vn 0.3448 -0.1866 0.9199
vn 0.3731 0.0175 0.9276
vn 0.3171 0.9432 -0.0989
vn 0.7086 0.6604 0.2486
vn -0.6733 0.5846 0.4527
vn -0.9935 -0.0215 0.1115
vn -0.9985 -0.0459 -0.0309
vn -0.7123 -0.5527 -0.4326
vn 0.8359 -0.2815 -0.4711
vn 0.2119 0.6616 -0.7193
vn -0.5597 -0.6963 0.4493
vt 0.423616 0.817668
vt 0.438163 0.985880
vt 0.399025 0.926987
vt 0.584080 0.909473
vt 0.477709 0.045024
vt 0.607265 0.122218
vt 0.441545 0.286085
vt 0.565477 0.549583
vt 0.592013 0.712367
vt 0.289400 0.584684
vt 0.400831 0.754486
vt 0.615924 0.357557
vt 0.551199 0.540629
vt 0.429879 0.509305
vt 0.769145 0.562221
vt 0.604783 0.677624
vt 0.780055 0.741830
vt 0.860509 0.631959
vt 0.567506 0.015179
vt 0.377433 0.096481
s 0
g Cube.006_Material
usemtl Material
f 972/1965/1539 974/1966/1539 969/1967/1539
f 973/1968/1540 974/1966/1540 972/1965/1540
f 974/1969/1541 971/1970/1541 975/1971/1541
f 976/1972/1542 970/1973/1542 969/1974/1542
f 970/1973/1543 972/1975/1543 969/1974/1543
f 975/1971/1544 977/1976/1544 976/1977/1544
f 976/1977/1545 969/1978/1545 975/1971/1545
f 976/1972/1546 977/1979/1546 970/1980/1546
f 970/1980/1547 977/1979/1547 973/1981/1547
f 977/1979/1548 971/1982/1548 973/1981/1548
f 973/1983/1549 971/1970/1549 974/1969/1549
f 969/1984/1550 974/1969/1550 975/1971/1550
f 975/1971/1551 971/1970/1551 977/1976/1551
f 970/1973/1552 973/1968/1552 972/1965/1552
o Cube.007
v 10.877488 0.680600 -8.680537
v 10.854682 0.833526 -8.660745
v 10.986532 0.705481 -8.701622
v 10.993628 0.773424 -8.801396
v 10.890352 0.685887 -8.810075
v 10.789756 0.733528 -8.734154
v 10.929193 0.861172 -8.745643
v 10.939346 0.792853 -8.641799
v 10.810267 0.815183 -8.777073
vn -0.8860 0.3697 0.2800
vn -0.2903 -0.1653 0.9425
vn -0.3583 0.9336 -0.0104
vn 0.2665 -0.4424 0.8563
vn 0.2191 -0.9755 -0.0181
vn 0.9122 0.3057 0.2730
vn 0.0122 0.5426 -0.8399
vn -0.5928 -0.1897 0.7827
vn -0.4771 -0.8749 -0.0831
vn -0.6516 -0.2182 -0.7265
vn 0.6078 -0.6758 -0.4170
vn 0.8484 0.4765 0.2305
vn 0.2776 0.8148 0.5089
vn -0.0847 0.1968 -0.9768
vt 0.862532 0.586626
vt 0.666025 0.612825
vt 0.793538 0.524739
vt 0.799625 0.742317
vt 0.596159 0.725728
vt 0.676667 0.500000
vt 0.533198 0.702151
vt 0.502729 0.907748
vt 0.315429 0.689365
vt 0.215046 0.717794
vt 0.139986 0.551629
vt 0.365533 0.517965
vt 0.592775 0.342442
vt 0.523296 0.508923
vt 0.395346 0.376049
vt 0.510142 0.020803
vt 0.592582 0.143625
vt 0.414253 0.208459
s 0
g Cube.007_Material
usemtl Material
f 983/1985/1553 979/1986/1553 986/1987/1553
f 979/1986/1554 978/1988/1554 985/1989/1554
f 986/1987/1555 979/1986/1555 984/1990/1555
f 985/1991/1556 978/1992/1556 980/1993/1556
f 980/1993/1557 978/1994/1557 982/1995/1557
f 981/1996/1558 985/1991/1558 980/1993/1558
f 986/1997/1559 984/1998/1559 981/1999/1559
f 983/1985/1560 978/1988/1560 979/1986/1560
f 978/2000/1561 983/2001/1561 982/2002/1561
f 982/2002/1562 983/2001/1562 986/1997/1562
f 982/1995/1563 981/1996/1563 980/1993/1563
f 981/1996/1564 984/1998/1564 985/1991/1564
f 984/1998/1565 979/1986/1565 985/1991/1565
f 982/2002/1566 986/1997/1566 981/1999/1566
o Cube.008
v 11.151961 0.713546 -9.425842
v 11.031708 0.640967 -9.422045
v 10.917001 0.643900 -9.466492
v 10.989896 0.739563 -9.544993
v 10.863422 0.814308 -9.442147
v 11.019673 0.853645 -9.431865
v 11.097939 0.753904 -9.342093
v 10.837968 0.667488 -9.418813
v 10.921792 0.739579 -9.338669
vn 0.2356 -0.7175 -0.6555
vn -0.5526 -0.2351 -0.7996
vn -0.1349 0.7152 -0.6857
vn 0.7177 0.6834 0.1336
vn 0.0644 -0.6015 0.7963
vn -0.0834 -0.6960 0.7132
vn -0.2254 0.7251 0.6507
vn -0.7682 0.2282 0.5981
vn -0.1265 -0.9563 0.2634
vn 0.3756 -0.6565 -0.6542
vn -0.6353 -0.0126 -0.7721
vn 0.5628 0.5033 -0.6557
vn 0.4268 -0.6758 0.6010
vn -0.0383 0.6517 0.7575
vt 0.551771 0.821043
vt 0.490236 0.981936
vt 0.443965 0.755163
vt 0.609545 0.740303
vt 0.579499 0.265268
vt 0.447677 0.232718
vt 0.490446 0.016300
vt 0.320967 0.499695
vt 0.242238 0.673984
vt 0.142687 0.564850
vt 0.543218 0.480597
vt 0.654480 0.663904
vt 0.651690 0.523626
vt 0.809399 0.589510
vt 0.375000 0.930496
vt 0.603518 0.001237
vt 0.583364 0.169025
vt 0.384386 0.054537
vt 0.382289 0.419599
s 0
g Cube.008_Material
usemtl Material
f 989/2003/1567 990/2004/1567 988/2005/1567
f 989/2003/1568 994/2006/1568 990/2004/1568
f 991/2007/1569 992/2008/1569 990/2009/1569
f 993/2010/1570 987/2011/1570 992/2012/1570
f 995/2013/1571 988/2005/1571 993/2010/1571
f 995/2013/1572 994/2014/1572 988/2005/1572
f 991/2007/1573 995/2013/1573 992/2008/1573
f 995/2015/1574 991/2016/1574 994/2014/1574
f 994/2014/1575 989/2003/1575 988/2005/1575
f 987/2017/1576 988/2005/1576 990/2004/1576
f 994/2018/1577 991/2019/1577 990/2009/1577
f 987/2020/1578 990/2009/1578 992/2008/1578
f 987/2011/1579 993/2010/1579 988/2005/1579
f 993/2021/1580 992/2008/1580 995/2013/1580
o Cube.009
v 11.341212 0.605417 -9.507216
v 11.210258 0.558850 -9.670505
v 11.304458 0.769415 -9.346114
v 11.211651 0.633395 -9.198433
v 10.909280 0.512517 -9.617986
v 10.969908 0.713794 -9.738789
v 11.100402 0.416705 -9.376774
v 11.252275 0.859604 -9.583669
v 11.120131 0.833381 -9.724379
v 11.004407 0.955690 -9.447481
v 11.045667 0.811907 -9.247237
v 11.239683 0.931572 -9.383389
v 10.818132 0.601961 -9.440401
v 11.004864 0.471141 -9.265697
v 10.824958 0.773165 -9.478303
v 10.854138 0.785723 -9.251308
vn 0.1944 -0.1270 -0.9727
vn 0.7569 0.1225 -0.6420
vn 0.1742 0.9256 -0.3361
vn -0.0791 0.8020 0.5921
vn -0.9901 0.0668 0.1236
vn -0.2979 -0.0160 0.9545
vn -0.4729 -0.8808 0.0249
vn -0.5025 0.6935 -0.5163
vn -0.5858 0.6562 -0.4756
vn -0.9000 -0.0597 -0.4318
vn -0.0744 -0.4966 -0.8648
vn 0.0675 -0.9077 -0.4140
vn 0.3818 0.4610 0.8011
vn 0.3398 -0.6955 0.6331
vn 0.6877 -0.6381 0.3463
vn 0.8999 -0.1858 0.3944
vn 0.5367 -0.8206 -0.1964
vn 0.9482 0.3038 -0.0929
vn 0.7239 0.0462 -0.6884
vn 0.9318 0.3563 -0.0694
vn 0.1830 0.9288 -0.3222
vn -0.7598 -0.3879 0.5217
vn -0.0141 -0.0524 0.9985
vn -0.6189 -0.7818 0.0761
vn -0.7166 0.6954 0.0536
vn -0.8760 -0.0252 -0.4817
vn -0.1212 0.7943 0.5953
vt 0.875000 0.649805
vt 0.849233 0.683396
vt 0.832712 0.540342
vt 0.580473 0.024703
vt 0.534759 0.188184
vt 0.498710 0.020990
vt 0.437420 0.135101
vt 0.411456 0.342495
vt 0.213804 0.511922
vt 0.337875 0.601179
vt 0.185175 0.619999
vt 0.611440 0.548317
vt 0.438499 0.522151
vt 0.536413 0.434917
vt 0.517900 0.691047
vt 0.378975 0.759339
vt 0.724211 0.603714
vt 0.568883 0.768659
vt 0.609419 0.213408
vt 0.625000 0.382072
vt 0.588498 0.519208
vt 0.209844 0.718096
vt 0.479559 0.953620
vt 0.390901 0.953078
vt 0.565332 0.774863
vt 0.583031 0.973602
vt 0.389658 0.010551
vt 0.376620 0.114133
vt 0.125000 0.581137
vt 0.375000 0.421875
s 0
g Cube.009_Material
usemtl Material
f 1004/2022/1581 997/2023/1581 1001/2024/1581
f 997/2025/1582 1004/2026/1582 996/2027/1582
f 1003/2028/1583 1004/2026/1583 1005/2029/1583
f 1005/2030/1584 1006/2031/1584 1007/2032/1584
f 1008/2033/1585 1011/2034/1585 1010/2035/1585
f 1009/2036/1586 999/2037/1586 1006/2031/1586
f 1000/2038/1587 1002/2039/1587 1009/2036/1587
f 1001/2040/1588 1005/2029/1588 1004/2026/1588
f 1001/2040/1589 1010/2035/1589 1005/2029/1589
f 1010/2035/1590 1000/2041/1590 1008/2042/1590
f 1000/2038/1591 1001/2024/1591 997/2023/1591
f 1000/2038/1592 997/2023/1592 1002/2039/1592
f 998/2043/1593 1007/2032/1593 1006/2031/1593 999/2037/1593
f 999/2037/1594 1009/2036/1594 1002/2039/1594
f 1002/2039/1595 996/2044/1595 999/2037/1595
f 996/2044/1596 998/2045/1596 999/2037/1596
f 1002/2046/1597 997/2047/1597 996/2044/1597
f 996/2027/1598 1003/2028/1598 998/2048/1598
f 1003/2028/1599 996/2027/1599 1004/2026/1599
f 998/2048/1600 1003/2028/1600 1007/2049/1600
f 1005/2030/1601 1007/2032/1601 1003/2050/1601
f 1011/2034/1602 1008/2033/1602 1009/2036/1602
f 1011/2034/1603 1009/2036/1603 1006/2031/1603
f 1008/2033/1604 1000/2038/1604 1009/2036/1604
f 1005/2029/1605 1010/2035/1605 1011/2034/1605
f 1001/2040/1606 1000/2041/1606 1010/2035/1606
f 1006/2051/1607 1005/2029/1607 1011/2034/1607
o Cube.010
v 11.353861 0.660867 -9.275745
v 11.431381 0.578991 -9.268232
v 11.549611 0.556319 -9.336586
v 11.403678 0.719187 -9.362678
v 11.371705 0.734277 -9.181861
v 11.578261 0.620465 -9.239981
v 11.495464 0.582753 -9.438441
v 11.553527 0.739477 -9.346784
v 11.387919 0.796139 -9.269597
vn 0.5157 0.6524 0.5553
vn 0.4940 0.6353 0.5936
vn 0.8834 0.2248 -0.4113
vn 0.9235 -0.1314 -0.3603
vn 0.1383 -0.8435 0.5190
vn -0.5135 -0.5469 -0.6612
vn -0.9696 0.2444 -0.0068
vn -0.9030 0.2434 -0.3541
vn -0.0277 -0.4940 0.8690
vn -0.8577 -0.3929 -0.3316
vn -0.2512 -0.9610 -0.1158
vn -0.0360 0.7672 -0.6404
vn 0.0245 0.4979 -0.8669
vn -0.6318 -0.5478 0.5484
vt 0.856741 0.527884
vt 0.792799 0.664448
vt 0.661337 0.518959
vt 0.570885 0.667835
vt 0.614877 0.834550
vt 0.495616 0.943630
vt 0.319826 0.718976
vt 0.602263 0.105449
vt 0.455701 0.107225
vt 0.553174 0.006579
vt 0.371255 0.573451
vt 0.135465 0.689951
vt 0.165587 0.530358
vt 0.553103 0.308270
vt 0.565029 0.471740
vt 0.392929 0.256090
vt 0.405598 0.560759
vt 0.171875 0.750000
s 0
g Cube.010_Material
usemtl Material
f 1016/2052/1608 1017/2053/1608 1020/2054/1608
f 1020/2054/1609 1017/2053/1609 1019/2055/1609
f 1017/2056/1610 1014/2057/1610 1018/2058/1610
f 1019/2055/1611 1017/2056/1611 1018/2058/1611
f 1017/2059/1612 1013/2060/1612 1014/2061/1612
f 1015/2062/1613 1013/2063/1613 1012/2064/1613
f 1016/2065/1614 1020/2066/1614 1012/2067/1614
f 1020/2066/1615 1015/2068/1615 1012/2067/1615
f 1013/2060/1616 1017/2059/1616 1016/2065/1616
f 1015/2062/1617 1018/2058/1617 1013/2063/1617
f 1013/2063/1618 1018/2058/1618 1014/2069/1618
f 1020/2054/1619 1019/2055/1619 1015/2068/1619
f 1019/2055/1620 1018/2058/1620 1015/2068/1620
f 1012/2067/1621 1013/2060/1621 1016/2065/1621
o Cube.011
v 11.033870 0.580761 -8.950828
v 10.878219 0.735004 -8.730905
v 10.833369 0.549539 -8.788123
v 10.881733 0.675576 -8.931618
v 11.013481 0.751552 -8.887490
v 11.099110 0.627159 -8.792428
v 10.991277 0.473765 -8.820233
v 11.061635 0.713176 -8.708471
v 10.962097 0.592889 -8.690226
vn -0.5780 -0.1097 0.8086
vn -0.9606 0.2614 -0.0942
vn -0.4602 -0.6073 -0.6476
vn 0.1052 0.3568 -0.9282
vn 0.8592 0.4961 -0.1248
vn 0.8624 0.2633 -0.4323
vn 0.8199 -0.5440 -0.1783
vn 0.5892 -0.5255 0.6137
vn -0.2285 -0.7428 0.6293
vn -0.0921 0.2234 0.9704
vn 0.6100 -0.4012 0.6833
vn -0.4266 -0.6034 -0.6738
vn -0.4135 0.8710 -0.2651
vn 0.0939 0.9783 0.1845
vt 0.534218 0.539052
vt 0.807613 0.537738
vt 0.651467 0.712344
vt 0.812212 0.722590
vt 0.440472 0.699464
vt 0.505279 0.954605
vt 0.394685 0.910428
vt 0.529494 0.041599
vt 0.440272 0.169217
vt 0.407900 0.015209
vt 0.224689 0.500632
vt 0.298939 0.554231
vt 0.143822 0.628706
vt 0.350796 0.501919
vt 0.236030 0.724989
vt 0.358556 0.714558
vt 0.602122 0.296489
vt 0.527241 0.521298
vt 0.452229 0.375318
s 0
g Cube.011_Material
usemtl Material
f 1029/2070/1622 1022/2071/1622 1023/2072/1622
f 1023/2072/1623 1022/2071/1623 1024/2073/1623
f 1027/2074/1624 1024/2075/1624 1021/2076/1624
f 1024/2077/1625 1025/2078/1625 1021/2079/1625
f 1028/2080/1626 1026/2081/1626 1025/2082/1626
f 1025/2082/1627 1026/2083/1627 1021/2084/1627
f 1026/2083/1628 1027/2085/1628 1021/2084/1628
f 1026/2083/1629 1029/2070/1629 1027/2074/1629
f 1029/2070/1630 1023/2072/1630 1027/2074/1630
f 1022/2086/1631 1029/2087/1631 1028/2088/1631
f 1028/2088/1632 1029/2070/1632 1026/2083/1632
f 1023/2072/1633 1024/2075/1633 1027/2074/1633
f 1024/2077/1634 1022/2086/1634 1025/2078/1634
f 1022/2086/1635 1028/2088/1635 1025/2078/1635
o Cube.006
v 11.213526 0.600043 -8.682857
v 11.269910 0.700838 -8.844826
v 11.373258 0.503109 -8.847073
v 11.163185 0.614736 -8.793850
v 11.265239 0.565676 -8.879837
v 11.230084 0.456062 -8.813890
v 11.301408 0.553044 -8.682384
v 11.317236 0.715131 -8.754020
v 11.415009 0.602415 -8.822473
vn -0.8528 -0.4017 0.3336
vn -0.6859 -0.2008 -0.6994
vn 0.3693 -0.8323 0.4135
vn -0.6506 0.7254 0.2249
vn -0.4923 0.8055 0.3299
vn 0.7177 0.2217 0.6601
vn 0.1983 0.3799 0.9035
vn 0.5553 0.7270 -0.4039
vn 0.2985 0.2296 -0.9264
vn 0.3368 0.0906 -0.9372
vn -0.0328 -0.5075 -0.8610
vn -0.3522 -0.6518 0.6717
vn 0.7674 -0.4385 0.4678
vn -0.5620 0.2256 -0.7958
vt 0.423616 0.817668
vt 0.438163 0.985880
vt 0.399025 0.926987
vt 0.584080 0.909473
vt 0.477709 0.045024
vt 0.607265 0.122218
vt 0.441545 0.286085
vt 0.565477 0.549583
vt 0.592013 0.712367
vt 0.289400 0.584684
vt 0.400831 0.754486
vt 0.615924 0.357557
vt 0.551199 0.540629
vt 0.429879 0.509305
vt 0.769145 0.562221
vt 0.604783 0.677624
vt 0.780055 0.741830
vt 0.860509 0.631959
vt 0.567506 0.015179
vt 0.377433 0.096481
s 0
g Cube.006_Material
usemtl Material
f 1033/2089/1636 1035/2090/1636 1030/2091/1636
f 1034/2092/1637 1035/2090/1637 1033/2089/1637
f 1035/2093/1638 1032/2094/1638 1036/2095/1638
f 1037/2096/1639 1031/2097/1639 1030/2098/1639
f 1031/2097/1640 1033/2099/1640 1030/2098/1640
f 1036/2095/1641 1038/2100/1641 1037/2101/1641
f 1037/2101/1642 1030/2102/1642 1036/2095/1642
f 1037/2096/1643 1038/2103/1643 1031/2104/1643
f 1031/2104/1644 1038/2103/1644 1034/2105/1644
f 1038/2103/1645 1032/2106/1645 1034/2105/1645
f 1034/2107/1646 1032/2094/1646 1035/2093/1646
f 1030/2108/1647 1035/2093/1647 1036/2095/1647
f 1036/2095/1648 1032/2094/1648 1038/2100/1648
f 1031/2097/1649 1034/2092/1649 1033/2089/1649
o Cube.007
v 10.939069 0.532017 -9.322380
v 11.044771 0.613305 -9.144885
v 10.815545 0.629354 -9.283100
v 10.752463 0.582633 -9.129819
v 10.818207 0.428862 -9.226573
v 11.009703 0.429710 -9.214356
v 10.905344 0.621385 -9.055861
v 10.953314 0.687871 -9.213428
v 10.986130 0.455117 -9.084310
vn 0.9389 -0.2632 0.2216
vn 0.7271 0.3475 -0.5921
vn 0.5392 0.1194 0.8337
vn 0.1769 0.5530 -0.8142
vn -0.4644 -0.2460 -0.8508
vn -0.4301 0.8976 0.0966
vn -0.3460 -0.3191 0.8823
vn 0.8514 0.0354 -0.5232
vn 0.0480 -0.7094 -0.7032
vn -0.0078 -0.9817 0.1904
vn -0.9029 -0.1277 -0.4105
vn -0.3568 0.8946 0.2689
vn 0.3360 0.8268 0.4512
vn -0.4573 -0.6054 0.6515
vt 0.862532 0.586626
vt 0.666025 0.612825
vt 0.793538 0.524739
vt 0.799625 0.742317
vt 0.596159 0.725728
vt 0.676667 0.500000
vt 0.533198 0.702151
vt 0.502729 0.907748
vt 0.315429 0.689365
vt 0.215046 0.717794
vt 0.139986 0.551629
vt 0.365533 0.517965
vt 0.592775 0.342442
vt 0.523296 0.508923
vt 0.395346 0.376049
vt 0.510142 0.020803
vt 0.592582 0.143625
vt 0.414253 0.208459
s 0
g Cube.007_Material
usemtl Material
f 1044/2109/1650 1040/2110/1650 1047/2111/1650
f 1040/2110/1651 1039/2112/1651 1046/2113/1651
f 1047/2111/1652 1040/2110/1652 1045/2114/1652
f 1046/2115/1653 1039/2116/1653 1041/2117/1653
f 1041/2117/1654 1039/2118/1654 1043/2119/1654
f 1042/2120/1655 1046/2115/1655 1041/2117/1655
f 1047/2121/1656 1045/2122/1656 1042/2123/1656
f 1044/2109/1657 1039/2112/1657 1040/2110/1657
f 1039/2124/1658 1044/2125/1658 1043/2126/1658
f 1043/2126/1659 1044/2125/1659 1047/2121/1659
f 1043/2119/1660 1042/2120/1660 1041/2117/1660
f 1042/2120/1661 1045/2122/1661 1046/2115/1661
f 1045/2122/1662 1040/2110/1662 1046/2115/1662
f 1043/2126/1663 1047/2121/1663 1042/2123/1663
o Cube.008
v 11.524541 0.484490 -9.309444
v 11.389547 0.426024 -9.222405
v 11.276960 0.474446 -9.136455
v 11.341524 0.618190 -9.211926
v 11.371165 0.613912 -8.995834
v 11.519468 0.627776 -9.123859
v 11.570465 0.458185 -9.189827
v 11.268211 0.464197 -9.021349
v 11.434185 0.457657 -9.023498
vn -0.6339 -0.1167 -0.7646
vn -0.9183 0.3943 -0.0347
vn -0.0681 0.9973 0.0291
vn 0.8917 0.3697 -0.2611
vn 0.1524 -0.9808 0.1218
vn -0.0367 -0.9856 0.1650
vn 0.6416 0.1248 0.7568
vn 0.0060 -0.1720 0.9851
vn -0.4644 -0.8783 -0.1135
vn -0.5147 -0.0821 -0.8534
vn -0.8273 0.5478 0.1243
vn 0.2493 0.7698 -0.5875
vn 0.2177 -0.9324 -0.2886
vn 0.7735 -0.0139 0.6337
vt 0.551771 0.821043
vt 0.490236 0.981936
vt 0.443965 0.755163
vt 0.609545 0.740303
vt 0.579499 0.265268
vt 0.447677 0.232718
vt 0.490446 0.016300
vt 0.320967 0.499695
vt 0.242238 0.673984
vt 0.142687 0.564850
vt 0.543218 0.480597
vt 0.654480 0.663904
vt 0.651690 0.523626
vt 0.809399 0.589510
vt 0.375000 0.930496
vt 0.603518 0.001237
vt 0.583364 0.169025
vt 0.384386 0.054537
vt 0.382289 0.419599
s 0
g Cube.008_Material
usemtl Material
f 1050/2127/1664 1051/2128/1664 1049/2129/1664
f 1050/2127/1665 1055/2130/1665 1051/2128/1665
f 1052/2131/1666 1053/2132/1666 1051/2133/1666
f 1054/2134/1667 1048/2135/1667 1053/2136/1667
f 1056/2137/1668 1049/2129/1668 1054/2134/1668
f 1056/2137/1669 1055/2138/1669 1049/2129/1669
f 1052/2131/1670 1056/2137/1670 1053/2132/1670
f 1056/2139/1671 1052/2140/1671 1055/2138/1671
f 1055/2138/1672 1050/2127/1672 1049/2129/1672
f 1048/2141/1673 1049/2129/1673 1051/2128/1673
f 1055/2142/1674 1052/2143/1674 1051/2133/1674
f 1048/2144/1675 1051/2133/1675 1053/2132/1675
f 1048/2135/1676 1054/2134/1676 1049/2129/1676
f 1054/2145/1677 1053/2132/1677 1056/2137/1677
o Cube.009
v 11.177064 0.692733 -9.479140
v 10.990059 0.670799 -9.401901
v 11.362437 0.607601 -9.394220
v 11.360928 0.434316 -9.512710
v 10.892301 0.403910 -9.329567
v 10.935003 0.549608 -9.156659
v 11.081612 0.405852 -9.569860
v 11.223713 0.709348 -9.218108
v 11.062760 0.678062 -9.132676
v 11.278648 0.463619 -9.087860
v 11.359148 0.363955 -9.287515
v 11.397320 0.605932 -9.228398
v 11.030304 0.255307 -9.285192
v 11.153011 0.283078 -9.527039
v 11.095738 0.310485 -9.142322
v 11.272348 0.214593 -9.225607
vn -0.7142 0.6778 0.1746
vn -0.1148 0.9934 0.0042
vn 0.3288 0.4986 0.8020
vn 0.8493 -0.2479 0.4661
vn -0.2544 -0.8573 0.4476
vn 0.5820 -0.7775 -0.2383
vn -0.6497 -0.5579 -0.5164
vn -0.1940 0.0098 0.9810
vn -0.2165 -0.0872 0.9724
vn -0.7001 -0.4971 0.5126
vn -0.9420 0.3322 -0.0473
vn -0.7804 0.1195 -0.6138
vn 0.9940 -0.0547 -0.0942
vn 0.2163 -0.2070 -0.9541
vn 0.1703 0.2451 -0.9544
vn 0.5371 0.4729 -0.6985
vn -0.3900 0.3931 -0.8327
vn 0.4651 0.8743 -0.1388
vn -0.2039 0.9786 -0.0258
vn 0.5051 0.8576 -0.0976
vn 0.3442 0.4986 0.7956
vn -0.1216 -0.9772 -0.1739
vn 0.7042 -0.5794 -0.4104
vn -0.6137 -0.6864 -0.3902
vn 0.1460 -0.4817 0.8641
vn -0.7087 -0.4435 0.5487
vn 0.8311 -0.2851 0.4774
vt 0.875000 0.649805
vt 0.849233 0.683396
vt 0.832712 0.540342
vt 0.580473 0.024703
vt 0.534759 0.188184
vt 0.498710 0.020990
vt 0.437420 0.135101
vt 0.411456 0.342495
vt 0.213804 0.511922
vt 0.337875 0.601179
vt 0.185175 0.619999
vt 0.611440 0.548317
vt 0.438499 0.522151
vt 0.536413 0.434917
vt 0.517900 0.691047
vt 0.378975 0.759339
vt 0.724211 0.603714
vt 0.568883 0.768659
vt 0.609419 0.213408
vt 0.625000 0.382072
vt 0.588498 0.519208
vt 0.209844 0.718096
vt 0.479559 0.953620
vt 0.390901 0.953078
vt 0.565332 0.774863
vt 0.583031 0.973602
vt 0.389658 0.010551
vt 0.376620 0.114133
vt 0.125000 0.581137
vt 0.375000 0.421875
s 0
g Cube.009_Material
usemtl Material
f 1065/2146/1678 1058/2147/1678 1062/2148/1678
f 1058/2149/1679 1065/2150/1679 1057/2151/1679
f 1064/2152/1680 1065/2150/1680 1066/2153/1680
f 1066/2154/1681 1067/2155/1681 1068/2156/1681
f 1069/2157/1682 1072/2158/1682 1071/2159/1682
f 1070/2160/1683 1060/2161/1683 1067/2155/1683
f 1061/2162/1684 1063/2163/1684 1070/2160/1684
f 1062/2164/1685 1066/2153/1685 1065/2150/1685
f 1062/2164/1686 1071/2159/1686 1066/2153/1686
f 1071/2159/1687 1061/2165/1687 1069/2166/1687
f 1061/2162/1688 1062/2148/1688 1058/2147/1688
f 1061/2162/1689 1058/2147/1689 1063/2163/1689
f 1059/2167/1690 1068/2156/1690 1067/2155/1690 1060/2161/1690
f 1060/2161/1691 1070/2160/1691 1063/2163/1691
f 1063/2163/1692 1057/2168/1692 1060/2161/1692
f 1057/2168/1693 1059/2169/1693 1060/2161/1693
f 1063/2170/1694 1058/2171/1694 1057/2168/1694
f 1057/2151/1695 1064/2152/1695 1059/2172/1695
f 1064/2152/1696 1057/2151/1696 1065/2150/1696
f 1059/2172/1697 1064/2152/1697 1068/2173/1697
f 1066/2154/1698 1068/2156/1698 1064/2174/1698
f 1072/2158/1699 1069/2157/1699 1070/2160/1699
f 1072/2158/1700 1070/2160/1700 1067/2155/1700
f 1069/2157/1701 1061/2162/1701 1070/2160/1701
f 1066/2153/1702 1071/2159/1702 1072/2158/1702
f 1062/2164/1703 1061/2165/1703 1071/2159/1703
f 1067/2175/1704 1066/2153/1704 1072/2158/1704
o Cube.010
v 11.167459 0.380344 -8.795164
v 11.110250 0.345647 -8.886197
v 11.044350 0.414643 -8.986458
v 11.150408 0.493950 -8.810554
v 11.284497 0.368094 -8.820987
v 11.156127 0.397787 -9.024968
v 10.996390 0.486169 -8.905325
v 11.172257 0.541848 -8.953159
v 11.270370 0.474291 -8.803535
vn 0.8427 0.1946 -0.5020
vn 0.8565 0.1502 -0.4938
vn -0.1349 0.7024 -0.6989
vn -0.3639 0.4478 -0.8167
vn -0.2742 -0.8669 -0.4163
vn -0.8366 -0.0517 0.5454
vn 0.2003 -0.1329 0.9707
vn -0.0369 0.1287 0.9910
vn 0.2240 -0.9344 -0.2770
vn -0.4916 -0.2864 0.8224
vn -0.7798 -0.6201 0.0858
vn 0.1334 0.9331 0.3339
vn -0.2196 0.9345 0.2802
vn -0.0168 -0.9307 0.3653
vt 0.856741 0.527884
vt 0.792799 0.664448
vt 0.661337 0.518959
vt 0.570885 0.667835
vt 0.614877 0.834550
vt 0.495616 0.943630
vt 0.319826 0.718976
vt 0.602263 0.105449
vt 0.455701 0.107225
vt 0.553174 0.006579
vt 0.371255 0.573451
vt 0.135465 0.689951
vt 0.165587 0.530358
vt 0.553103 0.308270
vt 0.565029 0.471740
vt 0.392929 0.256090
vt 0.405598 0.560759
vt 0.171875 0.750000
s 0
g Cube.010_Material
usemtl Material
f 1077/2176/1705 1078/2177/1705 1081/2178/1705
f 1081/2178/1706 1078/2177/1706 1080/2179/1706
f 1078/2180/1707 1075/2181/1707 1079/2182/1707
f 1080/2179/1708 1078/2180/1708 1079/2182/1708
f 1078/2183/1709 1074/2184/1709 1075/2185/1709
f 1076/2186/1710 1074/2187/1710 1073/2188/1710
f 1077/2189/1711 1081/2190/1711 1073/2191/1711
f 1081/2190/1712 1076/2192/1712 1073/2191/1712
f 1074/2184/1713 1078/2183/1713 1077/2189/1713
f 1076/2186/1714 1079/2182/1714 1074/2187/1714
f 1074/2187/1715 1079/2182/1715 1075/2193/1715
f 1081/2178/1716 1080/2179/1716 1076/2192/1716
f 1080/2179/1717 1079/2182/1717 1076/2192/1717
f 1073/2191/1718 1074/2184/1718 1077/2189/1718
o Cube.011
v 11.139396 0.460179 -9.208529
v 10.820313 0.421236 -8.922157
v 10.827124 0.285626 -9.162719
v 10.908121 0.546468 -9.168911
v 11.048032 0.577856 -9.002597
v 11.160050 0.357867 -8.985647
v 11.065622 0.230654 -9.195389
v 11.060408 0.369948 -8.842794
v 10.952962 0.233630 -8.974655
vn -0.7289 -0.6050 0.3204
vn -0.9392 0.2872 -0.1885
vn -0.1695 -0.0019 -0.9855
vn 0.2631 0.8833 -0.3880
vn 0.7591 0.4245 0.4936
vn 0.8797 0.4578 0.1286
vn 0.9231 -0.3098 -0.2277
vn 0.5059 -0.8195 0.2693
vn -0.2373 -0.9654 -0.1081
vn -0.3661 -0.4817 0.7962
vn 0.4862 -0.7746 0.4046
vn -0.1318 0.0174 -0.9911
vn -0.4866 0.8366 0.2515
vn -0.1331 0.5990 0.7896
vt 0.534218 0.539052
vt 0.807613 0.537738
vt 0.651467 0.712344
vt 0.812212 0.722590
vt 0.440472 0.699464
vt 0.505279 0.954605
vt 0.394685 0.910428
vt 0.529494 0.041599
vt 0.440272 0.169217
vt 0.407900 0.015209
vt 0.224689 0.500632
vt 0.298939 0.554231
vt 0.143822 0.628706
vt 0.350796 0.501919
vt 0.236030 0.724989
vt 0.358556 0.714558
vt 0.602122 0.296489
vt 0.527241 0.521298
vt 0.452229 0.375318
s 0
g Cube.011_Material
usemtl Material
f 1090/2194/1719 1083/2195/1719 1084/2196/1719
f 1084/2196/1720 1083/2195/1720 1085/2197/1720
f 1088/2198/1721 1085/2199/1721 1082/2200/1721
f 1085/2201/1722 1086/2202/1722 1082/2203/1722
f 1089/2204/1723 1087/2205/1723 1086/2206/1723
f 1086/2206/1724 1087/2207/1724 1082/2208/1724
f 1087/2207/1725 1088/2209/1725 1082/2208/1725
f 1087/2207/1726 1090/2194/1726 1088/2198/1726
f 1090/2194/1727 1084/2196/1727 1088/2198/1727
f 1083/2210/1728 1090/2211/1728 1089/2212/1728
f 1089/2212/1729 1090/2194/1729 1087/2207/1729
f 1084/2196/1730 1085/2199/1730 1088/2198/1730
f 1085/2201/1731 1083/2210/1731 1086/2202/1731
f 1083/2210/1732 1089/2212/1732 1086/2202/1732
o Cube.006
v 10.939613 0.379188 -9.247400
v 11.082766 0.452608 -9.082450
v 11.043668 0.199533 -9.047618
v 11.080263 0.399669 -9.243400
v 11.126233 0.301240 -9.119624
v 11.075639 0.199910 -9.223476
v 10.900149 0.297739 -9.175747
v 10.964075 0.462770 -9.070170
v 10.995314 0.297659 -8.981178
vn 0.0429 -0.1001 -0.9941
vn 0.9192 -0.0601 -0.3892
vn -0.5041 -0.8586 -0.0935
vn 0.0328 0.9022 -0.4300
vn -0.1285 0.9426 -0.3081
vn -0.8963 0.0667 0.4384
vn -0.9177 0.3930 -0.0587
vn 0.1311 0.4895 0.8621
vn 0.7255 0.0396 0.6871
vn 0.7239 -0.1049 0.6819
vn 0.8164 -0.5585 0.1472
vn -0.4594 -0.4507 -0.7654
vn -0.7222 -0.5949 0.3530
vn 0.9472 0.2998 -0.1134
vt 0.423616 0.817668
vt 0.438163 0.985880
vt 0.399025 0.926987
vt 0.584080 0.909473
vt 0.477709 0.045024
vt 0.607265 0.122218
vt 0.441545 0.286085
vt 0.565477 0.549583
vt 0.592013 0.712367
vt 0.289400 0.584684
vt 0.400831 0.754486
vt 0.615924 0.357557
vt 0.551199 0.540629
vt 0.429879 0.509305
vt 0.769145 0.562221
vt 0.604783 0.677624
vt 0.780055 0.741830
vt 0.860509 0.631959
vt 0.567506 0.015179
vt 0.377433 0.096481
s 0
g Cube.006_Material
usemtl Material
f 1094/2213/1733 1096/2214/1733 1091/2215/1733
f 1095/2216/1734 1096/2214/1734 1094/2213/1734
f 1096/2217/1735 1093/2218/1735 1097/2219/1735
f 1098/2220/1736 1092/2221/1736 1091/2222/1736
f 1092/2221/1737 1094/2223/1737 1091/2222/1737
f 1097/2219/1738 1099/2224/1738 1098/2225/1738
f 1098/2225/1739 1091/2226/1739 1097/2219/1739
f 1098/2220/1740 1099/2227/1740 1092/2228/1740
f 1092/2228/1741 1099/2227/1741 1095/2229/1741
f 1099/2227/1742 1093/2230/1742 1095/2229/1742
f 1095/2231/1743 1093/2218/1743 1096/2217/1743
f 1091/2232/1744 1096/2217/1744 1097/2219/1744
f 1097/2219/1745 1093/2218/1745 1099/2224/1745
f 1092/2221/1746 1095/2216/1746 1094/2213/1746
o Cube.007
v 11.334819 0.369991 -9.000721
v 11.397055 0.252984 -9.178959
v 11.262535 0.234905 -8.947544
v 11.136612 0.190729 -9.056530
v 11.155859 0.382895 -9.048344
v 11.310271 0.430585 -9.151972
v 11.254664 0.168324 -9.182763
v 11.378388 0.193187 -9.057648
v 11.257169 0.345778 -9.242077
vn 0.5818 0.3925 -0.7123
vn 0.9599 0.1631 0.2281
vn 0.2106 -0.3126 -0.9263
vn 0.6736 -0.0709 0.7357
vn -0.1993 0.4494 0.8708
vn 0.0111 -0.9311 0.3645
vn -0.7327 -0.2064 -0.6485
vn 0.8998 0.4354 0.0284
vn -0.0334 0.9259 0.3763
vn -0.5094 0.7559 -0.4112
vn -0.6609 0.0343 0.7497
vn 0.0108 -0.9828 0.1846
vn 0.4899 -0.8095 -0.3236
vn -0.8724 0.1077 -0.4768
vt 0.862532 0.586626
vt 0.666025 0.612825
vt 0.793538 0.524739
vt 0.799625 0.742317
vt 0.596159 0.725728
vt 0.676667 0.500000
vt 0.533198 0.702151
vt 0.502729 0.907748
vt 0.315429 0.689365
vt 0.215046 0.717794
vt 0.139986 0.551629
vt 0.365533 0.517965
vt 0.592775 0.342442
vt 0.523296 0.508923
vt 0.395346 0.376049
vt 0.510142 0.020803
vt 0.592582 0.143625
vt 0.414253 0.208459
s 0
g Cube.007_Material
usemtl Material
f 1105/2233/1747 1101/2234/1747 1108/2235/1747
f 1101/2234/1748 1100/2236/1748 1107/2237/1748
f 1108/2235/1749 1101/2234/1749 1106/2238/1749
f 1107/2239/1750 1100/2240/1750 1102/2241/1750
f 1102/2241/1751 1100/2242/1751 1104/2243/1751
f 1103/2244/1752 1107/2239/1752 1102/2241/1752
f 1108/2245/1753 1106/2246/1753 1103/2247/1753
f 1105/2233/1754 1100/2236/1754 1101/2234/1754
f 1100/2248/1755 1105/2249/1755 1104/2250/1755
f 1104/2250/1756 1105/2249/1756 1108/2245/1756
f 1104/2243/1757 1103/2244/1757 1102/2241/1757
f 1103/2244/1758 1106/2246/1758 1107/2239/1758
f 1106/2246/1759 1101/2234/1759 1107/2239/1759
f 1104/2250/1760 1108/2245/1760 1103/2247/1760
o Cube.008
v 10.998441 0.126317 -8.951724
v 11.045373 0.261929 -8.955593
v 11.124634 0.335918 -9.019221
v 11.111073 0.215060 -9.101324
v 11.279470 0.237057 -9.032572
v 11.187193 0.103531 -9.003160
v 11.085067 0.128171 -8.884193
v 11.211306 0.368158 -8.988855
v 11.211662 0.254838 -8.907479
vn -0.7727 0.4137 -0.4814
vn 0.0844 0.5534 -0.8286
vn 0.3877 -0.4456 -0.8069
vn -0.0829 -0.9876 0.1334
vn -0.2388 0.4012 0.8843
vn -0.2058 0.5704 0.7952
vn 0.7686 -0.4261 0.4772
vn 0.8549 0.3044 0.4201
vn -0.4384 0.8081 0.3935
vn -0.8394 0.2772 -0.4676
vn 0.2910 0.4354 -0.8519
vn -0.2600 -0.7319 -0.6299
vn -0.6014 0.2300 0.7651
vn 0.6074 -0.4924 0.6234
vt 0.551771 0.821043
vt 0.490236 0.981936
vt 0.443965 0.755163
vt 0.609545 0.740303
vt 0.579499 0.265268
vt 0.447677 0.232718
vt 0.490446 0.016300
vt 0.320967 0.499695
vt 0.242238 0.673984
vt 0.142687 0.564850
vt 0.543218 0.480597
vt 0.654480 0.663904
vt 0.651690 0.523626
vt 0.809399 0.589510
vt 0.375000 0.930496
vt 0.603518 0.001237
vt 0.583364 0.169025
vt 0.384386 0.054537
vt 0.382289 0.419599
s 0
g Cube.008_Material
usemtl Material
f 1111/2251/1761 1112/2252/1761 1110/2253/1761
f 1111/2251/1762 1116/2254/1762 1112/2252/1762
f 1113/2255/1763 1114/2256/1763 1112/2257/1763
f 1115/2258/1764 1109/2259/1764 1114/2260/1764
f 1117/2261/1765 1110/2253/1765 1115/2258/1765
f 1117/2261/1766 1116/2262/1766 1110/2253/1766
f 1113/2255/1767 1117/2261/1767 1114/2256/1767
f 1117/2263/1768 1113/2264/1768 1116/2262/1768
f 1116/2262/1769 1111/2251/1769 1110/2253/1769
f 1109/2265/1770 1110/2253/1770 1112/2252/1770
f 1116/2266/1771 1113/2267/1771 1112/2257/1771
f 1109/2268/1772 1112/2257/1772 1114/2256/1772
f 1109/2259/1773 1115/2258/1773 1110/2253/1773
f 1115/2269/1774 1114/2256/1774 1117/2261/1774
o Cube.009
v 11.156133 0.064212 -8.854795
v 11.328772 0.081663 -8.909507
v 11.001865 0.164835 -8.926179
v 10.951883 0.034353 -9.051469
v 11.386150 0.073539 -9.165219
v 11.407860 0.254915 -9.070620
v 11.174743 -0.084593 -9.093847
v 11.172731 0.298610 -8.889417
v 11.323320 0.327493 -8.951133
v 11.114658 0.379015 -9.122638
v 10.989083 0.212010 -9.158912
v 11.006029 0.312856 -8.958171
v 11.254236 0.117765 -9.288048
v 11.103508 -0.052880 -9.201116
v 11.236291 0.263431 -9.262982
v 11.053091 0.218015 -9.309846
vn 0.8414 0.1083 0.5295
vn 0.2826 0.1662 0.9447
vn -0.0431 0.9412 0.3352
vn -0.7482 0.6161 -0.2463
vn 0.1989 0.1899 -0.9614
vn -0.7467 -0.2227 -0.6268
vn 0.4062 -0.7671 -0.4965
vn 0.4142 0.8779 -0.2402
vn 0.4170 0.8451 -0.3345
vn 0.7029 0.2039 -0.6815
vn 0.9484 -0.2283 0.2201
vn 0.6258 -0.7624 0.1646
vn -0.9830 0.1620 0.0868
vn -0.4635 -0.8849 0.0462
vn -0.3414 -0.8097 0.4774
vn -0.5940 -0.4271 0.6817
vn 0.2488 -0.8134 0.5257
vn -0.3262 0.1607 0.9315
vn 0.3585 0.1115 0.9269
vn -0.3579 0.2069 0.9106
vn -0.0594 0.9391 0.3385
vn -0.0928 -0.3857 -0.9179
vn -0.8693 -0.3148 -0.3812
vn 0.3787 -0.6633 -0.6455
vn -0.0232 0.7617 -0.6475
vn 0.7287 0.2461 -0.6391
vn -0.7346 0.6147 -0.2871
vt 0.875000 0.649805
vt 0.849233 0.683396
vt 0.832712 0.540342
vt 0.580473 0.024703
vt 0.534759 0.188184
vt 0.498710 0.020990
vt 0.437420 0.135101
vt 0.411456 0.342495
vt 0.213804 0.511922
vt 0.337875 0.601179
vt 0.185175 0.619999
vt 0.611440 0.548317
vt 0.438499 0.522151
vt 0.536413 0.434917
vt 0.517900 0.691047
vt 0.378975 0.759339
vt 0.724211 0.603714
vt 0.568883 0.768659
vt 0.609419 0.213408
vt 0.625000 0.382072
vt 0.588498 0.519208
vt 0.209844 0.718096
vt 0.479559 0.953620
vt 0.390901 0.953078
vt 0.565332 0.774863
vt 0.583031 0.973602
vt 0.389658 0.010551
vt 0.376620 0.114133
vt 0.125000 0.581137
vt 0.375000 0.421875
s 0
g Cube.009_Material
usemtl Material
f 1126/2270/1775 1119/2271/1775 1123/2272/1775
f 1119/2273/1776 1126/2274/1776 1118/2275/1776
f 1125/2276/1777 1126/2274/1777 1127/2277/1777
f 1127/2278/1778 1128/2279/1778 1129/2280/1778
f 1130/2281/1779 1133/2282/1779 1132/2283/1779
f 1131/2284/1780 1121/2285/1780 1128/2279/1780
f 1122/2286/1781 1124/2287/1781 1131/2284/1781
f 1123/2288/1782 1127/2277/1782 1126/2274/1782
f 1123/2288/1783 1132/2283/1783 1127/2277/1783
f 1132/2283/1784 1122/2289/1784 1130/2290/1784
f 1122/2286/1785 1123/2272/1785 1119/2271/1785
f 1122/2286/1786 1119/2271/1786 1124/2287/1786
f 1120/2291/1787 1129/2280/1787 1128/2279/1787 1121/2285/1787
f 1121/2285/1788 1131/2284/1788 1124/2287/1788
f 1124/2287/1789 1118/2292/1789 1121/2285/1789
f 1118/2292/1790 1120/2293/1790 1121/2285/1790
f 1124/2294/1791 1119/2295/1791 1118/2292/1791
f 1118/2275/1792 1125/2276/1792 1120/2296/1792
f 1125/2276/1793 1118/2275/1793 1126/2274/1793
f 1120/2296/1794 1125/2276/1794 1129/2297/1794
f 1127/2278/1795 1129/2280/1795 1125/2298/1795
f 1133/2282/1796 1130/2281/1796 1131/2284/1796
f 1133/2282/1797 1131/2284/1797 1128/2279/1797
f 1130/2281/1798 1122/2286/1798 1131/2284/1798
f 1127/2277/1799 1132/2283/1799 1133/2282/1799
f 1123/2288/1800 1122/2289/1800 1132/2283/1800
f 1128/2299/1801 1127/2277/1801 1133/2282/1801
o Cube.010
v 11.172506 0.008259 -9.145502
v 11.114611 0.108322 -9.165757
v 11.057323 0.206319 -9.077508
v 11.165641 0.011725 -9.025341
v 11.293669 0.031914 -9.166116
v 11.173242 0.243791 -9.100960
v 11.010199 0.116190 -9.008490
v 11.199236 0.152541 -8.962247
v 11.287614 0.002237 -9.057498
vn 0.8782 0.4466 0.1710
vn 0.8878 0.4429 0.1249
vn -0.0426 0.6214 0.7824
vn -0.2868 0.7748 0.5634
vn -0.3276 0.5193 -0.7893
vn -0.8620 -0.5058 -0.0347
vn 0.1437 -0.9566 -0.2534
vn -0.0711 -0.9972 0.0247
vn 0.1562 0.3704 -0.9157
vn -0.5512 -0.7674 -0.3276
vn -0.8328 0.0116 -0.5535
vn 0.1968 -0.4396 0.8763
vn -0.1520 -0.3737 0.9150
vn -0.1126 -0.2593 -0.9592
vt 0.856741 0.527884
vt 0.792799 0.664448
vt 0.661337 0.518959
vt 0.570885 0.667835
vt 0.614877 0.834550
vt 0.495616 0.943630
vt 0.319826 0.718976
vt 0.602263 0.105449
vt 0.455701 0.107225
vt 0.553174 0.006579
vt 0.371255 0.573451
vt 0.135465 0.689951
vt 0.165587 0.530358
vt 0.553103 0.308270
vt 0.565029 0.471740
vt 0.392929 0.256090
vt 0.405598 0.560759
vt 0.171875 0.750000
s 0
g Cube.010_Material
usemtl Material
f 1138/2300/1802 1139/2301/1802 1142/2302/1802
f 1142/2302/1803 1139/2301/1803 1141/2303/1803
f 1139/2304/1804 1136/2305/1804 1140/2306/1804
f 1141/2303/1805 1139/2304/1805 1140/2306/1805
f 1139/2307/1806 1135/2308/1806 1136/2309/1806
f 1137/2310/1807 1135/2311/1807 1134/2312/1807
f 1138/2313/1808 1142/2314/1808 1134/2315/1808
f 1142/2314/1809 1137/2316/1809 1134/2315/1809
f 1135/2308/1810 1139/2307/1810 1138/2313/1810
f 1137/2310/1811 1140/2306/1811 1135/2311/1811
f 1135/2311/1812 1140/2306/1812 1136/2317/1812
f 1142/2302/1813 1141/2303/1813 1137/2316/1813
f 1141/2303/1814 1140/2306/1814 1137/2316/1814
f 1134/2315/1815 1135/2308/1815 1138/2313/1815
o Cube.011
v 11.337716 0.016357 -9.226473
v 11.038829 -0.105392 -8.932895
v 11.255706 0.061219 -8.873123
v 11.308541 -0.153031 -9.040332
v 11.150659 -0.158268 -9.197077
v 11.097922 0.084934 -9.227999
v 11.283497 0.202799 -9.077575
v 10.955435 0.015951 -9.148982
v 11.061426 0.125625 -8.989184
vn -0.4329 0.2532 0.8652
vn 0.2165 -0.5669 0.7948
vn 0.9673 0.0928 0.2360
vn 0.5379 -0.6637 -0.5197
vn -0.3992 -0.2003 -0.8947
vn -0.0317 -0.1328 -0.9906
vn 0.1894 0.6458 -0.7397
vn -0.3952 0.8936 -0.2127
vn -0.0627 0.8245 0.5624
vn -0.8736 0.1942 0.4462
vn -0.5213 0.8245 -0.2201
vn 0.9768 0.0891 0.1945
vn -0.1145 -0.9823 0.1481
vn -0.6784 -0.7207 -0.1429
vt 0.534218 0.539052
vt 0.807613 0.537738
vt 0.651467 0.712344
vt 0.812212 0.722590
vt 0.440472 0.699464
vt 0.505279 0.954605
vt 0.394685 0.910428
vt 0.529494 0.041599
vt 0.440272 0.169217
vt 0.407900 0.015209
vt 0.224689 0.500632
vt 0.298939 0.554231
vt 0.143822 0.628706
vt 0.350796 0.501919
vt 0.236030 0.724989
vt 0.358556 0.714558
vt 0.602122 0.296489
vt 0.527241 0.521298
vt 0.452229 0.375318
s 0
g Cube.011_Material
usemtl Material
f 1151/2318/1816 1144/2319/1816 1145/2320/1816
f 1145/2320/1817 1144/2319/1817 1146/2321/1817
f 1149/2322/1818 1146/2323/1818 1143/2324/1818
f 1146/2325/1819 1147/2326/1819 1143/2327/1819
f 1150/2328/1820 1148/2329/1820 1147/2330/1820
f 1147/2330/1821 1148/2331/1821 1143/2332/1821
f 1148/2331/1822 1149/2333/1822 1143/2332/1822
f 1148/2331/1823 1151/2318/1823 1149/2322/1823
f 1151/2318/1824 1145/2320/1824 1149/2322/1824
f 1144/2334/1825 1151/2335/1825 1150/2336/1825
f 1150/2336/1826 1151/2318/1826 1148/2331/1826
f 1145/2320/1827 1146/2323/1827 1149/2322/1827
f 1146/2325/1828 1144/2334/1828 1147/2326/1828
f 1144/2334/1829 1150/2336/1829 1147/2326/1829
