# Blender 4.1.0
# www.blender.org
mtllib TornadoEffect20167.mtl
o Plane.002
v 11.165558 0.000000 -9.079000
o Cube.011
v 10.451629 1.847744 -10.218744
v 10.175231 2.101688 -9.980127
v 10.436020 2.026312 -9.892076
v 10.285597 1.825978 -10.022090
v 10.198133 1.915838 -10.211151
v 10.378446 2.083318 -10.280376
v 10.577906 2.029742 -10.104053
v 10.238834 2.183586 -10.225698
v 10.387214 2.193898 -10.056607
vn -0.0423 0.6936 0.7191
vn -0.3797 -0.2859 0.8798
vn 0.5947 -0.6814 0.4266
vn -0.2549 -0.9137 -0.3164
vn -0.3619 0.0044 -0.9322
vn -0.1043 -0.2819 -0.9537
vn 0.6639 0.0106 -0.7478
vn 0.5436 0.7438 -0.3889
vn 0.6458 0.6223 0.4423
vn -0.3196 0.9206 0.2243
vn 0.4175 0.8080 -0.4157
vn 0.5977 -0.7011 0.3888
vn -0.8919 -0.3915 0.2265
vn -0.9691 0.1361 -0.2056
vt 0.534218 0.539052
vt 0.807613 0.537738
vt 0.651467 0.712344
vt 0.812212 0.722590
vt 0.440472 0.699464
vt 0.505279 0.954605
vt 0.394685 0.910428
vt 0.529494 0.041599
vt 0.440272 0.169217
vt 0.407900 0.015209
vt 0.224689 0.500632
vt 0.298939 0.554231
vt 0.143822 0.628706
vt 0.350796 0.501919
vt 0.236030 0.724989
vt 0.358556 0.714558
vt 0.602122 0.296489
vt 0.527241 0.521298
vt 0.452229 0.375318
s 0
g Cube.011_Material
usemtl Material
f 10/1/1 3/2/1 4/3/1
f 4/3/2 3/2/2 5/4/2
f 8/5/3 5/6/3 2/7/3
f 5/8/4 6/9/4 2/10/4
f 9/11/5 7/12/5 6/13/5
f 6/13/6 7/14/6 2/15/6
f 7/14/7 8/16/7 2/15/7
f 7/14/8 10/1/8 8/5/8
f 10/1/9 4/3/9 8/5/9
f 3/17/10 10/18/10 9/19/10
f 9/19/11 10/1/11 7/14/11
f 4/3/12 5/6/12 8/5/12
f 5/8/13 3/17/13 6/9/13
f 3/17/14 9/19/14 6/9/14
o Cube.006
v 11.866782 1.983388 -10.203285
v 12.032455 1.943354 -10.165650
v 11.976333 2.087790 -10.046003
v 11.911612 1.907565 -10.141292
v 11.978169 1.975504 -10.060555
v 11.869170 2.005999 -10.033364
v 11.881449 2.065638 -10.177463
v 12.012381 2.001038 -10.232729
v 12.034101 2.092655 -10.123718
vn -0.8838 -0.4621 0.0739
vn -0.0433 -0.7466 0.6639
vn -0.5627 0.7797 0.2747
vn -0.0379 -0.7632 -0.6450
vn 0.0270 -0.6231 -0.7817
vn 0.0962 0.7525 -0.6516
vn -0.2253 0.3282 -0.9174
vn 0.9689 0.0570 -0.2410
vn 0.8598 -0.1468 0.4890
vn 0.8028 -0.0637 0.5928
vn 0.2079 -0.1224 0.9705
vn -0.9839 0.1786 -0.0099
vn -0.1556 0.9863 -0.0539
vn 0.3350 -0.8386 0.4296
vt 0.423616 0.817668
vt 0.438163 0.985880
vt 0.399025 0.926987
vt 0.584080 0.909473
vt 0.477709 0.045024
vt 0.607265 0.122218
vt 0.441545 0.286085
vt 0.565477 0.549583
vt 0.592013 0.712367
vt 0.289400 0.584684
vt 0.400831 0.754486
vt 0.615924 0.357557
vt 0.551199 0.540629
vt 0.429879 0.509305
vt 0.769145 0.562221
vt 0.604783 0.677624
vt 0.780055 0.741830
vt 0.860509 0.631959
vt 0.567506 0.015179
vt 0.377433 0.096481
s 0
g Cube.006_Material
usemtl Material
f 14/20/15 16/21/15 11/22/15
f 15/23/16 16/21/16 14/20/16
f 16/24/17 13/25/17 17/26/17
f 18/27/18 12/28/18 11/29/18
f 12/28/19 14/30/19 11/29/19
f 17/26/20 19/31/20 18/32/20
f 18/32/21 11/33/21 17/26/21
f 18/27/22 19/34/22 12/35/22
f 12/35/23 19/34/23 15/36/23
f 19/34/24 13/37/24 15/36/24
f 15/38/25 13/25/25 16/24/25
f 11/39/26 16/24/26 17/26/26
f 17/26/27 13/25/27 19/31/27
f 12/28/28 15/23/28 14/20/28
o Cube.007
v 12.149590 1.990065 -8.065135
v 11.999063 2.098579 -8.142257
v 12.078795 1.871101 -8.113760
v 11.941598 1.859087 -8.040738
v 12.062007 1.929508 -7.935250
v 12.083426 2.095208 -7.982722
v 11.896417 1.996078 -8.104414
v 12.031644 1.989928 -8.191163
v 11.961617 2.096113 -7.984400
vn 0.0072 0.9998 0.0173
vn 0.6458 0.4659 -0.6049
vn -0.7265 0.6678 -0.1619
vn 0.7216 -0.1534 -0.6751
vn 0.7795 -0.5700 0.2598
vn -0.3327 -0.6038 -0.7244
vn -0.8604 -0.0479 0.5074
vn 0.6578 0.6754 -0.3336
vn 0.8144 0.0601 0.5772
vn -0.0112 0.2767 0.9609
vn 0.2514 -0.9127 0.3223
vn -0.4850 -0.4950 -0.7209
vn -0.5202 0.2159 -0.8263
vn -0.6072 -0.1348 0.7831
vt 0.862532 0.586626
vt 0.666025 0.612825
vt 0.793538 0.524739
vt 0.799625 0.742317
vt 0.596159 0.725728
vt 0.676667 0.500000
vt 0.533198 0.702151
vt 0.502729 0.907748
vt 0.315429 0.689365
vt 0.215046 0.717794
vt 0.139986 0.551629
vt 0.365533 0.517965
vt 0.592775 0.342442
vt 0.523296 0.508923
vt 0.395346 0.376049
vt 0.510142 0.020803
vt 0.592582 0.143625
vt 0.414253 0.208459
s 0
g Cube.007_Material
usemtl Material
f 25/40/29 21/41/29 28/42/29
f 21/41/30 20/43/30 27/44/30
f 28/42/31 21/41/31 26/45/31
f 27/46/32 20/47/32 22/48/32
f 22/48/33 20/49/33 24/50/33
f 23/51/34 27/46/34 22/48/34
f 28/52/35 26/53/35 23/54/35
f 25/40/36 20/43/36 21/41/36
f 20/55/37 25/56/37 24/57/37
f 24/57/38 25/56/38 28/52/38
f 24/50/39 23/51/39 22/48/39
f 23/51/40 26/53/40 27/46/40
f 26/53/41 21/41/41 27/46/41
f 24/57/42 28/52/42 23/54/42
o Cube.008
v 12.555285 2.054676 -9.558927
v 12.421111 1.917370 -9.574647
v 12.313240 1.852037 -9.686679
v 12.436500 1.962844 -9.792953
v 12.206094 2.048566 -9.791448
v 12.379206 2.167030 -9.720833
v 12.429290 2.120076 -9.519242
v 12.183889 1.869708 -9.690120
v 12.219440 2.030106 -9.600395
vn 0.6035 -0.7880 -0.1216
vn -0.0686 -0.6497 -0.7571
vn 0.1287 0.3622 -0.9232
vn 0.4798 0.8733 0.0842
vn -0.2564 -0.2452 0.9349
vn -0.3339 -0.4027 0.8522
vn -0.5932 0.7963 0.1184
vn -0.9818 0.1700 0.0850
vn -0.1249 -0.8000 0.5868
vn 0.7174 -0.6904 -0.0932
vn -0.1797 -0.4679 -0.8653
vn 0.7455 0.3980 -0.5346
vn 0.1611 -0.2663 0.9503
vn -0.4733 0.8247 0.3097
vt 0.551771 0.821043
vt 0.490236 0.981936
vt 0.443965 0.755163
vt 0.609545 0.740303
vt 0.579499 0.265268
vt 0.447677 0.232718
vt 0.490446 0.016300
vt 0.320967 0.499695
vt 0.242238 0.673984
vt 0.142687 0.564850
vt 0.543218 0.480597
vt 0.654480 0.663904
vt 0.651690 0.523626
vt 0.809399 0.589510
vt 0.375000 0.930496
vt 0.603518 0.001237
vt 0.583364 0.169025
vt 0.384386 0.054537
vt 0.382289 0.419599
s 0
g Cube.008_Material
usemtl Material
f 31/58/43 32/59/43 30/60/43
f 31/58/44 36/61/44 32/59/44
f 33/62/45 34/63/45 32/64/45
f 35/65/46 29/66/46 34/67/46
f 37/68/47 30/60/47 35/65/47
f 37/68/48 36/69/48 30/60/48
f 33/62/49 37/68/49 34/63/49
f 37/70/50 33/71/50 36/69/50
f 36/69/51 31/58/51 30/60/51
f 29/72/52 30/60/52 32/59/52
f 36/73/53 33/74/53 32/64/53
f 29/75/54 32/64/54 34/63/54
f 29/66/55 35/65/55 30/60/55
f 35/76/56 34/63/56 37/68/56
o Cube.009
v 12.509297 1.935862 -8.345940
v 12.365741 1.932003 -8.278430
v 12.541314 1.924235 -8.514826
v 12.546178 2.085759 -8.540900
v 12.198826 2.066556 -8.358005
v 12.181241 1.890192 -8.385900
v 12.416727 2.161990 -8.375546
v 12.412472 1.792798 -8.460284
v 12.276011 1.787582 -8.414091
v 12.305059 1.869267 -8.637697
v 12.414955 2.017517 -8.650298
v 12.478943 1.840051 -8.595337
v 12.206321 2.117932 -8.511322
v 12.397249 2.206186 -8.480644
v 12.188341 2.007697 -8.577574
v 12.294069 2.085907 -8.684699
vn -0.3363 -0.5253 0.7816
vn 0.3000 -0.7455 0.5952
vn -0.0833 -0.9325 -0.3515
vn 0.1947 -0.2254 -0.9546
vn -0.7808 0.4104 -0.4710
vn 0.2474 0.6606 -0.7088
vn -0.3362 0.8443 0.4173
vn -0.7389 -0.5962 -0.3138
vn -0.7862 -0.5135 -0.3439
vn -0.9874 0.1582 0.0047
vn -0.4862 -0.0890 0.8693
vn -0.1050 0.4065 0.9076
vn 0.7162 -0.0416 -0.6967
vn 0.6619 0.7269 0.1830
vn 0.8040 0.3881 0.4505
vn 0.9825 0.0005 0.1862
vn 0.4025 0.2789 0.8719
vn 0.7391 -0.6478 0.1847
vn 0.2521 -0.7025 0.6655
vn 0.7343 -0.6666 0.1282
vn -0.0688 -0.9306 -0.3595
vn -0.3495 0.8737 -0.3383
vn 0.5139 0.5998 -0.6134
vn -0.4394 0.8580 0.2660
vn -0.6226 -0.1959 -0.7576
vn -0.9952 0.0958 0.0218
vn 0.1610 -0.2015 -0.9662
vt 0.875000 0.649805
vt 0.849233 0.683396
vt 0.832712 0.540342
vt 0.580473 0.024703
vt 0.534759 0.188184
vt 0.498710 0.020990
vt 0.437420 0.135101
vt 0.411456 0.342495
vt 0.213804 0.511922
vt 0.337875 0.601179
vt 0.185175 0.619999
vt 0.611440 0.548317
vt 0.438499 0.522151
vt 0.536413 0.434917
vt 0.517900 0.691047
vt 0.378975 0.759339
vt 0.724211 0.603714
vt 0.568883 0.768659
vt 0.609419 0.213408
vt 0.625000 0.382072
vt 0.588498 0.519208
vt 0.209844 0.718096
vt 0.479559 0.953620
vt 0.390901 0.953078
vt 0.565332 0.774863
vt 0.583031 0.973602
vt 0.389658 0.010551
vt 0.376620 0.114133
vt 0.125000 0.581137
vt 0.375000 0.421875
s 0
g Cube.009_Material
usemtl Material
f 46/77/57 39/78/57 43/79/57
f 39/80/58 46/81/58 38/82/58
f 45/83/59 46/81/59 47/84/59
f 47/85/60 48/86/60 49/87/60
f 50/88/61 53/89/61 52/90/61
f 51/91/62 41/92/62 48/86/62
f 42/93/63 44/94/63 51/91/63
f 43/95/64 47/84/64 46/81/64
f 43/95/65 52/90/65 47/84/65
f 52/90/66 42/96/66 50/97/66
f 42/93/67 43/79/67 39/78/67
f 42/93/68 39/78/68 44/94/68
f 40/98/69 49/87/69 48/86/69 41/92/69
f 41/92/70 51/91/70 44/94/70
f 44/94/71 38/99/71 41/92/71
f 38/99/72 40/100/72 41/92/72
f 44/101/73 39/102/73 38/99/73
f 38/82/74 45/83/74 40/103/74
f 45/83/75 38/82/75 46/81/75
f 40/103/76 45/83/76 49/104/76
f 47/85/77 49/87/77 45/105/77
f 53/89/78 50/88/78 51/91/78
f 53/89/79 51/91/79 48/86/79
f 50/88/80 42/93/80 51/91/80
f 47/84/81 52/90/81 53/89/81
f 43/95/82 42/96/82 52/90/82
f 48/106/83 47/84/83 53/89/83
o Cube.010
v 10.280845 2.029564 -7.984215
v 10.249076 1.928399 -8.015918
v 10.213115 1.877838 -8.136470
v 10.270457 2.079469 -8.085670
v 10.397926 2.025500 -7.969920
v 10.328341 1.860336 -8.126341
v 10.148448 1.971949 -8.156342
v 10.327878 2.001331 -8.198689
v 10.381907 2.097027 -8.046950
vn 0.9466 -0.1130 -0.3018
vn 0.9571 -0.1297 -0.2590
vn 0.0614 -0.1657 -0.9843
vn -0.1339 -0.4528 -0.8815
vn -0.1723 -0.8890 0.4243
vn -0.9495 0.2320 0.2113
vn -0.0586 0.7254 0.6858
vn -0.2885 0.8471 0.4462
vn 0.2720 -0.7196 0.6388
vn -0.6914 0.3812 0.6137
vn -0.7859 -0.4506 0.4234
vn 0.0587 0.8348 -0.5474
vn -0.2686 0.7231 -0.6364
vn -0.1259 -0.2604 0.9572
vt 0.856741 0.527884
vt 0.792799 0.664448
vt 0.661337 0.518959
vt 0.570885 0.667835
vt 0.614877 0.834550
vt 0.495616 0.943630
vt 0.319826 0.718976
vt 0.602263 0.105449
vt 0.455701 0.107225
vt 0.553174 0.006579
vt 0.371255 0.573451
vt 0.135465 0.689951
vt 0.165587 0.530358
vt 0.553103 0.308270
vt 0.565029 0.471740
vt 0.392929 0.256090
vt 0.405598 0.560759
vt 0.171875 0.750000
s 0
g Cube.010_Material
usemtl Material
f 58/107/84 59/108/84 62/109/84
f 62/109/85 59/108/85 61/110/85
f 59/111/86 56/112/86 60/113/86
f 61/110/87 59/111/87 60/113/87
f 59/114/88 55/115/88 56/116/88
f 57/117/89 55/118/89 54/119/89
f 58/120/90 62/121/90 54/122/90
f 62/121/91 57/123/91 54/122/91
f 55/115/92 59/114/92 58/120/92
f 57/117/93 60/113/93 55/118/93
f 55/118/94 60/113/94 56/124/94
f 62/109/95 61/110/95 57/123/95
f 61/110/96 60/113/96 57/123/96
f 54/122/97 55/115/97 58/120/97
o Cube.011
v 10.184936 1.907563 -8.284875
v 9.904992 2.137227 -8.499969
v 10.112635 2.008264 -8.615217
v 10.163767 2.130538 -8.383126
v 10.008130 2.077743 -8.244779
v 9.952313 1.852409 -8.313409
v 10.132561 1.802690 -8.489940
v 9.817735 1.947707 -8.357901
v 9.921535 1.910851 -8.540497
vn -0.4180 0.1304 -0.8990
vn 0.2444 0.8346 -0.4936
vn 0.9705 -0.0139 -0.2407
vn 0.5382 0.3821 0.7512
vn -0.4154 -0.1693 0.8938
vn -0.0514 -0.2793 0.9588
vn 0.1611 -0.8948 0.4165
vn -0.4160 -0.8927 -0.1734
vn -0.0650 -0.5239 -0.8493
vn -0.8668 0.0258 -0.4980
vn -0.5409 -0.8293 -0.1401
vn 0.9792 -0.0277 -0.2011
vn -0.0933 0.9606 0.2616
vn -0.6682 0.6181 0.4141
vt 0.534218 0.539052
vt 0.807613 0.537738
vt 0.651467 0.712344
vt 0.812212 0.722590
vt 0.440472 0.699464
vt 0.505279 0.954605
vt 0.394685 0.910428
vt 0.529494 0.041599
vt 0.440272 0.169217
vt 0.407900 0.015209
vt 0.224689 0.500632
vt 0.298939 0.554231
vt 0.143822 0.628706
vt 0.350796 0.501919
vt 0.236030 0.724989
vt 0.358556 0.714558
vt 0.602122 0.296489
vt 0.527241 0.521298
vt 0.452229 0.375318
s 0
g Cube.011_Material
usemtl Material
f 71/125/98 64/126/98 65/127/98
f 65/127/99 64/126/99 66/128/99
f 69/129/100 66/130/100 63/131/100
f 66/132/101 67/133/101 63/134/101
f 70/135/102 68/136/102 67/137/102
f 67/137/103 68/138/103 63/139/103
f 68/138/104 69/140/104 63/139/104
f 68/138/105 71/125/105 69/129/105
f 71/125/106 65/127/106 69/129/106
f 64/141/107 71/142/107 70/143/107
f 70/143/108 71/125/108 68/138/108
f 65/127/109 66/130/109 69/129/109
f 66/132/110 64/141/110 67/133/110
f 64/141/111 70/143/111 67/133/111
o Cube.006
v 11.187058 1.909261 -10.260997
v 11.241172 1.880809 -10.481788
v 11.163989 2.123763 -10.449481
v 11.309467 1.914628 -10.331527
v 11.280475 2.031729 -10.442247
v 11.274905 2.110223 -10.311285
v 11.110309 1.989171 -10.290956
v 11.133378 1.851263 -10.440732
v 11.100979 2.026893 -10.502776
vn 0.4993 -0.0014 0.8664
vn 0.9814 0.1803 -0.0663
vn -0.4871 0.7402 0.4635
vn 0.3290 -0.9230 0.1996
vn 0.1345 -0.9781 0.1590
vn -0.9841 -0.1774 0.0118
vn -0.7317 -0.5539 0.3973
vn -0.2432 -0.3627 -0.8996
vn 0.3112 0.1642 -0.9360
vn 0.2970 0.3047 -0.9050
vn 0.5836 0.7072 -0.3991
vn -0.0854 0.2768 0.9571
vn -0.8618 0.4915 0.1255
vn 0.9130 -0.1371 -0.3841
vt 0.423616 0.817668
vt 0.438163 0.985880
vt 0.399025 0.926987
vt 0.584080 0.909473
vt 0.477709 0.045024
vt 0.607265 0.122218
vt 0.441545 0.286085
vt 0.565477 0.549583
vt 0.592013 0.712367
vt 0.289400 0.584684
vt 0.400831 0.754486
vt 0.615924 0.357557
vt 0.551199 0.540629
vt 0.429879 0.509305
vt 0.769145 0.562221
vt 0.604783 0.677624
vt 0.780055 0.741830
vt 0.860509 0.631959
vt 0.567506 0.015179
vt 0.377433 0.096481
s 0
g Cube.006_Material
usemtl Material
f 75/144/112 77/145/112 72/146/112
f 76/147/113 77/145/113 75/144/113
f 77/148/114 74/149/114 78/150/114
f 79/151/115 73/152/115 72/153/115
f 73/152/116 75/154/116 72/153/116
f 78/150/117 80/155/117 79/156/117
f 79/156/118 72/157/118 78/150/118
f 79/151/119 80/158/119 73/159/119
f 73/159/120 80/158/120 76/160/120
f 80/158/121 74/161/121 76/160/121
f 76/162/122 74/149/122 77/148/122
f 72/163/123 77/148/123 78/150/123
f 78/150/124 74/149/124 80/155/124
f 73/152/125 76/147/125 75/144/125
o Cube.007
v 10.518010 1.891442 -8.001788
v 10.500317 2.064406 -7.940200
v 10.423411 1.921475 -8.092825
v 10.300780 1.951824 -8.025640
v 10.383988 1.840862 -7.944815
v 10.502191 1.915309 -7.867978
v 10.364425 2.065079 -7.961845
v 10.480632 2.038083 -8.048714
v 10.421528 1.987489 -7.839914
vn 0.5781 0.3616 0.7315
vn 0.9603 0.1754 -0.2168
vn -0.0856 0.8219 0.5631
vn 0.6824 -0.0592 -0.7286
vn 0.1455 -0.8846 -0.4430
vn -0.3310 0.4716 -0.8173
vn -0.8398 0.1843 0.5106
vn 0.9923 0.0638 0.1059
vn 0.4213 -0.8829 0.2073
vn -0.1951 -0.5371 0.8206
vn -0.4613 -0.7218 -0.5160
vn -0.3806 0.6069 -0.6977
vn 0.0435 0.9691 -0.2430
vn -0.8047 -0.1951 0.5607
vt 0.862532 0.586626
vt 0.666025 0.612825
vt 0.793538 0.524739
vt 0.799625 0.742317
vt 0.596159 0.725728
vt 0.676667 0.500000
vt 0.533198 0.702151
vt 0.502729 0.907748
vt 0.315429 0.689365
vt 0.215046 0.717794
vt 0.139986 0.551629
vt 0.365533 0.517965
vt 0.592775 0.342442
vt 0.523296 0.508923
vt 0.395346 0.376049
vt 0.510142 0.020803
vt 0.592582 0.143625
vt 0.414253 0.208459
s 0
g Cube.007_Material
usemtl Material
f 86/164/126 82/165/126 89/166/126
f 82/165/127 81/167/127 88/168/127
f 89/166/128 82/165/128 87/169/128
f 88/170/129 81/171/129 83/172/129
f 83/172/130 81/173/130 85/174/130
f 84/175/131 88/170/131 83/172/131
f 89/176/132 87/177/132 84/178/132
f 86/164/133 81/167/133 82/165/133
f 81/179/134 86/180/134 85/181/134
f 85/181/135 86/180/135 89/176/135
f 85/174/136 84/175/136 83/172/136
f 84/175/137 87/177/137 88/170/137
f 87/177/138 82/165/138 88/170/138
f 85/181/139 89/176/139 84/178/139
o Cube.008
v 10.049683 1.849690 -9.161107
v 9.865688 1.820762 -9.152822
v 9.724512 1.889671 -9.197316
v 9.858478 1.983911 -9.294729
v 9.747105 2.119168 -9.133725
v 9.958925 2.087147 -9.132681
v 10.008459 1.910461 -9.038787
v 9.642271 1.949104 -9.121931
v 9.785750 1.980324 -9.015779
vn -0.0838 -0.6561 -0.7500
vn -0.6310 0.1022 -0.7690
vn 0.1239 0.8003 -0.5866
vn 0.9298 0.3380 0.1455
vn -0.1409 -0.6847 0.7150
vn -0.3168 -0.7043 0.6353
vn 0.0961 0.6598 0.7453
vn -0.5976 0.4159 0.6854
vn -0.4741 -0.8649 0.1647
vn 0.0687 -0.6530 -0.7542
vn -0.6208 0.3335 -0.7095
vn 0.6872 0.3395 -0.6423
vn 0.1572 -0.8623 0.4814
vn 0.2446 0.5076 0.8262
vt 0.551771 0.821043
vt 0.490236 0.981936
vt 0.443965 0.755163
vt 0.609545 0.740303
vt 0.579499 0.265268
vt 0.447677 0.232718
vt 0.490446 0.016300
vt 0.320967 0.499695
vt 0.242238 0.673984
vt 0.142687 0.564850
vt 0.543218 0.480597
vt 0.654480 0.663904
vt 0.651690 0.523626
vt 0.809399 0.589510
vt 0.375000 0.930496
vt 0.603518 0.001237
vt 0.583364 0.169025
vt 0.384386 0.054537
vt 0.382289 0.419599
s 0
g Cube.008_Material
usemtl Material
f 92/182/140 93/183/140 91/184/140
f 92/182/141 97/185/141 93/183/141
f 94/186/142 95/187/142 93/188/142
f 96/189/143 90/190/143 95/191/143
f 98/192/144 91/184/144 96/189/144
f 98/192/145 97/193/145 91/184/145
f 94/186/146 98/192/146 95/187/146
f 98/194/147 94/195/147 97/193/147
f 97/193/148 92/182/148 91/184/148
f 90/196/149 91/184/149 93/183/149
f 97/197/150 94/198/150 93/188/150
f 90/199/151 93/188/151 95/187/151
f 90/190/152 96/189/152 91/184/152
f 96/200/153 95/187/153 98/192/153
o Cube.009
v 11.726107 1.867788 -9.996651
v 11.900969 1.942830 -9.975199
v 11.593040 1.912160 -10.150105
v 11.646403 1.761010 -10.265527
v 12.076278 1.945902 -10.188299
v 11.997395 2.136838 -10.123509
v 11.900172 1.718242 -10.185205
v 11.688650 2.105285 -10.065115
v 11.843835 2.183846 -10.062051
v 11.724346 2.157273 -10.324292
v 11.678632 1.946762 -10.382748
v 11.568576 2.059615 -10.205620
v 12.004180 1.940196 -10.369750
v 11.878437 1.721559 -10.323038
v 11.933523 2.079616 -10.381043
v 11.805813 1.969704 -10.497257
vn 0.4430 0.3950 0.8048
vn -0.2343 0.2799 0.9310
vn -0.4505 0.8853 0.1155
vn -0.6940 0.3286 -0.6406
vn 0.5505 0.2136 -0.8070
vn -0.2870 -0.4751 -0.8318
vn 0.7825 -0.6072 -0.1380
vn 0.2149 0.9570 -0.1949
vn 0.2692 0.9239 -0.2720
vn 0.8470 0.4009 -0.3491
vn 0.7675 0.1023 0.6328
vn 0.6681 -0.5094 0.5423
vn -0.9171 -0.1664 -0.3622
vn -0.1670 -0.9860 0.0026
vn -0.2796 -0.8610 0.4248
vn -0.6927 -0.5760 0.4341
vn 0.1996 -0.6696 0.7154
vn -0.7426 0.0747 0.6656
vn -0.1467 0.2526 0.9564
vn -0.7728 0.1073 0.6255
vn -0.4651 0.8781 0.1121
vn 0.4442 -0.4241 -0.7892
vn -0.4762 -0.5944 -0.6480
vn 0.7976 -0.5229 -0.3005
vn 0.0610 0.6908 -0.7204
vn 0.8379 0.4507 -0.3079
vn -0.6637 0.3305 -0.6710
vt 0.875000 0.649805
vt 0.849233 0.683396
vt 0.832712 0.540342
vt 0.580473 0.024703
vt 0.534759 0.188184
vt 0.498710 0.020990
vt 0.437420 0.135101
vt 0.411456 0.342495
vt 0.213804 0.511922
vt 0.337875 0.601179
vt 0.185175 0.619999
vt 0.611440 0.548317
vt 0.438499 0.522151
vt 0.536413 0.434917
vt 0.517900 0.691047
vt 0.378975 0.759339
vt 0.724211 0.603714
vt 0.568883 0.768659
vt 0.609419 0.213408
vt 0.625000 0.382072
vt 0.588498 0.519208
vt 0.209844 0.718096
vt 0.479559 0.953620
vt 0.390901 0.953078
vt 0.565332 0.774863
vt 0.583031 0.973602
vt 0.389658 0.010551
vt 0.376620 0.114133
vt 0.125000 0.581137
vt 0.375000 0.421875
s 0
g Cube.009_Material
usemtl Material
f 107/201/154 100/202/154 104/203/154
f 100/204/155 107/205/155 99/206/155
f 106/207/156 107/205/156 108/208/156
f 108/209/157 109/210/157 110/211/157
f 111/212/158 114/213/158 113/214/158
f 112/215/159 102/216/159 109/210/159
f 103/217/160 105/218/160 112/215/160
f 104/219/161 108/208/161 107/205/161
f 104/219/162 113/214/162 108/208/162
f 113/214/163 103/220/163 111/221/163
f 103/217/164 104/203/164 100/202/164
f 103/217/165 100/202/165 105/218/165
f 101/222/166 110/211/166 109/210/166 102/216/166
f 102/216/167 112/215/167 105/218/167
f 105/218/168 99/223/168 102/216/168
f 99/223/169 101/224/169 102/216/169
f 105/225/170 100/226/170 99/223/170
f 99/206/171 106/207/171 101/227/171
f 106/207/172 99/206/172 107/205/172
f 101/227/173 106/207/173 110/228/173
f 108/209/174 110/211/174 106/229/174
f 114/213/175 111/212/175 112/215/175
f 114/213/176 112/215/176 109/210/176
f 111/212/177 103/217/177 112/215/177
f 108/208/178 113/214/178 114/213/178
f 104/219/179 103/220/179 113/214/179
f 109/230/180 108/208/180 114/213/180
o Cube.010
v 12.417396 1.957237 -9.111816
v 12.551348 1.953497 -9.108233
v 12.659472 1.986403 -8.989088
v 12.398749 2.002029 -8.983132
v 12.372205 1.821843 -9.103949
v 12.631151 1.847842 -8.980281
v 12.586925 2.101829 -8.955588
v 12.498910 1.916997 -8.859553
v 12.324080 1.879395 -8.999261
vn -0.1186 -0.8921 0.4359
vn -0.1180 -0.9119 0.3931
vn 0.3909 -0.0214 0.9202
vn 0.6873 0.0492 0.7247
vn 0.7525 -0.1938 -0.6294
vn 0.0351 0.9454 -0.3240
vn -0.8228 0.2448 -0.5129
vn -0.7974 0.5247 -0.2982
vn 0.4004 -0.5682 -0.7189
vn -0.2891 0.7194 -0.6317
vn 0.5487 0.5320 -0.6449
vn -0.6346 0.2923 0.7154
vn -0.4053 0.5660 0.7179
vn 0.0248 -0.0663 -0.9975
vt 0.856741 0.527884
vt 0.792799 0.664448
vt 0.661337 0.518959
vt 0.570885 0.667835
vt 0.614877 0.834550
vt 0.495616 0.943630
vt 0.319826 0.718976
vt 0.602263 0.105449
vt 0.455701 0.107225
vt 0.553174 0.006579
vt 0.371255 0.573451
vt 0.135465 0.689951
vt 0.165587 0.530358
vt 0.553103 0.308270
vt 0.565029 0.471740
vt 0.392929 0.256090
vt 0.405598 0.560759
vt 0.171875 0.750000
s 0
g Cube.010_Material
usemtl Material
f 119/231/181 120/232/181 123/233/181
f 123/233/182 120/232/182 122/234/182
f 120/235/183 117/236/183 121/237/183
f 122/234/184 120/235/184 121/237/184
f 120/238/185 116/239/185 117/240/185
f 118/241/186 116/242/186 115/243/186
f 119/244/187 123/245/187 115/246/187
f 123/245/188 118/247/188 115/246/188
f 116/239/189 120/238/189 119/244/189
f 118/241/190 121/237/190 116/242/190
f 116/242/191 121/237/191 117/248/191
f 123/233/192 122/234/192 118/247/192
f 122/234/193 121/237/193 118/247/193
f 115/246/194 116/239/194 119/244/194
o Cube.011
v 11.510339 2.104984 -7.813789
v 11.407335 1.799432 -7.631126
v 11.254783 1.943545 -7.742940
v 11.427944 2.048360 -7.623209
v 11.590198 1.962467 -7.668245
v 11.557169 1.906473 -7.871090
v 11.359363 2.006268 -7.917035
v 11.556939 1.777562 -7.793829
v 11.376257 1.811665 -7.831240
vn -0.7109 -0.7001 0.0676
vn -0.5775 0.0219 0.8161
vn -0.5517 0.8340 0.0093
vn 0.5125 0.7371 0.4406
vn 0.9869 -0.0841 -0.1375
vn 0.9301 0.2859 -0.2304
vn 0.3711 0.3373 -0.8652
vn 0.0094 -0.4027 -0.9153
vn -0.7583 -0.3170 -0.5697
vn -0.1789 -0.9833 -0.0323
vn 0.0803 -0.5125 -0.8549
vn -0.5168 0.8561 -0.0020
vn 0.2420 -0.0509 0.9689
vn 0.5911 -0.5232 0.6138
vt 0.534218 0.539052
vt 0.807613 0.537738
vt 0.651467 0.712344
vt 0.812212 0.722590
vt 0.440472 0.699464
vt 0.505279 0.954605
vt 0.394685 0.910428
vt 0.529494 0.041599
vt 0.440272 0.169217
vt 0.407900 0.015209
vt 0.224689 0.500632
vt 0.298939 0.554231
vt 0.143822 0.628706
vt 0.350796 0.501919
vt 0.236030 0.724989
vt 0.358556 0.714558
vt 0.602122 0.296489
vt 0.527241 0.521298
vt 0.452229 0.375318
s 0
g Cube.011_Material
usemtl Material
f 132/249/195 125/250/195 126/251/195
f 126/251/196 125/250/196 127/252/196
f 130/253/197 127/254/197 124/255/197
f 127/256/198 128/257/198 124/258/198
f 131/259/199 129/260/199 128/261/199
f 128/261/200 129/262/200 124/263/200
f 129/262/201 130/264/201 124/263/201
f 129/262/202 132/249/202 130/253/202
f 132/249/203 126/251/203 130/253/203
f 125/265/204 132/266/204 131/267/204
f 131/267/205 132/249/205 129/262/205
f 126/251/206 127/254/206 130/253/206
f 127/256/207 125/265/207 128/257/207
f 125/265/208 131/267/208 128/257/208
o Cube.006
v 12.522856 2.047792 -9.073995
v 12.553015 1.935333 -8.921496
v 12.434418 1.825031 -9.063191
v 12.612478 1.977154 -9.042428
v 12.550456 1.855482 -9.029995
v 12.538400 1.878495 -9.155284
v 12.439359 2.002856 -9.089756
v 12.478341 2.001412 -8.922650
v 12.403508 1.870937 -8.972112
vn 0.5676 0.3981 -0.7206
vn 0.8711 -0.4613 -0.1686
vn -0.6313 -0.0974 -0.7694
vn 0.6067 0.6924 0.3906
vn 0.4339 0.7640 0.4776
vn -0.8804 0.4257 0.2091
vn -0.4881 0.8643 0.1213
vn -0.2205 -0.2326 0.9472
vn 0.1461 -0.7984 0.5841
vn 0.0944 -0.8758 0.4734
vn 0.3019 -0.9321 -0.2003
vn -0.0599 0.4276 -0.9020
vn -0.9498 -0.0202 -0.3121
vn 0.8659 -0.4124 0.2831
vt 0.423616 0.817668
vt 0.438163 0.985880
vt 0.399025 0.926987
vt 0.584080 0.909473
vt 0.477709 0.045024
vt 0.607265 0.122218
vt 0.441545 0.286085
vt 0.565477 0.549583
vt 0.592013 0.712367
vt 0.289400 0.584684
vt 0.400831 0.754486
vt 0.615924 0.357557
vt 0.551199 0.540629
vt 0.429879 0.509305
vt 0.769145 0.562221
vt 0.604783 0.677624
vt 0.780055 0.741830
vt 0.860509 0.631959
vt 0.567506 0.015179
vt 0.377433 0.096481
s 0
g Cube.006_Material
usemtl Material
f 136/268/209 138/269/209 133/270/209
f 137/271/210 138/269/210 136/268/210
f 138/272/211 135/273/211 139/274/211
f 140/275/212 134/276/212 133/277/212
f 134/276/213 136/278/213 133/277/213
f 139/274/214 141/279/214 140/280/214
f 140/280/215 133/281/215 139/274/215
f 140/275/216 141/282/216 134/283/216
f 134/283/217 141/282/217 137/284/217
f 141/282/218 135/285/218 137/284/218
f 137/286/219 135/273/219 138/272/219
f 133/287/220 138/272/220 139/274/220
f 139/274/221 135/273/221 141/279/221
f 134/276/222 137/271/222 136/268/222
o Cube.007
v 12.005792 1.838849 -8.169763
v 12.115037 1.829543 -8.014589
v 12.100275 1.925702 -8.222446
v 12.105853 2.047766 -8.140029
v 11.952485 1.986025 -8.143023
v 11.948780 1.856544 -8.042072
v 12.150982 1.966362 -8.023569
v 12.160913 1.849386 -8.120146
v 12.005132 1.927107 -7.970568
vn -0.2244 -0.5994 0.7683
vn 0.1107 -0.9844 -0.1369
vn 0.3485 -0.0301 0.9368
vn 0.2620 -0.6926 -0.6720
vn -0.4776 -0.0134 -0.8785
vn 0.9019 0.2126 -0.3760
vn -0.0108 0.8176 0.5757
vn -0.1697 -0.9836 0.0605
vn -0.8950 -0.2581 -0.3638
vn -0.8715 0.3167 0.3743
vn -0.2073 0.5539 -0.8064
vn 0.9495 0.2437 -0.1976
vn 0.9097 -0.2157 0.3548
vn -0.3495 0.8488 0.3967
vt 0.862532 0.586626
vt 0.666025 0.612825
vt 0.793538 0.524739
vt 0.799625 0.742317
vt 0.596159 0.725728
vt 0.676667 0.500000
vt 0.533198 0.702151
vt 0.502729 0.907748
vt 0.315429 0.689365
vt 0.215046 0.717794
vt 0.139986 0.551629
vt 0.365533 0.517965
vt 0.592775 0.342442
vt 0.523296 0.508923
vt 0.395346 0.376049
vt 0.510142 0.020803
vt 0.592582 0.143625
vt 0.414253 0.208459
s 0
g Cube.007_Material
usemtl Material
f 147/288/223 143/289/223 150/290/223
f 143/289/224 142/291/224 149/292/224
f 150/290/225 143/289/225 148/293/225
f 149/294/226 142/295/226 144/296/226
f 144/296/227 142/297/227 146/298/227
f 145/299/228 149/294/228 144/296/228
f 150/300/229 148/301/229 145/302/229
f 147/288/230 142/291/230 143/289/230
f 142/303/231 147/304/231 146/305/231
f 146/305/232 147/304/232 150/300/232
f 146/298/233 145/299/233 144/296/233
f 145/299/234 148/301/234 149/294/234
f 148/301/235 143/289/235 149/294/235
f 146/305/236 150/300/236 145/302/236
o Cube.008
v 10.057688 1.733921 -8.482724
v 9.944923 1.834752 -8.410686
v 9.863215 1.953153 -8.439582
v 9.920099 1.900033 -8.592135
v 9.998778 2.090345 -8.534531
v 10.110249 1.938356 -8.573753
v 10.126919 1.826406 -8.427114
v 9.881144 2.058906 -8.402170
v 10.037135 2.013617 -8.390825
vn -0.8076 -0.5814 -0.0987
vn -0.8572 0.2947 -0.4223
vn 0.0374 0.2753 -0.9606
vn 0.8339 -0.3888 -0.3916
vn 0.0820 -0.1516 0.9850
vn -0.0907 -0.0636 0.9938
vn 0.8140 0.5740 0.0892
vn 0.2265 0.8830 0.4110
vn -0.5605 -0.1901 0.8060
vn -0.7106 -0.6874 -0.1501
vn -0.7162 0.4560 -0.5282
vn 0.1735 -0.4375 -0.8823
vn 0.0508 -0.5423 0.8386
vn 0.8983 0.3925 0.1975
vt 0.551771 0.821043
vt 0.490236 0.981936
vt 0.443965 0.755163
vt 0.609545 0.740303
vt 0.579499 0.265268
vt 0.447677 0.232718
vt 0.490446 0.016300
vt 0.320967 0.499695
vt 0.242238 0.673984
vt 0.142687 0.564850
vt 0.543218 0.480597
vt 0.654480 0.663904
vt 0.651690 0.523626
vt 0.809399 0.589510
vt 0.375000 0.930496
vt 0.603518 0.001237
vt 0.583364 0.169025
vt 0.384386 0.054537
vt 0.382289 0.419599
s 0
g Cube.008_Material
usemtl Material
f 153/306/237 154/307/237 152/308/237
f 153/306/238 158/309/238 154/307/238
f 155/310/239 156/311/239 154/312/239
f 157/313/240 151/314/240 156/315/240
f 159/316/241 152/308/241 157/313/241
f 159/316/242 158/317/242 152/308/242
f 155/310/243 159/316/243 156/311/243
f 159/318/244 155/319/244 158/317/244
f 158/317/245 153/306/245 152/308/245
f 151/320/246 152/308/246 154/307/246
f 158/321/247 155/322/247 154/312/247
f 151/323/248 154/312/248 156/311/248
f 151/314/249 157/313/249 152/308/249
f 157/324/250 156/311/250 159/316/250
o Cube.009
v 12.225692 1.798992 -9.881583
v 12.224718 1.667157 -10.062043
v 12.154750 2.030949 -9.875310
v 11.939038 1.986070 -9.807487
v 11.960081 1.646999 -10.244511
v 12.160047 1.763896 -10.345515
v 11.897198 1.694436 -9.917936
v 12.310888 1.983557 -10.090878
v 12.301756 1.881958 -10.266426
v 12.082050 2.136704 -10.236118
v 11.922709 2.115972 -10.031071
v 12.195767 2.154653 -10.008146
v 11.811444 1.819841 -10.242205
v 11.776524 1.800331 -9.945518
v 11.906746 1.952913 -10.323817
v 11.780586 2.086068 -10.170775
vn 0.7078 -0.6034 -0.3674
vn 0.9672 -0.2076 0.1464
vn 0.6711 0.6260 -0.3972
vn -0.1396 0.9902 -0.0083
vn -0.7236 0.0994 -0.6830
vn -0.8183 0.4690 0.3323
vn -0.6573 -0.7535 -0.0171
vn 0.2445 0.3198 -0.9154
vn 0.1485 0.3069 -0.9401
vn -0.3534 -0.2920 -0.8887
vn 0.3220 -0.8711 -0.3707
vn -0.0210 -0.9900 0.1398
vn -0.0866 0.8146 0.5736
vn -0.4300 -0.2652 0.8630
vn 0.0097 -0.3554 0.9347
vn 0.2876 0.0621 0.9557
vn 0.1885 -0.7935 0.5787
vn 0.8111 0.2336 0.5362
vn 0.9467 -0.2976 0.1230
vn 0.8042 0.2903 0.5187
vn 0.6694 0.6360 -0.3840
vn -0.9892 -0.0820 -0.1218
vn -0.6680 0.4665 0.5797
vn -0.7525 -0.6454 -0.1310
vn -0.2644 0.6090 -0.7478
vn -0.2926 -0.2875 -0.9120
vn -0.1729 0.9843 -0.0348
vt 0.875000 0.649805
vt 0.849233 0.683396
vt 0.832712 0.540342
vt 0.580473 0.024703
vt 0.534759 0.188184
vt 0.498710 0.020990
vt 0.437420 0.135101
vt 0.411456 0.342495
vt 0.213804 0.511922
vt 0.337875 0.601179
vt 0.185175 0.619999
vt 0.611440 0.548317
vt 0.438499 0.522151
vt 0.536413 0.434917
vt 0.517900 0.691047
vt 0.378975 0.759339
vt 0.724211 0.603714
vt 0.568883 0.768659
vt 0.609419 0.213408
vt 0.625000 0.382072
vt 0.588498 0.519208
vt 0.209844 0.718096
vt 0.479559 0.953620
vt 0.390901 0.953078
vt 0.565332 0.774863
vt 0.583031 0.973602
vt 0.389658 0.010551
vt 0.376620 0.114133
vt 0.125000 0.581137
vt 0.375000 0.421875
s 0
g Cube.009_Material
usemtl Material
f 168/325/251 161/326/251 165/327/251
f 161/328/252 168/329/252 160/330/252
f 167/331/253 168/329/253 169/332/253
f 169/333/254 170/334/254 171/335/254
f 172/336/255 175/337/255 174/338/255
f 173/339/256 163/340/256 170/334/256
f 164/341/257 166/342/257 173/339/257
f 165/343/258 169/332/258 168/329/258
f 165/343/259 174/338/259 169/332/259
f 174/338/260 164/344/260 172/345/260
f 164/341/261 165/327/261 161/326/261
f 164/341/262 161/326/262 166/342/262
f 162/346/263 171/335/263 170/334/263 163/340/263
f 163/340/264 173/339/264 166/342/264
f 166/342/265 160/347/265 163/340/265
f 160/347/266 162/348/266 163/340/266
f 166/349/267 161/350/267 160/347/267
f 160/330/268 167/331/268 162/351/268
f 167/331/269 160/330/269 168/329/269
f 162/351/270 167/331/270 171/352/270
f 169/333/271 171/335/271 167/353/271
f 175/337/272 172/336/272 173/339/272
f 175/337/273 173/339/273 170/334/273
f 172/336/274 164/341/274 173/339/274
f 169/332/275 174/338/275 175/337/275
f 165/343/276 164/344/276 174/338/276
f 170/354/277 169/332/277 175/337/277
o Cube.010
v 11.155311 1.893277 -7.882437
v 11.079384 1.828608 -7.791181
v 11.095311 1.808191 -7.627608
v 11.254782 1.934496 -7.795027
v 11.087604 2.016906 -7.912661
v 11.016339 1.925837 -7.646094
v 11.232956 1.779935 -7.644878
v 11.193111 2.004377 -7.638825
v 11.201982 2.052403 -7.862399
vn -0.3725 0.9041 0.2093
vn -0.4057 0.8968 0.1765
vn 0.1735 0.2655 0.9484
vn -0.0270 -0.0317 0.9991
vn -0.8311 -0.5561 0.0115
vn 0.5058 -0.8442 -0.1775
vn 0.4031 -0.0030 -0.9152
vn 0.6812 -0.1086 -0.7240
vn -0.9398 -0.1553 -0.3043
vn 0.3902 -0.6693 -0.6323
vn -0.2122 -0.9720 -0.1007
vn 0.8732 0.4683 0.1352
vn 0.9405 0.1589 0.3003
vn -0.4998 -0.4540 -0.7376
vt 0.856741 0.527884
vt 0.792799 0.664448
vt 0.661337 0.518959
vt 0.570885 0.667835
vt 0.614877 0.834550
vt 0.495616 0.943630
vt 0.319826 0.718976
vt 0.602263 0.105449
vt 0.455701 0.107225
vt 0.553174 0.006579
vt 0.371255 0.573451
vt 0.135465 0.689951
vt 0.165587 0.530358
vt 0.553103 0.308270
vt 0.565029 0.471740
vt 0.392929 0.256090
vt 0.405598 0.560759
vt 0.171875 0.750000
s 0
g Cube.010_Material
usemtl Material
f 180/355/278 181/356/278 184/357/278
f 184/357/279 181/356/279 183/358/279
f 181/359/280 178/360/280 182/361/280
f 183/358/281 181/359/281 182/361/281
f 181/362/282 177/363/282 178/364/282
f 179/365/283 177/366/283 176/367/283
f 180/368/284 184/369/284 176/370/284
f 184/369/285 179/371/285 176/370/285
f 177/363/286 181/362/286 180/368/286
f 179/365/287 182/361/287 177/366/287
f 177/366/288 182/361/288 178/372/288
f 184/357/289 183/358/289 179/371/289
f 183/358/290 182/361/290 179/371/290
f 176/370/291 177/363/291 180/368/291
o Cube.011
v 10.092075 1.998883 -8.597803
v 9.727638 1.877659 -8.504438
v 9.786892 1.986520 -8.725704
v 9.893682 2.085463 -8.521450
v 9.968229 1.934259 -8.410876
v 10.029279 1.783663 -8.569642
v 9.993665 1.907074 -8.773946
v 9.902810 1.718417 -8.495868
v 9.831529 1.785551 -8.670405
vn -0.8746 -0.2992 -0.3814
vn -0.7732 0.6261 0.1010
vn 0.1621 0.8350 -0.5258
vn 0.5029 0.6579 0.5606
vn 0.6112 -0.4434 0.6556
vn 0.8475 -0.1821 0.4986
vn 0.8903 -0.3041 -0.3389
vn 0.2634 -0.8047 -0.5320
vn -0.3295 -0.3178 -0.8890
vn -0.6724 -0.7402 -0.0101
vn 0.2076 -0.8816 -0.4239
vn 0.2020 0.8358 -0.5105
vn -0.4123 0.3966 0.8202
vn -0.2924 -0.2723 0.9167
vt 0.534218 0.539052
vt 0.807613 0.537738
vt 0.651467 0.712344
vt 0.812212 0.722590
vt 0.440472 0.699464
vt 0.505279 0.954605
vt 0.394685 0.910428
vt 0.529494 0.041599
vt 0.440272 0.169217
vt 0.407900 0.015209
vt 0.224689 0.500632
vt 0.298939 0.554231
vt 0.143822 0.628706
vt 0.350796 0.501919
vt 0.236030 0.724989
vt 0.358556 0.714558
vt 0.602122 0.296489
vt 0.527241 0.521298
vt 0.452229 0.375318
s 0
g Cube.011_Material
usemtl Material
f 193/373/292 186/374/292 187/375/292
f 187/375/293 186/374/293 188/376/293
f 191/377/294 188/378/294 185/379/294
f 188/380/295 189/381/295 185/382/295
f 192/383/296 190/384/296 189/385/296
f 189/385/297 190/386/297 185/387/297
f 190/386/298 191/388/298 185/387/298
f 190/386/299 193/373/299 191/377/299
f 193/373/300 187/375/300 191/377/300
f 186/389/301 193/390/301 192/391/301
f 192/391/302 193/373/302 190/386/302
f 187/375/303 188/378/303 191/377/303
f 188/380/304 186/389/304 189/381/304
f 186/389/305 192/391/305 189/381/305
o Cube.006
v 9.996740 1.921159 -9.803171
v 9.847901 1.942399 -9.646902
v 10.017509 1.786619 -9.568658
v 9.979293 2.011097 -9.705632
v 9.982494 1.922523 -9.578485
v 10.117514 1.908058 -9.628230
v 10.016837 1.819944 -9.769197
v 9.833149 1.869578 -9.731648
v 9.906096 1.762927 -9.607836
vn 0.6819 0.5945 -0.4262
vn 0.2847 0.7899 0.5431
vn 0.7391 -0.6640 -0.1128
vn -0.4574 0.7123 -0.5324
vn -0.5636 0.5546 -0.6122
vn -0.3198 -0.8029 -0.5032
vn -0.2783 -0.3549 -0.8925
vn -0.9115 -0.2199 0.3476
vn -0.4468 0.0496 0.8933
vn -0.3286 -0.0164 0.9443
vn 0.3562 0.1584 0.9209
vn 0.8216 -0.0280 -0.5693
vn 0.2586 -0.9528 -0.1592
vn -0.1687 0.8068 0.5663
vt 0.423616 0.817668
vt 0.438163 0.985880
vt 0.399025 0.926987
vt 0.584080 0.909473
vt 0.477709 0.045024
vt 0.607265 0.122218
vt 0.441545 0.286085
vt 0.565477 0.549583
vt 0.592013 0.712367
vt 0.289400 0.584684
vt 0.400831 0.754486
vt 0.615924 0.357557
vt 0.551199 0.540629
vt 0.429879 0.509305
vt 0.769145 0.562221
vt 0.604783 0.677624
vt 0.780055 0.741830
vt 0.860509 0.631959
vt 0.567506 0.015179
vt 0.377433 0.096481
s 0
g Cube.006_Material
usemtl Material
f 197/392/306 199/393/306 194/394/306
f 198/395/307 199/393/307 197/392/307
f 199/396/308 196/397/308 200/398/308
f 201/399/309 195/400/309 194/401/309
f 195/400/310 197/402/310 194/401/310
f 200/398/311 202/403/311 201/404/311
f 201/404/312 194/405/312 200/398/312
f 201/399/313 202/406/313 195/407/313
f 195/407/314 202/406/314 198/408/314
f 202/406/315 196/409/315 198/408/315
f 198/410/316 196/397/316 199/396/316
f 194/411/317 199/396/317 200/398/317
f 200/398/318 196/397/318 202/403/318
f 195/400/319 198/395/319 197/392/319
o Cube.007
v 12.235082 1.914916 -9.695108
v 12.386287 1.856157 -9.768147
v 12.173337 1.827358 -9.768559
v 12.191990 1.858032 -9.901813
v 12.186967 1.986829 -9.816031
v 12.322380 2.000699 -9.744501
v 12.329304 1.838002 -9.886633
v 12.299747 1.790453 -9.755767
v 12.362434 1.977139 -9.841829
vn 0.8934 0.3487 0.2833
vn 0.3327 -0.2678 0.9042
vn 0.9031 -0.0791 -0.4222
vn -0.2353 -0.5219 0.8199
vn -0.8579 0.2126 0.4678
vn -0.2479 -0.9359 -0.2502
vn 0.1448 0.2719 -0.9514
vn 0.4512 0.0538 0.8908
vn -0.3801 0.7207 0.5798
vn 0.0203 0.9736 -0.2273
vn -0.9907 0.0466 -0.1280
vn -0.0958 -0.9284 -0.3590
vn 0.5827 -0.7972 -0.1581
vn -0.0917 0.5495 -0.8304
vt 0.862532 0.586626
vt 0.666025 0.612825
vt 0.793538 0.524739
vt 0.799625 0.742317
vt 0.596159 0.725728
vt 0.676667 0.500000
vt 0.533198 0.702151
vt 0.502729 0.907748
vt 0.315429 0.689365
vt 0.215046 0.717794
vt 0.139986 0.551629
vt 0.365533 0.517965
vt 0.592775 0.342442
vt 0.523296 0.508923
vt 0.395346 0.376049
vt 0.510142 0.020803
vt 0.592582 0.143625
vt 0.414253 0.208459
s 0
g Cube.007_Material
usemtl Material
f 208/412/320 204/413/320 211/414/320
f 204/413/321 203/415/321 210/416/321
f 211/414/322 204/413/322 209/417/322
f 210/418/323 203/419/323 205/420/323
f 205/420/324 203/421/324 207/422/324
f 206/423/325 210/418/325 205/420/325
f 211/424/326 209/425/326 206/426/326
f 208/412/327 203/415/327 204/413/327
f 203/427/328 208/428/328 207/429/328
f 207/429/329 208/428/329 211/424/329
f 207/422/330 206/423/330 205/420/330
f 206/423/331 209/425/331 210/418/331
f 209/425/332 204/413/332 210/418/332
f 207/429/333 211/424/333 206/426/333
o Cube.008
v 11.212549 1.809485 -7.895648
v 11.271396 1.904741 -7.809395
v 11.302424 1.920478 -7.690608
v 11.275540 1.779162 -7.703978
v 11.157110 1.864270 -7.597814
v 11.113475 1.782471 -7.731156
v 11.129930 1.869450 -7.859926
v 11.256948 1.974926 -7.626184
v 11.146253 1.955371 -7.705120
vn 0.9599 -0.1609 -0.2294
vn 0.7133 -0.1993 0.6719
vn -0.1084 -0.8312 0.5454
vn -0.6413 -0.5953 -0.4841
vn -0.0466 0.8755 -0.4810
vn 0.0852 0.9327 -0.3506
vn -0.9632 0.1489 0.2239
vn -0.5244 0.6222 0.5813
vn 0.5739 0.7788 -0.2531
vn 0.9063 -0.2538 -0.3380
vn 0.5279 -0.2699 0.8053
vn 0.0064 -0.9874 -0.1583
vn 0.1198 0.6247 -0.7716
vn -0.9825 0.1862 0.0002
vt 0.551771 0.821043
vt 0.490236 0.981936
vt 0.443965 0.755163
vt 0.609545 0.740303
vt 0.579499 0.265268
vt 0.447677 0.232718
vt 0.490446 0.016300
vt 0.320967 0.499695
vt 0.242238 0.673984
vt 0.142687 0.564850
vt 0.543218 0.480597
vt 0.654480 0.663904
vt 0.651690 0.523626
vt 0.809399 0.589510
vt 0.375000 0.930496
vt 0.603518 0.001237
vt 0.583364 0.169025
vt 0.384386 0.054537
vt 0.382289 0.419599
s 0
g Cube.008_Material
usemtl Material
f 214/430/334 215/431/334 213/432/334
f 214/430/335 219/433/335 215/431/335
f 216/434/336 217/435/336 215/436/336
f 218/437/337 212/438/337 217/439/337
f 220/440/338 213/432/338 218/437/338
f 220/440/339 219/441/339 213/432/339
f 216/434/340 220/440/340 217/435/340
f 220/442/341 216/443/341 219/441/341
f 219/441/342 214/430/342 213/432/342
f 212/444/343 213/432/343 215/431/343
f 219/445/344 216/446/344 215/436/344
f 212/447/345 215/436/345 217/435/345
f 212/438/346 218/437/346 213/432/346
f 218/448/347 217/435/347 220/440/347
o Cube.009
v 12.141397 1.746159 -8.409768
v 11.986322 1.841985 -8.375902
v 12.323455 1.786751 -8.334072
v 12.308740 1.666680 -8.185934
v 11.917783 1.899535 -8.124135
v 11.978754 2.059701 -8.244871
v 12.050089 1.655877 -8.152444
v 12.223462 1.973859 -8.406881
v 12.093314 2.072260 -8.365032
v 12.300313 2.061631 -8.176459
v 12.344338 1.862535 -8.104828
v 12.380657 1.929587 -8.321380
v 12.052896 1.905852 -7.991940
v 12.124445 1.673114 -8.040916
v 12.132250 2.028197 -8.033871
v 12.280534 1.918805 -7.960905
vn -0.6954 0.3527 -0.6261
vn -0.1445 0.1135 -0.9830
vn 0.4449 0.7775 -0.4445
vn 0.9241 0.2927 0.2456
vn -0.1461 0.4042 0.9029
vn 0.5575 -0.4021 0.7263
vn -0.7101 -0.4486 0.5427
vn -0.0234 0.9964 0.0818
vn -0.0439 0.9829 0.1787
vn -0.5855 0.5755 0.5710
vn -0.9465 0.1417 -0.2900
vn -0.8774 -0.4609 -0.1335
vn 0.9645 -0.2641 -0.0006
vn 0.0564 -0.9917 0.1157
vn -0.0036 -0.9432 -0.3322
vn 0.3940 -0.7328 -0.5548
vn -0.5393 -0.7163 -0.4427
vn 0.4059 -0.1348 -0.9039
vn -0.2370 0.0977 -0.9666
vn 0.4528 -0.1026 -0.8857
vn 0.4589 0.7685 -0.4458
vn -0.1178 -0.2390 0.9638
vn 0.6420 -0.5735 0.5088
vn -0.6488 -0.3425 0.6795
vn 0.3073 0.7801 0.5451
vn -0.5896 0.6172 0.5210
vn 0.9094 0.3035 0.2845
vt 0.875000 0.649805
vt 0.849233 0.683396
vt 0.832712 0.540342
vt 0.580473 0.024703
vt 0.534759 0.188184
vt 0.498710 0.020990
vt 0.437420 0.135101
vt 0.411456 0.342495
vt 0.213804 0.511922
vt 0.337875 0.601179
vt 0.185175 0.619999
vt 0.611440 0.548317
vt 0.438499 0.522151
vt 0.536413 0.434917
vt 0.517900 0.691047
vt 0.378975 0.759339
vt 0.724211 0.603714
vt 0.568883 0.768659
vt 0.609419 0.213408
vt 0.625000 0.382072
vt 0.588498 0.519208
vt 0.209844 0.718096
vt 0.479559 0.953620
vt 0.390901 0.953078
vt 0.565332 0.774863
vt 0.583031 0.973602
vt 0.389658 0.010551
vt 0.376620 0.114133
vt 0.125000 0.581137
vt 0.375000 0.421875
s 0
g Cube.009_Material
usemtl Material
f 229/449/348 222/450/348 226/451/348
f 222/452/349 229/453/349 221/454/349
f 228/455/350 229/453/350 230/456/350
f 230/457/351 231/458/351 232/459/351
f 233/460/352 236/461/352 235/462/352
f 234/463/353 224/464/353 231/458/353
f 225/465/354 227/466/354 234/463/354
f 226/467/355 230/456/355 229/453/355
f 226/467/356 235/462/356 230/456/356
f 235/462/357 225/468/357 233/469/357
f 225/465/358 226/451/358 222/450/358
f 225/465/359 222/450/359 227/466/359
f 223/470/360 232/459/360 231/458/360 224/464/360
f 224/464/361 234/463/361 227/466/361
f 227/466/362 221/471/362 224/464/362
f 221/471/363 223/472/363 224/464/363
f 227/473/364 222/474/364 221/471/364
f 221/454/365 228/455/365 223/475/365
f 228/455/366 221/454/366 229/453/366
f 223/475/367 228/455/367 232/476/367
f 230/457/368 232/459/368 228/477/368
f 236/461/369 233/460/369 234/463/369
f 236/461/370 234/463/370 231/458/370
f 233/460/371 225/465/371 234/463/371
f 230/456/372 235/462/372 236/461/372
f 226/467/373 225/468/373 235/462/373
f 231/478/374 230/456/374 236/461/374
o Cube.010
v 9.735029 1.871922 -9.397127
v 9.837968 1.825454 -9.442105
v 9.981268 1.849787 -9.409661
v 9.788250 1.950563 -9.316271
v 9.684405 1.781762 -9.318933
v 9.943439 1.751775 -9.335666
v 9.959003 1.975102 -9.406695
v 9.910172 1.885227 -9.228964
v 9.705773 1.873446 -9.249802
vn -0.0177 -0.5993 0.8003
vn -0.0427 -0.6304 0.7751
vn 0.8033 0.1290 0.5815
vn 0.9614 0.0203 0.2744
vn 0.2713 -0.6444 -0.7149
vn 0.0146 0.7120 -0.7021
vn -0.9167 0.3537 -0.1857
vn -0.7380 0.6571 -0.1534
vn -0.1314 -0.8713 -0.4729
vn -0.4540 0.5357 -0.7120
vn 0.2106 0.0605 -0.9757
vn -0.1116 0.7146 0.6906
vn 0.1264 0.8708 0.4751
vn -0.5095 -0.3825 -0.7708
vt 0.856741 0.527884
vt 0.792799 0.664448
vt 0.661337 0.518959
vt 0.570885 0.667835
vt 0.614877 0.834550
vt 0.495616 0.943630
vt 0.319826 0.718976
vt 0.602263 0.105449
vt 0.455701 0.107225
vt 0.553174 0.006579
vt 0.371255 0.573451
vt 0.135465 0.689951
vt 0.165587 0.530358
vt 0.553103 0.308270
vt 0.565029 0.471740
vt 0.392929 0.256090
vt 0.405598 0.560759
vt 0.171875 0.750000
s 0
g Cube.010_Material
usemtl Material
f 241/479/375 242/480/375 245/481/375
f 245/481/376 242/480/376 244/482/376
f 242/483/377 239/484/377 243/485/377
f 244/482/378 242/483/378 243/485/378
f 242/486/379 238/487/379 239/488/379
f 240/489/380 238/490/380 237/491/380
f 241/492/381 245/493/381 237/494/381
f 245/493/382 240/495/382 237/494/382
f 238/487/383 242/486/383 241/492/383
f 240/489/384 243/485/384 238/490/384
f 238/490/385 243/485/385 239/496/385
f 245/481/386 244/482/386 240/495/386
f 244/482/387 243/485/387 240/495/387
f 237/494/388 238/487/388 241/492/388
o Cube.011
v 11.569210 1.970356 -10.485299
v 11.610855 1.801776 -10.177933
v 11.419436 1.796281 -10.298923
v 11.523272 1.994430 -10.286957
v 11.697979 1.967706 -10.321430
v 11.692939 1.814048 -10.453858
v 11.481778 1.792825 -10.491537
v 11.747414 1.758546 -10.333655
v 11.578654 1.699873 -10.338964
vn -0.3264 -0.7679 0.5512
vn -0.5251 0.2256 0.8206
vn -0.8644 0.4346 -0.2529
vn 0.1334 0.9871 -0.0889
vn 0.9215 0.2358 -0.3087
vn 0.7062 0.4488 -0.5476
vn 0.1807 -0.0545 -0.9820
vn 0.1847 -0.7828 -0.5942
vn -0.5404 -0.8260 -0.1601
vn 0.2758 -0.8362 0.4740
vn 0.2971 -0.8085 -0.5080
vn -0.8430 0.4587 -0.2811
vn 0.2420 0.5589 0.7932
vn 0.7635 0.1436 0.6296
vt 0.534218 0.539052
vt 0.807613 0.537738
vt 0.651467 0.712344
vt 0.812212 0.722590
vt 0.440472 0.699464
vt 0.505279 0.954605
vt 0.394685 0.910428
vt 0.529494 0.041599
vt 0.440272 0.169217
vt 0.407900 0.015209
vt 0.224689 0.500632
vt 0.298939 0.554231
vt 0.143822 0.628706
vt 0.350796 0.501919
vt 0.236030 0.724989
vt 0.358556 0.714558
vt 0.602122 0.296489
vt 0.527241 0.521298
vt 0.452229 0.375318
s 0
g Cube.011_Material
usemtl Material
f 254/497/389 247/498/389 248/499/389
f 248/499/390 247/498/390 249/500/390
f 252/501/391 249/502/391 246/503/391
f 249/504/392 250/505/392 246/506/392
f 253/507/393 251/508/393 250/509/393
f 250/509/394 251/510/394 246/511/394
f 251/510/395 252/512/395 246/511/395
f 251/510/396 254/497/396 252/501/396
f 254/497/397 248/499/397 252/501/397
f 247/513/398 254/514/398 253/515/398
f 253/515/399 254/497/399 251/510/399
f 248/499/400 249/502/400 252/501/400
f 249/504/401 247/513/401 250/505/401
f 247/513/402 253/515/402 250/505/402
o Cube.006
v 9.927449 1.778011 -9.030415
v 9.715627 1.801847 -9.078888
v 9.768273 1.952386 -8.892660
v 9.862079 1.851775 -9.122519
v 9.767605 1.939096 -9.033854
v 9.899234 1.987784 -8.994404
v 9.905766 1.804197 -8.926310
v 9.750886 1.718888 -9.009728
v 9.708063 1.846971 -8.890125
vn 0.8668 0.1953 -0.4588
vn -0.0391 0.6908 -0.7220
vn 0.5290 0.3116 0.7893
vn 0.1115 -0.6080 -0.7861
vn 0.0639 -0.7563 -0.6511
vn -0.0149 -0.6851 0.7283
vn 0.3343 -0.8952 0.2948
vn -0.9330 -0.3566 0.0479
vn -0.9125 0.3880 -0.1293
vn -0.8680 0.4948 -0.0425
vn -0.3225 0.9425 -0.0872
vn 0.9788 0.1010 0.1785
vn 0.1648 -0.0705 0.9838
vn -0.3871 0.4165 -0.8226
vt 0.423616 0.817668
vt 0.438163 0.985880
vt 0.399025 0.926987
vt 0.584080 0.909473
vt 0.477709 0.045024
vt 0.607265 0.122218
vt 0.441545 0.286085
vt 0.565477 0.549583
vt 0.592013 0.712367
vt 0.289400 0.584684
vt 0.400831 0.754486
vt 0.615924 0.357557
vt 0.551199 0.540629
vt 0.429879 0.509305
vt 0.769145 0.562221
vt 0.604783 0.677624
vt 0.780055 0.741830
vt 0.860509 0.631959
vt 0.567506 0.015179
vt 0.377433 0.096481
s 0
g Cube.006_Material
usemtl Material
f 258/516/403 260/517/403 255/518/403
f 259/519/404 260/517/404 258/516/404
f 260/520/405 257/521/405 261/522/405
f 262/523/406 256/524/406 255/525/406
f 256/524/407 258/526/407 255/525/407
f 261/522/408 263/527/408 262/528/408
f 262/528/409 255/529/409 261/522/409
f 262/523/410 263/530/410 256/531/410
f 256/531/411 263/530/411 259/532/411
f 263/530/412 257/533/412 259/532/412
f 259/534/413 257/521/413 260/520/413
f 255/535/414 260/520/414 261/522/414
f 261/522/415 257/521/415 263/527/415
f 256/524/416 259/519/416 258/516/416
o Cube.007
v 9.996047 1.735615 -9.706569
v 9.886776 1.854511 -9.675256
v 10.080904 1.812492 -9.670315
v 10.083500 1.912902 -9.749008
v 10.047742 1.793785 -9.819902
v 9.911824 1.764769 -9.789924
v 9.962788 1.942592 -9.714283
v 9.973465 1.847766 -9.623651
v 9.898940 1.862115 -9.807295
vn -0.9840 -0.1479 -0.0992
vn -0.4470 -0.5883 0.6739
vn -0.7639 0.6445 -0.0333
vn 0.1659 -0.5645 0.8086
vn 0.6843 -0.7266 -0.0608
vn 0.4782 0.5341 0.6972
vn -0.0019 0.7569 -0.6536
vn -0.6231 -0.6762 0.3931
vn 0.1007 -0.9030 -0.4176
vn -0.1714 -0.1950 -0.9657
vn 0.9656 -0.1755 -0.1921
vn 0.3528 0.6670 0.6563
vn -0.3644 0.6217 0.6934
vn 0.1440 0.4738 -0.8688
vt 0.862532 0.586626
vt 0.666025 0.612825
vt 0.793538 0.524739
vt 0.799625 0.742317
vt 0.596159 0.725728
vt 0.676667 0.500000
vt 0.533198 0.702151
vt 0.502729 0.907748
vt 0.315429 0.689365
vt 0.215046 0.717794
vt 0.139986 0.551629
vt 0.365533 0.517965
vt 0.592775 0.342442
vt 0.523296 0.508923
vt 0.395346 0.376049
vt 0.510142 0.020803
vt 0.592582 0.143625
vt 0.414253 0.208459
s 0
g Cube.007_Material
usemtl Material
f 269/536/417 265/537/417 272/538/417
f 265/537/418 264/539/418 271/540/418
f 272/538/419 265/537/419 270/541/419
f 271/542/420 264/543/420 266/544/420
f 266/544/421 264/545/421 268/546/421
f 267/547/422 271/542/422 266/544/422
f 272/548/423 270/549/423 267/550/423
f 269/536/424 264/539/424 265/537/424
f 264/551/425 269/552/425 268/553/425
f 268/553/426 269/552/426 272/548/426
f 268/546/427 267/547/427 266/544/427
f 267/547/428 270/549/428 271/542/428
f 270/549/429 265/537/429 271/542/429
f 268/553/430 272/548/430 267/550/430
o Cube.008
v 11.713512 1.900270 -10.202055
v 11.736596 1.890574 -10.352838
v 11.669003 1.876902 -10.467565
v 11.560875 1.913332 -10.360838
v 11.540668 1.732893 -10.432178
v 11.563581 1.766129 -10.261248
v 11.727009 1.786015 -10.223133
v 11.662135 1.791379 -10.525687
v 11.689019 1.718452 -10.399101
vn 0.1347 0.9715 -0.1951
vn -0.5105 0.5110 -0.6916
vn -0.9907 0.0633 0.1205
vn -0.1993 -0.2005 0.9592
vn 0.9648 -0.2349 -0.1181
vn 0.9367 -0.1779 -0.3014
vn -0.1404 -0.9682 0.2071
vn 0.0282 -0.8635 -0.5035
vn 0.8114 0.2826 -0.5117
vn 0.1303 0.9905 -0.0438
vn -0.6708 0.3364 -0.6609
vn -0.6349 0.4249 0.6453
vn 0.9854 0.0896 0.1451
vn 0.0317 -0.9354 0.3523
vt 0.551771 0.821043
vt 0.490236 0.981936
vt 0.443965 0.755163
vt 0.609545 0.740303
vt 0.579499 0.265268
vt 0.447677 0.232718
vt 0.490446 0.016300
vt 0.320967 0.499695
vt 0.242238 0.673984
vt 0.142687 0.564850
vt 0.543218 0.480597
vt 0.654480 0.663904
vt 0.651690 0.523626
vt 0.809399 0.589510
vt 0.375000 0.930496
vt 0.603518 0.001237
vt 0.583364 0.169025
vt 0.384386 0.054537
vt 0.382289 0.419599
s 0
g Cube.008_Material
usemtl Material
f 275/554/431 276/555/431 274/556/431
f 275/554/432 280/557/432 276/555/432
f 277/558/433 278/559/433 276/560/433
f 279/561/434 273/562/434 278/563/434
f 281/564/435 274/556/435 279/561/435
f 281/564/436 280/565/436 274/556/436
f 277/558/437 281/564/437 278/559/437
f 281/566/438 277/567/438 280/565/438
f 280/565/439 275/554/439 274/556/439
f 273/568/440 274/556/440 276/555/440
f 280/569/441 277/570/441 276/560/441
f 273/571/442 276/560/442 278/559/442
f 273/562/443 279/561/443 274/556/443
f 279/572/444 278/559/444 281/564/444
o Cube.009
v 12.445477 1.556662 -9.346710
v 12.408908 1.576562 -9.132430
v 12.464064 1.735569 -9.501031
v 12.688608 1.749098 -9.491180
v 12.583252 1.774944 -8.961523
v 12.346458 1.835468 -8.995884
v 12.745234 1.636349 -9.210955
v 12.258609 1.771681 -9.339117
v 12.224946 1.812035 -9.147897
v 12.379532 2.049752 -9.316509
v 12.597793 1.975629 -9.424257
v 12.355731 1.881507 -9.499133
v 12.681286 1.946953 -9.063422
v 12.821311 1.770554 -9.249906
v 12.541027 2.047468 -9.109642
v 12.680482 2.094298 -9.290755
vn -0.6524 -0.4707 0.5940
vn -0.7833 -0.6170 -0.0764
vn -0.8828 0.4035 -0.2406
vn -0.0799 0.7383 -0.6697
vn 0.3896 0.7735 0.5000
vn 0.7678 0.4442 -0.4618
vn 0.7462 -0.2432 0.6197
vn -0.6200 0.6804 0.3907
vn -0.5391 0.7249 0.4289
vn 0.0589 0.4837 0.8732
vn -0.2479 -0.4980 0.8310
vn 0.2734 -0.7544 0.5967
vn 0.1191 0.2416 -0.9630
vn 0.7584 -0.5371 -0.3693
vn 0.4033 -0.8178 -0.4105
vn 0.0725 -0.6557 -0.7515
vn 0.2018 -0.9715 0.1247
vn -0.5909 -0.4909 -0.6403
vn -0.7547 -0.6561 0.0056
vn -0.6025 -0.4386 -0.6668
vn -0.8785 0.4029 -0.2567
vn 0.8717 0.4126 0.2643
vn 0.7215 0.2315 -0.6526
vn 0.7693 -0.0617 0.6360
vn -0.1562 0.9788 0.1328
vn -0.0057 0.4768 0.8790
vn -0.0580 0.7637 -0.6429
vt 0.875000 0.649805
vt 0.849233 0.683396
vt 0.832712 0.540342
vt 0.580473 0.024703
vt 0.534759 0.188184
vt 0.498710 0.020990
vt 0.437420 0.135101
vt 0.411456 0.342495
vt 0.213804 0.511922
vt 0.337875 0.601179
vt 0.185175 0.619999
vt 0.611440 0.548317
vt 0.438499 0.522151
vt 0.536413 0.434917
vt 0.517900 0.691047
vt 0.378975 0.759339
vt 0.724211 0.603714
vt 0.568883 0.768659
vt 0.609419 0.213408
vt 0.625000 0.382072
vt 0.588498 0.519208
vt 0.209844 0.718096
vt 0.479559 0.953620
vt 0.390901 0.953078
vt 0.565332 0.774863
vt 0.583031 0.973602
vt 0.389658 0.010551
vt 0.376620 0.114133
vt 0.125000 0.581137
vt 0.375000 0.421875
s 0
g Cube.009_Material
usemtl Material
f 290/573/445 283/574/445 287/575/445
f 283/576/446 290/577/446 282/578/446
f 289/579/447 290/577/447 291/580/447
f 291/581/448 292/582/448 293/583/448
f 294/584/449 297/585/449 296/586/449
f 295/587/450 285/588/450 292/582/450
f 286/589/451 288/590/451 295/587/451
f 287/591/452 291/580/452 290/577/452
f 287/591/453 296/586/453 291/580/453
f 296/586/454 286/592/454 294/593/454
f 286/589/455 287/575/455 283/574/455
f 286/589/456 283/574/456 288/590/456
f 284/594/457 293/583/457 292/582/457 285/588/457
f 285/588/458 295/587/458 288/590/458
f 288/590/459 282/595/459 285/588/459
f 282/595/460 284/596/460 285/588/460
f 288/597/461 283/598/461 282/595/461
f 282/578/462 289/579/462 284/599/462
f 289/579/463 282/578/463 290/577/463
f 284/599/464 289/579/464 293/600/464
f 291/581/465 293/583/465 289/601/465
f 297/585/466 294/584/466 295/587/466
f 297/585/467 295/587/467 292/582/467
f 294/584/468 286/589/468 295/587/468
f 291/580/469 296/586/469 297/585/469
f 287/591/470 286/592/470 296/586/470
f 292/602/471 291/580/471 297/585/471
o Cube.010
v 10.010552 1.848526 -8.694756
v 9.994429 1.923149 -8.544399
v 9.838225 1.931038 -8.409439
v 9.850386 1.783654 -8.702931
v 10.110478 1.701251 -8.669028
v 9.937677 1.790532 -8.363180
v 9.725682 1.961358 -8.542109
v 9.780033 1.683810 -8.511715
v 9.967967 1.646576 -8.723337
vn 0.2025 -0.9033 0.3781
vn 0.2483 -0.8921 0.3775
vn -0.7525 -0.3487 0.5587
vn -0.6671 -0.0492 0.7434
vn 0.5472 0.5845 0.5991
vn -0.3157 0.8360 -0.4488
vn 0.3344 0.0626 -0.9404
vn -0.0068 0.1415 -0.9899
vn 0.8758 0.2154 0.4319
vn 0.0940 0.7035 -0.7044
vn 0.1409 0.9844 0.1055
vn -0.6855 -0.5107 -0.5189
vn -0.8732 -0.2187 -0.4355
vn 0.8287 0.5317 -0.1750
vt 0.856741 0.527884
vt 0.792799 0.664448
vt 0.661337 0.518959
vt 0.570885 0.667835
vt 0.614877 0.834550
vt 0.495616 0.943630
vt 0.319826 0.718976
vt 0.602263 0.105449
vt 0.455701 0.107225
vt 0.553174 0.006579
vt 0.371255 0.573451
vt 0.135465 0.689951
vt 0.165587 0.530358
vt 0.553103 0.308270
vt 0.565029 0.471740
vt 0.392929 0.256090
vt 0.405598 0.560759
vt 0.171875 0.750000
s 0
g Cube.010_Material
usemtl Material
f 302/603/472 303/604/472 306/605/472
f 306/605/473 303/604/473 305/606/473
f 303/607/474 300/608/474 304/609/474
f 305/606/475 303/607/475 304/609/475
f 303/610/476 299/611/476 300/612/476
f 301/613/477 299/614/477 298/615/477
f 302/616/478 306/617/478 298/618/478
f 306/617/479 301/619/479 298/618/479
f 299/611/480 303/610/480 302/616/480
f 301/613/481 304/609/481 299/614/481
f 299/614/482 304/609/482 300/620/482
f 306/605/483 305/606/483 301/619/483
f 305/606/484 304/609/484 301/619/484
f 298/618/485 299/611/485 302/616/485
o Cube.011
v 12.317911 1.956588 -9.730667
v 12.313629 1.661565 -9.831647
v 12.168704 1.742397 -9.719828
v 12.354269 1.789853 -9.670043
v 12.431638 1.831032 -9.802789
v 12.301836 1.906207 -9.900922
v 12.156027 1.910871 -9.778560
v 12.328918 1.797296 -9.959229
v 12.192787 1.770243 -9.883935
vn -0.5985 -0.7707 -0.2186
vn 0.0361 -0.7871 0.6158
vn -0.3398 0.2550 0.9052
vn 0.7511 0.3640 0.5507
vn 0.6892 0.4677 -0.5534
vn 0.6289 0.7274 -0.2746
vn -0.1897 0.9462 -0.2621
vn -0.5870 0.3816 -0.7140
vn -0.9774 -0.1313 -0.1657
vn -0.2686 -0.6435 -0.7168
vn -0.5066 0.3056 -0.8062
vn -0.3166 0.2909 0.9028
vn 0.7687 -0.5809 0.2678
vn 0.7798 -0.4732 -0.4100
vt 0.534218 0.539052
vt 0.807613 0.537738
vt 0.651467 0.712344
vt 0.812212 0.722590
vt 0.440472 0.699464
vt 0.505279 0.954605
vt 0.394685 0.910428
vt 0.529494 0.041599
vt 0.440272 0.169217
vt 0.407900 0.015209
vt 0.224689 0.500632
vt 0.298939 0.554231
vt 0.143822 0.628706
vt 0.350796 0.501919
vt 0.236030 0.724989
vt 0.358556 0.714558
vt 0.602122 0.296489
vt 0.527241 0.521298
vt 0.452229 0.375318
s 0
g Cube.011_Material
usemtl Material
f 315/621/486 308/622/486 309/623/486
f 309/623/487 308/622/487 310/624/487
f 313/625/488 310/626/488 307/627/488
f 310/628/489 311/629/489 307/630/489
f 314/631/490 312/632/490 311/633/490
f 311/633/491 312/634/491 307/635/491
f 312/634/492 313/636/492 307/635/492
f 312/634/493 315/621/493 313/625/493
f 315/621/494 309/623/494 313/625/494
f 308/637/495 315/638/495 314/639/495
f 314/639/496 315/621/496 312/634/496
f 309/623/497 310/626/497 313/625/497
f 310/628/498 308/637/498 311/629/498
f 308/637/499 314/639/499 311/629/499
o Cube.006
v 9.866415 1.888468 -9.389678
v 9.817820 1.699126 -9.424657
v 9.893035 1.787271 -9.614874
v 9.926266 1.782710 -9.373851
v 9.927615 1.729079 -9.505256
v 10.002954 1.837108 -9.519143
v 9.844741 1.910745 -9.484187
v 9.746634 1.773787 -9.427956
v 9.789037 1.764524 -9.585984
vn 0.6932 0.4736 0.5432
vn 0.8122 -0.5372 0.2276
vn 0.2091 0.7482 -0.6296
vn -0.1842 -0.1326 0.9739
vn -0.3756 -0.0743 0.9238
vn -0.8327 0.4929 -0.2523
vn -0.7072 0.6346 0.3118
vn -0.7121 -0.6856 -0.1509
vn -0.0203 -0.9278 -0.3725
vn 0.0573 -0.8742 -0.4822
vn 0.6790 -0.5378 -0.4997
vn 0.4392 0.8917 0.1095
vn -0.3329 0.6209 -0.7097
vn 0.4703 -0.8154 0.3376
vt 0.423616 0.817668
vt 0.438163 0.985880
vt 0.399025 0.926987
vt 0.584080 0.909473
vt 0.477709 0.045024
vt 0.607265 0.122218
vt 0.441545 0.286085
vt 0.565477 0.549583
vt 0.592013 0.712367
vt 0.289400 0.584684
vt 0.400831 0.754486
vt 0.615924 0.357557
vt 0.551199 0.540629
vt 0.429879 0.509305
vt 0.769145 0.562221
vt 0.604783 0.677624
vt 0.780055 0.741830
vt 0.860509 0.631959
vt 0.567506 0.015179
vt 0.377433 0.096481
s 0
g Cube.006_Material
usemtl Material
f 319/640/500 321/641/500 316/642/500
f 320/643/501 321/641/501 319/640/501
f 321/644/502 318/645/502 322/646/502
f 323/647/503 317/648/503 316/649/503
f 317/648/504 319/650/504 316/649/504
f 322/646/505 324/651/505 323/652/505
f 323/652/506 316/653/506 322/646/506
f 323/647/507 324/654/507 317/655/507
f 317/655/508 324/654/508 320/656/508
f 324/654/509 318/657/509 320/656/509
f 320/658/510 318/645/510 321/644/510
f 316/659/511 321/644/511 322/646/511
f 322/646/512 318/645/512 324/651/512
f 317/648/513 320/643/513 319/640/513
o Cube.007
v 11.668497 1.666354 -10.330835
v 11.797272 1.805858 -10.318447
v 11.645469 1.708799 -10.461090
v 11.591822 1.846276 -10.459049
v 11.541214 1.761549 -10.326097
v 11.667062 1.754347 -10.220486
v 11.718843 1.894291 -10.397026
v 11.773235 1.754073 -10.420516
v 11.676947 1.866662 -10.244799
vn 0.5637 0.1271 0.8161
vn 0.7157 -0.6762 0.1745
vn 0.5689 0.7674 0.2958
vn 0.4093 -0.8437 -0.3473
vn -0.5956 -0.7888 -0.1517
vn 0.2628 0.1168 -0.9578
vn -0.3797 0.9230 0.0630
vn 0.6155 -0.6123 0.4962
vn -0.4915 -0.6840 0.5390
vn -0.6201 0.2177 0.7537
vn -0.8075 -0.3076 -0.5034
vn 0.3336 0.2802 -0.9001
vn 0.8329 0.3890 -0.3935
vn -0.6718 0.7135 0.1990
vt 0.862532 0.586626
vt 0.666025 0.612825
vt 0.793538 0.524739
vt 0.799625 0.742317
vt 0.596159 0.725728
vt 0.676667 0.500000
vt 0.533198 0.702151
vt 0.502729 0.907748
vt 0.315429 0.689365
vt 0.215046 0.717794
vt 0.139986 0.551629
vt 0.365533 0.517965
vt 0.592775 0.342442
vt 0.523296 0.508923
vt 0.395346 0.376049
vt 0.510142 0.020803
vt 0.592582 0.143625
vt 0.414253 0.208459
s 0
g Cube.007_Material
usemtl Material
f 330/660/514 326/661/514 333/662/514
f 326/661/515 325/663/515 332/664/515
f 333/662/516 326/661/516 331/665/516
f 332/666/517 325/667/517 327/668/517
f 327/668/518 325/669/518 329/670/518
f 328/671/519 332/666/519 327/668/519
f 333/672/520 331/673/520 328/674/520
f 330/660/521 325/663/521 326/661/521
f 325/675/522 330/676/522 329/677/522
f 329/677/523 330/676/523 333/672/523
f 329/670/524 328/671/524 327/668/524
f 328/671/525 331/673/525 332/666/525
f 331/673/526 326/661/526 332/666/526
f 329/677/527 333/672/527 328/674/527
o Cube.008
v 12.513595 1.598588 -8.957738
v 12.592356 1.770497 -8.932394
v 12.636414 1.876214 -8.810746
v 12.603612 1.706318 -8.720810
v 12.443864 1.879604 -8.659638
v 12.384236 1.688337 -8.748629
v 12.401293 1.691870 -8.958837
v 12.575012 1.984810 -8.776560
v 12.424428 1.903343 -8.847723
vn 0.9591 -0.2528 -0.1277
vn 0.7279 0.2057 0.6541
vn -0.0831 -0.3990 0.9132
vn -0.6372 -0.7679 -0.0646
vn -0.0717 0.4701 -0.8797
vn 0.0611 0.5902 -0.8049
vn -0.9622 0.2396 0.1297
vn -0.5271 0.8347 0.1598
vn 0.5542 0.5184 -0.6512
vn 0.9055 -0.3903 -0.1666
vn 0.5462 0.2180 0.8088
vn 0.0233 -0.9134 0.4064
vn 0.0948 0.1025 -0.9902
vn -0.9859 0.1486 -0.0775
vt 0.551771 0.821043
vt 0.490236 0.981936
vt 0.443965 0.755163
vt 0.609545 0.740303
vt 0.579499 0.265268
vt 0.447677 0.232718
vt 0.490446 0.016300
vt 0.320967 0.499695
vt 0.242238 0.673984
vt 0.142687 0.564850
vt 0.543218 0.480597
vt 0.654480 0.663904
vt 0.651690 0.523626
vt 0.809399 0.589510
vt 0.375000 0.930496
vt 0.603518 0.001237
vt 0.583364 0.169025
vt 0.384386 0.054537
vt 0.382289 0.419599
s 0
g Cube.008_Material
usemtl Material
f 336/678/528 337/679/528 335/680/528
f 336/678/529 341/681/529 337/679/529
f 338/682/530 339/683/530 337/684/530
f 340/685/531 334/686/531 339/687/531
f 342/688/532 335/680/532 340/685/532
f 342/688/533 341/689/533 335/680/533
f 338/682/534 342/688/534 339/683/534
f 342/690/535 338/691/535 341/689/535
f 341/689/536 336/678/536 335/680/536
f 334/692/537 335/680/537 337/679/537
f 341/693/538 338/694/538 337/684/538
f 334/695/539 337/684/539 339/683/539
f 334/686/540 340/685/540 335/680/540
f 340/696/541 339/683/541 342/688/541
o Cube.009
v 10.729079 1.814420 -7.698647
v 10.803399 1.806852 -7.868389
v 10.535024 1.847999 -7.656744
v 10.486757 1.663273 -7.644846
v 10.690415 1.654229 -8.056456
v 10.677176 1.861913 -8.082145
v 10.666332 1.551964 -7.798247
v 10.609035 1.990699 -7.813240
v 10.658945 1.987336 -7.974121
v 10.390704 1.918500 -7.930939
v 10.362971 1.750929 -7.797221
v 10.448831 1.953055 -7.730092
v 10.506613 1.612034 -8.041512
v 10.538537 1.511840 -7.816447
v 10.441349 1.747142 -8.064312
v 10.311414 1.671559 -7.935083
vn 0.8189 0.4383 -0.3706
vn 0.6720 0.6921 0.2634
vn -0.2626 0.9596 -0.1015
vn -0.9229 0.3217 0.2117
vn -0.5295 -0.3835 -0.7567
vn -0.7618 -0.5822 0.2839
vn 0.3250 -0.8892 -0.3219
vn -0.2754 0.6041 -0.7478
vn -0.3146 0.5234 -0.7919
vn -0.0376 -0.1839 -0.9822
vn 0.8601 -0.0083 -0.5100
vn 0.8612 -0.4949 -0.1157
vn -0.6695 0.1276 0.7318
vn 0.1306 -0.7235 0.6779
vn 0.4332 -0.4085 0.8034
vn 0.2123 0.0075 0.9772
vn 0.8519 -0.3511 0.3886
vn 0.2663 0.6462 0.7152
vn 0.7365 0.6414 0.2151
vn 0.2117 0.6703 0.7113
vn -0.2703 0.9589 -0.0867
vn -0.4300 -0.8459 -0.3156
vn -0.6537 -0.5239 0.5461
vn 0.1703 -0.8910 -0.4208
vn -0.7521 0.2517 -0.6090
vn -0.0148 -0.1237 -0.9922
vn -0.9376 0.2981 0.1790
vt 0.875000 0.649805
vt 0.849233 0.683396
vt 0.832712 0.540342
vt 0.580473 0.024703
vt 0.534759 0.188184
vt 0.498710 0.020990
vt 0.437420 0.135101
vt 0.411456 0.342495
vt 0.213804 0.511922
vt 0.337875 0.601179
vt 0.185175 0.619999
vt 0.611440 0.548317
vt 0.438499 0.522151
vt 0.536413 0.434917
vt 0.517900 0.691047
vt 0.378975 0.759339
vt 0.724211 0.603714
vt 0.568883 0.768659
vt 0.609419 0.213408
vt 0.625000 0.382072
vt 0.588498 0.519208
vt 0.209844 0.718096
vt 0.479559 0.953620
vt 0.390901 0.953078
vt 0.565332 0.774863
vt 0.583031 0.973602
vt 0.389658 0.010551
vt 0.376620 0.114133
vt 0.125000 0.581137
vt 0.375000 0.421875
s 0
g Cube.009_Material
usemtl Material
f 351/697/542 344/698/542 348/699/542
f 344/700/543 351/701/543 343/702/543
f 350/703/544 351/701/544 352/704/544
f 352/705/545 353/706/545 354/707/545
f 355/708/546 358/709/546 357/710/546
f 356/711/547 346/712/547 353/706/547
f 347/713/548 349/714/548 356/711/548
f 348/715/549 352/704/549 351/701/549
f 348/715/550 357/710/550 352/704/550
f 357/710/551 347/716/551 355/717/551
f 347/713/552 348/699/552 344/698/552
f 347/713/553 344/698/553 349/714/553
f 345/718/554 354/707/554 353/706/554 346/712/554
f 346/712/555 356/711/555 349/714/555
f 349/714/556 343/719/556 346/712/556
f 343/719/557 345/720/557 346/712/557
f 349/721/558 344/722/558 343/719/558
f 343/702/559 350/703/559 345/723/559
f 350/703/560 343/702/560 351/701/560
f 345/723/561 350/703/561 354/724/561
f 352/705/562 354/707/562 350/725/562
f 358/709/563 355/708/563 356/711/563
f 358/709/564 356/711/564 353/706/564
f 355/708/565 347/713/565 356/711/565
f 352/704/566 357/710/566 358/709/566
f 348/715/567 347/716/567 357/710/567
f 353/726/568 352/704/568 358/709/568
o Cube.010
v 9.959040 1.745729 -9.918896
v 9.942935 1.704746 -9.778840
v 10.059851 1.690563 -9.642903
v 10.107871 1.768357 -9.914037
v 9.903291 1.891617 -9.929881
v 10.001163 1.834034 -9.635451
v 10.160575 1.622589 -9.737108
v 10.169771 1.869352 -9.755947
v 10.039504 1.901600 -9.965137
vn -0.0205 0.9799 0.1984
vn -0.0673 0.9789 0.1928
vn 0.7492 0.2752 0.6025
vn 0.5753 0.0409 0.8169
vn -0.7323 -0.3305 0.5954
vn 0.1534 -0.9530 -0.2612
vn -0.2361 -0.1624 -0.9581
vn 0.0796 -0.3211 -0.9437
vn -0.9433 0.0633 0.3259
vn -0.1827 -0.7848 -0.5922
vn -0.3824 -0.8934 0.2357
vn 0.8395 0.2447 -0.4851
vn 0.9420 -0.0603 -0.3303
vn -0.9078 -0.3627 -0.2105
vt 0.856741 0.527884
vt 0.792799 0.664448
vt 0.661337 0.518959
vt 0.570885 0.667835
vt 0.614877 0.834550
vt 0.495616 0.943630
vt 0.319826 0.718976
vt 0.602263 0.105449
vt 0.455701 0.107225
vt 0.553174 0.006579
vt 0.371255 0.573451
vt 0.135465 0.689951
vt 0.165587 0.530358
vt 0.553103 0.308270
vt 0.565029 0.471740
vt 0.392929 0.256090
vt 0.405598 0.560759
vt 0.171875 0.750000
s 0
g Cube.010_Material
usemtl Material
f 363/727/569 364/728/569 367/729/569
f 367/729/570 364/728/570 366/730/570
f 364/731/571 361/732/571 365/733/571
f 366/730/572 364/731/572 365/733/572
f 364/734/573 360/735/573 361/736/573
f 362/737/574 360/738/574 359/739/574
f 363/740/575 367/741/575 359/742/575
f 367/741/576 362/743/576 359/742/576
f 360/735/577 364/734/577 363/740/577
f 362/737/578 365/733/578 360/738/578
f 360/738/579 365/733/579 361/744/579
f 367/729/580 366/730/580 362/743/580
f 366/730/581 365/733/581 362/743/581
f 359/742/582 360/735/582 363/740/582
o Cube.011
v 12.056738 1.547302 -10.000470
v 12.225512 1.959110 -9.994352
v 12.332012 1.747078 -10.153297
v 12.251141 1.678282 -9.891560
v 12.045045 1.766801 -9.856463
v 11.940295 1.755254 -10.089580
v 12.126757 1.616083 -10.229990
v 11.968130 1.930874 -10.058522
v 12.131864 1.870642 -10.201180
vn 0.5345 0.6622 -0.5252
vn 0.9179 0.2076 0.3382
vn 0.5824 -0.8103 -0.0651
vn -0.0947 -0.5496 0.8300
vn -0.9111 0.0726 0.4058
vn -0.8614 -0.3099 0.4024
vn -0.7213 -0.5715 -0.3913
vn -0.5470 0.1050 -0.8305
vn 0.2905 0.1018 -0.9514
vn -0.0032 0.9199 -0.3920
vn -0.5897 0.2304 -0.7741
vn 0.5503 -0.8335 -0.0491
vn 0.3020 0.3519 0.8860
vn -0.2433 0.7056 0.6656
vt 0.534218 0.539052
vt 0.807613 0.537738
vt 0.651467 0.712344
vt 0.812212 0.722590
vt 0.440472 0.699464
vt 0.505279 0.954605
vt 0.394685 0.910428
vt 0.529494 0.041599
vt 0.440272 0.169217
vt 0.407900 0.015209
vt 0.224689 0.500632
vt 0.298939 0.554231
vt 0.143822 0.628706
vt 0.350796 0.501919
vt 0.236030 0.724989
vt 0.358556 0.714558
vt 0.602122 0.296489
vt 0.527241 0.521298
vt 0.452229 0.375318
s 0
g Cube.011_Material
usemtl Material
f 376/745/583 369/746/583 370/747/583
f 370/747/584 369/746/584 371/748/584
f 374/749/585 371/750/585 368/751/585
f 371/752/586 372/753/586 368/754/586
f 375/755/587 373/756/587 372/757/587
f 372/757/588 373/758/588 368/759/588
f 373/758/589 374/760/589 368/759/589
f 373/758/590 376/745/590 374/749/590
f 376/745/591 370/747/591 374/749/591
f 369/761/592 376/762/592 375/763/592
f 375/763/593 376/745/593 373/758/593
f 370/747/594 371/750/594 374/749/594
f 371/752/595 369/761/595 372/753/595
f 369/761/596 375/763/596 372/753/596
o Cube.006
v 11.452065 1.667735 -7.624070
v 11.387547 1.715638 -7.825997
v 11.590781 1.842024 -7.779744
v 11.470357 1.607435 -7.742457
v 11.540138 1.718640 -7.825476
v 11.639450 1.690660 -7.723689
v 11.496433 1.766801 -7.615582
v 11.344468 1.769815 -7.736735
v 11.476768 1.881523 -7.783473
vn 0.3480 -0.8125 0.4676
vn 0.4083 -0.6966 -0.5899
vn 0.6788 0.4369 0.5903
vn -0.7233 -0.6872 0.0681
vn -0.8358 -0.5306 0.1412
vn -0.4201 0.7256 0.5450
vn -0.6075 0.2063 0.7671
vn -0.6285 0.4924 -0.6022
vn -0.0016 0.2491 -0.9685
vn 0.1334 0.2958 -0.9459
vn 0.7111 -0.0315 -0.7024
vn 0.4769 -0.2848 0.8315
vn 0.2637 0.8105 0.5230
vn 0.0146 -0.6040 -0.7968
vt 0.423616 0.817668
vt 0.438163 0.985880
vt 0.399025 0.926987
vt 0.584080 0.909473
vt 0.477709 0.045024
vt 0.607265 0.122218
vt 0.441545 0.286085
vt 0.565477 0.549583
vt 0.592013 0.712367
vt 0.289400 0.584684
vt 0.400831 0.754486
vt 0.615924 0.357557
vt 0.551199 0.540629
vt 0.429879 0.509305
vt 0.769145 0.562221
vt 0.604783 0.677624
vt 0.780055 0.741830
vt 0.860509 0.631959
vt 0.567506 0.015179
vt 0.377433 0.096481
s 0
g Cube.006_Material
usemtl Material
f 380/764/597 382/765/597 377/766/597
f 381/767/598 382/765/598 380/764/598
f 382/768/599 379/769/599 383/770/599
f 384/771/600 378/772/600 377/773/600
f 378/772/601 380/774/601 377/773/601
f 383/770/602 385/775/602 384/776/602
f 384/776/603 377/777/603 383/770/603
f 384/771/604 385/778/604 378/779/604
f 378/779/605 385/778/605 381/780/605
f 385/778/606 379/781/606 381/780/606
f 381/782/607 379/769/607 382/768/607
f 377/783/608 382/768/608 383/770/608
f 383/770/609 379/769/609 385/775/609
f 378/772/610 381/767/610 380/764/610
o Cube.007
v 9.893990 1.698991 -9.724052
v 10.007296 1.805834 -9.660146
v 9.807422 1.775039 -9.681267
v 9.814430 1.779754 -9.550956
v 9.852068 1.647013 -9.600214
v 9.987340 1.656120 -9.653031
v 9.935938 1.830781 -9.559859
v 9.914675 1.838607 -9.692624
v 10.005312 1.707270 -9.566571
vn 0.9829 -0.1369 -0.1233
vn 0.3742 0.1506 -0.9151
vn 0.7864 0.4169 0.4558
vn -0.2459 0.2474 -0.9372
vn -0.7029 -0.5390 -0.4642
vn -0.5102 0.8601 -0.0037
vn 0.0775 -0.0106 0.9969
vn 0.5677 -0.1144 -0.8152
vn -0.1007 -0.9048 -0.4138
vn 0.2365 -0.8570 0.4578
vn -0.9540 -0.2935 0.0619
vn -0.3775 0.9189 0.1146
vn 0.3329 0.9430 0.0023
vn -0.0616 -0.3625 0.9299
vt 0.862532 0.586626
vt 0.666025 0.612825
vt 0.793538 0.524739
vt 0.799625 0.742317
vt 0.596159 0.725728
vt 0.676667 0.500000
vt 0.533198 0.702151
vt 0.502729 0.907748
vt 0.315429 0.689365
vt 0.215046 0.717794
vt 0.139986 0.551629
vt 0.365533 0.517965
vt 0.592775 0.342442
vt 0.523296 0.508923
vt 0.395346 0.376049
vt 0.510142 0.020803
vt 0.592582 0.143625
vt 0.414253 0.208459
s 0
g Cube.007_Material
usemtl Material
f 391/784/611 387/785/611 394/786/611
f 387/785/612 386/787/612 393/788/612
f 394/786/613 387/785/613 392/789/613
f 393/790/614 386/791/614 388/792/614
f 388/792/615 386/793/615 390/794/615
f 389/795/616 393/790/616 388/792/616
f 394/796/617 392/797/617 389/798/617
f 391/784/618 386/787/618 387/785/618
f 386/799/619 391/800/619 390/801/619
f 390/801/620 391/800/620 394/796/620
f 390/794/621 389/795/621 388/792/621
f 389/795/622 392/797/622 393/790/622
f 392/797/623 387/785/623 393/790/623
f 390/801/624 394/796/624 389/798/624
o Cube.008
v 11.348646 1.657785 -10.551839
v 11.386538 1.656041 -10.372198
v 11.446824 1.750052 -10.256523
v 11.412257 1.865670 -10.400251
v 11.640541 1.844236 -10.351906
v 11.558126 1.797212 -10.540333
v 11.480384 1.609722 -10.543164
v 11.559630 1.741269 -10.204622
v 11.607537 1.663940 -10.358124
vn -0.9227 0.1601 0.3507
vn -0.2391 0.7277 0.6429
vn 0.1522 0.9412 -0.3015
vn 0.0619 -0.0106 -0.9980
vn 0.0172 -0.9626 0.2702
vn 0.0032 -0.8927 0.4507
vn 0.9187 -0.1557 -0.3630
vn 0.9098 -0.1794 0.3743
vn -0.3676 -0.6186 0.6944
vn -0.9677 0.1462 0.2055
vn -0.0402 0.8292 0.5576
vn -0.3737 0.6184 -0.6913
vn -0.3457 -0.9362 0.0638
vn 0.8199 -0.3329 -0.4658
vt 0.551771 0.821043
vt 0.490236 0.981936
vt 0.443965 0.755163
vt 0.609545 0.740303
vt 0.579499 0.265268
vt 0.447677 0.232718
vt 0.490446 0.016300
vt 0.320967 0.499695
vt 0.242238 0.673984
vt 0.142687 0.564850
vt 0.543218 0.480597
vt 0.654480 0.663904
vt 0.651690 0.523626
vt 0.809399 0.589510
vt 0.375000 0.930496
vt 0.603518 0.001237
vt 0.583364 0.169025
vt 0.384386 0.054537
vt 0.382289 0.419599
s 0
g Cube.008_Material
usemtl Material
f 397/802/625 398/803/625 396/804/625
f 397/802/626 402/805/626 398/803/626
f 399/806/627 400/807/627 398/808/627
f 401/809/628 395/810/628 400/811/628
f 403/812/629 396/804/629 401/809/629
f 403/812/630 402/813/630 396/804/630
f 399/806/631 403/812/631 400/807/631
f 403/814/632 399/815/632 402/813/632
f 402/813/633 397/802/633 396/804/633
f 395/816/634 396/804/634 398/803/634
f 402/817/635 399/818/635 398/808/635
f 395/819/636 398/808/636 400/807/636
f 395/810/637 401/809/637 396/804/637
f 401/820/638 400/807/638 403/812/638
o Cube.009
v 12.253115 1.701424 -9.233433
v 12.330873 1.839986 -9.134621
v 12.318283 1.633033 -9.413278
v 12.425728 1.490063 -9.340705
v 12.596563 1.839386 -9.088601
v 12.522429 1.987837 -9.219837
v 12.482248 1.582694 -9.100669
v 12.315353 1.859327 -9.409106
v 12.398860 1.986731 -9.333678
v 12.554100 1.828082 -9.508883
v 12.558299 1.616250 -9.457135
v 12.367134 1.726160 -9.528234
v 12.710589 1.744275 -9.208524
v 12.586259 1.529853 -9.171309
v 12.698615 1.827529 -9.336478
v 12.719824 1.646575 -9.418983
vn -0.4156 0.7941 0.4434
vn -0.8837 0.4661 0.0418
vn -0.2381 0.6056 -0.7593
vn 0.2220 -0.2272 -0.9482
vn 0.9924 0.1224 -0.0133
vn 0.5106 -0.8079 -0.2942
vn 0.4571 -0.2438 0.8554
vn 0.3761 0.8278 -0.4163
vn 0.4662 0.7949 -0.3883
vn 0.7749 0.5605 0.2922
vn -0.1328 0.6184 0.7745
vn -0.1705 0.0296 0.9849
vn -0.1813 -0.6389 -0.7477
vn -0.1908 -0.8999 0.3922
vn -0.5950 -0.6928 0.4075
vn -0.7859 -0.6163 -0.0504
vn -0.5757 -0.2354 0.7831
vn -0.9409 -0.0059 -0.3387
vn -0.8631 0.4874 0.1323
vn -0.9190 -0.0046 -0.3943
vn -0.2434 0.5924 -0.7680
vn 0.8561 -0.4534 0.2480
vn 0.2444 -0.9213 -0.3024
vn 0.6119 -0.2231 0.7588
vn 0.7164 0.3572 -0.5993
vn 0.7403 0.6132 0.2755
vn 0.2637 -0.2240 -0.9383
vt 0.875000 0.649805
vt 0.849233 0.683396
vt 0.832712 0.540342
vt 0.580473 0.024703
vt 0.534759 0.188184
vt 0.498710 0.020990
vt 0.437420 0.135101
vt 0.411456 0.342495
vt 0.213804 0.511922
vt 0.337875 0.601179
vt 0.185175 0.619999
vt 0.611440 0.548317
vt 0.438499 0.522151
vt 0.536413 0.434917
vt 0.517900 0.691047
vt 0.378975 0.759339
vt 0.724211 0.603714
vt 0.568883 0.768659
vt 0.609419 0.213408
vt 0.625000 0.382072
vt 0.588498 0.519208
vt 0.209844 0.718096
vt 0.479559 0.953620
vt 0.390901 0.953078
vt 0.565332 0.774863
vt 0.583031 0.973602
vt 0.389658 0.010551
vt 0.376620 0.114133
vt 0.125000 0.581137
vt 0.375000 0.421875
s 0
g Cube.009_Material
usemtl Material
f 412/821/639 405/822/639 409/823/639
f 405/824/640 412/825/640 404/826/640
f 411/827/641 412/825/641 413/828/641
f 413/829/642 414/830/642 415/831/642
f 416/832/643 419/833/643 418/834/643
f 417/835/644 407/836/644 414/830/644
f 408/837/645 410/838/645 417/835/645
f 409/839/646 413/828/646 412/825/646
f 409/839/647 418/834/647 413/828/647
f 418/834/648 408/840/648 416/841/648
f 408/837/649 409/823/649 405/822/649
f 408/837/650 405/822/650 410/838/650
f 406/842/651 415/831/651 414/830/651 407/836/651
f 407/836/652 417/835/652 410/838/652
f 410/838/653 404/843/653 407/836/653
f 404/843/654 406/844/654 407/836/654
f 410/845/655 405/846/655 404/843/655
f 404/826/656 411/827/656 406/847/656
f 411/827/657 404/826/657 412/825/657
f 406/847/658 411/827/658 415/848/658
f 413/829/659 415/831/659 411/849/659
f 419/833/660 416/832/660 417/835/660
f 419/833/661 417/835/661 414/830/661
f 416/832/662 408/837/662 417/835/662
f 413/828/663 418/834/663 419/833/663
f 409/839/664 408/840/664 418/834/664
f 414/850/665 413/828/665 419/833/665
o Cube.010
v 10.199769 1.663238 -10.109942
v 10.344381 1.653524 -10.036778
v 10.530364 1.663333 -10.106603
v 10.257181 1.679413 -10.265463
v 10.137611 1.821385 -10.076735
v 10.486325 1.823463 -10.063335
v 10.486950 1.561219 -10.235437
v 10.421229 1.822134 -10.286514
v 10.151945 1.815144 -10.231938
vn -0.0044 0.9992 -0.0406
vn -0.0256 0.9997 0.0015
vn 0.7634 0.3556 -0.5391
vn 0.9434 0.1835 -0.2763
vn 0.3544 -0.1518 0.9227
vn -0.0122 -0.9941 -0.1079
vn -0.9333 -0.3517 -0.0721
vn -0.7815 -0.5213 -0.3427
vn -0.0388 0.1859 0.9818
vn -0.4640 -0.8825 0.0770
vn 0.2482 -0.7981 0.5490
vn -0.2000 0.0860 -0.9760
vn 0.0338 -0.1838 -0.9824
vn -0.4418 -0.3473 0.8271
vt 0.856741 0.527884
vt 0.792799 0.664448
vt 0.661337 0.518959
vt 0.570885 0.667835
vt 0.614877 0.834550
vt 0.495616 0.943630
vt 0.319826 0.718976
vt 0.602263 0.105449
vt 0.455701 0.107225
vt 0.553174 0.006579
vt 0.371255 0.573451
vt 0.135465 0.689951
vt 0.165587 0.530358
vt 0.553103 0.308270
vt 0.565029 0.471740
vt 0.392929 0.256090
vt 0.405598 0.560759
vt 0.171875 0.750000
s 0
g Cube.010_Material
usemtl Material
f 424/851/666 425/852/666 428/853/666
f 428/853/667 425/852/667 427/854/667
f 425/855/668 422/856/668 426/857/668
f 427/854/669 425/855/669 426/857/669
f 425/858/670 421/859/670 422/860/670
f 423/861/671 421/862/671 420/863/671
f 424/864/672 428/865/672 420/866/672
f 428/865/673 423/867/673 420/866/673
f 421/859/674 425/858/674 424/864/674
f 423/861/675 426/857/675 421/862/675
f 421/862/676 426/857/676 422/868/676
f 428/853/677 427/854/677 423/867/677
f 427/854/678 426/857/678 423/867/678
f 420/866/679 421/859/679 424/864/679
o Cube.011
v 12.389240 1.589966 -9.412004
v 12.709095 1.799838 -9.229655
v 12.488782 1.921423 -9.332730
v 12.589821 1.717438 -9.475942
v 12.626184 1.552711 -9.340769
v 12.447732 1.579434 -9.177133
v 12.306157 1.769728 -9.280565
v 12.592338 1.619956 -9.093553
v 12.497697 1.808152 -9.134415
vn 0.2461 0.8464 0.4723
vn 0.5858 0.6396 -0.4977
vn -0.4832 0.3601 -0.7980
vn 0.1387 -0.6097 -0.7804
vn 0.1089 -0.9553 0.2748
vn -0.1535 -0.9881 -0.0061
vn -0.8339 -0.5202 0.1843
vn -0.6044 -0.0167 0.7965
vn -0.4919 0.7463 0.4484
vn 0.3924 0.3793 0.8379
vn -0.4878 -0.0561 0.8712
vn -0.4966 0.3204 -0.8067
vn 0.9087 -0.1259 -0.3979
vn 0.8866 -0.4011 0.2305
vt 0.534218 0.539052
vt 0.807613 0.537738
vt 0.651467 0.712344
vt 0.812212 0.722590
vt 0.440472 0.699464
vt 0.505279 0.954605
vt 0.394685 0.910428
vt 0.529494 0.041599
vt 0.440272 0.169217
vt 0.407900 0.015209
vt 0.224689 0.500632
vt 0.298939 0.554231
vt 0.143822 0.628706
vt 0.350796 0.501919
vt 0.236030 0.724989
vt 0.358556 0.714558
vt 0.602122 0.296489
vt 0.527241 0.521298
vt 0.452229 0.375318
s 0
g Cube.011_Material
usemtl Material
f 437/869/680 430/870/680 431/871/680
f 431/871/681 430/870/681 432/872/681
f 435/873/682 432/874/682 429/875/682
f 432/876/683 433/877/683 429/878/683
f 436/879/684 434/880/684 433/881/684
f 433/881/685 434/882/685 429/883/685
f 434/882/686 435/884/686 429/883/686
f 434/882/687 437/869/687 435/873/687
f 437/869/688 431/871/688 435/873/688
f 430/885/689 437/886/689 436/887/689
f 436/887/690 437/869/690 434/882/690
f 431/871/691 432/874/691 435/873/691
f 432/876/692 430/885/692 433/877/692
f 430/885/693 436/887/693 433/877/693
o Cube.006
v 11.739045 1.695981 -10.362186
v 11.599510 1.620516 -10.362746
v 11.570372 1.789825 -10.316452
v 11.675014 1.674850 -10.433155
v 11.580491 1.725165 -10.395879
v 11.643784 1.808083 -10.413511
v 11.711730 1.744876 -10.305800
v 11.648922 1.617975 -10.296793
v 11.570752 1.718131 -10.265223
vn 0.6771 0.2602 -0.6884
vn -0.3389 0.0590 -0.9390
vn 0.2574 0.8955 0.3631
vn 0.4442 -0.8185 -0.3643
vn 0.4697 -0.8672 -0.1656
vn 0.2890 -0.0753 0.9544
vn 0.7200 -0.3124 0.6197
vn -0.6307 -0.6335 0.4481
vn -0.9754 -0.2038 -0.0837
vn -0.9952 -0.0606 -0.0774
vn -0.7451 0.4676 -0.4756
vn 0.7854 0.6025 -0.1419
vn 0.1228 0.5774 0.8072
vn -0.4969 -0.3427 -0.7973
vt 0.423616 0.817668
vt 0.438163 0.985880
vt 0.399025 0.926987
vt 0.584080 0.909473
vt 0.477709 0.045024
vt 0.607265 0.122218
vt 0.441545 0.286085
vt 0.565477 0.549583
vt 0.592013 0.712367
vt 0.289400 0.584684
vt 0.400831 0.754486
vt 0.615924 0.357557
vt 0.551199 0.540629
vt 0.429879 0.509305
vt 0.769145 0.562221
vt 0.604783 0.677624
vt 0.780055 0.741830
vt 0.860509 0.631959
vt 0.567506 0.015179
vt 0.377433 0.096481
s 0
g Cube.006_Material
usemtl Material
f 441/888/694 443/889/694 438/890/694
f 442/891/695 443/889/695 441/888/695
f 443/892/696 440/893/696 444/894/696
f 445/895/697 439/896/697 438/897/697
f 439/896/698 441/898/698 438/897/698
f 444/894/699 446/899/699 445/900/699
f 445/900/700 438/901/700 444/894/700
f 445/895/701 446/902/701 439/903/701
f 439/903/702 446/902/702 442/904/702
f 446/902/703 440/905/703 442/904/703
f 442/906/704 440/893/704 443/892/704
f 438/907/705 443/892/705 444/894/705
f 444/894/706 440/893/706 446/899/706
f 439/896/707 442/891/707 441/888/707
o Cube.007
v 10.733250 1.617117 -10.313175
v 10.696866 1.800391 -10.284573
v 10.682879 1.634222 -10.440532
v 10.541181 1.671030 -10.432289
v 10.582472 1.570112 -10.309107
v 10.664166 1.657937 -10.198168
v 10.578290 1.795546 -10.360750
v 10.722161 1.759532 -10.390365
v 10.579261 1.733209 -10.214211
vn 0.2471 0.4604 0.8526
vn 0.9716 0.1667 0.1679
vn -0.2786 0.8831 0.3775
vn 0.9151 -0.1347 -0.3800
vn 0.2833 -0.9293 -0.2369
vn 0.0395 0.3607 -0.9319
vn -0.9679 0.2289 0.1038
vn 0.8680 0.0963 0.4872
vn 0.2750 -0.8420 0.4641
vn -0.5246 -0.4359 0.7313
vn -0.2379 -0.7889 -0.5666
vn -0.0496 0.5086 -0.8596
vn 0.1675 0.9325 -0.3201
vn -0.9677 -0.1407 0.2091
vt 0.862532 0.586626
vt 0.666025 0.612825
vt 0.793538 0.524739
vt 0.799625 0.742317
vt 0.596159 0.725728
vt 0.676667 0.500000
vt 0.533198 0.702151
vt 0.502729 0.907748
vt 0.315429 0.689365
vt 0.215046 0.717794
vt 0.139986 0.551629
vt 0.365533 0.517965
vt 0.592775 0.342442
vt 0.523296 0.508923
vt 0.395346 0.376049
vt 0.510142 0.020803
vt 0.592582 0.143625
vt 0.414253 0.208459
s 0
g Cube.007_Material
usemtl Material
f 452/908/708 448/909/708 455/910/708
f 448/909/709 447/911/709 454/912/709
f 455/910/710 448/909/710 453/913/710
f 454/914/711 447/915/711 449/916/711
f 449/916/712 447/917/712 451/918/712
f 450/919/713 454/914/713 449/916/713
f 455/920/714 453/921/714 450/922/714
f 452/908/715 447/911/715 448/909/715
f 447/923/716 452/924/716 451/925/716
f 451/925/717 452/924/717 455/920/717
f 451/918/718 450/919/718 449/916/718
f 450/919/719 453/921/719 454/914/719
f 453/921/720 448/909/720 454/914/720
f 451/925/721 455/920/721 450/922/721
o Cube.008
v 12.520961 1.635009 -8.539988
v 12.434007 1.756638 -8.614061
v 12.341316 1.778364 -8.724918
v 12.346337 1.609189 -8.703858
v 12.428836 1.673074 -8.889503
v 12.528396 1.572554 -8.760106
v 12.599327 1.681658 -8.629353
v 12.364825 1.827107 -8.824265
v 12.517148 1.779158 -8.796088
vn -0.7603 0.0580 0.6470
vn -0.9642 -0.0607 -0.2580
vn -0.3035 -0.8514 -0.4279
vn 0.6735 -0.7048 0.2227
vn 0.4171 0.8591 0.2968
vn 0.2528 0.9394 0.2317
vn 0.7635 -0.0702 -0.6420
vn 0.3025 0.4756 -0.8260
vn -0.2450 0.8921 0.3797
vn -0.6805 -0.0409 0.7316
vn -0.8763 -0.1739 -0.4493
vn -0.1098 -0.9572 0.2679
vn 0.3601 0.6594 0.6600
vn 0.8892 -0.0311 -0.4564
vt 0.551771 0.821043
vt 0.490236 0.981936
vt 0.443965 0.755163
vt 0.609545 0.740303
vt 0.579499 0.265268
vt 0.447677 0.232718
vt 0.490446 0.016300
vt 0.320967 0.499695
vt 0.242238 0.673984
vt 0.142687 0.564850
vt 0.543218 0.480597
vt 0.654480 0.663904
vt 0.651690 0.523626
vt 0.809399 0.589510
vt 0.375000 0.930496
vt 0.603518 0.001237
vt 0.583364 0.169025
vt 0.384386 0.054537
vt 0.382289 0.419599
s 0
g Cube.008_Material
usemtl Material
f 458/926/722 459/927/722 457/928/722
f 458/926/723 463/929/723 459/927/723
f 460/930/724 461/931/724 459/932/724
f 462/933/725 456/934/725 461/935/725
f 464/936/726 457/928/726 462/933/726
f 464/936/727 463/937/727 457/928/727
f 460/930/728 464/936/728 461/931/728
f 464/938/729 460/939/729 463/937/729
f 463/937/730 458/926/730 457/928/730
f 456/940/731 457/928/731 459/927/731
f 463/941/732 460/942/732 459/932/732
f 456/943/733 459/932/733 461/931/733
f 456/934/734 462/933/734 457/928/734
f 462/944/735 461/931/735 464/936/735
o Cube.009
v 10.386386 1.921607 -10.270122
v 10.247417 1.899719 -10.140697
v 10.554049 1.800808 -10.289396
v 10.476500 1.682942 -10.427150
v 10.130135 1.652907 -10.105752
v 10.254731 1.725699 -9.944839
v 10.213271 1.705314 -10.375767
v 10.515401 1.853631 -10.067601
v 10.399331 1.818189 -9.943378
v 10.551974 1.591615 -10.037351
v 10.533667 1.554000 -10.256212
v 10.637847 1.746241 -10.165555
v 10.230380 1.493210 -10.155463
v 10.261748 1.576207 -10.395665
v 10.344988 1.492392 -10.048985
v 10.447676 1.413018 -10.206803
vn -0.4322 0.6661 0.6079
vn 0.1254 0.9473 0.2949
vn 0.6933 0.1774 0.6984
vn 0.8774 -0.4797 0.0091
vn -0.2717 -0.9191 0.2854
vn 0.2668 -0.7244 -0.6357
vn -0.8987 -0.2862 -0.3323
vn 0.1686 -0.2786 0.9455
vn 0.1229 -0.3645 0.9231
vn -0.5712 -0.5486 0.6106
vn -0.7960 0.4375 0.4184
vn -0.8958 0.3976 -0.1987
vn 0.8576 -0.1375 -0.4957
vn -0.1842 0.0818 -0.9795
vn -0.1223 0.5129 -0.8497
vn 0.3527 0.6036 -0.7150
vn -0.5548 0.6789 -0.4809
vn 0.5749 0.8129 -0.0934
vn 0.0305 0.9533 0.3005
vn 0.6217 0.7794 -0.0773
vn 0.7050 0.1777 0.6865
vn -0.3957 -0.8509 -0.3457
vn 0.3633 -0.4976 -0.7876
vn -0.8514 -0.4513 -0.2671
vn 0.3237 -0.7438 0.5847
vn -0.5541 -0.5086 0.6591
vn 0.8563 -0.5163 0.0171
vt 0.875000 0.649805
vt 0.849233 0.683396
vt 0.832712 0.540342
vt 0.580473 0.024703
vt 0.534759 0.188184
vt 0.498710 0.020990
vt 0.437420 0.135101
vt 0.411456 0.342495
vt 0.213804 0.511922
vt 0.337875 0.601179
vt 0.185175 0.619999
vt 0.611440 0.548317
vt 0.438499 0.522151
vt 0.536413 0.434917
vt 0.517900 0.691047
vt 0.378975 0.759339
vt 0.724211 0.603714
vt 0.568883 0.768659
vt 0.609419 0.213408
vt 0.625000 0.382072
vt 0.588498 0.519208
vt 0.209844 0.718096
vt 0.479559 0.953620
vt 0.390901 0.953078
vt 0.565332 0.774863
vt 0.583031 0.973602
vt 0.389658 0.010551
vt 0.376620 0.114133
vt 0.125000 0.581137
vt 0.375000 0.421875
s 0
g Cube.009_Material
usemtl Material
f 473/945/736 466/946/736 470/947/736
f 466/948/737 473/949/737 465/950/737
f 472/951/738 473/949/738 474/952/738
f 474/953/739 475/954/739 476/955/739
f 477/956/740 480/957/740 479/958/740
f 478/959/741 468/960/741 475/954/741
f 469/961/742 471/962/742 478/959/742
f 470/963/743 474/952/743 473/949/743
f 470/963/744 479/958/744 474/952/744
f 479/958/745 469/964/745 477/965/745
f 469/961/746 470/947/746 466/946/746
f 469/961/747 466/946/747 471/962/747
f 467/966/748 476/955/748 475/954/748 468/960/748
f 468/960/749 478/959/749 471/962/749
f 471/962/750 465/967/750 468/960/750
f 465/967/751 467/968/751 468/960/751
f 471/969/752 466/970/752 465/967/752
f 465/950/753 472/951/753 467/971/753
f 472/951/754 465/950/754 473/949/754
f 467/971/755 472/951/755 476/972/755
f 474/953/756 476/955/756 472/973/756
f 480/957/757 477/956/757 478/959/757
f 480/957/758 478/959/758 475/954/758
f 477/956/759 469/961/759 478/959/759
f 474/952/760 479/958/760 480/957/760
f 470/963/761 469/964/761 479/958/761
f 475/974/762 474/952/762 480/957/762
o Cube.010
v 12.310619 1.740348 -8.397287
v 12.379989 1.640678 -8.377621
v 12.400165 1.514130 -8.456931
v 12.257821 1.700980 -8.504945
v 12.391427 1.835061 -8.438623
v 12.491741 1.597419 -8.496747
v 12.273067 1.506538 -8.476567
v 12.364205 1.633991 -8.612615
v 12.315851 1.817968 -8.527871
vn 0.6478 0.4276 -0.6305
vn 0.6680 0.4489 -0.5935
vn 0.1590 -0.5626 -0.8113
vn 0.2760 -0.7867 -0.5521
vn 0.6194 -0.3436 0.7059
vn -0.7464 -0.4171 0.5186
vn -0.6119 0.6904 0.3859
vn -0.8487 0.4689 0.2447
vn 0.7482 0.1582 0.6444
vn -0.7096 0.0470 0.7031
vn -0.0970 -0.5396 0.8363
vn -0.6444 0.1737 -0.7447
vn -0.7489 -0.1528 -0.6448
vn 0.1461 0.2884 0.9463
vt 0.856741 0.527884
vt 0.792799 0.664448
vt 0.661337 0.518959
vt 0.570885 0.667835
vt 0.614877 0.834550
vt 0.495616 0.943630
vt 0.319826 0.718976
vt 0.602263 0.105449
vt 0.455701 0.107225
vt 0.553174 0.006579
vt 0.371255 0.573451
vt 0.135465 0.689951
vt 0.165587 0.530358
vt 0.553103 0.308270
vt 0.565029 0.471740
vt 0.392929 0.256090
vt 0.405598 0.560759
vt 0.171875 0.750000
s 0
g Cube.010_Material
usemtl Material
f 485/975/763 486/976/763 489/977/763
f 489/977/764 486/976/764 488/978/764
f 486/979/765 483/980/765 487/981/765
f 488/978/766 486/979/766 487/981/766
f 486/982/767 482/983/767 483/984/767
f 484/985/768 482/986/768 481/987/768
f 485/988/769 489/989/769 481/990/769
f 489/989/770 484/991/770 481/990/770
f 482/983/771 486/982/771 485/988/771
f 484/985/772 487/981/772 482/986/772
f 482/986/773 487/981/773 483/992/773
f 489/977/774 488/978/774 484/991/774
f 488/978/775 487/981/775 484/991/775
f 481/990/776 482/983/776 485/988/776
o Cube.011
v 10.461255 1.582075 -7.965551
v 10.794988 1.839940 -7.842443
v 10.564498 1.797732 -7.685711
v 10.523053 1.829546 -7.959579
v 10.669523 1.698518 -8.067280
v 10.692874 1.502785 -7.909438
v 10.505799 1.555783 -7.724637
v 10.848639 1.588872 -7.900938
v 10.742605 1.643913 -7.713287
vn 0.4653 0.3969 0.7912
vn -0.0932 0.9873 0.1288
vn -0.9515 0.2327 0.2013
vn -0.4986 0.1451 -0.8546
vn 0.3514 -0.5619 -0.7488
vn -0.0274 -0.6295 -0.7765
vn -0.3137 -0.9484 -0.0455
vn 0.2775 -0.8118 0.5137
vn 0.0130 -0.1619 0.9867
vn 0.8776 0.0773 0.4732
vn 0.4095 -0.7866 0.4621
vn -0.9636 0.2065 0.1698
vn 0.2327 0.7595 -0.6075
vn 0.7412 0.2985 -0.6013
vt 0.534218 0.539052
vt 0.807613 0.537738
vt 0.651467 0.712344
vt 0.812212 0.722590
vt 0.440472 0.699464
vt 0.505279 0.954605
vt 0.394685 0.910428
vt 0.529494 0.041599
vt 0.440272 0.169217
vt 0.407900 0.015209
vt 0.224689 0.500632
vt 0.298939 0.554231
vt 0.143822 0.628706
vt 0.350796 0.501919
vt 0.236030 0.724989
vt 0.358556 0.714558
vt 0.602122 0.296489
vt 0.527241 0.521298
vt 0.452229 0.375318
s 0
g Cube.011_Material
usemtl Material
f 498/993/777 491/994/777 492/995/777
f 492/995/778 491/994/778 493/996/778
f 496/997/779 493/998/779 490/999/779
f 493/1000/780 494/1001/780 490/1002/780
f 497/1003/781 495/1004/781 494/1005/781
f 494/1005/782 495/1006/782 490/1007/782
f 495/1006/783 496/1008/783 490/1007/783
f 495/1006/784 498/993/784 496/997/784
f 498/993/785 492/995/785 496/997/785
f 491/1009/786 498/1010/786 497/1011/786
f 497/1011/787 498/993/787 495/1006/787
f 492/995/788 493/998/788 496/997/788
f 493/1000/789 491/1009/789 494/1001/789
f 491/1009/790 497/1011/790 494/1001/790
o Cube.006
v 10.366281 1.687077 -9.990912
v 10.364444 1.771900 -10.194413
v 10.404466 1.528599 -10.213255
v 10.266000 1.716991 -10.077863
v 10.303782 1.629736 -10.203527
v 10.273659 1.526666 -10.103084
v 10.435823 1.608402 -10.025188
v 10.459704 1.773243 -10.130736
v 10.484473 1.620400 -10.226292
vn -0.6709 -0.1239 0.7311
vn -0.9577 -0.0004 -0.2877
vn 0.2927 -0.8968 0.3317
vn -0.2621 0.8899 0.3733
vn -0.0586 0.9213 0.3845
vn 0.9718 0.0101 0.2357
vn 0.6848 0.3200 0.6547
vn 0.4690 0.5216 -0.7127
vn -0.1184 0.1138 -0.9864
vn -0.1265 -0.0306 -0.9915
vn -0.5572 -0.4903 -0.6702
vn -0.1532 -0.5054 0.8492
vn 0.7560 -0.6383 0.1448
vn -0.7886 0.3681 -0.4927
vt 0.423616 0.817668
vt 0.438163 0.985880
vt 0.399025 0.926987
vt 0.584080 0.909473
vt 0.477709 0.045024
vt 0.607265 0.122218
vt 0.441545 0.286085
vt 0.565477 0.549583
vt 0.592013 0.712367
vt 0.289400 0.584684
vt 0.400831 0.754486
vt 0.615924 0.357557
vt 0.551199 0.540629
vt 0.429879 0.509305
vt 0.769145 0.562221
vt 0.604783 0.677624
vt 0.780055 0.741830
vt 0.860509 0.631959
vt 0.567506 0.015179
vt 0.377433 0.096481
s 0
g Cube.006_Material
usemtl Material
f 502/1012/791 504/1013/791 499/1014/791
f 503/1015/792 504/1013/792 502/1012/792
f 504/1016/793 501/1017/793 505/1018/793
f 506/1019/794 500/1020/794 499/1021/794
f 500/1020/795 502/1022/795 499/1021/795
f 505/1018/796 507/1023/796 506/1024/796
f 506/1024/797 499/1025/797 505/1018/797
f 506/1019/798 507/1026/798 500/1027/798
f 500/1027/799 507/1026/799 503/1028/799
f 507/1026/800 501/1029/800 503/1028/800
f 503/1030/801 501/1017/801 504/1016/801
f 499/1031/802 504/1016/802 505/1018/802
f 505/1018/803 501/1017/803 507/1023/803
f 500/1020/804 503/1015/804 502/1012/804
o Cube.007
v 12.283889 1.687011 -8.234069
v 12.257153 1.774202 -8.401703
v 12.329165 1.576974 -8.306578
v 12.218837 1.524407 -8.390118
v 12.160264 1.587193 -8.247952
v 12.160947 1.751570 -8.261651
v 12.214599 1.653998 -8.465020
v 12.340473 1.692805 -8.387805
v 12.114095 1.730079 -8.365226
vn -0.3077 0.9497 -0.0579
vn 0.6505 0.7113 0.2662
vn -0.3595 0.5313 -0.7671
vn 0.9256 0.1526 0.3464
vn 0.2683 -0.4507 0.8514
vn 0.6640 -0.4717 -0.5802
vn -0.7792 -0.3325 -0.5312
vn 0.3600 0.8500 0.3847
vn -0.1767 0.0825 0.9808
vn -0.9134 0.0376 0.4054
vn 0.0969 -0.8951 0.4352
vn 0.5657 -0.3987 -0.7218
vn 0.4314 0.2961 -0.8522
vn -0.8857 -0.4299 -0.1751
vt 0.862532 0.586626
vt 0.666025 0.612825
vt 0.793538 0.524739
vt 0.799625 0.742317
vt 0.596159 0.725728
vt 0.676667 0.500000
vt 0.533198 0.702151
vt 0.502729 0.907748
vt 0.315429 0.689365
vt 0.215046 0.717794
vt 0.139986 0.551629
vt 0.365533 0.517965
vt 0.592775 0.342442
vt 0.523296 0.508923
vt 0.395346 0.376049
vt 0.510142 0.020803
vt 0.592582 0.143625
vt 0.414253 0.208459
s 0
g Cube.007_Material
usemtl Material
f 513/1032/805 509/1033/805 516/1034/805
f 509/1033/806 508/1035/806 515/1036/806
f 516/1034/807 509/1033/807 514/1037/807
f 515/1038/808 508/1039/808 510/1040/808
f 510/1040/809 508/1041/809 512/1042/809
f 511/1043/810 515/1038/810 510/1040/810
f 516/1044/811 514/1045/811 511/1046/811
f 513/1032/812 508/1035/812 509/1033/812
f 508/1047/813 513/1048/813 512/1049/813
f 512/1049/814 513/1048/814 516/1044/814
f 512/1042/815 511/1043/815 510/1040/815
f 511/1043/816 514/1045/816 515/1038/816
f 514/1045/817 509/1033/817 515/1038/817
f 512/1049/818 516/1044/818 511/1046/818
o Cube.008
v 10.793348 1.862608 -7.795364
v 10.719378 1.752180 -7.933070
v 10.633592 1.609629 -7.953376
v 10.617664 1.651863 -7.763026
v 10.746048 1.448557 -7.806035
v 10.828224 1.621381 -7.697679
v 10.900628 1.769311 -7.830521
v 10.680521 1.495992 -7.994875
v 10.843436 1.557374 -7.929410
vn -0.8299 0.5259 -0.1861
vn -0.9232 -0.3842 0.0080
vn -0.3240 -0.3872 0.8632
vn 0.5683 0.3781 0.7308
vn 0.4540 0.2732 -0.8481
vn 0.3082 0.1787 -0.9344
vn 0.8313 -0.5194 0.1980
vn 0.4525 -0.8151 -0.3618
vn -0.2071 0.2590 -0.9434
vn -0.7717 0.6295 -0.0903
vn -0.8220 -0.5502 0.1470
vn -0.2346 0.3355 0.9124
vn 0.3310 0.6414 -0.6921
vn 0.9346 -0.3224 0.1504
vt 0.551771 0.821043
vt 0.490236 0.981936
vt 0.443965 0.755163
vt 0.609545 0.740303
vt 0.579499 0.265268
vt 0.447677 0.232718
vt 0.490446 0.016300
vt 0.320967 0.499695
vt 0.242238 0.673984
vt 0.142687 0.564850
vt 0.543218 0.480597
vt 0.654480 0.663904
vt 0.651690 0.523626
vt 0.809399 0.589510
vt 0.375000 0.930496
vt 0.603518 0.001237
vt 0.583364 0.169025
vt 0.384386 0.054537
vt 0.382289 0.419599
s 0
g Cube.008_Material
usemtl Material
f 519/1050/819 520/1051/819 518/1052/819
f 519/1050/820 524/1053/820 520/1051/820
f 521/1054/821 522/1055/821 520/1056/821
f 523/1057/822 517/1058/822 522/1059/822
f 525/1060/823 518/1052/823 523/1057/823
f 525/1060/824 524/1061/824 518/1052/824
f 521/1054/825 525/1060/825 522/1055/825
f 525/1062/826 521/1063/826 524/1061/826
f 524/1061/827 519/1050/827 518/1052/827
f 517/1064/828 518/1052/828 520/1051/828
f 524/1065/829 521/1066/829 520/1056/829
f 517/1067/830 520/1056/830 522/1055/830
f 517/1058/831 523/1057/831 518/1052/831
f 523/1068/832 522/1055/832 525/1060/832
o Cube.009
v 10.456274 1.804572 -10.365870
v 10.493597 1.886549 -10.190465
v 10.543159 1.623584 -10.440200
v 10.391655 1.502673 -10.378581
v 10.481432 1.728219 -9.954813
v 10.683078 1.798464 -10.018914
v 10.288702 1.646553 -10.164659
v 10.709163 1.763331 -10.341142
v 10.755858 1.822288 -10.178560
v 10.779318 1.527882 -10.218326
v 10.583010 1.425557 -10.280128
v 10.701689 1.584912 -10.422027
v 10.508224 1.529448 -9.969946
v 10.309947 1.506086 -10.142876
v 10.663865 1.519722 -10.011424
v 10.591075 1.353073 -10.117976
vn 0.2206 0.9450 0.2416
vn 0.2316 0.8615 -0.4519
vn 0.9424 0.1174 -0.3132
vn 0.5197 -0.7505 -0.4082
vn 0.1749 -0.5835 0.7931
vn -0.3273 -0.9396 -0.0998
vn -0.7353 -0.0061 0.6777
vn 0.9089 0.0161 0.4168
vn 0.8731 -0.0471 0.4853
vn 0.2550 -0.0392 0.9661
vn -0.1134 0.8274 0.5501
vn -0.6816 0.6232 0.3835
vn 0.0551 -0.6209 -0.7819
vn -0.9285 -0.1899 -0.3191
vn -0.8242 0.1987 -0.5303
vn -0.4646 0.1363 -0.8750
vn -0.7607 0.6349 -0.1349
vn 0.1581 0.4391 -0.8844
vn 0.1850 0.9056 -0.3816
vn 0.1997 0.3976 -0.8956
vn 0.9386 0.1090 -0.3272
vn -0.4275 -0.6905 0.5835
vn -0.4232 -0.8348 -0.3521
vn -0.6408 -0.1438 0.7541
vn 0.7298 -0.5649 0.3850
vn 0.3014 0.0048 0.9535
vn 0.5184 -0.7708 -0.3703
vt 0.875000 0.649805
vt 0.849233 0.683396
vt 0.832712 0.540342
vt 0.580473 0.024703
vt 0.534759 0.188184
vt 0.498710 0.020990
vt 0.437420 0.135101
vt 0.411456 0.342495
vt 0.213804 0.511922
vt 0.337875 0.601179
vt 0.185175 0.619999
vt 0.611440 0.548317
vt 0.438499 0.522151
vt 0.536413 0.434917
vt 0.517900 0.691047
vt 0.378975 0.759339
vt 0.724211 0.603714
vt 0.568883 0.768659
vt 0.609419 0.213408
vt 0.625000 0.382072
vt 0.588498 0.519208
vt 0.209844 0.718096
vt 0.479559 0.953620
vt 0.390901 0.953078
vt 0.565332 0.774863
vt 0.583031 0.973602
vt 0.389658 0.010551
vt 0.376620 0.114133
vt 0.125000 0.581137
vt 0.375000 0.421875
s 0
g Cube.009_Material
usemtl Material
f 534/1069/833 527/1070/833 531/1071/833
f 527/1072/834 534/1073/834 526/1074/834
f 533/1075/835 534/1073/835 535/1076/835
f 535/1077/836 536/1078/836 537/1079/836
f 538/1080/837 541/1081/837 540/1082/837
f 539/1083/838 529/1084/838 536/1078/838
f 530/1085/839 532/1086/839 539/1083/839
f 531/1087/840 535/1076/840 534/1073/840
f 531/1087/841 540/1082/841 535/1076/841
f 540/1082/842 530/1088/842 538/1089/842
f 530/1085/843 531/1071/843 527/1070/843
f 530/1085/844 527/1070/844 532/1086/844
f 528/1090/845 537/1079/845 536/1078/845 529/1084/845
f 529/1084/846 539/1083/846 532/1086/846
f 532/1086/847 526/1091/847 529/1084/847
f 526/1091/848 528/1092/848 529/1084/848
f 532/1093/849 527/1094/849 526/1091/849
f 526/1074/850 533/1075/850 528/1095/850
f 533/1075/851 526/1074/851 534/1073/851
f 528/1095/852 533/1075/852 537/1096/852
f 535/1077/853 537/1079/853 533/1097/853
f 541/1081/854 538/1080/854 539/1083/854
f 541/1081/855 539/1083/855 536/1078/855
f 538/1080/856 530/1085/856 539/1083/856
f 535/1076/857 540/1082/857 541/1081/857
f 531/1087/858 530/1088/858 540/1082/858
f 536/1098/859 535/1076/859 541/1081/859
o Cube.010
v 11.604415 1.596593 -7.898273
v 11.478767 1.586059 -7.966362
v 11.313578 1.575002 -7.907987
v 11.550829 1.590774 -7.761499
v 11.648682 1.742390 -7.909897
v 11.341893 1.722369 -7.928596
v 11.357150 1.475287 -7.804646
v 11.396441 1.702394 -7.731801
v 11.634539 1.719882 -7.774811
vn -0.0738 0.9849 0.1564
vn -0.0521 0.9920 0.1151
vn -0.7964 0.2312 0.5589
vn -0.9587 0.0781 0.2736
vn -0.3283 -0.0687 -0.9421
vn 0.0878 -0.9961 -0.0080
vn 0.9567 -0.2863 0.0525
vn 0.8147 -0.4975 0.2980
vn 0.0383 0.3024 -0.9524
vn 0.5322 -0.8298 -0.1681
vn -0.1776 -0.7445 -0.6435
vn 0.1788 -0.0145 0.9838
vn -0.0335 -0.3000 0.9534
vn 0.4792 -0.2134 -0.8514
vt 0.856741 0.527884
vt 0.792799 0.664448
vt 0.661337 0.518959
vt 0.570885 0.667835
vt 0.614877 0.834550
vt 0.495616 0.943630
vt 0.319826 0.718976
vt 0.602263 0.105449
vt 0.455701 0.107225
vt 0.553174 0.006579
vt 0.371255 0.573451
vt 0.135465 0.689951
vt 0.165587 0.530358
vt 0.553103 0.308270
vt 0.565029 0.471740
vt 0.392929 0.256090
vt 0.405598 0.560759
vt 0.171875 0.750000
s 0
g Cube.010_Material
usemtl Material
f 546/1099/860 547/1100/860 550/1101/860
f 550/1101/861 547/1100/861 549/1102/861
f 547/1103/862 544/1104/862 548/1105/862
f 549/1102/863 547/1103/863 548/1105/863
f 547/1106/864 543/1107/864 544/1108/864
f 545/1109/865 543/1110/865 542/1111/865
f 546/1112/866 550/1113/866 542/1114/866
f 550/1113/867 545/1115/867 542/1114/867
f 543/1107/868 547/1106/868 546/1112/868
f 545/1109/869 548/1105/869 543/1110/869
f 543/1110/870 548/1105/870 544/1116/870
f 550/1101/871 549/1102/871 545/1115/871
f 549/1102/872 548/1105/872 545/1115/872
f 542/1114/873 543/1107/873 546/1112/873
o Cube.011
v 10.276173 1.742692 -8.152585
v 10.520286 1.499596 -7.871799
v 10.367203 1.388039 -8.084978
v 10.245791 1.598001 -7.941030
v 10.397153 1.765558 -7.920867
v 10.529826 1.745564 -8.138250
v 10.389724 1.557192 -8.274348
v 10.643026 1.692538 -8.008403
v 10.576628 1.502236 -8.108483
vn 0.4852 -0.8680 0.1058
vn -0.3977 -0.6641 0.6331
vn -0.8845 -0.3161 -0.3432
vn -0.7225 0.6146 0.3166
vn 0.3180 0.9420 0.1074
vn -0.0059 0.9954 -0.0952
vn 0.0402 0.5654 -0.8239
vn 0.6695 0.0380 -0.7418
vn 0.3265 -0.7239 -0.6078
vn 0.8851 -0.4172 0.2061
vn 0.7658 0.0691 -0.6394
vn -0.8943 -0.2755 -0.3525
vn -0.2171 0.0790 0.9730
vn 0.4039 0.3434 0.8479
vt 0.534218 0.539052
vt 0.807613 0.537738
vt 0.651467 0.712344
vt 0.812212 0.722590
vt 0.440472 0.699464
vt 0.505279 0.954605
vt 0.394685 0.910428
vt 0.529494 0.041599
vt 0.440272 0.169217
vt 0.407900 0.015209
vt 0.224689 0.500632
vt 0.298939 0.554231
vt 0.143822 0.628706
vt 0.350796 0.501919
vt 0.236030 0.724989
vt 0.358556 0.714558
vt 0.602122 0.296489
vt 0.527241 0.521298
vt 0.452229 0.375318
s 0
g Cube.011_Material
usemtl Material
f 559/1117/874 552/1118/874 553/1119/874
f 553/1119/875 552/1118/875 554/1120/875
f 557/1121/876 554/1122/876 551/1123/876
f 554/1124/877 555/1125/877 551/1126/877
f 558/1127/878 556/1128/878 555/1129/878
f 555/1129/879 556/1130/879 551/1131/879
f 556/1130/880 557/1132/880 551/1131/880
f 556/1130/881 559/1117/881 557/1121/881
f 559/1117/882 553/1119/882 557/1121/882
f 552/1133/883 559/1134/883 558/1135/883
f 558/1135/884 559/1117/884 556/1130/884
f 553/1119/885 554/1122/885 557/1121/885
f 554/1124/886 552/1133/886 555/1125/886
f 552/1133/887 558/1135/887 555/1125/887
o Cube.006
v 10.672303 1.592980 -10.220864
v 10.820015 1.704027 -10.184123
v 10.876826 1.567387 -10.334990
v 10.703085 1.698676 -10.258275
v 10.823792 1.675350 -10.313240
v 10.747822 1.609899 -10.388960
v 10.731427 1.523417 -10.244853
v 10.801971 1.624481 -10.129936
v 10.902692 1.567118 -10.233579
vn -0.9097 0.1247 -0.3961
vn -0.1106 0.8041 -0.5841
vn -0.0639 -0.8525 -0.5189
vn -0.5654 0.5481 0.6164
vn -0.5008 0.4148 0.7597
vn 0.1620 -0.7882 0.5937
vn -0.3743 -0.5703 0.7313
vn 0.7592 0.2399 0.6050
vn 0.8365 0.5396 -0.0954
vn 0.8580 0.4653 -0.2176
vn 0.4616 0.3875 -0.7980
vn -0.7629 -0.5124 -0.3943
vn 0.2508 -0.9657 -0.0665
vn 0.0908 0.9727 -0.2134
vt 0.423616 0.817668
vt 0.438163 0.985880
vt 0.399025 0.926987
vt 0.584080 0.909473
vt 0.477709 0.045024
vt 0.607265 0.122218
vt 0.441545 0.286085
vt 0.565477 0.549583
vt 0.592013 0.712367
vt 0.289400 0.584684
vt 0.400831 0.754486
vt 0.615924 0.357557
vt 0.551199 0.540629
vt 0.429879 0.509305
vt 0.769145 0.562221
vt 0.604783 0.677624
vt 0.780055 0.741830
vt 0.860509 0.631959
vt 0.567506 0.015179
vt 0.377433 0.096481
s 0
g Cube.006_Material
usemtl Material
f 563/1136/888 565/1137/888 560/1138/888
f 564/1139/889 565/1137/889 563/1136/889
f 565/1140/890 562/1141/890 566/1142/890
f 567/1143/891 561/1144/891 560/1145/891
f 561/1144/892 563/1146/892 560/1145/892
f 566/1142/893 568/1147/893 567/1148/893
f 567/1148/894 560/1149/894 566/1142/894
f 567/1143/895 568/1150/895 561/1151/895
f 561/1151/896 568/1150/896 564/1152/896
f 568/1150/897 562/1153/897 564/1152/897
f 564/1154/898 562/1141/898 565/1140/898
f 560/1155/899 565/1140/899 566/1142/899
f 566/1142/900 562/1141/900 568/1147/900
f 561/1144/901 564/1139/901 563/1136/901
o Cube.007
v 12.194221 1.481211 -9.868935
v 12.286838 1.690220 -9.838727
v 12.044133 1.557484 -9.871238
v 12.014111 1.634263 -9.712486
v 12.121666 1.466196 -9.691015
v 12.309191 1.506925 -9.744892
v 12.157069 1.742105 -9.738411
v 12.165107 1.672939 -9.909264
v 12.290418 1.620795 -9.665998
vn 0.9897 0.1387 0.0353
vn 0.5096 -0.1023 -0.8543
vn 0.5462 0.7811 0.3026
vn -0.0963 -0.2189 -0.9710
vn -0.4355 -0.8646 -0.2506
vn -0.6929 0.5890 -0.4159
vn -0.1336 0.3955 0.9087
vn 0.7367 -0.2348 -0.6341
vn 0.2135 -0.9769 0.0046
vn 0.3376 -0.4978 0.7989
vn -0.8439 -0.5279 0.0957
vn -0.6066 0.7266 -0.3227
vn 0.0834 0.9251 -0.3706
vn -0.1649 0.0204 0.9861
vt 0.862532 0.586626
vt 0.666025 0.612825
vt 0.793538 0.524739
vt 0.799625 0.742317
vt 0.596159 0.725728
vt 0.676667 0.500000
vt 0.533198 0.702151
vt 0.502729 0.907748
vt 0.315429 0.689365
vt 0.215046 0.717794
vt 0.139986 0.551629
vt 0.365533 0.517965
vt 0.592775 0.342442
vt 0.523296 0.508923
vt 0.395346 0.376049
vt 0.510142 0.020803
vt 0.592582 0.143625
vt 0.414253 0.208459
s 0
g Cube.007_Material
usemtl Material
f 574/1156/902 570/1157/902 577/1158/902
f 570/1157/903 569/1159/903 576/1160/903
f 577/1158/904 570/1157/904 575/1161/904
f 576/1162/905 569/1163/905 571/1164/905
f 571/1164/906 569/1165/906 573/1166/906
f 572/1167/907 576/1162/907 571/1164/907
f 577/1168/908 575/1169/908 572/1170/908
f 574/1156/909 569/1159/909 570/1157/909
f 569/1171/910 574/1172/910 573/1173/910
f 573/1173/911 574/1172/911 577/1168/911
f 573/1166/912 572/1167/912 571/1164/912
f 572/1167/913 575/1169/913 576/1162/913
f 575/1169/914 570/1157/914 576/1162/914
f 573/1173/915 577/1168/915 572/1170/915
o Cube.008
v 12.388215 1.496486 -8.439250
v 12.317769 1.567107 -8.558125
v 12.229502 1.667149 -8.584003
v 12.272276 1.688043 -8.432695
v 12.081725 1.638299 -8.453722
v 12.197068 1.542288 -8.357426
v 12.287881 1.435228 -8.456050
v 12.128780 1.656453 -8.612476
v 12.136387 1.523285 -8.542105
vn 0.7532 0.5884 -0.2942
vn -0.0723 0.9906 -0.1163
vn -0.2299 0.5376 0.8113
vn 0.2085 -0.5611 0.8011
vn 0.0813 -0.6215 -0.7792
vn 0.0343 -0.4654 -0.8844
vn -0.7469 -0.5902 0.3062
vn -0.9302 -0.2116 -0.2999
vn 0.2728 -0.0081 -0.9620
vn 0.8368 0.5130 -0.1911
vn -0.2560 0.9661 0.0346
vn 0.4290 0.2298 0.8736
vn 0.4755 -0.6033 -0.6402
vn -0.5947 -0.7561 0.2732
vt 0.551771 0.821043
vt 0.490236 0.981936
vt 0.443965 0.755163
vt 0.609545 0.740303
vt 0.579499 0.265268
vt 0.447677 0.232718
vt 0.490446 0.016300
vt 0.320967 0.499695
vt 0.242238 0.673984
vt 0.142687 0.564850
vt 0.543218 0.480597
vt 0.654480 0.663904
vt 0.651690 0.523626
vt 0.809399 0.589510
vt 0.375000 0.930496
vt 0.603518 0.001237
vt 0.583364 0.169025
vt 0.384386 0.054537
vt 0.382289 0.419599
s 0
g Cube.008_Material
usemtl Material
f 580/1174/916 581/1175/916 579/1176/916
f 580/1174/917 585/1177/917 581/1175/917
f 582/1178/918 583/1179/918 581/1180/918
f 584/1181/919 578/1182/919 583/1183/919
f 586/1184/920 579/1176/920 584/1181/920
f 586/1184/921 585/1185/921 579/1176/921
f 582/1178/922 586/1184/922 583/1179/922
f 586/1186/923 582/1187/923 585/1185/923
f 585/1185/924 580/1174/924 579/1176/924
f 578/1188/925 579/1176/925 581/1175/925
f 585/1189/926 582/1190/926 581/1180/926
f 578/1191/927 581/1180/927 583/1179/927
f 578/1182/928 584/1181/928 579/1176/928
f 584/1192/929 583/1179/929 586/1184/929
o Cube.009
v 12.366961 1.353723 -8.717324
v 12.477391 1.447421 -8.613939
v 12.192934 1.411675 -8.777986
v 12.251725 1.478261 -8.938610
v 12.531903 1.690918 -8.673069
v 12.419624 1.659971 -8.509016
v 12.490119 1.534305 -8.885833
v 12.219331 1.453935 -8.568573
v 12.306795 1.552187 -8.474611
v 12.131908 1.675364 -8.637593
v 12.159842 1.633700 -8.838850
v 12.095652 1.482748 -8.691743
v 12.413868 1.785130 -8.773759
v 12.422446 1.624617 -8.949759
v 12.300780 1.798611 -8.683014
v 12.205658 1.787235 -8.847329
vn 0.5056 -0.2675 0.8202
vn 0.0516 -0.7668 0.6398
vn -0.7013 -0.0554 0.7107
vn -0.9561 0.2307 -0.1805
vn 0.0432 0.9946 -0.0939
vn -0.3546 0.3475 -0.8680
vn 0.8443 0.3388 -0.4152
vn -0.3102 0.5681 0.7622
vn -0.2819 0.6472 0.7083
vn 0.3831 0.8546 0.3505
vn 0.8286 -0.0501 0.5576
vn 0.9741 -0.2244 -0.0261
vn -0.8178 -0.2623 -0.5123
vn 0.2869 -0.4009 -0.8701
vn 0.3060 -0.7527 -0.5830
vn -0.1493 -0.8929 -0.4248
vn 0.7280 -0.6622 -0.1775
vn -0.3784 -0.8969 0.2287
vn 0.1447 -0.7481 0.6476
vn -0.4325 -0.8717 0.2304
vn -0.7116 -0.0628 0.6998
vn 0.2364 0.7236 -0.6484
vn -0.3864 0.0645 -0.9201
vn 0.7573 0.5005 -0.4195
vn -0.5265 0.8130 0.2485
vn 0.3705 0.8331 0.4107
vn -0.9441 0.2714 -0.1872
vt 0.875000 0.649805
vt 0.849233 0.683396
vt 0.832712 0.540342
vt 0.580473 0.024703
vt 0.534759 0.188184
vt 0.498710 0.020990
vt 0.437420 0.135101
vt 0.411456 0.342495
vt 0.213804 0.511922
vt 0.337875 0.601179
vt 0.185175 0.619999
vt 0.611440 0.548317
vt 0.438499 0.522151
vt 0.536413 0.434917
vt 0.517900 0.691047
vt 0.378975 0.759339
vt 0.724211 0.603714
vt 0.568883 0.768659
vt 0.609419 0.213408
vt 0.625000 0.382072
vt 0.588498 0.519208
vt 0.209844 0.718096
vt 0.479559 0.953620
vt 0.390901 0.953078
vt 0.565332 0.774863
vt 0.583031 0.973602
vt 0.389658 0.010551
vt 0.376620 0.114133
vt 0.125000 0.581137
vt 0.375000 0.421875
s 0
g Cube.009_Material
usemtl Material
f 595/1193/930 588/1194/930 592/1195/930
f 588/1196/931 595/1197/931 587/1198/931
f 594/1199/932 595/1197/932 596/1200/932
f 596/1201/933 597/1202/933 598/1203/933
f 599/1204/934 602/1205/934 601/1206/934
f 600/1207/935 590/1208/935 597/1202/935
f 591/1209/936 593/1210/936 600/1207/936
f 592/1211/937 596/1200/937 595/1197/937
f 592/1211/938 601/1206/938 596/1200/938
f 601/1206/939 591/1212/939 599/1213/939
f 591/1209/940 592/1195/940 588/1194/940
f 591/1209/941 588/1194/941 593/1210/941
f 589/1214/942 598/1203/942 597/1202/942 590/1208/942
f 590/1208/943 600/1207/943 593/1210/943
f 593/1210/944 587/1215/944 590/1208/944
f 587/1215/945 589/1216/945 590/1208/945
f 593/1217/946 588/1218/946 587/1215/946
f 587/1198/947 594/1199/947 589/1219/947
f 594/1199/948 587/1198/948 595/1197/948
f 589/1219/949 594/1199/949 598/1220/949
f 596/1201/950 598/1203/950 594/1221/950
f 602/1205/951 599/1204/951 600/1207/951
f 602/1205/952 600/1207/952 597/1202/952
f 599/1204/953 591/1209/953 600/1207/953
f 596/1200/954 601/1206/954 602/1205/954
f 592/1211/955 591/1212/955 601/1206/955
f 597/1222/956 596/1200/956 602/1205/956
o Cube.010
v 12.045807 1.680117 -10.032420
v 11.953981 1.700512 -9.898054
v 11.829421 1.577268 -9.799717
v 11.998238 1.522140 -10.065507
v 12.210689 1.658966 -9.978017
v 11.985340 1.558030 -9.726384
v 11.762517 1.526103 -9.949420
v 11.995329 1.389215 -9.889359
v 12.174511 1.524850 -10.052428
vn 0.7437 -0.4664 0.4790
vn 0.7638 -0.4243 0.4863
vn -0.3060 -0.8506 0.4275
vn -0.5145 -0.6111 0.6015
vn -0.2138 0.7321 0.6467
vn -0.7500 0.3441 -0.5648
vn 0.3333 0.3871 -0.8597
vn 0.0699 0.1843 -0.9804
vn 0.3022 0.7599 0.5755
vn -0.3471 0.5947 -0.7252
vn -0.6803 0.7309 0.0542
vn 0.0568 -0.7974 -0.6008
vn -0.2975 -0.7597 -0.5782
vn 0.1438 0.9882 -0.0517
vt 0.856741 0.527884
vt 0.792799 0.664448
vt 0.661337 0.518959
vt 0.570885 0.667835
vt 0.614877 0.834550
vt 0.495616 0.943630
vt 0.319826 0.718976
vt 0.602263 0.105449
vt 0.455701 0.107225
vt 0.553174 0.006579
vt 0.371255 0.573451
vt 0.135465 0.689951
vt 0.165587 0.530358
vt 0.553103 0.308270
vt 0.565029 0.471740
vt 0.392929 0.256090
vt 0.405598 0.560759
vt 0.171875 0.750000
s 0
g Cube.010_Material
usemtl Material
f 607/1223/957 608/1224/957 611/1225/957
f 611/1225/958 608/1224/958 610/1226/958
f 608/1227/959 605/1228/959 609/1229/959
f 610/1226/960 608/1227/960 609/1229/960
f 608/1230/961 604/1231/961 605/1232/961
f 606/1233/962 604/1234/962 603/1235/962
f 607/1236/963 611/1237/963 603/1238/963
f 611/1237/964 606/1239/964 603/1238/964
f 604/1231/965 608/1230/965 607/1236/965
f 606/1233/966 609/1229/966 604/1234/966
f 604/1234/967 609/1229/967 605/1240/967
f 611/1225/968 610/1226/968 606/1239/968
f 610/1226/969 609/1229/969 606/1239/969
f 603/1238/970 604/1231/970 607/1236/970
o Cube.011
v 10.753774 1.718974 -7.872997
v 10.670918 1.492689 -8.132112
v 10.862703 1.614146 -8.127997
v 10.676172 1.721096 -8.063258
v 10.588552 1.614593 -7.946826
v 10.741082 1.518069 -7.853106
v 10.914920 1.619268 -7.931942
v 10.676867 1.418163 -7.933652
v 10.827004 1.459286 -8.022349
vn 0.3823 -0.5793 -0.7199
vn -0.1623 0.2882 -0.9437
vn 0.4686 0.8646 -0.1815
vn -0.5947 0.7637 0.2511
vn -0.6088 -0.2226 0.7615
vn -0.4655 0.1163 0.8774
vn 0.3793 0.0674 0.9228
vn 0.5936 -0.6177 0.5159
vn 0.9019 -0.3653 -0.2307
vn 0.0478 -0.9346 -0.3524
vn 0.4899 -0.7159 0.4974
vn 0.4542 0.8792 -0.1439
vn -0.8553 0.1675 -0.4904
vn -0.9013 -0.4138 -0.1284
vt 0.534218 0.539052
vt 0.807613 0.537738
vt 0.651467 0.712344
vt 0.812212 0.722590
vt 0.440472 0.699464
vt 0.505279 0.954605
vt 0.394685 0.910428
vt 0.529494 0.041599
vt 0.440272 0.169217
vt 0.407900 0.015209
vt 0.224689 0.500632
vt 0.298939 0.554231
vt 0.143822 0.628706
vt 0.350796 0.501919
vt 0.236030 0.724989
vt 0.358556 0.714558
vt 0.602122 0.296489
vt 0.527241 0.521298
vt 0.452229 0.375318
s 0
g Cube.011_Material
usemtl Material
f 620/1241/971 613/1242/971 614/1243/971
f 614/1243/972 613/1242/972 615/1244/972
f 618/1245/973 615/1246/973 612/1247/973
f 615/1248/974 616/1249/974 612/1250/974
f 619/1251/975 617/1252/975 616/1253/975
f 616/1253/976 617/1254/976 612/1255/976
f 617/1254/977 618/1256/977 612/1255/977
f 617/1254/978 620/1241/978 618/1245/978
f 620/1241/979 614/1243/979 618/1245/979
f 613/1257/980 620/1258/980 619/1259/980
f 619/1259/981 620/1241/981 617/1254/981
f 614/1243/982 615/1246/982 618/1245/982
f 615/1248/983 613/1257/983 616/1249/983
f 613/1257/984 619/1259/984 616/1249/984
o Cube.006
v 10.135039 1.466808 -9.617506
v 10.193272 1.620660 -9.599378
v 10.191400 1.580925 -9.780689
v 10.089455 1.557585 -9.606932
v 10.132963 1.618227 -9.698701
v 10.073904 1.539858 -9.749219
v 10.180602 1.458300 -9.686255
v 10.245188 1.552468 -9.592072
v 10.263322 1.584666 -9.723557
vn -0.8759 -0.4576 0.1527
vn -0.8027 0.5962 0.0134
vn 0.0011 -0.6102 -0.7922
vn -0.1935 -0.0423 0.9802
vn -0.0015 -0.1165 0.9932
vn 0.8338 -0.5517 -0.0201
vn 0.4940 -0.7604 0.4215
vn 0.7568 0.6031 0.2521
vn 0.2182 0.9633 -0.1561
vn 0.1852 0.9375 -0.2945
vn -0.4023 0.6906 -0.6010
vn -0.5020 -0.8339 -0.2295
vn 0.5394 -0.5431 -0.6435
vn -0.5121 0.8081 0.2912
vt 0.423616 0.817668
vt 0.438163 0.985880
vt 0.399025 0.926987
vt 0.584080 0.909473
vt 0.477709 0.045024
vt 0.607265 0.122218
vt 0.441545 0.286085
vt 0.565477 0.549583
vt 0.592013 0.712367
vt 0.289400 0.584684
vt 0.400831 0.754486
vt 0.615924 0.357557
vt 0.551199 0.540629
vt 0.429879 0.509305
vt 0.769145 0.562221
vt 0.604783 0.677624
vt 0.780055 0.741830
vt 0.860509 0.631959
vt 0.567506 0.015179
vt 0.377433 0.096481
s 0
g Cube.006_Material
usemtl Material
f 624/1260/985 626/1261/985 621/1262/985
f 625/1263/986 626/1261/986 624/1260/986
f 626/1264/987 623/1265/987 627/1266/987
f 628/1267/988 622/1268/988 621/1269/988
f 622/1268/989 624/1270/989 621/1269/989
f 627/1266/990 629/1271/990 628/1272/990
f 628/1272/991 621/1273/991 627/1266/991
f 628/1267/992 629/1274/992 622/1275/992
f 622/1275/993 629/1274/993 625/1276/993
f 629/1274/994 623/1277/994 625/1276/994
f 625/1278/995 623/1265/995 626/1264/995
f 621/1279/996 626/1264/996 627/1266/996
f 627/1266/997 623/1265/997 629/1271/997
f 622/1268/998 625/1263/998 624/1260/998
o Cube.007
v 12.314460 1.444331 -9.527148
v 12.214451 1.572177 -9.656558
v 12.178141 1.395149 -9.482735
v 12.097460 1.516284 -9.413825
v 12.274730 1.531350 -9.382401
v 12.351584 1.593712 -9.532065
v 12.100439 1.597664 -9.554893
v 12.164396 1.459944 -9.622187
v 12.255451 1.674917 -9.530628
vn 0.4895 0.5908 -0.6414
vn 0.4479 -0.4384 -0.7792
vn -0.3062 0.7840 -0.5400
vn 0.1796 -0.8853 -0.4290
vn 0.4361 -0.7134 0.5486
vn -0.8594 -0.4908 -0.1434
vn -0.4550 0.7755 0.4377
vn 0.6760 -0.1914 -0.7116
vn 0.9024 -0.2119 0.3751
vn 0.5456 0.6363 0.5453
vn -0.1018 -0.5422 0.8340
vn -0.9220 -0.3266 -0.2079
vn -0.6564 0.0625 -0.7518
vn -0.1824 0.6943 0.6962
vt 0.862532 0.586626
vt 0.666025 0.612825
vt 0.793538 0.524739
vt 0.799625 0.742317
vt 0.596159 0.725728
vt 0.676667 0.500000
vt 0.533198 0.702151
vt 0.502729 0.907748
vt 0.315429 0.689365
vt 0.215046 0.717794
vt 0.139986 0.551629
vt 0.365533 0.517965
vt 0.592775 0.342442
vt 0.523296 0.508923
vt 0.395346 0.376049
vt 0.510142 0.020803
vt 0.592582 0.143625
vt 0.414253 0.208459
s 0
g Cube.007_Material
usemtl Material
f 635/1280/999 631/1281/999 638/1282/999
f 631/1281/1000 630/1283/1000 637/1284/1000
f 638/1282/1001 631/1281/1001 636/1285/1001
f 637/1286/1002 630/1287/1002 632/1288/1002
f 632/1288/1003 630/1289/1003 634/1290/1003
f 633/1291/1004 637/1286/1004 632/1288/1004
f 638/1292/1005 636/1293/1005 633/1294/1005
f 635/1280/1006 630/1283/1006 631/1281/1006
f 630/1295/1007 635/1296/1007 634/1297/1007
f 634/1297/1008 635/1296/1008 638/1292/1008
f 634/1290/1009 633/1291/1009 632/1288/1009
f 633/1291/1010 636/1293/1010 637/1286/1010
f 636/1293/1011 631/1281/1011 637/1286/1011
f 634/1297/1012 638/1292/1012 633/1294/1012
o Cube.008
v 12.059350 1.511141 -8.714647
v 12.089361 1.512613 -8.575369
v 12.159924 1.573215 -8.492192
v 12.162879 1.656137 -8.611884
v 12.324609 1.583825 -8.570851
v 12.249126 1.558037 -8.713826
v 12.142982 1.442120 -8.703254
v 12.240757 1.540780 -8.450403
v 12.252959 1.461103 -8.562993
vn -0.8064 0.4953 0.3232
vn 0.0349 0.8211 0.5697
vn 0.4564 0.8019 -0.3856
vn 0.0344 -0.1220 -0.9919
vn -0.3049 -0.8823 0.3585
vn -0.2907 -0.7956 0.5315
vn 0.8039 -0.4909 -0.3359
vn 0.8023 -0.4428 0.4003
vn -0.5416 -0.3909 0.7442
vn -0.8563 0.4843 0.1794
vn 0.2547 0.8408 0.4778
vn -0.1556 0.6427 -0.7501
vn -0.6415 -0.7531 0.1462
vn 0.6487 -0.6326 -0.4230
vt 0.551771 0.821043
vt 0.490236 0.981936
vt 0.443965 0.755163
vt 0.609545 0.740303
vt 0.579499 0.265268
vt 0.447677 0.232718
vt 0.490446 0.016300
vt 0.320967 0.499695
vt 0.242238 0.673984
vt 0.142687 0.564850
vt 0.543218 0.480597
vt 0.654480 0.663904
vt 0.651690 0.523626
vt 0.809399 0.589510
vt 0.375000 0.930496
vt 0.603518 0.001237
vt 0.583364 0.169025
vt 0.384386 0.054537
vt 0.382289 0.419599
s 0
g Cube.008_Material
usemtl Material
f 641/1298/1013 642/1299/1013 640/1300/1013
f 641/1298/1014 646/1301/1014 642/1299/1014
f 643/1302/1015 644/1303/1015 642/1304/1015
f 645/1305/1016 639/1306/1016 644/1307/1016
f 647/1308/1017 640/1300/1017 645/1305/1017
f 647/1308/1018 646/1309/1018 640/1300/1018
f 643/1302/1019 647/1308/1019 644/1303/1019
f 647/1310/1020 643/1311/1020 646/1309/1020
f 646/1309/1021 641/1298/1021 640/1300/1021
f 639/1312/1022 640/1300/1022 642/1299/1022
f 646/1313/1023 643/1314/1023 642/1304/1023
f 639/1315/1024 642/1304/1024 644/1303/1024
f 639/1306/1025 645/1305/1025 640/1300/1025
f 645/1316/1026 644/1303/1026 647/1308/1026
o Cube.009
v 12.173169 1.348522 -9.142380
v 12.251884 1.394353 -9.266388
v 12.206981 1.390805 -8.984343
v 12.106242 1.513362 -8.979629
v 12.297613 1.609449 -9.294869
v 12.431598 1.504576 -9.258599
v 12.096101 1.569616 -9.188573
v 12.362397 1.343465 -9.075176
v 12.443285 1.393105 -9.177805
v 12.433885 1.525049 -8.986552
v 12.268323 1.577561 -8.941842
v 12.325627 1.395944 -8.936268
v 12.302412 1.703162 -9.169055
v 12.109887 1.653179 -9.115052
v 12.404521 1.660763 -9.108792
v 12.313769 1.703437 -8.978436
vn 0.3549 -0.5240 -0.7743
vn 0.1213 -0.9536 -0.2755
vn 0.7832 -0.4932 0.3787
vn 0.2947 0.1221 0.9478
vn 0.3959 0.9180 -0.0249
vn -0.4058 0.6413 0.6512
vn -0.4563 0.6290 -0.6294
vn 0.9955 0.0932 -0.0154
vn 0.9812 0.1919 -0.0227
vn 0.5680 0.6495 -0.5055
vn 0.1400 -0.1592 -0.9773
vn -0.4636 -0.0187 -0.8859
vn -0.2599 -0.1323 0.9565
vn -0.9924 0.0981 0.0746
vn -0.9403 -0.3372 -0.0451
vn -0.7263 -0.6092 0.3184
vn -0.7149 -0.3728 -0.5916
vn -0.1253 -0.9514 0.2814
vn 0.1048 -0.9251 -0.3648
vn -0.0931 -0.9393 0.3302
vn 0.7743 -0.4964 0.3925
vn -0.2478 0.9687 0.0134
vn -0.5750 0.4129 0.7063
vn -0.3511 0.7573 -0.5507
vn 0.7767 0.5059 0.3751
vn 0.6102 0.6010 -0.5163
vn 0.3050 0.1627 0.9384
vt 0.875000 0.649805
vt 0.849233 0.683396
vt 0.832712 0.540342
vt 0.580473 0.024703
vt 0.534759 0.188184
vt 0.498710 0.020990
vt 0.437420 0.135101
vt 0.411456 0.342495
vt 0.213804 0.511922
vt 0.337875 0.601179
vt 0.185175 0.619999
vt 0.611440 0.548317
vt 0.438499 0.522151
vt 0.536413 0.434917
vt 0.517900 0.691047
vt 0.378975 0.759339
vt 0.724211 0.603714
vt 0.568883 0.768659
vt 0.609419 0.213408
vt 0.625000 0.382072
vt 0.588498 0.519208
vt 0.209844 0.718096
vt 0.479559 0.953620
vt 0.390901 0.953078
vt 0.565332 0.774863
vt 0.583031 0.973602
vt 0.389658 0.010551
vt 0.376620 0.114133
vt 0.125000 0.581137
vt 0.375000 0.421875
s 0
g Cube.009_Material
usemtl Material
f 656/1317/1027 649/1318/1027 653/1319/1027
f 649/1320/1028 656/1321/1028 648/1322/1028
f 655/1323/1029 656/1321/1029 657/1324/1029
f 657/1325/1030 658/1326/1030 659/1327/1030
f 660/1328/1031 663/1329/1031 662/1330/1031
f 661/1331/1032 651/1332/1032 658/1326/1032
f 652/1333/1033 654/1334/1033 661/1331/1033
f 653/1335/1034 657/1324/1034 656/1321/1034
f 653/1335/1035 662/1330/1035 657/1324/1035
f 662/1330/1036 652/1336/1036 660/1337/1036
f 652/1333/1037 653/1319/1037 649/1318/1037
f 652/1333/1038 649/1318/1038 654/1334/1038
f 650/1338/1039 659/1327/1039 658/1326/1039 651/1332/1039
f 651/1332/1040 661/1331/1040 654/1334/1040
f 654/1334/1041 648/1339/1041 651/1332/1041
f 648/1339/1042 650/1340/1042 651/1332/1042
f 654/1341/1043 649/1342/1043 648/1339/1043
f 648/1322/1044 655/1323/1044 650/1343/1044
f 655/1323/1045 648/1322/1045 656/1321/1045
f 650/1343/1046 655/1323/1046 659/1344/1046
f 657/1325/1047 659/1327/1047 655/1345/1047
f 663/1329/1048 660/1328/1048 661/1331/1048
f 663/1329/1049 661/1331/1049 658/1326/1049
f 660/1328/1050 652/1333/1050 661/1331/1050
f 657/1324/1051 662/1330/1051 663/1329/1051
f 653/1335/1052 652/1336/1052 662/1330/1052
f 658/1346/1053 657/1324/1053 663/1329/1053
o Cube.010
v 11.545910 1.652358 -8.045523
v 11.535228 1.518697 -7.964700
v 11.551403 1.334875 -8.016996
v 11.570460 1.585762 -8.189610
v 11.695413 1.717909 -8.010496
v 11.702601 1.383813 -7.970826
v 11.458992 1.364732 -8.149102
v 11.711719 1.429482 -8.190119
v 11.697638 1.692272 -8.158698
vn 0.9997 0.0228 0.0111
vn 0.9976 0.0473 0.0513
vn 0.3972 -0.7955 -0.4576
vn 0.2145 -0.9579 -0.1906
vn -0.1947 -0.2842 0.9388
vn -0.9870 -0.0178 -0.1599
vn -0.3636 0.9170 -0.1641
vn -0.5158 0.7408 -0.4303
vn 0.1325 0.1197 0.9839
vn -0.8933 0.4494 -0.0059
vn -0.8219 -0.2216 0.5248
vn 0.1345 0.1247 -0.9830
vn -0.1304 -0.1147 -0.9848
vn -0.3987 0.4977 0.7703
vt 0.856741 0.527884
vt 0.792799 0.664448
vt 0.661337 0.518959
vt 0.570885 0.667835
vt 0.614877 0.834550
vt 0.495616 0.943630
vt 0.319826 0.718976
vt 0.602263 0.105449
vt 0.455701 0.107225
vt 0.553174 0.006579
vt 0.371255 0.573451
vt 0.135465 0.689951
vt 0.165587 0.530358
vt 0.553103 0.308270
vt 0.565029 0.471740
vt 0.392929 0.256090
vt 0.405598 0.560759
vt 0.171875 0.750000
s 0
g Cube.010_Material
usemtl Material
f 668/1347/1054 669/1348/1054 672/1349/1054
f 672/1349/1055 669/1348/1055 671/1350/1055
f 669/1351/1056 666/1352/1056 670/1353/1056
f 671/1350/1057 669/1351/1057 670/1353/1057
f 669/1354/1058 665/1355/1058 666/1356/1058
f 667/1357/1059 665/1358/1059 664/1359/1059
f 668/1360/1060 672/1361/1060 664/1362/1060
f 672/1361/1061 667/1363/1061 664/1362/1061
f 665/1355/1062 669/1354/1062 668/1360/1062
f 667/1357/1063 670/1353/1063 665/1358/1063
f 665/1358/1064 670/1353/1064 666/1364/1064
f 672/1349/1065 671/1350/1065 667/1363/1065
f 671/1350/1066 670/1353/1066 667/1363/1066
f 664/1362/1067 665/1355/1067 668/1360/1067
o Cube.011
v 12.312415 1.506007 -8.834204
v 12.089251 1.551182 -9.219955
v 12.308405 1.720166 -9.142336
v 12.123575 1.652178 -8.937353
v 12.086920 1.426883 -8.947477
v 12.314915 1.337694 -9.027176
v 12.470762 1.562351 -9.020922
v 12.202201 1.313343 -9.167540
v 12.327599 1.493662 -9.224107
vn 0.0667 0.3438 -0.9367
vn -0.5446 0.8086 -0.2228
vn 0.3289 0.7900 0.5174
vn -0.4583 0.0347 0.8881
vn -0.2345 -0.9085 0.3459
vn -0.0652 -0.7524 0.6554
vn 0.7241 -0.5151 0.4586
vn 0.7696 -0.5237 -0.3652
vn 0.7359 0.2842 -0.6146
vn -0.0770 -0.2493 -0.9654
vn 0.6703 -0.6022 -0.4338
vn 0.3309 0.7652 0.5522
vn -0.9855 0.1575 0.0634
vn -0.8627 -0.4573 -0.2160
vt 0.534218 0.539052
vt 0.807613 0.537738
vt 0.651467 0.712344
vt 0.812212 0.722590
vt 0.440472 0.699464
vt 0.505279 0.954605
vt 0.394685 0.910428
vt 0.529494 0.041599
vt 0.440272 0.169217
vt 0.407900 0.015209
vt 0.224689 0.500632
vt 0.298939 0.554231
vt 0.143822 0.628706
vt 0.350796 0.501919
vt 0.236030 0.724989
vt 0.358556 0.714558
vt 0.602122 0.296489
vt 0.527241 0.521298
vt 0.452229 0.375318
s 0
g Cube.011_Material
usemtl Material
f 681/1365/1068 674/1366/1068 675/1367/1068
f 675/1367/1069 674/1366/1069 676/1368/1069
f 679/1369/1070 676/1370/1070 673/1371/1070
f 676/1372/1071 677/1373/1071 673/1374/1071
f 680/1375/1072 678/1376/1072 677/1377/1072
f 677/1377/1073 678/1378/1073 673/1379/1073
f 678/1378/1074 679/1380/1074 673/1379/1074
f 678/1378/1075 681/1365/1075 679/1369/1075
f 681/1365/1076 675/1367/1076 679/1369/1076
f 674/1381/1077 681/1382/1077 680/1383/1077
f 680/1383/1078 681/1365/1078 678/1378/1078
f 675/1367/1079 676/1370/1079 679/1369/1079
f 676/1372/1080 674/1381/1080 677/1373/1080
f 674/1381/1081 680/1383/1081 677/1373/1081
o Cube.006
v 10.827503 1.344652 -8.080518
v 10.886199 1.527523 -8.193667
v 10.827808 1.596218 -7.960470
v 10.949225 1.401938 -8.109228
v 10.933786 1.547296 -8.045849
v 10.929169 1.460650 -7.925139
v 10.760023 1.406730 -8.016765
v 10.777998 1.486409 -8.198630
v 10.761681 1.610841 -8.064128
vn 0.4639 -0.8281 0.3147
vn 0.9939 0.0678 0.0867
vn -0.4480 -0.1035 0.8880
vn 0.2512 -0.5663 -0.7850
vn 0.0548 -0.5380 -0.8411
vn -0.9943 -0.0164 -0.1055
vn -0.7858 -0.5341 -0.3117
vn -0.2347 0.6992 -0.6753
vn 0.3585 0.9031 -0.2362
vn 0.3536 0.9306 -0.0943
vn 0.6497 0.6055 0.4595
vn -0.1014 -0.7643 0.6369
vn -0.8269 0.1335 0.5463
vn 0.9144 0.2394 -0.3264
vt 0.423616 0.817668
vt 0.438163 0.985880
vt 0.399025 0.926987
vt 0.584080 0.909473
vt 0.477709 0.045024
vt 0.607265 0.122218
vt 0.441545 0.286085
vt 0.565477 0.549583
vt 0.592013 0.712367
vt 0.289400 0.584684
vt 0.400831 0.754486
vt 0.615924 0.357557
vt 0.551199 0.540629
vt 0.429879 0.509305
vt 0.769145 0.562221
vt 0.604783 0.677624
vt 0.780055 0.741830
vt 0.860509 0.631959
vt 0.567506 0.015179
vt 0.377433 0.096481
s 0
g Cube.006_Material
usemtl Material
f 685/1384/1082 687/1385/1082 682/1386/1082
f 686/1387/1083 687/1385/1083 685/1384/1083
f 687/1388/1084 684/1389/1084 688/1390/1084
f 689/1391/1085 683/1392/1085 682/1393/1085
f 683/1392/1086 685/1394/1086 682/1393/1086
f 688/1390/1087 690/1395/1087 689/1396/1087
f 689/1396/1088 682/1397/1088 688/1390/1088
f 689/1391/1089 690/1398/1089 683/1399/1089
f 683/1399/1090 690/1398/1090 686/1400/1090
f 690/1398/1091 684/1401/1091 686/1400/1091
f 686/1402/1092 684/1389/1092 687/1388/1092
f 682/1403/1093 687/1388/1093 688/1390/1093
f 688/1390/1094 684/1389/1094 690/1395/1094
f 683/1392/1095 686/1387/1095 685/1384/1095
o Cube.007
v 10.238262 1.418604 -8.923585
v 10.147507 1.551353 -9.048597
v 10.112892 1.338828 -8.929588
v 9.994355 1.422655 -8.867245
v 10.147303 1.459884 -8.785735
v 10.239744 1.566213 -8.891297
v 10.012141 1.532171 -8.982278
v 10.118611 1.429548 -9.050760
v 10.132063 1.625571 -8.902649
vn 0.4795 0.8017 -0.3569
vn 0.7125 -0.1569 -0.6839
vn -0.3394 0.8234 -0.4547
vn 0.4786 -0.7136 -0.5117
vn 0.4433 -0.7353 0.5127
vn -0.6609 -0.5854 -0.4695
vn -0.7146 0.5585 0.4212
vn 0.8538 0.1031 -0.5104
vn 0.8083 -0.1335 0.5734
vn 0.2342 0.5748 0.7841
vn -0.1723 -0.7330 0.6581
vn -0.7424 -0.4242 -0.5186
vn -0.4506 0.1226 -0.8843
vn -0.5017 0.4675 0.7279
vt 0.862532 0.586626
vt 0.666025 0.612825
vt 0.793538 0.524739
vt 0.799625 0.742317
vt 0.596159 0.725728
vt 0.676667 0.500000
vt 0.533198 0.702151
vt 0.502729 0.907748
vt 0.315429 0.689365
vt 0.215046 0.717794
vt 0.139986 0.551629
vt 0.365533 0.517965
vt 0.592775 0.342442
vt 0.523296 0.508923
vt 0.395346 0.376049
vt 0.510142 0.020803
vt 0.592582 0.143625
vt 0.414253 0.208459
s 0
g Cube.007_Material
usemtl Material
f 696/1404/1096 692/1405/1096 699/1406/1096
f 692/1405/1097 691/1407/1097 698/1408/1097
f 699/1406/1098 692/1405/1098 697/1409/1098
f 698/1410/1099 691/1411/1099 693/1412/1099
f 693/1412/1100 691/1413/1100 695/1414/1100
f 694/1415/1101 698/1410/1101 693/1412/1101
f 699/1416/1102 697/1417/1102 694/1418/1102
f 696/1404/1103 691/1407/1103 692/1405/1103
f 691/1419/1104 696/1420/1104 695/1421/1104
f 695/1421/1105 696/1420/1105 699/1416/1105
f 695/1414/1106 694/1415/1106 693/1412/1106
f 694/1415/1107 697/1417/1107 698/1410/1107
f 697/1417/1108 692/1405/1108 698/1410/1108
f 695/1421/1109 699/1416/1109 694/1418/1109
o Cube.008
v 10.292036 1.339614 -9.219509
v 10.252695 1.514140 -9.165635
v 10.175022 1.595924 -9.047094
v 10.191136 1.417203 -8.981727
v 9.965413 1.482125 -9.022940
v 10.057869 1.313573 -9.118512
v 10.168084 1.370815 -9.283579
v 10.062915 1.654217 -9.056123
v 10.029550 1.535894 -9.189754
vn 0.8792 0.2316 0.4163
vn 0.1071 0.3500 0.9306
vn -0.3063 -0.5911 0.7462
vn -0.0503 -0.9327 -0.3570
vn 0.1432 0.5771 -0.8040
vn 0.1435 0.7229 -0.6759
vn -0.8759 -0.2448 -0.4157
vn -0.8697 0.4567 -0.1872
vn 0.4606 0.8425 -0.2795
vn 0.9272 0.0974 0.3617
vn -0.1053 0.2455 0.9637
vn 0.2700 -0.8757 0.4003
vn 0.4983 0.3563 -0.7904
vn -0.7477 -0.2871 -0.5988
vt 0.551771 0.821043
vt 0.490236 0.981936
vt 0.443965 0.755163
vt 0.609545 0.740303
vt 0.579499 0.265268
vt 0.447677 0.232718
vt 0.490446 0.016300
vt 0.320967 0.499695
vt 0.242238 0.673984
vt 0.142687 0.564850
vt 0.543218 0.480597
vt 0.654480 0.663904
vt 0.651690 0.523626
vt 0.809399 0.589510
vt 0.375000 0.930496
vt 0.603518 0.001237
vt 0.583364 0.169025
vt 0.384386 0.054537
vt 0.382289 0.419599
s 0
g Cube.008_Material
usemtl Material
f 702/1422/1110 703/1423/1110 701/1424/1110
f 702/1422/1111 707/1425/1111 703/1423/1111
f 704/1426/1112 705/1427/1112 703/1428/1112
f 706/1429/1113 700/1430/1113 705/1431/1113
f 708/1432/1114 701/1424/1114 706/1429/1114
f 708/1432/1115 707/1433/1115 701/1424/1115
f 704/1426/1116 708/1432/1116 705/1427/1116
f 708/1434/1117 704/1435/1117 707/1433/1117
f 707/1433/1118 702/1422/1118 701/1424/1118
f 700/1436/1119 701/1424/1119 703/1423/1119
f 707/1437/1120 704/1438/1120 703/1428/1120
f 700/1439/1121 703/1428/1121 705/1427/1121
f 700/1430/1122 706/1429/1122 701/1424/1122
f 706/1440/1123 705/1427/1123 708/1432/1123
o Cube.009
v 11.819435 1.365510 -9.589886
v 11.974084 1.330363 -9.595668
v 11.741775 1.492129 -9.677200
v 11.695797 1.398241 -9.803172
v 12.077863 1.306063 -9.798017
v 12.122728 1.449820 -9.700459
v 11.849714 1.236397 -9.797256
v 11.905462 1.553807 -9.598088
v 12.047441 1.534343 -9.613880
v 11.936802 1.635531 -9.801084
v 11.799740 1.533540 -9.872015
v 11.793488 1.612792 -9.692306
v 12.014543 1.379569 -9.927607
v 11.827372 1.282349 -9.901034
v 12.034572 1.504875 -9.899961
v 11.887873 1.519497 -9.983876
vn 0.6554 -0.1700 0.7359
vn 0.0531 0.0698 0.9961
vn 0.1675 0.9053 0.3903
vn -0.4184 0.8256 -0.3786
vn 0.5017 0.1091 -0.8581
vn -0.5791 0.0304 -0.8147
vn 0.2613 -0.8605 -0.4373
vn 0.7194 0.6927 -0.0507
vn 0.7372 0.6603 -0.1435
vn 0.8883 -0.0411 -0.4574
vn 0.7302 -0.5248 0.4375
vn 0.2831 -0.9243 0.2562
vn -0.8658 0.4752 -0.1566
vn -0.7138 -0.6843 -0.1493
vn -0.6959 -0.6508 0.3036
vn -0.8600 -0.2054 0.4670
vn -0.1738 -0.8472 0.5021
vn -0.4985 0.2637 0.8258
vn 0.1096 -0.0068 0.9939
vn -0.5070 0.3176 0.8013
vn 0.1512 0.9087 0.3892
vn 0.0428 -0.3392 -0.9397
vn -0.7863 -0.0151 -0.6176
vn 0.3095 -0.7542 -0.5791
vn 0.3955 0.7238 -0.5654
vn 0.9137 -0.0094 -0.4063
vn -0.3954 0.8197 -0.4145
vt 0.875000 0.649805
vt 0.849233 0.683396
vt 0.832712 0.540342
vt 0.580473 0.024703
vt 0.534759 0.188184
vt 0.498710 0.020990
vt 0.437420 0.135101
vt 0.411456 0.342495
vt 0.213804 0.511922
vt 0.337875 0.601179
vt 0.185175 0.619999
vt 0.611440 0.548317
vt 0.438499 0.522151
vt 0.536413 0.434917
vt 0.517900 0.691047
vt 0.378975 0.759339
vt 0.724211 0.603714
vt 0.568883 0.768659
vt 0.609419 0.213408
vt 0.625000 0.382072
vt 0.588498 0.519208
vt 0.209844 0.718096
vt 0.479559 0.953620
vt 0.390901 0.953078
vt 0.565332 0.774863
vt 0.583031 0.973602
vt 0.389658 0.010551
vt 0.376620 0.114133
vt 0.125000 0.581137
vt 0.375000 0.421875
s 0
g Cube.009_Material
usemtl Material
f 717/1441/1124 710/1442/1124 714/1443/1124
f 710/1444/1125 717/1445/1125 709/1446/1125
f 716/1447/1126 717/1445/1126 718/1448/1126
f 718/1449/1127 719/1450/1127 720/1451/1127
f 721/1452/1128 724/1453/1128 723/1454/1128
f 722/1455/1129 712/1456/1129 719/1450/1129
f 713/1457/1130 715/1458/1130 722/1455/1130
f 714/1459/1131 718/1448/1131 717/1445/1131
f 714/1459/1132 723/1454/1132 718/1448/1132
f 723/1454/1133 713/1460/1133 721/1461/1133
f 713/1457/1134 714/1443/1134 710/1442/1134
f 713/1457/1135 710/1442/1135 715/1458/1135
f 711/1462/1136 720/1451/1136 719/1450/1136 712/1456/1136
f 712/1456/1137 722/1455/1137 715/1458/1137
f 715/1458/1138 709/1463/1138 712/1456/1138
f 709/1463/1139 711/1464/1139 712/1456/1139
f 715/1465/1140 710/1466/1140 709/1463/1140
f 709/1446/1141 716/1447/1141 711/1467/1141
f 716/1447/1142 709/1446/1142 717/1445/1142
f 711/1467/1143 716/1447/1143 720/1468/1143
f 718/1449/1144 720/1451/1144 716/1469/1144
f 724/1453/1145 721/1452/1145 722/1455/1145
f 724/1453/1146 722/1455/1146 719/1450/1146
f 721/1452/1147 713/1457/1147 722/1455/1147
f 718/1448/1148 723/1454/1148 724/1453/1148
f 714/1459/1149 713/1460/1149 723/1454/1149
f 719/1470/1150 718/1448/1150 724/1453/1150
o Cube.010
v 12.114725 1.527954 -8.726604
v 12.071526 1.522107 -8.601007
v 11.969726 1.420223 -8.524960
v 12.042528 1.422216 -8.773619
v 12.246974 1.476863 -8.726714
v 12.098762 1.367060 -8.508456
v 11.882434 1.427177 -8.633204
v 12.046018 1.277797 -8.668115
v 12.180807 1.398040 -8.802374
vn 0.6999 -0.7039 0.1212
vn 0.7304 -0.6699 0.1333
vn -0.3961 -0.8798 0.2629
vn -0.5004 -0.6747 0.5425
vn 0.1076 0.5234 0.8453
vn -0.7529 0.6165 -0.2303
vn 0.2206 0.5727 -0.7895
vn -0.1025 0.4617 -0.8811
vn 0.5880 0.4882 0.6449
vn -0.3472 0.8358 -0.4254
vn -0.4630 0.7787 0.4234
vn -0.2617 -0.5735 -0.7763
vn -0.5840 -0.4880 -0.6487
vn 0.3555 0.9200 0.1651
vt 0.856741 0.527884
vt 0.792799 0.664448
vt 0.661337 0.518959
vt 0.570885 0.667835
vt 0.614877 0.834550
vt 0.495616 0.943630
vt 0.319826 0.718976
vt 0.602263 0.105449
vt 0.455701 0.107225
vt 0.553174 0.006579
vt 0.371255 0.573451
vt 0.135465 0.689951
vt 0.165587 0.530358
vt 0.553103 0.308270
vt 0.565029 0.471740
vt 0.392929 0.256090
vt 0.405598 0.560759
vt 0.171875 0.750000
s 0
g Cube.010_Material
usemtl Material
f 729/1471/1151 730/1472/1151 733/1473/1151
f 733/1473/1152 730/1472/1152 732/1474/1152
f 730/1475/1153 727/1476/1153 731/1477/1153
f 732/1474/1154 730/1475/1154 731/1477/1154
f 730/1478/1155 726/1479/1155 727/1480/1155
f 728/1481/1156 726/1482/1156 725/1483/1156
f 729/1484/1157 733/1485/1157 725/1486/1157
f 733/1485/1158 728/1487/1158 725/1486/1158
f 726/1479/1159 730/1478/1159 729/1484/1159
f 728/1481/1160 731/1477/1160 726/1482/1160
f 726/1482/1161 731/1477/1161 727/1488/1161
f 733/1473/1162 732/1474/1162 728/1487/1162
f 732/1474/1163 731/1477/1163 728/1487/1163
f 725/1486/1164 726/1479/1164 729/1484/1164
o Cube.011
v 10.991549 1.445731 -8.328004
v 11.061652 1.259219 -7.945643
v 11.262108 1.369590 -8.101121
v 11.070271 1.227207 -8.234498
v 10.873674 1.293464 -8.161511
v 10.914008 1.532663 -8.110785
v 11.157787 1.569238 -8.203167
v 10.893647 1.455324 -7.955291
v 11.108592 1.488859 -7.973537
vn 0.6237 -0.0326 0.7810
vn 0.5427 -0.8329 0.1085
vn 0.6417 -0.0945 -0.7611
vn -0.4431 -0.4828 -0.7553
vn -0.9837 0.1748 -0.0419
vn -0.8817 0.2354 -0.4089
vn -0.2952 0.8460 -0.4440
vn -0.0179 0.9449 0.3269
vn 0.7399 0.5696 0.3579
vn 0.0676 0.1067 0.9920
vn -0.1031 0.8959 0.4321
vn 0.6101 -0.0839 -0.7879
vn -0.2853 -0.9535 0.0972
vn -0.6709 -0.5503 0.4969
vt 0.534218 0.539052
vt 0.807613 0.537738
vt 0.651467 0.712344
vt 0.812212 0.722590
vt 0.440472 0.699464
vt 0.505279 0.954605
vt 0.394685 0.910428
vt 0.529494 0.041599
vt 0.440272 0.169217
vt 0.407900 0.015209
vt 0.224689 0.500632
vt 0.298939 0.554231
vt 0.143822 0.628706
vt 0.350796 0.501919
vt 0.236030 0.724989
vt 0.358556 0.714558
vt 0.602122 0.296489
vt 0.527241 0.521298
vt 0.452229 0.375318
s 0
g Cube.011_Material
usemtl Material
f 742/1489/1165 735/1490/1165 736/1491/1165
f 736/1491/1166 735/1490/1166 737/1492/1166
f 740/1493/1167 737/1494/1167 734/1495/1167
f 737/1496/1168 738/1497/1168 734/1498/1168
f 741/1499/1169 739/1500/1169 738/1501/1169
f 738/1501/1170 739/1502/1170 734/1503/1170
f 739/1502/1171 740/1504/1171 734/1503/1171
f 739/1502/1172 742/1489/1172 740/1493/1172
f 742/1489/1173 736/1491/1173 740/1493/1173
f 735/1505/1174 742/1506/1174 741/1507/1174
f 741/1507/1175 742/1489/1175 739/1502/1175
f 736/1491/1176 737/1494/1176 740/1493/1176
f 737/1496/1177 735/1505/1177 738/1497/1177
f 735/1505/1178 741/1507/1178 738/1497/1178
o Cube.006
v 10.832067 1.250586 -8.115309
v 10.966801 1.424712 -8.065768
v 10.861891 1.468679 -8.291882
v 10.813766 1.366053 -8.039639
v 10.843725 1.482404 -8.147255
v 10.719004 1.419640 -8.203426
v 10.851192 1.268140 -8.225347
v 11.009600 1.327316 -8.115155
v 10.979039 1.432528 -8.265752
vn -0.8500 -0.3763 0.3687
vn -0.5595 0.6358 0.5317
vn -0.4417 -0.2612 -0.8583
vn 0.1664 -0.3868 0.9070
vn 0.3238 -0.4822 0.8141
vn 0.5965 -0.5960 -0.5375
vn 0.3956 -0.9152 -0.0772
vn 0.9260 0.3708 0.0712
vn 0.3909 0.9185 0.0598
vn 0.3050 0.9509 -0.0519
vn -0.3958 0.9082 -0.1359
vn -0.7496 -0.6209 -0.2293
vn 0.1117 -0.3183 -0.9414
vn -0.1443 0.6917 0.7076
vt 0.423616 0.817668
vt 0.438163 0.985880
vt 0.399025 0.926987
vt 0.584080 0.909473
vt 0.477709 0.045024
vt 0.607265 0.122218
vt 0.441545 0.286085
vt 0.565477 0.549583
vt 0.592013 0.712367
vt 0.289400 0.584684
vt 0.400831 0.754486
vt 0.615924 0.357557
vt 0.551199 0.540629
vt 0.429879 0.509305
vt 0.769145 0.562221
vt 0.604783 0.677624
vt 0.780055 0.741830
vt 0.860509 0.631959
vt 0.567506 0.015179
vt 0.377433 0.096481
s 0
g Cube.006_Material
usemtl Material
f 746/1508/1179 748/1509/1179 743/1510/1179
f 747/1511/1180 748/1509/1180 746/1508/1180
f 748/1512/1181 745/1513/1181 749/1514/1181
f 750/1515/1182 744/1516/1182 743/1517/1182
f 744/1516/1183 746/1518/1183 743/1517/1183
f 749/1514/1184 751/1519/1184 750/1520/1184
f 750/1520/1185 743/1521/1185 749/1514/1185
f 750/1515/1186 751/1522/1186 744/1523/1186
f 744/1523/1187 751/1522/1187 747/1524/1187
f 751/1522/1188 745/1525/1188 747/1524/1188
f 747/1526/1189 745/1513/1189 748/1512/1189
f 743/1527/1190 748/1512/1190 749/1514/1190
f 749/1514/1191 745/1513/1191 751/1519/1191
f 744/1516/1192 747/1511/1192 746/1508/1192
o Cube.007
v 11.910854 1.473620 -8.381165
v 12.021670 1.325864 -8.513412
v 11.853184 1.342532 -8.297497
v 11.753084 1.244411 -8.404284
v 11.738292 1.435982 -8.450813
v 11.900754 1.486337 -8.548902
v 11.894934 1.213504 -8.507693
v 11.993497 1.296869 -8.379758
v 11.876959 1.369270 -8.617414
vn 0.6144 0.3017 -0.7290
vn 0.8708 0.4093 0.2724
vn 0.4042 -0.4951 -0.7691
vn 0.5503 0.2636 0.7923
vn -0.4071 0.6119 0.6781
vn 0.1074 -0.7802 0.6162
vn -0.5756 -0.5143 -0.6358
vn 0.7989 0.6014 -0.0025
vn -0.2460 0.9653 0.0880
vn -0.5558 0.5011 -0.6633
vn -0.7682 0.0945 0.6332
vn 0.1443 -0.8762 0.4598
vn 0.6626 -0.7486 -0.0227
vn -0.7910 -0.2014 -0.5777
vt 0.862532 0.586626
vt 0.666025 0.612825
vt 0.793538 0.524739
vt 0.799625 0.742317
vt 0.596159 0.725728
vt 0.676667 0.500000
vt 0.533198 0.702151
vt 0.502729 0.907748
vt 0.315429 0.689365
vt 0.215046 0.717794
vt 0.139986 0.551629
vt 0.365533 0.517965
vt 0.592775 0.342442
vt 0.523296 0.508923
vt 0.395346 0.376049
vt 0.510142 0.020803
vt 0.592582 0.143625
vt 0.414253 0.208459
s 0
g Cube.007_Material
usemtl Material
f 757/1528/1193 753/1529/1193 760/1530/1193
f 753/1529/1194 752/1531/1194 759/1532/1194
f 760/1530/1195 753/1529/1195 758/1533/1195
f 759/1534/1196 752/1535/1196 754/1536/1196
f 754/1536/1197 752/1537/1197 756/1538/1197
f 755/1539/1198 759/1534/1198 754/1536/1198
f 760/1540/1199 758/1541/1199 755/1542/1199
f 757/1528/1200 752/1531/1200 753/1529/1200
f 752/1543/1201 757/1544/1201 756/1545/1201
f 756/1545/1202 757/1544/1202 760/1540/1202
f 756/1538/1203 755/1539/1203 754/1536/1203
f 755/1539/1204 758/1541/1204 759/1534/1204
f 758/1541/1205 753/1529/1205 759/1534/1205
f 756/1545/1206 760/1540/1206 755/1542/1206
o Cube.008
v 11.521242 1.187066 -8.317151
v 11.553623 1.302709 -8.193937
v 11.488521 1.367675 -8.074583
v 11.385945 1.230188 -8.113384
v 11.286942 1.423616 -8.145091
v 11.310701 1.290010 -8.288866
v 11.483203 1.302366 -8.368086
v 11.446519 1.476337 -8.068503
v 11.428403 1.463385 -8.234224
vn 0.5427 -0.5771 0.6102
vn -0.1943 -0.1295 0.9724
vn -0.8800 -0.4116 0.2370
vn -0.3399 -0.4716 -0.8137
vn 0.7848 0.5318 -0.3184
vn 0.7976 0.5882 -0.1332
vn -0.5475 0.5660 -0.6164
vn -0.2950 0.9545 -0.0424
vn 0.8929 0.3279 0.3086
vn 0.5347 -0.6817 0.4993
vn -0.4147 -0.0635 0.9077
vn -0.4485 -0.8870 -0.1101
vn 0.9180 0.1388 -0.3715
vn -0.3895 0.5068 -0.7691
vt 0.551771 0.821043
vt 0.490236 0.981936
vt 0.443965 0.755163
vt 0.609545 0.740303
vt 0.579499 0.265268
vt 0.447677 0.232718
vt 0.490446 0.016300
vt 0.320967 0.499695
vt 0.242238 0.673984
vt 0.142687 0.564850
vt 0.543218 0.480597
vt 0.654480 0.663904
vt 0.651690 0.523626
vt 0.809399 0.589510
vt 0.375000 0.930496
vt 0.603518 0.001237
vt 0.583364 0.169025
vt 0.384386 0.054537
vt 0.382289 0.419599
s 0
g Cube.008_Material
usemtl Material
f 763/1546/1207 764/1547/1207 762/1548/1207
f 763/1546/1208 768/1549/1208 764/1547/1208
f 765/1550/1209 766/1551/1209 764/1552/1209
f 767/1553/1210 761/1554/1210 766/1555/1210
f 769/1556/1211 762/1548/1211 767/1553/1211
f 769/1556/1212 768/1557/1212 762/1548/1212
f 765/1550/1213 769/1556/1213 766/1551/1213
f 769/1558/1214 765/1559/1214 768/1557/1214
f 768/1557/1215 763/1546/1215 762/1548/1215
f 761/1560/1216 762/1548/1216 764/1547/1216
f 768/1561/1217 765/1562/1217 764/1552/1217
f 761/1563/1218 764/1552/1218 766/1551/1218
f 761/1554/1219 767/1553/1219 762/1548/1219
f 767/1564/1220 766/1551/1220 769/1556/1220
o Cube.009
v 10.866181 1.124255 -7.967688
v 11.030595 1.038430 -8.101521
v 10.793892 1.361725 -7.961163
v 10.616463 1.335379 -8.114406
v 11.030473 1.104392 -8.424455
v 11.218398 1.211940 -8.283072
v 10.716365 1.082219 -8.286484
v 11.069900 1.342469 -7.961858
v 11.222113 1.286440 -8.091720
v 11.040466 1.563990 -8.188928
v 10.778896 1.519390 -8.214707
v 10.914845 1.508729 -7.966498
v 10.922694 1.297037 -8.499965
v 10.657219 1.211909 -8.372935
v 11.031596 1.432325 -8.430178
v 10.815702 1.546131 -8.415857
vn 0.7680 -0.6017 0.2194
vn 0.4547 -0.3829 0.8041
vn 0.6384 0.5907 0.4935
vn -0.1798 0.9736 0.1403
vn 0.1328 0.3678 -0.9204
vn -0.7879 0.4981 -0.3621
vn -0.2794 -0.6175 -0.7353
vn 0.8503 0.4846 -0.2052
vn 0.8171 0.4929 -0.2991
vn 0.5539 -0.0164 -0.8325
vn 0.5797 -0.7983 -0.1633
vn -0.0187 -0.9796 -0.2001
vn -0.6045 0.6599 0.4461
vn -0.9193 -0.3913 0.0420
vn -0.7172 -0.5626 0.4112
vn -0.6211 -0.2098 0.7552
vn -0.2780 -0.9267 0.2528
vn 0.0006 -0.0273 0.9996
vn 0.4719 -0.4606 0.7518
vn 0.0048 0.0323 0.9995
vn 0.6256 0.5974 0.5017
vn -0.4559 0.1027 -0.8841
vn -0.9035 0.4143 -0.1102
vn -0.2526 -0.4723 -0.8445
vn 0.3924 0.8012 -0.4517
vn 0.6069 -0.0159 -0.7946
vn -0.1766 0.9794 0.0979
vt 0.875000 0.649805
vt 0.849233 0.683396
vt 0.832712 0.540342
vt 0.580473 0.024703
vt 0.534759 0.188184
vt 0.498710 0.020990
vt 0.437420 0.135101
vt 0.411456 0.342495
vt 0.213804 0.511922
vt 0.337875 0.601179
vt 0.185175 0.619999
vt 0.611440 0.548317
vt 0.438499 0.522151
vt 0.536413 0.434917
vt 0.517900 0.691047
vt 0.378975 0.759339
vt 0.724211 0.603714
vt 0.568883 0.768659
vt 0.609419 0.213408
vt 0.625000 0.382072
vt 0.588498 0.519208
vt 0.209844 0.718096
vt 0.479559 0.953620
vt 0.390901 0.953078
vt 0.565332 0.774863
vt 0.583031 0.973602
vt 0.389658 0.010551
vt 0.376620 0.114133
vt 0.125000 0.581137
vt 0.375000 0.421875
s 0
g Cube.009_Material
usemtl Material
f 778/1565/1221 771/1566/1221 775/1567/1221
f 771/1568/1222 778/1569/1222 770/1570/1222
f 777/1571/1223 778/1569/1223 779/1572/1223
f 779/1573/1224 780/1574/1224 781/1575/1224
f 782/1576/1225 785/1577/1225 784/1578/1225
f 783/1579/1226 773/1580/1226 780/1574/1226
f 774/1581/1227 776/1582/1227 783/1579/1227
f 775/1583/1228 779/1572/1228 778/1569/1228
f 775/1583/1229 784/1578/1229 779/1572/1229
f 784/1578/1230 774/1584/1230 782/1585/1230
f 774/1581/1231 775/1567/1231 771/1566/1231
f 774/1581/1232 771/1566/1232 776/1582/1232
f 772/1586/1233 781/1575/1233 780/1574/1233 773/1580/1233
f 773/1580/1234 783/1579/1234 776/1582/1234
f 776/1582/1235 770/1587/1235 773/1580/1235
f 770/1587/1236 772/1588/1236 773/1580/1236
f 776/1589/1237 771/1590/1237 770/1587/1237
f 770/1570/1238 777/1571/1238 772/1591/1238
f 777/1571/1239 770/1570/1239 778/1569/1239
f 772/1591/1240 777/1571/1240 781/1592/1240
f 779/1573/1241 781/1575/1241 777/1593/1241
f 785/1577/1242 782/1576/1242 783/1579/1242
f 785/1577/1243 783/1579/1243 780/1574/1243
f 782/1576/1244 774/1581/1244 783/1579/1244
f 779/1572/1245 784/1578/1245 785/1577/1245
f 775/1583/1246 774/1584/1246 784/1578/1246
f 780/1594/1247 779/1572/1247 785/1577/1247
o Cube.010
v 11.155355 1.190798 -8.259534
v 11.196987 1.313909 -8.207744
v 11.115944 1.463532 -8.187289
v 11.022180 1.231132 -8.294707
v 11.131733 1.100879 -8.142857
v 11.097071 1.388259 -8.061407
v 11.058905 1.450602 -8.321620
v 10.933542 1.330584 -8.161715
v 11.012368 1.111254 -8.203774
vn -0.4547 -0.2932 0.8410
vn -0.4141 -0.3127 0.8548
vn -0.7445 0.6162 0.2568
vn -0.4634 0.8440 0.2702
vn 0.8380 0.4037 0.3671
vn 0.3220 0.2725 -0.9067
vn 0.2204 -0.7937 -0.5670
vn 0.0267 -0.6055 -0.7954
vn 0.8073 -0.0688 0.5861
vn 0.5074 -0.1880 -0.8409
vn 0.7899 0.4800 -0.3816
vn -0.8809 -0.2382 -0.4090
vn -0.8079 0.0634 -0.5859
vn 0.9517 -0.3042 -0.0418
vt 0.856741 0.527884
vt 0.792799 0.664448
vt 0.661337 0.518959
vt 0.570885 0.667835
vt 0.614877 0.834550
vt 0.495616 0.943630
vt 0.319826 0.718976
vt 0.602263 0.105449
vt 0.455701 0.107225
vt 0.553174 0.006579
vt 0.371255 0.573451
vt 0.135465 0.689951
vt 0.165587 0.530358
vt 0.553103 0.308270
vt 0.565029 0.471740
vt 0.392929 0.256090
vt 0.405598 0.560759
vt 0.171875 0.750000
s 0
g Cube.010_Material
usemtl Material
f 790/1595/1248 791/1596/1248 794/1597/1248
f 794/1597/1249 791/1596/1249 793/1598/1249
f 791/1599/1250 788/1600/1250 792/1601/1250
f 793/1598/1251 791/1599/1251 792/1601/1251
f 791/1602/1252 787/1603/1252 788/1604/1252
f 789/1605/1253 787/1606/1253 786/1607/1253
f 790/1608/1254 794/1609/1254 786/1610/1254
f 794/1609/1255 789/1611/1255 786/1610/1255
f 787/1603/1256 791/1602/1256 790/1608/1256
f 789/1605/1257 792/1601/1257 787/1606/1257
f 787/1606/1258 792/1601/1258 788/1612/1258
f 794/1597/1259 793/1598/1259 789/1611/1259
f 793/1598/1260 792/1601/1260 789/1611/1260
f 786/1610/1261 787/1603/1261 790/1608/1261
o Cube.011
v 11.033766 1.340324 -8.052957
v 11.097324 1.119473 -8.328848
v 10.894582 1.222618 -8.292255
v 11.001131 1.141800 -8.107764
v 11.175936 1.195946 -8.115281
v 11.161248 1.379200 -8.209075
v 10.944301 1.408892 -8.219836
v 11.224872 1.291320 -8.306201
v 11.053158 1.307843 -8.363604
vn -0.2888 -0.2388 -0.9271
vn -0.4668 -0.8769 -0.1145
vn -0.8790 0.0129 0.4766
vn 0.1287 -0.2835 0.9503
vn 0.8983 0.2551 0.3577
vn 0.6674 0.3810 0.6399
vn 0.1123 0.9388 0.3255
vn 0.1419 0.8572 -0.4951
vn -0.5516 0.4260 -0.7171
vn 0.3065 -0.1027 -0.9463
vn 0.2599 0.7946 -0.5487
vn -0.8596 0.0311 0.5101
vn 0.2972 -0.9284 0.2231
vn 0.8054 -0.5864 -0.0865
vt 0.534218 0.539052
vt 0.807613 0.537738
vt 0.651467 0.712344
vt 0.812212 0.722590
vt 0.440472 0.699464
vt 0.505279 0.954605
vt 0.394685 0.910428
vt 0.529494 0.041599
vt 0.440272 0.169217
vt 0.407900 0.015209
vt 0.224689 0.500632
vt 0.298939 0.554231
vt 0.143822 0.628706
vt 0.350796 0.501919
vt 0.236030 0.724989
vt 0.358556 0.714558
vt 0.602122 0.296489
vt 0.527241 0.521298
vt 0.452229 0.375318
s 0
g Cube.011_Material
usemtl Material
f 803/1613/1262 796/1614/1262 797/1615/1262
f 797/1615/1263 796/1614/1263 798/1616/1263
f 801/1617/1264 798/1618/1264 795/1619/1264
f 798/1620/1265 799/1621/1265 795/1622/1265
f 802/1623/1266 800/1624/1266 799/1625/1266
f 799/1625/1267 800/1626/1267 795/1627/1267
f 800/1626/1268 801/1628/1268 795/1627/1268
f 800/1626/1269 803/1613/1269 801/1617/1269
f 803/1613/1270 797/1615/1270 801/1617/1270
f 796/1629/1271 803/1630/1271 802/1631/1271
f 802/1631/1272 803/1613/1272 800/1626/1272
f 797/1615/1273 798/1618/1273 801/1617/1273
f 798/1620/1274 796/1629/1274 799/1621/1274
f 796/1629/1275 802/1631/1275 799/1621/1275
o Cube.006
v 10.253749 1.198459 -8.831961
v 10.399673 1.211283 -8.917371
v 10.416554 1.311486 -8.756605
v 10.338292 1.137109 -8.838116
v 10.426632 1.211508 -8.801381
v 10.364408 1.201150 -8.707525
v 10.267481 1.275188 -8.798183
v 10.331828 1.264663 -8.935107
v 10.404078 1.343056 -8.844464
vn -0.4993 -0.7343 0.4599
vn 0.5490 -0.7886 0.2769
vn -0.3442 0.5126 0.7866
vn -0.3382 -0.6545 -0.6761
vn -0.4091 -0.4864 -0.7720
vn -0.5039 0.8103 -0.2991
vn -0.8421 0.3363 -0.4216
vn 0.5143 0.4019 -0.7576
vn 0.9698 0.0924 -0.2256
vn 0.9861 0.1396 -0.0899
vn 0.8312 -0.1553 0.5339
vn -0.7362 -0.1580 0.6581
vn -0.3143 0.8783 0.3602
vn 0.6733 -0.7229 -0.1551
vt 0.423616 0.817668
vt 0.438163 0.985880
vt 0.399025 0.926987
vt 0.584080 0.909473
vt 0.477709 0.045024
vt 0.607265 0.122218
vt 0.441545 0.286085
vt 0.565477 0.549583
vt 0.592013 0.712367
vt 0.289400 0.584684
vt 0.400831 0.754486
vt 0.615924 0.357557
vt 0.551199 0.540629
vt 0.429879 0.509305
vt 0.769145 0.562221
vt 0.604783 0.677624
vt 0.780055 0.741830
vt 0.860509 0.631959
vt 0.567506 0.015179
vt 0.377433 0.096481
s 0
g Cube.006_Material
usemtl Material
f 807/1632/1276 809/1633/1276 804/1634/1276
f 808/1635/1277 809/1633/1277 807/1632/1277
f 809/1636/1278 806/1637/1278 810/1638/1278
f 811/1639/1279 805/1640/1279 804/1641/1279
f 805/1640/1280 807/1642/1280 804/1641/1280
f 810/1638/1281 812/1643/1281 811/1644/1281
f 811/1644/1282 804/1645/1282 810/1638/1282
f 811/1639/1283 812/1646/1283 805/1647/1283
f 805/1647/1284 812/1646/1284 808/1648/1284
f 812/1646/1285 806/1649/1285 808/1648/1285
f 808/1650/1286 806/1637/1286 809/1636/1286
f 804/1651/1287 809/1636/1287 810/1638/1287
f 810/1638/1288 806/1637/1288 812/1643/1288
f 805/1640/1289 808/1635/1289 807/1632/1289
o Cube.007
v 11.930670 1.299610 -8.621297
v 11.993492 1.261448 -8.813503
v 11.941211 1.151764 -8.596666
v 11.837193 1.074913 -8.690242
v 11.772680 1.234704 -8.641473
v 11.854419 1.358352 -8.739792
v 11.915044 1.129679 -8.820672
v 12.028803 1.187881 -8.716850
v 11.829601 1.279970 -8.833620
vn 0.1638 0.7353 -0.6576
vn 0.8022 0.5786 0.1473
vn 0.1199 -0.0174 -0.9926
vn 0.7750 0.1572 0.6121
vn -0.1851 0.1486 0.9714
vn 0.5166 -0.8475 0.1218
vn -0.6796 -0.4371 -0.5892
vn 0.5817 0.8129 0.0287
vn -0.3697 0.7156 0.5926
vn -0.8757 0.4585 -0.1514
vn -0.4191 -0.4156 0.8072
vn 0.5002 -0.8635 -0.0640
vn 0.7211 -0.3985 -0.5668
vn -0.9058 -0.2648 -0.3307
vt 0.862532 0.586626
vt 0.666025 0.612825
vt 0.793538 0.524739
vt 0.799625 0.742317
vt 0.596159 0.725728
vt 0.676667 0.500000
vt 0.533198 0.702151
vt 0.502729 0.907748
vt 0.315429 0.689365
vt 0.215046 0.717794
vt 0.139986 0.551629
vt 0.365533 0.517965
vt 0.592775 0.342442
vt 0.523296 0.508923
vt 0.395346 0.376049
vt 0.510142 0.020803
vt 0.592582 0.143625
vt 0.414253 0.208459
s 0
g Cube.007_Material
usemtl Material
f 818/1652/1290 814/1653/1290 821/1654/1290
f 814/1653/1291 813/1655/1291 820/1656/1291
f 821/1654/1292 814/1653/1292 819/1657/1292
f 820/1658/1293 813/1659/1293 815/1660/1293
f 815/1660/1294 813/1661/1294 817/1662/1294
f 816/1663/1295 820/1658/1295 815/1660/1295
f 821/1664/1296 819/1665/1296 816/1666/1296
f 818/1652/1297 813/1655/1297 814/1653/1297
f 813/1667/1298 818/1668/1298 817/1669/1298
f 817/1669/1299 818/1668/1299 821/1664/1299
f 817/1662/1300 816/1663/1300 815/1660/1300
f 816/1663/1301 819/1665/1301 820/1658/1301
f 819/1665/1302 814/1653/1302 820/1658/1302
f 817/1669/1303 821/1664/1303 816/1666/1303
o Cube.008
v 10.653889 1.274348 -9.443322
v 10.549714 1.136535 -9.355787
v 10.412649 1.039690 -9.380291
v 10.454240 1.115916 -9.558189
v 10.239841 1.196662 -9.465402
v 10.406693 1.332929 -9.521205
v 10.552001 1.347781 -9.364643
v 10.294906 1.054488 -9.324082
v 10.343673 1.235455 -9.306852
vn 0.5890 -0.7835 -0.1980
vn -0.3137 -0.8440 -0.4350
vn -0.3717 0.0762 -0.9252
vn 0.3258 0.8638 -0.3843
vn 0.2481 0.0379 0.9680
vn 0.1658 -0.1377 0.9765
vn -0.5827 0.7906 0.1882
vn -0.8426 0.1787 0.5081
vn 0.2848 -0.5935 0.7528
vn 0.6868 -0.6808 -0.2546
vn -0.4885 -0.7030 -0.5169
vn 0.3416 0.2301 -0.9112
vn 0.6227 0.0260 0.7820
vn -0.3935 0.8750 0.2822
vt 0.551771 0.821043
vt 0.490236 0.981936
vt 0.443965 0.755163
vt 0.609545 0.740303
vt 0.579499 0.265268
vt 0.447677 0.232718
vt 0.490446 0.016300
vt 0.320967 0.499695
vt 0.242238 0.673984
vt 0.142687 0.564850
vt 0.543218 0.480597
vt 0.654480 0.663904
vt 0.651690 0.523626
vt 0.809399 0.589510
vt 0.375000 0.930496
vt 0.603518 0.001237
vt 0.583364 0.169025
vt 0.384386 0.054537
vt 0.382289 0.419599
s 0
g Cube.008_Material
usemtl Material
f 824/1670/1304 825/1671/1304 823/1672/1304
f 824/1670/1305 829/1673/1305 825/1671/1305
f 826/1674/1306 827/1675/1306 825/1676/1306
f 828/1677/1307 822/1678/1307 827/1679/1307
f 830/1680/1308 823/1672/1308 828/1677/1308
f 830/1680/1309 829/1681/1309 823/1672/1309
f 826/1674/1310 830/1680/1310 827/1675/1310
f 830/1682/1311 826/1683/1311 829/1681/1311
f 829/1681/1312 824/1670/1312 823/1672/1312
f 822/1684/1313 823/1672/1313 825/1671/1313
f 829/1685/1314 826/1686/1314 825/1676/1314
f 822/1687/1315 825/1676/1315 827/1675/1315
f 822/1678/1316 828/1677/1316 823/1672/1316
f 828/1688/1317 827/1675/1317 830/1680/1317
o Cube.009
v 12.150576 0.966607 -9.185353
v 12.231829 1.139354 -9.070386
v 11.917176 0.904896 -9.201330
v 11.877873 1.018572 -9.397223
v 12.102057 1.430864 -9.106705
v 12.064852 1.316201 -8.885448
v 12.095934 1.243783 -9.384501
v 11.984181 0.962928 -8.946736
v 12.036258 1.124360 -8.836217
v 11.724050 1.131594 -8.962330
v 11.713702 1.112376 -9.221170
v 11.800228 0.907921 -9.057296
v 11.886922 1.447011 -9.178329
v 11.945979 1.290702 -9.425694
v 11.794619 1.379227 -9.036398
v 11.652844 1.303674 -9.212275
vn 0.7649 0.0508 0.6421
vn 0.6244 -0.6146 0.4821
vn -0.3429 -0.4528 0.8230
vn -0.9362 -0.3457 0.0631
vn -0.5277 0.8472 0.0614
vn -0.7001 0.1013 -0.7068
vn 0.3820 0.7626 -0.5220
vn -0.3538 0.2816 0.8919
vn -0.3881 0.3639 0.8467
vn -0.0632 0.9159 0.3963
vn 0.8362 0.4167 0.3566
vn 0.8927 0.3644 -0.2651
vn -0.6468 -0.6693 -0.3656
vn 0.2163 -0.1550 -0.9639
vn 0.4974 -0.4394 -0.7480
vn 0.2512 -0.8145 -0.5230
vn 0.8927 -0.1334 -0.4305
vn 0.2427 -0.9577 0.1544
vn 0.6907 -0.5468 0.4732
vn 0.1862 -0.9674 0.1715
vn -0.3500 -0.4646 0.8134
vn -0.3732 0.7415 -0.5576
vn -0.5863 -0.1495 -0.7962
vn 0.2240 0.8471 -0.4818
vn -0.7945 0.3704 0.4813
vn -0.0458 0.8900 0.4536
vn -0.9504 -0.3052 0.0607
vt 0.875000 0.649805
vt 0.849233 0.683396
vt 0.832712 0.540342
vt 0.580473 0.024703
vt 0.534759 0.188184
vt 0.498710 0.020990
vt 0.437420 0.135101
vt 0.411456 0.342495
vt 0.213804 0.511922
vt 0.337875 0.601179
vt 0.185175 0.619999
vt 0.611440 0.548317
vt 0.438499 0.522151
vt 0.536413 0.434917
vt 0.517900 0.691047
vt 0.378975 0.759339
vt 0.724211 0.603714
vt 0.568883 0.768659
vt 0.609419 0.213408
vt 0.625000 0.382072
vt 0.588498 0.519208
vt 0.209844 0.718096
vt 0.479559 0.953620
vt 0.390901 0.953078
vt 0.565332 0.774863
vt 0.583031 0.973602
vt 0.389658 0.010551
vt 0.376620 0.114133
vt 0.125000 0.581137
vt 0.375000 0.421875
s 0
g Cube.009_Material
usemtl Material
f 839/1689/1318 832/1690/1318 836/1691/1318
f 832/1692/1319 839/1693/1319 831/1694/1319
f 838/1695/1320 839/1693/1320 840/1696/1320
f 840/1697/1321 841/1698/1321 842/1699/1321
f 843/1700/1322 846/1701/1322 845/1702/1322
f 844/1703/1323 834/1704/1323 841/1698/1323
f 835/1705/1324 837/1706/1324 844/1703/1324
f 836/1707/1325 840/1696/1325 839/1693/1325
f 836/1707/1326 845/1702/1326 840/1696/1326
f 845/1702/1327 835/1708/1327 843/1709/1327
f 835/1705/1328 836/1691/1328 832/1690/1328
f 835/1705/1329 832/1690/1329 837/1706/1329
f 833/1710/1330 842/1699/1330 841/1698/1330 834/1704/1330
f 834/1704/1331 844/1703/1331 837/1706/1331
f 837/1706/1332 831/1711/1332 834/1704/1332
f 831/1711/1333 833/1712/1333 834/1704/1333
f 837/1713/1334 832/1714/1334 831/1711/1334
f 831/1694/1335 838/1695/1335 833/1715/1335
f 838/1695/1336 831/1694/1336 839/1693/1336
f 833/1715/1337 838/1695/1337 842/1716/1337
f 840/1697/1338 842/1699/1338 838/1717/1338
f 846/1701/1339 843/1700/1339 844/1703/1339
f 846/1701/1340 844/1703/1340 841/1698/1340
f 843/1700/1341 835/1705/1341 844/1703/1341
f 840/1696/1342 845/1702/1342 846/1701/1342
f 836/1707/1343 835/1708/1343 845/1702/1343
f 841/1718/1344 840/1696/1344 846/1701/1344
o Cube.010
v 11.848883 1.123036 -9.653568
v 11.731006 1.205688 -9.657139
v 11.579842 1.200504 -9.566323
v 11.800802 1.028118 -9.551066
v 11.956129 1.202223 -9.577332
v 11.673475 1.292097 -9.488761
v 11.573822 1.051042 -9.585570
v 11.716027 1.111779 -9.398222
v 11.935329 1.088029 -9.502027
vn 0.3947 0.4546 0.7984
vn 0.4166 0.4845 0.7692
vn -0.5884 -0.0799 0.8046
vn -0.8079 0.1008 0.5806
vn -0.3385 0.7852 -0.5186
vn -0.3850 -0.5801 -0.7178
vn 0.7150 -0.4710 -0.5167
vn 0.4953 -0.7408 -0.4537
vn 0.1583 0.8994 -0.4075
vn 0.0830 -0.4868 -0.8696
vn -0.5139 0.1299 -0.8480
vn 0.1682 -0.8224 0.5434
vn -0.1529 -0.9001 0.4079
vn 0.3109 0.4062 -0.8593
vt 0.856741 0.527884
vt 0.792799 0.664448
vt 0.661337 0.518959
vt 0.570885 0.667835
vt 0.614877 0.834550
vt 0.495616 0.943630
vt 0.319826 0.718976
vt 0.602263 0.105449
vt 0.455701 0.107225
vt 0.553174 0.006579
vt 0.371255 0.573451
vt 0.135465 0.689951
vt 0.165587 0.530358
vt 0.553103 0.308270
vt 0.565029 0.471740
vt 0.392929 0.256090
vt 0.405598 0.560759
vt 0.171875 0.750000
s 0
g Cube.010_Material
usemtl Material
f 851/1719/1345 852/1720/1345 855/1721/1345
f 855/1721/1346 852/1720/1346 854/1722/1346
f 852/1723/1347 849/1724/1347 853/1725/1347
f 854/1722/1348 852/1723/1348 853/1725/1348
f 852/1726/1349 848/1727/1349 849/1728/1349
f 850/1729/1350 848/1730/1350 847/1731/1350
f 851/1732/1351 855/1733/1351 847/1734/1351
f 855/1733/1352 850/1735/1352 847/1734/1352
f 848/1727/1353 852/1726/1353 851/1732/1353
f 850/1729/1354 853/1725/1354 848/1730/1354
f 848/1730/1355 853/1725/1355 849/1736/1355
f 855/1721/1356 854/1722/1356 850/1735/1356
f 854/1722/1357 853/1725/1357 850/1735/1357
f 847/1734/1358 848/1727/1358 851/1732/1358
o Cube.011
v 10.823723 1.095948 -9.753298
v 11.214124 1.052613 -9.793930
v 11.047288 0.998203 -9.976710
v 10.982596 0.930825 -9.744171
v 11.016478 1.087660 -9.622402
v 10.973860 1.264465 -9.758205
v 10.887531 1.157451 -9.956265
v 11.132234 1.266578 -9.734535
v 11.108874 1.193825 -9.919305
vn 0.7437 -0.0383 -0.6674
vn 0.4383 -0.8886 -0.1355
vn -0.6493 -0.6468 -0.4001
vn -0.5138 -0.4541 0.7279
vn -0.1275 0.5847 0.8012
vn -0.4867 0.4553 0.7455
vn -0.7467 0.6643 -0.0335
vn -0.0712 0.8902 -0.4500
vn 0.1205 0.2444 -0.9622
vn 0.8714 0.4088 -0.2711
vn 0.0430 0.9277 -0.3707
vn -0.6787 -0.6331 -0.3722
vn 0.4581 -0.6048 0.6514
vn 0.6592 0.0439 0.7506
vt 0.534218 0.539052
vt 0.807613 0.537738
vt 0.651467 0.712344
vt 0.812212 0.722590
vt 0.440472 0.699464
vt 0.505279 0.954605
vt 0.394685 0.910428
vt 0.529494 0.041599
vt 0.440272 0.169217
vt 0.407900 0.015209
vt 0.224689 0.500632
vt 0.298939 0.554231
vt 0.143822 0.628706
vt 0.350796 0.501919
vt 0.236030 0.724989
vt 0.358556 0.714558
vt 0.602122 0.296489
vt 0.527241 0.521298
vt 0.452229 0.375318
s 0
g Cube.011_Material
usemtl Material
f 864/1737/1359 857/1738/1359 858/1739/1359
f 858/1739/1360 857/1738/1360 859/1740/1360
f 862/1741/1361 859/1742/1361 856/1743/1361
f 859/1744/1362 860/1745/1362 856/1746/1362
f 863/1747/1363 861/1748/1363 860/1749/1363
f 860/1749/1364 861/1750/1364 856/1751/1364
f 861/1750/1365 862/1752/1365 856/1751/1365
f 861/1750/1366 864/1737/1366 862/1741/1366
f 864/1737/1367 858/1739/1367 862/1741/1367
f 857/1753/1368 864/1754/1368 863/1755/1368
f 863/1755/1369 864/1737/1369 861/1750/1369
f 858/1739/1370 859/1742/1370 862/1741/1370
f 859/1744/1371 857/1753/1371 860/1745/1371
f 857/1753/1372 863/1755/1372 860/1745/1372
o Cube.006
v 11.736793 0.988721 -9.325328
v 11.858721 1.083055 -9.158432
v 11.936749 1.183163 -9.379400
v 11.712770 1.096298 -9.238684
v 11.837995 1.194640 -9.270577
v 11.762476 1.196734 -9.401918
v 11.824587 1.002894 -9.396372
v 11.889908 0.979303 -9.205408
v 11.994331 1.097058 -9.307309
vn -0.9589 0.0141 -0.2833
vn -0.5337 0.7831 0.3193
vn 0.1291 0.0130 -0.9915
vn -0.5604 -0.4755 0.6782
vn -0.4191 -0.6244 0.6591
vn 0.5764 -0.7634 -0.2915
vn 0.0476 -0.9892 -0.1385
vn 0.7406 -0.0794 0.6672
vn 0.5322 0.6473 0.5457
vn 0.5493 0.7210 0.4224
vn 0.0816 0.9962 -0.0310
vn -0.5937 -0.2125 -0.7761
vn 0.5623 -0.2765 -0.7794
vn -0.3250 0.6397 0.6966
vt 0.423616 0.817668
vt 0.438163 0.985880
vt 0.399025 0.926987
vt 0.584080 0.909473
vt 0.477709 0.045024
vt 0.607265 0.122218
vt 0.441545 0.286085
vt 0.565477 0.549583
vt 0.592013 0.712367
vt 0.289400 0.584684
vt 0.400831 0.754486
vt 0.615924 0.357557
vt 0.551199 0.540629
vt 0.429879 0.509305
vt 0.769145 0.562221
vt 0.604783 0.677624
vt 0.780055 0.741830
vt 0.860509 0.631959
vt 0.567506 0.015179
vt 0.377433 0.096481
s 0
g Cube.006_Material
usemtl Material
f 868/1756/1373 870/1757/1373 865/1758/1373
f 869/1759/1374 870/1757/1374 868/1756/1374
f 870/1760/1375 867/1761/1375 871/1762/1375
f 872/1763/1376 866/1764/1376 865/1765/1376
f 866/1764/1377 868/1766/1377 865/1765/1377
f 871/1762/1378 873/1767/1378 872/1768/1378
f 872/1768/1379 865/1769/1379 871/1762/1379
f 872/1763/1380 873/1770/1380 866/1771/1380
f 866/1771/1381 873/1770/1381 869/1772/1381
f 873/1770/1382 867/1773/1382 869/1772/1382
f 869/1774/1383 867/1761/1383 870/1760/1383
f 865/1775/1384 870/1760/1384 871/1762/1384
f 871/1762/1385 867/1761/1385 873/1767/1385
f 866/1764/1386 869/1759/1386 868/1756/1386
o Cube.007
v 11.642554 1.012157 -9.686090
v 11.759755 1.146686 -9.590982
v 11.526795 1.084833 -9.630303
v 11.529622 1.074944 -9.473800
v 11.595513 0.928985 -9.546716
v 11.757368 0.965407 -9.601645
v 11.667377 1.153613 -9.471943
v 11.645840 1.176692 -9.630599
v 11.768173 1.017672 -9.491302
vn 0.9956 -0.0076 -0.0939
vn 0.3814 0.2886 -0.8782
vn 0.7159 0.4555 0.5291
vn -0.2448 0.3142 -0.9172
vn -0.6181 -0.5654 -0.5461
vn -0.6097 0.7903 0.0609
vn 0.0473 -0.1063 0.9932
vn 0.6023 0.0390 -0.7973
vn 0.0219 -0.8617 -0.5069
vn 0.3237 -0.8670 0.3789
vn -0.9131 -0.4076 -0.0093
vn -0.4888 0.8514 0.1902
vn 0.2166 0.9698 0.1117
vn -0.0462 -0.4631 0.8851
vt 0.862532 0.586626
vt 0.666025 0.612825
vt 0.793538 0.524739
vt 0.799625 0.742317
vt 0.596159 0.725728
vt 0.676667 0.500000
vt 0.533198 0.702151
vt 0.502729 0.907748
vt 0.315429 0.689365
vt 0.215046 0.717794
vt 0.139986 0.551629
vt 0.365533 0.517965
vt 0.592775 0.342442
vt 0.523296 0.508923
vt 0.395346 0.376049
vt 0.510142 0.020803
vt 0.592582 0.143625
vt 0.414253 0.208459
s 0
g Cube.007_Material
usemtl Material
f 879/1776/1387 875/1777/1387 882/1778/1387
f 875/1777/1388 874/1779/1388 881/1780/1388
f 882/1778/1389 875/1777/1389 880/1781/1389
f 881/1782/1390 874/1783/1390 876/1784/1390
f 876/1784/1391 874/1785/1391 878/1786/1391
f 877/1787/1392 881/1782/1392 876/1784/1392
f 882/1788/1393 880/1789/1393 877/1790/1393
f 879/1776/1394 874/1779/1394 875/1777/1394
f 874/1791/1395 879/1792/1395 878/1793/1395
f 878/1793/1396 879/1792/1396 882/1788/1396
f 878/1786/1397 877/1787/1397 876/1784/1397
f 877/1787/1398 880/1789/1398 881/1782/1398
f 880/1789/1399 875/1777/1399 881/1782/1399
f 878/1793/1400 882/1788/1400 877/1790/1400
o Cube.008
v 11.557341 1.059617 -8.824452
v 11.689922 0.960998 -8.896177
v 11.831199 0.900959 -8.859813
v 11.758301 0.952636 -8.698822
v 11.943687 1.075168 -8.757756
v 11.758534 1.160759 -8.722614
v 11.641662 1.151236 -8.883589
v 11.939905 0.941769 -8.897677
v 11.859175 1.096110 -8.915220
vn -0.4116 -0.9054 0.1042
vn 0.4470 -0.7728 0.4505
vn 0.2343 0.1102 0.9659
vn -0.5583 0.7469 0.3611
vn -0.1361 0.0310 -0.9902
vn -0.0152 -0.1208 -0.9926
vn 0.4028 0.9103 -0.0951
vn 0.8319 0.3903 -0.3946
vn -0.0511 -0.6027 -0.7964
vn -0.5363 -0.8305 0.1506
vn 0.5739 -0.6004 0.5569
vn -0.4888 0.0996 0.8667
vn -0.5169 -0.0747 -0.8528
vn 0.2114 0.9546 -0.2100
vt 0.551771 0.821043
vt 0.490236 0.981936
vt 0.443965 0.755163
vt 0.609545 0.740303
vt 0.579499 0.265268
vt 0.447677 0.232718
vt 0.490446 0.016300
vt 0.320967 0.499695
vt 0.242238 0.673984
vt 0.142687 0.564850
vt 0.543218 0.480597
vt 0.654480 0.663904
vt 0.651690 0.523626
vt 0.809399 0.589510
vt 0.375000 0.930496
vt 0.603518 0.001237
vt 0.583364 0.169025
vt 0.384386 0.054537
vt 0.382289 0.419599
s 0
g Cube.008_Material
usemtl Material
f 885/1794/1401 886/1795/1401 884/1796/1401
f 885/1794/1402 890/1797/1402 886/1795/1402
f 887/1798/1403 888/1799/1403 886/1800/1403
f 889/1801/1404 883/1802/1404 888/1803/1404
f 891/1804/1405 884/1796/1405 889/1801/1405
f 891/1804/1406 890/1805/1406 884/1796/1406
f 887/1798/1407 891/1804/1407 888/1799/1407
f 891/1806/1408 887/1807/1408 890/1805/1408
f 890/1805/1409 885/1794/1409 884/1796/1409
f 883/1808/1410 884/1796/1410 886/1795/1410
f 890/1809/1411 887/1810/1411 886/1800/1411
f 883/1811/1412 886/1800/1412 888/1799/1412
f 883/1802/1413 889/1801/1413 884/1796/1413
f 889/1812/1414 888/1799/1414 891/1804/1414
o Cube.009
v 11.189448 0.864611 -8.443830
v 11.310211 0.885783 -8.259678
v 11.215068 0.994896 -8.643989
v 11.352245 0.846041 -8.749358
v 11.628428 0.891967 -8.278338
v 11.514584 1.105281 -8.214257
v 11.483515 0.699728 -8.507755
v 11.221595 1.151130 -8.426792
v 11.342459 1.187128 -8.270295
v 11.469592 1.265741 -8.569378
v 11.479654 1.068160 -8.734791
v 11.245070 1.176651 -8.643994
v 11.724928 0.956785 -8.471768
v 11.582951 0.747003 -8.625574
v 11.681048 1.132302 -8.478648
v 11.676958 1.084272 -8.710161
vn -0.2814 0.0638 0.9575
vn -0.8370 0.1085 0.5364
vn -0.3794 0.9217 0.0810
vn 0.0001 0.6419 -0.7668
vn 0.9686 0.2395 -0.0668
vn 0.4064 -0.1743 -0.8969
vn 0.6260 -0.7454 0.2292
vn 0.3023 0.8825 0.3604
vn 0.3952 0.8549 0.3362
vn 0.8382 0.2290 0.4949
vn 0.0616 -0.2569 0.9645
vn 0.0517 -0.7813 0.6220
vn -0.3625 0.1743 -0.9156
vn -0.1293 -0.8778 -0.4613
vn -0.5132 -0.8288 -0.2231
vn -0.7976 -0.4537 -0.3974
vn -0.3965 -0.8457 0.3572
vn -0.9920 0.1144 -0.0525
vn -0.7962 0.0535 0.6026
vn -0.9829 0.1622 -0.0872
vn -0.3870 0.9197 0.0662
vn 0.8743 -0.3324 -0.3537
vn 0.1413 -0.2777 -0.9502
vn 0.7563 -0.6330 0.1652
vn 0.5781 0.7968 -0.1755
vn 0.8026 0.2683 0.5328
vn 0.0430 0.6426 -0.7650
vt 0.875000 0.649805
vt 0.849233 0.683396
vt 0.832712 0.540342
vt 0.580473 0.024703
vt 0.534759 0.188184
vt 0.498710 0.020990
vt 0.437420 0.135101
vt 0.411456 0.342495
vt 0.213804 0.511922
vt 0.337875 0.601179
vt 0.185175 0.619999
vt 0.611440 0.548317
vt 0.438499 0.522151
vt 0.536413 0.434917
vt 0.517900 0.691047
vt 0.378975 0.759339
vt 0.724211 0.603714
vt 0.568883 0.768659
vt 0.609419 0.213408
vt 0.625000 0.382072
vt 0.588498 0.519208
vt 0.209844 0.718096
vt 0.479559 0.953620
vt 0.390901 0.953078
vt 0.565332 0.774863
vt 0.583031 0.973602
vt 0.389658 0.010551
vt 0.376620 0.114133
vt 0.125000 0.581137
vt 0.375000 0.421875
s 0
g Cube.009_Material
usemtl Material
f 900/1813/1415 893/1814/1415 897/1815/1415
f 893/1816/1416 900/1817/1416 892/1818/1416
f 899/1819/1417 900/1817/1417 901/1820/1417
f 901/1821/1418 902/1822/1418 903/1823/1418
f 904/1824/1419 907/1825/1419 906/1826/1419
f 905/1827/1420 895/1828/1420 902/1822/1420
f 896/1829/1421 898/1830/1421 905/1827/1421
f 897/1831/1422 901/1820/1422 900/1817/1422
f 897/1831/1423 906/1826/1423 901/1820/1423
f 906/1826/1424 896/1832/1424 904/1833/1424
f 896/1829/1425 897/1815/1425 893/1814/1425
f 896/1829/1426 893/1814/1426 898/1830/1426
f 894/1834/1427 903/1823/1427 902/1822/1427 895/1828/1427
f 895/1828/1428 905/1827/1428 898/1830/1428
f 898/1830/1429 892/1835/1429 895/1828/1429
f 892/1835/1430 894/1836/1430 895/1828/1430
f 898/1837/1431 893/1838/1431 892/1835/1431
f 892/1818/1432 899/1819/1432 894/1839/1432
f 899/1819/1433 892/1818/1433 900/1817/1433
f 894/1839/1434 899/1819/1434 903/1840/1434
f 901/1821/1435 903/1823/1435 899/1841/1435
f 907/1825/1436 904/1824/1436 905/1827/1436
f 907/1825/1437 905/1827/1437 902/1822/1437
f 904/1824/1438 896/1829/1438 905/1827/1438
f 901/1820/1439 906/1826/1439 907/1825/1439
f 897/1831/1440 896/1832/1440 906/1826/1440
f 902/1842/1441 901/1820/1441 907/1825/1441
o Cube.010
v 10.707477 0.876298 -8.578744
v 10.669886 0.996797 -8.563065
v 10.748147 1.127366 -8.529772
v 10.834053 0.896090 -8.553944
v 10.707429 0.852423 -8.712269
v 10.743388 1.119095 -8.663885
v 10.817194 1.061842 -8.436587
v 10.900702 1.032982 -8.632110
v 10.823503 0.837105 -8.677247
vn 0.3021 0.1306 -0.9443
vn 0.2587 0.1189 -0.9586
vn 0.7334 0.6765 -0.0677
vn 0.4681 0.8809 0.0699
vn -0.8576 0.5144 -0.0013
vn -0.1625 -0.1770 0.9707
vn -0.1800 -0.9683 0.1732
vn 0.0575 -0.9025 0.4268
vn -0.8899 0.1948 -0.4124
vn -0.3839 -0.5593 0.7347
vn -0.6913 0.2406 0.6814
vn 0.9165 -0.3857 0.1061
vn 0.8902 -0.1995 0.4096
vn -0.9512 -0.3038 0.0547
vt 0.856741 0.527884
vt 0.792799 0.664448
vt 0.661337 0.518959
vt 0.570885 0.667835
vt 0.614877 0.834550
vt 0.495616 0.943630
vt 0.319826 0.718976
vt 0.602263 0.105449
vt 0.455701 0.107225
vt 0.553174 0.006579
vt 0.371255 0.573451
vt 0.135465 0.689951
vt 0.165587 0.530358
vt 0.553103 0.308270
vt 0.565029 0.471740
vt 0.392929 0.256090
vt 0.405598 0.560759
vt 0.171875 0.750000
s 0
g Cube.010_Material
usemtl Material
f 912/1843/1442 913/1844/1442 916/1845/1442
f 916/1845/1443 913/1844/1443 915/1846/1443
f 913/1847/1444 910/1848/1444 914/1849/1444
f 915/1846/1445 913/1847/1445 914/1849/1445
f 913/1850/1446 909/1851/1446 910/1852/1446
f 911/1853/1447 909/1854/1447 908/1855/1447
f 912/1856/1448 916/1857/1448 908/1858/1448
f 916/1857/1449 911/1859/1449 908/1858/1449
f 909/1851/1450 913/1850/1450 912/1856/1450
f 911/1853/1451 914/1849/1451 909/1854/1451
f 909/1854/1452 914/1849/1452 910/1860/1452
f 916/1845/1453 915/1846/1453 911/1859/1453
f 915/1846/1454 914/1849/1454 911/1859/1454
f 908/1858/1455 909/1851/1455 912/1856/1455
o Cube.011
v 11.173998 1.139024 -9.599756
v 11.063643 0.759240 -9.626627
v 10.915126 0.954084 -9.694987
v 11.048450 0.984739 -9.483884
v 11.238855 0.928150 -9.521661
v 11.264240 0.986093 -9.740548
v 11.058476 1.104907 -9.786616
v 11.262141 0.825354 -9.739192
v 11.080914 0.878721 -9.806963
vn -0.6100 -0.6324 -0.4774
vn -0.7530 -0.3874 0.5318
vn -0.6410 0.7204 0.2647
vn 0.2932 0.4100 0.8637
vn 0.9936 -0.0120 0.1120
vn 0.9133 0.3549 0.1999
vn 0.5196 0.7241 -0.4535
vn 0.2790 0.1135 -0.9536
vn -0.5533 0.0200 -0.8327
vn -0.0375 -0.8314 -0.5544
vn 0.3470 -0.0124 -0.9378
vn -0.6076 0.7449 0.2756
vn 0.0089 -0.5344 0.8452
vn 0.4905 -0.7665 0.4147
vt 0.534218 0.539052
vt 0.807613 0.537738
vt 0.651467 0.712344
vt 0.812212 0.722590
vt 0.440472 0.699464
vt 0.505279 0.954605
vt 0.394685 0.910428
vt 0.529494 0.041599
vt 0.440272 0.169217
vt 0.407900 0.015209
vt 0.224689 0.500632
vt 0.298939 0.554231
vt 0.143822 0.628706
vt 0.350796 0.501919
vt 0.236030 0.724989
vt 0.358556 0.714558
vt 0.602122 0.296489
vt 0.527241 0.521298
vt 0.452229 0.375318
s 0
g Cube.011_Material
usemtl Material
f 925/1861/1456 918/1862/1456 919/1863/1456
f 919/1863/1457 918/1862/1457 920/1864/1457
f 923/1865/1458 920/1866/1458 917/1867/1458
f 920/1868/1459 921/1869/1459 917/1870/1459
f 924/1871/1460 922/1872/1460 921/1873/1460
f 921/1873/1461 922/1874/1461 917/1875/1461
f 922/1874/1462 923/1876/1462 917/1875/1462
f 922/1874/1463 925/1861/1463 923/1865/1463
f 925/1861/1464 919/1863/1464 923/1865/1464
f 918/1877/1465 925/1878/1465 924/1879/1465
f 924/1879/1466 925/1861/1466 922/1874/1466
f 919/1863/1467 920/1866/1467 923/1865/1467
f 920/1868/1468 918/1877/1468 921/1869/1468
f 918/1877/1469 924/1879/1469 921/1869/1469
o Cube.006
v 11.678912 0.934477 -9.368852
v 11.607885 0.904952 -9.199636
v 11.815708 0.898403 -9.184434
v 11.642079 1.005027 -9.286249
v 11.719378 0.970945 -9.183715
v 11.801854 1.018407 -9.263161
v 11.752809 0.882550 -9.346164
v 11.618032 0.832480 -9.262706
v 11.748542 0.819999 -9.183073
vn 0.0286 0.7663 -0.6418
vn -0.1340 0.9058 0.4021
vn 0.9290 -0.1219 -0.3494
vn -0.9179 0.1795 -0.3539
vn -0.9203 -0.0234 -0.3904
vn 0.1263 -0.9273 -0.3523
vn -0.2208 -0.6369 -0.7386
vn -0.4506 -0.6211 0.6412
vn -0.1293 -0.0208 0.9914
vn 0.0125 0.0067 0.9999
vn 0.4072 0.5334 0.7414
vn 0.4789 0.3253 -0.8154
vn 0.7381 -0.6362 -0.2247
vn -0.4751 0.6630 0.5785
vt 0.423616 0.817668
vt 0.438163 0.985880
vt 0.399025 0.926987
vt 0.584080 0.909473
vt 0.477709 0.045024
vt 0.607265 0.122218
vt 0.441545 0.286085
vt 0.565477 0.549583
vt 0.592013 0.712367
vt 0.289400 0.584684
vt 0.400831 0.754486
vt 0.615924 0.357557
vt 0.551199 0.540629
vt 0.429879 0.509305
vt 0.769145 0.562221
vt 0.604783 0.677624
vt 0.780055 0.741830
vt 0.860509 0.631959
vt 0.567506 0.015179
vt 0.377433 0.096481
s 0
g Cube.006_Material
usemtl Material
f 929/1880/1470 931/1881/1470 926/1882/1470
f 930/1883/1471 931/1881/1471 929/1880/1471
f 931/1884/1472 928/1885/1472 932/1886/1472
f 933/1887/1473 927/1888/1473 926/1889/1473
f 927/1888/1474 929/1890/1474 926/1889/1474
f 932/1886/1475 934/1891/1475 933/1892/1475
f 933/1892/1476 926/1893/1476 932/1886/1476
f 933/1887/1477 934/1894/1477 927/1895/1477
f 927/1895/1478 934/1894/1478 930/1896/1478
f 934/1894/1479 928/1897/1479 930/1896/1479
f 930/1898/1480 928/1885/1480 931/1884/1480
f 926/1899/1481 931/1884/1481 932/1886/1481
f 932/1886/1482 928/1885/1482 934/1891/1482
f 927/1888/1483 930/1883/1483 929/1880/1483
o Cube.007
v 10.962248 0.863324 -8.578258
v 10.905316 0.890401 -8.755857
v 10.858914 0.773248 -8.566282
v 10.731531 0.843068 -8.582731
v 10.842414 0.940491 -8.511218
v 10.944172 0.993100 -8.627026
v 10.769587 0.878676 -8.721117
v 10.889311 0.788993 -8.702192
v 10.847652 1.012157 -8.685109
vn 0.4962 0.5998 -0.6278
vn 0.8883 -0.3164 -0.3330
vn -0.2598 0.3902 -0.8833
vn 0.6599 -0.7489 0.0608
vn 0.3354 -0.2646 0.9041
vn -0.4506 -0.8697 -0.2015
vn -0.8472 0.5221 -0.0986
vn 0.9529 0.0190 -0.3026
vn 0.6189 0.3504 0.7030
vn -0.0459 0.9241 0.3795
vn -0.2942 -0.3250 0.8988
vn -0.5272 -0.7766 -0.3448
vn -0.1876 -0.4361 -0.8801
vn -0.7241 0.6450 0.2440
vt 0.862532 0.586626
vt 0.666025 0.612825
vt 0.793538 0.524739
vt 0.799625 0.742317
vt 0.596159 0.725728
vt 0.676667 0.500000
vt 0.533198 0.702151
vt 0.502729 0.907748
vt 0.315429 0.689365
vt 0.215046 0.717794
vt 0.139986 0.551629
vt 0.365533 0.517965
vt 0.592775 0.342442
vt 0.523296 0.508923
vt 0.395346 0.376049
vt 0.510142 0.020803
vt 0.592582 0.143625
vt 0.414253 0.208459
s 0
g Cube.007_Material
usemtl Material
f 940/1900/1484 936/1901/1484 943/1902/1484
f 936/1901/1485 935/1903/1485 942/1904/1485
f 943/1902/1486 936/1901/1486 941/1905/1486
f 942/1906/1487 935/1907/1487 937/1908/1487
f 937/1908/1488 935/1909/1488 939/1910/1488
f 938/1911/1489 942/1906/1489 937/1908/1489
f 943/1912/1490 941/1913/1490 938/1914/1490
f 940/1900/1491 935/1903/1491 936/1901/1491
f 935/1915/1492 940/1916/1492 939/1917/1492
f 939/1917/1493 940/1916/1493 943/1912/1493
f 939/1910/1494 938/1911/1494 937/1908/1494
f 938/1911/1495 941/1913/1495 942/1906/1495
f 941/1913/1496 936/1901/1496 942/1906/1496
f 939/1917/1497 943/1912/1497 938/1914/1497
o Cube.008
v 10.810056 1.001072 -9.234424
v 10.757017 0.864248 -9.174756
v 10.708059 0.740944 -9.215317
v 10.772465 0.806551 -9.348607
v 10.571714 0.785134 -9.359430
v 10.655302 0.945905 -9.376708
v 10.690700 1.017226 -9.220715
v 10.605885 0.708030 -9.211777
v 10.571104 0.857831 -9.218884
vn 0.8803 -0.4213 0.2180
vn 0.2817 -0.9078 -0.3107
vn 0.0684 -0.1417 -0.9876
vn 0.0727 0.9007 -0.4283
vn -0.2330 0.1858 0.9546
vn -0.2307 -0.0074 0.9730
vn -0.8740 0.4301 -0.2263
vn -0.9694 -0.2199 0.1095
vn 0.1484 -0.3617 0.9204
vn 0.9411 -0.2868 0.1788
vn 0.1186 -0.8686 -0.4810
vn 0.5725 0.3300 -0.7506
vn 0.1530 0.3446 0.9262
vn -0.7970 0.5969 -0.0921
vt 0.551771 0.821043
vt 0.490236 0.981936
vt 0.443965 0.755163
vt 0.609545 0.740303
vt 0.579499 0.265268
vt 0.447677 0.232718
vt 0.490446 0.016300
vt 0.320967 0.499695
vt 0.242238 0.673984
vt 0.142687 0.564850
vt 0.543218 0.480597
vt 0.654480 0.663904
vt 0.651690 0.523626
vt 0.809399 0.589510
vt 0.375000 0.930496
vt 0.603518 0.001237
vt 0.583364 0.169025
vt 0.384386 0.054537
vt 0.382289 0.419599
s 0
g Cube.008_Material
usemtl Material
f 946/1918/1498 947/1919/1498 945/1920/1498
f 946/1918/1499 951/1921/1499 947/1919/1499
f 948/1922/1500 949/1923/1500 947/1924/1500
f 950/1925/1501 944/1926/1501 949/1927/1501
f 952/1928/1502 945/1920/1502 950/1925/1502
f 952/1928/1503 951/1929/1503 945/1920/1503
f 948/1922/1504 952/1928/1504 949/1923/1504
f 952/1930/1505 948/1931/1505 951/1929/1505
f 951/1929/1506 946/1918/1506 945/1920/1506
f 944/1932/1507 945/1920/1507 947/1919/1507
f 951/1933/1508 948/1934/1508 947/1924/1508
f 944/1935/1509 947/1924/1509 949/1923/1509
f 944/1926/1510 950/1925/1510 945/1920/1510
f 950/1936/1511 949/1923/1511 952/1928/1511
o Cube.009
v 10.781662 0.641578 -9.217809
v 10.815269 0.696496 -9.069939
v 10.642806 0.686727 -9.314460
v 10.720590 0.807415 -9.398488
v 10.811635 0.925031 -9.027758
v 10.679782 0.824877 -8.951362
v 10.883389 0.867529 -9.252069
v 10.590344 0.649545 -9.130257
v 10.606881 0.708397 -8.997100
v 10.480311 0.843790 -9.155405
v 10.574310 0.886085 -9.312620
v 10.518894 0.700353 -9.264512
v 10.720448 1.022136 -9.124303
v 10.823186 0.955194 -9.302169
v 10.597861 0.984723 -9.092791
v 10.572716 1.021394 -9.259351
vn 0.2624 -0.4905 0.8310
vn 0.0633 -0.9402 0.3348
vn -0.8462 -0.4405 0.2998
vn -0.8660 0.1336 -0.4819
vn -0.2258 0.9437 0.2419
vn -0.1351 0.6052 -0.7846
vn 0.7928 0.6013 0.0995
vn -0.6979 0.1630 0.6974
vn -0.6782 0.2604 0.6872
vn -0.0260 0.6924 0.7210
vn 0.5738 -0.1398 0.8070
vn 0.9483 -0.0429 0.3144
vn -0.4863 -0.1591 -0.8592
vn 0.6628 0.0276 -0.7483
vn 0.6899 -0.4019 -0.6021
vn 0.2714 -0.6616 -0.6990
vn 0.9077 -0.4165 -0.0516
vn -0.1480 -0.9604 -0.2360
vn 0.1386 -0.9121 0.3859
vn -0.2046 -0.9466 -0.2493
vn -0.8496 -0.4445 0.2839
vn 0.2105 0.9488 -0.2355
vn -0.0623 0.3650 -0.9289
vn 0.6682 0.7359 0.1090
vn -0.7953 0.5556 0.2424
vn -0.0507 0.6471 0.7607
vn -0.8651 0.1749 -0.4702
vt 0.875000 0.649805
vt 0.849233 0.683396
vt 0.832712 0.540342
vt 0.580473 0.024703
vt 0.534759 0.188184
vt 0.498710 0.020990
vt 0.437420 0.135101
vt 0.411456 0.342495
vt 0.213804 0.511922
vt 0.337875 0.601179
vt 0.185175 0.619999
vt 0.611440 0.548317
vt 0.438499 0.522151
vt 0.536413 0.434917
vt 0.517900 0.691047
vt 0.378975 0.759339
vt 0.724211 0.603714
vt 0.568883 0.768659
vt 0.609419 0.213408
vt 0.625000 0.382072
vt 0.588498 0.519208
vt 0.209844 0.718096
vt 0.479559 0.953620
vt 0.390901 0.953078
vt 0.565332 0.774863
vt 0.583031 0.973602
vt 0.389658 0.010551
vt 0.376620 0.114133
vt 0.125000 0.581137
vt 0.375000 0.421875
s 0
g Cube.009_Material
usemtl Material
f 961/1937/1512 954/1938/1512 958/1939/1512
f 954/1940/1513 961/1941/1513 953/1942/1513
f 960/1943/1514 961/1941/1514 962/1944/1514
f 962/1945/1515 963/1946/1515 964/1947/1515
f 965/1948/1516 968/1949/1516 967/1950/1516
f 966/1951/1517 956/1952/1517 963/1946/1517
f 957/1953/1518 959/1954/1518 966/1951/1518
f 958/1955/1519 962/1944/1519 961/1941/1519
f 958/1955/1520 967/1950/1520 962/1944/1520
f 967/1950/1521 957/1956/1521 965/1957/1521
f 957/1953/1522 958/1939/1522 954/1938/1522
f 957/1953/1523 954/1938/1523 959/1954/1523
f 955/1958/1524 964/1947/1524 963/1946/1524 956/1952/1524
f 956/1952/1525 966/1951/1525 959/1954/1525
f 959/1954/1526 953/1959/1526 956/1952/1526
f 953/1959/1527 955/1960/1527 956/1952/1527
f 959/1961/1528 954/1962/1528 953/1959/1528
f 953/1942/1529 960/1943/1529 955/1963/1529
f 960/1943/1530 953/1942/1530 961/1941/1530
f 955/1963/1531 960/1943/1531 964/1964/1531
f 962/1945/1532 964/1947/1532 960/1965/1532
f 968/1949/1533 965/1948/1533 966/1951/1533
f 968/1949/1534 966/1951/1534 963/1946/1534
f 965/1948/1535 957/1953/1535 966/1951/1535
f 962/1944/1536 967/1950/1536 968/1949/1536
f 958/1955/1537 957/1956/1537 967/1950/1537
f 963/1966/1538 962/1944/1538 968/1949/1538
o Cube.010
v 10.978600 0.786164 -9.614899
v 10.996769 0.882713 -9.547895
v 11.041782 0.899307 -9.410338
v 11.006598 0.703663 -9.529496
v 11.077183 0.777672 -9.694212
v 11.144871 0.903305 -9.482155
v 10.966010 0.807110 -9.374734
v 11.139510 0.736821 -9.446809
v 11.081101 0.682212 -9.631557
vn 0.9641 -0.1169 -0.2385
vn 0.9570 -0.0894 -0.2761
vn 0.5687 -0.1555 0.8077
vn 0.4369 0.1733 0.8827
vn -0.0991 0.9913 -0.0871
vn -0.9562 -0.0225 0.2917
vn -0.5793 -0.4638 -0.6704
vn -0.6898 -0.6204 -0.3732
vn 0.1208 0.8367 -0.5342
vn -0.9757 -0.0747 -0.2059
vn -0.7316 0.6628 0.1594
vn 0.0786 -0.9625 0.2597
vn -0.1201 -0.8396 0.5297
vn -0.4909 0.5572 -0.6698
vt 0.856741 0.527884
vt 0.792799 0.664448
vt 0.661337 0.518959
vt 0.570885 0.667835
vt 0.614877 0.834550
vt 0.495616 0.943630
vt 0.319826 0.718976
vt 0.602263 0.105449
vt 0.455701 0.107225
vt 0.553174 0.006579
vt 0.371255 0.573451
vt 0.135465 0.689951
vt 0.165587 0.530358
vt 0.553103 0.308270
vt 0.565029 0.471740
vt 0.392929 0.256090
vt 0.405598 0.560759
vt 0.171875 0.750000
s 0
g Cube.010_Material
usemtl Material
f 973/1967/1539 974/1968/1539 977/1969/1539
f 977/1969/1540 974/1968/1540 976/1970/1540
f 974/1971/1541 971/1972/1541 975/1973/1541
f 976/1970/1542 974/1971/1542 975/1973/1542
f 974/1974/1543 970/1975/1543 971/1976/1543
f 972/1977/1544 970/1978/1544 969/1979/1544
f 973/1980/1545 977/1981/1545 969/1982/1545
f 977/1981/1546 972/1983/1546 969/1982/1546
f 970/1975/1547 974/1974/1547 973/1980/1547
f 972/1977/1548 975/1973/1548 970/1978/1548
f 970/1978/1549 975/1973/1549 971/1984/1549
f 977/1969/1550 976/1970/1550 972/1983/1550
f 976/1970/1551 975/1973/1551 972/1983/1551
f 969/1982/1552 970/1975/1552 973/1980/1552
o Cube.011
v 11.212695 0.858318 -9.595922
v 11.056327 0.627312 -9.489931
v 11.187857 0.721917 -9.387890
v 11.231043 0.688092 -9.569140
v 11.110804 0.726863 -9.654038
v 11.044749 0.858403 -9.565988
v 11.169952 0.885093 -9.436342
v 10.965421 0.767994 -9.552630
v 11.039404 0.774477 -9.421049
vn -0.3392 -0.4305 0.8364
vn 0.4210 -0.8683 0.2624
vn 0.9620 0.1405 0.2341
vn 0.5604 -0.0695 -0.8253
vn -0.4854 0.3048 -0.8195
vn -0.1521 0.4959 -0.8550
vn -0.0304 0.9844 -0.1733
vn -0.5656 0.7225 0.3975
vn -0.1175 0.2708 0.9554
vn -0.8198 -0.3174 0.4766
vn -0.6781 0.6466 0.3494
vn 0.9659 0.1652 0.1993
vn 0.0740 -0.8634 -0.4991
vn -0.5617 -0.6114 -0.5574
vt 0.534218 0.539052
vt 0.807613 0.537738
vt 0.651467 0.712344
vt 0.812212 0.722590
vt 0.440472 0.699464
vt 0.505279 0.954605
vt 0.394685 0.910428
vt 0.529494 0.041599
vt 0.440272 0.169217
vt 0.407900 0.015209
vt 0.224689 0.500632
vt 0.298939 0.554231
vt 0.143822 0.628706
vt 0.350796 0.501919
vt 0.236030 0.724989
vt 0.358556 0.714558
vt 0.602122 0.296489
vt 0.527241 0.521298
vt 0.452229 0.375318
s 0
g Cube.011_Material
usemtl Material
f 986/1985/1553 979/1986/1553 980/1987/1553
f 980/1987/1554 979/1986/1554 981/1988/1554
f 984/1989/1555 981/1990/1555 978/1991/1555
f 981/1992/1556 982/1993/1556 978/1994/1556
f 985/1995/1557 983/1996/1557 982/1997/1557
f 982/1997/1558 983/1998/1558 978/1999/1558
f 983/1998/1559 984/2000/1559 978/1999/1559
f 983/1998/1560 986/1985/1560 984/1989/1560
f 986/1985/1561 980/1987/1561 984/1989/1561
f 979/2001/1562 986/2002/1562 985/2003/1562
f 985/2003/1563 986/1985/1563 983/1998/1563
f 980/1987/1564 981/1990/1564 984/1989/1564
f 981/1992/1565 979/2001/1565 982/1993/1565
f 979/2001/1566 985/2003/1566 982/1993/1566
o Cube.006
v 11.489520 0.620075 -9.342415
v 11.449035 0.732694 -9.474092
v 11.405663 0.821951 -9.300941
v 11.549194 0.691545 -9.400620
v 11.489308 0.801393 -9.377798
v 11.531305 0.773695 -9.270326
v 11.425387 0.656536 -9.292374
v 11.389187 0.667627 -9.446944
v 11.343816 0.782088 -9.366931
vn 0.8390 -0.4009 0.3679
vn 0.8422 0.5007 -0.2001
vn -0.2283 0.0232 0.9733
vn 0.3907 -0.6368 -0.6647
vn 0.1995 -0.7135 -0.6716
vn -0.8694 -0.4637 0.1704
vn -0.4664 -0.8834 0.0459
vn -0.6234 0.2667 -0.7350
vn -0.1503 0.8335 -0.5318
vn -0.1499 0.9022 -0.4045
vn 0.3325 0.9365 0.1114
vn 0.3577 -0.4747 0.8042
vn -0.7138 -0.0489 0.6986
vn 0.6390 0.4742 -0.6056
vt 0.423616 0.817668
vt 0.438163 0.985880
vt 0.399025 0.926987
vt 0.584080 0.909473
vt 0.477709 0.045024
vt 0.607265 0.122218
vt 0.441545 0.286085
vt 0.565477 0.549583
vt 0.592013 0.712367
vt 0.289400 0.584684
vt 0.400831 0.754486
vt 0.615924 0.357557
vt 0.551199 0.540629
vt 0.429879 0.509305
vt 0.769145 0.562221
vt 0.604783 0.677624
vt 0.780055 0.741830
vt 0.860509 0.631959
vt 0.567506 0.015179
vt 0.377433 0.096481
s 0
g Cube.006_Material
usemtl Material
f 990/2004/1567 992/2005/1567 987/2006/1567
f 991/2007/1568 992/2005/1568 990/2004/1568
f 992/2008/1569 989/2009/1569 993/2010/1569
f 994/2011/1570 988/2012/1570 987/2013/1570
f 988/2012/1571 990/2014/1571 987/2013/1571
f 993/2010/1572 995/2015/1572 994/2016/1572
f 994/2016/1573 987/2017/1573 993/2010/1573
f 994/2011/1574 995/2018/1574 988/2019/1574
f 988/2019/1575 995/2018/1575 991/2020/1575
f 995/2018/1576 989/2021/1576 991/2020/1576
f 991/2022/1577 989/2009/1577 992/2008/1577
f 987/2023/1578 992/2008/1578 993/2010/1578
f 993/2010/1579 989/2009/1579 995/2015/1579
f 988/2012/1580 991/2007/1580 990/2004/1580
o Cube.007
v 10.822577 0.769595 -9.350111
v 10.949094 0.672720 -9.221497
v 10.757445 0.828891 -9.229290
v 10.692647 0.712995 -9.142097
v 10.685584 0.672978 -9.315616
v 10.847118 0.620454 -9.365374
v 10.838577 0.650030 -9.118493
v 10.898046 0.783901 -9.191874
v 10.842028 0.553139 -9.261190
vn 0.7552 -0.5668 -0.3293
vn 0.7801 0.4686 -0.4144
vn 0.5749 -0.6704 0.4691
vn 0.3549 0.9007 -0.2507
vn -0.5598 0.5837 -0.5882
vn -0.0171 0.6072 0.7944
vn -0.4094 -0.7594 0.5057
vn 0.7675 0.1890 -0.6126
vn -0.2784 0.0523 -0.9590
vn -0.4040 -0.7592 -0.5103
vn -0.8915 0.4480 -0.0670
vn 0.0556 0.4608 0.8857
vn 0.6657 0.1090 0.7382
vn -0.6385 -0.7438 0.1975
vt 0.862532 0.586626
vt 0.666025 0.612825
vt 0.793538 0.524739
vt 0.799625 0.742317
vt 0.596159 0.725728
vt 0.676667 0.500000
vt 0.533198 0.702151
vt 0.502729 0.907748
vt 0.315429 0.689365
vt 0.215046 0.717794
vt 0.139986 0.551629
vt 0.365533 0.517965
vt 0.592775 0.342442
vt 0.523296 0.508923
vt 0.395346 0.376049
vt 0.510142 0.020803
vt 0.592582 0.143625
vt 0.414253 0.208459
s 0
g Cube.007_Material
usemtl Material
f 1001/2024/1581 997/2025/1581 1004/2026/1581
f 997/2025/1582 996/2027/1582 1003/2028/1582
f 1004/2026/1583 997/2025/1583 1002/2029/1583
f 1003/2030/1584 996/2031/1584 998/2032/1584
f 998/2032/1585 996/2033/1585 1000/2034/1585
f 999/2035/1586 1003/2030/1586 998/2032/1586
f 1004/2036/1587 1002/2037/1587 999/2038/1587
f 1001/2024/1588 996/2027/1588 997/2025/1588
f 996/2039/1589 1001/2040/1589 1000/2041/1589
f 1000/2041/1590 1001/2040/1590 1004/2036/1590
f 1000/2034/1591 999/2035/1591 998/2032/1591
f 999/2035/1592 1002/2037/1592 1003/2030/1592
f 1002/2037/1593 997/2025/1593 1003/2030/1593
f 1000/2041/1594 1004/2036/1594 999/2038/1594
o Cube.008
v 11.146485 0.724156 -9.547073
v 11.083825 0.751527 -9.369944
v 11.008009 0.670659 -9.246004
v 11.064107 0.532082 -9.369760
v 10.823294 0.553628 -9.353392
v 10.932093 0.576303 -9.541135
v 11.009562 0.770222 -9.562576
v 10.885329 0.683643 -9.209219
v 10.855431 0.738193 -9.382938
vn 0.8723 -0.0780 0.4827
vn 0.1647 -0.6191 0.7679
vn -0.0996 -0.9793 -0.1760
vn 0.0662 -0.1358 -0.9885
vn -0.0647 0.9905 0.1211
vn -0.0730 0.9479 0.3102
vn -0.8667 0.0719 -0.4936
vn -0.9525 0.2023 0.2275
vn 0.2673 0.7240 0.6359
vn 0.9353 -0.0838 0.3438
vn -0.0202 -0.7381 0.6743
vn 0.4674 -0.6995 -0.5406
vn 0.3220 0.9462 -0.0323
vn -0.7579 0.2355 -0.6083
vt 0.551771 0.821043
vt 0.490236 0.981936
vt 0.443965 0.755163
vt 0.609545 0.740303
vt 0.579499 0.265268
vt 0.447677 0.232718
vt 0.490446 0.016300
vt 0.320967 0.499695
vt 0.242238 0.673984
vt 0.142687 0.564850
vt 0.543218 0.480597
vt 0.654480 0.663904
vt 0.651690 0.523626
vt 0.809399 0.589510
vt 0.375000 0.930496
vt 0.603518 0.001237
vt 0.583364 0.169025
vt 0.384386 0.054537
vt 0.382289 0.419599
s 0
g Cube.008_Material
usemtl Material
f 1007/2042/1595 1008/2043/1595 1006/2044/1595
f 1007/2042/1596 1012/2045/1596 1008/2043/1596
f 1009/2046/1597 1010/2047/1597 1008/2048/1597
f 1011/2049/1598 1005/2050/1598 1010/2051/1598
f 1013/2052/1599 1006/2044/1599 1011/2049/1599
f 1013/2052/1600 1012/2053/1600 1006/2044/1600
f 1009/2046/1601 1013/2052/1601 1010/2047/1601
f 1013/2054/1602 1009/2055/1602 1012/2053/1602
f 1012/2053/1603 1007/2042/1603 1006/2044/1603
f 1005/2056/1604 1006/2044/1604 1008/2043/1604
f 1012/2057/1605 1009/2058/1605 1008/2048/1605
f 1005/2059/1606 1008/2048/1606 1010/2047/1606
f 1005/2050/1607 1011/2049/1607 1006/2044/1607
f 1011/2060/1608 1010/2047/1608 1013/2052/1608
o Cube.009
v 11.565329 0.838925 -8.887336
v 11.424330 0.802949 -8.787775
v 11.666647 0.711295 -8.987783
v 11.576876 0.736937 -9.143865
v 11.234224 0.663940 -8.883165
v 11.344944 0.579564 -8.740464
v 11.356330 0.816428 -9.062269
v 11.625080 0.638236 -8.791752
v 11.499274 0.588157 -8.706182
v 11.559986 0.437523 -8.917439
v 11.558496 0.539032 -9.096134
v 11.702748 0.578345 -8.937041
v 11.268770 0.551329 -9.019080
v 11.354269 0.725796 -9.153363
v 11.351928 0.452121 -8.955342
v 11.430223 0.450241 -9.126764
vn -0.2230 0.2772 0.9346
vn 0.4363 0.4485 0.7800
vn 0.6077 -0.5536 0.5694
vn 0.6182 -0.6813 -0.3921
vn -0.6375 -0.7164 -0.2833
vn 0.0533 -0.2388 -0.9696
vn -0.8863 0.3381 -0.3164
vn -0.0794 -0.8223 0.5635
vn -0.1510 -0.8524 0.5006
vn -0.8139 -0.5319 0.2339
vn -0.6174 0.3668 0.6959
vn -0.6408 0.7424 0.1952
vn 0.7986 -0.1320 -0.5872
vn -0.0054 0.7090 -0.7052
vn 0.1983 0.9138 -0.3544
vn 0.6491 0.7165 -0.2556
vn -0.1836 0.9785 0.0935
vn 0.8484 0.4113 0.3332
vn 0.3511 0.4858 0.8005
vn 0.8763 0.3601 0.3200
vn 0.6201 -0.5509 0.5586
vn -0.6399 -0.2466 -0.7278
vn 0.2485 -0.0250 -0.9683
vn -0.9148 0.1645 -0.3688
vn -0.0665 -0.9976 -0.0194
vn -0.7895 -0.5388 0.2939
vn 0.5838 -0.7038 -0.4047
vt 0.875000 0.649805
vt 0.849233 0.683396
vt 0.832712 0.540342
vt 0.580473 0.024703
vt 0.534759 0.188184
vt 0.498710 0.020990
vt 0.437420 0.135101
vt 0.411456 0.342495
vt 0.213804 0.511922
vt 0.337875 0.601179
vt 0.185175 0.619999
vt 0.611440 0.548317
vt 0.438499 0.522151
vt 0.536413 0.434917
vt 0.517900 0.691047
vt 0.378975 0.759339
vt 0.724211 0.603714
vt 0.568883 0.768659
vt 0.609419 0.213408
vt 0.625000 0.382072
vt 0.588498 0.519208
vt 0.209844 0.718096
vt 0.479559 0.953620
vt 0.390901 0.953078
vt 0.565332 0.774863
vt 0.583031 0.973602
vt 0.389658 0.010551
vt 0.376620 0.114133
vt 0.125000 0.581137
vt 0.375000 0.421875
s 0
g Cube.009_Material
usemtl Material
f 1022/2061/1609 1015/2062/1609 1019/2063/1609
f 1015/2064/1610 1022/2065/1610 1014/2066/1610
f 1021/2067/1611 1022/2065/1611 1023/2068/1611
f 1023/2069/1612 1024/2070/1612 1025/2071/1612
f 1026/2072/1613 1029/2073/1613 1028/2074/1613
f 1027/2075/1614 1017/2076/1614 1024/2070/1614
f 1018/2077/1615 1020/2078/1615 1027/2075/1615
f 1019/2079/1616 1023/2068/1616 1022/2065/1616
f 1019/2079/1617 1028/2074/1617 1023/2068/1617
f 1028/2074/1618 1018/2080/1618 1026/2081/1618
f 1018/2077/1619 1019/2063/1619 1015/2062/1619
f 1018/2077/1620 1015/2062/1620 1020/2078/1620
f 1016/2082/1621 1025/2071/1621 1024/2070/1621 1017/2076/1621
f 1017/2076/1622 1027/2075/1622 1020/2078/1622
f 1020/2078/1623 1014/2083/1623 1017/2076/1623
f 1014/2083/1624 1016/2084/1624 1017/2076/1624
f 1020/2085/1625 1015/2086/1625 1014/2083/1625
f 1014/2066/1626 1021/2067/1626 1016/2087/1626
f 1021/2067/1627 1014/2066/1627 1022/2065/1627
f 1016/2087/1628 1021/2067/1628 1025/2088/1628
f 1023/2069/1629 1025/2071/1629 1021/2089/1629
f 1029/2073/1630 1026/2072/1630 1027/2075/1630
f 1029/2073/1631 1027/2075/1631 1024/2070/1631
f 1026/2072/1632 1018/2077/1632 1027/2075/1632
f 1023/2068/1633 1028/2074/1633 1029/2073/1633
f 1019/2079/1634 1018/2080/1634 1028/2074/1634
f 1024/2090/1635 1023/2068/1635 1029/2073/1635
o Cube.010
v 11.130577 0.668411 -8.851394
v 11.128254 0.687305 -8.737366
v 11.087929 0.606410 -8.628336
v 11.084434 0.559189 -8.848611
v 11.248155 0.646637 -8.881386
v 11.207498 0.586452 -8.643751
v 10.989460 0.572665 -8.690166
v 11.145443 0.466560 -8.739552
v 11.193785 0.553532 -8.908070
vn 0.8611 -0.5082 0.0186
vn 0.8840 -0.4674 0.0124
vn -0.0663 -0.8277 0.5573
vn -0.1355 -0.5748 0.8070
vn 0.2062 0.7478 0.6311
vn -0.9188 0.3860 -0.0827
vn -0.1673 0.3607 -0.9176
vn -0.4635 0.1737 -0.8689
vn 0.6020 0.7434 0.2913
vn -0.6554 0.6104 -0.4448
vn -0.5063 0.7716 0.3852
vn -0.3162 -0.8030 -0.5051
vn -0.5995 -0.7435 -0.2961
vn 0.1404 0.9772 -0.1591
vt 0.856741 0.527884
vt 0.792799 0.664448
vt 0.661337 0.518959
vt 0.570885 0.667835
vt 0.614877 0.834550
vt 0.495616 0.943630
vt 0.319826 0.718976
vt 0.602263 0.105449
vt 0.455701 0.107225
vt 0.553174 0.006579
vt 0.371255 0.573451
vt 0.135465 0.689951
vt 0.165587 0.530358
vt 0.553103 0.308270
vt 0.565029 0.471740
vt 0.392929 0.256090
vt 0.405598 0.560759
vt 0.171875 0.750000
s 0
g Cube.010_Material
usemtl Material
f 1034/2091/1636 1035/2092/1636 1038/2093/1636
f 1038/2093/1637 1035/2092/1637 1037/2094/1637
f 1035/2095/1638 1032/2096/1638 1036/2097/1638
f 1037/2094/1639 1035/2095/1639 1036/2097/1639
f 1035/2098/1640 1031/2099/1640 1032/2100/1640
f 1033/2101/1641 1031/2102/1641 1030/2103/1641
f 1034/2104/1642 1038/2105/1642 1030/2106/1642
f 1038/2105/1643 1033/2107/1643 1030/2106/1643
f 1031/2099/1644 1035/2098/1644 1034/2104/1644
f 1033/2101/1645 1036/2097/1645 1031/2102/1645
f 1031/2102/1646 1036/2097/1646 1032/2108/1646
f 1038/2093/1647 1037/2094/1647 1033/2107/1647
f 1037/2094/1648 1036/2097/1648 1033/2107/1648
f 1030/2106/1649 1031/2099/1649 1034/2104/1649
o Cube.011
v 11.160204 0.557106 -8.990237
v 10.759346 0.471582 -8.892186
v 10.970580 0.384373 -8.747614
v 10.997725 0.375566 -9.013533
v 10.933712 0.564784 -9.092969
v 10.997237 0.718785 -8.917107
v 11.128698 0.567006 -8.756193
v 10.826425 0.714166 -8.913473
v 10.888019 0.596134 -8.746712
vn -0.6141 -0.2426 0.7510
vn -0.3770 -0.9262 -0.0078
vn 0.7310 -0.6705 0.1268
vn 0.3944 -0.2391 -0.8873
vn -0.0344 0.7580 -0.6514
vn 0.3332 0.6464 -0.6864
vn 0.7178 0.6930 0.0673
vn 0.1178 0.7686 0.6288
vn 0.0408 0.0116 0.9991
vn -0.8244 0.2715 0.4967
vn -0.0097 0.8145 0.5801
vn 0.7546 -0.6487 0.0985
vn -0.5436 -0.4745 -0.6923
vn -0.7812 0.1631 -0.6027
vt 0.534218 0.539052
vt 0.807613 0.537738
vt 0.651467 0.712344
vt 0.812212 0.722590
vt 0.440472 0.699464
vt 0.505279 0.954605
vt 0.394685 0.910428
vt 0.529494 0.041599
vt 0.440272 0.169217
vt 0.407900 0.015209
vt 0.224689 0.500632
vt 0.298939 0.554231
vt 0.143822 0.628706
vt 0.350796 0.501919
vt 0.236030 0.724989
vt 0.358556 0.714558
vt 0.602122 0.296489
vt 0.527241 0.521298
vt 0.452229 0.375318
s 0
g Cube.011_Material
usemtl Material
f 1047/2109/1650 1040/2110/1650 1041/2111/1650
f 1041/2111/1651 1040/2110/1651 1042/2112/1651
f 1045/2113/1652 1042/2114/1652 1039/2115/1652
f 1042/2116/1653 1043/2117/1653 1039/2118/1653
f 1046/2119/1654 1044/2120/1654 1043/2121/1654
f 1043/2121/1655 1044/2122/1655 1039/2123/1655
f 1044/2122/1656 1045/2124/1656 1039/2123/1656
f 1044/2122/1657 1047/2109/1657 1045/2113/1657
f 1047/2109/1658 1041/2111/1658 1045/2113/1658
f 1040/2125/1659 1047/2126/1659 1046/2127/1659
f 1046/2127/1660 1047/2109/1660 1044/2122/1660
f 1041/2111/1661 1042/2114/1661 1045/2113/1661
f 1042/2116/1662 1040/2125/1662 1043/2117/1662
f 1040/2125/1663 1046/2127/1663 1043/2117/1663
o Cube.006
v 11.122548 0.379257 -9.360939
v 11.160787 0.608471 -9.372674
v 10.941845 0.569994 -9.235962
v 11.204082 0.468802 -9.283800
v 11.092327 0.578290 -9.227407
v 11.047995 0.447809 -9.156078
v 11.007913 0.399533 -9.354947
v 11.103681 0.550170 -9.461917
v 10.954623 0.611645 -9.357642
vn 0.4545 -0.7817 0.4270
vn 0.6006 0.2167 0.7696
vn -0.8081 -0.5140 0.2877
vn 0.8766 -0.1693 -0.4504
vn 0.7653 -0.1596 -0.6236
vn -0.6098 -0.1631 -0.7756
vn -0.1353 -0.5150 -0.8464
vn -0.0260 0.8444 -0.5350
vn 0.0309 0.9756 0.2172
vn -0.0701 0.9460 0.3165
vn -0.0766 0.4982 0.8637
vn -0.1548 -0.9525 0.2624
vn -0.9530 -0.2417 -0.1828
vn 0.7303 0.5132 0.4508
vt 0.423616 0.817668
vt 0.438163 0.985880
vt 0.399025 0.926987
vt 0.584080 0.909473
vt 0.477709 0.045024
vt 0.607265 0.122218
vt 0.441545 0.286085
vt 0.565477 0.549583
vt 0.592013 0.712367
vt 0.289400 0.584684
vt 0.400831 0.754486
vt 0.615924 0.357557
vt 0.551199 0.540629
vt 0.429879 0.509305
vt 0.769145 0.562221
vt 0.604783 0.677624
vt 0.780055 0.741830
vt 0.860509 0.631959
vt 0.567506 0.015179
vt 0.377433 0.096481
s 0
g Cube.006_Material
usemtl Material
f 1051/2128/1664 1053/2129/1664 1048/2130/1664
f 1052/2131/1665 1053/2129/1665 1051/2128/1665
f 1053/2132/1666 1050/2133/1666 1054/2134/1666
f 1055/2135/1667 1049/2136/1667 1048/2137/1667
f 1049/2136/1668 1051/2138/1668 1048/2137/1668
f 1054/2134/1669 1056/2139/1669 1055/2140/1669
f 1055/2140/1670 1048/2141/1670 1054/2134/1670
f 1055/2135/1671 1056/2142/1671 1049/2143/1671
f 1049/2143/1672 1056/2142/1672 1052/2144/1672
f 1056/2142/1673 1050/2145/1673 1052/2144/1673
f 1052/2146/1674 1050/2133/1674 1053/2132/1674
f 1048/2147/1675 1053/2132/1675 1054/2134/1675
f 1054/2134/1676 1050/2133/1676 1056/2139/1676
f 1049/2136/1677 1052/2131/1677 1051/2128/1677
o Cube.007
v 11.232031 0.592114 -9.291459
v 11.453697 0.531696 -9.285987
v 11.220465 0.531392 -9.135456
v 11.253715 0.356257 -9.137513
v 11.163579 0.413296 -9.306705
v 11.299545 0.503145 -9.420278
v 11.421018 0.389430 -9.196054
v 11.384283 0.567439 -9.168254
v 11.378426 0.393894 -9.384873
vn 0.6214 0.2035 -0.7566
vn 0.2637 0.9552 -0.1345
vn 0.9137 -0.3453 -0.2143
vn -0.1337 0.9268 0.3508
vn -0.9337 0.3516 0.0676
vn 0.1910 0.0247 0.9813
vn 0.1731 -0.9829 -0.0623
vn 0.2439 0.8530 -0.4613
vn -0.7239 0.3288 -0.6065
vn -0.3355 -0.5008 -0.7979
vn -0.8922 -0.1743 0.4166
vn 0.3426 -0.0755 0.9364
vn 0.8703 0.1044 0.4814
vn -0.1708 -0.9576 -0.2318
vt 0.862532 0.586626
vt 0.666025 0.612825
vt 0.793538 0.524739
vt 0.799625 0.742317
vt 0.596159 0.725728
vt 0.676667 0.500000
vt 0.533198 0.702151
vt 0.502729 0.907748
vt 0.315429 0.689365
vt 0.215046 0.717794
vt 0.139986 0.551629
vt 0.365533 0.517965
vt 0.592775 0.342442
vt 0.523296 0.508923
vt 0.395346 0.376049
vt 0.510142 0.020803
vt 0.592582 0.143625
vt 0.414253 0.208459
s 0
g Cube.007_Material
usemtl Material
f 1062/2148/1678 1058/2149/1678 1065/2150/1678
f 1058/2149/1679 1057/2151/1679 1064/2152/1679
f 1065/2150/1680 1058/2149/1680 1063/2153/1680
f 1064/2154/1681 1057/2155/1681 1059/2156/1681
f 1059/2156/1682 1057/2157/1682 1061/2158/1682
f 1060/2159/1683 1064/2154/1683 1059/2156/1683
f 1065/2160/1684 1063/2161/1684 1060/2162/1684
f 1062/2148/1685 1057/2151/1685 1058/2149/1685
f 1057/2163/1686 1062/2164/1686 1061/2165/1686
f 1061/2165/1687 1062/2164/1687 1065/2160/1687
f 1061/2158/1688 1060/2159/1688 1059/2156/1688
f 1060/2159/1689 1063/2161/1689 1064/2154/1689
f 1063/2161/1690 1058/2149/1690 1064/2154/1690
f 1061/2165/1691 1065/2160/1691 1060/2162/1691
o Cube.008
v 11.375701 0.456054 -8.991277
v 11.209067 0.517960 -8.981729
v 11.095915 0.545147 -8.877989
v 11.245883 0.518426 -8.778461
v 11.089308 0.356334 -8.749629
v 11.279220 0.317383 -8.814882
v 11.296588 0.346540 -9.008749
v 10.995780 0.479802 -8.861533
v 11.087996 0.349027 -8.927294
vn 0.2000 0.9790 -0.0385
vn -0.3255 0.6675 0.6697
vn 0.3001 -0.1216 0.9461
vn 0.8117 -0.5839 -0.0151
vn -0.3639 -0.0391 -0.9306
vn -0.5003 0.0807 -0.8621
vn -0.1870 -0.9815 0.0417
vn -0.8097 -0.5861 0.0301
vn -0.4794 0.5656 -0.6711
vn 0.3443 0.9366 -0.0645
vn -0.3426 0.4751 0.8105
vn 0.8591 0.0502 0.5093
vn 0.0015 0.1565 -0.9877
vn -0.0721 -0.9853 -0.1547
vt 0.551771 0.821043
vt 0.490236 0.981936
vt 0.443965 0.755163
vt 0.609545 0.740303
vt 0.579499 0.265268
vt 0.447677 0.232718
vt 0.490446 0.016300
vt 0.320967 0.499695
vt 0.242238 0.673984
vt 0.142687 0.564850
vt 0.543218 0.480597
vt 0.654480 0.663904
vt 0.651690 0.523626
vt 0.809399 0.589510
vt 0.375000 0.930496
vt 0.603518 0.001237
vt 0.583364 0.169025
vt 0.384386 0.054537
vt 0.382289 0.419599
s 0
g Cube.008_Material
usemtl Material
f 1068/2166/1692 1069/2167/1692 1067/2168/1692
f 1068/2166/1693 1073/2169/1693 1069/2167/1693
f 1070/2170/1694 1071/2171/1694 1069/2172/1694
f 1072/2173/1695 1066/2174/1695 1071/2175/1695
f 1074/2176/1696 1067/2168/1696 1072/2173/1696
f 1074/2176/1697 1073/2177/1697 1067/2168/1697
f 1070/2170/1698 1074/2176/1698 1071/2171/1698
f 1074/2178/1699 1070/2179/1699 1073/2177/1699
f 1073/2177/1700 1068/2166/1700 1067/2168/1700
f 1066/2180/1701 1067/2168/1701 1069/2167/1701
f 1073/2181/1702 1070/2182/1702 1069/2172/1702
f 1066/2183/1703 1069/2172/1703 1071/2171/1703
f 1066/2174/1704 1072/2173/1704 1067/2168/1704
f 1072/2184/1705 1071/2171/1705 1074/2176/1705
o Cube.009
v 10.900804 0.211326 -9.237220
v 10.886219 0.390079 -9.312408
v 11.030687 0.153555 -9.081102
v 10.896288 0.178456 -8.934278
v 10.855742 0.610880 -9.142521
v 11.047310 0.592853 -9.248936
v 10.729761 0.366513 -9.043198
v 11.143153 0.286958 -9.238901
v 11.144174 0.454766 -9.294153
v 11.227310 0.414384 -9.015155
v 11.071882 0.311441 -8.886200
v 11.184376 0.203238 -9.069567
v 10.919908 0.597191 -8.955311
v 10.770770 0.388618 -8.909322
v 11.077649 0.589473 -8.974969
v 11.059953 0.467667 -8.807455
vn -0.0092 0.3054 -0.9522
vn 0.1580 -0.3719 -0.9147
vn 0.9490 -0.1038 -0.2978
vn 0.7198 -0.3068 0.6227
vn 0.1128 0.7979 0.5921
vn -0.1233 -0.1893 0.9741
vn -0.8443 0.5064 0.1750
vn 0.7864 0.5999 -0.1475
vn 0.7495 0.6578 -0.0749
vn 0.0555 0.9970 0.0539
vn -0.3719 0.5333 -0.7598
vn -0.8473 0.2454 -0.4710
vn 0.3255 -0.7672 0.5527
vn -0.7935 -0.5128 0.3277
vn -0.7209 -0.6878 -0.0854
vn -0.2934 -0.9499 -0.1074
vn -0.8199 -0.2775 -0.5008
vn 0.2524 -0.8201 -0.5135
vn 0.0908 -0.3119 -0.9458
vn 0.3022 -0.8232 -0.4806
vn 0.9497 -0.1184 -0.2898
vn -0.4044 0.4631 0.7887
vn -0.1832 -0.4536 0.8722
vn -0.7439 0.5978 0.2987
vn 0.7264 0.5170 0.4527
vn 0.0947 0.9955 0.0018
vn 0.7145 -0.2706 0.6452
vt 0.875000 0.649805
vt 0.849233 0.683396
vt 0.832712 0.540342
vt 0.580473 0.024703
vt 0.534759 0.188184
vt 0.498710 0.020990
vt 0.437420 0.135101
vt 0.411456 0.342495
vt 0.213804 0.511922
vt 0.337875 0.601179
vt 0.185175 0.619999
vt 0.611440 0.548317
vt 0.438499 0.522151
vt 0.536413 0.434917
vt 0.517900 0.691047
vt 0.378975 0.759339
vt 0.724211 0.603714
vt 0.568883 0.768659
vt 0.609419 0.213408
vt 0.625000 0.382072
vt 0.588498 0.519208
vt 0.209844 0.718096
vt 0.479559 0.953620
vt 0.390901 0.953078
vt 0.565332 0.774863
vt 0.583031 0.973602
vt 0.389658 0.010551
vt 0.376620 0.114133
vt 0.125000 0.581137
vt 0.375000 0.421875
s 0
g Cube.009_Material
usemtl Material
f 1083/2185/1706 1076/2186/1706 1080/2187/1706
f 1076/2188/1707 1083/2189/1707 1075/2190/1707
f 1082/2191/1708 1083/2189/1708 1084/2192/1708
f 1084/2193/1709 1085/2194/1709 1086/2195/1709
f 1087/2196/1710 1090/2197/1710 1089/2198/1710
f 1088/2199/1711 1078/2200/1711 1085/2194/1711
f 1079/2201/1712 1081/2202/1712 1088/2199/1712
f 1080/2203/1713 1084/2192/1713 1083/2189/1713
f 1080/2203/1714 1089/2198/1714 1084/2192/1714
f 1089/2198/1715 1079/2204/1715 1087/2205/1715
f 1079/2201/1716 1080/2187/1716 1076/2186/1716
f 1079/2201/1717 1076/2186/1717 1081/2202/1717
f 1077/2206/1718 1086/2195/1718 1085/2194/1718 1078/2200/1718
f 1078/2200/1719 1088/2199/1719 1081/2202/1719
f 1081/2202/1720 1075/2207/1720 1078/2200/1720
f 1075/2207/1721 1077/2208/1721 1078/2200/1721
f 1081/2209/1722 1076/2210/1722 1075/2207/1722
f 1075/2190/1723 1082/2191/1723 1077/2211/1723
f 1082/2191/1724 1075/2190/1724 1083/2189/1724
f 1077/2211/1725 1082/2191/1725 1086/2212/1725
f 1084/2193/1726 1086/2195/1726 1082/2213/1726
f 1090/2197/1727 1087/2196/1727 1088/2199/1727
f 1090/2197/1728 1088/2199/1728 1085/2194/1728
f 1087/2196/1729 1079/2201/1729 1088/2199/1729
f 1084/2192/1730 1089/2198/1730 1090/2197/1730
f 1080/2203/1731 1079/2204/1731 1089/2198/1731
f 1085/2214/1732 1084/2192/1732 1090/2197/1732
o Cube.010
v 10.898370 0.332422 -9.049156
v 10.995547 0.242199 -9.085645
v 11.161592 0.258124 -9.109378
v 10.982337 0.445571 -9.041725
v 10.867727 0.306734 -8.908048
v 11.143459 0.220160 -8.970222
v 11.139119 0.380365 -9.182159
v 11.142076 0.416334 -8.952991
v 10.913463 0.430661 -8.911315
vn 0.2048 -0.0498 0.9775
vn 0.1735 -0.0850 0.9812
vn 0.9350 0.2918 0.2015
vn 0.9999 0.0083 -0.0142
vn 0.0560 -0.9651 -0.2560
vn -0.1795 0.1965 -0.9639
vn -0.9301 0.3396 -0.1402
vn -0.7479 0.5766 -0.3290
vn -0.2637 -0.9519 0.1561
vn -0.6330 0.1239 -0.7642
vn -0.0718 -0.5200 -0.8512
vn 0.0908 0.9829 0.1603
vn 0.2595 0.9535 -0.1530
vn -0.7076 -0.6520 -0.2724
vt 0.856741 0.527884
vt 0.792799 0.664448
vt 0.661337 0.518959
vt 0.570885 0.667835
vt 0.614877 0.834550
vt 0.495616 0.943630
vt 0.319826 0.718976
vt 0.602263 0.105449
vt 0.455701 0.107225
vt 0.553174 0.006579
vt 0.371255 0.573451
vt 0.135465 0.689951
vt 0.165587 0.530358
vt 0.553103 0.308270
vt 0.565029 0.471740
vt 0.392929 0.256090
vt 0.405598 0.560759
vt 0.171875 0.750000
s 0
g Cube.010_Material
usemtl Material
f 1095/2215/1733 1096/2216/1733 1099/2217/1733
f 1099/2217/1734 1096/2216/1734 1098/2218/1734
f 1096/2219/1735 1093/2220/1735 1097/2221/1735
f 1098/2218/1736 1096/2219/1736 1097/2221/1736
f 1096/2222/1737 1092/2223/1737 1093/2224/1737
f 1094/2225/1738 1092/2226/1738 1091/2227/1738
f 1095/2228/1739 1099/2229/1739 1091/2230/1739
f 1099/2229/1740 1094/2231/1740 1091/2230/1740
f 1092/2223/1741 1096/2222/1741 1095/2228/1741
f 1094/2225/1742 1097/2221/1742 1092/2226/1742
f 1092/2226/1743 1097/2221/1743 1093/2232/1743
f 1099/2217/1744 1098/2218/1744 1094/2231/1744
f 1098/2218/1745 1097/2221/1745 1094/2231/1745
f 1091/2230/1746 1092/2223/1746 1095/2228/1746
o Cube.011
v 11.162857 0.118896 -9.027185
v 11.071790 0.496484 -9.208772
v 11.248092 0.314583 -9.316097
v 11.259061 0.347761 -9.046259
v 11.054579 0.340204 -8.969050
v 10.946090 0.181326 -9.123075
v 11.147938 0.095624 -9.266060
v 10.876715 0.336281 -9.160643
v 11.017526 0.297777 -9.321329
vn -0.0165 0.4962 -0.8680
vn 0.6778 0.7259 -0.1168
vn 0.9211 -0.3888 -0.0196
vn 0.3546 -0.0714 0.9323
vn -0.7218 -0.1599 0.6734
vn -0.4660 -0.4310 0.7728
vn -0.3203 -0.9407 0.1117
vn -0.6249 -0.5536 -0.5504
vn 0.0395 -0.2397 -0.9700
vn -0.5793 0.5157 -0.6312
vn -0.7222 -0.4506 -0.5249
vn 0.9105 -0.4133 0.0138
vn 0.1761 0.8188 0.5464
vn -0.4988 0.7420 0.4479
vt 0.534218 0.539052
vt 0.807613 0.537738
vt 0.651467 0.712344
vt 0.812212 0.722590
vt 0.440472 0.699464
vt 0.505279 0.954605
vt 0.394685 0.910428
vt 0.529494 0.041599
vt 0.440272 0.169217
vt 0.407900 0.015209
vt 0.224689 0.500632
vt 0.298939 0.554231
vt 0.143822 0.628706
vt 0.350796 0.501919
vt 0.236030 0.724989
vt 0.358556 0.714558
vt 0.602122 0.296489
vt 0.527241 0.521298
vt 0.452229 0.375318
s 0
g Cube.011_Material
usemtl Material
f 1108/2233/1747 1101/2234/1747 1102/2235/1747
f 1102/2235/1748 1101/2234/1748 1103/2236/1748
f 1106/2237/1749 1103/2238/1749 1100/2239/1749
f 1103/2240/1750 1104/2241/1750 1100/2242/1750
f 1107/2243/1751 1105/2244/1751 1104/2245/1751
f 1104/2245/1752 1105/2246/1752 1100/2247/1752
f 1105/2246/1753 1106/2248/1753 1100/2247/1753
f 1105/2246/1754 1108/2233/1754 1106/2237/1754
f 1108/2233/1755 1102/2235/1755 1106/2237/1755
f 1101/2249/1756 1108/2250/1756 1107/2251/1756
f 1107/2251/1757 1108/2233/1757 1105/2246/1757
f 1102/2235/1758 1103/2238/1758 1106/2237/1758
f 1103/2240/1759 1101/2249/1759 1104/2241/1759
f 1101/2249/1760 1107/2251/1760 1104/2241/1760
o Cube.006
v 11.144162 0.113606 -9.168344
v 11.281444 0.259744 -9.277390
v 11.281958 0.320977 -9.028827
v 11.278975 0.106686 -9.208535
v 11.344359 0.235084 -9.132047
v 11.304686 0.145917 -9.015240
v 11.120947 0.194473 -9.090906
v 11.164413 0.278328 -9.271872
v 11.223475 0.379892 -9.124651
vn 0.0086 -0.9802 0.1978
vn 0.8979 -0.4392 -0.0303
vn -0.3754 0.0232 0.9266
vn -0.1221 -0.5173 -0.8470
vn -0.2814 -0.3899 -0.8768
vn -0.8738 0.4860 0.0153
vn -0.9675 -0.0383 -0.2501
vn 0.0991 0.8000 -0.5917
vn 0.7443 0.6323 -0.2149
vn 0.7639 0.6413 -0.0719
vn 0.8962 0.1488 0.4180
vn -0.4245 -0.6868 0.5900
vn -0.6081 0.4547 0.6507
vn 0.8858 -0.2022 -0.4177
vt 0.423616 0.817668
vt 0.438163 0.985880
vt 0.399025 0.926987
vt 0.584080 0.909473
vt 0.477709 0.045024
vt 0.607265 0.122218
vt 0.441545 0.286085
vt 0.565477 0.549583
vt 0.592013 0.712367
vt 0.289400 0.584684
vt 0.400831 0.754486
vt 0.615924 0.357557
vt 0.551199 0.540629
vt 0.429879 0.509305
vt 0.769145 0.562221
vt 0.604783 0.677624
vt 0.780055 0.741830
vt 0.860509 0.631959
vt 0.567506 0.015179
vt 0.377433 0.096481
s 0
g Cube.006_Material
usemtl Material
f 1112/2252/1761 1114/2253/1761 1109/2254/1761
f 1113/2255/1762 1114/2253/1762 1112/2252/1762
f 1114/2256/1763 1111/2257/1763 1115/2258/1763
f 1116/2259/1764 1110/2260/1764 1109/2261/1764
f 1110/2260/1765 1112/2262/1765 1109/2261/1765
f 1115/2258/1766 1117/2263/1766 1116/2264/1766
f 1116/2264/1767 1109/2265/1767 1115/2258/1767
f 1116/2259/1768 1117/2266/1768 1110/2267/1768
f 1110/2267/1769 1117/2266/1769 1113/2268/1769
f 1117/2266/1770 1111/2269/1770 1113/2268/1770
f 1113/2270/1771 1111/2257/1771 1114/2256/1771
f 1109/2271/1772 1114/2256/1772 1115/2258/1772
f 1115/2258/1773 1111/2257/1773 1117/2263/1773
f 1110/2260/1774 1113/2255/1774 1112/2252/1774
o Cube.007
v 11.235238 0.117277 -9.028951
v 11.190608 0.266711 -9.055561
v 11.226483 0.100578 -9.142920
v 11.109827 0.116463 -9.177575
v 11.116255 0.063777 -9.050528
v 11.149286 0.165263 -8.965032
v 11.115603 0.234946 -9.140980
v 11.239350 0.215741 -9.122524
v 11.082238 0.213569 -9.013719
vn -0.0473 0.6757 0.7356
vn 0.8650 0.3262 0.3813
vn -0.4276 0.9031 0.0396
vn 0.9931 -0.1000 -0.0616
vn 0.3922 -0.9140 0.1038
vn 0.2989 0.1339 -0.9448
vn -0.9652 0.1190 -0.2330
vn 0.6739 0.3199 0.6660
vn 0.1680 -0.6665 0.7263
vn -0.6960 -0.3164 0.6445
vn -0.0122 -0.9239 -0.3825
vn 0.1842 0.2819 -0.9416
vn 0.2048 0.8450 -0.4941
vn -0.9765 -0.2123 -0.0386
vt 0.862532 0.586626
vt 0.666025 0.612825
vt 0.793538 0.524739
vt 0.799625 0.742317
vt 0.596159 0.725728
vt 0.676667 0.500000
vt 0.533198 0.702151
vt 0.502729 0.907748
vt 0.315429 0.689365
vt 0.215046 0.717794
vt 0.139986 0.551629
vt 0.365533 0.517965
vt 0.592775 0.342442
vt 0.523296 0.508923
vt 0.395346 0.376049
vt 0.510142 0.020803
vt 0.592582 0.143625
vt 0.414253 0.208459
s 0
g Cube.007_Material
usemtl Material
f 1123/2272/1775 1119/2273/1775 1126/2274/1775
f 1119/2273/1776 1118/2275/1776 1125/2276/1776
f 1126/2274/1777 1119/2273/1777 1124/2277/1777
f 1125/2278/1778 1118/2279/1778 1120/2280/1778
f 1120/2280/1779 1118/2281/1779 1122/2282/1779
f 1121/2283/1780 1125/2278/1780 1120/2280/1780
f 1126/2284/1781 1124/2285/1781 1121/2286/1781
f 1123/2272/1782 1118/2275/1782 1119/2273/1782
f 1118/2287/1783 1123/2288/1783 1122/2289/1783
f 1122/2289/1784 1123/2288/1784 1126/2284/1784
f 1122/2282/1785 1121/2283/1785 1120/2280/1785
f 1121/2283/1786 1124/2285/1786 1125/2278/1786
f 1124/2285/1787 1119/2273/1787 1125/2278/1787
f 1122/2289/1788 1126/2284/1788 1121/2286/1788
o Cube.008
v 11.080493 0.194048 -9.177204
v 11.081104 0.073594 -9.122767
v 11.111748 0.019282 -9.025238
v 11.114282 0.150818 -8.994452
v 11.266733 0.078682 -8.990369
v 11.233508 0.196798 -9.079894
v 11.169367 0.153849 -9.203986
v 11.183131 -0.033613 -9.013461
v 11.234927 0.033209 -9.110180
vn -0.9601 -0.0461 0.2760
vn -0.3094 -0.2111 0.9272
vn 0.2780 0.6287 0.7263
vn 0.2599 0.8631 -0.4331
vn -0.1078 -0.6461 -0.7556
vn -0.1526 -0.7730 -0.6158
vn 0.9590 0.0596 -0.2772
vn 0.8006 -0.5991 0.0148
vn -0.5437 -0.7942 -0.2714
vn -0.9759 0.0858 0.2007
vn -0.0905 -0.1355 0.9866
vn -0.1811 0.9490 0.2580
vn -0.4190 -0.3757 -0.8266
vn 0.8701 0.0970 -0.4833
vt 0.551771 0.821043
vt 0.490236 0.981936
vt 0.443965 0.755163
vt 0.609545 0.740303
vt 0.579499 0.265268
vt 0.447677 0.232718
vt 0.490446 0.016300
vt 0.320967 0.499695
vt 0.242238 0.673984
vt 0.142687 0.564850
vt 0.543218 0.480597
vt 0.654480 0.663904
vt 0.651690 0.523626
vt 0.809399 0.589510
vt 0.375000 0.930496
vt 0.603518 0.001237
vt 0.583364 0.169025
vt 0.384386 0.054537
vt 0.382289 0.419599
s 0
g Cube.008_Material
usemtl Material
f 1129/2290/1789 1130/2291/1789 1128/2292/1789
f 1129/2290/1790 1134/2293/1790 1130/2291/1790
f 1131/2294/1791 1132/2295/1791 1130/2296/1791
f 1133/2297/1792 1127/2298/1792 1132/2299/1792
f 1135/2300/1793 1128/2292/1793 1133/2297/1793
f 1135/2300/1794 1134/2301/1794 1128/2292/1794
f 1131/2294/1795 1135/2300/1795 1132/2295/1795
f 1135/2302/1796 1131/2303/1796 1134/2301/1796
f 1134/2301/1797 1129/2290/1797 1128/2292/1797
f 1127/2304/1798 1128/2292/1798 1130/2291/1798
f 1134/2305/1799 1131/2306/1799 1130/2296/1799
f 1127/2307/1800 1130/2296/1800 1132/2295/1800
f 1127/2298/1801 1133/2297/1801 1128/2292/1801
f 1133/2308/1802 1132/2295/1802 1135/2300/1802
o Cube.009
v 11.321266 0.186839 -9.036774
v 11.200851 0.235710 -9.160953
v 11.299924 0.041302 -8.908526
v 11.387279 -0.085816 -9.011420
v 11.095685 0.056878 -9.316060
v 10.973524 0.142024 -9.177750
v 11.351001 0.004059 -9.245180
v 11.119138 0.161549 -8.920289
v 10.998993 0.192323 -9.026510
v 11.011990 -0.064074 -8.937702
v 11.195365 -0.158341 -8.974915
v 11.172311 0.013547 -8.835415
v 11.090221 -0.117357 -9.259224
v 11.328857 -0.123910 -9.227890
v 10.994133 -0.110190 -9.148079
v 11.109288 -0.247700 -9.079197
vn -0.3546 0.9035 -0.2408
vn 0.0269 0.9388 0.3434
vn -0.6104 0.2314 0.7575
vn -0.1733 -0.6345 0.7532
vn -0.5651 -0.6955 -0.4437
vn 0.3636 -0.9293 0.0654
vn 0.2309 -0.1694 -0.9581
vn -0.9865 0.0068 0.1639
vn -0.9926 -0.0694 0.0995
vn -0.7494 -0.1840 -0.6360
vn -0.2456 0.7135 -0.6562
vn 0.3262 0.5026 -0.8006
vn 0.4153 -0.4754 0.7756
vn 0.9550 -0.1954 -0.2233
vn 0.9713 0.2294 -0.0626
vn 0.8684 0.2501 0.4283
vn 0.6808 0.5961 -0.4256
vn 0.3459 0.5913 0.7285
vn 0.0245 0.9673 0.2525
vn 0.3193 0.5551 0.7680
vn -0.5992 0.2253 0.7682
vn 0.0553 -0.8060 -0.5894
vn 0.5799 -0.7902 0.1985
vn 0.1153 -0.3113 -0.9433
vn -0.7977 -0.5714 0.1930
vn -0.7825 -0.1354 -0.6077
vn -0.1926 -0.6609 0.7253
vt 0.875000 0.649805
vt 0.849233 0.683396
vt 0.832712 0.540342
vt 0.580473 0.024703
vt 0.534759 0.188184
vt 0.498710 0.020990
vt 0.437420 0.135101
vt 0.411456 0.342495
vt 0.213804 0.511922
vt 0.337875 0.601179
vt 0.185175 0.619999
vt 0.611440 0.548317
vt 0.438499 0.522151
vt 0.536413 0.434917
vt 0.517900 0.691047
vt 0.378975 0.759339
vt 0.724211 0.603714
vt 0.568883 0.768659
vt 0.609419 0.213408
vt 0.625000 0.382072
vt 0.588498 0.519208
vt 0.209844 0.718096
vt 0.479559 0.953620
vt 0.390901 0.953078
vt 0.565332 0.774863
vt 0.583031 0.973602
vt 0.389658 0.010551
vt 0.376620 0.114133
vt 0.125000 0.581137
vt 0.375000 0.421875
s 0
g Cube.009_Material
usemtl Material
f 1144/2309/1803 1137/2310/1803 1141/2311/1803
f 1137/2312/1804 1144/2313/1804 1136/2314/1804
f 1143/2315/1805 1144/2313/1805 1145/2316/1805
f 1145/2317/1806 1146/2318/1806 1147/2319/1806
f 1148/2320/1807 1151/2321/1807 1150/2322/1807
f 1149/2323/1808 1139/2324/1808 1146/2318/1808
f 1140/2325/1809 1142/2326/1809 1149/2323/1809
f 1141/2327/1810 1145/2316/1810 1144/2313/1810
f 1141/2327/1811 1150/2322/1811 1145/2316/1811
f 1150/2322/1812 1140/2328/1812 1148/2329/1812
f 1140/2325/1813 1141/2311/1813 1137/2310/1813
f 1140/2325/1814 1137/2310/1814 1142/2326/1814
f 1138/2330/1815 1147/2319/1815 1146/2318/1815 1139/2324/1815
f 1139/2324/1816 1149/2323/1816 1142/2326/1816
f 1142/2326/1817 1136/2331/1817 1139/2324/1817
f 1136/2331/1818 1138/2332/1818 1139/2324/1818
f 1142/2333/1819 1137/2334/1819 1136/2331/1819
f 1136/2314/1820 1143/2315/1820 1138/2335/1820
f 1143/2315/1821 1136/2314/1821 1144/2313/1821
f 1138/2335/1822 1143/2315/1822 1147/2336/1822
f 1145/2317/1823 1147/2319/1823 1143/2337/1823
f 1151/2321/1824 1148/2320/1824 1149/2323/1824
f 1151/2321/1825 1149/2323/1825 1146/2318/1825
f 1148/2320/1826 1140/2325/1826 1149/2323/1826
f 1145/2316/1827 1150/2322/1827 1151/2321/1827
f 1141/2327/1828 1140/2328/1828 1150/2322/1828
f 1146/2338/1829 1145/2316/1829 1151/2321/1829
