# Blender 4.1.0
# www.blender.org
mtllib TornadoEffect20166.mtl
o Plane.002
v 11.165558 0.000000 -9.079000
o Cube.009
v 10.506906 1.835873 -10.351709
v 10.484409 2.019583 -10.433436
v 10.530471 1.792848 -10.137591
v 10.328018 1.756508 -10.102256
v 10.285683 2.203366 -10.325055
v 10.505522 2.256944 -10.291422
v 10.205258 1.910564 -10.308005
v 10.671867 1.980908 -10.205016
v 10.652763 2.155314 -10.259809
v 10.559040 2.097468 -9.974556
v 10.392218 1.931425 -9.959776
v 10.626798 1.884627 -10.034249
v 10.225003 2.180221 -10.129155
v 10.147853 1.924114 -10.172841
v 10.362026 2.221151 -10.045702
v 10.284535 2.070483 -9.911295
vn 0.4607 0.4252 -0.7791
vn 0.7721 -0.1770 -0.6103
vn 0.9159 0.2081 0.3431
vn 0.2645 -0.1814 0.9472
vn -0.5110 0.7035 0.4940
vn -0.6083 -0.3550 0.7099
vn -0.8895 0.2210 -0.3999
vn 0.4890 0.8095 0.3248
vn 0.4008 0.8438 0.3570
vn -0.2976 0.9545 0.0206
vn 0.0063 0.5130 -0.8584
vn -0.4302 0.0657 -0.9003
vn 0.1534 -0.7181 0.6789
vn -0.6275 -0.7549 -0.1908
vn -0.2757 -0.8411 -0.4653
vn 0.1372 -0.9681 -0.2096
vn -0.2310 -0.4189 -0.8781
vn 0.7440 -0.6345 -0.2094
vn 0.7218 -0.1342 -0.6790
vn 0.7628 -0.6283 -0.1530
vn 0.9163 0.1933 0.3508
vn -0.9098 0.2133 0.3561
vn -0.5114 -0.6078 0.6074
vn -0.9157 0.3178 -0.2461
vn 0.1158 0.6274 0.7700
vn -0.2372 0.9715 0.0030
vn 0.2361 -0.1518 0.9598
vt 0.875000 0.649805
vt 0.849233 0.683396
vt 0.832712 0.540342
vt 0.580473 0.024703
vt 0.534759 0.188184
vt 0.498710 0.020990
vt 0.437420 0.135101
vt 0.411456 0.342495
vt 0.213804 0.511922
vt 0.337875 0.601179
vt 0.185175 0.619999
vt 0.611440 0.548317
vt 0.438499 0.522151
vt 0.536413 0.434917
vt 0.517900 0.691047
vt 0.378975 0.759339
vt 0.724211 0.603714
vt 0.568883 0.768659
vt 0.609419 0.213408
vt 0.625000 0.382072
vt 0.588498 0.519208
vt 0.209844 0.718096
vt 0.479559 0.953620
vt 0.390901 0.953078
vt 0.565332 0.774863
vt 0.583031 0.973602
vt 0.389658 0.010551
vt 0.376620 0.114133
vt 0.125000 0.581137
vt 0.375000 0.421875
s 0
g Cube.009_Material
usemtl Material
f 10/1/1 3/2/1 7/3/1
f 3/4/2 10/5/2 2/6/2
f 9/7/3 10/5/3 11/8/3
f 11/9/4 12/10/4 13/11/4
f 14/12/5 17/13/5 16/14/5
f 15/15/6 5/16/6 12/10/6
f 6/17/7 8/18/7 15/15/7
f 7/19/8 11/8/8 10/5/8
f 7/19/9 16/14/9 11/8/9
f 16/14/10 6/20/10 14/21/10
f 6/17/11 7/3/11 3/2/11
f 6/17/12 3/2/12 8/18/12
f 4/22/13 13/11/13 12/10/13 5/16/13
f 5/16/14 15/15/14 8/18/14
f 8/18/15 2/23/15 5/16/15
f 2/23/16 4/24/16 5/16/16
f 8/25/17 3/26/17 2/23/17
f 2/6/18 9/7/18 4/27/18
f 9/7/19 2/6/19 10/5/19
f 4/27/20 9/7/20 13/28/20
f 11/9/21 13/11/21 9/29/21
f 17/13/22 14/12/22 15/15/22
f 17/13/23 15/15/23 12/10/23
f 14/12/24 6/17/24 15/15/24
f 11/8/25 16/14/25 17/13/25
f 7/19/26 6/20/26 16/14/26
f 12/30/27 11/8/27 17/13/27
o Cube.010
v 10.534858 2.122235 -8.006734
v 10.535781 2.016127 -7.879325
v 10.388667 1.906859 -7.791692
v 10.367908 2.114502 -8.038431
v 10.603683 2.036285 -8.145083
v 10.458635 1.804999 -7.915982
v 10.283823 2.045209 -7.796148
v 10.284020 1.907774 -8.039746
v 10.454993 2.073047 -8.188880
vn 0.0301 -0.7129 -0.7006
vn 0.0772 -0.7108 -0.6992
vn -0.7969 -0.6024 0.0451
vn -0.6523 -0.6603 0.3720
vn 0.6590 -0.3559 0.6626
vn -0.1553 0.7585 0.6329
vn 0.3254 0.8672 -0.3769
vn 0.0052 0.9648 -0.2628
vn 0.9076 -0.3670 0.2040
vn 0.2171 0.9160 0.3373
vn 0.3299 0.2791 0.9018
vn -0.7792 0.3196 -0.5391
vn -0.9057 0.3689 -0.2088
vn 0.9129 0.3169 0.2573
vt 0.856741 0.527884
vt 0.792799 0.664448
vt 0.661337 0.518959
vt 0.570885 0.667835
vt 0.614877 0.834550
vt 0.495616 0.943630
vt 0.319826 0.718976
vt 0.602263 0.105449
vt 0.455701 0.107225
vt 0.553174 0.006579
vt 0.371255 0.573451
vt 0.135465 0.689951
vt 0.165587 0.530358
vt 0.553103 0.308270
vt 0.565029 0.471740
vt 0.392929 0.256090
vt 0.405598 0.560759
vt 0.171875 0.750000
s 0
g Cube.010_Material
usemtl Material
f 22/31/28 23/32/28 26/33/28
f 26/33/29 23/32/29 25/34/29
f 23/35/30 20/36/30 24/37/30
f 25/34/31 23/35/31 24/37/31
f 23/38/32 19/39/32 20/40/32
f 21/41/33 19/42/33 18/43/33
f 22/44/34 26/45/34 18/46/34
f 26/45/35 21/47/35 18/46/35
f 19/39/36 23/38/36 22/44/36
f 21/41/37 24/37/37 19/42/37
f 19/42/38 24/37/38 20/48/38
f 26/33/39 25/34/39 21/47/39
f 25/34/40 24/37/40 21/47/40
f 18/46/41 19/39/41 22/44/41
o Cube.011
v 10.580251 1.831401 -10.314484
v 10.303853 2.085345 -10.075867
v 10.564642 2.009969 -9.987816
v 10.414219 1.809636 -10.117829
v 10.326756 1.899495 -10.306890
v 10.507068 2.066975 -10.376116
v 10.706528 2.013399 -10.199793
v 10.367456 2.167243 -10.321438
v 10.515836 2.177555 -10.152347
vn -0.0423 0.6936 0.7191
vn -0.3797 -0.2859 0.8798
vn 0.5947 -0.6814 0.4266
vn -0.2549 -0.9137 -0.3164
vn -0.3619 0.0044 -0.9322
vn -0.1043 -0.2819 -0.9537
vn 0.6639 0.0106 -0.7478
vn 0.5436 0.7438 -0.3889
vn 0.6458 0.6223 0.4423
vn -0.3196 0.9206 0.2243
vn 0.4175 0.8080 -0.4157
vn 0.5977 -0.7011 0.3888
vn -0.8919 -0.3915 0.2265
vn -0.9691 0.1361 -0.2056
vt 0.534218 0.539052
vt 0.807613 0.537738
vt 0.651467 0.712344
vt 0.812212 0.722590
vt 0.440472 0.699464
vt 0.505279 0.954605
vt 0.394685 0.910428
vt 0.529494 0.041599
vt 0.440272 0.169217
vt 0.407900 0.015209
vt 0.224689 0.500632
vt 0.298939 0.554231
vt 0.143822 0.628706
vt 0.350796 0.501919
vt 0.236030 0.724989
vt 0.358556 0.714558
vt 0.602122 0.296489
vt 0.527241 0.521298
vt 0.452229 0.375318
s 0
g Cube.011_Material
usemtl Material
f 35/49/42 28/50/42 29/51/42
f 29/51/43 28/50/43 30/52/43
f 33/53/44 30/54/44 27/55/44
f 30/56/45 31/57/45 27/58/45
f 34/59/46 32/60/46 31/61/46
f 31/61/47 32/62/47 27/63/47
f 32/62/48 33/64/48 27/63/48
f 32/62/49 35/49/49 33/53/49
f 35/49/50 29/51/50 33/53/50
f 28/65/51 35/66/51 34/67/51
f 34/67/52 35/49/52 32/62/52
f 29/51/53 30/54/53 33/53/53
f 30/56/54 28/65/54 31/57/54
f 28/65/55 34/67/55 31/57/55
o Cube.006
v 11.992181 1.966903 -10.102783
v 12.157854 1.926869 -10.065148
v 12.101731 2.071305 -9.945501
v 12.037010 1.891080 -10.040790
v 12.103568 1.959018 -9.960053
v 11.994569 1.989513 -9.932862
v 12.006847 2.049152 -10.076961
v 12.137779 1.984553 -10.132227
v 12.159500 2.076170 -10.023216
vn -0.8838 -0.4621 0.0739
vn -0.0433 -0.7466 0.6639
vn -0.5627 0.7797 0.2747
vn -0.0379 -0.7632 -0.6450
vn 0.0270 -0.6231 -0.7817
vn 0.0962 0.7525 -0.6516
vn -0.2253 0.3282 -0.9174
vn 0.9689 0.0570 -0.2410
vn 0.8598 -0.1468 0.4890
vn 0.8028 -0.0637 0.5928
vn 0.2079 -0.1224 0.9705
vn -0.9839 0.1786 -0.0099
vn -0.1556 0.9863 -0.0539
vn 0.3350 -0.8386 0.4296
vt 0.423616 0.817668
vt 0.438163 0.985880
vt 0.399025 0.926987
vt 0.584080 0.909473
vt 0.477709 0.045024
vt 0.607265 0.122218
vt 0.441545 0.286085
vt 0.565477 0.549583
vt 0.592013 0.712367
vt 0.289400 0.584684
vt 0.400831 0.754486
vt 0.615924 0.357557
vt 0.551199 0.540629
vt 0.429879 0.509305
vt 0.769145 0.562221
vt 0.604783 0.677624
vt 0.780055 0.741830
vt 0.860509 0.631959
vt 0.567506 0.015179
vt 0.377433 0.096481
s 0
g Cube.006_Material
usemtl Material
f 39/68/56 41/69/56 36/70/56
f 40/71/57 41/69/57 39/68/57
f 41/72/58 38/73/58 42/74/58
f 43/75/59 37/76/59 36/77/59
f 37/76/60 39/78/60 36/77/60
f 42/74/61 44/79/61 43/80/61
f 43/80/62 36/81/62 42/74/62
f 43/75/63 44/82/63 37/83/63
f 37/83/64 44/82/64 40/84/64
f 44/82/65 38/85/65 40/84/65
f 40/86/66 38/73/66 41/72/66
f 36/87/67 41/72/67 42/74/67
f 42/74/68 38/73/68 44/79/68
f 37/76/69 40/71/69 39/68/69
o Cube.007
v 12.024025 1.973254 -7.965373
v 11.873497 2.081768 -8.042495
v 11.953230 1.854290 -8.013998
v 11.816032 1.842276 -7.940977
v 11.936441 1.912697 -7.835488
v 11.957860 2.078397 -7.882960
v 11.770851 1.979267 -8.004652
v 11.906078 1.973117 -8.091401
v 11.836051 2.079302 -7.884638
vn 0.0072 0.9998 0.0173
vn 0.6458 0.4659 -0.6049
vn -0.7265 0.6678 -0.1619
vn 0.7216 -0.1534 -0.6751
vn 0.7795 -0.5700 0.2598
vn -0.3327 -0.6038 -0.7244
vn -0.8604 -0.0479 0.5074
vn 0.6578 0.6754 -0.3336
vn 0.8144 0.0601 0.5772
vn -0.0112 0.2767 0.9609
vn 0.2514 -0.9127 0.3223
vn -0.4850 -0.4950 -0.7209
vn -0.5202 0.2159 -0.8263
vn -0.6072 -0.1348 0.7831
vt 0.862532 0.586626
vt 0.666025 0.612825
vt 0.793538 0.524739
vt 0.799625 0.742317
vt 0.596159 0.725728
vt 0.676667 0.500000
vt 0.533198 0.702151
vt 0.502729 0.907748
vt 0.315429 0.689365
vt 0.215046 0.717794
vt 0.139986 0.551629
vt 0.365533 0.517965
vt 0.592775 0.342442
vt 0.523296 0.508923
vt 0.395346 0.376049
vt 0.510142 0.020803
vt 0.592582 0.143625
vt 0.414253 0.208459
s 0
g Cube.007_Material
usemtl Material
f 50/88/70 46/89/70 53/90/70
f 46/89/71 45/91/71 52/92/71
f 53/90/72 46/89/72 51/93/72
f 52/94/73 45/95/73 47/96/73
f 47/96/74 45/97/74 49/98/74
f 48/99/75 52/94/75 47/96/75
f 53/100/76 51/101/76 48/102/76
f 50/88/77 45/91/77 46/89/77
f 45/103/78 50/104/78 49/105/78
f 49/105/79 50/104/79 53/100/79
f 49/98/80 48/99/80 47/96/80
f 48/99/81 51/101/81 52/94/81
f 51/101/82 46/89/82 52/94/82
f 49/105/83 53/100/83 48/102/83
o Cube.008
v 12.621313 2.038040 -9.412582
v 12.487139 1.900735 -9.428303
v 12.379268 1.835401 -9.540335
v 12.502527 1.946208 -9.646608
v 12.272121 2.031930 -9.645103
v 12.445233 2.150394 -9.574489
v 12.495317 2.103440 -9.372898
v 12.249917 1.853072 -9.543776
v 12.285468 2.013470 -9.454051
vn 0.6035 -0.7880 -0.1216
vn -0.0686 -0.6497 -0.7571
vn 0.1287 0.3622 -0.9232
vn 0.4798 0.8733 0.0842
vn -0.2564 -0.2452 0.9349
vn -0.3339 -0.4027 0.8522
vn -0.5932 0.7963 0.1184
vn -0.9818 0.1700 0.0850
vn -0.1249 -0.8000 0.5868
vn 0.7174 -0.6904 -0.0932
vn -0.1797 -0.4679 -0.8653
vn 0.7455 0.3980 -0.5346
vn 0.1611 -0.2663 0.9503
vn -0.4733 0.8247 0.3097
vt 0.551771 0.821043
vt 0.490236 0.981936
vt 0.443965 0.755163
vt 0.609545 0.740303
vt 0.579499 0.265268
vt 0.447677 0.232718
vt 0.490446 0.016300
vt 0.320967 0.499695
vt 0.242238 0.673984
vt 0.142687 0.564850
vt 0.543218 0.480597
vt 0.654480 0.663904
vt 0.651690 0.523626
vt 0.809399 0.589510
vt 0.375000 0.930496
vt 0.603518 0.001237
vt 0.583364 0.169025
vt 0.384386 0.054537
vt 0.382289 0.419599
s 0
g Cube.008_Material
usemtl Material
f 56/106/84 57/107/84 55/108/84
f 56/106/85 61/109/85 57/107/85
f 58/110/86 59/111/86 57/112/86
f 60/113/87 54/114/87 59/115/87
f 62/116/88 55/108/88 60/113/88
f 62/116/89 61/117/89 55/108/89
f 58/110/90 62/116/90 59/111/90
f 62/118/91 58/119/91 61/117/91
f 61/117/92 56/106/92 55/108/92
f 54/120/93 55/108/93 57/107/93
f 61/121/94 58/122/94 57/112/94
f 54/123/95 57/112/95 59/111/95
f 54/114/96 60/113/96 55/108/96
f 60/124/97 59/111/97 62/116/97
o Cube.009
v 12.433587 1.919040 -8.204314
v 12.290030 1.915181 -8.136805
v 12.465604 1.907413 -8.373200
v 12.470468 2.068937 -8.399275
v 12.123116 2.049734 -8.216379
v 12.105531 1.873371 -8.244276
v 12.341017 2.145168 -8.233920
v 12.336761 1.775976 -8.318659
v 12.200300 1.770760 -8.272466
v 12.229349 1.852445 -8.496072
v 12.339245 2.000695 -8.508673
v 12.403233 1.823229 -8.453712
v 12.130610 2.101110 -8.369697
v 12.321539 2.189364 -8.339019
v 12.112631 1.990875 -8.435948
v 12.218359 2.069086 -8.543074
vn -0.3363 -0.5253 0.7816
vn 0.3000 -0.7455 0.5952
vn -0.0833 -0.9325 -0.3515
vn 0.1947 -0.2254 -0.9546
vn -0.7808 0.4104 -0.4710
vn 0.2474 0.6606 -0.7088
vn -0.3362 0.8443 0.4173
vn -0.7389 -0.5962 -0.3138
vn -0.7862 -0.5135 -0.3439
vn -0.9874 0.1582 0.0047
vn -0.4862 -0.0890 0.8693
vn -0.1050 0.4065 0.9076
vn 0.7162 -0.0416 -0.6967
vn 0.6619 0.7269 0.1830
vn 0.8040 0.3881 0.4505
vn 0.9825 0.0005 0.1862
vn 0.4025 0.2789 0.8719
vn 0.7391 -0.6478 0.1847
vn 0.2521 -0.7025 0.6655
vn 0.7343 -0.6666 0.1282
vn -0.0688 -0.9306 -0.3595
vn -0.3495 0.8737 -0.3383
vn 0.5139 0.5998 -0.6134
vn -0.4394 0.8580 0.2660
vn -0.6226 -0.1959 -0.7576
vn -0.9952 0.0958 0.0218
vn 0.1610 -0.2015 -0.9662
vt 0.875000 0.649805
vt 0.849233 0.683396
vt 0.832712 0.540342
vt 0.580473 0.024703
vt 0.534759 0.188184
vt 0.498710 0.020990
vt 0.437420 0.135101
vt 0.411456 0.342495
vt 0.213804 0.511922
vt 0.337875 0.601179
vt 0.185175 0.619999
vt 0.611440 0.548317
vt 0.438499 0.522151
vt 0.536413 0.434917
vt 0.517900 0.691047
vt 0.378975 0.759339
vt 0.724211 0.603714
vt 0.568883 0.768659
vt 0.609419 0.213408
vt 0.625000 0.382072
vt 0.588498 0.519208
vt 0.209844 0.718096
vt 0.479559 0.953620
vt 0.390901 0.953078
vt 0.565332 0.774863
vt 0.583031 0.973602
vt 0.389658 0.010551
vt 0.376620 0.114133
vt 0.125000 0.581137
vt 0.375000 0.421875
s 0
g Cube.009_Material
usemtl Material
f 71/125/98 64/126/98 68/127/98
f 64/128/99 71/129/99 63/130/99
f 70/131/100 71/129/100 72/132/100
f 72/133/101 73/134/101 74/135/101
f 75/136/102 78/137/102 77/138/102
f 76/139/103 66/140/103 73/134/103
f 67/141/104 69/142/104 76/139/104
f 68/143/105 72/132/105 71/129/105
f 68/143/106 77/138/106 72/132/106
f 77/138/107 67/144/107 75/145/107
f 67/141/108 68/127/108 64/126/108
f 67/141/109 64/126/109 69/142/109
f 65/146/110 74/135/110 73/134/110 66/140/110
f 66/140/111 76/139/111 69/142/111
f 69/142/112 63/147/112 66/140/112
f 63/147/113 65/148/113 66/140/113
f 69/149/114 64/150/114 63/147/114
f 63/130/115 70/131/115 65/151/115
f 70/131/116 63/130/116 71/129/116
f 65/151/117 70/131/117 74/152/117
f 72/133/118 74/135/118 70/153/118
f 78/137/119 75/136/119 76/139/119
f 78/137/120 76/139/120 73/134/120
f 75/136/121 67/141/121 76/139/121
f 72/132/122 77/138/122 78/137/122
f 68/143/123 67/144/123 77/138/123
f 73/154/124 72/132/124 78/137/124
o Cube.010
v 10.163514 2.012801 -8.093953
v 10.131745 1.911636 -8.125656
v 10.095784 1.861075 -8.246208
v 10.153127 2.062706 -8.195409
v 10.280596 2.008737 -8.079659
v 10.211010 1.843573 -8.236079
v 10.031117 1.955186 -8.266080
v 10.210547 1.984568 -8.308427
v 10.264576 2.080264 -8.156689
vn 0.9466 -0.1130 -0.3018
vn 0.9571 -0.1297 -0.2590
vn 0.0614 -0.1657 -0.9843
vn -0.1339 -0.4528 -0.8815
vn -0.1723 -0.8890 0.4243
vn -0.9495 0.2320 0.2113
vn -0.0586 0.7254 0.6858
vn -0.2885 0.8471 0.4462
vn 0.2720 -0.7196 0.6388
vn -0.6914 0.3812 0.6137
vn -0.7859 -0.4506 0.4234
vn 0.0587 0.8348 -0.5474
vn -0.2686 0.7231 -0.6364
vn -0.1259 -0.2604 0.9572
vt 0.856741 0.527884
vt 0.792799 0.664448
vt 0.661337 0.518959
vt 0.570885 0.667835
vt 0.614877 0.834550
vt 0.495616 0.943630
vt 0.319826 0.718976
vt 0.602263 0.105449
vt 0.455701 0.107225
vt 0.553174 0.006579
vt 0.371255 0.573451
vt 0.135465 0.689951
vt 0.165587 0.530358
vt 0.553103 0.308270
vt 0.565029 0.471740
vt 0.392929 0.256090
vt 0.405598 0.560759
vt 0.171875 0.750000
s 0
g Cube.010_Material
usemtl Material
f 83/155/125 84/156/125 87/157/125
f 87/157/126 84/156/126 86/158/126
f 84/159/127 81/160/127 85/161/127
f 86/158/128 84/159/128 85/161/128
f 84/162/129 80/163/129 81/164/129
f 82/165/130 80/166/130 79/167/130
f 83/168/131 87/169/131 79/170/131
f 87/169/132 82/171/132 79/170/132
f 80/163/133 84/162/133 83/168/133
f 82/165/134 85/161/134 80/166/134
f 80/166/135 85/161/135 81/172/135
f 87/157/136 86/158/136 82/171/136
f 86/158/137 85/161/137 82/171/137
f 79/170/138 80/163/138 83/168/138
o Cube.011
v 10.109148 1.890771 -8.426952
v 9.829205 2.120435 -8.642046
v 10.036847 1.991472 -8.757295
v 10.087979 2.113746 -8.525204
v 9.932343 2.060951 -8.386856
v 9.876526 1.835617 -8.455486
v 10.056773 1.785897 -8.632017
v 9.741947 1.930915 -8.499978
v 9.845748 1.894059 -8.682574
vn -0.4180 0.1304 -0.8990
vn 0.2444 0.8346 -0.4936
vn 0.9705 -0.0139 -0.2407
vn 0.5382 0.3821 0.7512
vn -0.4154 -0.1693 0.8938
vn -0.0514 -0.2793 0.9588
vn 0.1611 -0.8948 0.4165
vn -0.4160 -0.8927 -0.1734
vn -0.0650 -0.5239 -0.8493
vn -0.8668 0.0258 -0.4980
vn -0.5409 -0.8293 -0.1401
vn 0.9792 -0.0277 -0.2011
vn -0.0933 0.9606 0.2616
vn -0.6682 0.6181 0.4141
vt 0.534218 0.539052
vt 0.807613 0.537738
vt 0.651467 0.712344
vt 0.812212 0.722590
vt 0.440472 0.699464
vt 0.505279 0.954605
vt 0.394685 0.910428
vt 0.529494 0.041599
vt 0.440272 0.169217
vt 0.407900 0.015209
vt 0.224689 0.500632
vt 0.298939 0.554231
vt 0.143822 0.628706
vt 0.350796 0.501919
vt 0.236030 0.724989
vt 0.358556 0.714558
vt 0.602122 0.296489
vt 0.527241 0.521298
vt 0.452229 0.375318
s 0
g Cube.011_Material
usemtl Material
f 96/173/139 89/174/139 90/175/139
f 90/175/140 89/174/140 91/176/140
f 94/177/141 91/178/141 88/179/141
f 91/180/142 92/181/142 88/182/142
f 95/183/143 93/184/143 92/185/143
f 92/185/144 93/186/144 88/187/144
f 93/186/145 94/188/145 88/187/145
f 93/186/146 96/173/146 94/177/146
f 96/173/147 90/175/147 94/177/147
f 89/189/148 96/190/148 95/191/148
f 95/191/149 96/173/149 93/186/149
f 90/175/150 91/178/150 94/177/150
f 91/180/151 89/189/151 92/181/151
f 89/189/152 95/191/152 92/181/152
o Cube.006
v 11.347768 1.892419 -10.250696
v 11.401881 1.863967 -10.471487
v 11.324698 2.106920 -10.439180
v 11.470177 1.897785 -10.321226
v 11.441184 2.014886 -10.431947
v 11.435615 2.093380 -10.300984
v 11.271018 1.972328 -10.280655
v 11.294087 1.834421 -10.430431
v 11.261688 2.010050 -10.492476
vn 0.4993 -0.0014 0.8664
vn 0.9814 0.1803 -0.0663
vn -0.4871 0.7402 0.4635
vn 0.3290 -0.9230 0.1996
vn 0.1345 -0.9781 0.1590
vn -0.9841 -0.1774 0.0118
vn -0.7317 -0.5539 0.3973
vn -0.2432 -0.3627 -0.8996
vn 0.3112 0.1642 -0.9360
vn 0.2970 0.3047 -0.9050
vn 0.5836 0.7072 -0.3991
vn -0.0854 0.2768 0.9571
vn -0.8618 0.4915 0.1255
vn 0.9130 -0.1371 -0.3841
vt 0.423616 0.817668
vt 0.438163 0.985880
vt 0.399025 0.926987
vt 0.584080 0.909473
vt 0.477709 0.045024
vt 0.607265 0.122218
vt 0.441545 0.286085
vt 0.565477 0.549583
vt 0.592013 0.712367
vt 0.289400 0.584684
vt 0.400831 0.754486
vt 0.615924 0.357557
vt 0.551199 0.540629
vt 0.429879 0.509305
vt 0.769145 0.562221
vt 0.604783 0.677624
vt 0.780055 0.741830
vt 0.860509 0.631959
vt 0.567506 0.015179
vt 0.377433 0.096481
s 0
g Cube.006_Material
usemtl Material
f 100/192/153 102/193/153 97/194/153
f 101/195/154 102/193/154 100/192/154
f 102/196/155 99/197/155 103/198/155
f 104/199/156 98/200/156 97/201/156
f 98/200/157 100/202/157 97/201/157
f 103/198/158 105/203/158 104/204/158
f 104/204/159 97/205/159 103/198/159
f 104/199/160 105/206/160 98/207/160
f 98/207/161 105/206/161 101/208/161
f 105/206/162 99/209/162 101/208/162
f 101/210/163 99/197/163 102/196/163
f 97/211/164 102/196/164 103/198/164
f 103/198/165 99/197/165 105/203/165
f 98/200/166 101/195/166 100/192/166
o Cube.007
v 10.386854 1.874431 -8.095009
v 10.369161 2.047395 -8.033421
v 10.292255 1.904463 -8.186046
v 10.169624 1.934813 -8.118861
v 10.252832 1.823850 -8.038035
v 10.371035 1.898298 -7.961199
v 10.233269 2.048067 -8.055066
v 10.349476 2.021071 -8.141934
v 10.290372 1.970478 -7.933135
vn 0.5781 0.3616 0.7315
vn 0.9603 0.1754 -0.2168
vn -0.0856 0.8219 0.5631
vn 0.6824 -0.0592 -0.7286
vn 0.1455 -0.8846 -0.4430
vn -0.3310 0.4716 -0.8173
vn -0.8398 0.1843 0.5106
vn 0.9923 0.0638 0.1059
vn 0.4213 -0.8829 0.2073
vn -0.1951 -0.5371 0.8206
vn -0.4613 -0.7218 -0.5160
vn -0.3806 0.6069 -0.6977
vn 0.0435 0.9691 -0.2430
vn -0.8047 -0.1951 0.5607
vt 0.862532 0.586626
vt 0.666025 0.612825
vt 0.793538 0.524739
vt 0.799625 0.742317
vt 0.596159 0.725728
vt 0.676667 0.500000
vt 0.533198 0.702151
vt 0.502729 0.907748
vt 0.315429 0.689365
vt 0.215046 0.717794
vt 0.139986 0.551629
vt 0.365533 0.517965
vt 0.592775 0.342442
vt 0.523296 0.508923
vt 0.395346 0.376049
vt 0.510142 0.020803
vt 0.592582 0.143625
vt 0.414253 0.208459
s 0
g Cube.007_Material
usemtl Material
f 111/212/167 107/213/167 114/214/167
f 107/213/168 106/215/168 113/216/168
f 114/214/169 107/213/169 112/217/169
f 113/218/170 106/219/170 108/220/170
f 108/220/171 106/221/171 110/222/171
f 109/223/172 113/218/172 108/220/172
f 114/224/173 112/225/173 109/226/173
f 111/212/174 106/215/174 107/213/174
f 106/227/175 111/228/175 110/229/175
f 110/229/176 111/228/176 114/224/176
f 110/222/177 109/223/177 108/220/177
f 109/223/178 112/225/178 113/218/178
f 112/225/179 107/213/179 113/218/179
f 110/229/180 114/224/180 109/226/180
o Cube.008
v 10.063321 1.832563 -9.321827
v 9.879327 1.803635 -9.313542
v 9.738151 1.872544 -9.358036
v 9.872116 1.966784 -9.455449
v 9.760743 2.102041 -9.294446
v 9.972564 2.070020 -9.293401
v 10.022098 1.893334 -9.199507
v 9.655910 1.931977 -9.282651
v 9.799389 1.963197 -9.176499
vn -0.0838 -0.6561 -0.7500
vn -0.6310 0.1022 -0.7690
vn 0.1239 0.8003 -0.5866
vn 0.9298 0.3380 0.1455
vn -0.1409 -0.6847 0.7150
vn -0.3168 -0.7043 0.6353
vn 0.0961 0.6598 0.7453
vn -0.5976 0.4159 0.6854
vn -0.4741 -0.8649 0.1647
vn 0.0687 -0.6530 -0.7542
vn -0.6208 0.3335 -0.7095
vn 0.6872 0.3395 -0.6423
vn 0.1572 -0.8623 0.4814
vn 0.2446 0.5076 0.8262
vt 0.551771 0.821043
vt 0.490236 0.981936
vt 0.443965 0.755163
vt 0.609545 0.740303
vt 0.579499 0.265268
vt 0.447677 0.232718
vt 0.490446 0.016300
vt 0.320967 0.499695
vt 0.242238 0.673984
vt 0.142687 0.564850
vt 0.543218 0.480597
vt 0.654480 0.663904
vt 0.651690 0.523626
vt 0.809399 0.589510
vt 0.375000 0.930496
vt 0.603518 0.001237
vt 0.583364 0.169025
vt 0.384386 0.054537
vt 0.382289 0.419599
s 0
g Cube.008_Material
usemtl Material
f 117/230/181 118/231/181 116/232/181
f 117/230/182 122/233/182 118/231/182
f 119/234/183 120/235/183 118/236/183
f 121/237/184 115/238/184 120/239/184
f 123/240/185 116/232/185 121/237/185
f 123/240/186 122/241/186 116/232/186
f 119/234/187 123/240/187 120/235/187
f 123/242/188 119/243/188 122/241/188
f 122/241/189 117/230/189 116/232/189
f 115/244/190 116/232/190 118/231/190
f 122/245/191 119/246/191 118/236/191
f 115/247/192 118/236/192 120/235/192
f 115/238/193 121/237/193 116/232/193
f 121/248/194 120/235/194 123/240/194
o Cube.009
v 11.863165 1.850808 -9.911469
v 12.038027 1.925849 -9.890018
v 11.730098 1.895179 -10.064923
v 11.783462 1.744029 -10.180346
v 12.213336 1.928921 -10.103118
v 12.134453 2.119858 -10.038328
v 12.037230 1.701262 -10.100023
v 11.825708 2.088304 -9.979934
v 11.980893 2.166866 -9.976870
v 11.861404 2.140292 -10.239111
v 11.815690 1.929781 -10.297566
v 11.705634 2.042635 -10.120439
v 12.141238 1.923216 -10.284569
v 12.015495 1.704579 -10.237857
v 12.070581 2.062635 -10.295862
v 11.942871 1.952723 -10.412076
vn 0.4430 0.3950 0.8048
vn -0.2343 0.2799 0.9310
vn -0.4505 0.8853 0.1155
vn -0.6940 0.3286 -0.6406
vn 0.5505 0.2136 -0.8070
vn -0.2870 -0.4751 -0.8318
vn 0.7825 -0.6072 -0.1380
vn 0.2149 0.9570 -0.1949
vn 0.2692 0.9239 -0.2720
vn 0.8470 0.4009 -0.3491
vn 0.7675 0.1023 0.6328
vn 0.6681 -0.5094 0.5423
vn -0.9171 -0.1664 -0.3622
vn -0.1670 -0.9860 0.0026
vn -0.2796 -0.8610 0.4248
vn -0.6927 -0.5760 0.4341
vn 0.1996 -0.6696 0.7154
vn -0.7426 0.0747 0.6656
vn -0.1467 0.2526 0.9564
vn -0.7728 0.1073 0.6255
vn -0.4651 0.8781 0.1121
vn 0.4442 -0.4241 -0.7892
vn -0.4762 -0.5944 -0.6480
vn 0.7976 -0.5229 -0.3005
vn 0.0610 0.6908 -0.7204
vn 0.8379 0.4507 -0.3079
vn -0.6637 0.3305 -0.6710
vt 0.875000 0.649805
vt 0.849233 0.683396
vt 0.832712 0.540342
vt 0.580473 0.024703
vt 0.534759 0.188184
vt 0.498710 0.020990
vt 0.437420 0.135101
vt 0.411456 0.342495
vt 0.213804 0.511922
vt 0.337875 0.601179
vt 0.185175 0.619999
vt 0.611440 0.548317
vt 0.438499 0.522151
vt 0.536413 0.434917
vt 0.517900 0.691047
vt 0.378975 0.759339
vt 0.724211 0.603714
vt 0.568883 0.768659
vt 0.609419 0.213408
vt 0.625000 0.382072
vt 0.588498 0.519208
vt 0.209844 0.718096
vt 0.479559 0.953620
vt 0.390901 0.953078
vt 0.565332 0.774863
vt 0.583031 0.973602
vt 0.389658 0.010551
vt 0.376620 0.114133
vt 0.125000 0.581137
vt 0.375000 0.421875
s 0
g Cube.009_Material
usemtl Material
f 132/249/195 125/250/195 129/251/195
f 125/252/196 132/253/196 124/254/196
f 131/255/197 132/253/197 133/256/197
f 133/257/198 134/258/198 135/259/198
f 136/260/199 139/261/199 138/262/199
f 137/263/200 127/264/200 134/258/200
f 128/265/201 130/266/201 137/263/201
f 129/267/202 133/256/202 132/253/202
f 129/267/203 138/262/203 133/256/203
f 138/262/204 128/268/204 136/269/204
f 128/265/205 129/251/205 125/250/205
f 128/265/206 125/250/206 130/266/206
f 126/270/207 135/259/207 134/258/207 127/264/207
f 127/264/208 137/263/208 130/266/208
f 130/266/209 124/271/209 127/264/209
f 124/271/210 126/272/210 127/264/210
f 130/273/211 125/274/211 124/271/211
f 124/254/212 131/255/212 126/275/212
f 131/255/213 124/254/213 132/253/213
f 126/275/214 131/255/214 135/276/214
f 133/257/215 135/259/215 131/277/215
f 139/261/216 136/260/216 137/263/216
f 139/261/217 137/263/217 134/258/217
f 136/260/218 128/265/218 137/263/218
f 133/256/219 138/262/219 139/261/219
f 129/267/220 128/268/220 138/262/220
f 134/278/221 133/256/221 139/261/221
o Cube.010
v 12.403335 1.939829 -8.951362
v 12.537287 1.936089 -8.947779
v 12.645411 1.968995 -8.828633
v 12.384688 1.984622 -8.822678
v 12.358144 1.804435 -8.943494
v 12.617090 1.830434 -8.819826
v 12.572864 2.084421 -8.795134
v 12.484849 1.899589 -8.699099
v 12.310019 1.861987 -8.838806
vn -0.1186 -0.8921 0.4359
vn -0.1180 -0.9119 0.3931
vn 0.3909 -0.0214 0.9202
vn 0.6873 0.0492 0.7247
vn 0.7525 -0.1938 -0.6294
vn 0.0351 0.9454 -0.3240
vn -0.8228 0.2448 -0.5129
vn -0.7974 0.5247 -0.2982
vn 0.4004 -0.5682 -0.7189
vn -0.2891 0.7194 -0.6317
vn 0.5487 0.5320 -0.6449
vn -0.6346 0.2923 0.7154
vn -0.4053 0.5660 0.7179
vn 0.0248 -0.0663 -0.9975
vt 0.856741 0.527884
vt 0.792799 0.664448
vt 0.661337 0.518959
vt 0.570885 0.667835
vt 0.614877 0.834550
vt 0.495616 0.943630
vt 0.319826 0.718976
vt 0.602263 0.105449
vt 0.455701 0.107225
vt 0.553174 0.006579
vt 0.371255 0.573451
vt 0.135465 0.689951
vt 0.165587 0.530358
vt 0.553103 0.308270
vt 0.565029 0.471740
vt 0.392929 0.256090
vt 0.405598 0.560759
vt 0.171875 0.750000
s 0
g Cube.010_Material
usemtl Material
f 144/279/222 145/280/222 148/281/222
f 148/281/223 145/280/223 147/282/223
f 145/283/224 142/284/224 146/285/224
f 147/282/225 145/283/225 146/285/225
f 145/286/226 141/287/226 142/288/226
f 143/289/227 141/290/227 140/291/227
f 144/292/228 148/293/228 140/294/228
f 148/293/229 143/295/229 140/294/229
f 141/287/230 145/286/230 144/292/230
f 143/289/231 146/285/231 141/290/231
f 141/290/232 146/285/232 142/296/232
f 148/281/233 147/282/233 143/295/233
f 147/282/234 146/285/234 143/295/234
f 140/294/235 141/287/235 144/292/235
o Cube.011
v 11.351464 2.087770 -7.785491
v 11.248461 1.782218 -7.602828
v 11.095908 1.926331 -7.714643
v 11.269070 2.031146 -7.594912
v 11.431323 1.945253 -7.639947
v 11.398294 1.889258 -7.842792
v 11.200488 1.989053 -7.888737
v 11.398065 1.760348 -7.765531
v 11.217382 1.794451 -7.802942
vn -0.7109 -0.7001 0.0676
vn -0.5775 0.0219 0.8161
vn -0.5517 0.8340 0.0093
vn 0.5125 0.7371 0.4406
vn 0.9869 -0.0841 -0.1375
vn 0.9301 0.2859 -0.2304
vn 0.3711 0.3373 -0.8652
vn 0.0094 -0.4027 -0.9153
vn -0.7583 -0.3170 -0.5697
vn -0.1789 -0.9833 -0.0323
vn 0.0803 -0.5125 -0.8549
vn -0.5168 0.8561 -0.0020
vn 0.2420 -0.0509 0.9689
vn 0.5911 -0.5232 0.6138
vt 0.534218 0.539052
vt 0.807613 0.537738
vt 0.651467 0.712344
vt 0.812212 0.722590
vt 0.440472 0.699464
vt 0.505279 0.954605
vt 0.394685 0.910428
vt 0.529494 0.041599
vt 0.440272 0.169217
vt 0.407900 0.015209
vt 0.224689 0.500632
vt 0.298939 0.554231
vt 0.143822 0.628706
vt 0.350796 0.501919
vt 0.236030 0.724989
vt 0.358556 0.714558
vt 0.602122 0.296489
vt 0.527241 0.521298
vt 0.452229 0.375318
s 0
g Cube.011_Material
usemtl Material
f 157/297/236 150/298/236 151/299/236
f 151/299/237 150/298/237 152/300/237
f 155/301/238 152/302/238 149/303/238
f 152/304/239 153/305/239 149/306/239
f 156/307/240 154/308/240 153/309/240
f 153/309/241 154/310/241 149/311/241
f 154/310/242 155/312/242 149/311/242
f 154/310/243 157/297/243 155/301/243
f 157/297/244 151/299/244 155/301/244
f 150/313/245 157/314/245 156/315/245
f 156/315/246 157/297/246 154/310/246
f 151/299/247 152/302/247 155/301/247
f 152/304/248 150/313/248 153/305/248
f 150/313/249 156/315/249 153/305/249
o Cube.006
v 12.511624 2.030276 -8.913443
v 12.541783 1.917818 -8.760944
v 12.423186 1.807515 -8.902639
v 12.601247 1.959638 -8.881876
v 12.539225 1.837966 -8.869443
v 12.527168 1.860979 -8.994732
v 12.428127 1.985340 -8.929204
v 12.467110 1.983896 -8.762098
v 12.392277 1.853421 -8.811560
vn 0.5676 0.3981 -0.7206
vn 0.8711 -0.4613 -0.1686
vn -0.6313 -0.0974 -0.7694
vn 0.6067 0.6924 0.3906
vn 0.4339 0.7640 0.4776
vn -0.8804 0.4257 0.2091
vn -0.4881 0.8643 0.1213
vn -0.2205 -0.2326 0.9472
vn 0.1461 -0.7984 0.5841
vn 0.0944 -0.8758 0.4734
vn 0.3019 -0.9321 -0.2003
vn -0.0599 0.4276 -0.9020
vn -0.9498 -0.0202 -0.3121
vn 0.8659 -0.4124 0.2831
vt 0.423616 0.817668
vt 0.438163 0.985880
vt 0.399025 0.926987
vt 0.584080 0.909473
vt 0.477709 0.045024
vt 0.607265 0.122218
vt 0.441545 0.286085
vt 0.565477 0.549583
vt 0.592013 0.712367
vt 0.289400 0.584684
vt 0.400831 0.754486
vt 0.615924 0.357557
vt 0.551199 0.540629
vt 0.429879 0.509305
vt 0.769145 0.562221
vt 0.604783 0.677624
vt 0.780055 0.741830
vt 0.860509 0.631959
vt 0.567506 0.015179
vt 0.377433 0.096481
s 0
g Cube.006_Material
usemtl Material
f 161/316/250 163/317/250 158/318/250
f 162/319/251 163/317/251 161/316/251
f 163/320/252 160/321/252 164/322/252
f 165/323/253 159/324/253 158/325/253
f 159/324/254 161/326/254 158/325/254
f 164/322/255 166/327/255 165/328/255
f 165/328/256 158/329/256 164/322/256
f 165/323/257 166/330/257 159/331/257
f 159/331/258 166/330/258 162/332/258
f 166/330/259 160/333/259 162/332/259
f 162/334/260 160/321/260 163/320/260
f 158/335/261 163/320/261 164/322/261
f 164/322/262 160/321/262 166/327/262
f 159/324/263 162/319/263 161/316/263
o Cube.007
v 11.882003 1.821266 -8.065962
v 11.991248 1.811960 -7.910788
v 11.976486 1.908119 -8.118645
v 11.982064 2.030183 -8.036228
v 11.828696 1.968442 -8.039222
v 11.824991 1.838960 -7.938271
v 12.027193 1.948778 -7.919768
v 12.037124 1.831803 -8.016345
v 11.881343 1.909524 -7.866766
vn -0.2244 -0.5994 0.7683
vn 0.1107 -0.9844 -0.1369
vn 0.3485 -0.0301 0.9368
vn 0.2620 -0.6926 -0.6720
vn -0.4776 -0.0134 -0.8785
vn 0.9019 0.2126 -0.3760
vn -0.0108 0.8176 0.5757
vn -0.1697 -0.9836 0.0605
vn -0.8950 -0.2581 -0.3638
vn -0.8715 0.3167 0.3743
vn -0.2073 0.5539 -0.8064
vn 0.9495 0.2437 -0.1976
vn 0.9097 -0.2157 0.3548
vn -0.3495 0.8488 0.3967
vt 0.862532 0.586626
vt 0.666025 0.612825
vt 0.793538 0.524739
vt 0.799625 0.742317
vt 0.596159 0.725728
vt 0.676667 0.500000
vt 0.533198 0.702151
vt 0.502729 0.907748
vt 0.315429 0.689365
vt 0.215046 0.717794
vt 0.139986 0.551629
vt 0.365533 0.517965
vt 0.592775 0.342442
vt 0.523296 0.508923
vt 0.395346 0.376049
vt 0.510142 0.020803
vt 0.592582 0.143625
vt 0.414253 0.208459
s 0
g Cube.007_Material
usemtl Material
f 172/336/264 168/337/264 175/338/264
f 168/337/265 167/339/265 174/340/265
f 175/338/266 168/337/266 173/341/266
f 174/342/267 167/343/267 169/344/267
f 169/344/268 167/345/268 171/346/268
f 170/347/269 174/342/269 169/344/269
f 175/348/270 173/349/270 170/350/270
f 172/336/271 167/339/271 168/337/271
f 167/351/272 172/352/272 171/353/272
f 171/353/273 172/352/273 175/348/273
f 171/346/274 170/347/274 169/344/274
f 170/347/275 173/349/275 174/342/275
f 173/349/276 168/337/276 174/342/276
f 171/353/277 175/348/277 170/350/277
o Cube.008
v 9.989112 1.716159 -8.628614
v 9.876348 1.816990 -8.556576
v 9.794640 1.935392 -8.585472
v 9.851523 1.882271 -8.738026
v 9.930202 2.072583 -8.680421
v 10.041673 1.920594 -8.719644
v 10.058343 1.808644 -8.573005
v 9.812568 2.041144 -8.548060
v 9.968559 1.995855 -8.536716
vn -0.8076 -0.5814 -0.0987
vn -0.8572 0.2947 -0.4223
vn 0.0374 0.2753 -0.9606
vn 0.8339 -0.3888 -0.3916
vn 0.0820 -0.1516 0.9850
vn -0.0907 -0.0636 0.9938
vn 0.8140 0.5740 0.0892
vn 0.2265 0.8830 0.4110
vn -0.5605 -0.1901 0.8060
vn -0.7106 -0.6874 -0.1501
vn -0.7162 0.4560 -0.5282
vn 0.1735 -0.4375 -0.8823
vn 0.0508 -0.5423 0.8386
vn 0.8983 0.3925 0.1975
vt 0.551771 0.821043
vt 0.490236 0.981936
vt 0.443965 0.755163
vt 0.609545 0.740303
vt 0.579499 0.265268
vt 0.447677 0.232718
vt 0.490446 0.016300
vt 0.320967 0.499695
vt 0.242238 0.673984
vt 0.142687 0.564850
vt 0.543218 0.480597
vt 0.654480 0.663904
vt 0.651690 0.523626
vt 0.809399 0.589510
vt 0.375000 0.930496
vt 0.603518 0.001237
vt 0.583364 0.169025
vt 0.384386 0.054537
vt 0.382289 0.419599
s 0
g Cube.008_Material
usemtl Material
f 178/354/278 179/355/278 177/356/278
f 178/354/279 183/357/279 179/355/279
f 180/358/280 181/359/280 179/360/280
f 182/361/281 176/362/281 181/363/281
f 184/364/282 177/356/282 182/361/282
f 184/364/283 183/365/283 177/356/283
f 180/358/284 184/364/284 181/359/284
f 184/366/285 180/367/285 183/365/285
f 183/365/286 178/354/286 177/356/286
f 176/368/287 177/356/287 179/355/287
f 183/369/288 180/370/288 179/360/288
f 176/371/289 179/360/289 181/359/289
f 176/362/290 182/361/290 177/356/290
f 182/372/291 181/359/291 184/364/291
o Cube.009
v 12.343832 1.780993 -9.772091
v 12.342858 1.649158 -9.952551
v 12.272890 2.012950 -9.765818
v 12.057178 1.968071 -9.697994
v 12.078221 1.629000 -10.135018
v 12.278187 1.745897 -10.236023
v 12.015338 1.676437 -9.808444
v 12.429029 1.965558 -9.981385
v 12.419896 1.863958 -10.156934
v 12.200191 2.118705 -10.126626
v 12.040850 2.097973 -9.921578
v 12.313908 2.136654 -9.898654
v 11.929585 1.801842 -10.132712
v 11.894664 1.782332 -9.836026
v 12.024886 1.934914 -10.214325
v 11.898726 2.068069 -10.061283
vn 0.7078 -0.6034 -0.3674
vn 0.9672 -0.2076 0.1464
vn 0.6711 0.6260 -0.3972
vn -0.1396 0.9902 -0.0083
vn -0.7236 0.0994 -0.6830
vn -0.8183 0.4690 0.3323
vn -0.6573 -0.7535 -0.0171
vn 0.2445 0.3198 -0.9154
vn 0.1485 0.3069 -0.9401
vn -0.3534 -0.2920 -0.8887
vn 0.3220 -0.8711 -0.3707
vn -0.0210 -0.9900 0.1398
vn -0.0866 0.8146 0.5736
vn -0.4300 -0.2652 0.8630
vn 0.0097 -0.3554 0.9347
vn 0.2876 0.0621 0.9557
vn 0.1885 -0.7935 0.5787
vn 0.8111 0.2336 0.5362
vn 0.9467 -0.2976 0.1230
vn 0.8042 0.2903 0.5187
vn 0.6694 0.6360 -0.3840
vn -0.9892 -0.0820 -0.1218
vn -0.6680 0.4665 0.5797
vn -0.7525 -0.6454 -0.1310
vn -0.2644 0.6090 -0.7478
vn -0.2926 -0.2875 -0.9120
vn -0.1729 0.9843 -0.0348
vt 0.875000 0.649805
vt 0.849233 0.683396
vt 0.832712 0.540342
vt 0.580473 0.024703
vt 0.534759 0.188184
vt 0.498710 0.020990
vt 0.437420 0.135101
vt 0.411456 0.342495
vt 0.213804 0.511922
vt 0.337875 0.601179
vt 0.185175 0.619999
vt 0.611440 0.548317
vt 0.438499 0.522151
vt 0.536413 0.434917
vt 0.517900 0.691047
vt 0.378975 0.759339
vt 0.724211 0.603714
vt 0.568883 0.768659
vt 0.609419 0.213408
vt 0.625000 0.382072
vt 0.588498 0.519208
vt 0.209844 0.718096
vt 0.479559 0.953620
vt 0.390901 0.953078
vt 0.565332 0.774863
vt 0.583031 0.973602
vt 0.389658 0.010551
vt 0.376620 0.114133
vt 0.125000 0.581137
vt 0.375000 0.421875
s 0
g Cube.009_Material
usemtl Material
f 193/373/292 186/374/292 190/375/292
f 186/376/293 193/377/293 185/378/293
f 192/379/294 193/377/294 194/380/294
f 194/381/295 195/382/295 196/383/295
f 197/384/296 200/385/296 199/386/296
f 198/387/297 188/388/297 195/382/297
f 189/389/298 191/390/298 198/387/298
f 190/391/299 194/380/299 193/377/299
f 190/391/300 199/386/300 194/380/300
f 199/386/301 189/392/301 197/393/301
f 189/389/302 190/375/302 186/374/302
f 189/389/303 186/374/303 191/390/303
f 187/394/304 196/383/304 195/382/304 188/388/304
f 188/388/305 198/387/305 191/390/305
f 191/390/306 185/395/306 188/388/306
f 185/395/307 187/396/307 188/388/307
f 191/397/308 186/398/308 185/395/308
f 185/378/309 192/379/309 187/399/309
f 192/379/310 185/378/310 193/377/310
f 187/399/311 192/379/311 196/400/311
f 194/381/312 196/383/312 192/401/312
f 200/385/313 197/384/313 198/387/313
f 200/385/314 198/387/314 195/382/314
f 197/384/315 189/389/315 198/387/315
f 194/380/316 199/386/316 200/385/316
f 190/391/317 189/392/317 199/386/317
f 195/402/318 194/380/318 200/385/318
o Cube.010
v 10.994105 1.875521 -7.891220
v 10.918179 1.810852 -7.799964
v 10.934106 1.790435 -7.636391
v 11.093576 1.916740 -7.803810
v 10.926398 1.999150 -7.921444
v 10.855134 1.908081 -7.654878
v 11.071751 1.762179 -7.653661
v 11.031906 1.986621 -7.647608
v 11.040777 2.034647 -7.871182
vn -0.3725 0.9041 0.2093
vn -0.4057 0.8968 0.1765
vn 0.1735 0.2655 0.9484
vn -0.0270 -0.0317 0.9991
vn -0.8311 -0.5561 0.0115
vn 0.5058 -0.8442 -0.1775
vn 0.4031 -0.0030 -0.9152
vn 0.6812 -0.1086 -0.7240
vn -0.9398 -0.1553 -0.3043
vn 0.3902 -0.6693 -0.6323
vn -0.2122 -0.9720 -0.1007
vn 0.8732 0.4683 0.1352
vn 0.9405 0.1589 0.3003
vn -0.4998 -0.4540 -0.7376
vt 0.856741 0.527884
vt 0.792799 0.664448
vt 0.661337 0.518959
vt 0.570885 0.667835
vt 0.614877 0.834550
vt 0.495616 0.943630
vt 0.319826 0.718976
vt 0.602263 0.105449
vt 0.455701 0.107225
vt 0.553174 0.006579
vt 0.371255 0.573451
vt 0.135465 0.689951
vt 0.165587 0.530358
vt 0.553103 0.308270
vt 0.565029 0.471740
vt 0.392929 0.256090
vt 0.405598 0.560759
vt 0.171875 0.750000
s 0
g Cube.010_Material
usemtl Material
f 205/403/319 206/404/319 209/405/319
f 209/405/320 206/404/320 208/406/320
f 206/407/321 203/408/321 207/409/321
f 208/406/322 206/407/322 207/409/322
f 206/410/323 202/411/323 203/412/323
f 204/413/324 202/414/324 201/415/324
f 205/416/325 209/417/325 201/418/325
f 209/417/326 204/419/326 201/418/326
f 202/411/327 206/410/327 205/416/327
f 204/413/328 207/409/328 202/414/328
f 202/414/329 207/409/329 203/420/329
f 209/405/330 208/406/330 204/419/330
f 208/406/331 207/409/331 204/419/331
f 201/418/332 202/411/332 205/416/332
o Cube.011
v 10.038395 1.981053 -8.750001
v 9.673958 1.859829 -8.656636
v 9.733212 1.968690 -8.877902
v 9.840001 2.067633 -8.673648
v 9.914548 1.916428 -8.563074
v 9.975598 1.765832 -8.721840
v 9.939984 1.889244 -8.926144
v 9.849130 1.700587 -8.648066
v 9.777848 1.767721 -8.822603
vn -0.8746 -0.2992 -0.3814
vn -0.7732 0.6261 0.1010
vn 0.1621 0.8350 -0.5258
vn 0.5029 0.6579 0.5606
vn 0.6112 -0.4434 0.6556
vn 0.8475 -0.1821 0.4986
vn 0.8903 -0.3041 -0.3389
vn 0.2634 -0.8047 -0.5320
vn -0.3295 -0.3178 -0.8890
vn -0.6724 -0.7402 -0.0101
vn 0.2076 -0.8816 -0.4239
vn 0.2020 0.8358 -0.5105
vn -0.4123 0.3966 0.8202
vn -0.2924 -0.2723 0.9167
vt 0.534218 0.539052
vt 0.807613 0.537738
vt 0.651467 0.712344
vt 0.812212 0.722590
vt 0.440472 0.699464
vt 0.505279 0.954605
vt 0.394685 0.910428
vt 0.529494 0.041599
vt 0.440272 0.169217
vt 0.407900 0.015209
vt 0.224689 0.500632
vt 0.298939 0.554231
vt 0.143822 0.628706
vt 0.350796 0.501919
vt 0.236030 0.724989
vt 0.358556 0.714558
vt 0.602122 0.296489
vt 0.527241 0.521298
vt 0.452229 0.375318
s 0
g Cube.011_Material
usemtl Material
f 218/421/333 211/422/333 212/423/333
f 212/423/334 211/422/334 213/424/334
f 216/425/335 213/426/335 210/427/335
f 213/428/336 214/429/336 210/430/336
f 217/431/337 215/432/337 214/433/337
f 214/433/338 215/434/338 210/435/338
f 215/434/339 216/436/339 210/435/339
f 215/434/340 218/421/340 216/425/340
f 218/421/341 212/423/341 216/425/341
f 211/437/342 218/438/342 217/439/342
f 217/439/343 218/421/343 215/434/343
f 212/423/344 213/426/344 216/425/344
f 213/428/345 211/437/345 214/429/345
f 211/437/346 217/439/346 214/429/346
o Cube.006
v 10.074018 1.903105 -9.945135
v 9.925179 1.924346 -9.788866
v 10.094786 1.768566 -9.710622
v 10.056570 1.993044 -9.847596
v 10.059772 1.904470 -9.720448
v 10.194791 1.890004 -9.770194
v 10.094114 1.801890 -9.911160
v 9.910426 1.851524 -9.873612
v 9.983373 1.744874 -9.749800
vn 0.6819 0.5945 -0.4262
vn 0.2847 0.7899 0.5431
vn 0.7391 -0.6640 -0.1128
vn -0.4574 0.7123 -0.5324
vn -0.5636 0.5546 -0.6122
vn -0.3198 -0.8029 -0.5032
vn -0.2783 -0.3549 -0.8925
vn -0.9115 -0.2199 0.3476
vn -0.4468 0.0496 0.8933
vn -0.3286 -0.0164 0.9443
vn 0.3562 0.1584 0.9209
vn 0.8216 -0.0280 -0.5693
vn 0.2586 -0.9528 -0.1592
vn -0.1687 0.8068 0.5663
vt 0.423616 0.817668
vt 0.438163 0.985880
vt 0.399025 0.926987
vt 0.584080 0.909473
vt 0.477709 0.045024
vt 0.607265 0.122218
vt 0.441545 0.286085
vt 0.565477 0.549583
vt 0.592013 0.712367
vt 0.289400 0.584684
vt 0.400831 0.754486
vt 0.615924 0.357557
vt 0.551199 0.540629
vt 0.429879 0.509305
vt 0.769145 0.562221
vt 0.604783 0.677624
vt 0.780055 0.741830
vt 0.860509 0.631959
vt 0.567506 0.015179
vt 0.377433 0.096481
s 0
g Cube.006_Material
usemtl Material
f 222/440/347 224/441/347 219/442/347
f 223/443/348 224/441/348 222/440/348
f 224/444/349 221/445/349 225/446/349
f 226/447/350 220/448/350 219/449/350
f 220/448/351 222/450/351 219/449/351
f 225/446/352 227/451/352 226/452/352
f 226/452/353 219/453/353 225/446/353
f 226/447/354 227/454/354 220/455/354
f 220/455/355 227/454/355 223/456/355
f 227/454/356 221/457/356 223/456/356
f 223/458/357 221/445/357 224/444/357
f 219/459/358 224/444/358 225/446/358
f 225/446/359 221/445/359 227/451/359
f 220/448/360 223/443/360 222/440/360
o Cube.007
v 12.316956 1.897058 -9.555453
v 12.468161 1.838298 -9.628492
v 12.255211 1.809500 -9.628903
v 12.273864 1.840174 -9.762157
v 12.268841 1.968971 -9.676376
v 12.404254 1.982840 -9.604846
v 12.411178 1.820144 -9.746978
v 12.381621 1.772594 -9.616112
v 12.444308 1.959281 -9.702174
vn 0.8934 0.3487 0.2833
vn 0.3327 -0.2678 0.9042
vn 0.9031 -0.0791 -0.4222
vn -0.2353 -0.5219 0.8199
vn -0.8579 0.2126 0.4678
vn -0.2479 -0.9359 -0.2502
vn 0.1448 0.2719 -0.9514
vn 0.4512 0.0538 0.8908
vn -0.3801 0.7207 0.5798
vn 0.0203 0.9736 -0.2273
vn -0.9907 0.0466 -0.1280
vn -0.0958 -0.9284 -0.3590
vn 0.5827 -0.7972 -0.1581
vn -0.0917 0.5495 -0.8304
vt 0.862532 0.586626
vt 0.666025 0.612825
vt 0.793538 0.524739
vt 0.799625 0.742317
vt 0.596159 0.725728
vt 0.676667 0.500000
vt 0.533198 0.702151
vt 0.502729 0.907748
vt 0.315429 0.689365
vt 0.215046 0.717794
vt 0.139986 0.551629
vt 0.365533 0.517965
vt 0.592775 0.342442
vt 0.523296 0.508923
vt 0.395346 0.376049
vt 0.510142 0.020803
vt 0.592582 0.143625
vt 0.414253 0.208459
s 0
g Cube.007_Material
usemtl Material
f 233/460/361 229/461/361 236/462/361
f 229/461/362 228/463/362 235/464/362
f 236/462/363 229/461/363 234/465/363
f 235/466/364 228/467/364 230/468/364
f 230/468/365 228/469/365 232/470/365
f 231/471/366 235/466/366 230/468/366
f 236/472/367 234/473/367 231/474/367
f 233/460/368 228/463/368 229/461/368
f 228/475/369 233/476/369 232/477/369
f 232/477/370 233/476/370 236/472/370
f 232/470/371 231/471/371 230/468/371
f 231/471/372 234/473/372 235/466/372
f 234/473/373 229/461/373 235/466/373
f 232/477/374 236/472/374 231/474/374
o Cube.008
v 11.051007 1.791276 -7.896778
v 11.109854 1.886532 -7.810524
v 11.140882 1.902269 -7.691737
v 11.113998 1.760954 -7.705107
v 10.995568 1.846062 -7.598943
v 10.951933 1.764262 -7.732285
v 10.968388 1.851242 -7.861055
v 11.095407 1.956717 -7.627313
v 10.984711 1.937163 -7.706249
vn 0.9599 -0.1609 -0.2294
vn 0.7133 -0.1993 0.6719
vn -0.1084 -0.8312 0.5454
vn -0.6413 -0.5953 -0.4841
vn -0.0466 0.8755 -0.4810
vn 0.0852 0.9327 -0.3506
vn -0.9632 0.1489 0.2239
vn -0.5244 0.6222 0.5813
vn 0.5739 0.7788 -0.2531
vn 0.9063 -0.2538 -0.3380
vn 0.5279 -0.2699 0.8053
vn 0.0064 -0.9874 -0.1583
vn 0.1198 0.6247 -0.7716
vn -0.9825 0.1862 0.0002
vt 0.551771 0.821043
vt 0.490236 0.981936
vt 0.443965 0.755163
vt 0.609545 0.740303
vt 0.579499 0.265268
vt 0.447677 0.232718
vt 0.490446 0.016300
vt 0.320967 0.499695
vt 0.242238 0.673984
vt 0.142687 0.564850
vt 0.543218 0.480597
vt 0.654480 0.663904
vt 0.651690 0.523626
vt 0.809399 0.589510
vt 0.375000 0.930496
vt 0.603518 0.001237
vt 0.583364 0.169025
vt 0.384386 0.054537
vt 0.382289 0.419599
s 0
g Cube.008_Material
usemtl Material
f 239/478/375 240/479/375 238/480/375
f 239/478/376 244/481/376 240/479/376
f 241/482/377 242/483/377 240/484/377
f 243/485/378 237/486/378 242/487/378
f 245/488/379 238/480/379 243/485/379
f 245/488/380 244/489/380 238/480/380
f 241/482/381 245/488/381 242/483/381
f 245/490/382 241/491/382 244/489/382
f 244/489/383 239/478/383 238/480/383
f 237/492/384 238/480/384 240/479/384
f 244/493/385 241/494/385 240/484/385
f 237/495/386 240/484/386 242/483/386
f 237/486/387 243/485/387 238/480/387
f 243/496/388 242/483/388 245/488/388
o Cube.009
v 12.029673 1.728029 -8.292759
v 11.874599 1.823855 -8.258893
v 12.211731 1.768621 -8.217063
v 12.197016 1.648551 -8.068925
v 11.806059 1.881405 -8.007126
v 11.867030 2.041571 -8.127862
v 11.938365 1.637747 -8.035435
v 12.111738 1.955729 -8.289872
v 11.981590 2.054130 -8.248023
v 12.188589 2.043501 -8.059450
v 12.232615 1.844405 -7.987819
v 12.268932 1.911457 -8.204370
v 11.941173 1.887722 -7.874930
v 12.012721 1.654984 -7.923907
v 12.020526 2.010067 -7.916862
v 12.168810 1.900675 -7.843896
vn -0.6954 0.3527 -0.6261
vn -0.1445 0.1135 -0.9830
vn 0.4449 0.7775 -0.4445
vn 0.9241 0.2927 0.2456
vn -0.1461 0.4042 0.9029
vn 0.5575 -0.4021 0.7263
vn -0.7101 -0.4486 0.5427
vn -0.0234 0.9964 0.0818
vn -0.0439 0.9829 0.1787
vn -0.5855 0.5755 0.5710
vn -0.9465 0.1417 -0.2900
vn -0.8774 -0.4609 -0.1335
vn 0.9645 -0.2641 -0.0006
vn 0.0564 -0.9917 0.1157
vn -0.0036 -0.9432 -0.3322
vn 0.3940 -0.7328 -0.5548
vn -0.5393 -0.7163 -0.4427
vn 0.4059 -0.1348 -0.9039
vn -0.2370 0.0977 -0.9666
vn 0.4528 -0.1026 -0.8857
vn 0.4589 0.7685 -0.4458
vn -0.1178 -0.2390 0.9638
vn 0.6420 -0.5735 0.5088
vn -0.6488 -0.3425 0.6795
vn 0.3073 0.7801 0.5451
vn -0.5896 0.6172 0.5210
vn 0.9094 0.3035 0.2845
vt 0.875000 0.649805
vt 0.849233 0.683396
vt 0.832712 0.540342
vt 0.580473 0.024703
vt 0.534759 0.188184
vt 0.498710 0.020990
vt 0.437420 0.135101
vt 0.411456 0.342495
vt 0.213804 0.511922
vt 0.337875 0.601179
vt 0.185175 0.619999
vt 0.611440 0.548317
vt 0.438499 0.522151
vt 0.536413 0.434917
vt 0.517900 0.691047
vt 0.378975 0.759339
vt 0.724211 0.603714
vt 0.568883 0.768659
vt 0.609419 0.213408
vt 0.625000 0.382072
vt 0.588498 0.519208
vt 0.209844 0.718096
vt 0.479559 0.953620
vt 0.390901 0.953078
vt 0.565332 0.774863
vt 0.583031 0.973602
vt 0.389658 0.010551
vt 0.376620 0.114133
vt 0.125000 0.581137
vt 0.375000 0.421875
s 0
g Cube.009_Material
usemtl Material
f 254/497/389 247/498/389 251/499/389
f 247/500/390 254/501/390 246/502/390
f 253/503/391 254/501/391 255/504/391
f 255/505/392 256/506/392 257/507/392
f 258/508/393 261/509/393 260/510/393
f 259/511/394 249/512/394 256/506/394
f 250/513/395 252/514/395 259/511/395
f 251/515/396 255/504/396 254/501/396
f 251/515/397 260/510/397 255/504/397
f 260/510/398 250/516/398 258/517/398
f 250/513/399 251/499/399 247/498/399
f 250/513/400 247/498/400 252/514/400
f 248/518/401 257/507/401 256/506/401 249/512/401
f 249/512/402 259/511/402 252/514/402
f 252/514/403 246/519/403 249/512/403
f 246/519/404 248/520/404 249/512/404
f 252/521/405 247/522/405 246/519/405
f 246/502/406 253/503/406 248/523/406
f 253/503/407 246/502/407 254/501/407
f 248/523/408 253/503/408 257/524/408
f 255/505/409 257/507/409 253/525/409
f 261/509/410 258/508/410 259/511/410
f 261/509/411 259/511/411 256/506/411
f 258/508/412 250/513/412 259/511/412
f 255/504/413 260/510/413 261/509/413
f 251/515/414 250/516/414 260/510/414
f 256/526/415 255/504/415 261/509/415
o Cube.010
v 9.773005 1.853798 -9.554287
v 9.875943 1.807330 -9.599265
v 10.019243 1.831662 -9.566821
v 9.826225 1.932438 -9.473431
v 9.722381 1.763637 -9.476092
v 9.981414 1.733651 -9.492826
v 9.996979 1.956977 -9.563855
v 9.948147 1.867103 -9.386124
v 9.743749 1.855321 -9.406961
vn -0.0177 -0.5993 0.8003
vn -0.0427 -0.6304 0.7751
vn 0.8033 0.1290 0.5815
vn 0.9614 0.0203 0.2744
vn 0.2713 -0.6444 -0.7149
vn 0.0146 0.7120 -0.7021
vn -0.9167 0.3537 -0.1857
vn -0.7380 0.6571 -0.1534
vn -0.1314 -0.8713 -0.4729
vn -0.4540 0.5357 -0.7120
vn 0.2106 0.0605 -0.9757
vn -0.1116 0.7146 0.6906
vn 0.1264 0.8708 0.4751
vn -0.5095 -0.3825 -0.7708
vt 0.856741 0.527884
vt 0.792799 0.664448
vt 0.661337 0.518959
vt 0.570885 0.667835
vt 0.614877 0.834550
vt 0.495616 0.943630
vt 0.319826 0.718976
vt 0.602263 0.105449
vt 0.455701 0.107225
vt 0.553174 0.006579
vt 0.371255 0.573451
vt 0.135465 0.689951
vt 0.165587 0.530358
vt 0.553103 0.308270
vt 0.565029 0.471740
vt 0.392929 0.256090
vt 0.405598 0.560759
vt 0.171875 0.750000
s 0
g Cube.010_Material
usemtl Material
f 266/527/416 267/528/416 270/529/416
f 270/529/417 267/528/417 269/530/417
f 267/531/418 264/532/418 268/533/418
f 269/530/419 267/531/419 268/533/419
f 267/534/420 263/535/420 264/536/420
f 265/537/421 263/538/421 262/539/421
f 266/540/422 270/541/422 262/542/422
f 270/541/423 265/543/423 262/542/423
f 263/535/424 267/534/424 266/540/424
f 265/537/425 268/533/425 263/538/425
f 263/538/426 268/533/426 264/544/426
f 270/529/427 269/530/427 265/543/427
f 269/530/428 268/533/428 265/543/428
f 262/542/429 263/535/429 266/540/429
o Cube.011
v 11.720448 1.951742 -10.427958
v 11.762093 1.783162 -10.120592
v 11.570673 1.777667 -10.241583
v 11.674509 1.975816 -10.229616
v 11.849216 1.949092 -10.264090
v 11.844176 1.795434 -10.396518
v 11.633016 1.774211 -10.434196
v 11.898651 1.739932 -10.276315
v 11.729892 1.681259 -10.281623
vn -0.3264 -0.7679 0.5512
vn -0.5251 0.2256 0.8206
vn -0.8644 0.4346 -0.2529
vn 0.1334 0.9871 -0.0889
vn 0.9215 0.2358 -0.3087
vn 0.7062 0.4488 -0.5476
vn 0.1807 -0.0545 -0.9820
vn 0.1847 -0.7828 -0.5942
vn -0.5404 -0.8260 -0.1601
vn 0.2758 -0.8362 0.4740
vn 0.2971 -0.8085 -0.5080
vn -0.8430 0.4587 -0.2811
vn 0.2420 0.5589 0.7932
vn 0.7635 0.1436 0.6296
vt 0.534218 0.539052
vt 0.807613 0.537738
vt 0.651467 0.712344
vt 0.812212 0.722590
vt 0.440472 0.699464
vt 0.505279 0.954605
vt 0.394685 0.910428
vt 0.529494 0.041599
vt 0.440272 0.169217
vt 0.407900 0.015209
vt 0.224689 0.500632
vt 0.298939 0.554231
vt 0.143822 0.628706
vt 0.350796 0.501919
vt 0.236030 0.724989
vt 0.358556 0.714558
vt 0.602122 0.296489
vt 0.527241 0.521298
vt 0.452229 0.375318
s 0
g Cube.011_Material
usemtl Material
f 279/545/430 272/546/430 273/547/430
f 273/547/431 272/546/431 274/548/431
f 277/549/432 274/550/432 271/551/432
f 274/552/433 275/553/433 271/554/433
f 278/555/434 276/556/434 275/557/434
f 275/557/435 276/558/435 271/559/435
f 276/558/436 277/560/436 271/559/436
f 276/558/437 279/545/437 277/549/437
f 279/545/438 273/547/438 277/549/438
f 272/561/439 279/562/439 278/563/439
f 278/563/440 279/545/440 276/558/440
f 273/547/441 274/550/441 277/549/441
f 274/552/442 272/561/442 275/553/442
f 272/561/443 278/563/443 275/553/443
o Cube.006
v 9.924250 1.759798 -9.192165
v 9.712427 1.783633 -9.240639
v 9.765074 1.934173 -9.054411
v 9.858879 1.833561 -9.284269
v 9.764405 1.920882 -9.195605
v 9.896034 1.969570 -9.156155
v 9.902566 1.785984 -9.088060
v 9.747686 1.700675 -9.171479
v 9.704864 1.828757 -9.051876
vn 0.8668 0.1953 -0.4588
vn -0.0391 0.6908 -0.7220
vn 0.5290 0.3116 0.7893
vn 0.1115 -0.6080 -0.7861
vn 0.0639 -0.7563 -0.6511
vn -0.0149 -0.6851 0.7283
vn 0.3343 -0.8952 0.2948
vn -0.9330 -0.3566 0.0479
vn -0.9125 0.3880 -0.1293
vn -0.8680 0.4948 -0.0425
vn -0.3225 0.9425 -0.0872
vn 0.9788 0.1010 0.1785
vn 0.1648 -0.0705 0.9838
vn -0.3871 0.4165 -0.8226
vt 0.423616 0.817668
vt 0.438163 0.985880
vt 0.399025 0.926987
vt 0.584080 0.909473
vt 0.477709 0.045024
vt 0.607265 0.122218
vt 0.441545 0.286085
vt 0.565477 0.549583
vt 0.592013 0.712367
vt 0.289400 0.584684
vt 0.400831 0.754486
vt 0.615924 0.357557
vt 0.551199 0.540629
vt 0.429879 0.509305
vt 0.769145 0.562221
vt 0.604783 0.677624
vt 0.780055 0.741830
vt 0.860509 0.631959
vt 0.567506 0.015179
vt 0.377433 0.096481
s 0
g Cube.006_Material
usemtl Material
f 283/564/444 285/565/444 280/566/444
f 284/567/445 285/565/445 283/564/445
f 285/568/446 282/569/446 286/570/446
f 287/571/447 281/572/447 280/573/447
f 281/572/448 283/574/448 280/573/448
f 286/570/449 288/575/449 287/576/449
f 287/576/450 280/577/450 286/570/450
f 287/571/451 288/578/451 281/579/451
f 281/579/452 288/578/452 284/580/452
f 288/578/453 282/581/453 284/580/453
f 284/582/454 282/569/454 285/568/454
f 280/583/455 285/568/455 286/570/455
f 286/570/456 282/569/456 288/575/456
f 281/572/457 284/567/457 283/564/457
o Cube.007
v 10.079012 1.716721 -9.845063
v 9.969741 1.835618 -9.813750
v 10.163869 1.793598 -9.808809
v 10.166465 1.894009 -9.887503
v 10.130707 1.774892 -9.958397
v 9.994789 1.745875 -9.928418
v 10.045753 1.923698 -9.852777
v 10.056430 1.828873 -9.762145
v 9.981905 1.843222 -9.945789
vn -0.9840 -0.1479 -0.0992
vn -0.4470 -0.5883 0.6739
vn -0.7639 0.6445 -0.0333
vn 0.1659 -0.5645 0.8086
vn 0.6843 -0.7266 -0.0608
vn 0.4782 0.5341 0.6972
vn -0.0019 0.7569 -0.6536
vn -0.6231 -0.6762 0.3931
vn 0.1007 -0.9030 -0.4176
vn -0.1714 -0.1950 -0.9657
vn 0.9656 -0.1755 -0.1921
vn 0.3528 0.6670 0.6563
vn -0.3644 0.6217 0.6934
vn 0.1440 0.4738 -0.8688
vt 0.862532 0.586626
vt 0.666025 0.612825
vt 0.793538 0.524739
vt 0.799625 0.742317
vt 0.596159 0.725728
vt 0.676667 0.500000
vt 0.533198 0.702151
vt 0.502729 0.907748
vt 0.315429 0.689365
vt 0.215046 0.717794
vt 0.139986 0.551629
vt 0.365533 0.517965
vt 0.592775 0.342442
vt 0.523296 0.508923
vt 0.395346 0.376049
vt 0.510142 0.020803
vt 0.592582 0.143625
vt 0.414253 0.208459
s 0
g Cube.007_Material
usemtl Material
f 294/584/458 290/585/458 297/586/458
f 290/585/459 289/587/459 296/588/459
f 297/586/460 290/585/460 295/589/460
f 296/590/461 289/591/461 291/592/461
f 291/592/462 289/593/462 293/594/462
f 292/595/463 296/590/463 291/592/463
f 297/596/464 295/597/464 292/598/464
f 294/584/465 289/587/465 290/585/465
f 289/599/466 294/600/466 293/601/466
f 293/601/467 294/600/467 297/596/467
f 293/594/468 292/595/468 291/592/468
f 292/595/469 295/597/469 296/590/469
f 295/597/470 290/585/470 296/590/470
f 293/601/471 297/596/471 292/598/471
o Cube.008
v 11.862394 1.881573 -10.138610
v 11.885478 1.871877 -10.289392
v 11.817885 1.858204 -10.404119
v 11.709757 1.894635 -10.297393
v 11.689550 1.714196 -10.368732
v 11.712463 1.747431 -10.197803
v 11.875891 1.767317 -10.159688
v 11.811017 1.772682 -10.462242
v 11.837901 1.699755 -10.335656
vn 0.1347 0.9715 -0.1951
vn -0.5105 0.5110 -0.6916
vn -0.9907 0.0633 0.1205
vn -0.1993 -0.2005 0.9592
vn 0.9648 -0.2349 -0.1181
vn 0.9367 -0.1779 -0.3014
vn -0.1404 -0.9682 0.2071
vn 0.0282 -0.8635 -0.5035
vn 0.8114 0.2826 -0.5117
vn 0.1303 0.9905 -0.0438
vn -0.6708 0.3364 -0.6609
vn -0.6349 0.4249 0.6453
vn 0.9854 0.0896 0.1451
vn 0.0317 -0.9354 0.3523
vt 0.551771 0.821043
vt 0.490236 0.981936
vt 0.443965 0.755163
vt 0.609545 0.740303
vt 0.579499 0.265268
vt 0.447677 0.232718
vt 0.490446 0.016300
vt 0.320967 0.499695
vt 0.242238 0.673984
vt 0.142687 0.564850
vt 0.543218 0.480597
vt 0.654480 0.663904
vt 0.651690 0.523626
vt 0.809399 0.589510
vt 0.375000 0.930496
vt 0.603518 0.001237
vt 0.583364 0.169025
vt 0.384386 0.054537
vt 0.382289 0.419599
s 0
g Cube.008_Material
usemtl Material
f 300/602/472 301/603/472 299/604/472
f 300/602/473 305/605/473 301/603/473
f 302/606/474 303/607/474 301/608/474
f 304/609/475 298/610/475 303/611/475
f 306/612/476 299/604/476 304/609/476
f 306/612/477 305/613/477 299/604/477
f 302/606/478 306/612/478 303/607/478
f 306/614/479 302/615/479 305/613/479
f 305/613/480 300/602/480 299/604/480
f 298/616/481 299/604/481 301/603/481
f 305/617/482 302/618/482 301/608/482
f 298/619/483 301/608/483 303/607/483
f 298/610/484 304/609/484 299/604/484
f 304/620/485 303/607/485 306/612/485
o Cube.009
v 12.459633 1.538045 -9.185396
v 12.423063 1.557945 -8.971116
v 12.478219 1.716952 -9.339717
v 12.702764 1.730482 -9.329866
v 12.597407 1.756327 -8.800209
v 12.360614 1.816851 -8.834570
v 12.759389 1.617732 -9.049641
v 12.272764 1.753064 -9.177803
v 12.239101 1.793418 -8.986583
v 12.393687 2.031135 -9.155195
v 12.611948 1.957013 -9.262943
v 12.369886 1.862890 -9.337819
v 12.695441 1.928336 -8.902108
v 12.835466 1.751937 -9.088592
v 12.555182 2.028851 -8.948328
v 12.694637 2.075681 -9.129441
vn -0.6524 -0.4707 0.5940
vn -0.7833 -0.6170 -0.0764
vn -0.8828 0.4035 -0.2406
vn -0.0799 0.7383 -0.6697
vn 0.3896 0.7735 0.5000
vn 0.7678 0.4442 -0.4618
vn 0.7462 -0.2432 0.6197
vn -0.6200 0.6804 0.3907
vn -0.5391 0.7249 0.4289
vn 0.0589 0.4837 0.8732
vn -0.2479 -0.4980 0.8310
vn 0.2734 -0.7544 0.5967
vn 0.1191 0.2416 -0.9630
vn 0.7584 -0.5371 -0.3693
vn 0.4033 -0.8178 -0.4105
vn 0.0725 -0.6557 -0.7515
vn 0.2018 -0.9715 0.1247
vn -0.5909 -0.4909 -0.6403
vn -0.7547 -0.6561 0.0056
vn -0.6025 -0.4386 -0.6668
vn -0.8785 0.4029 -0.2567
vn 0.8717 0.4126 0.2643
vn 0.7215 0.2315 -0.6526
vn 0.7693 -0.0617 0.6360
vn -0.1562 0.9788 0.1328
vn -0.0057 0.4768 0.8790
vn -0.0580 0.7637 -0.6429
vt 0.875000 0.649805
vt 0.849233 0.683396
vt 0.832712 0.540342
vt 0.580473 0.024703
vt 0.534759 0.188184
vt 0.498710 0.020990
vt 0.437420 0.135101
vt 0.411456 0.342495
vt 0.213804 0.511922
vt 0.337875 0.601179
vt 0.185175 0.619999
vt 0.611440 0.548317
vt 0.438499 0.522151
vt 0.536413 0.434917
vt 0.517900 0.691047
vt 0.378975 0.759339
vt 0.724211 0.603714
vt 0.568883 0.768659
vt 0.609419 0.213408
vt 0.625000 0.382072
vt 0.588498 0.519208
vt 0.209844 0.718096
vt 0.479559 0.953620
vt 0.390901 0.953078
vt 0.565332 0.774863
vt 0.583031 0.973602
vt 0.389658 0.010551
vt 0.376620 0.114133
vt 0.125000 0.581137
vt 0.375000 0.421875
s 0
g Cube.009_Material
usemtl Material
f 315/621/486 308/622/486 312/623/486
f 308/624/487 315/625/487 307/626/487
f 314/627/488 315/625/488 316/628/488
f 316/629/489 317/630/489 318/631/489
f 319/632/490 322/633/490 321/634/490
f 320/635/491 310/636/491 317/630/491
f 311/637/492 313/638/492 320/635/492
f 312/639/493 316/628/493 315/625/493
f 312/639/494 321/634/494 316/628/494
f 321/634/495 311/640/495 319/641/495
f 311/637/496 312/623/496 308/622/496
f 311/637/497 308/622/497 313/638/497
f 309/642/498 318/631/498 317/630/498 310/636/498
f 310/636/499 320/635/499 313/638/499
f 313/638/500 307/643/500 310/636/500
f 307/643/501 309/644/501 310/636/501
f 313/645/502 308/646/502 307/643/502
f 307/626/503 314/627/503 309/647/503
f 314/627/504 307/626/504 315/625/504
f 309/647/505 314/627/505 318/648/505
f 316/629/506 318/631/506 314/649/506
f 322/633/507 319/632/507 320/635/507
f 322/633/508 320/635/508 317/630/508
f 319/632/509 311/637/509 320/635/509
f 316/628/510 321/634/510 322/633/510
f 312/639/511 311/640/511 321/634/511
f 317/650/512 316/628/512 322/633/512
o Cube.010
v 9.956583 1.829642 -8.847549
v 9.940459 1.904265 -8.697193
v 9.784256 1.912153 -8.562233
v 9.796416 1.764770 -8.855725
v 10.056509 1.682367 -8.821822
v 9.883708 1.771648 -8.515974
v 9.671713 1.942473 -8.694903
v 9.726064 1.664925 -8.664509
v 9.913998 1.627692 -8.876131
vn 0.2025 -0.9033 0.3781
vn 0.2483 -0.8921 0.3775
vn -0.7525 -0.3487 0.5587
vn -0.6671 -0.0492 0.7434
vn 0.5472 0.5845 0.5991
vn -0.3157 0.8360 -0.4488
vn 0.3344 0.0626 -0.9404
vn -0.0068 0.1415 -0.9899
vn 0.8758 0.2154 0.4319
vn 0.0940 0.7035 -0.7044
vn 0.1409 0.9844 0.1055
vn -0.6855 -0.5107 -0.5189
vn -0.8732 -0.2187 -0.4355
vn 0.8287 0.5317 -0.1750
vt 0.856741 0.527884
vt 0.792799 0.664448
vt 0.661337 0.518959
vt 0.570885 0.667835
vt 0.614877 0.834550
vt 0.495616 0.943630
vt 0.319826 0.718976
vt 0.602263 0.105449
vt 0.455701 0.107225
vt 0.553174 0.006579
vt 0.371255 0.573451
vt 0.135465 0.689951
vt 0.165587 0.530358
vt 0.553103 0.308270
vt 0.565029 0.471740
vt 0.392929 0.256090
vt 0.405598 0.560759
vt 0.171875 0.750000
s 0
g Cube.010_Material
usemtl Material
f 327/651/513 328/652/513 331/653/513
f 331/653/514 328/652/514 330/654/514
f 328/655/515 325/656/515 329/657/515
f 330/654/516 328/655/516 329/657/516
f 328/658/517 324/659/517 325/660/517
f 326/661/518 324/662/518 323/663/518
f 327/664/519 331/665/519 323/666/519
f 331/665/520 326/667/520 323/666/520
f 324/659/521 328/658/521 327/664/521
f 326/661/522 329/657/522 324/662/522
f 324/662/523 329/657/523 325/668/523
f 331/653/524 330/654/524 326/667/524
f 330/654/525 329/657/525 326/667/525
f 323/666/526 324/659/526 327/664/526
o Cube.011
v 12.400148 1.937525 -9.591245
v 12.395866 1.642502 -9.692225
v 12.250941 1.723333 -9.580405
v 12.436506 1.770789 -9.530621
v 12.513875 1.811968 -9.663366
v 12.384073 1.887143 -9.761499
v 12.238264 1.891807 -9.639137
v 12.411156 1.778232 -9.819806
v 12.275024 1.751180 -9.744513
vn -0.5985 -0.7707 -0.2186
vn 0.0361 -0.7871 0.6158
vn -0.3398 0.2550 0.9052
vn 0.7511 0.3640 0.5507
vn 0.6892 0.4677 -0.5534
vn 0.6289 0.7274 -0.2746
vn -0.1897 0.9462 -0.2621
vn -0.5870 0.3816 -0.7140
vn -0.9774 -0.1313 -0.1657
vn -0.2686 -0.6435 -0.7168
vn -0.5066 0.3056 -0.8062
vn -0.3166 0.2909 0.9028
vn 0.7687 -0.5809 0.2678
vn 0.7798 -0.4732 -0.4100
vt 0.534218 0.539052
vt 0.807613 0.537738
vt 0.651467 0.712344
vt 0.812212 0.722590
vt 0.440472 0.699464
vt 0.505279 0.954605
vt 0.394685 0.910428
vt 0.529494 0.041599
vt 0.440272 0.169217
vt 0.407900 0.015209
vt 0.224689 0.500632
vt 0.298939 0.554231
vt 0.143822 0.628706
vt 0.350796 0.501919
vt 0.236030 0.724989
vt 0.358556 0.714558
vt 0.602122 0.296489
vt 0.527241 0.521298
vt 0.452229 0.375318
s 0
g Cube.011_Material
usemtl Material
f 340/669/527 333/670/527 334/671/527
f 334/671/528 333/670/528 335/672/528
f 338/673/529 335/674/529 332/675/529
f 335/676/530 336/677/530 332/678/530
f 339/679/531 337/680/531 336/681/531
f 336/681/532 337/682/532 332/683/532
f 337/682/533 338/684/533 332/683/533
f 337/682/534 340/669/534 338/673/534
f 340/669/535 334/671/535 338/673/535
f 333/685/536 340/686/536 339/687/536
f 339/687/537 340/669/537 337/682/537
f 334/671/538 335/674/538 338/673/538
f 335/676/539 333/685/539 336/677/539
f 333/685/540 339/687/540 336/677/540
o Cube.006
v 9.921052 1.869437 -9.542113
v 9.872457 1.680095 -9.577092
v 9.947672 1.768240 -9.767309
v 9.980903 1.763679 -9.526286
v 9.982252 1.710048 -9.657691
v 10.057590 1.818077 -9.671578
v 9.899378 1.891714 -9.636622
v 9.801270 1.754756 -9.580391
v 9.843674 1.745494 -9.738420
vn 0.6932 0.4736 0.5432
vn 0.8122 -0.5372 0.2276
vn 0.2091 0.7482 -0.6296
vn -0.1842 -0.1326 0.9739
vn -0.3756 -0.0743 0.9238
vn -0.8327 0.4929 -0.2523
vn -0.7072 0.6346 0.3118
vn -0.7121 -0.6856 -0.1509
vn -0.0203 -0.9278 -0.3725
vn 0.0573 -0.8742 -0.4822
vn 0.6790 -0.5378 -0.4997
vn 0.4392 0.8917 0.1095
vn -0.3329 0.6209 -0.7097
vn 0.4703 -0.8154 0.3376
vt 0.423616 0.817668
vt 0.438163 0.985880
vt 0.399025 0.926987
vt 0.584080 0.909473
vt 0.477709 0.045024
vt 0.607265 0.122218
vt 0.441545 0.286085
vt 0.565477 0.549583
vt 0.592013 0.712367
vt 0.289400 0.584684
vt 0.400831 0.754486
vt 0.615924 0.357557
vt 0.551199 0.540629
vt 0.429879 0.509305
vt 0.769145 0.562221
vt 0.604783 0.677624
vt 0.780055 0.741830
vt 0.860509 0.631959
vt 0.567506 0.015179
vt 0.377433 0.096481
s 0
g Cube.006_Material
usemtl Material
f 344/688/541 346/689/541 341/690/541
f 345/691/542 346/689/542 344/688/542
f 346/692/543 343/693/543 347/694/543
f 348/695/544 342/696/544 341/697/544
f 342/696/545 344/698/545 341/697/545
f 347/694/546 349/699/546 348/700/546
f 348/700/547 341/701/547 347/694/547
f 348/695/548 349/702/548 342/703/548
f 342/703/549 349/702/549 345/704/549
f 349/702/550 343/705/550 345/704/550
f 345/706/551 343/693/551 346/692/551
f 341/707/552 346/692/552 347/694/552
f 347/694/553 343/693/553 349/699/553
f 342/696/554 345/691/554 344/688/554
o Cube.007
v 11.816313 1.647334 -10.262741
v 11.945087 1.786838 -10.250353
v 11.793284 1.689780 -10.392996
v 11.739637 1.827257 -10.390955
v 11.689030 1.742530 -10.258002
v 11.814878 1.735328 -10.152391
v 11.866658 1.875271 -10.328932
v 11.921051 1.735053 -10.352422
v 11.824762 1.847643 -10.176704
vn 0.5637 0.1271 0.8161
vn 0.7157 -0.6762 0.1745
vn 0.5689 0.7674 0.2958
vn 0.4093 -0.8437 -0.3473
vn -0.5956 -0.7888 -0.1517
vn 0.2628 0.1168 -0.9578
vn -0.3797 0.9230 0.0630
vn 0.6155 -0.6123 0.4962
vn -0.4915 -0.6840 0.5390
vn -0.6201 0.2177 0.7537
vn -0.8075 -0.3076 -0.5034
vn 0.3336 0.2802 -0.9001
vn 0.8329 0.3890 -0.3935
vn -0.6718 0.7135 0.1990
vt 0.862532 0.586626
vt 0.666025 0.612825
vt 0.793538 0.524739
vt 0.799625 0.742317
vt 0.596159 0.725728
vt 0.676667 0.500000
vt 0.533198 0.702151
vt 0.502729 0.907748
vt 0.315429 0.689365
vt 0.215046 0.717794
vt 0.139986 0.551629
vt 0.365533 0.517965
vt 0.592775 0.342442
vt 0.523296 0.508923
vt 0.395346 0.376049
vt 0.510142 0.020803
vt 0.592582 0.143625
vt 0.414253 0.208459
s 0
g Cube.007_Material
usemtl Material
f 355/708/555 351/709/555 358/710/555
f 351/709/556 350/711/556 357/712/556
f 358/710/557 351/709/557 356/713/557
f 357/714/558 350/715/558 352/716/558
f 352/716/559 350/717/559 354/718/559
f 353/719/560 357/714/560 352/716/560
f 358/720/561 356/721/561 353/722/561
f 355/708/562 350/711/562 351/709/562
f 350/723/563 355/724/563 354/725/563
f 354/725/564 355/724/564 358/720/564
f 354/718/565 353/719/565 352/716/565
f 353/719/566 356/721/566 357/714/566
f 356/721/567 351/709/567 357/714/567
f 354/725/568 358/720/568 353/722/568
o Cube.008
v 12.474473 1.579809 -8.799481
v 12.553234 1.751718 -8.774137
v 12.597292 1.857435 -8.652490
v 12.564490 1.687539 -8.562553
v 12.404742 1.860825 -8.501382
v 12.345115 1.669558 -8.590372
v 12.362171 1.673091 -8.800580
v 12.535891 1.966031 -8.618303
v 12.385306 1.884564 -8.689466
vn 0.9591 -0.2528 -0.1277
vn 0.7279 0.2057 0.6541
vn -0.0831 -0.3990 0.9132
vn -0.6372 -0.7679 -0.0646
vn -0.0717 0.4701 -0.8797
vn 0.0611 0.5902 -0.8049
vn -0.9622 0.2396 0.1297
vn -0.5271 0.8347 0.1598
vn 0.5542 0.5184 -0.6512
vn 0.9055 -0.3903 -0.1666
vn 0.5462 0.2180 0.8088
vn 0.0233 -0.9134 0.4064
vn 0.0948 0.1025 -0.9902
vn -0.9859 0.1486 -0.0775
vt 0.551771 0.821043
vt 0.490236 0.981936
vt 0.443965 0.755163
vt 0.609545 0.740303
vt 0.579499 0.265268
vt 0.447677 0.232718
vt 0.490446 0.016300
vt 0.320967 0.499695
vt 0.242238 0.673984
vt 0.142687 0.564850
vt 0.543218 0.480597
vt 0.654480 0.663904
vt 0.651690 0.523626
vt 0.809399 0.589510
vt 0.375000 0.930496
vt 0.603518 0.001237
vt 0.583364 0.169025
vt 0.384386 0.054537
vt 0.382289 0.419599
s 0
g Cube.008_Material
usemtl Material
f 361/726/569 362/727/569 360/728/569
f 361/726/570 366/729/570 362/727/570
f 363/730/571 364/731/571 362/732/571
f 365/733/572 359/734/572 364/735/572
f 367/736/573 360/728/573 365/733/573
f 367/736/574 366/737/574 360/728/574
f 363/730/575 367/736/575 364/731/575
f 367/738/576 363/739/576 366/737/576
f 366/737/577 361/726/577 360/728/577
f 359/740/578 360/728/578 362/727/578
f 366/741/579 363/742/579 362/732/579
f 359/743/580 362/732/580 364/731/580
f 359/734/581 365/733/581 360/728/581
f 365/744/582 364/731/582 367/736/582
o Cube.009
v 10.588276 1.795050 -7.778832
v 10.662596 1.787483 -7.948574
v 10.394220 1.828629 -7.736929
v 10.345954 1.643903 -7.725031
v 10.549612 1.634860 -8.136641
v 10.536373 1.842543 -8.162330
v 10.525529 1.532594 -7.878432
v 10.468231 1.971329 -7.893425
v 10.518142 1.967966 -8.054306
v 10.249901 1.899130 -8.011125
v 10.222168 1.731560 -7.877406
v 10.308027 1.933685 -7.810277
v 10.365809 1.592664 -8.121696
v 10.397734 1.492470 -7.896632
v 10.300546 1.727772 -8.144497
v 10.170610 1.652189 -8.015267
vn 0.8189 0.4383 -0.3706
vn 0.6720 0.6921 0.2634
vn -0.2626 0.9596 -0.1015
vn -0.9229 0.3217 0.2117
vn -0.5295 -0.3835 -0.7567
vn -0.7618 -0.5822 0.2839
vn 0.3250 -0.8892 -0.3219
vn -0.2754 0.6041 -0.7478
vn -0.3146 0.5234 -0.7919
vn -0.0376 -0.1839 -0.9822
vn 0.8601 -0.0083 -0.5100
vn 0.8612 -0.4949 -0.1157
vn -0.6695 0.1276 0.7318
vn 0.1306 -0.7235 0.6779
vn 0.4332 -0.4085 0.8034
vn 0.2123 0.0075 0.9772
vn 0.8519 -0.3511 0.3886
vn 0.2663 0.6462 0.7152
vn 0.7365 0.6414 0.2151
vn 0.2117 0.6703 0.7113
vn -0.2703 0.9589 -0.0867
vn -0.4300 -0.8459 -0.3156
vn -0.6537 -0.5239 0.5461
vn 0.1703 -0.8910 -0.4208
vn -0.7521 0.2517 -0.6090
vn -0.0148 -0.1237 -0.9922
vn -0.9376 0.2981 0.1790
vt 0.875000 0.649805
vt 0.849233 0.683396
vt 0.832712 0.540342
vt 0.580473 0.024703
vt 0.534759 0.188184
vt 0.498710 0.020990
vt 0.437420 0.135101
vt 0.411456 0.342495
vt 0.213804 0.511922
vt 0.337875 0.601179
vt 0.185175 0.619999
vt 0.611440 0.548317
vt 0.438499 0.522151
vt 0.536413 0.434917
vt 0.517900 0.691047
vt 0.378975 0.759339
vt 0.724211 0.603714
vt 0.568883 0.768659
vt 0.609419 0.213408
vt 0.625000 0.382072
vt 0.588498 0.519208
vt 0.209844 0.718096
vt 0.479559 0.953620
vt 0.390901 0.953078
vt 0.565332 0.774863
vt 0.583031 0.973602
vt 0.389658 0.010551
vt 0.376620 0.114133
vt 0.125000 0.581137
vt 0.375000 0.421875
s 0
g Cube.009_Material
usemtl Material
f 376/745/583 369/746/583 373/747/583
f 369/748/584 376/749/584 368/750/584
f 375/751/585 376/749/585 377/752/585
f 377/753/586 378/754/586 379/755/586
f 380/756/587 383/757/587 382/758/587
f 381/759/588 371/760/588 378/754/588
f 372/761/589 374/762/589 381/759/589
f 373/763/590 377/752/590 376/749/590
f 373/763/591 382/758/591 377/752/591
f 382/758/592 372/764/592 380/765/592
f 372/761/593 373/747/593 369/746/593
f 372/761/594 369/746/594 374/762/594
f 370/766/595 379/755/595 378/754/595 371/760/595
f 371/760/596 381/759/596 374/762/596
f 374/762/597 368/767/597 371/760/597
f 368/767/598 370/768/598 371/760/598
f 374/769/599 369/770/599 368/767/599
f 368/750/600 375/751/600 370/771/600
f 375/751/601 368/750/601 376/749/601
f 370/771/602 375/751/602 379/772/602
f 377/753/603 379/755/603 375/773/603
f 383/757/604 380/756/604 381/759/604
f 383/757/605 381/759/605 378/754/605
f 380/756/606 372/761/606 381/759/606
f 377/752/607 382/758/607 383/757/607
f 373/763/608 372/764/608 382/758/608
f 378/774/609 377/752/609 383/757/609
o Cube.010
v 10.054200 1.726457 -10.050231
v 10.038095 1.685474 -9.910175
v 10.155012 1.671291 -9.774239
v 10.203032 1.749086 -10.045372
v 9.998451 1.872346 -10.061216
v 10.096324 1.814763 -9.766787
v 10.255735 1.603318 -9.868443
v 10.264932 1.850081 -9.887282
v 10.134665 1.882329 -10.096473
vn -0.0205 0.9799 0.1984
vn -0.0673 0.9789 0.1928
vn 0.7492 0.2752 0.6025
vn 0.5753 0.0409 0.8169
vn -0.7323 -0.3305 0.5954
vn 0.1534 -0.9530 -0.2612
vn -0.2361 -0.1624 -0.9581
vn 0.0796 -0.3211 -0.9437
vn -0.9433 0.0633 0.3259
vn -0.1827 -0.7848 -0.5922
vn -0.3824 -0.8934 0.2357
vn 0.8395 0.2447 -0.4851
vn 0.9420 -0.0603 -0.3303
vn -0.9078 -0.3627 -0.2105
vt 0.856741 0.527884
vt 0.792799 0.664448
vt 0.661337 0.518959
vt 0.570885 0.667835
vt 0.614877 0.834550
vt 0.495616 0.943630
vt 0.319826 0.718976
vt 0.602263 0.105449
vt 0.455701 0.107225
vt 0.553174 0.006579
vt 0.371255 0.573451
vt 0.135465 0.689951
vt 0.165587 0.530358
vt 0.553103 0.308270
vt 0.565029 0.471740
vt 0.392929 0.256090
vt 0.405598 0.560759
vt 0.171875 0.750000
s 0
g Cube.010_Material
usemtl Material
f 388/775/610 389/776/610 392/777/610
f 392/777/611 389/776/611 391/778/611
f 389/779/612 386/780/612 390/781/612
f 391/778/613 389/779/613 390/781/613
f 389/782/614 385/783/614 386/784/614
f 387/785/615 385/786/615 384/787/615
f 388/788/616 392/789/616 384/790/616
f 392/789/617 387/791/617 384/790/617
f 385/783/618 389/782/618 388/788/618
f 387/785/619 390/781/619 385/786/619
f 385/786/620 390/781/620 386/792/620
f 392/777/621 391/778/621 387/791/621
f 391/778/622 390/781/622 387/791/622
f 384/790/623 385/783/623 388/788/623
o Cube.011
v 12.166319 1.527564 -9.881624
v 12.335093 1.939372 -9.875506
v 12.441593 1.727340 -10.034451
v 12.360722 1.658544 -9.772714
v 12.154626 1.747063 -9.737617
v 12.049876 1.735516 -9.970734
v 12.236338 1.596345 -10.111144
v 12.077711 1.911136 -9.939676
v 12.241445 1.850904 -10.082335
vn 0.5345 0.6622 -0.5252
vn 0.9179 0.2076 0.3382
vn 0.5824 -0.8103 -0.0651
vn -0.0947 -0.5496 0.8300
vn -0.9111 0.0726 0.4058
vn -0.8614 -0.3099 0.4024
vn -0.7213 -0.5715 -0.3913
vn -0.5470 0.1050 -0.8305
vn 0.2905 0.1018 -0.9514
vn -0.0032 0.9199 -0.3920
vn -0.5897 0.2304 -0.7741
vn 0.5503 -0.8335 -0.0491
vn 0.3020 0.3519 0.8860
vn -0.2433 0.7056 0.6656
vt 0.534218 0.539052
vt 0.807613 0.537738
vt 0.651467 0.712344
vt 0.812212 0.722590
vt 0.440472 0.699464
vt 0.505279 0.954605
vt 0.394685 0.910428
vt 0.529494 0.041599
vt 0.440272 0.169217
vt 0.407900 0.015209
vt 0.224689 0.500632
vt 0.298939 0.554231
vt 0.143822 0.628706
vt 0.350796 0.501919
vt 0.236030 0.724989
vt 0.358556 0.714558
vt 0.602122 0.296489
vt 0.527241 0.521298
vt 0.452229 0.375318
s 0
g Cube.011_Material
usemtl Material
f 401/793/624 394/794/624 395/795/624
f 395/795/625 394/794/625 396/796/625
f 399/797/626 396/798/626 393/799/626
f 396/800/627 397/801/627 393/802/627
f 400/803/628 398/804/628 397/805/628
f 397/805/629 398/806/629 393/807/629
f 398/806/630 399/808/630 393/807/630
f 398/806/631 401/793/631 399/797/631
f 401/793/632 395/795/632 399/797/632
f 394/809/633 401/810/633 400/811/633
f 400/811/634 401/793/634 398/806/634
f 395/795/635 396/798/635 399/797/635
f 396/800/636 394/809/636 397/801/636
f 394/809/637 400/811/637 397/801/637
o Cube.006
v 11.287874 1.648187 -7.597630
v 11.223355 1.696089 -7.799557
v 11.426590 1.822476 -7.753304
v 11.306166 1.587886 -7.716017
v 11.375947 1.699092 -7.799036
v 11.475259 1.671112 -7.697248
v 11.332242 1.747253 -7.589142
v 11.180277 1.750266 -7.710295
v 11.312576 1.861975 -7.757032
vn 0.3480 -0.8125 0.4676
vn 0.4083 -0.6966 -0.5899
vn 0.6788 0.4369 0.5903
vn -0.7233 -0.6872 0.0681
vn -0.8358 -0.5306 0.1412
vn -0.4201 0.7256 0.5450
vn -0.6075 0.2063 0.7671
vn -0.6285 0.4924 -0.6022
vn -0.0016 0.2491 -0.9685
vn 0.1334 0.2958 -0.9459
vn 0.7111 -0.0315 -0.7024
vn 0.4769 -0.2848 0.8315
vn 0.2637 0.8105 0.5230
vn 0.0146 -0.6040 -0.7968
vt 0.423616 0.817668
vt 0.438163 0.985880
vt 0.399025 0.926987
vt 0.584080 0.909473
vt 0.477709 0.045024
vt 0.607265 0.122218
vt 0.441545 0.286085
vt 0.565477 0.549583
vt 0.592013 0.712367
vt 0.289400 0.584684
vt 0.400831 0.754486
vt 0.615924 0.357557
vt 0.551199 0.540629
vt 0.429879 0.509305
vt 0.769145 0.562221
vt 0.604783 0.677624
vt 0.780055 0.741830
vt 0.860509 0.631959
vt 0.567506 0.015179
vt 0.377433 0.096481
s 0
g Cube.006_Material
usemtl Material
f 405/812/638 407/813/638 402/814/638
f 406/815/639 407/813/639 405/812/639
f 407/816/640 404/817/640 408/818/640
f 409/819/641 403/820/641 402/821/641
f 403/820/642 405/822/642 402/821/642
f 408/818/643 410/823/643 409/824/643
f 409/824/644 402/825/644 408/818/644
f 409/819/645 410/826/645 403/827/645
f 403/827/646 410/826/646 406/828/646
f 410/826/647 404/829/647 406/828/647
f 406/830/648 404/817/648 407/816/648
f 402/831/649 407/816/649 408/818/649
f 408/818/650 404/817/650 410/823/650
f 403/820/651 406/815/651 405/812/651
o Cube.007
v 9.972874 1.679457 -9.870440
v 10.086180 1.786300 -9.806534
v 9.886306 1.755505 -9.827655
v 9.893314 1.760220 -9.697344
v 9.930952 1.627479 -9.746602
v 10.066224 1.636586 -9.799419
v 10.014822 1.811247 -9.706247
v 9.993559 1.819073 -9.839012
v 10.084196 1.687736 -9.712959
vn 0.9829 -0.1369 -0.1233
vn 0.3742 0.1506 -0.9151
vn 0.7864 0.4169 0.4558
vn -0.2459 0.2474 -0.9372
vn -0.7029 -0.5390 -0.4642
vn -0.5102 0.8601 -0.0037
vn 0.0775 -0.0106 0.9969
vn 0.5677 -0.1144 -0.8152
vn -0.1007 -0.9048 -0.4138
vn 0.2365 -0.8570 0.4578
vn -0.9540 -0.2935 0.0619
vn -0.3775 0.9189 0.1146
vn 0.3329 0.9430 0.0023
vn -0.0616 -0.3625 0.9299
vt 0.862532 0.586626
vt 0.666025 0.612825
vt 0.793538 0.524739
vt 0.799625 0.742317
vt 0.596159 0.725728
vt 0.676667 0.500000
vt 0.533198 0.702151
vt 0.502729 0.907748
vt 0.315429 0.689365
vt 0.215046 0.717794
vt 0.139986 0.551629
vt 0.365533 0.517965
vt 0.592775 0.342442
vt 0.523296 0.508923
vt 0.395346 0.376049
vt 0.510142 0.020803
vt 0.592582 0.143625
vt 0.414253 0.208459
s 0
g Cube.007_Material
usemtl Material
f 416/832/652 412/833/652 419/834/652
f 412/833/653 411/835/653 418/836/653
f 419/834/654 412/833/654 417/837/654
f 418/838/655 411/839/655 413/840/655
f 413/840/656 411/841/656 415/842/656
f 414/843/657 418/838/657 413/840/657
f 419/844/658 417/845/658 414/846/658
f 416/832/659 411/835/659 412/833/659
f 411/847/660 416/848/660 415/849/660
f 415/849/661 416/848/661 419/844/661
f 415/842/662 414/843/662 413/840/662
f 414/843/663 417/845/663 418/838/663
f 417/845/664 412/833/664 418/838/664
f 415/849/665 419/844/665 414/846/665
o Cube.008
v 11.503320 1.638092 -10.501727
v 11.541211 1.636348 -10.322086
v 11.601498 1.730359 -10.206411
v 11.566931 1.845977 -10.350140
v 11.795215 1.824543 -10.301794
v 11.712800 1.777519 -10.490221
v 11.635057 1.590029 -10.493052
v 11.714304 1.721576 -10.154510
v 11.762211 1.644247 -10.308012
vn -0.9227 0.1601 0.3507
vn -0.2391 0.7277 0.6429
vn 0.1522 0.9412 -0.3015
vn 0.0619 -0.0106 -0.9980
vn 0.0172 -0.9626 0.2702
vn 0.0032 -0.8927 0.4507
vn 0.9187 -0.1557 -0.3630
vn 0.9098 -0.1794 0.3743
vn -0.3676 -0.6186 0.6944
vn -0.9677 0.1462 0.2055
vn -0.0402 0.8292 0.5576
vn -0.3737 0.6184 -0.6913
vn -0.3457 -0.9362 0.0638
vn 0.8199 -0.3329 -0.4658
vt 0.551771 0.821043
vt 0.490236 0.981936
vt 0.443965 0.755163
vt 0.609545 0.740303
vt 0.579499 0.265268
vt 0.447677 0.232718
vt 0.490446 0.016300
vt 0.320967 0.499695
vt 0.242238 0.673984
vt 0.142687 0.564850
vt 0.543218 0.480597
vt 0.654480 0.663904
vt 0.651690 0.523626
vt 0.809399 0.589510
vt 0.375000 0.930496
vt 0.603518 0.001237
vt 0.583364 0.169025
vt 0.384386 0.054537
vt 0.382289 0.419599
s 0
g Cube.008_Material
usemtl Material
f 422/850/666 423/851/666 421/852/666
f 422/850/667 427/853/667 423/851/667
f 424/854/668 425/855/668 423/856/668
f 426/857/669 420/858/669 425/859/669
f 428/860/670 421/852/670 426/857/670
f 428/860/671 427/861/671 421/852/671
f 424/854/672 428/860/672 425/855/672
f 428/862/673 424/863/673 427/861/673
f 427/861/674 422/850/674 421/852/674
f 420/864/675 421/852/675 423/851/675
f 427/865/676 424/866/676 423/856/676
f 420/867/677 423/856/677 425/855/677
f 420/858/678 426/857/678 421/852/678
f 426/868/679 425/855/679 428/860/679
o Cube.009
v 12.269396 1.681358 -9.072032
v 12.347154 1.819921 -8.973220
v 12.334564 1.612968 -9.251877
v 12.442009 1.469998 -9.179304
v 12.612844 1.819321 -8.927200
v 12.538710 1.967772 -9.058436
v 12.498529 1.562629 -8.939268
v 12.331635 1.839261 -9.247705
v 12.415141 1.966666 -9.172277
v 12.570381 1.808016 -9.347483
v 12.574580 1.596185 -9.295734
v 12.383415 1.706095 -9.366833
v 12.726871 1.724210 -9.047123
v 12.602540 1.509788 -9.009908
v 12.714896 1.807464 -9.175077
v 12.736105 1.626510 -9.257582
vn -0.4156 0.7941 0.4434
vn -0.8837 0.4661 0.0418
vn -0.2381 0.6056 -0.7593
vn 0.2220 -0.2272 -0.9482
vn 0.9924 0.1224 -0.0133
vn 0.5106 -0.8079 -0.2942
vn 0.4571 -0.2438 0.8554
vn 0.3761 0.8278 -0.4163
vn 0.4662 0.7949 -0.3883
vn 0.7749 0.5605 0.2922
vn -0.1328 0.6184 0.7745
vn -0.1705 0.0296 0.9849
vn -0.1813 -0.6389 -0.7477
vn -0.1908 -0.8999 0.3922
vn -0.5950 -0.6928 0.4075
vn -0.7859 -0.6163 -0.0504
vn -0.5757 -0.2354 0.7831
vn -0.9409 -0.0059 -0.3387
vn -0.8631 0.4874 0.1323
vn -0.9190 -0.0046 -0.3943
vn -0.2434 0.5924 -0.7680
vn 0.8561 -0.4534 0.2480
vn 0.2444 -0.9213 -0.3024
vn 0.6119 -0.2231 0.7588
vn 0.7164 0.3572 -0.5993
vn 0.7403 0.6132 0.2755
vn 0.2637 -0.2240 -0.9383
vt 0.875000 0.649805
vt 0.849233 0.683396
vt 0.832712 0.540342
vt 0.580473 0.024703
vt 0.534759 0.188184
vt 0.498710 0.020990
vt 0.437420 0.135101
vt 0.411456 0.342495
vt 0.213804 0.511922
vt 0.337875 0.601179
vt 0.185175 0.619999
vt 0.611440 0.548317
vt 0.438499 0.522151
vt 0.536413 0.434917
vt 0.517900 0.691047
vt 0.378975 0.759339
vt 0.724211 0.603714
vt 0.568883 0.768659
vt 0.609419 0.213408
vt 0.625000 0.382072
vt 0.588498 0.519208
vt 0.209844 0.718096
vt 0.479559 0.953620
vt 0.390901 0.953078
vt 0.565332 0.774863
vt 0.583031 0.973602
vt 0.389658 0.010551
vt 0.376620 0.114133
vt 0.125000 0.581137
vt 0.375000 0.421875
s 0
g Cube.009_Material
usemtl Material
f 437/869/680 430/870/680 434/871/680
f 430/872/681 437/873/681 429/874/681
f 436/875/682 437/873/682 438/876/682
f 438/877/683 439/878/683 440/879/683
f 441/880/684 444/881/684 443/882/684
f 442/883/685 432/884/685 439/878/685
f 433/885/686 435/886/686 442/883/686
f 434/887/687 438/876/687 437/873/687
f 434/887/688 443/882/688 438/876/688
f 443/882/689 433/888/689 441/889/689
f 433/885/690 434/871/690 430/870/690
f 433/885/691 430/870/691 435/886/691
f 431/890/692 440/879/692 439/878/692 432/884/692
f 432/884/693 442/883/693 435/886/693
f 435/886/694 429/891/694 432/884/694
f 429/891/695 431/892/695 432/884/695
f 435/893/696 430/894/696 429/891/696
f 429/874/697 436/875/697 431/895/697
f 436/875/698 429/874/698 437/873/698
f 431/895/699 436/875/699 440/896/699
f 438/877/700 440/879/700 436/897/700
f 444/881/701 441/880/701 442/883/701
f 444/881/702 442/883/702 439/878/702
f 441/880/703 433/885/703 442/883/703
f 438/876/704 443/882/704 444/881/704
f 434/887/705 433/888/705 443/882/705
f 439/898/706 438/876/706 444/881/706
o Cube.010
v 10.337200 1.643152 -10.197693
v 10.481812 1.633438 -10.124529
v 10.667795 1.643247 -10.194353
v 10.394612 1.659327 -10.353213
v 10.275043 1.801299 -10.164485
v 10.623756 1.803377 -10.151086
v 10.624381 1.541132 -10.323188
v 10.558661 1.802048 -10.374265
v 10.289376 1.795058 -10.319689
vn -0.0044 0.9992 -0.0406
vn -0.0256 0.9997 0.0015
vn 0.7634 0.3556 -0.5391
vn 0.9434 0.1835 -0.2763
vn 0.3544 -0.1518 0.9227
vn -0.0122 -0.9941 -0.1079
vn -0.9333 -0.3517 -0.0721
vn -0.7815 -0.5213 -0.3427
vn -0.0388 0.1859 0.9818
vn -0.4640 -0.8825 0.0770
vn 0.2482 -0.7981 0.5490
vn -0.2000 0.0860 -0.9760
vn 0.0338 -0.1838 -0.9824
vn -0.4418 -0.3473 0.8271
vt 0.856741 0.527884
vt 0.792799 0.664448
vt 0.661337 0.518959
vt 0.570885 0.667835
vt 0.614877 0.834550
vt 0.495616 0.943630
vt 0.319826 0.718976
vt 0.602263 0.105449
vt 0.455701 0.107225
vt 0.553174 0.006579
vt 0.371255 0.573451
vt 0.135465 0.689951
vt 0.165587 0.530358
vt 0.553103 0.308270
vt 0.565029 0.471740
vt 0.392929 0.256090
vt 0.405598 0.560759
vt 0.171875 0.750000
s 0
g Cube.010_Material
usemtl Material
f 449/899/707 450/900/707 453/901/707
f 453/901/708 450/900/708 452/902/708
f 450/903/709 447/904/709 451/905/709
f 452/902/710 450/903/710 451/905/710
f 450/906/711 446/907/711 447/908/711
f 448/909/712 446/910/712 445/911/712
f 449/912/713 453/913/713 445/914/713
f 453/913/714 448/915/714 445/914/714
f 446/907/715 450/906/715 449/912/715
f 448/909/716 451/905/716 446/910/716
f 446/910/717 451/905/717 447/916/717
f 453/901/718 452/902/718 448/915/718
f 452/902/719 451/905/719 448/915/719
f 445/914/720 446/907/720 449/912/720
o Cube.011
v 12.389973 1.570016 -9.229307
v 12.709827 1.779888 -9.046959
v 12.489514 1.901473 -9.150034
v 12.590553 1.697488 -9.293245
v 12.626917 1.532761 -9.158072
v 12.448464 1.559484 -8.994436
v 12.306890 1.749778 -9.097869
v 12.593070 1.600006 -8.910856
v 12.498429 1.788202 -8.951718
vn 0.2461 0.8464 0.4723
vn 0.5858 0.6396 -0.4977
vn -0.4832 0.3601 -0.7980
vn 0.1387 -0.6097 -0.7804
vn 0.1089 -0.9553 0.2748
vn -0.1535 -0.9881 -0.0061
vn -0.8339 -0.5202 0.1843
vn -0.6044 -0.0167 0.7965
vn -0.4919 0.7463 0.4484
vn 0.3924 0.3793 0.8379
vn -0.4878 -0.0561 0.8712
vn -0.4966 0.3204 -0.8067
vn 0.9087 -0.1259 -0.3979
vn 0.8866 -0.4011 0.2305
vt 0.534218 0.539052
vt 0.807613 0.537738
vt 0.651467 0.712344
vt 0.812212 0.722590
vt 0.440472 0.699464
vt 0.505279 0.954605
vt 0.394685 0.910428
vt 0.529494 0.041599
vt 0.440272 0.169217
vt 0.407900 0.015209
vt 0.224689 0.500632
vt 0.298939 0.554231
vt 0.143822 0.628706
vt 0.350796 0.501919
vt 0.236030 0.724989
vt 0.358556 0.714558
vt 0.602122 0.296489
vt 0.527241 0.521298
vt 0.452229 0.375318
s 0
g Cube.011_Material
usemtl Material
f 462/917/721 455/918/721 456/919/721
f 456/919/722 455/918/722 457/920/722
f 460/921/723 457/922/723 454/923/723
f 457/924/724 458/925/724 454/926/724
f 461/927/725 459/928/725 458/929/725
f 458/929/726 459/930/726 454/931/726
f 459/930/727 460/932/727 454/931/727
f 459/930/728 462/917/728 460/921/728
f 462/917/729 456/919/729 460/921/729
f 455/933/730 462/934/730 461/935/730
f 461/935/731 462/917/731 459/930/731
f 456/919/732 457/922/732 460/921/732
f 457/924/733 455/933/733 458/925/733
f 455/933/734 461/935/734 458/925/734
o Cube.006
v 11.899563 1.675873 -10.275320
v 11.760028 1.600409 -10.275880
v 11.730889 1.769718 -10.229586
v 11.835531 1.654742 -10.346289
v 11.741009 1.705058 -10.309012
v 11.804301 1.787976 -10.326645
v 11.872248 1.724768 -10.218934
v 11.809440 1.597868 -10.209927
v 11.731270 1.698024 -10.178356
vn 0.6771 0.2602 -0.6884
vn -0.3389 0.0590 -0.9390
vn 0.2574 0.8955 0.3631
vn 0.4442 -0.8185 -0.3643
vn 0.4697 -0.8672 -0.1656
vn 0.2890 -0.0753 0.9544
vn 0.7200 -0.3124 0.6197
vn -0.6307 -0.6335 0.4481
vn -0.9754 -0.2038 -0.0837
vn -0.9952 -0.0606 -0.0774
vn -0.7451 0.4676 -0.4756
vn 0.7854 0.6025 -0.1419
vn 0.1228 0.5774 0.8072
vn -0.4969 -0.3427 -0.7973
vt 0.423616 0.817668
vt 0.438163 0.985880
vt 0.399025 0.926987
vt 0.584080 0.909473
vt 0.477709 0.045024
vt 0.607265 0.122218
vt 0.441545 0.286085
vt 0.565477 0.549583
vt 0.592013 0.712367
vt 0.289400 0.584684
vt 0.400831 0.754486
vt 0.615924 0.357557
vt 0.551199 0.540629
vt 0.429879 0.509305
vt 0.769145 0.562221
vt 0.604783 0.677624
vt 0.780055 0.741830
vt 0.860509 0.631959
vt 0.567506 0.015179
vt 0.377433 0.096481
s 0
g Cube.006_Material
usemtl Material
f 466/936/735 468/937/735 463/938/735
f 467/939/736 468/937/736 466/936/736
f 468/940/737 465/941/737 469/942/737
f 470/943/738 464/944/738 463/945/738
f 464/944/739 466/946/739 463/945/739
f 469/942/740 471/947/740 470/948/740
f 470/948/741 463/949/741 469/942/741
f 470/943/742 471/950/742 464/951/742
f 464/951/743 471/950/743 467/952/743
f 471/950/744 465/953/744 467/952/744
f 467/954/745 465/941/745 468/940/745
f 463/955/746 468/940/746 469/942/746
f 469/942/747 465/941/747 471/947/747
f 464/944/748 467/939/748 466/936/748
o Cube.007
v 10.893185 1.596719 -10.356735
v 10.856801 1.779993 -10.328133
v 10.842814 1.613824 -10.484092
v 10.701116 1.650632 -10.475849
v 10.742407 1.549714 -10.352667
v 10.824101 1.637539 -10.241728
v 10.738225 1.775148 -10.404310
v 10.882096 1.739134 -10.433925
v 10.739196 1.712811 -10.257771
vn 0.2471 0.4604 0.8526
vn 0.9716 0.1667 0.1679
vn -0.2786 0.8831 0.3775
vn 0.9151 -0.1347 -0.3800
vn 0.2833 -0.9293 -0.2369
vn 0.0395 0.3607 -0.9319
vn -0.9679 0.2289 0.1038
vn 0.8680 0.0963 0.4872
vn 0.2750 -0.8420 0.4641
vn -0.5246 -0.4359 0.7313
vn -0.2379 -0.7889 -0.5666
vn -0.0496 0.5086 -0.8596
vn 0.1675 0.9325 -0.3201
vn -0.9677 -0.1407 0.2091
vt 0.862532 0.586626
vt 0.666025 0.612825
vt 0.793538 0.524739
vt 0.799625 0.742317
vt 0.596159 0.725728
vt 0.676667 0.500000
vt 0.533198 0.702151
vt 0.502729 0.907748
vt 0.315429 0.689365
vt 0.215046 0.717794
vt 0.139986 0.551629
vt 0.365533 0.517965
vt 0.592775 0.342442
vt 0.523296 0.508923
vt 0.395346 0.376049
vt 0.510142 0.020803
vt 0.592582 0.143625
vt 0.414253 0.208459
s 0
g Cube.007_Material
usemtl Material
f 477/956/749 473/957/749 480/958/749
f 473/957/750 472/959/750 479/960/750
f 480/958/751 473/957/751 478/961/751
f 479/962/752 472/963/752 474/964/752
f 474/964/753 472/965/753 476/966/753
f 475/967/754 479/962/754 474/964/754
f 480/968/755 478/969/755 475/970/755
f 477/956/756 472/959/756 473/957/756
f 472/971/757 477/972/757 476/973/757
f 476/973/758 477/972/758 480/968/758
f 476/966/759 475/967/759 474/964/759
f 475/967/760 478/969/760 479/962/760
f 478/969/761 473/957/761 479/962/761
f 476/973/762 480/968/762 475/970/762
o Cube.008
v 12.455197 1.614569 -8.387597
v 12.368243 1.736198 -8.461671
v 12.275553 1.757924 -8.572528
v 12.280574 1.588748 -8.551468
v 12.363072 1.652633 -8.737112
v 12.462632 1.552114 -8.607716
v 12.533564 1.661218 -8.476962
v 12.299062 1.806666 -8.671875
v 12.451385 1.758718 -8.643698
vn -0.7603 0.0580 0.6470
vn -0.9642 -0.0607 -0.2580
vn -0.3035 -0.8514 -0.4279
vn 0.6735 -0.7048 0.2227
vn 0.4171 0.8591 0.2968
vn 0.2528 0.9394 0.2317
vn 0.7635 -0.0702 -0.6420
vn 0.3025 0.4756 -0.8260
vn -0.2450 0.8921 0.3797
vn -0.6805 -0.0409 0.7316
vn -0.8763 -0.1739 -0.4493
vn -0.1098 -0.9572 0.2679
vn 0.3601 0.6594 0.6600
vn 0.8892 -0.0311 -0.4564
vt 0.551771 0.821043
vt 0.490236 0.981936
vt 0.443965 0.755163
vt 0.609545 0.740303
vt 0.579499 0.265268
vt 0.447677 0.232718
vt 0.490446 0.016300
vt 0.320967 0.499695
vt 0.242238 0.673984
vt 0.142687 0.564850
vt 0.543218 0.480597
vt 0.654480 0.663904
vt 0.651690 0.523626
vt 0.809399 0.589510
vt 0.375000 0.930496
vt 0.603518 0.001237
vt 0.583364 0.169025
vt 0.384386 0.054537
vt 0.382289 0.419599
s 0
g Cube.008_Material
usemtl Material
f 483/974/763 484/975/763 482/976/763
f 483/974/764 488/977/764 484/975/764
f 485/978/765 486/979/765 484/980/765
f 487/981/766 481/982/766 486/983/766
f 489/984/767 482/976/767 487/981/767
f 489/984/768 488/985/768 482/976/768
f 485/978/769 489/984/769 486/979/769
f 489/986/770 485/987/770 488/985/770
f 488/985/771 483/974/771 482/976/771
f 481/988/772 482/976/772 484/975/772
f 488/989/773 485/990/773 484/980/773
f 481/991/774 484/980/774 486/979/774
f 481/982/775 487/981/775 482/976/775
f 487/992/776 486/979/776 489/984/776
o Cube.009
v 10.605415 1.901289 -10.366983
v 10.466447 1.879402 -10.237558
v 10.773079 1.780490 -10.386258
v 10.695529 1.662625 -10.524012
v 10.349164 1.632590 -10.202614
v 10.473761 1.705381 -10.041701
v 10.432301 1.684996 -10.472629
v 10.734430 1.833314 -10.164463
v 10.618361 1.797871 -10.040240
v 10.771004 1.571298 -10.134212
v 10.752696 1.533682 -10.353074
v 10.856876 1.725924 -10.262417
v 10.449409 1.472892 -10.252325
v 10.480778 1.555889 -10.492527
v 10.564017 1.472075 -10.145846
v 10.666705 1.392701 -10.303665
vn -0.4322 0.6661 0.6079
vn 0.1254 0.9473 0.2949
vn 0.6933 0.1774 0.6984
vn 0.8774 -0.4797 0.0091
vn -0.2717 -0.9191 0.2854
vn 0.2668 -0.7244 -0.6357
vn -0.8987 -0.2862 -0.3323
vn 0.1686 -0.2786 0.9455
vn 0.1229 -0.3645 0.9231
vn -0.5712 -0.5486 0.6106
vn -0.7960 0.4375 0.4184
vn -0.8958 0.3976 -0.1987
vn 0.8576 -0.1375 -0.4957
vn -0.1842 0.0818 -0.9795
vn -0.1223 0.5129 -0.8497
vn 0.3527 0.6036 -0.7150
vn -0.5548 0.6789 -0.4809
vn 0.5749 0.8129 -0.0934
vn 0.0305 0.9533 0.3005
vn 0.6217 0.7794 -0.0773
vn 0.7050 0.1777 0.6865
vn -0.3957 -0.8509 -0.3457
vn 0.3633 -0.4976 -0.7876
vn -0.8514 -0.4513 -0.2671
vn 0.3237 -0.7438 0.5847
vn -0.5541 -0.5086 0.6591
vn 0.8563 -0.5163 0.0171
vt 0.875000 0.649805
vt 0.849233 0.683396
vt 0.832712 0.540342
vt 0.580473 0.024703
vt 0.534759 0.188184
vt 0.498710 0.020990
vt 0.437420 0.135101
vt 0.411456 0.342495
vt 0.213804 0.511922
vt 0.337875 0.601179
vt 0.185175 0.619999
vt 0.611440 0.548317
vt 0.438499 0.522151
vt 0.536413 0.434917
vt 0.517900 0.691047
vt 0.378975 0.759339
vt 0.724211 0.603714
vt 0.568883 0.768659
vt 0.609419 0.213408
vt 0.625000 0.382072
vt 0.588498 0.519208
vt 0.209844 0.718096
vt 0.479559 0.953620
vt 0.390901 0.953078
vt 0.565332 0.774863
vt 0.583031 0.973602
vt 0.389658 0.010551
vt 0.376620 0.114133
vt 0.125000 0.581137
vt 0.375000 0.421875
s 0
g Cube.009_Material
usemtl Material
f 498/993/777 491/994/777 495/995/777
f 491/996/778 498/997/778 490/998/778
f 497/999/779 498/997/779 499/1000/779
f 499/1001/780 500/1002/780 501/1003/780
f 502/1004/781 505/1005/781 504/1006/781
f 503/1007/782 493/1008/782 500/1002/782
f 494/1009/783 496/1010/783 503/1007/783
f 495/1011/784 499/1000/784 498/997/784
f 495/1011/785 504/1006/785 499/1000/785
f 504/1006/786 494/1012/786 502/1013/786
f 494/1009/787 495/995/787 491/994/787
f 494/1009/788 491/994/788 496/1010/788
f 492/1014/789 501/1003/789 500/1002/789 493/1008/789
f 493/1008/790 503/1007/790 496/1010/790
f 496/1010/791 490/1015/791 493/1008/791
f 490/1015/792 492/1016/792 493/1008/792
f 496/1017/793 491/1018/793 490/1015/793
f 490/998/794 497/999/794 492/1019/794
f 497/999/795 490/998/795 498/997/795
f 492/1019/796 497/999/796 501/1020/796
f 499/1001/797 501/1003/797 497/1021/797
f 505/1005/798 502/1004/798 503/1007/798
f 505/1005/799 503/1007/799 500/1002/799
f 502/1004/800 494/1009/800 503/1007/800
f 499/1000/801 504/1006/801 505/1005/801
f 495/1011/802 494/1012/802 504/1006/802
f 500/1022/803 499/1000/803 505/1005/803
o Cube.010
v 12.160818 1.719646 -8.209877
v 12.230187 1.619976 -8.190210
v 12.250363 1.493428 -8.269521
v 12.108020 1.680278 -8.317534
v 12.241626 1.814360 -8.251213
v 12.341940 1.576717 -8.309337
v 12.123265 1.485836 -8.289157
v 12.214404 1.613289 -8.425204
v 12.166050 1.797266 -8.340461
vn 0.6478 0.4276 -0.6305
vn 0.6680 0.4489 -0.5935
vn 0.1590 -0.5626 -0.8113
vn 0.2760 -0.7867 -0.5521
vn 0.6194 -0.3436 0.7059
vn -0.7464 -0.4171 0.5186
vn -0.6119 0.6904 0.3859
vn -0.8487 0.4689 0.2447
vn 0.7482 0.1582 0.6444
vn -0.7096 0.0470 0.7031
vn -0.0970 -0.5396 0.8363
vn -0.6444 0.1737 -0.7447
vn -0.7489 -0.1528 -0.6448
vn 0.1461 0.2884 0.9463
vt 0.856741 0.527884
vt 0.792799 0.664448
vt 0.661337 0.518959
vt 0.570885 0.667835
vt 0.614877 0.834550
vt 0.495616 0.943630
vt 0.319826 0.718976
vt 0.602263 0.105449
vt 0.455701 0.107225
vt 0.553174 0.006579
vt 0.371255 0.573451
vt 0.135465 0.689951
vt 0.165587 0.530358
vt 0.553103 0.308270
vt 0.565029 0.471740
vt 0.392929 0.256090
vt 0.405598 0.560759
vt 0.171875 0.750000
s 0
g Cube.010_Material
usemtl Material
f 510/1023/804 511/1024/804 514/1025/804
f 514/1025/805 511/1024/805 513/1026/805
f 511/1027/806 508/1028/806 512/1029/806
f 513/1026/807 511/1027/807 512/1029/807
f 511/1030/808 507/1031/808 508/1032/808
f 509/1033/809 507/1034/809 506/1035/809
f 510/1036/810 514/1037/810 506/1038/810
f 514/1037/811 509/1039/811 506/1038/811
f 507/1031/812 511/1030/812 510/1036/812
f 509/1033/813 512/1029/813 507/1034/813
f 507/1034/814 512/1029/814 508/1040/814
f 514/1025/815 513/1026/815 509/1039/815
f 513/1026/816 512/1029/816 509/1039/816
f 506/1038/817 507/1031/817 510/1036/817
o Cube.011
v 10.265101 1.561409 -8.103426
v 10.598834 1.819274 -7.980318
v 10.368344 1.777066 -7.823586
v 10.326900 1.808880 -8.097454
v 10.473370 1.677852 -8.205155
v 10.496720 1.482119 -8.047314
v 10.309646 1.535117 -7.862512
v 10.652486 1.568206 -8.038813
v 10.546452 1.623247 -7.851162
vn 0.4653 0.3969 0.7912
vn -0.0932 0.9873 0.1288
vn -0.9515 0.2327 0.2013
vn -0.4986 0.1451 -0.8546
vn 0.3514 -0.5619 -0.7488
vn -0.0274 -0.6295 -0.7765
vn -0.3137 -0.9484 -0.0455
vn 0.2775 -0.8118 0.5137
vn 0.0130 -0.1619 0.9867
vn 0.8776 0.0773 0.4732
vn 0.4095 -0.7866 0.4621
vn -0.9636 0.2065 0.1698
vn 0.2327 0.7595 -0.6075
vn 0.7412 0.2985 -0.6013
vt 0.534218 0.539052
vt 0.807613 0.537738
vt 0.651467 0.712344
vt 0.812212 0.722590
vt 0.440472 0.699464
vt 0.505279 0.954605
vt 0.394685 0.910428
vt 0.529494 0.041599
vt 0.440272 0.169217
vt 0.407900 0.015209
vt 0.224689 0.500632
vt 0.298939 0.554231
vt 0.143822 0.628706
vt 0.350796 0.501919
vt 0.236030 0.724989
vt 0.358556 0.714558
vt 0.602122 0.296489
vt 0.527241 0.521298
vt 0.452229 0.375318
s 0
g Cube.011_Material
usemtl Material
f 523/1041/818 516/1042/818 517/1043/818
f 517/1043/819 516/1042/819 518/1044/819
f 521/1045/820 518/1046/820 515/1047/820
f 518/1048/821 519/1049/821 515/1050/821
f 522/1051/822 520/1052/822 519/1053/822
f 519/1053/823 520/1054/823 515/1055/823
f 520/1054/824 521/1056/824 515/1055/824
f 520/1054/825 523/1041/825 521/1045/825
f 523/1041/826 517/1043/826 521/1045/826
f 516/1057/827 523/1058/827 522/1059/827
f 522/1059/828 523/1041/828 520/1054/828
f 517/1043/829 518/1046/829 521/1045/829
f 518/1048/830 516/1057/830 519/1049/830
f 516/1057/831 522/1059/831 519/1049/831
o Cube.006
v 10.583996 1.666267 -10.092169
v 10.582159 1.751090 -10.295670
v 10.622181 1.507789 -10.314511
v 10.483715 1.696181 -10.179119
v 10.521498 1.608925 -10.304784
v 10.491374 1.505855 -10.204340
v 10.653539 1.587592 -10.126445
v 10.677420 1.752433 -10.231993
v 10.702188 1.599590 -10.327548
vn -0.6709 -0.1239 0.7311
vn -0.9577 -0.0004 -0.2877
vn 0.2927 -0.8968 0.3317
vn -0.2621 0.8899 0.3733
vn -0.0586 0.9213 0.3845
vn 0.9718 0.0101 0.2357
vn 0.6848 0.3200 0.6547
vn 0.4690 0.5216 -0.7127
vn -0.1184 0.1138 -0.9864
vn -0.1265 -0.0306 -0.9915
vn -0.5572 -0.4903 -0.6702
vn -0.1532 -0.5054 0.8492
vn 0.7560 -0.6383 0.1448
vn -0.7886 0.3681 -0.4927
vt 0.423616 0.817668
vt 0.438163 0.985880
vt 0.399025 0.926987
vt 0.584080 0.909473
vt 0.477709 0.045024
vt 0.607265 0.122218
vt 0.441545 0.286085
vt 0.565477 0.549583
vt 0.592013 0.712367
vt 0.289400 0.584684
vt 0.400831 0.754486
vt 0.615924 0.357557
vt 0.551199 0.540629
vt 0.429879 0.509305
vt 0.769145 0.562221
vt 0.604783 0.677624
vt 0.780055 0.741830
vt 0.860509 0.631959
vt 0.567506 0.015179
vt 0.377433 0.096481
s 0
g Cube.006_Material
usemtl Material
f 527/1060/832 529/1061/832 524/1062/832
f 528/1063/833 529/1061/833 527/1060/833
f 529/1064/834 526/1065/834 530/1066/834
f 531/1067/835 525/1068/835 524/1069/835
f 525/1068/836 527/1070/836 524/1069/836
f 530/1066/837 532/1071/837 531/1072/837
f 531/1072/838 524/1073/838 530/1066/838
f 531/1067/839 532/1074/839 525/1075/839
f 525/1075/840 532/1074/840 528/1076/840
f 532/1074/841 526/1077/841 528/1076/841
f 528/1078/842 526/1065/842 529/1064/842
f 524/1079/843 529/1064/843 530/1066/843
f 530/1066/844 526/1065/844 532/1071/844
f 525/1068/845 528/1063/845 527/1060/845
o Cube.007
v 12.108478 1.665862 -8.070722
v 12.081741 1.753053 -8.238356
v 12.153754 1.555825 -8.143230
v 12.043426 1.503258 -8.226770
v 11.984853 1.566043 -8.084605
v 11.985536 1.730420 -8.098304
v 12.039187 1.632848 -8.301673
v 12.165062 1.671655 -8.224458
v 11.938684 1.708930 -8.201879
vn -0.3077 0.9497 -0.0579
vn 0.6505 0.7113 0.2662
vn -0.3595 0.5313 -0.7671
vn 0.9256 0.1526 0.3464
vn 0.2683 -0.4507 0.8514
vn 0.6640 -0.4717 -0.5802
vn -0.7792 -0.3325 -0.5312
vn 0.3600 0.8500 0.3847
vn -0.1767 0.0825 0.9808
vn -0.9134 0.0376 0.4054
vn 0.0969 -0.8951 0.4352
vn 0.5657 -0.3987 -0.7218
vn 0.4314 0.2961 -0.8522
vn -0.8857 -0.4299 -0.1751
vt 0.862532 0.586626
vt 0.666025 0.612825
vt 0.793538 0.524739
vt 0.799625 0.742317
vt 0.596159 0.725728
vt 0.676667 0.500000
vt 0.533198 0.702151
vt 0.502729 0.907748
vt 0.315429 0.689365
vt 0.215046 0.717794
vt 0.139986 0.551629
vt 0.365533 0.517965
vt 0.592775 0.342442
vt 0.523296 0.508923
vt 0.395346 0.376049
vt 0.510142 0.020803
vt 0.592582 0.143625
vt 0.414253 0.208459
s 0
g Cube.007_Material
usemtl Material
f 538/1080/846 534/1081/846 541/1082/846
f 534/1081/847 533/1083/847 540/1084/847
f 541/1082/848 534/1081/848 539/1085/848
f 540/1086/849 533/1087/849 535/1088/849
f 535/1088/850 533/1089/850 537/1090/850
f 536/1091/851 540/1086/851 535/1088/851
f 541/1092/852 539/1093/852 536/1094/852
f 538/1080/853 533/1083/853 534/1081/853
f 533/1095/854 538/1096/854 537/1097/854
f 537/1097/855 538/1096/855 541/1092/855
f 537/1090/856 536/1091/856 535/1088/856
f 536/1091/857 539/1093/857 540/1086/857
f 539/1093/858 534/1081/858 540/1086/858
f 537/1097/859 541/1092/859 536/1094/859
o Cube.008
v 10.587666 1.841418 -7.919995
v 10.513695 1.730990 -8.057700
v 10.427909 1.588439 -8.078006
v 10.411982 1.630672 -7.887657
v 10.540365 1.427366 -7.930665
v 10.622541 1.600191 -7.822309
v 10.694945 1.748121 -7.955152
v 10.474838 1.474802 -8.119505
v 10.637753 1.536184 -8.054041
vn -0.8299 0.5259 -0.1861
vn -0.9232 -0.3842 0.0080
vn -0.3240 -0.3872 0.8632
vn 0.5683 0.3781 0.7308
vn 0.4540 0.2732 -0.8481
vn 0.3082 0.1787 -0.9344
vn 0.8313 -0.5194 0.1980
vn 0.4525 -0.8151 -0.3618
vn -0.2071 0.2590 -0.9434
vn -0.7717 0.6295 -0.0903
vn -0.8220 -0.5502 0.1470
vn -0.2346 0.3355 0.9124
vn 0.3310 0.6414 -0.6921
vn 0.9346 -0.3224 0.1504
vt 0.551771 0.821043
vt 0.490236 0.981936
vt 0.443965 0.755163
vt 0.609545 0.740303
vt 0.579499 0.265268
vt 0.447677 0.232718
vt 0.490446 0.016300
vt 0.320967 0.499695
vt 0.242238 0.673984
vt 0.142687 0.564850
vt 0.543218 0.480597
vt 0.654480 0.663904
vt 0.651690 0.523626
vt 0.809399 0.589510
vt 0.375000 0.930496
vt 0.603518 0.001237
vt 0.583364 0.169025
vt 0.384386 0.054537
vt 0.382289 0.419599
s 0
g Cube.008_Material
usemtl Material
f 544/1098/860 545/1099/860 543/1100/860
f 544/1098/861 549/1101/861 545/1099/861
f 546/1102/862 547/1103/862 545/1104/862
f 548/1105/863 542/1106/863 547/1107/863
f 550/1108/864 543/1100/864 548/1105/864
f 550/1108/865 549/1109/865 543/1100/865
f 546/1102/866 550/1108/866 547/1103/866
f 550/1110/867 546/1111/867 549/1109/867
f 549/1109/868 544/1098/868 543/1100/868
f 542/1112/869 543/1100/869 545/1099/869
f 549/1113/870 546/1114/870 545/1104/870
f 542/1115/871 545/1104/871 547/1103/871
f 542/1106/872 548/1105/872 543/1100/872
f 548/1116/873 547/1103/873 550/1108/873
o Cube.009
v 10.687443 1.782870 -10.430877
v 10.724766 1.864847 -10.255471
v 10.774328 1.601881 -10.505206
v 10.622824 1.480970 -10.443587
v 10.712601 1.706517 -10.019819
v 10.914247 1.776762 -10.083920
v 10.519871 1.624851 -10.229665
v 10.940331 1.741629 -10.406148
v 10.987027 1.800586 -10.243567
v 11.010487 1.506180 -10.283332
v 10.814178 1.403855 -10.345135
v 10.932858 1.563209 -10.487033
v 10.739393 1.507746 -10.034952
v 10.541116 1.484384 -10.207882
v 10.895034 1.498020 -10.076430
v 10.822244 1.331371 -10.182982
vn 0.2206 0.9450 0.2416
vn 0.2316 0.8615 -0.4519
vn 0.9424 0.1174 -0.3132
vn 0.5197 -0.7505 -0.4082
vn 0.1749 -0.5835 0.7931
vn -0.3273 -0.9396 -0.0998
vn -0.7353 -0.0061 0.6777
vn 0.9089 0.0161 0.4168
vn 0.8731 -0.0471 0.4853
vn 0.2550 -0.0392 0.9661
vn -0.1134 0.8274 0.5501
vn -0.6816 0.6232 0.3835
vn 0.0551 -0.6209 -0.7819
vn -0.9285 -0.1899 -0.3191
vn -0.8242 0.1987 -0.5303
vn -0.4646 0.1363 -0.8750
vn -0.7607 0.6349 -0.1349
vn 0.1581 0.4391 -0.8844
vn 0.1850 0.9056 -0.3816
vn 0.1997 0.3976 -0.8956
vn 0.9386 0.1090 -0.3272
vn -0.4275 -0.6905 0.5835
vn -0.4232 -0.8348 -0.3521
vn -0.6408 -0.1438 0.7541
vn 0.7298 -0.5649 0.3850
vn 0.3014 0.0048 0.9535
vn 0.5184 -0.7708 -0.3703
vt 0.875000 0.649805
vt 0.849233 0.683396
vt 0.832712 0.540342
vt 0.580473 0.024703
vt 0.534759 0.188184
vt 0.498710 0.020990
vt 0.437420 0.135101
vt 0.411456 0.342495
vt 0.213804 0.511922
vt 0.337875 0.601179
vt 0.185175 0.619999
vt 0.611440 0.548317
vt 0.438499 0.522151
vt 0.536413 0.434917
vt 0.517900 0.691047
vt 0.378975 0.759339
vt 0.724211 0.603714
vt 0.568883 0.768659
vt 0.609419 0.213408
vt 0.625000 0.382072
vt 0.588498 0.519208
vt 0.209844 0.718096
vt 0.479559 0.953620
vt 0.390901 0.953078
vt 0.565332 0.774863
vt 0.583031 0.973602
vt 0.389658 0.010551
vt 0.376620 0.114133
vt 0.125000 0.581137
vt 0.375000 0.421875
s 0
g Cube.009_Material
usemtl Material
f 559/1117/874 552/1118/874 556/1119/874
f 552/1120/875 559/1121/875 551/1122/875
f 558/1123/876 559/1121/876 560/1124/876
f 560/1125/877 561/1126/877 562/1127/877
f 563/1128/878 566/1129/878 565/1130/878
f 564/1131/879 554/1132/879 561/1126/879
f 555/1133/880 557/1134/880 564/1131/880
f 556/1135/881 560/1124/881 559/1121/881
f 556/1135/882 565/1130/882 560/1124/882
f 565/1130/883 555/1136/883 563/1137/883
f 555/1133/884 556/1119/884 552/1118/884
f 555/1133/885 552/1118/885 557/1134/885
f 553/1138/886 562/1127/886 561/1126/886 554/1132/886
f 554/1132/887 564/1131/887 557/1134/887
f 557/1134/888 551/1139/888 554/1132/888
f 551/1139/889 553/1140/889 554/1132/889
f 557/1141/890 552/1142/890 551/1139/890
f 551/1122/891 558/1123/891 553/1143/891
f 558/1123/892 551/1122/892 559/1121/892
f 553/1143/893 558/1123/893 562/1144/893
f 560/1125/894 562/1127/894 558/1145/894
f 566/1129/895 563/1128/895 564/1131/895
f 566/1129/896 564/1131/896 561/1126/896
f 563/1128/897 555/1133/897 564/1131/897
f 560/1124/898 565/1130/898 566/1129/898
f 556/1135/899 555/1136/899 565/1130/899
f 561/1146/900 560/1124/900 566/1129/900
o Cube.010
v 11.363821 1.574942 -7.892223
v 11.238173 1.564409 -7.960311
v 11.072984 1.553352 -7.901936
v 11.310235 1.569124 -7.755449
v 11.408088 1.720740 -7.903846
v 11.101299 1.700719 -7.922545
v 11.116556 1.453637 -7.798595
v 11.155848 1.680744 -7.725750
v 11.393945 1.698232 -7.768761
vn -0.0738 0.9849 0.1564
vn -0.0521 0.9920 0.1151
vn -0.7964 0.2312 0.5589
vn -0.9587 0.0781 0.2736
vn -0.3283 -0.0687 -0.9421
vn 0.0878 -0.9961 -0.0080
vn 0.9567 -0.2863 0.0525
vn 0.8147 -0.4975 0.2980
vn 0.0383 0.3024 -0.9524
vn 0.5322 -0.8298 -0.1681
vn -0.1776 -0.7445 -0.6435
vn 0.1788 -0.0145 0.9838
vn -0.0335 -0.3000 0.9534
vn 0.4792 -0.2134 -0.8514
vt 0.856741 0.527884
vt 0.792799 0.664448
vt 0.661337 0.518959
vt 0.570885 0.667835
vt 0.614877 0.834550
vt 0.495616 0.943630
vt 0.319826 0.718976
vt 0.602263 0.105449
vt 0.455701 0.107225
vt 0.553174 0.006579
vt 0.371255 0.573451
vt 0.135465 0.689951
vt 0.165587 0.530358
vt 0.553103 0.308270
vt 0.565029 0.471740
vt 0.392929 0.256090
vt 0.405598 0.560759
vt 0.171875 0.750000
s 0
g Cube.010_Material
usemtl Material
f 571/1147/901 572/1148/901 575/1149/901
f 575/1149/902 572/1148/902 574/1150/902
f 572/1151/903 569/1152/903 573/1153/903
f 574/1150/904 572/1151/904 573/1153/904
f 572/1154/905 568/1155/905 569/1156/905
f 570/1157/906 568/1158/906 567/1159/906
f 571/1160/907 575/1161/907 567/1162/907
f 575/1161/908 570/1163/908 567/1162/908
f 568/1155/909 572/1154/909 571/1160/909
f 570/1157/910 573/1153/910 568/1158/910
f 568/1158/911 573/1153/911 569/1164/911
f 575/1149/912 574/1150/912 570/1163/912
f 574/1150/913 573/1153/913 570/1163/913
f 567/1162/914 568/1155/914 571/1160/914
o Cube.011
v 10.116887 1.720577 -8.332432
v 10.361000 1.477481 -8.051645
v 10.207917 1.365924 -8.264825
v 10.086506 1.575886 -8.120876
v 10.237867 1.743443 -8.100714
v 10.370541 1.723449 -8.318097
v 10.230438 1.535076 -8.454195
v 10.483741 1.670422 -8.188250
v 10.417342 1.480121 -8.288330
vn 0.4852 -0.8680 0.1058
vn -0.3977 -0.6641 0.6331
vn -0.8845 -0.3161 -0.3432
vn -0.7225 0.6146 0.3166
vn 0.3180 0.9420 0.1074
vn -0.0059 0.9954 -0.0952
vn 0.0402 0.5654 -0.8239
vn 0.6695 0.0380 -0.7418
vn 0.3265 -0.7239 -0.6078
vn 0.8851 -0.4172 0.2061
vn 0.7658 0.0691 -0.6394
vn -0.8943 -0.2755 -0.3525
vn -0.2171 0.0790 0.9730
vn 0.4039 0.3434 0.8479
vt 0.534218 0.539052
vt 0.807613 0.537738
vt 0.651467 0.712344
vt 0.812212 0.722590
vt 0.440472 0.699464
vt 0.505279 0.954605
vt 0.394685 0.910428
vt 0.529494 0.041599
vt 0.440272 0.169217
vt 0.407900 0.015209
vt 0.224689 0.500632
vt 0.298939 0.554231
vt 0.143822 0.628706
vt 0.350796 0.501919
vt 0.236030 0.724989
vt 0.358556 0.714558
vt 0.602122 0.296489
vt 0.527241 0.521298
vt 0.452229 0.375318
s 0
g Cube.011_Material
usemtl Material
f 584/1165/915 577/1166/915 578/1167/915
f 578/1167/916 577/1166/916 579/1168/916
f 582/1169/917 579/1170/917 576/1171/917
f 579/1172/918 580/1173/918 576/1174/918
f 583/1175/919 581/1176/919 580/1177/919
f 580/1177/920 581/1178/920 576/1179/920
f 581/1178/921 582/1180/921 576/1179/921
f 581/1178/922 584/1165/922 582/1169/922
f 584/1165/923 578/1167/923 582/1169/923
f 577/1181/924 584/1182/924 583/1183/924
f 583/1183/925 584/1165/925 581/1178/925
f 578/1167/926 579/1170/926 582/1169/926
f 579/1172/927 577/1181/927 580/1173/927
f 577/1181/928 583/1183/928 580/1173/928
o Cube.006
v 10.911955 1.570603 -10.239255
v 11.059667 1.681650 -10.202514
v 11.116478 1.545009 -10.353380
v 10.942738 1.676298 -10.276666
v 11.063443 1.652973 -10.331631
v 10.987473 1.587522 -10.407351
v 10.971079 1.501039 -10.263244
v 11.041623 1.602103 -10.148327
v 11.142344 1.544741 -10.251969
vn -0.9097 0.1247 -0.3961
vn -0.1106 0.8041 -0.5841
vn -0.0639 -0.8525 -0.5189
vn -0.5654 0.5481 0.6164
vn -0.5008 0.4148 0.7597
vn 0.1620 -0.7882 0.5937
vn -0.3743 -0.5703 0.7313
vn 0.7592 0.2399 0.6050
vn 0.8365 0.5396 -0.0954
vn 0.8580 0.4653 -0.2176
vn 0.4616 0.3875 -0.7980
vn -0.7629 -0.5124 -0.3943
vn 0.2508 -0.9657 -0.0665
vn 0.0908 0.9727 -0.2134
vt 0.423616 0.817668
vt 0.438163 0.985880
vt 0.399025 0.926987
vt 0.584080 0.909473
vt 0.477709 0.045024
vt 0.607265 0.122218
vt 0.441545 0.286085
vt 0.565477 0.549583
vt 0.592013 0.712367
vt 0.289400 0.584684
vt 0.400831 0.754486
vt 0.615924 0.357557
vt 0.551199 0.540629
vt 0.429879 0.509305
vt 0.769145 0.562221
vt 0.604783 0.677624
vt 0.780055 0.741830
vt 0.860509 0.631959
vt 0.567506 0.015179
vt 0.377433 0.096481
s 0
g Cube.006_Material
usemtl Material
f 588/1184/929 590/1185/929 585/1186/929
f 589/1187/930 590/1185/930 588/1184/930
f 590/1188/931 587/1189/931 591/1190/931
f 592/1191/932 586/1192/932 585/1193/932
f 586/1192/933 588/1194/933 585/1193/933
f 591/1190/934 593/1195/934 592/1196/934
f 592/1196/935 585/1197/935 591/1190/935
f 592/1191/936 593/1198/936 586/1199/936
f 586/1199/937 593/1198/937 589/1200/937
f 593/1198/938 587/1201/938 589/1200/938
f 589/1202/939 587/1189/939 590/1188/939
f 585/1203/940 590/1188/940 591/1190/940
f 591/1190/941 587/1189/941 593/1195/941
f 586/1192/942 589/1187/942 588/1184/942
o Cube.007
v 12.281228 1.459046 -9.644264
v 12.373844 1.668055 -9.614057
v 12.131140 1.535319 -9.646567
v 12.101117 1.612098 -9.487816
v 12.208673 1.444031 -9.466345
v 12.396197 1.484760 -9.520222
v 12.244076 1.719940 -9.513741
v 12.252113 1.650774 -9.684593
v 12.377424 1.598630 -9.441328
vn 0.9897 0.1387 0.0353
vn 0.5096 -0.1023 -0.8543
vn 0.5462 0.7811 0.3026
vn -0.0963 -0.2189 -0.9710
vn -0.4355 -0.8646 -0.2506
vn -0.6929 0.5890 -0.4159
vn -0.1336 0.3955 0.9087
vn 0.7367 -0.2348 -0.6341
vn 0.2135 -0.9769 0.0046
vn 0.3376 -0.4978 0.7989
vn -0.8439 -0.5279 0.0957
vn -0.6066 0.7266 -0.3227
vn 0.0834 0.9251 -0.3706
vn -0.1649 0.0204 0.9861
vt 0.862532 0.586626
vt 0.666025 0.612825
vt 0.793538 0.524739
vt 0.799625 0.742317
vt 0.596159 0.725728
vt 0.676667 0.500000
vt 0.533198 0.702151
vt 0.502729 0.907748
vt 0.315429 0.689365
vt 0.215046 0.717794
vt 0.139986 0.551629
vt 0.365533 0.517965
vt 0.592775 0.342442
vt 0.523296 0.508923
vt 0.395346 0.376049
vt 0.510142 0.020803
vt 0.592582 0.143625
vt 0.414253 0.208459
s 0
g Cube.007_Material
usemtl Material
f 599/1204/943 595/1205/943 602/1206/943
f 595/1205/944 594/1207/944 601/1208/944
f 602/1206/945 595/1205/945 600/1209/945
f 601/1210/946 594/1211/946 596/1212/946
f 596/1212/947 594/1213/947 598/1214/947
f 597/1215/948 601/1210/948 596/1212/948
f 602/1216/949 600/1217/949 597/1218/949
f 599/1204/950 594/1207/950 595/1205/950
f 594/1219/951 599/1220/951 598/1221/951
f 598/1221/952 599/1220/952 602/1216/952
f 598/1214/953 597/1215/953 596/1212/953
f 597/1215/954 600/1217/954 601/1210/954
f 600/1217/955 595/1205/955 601/1210/955
f 598/1221/956 602/1216/956 597/1218/956
o Cube.008
v 12.224650 1.473758 -8.262863
v 12.154204 1.544379 -8.381738
v 12.065937 1.644420 -8.407617
v 12.108711 1.665314 -8.256309
v 11.918160 1.615570 -8.277335
v 12.033504 1.519559 -8.181038
v 12.124316 1.412500 -8.279663
v 11.965216 1.633724 -8.436090
v 11.972822 1.500556 -8.365718
vn 0.7532 0.5884 -0.2942
vn -0.0723 0.9906 -0.1163
vn -0.2299 0.5376 0.8113
vn 0.2085 -0.5611 0.8011
vn 0.0813 -0.6215 -0.7792
vn 0.0343 -0.4654 -0.8844
vn -0.7469 -0.5902 0.3062
vn -0.9302 -0.2116 -0.2999
vn 0.2728 -0.0081 -0.9620
vn 0.8368 0.5130 -0.1911
vn -0.2560 0.9661 0.0346
vn 0.4290 0.2298 0.8736
vn 0.4755 -0.6033 -0.6402
vn -0.5947 -0.7561 0.2732
vt 0.551771 0.821043
vt 0.490236 0.981936
vt 0.443965 0.755163
vt 0.609545 0.740303
vt 0.579499 0.265268
vt 0.447677 0.232718
vt 0.490446 0.016300
vt 0.320967 0.499695
vt 0.242238 0.673984
vt 0.142687 0.564850
vt 0.543218 0.480597
vt 0.654480 0.663904
vt 0.651690 0.523626
vt 0.809399 0.589510
vt 0.375000 0.930496
vt 0.603518 0.001237
vt 0.583364 0.169025
vt 0.384386 0.054537
vt 0.382289 0.419599
s 0
g Cube.008_Material
usemtl Material
f 605/1222/957 606/1223/957 604/1224/957
f 605/1222/958 610/1225/958 606/1223/958
f 607/1226/959 608/1227/959 606/1228/959
f 609/1229/960 603/1230/960 608/1231/960
f 611/1232/961 604/1224/961 609/1229/961
f 611/1232/962 610/1233/962 604/1224/962
f 607/1226/963 611/1232/963 608/1227/963
f 611/1234/964 607/1235/964 610/1233/964
f 610/1233/965 605/1222/965 604/1224/965
f 603/1236/966 604/1224/966 606/1223/966
f 610/1237/967 607/1238/967 606/1228/967
f 603/1239/968 606/1228/968 608/1227/968
f 603/1230/969 609/1229/969 604/1224/969
f 609/1240/970 608/1227/970 611/1232/970
o Cube.009
v 12.241640 1.330141 -8.511879
v 12.352071 1.423839 -8.408494
v 12.067614 1.388093 -8.572540
v 12.126405 1.454679 -8.733165
v 12.406583 1.667336 -8.467624
v 12.294304 1.636389 -8.303571
v 12.364799 1.510724 -8.680387
v 12.094010 1.430354 -8.363128
v 12.181475 1.528606 -8.269166
v 12.006588 1.651782 -8.432148
v 12.034522 1.610118 -8.633405
v 11.970331 1.459166 -8.486298
v 12.288548 1.761548 -8.568314
v 12.297126 1.601035 -8.744313
v 12.175460 1.775029 -8.477569
v 12.080338 1.763654 -8.641884
vn 0.5056 -0.2675 0.8202
vn 0.0516 -0.7668 0.6398
vn -0.7013 -0.0554 0.7107
vn -0.9561 0.2307 -0.1805
vn 0.0432 0.9946 -0.0939
vn -0.3546 0.3475 -0.8680
vn 0.8443 0.3388 -0.4152
vn -0.3102 0.5681 0.7622
vn -0.2819 0.6472 0.7083
vn 0.3831 0.8546 0.3505
vn 0.8286 -0.0501 0.5576
vn 0.9741 -0.2244 -0.0261
vn -0.8178 -0.2623 -0.5123
vn 0.2869 -0.4009 -0.8701
vn 0.3060 -0.7527 -0.5830
vn -0.1493 -0.8929 -0.4248
vn 0.7280 -0.6622 -0.1775
vn -0.3784 -0.8969 0.2287
vn 0.1447 -0.7481 0.6476
vn -0.4325 -0.8717 0.2304
vn -0.7116 -0.0628 0.6998
vn 0.2364 0.7236 -0.6484
vn -0.3864 0.0645 -0.9201
vn 0.7573 0.5005 -0.4195
vn -0.5265 0.8130 0.2485
vn 0.3705 0.8331 0.4107
vn -0.9441 0.2714 -0.1872
vt 0.875000 0.649805
vt 0.849233 0.683396
vt 0.832712 0.540342
vt 0.580473 0.024703
vt 0.534759 0.188184
vt 0.498710 0.020990
vt 0.437420 0.135101
vt 0.411456 0.342495
vt 0.213804 0.511922
vt 0.337875 0.601179
vt 0.185175 0.619999
vt 0.611440 0.548317
vt 0.438499 0.522151
vt 0.536413 0.434917
vt 0.517900 0.691047
vt 0.378975 0.759339
vt 0.724211 0.603714
vt 0.568883 0.768659
vt 0.609419 0.213408
vt 0.625000 0.382072
vt 0.588498 0.519208
vt 0.209844 0.718096
vt 0.479559 0.953620
vt 0.390901 0.953078
vt 0.565332 0.774863
vt 0.583031 0.973602
vt 0.389658 0.010551
vt 0.376620 0.114133
vt 0.125000 0.581137
vt 0.375000 0.421875
s 0
g Cube.009_Material
usemtl Material
f 620/1241/971 613/1242/971 617/1243/971
f 613/1244/972 620/1245/972 612/1246/972
f 619/1247/973 620/1245/973 621/1248/973
f 621/1249/974 622/1250/974 623/1251/974
f 624/1252/975 627/1253/975 626/1254/975
f 625/1255/976 615/1256/976 622/1250/976
f 616/1257/977 618/1258/977 625/1255/977
f 617/1259/978 621/1248/978 620/1245/978
f 617/1259/979 626/1254/979 621/1248/979
f 626/1254/980 616/1260/980 624/1261/980
f 616/1257/981 617/1243/981 613/1242/981
f 616/1257/982 613/1242/982 618/1258/982
f 614/1262/983 623/1251/983 622/1250/983 615/1256/983
f 615/1256/984 625/1255/984 618/1258/984
f 618/1258/985 612/1263/985 615/1256/985
f 612/1263/986 614/1264/986 615/1256/986
f 618/1265/987 613/1266/987 612/1263/987
f 612/1246/988 619/1247/988 614/1267/988
f 619/1247/989 612/1246/989 620/1245/989
f 614/1267/990 619/1247/990 623/1268/990
f 621/1249/991 623/1251/991 619/1269/991
f 627/1253/992 624/1252/992 625/1255/992
f 627/1253/993 625/1255/993 622/1250/993
f 624/1252/994 616/1257/994 625/1255/994
f 621/1248/995 626/1254/995 627/1253/995
f 617/1259/996 616/1260/996 626/1254/996
f 622/1270/997 621/1248/997 627/1253/997
o Cube.010
v 12.171530 1.657001 -9.826833
v 12.079704 1.677396 -9.692467
v 11.955144 1.554152 -9.594130
v 12.123960 1.499023 -9.859920
v 12.336411 1.635850 -9.772429
v 12.111063 1.534914 -9.520797
v 11.888240 1.502987 -9.743833
v 12.121052 1.366099 -9.683772
v 12.300234 1.501734 -9.846841
vn 0.7437 -0.4664 0.4790
vn 0.7638 -0.4243 0.4863
vn -0.3060 -0.8506 0.4275
vn -0.5145 -0.6111 0.6015
vn -0.2138 0.7321 0.6467
vn -0.7500 0.3441 -0.5648
vn 0.3333 0.3871 -0.8597
vn 0.0699 0.1843 -0.9804
vn 0.3022 0.7599 0.5755
vn -0.3471 0.5947 -0.7252
vn -0.6803 0.7309 0.0542
vn 0.0568 -0.7974 -0.6008
vn -0.2975 -0.7597 -0.5782
vn 0.1438 0.9882 -0.0517
vt 0.856741 0.527884
vt 0.792799 0.664448
vt 0.661337 0.518959
vt 0.570885 0.667835
vt 0.614877 0.834550
vt 0.495616 0.943630
vt 0.319826 0.718976
vt 0.602263 0.105449
vt 0.455701 0.107225
vt 0.553174 0.006579
vt 0.371255 0.573451
vt 0.135465 0.689951
vt 0.165587 0.530358
vt 0.553103 0.308270
vt 0.565029 0.471740
vt 0.392929 0.256090
vt 0.405598 0.560759
vt 0.171875 0.750000
s 0
g Cube.010_Material
usemtl Material
f 632/1271/998 633/1272/998 636/1273/998
f 636/1273/999 633/1272/999 635/1274/999
f 633/1275/1000 630/1276/1000 634/1277/1000
f 635/1274/1001 633/1275/1001 634/1277/1001
f 633/1278/1002 629/1279/1002 630/1280/1002
f 631/1281/1003 629/1282/1003 628/1283/1003
f 632/1284/1004 636/1285/1004 628/1286/1004
f 636/1285/1005 631/1287/1005 628/1286/1005
f 629/1279/1006 633/1278/1006 632/1284/1006
f 631/1281/1007 634/1277/1007 629/1282/1007
f 629/1282/1008 634/1277/1008 630/1288/1008
f 636/1273/1009 635/1274/1009 631/1287/1009
f 635/1274/1010 634/1277/1010 631/1287/1010
f 628/1286/1011 629/1279/1011 632/1284/1011
o Cube.011
v 10.558353 1.693720 -8.013363
v 10.475498 1.467435 -8.272477
v 10.667283 1.588893 -8.268363
v 10.480752 1.695842 -8.203624
v 10.393132 1.589339 -8.087192
v 10.545662 1.492815 -7.993471
v 10.719500 1.594014 -8.072308
v 10.481446 1.392909 -8.074018
v 10.631584 1.434032 -8.162715
vn 0.3823 -0.5793 -0.7199
vn -0.1623 0.2882 -0.9437
vn 0.4686 0.8646 -0.1815
vn -0.5947 0.7637 0.2511
vn -0.6088 -0.2226 0.7615
vn -0.4655 0.1163 0.8774
vn 0.3793 0.0674 0.9228
vn 0.5936 -0.6177 0.5159
vn 0.9019 -0.3653 -0.2307
vn 0.0478 -0.9346 -0.3524
vn 0.4899 -0.7159 0.4974
vn 0.4542 0.8792 -0.1439
vn -0.8553 0.1675 -0.4904
vn -0.9013 -0.4138 -0.1284
vt 0.534218 0.539052
vt 0.807613 0.537738
vt 0.651467 0.712344
vt 0.812212 0.722590
vt 0.440472 0.699464
vt 0.505279 0.954605
vt 0.394685 0.910428
vt 0.529494 0.041599
vt 0.440272 0.169217
vt 0.407900 0.015209
vt 0.224689 0.500632
vt 0.298939 0.554231
vt 0.143822 0.628706
vt 0.350796 0.501919
vt 0.236030 0.724989
vt 0.358556 0.714558
vt 0.602122 0.296489
vt 0.527241 0.521298
vt 0.452229 0.375318
s 0
g Cube.011_Material
usemtl Material
f 645/1289/1012 638/1290/1012 639/1291/1012
f 639/1291/1013 638/1290/1013 640/1292/1013
f 643/1293/1014 640/1294/1014 637/1295/1014
f 640/1296/1015 641/1297/1015 637/1298/1015
f 644/1299/1016 642/1300/1016 641/1301/1016
f 641/1301/1017 642/1302/1017 637/1303/1017
f 642/1302/1018 643/1304/1018 637/1303/1018
f 642/1302/1019 645/1289/1019 643/1293/1019
f 645/1289/1020 639/1291/1020 643/1293/1020
f 638/1305/1021 645/1306/1021 644/1307/1021
f 644/1307/1022 645/1289/1022 642/1302/1022
f 639/1291/1023 640/1294/1023 643/1293/1023
f 640/1296/1024 638/1305/1024 641/1297/1024
f 638/1305/1025 644/1307/1025 641/1297/1025
o Cube.006
v 10.307384 1.443109 -9.785823
v 10.365616 1.596960 -9.767694
v 10.363744 1.557225 -9.949006
v 10.261799 1.533886 -9.775249
v 10.305307 1.594527 -9.867018
v 10.246248 1.516159 -9.917536
v 10.352946 1.434601 -9.854571
v 10.417532 1.528769 -9.760389
v 10.435666 1.560967 -9.891873
vn -0.8759 -0.4576 0.1527
vn -0.8027 0.5962 0.0134
vn 0.0011 -0.6102 -0.7922
vn -0.1935 -0.0423 0.9802
vn -0.0015 -0.1165 0.9932
vn 0.8338 -0.5517 -0.0201
vn 0.4940 -0.7604 0.4215
vn 0.7568 0.6031 0.2521
vn 0.2182 0.9633 -0.1561
vn 0.1852 0.9375 -0.2945
vn -0.4023 0.6906 -0.6010
vn -0.5020 -0.8339 -0.2295
vn 0.5394 -0.5431 -0.6435
vn -0.5121 0.8081 0.2912
vt 0.423616 0.817668
vt 0.438163 0.985880
vt 0.399025 0.926987
vt 0.584080 0.909473
vt 0.477709 0.045024
vt 0.607265 0.122218
vt 0.441545 0.286085
vt 0.565477 0.549583
vt 0.592013 0.712367
vt 0.289400 0.584684
vt 0.400831 0.754486
vt 0.615924 0.357557
vt 0.551199 0.540629
vt 0.429879 0.509305
vt 0.769145 0.562221
vt 0.604783 0.677624
vt 0.780055 0.741830
vt 0.860509 0.631959
vt 0.567506 0.015179
vt 0.377433 0.096481
s 0
g Cube.006_Material
usemtl Material
f 649/1308/1026 651/1309/1026 646/1310/1026
f 650/1311/1027 651/1309/1027 649/1308/1027
f 651/1312/1028 648/1313/1028 652/1314/1028
f 653/1315/1029 647/1316/1029 646/1317/1029
f 647/1316/1030 649/1318/1030 646/1317/1030
f 652/1314/1031 654/1319/1031 653/1320/1031
f 653/1320/1032 646/1321/1032 652/1314/1032
f 653/1315/1033 654/1322/1033 647/1323/1033
f 647/1323/1034 654/1322/1034 650/1324/1034
f 654/1322/1035 648/1325/1035 650/1324/1035
f 650/1326/1036 648/1313/1036 651/1312/1036
f 646/1327/1037 651/1312/1037 652/1314/1037
f 652/1314/1038 648/1313/1038 654/1319/1038
f 647/1316/1039 650/1311/1039 649/1308/1039
o Cube.007
v 12.346020 1.420359 -9.288378
v 12.246011 1.548205 -9.417788
v 12.209701 1.371177 -9.243964
v 12.129020 1.492312 -9.175055
v 12.306290 1.507378 -9.143631
v 12.383144 1.569740 -9.293295
v 12.131999 1.573692 -9.316123
v 12.195956 1.435973 -9.383416
v 12.287011 1.650945 -9.291858
vn 0.4895 0.5908 -0.6414
vn 0.4479 -0.4384 -0.7792
vn -0.3062 0.7840 -0.5400
vn 0.1796 -0.8853 -0.4290
vn 0.4361 -0.7134 0.5486
vn -0.8594 -0.4908 -0.1434
vn -0.4550 0.7755 0.4377
vn 0.6760 -0.1914 -0.7116
vn 0.9024 -0.2119 0.3751
vn 0.5456 0.6363 0.5453
vn -0.1018 -0.5422 0.8340
vn -0.9220 -0.3266 -0.2079
vn -0.6564 0.0625 -0.7518
vn -0.1824 0.6943 0.6962
vt 0.862532 0.586626
vt 0.666025 0.612825
vt 0.793538 0.524739
vt 0.799625 0.742317
vt 0.596159 0.725728
vt 0.676667 0.500000
vt 0.533198 0.702151
vt 0.502729 0.907748
vt 0.315429 0.689365
vt 0.215046 0.717794
vt 0.139986 0.551629
vt 0.365533 0.517965
vt 0.592775 0.342442
vt 0.523296 0.508923
vt 0.395346 0.376049
vt 0.510142 0.020803
vt 0.592582 0.143625
vt 0.414253 0.208459
s 0
g Cube.007_Material
usemtl Material
f 660/1328/1040 656/1329/1040 663/1330/1040
f 656/1329/1041 655/1331/1041 662/1332/1041
f 663/1330/1042 656/1329/1042 661/1333/1042
f 662/1334/1043 655/1335/1043 657/1336/1043
f 657/1336/1044 655/1337/1044 659/1338/1044
f 658/1339/1045 662/1334/1045 657/1336/1045
f 663/1340/1046 661/1341/1046 658/1342/1046
f 660/1328/1047 655/1331/1047 656/1329/1047
f 655/1343/1048 660/1344/1048 659/1345/1048
f 659/1345/1049 660/1344/1049 663/1340/1049
f 659/1338/1050 658/1339/1050 657/1336/1050
f 658/1339/1051 661/1341/1051 662/1334/1051
f 661/1341/1052 656/1329/1052 662/1334/1052
f 659/1345/1053 663/1340/1053 658/1342/1053
o Cube.008
v 11.903052 1.483381 -8.532409
v 11.933064 1.484852 -8.393130
v 12.003626 1.545455 -8.309954
v 12.006581 1.628377 -8.429646
v 12.168311 1.556064 -8.388613
v 12.092829 1.530276 -8.531588
v 11.986685 1.414359 -8.521015
v 12.084459 1.513020 -8.268165
v 12.096662 1.433342 -8.380754
vn -0.8064 0.4953 0.3232
vn 0.0349 0.8211 0.5697
vn 0.4564 0.8019 -0.3856
vn 0.0344 -0.1220 -0.9919
vn -0.3049 -0.8823 0.3585
vn -0.2907 -0.7956 0.5315
vn 0.8039 -0.4909 -0.3359
vn 0.8023 -0.4428 0.4003
vn -0.5416 -0.3909 0.7442
vn -0.8563 0.4843 0.1794
vn 0.2547 0.8408 0.4778
vn -0.1556 0.6427 -0.7501
vn -0.6415 -0.7531 0.1462
vn 0.6487 -0.6326 -0.4230
vt 0.551771 0.821043
vt 0.490236 0.981936
vt 0.443965 0.755163
vt 0.609545 0.740303
vt 0.579499 0.265268
vt 0.447677 0.232718
vt 0.490446 0.016300
vt 0.320967 0.499695
vt 0.242238 0.673984
vt 0.142687 0.564850
vt 0.543218 0.480597
vt 0.654480 0.663904
vt 0.651690 0.523626
vt 0.809399 0.589510
vt 0.375000 0.930496
vt 0.603518 0.001237
vt 0.583364 0.169025
vt 0.384386 0.054537
vt 0.382289 0.419599
s 0
g Cube.008_Material
usemtl Material
f 666/1346/1054 667/1347/1054 665/1348/1054
f 666/1346/1055 671/1349/1055 667/1347/1055
f 668/1350/1056 669/1351/1056 667/1352/1056
f 670/1353/1057 664/1354/1057 669/1355/1057
f 672/1356/1058 665/1348/1058 670/1353/1058
f 672/1356/1059 671/1357/1059 665/1348/1059
f 668/1350/1060 672/1356/1060 669/1351/1060
f 672/1358/1061 668/1359/1061 671/1357/1061
f 671/1357/1062 666/1346/1062 665/1348/1062
f 664/1360/1063 665/1348/1063 667/1347/1063
f 671/1361/1064 668/1362/1064 667/1352/1064
f 664/1363/1065 667/1352/1065 669/1351/1065
f 664/1354/1066 670/1353/1066 665/1348/1066
f 670/1364/1067 669/1351/1067 672/1356/1067
o Cube.009
v 12.111816 1.323924 -8.909344
v 12.190532 1.369755 -9.033352
v 12.145628 1.366207 -8.751307
v 12.044889 1.488764 -8.746593
v 12.236260 1.584851 -9.061833
v 12.370245 1.479978 -9.025563
v 12.034748 1.545018 -8.955537
v 12.301044 1.318867 -8.842140
v 12.381932 1.368507 -8.944769
v 12.372532 1.500451 -8.753516
v 12.206970 1.552963 -8.708806
v 12.264275 1.371346 -8.703232
v 12.241059 1.678564 -8.936019
v 12.048534 1.628581 -8.882016
v 12.343168 1.636164 -8.875756
v 12.252417 1.678839 -8.745399
vn 0.3549 -0.5240 -0.7743
vn 0.1213 -0.9536 -0.2755
vn 0.7832 -0.4932 0.3787
vn 0.2947 0.1221 0.9478
vn 0.3959 0.9180 -0.0249
vn -0.4058 0.6413 0.6512
vn -0.4563 0.6290 -0.6294
vn 0.9955 0.0932 -0.0154
vn 0.9812 0.1919 -0.0227
vn 0.5680 0.6495 -0.5055
vn 0.1400 -0.1592 -0.9773
vn -0.4636 -0.0187 -0.8859
vn -0.2599 -0.1323 0.9565
vn -0.9924 0.0981 0.0746
vn -0.9403 -0.3372 -0.0451
vn -0.7263 -0.6092 0.3184
vn -0.7149 -0.3728 -0.5916
vn -0.1253 -0.9514 0.2814
vn 0.1048 -0.9251 -0.3648
vn -0.0931 -0.9393 0.3302
vn 0.7743 -0.4964 0.3925
vn -0.2478 0.9687 0.0134
vn -0.5750 0.4129 0.7063
vn -0.3511 0.7573 -0.5507
vn 0.7767 0.5059 0.3751
vn 0.6102 0.6010 -0.5163
vn 0.3050 0.1627 0.9384
vt 0.875000 0.649805
vt 0.849233 0.683396
vt 0.832712 0.540342
vt 0.580473 0.024703
vt 0.534759 0.188184
vt 0.498710 0.020990
vt 0.437420 0.135101
vt 0.411456 0.342495
vt 0.213804 0.511922
vt 0.337875 0.601179
vt 0.185175 0.619999
vt 0.611440 0.548317
vt 0.438499 0.522151
vt 0.536413 0.434917
vt 0.517900 0.691047
vt 0.378975 0.759339
vt 0.724211 0.603714
vt 0.568883 0.768659
vt 0.609419 0.213408
vt 0.625000 0.382072
vt 0.588498 0.519208
vt 0.209844 0.718096
vt 0.479559 0.953620
vt 0.390901 0.953078
vt 0.565332 0.774863
vt 0.583031 0.973602
vt 0.389658 0.010551
vt 0.376620 0.114133
vt 0.125000 0.581137
vt 0.375000 0.421875
s 0
g Cube.009_Material
usemtl Material
f 681/1365/1068 674/1366/1068 678/1367/1068
f 674/1368/1069 681/1369/1069 673/1370/1069
f 680/1371/1070 681/1369/1070 682/1372/1070
f 682/1373/1071 683/1374/1071 684/1375/1071
f 685/1376/1072 688/1377/1072 687/1378/1072
f 686/1379/1073 676/1380/1073 683/1374/1073
f 677/1381/1074 679/1382/1074 686/1379/1074
f 678/1383/1075 682/1372/1075 681/1369/1075
f 678/1383/1076 687/1378/1076 682/1372/1076
f 687/1378/1077 677/1384/1077 685/1385/1077
f 677/1381/1078 678/1367/1078 674/1366/1078
f 677/1381/1079 674/1366/1079 679/1382/1079
f 675/1386/1080 684/1375/1080 683/1374/1080 676/1380/1080
f 676/1380/1081 686/1379/1081 679/1382/1081
f 679/1382/1082 673/1387/1082 676/1380/1082
f 673/1387/1083 675/1388/1083 676/1380/1083
f 679/1389/1084 674/1390/1084 673/1387/1084
f 673/1370/1085 680/1371/1085 675/1391/1085
f 680/1371/1086 673/1370/1086 681/1369/1086
f 675/1391/1087 680/1371/1087 684/1392/1087
f 682/1373/1088 684/1375/1088 680/1393/1088
f 688/1377/1089 685/1376/1089 686/1379/1089
f 688/1377/1090 686/1379/1090 683/1374/1090
f 685/1376/1091 677/1381/1091 686/1379/1091
f 682/1372/1092 687/1378/1092 688/1377/1092
f 678/1383/1093 677/1384/1093 687/1378/1093
f 683/1394/1094 682/1372/1094 688/1377/1094
o Cube.010
v 11.308278 1.620403 -8.013474
v 11.297596 1.486742 -7.932652
v 11.313771 1.302920 -7.984948
v 11.332829 1.553807 -8.157561
v 11.457781 1.685954 -7.978448
v 11.464970 1.351858 -7.938778
v 11.221360 1.332777 -8.117054
v 11.474087 1.397527 -8.158071
v 11.460006 1.660317 -8.126650
vn 0.9997 0.0228 0.0111
vn 0.9976 0.0473 0.0513
vn 0.3972 -0.7955 -0.4576
vn 0.2145 -0.9579 -0.1906
vn -0.1947 -0.2842 0.9388
vn -0.9870 -0.0178 -0.1599
vn -0.3636 0.9170 -0.1641
vn -0.5158 0.7408 -0.4303
vn 0.1325 0.1197 0.9839
vn -0.8933 0.4494 -0.0059
vn -0.8219 -0.2216 0.5248
vn 0.1345 0.1247 -0.9830
vn -0.1304 -0.1147 -0.9848
vn -0.3987 0.4977 0.7703
vt 0.856741 0.527884
vt 0.792799 0.664448
vt 0.661337 0.518959
vt 0.570885 0.667835
vt 0.614877 0.834550
vt 0.495616 0.943630
vt 0.319826 0.718976
vt 0.602263 0.105449
vt 0.455701 0.107225
vt 0.553174 0.006579
vt 0.371255 0.573451
vt 0.135465 0.689951
vt 0.165587 0.530358
vt 0.553103 0.308270
vt 0.565029 0.471740
vt 0.392929 0.256090
vt 0.405598 0.560759
vt 0.171875 0.750000
s 0
g Cube.010_Material
usemtl Material
f 693/1395/1095 694/1396/1095 697/1397/1095
f 697/1397/1096 694/1396/1096 696/1398/1096
f 694/1399/1097 691/1400/1097 695/1401/1097
f 696/1398/1098 694/1399/1098 695/1401/1098
f 694/1402/1099 690/1403/1099 691/1404/1099
f 692/1405/1100 690/1406/1100 689/1407/1100
f 693/1408/1101 697/1409/1101 689/1410/1101
f 697/1409/1102 692/1411/1102 689/1410/1102
f 690/1403/1103 694/1402/1103 693/1408/1103
f 692/1405/1104 695/1401/1104 690/1406/1104
f 690/1406/1105 695/1401/1105 691/1412/1105
f 697/1397/1106 696/1398/1106 692/1411/1106
f 696/1398/1107 695/1401/1107 692/1411/1107
f 689/1410/1108 690/1403/1108 693/1408/1108
o Cube.011
v 12.240137 1.479886 -8.605021
v 12.016973 1.525061 -8.990773
v 12.236127 1.694045 -8.913154
v 12.051297 1.626057 -8.708171
v 12.014642 1.400762 -8.718295
v 12.242637 1.311573 -8.797994
v 12.398484 1.536230 -8.791739
v 12.129923 1.287222 -8.938357
v 12.255321 1.467541 -8.994925
vn 0.0667 0.3438 -0.9367
vn -0.5446 0.8086 -0.2228
vn 0.3289 0.7900 0.5174
vn -0.4583 0.0347 0.8881
vn -0.2345 -0.9085 0.3459
vn -0.0652 -0.7524 0.6554
vn 0.7241 -0.5151 0.4586
vn 0.7696 -0.5237 -0.3652
vn 0.7359 0.2842 -0.6146
vn -0.0770 -0.2493 -0.9654
vn 0.6703 -0.6022 -0.4338
vn 0.3309 0.7652 0.5522
vn -0.9855 0.1575 0.0634
vn -0.8627 -0.4573 -0.2160
vt 0.534218 0.539052
vt 0.807613 0.537738
vt 0.651467 0.712344
vt 0.812212 0.722590
vt 0.440472 0.699464
vt 0.505279 0.954605
vt 0.394685 0.910428
vt 0.529494 0.041599
vt 0.440272 0.169217
vt 0.407900 0.015209
vt 0.224689 0.500632
vt 0.298939 0.554231
vt 0.143822 0.628706
vt 0.350796 0.501919
vt 0.236030 0.724989
vt 0.358556 0.714558
vt 0.602122 0.296489
vt 0.527241 0.521298
vt 0.452229 0.375318
s 0
g Cube.011_Material
usemtl Material
f 706/1413/1109 699/1414/1109 700/1415/1109
f 700/1415/1110 699/1414/1110 701/1416/1110
f 704/1417/1111 701/1418/1111 698/1419/1111
f 701/1420/1112 702/1421/1112 698/1422/1112
f 705/1423/1113 703/1424/1113 702/1425/1113
f 702/1425/1114 703/1426/1114 698/1427/1114
f 703/1426/1115 704/1428/1115 698/1427/1115
f 703/1426/1116 706/1413/1116 704/1417/1116
f 706/1413/1117 700/1415/1117 704/1417/1117
f 699/1429/1118 706/1430/1118 705/1431/1118
f 705/1431/1119 706/1413/1119 703/1426/1119
f 700/1415/1120 701/1418/1120 704/1417/1120
f 701/1420/1121 699/1429/1121 702/1421/1121
f 699/1429/1122 705/1431/1122 702/1421/1122
o Cube.006
v 10.628934 1.317926 -8.214762
v 10.687630 1.500798 -8.327911
v 10.629239 1.569492 -8.094714
v 10.750656 1.375212 -8.243472
v 10.735217 1.520570 -8.180093
v 10.730599 1.433924 -8.059382
v 10.561454 1.380004 -8.151009
v 10.579429 1.459683 -8.332874
v 10.563111 1.584115 -8.198372
vn 0.4639 -0.8281 0.3147
vn 0.9939 0.0678 0.0867
vn -0.4480 -0.1035 0.8880
vn 0.2512 -0.5663 -0.7850
vn 0.0548 -0.5380 -0.8411
vn -0.9943 -0.0164 -0.1055
vn -0.7858 -0.5341 -0.3117
vn -0.2347 0.6992 -0.6753
vn 0.3585 0.9031 -0.2362
vn 0.3536 0.9306 -0.0943
vn 0.6497 0.6055 0.4595
vn -0.1014 -0.7643 0.6369
vn -0.8269 0.1335 0.5463
vn 0.9144 0.2394 -0.3264
vt 0.423616 0.817668
vt 0.438163 0.985880
vt 0.399025 0.926987
vt 0.584080 0.909473
vt 0.477709 0.045024
vt 0.607265 0.122218
vt 0.441545 0.286085
vt 0.565477 0.549583
vt 0.592013 0.712367
vt 0.289400 0.584684
vt 0.400831 0.754486
vt 0.615924 0.357557
vt 0.551199 0.540629
vt 0.429879 0.509305
vt 0.769145 0.562221
vt 0.604783 0.677624
vt 0.780055 0.741830
vt 0.860509 0.631959
vt 0.567506 0.015179
vt 0.377433 0.096481
s 0
g Cube.006_Material
usemtl Material
f 710/1432/1123 712/1433/1123 707/1434/1123
f 711/1435/1124 712/1433/1124 710/1432/1124
f 712/1436/1125 709/1437/1125 713/1438/1125
f 714/1439/1126 708/1440/1126 707/1441/1126
f 708/1440/1127 710/1442/1127 707/1441/1127
f 713/1438/1128 715/1443/1128 714/1444/1128
f 714/1444/1129 707/1445/1129 713/1438/1129
f 714/1439/1130 715/1446/1130 708/1447/1130
f 708/1447/1131 715/1446/1131 711/1448/1131
f 715/1446/1132 709/1449/1132 711/1448/1132
f 711/1450/1133 709/1437/1133 712/1436/1133
f 707/1451/1134 712/1436/1134 713/1438/1134
f 713/1438/1135 709/1437/1135 715/1443/1135
f 708/1440/1136 711/1435/1136 710/1432/1136
o Cube.007
v 10.274712 1.377510 -9.158704
v 10.183956 1.510259 -9.283716
v 10.149342 1.297734 -9.164707
v 10.030805 1.381561 -9.102364
v 10.183752 1.418790 -9.020854
v 10.276194 1.525119 -9.126416
v 10.048591 1.491077 -9.217397
v 10.155061 1.388454 -9.285879
v 10.168512 1.584477 -9.137768
vn 0.4795 0.8017 -0.3569
vn 0.7125 -0.1569 -0.6839
vn -0.3394 0.8234 -0.4547
vn 0.4786 -0.7136 -0.5117
vn 0.4433 -0.7353 0.5127
vn -0.6609 -0.5854 -0.4695
vn -0.7146 0.5585 0.4212
vn 0.8538 0.1031 -0.5104
vn 0.8083 -0.1335 0.5734
vn 0.2342 0.5748 0.7841
vn -0.1723 -0.7330 0.6581
vn -0.7424 -0.4242 -0.5186
vn -0.4506 0.1226 -0.8843
vn -0.5017 0.4675 0.7279
vt 0.862532 0.586626
vt 0.666025 0.612825
vt 0.793538 0.524739
vt 0.799625 0.742317
vt 0.596159 0.725728
vt 0.676667 0.500000
vt 0.533198 0.702151
vt 0.502729 0.907748
vt 0.315429 0.689365
vt 0.215046 0.717794
vt 0.139986 0.551629
vt 0.365533 0.517965
vt 0.592775 0.342442
vt 0.523296 0.508923
vt 0.395346 0.376049
vt 0.510142 0.020803
vt 0.592582 0.143625
vt 0.414253 0.208459
s 0
g Cube.007_Material
usemtl Material
f 721/1452/1137 717/1453/1137 724/1454/1137
f 717/1453/1138 716/1455/1138 723/1456/1138
f 724/1454/1139 717/1453/1139 722/1457/1139
f 723/1458/1140 716/1459/1140 718/1460/1140
f 718/1460/1141 716/1461/1141 720/1462/1141
f 719/1463/1142 723/1458/1142 718/1460/1142
f 724/1464/1143 722/1465/1143 719/1466/1143
f 721/1452/1144 716/1455/1144 717/1453/1144
f 716/1467/1145 721/1468/1145 720/1469/1145
f 720/1469/1146 721/1468/1146 724/1464/1146
f 720/1462/1147 719/1463/1147 718/1460/1147
f 719/1463/1148 722/1465/1148 723/1458/1148
f 722/1465/1149 717/1453/1149 723/1458/1149
f 720/1469/1150 724/1464/1150 719/1466/1150
o Cube.008
v 10.369902 1.284575 -9.441785
v 10.330561 1.459101 -9.387911
v 10.252888 1.540885 -9.269370
v 10.269002 1.362164 -9.204002
v 10.043279 1.427087 -9.245215
v 10.135735 1.258535 -9.340788
v 10.245950 1.315776 -9.505855
v 10.140780 1.599178 -9.278399
v 10.107415 1.480856 -9.412029
vn 0.8792 0.2316 0.4163
vn 0.1071 0.3500 0.9306
vn -0.3063 -0.5911 0.7462
vn -0.0503 -0.9327 -0.3570
vn 0.1432 0.5771 -0.8040
vn 0.1435 0.7229 -0.6759
vn -0.8759 -0.2448 -0.4157
vn -0.8697 0.4567 -0.1872
vn 0.4606 0.8425 -0.2795
vn 0.9272 0.0974 0.3617
vn -0.1053 0.2455 0.9637
vn 0.2700 -0.8757 0.4003
vn 0.4983 0.3563 -0.7904
vn -0.7477 -0.2871 -0.5988
vt 0.551771 0.821043
vt 0.490236 0.981936
vt 0.443965 0.755163
vt 0.609545 0.740303
vt 0.579499 0.265268
vt 0.447677 0.232718
vt 0.490446 0.016300
vt 0.320967 0.499695
vt 0.242238 0.673984
vt 0.142687 0.564850
vt 0.543218 0.480597
vt 0.654480 0.663904
vt 0.651690 0.523626
vt 0.809399 0.589510
vt 0.375000 0.930496
vt 0.603518 0.001237
vt 0.583364 0.169025
vt 0.384386 0.054537
vt 0.382289 0.419599
s 0
g Cube.008_Material
usemtl Material
f 727/1470/1151 728/1471/1151 726/1472/1151
f 727/1470/1152 732/1473/1152 728/1471/1152
f 729/1474/1153 730/1475/1153 728/1476/1153
f 731/1477/1154 725/1478/1154 730/1479/1154
f 733/1480/1155 726/1472/1155 731/1477/1155
f 733/1480/1156 732/1481/1156 726/1472/1156
f 729/1474/1157 733/1480/1157 730/1475/1157
f 733/1482/1158 729/1483/1158 732/1481/1158
f 732/1481/1159 727/1470/1159 726/1472/1159
f 725/1484/1160 726/1472/1160 728/1471/1160
f 732/1485/1161 729/1486/1161 728/1476/1161
f 725/1487/1162 728/1476/1162 730/1475/1162
f 725/1478/1163 731/1477/1163 726/1472/1163
f 731/1488/1164 730/1475/1164 733/1480/1164
o Cube.009
v 11.919580 1.309886 -9.377276
v 12.074229 1.274740 -9.383059
v 11.841920 1.436506 -9.464591
v 11.795942 1.342617 -9.590563
v 12.178008 1.250439 -9.585407
v 12.222874 1.394196 -9.487849
v 11.949860 1.180774 -9.584647
v 12.005608 1.498183 -9.385479
v 12.147587 1.478719 -9.401271
v 12.036947 1.579908 -9.588474
v 11.899885 1.477917 -9.659406
v 11.893633 1.557168 -9.479696
v 12.114688 1.323946 -9.714997
v 11.927517 1.226726 -9.688425
v 12.134717 1.449252 -9.687352
v 11.988018 1.463873 -9.771267
vn 0.6554 -0.1700 0.7359
vn 0.0531 0.0698 0.9961
vn 0.1675 0.9053 0.3903
vn -0.4184 0.8256 -0.3786
vn 0.5017 0.1091 -0.8581
vn -0.5791 0.0304 -0.8147
vn 0.2613 -0.8605 -0.4373
vn 0.7194 0.6927 -0.0507
vn 0.7372 0.6603 -0.1435
vn 0.8883 -0.0411 -0.4574
vn 0.7302 -0.5248 0.4375
vn 0.2831 -0.9243 0.2562
vn -0.8658 0.4752 -0.1566
vn -0.7138 -0.6843 -0.1493
vn -0.6959 -0.6508 0.3036
vn -0.8600 -0.2054 0.4670
vn -0.1738 -0.8472 0.5021
vn -0.4985 0.2637 0.8258
vn 0.1096 -0.0068 0.9939
vn -0.5070 0.3176 0.8013
vn 0.1512 0.9087 0.3892
vn 0.0428 -0.3392 -0.9397
vn -0.7863 -0.0151 -0.6176
vn 0.3095 -0.7542 -0.5791
vn 0.3955 0.7238 -0.5654
vn 0.9137 -0.0094 -0.4063
vn -0.3954 0.8197 -0.4145
vt 0.875000 0.649805
vt 0.849233 0.683396
vt 0.832712 0.540342
vt 0.580473 0.024703
vt 0.534759 0.188184
vt 0.498710 0.020990
vt 0.437420 0.135101
vt 0.411456 0.342495
vt 0.213804 0.511922
vt 0.337875 0.601179
vt 0.185175 0.619999
vt 0.611440 0.548317
vt 0.438499 0.522151
vt 0.536413 0.434917
vt 0.517900 0.691047
vt 0.378975 0.759339
vt 0.724211 0.603714
vt 0.568883 0.768659
vt 0.609419 0.213408
vt 0.625000 0.382072
vt 0.588498 0.519208
vt 0.209844 0.718096
vt 0.479559 0.953620
vt 0.390901 0.953078
vt 0.565332 0.774863
vt 0.583031 0.973602
vt 0.389658 0.010551
vt 0.376620 0.114133
vt 0.125000 0.581137
vt 0.375000 0.421875
s 0
g Cube.009_Material
usemtl Material
f 742/1489/1165 735/1490/1165 739/1491/1165
f 735/1492/1166 742/1493/1166 734/1494/1166
f 741/1495/1167 742/1493/1167 743/1496/1167
f 743/1497/1168 744/1498/1168 745/1499/1168
f 746/1500/1169 749/1501/1169 748/1502/1169
f 747/1503/1170 737/1504/1170 744/1498/1170
f 738/1505/1171 740/1506/1171 747/1503/1171
f 739/1507/1172 743/1496/1172 742/1493/1172
f 739/1507/1173 748/1502/1173 743/1496/1173
f 748/1502/1174 738/1508/1174 746/1509/1174
f 738/1505/1175 739/1491/1175 735/1490/1175
f 738/1505/1176 735/1490/1176 740/1506/1176
f 736/1510/1177 745/1499/1177 744/1498/1177 737/1504/1177
f 737/1504/1178 747/1503/1178 740/1506/1178
f 740/1506/1179 734/1511/1179 737/1504/1179
f 734/1511/1180 736/1512/1180 737/1504/1180
f 740/1513/1181 735/1514/1181 734/1511/1181
f 734/1494/1182 741/1495/1182 736/1515/1182
f 741/1495/1183 734/1494/1183 742/1493/1183
f 736/1515/1184 741/1495/1184 745/1516/1184
f 743/1497/1185 745/1499/1185 741/1517/1185
f 749/1501/1186 746/1500/1186 747/1503/1186
f 749/1501/1187 747/1503/1187 744/1498/1187
f 746/1500/1188 738/1505/1188 747/1503/1188
f 743/1496/1189 748/1502/1189 749/1501/1189
f 739/1507/1190 738/1508/1190 748/1502/1190
f 744/1518/1191 743/1496/1191 749/1501/1191
o Cube.010
v 11.956964 1.471486 -8.553716
v 11.913764 1.465639 -8.428119
v 11.811964 1.363755 -8.352072
v 11.884767 1.365748 -8.600731
v 12.089212 1.420395 -8.553826
v 11.941000 1.310592 -8.335568
v 11.724672 1.370709 -8.460317
v 11.888256 1.221329 -8.495227
v 12.023046 1.341572 -8.629486
vn 0.6999 -0.7039 0.1212
vn 0.7304 -0.6699 0.1333
vn -0.3961 -0.8798 0.2629
vn -0.5004 -0.6747 0.5425
vn 0.1076 0.5234 0.8453
vn -0.7529 0.6165 -0.2303
vn 0.2206 0.5727 -0.7895
vn -0.1025 0.4617 -0.8811
vn 0.5880 0.4882 0.6449
vn -0.3472 0.8358 -0.4254
vn -0.4630 0.7787 0.4234
vn -0.2617 -0.5735 -0.7763
vn -0.5840 -0.4880 -0.6487
vn 0.3555 0.9200 0.1651
vt 0.856741 0.527884
vt 0.792799 0.664448
vt 0.661337 0.518959
vt 0.570885 0.667835
vt 0.614877 0.834550
vt 0.495616 0.943630
vt 0.319826 0.718976
vt 0.602263 0.105449
vt 0.455701 0.107225
vt 0.553174 0.006579
vt 0.371255 0.573451
vt 0.135465 0.689951
vt 0.165587 0.530358
vt 0.553103 0.308270
vt 0.565029 0.471740
vt 0.392929 0.256090
vt 0.405598 0.560759
vt 0.171875 0.750000
s 0
g Cube.010_Material
usemtl Material
f 754/1519/1192 755/1520/1192 758/1521/1192
f 758/1521/1193 755/1520/1193 757/1522/1193
f 755/1523/1194 752/1524/1194 756/1525/1194
f 757/1522/1195 755/1523/1195 756/1525/1195
f 755/1526/1196 751/1527/1196 752/1528/1196
f 753/1529/1197 751/1530/1197 750/1531/1197
f 754/1532/1198 758/1533/1198 750/1534/1198
f 758/1533/1199 753/1535/1199 750/1534/1199
f 751/1527/1200 755/1526/1200 754/1532/1200
f 753/1529/1201 756/1525/1201 751/1530/1201
f 751/1530/1202 756/1525/1202 752/1536/1202
f 758/1521/1203 757/1522/1203 753/1535/1203
f 757/1522/1204 756/1525/1204 753/1535/1204
f 750/1534/1205 751/1527/1205 754/1532/1205
o Cube.011
v 10.781241 1.388874 -8.430129
v 10.851344 1.202362 -8.047769
v 11.051800 1.312732 -8.203246
v 10.859962 1.170350 -8.336623
v 10.663366 1.236606 -8.263637
v 10.703700 1.475806 -8.212910
v 10.947479 1.512381 -8.305292
v 10.683339 1.398467 -8.057416
v 10.898284 1.432002 -8.075663
vn 0.6237 -0.0326 0.7810
vn 0.5427 -0.8329 0.1085
vn 0.6417 -0.0945 -0.7611
vn -0.4431 -0.4828 -0.7553
vn -0.9837 0.1748 -0.0419
vn -0.8817 0.2354 -0.4089
vn -0.2952 0.8460 -0.4440
vn -0.0179 0.9449 0.3269
vn 0.7399 0.5696 0.3579
vn 0.0676 0.1067 0.9920
vn -0.1031 0.8959 0.4321
vn 0.6101 -0.0839 -0.7879
vn -0.2853 -0.9535 0.0972
vn -0.6709 -0.5503 0.4969
vt 0.534218 0.539052
vt 0.807613 0.537738
vt 0.651467 0.712344
vt 0.812212 0.722590
vt 0.440472 0.699464
vt 0.505279 0.954605
vt 0.394685 0.910428
vt 0.529494 0.041599
vt 0.440272 0.169217
vt 0.407900 0.015209
vt 0.224689 0.500632
vt 0.298939 0.554231
vt 0.143822 0.628706
vt 0.350796 0.501919
vt 0.236030 0.724989
vt 0.358556 0.714558
vt 0.602122 0.296489
vt 0.527241 0.521298
vt 0.452229 0.375318
s 0
g Cube.011_Material
usemtl Material
f 767/1537/1206 760/1538/1206 761/1539/1206
f 761/1539/1207 760/1538/1207 762/1540/1207
f 765/1541/1208 762/1542/1208 759/1543/1208
f 762/1544/1209 763/1545/1209 759/1546/1209
f 766/1547/1210 764/1548/1210 763/1549/1210
f 763/1549/1211 764/1550/1211 759/1551/1211
f 764/1550/1212 765/1552/1212 759/1551/1212
f 764/1550/1213 767/1537/1213 765/1541/1213
f 767/1537/1214 761/1539/1214 765/1541/1214
f 760/1553/1215 767/1554/1215 766/1555/1215
f 766/1555/1216 767/1537/1216 764/1550/1216
f 761/1539/1217 762/1542/1217 765/1541/1217
f 762/1544/1218 760/1553/1218 763/1545/1218
f 760/1553/1219 766/1555/1219 763/1545/1219
o Cube.006
v 10.643858 1.192730 -8.253182
v 10.778590 1.366857 -8.203642
v 10.673680 1.410823 -8.429755
v 10.625556 1.308198 -8.177513
v 10.655515 1.424549 -8.285129
v 10.530793 1.361784 -8.341300
v 10.662982 1.210285 -8.363220
v 10.821389 1.269460 -8.253029
v 10.790829 1.374673 -8.403625
vn -0.8500 -0.3763 0.3687
vn -0.5595 0.6358 0.5317
vn -0.4417 -0.2612 -0.8583
vn 0.1664 -0.3868 0.9070
vn 0.3238 -0.4822 0.8141
vn 0.5965 -0.5960 -0.5375
vn 0.3956 -0.9152 -0.0772
vn 0.9260 0.3708 0.0712
vn 0.3909 0.9185 0.0598
vn 0.3050 0.9509 -0.0519
vn -0.3958 0.9082 -0.1359
vn -0.7496 -0.6209 -0.2293
vn 0.1117 -0.3183 -0.9414
vn -0.1443 0.6917 0.7076
vt 0.423616 0.817668
vt 0.438163 0.985880
vt 0.399025 0.926987
vt 0.584080 0.909473
vt 0.477709 0.045024
vt 0.607265 0.122218
vt 0.441545 0.286085
vt 0.565477 0.549583
vt 0.592013 0.712367
vt 0.289400 0.584684
vt 0.400831 0.754486
vt 0.615924 0.357557
vt 0.551199 0.540629
vt 0.429879 0.509305
vt 0.769145 0.562221
vt 0.604783 0.677624
vt 0.780055 0.741830
vt 0.860509 0.631959
vt 0.567506 0.015179
vt 0.377433 0.096481
s 0
g Cube.006_Material
usemtl Material
f 771/1556/1220 773/1557/1220 768/1558/1220
f 772/1559/1221 773/1557/1221 771/1556/1221
f 773/1560/1222 770/1561/1222 774/1562/1222
f 775/1563/1223 769/1564/1223 768/1565/1223
f 769/1564/1224 771/1566/1224 768/1565/1224
f 774/1562/1225 776/1567/1225 775/1568/1225
f 775/1568/1226 768/1569/1226 774/1562/1226
f 775/1563/1227 776/1570/1227 769/1571/1227
f 769/1571/1228 776/1570/1228 772/1572/1228
f 776/1570/1229 770/1573/1229 772/1572/1229
f 772/1574/1230 770/1561/1230 773/1560/1230
f 768/1575/1231 773/1560/1231 774/1562/1231
f 774/1562/1232 770/1561/1232 776/1567/1232
f 769/1564/1233 772/1559/1233 771/1556/1233
o Cube.007
v 11.709720 1.415004 -8.264231
v 11.820536 1.267248 -8.396479
v 11.652049 1.283916 -8.180563
v 11.551950 1.185796 -8.287351
v 11.537157 1.377367 -8.333879
v 11.699619 1.427721 -8.431968
v 11.693799 1.154889 -8.390759
v 11.792362 1.238253 -8.262824
v 11.675824 1.310654 -8.500480
vn 0.6144 0.3017 -0.7290
vn 0.8708 0.4093 0.2724
vn 0.4042 -0.4951 -0.7691
vn 0.5503 0.2636 0.7923
vn -0.4071 0.6119 0.6781
vn 0.1074 -0.7802 0.6162
vn -0.5756 -0.5143 -0.6358
vn 0.7989 0.6014 -0.0025
vn -0.2460 0.9653 0.0880
vn -0.5558 0.5011 -0.6633
vn -0.7682 0.0945 0.6332
vn 0.1443 -0.8762 0.4598
vn 0.6626 -0.7486 -0.0227
vn -0.7910 -0.2014 -0.5777
vt 0.862532 0.586626
vt 0.666025 0.612825
vt 0.793538 0.524739
vt 0.799625 0.742317
vt 0.596159 0.725728
vt 0.676667 0.500000
vt 0.533198 0.702151
vt 0.502729 0.907748
vt 0.315429 0.689365
vt 0.215046 0.717794
vt 0.139986 0.551629
vt 0.365533 0.517965
vt 0.592775 0.342442
vt 0.523296 0.508923
vt 0.395346 0.376049
vt 0.510142 0.020803
vt 0.592582 0.143625
vt 0.414253 0.208459
s 0
g Cube.007_Material
usemtl Material
f 782/1576/1234 778/1577/1234 785/1578/1234
f 778/1577/1235 777/1579/1235 784/1580/1235
f 785/1578/1236 778/1577/1236 783/1581/1236
f 784/1582/1237 777/1583/1237 779/1584/1237
f 779/1584/1238 777/1585/1238 781/1586/1238
f 780/1587/1239 784/1582/1239 779/1584/1239
f 785/1588/1240 783/1589/1240 780/1590/1240
f 782/1576/1241 777/1579/1241 778/1577/1241
f 777/1591/1242 782/1592/1242 781/1593/1242
f 781/1593/1243 782/1592/1243 785/1588/1243
f 781/1586/1244 780/1587/1244 779/1584/1244
f 780/1587/1245 783/1589/1245 784/1582/1245
f 783/1589/1246 778/1577/1246 784/1582/1246
f 781/1593/1247 785/1588/1247 780/1590/1247
o Cube.008
v 11.289852 1.127506 -8.327332
v 11.322233 1.243148 -8.204118
v 11.257131 1.308115 -8.084764
v 11.154555 1.170628 -8.123565
v 11.055552 1.364056 -8.155272
v 11.079311 1.230450 -8.299047
v 11.251813 1.242805 -8.378266
v 11.215129 1.416777 -8.078684
v 11.197013 1.403825 -8.244405
vn 0.5427 -0.5771 0.6102
vn -0.1943 -0.1295 0.9724
vn -0.8800 -0.4116 0.2370
vn -0.3399 -0.4716 -0.8137
vn 0.7848 0.5318 -0.3184
vn 0.7976 0.5882 -0.1332
vn -0.5475 0.5660 -0.6164
vn -0.2950 0.9545 -0.0424
vn 0.8929 0.3279 0.3086
vn 0.5347 -0.6817 0.4993
vn -0.4147 -0.0635 0.9077
vn -0.4485 -0.8870 -0.1101
vn 0.9180 0.1388 -0.3715
vn -0.3895 0.5068 -0.7691
vt 0.551771 0.821043
vt 0.490236 0.981936
vt 0.443965 0.755163
vt 0.609545 0.740303
vt 0.579499 0.265268
vt 0.447677 0.232718
vt 0.490446 0.016300
vt 0.320967 0.499695
vt 0.242238 0.673984
vt 0.142687 0.564850
vt 0.543218 0.480597
vt 0.654480 0.663904
vt 0.651690 0.523626
vt 0.809399 0.589510
vt 0.375000 0.930496
vt 0.603518 0.001237
vt 0.583364 0.169025
vt 0.384386 0.054537
vt 0.382289 0.419599
s 0
g Cube.008_Material
usemtl Material
f 788/1594/1248 789/1595/1248 787/1596/1248
f 788/1594/1249 793/1597/1249 789/1595/1249
f 790/1598/1250 791/1599/1250 789/1600/1250
f 792/1601/1251 786/1602/1251 791/1603/1251
f 794/1604/1252 787/1596/1252 792/1601/1252
f 794/1604/1253 793/1605/1253 787/1596/1253
f 790/1598/1254 794/1604/1254 791/1599/1254
f 794/1606/1255 790/1607/1255 793/1605/1255
f 793/1605/1256 788/1594/1256 787/1596/1256
f 786/1608/1257 787/1596/1257 789/1595/1257
f 793/1609/1258 790/1610/1258 789/1600/1258
f 786/1611/1259 789/1600/1259 791/1599/1259
f 786/1602/1260 792/1601/1260 787/1596/1260
f 792/1612/1261 791/1599/1261 794/1604/1261
o Cube.009
v 10.678244 1.064264 -8.101635
v 10.842657 0.978438 -8.235468
v 10.605954 1.301734 -8.095110
v 10.428525 1.275387 -8.248353
v 10.842535 1.044401 -8.558402
v 11.030460 1.151949 -8.417019
v 10.528427 1.022228 -8.420431
v 10.881962 1.282477 -8.095806
v 11.034175 1.226448 -8.225667
v 10.852529 1.503999 -8.322875
v 10.590959 1.459398 -8.348655
v 10.726908 1.448737 -8.100446
v 10.734756 1.237046 -8.633912
v 10.469281 1.151917 -8.506883
v 10.843658 1.372334 -8.564125
v 10.627765 1.486139 -8.549805
vn 0.7680 -0.6017 0.2194
vn 0.4547 -0.3829 0.8041
vn 0.6384 0.5907 0.4935
vn -0.1798 0.9736 0.1403
vn 0.1328 0.3678 -0.9204
vn -0.7879 0.4981 -0.3621
vn -0.2794 -0.6175 -0.7353
vn 0.8503 0.4846 -0.2052
vn 0.8171 0.4929 -0.2991
vn 0.5539 -0.0164 -0.8325
vn 0.5797 -0.7983 -0.1633
vn -0.0187 -0.9796 -0.2001
vn -0.6045 0.6599 0.4461
vn -0.9193 -0.3913 0.0420
vn -0.7172 -0.5626 0.4112
vn -0.6211 -0.2098 0.7552
vn -0.2780 -0.9267 0.2528
vn 0.0006 -0.0273 0.9996
vn 0.4719 -0.4606 0.7518
vn 0.0048 0.0323 0.9995
vn 0.6256 0.5974 0.5017
vn -0.4559 0.1027 -0.8841
vn -0.9035 0.4143 -0.1102
vn -0.2526 -0.4723 -0.8445
vn 0.3924 0.8012 -0.4517
vn 0.6069 -0.0159 -0.7946
vn -0.1766 0.9794 0.0979
vt 0.875000 0.649805
vt 0.849233 0.683396
vt 0.832712 0.540342
vt 0.580473 0.024703
vt 0.534759 0.188184
vt 0.498710 0.020990
vt 0.437420 0.135101
vt 0.411456 0.342495
vt 0.213804 0.511922
vt 0.337875 0.601179
vt 0.185175 0.619999
vt 0.611440 0.548317
vt 0.438499 0.522151
vt 0.536413 0.434917
vt 0.517900 0.691047
vt 0.378975 0.759339
vt 0.724211 0.603714
vt 0.568883 0.768659
vt 0.609419 0.213408
vt 0.625000 0.382072
vt 0.588498 0.519208
vt 0.209844 0.718096
vt 0.479559 0.953620
vt 0.390901 0.953078
vt 0.565332 0.774863
vt 0.583031 0.973602
vt 0.389658 0.010551
vt 0.376620 0.114133
vt 0.125000 0.581137
vt 0.375000 0.421875
s 0
g Cube.009_Material
usemtl Material
f 803/1613/1262 796/1614/1262 800/1615/1262
f 796/1616/1263 803/1617/1263 795/1618/1263
f 802/1619/1264 803/1617/1264 804/1620/1264
f 804/1621/1265 805/1622/1265 806/1623/1265
f 807/1624/1266 810/1625/1266 809/1626/1266
f 808/1627/1267 798/1628/1267 805/1622/1267
f 799/1629/1268 801/1630/1268 808/1627/1268
f 800/1631/1269 804/1620/1269 803/1617/1269
f 800/1631/1270 809/1626/1270 804/1620/1270
f 809/1626/1271 799/1632/1271 807/1633/1271
f 799/1629/1272 800/1615/1272 796/1614/1272
f 799/1629/1273 796/1614/1273 801/1630/1273
f 797/1634/1274 806/1623/1274 805/1622/1274 798/1628/1274
f 798/1628/1275 808/1627/1275 801/1630/1275
f 801/1630/1276 795/1635/1276 798/1628/1276
f 795/1635/1277 797/1636/1277 798/1628/1277
f 801/1637/1278 796/1638/1278 795/1635/1278
f 795/1618/1279 802/1619/1279 797/1639/1279
f 802/1619/1280 795/1618/1280 803/1617/1280
f 797/1639/1281 802/1619/1281 806/1640/1281
f 804/1621/1282 806/1623/1282 802/1641/1282
f 810/1625/1283 807/1624/1283 808/1627/1283
f 810/1625/1284 808/1627/1284 805/1622/1284
f 807/1624/1285 799/1629/1285 808/1627/1285
f 804/1620/1286 809/1626/1286 810/1625/1286
f 800/1631/1287 799/1632/1287 809/1626/1287
f 805/1642/1288 804/1620/1288 810/1625/1288
o Cube.010
v 10.949133 1.129754 -8.359981
v 10.990765 1.252865 -8.308190
v 10.909721 1.402488 -8.287736
v 10.815957 1.170088 -8.395154
v 10.925510 1.039834 -8.243303
v 10.890848 1.327215 -8.161854
v 10.852682 1.389558 -8.422067
v 10.727320 1.269539 -8.262161
v 10.806146 1.050210 -8.304221
vn -0.4547 -0.2932 0.8410
vn -0.4141 -0.3127 0.8548
vn -0.7445 0.6162 0.2568
vn -0.4634 0.8440 0.2702
vn 0.8380 0.4037 0.3671
vn 0.3220 0.2725 -0.9067
vn 0.2204 -0.7937 -0.5670
vn 0.0267 -0.6055 -0.7954
vn 0.8073 -0.0688 0.5861
vn 0.5074 -0.1880 -0.8409
vn 0.7899 0.4800 -0.3816
vn -0.8809 -0.2382 -0.4090
vn -0.8079 0.0634 -0.5859
vn 0.9517 -0.3042 -0.0418
vt 0.856741 0.527884
vt 0.792799 0.664448
vt 0.661337 0.518959
vt 0.570885 0.667835
vt 0.614877 0.834550
vt 0.495616 0.943630
vt 0.319826 0.718976
vt 0.602263 0.105449
vt 0.455701 0.107225
vt 0.553174 0.006579
vt 0.371255 0.573451
vt 0.135465 0.689951
vt 0.165587 0.530358
vt 0.553103 0.308270
vt 0.565029 0.471740
vt 0.392929 0.256090
vt 0.405598 0.560759
vt 0.171875 0.750000
s 0
g Cube.010_Material
usemtl Material
f 815/1643/1289 816/1644/1289 819/1645/1289
f 819/1645/1290 816/1644/1290 818/1646/1290
f 816/1647/1291 813/1648/1291 817/1649/1291
f 818/1646/1292 816/1647/1292 817/1649/1292
f 816/1650/1293 812/1651/1293 813/1652/1293
f 814/1653/1294 812/1654/1294 811/1655/1294
f 815/1656/1295 819/1657/1295 811/1658/1295
f 819/1657/1296 814/1659/1296 811/1658/1296
f 812/1651/1297 816/1650/1297 815/1656/1297
f 814/1653/1298 817/1649/1298 812/1654/1298
f 812/1654/1299 817/1649/1299 813/1660/1299
f 819/1645/1300 818/1646/1300 814/1659/1300
f 818/1646/1301 817/1649/1301 814/1659/1301
f 811/1658/1302 812/1651/1302 815/1656/1302
o Cube.011
v 10.830706 1.278860 -8.158620
v 10.894264 1.058010 -8.434511
v 10.691523 1.161155 -8.397919
v 10.798071 1.080337 -8.213428
v 10.972876 1.134483 -8.220944
v 10.958188 1.317737 -8.314738
v 10.741241 1.347428 -8.325500
v 11.021811 1.229856 -8.411864
v 10.850098 1.246379 -8.469267
vn -0.2888 -0.2388 -0.9271
vn -0.4668 -0.8769 -0.1145
vn -0.8790 0.0129 0.4766
vn 0.1287 -0.2835 0.9503
vn 0.8983 0.2551 0.3577
vn 0.6674 0.3810 0.6399
vn 0.1123 0.9388 0.3255
vn 0.1419 0.8572 -0.4951
vn -0.5516 0.4260 -0.7171
vn 0.3065 -0.1027 -0.9463
vn 0.2599 0.7946 -0.5487
vn -0.8596 0.0311 0.5101
vn 0.2972 -0.9284 0.2231
vn 0.8054 -0.5864 -0.0865
vt 0.534218 0.539052
vt 0.807613 0.537738
vt 0.651467 0.712344
vt 0.812212 0.722590
vt 0.440472 0.699464
vt 0.505279 0.954605
vt 0.394685 0.910428
vt 0.529494 0.041599
vt 0.440272 0.169217
vt 0.407900 0.015209
vt 0.224689 0.500632
vt 0.298939 0.554231
vt 0.143822 0.628706
vt 0.350796 0.501919
vt 0.236030 0.724989
vt 0.358556 0.714558
vt 0.602122 0.296489
vt 0.527241 0.521298
vt 0.452229 0.375318
s 0
g Cube.011_Material
usemtl Material
f 828/1661/1303 821/1662/1303 822/1663/1303
f 822/1663/1304 821/1662/1304 823/1664/1304
f 826/1665/1305 823/1666/1305 820/1667/1305
f 823/1668/1306 824/1669/1306 820/1670/1306
f 827/1671/1307 825/1672/1307 824/1673/1307
f 824/1673/1308 825/1674/1308 820/1675/1308
f 825/1674/1309 826/1676/1309 820/1675/1309
f 825/1674/1310 828/1661/1310 826/1665/1310
f 828/1661/1311 822/1663/1311 826/1665/1311
f 821/1677/1312 828/1678/1312 827/1679/1312
f 827/1679/1313 828/1661/1313 825/1674/1313
f 822/1663/1314 823/1666/1314 826/1665/1314
f 823/1668/1315 821/1677/1315 824/1669/1315
f 821/1677/1316 827/1679/1316 824/1669/1316
o Cube.006
v 10.268389 1.135688 -9.058880
v 10.414312 1.148511 -9.144290
v 10.431194 1.248714 -8.983524
v 10.352932 1.074337 -9.065035
v 10.441272 1.148736 -9.028300
v 10.379047 1.138378 -8.934444
v 10.282121 1.212416 -9.025103
v 10.346468 1.201891 -9.162026
v 10.418717 1.280285 -9.071383
vn -0.4993 -0.7343 0.4599
vn 0.5490 -0.7886 0.2769
vn -0.3442 0.5126 0.7866
vn -0.3382 -0.6545 -0.6761
vn -0.4091 -0.4864 -0.7720
vn -0.5039 0.8103 -0.2991
vn -0.8421 0.3363 -0.4216
vn 0.5143 0.4019 -0.7576
vn 0.9698 0.0924 -0.2256
vn 0.9861 0.1396 -0.0899
vn 0.8312 -0.1553 0.5339
vn -0.7362 -0.1580 0.6581
vn -0.3143 0.8783 0.3602
vn 0.6733 -0.7229 -0.1551
vt 0.423616 0.817668
vt 0.438163 0.985880
vt 0.399025 0.926987
vt 0.584080 0.909473
vt 0.477709 0.045024
vt 0.607265 0.122218
vt 0.441545 0.286085
vt 0.565477 0.549583
vt 0.592013 0.712367
vt 0.289400 0.584684
vt 0.400831 0.754486
vt 0.615924 0.357557
vt 0.551199 0.540629
vt 0.429879 0.509305
vt 0.769145 0.562221
vt 0.604783 0.677624
vt 0.780055 0.741830
vt 0.860509 0.631959
vt 0.567506 0.015179
vt 0.377433 0.096481
s 0
g Cube.006_Material
usemtl Material
f 832/1680/1317 834/1681/1317 829/1682/1317
f 833/1683/1318 834/1681/1318 832/1680/1318
f 834/1684/1319 831/1685/1319 835/1686/1319
f 836/1687/1320 830/1688/1320 829/1689/1320
f 830/1688/1321 832/1690/1321 829/1689/1321
f 835/1686/1322 837/1691/1322 836/1692/1322
f 836/1692/1323 829/1693/1323 835/1686/1323
f 836/1687/1324 837/1694/1324 830/1695/1324
f 830/1695/1325 837/1694/1325 833/1696/1325
f 837/1694/1326 831/1697/1326 833/1696/1326
f 833/1698/1327 831/1685/1327 834/1684/1327
f 829/1699/1328 834/1684/1328 835/1686/1328
f 835/1686/1329 831/1685/1329 837/1691/1329
f 830/1688/1330 833/1683/1330 832/1680/1330
o Cube.007
v 11.763079 1.236050 -8.469754
v 11.825901 1.197888 -8.661961
v 11.773620 1.088204 -8.445124
v 11.669602 1.011353 -8.538699
v 11.605089 1.171144 -8.489930
v 11.686828 1.294792 -8.588249
v 11.747453 1.066119 -8.669129
v 11.861212 1.124321 -8.565308
v 11.662010 1.216411 -8.682077
vn 0.1638 0.7353 -0.6576
vn 0.8022 0.5786 0.1473
vn 0.1199 -0.0174 -0.9926
vn 0.7750 0.1572 0.6121
vn -0.1851 0.1486 0.9714
vn 0.5166 -0.8475 0.1218
vn -0.6796 -0.4371 -0.5892
vn 0.5817 0.8129 0.0287
vn -0.3697 0.7156 0.5926
vn -0.8757 0.4585 -0.1514
vn -0.4191 -0.4156 0.8072
vn 0.5002 -0.8635 -0.0640
vn 0.7211 -0.3985 -0.5668
vn -0.9058 -0.2648 -0.3307
vt 0.862532 0.586626
vt 0.666025 0.612825
vt 0.793538 0.524739
vt 0.799625 0.742317
vt 0.596159 0.725728
vt 0.676667 0.500000
vt 0.533198 0.702151
vt 0.502729 0.907748
vt 0.315429 0.689365
vt 0.215046 0.717794
vt 0.139986 0.551629
vt 0.365533 0.517965
vt 0.592775 0.342442
vt 0.523296 0.508923
vt 0.395346 0.376049
vt 0.510142 0.020803
vt 0.592582 0.143625
vt 0.414253 0.208459
s 0
g Cube.007_Material
usemtl Material
f 843/1700/1331 839/1701/1331 846/1702/1331
f 839/1701/1332 838/1703/1332 845/1704/1332
f 846/1702/1333 839/1701/1333 844/1705/1333
f 845/1706/1334 838/1707/1334 840/1708/1334
f 840/1708/1335 838/1709/1335 842/1710/1335
f 841/1711/1336 845/1706/1336 840/1708/1336
f 846/1712/1337 844/1713/1337 841/1714/1337
f 843/1700/1338 838/1703/1338 839/1701/1338
f 838/1715/1339 843/1716/1339 842/1717/1339
f 842/1717/1340 843/1716/1340 846/1712/1340
f 842/1710/1341 841/1711/1341 840/1708/1341
f 841/1711/1342 844/1713/1342 845/1706/1342
f 844/1713/1343 839/1701/1343 845/1706/1343
f 842/1717/1344 846/1712/1344 841/1714/1344
o Cube.008
v 10.818003 1.210524 -9.597519
v 10.713828 1.072711 -9.509984
v 10.576763 0.975866 -9.534488
v 10.618354 1.052092 -9.712386
v 10.403955 1.132838 -9.619598
v 10.570807 1.269104 -9.675402
v 10.716115 1.283957 -9.518840
v 10.459020 0.990664 -9.478279
v 10.507787 1.171631 -9.461049
vn 0.5890 -0.7835 -0.1980
vn -0.3137 -0.8440 -0.4350
vn -0.3717 0.0762 -0.9252
vn 0.3258 0.8638 -0.3843
vn 0.2481 0.0379 0.9680
vn 0.1658 -0.1377 0.9765
vn -0.5827 0.7906 0.1882
vn -0.8426 0.1787 0.5081
vn 0.2848 -0.5935 0.7528
vn 0.6868 -0.6808 -0.2546
vn -0.4885 -0.7030 -0.5169
vn 0.3416 0.2301 -0.9112
vn 0.6227 0.0260 0.7820
vn -0.3935 0.8750 0.2822
vt 0.551771 0.821043
vt 0.490236 0.981936
vt 0.443965 0.755163
vt 0.609545 0.740303
vt 0.579499 0.265268
vt 0.447677 0.232718
vt 0.490446 0.016300
vt 0.320967 0.499695
vt 0.242238 0.673984
vt 0.142687 0.564850
vt 0.543218 0.480597
vt 0.654480 0.663904
vt 0.651690 0.523626
vt 0.809399 0.589510
vt 0.375000 0.930496
vt 0.603518 0.001237
vt 0.583364 0.169025
vt 0.384386 0.054537
vt 0.382289 0.419599
s 0
g Cube.008_Material
usemtl Material
f 849/1718/1345 850/1719/1345 848/1720/1345
f 849/1718/1346 854/1721/1346 850/1719/1346
f 851/1722/1347 852/1723/1347 850/1724/1347
f 853/1725/1348 847/1726/1348 852/1727/1348
f 855/1728/1349 848/1720/1349 853/1725/1349
f 855/1728/1350 854/1729/1350 848/1720/1350
f 851/1722/1351 855/1728/1351 852/1723/1351
f 855/1730/1352 851/1731/1352 854/1729/1352
f 854/1729/1353 849/1718/1353 848/1720/1353
f 847/1732/1354 848/1720/1354 850/1719/1354
f 854/1733/1355 851/1734/1355 850/1724/1355
f 847/1735/1356 850/1724/1356 852/1723/1356
f 847/1726/1357 853/1725/1357 848/1720/1357
f 853/1736/1358 852/1723/1358 855/1728/1358
o Cube.009
v 12.078226 0.901364 -8.974876
v 12.159479 1.074111 -8.859909
v 11.844827 0.839652 -8.990853
v 11.805524 0.953329 -9.186746
v 12.029708 1.365621 -8.896228
v 11.992502 1.250958 -8.674971
v 12.023584 1.178540 -9.174025
v 11.911832 0.897685 -8.736259
v 11.963908 1.059117 -8.625740
v 11.651700 1.066351 -8.751853
v 11.641353 1.047133 -9.010694
v 11.727879 0.842678 -8.846819
v 11.814572 1.381768 -8.967853
v 11.873630 1.225459 -9.215217
v 11.722269 1.313984 -8.825921
v 11.580495 1.238431 -9.001798
vn 0.7649 0.0508 0.6421
vn 0.6244 -0.6146 0.4821
vn -0.3429 -0.4528 0.8230
vn -0.9362 -0.3457 0.0631
vn -0.5277 0.8472 0.0614
vn -0.7001 0.1013 -0.7068
vn 0.3820 0.7626 -0.5220
vn -0.3538 0.2816 0.8919
vn -0.3881 0.3639 0.8467
vn -0.0632 0.9159 0.3963
vn 0.8362 0.4167 0.3566
vn 0.8927 0.3644 -0.2651
vn -0.6468 -0.6693 -0.3656
vn 0.2163 -0.1550 -0.9639
vn 0.4974 -0.4394 -0.7480
vn 0.2512 -0.8145 -0.5230
vn 0.8927 -0.1334 -0.4305
vn 0.2427 -0.9577 0.1544
vn 0.6907 -0.5468 0.4732
vn 0.1862 -0.9674 0.1715
vn -0.3500 -0.4646 0.8134
vn -0.3732 0.7415 -0.5576
vn -0.5863 -0.1495 -0.7962
vn 0.2240 0.8471 -0.4818
vn -0.7945 0.3704 0.4813
vn -0.0458 0.8900 0.4536
vn -0.9504 -0.3052 0.0607
vt 0.875000 0.649805
vt 0.849233 0.683396
vt 0.832712 0.540342
vt 0.580473 0.024703
vt 0.534759 0.188184
vt 0.498710 0.020990
vt 0.437420 0.135101
vt 0.411456 0.342495
vt 0.213804 0.511922
vt 0.337875 0.601179
vt 0.185175 0.619999
vt 0.611440 0.548317
vt 0.438499 0.522151
vt 0.536413 0.434917
vt 0.517900 0.691047
vt 0.378975 0.759339
vt 0.724211 0.603714
vt 0.568883 0.768659
vt 0.609419 0.213408
vt 0.625000 0.382072
vt 0.588498 0.519208
vt 0.209844 0.718096
vt 0.479559 0.953620
vt 0.390901 0.953078
vt 0.565332 0.774863
vt 0.583031 0.973602
vt 0.389658 0.010551
vt 0.376620 0.114133
vt 0.125000 0.581137
vt 0.375000 0.421875
s 0
g Cube.009_Material
usemtl Material
f 864/1737/1359 857/1738/1359 861/1739/1359
f 857/1740/1360 864/1741/1360 856/1742/1360
f 863/1743/1361 864/1741/1361 865/1744/1361
f 865/1745/1362 866/1746/1362 867/1747/1362
f 868/1748/1363 871/1749/1363 870/1750/1363
f 869/1751/1364 859/1752/1364 866/1746/1364
f 860/1753/1365 862/1754/1365 869/1751/1365
f 861/1755/1366 865/1744/1366 864/1741/1366
f 861/1755/1367 870/1750/1367 865/1744/1367
f 870/1750/1368 860/1756/1368 868/1757/1368
f 860/1753/1369 861/1739/1369 857/1738/1369
f 860/1753/1370 857/1738/1370 862/1754/1370
f 858/1758/1371 867/1747/1371 866/1746/1371 859/1752/1371
f 859/1752/1372 869/1751/1372 862/1754/1372
f 862/1754/1373 856/1759/1373 859/1752/1373
f 856/1759/1374 858/1760/1374 859/1752/1374
f 862/1761/1375 857/1762/1375 856/1759/1375
f 856/1742/1376 863/1743/1376 858/1763/1376
f 863/1743/1377 856/1742/1377 864/1741/1377
f 858/1763/1378 863/1743/1378 867/1764/1378
f 865/1745/1379 867/1747/1379 863/1765/1379
f 871/1749/1380 868/1748/1380 869/1751/1380
f 871/1749/1381 869/1751/1381 866/1746/1381
f 868/1748/1382 860/1753/1382 869/1751/1382
f 865/1744/1383 870/1750/1383 871/1749/1383
f 861/1755/1384 860/1756/1384 870/1750/1384
f 866/1766/1385 865/1744/1385 871/1749/1385
o Cube.010
v 11.908010 1.056690 -9.440429
v 11.790133 1.139342 -9.444000
v 11.638969 1.134157 -9.353184
v 11.859930 0.961771 -9.337927
v 12.015257 1.135876 -9.364192
v 11.732603 1.225751 -9.275621
v 11.632950 0.984695 -9.372431
v 11.775155 1.045432 -9.185082
v 11.994457 1.021682 -9.288887
vn 0.3947 0.4546 0.7984
vn 0.4166 0.4845 0.7692
vn -0.5884 -0.0799 0.8046
vn -0.8079 0.1008 0.5806
vn -0.3385 0.7852 -0.5186
vn -0.3850 -0.5801 -0.7178
vn 0.7150 -0.4710 -0.5167
vn 0.4953 -0.7408 -0.4537
vn 0.1583 0.8994 -0.4075
vn 0.0830 -0.4868 -0.8696
vn -0.5139 0.1299 -0.8480
vn 0.1682 -0.8224 0.5434
vn -0.1529 -0.9001 0.4079
vn 0.3109 0.4062 -0.8593
vt 0.856741 0.527884
vt 0.792799 0.664448
vt 0.661337 0.518959
vt 0.570885 0.667835
vt 0.614877 0.834550
vt 0.495616 0.943630
vt 0.319826 0.718976
vt 0.602263 0.105449
vt 0.455701 0.107225
vt 0.553174 0.006579
vt 0.371255 0.573451
vt 0.135465 0.689951
vt 0.165587 0.530358
vt 0.553103 0.308270
vt 0.565029 0.471740
vt 0.392929 0.256090
vt 0.405598 0.560759
vt 0.171875 0.750000
s 0
g Cube.010_Material
usemtl Material
f 876/1767/1386 877/1768/1386 880/1769/1386
f 880/1769/1387 877/1768/1387 879/1770/1387
f 877/1771/1388 874/1772/1388 878/1773/1388
f 879/1770/1389 877/1771/1389 878/1773/1389
f 877/1774/1390 873/1775/1390 874/1776/1390
f 875/1777/1391 873/1778/1391 872/1779/1391
f 876/1780/1392 880/1781/1392 872/1782/1392
f 880/1781/1393 875/1783/1393 872/1782/1393
f 873/1775/1394 877/1774/1394 876/1780/1394
f 875/1777/1395 878/1773/1395 873/1778/1395
f 873/1778/1396 878/1773/1396 874/1784/1396
f 880/1769/1397 879/1770/1397 875/1783/1397
f 879/1770/1398 878/1773/1398 875/1783/1398
f 872/1782/1399 873/1775/1399 876/1780/1399
o Cube.011
v 11.038135 1.028465 -9.706553
v 11.428535 0.985130 -9.747185
v 11.261700 0.930720 -9.929965
v 11.197008 0.863342 -9.697426
v 11.230889 1.020177 -9.575657
v 11.188272 1.196982 -9.711460
v 11.101943 1.089968 -9.909520
v 11.346645 1.199095 -9.687790
v 11.323286 1.126342 -9.872560
vn 0.7437 -0.0383 -0.6674
vn 0.4383 -0.8886 -0.1355
vn -0.6493 -0.6468 -0.4001
vn -0.5138 -0.4541 0.7279
vn -0.1275 0.5847 0.8012
vn -0.4867 0.4553 0.7455
vn -0.7467 0.6643 -0.0335
vn -0.0712 0.8902 -0.4500
vn 0.1205 0.2444 -0.9622
vn 0.8714 0.4088 -0.2711
vn 0.0430 0.9277 -0.3707
vn -0.6787 -0.6331 -0.3722
vn 0.4581 -0.6048 0.6514
vn 0.6592 0.0439 0.7506
vt 0.534218 0.539052
vt 0.807613 0.537738
vt 0.651467 0.712344
vt 0.812212 0.722590
vt 0.440472 0.699464
vt 0.505279 0.954605
vt 0.394685 0.910428
vt 0.529494 0.041599
vt 0.440272 0.169217
vt 0.407900 0.015209
vt 0.224689 0.500632
vt 0.298939 0.554231
vt 0.143822 0.628706
vt 0.350796 0.501919
vt 0.236030 0.724989
vt 0.358556 0.714558
vt 0.602122 0.296489
vt 0.527241 0.521298
vt 0.452229 0.375318
s 0
g Cube.011_Material
usemtl Material
f 889/1785/1400 882/1786/1400 883/1787/1400
f 883/1787/1401 882/1786/1401 884/1788/1401
f 887/1789/1402 884/1790/1402 881/1791/1402
f 884/1792/1403 885/1793/1403 881/1794/1403
f 888/1795/1404 886/1796/1404 885/1797/1404
f 885/1797/1405 886/1798/1405 881/1799/1405
f 886/1798/1406 887/1800/1406 881/1799/1406
f 886/1798/1407 889/1785/1407 887/1789/1407
f 889/1785/1408 883/1787/1408 887/1789/1408
f 882/1801/1409 889/1802/1409 888/1803/1409
f 888/1803/1410 889/1785/1410 886/1798/1410
f 883/1787/1411 884/1790/1411 887/1789/1411
f 884/1792/1412 882/1801/1412 885/1793/1412
f 882/1801/1413 888/1803/1413 885/1793/1413
o Cube.006
v 11.712707 0.920027 -9.110149
v 11.834635 1.014361 -8.943254
v 11.912663 1.114469 -9.164222
v 11.688684 1.027604 -9.023505
v 11.813909 1.125946 -9.055399
v 11.738390 1.128040 -9.186740
v 11.800501 0.934200 -9.181193
v 11.865822 0.910609 -8.990230
v 11.970245 1.028364 -9.092131
vn -0.9589 0.0141 -0.2833
vn -0.5337 0.7831 0.3193
vn 0.1291 0.0130 -0.9915
vn -0.5604 -0.4755 0.6782
vn -0.4191 -0.6244 0.6591
vn 0.5764 -0.7634 -0.2915
vn 0.0476 -0.9892 -0.1385
vn 0.7406 -0.0794 0.6672
vn 0.5322 0.6473 0.5457
vn 0.5493 0.7210 0.4224
vn 0.0816 0.9962 -0.0310
vn -0.5937 -0.2125 -0.7761
vn 0.5623 -0.2765 -0.7794
vn -0.3250 0.6397 0.6966
vt 0.423616 0.817668
vt 0.438163 0.985880
vt 0.399025 0.926987
vt 0.584080 0.909473
vt 0.477709 0.045024
vt 0.607265 0.122218
vt 0.441545 0.286085
vt 0.565477 0.549583
vt 0.592013 0.712367
vt 0.289400 0.584684
vt 0.400831 0.754486
vt 0.615924 0.357557
vt 0.551199 0.540629
vt 0.429879 0.509305
vt 0.769145 0.562221
vt 0.604783 0.677624
vt 0.780055 0.741830
vt 0.860509 0.631959
vt 0.567506 0.015179
vt 0.377433 0.096481
s 0
g Cube.006_Material
usemtl Material
f 893/1804/1414 895/1805/1414 890/1806/1414
f 894/1807/1415 895/1805/1415 893/1804/1415
f 895/1808/1416 892/1809/1416 896/1810/1416
f 897/1811/1417 891/1812/1417 890/1813/1417
f 891/1812/1418 893/1814/1418 890/1813/1418
f 896/1810/1419 898/1815/1419 897/1816/1419
f 897/1816/1420 890/1817/1420 896/1810/1420
f 897/1811/1421 898/1818/1421 891/1819/1421
f 891/1819/1422 898/1818/1422 894/1820/1422
f 898/1818/1423 892/1821/1423 894/1820/1423
f 894/1822/1424 892/1809/1424 895/1808/1424
f 890/1823/1425 895/1808/1425 896/1810/1425
f 896/1810/1426 892/1809/1426 898/1815/1426
f 891/1812/1427 894/1807/1427 893/1804/1427
o Cube.007
v 11.716743 0.943358 -9.484322
v 11.833943 1.077887 -9.389214
v 11.600984 1.016033 -9.428535
v 11.603810 1.006144 -9.272031
v 11.669702 0.860186 -9.344947
v 11.831556 0.896608 -9.399877
v 11.741566 1.084814 -9.270174
v 11.720028 1.107893 -9.428830
v 11.842361 0.948873 -9.289533
vn 0.9956 -0.0076 -0.0939
vn 0.3814 0.2886 -0.8782
vn 0.7159 0.4555 0.5291
vn -0.2448 0.3142 -0.9172
vn -0.6181 -0.5654 -0.5461
vn -0.6097 0.7903 0.0609
vn 0.0473 -0.1063 0.9932
vn 0.6023 0.0390 -0.7973
vn 0.0219 -0.8617 -0.5069
vn 0.3237 -0.8670 0.3789
vn -0.9131 -0.4076 -0.0093
vn -0.4888 0.8514 0.1902
vn 0.2166 0.9698 0.1117
vn -0.0462 -0.4631 0.8851
vt 0.862532 0.586626
vt 0.666025 0.612825
vt 0.793538 0.524739
vt 0.799625 0.742317
vt 0.596159 0.725728
vt 0.676667 0.500000
vt 0.533198 0.702151
vt 0.502729 0.907748
vt 0.315429 0.689365
vt 0.215046 0.717794
vt 0.139986 0.551629
vt 0.365533 0.517965
vt 0.592775 0.342442
vt 0.523296 0.508923
vt 0.395346 0.376049
vt 0.510142 0.020803
vt 0.592582 0.143625
vt 0.414253 0.208459
s 0
g Cube.007_Material
usemtl Material
f 904/1824/1428 900/1825/1428 907/1826/1428
f 900/1825/1429 899/1827/1429 906/1828/1429
f 907/1826/1430 900/1825/1430 905/1829/1430
f 906/1830/1431 899/1831/1431 901/1832/1431
f 901/1832/1432 899/1833/1432 903/1834/1432
f 902/1835/1433 906/1830/1433 901/1832/1433
f 907/1836/1434 905/1837/1434 902/1838/1434
f 904/1824/1435 899/1827/1435 900/1825/1435
f 899/1839/1436 904/1840/1436 903/1841/1436
f 903/1841/1437 904/1840/1437 907/1836/1437
f 903/1834/1438 902/1835/1438 901/1832/1438
f 902/1835/1439 905/1837/1439 906/1830/1439
f 905/1837/1440 900/1825/1440 906/1830/1440
f 903/1841/1441 907/1836/1441 902/1838/1441
o Cube.008
v 11.400262 0.988966 -8.683118
v 11.532844 0.890347 -8.754843
v 11.674120 0.830307 -8.718477
v 11.601222 0.881984 -8.557487
v 11.786609 1.004516 -8.616422
v 11.601456 1.090108 -8.581280
v 11.484583 1.080585 -8.742254
v 11.782826 0.871118 -8.756343
v 11.702096 1.025458 -8.773886
vn -0.4116 -0.9054 0.1042
vn 0.4470 -0.7728 0.4505
vn 0.2343 0.1102 0.9659
vn -0.5583 0.7469 0.3611
vn -0.1361 0.0310 -0.9902
vn -0.0152 -0.1208 -0.9926
vn 0.4028 0.9103 -0.0951
vn 0.8319 0.3903 -0.3946
vn -0.0511 -0.6027 -0.7964
vn -0.5363 -0.8305 0.1506
vn 0.5739 -0.6004 0.5569
vn -0.4888 0.0996 0.8667
vn -0.5169 -0.0747 -0.8528
vn 0.2114 0.9546 -0.2100
vt 0.551771 0.821043
vt 0.490236 0.981936
vt 0.443965 0.755163
vt 0.609545 0.740303
vt 0.579499 0.265268
vt 0.447677 0.232718
vt 0.490446 0.016300
vt 0.320967 0.499695
vt 0.242238 0.673984
vt 0.142687 0.564850
vt 0.543218 0.480597
vt 0.654480 0.663904
vt 0.651690 0.523626
vt 0.809399 0.589510
vt 0.375000 0.930496
vt 0.603518 0.001237
vt 0.583364 0.169025
vt 0.384386 0.054537
vt 0.382289 0.419599
s 0
g Cube.008_Material
usemtl Material
f 910/1842/1442 911/1843/1442 909/1844/1442
f 910/1842/1443 915/1845/1443 911/1843/1443
f 912/1846/1444 913/1847/1444 911/1848/1444
f 914/1849/1445 908/1850/1445 913/1851/1445
f 916/1852/1446 909/1844/1446 914/1849/1446
f 916/1852/1447 915/1853/1447 909/1844/1447
f 912/1846/1448 916/1852/1448 913/1847/1448
f 916/1854/1449 912/1855/1449 915/1853/1449
f 915/1853/1450 910/1842/1450 909/1844/1450
f 908/1856/1451 909/1844/1451 911/1843/1451
f 915/1857/1452 912/1858/1452 911/1848/1452
f 908/1859/1453 911/1848/1453 913/1847/1453
f 908/1850/1454 914/1849/1454 909/1844/1454
f 914/1860/1455 913/1847/1455 916/1852/1455
o Cube.009
v 10.979777 0.792833 -8.445264
v 11.100540 0.814005 -8.261111
v 11.005397 0.923118 -8.645422
v 11.142574 0.774263 -8.750792
v 11.418757 0.820189 -8.279772
v 11.304913 1.033503 -8.215691
v 11.273844 0.627950 -8.509189
v 11.011924 1.079352 -8.428226
v 11.132788 1.115350 -8.271729
v 11.259921 1.193962 -8.570811
v 11.269983 0.996382 -8.736224
v 11.035398 1.104872 -8.645428
v 11.515257 0.885007 -8.473202
v 11.373280 0.675225 -8.627007
v 11.471377 1.060524 -8.480082
v 11.467287 1.012494 -8.711595
vn -0.2814 0.0638 0.9575
vn -0.8370 0.1085 0.5364
vn -0.3794 0.9217 0.0810
vn 0.0001 0.6419 -0.7668
vn 0.9686 0.2395 -0.0668
vn 0.4064 -0.1743 -0.8969
vn 0.6260 -0.7454 0.2292
vn 0.3023 0.8825 0.3604
vn 0.3952 0.8549 0.3362
vn 0.8382 0.2290 0.4949
vn 0.0616 -0.2569 0.9645
vn 0.0517 -0.7813 0.6220
vn -0.3625 0.1743 -0.9156
vn -0.1293 -0.8778 -0.4613
vn -0.5132 -0.8288 -0.2231
vn -0.7976 -0.4537 -0.3974
vn -0.3965 -0.8457 0.3572
vn -0.9920 0.1144 -0.0525
vn -0.7962 0.0535 0.6026
vn -0.9829 0.1622 -0.0872
vn -0.3870 0.9197 0.0662
vn 0.8743 -0.3324 -0.3537
vn 0.1413 -0.2777 -0.9502
vn 0.7563 -0.6330 0.1652
vn 0.5781 0.7968 -0.1755
vn 0.8026 0.2683 0.5328
vn 0.0430 0.6426 -0.7650
vt 0.875000 0.649805
vt 0.849233 0.683396
vt 0.832712 0.540342
vt 0.580473 0.024703
vt 0.534759 0.188184
vt 0.498710 0.020990
vt 0.437420 0.135101
vt 0.411456 0.342495
vt 0.213804 0.511922
vt 0.337875 0.601179
vt 0.185175 0.619999
vt 0.611440 0.548317
vt 0.438499 0.522151
vt 0.536413 0.434917
vt 0.517900 0.691047
vt 0.378975 0.759339
vt 0.724211 0.603714
vt 0.568883 0.768659
vt 0.609419 0.213408
vt 0.625000 0.382072
vt 0.588498 0.519208
vt 0.209844 0.718096
vt 0.479559 0.953620
vt 0.390901 0.953078
vt 0.565332 0.774863
vt 0.583031 0.973602
vt 0.389658 0.010551
vt 0.376620 0.114133
vt 0.125000 0.581137
vt 0.375000 0.421875
s 0
g Cube.009_Material
usemtl Material
f 925/1861/1456 918/1862/1456 922/1863/1456
f 918/1864/1457 925/1865/1457 917/1866/1457
f 924/1867/1458 925/1865/1458 926/1868/1458
f 926/1869/1459 927/1870/1459 928/1871/1459
f 929/1872/1460 932/1873/1460 931/1874/1460
f 930/1875/1461 920/1876/1461 927/1870/1461
f 921/1877/1462 923/1878/1462 930/1875/1462
f 922/1879/1463 926/1868/1463 925/1865/1463
f 922/1879/1464 931/1874/1464 926/1868/1464
f 931/1874/1465 921/1880/1465 929/1881/1465
f 921/1877/1466 922/1863/1466 918/1862/1466
f 921/1877/1467 918/1862/1467 923/1878/1467
f 919/1882/1468 928/1871/1468 927/1870/1468 920/1876/1468
f 920/1876/1469 930/1875/1469 923/1878/1469
f 923/1878/1470 917/1883/1470 920/1876/1470
f 917/1883/1471 919/1884/1471 920/1876/1471
f 923/1885/1472 918/1886/1472 917/1883/1472
f 917/1866/1473 924/1867/1473 919/1887/1473
f 924/1867/1474 917/1866/1474 925/1865/1474
f 919/1887/1475 924/1867/1475 928/1888/1475
f 926/1869/1476 928/1871/1476 924/1889/1476
f 932/1873/1477 929/1872/1477 930/1875/1477
f 932/1873/1478 930/1875/1478 927/1870/1478
f 929/1872/1479 921/1877/1479 930/1875/1479
f 926/1868/1480 931/1874/1480 932/1873/1480
f 922/1879/1481 921/1880/1481 931/1874/1481
f 927/1890/1482 926/1868/1482 932/1873/1482
o Cube.010
v 10.622217 0.803738 -8.768278
v 10.584626 0.924237 -8.752599
v 10.662888 1.054806 -8.719306
v 10.748794 0.823529 -8.743478
v 10.622169 0.779863 -8.901803
v 10.658129 1.046535 -8.853419
v 10.731935 0.989282 -8.626122
v 10.815443 0.960422 -8.821644
v 10.738244 0.764545 -8.866781
vn 0.3021 0.1306 -0.9443
vn 0.2587 0.1189 -0.9586
vn 0.7334 0.6765 -0.0677
vn 0.4681 0.8809 0.0699
vn -0.8576 0.5144 -0.0013
vn -0.1625 -0.1770 0.9707
vn -0.1800 -0.9683 0.1732
vn 0.0575 -0.9025 0.4268
vn -0.8899 0.1948 -0.4124
vn -0.3839 -0.5593 0.7347
vn -0.6913 0.2406 0.6814
vn 0.9165 -0.3857 0.1061
vn 0.8902 -0.1995 0.4096
vn -0.9512 -0.3038 0.0547
vt 0.856741 0.527884
vt 0.792799 0.664448
vt 0.661337 0.518959
vt 0.570885 0.667835
vt 0.614877 0.834550
vt 0.495616 0.943630
vt 0.319826 0.718976
vt 0.602263 0.105449
vt 0.455701 0.107225
vt 0.553174 0.006579
vt 0.371255 0.573451
vt 0.135465 0.689951
vt 0.165587 0.530358
vt 0.553103 0.308270
vt 0.565029 0.471740
vt 0.392929 0.256090
vt 0.405598 0.560759
vt 0.171875 0.750000
s 0
g Cube.010_Material
usemtl Material
f 937/1891/1483 938/1892/1483 941/1893/1483
f 941/1893/1484 938/1892/1484 940/1894/1484
f 938/1895/1485 935/1896/1485 939/1897/1485
f 940/1894/1486 938/1895/1486 939/1897/1486
f 938/1898/1487 934/1899/1487 935/1900/1487
f 936/1901/1488 934/1902/1488 933/1903/1488
f 937/1904/1489 941/1905/1489 933/1906/1489
f 941/1905/1490 936/1907/1490 933/1906/1490
f 934/1899/1491 938/1898/1491 937/1904/1491
f 936/1901/1492 939/1897/1492 934/1902/1492
f 934/1902/1493 939/1897/1493 935/1908/1493
f 941/1893/1494 940/1894/1494 936/1907/1494
f 940/1894/1495 939/1897/1495 936/1907/1495
f 933/1906/1496 934/1899/1496 937/1904/1496
o Cube.011
v 11.360238 1.064808 -9.518703
v 11.249883 0.685025 -9.545573
v 11.101366 0.879869 -9.613934
v 11.234691 0.910523 -9.402830
v 11.425096 0.853935 -9.440607
v 11.450480 0.911878 -9.659494
v 11.244717 1.030692 -9.705563
v 11.448381 0.751139 -9.658138
v 11.267154 0.804506 -9.725909
vn -0.6100 -0.6324 -0.4774
vn -0.7530 -0.3874 0.5318
vn -0.6410 0.7204 0.2647
vn 0.2932 0.4100 0.8637
vn 0.9936 -0.0120 0.1120
vn 0.9133 0.3549 0.1999
vn 0.5196 0.7241 -0.4535
vn 0.2790 0.1135 -0.9536
vn -0.5533 0.0200 -0.8327
vn -0.0375 -0.8314 -0.5544
vn 0.3470 -0.0124 -0.9378
vn -0.6076 0.7449 0.2756
vn 0.0089 -0.5344 0.8452
vn 0.4905 -0.7665 0.4147
vt 0.534218 0.539052
vt 0.807613 0.537738
vt 0.651467 0.712344
vt 0.812212 0.722590
vt 0.440472 0.699464
vt 0.505279 0.954605
vt 0.394685 0.910428
vt 0.529494 0.041599
vt 0.440272 0.169217
vt 0.407900 0.015209
vt 0.224689 0.500632
vt 0.298939 0.554231
vt 0.143822 0.628706
vt 0.350796 0.501919
vt 0.236030 0.724989
vt 0.358556 0.714558
vt 0.602122 0.296489
vt 0.527241 0.521298
vt 0.452229 0.375318
s 0
g Cube.011_Material
usemtl Material
f 950/1909/1497 943/1910/1497 944/1911/1497
f 944/1911/1498 943/1910/1498 945/1912/1498
f 948/1913/1499 945/1914/1499 942/1915/1499
f 945/1916/1500 946/1917/1500 942/1918/1500
f 949/1919/1501 947/1920/1501 946/1921/1501
f 946/1921/1502 947/1922/1502 942/1923/1502
f 947/1922/1503 948/1924/1503 942/1923/1503
f 947/1922/1504 950/1909/1504 948/1913/1504
f 950/1909/1505 944/1911/1505 948/1913/1505
f 943/1925/1506 950/1926/1506 949/1927/1506
f 949/1927/1507 950/1909/1507 947/1922/1507
f 944/1911/1508 945/1914/1508 948/1913/1508
f 945/1916/1509 943/1925/1509 946/1917/1509
f 943/1925/1510 949/1927/1510 946/1917/1510
o Cube.006
v 11.642294 0.858826 -9.171318
v 11.571267 0.829301 -9.002102
v 11.779090 0.822752 -8.986900
v 11.605461 0.929375 -9.088716
v 11.682760 0.895294 -8.986181
v 11.765236 0.942756 -9.065627
v 11.716190 0.806899 -9.148630
v 11.581414 0.756829 -9.065172
v 11.711924 0.744348 -8.985539
vn 0.0286 0.7663 -0.6418
vn -0.1340 0.9058 0.4021
vn 0.9290 -0.1219 -0.3494
vn -0.9179 0.1795 -0.3539
vn -0.9203 -0.0234 -0.3904
vn 0.1263 -0.9273 -0.3523
vn -0.2208 -0.6369 -0.7386
vn -0.4506 -0.6211 0.6412
vn -0.1293 -0.0208 0.9914
vn 0.0125 0.0067 0.9999
vn 0.4072 0.5334 0.7414
vn 0.4789 0.3253 -0.8154
vn 0.7381 -0.6362 -0.2247
vn -0.4751 0.6630 0.5785
vt 0.423616 0.817668
vt 0.438163 0.985880
vt 0.399025 0.926987
vt 0.584080 0.909473
vt 0.477709 0.045024
vt 0.607265 0.122218
vt 0.441545 0.286085
vt 0.565477 0.549583
vt 0.592013 0.712367
vt 0.289400 0.584684
vt 0.400831 0.754486
vt 0.615924 0.357557
vt 0.551199 0.540629
vt 0.429879 0.509305
vt 0.769145 0.562221
vt 0.604783 0.677624
vt 0.780055 0.741830
vt 0.860509 0.631959
vt 0.567506 0.015179
vt 0.377433 0.096481
s 0
g Cube.006_Material
usemtl Material
f 954/1928/1511 956/1929/1511 951/1930/1511
f 955/1931/1512 956/1929/1512 954/1928/1512
f 956/1932/1513 953/1933/1513 957/1934/1513
f 958/1935/1514 952/1936/1514 951/1937/1514
f 952/1936/1515 954/1938/1515 951/1937/1515
f 957/1934/1516 959/1939/1516 958/1940/1516
f 958/1940/1517 951/1941/1517 957/1934/1517
f 958/1935/1518 959/1942/1518 952/1943/1518
f 952/1943/1519 959/1942/1519 955/1944/1519
f 959/1942/1520 953/1945/1520 955/1944/1520
f 955/1946/1521 953/1933/1521 956/1932/1521
f 951/1947/1522 956/1932/1522 957/1934/1522
f 957/1934/1523 953/1933/1523 959/1939/1523
f 952/1936/1524 955/1931/1524 954/1928/1524
o Cube.007
v 10.875925 0.786124 -8.754403
v 10.818994 0.813202 -8.932003
v 10.772592 0.696048 -8.742428
v 10.645208 0.765869 -8.758877
v 10.756091 0.863292 -8.687364
v 10.857849 0.915900 -8.803171
v 10.683264 0.801476 -8.897263
v 10.802988 0.711793 -8.878338
v 10.761330 0.934957 -8.861255
vn 0.4962 0.5998 -0.6278
vn 0.8883 -0.3164 -0.3330
vn -0.2598 0.3902 -0.8833
vn 0.6599 -0.7489 0.0608
vn 0.3354 -0.2646 0.9041
vn -0.4506 -0.8697 -0.2015
vn -0.8472 0.5221 -0.0986
vn 0.9529 0.0190 -0.3026
vn 0.6189 0.3504 0.7030
vn -0.0459 0.9241 0.3795
vn -0.2942 -0.3250 0.8988
vn -0.5272 -0.7766 -0.3448
vn -0.1876 -0.4361 -0.8801
vn -0.7241 0.6450 0.2440
vt 0.862532 0.586626
vt 0.666025 0.612825
vt 0.793538 0.524739
vt 0.799625 0.742317
vt 0.596159 0.725728
vt 0.676667 0.500000
vt 0.533198 0.702151
vt 0.502729 0.907748
vt 0.315429 0.689365
vt 0.215046 0.717794
vt 0.139986 0.551629
vt 0.365533 0.517965
vt 0.592775 0.342442
vt 0.523296 0.508923
vt 0.395346 0.376049
vt 0.510142 0.020803
vt 0.592582 0.143625
vt 0.414253 0.208459
s 0
g Cube.007_Material
usemtl Material
f 965/1948/1525 961/1949/1525 968/1950/1525
f 961/1949/1526 960/1951/1526 967/1952/1526
f 968/1950/1527 961/1949/1527 966/1953/1527
f 967/1954/1528 960/1955/1528 962/1956/1528
f 962/1956/1529 960/1957/1529 964/1958/1529
f 963/1959/1530 967/1954/1530 962/1956/1530
f 968/1960/1531 966/1961/1531 963/1962/1531
f 965/1948/1532 960/1951/1532 961/1949/1532
f 960/1963/1533 965/1964/1533 964/1965/1533
f 964/1965/1534 965/1964/1534 968/1960/1534
f 964/1958/1535 963/1959/1535 962/1956/1535
f 963/1959/1536 966/1961/1536 967/1954/1536
f 966/1961/1537 961/1949/1537 967/1954/1537
f 964/1965/1538 968/1960/1538 963/1962/1538
o Cube.008
v 10.959576 0.922223 -9.356423
v 10.906537 0.785399 -9.296756
v 10.857579 0.662094 -9.337317
v 10.921985 0.727702 -9.470607
v 10.721234 0.706284 -9.481430
v 10.804822 0.867055 -9.498708
v 10.840219 0.938376 -9.342714
v 10.755404 0.629180 -9.333776
v 10.720624 0.778981 -9.340884
vn 0.8803 -0.4213 0.2180
vn 0.2817 -0.9078 -0.3107
vn 0.0684 -0.1417 -0.9876
vn 0.0727 0.9007 -0.4283
vn -0.2330 0.1858 0.9546
vn -0.2307 -0.0074 0.9730
vn -0.8740 0.4301 -0.2263
vn -0.9694 -0.2199 0.1095
vn 0.1484 -0.3617 0.9204
vn 0.9411 -0.2868 0.1788
vn 0.1186 -0.8686 -0.4810
vn 0.5725 0.3300 -0.7506
vn 0.1530 0.3446 0.9262
vn -0.7970 0.5969 -0.0921
vt 0.551771 0.821043
vt 0.490236 0.981936
vt 0.443965 0.755163
vt 0.609545 0.740303
vt 0.579499 0.265268
vt 0.447677 0.232718
vt 0.490446 0.016300
vt 0.320967 0.499695
vt 0.242238 0.673984
vt 0.142687 0.564850
vt 0.543218 0.480597
vt 0.654480 0.663904
vt 0.651690 0.523626
vt 0.809399 0.589510
vt 0.375000 0.930496
vt 0.603518 0.001237
vt 0.583364 0.169025
vt 0.384386 0.054537
vt 0.382289 0.419599
s 0
g Cube.008_Material
usemtl Material
f 971/1966/1539 972/1967/1539 970/1968/1539
f 971/1966/1540 976/1969/1540 972/1967/1540
f 973/1970/1541 974/1971/1541 972/1972/1541
f 975/1973/1542 969/1974/1542 974/1975/1542
f 977/1976/1543 970/1968/1543 975/1973/1543
f 977/1976/1544 976/1977/1544 970/1968/1544
f 973/1970/1545 977/1976/1545 974/1971/1545
f 977/1978/1546 973/1979/1546 976/1977/1546
f 976/1977/1547 971/1966/1547 970/1968/1547
f 969/1980/1548 970/1968/1548 972/1967/1548
f 976/1981/1549 973/1982/1549 972/1972/1549
f 969/1983/1550 972/1972/1550 974/1971/1550
f 969/1974/1551 975/1973/1551 970/1968/1551
f 975/1984/1552 974/1971/1552 977/1976/1552
o Cube.009
v 10.909389 0.561071 -9.358724
v 10.942995 0.615990 -9.210854
v 10.770533 0.606220 -9.455375
v 10.848316 0.726908 -9.539403
v 10.939362 0.844525 -9.168673
v 10.807508 0.744370 -9.092277
v 11.011116 0.787023 -9.392984
v 10.718071 0.569039 -9.271172
v 10.734608 0.627890 -9.138015
v 10.608038 0.763283 -9.296320
v 10.702037 0.805578 -9.453535
v 10.646621 0.619846 -9.405427
v 10.848174 0.941629 -9.265218
v 10.950912 0.874687 -9.443084
v 10.725588 0.904216 -9.233706
v 10.700442 0.940888 -9.400266
vn 0.2624 -0.4905 0.8310
vn 0.0633 -0.9402 0.3348
vn -0.8462 -0.4405 0.2998
vn -0.8660 0.1336 -0.4819
vn -0.2258 0.9437 0.2419
vn -0.1351 0.6052 -0.7846
vn 0.7928 0.6013 0.0995
vn -0.6979 0.1630 0.6974
vn -0.6782 0.2604 0.6872
vn -0.0260 0.6924 0.7210
vn 0.5738 -0.1398 0.8070
vn 0.9483 -0.0429 0.3144
vn -0.4863 -0.1591 -0.8592
vn 0.6628 0.0276 -0.7483
vn 0.6899 -0.4019 -0.6021
vn 0.2714 -0.6616 -0.6990
vn 0.9077 -0.4165 -0.0516
vn -0.1480 -0.9604 -0.2360
vn 0.1386 -0.9121 0.3859
vn -0.2046 -0.9466 -0.2493
vn -0.8496 -0.4445 0.2839
vn 0.2105 0.9488 -0.2355
vn -0.0623 0.3650 -0.9289
vn 0.6682 0.7359 0.1090
vn -0.7953 0.5556 0.2424
vn -0.0507 0.6471 0.7607
vn -0.8651 0.1749 -0.4702
vt 0.875000 0.649805
vt 0.849233 0.683396
vt 0.832712 0.540342
vt 0.580473 0.024703
vt 0.534759 0.188184
vt 0.498710 0.020990
vt 0.437420 0.135101
vt 0.411456 0.342495
vt 0.213804 0.511922
vt 0.337875 0.601179
vt 0.185175 0.619999
vt 0.611440 0.548317
vt 0.438499 0.522151
vt 0.536413 0.434917
vt 0.517900 0.691047
vt 0.378975 0.759339
vt 0.724211 0.603714
vt 0.568883 0.768659
vt 0.609419 0.213408
vt 0.625000 0.382072
vt 0.588498 0.519208
vt 0.209844 0.718096
vt 0.479559 0.953620
vt 0.390901 0.953078
vt 0.565332 0.774863
vt 0.583031 0.973602
vt 0.389658 0.010551
vt 0.376620 0.114133
vt 0.125000 0.581137
vt 0.375000 0.421875
s 0
g Cube.009_Material
usemtl Material
f 986/1985/1553 979/1986/1553 983/1987/1553
f 979/1988/1554 986/1989/1554 978/1990/1554
f 985/1991/1555 986/1989/1555 987/1992/1555
f 987/1993/1556 988/1994/1556 989/1995/1556
f 990/1996/1557 993/1997/1557 992/1998/1557
f 991/1999/1558 981/2000/1558 988/1994/1558
f 982/2001/1559 984/2002/1559 991/1999/1559
f 983/2003/1560 987/1992/1560 986/1989/1560
f 983/2003/1561 992/1998/1561 987/1992/1561
f 992/1998/1562 982/2004/1562 990/2005/1562
f 982/2001/1563 983/1987/1563 979/1986/1563
f 982/2001/1564 979/1986/1564 984/2002/1564
f 980/2006/1565 989/1995/1565 988/1994/1565 981/2000/1565
f 981/2000/1566 991/1999/1566 984/2002/1566
f 984/2002/1567 978/2007/1567 981/2000/1567
f 978/2007/1568 980/2008/1568 981/2000/1568
f 984/2009/1569 979/2010/1569 978/2007/1569
f 978/1990/1570 985/1991/1570 980/2011/1570
f 985/1991/1571 978/1990/1571 986/1989/1571
f 980/2011/1572 985/1991/1572 989/2012/1572
f 987/1993/1573 989/1995/1573 985/2013/1573
f 993/1997/1574 990/1996/1574 991/1999/1574
f 993/1997/1575 991/1999/1575 988/1994/1575
f 990/1996/1576 982/2001/1576 991/1999/1576
f 987/1992/1577 992/1998/1577 993/1997/1577
f 983/2003/1578 982/2004/1578 992/1998/1578
f 988/2014/1579 987/1992/1579 993/1997/1579
o Cube.010
v 11.154737 0.704061 -9.560131
v 11.172907 0.800610 -9.493128
v 11.217920 0.817204 -9.355571
v 11.182735 0.621559 -9.474729
v 11.253321 0.695568 -9.639444
v 11.321009 0.821202 -9.427387
v 11.142148 0.725006 -9.319966
v 11.315648 0.654718 -9.392041
v 11.257239 0.600109 -9.576789
vn 0.9641 -0.1169 -0.2385
vn 0.9570 -0.0894 -0.2761
vn 0.5687 -0.1555 0.8077
vn 0.4369 0.1733 0.8827
vn -0.0991 0.9913 -0.0871
vn -0.9562 -0.0225 0.2917
vn -0.5793 -0.4638 -0.6704
vn -0.6898 -0.6204 -0.3732
vn 0.1208 0.8367 -0.5342
vn -0.9757 -0.0747 -0.2059
vn -0.7316 0.6628 0.1594
vn 0.0786 -0.9625 0.2597
vn -0.1201 -0.8396 0.5297
vn -0.4909 0.5572 -0.6698
vt 0.856741 0.527884
vt 0.792799 0.664448
vt 0.661337 0.518959
vt 0.570885 0.667835
vt 0.614877 0.834550
vt 0.495616 0.943630
vt 0.319826 0.718976
vt 0.602263 0.105449
vt 0.455701 0.107225
vt 0.553174 0.006579
vt 0.371255 0.573451
vt 0.135465 0.689951
vt 0.165587 0.530358
vt 0.553103 0.308270
vt 0.565029 0.471740
vt 0.392929 0.256090
vt 0.405598 0.560759
vt 0.171875 0.750000
s 0
g Cube.010_Material
usemtl Material
f 998/2015/1580 999/2016/1580 1002/2017/1580
f 1002/2017/1581 999/2016/1581 1001/2018/1581
f 999/2019/1582 996/2020/1582 1000/2021/1582
f 1001/2018/1583 999/2019/1583 1000/2021/1583
f 999/2022/1584 995/2023/1584 996/2024/1584
f 997/2025/1585 995/2026/1585 994/2027/1585
f 998/2028/1586 1002/2029/1586 994/2030/1586
f 1002/2029/1587 997/2031/1587 994/2030/1587
f 995/2023/1588 999/2022/1588 998/2028/1588
f 997/2025/1589 1000/2021/1589 995/2026/1589
f 995/2026/1590 1000/2021/1590 996/2032/1590
f 1002/2017/1591 1001/2018/1591 997/2031/1591
f 1001/2018/1592 1000/2021/1592 997/2031/1592
f 994/2030/1593 995/2023/1593 998/2028/1593
o Cube.011
v 11.375669 0.773742 -9.516689
v 11.219301 0.542736 -9.410698
v 11.350831 0.637341 -9.308657
v 11.394017 0.603516 -9.489907
v 11.273778 0.642287 -9.574805
v 11.207724 0.773828 -9.486754
v 11.332927 0.800517 -9.357109
v 11.128395 0.683418 -9.473397
v 11.202378 0.689902 -9.341816
vn -0.3392 -0.4305 0.8364
vn 0.4210 -0.8683 0.2624
vn 0.9620 0.1405 0.2341
vn 0.5604 -0.0695 -0.8253
vn -0.4854 0.3048 -0.8195
vn -0.1521 0.4959 -0.8550
vn -0.0304 0.9844 -0.1733
vn -0.5656 0.7225 0.3975
vn -0.1175 0.2708 0.9554
vn -0.8198 -0.3174 0.4766
vn -0.6781 0.6466 0.3494
vn 0.9659 0.1652 0.1993
vn 0.0740 -0.8634 -0.4991
vn -0.5617 -0.6114 -0.5574
vt 0.534218 0.539052
vt 0.807613 0.537738
vt 0.651467 0.712344
vt 0.812212 0.722590
vt 0.440472 0.699464
vt 0.505279 0.954605
vt 0.394685 0.910428
vt 0.529494 0.041599
vt 0.440272 0.169217
vt 0.407900 0.015209
vt 0.224689 0.500632
vt 0.298939 0.554231
vt 0.143822 0.628706
vt 0.350796 0.501919
vt 0.236030 0.724989
vt 0.358556 0.714558
vt 0.602122 0.296489
vt 0.527241 0.521298
vt 0.452229 0.375318
s 0
g Cube.011_Material
usemtl Material
f 1011/2033/1594 1004/2034/1594 1005/2035/1594
f 1005/2035/1595 1004/2034/1595 1006/2036/1595
f 1009/2037/1596 1006/2038/1596 1003/2039/1596
f 1006/2040/1597 1007/2041/1597 1003/2042/1597
f 1010/2043/1598 1008/2044/1598 1007/2045/1598
f 1007/2045/1599 1008/2046/1599 1003/2047/1599
f 1008/2046/1600 1009/2048/1600 1003/2047/1600
f 1008/2046/1601 1011/2033/1601 1009/2037/1601
f 1011/2033/1602 1005/2035/1602 1009/2037/1602
f 1004/2049/1603 1011/2050/1603 1010/2051/1603
f 1010/2051/1604 1011/2033/1604 1008/2046/1604
f 1005/2035/1605 1006/2038/1605 1009/2037/1605
f 1006/2040/1606 1004/2049/1606 1007/2041/1606
f 1004/2049/1607 1010/2051/1607 1007/2041/1607
o Cube.006
v 11.522549 0.533163 -9.174184
v 11.482063 0.645781 -9.305861
v 11.438692 0.735038 -9.132710
v 11.582223 0.604632 -9.232389
v 11.522337 0.714481 -9.209567
v 11.564334 0.686782 -9.102095
v 11.458416 0.569623 -9.124143
v 11.422215 0.580714 -9.278713
v 11.376844 0.695176 -9.198700
vn 0.8390 -0.4009 0.3679
vn 0.8422 0.5007 -0.2001
vn -0.2283 0.0232 0.9733
vn 0.3907 -0.6368 -0.6647
vn 0.1995 -0.7135 -0.6716
vn -0.8694 -0.4637 0.1704
vn -0.4664 -0.8834 0.0459
vn -0.6234 0.2667 -0.7350
vn -0.1503 0.8335 -0.5318
vn -0.1499 0.9022 -0.4045
vn 0.3325 0.9365 0.1114
vn 0.3577 -0.4747 0.8042
vn -0.7138 -0.0489 0.6986
vn 0.6390 0.4742 -0.6056
vt 0.423616 0.817668
vt 0.438163 0.985880
vt 0.399025 0.926987
vt 0.584080 0.909473
vt 0.477709 0.045024
vt 0.607265 0.122218
vt 0.441545 0.286085
vt 0.565477 0.549583
vt 0.592013 0.712367
vt 0.289400 0.584684
vt 0.400831 0.754486
vt 0.615924 0.357557
vt 0.551199 0.540629
vt 0.429879 0.509305
vt 0.769145 0.562221
vt 0.604783 0.677624
vt 0.780055 0.741830
vt 0.860509 0.631959
vt 0.567506 0.015179
vt 0.377433 0.096481
s 0
g Cube.006_Material
usemtl Material
f 1015/2052/1608 1017/2053/1608 1012/2054/1608
f 1016/2055/1609 1017/2053/1609 1015/2052/1609
f 1017/2056/1610 1014/2057/1610 1018/2058/1610
f 1019/2059/1611 1013/2060/1611 1012/2061/1611
f 1013/2060/1612 1015/2062/1612 1012/2061/1612
f 1018/2058/1613 1020/2063/1613 1019/2064/1613
f 1019/2064/1614 1012/2065/1614 1018/2058/1614
f 1019/2059/1615 1020/2066/1615 1013/2067/1615
f 1013/2067/1616 1020/2066/1616 1016/2068/1616
f 1020/2066/1617 1014/2069/1617 1016/2068/1617
f 1016/2070/1618 1014/2057/1618 1017/2056/1618
f 1012/2071/1619 1017/2056/1619 1018/2058/1619
f 1018/2058/1620 1014/2057/1620 1020/2063/1620
f 1013/2060/1621 1016/2055/1621 1015/2052/1621
o Cube.007
v 10.973263 0.680990 -9.435261
v 11.099780 0.584115 -9.306646
v 10.908132 0.740286 -9.314440
v 10.843333 0.624390 -9.227246
v 10.836270 0.584373 -9.400765
v 10.997805 0.531849 -9.450523
v 10.989264 0.561425 -9.203643
v 11.048732 0.695296 -9.277023
v 10.992714 0.464534 -9.346340
vn 0.7552 -0.5668 -0.3293
vn 0.7801 0.4686 -0.4144
vn 0.5749 -0.6704 0.4691
vn 0.3549 0.9007 -0.2507
vn -0.5598 0.5837 -0.5882
vn -0.0171 0.6072 0.7944
vn -0.4094 -0.7594 0.5057
vn 0.7675 0.1890 -0.6126
vn -0.2784 0.0523 -0.9590
vn -0.4040 -0.7592 -0.5103
vn -0.8915 0.4480 -0.0670
vn 0.0556 0.4608 0.8857
vn 0.6657 0.1090 0.7382
vn -0.6385 -0.7438 0.1975
vt 0.862532 0.586626
vt 0.666025 0.612825
vt 0.793538 0.524739
vt 0.799625 0.742317
vt 0.596159 0.725728
vt 0.676667 0.500000
vt 0.533198 0.702151
vt 0.502729 0.907748
vt 0.315429 0.689365
vt 0.215046 0.717794
vt 0.139986 0.551629
vt 0.365533 0.517965
vt 0.592775 0.342442
vt 0.523296 0.508923
vt 0.395346 0.376049
vt 0.510142 0.020803
vt 0.592582 0.143625
vt 0.414253 0.208459
s 0
g Cube.007_Material
usemtl Material
f 1026/2072/1622 1022/2073/1622 1029/2074/1622
f 1022/2073/1623 1021/2075/1623 1028/2076/1623
f 1029/2074/1624 1022/2073/1624 1027/2077/1624
f 1028/2078/1625 1021/2079/1625 1023/2080/1625
f 1023/2080/1626 1021/2081/1626 1025/2082/1626
f 1024/2083/1627 1028/2078/1627 1023/2080/1627
f 1029/2084/1628 1027/2085/1628 1024/2086/1628
f 1026/2072/1629 1021/2075/1629 1022/2073/1629
f 1021/2087/1630 1026/2088/1630 1025/2089/1630
f 1025/2089/1631 1026/2088/1631 1029/2084/1631
f 1025/2082/1632 1024/2083/1632 1023/2080/1632
f 1024/2083/1633 1027/2085/1633 1028/2078/1633
f 1027/2085/1634 1022/2073/1634 1028/2078/1634
f 1025/2089/1635 1029/2084/1635 1024/2086/1635
o Cube.008
v 11.315897 0.632489 -9.529451
v 11.253237 0.659860 -9.352322
v 11.177421 0.578991 -9.228382
v 11.233519 0.440414 -9.352138
v 10.992705 0.461960 -9.335770
v 11.101504 0.484635 -9.523513
v 11.178973 0.678554 -9.544954
v 11.054741 0.591975 -9.191597
v 11.024842 0.646525 -9.365316
vn 0.8723 -0.0780 0.4827
vn 0.1647 -0.6191 0.7679
vn -0.0996 -0.9793 -0.1760
vn 0.0662 -0.1358 -0.9885
vn -0.0647 0.9905 0.1211
vn -0.0730 0.9479 0.3102
vn -0.8667 0.0719 -0.4936
vn -0.9525 0.2023 0.2275
vn 0.2673 0.7240 0.6359
vn 0.9353 -0.0838 0.3438
vn -0.0202 -0.7381 0.6743
vn 0.4674 -0.6995 -0.5406
vn 0.3220 0.9462 -0.0323
vn -0.7579 0.2355 -0.6083
vt 0.551771 0.821043
vt 0.490236 0.981936
vt 0.443965 0.755163
vt 0.609545 0.740303
vt 0.579499 0.265268
vt 0.447677 0.232718
vt 0.490446 0.016300
vt 0.320967 0.499695
vt 0.242238 0.673984
vt 0.142687 0.564850
vt 0.543218 0.480597
vt 0.654480 0.663904
vt 0.651690 0.523626
vt 0.809399 0.589510
vt 0.375000 0.930496
vt 0.603518 0.001237
vt 0.583364 0.169025
vt 0.384386 0.054537
vt 0.382289 0.419599
s 0
g Cube.008_Material
usemtl Material
f 1032/2090/1636 1033/2091/1636 1031/2092/1636
f 1032/2090/1637 1037/2093/1637 1033/2091/1637
f 1034/2094/1638 1035/2095/1638 1033/2096/1638
f 1036/2097/1639 1030/2098/1639 1035/2099/1639
f 1038/2100/1640 1031/2092/1640 1036/2097/1640
f 1038/2100/1641 1037/2101/1641 1031/2092/1641
f 1034/2094/1642 1038/2100/1642 1035/2095/1642
f 1038/2102/1643 1034/2103/1643 1037/2101/1643
f 1037/2101/1644 1032/2090/1644 1031/2092/1644
f 1030/2104/1645 1031/2092/1645 1033/2091/1645
f 1037/2105/1646 1034/2106/1646 1033/2096/1646
f 1030/2107/1647 1033/2096/1647 1035/2095/1647
f 1030/2098/1648 1036/2097/1648 1031/2092/1648
f 1036/2108/1649 1035/2095/1649 1038/2100/1649
o Cube.009
v 11.420760 0.744165 -8.808476
v 11.279761 0.708188 -8.708916
v 11.522079 0.616535 -8.908924
v 11.432307 0.642176 -9.065005
v 11.089656 0.569179 -8.804306
v 11.200376 0.484803 -8.661605
v 11.211761 0.721667 -8.983410
v 11.480512 0.543475 -8.712893
v 11.354706 0.493396 -8.627322
v 11.415418 0.342763 -8.838580
v 11.413928 0.444272 -9.017275
v 11.558180 0.483584 -8.858182
v 11.124202 0.456568 -8.940221
v 11.209701 0.631036 -9.074504
v 11.207359 0.357360 -8.876483
v 11.285655 0.355481 -9.047905
vn -0.2230 0.2772 0.9346
vn 0.4363 0.4485 0.7800
vn 0.6077 -0.5536 0.5694
vn 0.6182 -0.6813 -0.3921
vn -0.6375 -0.7164 -0.2833
vn 0.0533 -0.2388 -0.9696
vn -0.8863 0.3381 -0.3164
vn -0.0794 -0.8223 0.5635
vn -0.1510 -0.8524 0.5006
vn -0.8139 -0.5319 0.2339
vn -0.6174 0.3668 0.6959
vn -0.6408 0.7424 0.1952
vn 0.7986 -0.1320 -0.5872
vn -0.0054 0.7090 -0.7052
vn 0.1983 0.9138 -0.3544
vn 0.6491 0.7165 -0.2556
vn -0.1836 0.9785 0.0935
vn 0.8484 0.4113 0.3332
vn 0.3511 0.4858 0.8005
vn 0.8763 0.3601 0.3200
vn 0.6201 -0.5509 0.5586
vn -0.6399 -0.2466 -0.7278
vn 0.2485 -0.0250 -0.9683
vn -0.9148 0.1645 -0.3688
vn -0.0665 -0.9976 -0.0194
vn -0.7895 -0.5388 0.2939
vn 0.5838 -0.7038 -0.4047
vt 0.875000 0.649805
vt 0.849233 0.683396
vt 0.832712 0.540342
vt 0.580473 0.024703
vt 0.534759 0.188184
vt 0.498710 0.020990
vt 0.437420 0.135101
vt 0.411456 0.342495
vt 0.213804 0.511922
vt 0.337875 0.601179
vt 0.185175 0.619999
vt 0.611440 0.548317
vt 0.438499 0.522151
vt 0.536413 0.434917
vt 0.517900 0.691047
vt 0.378975 0.759339
vt 0.724211 0.603714
vt 0.568883 0.768659
vt 0.609419 0.213408
vt 0.625000 0.382072
vt 0.588498 0.519208
vt 0.209844 0.718096
vt 0.479559 0.953620
vt 0.390901 0.953078
vt 0.565332 0.774863
vt 0.583031 0.973602
vt 0.389658 0.010551
vt 0.376620 0.114133
vt 0.125000 0.581137
vt 0.375000 0.421875
s 0
g Cube.009_Material
usemtl Material
f 1047/2109/1650 1040/2110/1650 1044/2111/1650
f 1040/2112/1651 1047/2113/1651 1039/2114/1651
f 1046/2115/1652 1047/2113/1652 1048/2116/1652
f 1048/2117/1653 1049/2118/1653 1050/2119/1653
f 1051/2120/1654 1054/2121/1654 1053/2122/1654
f 1052/2123/1655 1042/2124/1655 1049/2118/1655
f 1043/2125/1656 1045/2126/1656 1052/2123/1656
f 1044/2127/1657 1048/2116/1657 1047/2113/1657
f 1044/2127/1658 1053/2122/1658 1048/2116/1658
f 1053/2122/1659 1043/2128/1659 1051/2129/1659
f 1043/2125/1660 1044/2111/1660 1040/2110/1660
f 1043/2125/1661 1040/2110/1661 1045/2126/1661
f 1041/2130/1662 1050/2119/1662 1049/2118/1662 1042/2124/1662
f 1042/2124/1663 1052/2123/1663 1045/2126/1663
f 1045/2126/1664 1039/2131/1664 1042/2124/1664
f 1039/2131/1665 1041/2132/1665 1042/2124/1665
f 1045/2133/1666 1040/2134/1666 1039/2131/1666
f 1039/2114/1667 1046/2115/1667 1041/2135/1667
f 1046/2115/1668 1039/2114/1668 1047/2113/1668
f 1041/2135/1669 1046/2115/1669 1050/2136/1669
f 1048/2117/1670 1050/2119/1670 1046/2137/1670
f 1054/2121/1671 1051/2120/1671 1052/2123/1671
f 1054/2121/1672 1052/2123/1672 1049/2118/1672
f 1051/2120/1673 1043/2125/1673 1052/2123/1673
f 1048/2116/1674 1053/2122/1674 1054/2121/1674
f 1044/2127/1675 1043/2128/1675 1053/2122/1675
f 1049/2138/1676 1048/2116/1676 1054/2121/1676
o Cube.010
v 11.015794 0.570173 -8.967873
v 11.013471 0.589067 -8.853845
v 10.973145 0.508172 -8.744815
v 10.969650 0.460951 -8.965090
v 11.133371 0.548399 -8.997865
v 11.092714 0.488214 -8.760230
v 10.874677 0.474427 -8.806645
v 11.030660 0.368322 -8.856030
v 11.079001 0.455294 -9.024549
vn 0.8611 -0.5082 0.0186
vn 0.8840 -0.4674 0.0124
vn -0.0663 -0.8277 0.5573
vn -0.1355 -0.5748 0.8070
vn 0.2062 0.7478 0.6311
vn -0.9188 0.3860 -0.0827
vn -0.1673 0.3607 -0.9176
vn -0.4635 0.1737 -0.8689
vn 0.6020 0.7434 0.2913
vn -0.6554 0.6104 -0.4448
vn -0.5063 0.7716 0.3852
vn -0.3162 -0.8030 -0.5051
vn -0.5995 -0.7435 -0.2961
vn 0.1404 0.9772 -0.1591
vt 0.856741 0.527884
vt 0.792799 0.664448
vt 0.661337 0.518959
vt 0.570885 0.667835
vt 0.614877 0.834550
vt 0.495616 0.943630
vt 0.319826 0.718976
vt 0.602263 0.105449
vt 0.455701 0.107225
vt 0.553174 0.006579
vt 0.371255 0.573451
vt 0.135465 0.689951
vt 0.165587 0.530358
vt 0.553103 0.308270
vt 0.565029 0.471740
vt 0.392929 0.256090
vt 0.405598 0.560759
vt 0.171875 0.750000
s 0
g Cube.010_Material
usemtl Material
f 1059/2139/1677 1060/2140/1677 1063/2141/1677
f 1063/2141/1678 1060/2140/1678 1062/2142/1678
f 1060/2143/1679 1057/2144/1679 1061/2145/1679
f 1062/2142/1680 1060/2143/1680 1061/2145/1680
f 1060/2146/1681 1056/2147/1681 1057/2148/1681
f 1058/2149/1682 1056/2150/1682 1055/2151/1682
f 1059/2152/1683 1063/2153/1683 1055/2154/1683
f 1063/2153/1684 1058/2155/1684 1055/2154/1684
f 1056/2147/1685 1060/2146/1685 1059/2152/1685
f 1058/2149/1686 1061/2145/1686 1056/2150/1686
f 1056/2150/1687 1061/2145/1687 1057/2156/1687
f 1063/2141/1688 1062/2142/1688 1058/2155/1688
f 1062/2142/1689 1061/2145/1689 1058/2155/1689
f 1055/2154/1690 1056/2147/1690 1059/2152/1690
o Cube.011
v 11.157262 0.454467 -9.131956
v 10.756404 0.368943 -9.033905
v 10.967638 0.281734 -8.889333
v 10.994783 0.272927 -9.155252
v 10.930770 0.462145 -9.234688
v 10.994295 0.616146 -9.058825
v 11.125756 0.464367 -8.897912
v 10.823483 0.611527 -9.055192
v 10.885077 0.493495 -8.888431
vn -0.6141 -0.2426 0.7510
vn -0.3770 -0.9262 -0.0078
vn 0.7310 -0.6705 0.1268
vn 0.3944 -0.2391 -0.8873
vn -0.0344 0.7580 -0.6514
vn 0.3332 0.6464 -0.6864
vn 0.7178 0.6930 0.0673
vn 0.1178 0.7686 0.6288
vn 0.0408 0.0116 0.9991
vn -0.8244 0.2715 0.4967
vn -0.0097 0.8145 0.5801
vn 0.7546 -0.6487 0.0985
vn -0.5436 -0.4745 -0.6923
vn -0.7812 0.1631 -0.6027
vt 0.534218 0.539052
vt 0.807613 0.537738
vt 0.651467 0.712344
vt 0.812212 0.722590
vt 0.440472 0.699464
vt 0.505279 0.954605
vt 0.394685 0.910428
vt 0.529494 0.041599
vt 0.440272 0.169217
vt 0.407900 0.015209
vt 0.224689 0.500632
vt 0.298939 0.554231
vt 0.143822 0.628706
vt 0.350796 0.501919
vt 0.236030 0.724989
vt 0.358556 0.714558
vt 0.602122 0.296489
vt 0.527241 0.521298
vt 0.452229 0.375318
s 0
g Cube.011_Material
usemtl Material
f 1072/2157/1691 1065/2158/1691 1066/2159/1691
f 1066/2159/1692 1065/2158/1692 1067/2160/1692
f 1070/2161/1693 1067/2162/1693 1064/2163/1693
f 1067/2164/1694 1068/2165/1694 1064/2166/1694
f 1071/2167/1695 1069/2168/1695 1068/2169/1695
f 1068/2169/1696 1069/2170/1696 1064/2171/1696
f 1069/2170/1697 1070/2172/1697 1064/2171/1697
f 1069/2170/1698 1072/2157/1698 1070/2161/1698
f 1072/2157/1699 1066/2159/1699 1070/2161/1699
f 1065/2173/1700 1072/2174/1700 1071/2175/1700
f 1071/2175/1701 1072/2157/1701 1069/2170/1701
f 1066/2159/1702 1067/2162/1702 1070/2161/1702
f 1067/2164/1703 1065/2173/1703 1068/2165/1703
f 1065/2173/1704 1071/2175/1704 1068/2165/1704
o Cube.006
v 11.270670 0.271563 -9.299661
v 11.308908 0.500776 -9.311396
v 11.089967 0.462299 -9.174684
v 11.352203 0.361108 -9.222522
v 11.240449 0.470595 -9.166129
v 11.196116 0.340115 -9.094800
v 11.156034 0.291839 -9.293669
v 11.251802 0.442476 -9.400639
v 11.102745 0.503950 -9.296364
vn 0.4545 -0.7817 0.4270
vn 0.6006 0.2167 0.7696
vn -0.8081 -0.5140 0.2877
vn 0.8766 -0.1693 -0.4504
vn 0.7653 -0.1596 -0.6236
vn -0.6098 -0.1631 -0.7756
vn -0.1353 -0.5150 -0.8464
vn -0.0260 0.8444 -0.5350
vn 0.0309 0.9756 0.2172
vn -0.0701 0.9460 0.3165
vn -0.0766 0.4982 0.8637
vn -0.1548 -0.9525 0.2624
vn -0.9530 -0.2417 -0.1828
vn 0.7303 0.5132 0.4508
vt 0.423616 0.817668
vt 0.438163 0.985880
vt 0.399025 0.926987
vt 0.584080 0.909473
vt 0.477709 0.045024
vt 0.607265 0.122218
vt 0.441545 0.286085
vt 0.565477 0.549583
vt 0.592013 0.712367
vt 0.289400 0.584684
vt 0.400831 0.754486
vt 0.615924 0.357557
vt 0.551199 0.540629
vt 0.429879 0.509305
vt 0.769145 0.562221
vt 0.604783 0.677624
vt 0.780055 0.741830
vt 0.860509 0.631959
vt 0.567506 0.015179
vt 0.377433 0.096481
s 0
g Cube.006_Material
usemtl Material
f 1076/2176/1705 1078/2177/1705 1073/2178/1705
f 1077/2179/1706 1078/2177/1706 1076/2176/1706
f 1078/2180/1707 1075/2181/1707 1079/2182/1707
f 1080/2183/1708 1074/2184/1708 1073/2185/1708
f 1074/2184/1709 1076/2186/1709 1073/2185/1709
f 1079/2182/1710 1081/2187/1710 1080/2188/1710
f 1080/2188/1711 1073/2189/1711 1079/2182/1711
f 1080/2183/1712 1081/2190/1712 1074/2191/1712
f 1074/2191/1713 1081/2190/1713 1077/2192/1713
f 1081/2190/1714 1075/2193/1714 1077/2192/1714
f 1077/2194/1715 1075/2181/1715 1078/2180/1715
f 1073/2195/1716 1078/2180/1716 1079/2182/1716
f 1079/2182/1717 1075/2181/1717 1081/2187/1717
f 1074/2184/1718 1077/2179/1718 1076/2176/1718
o Cube.007
v 11.242064 0.478583 -9.129724
v 11.463731 0.418165 -9.124251
v 11.230498 0.417861 -8.973721
v 11.263748 0.242725 -8.975778
v 11.173613 0.299764 -9.144969
v 11.309579 0.389613 -9.258542
v 11.431051 0.275899 -9.034318
v 11.394317 0.453908 -9.006518
v 11.388459 0.280363 -9.223138
vn 0.6214 0.2035 -0.7566
vn 0.2637 0.9552 -0.1345
vn 0.9137 -0.3453 -0.2143
vn -0.1337 0.9268 0.3508
vn -0.9337 0.3516 0.0676
vn 0.1910 0.0247 0.9813
vn 0.1731 -0.9829 -0.0623
vn 0.2439 0.8530 -0.4613
vn -0.7239 0.3288 -0.6065
vn -0.3355 -0.5008 -0.7979
vn -0.8922 -0.1743 0.4166
vn 0.3426 -0.0755 0.9364
vn 0.8703 0.1044 0.4814
vn -0.1708 -0.9576 -0.2318
vt 0.862532 0.586626
vt 0.666025 0.612825
vt 0.793538 0.524739
vt 0.799625 0.742317
vt 0.596159 0.725728
vt 0.676667 0.500000
vt 0.533198 0.702151
vt 0.502729 0.907748
vt 0.315429 0.689365
vt 0.215046 0.717794
vt 0.139986 0.551629
vt 0.365533 0.517965
vt 0.592775 0.342442
vt 0.523296 0.508923
vt 0.395346 0.376049
vt 0.510142 0.020803
vt 0.592582 0.143625
vt 0.414253 0.208459
s 0
g Cube.007_Material
usemtl Material
f 1087/2196/1719 1083/2197/1719 1090/2198/1719
f 1083/2197/1720 1082/2199/1720 1089/2200/1720
f 1090/2198/1721 1083/2197/1721 1088/2201/1721
f 1089/2202/1722 1082/2203/1722 1084/2204/1722
f 1084/2204/1723 1082/2205/1723 1086/2206/1723
f 1085/2207/1724 1089/2202/1724 1084/2204/1724
f 1090/2208/1725 1088/2209/1725 1085/2210/1725
f 1087/2196/1726 1082/2199/1726 1083/2197/1726
f 1082/2211/1727 1087/2212/1727 1086/2213/1727
f 1086/2213/1728 1087/2212/1728 1090/2208/1728
f 1086/2206/1729 1085/2207/1729 1084/2204/1729
f 1085/2207/1730 1088/2209/1730 1089/2202/1730
f 1088/2209/1731 1083/2197/1731 1089/2202/1731
f 1086/2213/1732 1090/2208/1732 1085/2210/1732
o Cube.008
v 11.267469 0.334545 -9.098577
v 11.100836 0.396451 -9.089028
v 10.987683 0.423639 -8.985289
v 11.137651 0.396918 -8.885760
v 10.981076 0.234825 -8.856929
v 11.170988 0.195874 -8.922182
v 11.188356 0.225031 -9.116049
v 10.887548 0.358293 -8.968833
v 10.979765 0.227518 -9.034594
vn 0.2000 0.9790 -0.0385
vn -0.3255 0.6675 0.6697
vn 0.3001 -0.1216 0.9461
vn 0.8117 -0.5839 -0.0151
vn -0.3639 -0.0391 -0.9306
vn -0.5003 0.0807 -0.8621
vn -0.1870 -0.9815 0.0417
vn -0.8097 -0.5861 0.0301
vn -0.4794 0.5656 -0.6711
vn 0.3443 0.9366 -0.0645
vn -0.3426 0.4751 0.8105
vn 0.8591 0.0502 0.5093
vn 0.0015 0.1565 -0.9877
vn -0.0721 -0.9853 -0.1547
vt 0.551771 0.821043
vt 0.490236 0.981936
vt 0.443965 0.755163
vt 0.609545 0.740303
vt 0.579499 0.265268
vt 0.447677 0.232718
vt 0.490446 0.016300
vt 0.320967 0.499695
vt 0.242238 0.673984
vt 0.142687 0.564850
vt 0.543218 0.480597
vt 0.654480 0.663904
vt 0.651690 0.523626
vt 0.809399 0.589510
vt 0.375000 0.930496
vt 0.603518 0.001237
vt 0.583364 0.169025
vt 0.384386 0.054537
vt 0.382289 0.419599
s 0
g Cube.008_Material
usemtl Material
f 1093/2214/1733 1094/2215/1733 1092/2216/1733
f 1093/2214/1734 1098/2217/1734 1094/2215/1734
f 1095/2218/1735 1096/2219/1735 1094/2220/1735
f 1097/2221/1736 1091/2222/1736 1096/2223/1736
f 1099/2224/1737 1092/2216/1737 1097/2221/1737
f 1099/2224/1738 1098/2225/1738 1092/2216/1738
f 1095/2218/1739 1099/2224/1739 1096/2219/1739
f 1099/2226/1740 1095/2227/1740 1098/2225/1740
f 1098/2225/1741 1093/2214/1741 1092/2216/1741
f 1091/2228/1742 1092/2216/1742 1094/2215/1742
f 1098/2229/1743 1095/2230/1743 1094/2220/1743
f 1091/2231/1744 1094/2220/1744 1096/2219/1744
f 1091/2222/1745 1097/2221/1745 1092/2216/1745
f 1097/2232/1746 1096/2219/1746 1099/2224/1746
o Cube.009
v 11.011608 0.081652 -9.332872
v 10.997024 0.260405 -9.408061
v 11.141492 0.023881 -9.176755
v 11.007092 0.048782 -9.029931
v 10.966546 0.481206 -9.238173
v 11.158114 0.463179 -9.344588
v 10.840566 0.236839 -9.138850
v 11.253958 0.157284 -9.334554
v 11.254978 0.325092 -9.389806
v 11.338115 0.284710 -9.110807
v 11.182687 0.181766 -8.981853
v 11.295180 0.073564 -9.165220
v 11.030712 0.467517 -9.050963
v 10.881575 0.258943 -9.004974
v 11.188454 0.459799 -9.070621
v 11.170757 0.337992 -8.903108
vn -0.0092 0.3054 -0.9522
vn 0.1580 -0.3719 -0.9147
vn 0.9490 -0.1038 -0.2978
vn 0.7198 -0.3068 0.6227
vn 0.1128 0.7979 0.5921
vn -0.1233 -0.1893 0.9741
vn -0.8443 0.5064 0.1750
vn 0.7864 0.5999 -0.1475
vn 0.7495 0.6578 -0.0749
vn 0.0555 0.9970 0.0539
vn -0.3719 0.5333 -0.7598
vn -0.8473 0.2454 -0.4710
vn 0.3255 -0.7672 0.5527
vn -0.7935 -0.5128 0.3277
vn -0.7209 -0.6878 -0.0854
vn -0.2934 -0.9499 -0.1074
vn -0.8199 -0.2775 -0.5008
vn 0.2524 -0.8201 -0.5135
vn 0.0908 -0.3119 -0.9458
vn 0.3022 -0.8232 -0.4806
vn 0.9497 -0.1184 -0.2898
vn -0.4044 0.4631 0.7887
vn -0.1832 -0.4536 0.8722
vn -0.7439 0.5978 0.2987
vn 0.7264 0.5170 0.4527
vn 0.0947 0.9955 0.0018
vn 0.7145 -0.2706 0.6452
vt 0.875000 0.649805
vt 0.849233 0.683396
vt 0.832712 0.540342
vt 0.580473 0.024703
vt 0.534759 0.188184
vt 0.498710 0.020990
vt 0.437420 0.135101
vt 0.411456 0.342495
vt 0.213804 0.511922
vt 0.337875 0.601179
vt 0.185175 0.619999
vt 0.611440 0.548317
vt 0.438499 0.522151
vt 0.536413 0.434917
vt 0.517900 0.691047
vt 0.378975 0.759339
vt 0.724211 0.603714
vt 0.568883 0.768659
vt 0.609419 0.213408
vt 0.625000 0.382072
vt 0.588498 0.519208
vt 0.209844 0.718096
vt 0.479559 0.953620
vt 0.390901 0.953078
vt 0.565332 0.774863
vt 0.583031 0.973602
vt 0.389658 0.010551
vt 0.376620 0.114133
vt 0.125000 0.581137
vt 0.375000 0.421875
s 0
g Cube.009_Material
usemtl Material
f 1108/2233/1747 1101/2234/1747 1105/2235/1747
f 1101/2236/1748 1108/2237/1748 1100/2238/1748
f 1107/2239/1749 1108/2237/1749 1109/2240/1749
f 1109/2241/1750 1110/2242/1750 1111/2243/1750
f 1112/2244/1751 1115/2245/1751 1114/2246/1751
f 1113/2247/1752 1103/2248/1752 1110/2242/1752
f 1104/2249/1753 1106/2250/1753 1113/2247/1753
f 1105/2251/1754 1109/2240/1754 1108/2237/1754
f 1105/2251/1755 1114/2246/1755 1109/2240/1755
f 1114/2246/1756 1104/2252/1756 1112/2253/1756
f 1104/2249/1757 1105/2235/1757 1101/2234/1757
f 1104/2249/1758 1101/2234/1758 1106/2250/1758
f 1102/2254/1759 1111/2243/1759 1110/2242/1759 1103/2248/1759
f 1103/2248/1760 1113/2247/1760 1106/2250/1760
f 1106/2250/1761 1100/2255/1761 1103/2248/1761
f 1100/2255/1762 1102/2256/1762 1103/2248/1762
f 1106/2257/1763 1101/2258/1763 1100/2255/1763
f 1100/2238/1764 1107/2239/1764 1102/2259/1764
f 1107/2239/1765 1100/2238/1765 1108/2237/1765
f 1102/2259/1766 1107/2239/1766 1111/2260/1766
f 1109/2241/1767 1111/2243/1767 1107/2261/1767
f 1115/2245/1768 1112/2244/1768 1113/2247/1768
f 1115/2245/1769 1113/2247/1769 1110/2242/1769
f 1112/2244/1770 1104/2249/1770 1113/2247/1770
f 1109/2240/1771 1114/2246/1771 1115/2245/1771
f 1105/2251/1772 1104/2252/1772 1114/2246/1772
f 1110/2262/1773 1109/2240/1773 1115/2245/1773
o Cube.010
v 10.958439 0.192398 -9.148369
v 11.055616 0.102175 -9.184857
v 11.221662 0.118100 -9.208591
v 11.042406 0.305547 -9.140938
v 10.927796 0.166710 -9.007260
v 11.203528 0.080136 -9.069434
v 11.199188 0.240341 -9.281372
v 11.202145 0.276310 -9.052203
v 10.973532 0.290637 -9.010528
vn 0.2048 -0.0498 0.9775
vn 0.1735 -0.0850 0.9812
vn 0.9350 0.2918 0.2015
vn 0.9999 0.0083 -0.0142
vn 0.0560 -0.9651 -0.2560
vn -0.1795 0.1965 -0.9639
vn -0.9301 0.3396 -0.1402
vn -0.7479 0.5766 -0.3290
vn -0.2637 -0.9519 0.1561
vn -0.6330 0.1239 -0.7642
vn -0.0718 -0.5200 -0.8512
vn 0.0908 0.9829 0.1603
vn 0.2595 0.9535 -0.1530
vn -0.7076 -0.6520 -0.2724
vt 0.856741 0.527884
vt 0.792799 0.664448
vt 0.661337 0.518959
vt 0.570885 0.667835
vt 0.614877 0.834550
vt 0.495616 0.943630
vt 0.319826 0.718976
vt 0.602263 0.105449
vt 0.455701 0.107225
vt 0.553174 0.006579
vt 0.371255 0.573451
vt 0.135465 0.689951
vt 0.165587 0.530358
vt 0.553103 0.308270
vt 0.565029 0.471740
vt 0.392929 0.256090
vt 0.405598 0.560759
vt 0.171875 0.750000
s 0
g Cube.010_Material
usemtl Material
f 1120/2263/1774 1121/2264/1774 1124/2265/1774
f 1124/2265/1775 1121/2264/1775 1123/2266/1775
f 1121/2267/1776 1118/2268/1776 1122/2269/1776
f 1123/2266/1777 1121/2267/1777 1122/2269/1777
f 1121/2270/1778 1117/2271/1778 1118/2272/1778
f 1119/2273/1779 1117/2274/1779 1116/2275/1779
f 1120/2276/1780 1124/2277/1780 1116/2278/1780
f 1124/2277/1781 1119/2279/1781 1116/2278/1781
f 1117/2271/1782 1121/2270/1782 1120/2276/1782
f 1119/2273/1783 1122/2269/1783 1117/2274/1783
f 1117/2274/1784 1122/2269/1784 1118/2280/1784
f 1124/2265/1785 1123/2266/1785 1119/2279/1785
f 1123/2266/1786 1122/2269/1786 1119/2279/1786
f 1116/2278/1787 1117/2271/1787 1120/2276/1787
o Cube.011
v 11.242888 -0.032711 -8.948071
v 11.151821 0.344878 -9.129657
v 11.328123 0.162977 -9.236982
v 11.339092 0.196155 -8.967144
v 11.134610 0.188597 -8.889935
v 11.026121 0.029720 -9.043960
v 11.227969 -0.055983 -9.186945
v 10.956746 0.184674 -9.081528
v 11.097557 0.146170 -9.242214
vn -0.0165 0.4962 -0.8680
vn 0.6778 0.7259 -0.1168
vn 0.9211 -0.3888 -0.0196
vn 0.3546 -0.0714 0.9323
vn -0.7218 -0.1599 0.6734
vn -0.4660 -0.4310 0.7728
vn -0.3203 -0.9407 0.1117
vn -0.6249 -0.5536 -0.5504
vn 0.0395 -0.2397 -0.9700
vn -0.5793 0.5157 -0.6312
vn -0.7222 -0.4506 -0.5249
vn 0.9105 -0.4133 0.0138
vn 0.1761 0.8188 0.5464
vn -0.4988 0.7420 0.4479
vt 0.534218 0.539052
vt 0.807613 0.537738
vt 0.651467 0.712344
vt 0.812212 0.722590
vt 0.440472 0.699464
vt 0.505279 0.954605
vt 0.394685 0.910428
vt 0.529494 0.041599
vt 0.440272 0.169217
vt 0.407900 0.015209
vt 0.224689 0.500632
vt 0.298939 0.554231
vt 0.143822 0.628706
vt 0.350796 0.501919
vt 0.236030 0.724989
vt 0.358556 0.714558
vt 0.602122 0.296489
vt 0.527241 0.521298
vt 0.452229 0.375318
s 0
g Cube.011_Material
usemtl Material
f 1133/2281/1788 1126/2282/1788 1127/2283/1788
f 1127/2283/1789 1126/2282/1789 1128/2284/1789
f 1131/2285/1790 1128/2286/1790 1125/2287/1790
f 1128/2288/1791 1129/2289/1791 1125/2290/1791
f 1132/2291/1792 1130/2292/1792 1129/2293/1792
f 1129/2293/1793 1130/2294/1793 1125/2295/1793
f 1130/2294/1794 1131/2296/1794 1125/2295/1794
f 1130/2294/1795 1133/2281/1795 1131/2285/1795
f 1133/2281/1796 1127/2283/1796 1131/2285/1796
f 1126/2297/1797 1133/2298/1797 1132/2299/1797
f 1132/2299/1798 1133/2281/1798 1130/2294/1798
f 1127/2283/1799 1128/2286/1799 1131/2285/1799
f 1128/2288/1800 1126/2297/1800 1129/2289/1800
f 1126/2297/1801 1132/2299/1801 1129/2289/1801
o Cube.006
v 11.072400 -0.060672 -9.099969
v 11.209682 0.085466 -9.209015
v 11.210196 0.146699 -8.960452
v 11.207212 -0.067593 -9.140161
v 11.272597 0.060805 -9.063672
v 11.232924 -0.028362 -8.946865
v 11.049185 0.020195 -9.022532
v 11.092651 0.104050 -9.203497
v 11.151713 0.205613 -9.056276
vn 0.0086 -0.9802 0.1978
vn 0.8979 -0.4392 -0.0303
vn -0.3754 0.0232 0.9266
vn -0.1221 -0.5173 -0.8470
vn -0.2814 -0.3899 -0.8768
vn -0.8738 0.4860 0.0153
vn -0.9675 -0.0383 -0.2501
vn 0.0991 0.8000 -0.5917
vn 0.7443 0.6323 -0.2149
vn 0.7639 0.6413 -0.0719
vn 0.8962 0.1488 0.4180
vn -0.4245 -0.6868 0.5900
vn -0.6081 0.4547 0.6507
vn 0.8858 -0.2022 -0.4177
vt 0.423616 0.817668
vt 0.438163 0.985880
vt 0.399025 0.926987
vt 0.584080 0.909473
vt 0.477709 0.045024
vt 0.607265 0.122218
vt 0.441545 0.286085
vt 0.565477 0.549583
vt 0.592013 0.712367
vt 0.289400 0.584684
vt 0.400831 0.754486
vt 0.615924 0.357557
vt 0.551199 0.540629
vt 0.429879 0.509305
vt 0.769145 0.562221
vt 0.604783 0.677624
vt 0.780055 0.741830
vt 0.860509 0.631959
vt 0.567506 0.015179
vt 0.377433 0.096481
s 0
g Cube.006_Material
usemtl Material
f 1137/2300/1802 1139/2301/1802 1134/2302/1802
f 1138/2303/1803 1139/2301/1803 1137/2300/1803
f 1139/2304/1804 1136/2305/1804 1140/2306/1804
f 1141/2307/1805 1135/2308/1805 1134/2309/1805
f 1135/2308/1806 1137/2310/1806 1134/2309/1806
f 1140/2306/1807 1142/2311/1807 1141/2312/1807
f 1141/2312/1808 1134/2313/1808 1140/2306/1808
f 1141/2307/1809 1142/2314/1809 1135/2315/1809
f 1135/2315/1810 1142/2314/1810 1138/2316/1810
f 1142/2314/1811 1136/2317/1811 1138/2316/1811
f 1138/2318/1812 1136/2305/1812 1139/2304/1812
f 1134/2319/1813 1139/2304/1813 1140/2306/1813
f 1140/2306/1814 1136/2305/1814 1142/2311/1814
f 1135/2308/1815 1138/2303/1815 1137/2300/1815
