# Blender 4.1.0
# www.blender.org
mtllib TornadoEffect20134.mtl
o Plane.002
v 11.165558 0.000000 -9.079000
o Cube.006
v 12.103318 1.951209 -8.175258
v 11.934592 1.933044 -8.059895
v 12.029862 2.137697 -8.015051
v 11.980597 1.972485 -8.198100
v 11.946868 2.072055 -8.095833
v 12.035472 2.140984 -8.174098
v 12.145166 2.011483 -8.103256
v 12.027775 1.892303 -8.027779
v 12.030854 2.043298 -7.951180
vn 0.1951 0.0757 -0.9778
vn -0.7557 0.3269 -0.5675
vn 0.7515 0.6585 0.0401
vn -0.2195 -0.8621 -0.4568
vn -0.1071 -0.9461 -0.3057
vn 0.7222 -0.3246 0.6108
vn 0.7439 -0.6578 0.1183
vn -0.4494 -0.3969 0.8004
vn -0.8274 0.2079 0.5217
vn -0.7804 0.3447 0.5216
vn -0.6170 0.7869 -0.0055
vn 0.7226 0.2623 -0.6395
vn 0.7814 0.3553 0.5130
vn -0.9490 0.0023 -0.3152
vt 0.423616 0.817668
vt 0.438163 0.985880
vt 0.399025 0.926987
vt 0.584080 0.909473
vt 0.477709 0.045024
vt 0.607265 0.122218
vt 0.441545 0.286085
vt 0.565477 0.549583
vt 0.592013 0.712367
vt 0.289400 0.584684
vt 0.400831 0.754486
vt 0.615924 0.357557
vt 0.551199 0.540629
vt 0.429879 0.509305
vt 0.769145 0.562221
vt 0.604783 0.677624
vt 0.780055 0.741830
vt 0.860509 0.631959
vt 0.567506 0.015179
vt 0.377433 0.096481
s 0
g Cube.006_Material
usemtl Material
f 5/1/1 7/2/1 2/3/1
f 6/4/2 7/2/2 5/1/2
f 7/5/3 4/6/3 8/7/3
f 9/8/4 3/9/4 2/10/4
f 3/9/5 5/11/5 2/10/5
f 8/7/6 10/12/6 9/13/6
f 9/13/7 2/14/7 8/7/7
f 9/8/8 10/15/8 3/16/8
f 3/16/9 10/15/9 6/17/9
f 10/15/10 4/18/10 6/17/10
f 6/19/11 4/6/11 7/5/11
f 2/20/12 7/5/12 8/7/12
f 8/7/13 4/6/13 10/12/13
f 3/9/14 6/4/14 5/1/14
o Cube.007
v 10.595294 1.950725 -8.019298
v 10.482528 1.930055 -7.840255
v 10.596329 2.103473 -7.991651
v 10.441855 2.161034 -7.996545
v 10.463454 2.020978 -8.115509
v 10.463029 1.864807 -8.018664
v 10.402441 2.064445 -7.866369
v 10.568156 2.027539 -7.855858
v 10.360897 1.918025 -7.960793
vn -0.2648 -0.8959 0.3566
vn 0.7222 -0.5721 0.3888
vn -0.6663 -0.2613 0.6984
vn 0.9826 -0.0395 0.1817
vn 0.6298 0.1342 -0.7651
vn 0.2856 0.8100 0.5122
vn -0.9496 0.3077 -0.0593
vn 0.5297 -0.8136 0.2397
vn 0.3208 -0.4998 -0.8045
vn -0.6030 -0.4192 -0.6787
vn 0.2640 0.6477 -0.7147
vn 0.1337 0.7761 0.6163
vn -0.0229 0.1776 0.9838
vn -0.8746 0.2284 -0.4277
vt 0.862532 0.586626
vt 0.666025 0.612825
vt 0.793538 0.524739
vt 0.799625 0.742317
vt 0.596159 0.725728
vt 0.676667 0.500000
vt 0.533198 0.702151
vt 0.502729 0.907748
vt 0.315429 0.689365
vt 0.215046 0.717794
vt 0.139986 0.551629
vt 0.365533 0.517965
vt 0.592775 0.342442
vt 0.523296 0.508923
vt 0.395346 0.376049
vt 0.510142 0.020803
vt 0.592582 0.143625
vt 0.414253 0.208459
s 0
g Cube.007_Material
usemtl Material
f 16/21/15 12/22/15 19/23/15
f 12/22/16 11/24/16 18/25/16
f 19/23/17 12/22/17 17/26/17
f 18/27/18 11/28/18 13/29/18
f 13/29/19 11/30/19 15/31/19
f 14/32/20 18/27/20 13/29/20
f 19/33/21 17/34/21 14/35/21
f 16/21/22 11/24/22 12/22/22
f 11/36/23 16/37/23 15/38/23
f 15/38/24 16/37/24 19/33/24
f 15/31/25 14/32/25 13/29/25
f 14/32/26 17/34/26 18/27/26
f 17/34/27 12/22/27 18/27/27
f 15/38/28 19/33/28 14/35/28
o Cube.008
v 10.595534 1.868184 -10.152929
v 10.614103 2.004058 -10.145217
v 10.554041 2.107371 -10.158937
v 10.454981 2.008026 -10.153537
v 10.465040 2.087070 -10.309684
v 10.483705 1.931497 -10.290765
v 10.625672 1.896869 -10.249452
v 10.560653 2.166602 -10.230495
v 10.599192 2.059767 -10.300633
vn -0.0494 0.1032 0.9934
vn -0.6122 0.6360 0.4699
vn -0.9823 -0.1338 -0.1310
vn -0.1353 -0.9374 -0.3208
vn 0.9882 0.1475 -0.0420
vn 0.9456 0.3243 0.0255
vn 0.0435 -0.1155 -0.9924
vn 0.1723 0.5833 -0.7938
vn 0.7332 0.4890 0.4725
vn -0.0534 -0.0493 0.9974
vn -0.7373 0.6207 0.2667
vn -0.6852 -0.6876 0.2401
vn 0.9559 -0.1451 0.2553
vn 0.2103 -0.2618 -0.9419
vt 0.551771 0.821043
vt 0.490236 0.981936
vt 0.443965 0.755163
vt 0.609545 0.740303
vt 0.579499 0.265268
vt 0.447677 0.232718
vt 0.490446 0.016300
vt 0.320967 0.499695
vt 0.242238 0.673984
vt 0.142687 0.564850
vt 0.543218 0.480597
vt 0.654480 0.663904
vt 0.651690 0.523626
vt 0.809399 0.589510
vt 0.375000 0.930496
vt 0.603518 0.001237
vt 0.583364 0.169025
vt 0.384386 0.054537
vt 0.382289 0.419599
s 0
g Cube.008_Material
usemtl Material
f 22/39/29 23/40/29 21/41/29
f 22/39/30 27/42/30 23/40/30
f 24/43/31 25/44/31 23/45/31
f 26/46/32 20/47/32 25/48/32
f 28/49/33 21/41/33 26/46/33
f 28/49/34 27/50/34 21/41/34
f 24/43/35 28/49/35 25/44/35
f 28/51/36 24/52/36 27/50/36
f 27/50/37 22/39/37 21/41/37
f 20/53/38 21/41/38 23/40/38
f 27/54/39 24/55/39 23/45/39
f 20/56/40 23/45/40 25/44/40
f 20/47/41 26/46/41 21/41/41
f 26/57/42 25/44/42 28/49/42
o Cube.009
v 11.814240 2.031965 -10.079826
v 11.845868 1.892783 -9.996180
v 11.930691 2.165621 -10.108750
v 11.982111 2.109565 -10.261508
v 12.040604 1.765135 -10.047408
v 12.038151 1.853369 -9.882493
v 11.941314 1.880941 -10.243798
v 11.937867 2.104560 -9.918298
v 11.982350 1.984293 -9.839905
v 12.164536 2.106545 -9.959805
v 12.138006 2.120332 -10.150310
v 12.017574 2.212955 -10.012904
v 12.172166 1.842605 -10.119297
v 12.048380 1.912939 -10.289116
v 12.214907 1.923662 -10.019635
v 12.254064 2.026908 -10.157758
vn -0.5203 -0.4565 0.7217
vn -0.7899 0.1739 0.5880
vn 0.1422 0.5769 0.8043
vn 0.5920 0.8056 -0.0241
vn 0.9085 -0.4146 -0.0524
vn 0.5417 0.2932 -0.7878
vn 0.0346 -0.8531 -0.5206
vn 0.5629 -0.0288 0.8260
vn 0.6305 -0.0790 0.7722
vn 0.6062 -0.7241 0.3290
vn -0.4157 -0.8045 0.4242
vn -0.5721 -0.7997 -0.1823
vn 0.1196 0.9105 -0.3957
vn -0.3893 -0.0019 -0.9211
vn -0.7493 0.0828 -0.6570
vn -0.7223 0.5343 -0.4392
vn -0.8666 -0.3866 -0.3155
vn -0.7055 0.6667 0.2403
vn -0.8087 0.0807 0.5827
vn -0.6620 0.7061 0.2513
vn 0.1404 0.5905 0.7948
vn 0.6422 -0.4193 -0.6417
vn 0.2985 0.4384 -0.8478
vn 0.2167 -0.8359 -0.5042
vn 0.9221 0.1353 0.3626
vn 0.5850 -0.7114 0.3893
vn 0.6256 0.7796 -0.0307
vt 0.875000 0.649805
vt 0.849233 0.683396
vt 0.832712 0.540342
vt 0.580473 0.024703
vt 0.534759 0.188184
vt 0.498710 0.020990
vt 0.437420 0.135101
vt 0.411456 0.342495
vt 0.213804 0.511922
vt 0.337875 0.601179
vt 0.185175 0.619999
vt 0.611440 0.548317
vt 0.438499 0.522151
vt 0.536413 0.434917
vt 0.517900 0.691047
vt 0.378975 0.759339
vt 0.724211 0.603714
vt 0.568883 0.768659
vt 0.609419 0.213408
vt 0.625000 0.382072
vt 0.588498 0.519208
vt 0.209844 0.718096
vt 0.479559 0.953620
vt 0.390901 0.953078
vt 0.565332 0.774863
vt 0.583031 0.973602
vt 0.389658 0.010551
vt 0.376620 0.114133
vt 0.125000 0.581137
vt 0.375000 0.421875
s 0
g Cube.009_Material
usemtl Material
f 37/58/43 30/59/43 34/60/43
f 30/61/44 37/62/44 29/63/44
f 36/64/45 37/62/45 38/65/45
f 38/66/46 39/67/46 40/68/46
f 41/69/47 44/70/47 43/71/47
f 42/72/48 32/73/48 39/67/48
f 33/74/49 35/75/49 42/72/49
f 34/76/50 38/65/50 37/62/50
f 34/76/51 43/71/51 38/65/51
f 43/71/52 33/77/52 41/78/52
f 33/74/53 34/60/53 30/59/53
f 33/74/54 30/59/54 35/75/54
f 31/79/55 40/68/55 39/67/55 32/73/55
f 32/73/56 42/72/56 35/75/56
f 35/75/57 29/80/57 32/73/57
f 29/80/58 31/81/58 32/73/58
f 35/82/59 30/83/59 29/80/59
f 29/63/60 36/64/60 31/84/60
f 36/64/61 29/63/61 37/62/61
f 31/84/62 36/64/62 40/85/62
f 38/66/63 40/68/63 36/86/63
f 44/70/64 41/69/64 42/72/64
f 44/70/65 42/72/65 39/67/65
f 41/69/66 33/74/66 42/72/66
f 38/65/67 43/71/67 44/70/67
f 34/76/68 33/77/68 43/71/68
f 39/87/69 38/65/69 44/70/69
o Cube.010
v 12.475864 1.869916 -9.293464
v 12.573105 1.938634 -9.355106
v 12.570826 2.044491 -9.480685
v 12.372152 1.913656 -9.372536
v 12.450300 1.936777 -9.169688
v 12.557445 2.121975 -9.362768
v 12.483585 1.959378 -9.550413
v 12.372481 2.091285 -9.404092
v 12.339457 1.943536 -9.234979
vn -0.2910 0.7660 0.5733
vn -0.2601 0.7517 0.6060
vn -0.3199 0.7747 -0.5454
vn 0.0228 0.7511 -0.6598
vn 0.9946 0.0873 0.0555
vn 0.1495 -0.7690 -0.6215
vn -0.2925 -0.8653 0.4070
vn -0.4435 -0.8919 0.0883
vn 0.8296 0.0939 0.5504
vn 0.1358 -0.9767 -0.1660
vn 0.7834 -0.4681 -0.4088
vn -0.9740 -0.0379 -0.2233
vn -0.8323 -0.0955 -0.5460
vn 0.6878 -0.5697 0.4498
vt 0.856741 0.527884
vt 0.792799 0.664448
vt 0.661337 0.518959
vt 0.570885 0.667835
vt 0.614877 0.834550
vt 0.495616 0.943630
vt 0.319826 0.718976
vt 0.602263 0.105449
vt 0.455701 0.107225
vt 0.553174 0.006579
vt 0.371255 0.573451
vt 0.135465 0.689951
vt 0.165587 0.530358
vt 0.553103 0.308270
vt 0.565029 0.471740
vt 0.392929 0.256090
vt 0.405598 0.560759
vt 0.171875 0.750000
s 0
g Cube.010_Material
usemtl Material
f 49/88/70 50/89/70 53/90/70
f 53/90/71 50/89/71 52/91/71
f 50/92/72 47/93/72 51/94/72
f 52/91/73 50/92/73 51/94/73
f 50/95/74 46/96/74 47/97/74
f 48/98/75 46/99/75 45/100/75
f 49/101/76 53/102/76 45/103/76
f 53/102/77 48/104/77 45/103/77
f 46/96/78 50/95/78 49/101/78
f 48/98/79 51/94/79 46/99/79
f 46/99/80 51/94/80 47/105/80
f 53/90/81 52/91/81 48/104/81
f 52/91/82 51/94/82 48/104/82
f 45/103/83 46/96/83 49/101/83
o Cube.011
v 11.159185 2.054620 -7.922655
v 10.889925 2.024749 -7.571516
v 10.799563 2.085349 -7.834466
v 11.039621 2.208323 -7.754096
v 11.171480 2.049740 -7.661148
v 11.108626 1.841779 -7.794501
v 10.946122 1.942997 -7.985999
v 11.041781 1.814514 -7.629767
v 10.864097 1.868865 -7.755861
vn -0.9425 -0.1783 0.2828
vn -0.5178 0.7774 0.3571
vn -0.1418 0.6793 -0.7200
vn 0.7758 0.6305 -0.0247
vn 0.8569 -0.4357 0.2756
vn 0.9645 -0.2593 -0.0502
vn 0.4852 -0.5327 -0.6934
vn -0.1580 -0.9221 -0.3533
vn -0.8173 -0.3957 -0.4188
vn -0.5822 -0.5788 0.5710
vn -0.1413 -0.9658 -0.2172
vn -0.1008 0.6746 -0.7312
vn 0.1908 0.6096 0.7694
vn 0.3065 -0.0421 0.9509
vt 0.534218 0.539052
vt 0.807613 0.537738
vt 0.651467 0.712344
vt 0.812212 0.722590
vt 0.440472 0.699464
vt 0.505279 0.954605
vt 0.394685 0.910428
vt 0.529494 0.041599
vt 0.440272 0.169217
vt 0.407900 0.015209
vt 0.224689 0.500632
vt 0.298939 0.554231
vt 0.143822 0.628706
vt 0.350796 0.501919
vt 0.236030 0.724989
vt 0.358556 0.714558
vt 0.602122 0.296489
vt 0.527241 0.521298
vt 0.452229 0.375318
s 0
g Cube.011_Material
usemtl Material
f 62/106/84 55/107/84 56/108/84
f 56/108/85 55/107/85 57/109/85
f 60/110/86 57/111/86 54/112/86
f 57/113/87 58/114/87 54/115/87
f 61/116/88 59/117/88 58/118/88
f 58/118/89 59/119/89 54/120/89
f 59/119/90 60/121/90 54/120/90
f 59/119/91 62/106/91 60/110/91
f 62/106/92 56/108/92 60/110/92
f 55/122/93 62/123/93 61/124/93
f 61/124/94 62/106/94 59/119/94
f 56/108/95 57/111/95 60/110/95
f 57/113/96 55/122/96 58/114/96
f 55/122/97 61/124/97 58/114/97
o Cube.006
v 9.961135 1.936853 -8.845835
v 9.855666 2.088351 -8.891356
v 9.772599 1.918207 -8.989459
v 9.872285 1.991382 -8.792005
v 9.773317 1.983457 -8.884787
v 9.790479 1.861542 -8.854473
v 9.939179 1.897243 -8.929629
v 9.938177 2.066881 -8.941309
v 9.830250 1.996443 -9.030796
vn 0.1868 -0.5190 0.8341
vn -0.6851 0.0835 0.7236
vn 0.0241 -0.9206 -0.3897
vn 0.5307 0.5605 0.6357
vn 0.6509 0.5949 0.4717
vn 0.6559 -0.0480 -0.7533
vn 0.9686 -0.0114 -0.2484
vn -0.1049 0.8390 -0.5339
vn -0.7695 0.5886 -0.2477
vn -0.8374 0.4664 -0.2850
vn -0.9896 -0.1191 0.0811
vn 0.3696 -0.8737 0.3162
vn 0.2118 -0.5740 -0.7910
vn -0.6078 0.5150 0.6044
vt 0.423616 0.817668
vt 0.438163 0.985880
vt 0.399025 0.926987
vt 0.584080 0.909473
vt 0.477709 0.045024
vt 0.607265 0.122218
vt 0.441545 0.286085
vt 0.565477 0.549583
vt 0.592013 0.712367
vt 0.289400 0.584684
vt 0.400831 0.754486
vt 0.615924 0.357557
vt 0.551199 0.540629
vt 0.429879 0.509305
vt 0.769145 0.562221
vt 0.604783 0.677624
vt 0.780055 0.741830
vt 0.860509 0.631959
vt 0.567506 0.015179
vt 0.377433 0.096481
s 0
g Cube.006_Material
usemtl Material
f 66/125/98 68/126/98 63/127/98
f 67/128/99 68/126/99 66/125/99
f 68/129/100 65/130/100 69/131/100
f 70/132/101 64/133/101 63/134/101
f 64/133/102 66/135/102 63/134/102
f 69/131/103 71/136/103 70/137/103
f 70/137/104 63/138/104 69/131/104
f 70/132/105 71/139/105 64/140/105
f 64/140/106 71/139/106 67/141/106
f 71/139/107 65/142/107 67/141/107
f 67/143/108 65/130/108 68/129/108
f 63/144/109 68/129/109 69/131/109
f 69/131/110 65/130/110 71/136/110
f 64/133/111 67/128/111 66/125/111
o Cube.007
v 9.918180 2.011168 -9.814917
v 10.061420 2.123174 -9.672749
v 9.910723 1.889985 -9.698034
v 10.073088 1.817451 -9.677191
v 10.044953 1.875565 -9.867406
v 10.066157 2.073826 -9.874055
v 10.136413 1.977309 -9.620307
v 9.961287 2.035845 -9.622979
v 10.179530 2.048485 -9.796054
vn 0.3516 0.9111 -0.2151
vn -0.6434 0.7641 0.0463
vn 0.7498 0.5286 0.3980
vn -0.9542 0.2361 0.1839
vn -0.7133 -0.4633 -0.5259
vn -0.2761 -0.3623 0.8902
vn 0.9190 -0.3883 0.0682
vn -0.4541 0.8628 -0.2222
vn -0.3744 0.0089 -0.9272
vn 0.5514 -0.0868 -0.8297
vn -0.3742 -0.9009 -0.2199
vn -0.1125 -0.2933 0.9494
vn 0.1158 0.3882 0.9143
vn 0.8103 -0.5161 -0.2775
vt 0.862532 0.586626
vt 0.666025 0.612825
vt 0.793538 0.524739
vt 0.799625 0.742317
vt 0.596159 0.725728
vt 0.676667 0.500000
vt 0.533198 0.702151
vt 0.502729 0.907748
vt 0.315429 0.689365
vt 0.215046 0.717794
vt 0.139986 0.551629
vt 0.365533 0.517965
vt 0.592775 0.342442
vt 0.523296 0.508923
vt 0.395346 0.376049
vt 0.510142 0.020803
vt 0.592582 0.143625
vt 0.414253 0.208459
s 0
g Cube.007_Material
usemtl Material
f 77/145/112 73/146/112 80/147/112
f 73/146/113 72/148/113 79/149/113
f 80/147/114 73/146/114 78/150/114
f 79/151/115 72/152/115 74/153/115
f 74/153/116 72/154/116 76/155/116
f 75/156/117 79/151/117 74/153/117
f 80/157/118 78/158/118 75/159/118
f 77/145/119 72/148/119 73/146/119
f 72/160/120 77/161/120 76/162/120
f 76/162/121 77/161/121 80/157/121
f 76/155/122 75/156/122 74/153/122
f 75/156/123 78/158/123 79/151/123
f 78/158/124 73/146/124 79/151/124
f 76/162/125 80/157/125 75/159/125
o Cube.008
v 11.519015 1.943292 -10.370735
v 11.596950 1.974570 -10.229635
v 11.714194 2.040874 -10.179282
v 11.697720 2.095341 -10.337179
v 11.869278 1.978677 -10.307601
v 11.735358 1.934490 -10.432945
v 11.597257 1.846267 -10.354838
v 11.807692 1.992514 -10.143038
v 11.766038 1.871602 -10.238481
vn -0.5669 0.7587 0.3209
vn 0.3572 0.8938 0.2711
vn 0.4803 0.5289 -0.6997
vn -0.2710 -0.3645 -0.8909
vn -0.3619 -0.6515 0.6668
vn -0.2825 -0.5325 0.7979
vn 0.5619 -0.7570 -0.3335
vn 0.7770 -0.5326 0.3356
vn -0.3772 -0.0357 0.9254
vn -0.6564 0.7270 0.2014
vn 0.5416 0.8301 0.1329
vn -0.2284 0.4580 -0.8591
vn -0.7116 -0.4916 0.5020
vn 0.3634 -0.8681 -0.3381
vt 0.551771 0.821043
vt 0.490236 0.981936
vt 0.443965 0.755163
vt 0.609545 0.740303
vt 0.579499 0.265268
vt 0.447677 0.232718
vt 0.490446 0.016300
vt 0.320967 0.499695
vt 0.242238 0.673984
vt 0.142687 0.564850
vt 0.543218 0.480597
vt 0.654480 0.663904
vt 0.651690 0.523626
vt 0.809399 0.589510
vt 0.375000 0.930496
vt 0.603518 0.001237
vt 0.583364 0.169025
vt 0.384386 0.054537
vt 0.382289 0.419599
s 0
g Cube.008_Material
usemtl Material
f 83/163/126 84/164/126 82/165/126
f 83/163/127 88/166/127 84/164/127
f 85/167/128 86/168/128 84/169/128
f 87/170/129 81/171/129 86/172/129
f 89/173/130 82/165/130 87/170/130
f 89/173/131 88/174/131 82/165/131
f 85/167/132 89/173/132 86/168/132
f 89/175/133 85/176/133 88/174/133
f 88/174/134 83/163/134 82/165/134
f 81/177/135 82/165/135 84/164/135
f 88/178/136 85/179/136 84/169/136
f 81/180/137 84/169/137 86/168/137
f 81/171/138 87/170/138 82/165/138
f 87/181/139 86/168/139 89/173/139
o Cube.009
v 11.883271 1.884576 -8.086948
v 11.924420 1.969983 -7.960338
v 11.965226 1.883218 -8.237852
v 12.057556 1.752980 -8.204188
v 12.139958 1.966507 -7.886245
v 12.082097 2.118878 -7.959853
v 12.067495 1.761250 -7.981881
v 11.943584 2.062100 -8.173472
v 11.993310 2.145424 -8.067488
v 12.157116 2.074274 -8.226386
v 12.171759 1.891205 -8.242614
v 12.012298 1.991567 -8.296082
v 12.257431 1.928830 -7.990229
v 12.167095 1.742973 -8.036997
v 12.256289 2.030700 -8.070082
v 12.299009 1.910660 -8.181213
vn -0.5512 0.5817 0.5981
vn -0.9217 0.3859 0.0393
vn -0.1834 0.8128 -0.5530
vn 0.3784 0.1117 -0.9189
vn 0.9671 0.1637 0.1950
vn 0.6244 -0.6403 -0.4474
vn 0.3497 -0.4943 0.7959
vn 0.3499 0.9350 -0.0580
vn 0.4377 0.8987 -0.0272
vn 0.6657 0.4650 0.5836
vn -0.3036 0.3185 0.8980
vn -0.3137 -0.3078 0.8982
vn -0.0076 -0.3607 -0.9327
vn -0.1569 -0.9867 0.0437
vn -0.5773 -0.8146 0.0561
vn -0.7063 -0.5985 -0.3782
vn -0.6575 -0.5081 0.5564
vn -0.8766 0.0655 -0.4767
vn -0.9166 0.3767 0.1339
vn -0.8471 0.0862 -0.5244
vn -0.1861 0.8030 -0.5662
vn 0.8512 -0.4717 0.2302
vn 0.3745 -0.7561 -0.5366
vn 0.5141 -0.4358 0.7387
vn 0.7574 0.5679 -0.3222
vn 0.6290 0.5186 0.5791
vn 0.4177 0.1133 -0.9015
vt 0.875000 0.649805
vt 0.849233 0.683396
vt 0.832712 0.540342
vt 0.580473 0.024703
vt 0.534759 0.188184
vt 0.498710 0.020990
vt 0.437420 0.135101
vt 0.411456 0.342495
vt 0.213804 0.511922
vt 0.337875 0.601179
vt 0.185175 0.619999
vt 0.611440 0.548317
vt 0.438499 0.522151
vt 0.536413 0.434917
vt 0.517900 0.691047
vt 0.378975 0.759339
vt 0.724211 0.603714
vt 0.568883 0.768659
vt 0.609419 0.213408
vt 0.625000 0.382072
vt 0.588498 0.519208
vt 0.209844 0.718096
vt 0.479559 0.953620
vt 0.390901 0.953078
vt 0.565332 0.774863
vt 0.583031 0.973602
vt 0.389658 0.010551
vt 0.376620 0.114133
vt 0.125000 0.581137
vt 0.375000 0.421875
s 0
g Cube.009_Material
usemtl Material
f 98/182/140 91/183/140 95/184/140
f 91/185/141 98/186/141 90/187/141
f 97/188/142 98/186/142 99/189/142
f 99/190/143 100/191/143 101/192/143
f 102/193/144 105/194/144 104/195/144
f 103/196/145 93/197/145 100/191/145
f 94/198/146 96/199/146 103/196/146
f 95/200/147 99/189/147 98/186/147
f 95/200/148 104/195/148 99/189/148
f 104/195/149 94/201/149 102/202/149
f 94/198/150 95/184/150 91/183/150
f 94/198/151 91/183/151 96/199/151
f 92/203/152 101/192/152 100/191/152 93/197/152
f 93/197/153 103/196/153 96/199/153
f 96/199/154 90/204/154 93/197/154
f 90/204/155 92/205/155 93/197/155
f 96/206/156 91/207/156 90/204/156
f 90/187/157 97/188/157 92/208/157
f 97/188/158 90/187/158 98/186/158
f 92/208/159 97/188/159 101/209/159
f 99/190/160 101/192/160 97/210/160
f 105/194/161 102/193/161 103/196/161
f 105/194/162 103/196/162 100/191/162
f 102/193/163 94/198/163 103/196/163
f 99/189/164 104/195/164 105/194/164
f 95/200/165 94/201/165 104/195/165
f 100/211/166 99/189/166 105/194/166
o Cube.010
v 12.519982 2.048073 -8.656374
v 12.419188 1.964765 -8.607930
v 12.285869 1.889752 -8.683988
v 12.473392 2.054506 -8.791488
v 12.642341 1.964478 -8.668830
v 12.397202 1.793365 -8.690564
v 12.256734 2.014114 -8.754793
v 12.423238 1.888866 -8.863984
v 12.615644 2.006017 -8.793380
vn 0.5540 -0.7469 -0.3678
vn 0.5761 -0.7495 -0.3262
vn -0.4878 -0.5154 -0.7045
vn -0.7052 -0.5710 -0.4203
vn -0.2830 -0.3868 0.8776
vn -0.5525 0.8015 0.2287
vn 0.5681 0.8095 0.1482
vn 0.3212 0.9447 -0.0658
vn 0.2351 -0.4464 0.8634
vn -0.0987 0.9052 0.4134
vn -0.5920 0.2895 0.7521
vn 0.1136 0.3693 -0.9223
vn -0.2298 0.4478 -0.8641
vn 0.2562 0.2353 0.9376
vt 0.856741 0.527884
vt 0.792799 0.664448
vt 0.661337 0.518959
vt 0.570885 0.667835
vt 0.614877 0.834550
vt 0.495616 0.943630
vt 0.319826 0.718976
vt 0.602263 0.105449
vt 0.455701 0.107225
vt 0.553174 0.006579
vt 0.371255 0.573451
vt 0.135465 0.689951
vt 0.165587 0.530358
vt 0.553103 0.308270
vt 0.565029 0.471740
vt 0.392929 0.256090
vt 0.405598 0.560759
vt 0.171875 0.750000
s 0
g Cube.010_Material
usemtl Material
f 110/212/167 111/213/167 114/214/167
f 114/214/168 111/213/168 113/215/168
f 111/216/169 108/217/169 112/218/169
f 113/215/170 111/216/170 112/218/170
f 111/219/171 107/220/171 108/221/171
f 109/222/172 107/223/172 106/224/172
f 110/225/173 114/226/173 106/227/173
f 114/226/174 109/228/174 106/227/174
f 107/220/175 111/219/175 110/225/175
f 109/222/176 112/218/176 107/223/176
f 107/223/177 112/218/177 108/229/177
f 114/214/178 113/215/178 109/228/178
f 113/215/179 112/218/179 109/228/179
f 106/227/180 107/220/180 110/225/180
o Cube.011
v 12.437218 2.160316 -9.439716
v 12.586493 1.760429 -9.350030
v 12.481730 1.933533 -9.156685
v 12.645252 2.048616 -9.348064
v 12.579766 1.974917 -9.547502
v 12.332655 1.947098 -9.515713
v 12.294529 2.051280 -9.273620
v 12.396848 1.782775 -9.528546
v 12.356052 1.811108 -9.313365
vn -0.0645 -0.7606 0.6460
vn 0.7969 -0.1664 0.5808
vn 0.1382 0.7693 0.6238
vn 0.5677 0.6940 -0.4429
vn -0.1305 0.0264 -0.9911
vn -0.1611 0.4005 -0.9020
vn -0.7890 0.5094 -0.3435
vn -0.9695 -0.2402 -0.0493
vn -0.6294 -0.2811 0.7245
vn -0.2001 -0.9756 0.0905
vn -0.9270 -0.3520 -0.1294
vn 0.1315 0.7959 0.5910
vn 0.9512 -0.1923 -0.2413
vn 0.5288 -0.5658 -0.6326
vt 0.534218 0.539052
vt 0.807613 0.537738
vt 0.651467 0.712344
vt 0.812212 0.722590
vt 0.440472 0.699464
vt 0.505279 0.954605
vt 0.394685 0.910428
vt 0.529494 0.041599
vt 0.440272 0.169217
vt 0.407900 0.015209
vt 0.224689 0.500632
vt 0.298939 0.554231
vt 0.143822 0.628706
vt 0.350796 0.501919
vt 0.236030 0.724989
vt 0.358556 0.714558
vt 0.602122 0.296489
vt 0.527241 0.521298
vt 0.452229 0.375318
s 0
g Cube.011_Material
usemtl Material
f 123/230/181 116/231/181 117/232/181
f 117/232/182 116/231/182 118/233/182
f 121/234/183 118/235/183 115/236/183
f 118/237/184 119/238/184 115/239/184
f 122/240/185 120/241/185 119/242/185
f 119/242/186 120/243/186 115/244/186
f 120/243/187 121/245/187 115/244/187
f 120/243/188 123/230/188 121/234/188
f 123/230/189 117/232/189 121/234/189
f 116/246/190 123/247/190 122/248/190
f 122/248/191 123/230/191 120/243/191
f 117/232/192 118/235/192 121/234/192
f 118/237/193 116/246/193 119/238/193
f 116/246/194 122/248/194 119/238/194
o Cube.006
v 12.303887 1.825814 -8.348639
v 12.210466 1.964347 -8.460683
v 12.235704 2.048148 -8.252706
v 12.345000 1.912651 -8.427261
v 12.292933 2.033393 -8.369076
v 12.379868 1.992815 -8.275288
v 12.256842 1.861274 -8.266861
v 12.156845 1.887612 -8.414106
v 12.143126 2.008447 -8.301085
vn 0.9081 -0.4186 0.0125
vn 0.7249 0.5266 -0.4441
vn 0.1320 -0.0600 0.9894
vn 0.1190 -0.5746 -0.8097
vn -0.0635 -0.6531 -0.7546
vn -0.7603 -0.4877 0.4291
vn -0.4347 -0.8903 0.1360
vn -0.8389 0.3180 -0.4418
vn -0.3150 0.8723 -0.3739
vn -0.2683 0.9303 -0.2499
vn 0.3661 0.9285 0.0623
vn 0.6114 -0.5345 0.5835
vn -0.4206 -0.1157 0.8998
vn 0.3908 0.5309 -0.7520
vt 0.423616 0.817668
vt 0.438163 0.985880
vt 0.399025 0.926987
vt 0.584080 0.909473
vt 0.477709 0.045024
vt 0.607265 0.122218
vt 0.441545 0.286085
vt 0.565477 0.549583
vt 0.592013 0.712367
vt 0.289400 0.584684
vt 0.400831 0.754486
vt 0.615924 0.357557
vt 0.551199 0.540629
vt 0.429879 0.509305
vt 0.769145 0.562221
vt 0.604783 0.677624
vt 0.780055 0.741830
vt 0.860509 0.631959
vt 0.567506 0.015179
vt 0.377433 0.096481
s 0
g Cube.006_Material
usemtl Material
f 127/249/195 129/250/195 124/251/195
f 128/252/196 129/250/196 127/249/196
f 129/253/197 126/254/197 130/255/197
f 131/256/198 125/257/198 124/258/198
f 125/257/199 127/259/199 124/258/199
f 130/255/200 132/260/200 131/261/200
f 131/261/201 124/262/201 130/255/201
f 131/256/202 132/263/202 125/264/202
f 125/264/203 132/263/203 128/265/203
f 132/263/204 126/266/204 128/265/204
f 128/267/205 126/254/205 129/253/205
f 124/268/206 129/253/206 130/255/206
f 130/255/207 126/254/207 132/260/207
f 125/257/208 128/252/208 127/249/208
o Cube.007
v 10.798934 1.840777 -7.802802
v 10.763218 1.982673 -7.721780
v 10.905323 1.840628 -7.742839
v 10.974451 1.944800 -7.777526
v 10.893648 1.897106 -7.888811
v 10.757392 1.939440 -7.865540
v 10.881292 2.022599 -7.727602
v 10.824299 1.911199 -7.680174
v 10.800901 2.028258 -7.843189
vn -0.8830 0.4582 -0.1020
vn -0.7965 -0.4383 0.4165
vn -0.2987 0.9202 0.2528
vn -0.2948 -0.8010 0.5210
vn 0.2058 -0.9070 -0.3674
vn 0.5564 -0.0943 0.8256
vn 0.5050 0.8048 -0.3118
vn -0.9408 -0.3122 0.1320
vn -0.3122 -0.5999 -0.7367
vn -0.0769 0.2786 -0.9573
vn 0.7501 -0.5943 -0.2899
vn 0.5276 0.0897 0.8447
vn -0.1025 0.4336 0.8953
vn 0.5174 0.5836 -0.6258
vt 0.862532 0.586626
vt 0.666025 0.612825
vt 0.793538 0.524739
vt 0.799625 0.742317
vt 0.596159 0.725728
vt 0.676667 0.500000
vt 0.533198 0.702151
vt 0.502729 0.907748
vt 0.315429 0.689365
vt 0.215046 0.717794
vt 0.139986 0.551629
vt 0.365533 0.517965
vt 0.592775 0.342442
vt 0.523296 0.508923
vt 0.395346 0.376049
vt 0.510142 0.020803
vt 0.592582 0.143625
vt 0.414253 0.208459
s 0
g Cube.007_Material
usemtl Material
f 138/269/209 134/270/209 141/271/209
f 134/270/210 133/272/210 140/273/210
f 141/271/211 134/270/211 139/274/211
f 140/275/212 133/276/212 135/277/212
f 135/277/213 133/278/213 137/279/213
f 136/280/214 140/275/214 135/277/214
f 141/281/215 139/282/215 136/283/215
f 138/269/216 133/272/216 134/270/216
f 133/284/217 138/285/217 137/286/217
f 137/286/218 138/285/218 141/281/218
f 137/279/219 136/280/219 135/277/219
f 136/280/220 139/282/220 140/275/220
f 139/282/221 134/270/221 140/275/221
f 137/286/222 141/281/222 136/283/222
o Cube.008
v 11.463860 1.768731 -10.467110
v 11.567968 1.843486 -10.424315
v 11.598629 1.916259 -10.336185
v 11.483481 1.853655 -10.292616
v 11.463057 2.022900 -10.318696
v 11.378592 1.915259 -10.392088
v 11.450257 1.861137 -10.511473
v 11.605646 2.007509 -10.340357
v 11.519341 1.998460 -10.438915
vn 0.5505 -0.7276 0.4093
vn 0.3461 0.0163 0.9381
vn -0.6780 0.0313 0.7344
vn -0.8704 -0.3112 -0.3814
vn 0.6022 0.1145 -0.7901
vn 0.7339 0.1683 -0.6581
vn -0.5614 0.7194 -0.4091
vn 0.0816 0.9835 -0.1617
vn 0.9609 -0.0859 -0.2633
vn 0.4470 -0.8231 0.3503
vn 0.1659 0.1697 0.9714
vn -0.7066 -0.6018 0.3723
vn 0.5385 -0.2990 -0.7878
vn -0.5464 0.5893 -0.5951
vt 0.551771 0.821043
vt 0.490236 0.981936
vt 0.443965 0.755163
vt 0.609545 0.740303
vt 0.579499 0.265268
vt 0.447677 0.232718
vt 0.490446 0.016300
vt 0.320967 0.499695
vt 0.242238 0.673984
vt 0.142687 0.564850
vt 0.543218 0.480597
vt 0.654480 0.663904
vt 0.651690 0.523626
vt 0.809399 0.589510
vt 0.375000 0.930496
vt 0.603518 0.001237
vt 0.583364 0.169025
vt 0.384386 0.054537
vt 0.382289 0.419599
s 0
g Cube.008_Material
usemtl Material
f 144/287/223 145/288/223 143/289/223
f 144/287/224 149/290/224 145/288/224
f 146/291/225 147/292/225 145/293/225
f 148/294/226 142/295/226 147/296/226
f 150/297/227 143/289/227 148/294/227
f 150/297/228 149/298/228 143/289/228
f 146/291/229 150/297/229 147/292/229
f 150/299/230 146/300/230 149/298/230
f 149/298/231 144/287/231 143/289/231
f 142/301/232 143/289/232 145/288/232
f 149/302/233 146/303/233 145/293/233
f 142/304/234 145/293/234 147/292/234
f 142/295/235 148/294/235 143/289/235
f 148/305/236 147/292/236 150/297/236
o Cube.009
v 9.873889 1.984103 -8.256914
v 9.709350 1.897339 -8.360312
v 10.095793 1.968454 -8.319390
v 10.099566 2.157699 -8.430586
v 9.680045 1.938767 -8.662786
v 9.735668 1.716887 -8.588107
v 9.812129 2.186845 -8.509984
v 9.979161 1.739560 -8.336350
v 9.844419 1.652890 -8.444582
v 10.112228 1.737654 -8.601253
v 10.164646 1.979797 -8.588668
v 10.170269 1.819380 -8.379670
v 9.857179 1.983561 -8.780029
v 9.917306 2.212458 -8.621094
v 9.945842 1.833982 -8.770101
v 10.121222 1.978764 -8.775589
vn -0.7683 -0.5419 0.3405
vn -0.2916 -0.4518 0.8431
vn 0.4044 -0.8903 0.2095
vn 0.9635 -0.1993 -0.1789
vn 0.0158 -0.0569 -0.9983
vn 0.6457 0.6254 -0.4380
vn -0.6357 0.6209 -0.4586
vn 0.0348 -0.9027 -0.4289
vn 0.0291 -0.8556 -0.5168
vn -0.4621 -0.3286 -0.8237
vn -0.9729 -0.2224 0.0638
vn -0.9074 0.3956 0.1421
vn 0.9395 0.2340 0.2501
vn 0.0289 0.9677 0.2505
vn -0.0983 0.7648 0.6367
vn 0.2686 0.4840 0.8328
vn -0.6339 0.5207 0.5719
vn 0.2526 -0.1989 0.9469
vn -0.3810 -0.4299 0.8186
vn 0.3032 -0.2231 0.9264
vn 0.4176 -0.8826 0.2161
vn 0.0241 0.5659 -0.8241
vn 0.6872 0.7078 -0.1636
vn -0.5490 0.5692 -0.6120
vn 0.4239 -0.5410 -0.7264
vn -0.4720 -0.3852 -0.7930
vn 0.9555 -0.1954 -0.2209
vt 0.875000 0.649805
vt 0.849233 0.683396
vt 0.832712 0.540342
vt 0.580473 0.024703
vt 0.534759 0.188184
vt 0.498710 0.020990
vt 0.437420 0.135101
vt 0.411456 0.342495
vt 0.213804 0.511922
vt 0.337875 0.601179
vt 0.185175 0.619999
vt 0.611440 0.548317
vt 0.438499 0.522151
vt 0.536413 0.434917
vt 0.517900 0.691047
vt 0.378975 0.759339
vt 0.724211 0.603714
vt 0.568883 0.768659
vt 0.609419 0.213408
vt 0.625000 0.382072
vt 0.588498 0.519208
vt 0.209844 0.718096
vt 0.479559 0.953620
vt 0.390901 0.953078
vt 0.565332 0.774863
vt 0.583031 0.973602
vt 0.389658 0.010551
vt 0.376620 0.114133
vt 0.125000 0.581137
vt 0.375000 0.421875
s 0
g Cube.009_Material
usemtl Material
f 159/306/237 152/307/237 156/308/237
f 152/309/238 159/310/238 151/311/238
f 158/312/239 159/310/239 160/313/239
f 160/314/240 161/315/240 162/316/240
f 163/317/241 166/318/241 165/319/241
f 164/320/242 154/321/242 161/315/242
f 155/322/243 157/323/243 164/320/243
f 156/324/244 160/313/244 159/310/244
f 156/324/245 165/319/245 160/313/245
f 165/319/246 155/325/246 163/326/246
f 155/322/247 156/308/247 152/307/247
f 155/322/248 152/307/248 157/323/248
f 153/327/249 162/316/249 161/315/249 154/321/249
f 154/321/250 164/320/250 157/323/250
f 157/323/251 151/328/251 154/321/251
f 151/328/252 153/329/252 154/321/252
f 157/330/253 152/331/253 151/328/253
f 151/311/254 158/312/254 153/332/254
f 158/312/255 151/311/255 159/310/255
f 153/332/256 158/312/256 162/333/256
f 160/314/257 162/316/257 158/334/257
f 166/318/258 163/317/258 164/320/258
f 166/318/259 164/320/259 161/315/259
f 163/317/260 155/322/260 164/320/260
f 160/313/261 165/319/261 166/318/261
f 156/324/262 155/325/262 165/319/262
f 161/335/263 160/313/263 166/318/263
o Cube.010
v 11.021690 1.993482 -10.513751
v 11.176971 1.970670 -10.497403
v 11.285366 1.918830 -10.345966
v 10.981463 1.963893 -10.359759
v 10.960977 1.858295 -10.593466
v 11.243993 1.777767 -10.424777
v 11.201247 2.024042 -10.250241
v 11.073940 1.791781 -10.276656
v 10.890918 1.859619 -10.459023
vn -0.2152 -0.9712 -0.1026
vn -0.2096 -0.9664 -0.1492
vn 0.2598 -0.5279 0.8086
vn 0.5830 -0.4000 0.7072
vn 0.8227 0.0736 -0.5637
vn 0.1194 0.9688 0.2173
vn -0.7336 0.5581 -0.3878
vn -0.7258 0.6854 -0.0579
vn 0.4705 -0.1630 -0.8672
vn -0.1688 0.9667 -0.1922
vn 0.6541 0.7236 -0.2205
vn -0.7136 -0.0459 0.6991
vn -0.4753 0.1622 0.8648
vn 0.1584 0.4478 -0.8800
vt 0.856741 0.527884
vt 0.792799 0.664448
vt 0.661337 0.518959
vt 0.570885 0.667835
vt 0.614877 0.834550
vt 0.495616 0.943630
vt 0.319826 0.718976
vt 0.602263 0.105449
vt 0.455701 0.107225
vt 0.553174 0.006579
vt 0.371255 0.573451
vt 0.135465 0.689951
vt 0.165587 0.530358
vt 0.553103 0.308270
vt 0.565029 0.471740
vt 0.392929 0.256090
vt 0.405598 0.560759
vt 0.171875 0.750000
s 0
g Cube.010_Material
usemtl Material
f 171/336/264 172/337/264 175/338/264
f 175/338/265 172/337/265 174/339/265
f 172/340/266 169/341/266 173/342/266
f 174/339/267 172/340/267 173/342/267
f 172/343/268 168/344/268 169/345/268
f 170/346/269 168/347/269 167/348/269
f 171/349/270 175/350/270 167/351/270
f 175/350/271 170/352/271 167/351/271
f 168/344/272 172/343/272 171/349/272
f 170/346/273 173/342/273 168/347/273
f 168/347/274 173/342/274 169/353/274
f 175/338/275 174/339/275 170/352/275
f 174/339/276 173/342/276 170/352/276
f 167/351/277 168/344/277 171/349/277
o Cube.011
v 12.111856 1.858940 -8.282504
v 11.906465 2.053535 -7.952903
v 11.824930 1.811178 -8.063815
v 11.909621 2.004066 -8.241603
v 12.100650 2.087253 -8.166232
v 12.204165 1.889684 -8.054031
v 12.037609 1.693912 -8.119397
v 12.159340 1.999094 -7.923445
v 12.006888 1.840619 -7.919227
vn -0.5985 -0.1581 0.7854
vn -0.9354 0.3466 -0.0696
vn -0.4953 -0.4877 -0.7189
vn 0.1486 0.4546 -0.8782
vn 0.8975 0.4372 -0.0582
vn 0.8876 0.2428 -0.3913
vn 0.7776 -0.5829 -0.2357
vn 0.5357 -0.6398 0.5511
vn -0.2967 -0.7914 0.5345
vn -0.0908 0.1137 0.9894
vn 0.5650 -0.5266 0.6352
vn -0.4610 -0.4834 -0.7441
vn -0.3394 0.9265 -0.1625
vn 0.1671 0.9390 0.3006
vt 0.534218 0.539052
vt 0.807613 0.537738
vt 0.651467 0.712344
vt 0.812212 0.722590
vt 0.440472 0.699464
vt 0.505279 0.954605
vt 0.394685 0.910428
vt 0.529494 0.041599
vt 0.440272 0.169217
vt 0.407900 0.015209
vt 0.224689 0.500632
vt 0.298939 0.554231
vt 0.143822 0.628706
vt 0.350796 0.501919
vt 0.236030 0.724989
vt 0.358556 0.714558
vt 0.602122 0.296489
vt 0.527241 0.521298
vt 0.452229 0.375318
s 0
g Cube.011_Material
usemtl Material
f 184/354/278 177/355/278 178/356/278
f 178/356/279 177/355/279 179/357/279
f 182/358/280 179/359/280 176/360/280
f 179/361/281 180/362/281 176/363/281
f 183/364/282 181/365/282 180/366/282
f 180/366/283 181/367/283 176/368/283
f 181/367/284 182/369/284 176/368/284
f 181/367/285 184/354/285 182/358/285
f 184/354/286 178/356/286 182/358/286
f 177/370/287 184/371/287 183/372/287
f 183/372/288 184/354/288 181/367/288
f 178/356/289 179/359/289 182/358/289
f 179/361/290 177/370/290 180/362/290
f 177/370/291 183/372/291 180/362/291
o Cube.006
v 9.962918 1.917842 -8.690706
v 9.912077 1.977237 -8.552166
v 9.834231 1.818485 -8.576090
v 10.000490 1.917406 -8.600016
v 9.918352 1.866338 -8.540243
v 9.950456 1.788192 -8.604410
v 9.893843 1.878907 -8.698709
v 9.875795 1.998270 -8.623419
v 9.798979 1.899033 -8.584883
vn 0.8729 -0.3257 -0.3632
vn 0.6733 -0.2839 0.6827
vn -0.3332 -0.7714 -0.5421
vn 0.6340 0.7673 -0.0963
vn 0.4761 0.8579 -0.1931
vn -0.7068 0.2979 -0.6417
vn -0.1863 0.5039 -0.8435
vn -0.5873 0.6447 0.4894
vn -0.3292 0.0825 0.9407
vn -0.3635 -0.0576 0.9298
vn 0.0258 -0.6280 0.7778
vn 0.3890 -0.5361 -0.7492
vn -0.7414 -0.3845 -0.5499
vn 0.5342 0.1202 0.8368
vt 0.423616 0.817668
vt 0.438163 0.985880
vt 0.399025 0.926987
vt 0.584080 0.909473
vt 0.477709 0.045024
vt 0.607265 0.122218
vt 0.441545 0.286085
vt 0.565477 0.549583
vt 0.592013 0.712367
vt 0.289400 0.584684
vt 0.400831 0.754486
vt 0.615924 0.357557
vt 0.551199 0.540629
vt 0.429879 0.509305
vt 0.769145 0.562221
vt 0.604783 0.677624
vt 0.780055 0.741830
vt 0.860509 0.631959
vt 0.567506 0.015179
vt 0.377433 0.096481
s 0
g Cube.006_Material
usemtl Material
f 188/373/292 190/374/292 185/375/292
f 189/376/293 190/374/293 188/373/293
f 190/377/294 187/378/294 191/379/294
f 192/380/295 186/381/295 185/382/295
f 186/381/296 188/383/296 185/382/296
f 191/379/297 193/384/297 192/385/297
f 192/385/298 185/386/298 191/379/298
f 192/380/299 193/387/299 186/388/299
f 186/388/300 193/387/300 189/389/300
f 193/387/301 187/390/301 189/389/301
f 189/391/302 187/378/302 190/377/302
f 185/392/303 190/377/303 191/379/303
f 191/379/304 187/378/304 193/384/304
f 186/381/305 189/376/305 188/373/305
o Cube.007
v 10.117127 1.932531 -9.748916
v 10.026438 1.799260 -9.847432
v 10.074107 1.867683 -9.635021
v 9.927739 1.871873 -9.629010
v 9.987051 2.007661 -9.700261
v 10.030372 1.968822 -9.852838
v 9.920918 1.792813 -9.754220
v 10.070792 1.777146 -9.742410
v 9.928685 1.916150 -9.854519
vn 0.0334 -0.0326 -0.9989
vn 0.8635 -0.2752 -0.4226
vn -0.5544 -0.5038 -0.6624
vn 0.9411 -0.2722 0.2005
vn 0.5615 0.6099 0.5593
vn 0.0046 -0.7646 0.6445
vn -0.9975 0.0707 0.0097
vn 0.7605 -0.0383 -0.6482
vn 0.4731 0.8765 -0.0888
vn -0.4289 0.8388 -0.3353
vn 0.0495 0.4470 0.8931
vn -0.1294 -0.8352 0.5344
vn -0.0893 -0.9816 -0.1690
vn -0.8969 0.4346 0.0816
vt 0.862532 0.586626
vt 0.666025 0.612825
vt 0.793538 0.524739
vt 0.799625 0.742317
vt 0.596159 0.725728
vt 0.676667 0.500000
vt 0.533198 0.702151
vt 0.502729 0.907748
vt 0.315429 0.689365
vt 0.215046 0.717794
vt 0.139986 0.551629
vt 0.365533 0.517965
vt 0.592775 0.342442
vt 0.523296 0.508923
vt 0.395346 0.376049
vt 0.510142 0.020803
vt 0.592582 0.143625
vt 0.414253 0.208459
s 0
g Cube.007_Material
usemtl Material
f 199/393/306 195/394/306 202/395/306
f 195/394/307 194/396/307 201/397/307
f 202/395/308 195/394/308 200/398/308
f 201/399/309 194/400/309 196/401/309
f 196/401/310 194/402/310 198/403/310
f 197/404/311 201/399/311 196/401/311
f 202/405/312 200/406/312 197/407/312
f 199/393/313 194/396/313 195/394/313
f 194/408/314 199/409/314 198/410/314
f 198/410/315 199/409/315 202/405/315
f 198/403/316 197/404/316 196/401/316
f 197/404/317 200/406/317 201/399/317
f 200/406/318 195/394/318 201/399/318
f 198/410/319 202/405/319 197/407/319
o Cube.008
v 12.196342 1.799952 -9.803217
v 12.218126 1.902268 -9.688550
v 12.299371 2.005372 -9.653254
v 12.328292 1.980984 -9.807331
v 12.483341 1.939277 -9.691299
v 12.408382 1.819392 -9.800008
v 12.270900 1.746147 -9.728024
v 12.375998 2.003338 -9.581150
v 12.381531 1.855358 -9.609873
vn -0.7215 0.6501 -0.2383
vn 0.1463 0.9809 -0.1278
vn 0.6224 0.2753 -0.7327
vn 0.0803 -0.7712 -0.6315
vn -0.4869 -0.3652 0.7935
vn -0.4690 -0.1852 0.8636
vn 0.7208 -0.6554 0.2258
vn 0.6769 -0.1158 0.7270
vn -0.6549 0.2751 0.7038
vn -0.7625 0.5479 -0.3441
vn 0.3718 0.9129 -0.1686
vn 0.0184 -0.0361 -0.9992
vn -0.7781 -0.3879 0.4940
vn 0.5485 -0.8040 0.2296
vt 0.551771 0.821043
vt 0.490236 0.981936
vt 0.443965 0.755163
vt 0.609545 0.740303
vt 0.579499 0.265268
vt 0.447677 0.232718
vt 0.490446 0.016300
vt 0.320967 0.499695
vt 0.242238 0.673984
vt 0.142687 0.564850
vt 0.543218 0.480597
vt 0.654480 0.663904
vt 0.651690 0.523626
vt 0.809399 0.589510
vt 0.375000 0.930496
vt 0.603518 0.001237
vt 0.583364 0.169025
vt 0.384386 0.054537
vt 0.382289 0.419599
s 0
g Cube.008_Material
usemtl Material
f 205/411/320 206/412/320 204/413/320
f 205/411/321 210/414/321 206/412/321
f 207/415/322 208/416/322 206/417/322
f 209/418/323 203/419/323 208/420/323
f 211/421/324 204/413/324 209/418/324
f 211/421/325 210/422/325 204/413/325
f 207/415/326 211/421/326 208/416/326
f 211/423/327 207/424/327 210/422/327
f 210/422/328 205/411/328 204/413/328
f 203/425/329 204/413/329 206/412/329
f 210/426/330 207/427/330 206/417/330
f 203/428/331 206/417/331 208/416/331
f 203/419/332 209/418/332 204/413/332
f 209/429/333 208/416/333 211/421/333
o Cube.009
v 11.956161 1.931985 -7.805915
v 11.840605 2.042909 -7.741972
v 11.920140 1.757124 -7.862391
v 11.897117 1.799094 -8.033736
v 11.626585 2.081726 -7.862248
v 11.616310 1.987012 -7.692099
v 11.827303 2.031146 -8.018340
v 11.827566 1.796962 -7.679705
v 11.710507 1.884818 -7.623769
v 11.639131 1.698831 -7.791866
v 11.728164 1.712048 -7.971629
v 11.833642 1.667057 -7.791467
v 11.565705 1.956486 -7.969769
v 11.759979 1.957482 -8.094793
v 11.532258 1.853703 -7.879002
v 11.585788 1.749770 -8.021547
vn 0.0369 0.5787 0.8147
vn 0.5739 0.1320 0.8082
vn -0.1181 -0.6405 0.7588
vn -0.1591 -0.9757 -0.1505
vn -0.9370 -0.0035 -0.3493
vn -0.1045 -0.4352 -0.8942
vn -0.2347 0.7950 -0.5594
vn -0.7405 -0.2715 0.6148
vn -0.8035 -0.2506 0.5401
vn -0.9229 0.3755 0.0852
vn -0.1108 0.8712 0.4783
vn 0.2062 0.9772 -0.0515
vn 0.4005 -0.8446 -0.3554
vn 0.6074 0.2331 -0.7595
vn 0.8724 0.2886 -0.3945
vn 0.9750 -0.1469 -0.1670
vn 0.6725 0.7373 -0.0638
vn 0.8137 -0.3236 0.4829
vn 0.5522 0.2246 0.8029
vn 0.7898 -0.3784 0.4827
vn -0.1079 -0.6513 0.7511
vn -0.5351 0.1560 -0.8303
vn 0.1829 -0.4598 -0.8690
vn -0.3881 0.7017 -0.5975
vn -0.8402 -0.5370 0.0760
vn -0.9175 0.3685 0.1497
vn -0.1968 -0.9659 -0.1685
vt 0.875000 0.649805
vt 0.849233 0.683396
vt 0.832712 0.540342
vt 0.580473 0.024703
vt 0.534759 0.188184
vt 0.498710 0.020990
vt 0.437420 0.135101
vt 0.411456 0.342495
vt 0.213804 0.511922
vt 0.337875 0.601179
vt 0.185175 0.619999
vt 0.611440 0.548317
vt 0.438499 0.522151
vt 0.536413 0.434917
vt 0.517900 0.691047
vt 0.378975 0.759339
vt 0.724211 0.603714
vt 0.568883 0.768659
vt 0.609419 0.213408
vt 0.625000 0.382072
vt 0.588498 0.519208
vt 0.209844 0.718096
vt 0.479559 0.953620
vt 0.390901 0.953078
vt 0.565332 0.774863
vt 0.583031 0.973602
vt 0.389658 0.010551
vt 0.376620 0.114133
vt 0.125000 0.581137
vt 0.375000 0.421875
s 0
g Cube.009_Material
usemtl Material
f 220/430/334 213/431/334 217/432/334
f 213/433/335 220/434/335 212/435/335
f 219/436/336 220/434/336 221/437/336
f 221/438/337 222/439/337 223/440/337
f 224/441/338 227/442/338 226/443/338
f 225/444/339 215/445/339 222/439/339
f 216/446/340 218/447/340 225/444/340
f 217/448/341 221/437/341 220/434/341
f 217/448/342 226/443/342 221/437/342
f 226/443/343 216/449/343 224/450/343
f 216/446/344 217/432/344 213/431/344
f 216/446/345 213/431/345 218/447/345
f 214/451/346 223/440/346 222/439/346 215/445/346
f 215/445/347 225/444/347 218/447/347
f 218/447/348 212/452/348 215/445/348
f 212/452/349 214/453/349 215/445/349
f 218/454/350 213/455/350 212/452/350
f 212/435/351 219/436/351 214/456/351
f 219/436/352 212/435/352 220/434/352
f 214/456/353 219/436/353 223/457/353
f 221/438/354 223/440/354 219/458/354
f 227/442/355 224/441/355 225/444/355
f 227/442/356 225/444/356 222/439/356
f 224/441/357 216/446/357 225/444/357
f 221/437/358 226/443/358 227/442/358
f 217/448/359 216/449/359 226/443/359
f 222/459/360 221/437/360 227/442/360
o Cube.010
v 9.844193 1.806279 -8.490682
v 9.852484 1.790544 -8.601555
v 9.892427 1.873331 -8.703901
v 9.877050 1.916692 -8.489945
v 9.938173 1.751229 -8.440916
v 9.989512 1.815316 -8.667879
v 9.828889 1.960778 -8.657588
v 9.998595 1.946077 -8.574751
v 9.949663 1.855335 -8.415045
vn 0.9725 -0.1514 0.1772
vn 0.9631 -0.1972 0.1830
vn 0.5746 0.6680 -0.4729
vn 0.4127 0.5092 -0.7552
vn -0.1887 -0.7262 -0.6611
vn -0.9523 0.2841 -0.1115
vn -0.5295 -0.1491 0.8351
vn -0.6275 0.1817 0.7571
vn 0.0478 -0.9640 -0.2614
vn -0.9633 -0.0464 0.2645
vn -0.7903 -0.2876 -0.5411
vn 0.1643 0.8352 0.5249
vn -0.0467 0.9627 0.2666
vn -0.5348 -0.8412 0.0794
vt 0.856741 0.527884
vt 0.792799 0.664448
vt 0.661337 0.518959
vt 0.570885 0.667835
vt 0.614877 0.834550
vt 0.495616 0.943630
vt 0.319826 0.718976
vt 0.602263 0.105449
vt 0.455701 0.107225
vt 0.553174 0.006579
vt 0.371255 0.573451
vt 0.135465 0.689951
vt 0.165587 0.530358
vt 0.553103 0.308270
vt 0.565029 0.471740
vt 0.392929 0.256090
vt 0.405598 0.560759
vt 0.171875 0.750000
s 0
g Cube.010_Material
usemtl Material
f 232/460/361 233/461/361 236/462/361
f 236/462/362 233/461/362 235/463/362
f 233/464/363 230/465/363 234/466/363
f 235/463/364 233/464/364 234/466/364
f 233/467/365 229/468/365 230/469/365
f 231/470/366 229/471/366 228/472/366
f 232/473/367 236/474/367 228/475/367
f 236/474/368 231/476/368 228/475/368
f 229/468/369 233/467/369 232/473/369
f 231/470/370 234/466/370 229/471/370
f 229/471/371 234/466/371 230/477/371
f 236/462/372 235/463/372 231/476/372
f 235/463/373 234/466/373 231/476/373
f 228/475/374 229/468/374 232/473/374
o Cube.011
v 12.640852 2.007589 -9.321384
v 12.313427 1.801947 -9.180109
v 12.437818 1.741724 -9.405202
v 12.404627 1.996166 -9.356231
v 12.462864 2.031994 -9.157703
v 12.637092 1.874861 -9.127094
v 12.665883 1.781102 -9.358504
v 12.510769 1.819431 -9.033076
v 12.511058 1.695634 -9.200756
vn -0.4758 -0.8791 -0.0277
vn -0.8775 -0.0223 -0.4790
vn 0.1354 0.1748 -0.9752
vn -0.0224 0.9850 -0.1712
vn 0.3432 0.5314 0.7745
vn 0.5384 0.6909 0.4824
vn 0.9918 0.0957 0.0846
vn 0.6967 -0.6305 0.3421
vn 0.2200 -0.9317 -0.2889
vn -0.3478 -0.7546 0.5565
vn 0.6225 -0.6291 0.4655
vn 0.1619 0.2068 -0.9649
vn -0.8357 0.5283 0.1498
vn -0.5859 0.3076 0.7498
vt 0.534218 0.539052
vt 0.807613 0.537738
vt 0.651467 0.712344
vt 0.812212 0.722590
vt 0.440472 0.699464
vt 0.505279 0.954605
vt 0.394685 0.910428
vt 0.529494 0.041599
vt 0.440272 0.169217
vt 0.407900 0.015209
vt 0.224689 0.500632
vt 0.298939 0.554231
vt 0.143822 0.628706
vt 0.350796 0.501919
vt 0.236030 0.724989
vt 0.358556 0.714558
vt 0.602122 0.296489
vt 0.527241 0.521298
vt 0.452229 0.375318
s 0
g Cube.011_Material
usemtl Material
f 245/478/375 238/479/375 239/480/375
f 239/480/376 238/479/376 240/481/376
f 243/482/377 240/483/377 237/484/377
f 240/485/378 241/486/378 237/487/378
f 244/488/379 242/489/379 241/490/379
f 241/490/380 242/491/380 237/492/380
f 242/491/381 243/493/381 237/492/381
f 242/491/382 245/478/382 243/482/382
f 245/478/383 239/480/383 243/482/383
f 238/494/384 245/495/384 244/496/384
f 244/496/385 245/478/385 242/491/385
f 239/480/386 240/483/386 243/482/386
f 240/485/387 238/494/387 241/486/387
f 238/494/388 244/496/388 241/486/388
o Cube.006
v 10.381905 1.837470 -8.082918
v 10.238468 1.886999 -8.178541
v 10.173474 1.804917 -8.006759
v 10.328538 1.933770 -8.094285
v 10.209691 1.903422 -8.057017
v 10.271633 1.889262 -7.955672
v 10.333561 1.771440 -8.045804
v 10.279994 1.804849 -8.193276
v 10.173448 1.765620 -8.098311
vn 0.7524 0.4713 0.4602
vn -0.1698 0.9565 0.2374
vn 0.0765 -0.5802 0.8109
vn 0.5991 0.4246 -0.6788
vn 0.5944 0.2387 -0.7679
vn 0.1203 -0.9579 -0.2607
vn 0.6301 -0.6761 -0.3820
vn -0.6184 -0.1752 -0.7661
vn -0.9122 0.3175 -0.2589
vn -0.9501 0.2867 -0.1228
vn -0.6994 0.5117 0.4990
vn 0.7183 -0.1433 0.6808
vn -0.0955 -0.9147 0.3926
vn -0.3002 0.9333 -0.1972
vt 0.423616 0.817668
vt 0.438163 0.985880
vt 0.399025 0.926987
vt 0.584080 0.909473
vt 0.477709 0.045024
vt 0.607265 0.122218
vt 0.441545 0.286085
vt 0.565477 0.549583
vt 0.592013 0.712367
vt 0.289400 0.584684
vt 0.400831 0.754486
vt 0.615924 0.357557
vt 0.551199 0.540629
vt 0.429879 0.509305
vt 0.769145 0.562221
vt 0.604783 0.677624
vt 0.780055 0.741830
vt 0.860509 0.631959
vt 0.567506 0.015179
vt 0.377433 0.096481
s 0
g Cube.006_Material
usemtl Material
f 249/497/389 251/498/389 246/499/389
f 250/500/390 251/498/390 249/497/390
f 251/501/391 248/502/391 252/503/391
f 253/504/392 247/505/392 246/506/392
f 247/505/393 249/507/393 246/506/393
f 252/503/394 254/508/394 253/509/394
f 253/509/395 246/510/395 252/503/395
f 253/504/396 254/511/396 247/512/396
f 247/512/397 254/511/397 250/513/397
f 254/511/398 248/514/398 250/513/398
f 250/515/399 248/502/399 251/501/399
f 246/516/400 251/501/400 252/503/400
f 252/503/401 248/502/401 254/508/401
f 247/505/402 250/500/402 249/497/402
o Cube.007
v 11.114324 1.805802 -10.515770
v 11.076487 1.754188 -10.295721
v 11.135556 1.964177 -10.466122
v 10.983616 2.025176 -10.396873
v 10.947225 1.895159 -10.543665
v 10.978632 1.713149 -10.472104
v 10.993714 1.901032 -10.267180
v 11.160318 1.861229 -10.332575
v 10.904665 1.759826 -10.364162
vn -0.1516 -0.9409 0.3030
vn 0.7856 -0.6187 -0.0100
vn -0.3546 -0.3670 0.8600
vn 0.9723 -0.0595 -0.2261
vn 0.2885 0.2510 -0.9240
vn 0.5044 0.7266 0.4666
vn -0.8803 0.3066 0.3620
vn 0.5379 -0.8366 -0.1037
vn -0.0442 -0.3722 -0.9271
vn -0.8406 -0.3176 -0.4387
vn -0.0015 0.7488 -0.6628
vn 0.4035 0.6765 0.6161
vn 0.3712 0.0288 0.9281
vn -0.9588 0.2836 -0.0135
vt 0.862532 0.586626
vt 0.666025 0.612825
vt 0.793538 0.524739
vt 0.799625 0.742317
vt 0.596159 0.725728
vt 0.676667 0.500000
vt 0.533198 0.702151
vt 0.502729 0.907748
vt 0.315429 0.689365
vt 0.215046 0.717794
vt 0.139986 0.551629
vt 0.365533 0.517965
vt 0.592775 0.342442
vt 0.523296 0.508923
vt 0.395346 0.376049
vt 0.510142 0.020803
vt 0.592582 0.143625
vt 0.414253 0.208459
s 0
g Cube.007_Material
usemtl Material
f 260/517/403 256/518/403 263/519/403
f 256/518/404 255/520/404 262/521/404
f 263/519/405 256/518/405 261/522/405
f 262/523/406 255/524/406 257/525/406
f 257/525/407 255/526/407 259/527/407
f 258/528/408 262/523/408 257/525/408
f 263/529/409 261/530/409 258/531/409
f 260/517/410 255/520/410 256/518/410
f 255/532/411 260/533/411 259/534/411
f 259/534/412 260/533/412 263/529/412
f 259/527/413 258/528/413 257/525/413
f 258/528/414 261/530/414 262/523/414
f 261/530/415 256/518/415 262/523/415
f 259/534/416 263/529/416 258/531/416
o Cube.008
v 10.514422 1.803042 -10.048063
v 10.490486 1.867667 -10.186501
v 10.396729 1.937178 -10.255193
v 10.349745 1.942830 -10.104374
v 10.227242 1.840150 -10.220149
v 10.306880 1.770259 -10.077504
v 10.465461 1.717484 -10.113533
v 10.334697 1.900499 -10.331350
v 10.355154 1.766705 -10.266030
vn 0.5259 0.8402 0.1324
vn -0.3629 0.9201 -0.1475
vn -0.7730 0.2806 0.5690
vn -0.0184 -0.6009 0.7991
vn 0.6701 -0.4117 -0.6176
vn 0.6268 -0.2623 -0.7337
vn -0.5261 -0.8421 -0.1188
vn -0.5157 -0.4383 -0.7362
vn 0.6868 0.2531 -0.6813
vn 0.5699 0.7780 0.2646
vn -0.5731 0.8116 -0.1134
vn -0.1675 0.1922 0.9670
vn 0.9090 -0.2947 -0.2947
vn -0.3286 -0.9421 -0.0664
vt 0.551771 0.821043
vt 0.490236 0.981936
vt 0.443965 0.755163
vt 0.609545 0.740303
vt 0.579499 0.265268
vt 0.447677 0.232718
vt 0.490446 0.016300
vt 0.320967 0.499695
vt 0.242238 0.673984
vt 0.142687 0.564850
vt 0.543218 0.480597
vt 0.654480 0.663904
vt 0.651690 0.523626
vt 0.809399 0.589510
vt 0.375000 0.930496
vt 0.603518 0.001237
vt 0.583364 0.169025
vt 0.384386 0.054537
vt 0.382289 0.419599
s 0
g Cube.008_Material
usemtl Material
f 266/535/417 267/536/417 265/537/417
f 266/535/418 271/538/418 267/536/418
f 268/539/419 269/540/419 267/541/419
f 270/542/420 264/543/420 269/544/420
f 272/545/421 265/537/421 270/542/421
f 272/545/422 271/546/422 265/537/422
f 268/539/423 272/545/423 269/540/423
f 272/547/424 268/548/424 271/546/424
f 271/546/425 266/535/425 265/537/425
f 264/549/426 265/537/426 267/536/426
f 271/550/427 268/551/427 267/541/427
f 264/552/428 267/541/428 269/540/428
f 264/543/429 270/542/429 265/537/429
f 270/553/430 269/540/430 272/545/430
o Cube.009
v 12.586142 1.702155 -9.029965
v 12.617015 1.604643 -8.883256
v 12.460033 1.849149 -9.043846
v 12.583502 1.981582 -9.008486
v 12.663327 1.722028 -8.658525
v 12.487700 1.623294 -8.675749
v 12.754659 1.856457 -8.872669
v 12.371475 1.680881 -8.940640
v 12.386809 1.602768 -8.799001
v 12.303576 1.859261 -8.780538
v 12.434623 1.997605 -8.865072
v 12.323905 1.846758 -8.983514
v 12.601054 1.891644 -8.633330
v 12.717552 1.972542 -8.826401
v 12.456267 1.870573 -8.629562
v 12.459085 2.042912 -8.712248
vn 0.0527 -0.9911 0.1219
vn -0.1825 -0.8361 -0.5173
vn -0.9505 -0.3038 -0.0646
vn -0.7554 0.6450 -0.1154
vn -0.0395 0.4328 0.9006
vn 0.0906 0.9957 -0.0172
vn 0.8888 0.1064 0.4458
vn -0.7197 -0.2793 0.6356
vn -0.6781 -0.2173 0.7021
vn 0.0448 -0.1307 0.9904
vn 0.4340 -0.8322 0.3452
vn 0.8740 -0.4807 0.0710
vn -0.4087 0.6727 -0.6167
vn 0.7332 0.4408 -0.5179
vn 0.6488 0.0644 -0.7582
vn 0.1973 0.0770 -0.9773
vn 0.7942 -0.4155 -0.4433
vn -0.3271 -0.3630 -0.8725
vn -0.1092 -0.8754 -0.4709
vn -0.3774 -0.3317 -0.8646
vn -0.9529 -0.2933 -0.0774
vn 0.4386 0.7034 0.5594
vn 0.1248 0.9456 -0.3003
vn 0.7965 0.2081 0.5678
vn -0.6765 0.3275 0.6596
vn 0.0064 -0.1828 0.9831
vn -0.7467 0.6607 -0.0763
vt 0.875000 0.649805
vt 0.849233 0.683396
vt 0.832712 0.540342
vt 0.580473 0.024703
vt 0.534759 0.188184
vt 0.498710 0.020990
vt 0.437420 0.135101
vt 0.411456 0.342495
vt 0.213804 0.511922
vt 0.337875 0.601179
vt 0.185175 0.619999
vt 0.611440 0.548317
vt 0.438499 0.522151
vt 0.536413 0.434917
vt 0.517900 0.691047
vt 0.378975 0.759339
vt 0.724211 0.603714
vt 0.568883 0.768659
vt 0.609419 0.213408
vt 0.625000 0.382072
vt 0.588498 0.519208
vt 0.209844 0.718096
vt 0.479559 0.953620
vt 0.390901 0.953078
vt 0.565332 0.774863
vt 0.583031 0.973602
vt 0.389658 0.010551
vt 0.376620 0.114133
vt 0.125000 0.581137
vt 0.375000 0.421875
s 0
g Cube.009_Material
usemtl Material
f 281/554/431 274/555/431 278/556/431
f 274/557/432 281/558/432 273/559/432
f 280/560/433 281/558/433 282/561/433
f 282/562/434 283/563/434 284/564/434
f 285/565/435 288/566/435 287/567/435
f 286/568/436 276/569/436 283/563/436
f 277/570/437 279/571/437 286/568/437
f 278/572/438 282/561/438 281/558/438
f 278/572/439 287/567/439 282/561/439
f 287/567/440 277/573/440 285/574/440
f 277/570/441 278/556/441 274/555/441
f 277/570/442 274/555/442 279/571/442
f 275/575/443 284/564/443 283/563/443 276/569/443
f 276/569/444 286/568/444 279/571/444
f 279/571/445 273/576/445 276/569/445
f 273/576/446 275/577/446 276/569/446
f 279/578/447 274/579/447 273/576/447
f 273/559/448 280/560/448 275/580/448
f 280/560/449 273/559/449 281/558/449
f 275/580/450 280/560/450 284/581/450
f 282/562/451 284/564/451 280/582/451
f 288/566/452 285/565/452 286/568/452
f 288/566/453 286/568/453 283/563/453
f 285/565/454 277/570/454 286/568/454
f 282/561/455 287/567/455 288/566/455
f 278/572/456 277/573/456 287/567/456
f 283/583/457 282/561/457 288/566/457
o Cube.010
v 11.690873 1.766304 -7.979614
v 11.830025 1.760442 -7.892387
v 11.903858 1.879044 -7.747429
v 11.630506 1.908336 -7.911741
v 11.584187 1.644439 -7.912694
v 11.813376 1.754234 -7.667363
v 11.858440 2.017869 -7.838446
v 11.645872 1.917755 -7.691357
v 11.508653 1.781427 -7.891303
vn -0.5613 -0.4208 0.7127
vn -0.5514 -0.4630 0.6940
vn -0.0113 0.5457 0.8379
vn 0.3420 0.4697 0.8139
vn 0.8224 -0.5672 0.0452
vn 0.4649 0.5348 -0.7056
vn -0.4407 -0.1038 -0.8916
vn -0.4058 0.2479 -0.8797
vn 0.4263 -0.9046 0.0066
vn 0.2236 0.1762 -0.9586
vn 0.8924 -0.0039 -0.4513
vn -0.7195 0.6942 0.0205
vn -0.4309 0.9024 -0.0085
vn 0.3712 -0.6751 -0.6376
vt 0.856741 0.527884
vt 0.792799 0.664448
vt 0.661337 0.518959
vt 0.570885 0.667835
vt 0.614877 0.834550
vt 0.495616 0.943630
vt 0.319826 0.718976
vt 0.602263 0.105449
vt 0.455701 0.107225
vt 0.553174 0.006579
vt 0.371255 0.573451
vt 0.135465 0.689951
vt 0.165587 0.530358
vt 0.553103 0.308270
vt 0.565029 0.471740
vt 0.392929 0.256090
vt 0.405598 0.560759
vt 0.171875 0.750000
s 0
g Cube.010_Material
usemtl Material
f 293/584/458 294/585/458 297/586/458
f 297/586/459 294/585/459 296/587/459
f 294/588/460 291/589/460 295/590/460
f 296/587/461 294/588/461 295/590/461
f 294/591/462 290/592/462 291/593/462
f 292/594/463 290/595/463 289/596/463
f 293/597/464 297/598/464 289/599/464
f 297/598/465 292/600/465 289/599/465
f 290/592/466 294/591/466 293/597/466
f 292/594/467 295/590/467 290/595/467
f 290/595/468 295/590/468 291/601/468
f 297/586/469 296/587/469 292/600/469
f 296/587/470 295/590/470 292/600/470
f 289/599/471 290/592/471 293/597/471
o Cube.011
v 10.016012 1.969713 -8.401268
v 10.269182 1.735071 -8.114904
v 10.035830 1.883864 -8.036001
v 10.205787 2.008657 -8.227180
v 10.254299 1.854841 -8.389424
v 10.038363 1.714310 -8.398270
v 9.871452 1.853294 -8.231500
v 10.163894 1.604849 -8.325171
v 10.034894 1.670668 -8.150253
vn -0.0031 -0.4723 0.8814
vn 0.5211 0.4246 0.7404
vn -0.4105 0.8765 0.2515
vn 0.3784 0.7256 -0.5748
vn 0.2485 -0.3245 -0.9127
vn 0.0459 -0.0077 -0.9989
vn -0.7344 -0.0722 -0.6749
vn -0.7088 -0.6930 -0.1319
vn -0.6937 -0.3378 0.6361
vn 0.1715 -0.8737 0.4552
vn -0.6002 -0.7863 -0.1468
vn -0.4143 0.8856 0.2098
vn 0.9675 0.2469 0.0553
vn 0.8995 -0.3805 -0.2148
vt 0.534218 0.539052
vt 0.807613 0.537738
vt 0.651467 0.712344
vt 0.812212 0.722590
vt 0.440472 0.699464
vt 0.505279 0.954605
vt 0.394685 0.910428
vt 0.529494 0.041599
vt 0.440272 0.169217
vt 0.407900 0.015209
vt 0.224689 0.500632
vt 0.298939 0.554231
vt 0.143822 0.628706
vt 0.350796 0.501919
vt 0.236030 0.724989
vt 0.358556 0.714558
vt 0.602122 0.296489
vt 0.527241 0.521298
vt 0.452229 0.375318
s 0
g Cube.011_Material
usemtl Material
f 306/602/472 299/603/472 300/604/472
f 300/604/473 299/603/473 301/605/473
f 304/606/474 301/607/474 298/608/474
f 301/609/475 302/610/475 298/611/475
f 305/612/476 303/613/476 302/614/476
f 302/614/477 303/615/477 298/616/477
f 303/615/478 304/617/478 298/616/478
f 303/615/479 306/602/479 304/606/479
f 306/602/480 300/604/480 304/606/480
f 299/618/481 306/619/481 305/620/481
f 305/620/482 306/602/482 303/615/482
f 300/604/483 301/607/483 304/606/483
f 301/609/484 299/618/484 302/610/484
f 299/618/485 305/620/485 302/610/485
o Cube.006
v 12.401364 1.764011 -9.253448
v 12.513341 1.857186 -9.180102
v 12.560151 1.840390 -9.356140
v 12.405223 1.862221 -9.231787
v 12.502034 1.895890 -9.287306
v 12.437407 1.867686 -9.370121
v 12.458275 1.738000 -9.305994
v 12.518553 1.772613 -9.177752
v 12.596766 1.799916 -9.283832
vn -0.9710 0.0872 -0.2225
vn -0.3509 0.9353 -0.0447
vn 0.0037 -0.4428 -0.8966
vn -0.5420 -0.0101 0.8403
vn -0.4311 -0.1782 0.8845
vn 0.3995 -0.9148 0.0591
vn -0.1360 -0.9385 0.3172
vn 0.7950 0.0658 0.6031
vn 0.6972 0.6946 0.1772
vn 0.7107 0.7027 0.0335
vn 0.2422 0.8450 -0.4768
vn -0.7138 -0.3994 -0.5754
vn 0.4056 -0.6946 -0.5942
vn -0.1233 0.9292 0.3485
vt 0.423616 0.817668
vt 0.438163 0.985880
vt 0.399025 0.926987
vt 0.584080 0.909473
vt 0.477709 0.045024
vt 0.607265 0.122218
vt 0.441545 0.286085
vt 0.565477 0.549583
vt 0.592013 0.712367
vt 0.289400 0.584684
vt 0.400831 0.754486
vt 0.615924 0.357557
vt 0.551199 0.540629
vt 0.429879 0.509305
vt 0.769145 0.562221
vt 0.604783 0.677624
vt 0.780055 0.741830
vt 0.860509 0.631959
vt 0.567506 0.015179
vt 0.377433 0.096481
s 0
g Cube.006_Material
usemtl Material
f 310/621/486 312/622/486 307/623/486
f 311/624/487 312/622/487 310/621/487
f 312/625/488 309/626/488 313/627/488
f 314/628/489 308/629/489 307/630/489
f 308/629/490 310/631/490 307/630/490
f 313/627/491 315/632/491 314/633/491
f 314/633/492 307/634/492 313/627/492
f 314/628/493 315/635/493 308/636/493
f 308/636/494 315/635/494 311/637/494
f 315/635/495 309/638/495 311/637/495
f 311/639/496 309/626/496 312/625/496
f 307/640/497 312/625/497 313/627/497
f 313/627/498 309/626/498 315/632/498
f 308/629/499 311/624/499 310/621/499
o Cube.007
v 11.579236 1.893746 -7.833928
v 11.552289 1.720698 -7.856773
v 11.702121 1.872239 -7.866595
v 11.760064 1.789739 -7.773821
v 11.654979 1.880514 -7.707921
v 11.517182 1.824231 -7.741815
v 11.670601 1.689526 -7.807867
v 11.628364 1.773962 -7.913008
v 11.562044 1.730822 -7.714861
vn -0.9077 -0.4095 0.0916
vn -0.6687 0.1987 -0.7165
vn -0.2876 -0.9537 0.0878
vn -0.1379 0.5057 -0.8516
vn 0.1724 0.9850 -0.0002
vn 0.7197 -0.2309 -0.6548
vn 0.3865 -0.5868 0.7116
vn -0.8753 0.1947 -0.4427
vn -0.4263 0.8366 0.3441
vn -0.2883 0.1351 0.9480
vn 0.7038 0.6890 0.1732
vn 0.6859 -0.4075 -0.6028
vn 0.0629 -0.7657 -0.6402
vn 0.3451 -0.2561 0.9030
vt 0.862532 0.586626
vt 0.666025 0.612825
vt 0.793538 0.524739
vt 0.799625 0.742317
vt 0.596159 0.725728
vt 0.676667 0.500000
vt 0.533198 0.702151
vt 0.502729 0.907748
vt 0.315429 0.689365
vt 0.215046 0.717794
vt 0.139986 0.551629
vt 0.365533 0.517965
vt 0.592775 0.342442
vt 0.523296 0.508923
vt 0.395346 0.376049
vt 0.510142 0.020803
vt 0.592582 0.143625
vt 0.414253 0.208459
s 0
g Cube.007_Material
usemtl Material
f 321/641/500 317/642/500 324/643/500
f 317/642/501 316/644/501 323/645/501
f 324/643/502 317/642/502 322/646/502
f 323/647/503 316/648/503 318/649/503
f 318/649/504 316/650/504 320/651/504
f 319/652/505 323/647/505 318/649/505
f 324/653/506 322/654/506 319/655/506
f 321/641/507 316/644/507 317/642/507
f 316/656/508 321/657/508 320/658/508
f 320/658/509 321/657/509 324/653/509
f 320/651/510 319/652/510 318/649/510
f 319/652/511 322/654/511 323/647/511
f 322/654/512 317/642/512 323/647/512
f 320/658/513 324/653/513 319/655/513
o Cube.008
v 9.913867 1.863760 -9.227733
v 9.799225 1.892265 -9.350961
v 9.699289 1.819903 -9.435377
v 9.740875 1.707841 -9.308257
v 9.805456 1.641629 -9.505522
v 9.929496 1.668384 -9.355943
v 9.980231 1.849408 -9.339331
v 9.710099 1.792425 -9.547287
v 9.873352 1.797529 -9.518223
vn -0.7407 0.3650 0.5640
vn -0.9360 -0.3519 -0.0040
vn -0.1291 -0.9521 0.2773
vn 0.8105 -0.2746 0.5173
vn 0.2355 0.8867 -0.3979
vn 0.0567 0.8793 -0.4729
vn 0.7465 -0.3702 -0.5529
vn 0.1779 -0.1566 -0.9715
vn -0.4169 0.8726 -0.2545
vn -0.6402 0.3597 0.6788
vn -0.8308 -0.5496 -0.0875
vn 0.0982 -0.5405 0.8356
vn 0.2297 0.9732 0.0114
vn 0.8655 -0.2005 -0.4590
vt 0.551771 0.821043
vt 0.490236 0.981936
vt 0.443965 0.755163
vt 0.609545 0.740303
vt 0.579499 0.265268
vt 0.447677 0.232718
vt 0.490446 0.016300
vt 0.320967 0.499695
vt 0.242238 0.673984
vt 0.142687 0.564850
vt 0.543218 0.480597
vt 0.654480 0.663904
vt 0.651690 0.523626
vt 0.809399 0.589510
vt 0.375000 0.930496
vt 0.603518 0.001237
vt 0.583364 0.169025
vt 0.384386 0.054537
vt 0.382289 0.419599
s 0
g Cube.008_Material
usemtl Material
f 327/659/514 328/660/514 326/661/514
f 327/659/515 332/662/515 328/660/515
f 329/663/516 330/664/516 328/665/516
f 331/666/517 325/667/517 330/668/517
f 333/669/518 326/661/518 331/666/518
f 333/669/519 332/670/519 326/661/519
f 329/663/520 333/669/520 330/664/520
f 333/671/521 329/672/521 332/670/521
f 332/670/522 327/659/522 326/661/522
f 325/673/523 326/661/523 328/660/523
f 332/674/524 329/675/524 328/665/524
f 325/676/525 328/665/525 330/664/525
f 325/667/526 331/666/526 326/661/526
f 331/677/527 330/664/527 333/669/527
o Cube.009
v 11.738926 1.806177 -10.463609
v 11.659434 1.898566 -10.354376
v 11.906317 1.748523 -10.448388
v 11.865750 1.598954 -10.381414
v 11.659051 1.837076 -10.126670
v 11.754818 1.988689 -10.172342
v 11.663463 1.646061 -10.281647
v 11.892688 1.939817 -10.399181
v 11.834655 2.023385 -10.290755
v 12.015176 1.869741 -10.220123
v 11.980225 1.685983 -10.257627
v 12.008566 1.825610 -10.401751
v 11.783186 1.741610 -10.068795
v 11.741888 1.584560 -10.216084
v 11.888069 1.824519 -10.076873
v 11.969926 1.673702 -10.110920
vn -0.5452 0.8290 -0.1247
vn -0.2129 0.6641 -0.7167
vn 0.6780 0.7113 -0.1854
vn 0.9820 -0.1888 0.0101
vn 0.1746 -0.1257 0.9766
vn 0.4150 -0.8791 0.2343
vn -0.7531 -0.4249 0.5023
vn 0.4331 0.7433 0.5098
vn 0.4223 0.6868 0.5916
vn -0.1841 0.3233 0.9282
vn -0.8149 0.5599 0.1498
vn -0.9998 -0.0178 -0.0065
vn 0.7365 -0.5045 -0.4507
vn -0.3746 -0.8564 -0.3552
vn -0.4679 -0.5582 -0.6852
vn -0.0531 -0.3961 -0.9167
vn -0.8566 -0.1554 -0.4920
vn 0.1749 0.2570 -0.9505
vn -0.2995 0.6714 -0.6778
vn 0.2333 0.2578 -0.9376
vn 0.6862 0.7007 -0.1952
vn -0.0777 -0.6711 0.7373
vn 0.3836 -0.9221 -0.0503
vn -0.6329 -0.4345 0.6408
vn 0.6936 0.2217 0.6854
vn -0.1760 0.3842 0.9063
vn 0.9790 -0.1969 0.0522
vt 0.875000 0.649805
vt 0.849233 0.683396
vt 0.832712 0.540342
vt 0.580473 0.024703
vt 0.534759 0.188184
vt 0.498710 0.020990
vt 0.437420 0.135101
vt 0.411456 0.342495
vt 0.213804 0.511922
vt 0.337875 0.601179
vt 0.185175 0.619999
vt 0.611440 0.548317
vt 0.438499 0.522151
vt 0.536413 0.434917
vt 0.517900 0.691047
vt 0.378975 0.759339
vt 0.724211 0.603714
vt 0.568883 0.768659
vt 0.609419 0.213408
vt 0.625000 0.382072
vt 0.588498 0.519208
vt 0.209844 0.718096
vt 0.479559 0.953620
vt 0.390901 0.953078
vt 0.565332 0.774863
vt 0.583031 0.973602
vt 0.389658 0.010551
vt 0.376620 0.114133
vt 0.125000 0.581137
vt 0.375000 0.421875
s 0
g Cube.009_Material
usemtl Material
f 342/678/528 335/679/528 339/680/528
f 335/681/529 342/682/529 334/683/529
f 341/684/530 342/682/530 343/685/530
f 343/686/531 344/687/531 345/688/531
f 346/689/532 349/690/532 348/691/532
f 347/692/533 337/693/533 344/687/533
f 338/694/534 340/695/534 347/692/534
f 339/696/535 343/685/535 342/682/535
f 339/696/536 348/691/536 343/685/536
f 348/691/537 338/697/537 346/698/537
f 338/694/538 339/680/538 335/679/538
f 338/694/539 335/679/539 340/695/539
f 336/699/540 345/688/540 344/687/540 337/693/540
f 337/693/541 347/692/541 340/695/541
f 340/695/542 334/700/542 337/693/542
f 334/700/543 336/701/543 337/693/543
f 340/702/544 335/703/544 334/700/544
f 334/683/545 341/684/545 336/704/545
f 341/684/546 334/683/546 342/682/546
f 336/704/547 341/684/547 345/705/547
f 343/686/548 345/688/548 341/706/548
f 349/690/549 346/689/549 347/692/549
f 349/690/550 347/692/550 344/687/550
f 346/689/551 338/694/551 347/692/551
f 343/685/552 348/691/552 349/690/552
f 339/696/553 338/697/553 348/691/553
f 344/707/554 343/685/554 349/690/554
o Cube.010
v 12.635506 1.702049 -8.919919
v 12.503955 1.639425 -8.863311
v 12.361403 1.712604 -8.758472
v 12.615503 1.848380 -8.857456
v 12.609873 1.728804 -9.082434
v 12.317681 1.731910 -8.916631
v 12.470911 1.787202 -8.662353
v 12.421715 1.926770 -8.880569
v 12.635285 1.864770 -9.023952
vn -0.4438 0.4228 -0.7901
vn -0.4356 0.3833 -0.8145
vn -0.6937 0.6664 0.2731
vn -0.8303 0.3654 0.4209
vn -0.4480 -0.8939 0.0147
vn 0.4901 -0.2847 0.8239
vn 0.9790 -0.1089 -0.1723
vn 0.9887 0.0816 0.1255
vn -0.2785 -0.8347 -0.4751
vn 0.7843 -0.4312 0.4460
vn 0.0251 -0.8034 0.5949
vn 0.3579 0.9242 0.1335
vn 0.2819 0.8358 0.4710
vn 0.3472 -0.9150 -0.2054
vt 0.856741 0.527884
vt 0.792799 0.664448
vt 0.661337 0.518959
vt 0.570885 0.667835
vt 0.614877 0.834550
vt 0.495616 0.943630
vt 0.319826 0.718976
vt 0.602263 0.105449
vt 0.455701 0.107225
vt 0.553174 0.006579
vt 0.371255 0.573451
vt 0.135465 0.689951
vt 0.165587 0.530358
vt 0.553103 0.308270
vt 0.565029 0.471740
vt 0.392929 0.256090
vt 0.405598 0.560759
vt 0.171875 0.750000
s 0
g Cube.010_Material
usemtl Material
f 354/708/555 355/709/555 358/710/555
f 358/710/556 355/709/556 357/711/556
f 355/712/557 352/713/557 356/714/557
f 357/711/558 355/712/558 356/714/558
f 355/715/559 351/716/559 352/717/559
f 353/718/560 351/719/560 350/720/560
f 354/721/561 358/722/561 350/723/561
f 358/722/562 353/724/562 350/723/562
f 351/716/563 355/715/563 354/721/563
f 353/718/564 356/714/564 351/719/564
f 351/719/565 356/714/565 352/725/565
f 358/710/566 357/711/566 353/724/566
f 357/711/567 356/714/567 353/724/567
f 350/723/568 351/716/568 354/721/568
o Cube.011
v 9.875188 1.829320 -8.415890
v 10.180502 1.784797 -8.142330
v 10.042456 1.582200 -8.241842
v 9.905332 1.796494 -8.180612
v 10.006245 1.962975 -8.260232
v 10.102899 1.873909 -8.457462
v 10.002605 1.643174 -8.466853
v 10.231342 1.901702 -8.354049
v 10.201668 1.695114 -8.348411
vn 0.6861 -0.6386 0.3484
vn -0.1436 -0.3558 0.9235
vn -0.8216 -0.5695 0.0258
vn -0.7998 0.5720 0.1823
vn 0.0975 0.9241 -0.3695
vn -0.2534 0.8290 -0.4985
vn -0.2022 0.1274 -0.9710
vn 0.5391 -0.2010 -0.8179
vn 0.4064 -0.8612 -0.3053
vn 0.9777 -0.1361 0.1596
vn 0.6378 -0.1124 -0.7620
vn -0.8419 -0.5396 0.0029
vn -0.1010 0.4784 0.8723
vn 0.4181 0.7490 0.5140
vt 0.534218 0.539052
vt 0.807613 0.537738
vt 0.651467 0.712344
vt 0.812212 0.722590
vt 0.440472 0.699464
vt 0.505279 0.954605
vt 0.394685 0.910428
vt 0.529494 0.041599
vt 0.440272 0.169217
vt 0.407900 0.015209
vt 0.224689 0.500632
vt 0.298939 0.554231
vt 0.143822 0.628706
vt 0.350796 0.501919
vt 0.236030 0.724989
vt 0.358556 0.714558
vt 0.602122 0.296489
vt 0.527241 0.521298
vt 0.452229 0.375318
s 0
g Cube.011_Material
usemtl Material
f 367/726/569 360/727/569 361/728/569
f 361/728/570 360/727/570 362/729/570
f 365/730/571 362/731/571 359/732/571
f 362/733/572 363/734/572 359/735/572
f 366/736/573 364/737/573 363/738/573
f 363/738/574 364/739/574 359/740/574
f 364/739/575 365/741/575 359/740/575
f 364/739/576 367/726/576 365/730/576
f 367/726/577 361/728/577 365/730/577
f 360/742/578 367/743/578 366/744/578
f 366/744/579 367/726/579 364/739/579
f 361/728/580 362/731/580 365/730/580
f 362/733/581 360/742/581 363/734/581
f 360/742/582 366/744/582 363/734/582
o Cube.006
v 12.148951 1.880444 -8.076824
v 12.301995 1.747987 -8.165979
v 12.079395 1.646301 -8.206539
v 12.214052 1.881303 -8.196777
v 12.175987 1.739948 -8.256430
v 12.045054 1.807786 -8.253216
v 12.083985 1.792377 -8.059468
v 12.274796 1.740463 -8.054547
v 12.165316 1.612757 -8.125388
vn -0.3417 0.9227 -0.1788
vn 0.1574 0.3477 -0.9243
vn -0.9711 -0.1536 0.1829
vn 0.7082 0.6714 0.2182
vn 0.7219 0.5676 0.3958
vn -0.1304 -0.3931 0.9102
vn 0.0228 0.1771 0.9839
vn 0.7165 -0.6856 0.1286
vn 0.4689 -0.6526 -0.5952
vn 0.3368 -0.6892 -0.6415
vn -0.1828 -0.3087 -0.9334
vn -0.7685 0.6069 0.2027
vn -0.6890 -0.5033 0.5214
vn 0.5649 0.1870 -0.8037
vt 0.423616 0.817668
vt 0.438163 0.985880
vt 0.399025 0.926987
vt 0.584080 0.909473
vt 0.477709 0.045024
vt 0.607265 0.122218
vt 0.441545 0.286085
vt 0.565477 0.549583
vt 0.592013 0.712367
vt 0.289400 0.584684
vt 0.400831 0.754486
vt 0.615924 0.357557
vt 0.551199 0.540629
vt 0.429879 0.509305
vt 0.769145 0.562221
vt 0.604783 0.677624
vt 0.780055 0.741830
vt 0.860509 0.631959
vt 0.567506 0.015179
vt 0.377433 0.096481
s 0
g Cube.006_Material
usemtl Material
f 371/745/583 373/746/583 368/747/583
f 372/748/584 373/746/584 371/745/584
f 373/749/585 370/750/585 374/751/585
f 375/752/586 369/753/586 368/754/586
f 369/753/587 371/755/587 368/754/587
f 374/751/588 376/756/588 375/757/588
f 375/757/589 368/758/589 374/751/589
f 375/752/590 376/759/590 369/760/590
f 369/760/591 376/759/591 372/761/591
f 376/759/592 370/762/592 372/761/592
f 372/763/593 370/750/593 373/749/593
f 368/764/594 373/749/594 374/751/594
f 374/751/595 370/750/595 376/756/595
f 369/753/596 372/748/596 371/745/596
o Cube.007
v 9.983468 1.670643 -9.903234
v 9.941717 1.821449 -9.854448
v 9.998080 1.643857 -9.787511
v 10.091967 1.714768 -9.739309
v 10.117126 1.683909 -9.876287
v 10.034730 1.767884 -9.955218
v 10.023563 1.820937 -9.763600
v 9.924899 1.740951 -9.796237
v 10.066993 1.838733 -9.893467
vn -0.2985 0.7007 -0.6480
vn -0.9011 -0.1142 -0.4182
vn -0.1052 0.9894 0.1004
vn -0.7963 -0.6037 -0.0392
vn 0.1437 -0.9600 -0.2404
vn -0.3420 -0.1748 0.9233
vn 0.7572 0.5635 0.3304
vn -0.7296 0.0192 -0.6836
vn 0.2173 -0.5468 -0.8086
vn 0.7705 0.1817 -0.6110
vn 0.4850 -0.8298 0.2760
vn -0.3211 0.0098 0.9470
vn -0.6242 0.5392 0.5654
vn 0.9430 0.3167 0.1019
vt 0.862532 0.586626
vt 0.666025 0.612825
vt 0.793538 0.524739
vt 0.799625 0.742317
vt 0.596159 0.725728
vt 0.676667 0.500000
vt 0.533198 0.702151
vt 0.502729 0.907748
vt 0.315429 0.689365
vt 0.215046 0.717794
vt 0.139986 0.551629
vt 0.365533 0.517965
vt 0.592775 0.342442
vt 0.523296 0.508923
vt 0.395346 0.376049
vt 0.510142 0.020803
vt 0.592582 0.143625
vt 0.414253 0.208459
s 0
g Cube.007_Material
usemtl Material
f 382/765/597 378/766/597 385/767/597
f 378/766/598 377/768/598 384/769/598
f 385/767/599 378/766/599 383/770/599
f 384/771/600 377/772/600 379/773/600
f 379/773/601 377/774/601 381/775/601
f 380/776/602 384/771/602 379/773/602
f 385/777/603 383/778/603 380/779/603
f 382/765/604 377/768/604 378/766/604
f 377/780/605 382/781/605 381/782/605
f 381/782/606 382/781/606 385/777/606
f 381/775/607 380/776/607 379/773/607
f 380/776/608 383/778/608 384/771/608
f 383/778/609 378/766/609 384/771/609
f 381/782/610 385/777/610 380/779/610
o Cube.008
v 12.258615 1.806348 -9.701885
v 12.241558 1.711160 -9.784818
v 12.296732 1.653135 -9.862511
v 12.388793 1.717406 -9.796548
v 12.374484 1.766558 -9.950872
v 12.357882 1.856626 -9.836677
v 12.227611 1.849543 -9.783597
v 12.288305 1.660417 -9.948165
v 12.250435 1.775796 -9.924043
vn 0.0831 -0.7692 0.6335
vn 0.6274 -0.7683 -0.1270
vn 0.9774 0.2102 -0.0237
vn 0.1249 0.8960 0.4262
vn -0.9891 -0.0987 -0.1089
vn -0.9444 -0.2711 -0.1861
vn -0.0771 0.7773 -0.6243
vn -0.1996 0.1373 -0.9702
vn -0.7170 -0.6969 0.0113
vn 0.0873 -0.6632 0.7433
vn 0.7455 -0.6120 -0.2640
vn 0.6935 0.3375 0.6366
vn -0.9465 -0.0981 0.3073
vn -0.2420 0.8423 -0.4816
vt 0.551771 0.821043
vt 0.490236 0.981936
vt 0.443965 0.755163
vt 0.609545 0.740303
vt 0.579499 0.265268
vt 0.447677 0.232718
vt 0.490446 0.016300
vt 0.320967 0.499695
vt 0.242238 0.673984
vt 0.142687 0.564850
vt 0.543218 0.480597
vt 0.654480 0.663904
vt 0.651690 0.523626
vt 0.809399 0.589510
vt 0.375000 0.930496
vt 0.603518 0.001237
vt 0.583364 0.169025
vt 0.384386 0.054537
vt 0.382289 0.419599
s 0
g Cube.008_Material
usemtl Material
f 388/783/611 389/784/611 387/785/611
f 388/783/612 393/786/612 389/784/612
f 390/787/613 391/788/613 389/789/613
f 392/790/614 386/791/614 391/792/614
f 394/793/615 387/785/615 392/790/615
f 394/793/616 393/794/616 387/785/616
f 390/787/617 394/793/617 391/788/617
f 394/795/618 390/796/618 393/794/618
f 393/794/619 388/783/619 387/785/619
f 386/797/620 387/785/620 389/784/620
f 393/798/621 390/799/621 389/789/621
f 386/800/622 389/789/622 391/788/622
f 386/791/623 392/790/623 387/785/623
f 392/801/624 391/788/624 394/793/624
o Cube.009
v 11.971694 1.878350 -8.313391
v 11.911772 1.684578 -8.224595
v 12.176810 1.995563 -8.268949
v 12.290104 1.909597 -8.447656
v 12.115026 1.438634 -8.227950
v 12.066343 1.542398 -8.005389
v 12.141429 1.639264 -8.492179
v 12.066867 1.905718 -8.041831
v 12.032275 1.730229 -7.949815
v 12.355046 1.808077 -7.991426
v 12.423223 1.847138 -8.237260
v 12.250923 2.011061 -8.100851
v 12.336524 1.480487 -8.242012
v 12.302706 1.633562 -8.493782
v 12.370331 1.558162 -8.081839
v 12.526009 1.677541 -8.214222
vn -0.8607 -0.2816 0.4242
vn -0.8593 0.4074 0.3092
vn 0.0023 0.4640 0.8858
vn 0.7718 0.5592 0.3029
vn 0.6941 -0.6943 0.1902
vn 0.8547 0.1233 -0.5042
vn -0.0341 -0.7943 -0.6065
vn 0.1825 -0.2484 0.9513
vn 0.2468 -0.3163 0.9160
vn 0.1947 -0.8981 0.3944
vn -0.7636 -0.6328 0.1280
vn -0.6765 -0.5524 -0.4870
vn 0.5244 0.8313 -0.1840
vn -0.0040 0.1646 -0.9863
vn -0.3926 0.3556 -0.8482
vn -0.3134 0.7628 -0.5656
vn -0.7624 -0.0595 -0.6443
vn -0.5090 0.8558 0.0921
vn -0.9019 0.3263 0.2832
vn -0.4629 0.8778 0.1232
vn 0.0082 0.4778 0.8784
vn 0.6754 -0.5864 -0.4472
vn 0.7065 0.3441 -0.6184
vn 0.1253 -0.8402 -0.5276
vn 0.7185 -0.1973 0.6670
vn 0.1577 -0.8813 0.4454
vn 0.7959 0.5236 0.3039
vt 0.875000 0.649805
vt 0.849233 0.683396
vt 0.832712 0.540342
vt 0.580473 0.024703
vt 0.534759 0.188184
vt 0.498710 0.020990
vt 0.437420 0.135101
vt 0.411456 0.342495
vt 0.213804 0.511922
vt 0.337875 0.601179
vt 0.185175 0.619999
vt 0.611440 0.548317
vt 0.438499 0.522151
vt 0.536413 0.434917
vt 0.517900 0.691047
vt 0.378975 0.759339
vt 0.724211 0.603714
vt 0.568883 0.768659
vt 0.609419 0.213408
vt 0.625000 0.382072
vt 0.588498 0.519208
vt 0.209844 0.718096
vt 0.479559 0.953620
vt 0.390901 0.953078
vt 0.565332 0.774863
vt 0.583031 0.973602
vt 0.389658 0.010551
vt 0.376620 0.114133
vt 0.125000 0.581137
vt 0.375000 0.421875
s 0
g Cube.009_Material
usemtl Material
f 403/802/625 396/803/625 400/804/625
f 396/805/626 403/806/626 395/807/626
f 402/808/627 403/806/627 404/809/627
f 404/810/628 405/811/628 406/812/628
f 407/813/629 410/814/629 409/815/629
f 408/816/630 398/817/630 405/811/630
f 399/818/631 401/819/631 408/816/631
f 400/820/632 404/809/632 403/806/632
f 400/820/633 409/815/633 404/809/633
f 409/815/634 399/821/634 407/822/634
f 399/818/635 400/804/635 396/803/635
f 399/818/636 396/803/636 401/819/636
f 397/823/637 406/812/637 405/811/637 398/817/637
f 398/817/638 408/816/638 401/819/638
f 401/819/639 395/824/639 398/817/639
f 395/824/640 397/825/640 398/817/640
f 401/826/641 396/827/641 395/824/641
f 395/807/642 402/808/642 397/828/642
f 402/808/643 395/807/643 403/806/643
f 397/828/644 402/808/644 406/829/644
f 404/810/645 406/812/645 402/830/645
f 410/814/646 407/813/646 408/816/646
f 410/814/647 408/816/647 405/811/647
f 407/813/648 399/818/648 408/816/648
f 404/809/649 409/815/649 410/814/649
f 400/820/650 399/821/650 409/815/650
f 405/831/651 404/809/651 410/814/651
o Cube.010
v 9.823196 1.772229 -9.344338
v 9.767945 1.731169 -9.448695
v 9.808781 1.737779 -9.596155
v 9.924942 1.825974 -9.400985
v 9.876695 1.665652 -9.284735
v 9.856254 1.623677 -9.549360
v 9.844042 1.862884 -9.580461
v 9.996650 1.730677 -9.519611
v 9.969682 1.737424 -9.309813
vn 0.6220 -0.7794 0.0756
vn 0.5893 -0.8015 0.1015
vn 0.6072 -0.0719 -0.7913
vn 0.2850 -0.1093 -0.9523
vn -0.8507 -0.4590 -0.2562
vn -0.4984 0.8636 -0.0759
vn -0.1038 0.4453 0.8894
vn 0.0071 0.7191 0.6949
vn -0.6802 -0.7141 0.1658
vn -0.5598 0.7249 0.4014
vn -0.9252 0.2913 -0.2432
vn 0.8474 0.5230 0.0921
vn 0.6821 0.7134 -0.1608
vn -0.8502 -0.1435 0.5066
vt 0.856741 0.527884
vt 0.792799 0.664448
vt 0.661337 0.518959
vt 0.570885 0.667835
vt 0.614877 0.834550
vt 0.495616 0.943630
vt 0.319826 0.718976
vt 0.602263 0.105449
vt 0.455701 0.107225
vt 0.553174 0.006579
vt 0.371255 0.573451
vt 0.135465 0.689951
vt 0.165587 0.530358
vt 0.553103 0.308270
vt 0.565029 0.471740
vt 0.392929 0.256090
vt 0.405598 0.560759
vt 0.171875 0.750000
s 0
g Cube.010_Material
usemtl Material
f 415/832/652 416/833/652 419/834/652
f 419/834/653 416/833/653 418/835/653
f 416/836/654 413/837/654 417/838/654
f 418/835/655 416/836/655 417/838/655
f 416/839/656 412/840/656 413/841/656
f 414/842/657 412/843/657 411/844/657
f 415/845/658 419/846/658 411/847/658
f 419/846/659 414/848/659 411/847/659
f 412/840/660 416/839/660 415/845/660
f 414/842/661 417/838/661 412/843/661
f 412/843/662 417/838/662 413/849/662
f 419/834/663 418/835/663 414/848/663
f 418/835/664 417/838/664 414/848/664
f 411/847/665 412/840/665 415/845/665
o Cube.011
v 11.143052 1.891872 -10.429114
v 11.252533 1.580609 -10.382479
v 11.052411 1.643131 -10.340514
v 11.205816 1.778003 -10.285784
v 11.312372 1.792366 -10.417432
v 11.195044 1.771597 -10.567395
v 11.011829 1.768487 -10.478969
v 11.270266 1.659348 -10.565164
v 11.120229 1.612208 -10.504045
vn -0.2857 -0.9563 0.0624
vn 0.0552 -0.4287 0.9018
vn -0.6464 0.4338 0.6277
vn 0.4332 0.7884 0.4367
vn 0.6761 0.4413 -0.5901
vn 0.4708 0.7457 -0.4716
vn -0.3423 0.6414 -0.6866
vn -0.4274 -0.1535 -0.8909
vn -0.8155 -0.5274 -0.2385
vn 0.1320 -0.9149 -0.3815
vn -0.3065 -0.2238 -0.9252
vn -0.6336 0.4719 0.6130
vn 0.7781 -0.1180 0.6169
vn 0.9609 -0.2758 -0.0256
vt 0.534218 0.539052
vt 0.807613 0.537738
vt 0.651467 0.712344
vt 0.812212 0.722590
vt 0.440472 0.699464
vt 0.505279 0.954605
vt 0.394685 0.910428
vt 0.529494 0.041599
vt 0.440272 0.169217
vt 0.407900 0.015209
vt 0.224689 0.500632
vt 0.298939 0.554231
vt 0.143822 0.628706
vt 0.350796 0.501919
vt 0.236030 0.724989
vt 0.358556 0.714558
vt 0.602122 0.296489
vt 0.527241 0.521298
vt 0.452229 0.375318
s 0
g Cube.011_Material
usemtl Material
f 428/850/666 421/851/666 422/852/666
f 422/852/667 421/851/667 423/853/667
f 426/854/668 423/855/668 420/856/668
f 423/857/669 424/858/669 420/859/669
f 427/860/670 425/861/670 424/862/670
f 424/862/671 425/863/671 420/864/671
f 425/863/672 426/865/672 420/864/672
f 425/863/673 428/850/673 426/854/673
f 428/850/674 422/852/674 426/854/674
f 421/866/675 428/867/675 427/868/675
f 427/868/676 428/850/676 425/863/676
f 422/852/677 423/855/677 426/854/677
f 423/857/678 421/866/678 424/858/678
f 421/866/679 427/868/679 424/858/679
o Cube.006
v 12.251533 1.806581 -10.001745
v 12.124907 1.676905 -9.880061
v 12.358495 1.620596 -9.832966
v 12.190992 1.823196 -9.882552
v 12.251266 1.706429 -9.798422
v 12.368420 1.789345 -9.822824
v 12.327907 1.728337 -10.004251
v 12.149740 1.650252 -9.987515
v 12.277820 1.559160 -9.899461
vn 0.1988 0.9794 -0.0355
vn -0.1856 0.5095 0.8402
vn 0.9781 -0.0453 -0.2032
vn -0.8092 0.4986 -0.3107
vn -0.8112 0.3586 -0.4620
vn 0.1664 -0.5544 -0.8155
vn -0.0753 -0.0416 -0.9963
vn -0.6045 -0.7945 0.0574
vn -0.3464 -0.5724 0.7432
vn -0.2092 -0.5786 0.7883
vn 0.2525 -0.0728 0.9648
vn 0.6596 0.6556 -0.3677
vn 0.7451 -0.4965 -0.4453
vn -0.5662 0.2691 0.7791
vt 0.423616 0.817668
vt 0.438163 0.985880
vt 0.399025 0.926987
vt 0.584080 0.909473
vt 0.477709 0.045024
vt 0.607265 0.122218
vt 0.441545 0.286085
vt 0.565477 0.549583
vt 0.592013 0.712367
vt 0.289400 0.584684
vt 0.400831 0.754486
vt 0.615924 0.357557
vt 0.551199 0.540629
vt 0.429879 0.509305
vt 0.769145 0.562221
vt 0.604783 0.677624
vt 0.780055 0.741830
vt 0.860509 0.631959
vt 0.567506 0.015179
vt 0.377433 0.096481
s 0
g Cube.006_Material
usemtl Material
f 432/869/680 434/870/680 429/871/680
f 433/872/681 434/870/681 432/869/681
f 434/873/682 431/874/682 435/875/682
f 436/876/683 430/877/683 429/878/683
f 430/877/684 432/879/684 429/878/684
f 435/875/685 437/880/685 436/881/685
f 436/881/686 429/882/686 435/875/686
f 436/876/687 437/883/687 430/884/687
f 430/884/688 437/883/688 433/885/688
f 437/883/689 431/886/689 433/885/689
f 433/887/690 431/874/690 434/873/690
f 429/888/691 434/873/691 435/875/691
f 435/875/692 431/874/692 437/880/692
f 430/877/693 433/872/693 432/869/693
o Cube.007
v 12.628601 1.757976 -9.117486
v 12.554624 1.588677 -9.046681
v 12.579738 1.821109 -8.997080
v 12.426630 1.811213 -8.992903
v 12.482459 1.825574 -9.155162
v 12.544168 1.673299 -9.202613
v 12.437385 1.656416 -8.987906
v 12.593611 1.676716 -8.972377
v 12.443228 1.631985 -9.152692
vn 0.1186 -0.8694 -0.4797
vn 0.9157 -0.4019 -0.0043
vn -0.4531 -0.8840 0.1150
vn 0.9409 0.1429 0.3069
vn 0.4597 0.8495 -0.2589
vn 0.0159 0.1701 0.9853
vn -0.9972 -0.0701 -0.0250
vn 0.8120 -0.4884 -0.3195
vn 0.4030 0.4171 -0.8146
vn -0.4691 0.0838 -0.8791
vn -0.0625 0.9958 0.0666
vn -0.1021 0.0250 0.9945
vn 0.0083 -0.6471 0.7624
vn -0.9341 0.1854 -0.3050
vt 0.862532 0.586626
vt 0.666025 0.612825
vt 0.793538 0.524739
vt 0.799625 0.742317
vt 0.596159 0.725728
vt 0.676667 0.500000
vt 0.533198 0.702151
vt 0.502729 0.907748
vt 0.315429 0.689365
vt 0.215046 0.717794
vt 0.139986 0.551629
vt 0.365533 0.517965
vt 0.592775 0.342442
vt 0.523296 0.508923
vt 0.395346 0.376049
vt 0.510142 0.020803
vt 0.592582 0.143625
vt 0.414253 0.208459
s 0
g Cube.007_Material
usemtl Material
f 443/889/694 439/890/694 446/891/694
f 439/890/695 438/892/695 445/893/695
f 446/891/696 439/890/696 444/894/696
f 445/895/697 438/896/697 440/897/697
f 440/897/698 438/898/698 442/899/698
f 441/900/699 445/895/699 440/897/699
f 446/901/700 444/902/700 441/903/700
f 443/889/701 438/892/701 439/890/701
f 438/904/702 443/905/702 442/906/702
f 442/906/703 443/905/703 446/901/703
f 442/899/704 441/900/704 440/897/704
f 441/900/705 444/902/705 445/895/705
f 444/902/706 439/890/706 445/895/706
f 442/906/707 446/901/707 441/903/707
o Cube.008
v 10.227888 1.771829 -8.125635
v 10.345476 1.678512 -8.109975
v 10.393218 1.586618 -8.027831
v 10.246743 1.607320 -7.984041
v 10.374337 1.664529 -7.851549
v 10.255733 1.770664 -7.920441
v 10.306476 1.832686 -8.066810
v 10.471333 1.597411 -7.962612
v 10.437741 1.740164 -7.965518
vn -0.2907 -0.7172 -0.6334
vn -0.0655 -0.9688 0.2388
vn -0.6425 -0.2471 0.7254
vn -0.6521 0.7524 0.0928
vn 0.7144 0.3503 -0.6058
vn 0.7942 0.1750 -0.5819
vn 0.2779 0.7219 0.6337
vn 0.7945 0.1986 0.5738
vn 0.6349 -0.3048 -0.7100
vn -0.4050 -0.6227 -0.6695
vn -0.0830 -0.8833 0.4613
vn -0.9909 0.0022 0.1345
vn 0.3824 0.3376 -0.8601
vn 0.2550 0.8554 0.4509
vt 0.551771 0.821043
vt 0.490236 0.981936
vt 0.443965 0.755163
vt 0.609545 0.740303
vt 0.579499 0.265268
vt 0.447677 0.232718
vt 0.490446 0.016300
vt 0.320967 0.499695
vt 0.242238 0.673984
vt 0.142687 0.564850
vt 0.543218 0.480597
vt 0.654480 0.663904
vt 0.651690 0.523626
vt 0.809399 0.589510
vt 0.375000 0.930496
vt 0.603518 0.001237
vt 0.583364 0.169025
vt 0.384386 0.054537
vt 0.382289 0.419599
s 0
g Cube.008_Material
usemtl Material
f 449/907/708 450/908/708 448/909/708
f 449/907/709 454/910/709 450/908/709
f 451/911/710 452/912/710 450/913/710
f 453/914/711 447/915/711 452/916/711
f 455/917/712 448/909/712 453/914/712
f 455/917/713 454/918/713 448/909/713
f 451/911/714 455/917/714 452/912/714
f 455/919/715 451/920/715 454/918/715
f 454/918/716 449/907/716 448/909/716
f 447/921/717 448/909/717 450/908/717
f 454/922/718 451/923/718 450/913/718
f 447/924/719 450/913/719 452/912/719
f 447/915/720 453/914/720 448/909/720
f 453/925/721 452/912/721 455/917/721
o Cube.009
v 11.266314 1.545557 -7.671416
v 11.238163 1.680185 -7.538831
v 11.131632 1.491640 -7.819654
v 11.207241 1.610219 -7.957694
v 11.150274 1.930109 -7.613731
v 11.011545 1.806669 -7.503398
v 11.319659 1.803161 -7.807781
v 11.025537 1.512528 -7.615406
v 10.982249 1.637641 -7.503181
v 10.853407 1.653856 -7.761053
v 10.994700 1.667236 -7.932647
v 10.975288 1.475923 -7.794877
v 11.051885 1.949000 -7.780879
v 11.243027 1.845613 -7.916018
v 10.918668 1.873737 -7.748770
v 10.934061 1.827818 -7.947148
vn 0.1417 -0.0233 0.9896
vn 0.2103 -0.6633 0.7182
vn -0.7517 -0.5651 0.3400
vn -0.7040 -0.3666 -0.6083
vn -0.5202 0.8223 -0.2307
vn -0.0663 0.1837 -0.9807
vn 0.5508 0.8322 -0.0636
vn -0.8801 0.1531 0.4494
vn -0.8843 0.2401 0.4004
vn -0.4017 0.8531 0.3329
vn 0.3457 0.3788 0.8585
vn 0.8028 0.4116 0.4315
vn -0.1728 -0.6247 -0.7615
vn 0.8122 -0.0203 -0.5830
vn 0.9084 -0.3264 -0.2612
vn 0.6149 -0.7324 -0.2923
vn 0.9625 -0.0593 0.2646
vn 0.1768 -0.9656 0.1906
vn 0.2587 -0.5939 0.7618
vn 0.1245 -0.9785 0.1647
vn -0.7494 -0.5756 0.3272
vn 0.0137 0.8034 -0.5953
vn 0.1030 -0.0508 -0.9934
vn 0.3980 0.9079 -0.1317
vn -0.9470 0.2889 -0.1404
vn -0.4238 0.8201 0.3846
vn -0.7171 -0.3264 -0.6159
vt 0.875000 0.649805
vt 0.849233 0.683396
vt 0.832712 0.540342
vt 0.580473 0.024703
vt 0.534759 0.188184
vt 0.498710 0.020990
vt 0.437420 0.135101
vt 0.411456 0.342495
vt 0.213804 0.511922
vt 0.337875 0.601179
vt 0.185175 0.619999
vt 0.611440 0.548317
vt 0.438499 0.522151
vt 0.536413 0.434917
vt 0.517900 0.691047
vt 0.378975 0.759339
vt 0.724211 0.603714
vt 0.568883 0.768659
vt 0.609419 0.213408
vt 0.625000 0.382072
vt 0.588498 0.519208
vt 0.209844 0.718096
vt 0.479559 0.953620
vt 0.390901 0.953078
vt 0.565332 0.774863
vt 0.583031 0.973602
vt 0.389658 0.010551
vt 0.376620 0.114133
vt 0.125000 0.581137
vt 0.375000 0.421875
s 0
g Cube.009_Material
usemtl Material
f 464/926/722 457/927/722 461/928/722
f 457/929/723 464/930/723 456/931/723
f 463/932/724 464/930/724 465/933/724
f 465/934/725 466/935/725 467/936/725
f 468/937/726 471/938/726 470/939/726
f 469/940/727 459/941/727 466/935/727
f 460/942/728 462/943/728 469/940/728
f 461/944/729 465/933/729 464/930/729
f 461/944/730 470/939/730 465/933/730
f 470/939/731 460/945/731 468/946/731
f 460/942/732 461/928/732 457/927/732
f 460/942/733 457/927/733 462/943/733
f 458/947/734 467/936/734 466/935/734 459/941/734
f 459/941/735 469/940/735 462/943/735
f 462/943/736 456/948/736 459/941/736
f 456/948/737 458/949/737 459/941/737
f 462/950/738 457/951/738 456/948/738
f 456/931/739 463/932/739 458/952/739
f 463/932/740 456/931/740 464/930/740
f 458/952/741 463/932/741 467/953/741
f 465/934/742 467/936/742 463/954/742
f 471/938/743 468/937/743 469/940/743
f 471/938/744 469/940/744 466/935/744
f 468/937/745 460/942/745 469/940/745
f 465/933/746 470/939/746 471/938/746
f 461/944/747 460/945/747 470/939/747
f 466/955/748 465/933/748 471/938/748
o Cube.010
v 10.211473 1.694204 -8.199559
v 10.177188 1.726547 -8.308754
v 10.069854 1.679810 -8.395494
v 10.129192 1.605438 -8.184129
v 10.169863 1.783909 -8.120141
v 10.022634 1.775452 -8.328954
v 10.098634 1.561994 -8.367127
v 9.980444 1.645028 -8.227899
v 10.117463 1.688002 -8.086778
vn -0.6962 0.5435 0.4689
vn -0.6658 0.5795 0.4700
vn -0.9261 -0.2856 -0.2467
vn -0.8006 -0.1830 -0.5705
vn 0.2951 0.6396 -0.7098
vn 0.6381 -0.6603 -0.3959
vn 0.7582 -0.1982 0.6211
vn 0.6670 -0.5267 0.5270
vn 0.3222 0.9091 -0.2640
vn 0.9084 -0.4148 -0.0532
vn 0.6362 -0.0302 -0.7709
vn -0.3643 -0.7314 0.5764
vn -0.3209 -0.9081 0.2692
vn 0.8559 0.5030 -0.1197
vt 0.856741 0.527884
vt 0.792799 0.664448
vt 0.661337 0.518959
vt 0.570885 0.667835
vt 0.614877 0.834550
vt 0.495616 0.943630
vt 0.319826 0.718976
vt 0.602263 0.105449
vt 0.455701 0.107225
vt 0.553174 0.006579
vt 0.371255 0.573451
vt 0.135465 0.689951
vt 0.165587 0.530358
vt 0.553103 0.308270
vt 0.565029 0.471740
vt 0.392929 0.256090
vt 0.405598 0.560759
vt 0.171875 0.750000
s 0
g Cube.010_Material
usemtl Material
f 476/956/749 477/957/749 480/958/749
f 480/958/750 477/957/750 479/959/750
f 477/960/751 474/961/751 478/962/751
f 479/959/752 477/960/752 478/962/752
f 477/963/753 473/964/753 474/965/753
f 475/966/754 473/967/754 472/968/754
f 476/969/755 480/970/755 472/971/755
f 480/970/756 475/972/756 472/971/756
f 473/964/757 477/963/757 476/969/757
f 475/966/758 478/962/758 473/967/758
f 473/967/759 478/962/759 474/973/759
f 480/958/760 479/959/760 475/972/760
f 479/959/761 478/962/761 475/972/761
f 472/971/762 473/964/762 476/969/762
o Cube.011
v 10.452681 1.674914 -10.008505
v 10.034944 1.769951 -10.072222
v 10.184992 1.612748 -10.245451
v 10.311142 1.834083 -10.142284
v 10.274529 1.837970 -9.924448
v 10.264879 1.595716 -9.867911
v 10.334311 1.481784 -10.096234
v 10.100327 1.654253 -9.849234
v 10.099822 1.544317 -10.038989
vn -0.8394 -0.3074 -0.4482
vn -0.3228 0.5447 -0.7740
vn 0.6519 -0.0560 -0.7563
vn 0.6979 0.7085 0.1047
vn 0.1857 0.2163 0.9585
vn 0.5436 0.1702 0.8219
vn 0.6244 -0.6064 0.4924
vn -0.1412 -0.9023 0.4073
vn -0.3278 -0.8481 -0.4163
vn -0.9559 -0.2529 0.1491
vn -0.2432 -0.8390 0.4867
vn 0.6836 -0.0502 -0.7281
vn -0.2396 0.9692 -0.0576
vn -0.5107 0.6927 0.5092
vt 0.534218 0.539052
vt 0.807613 0.537738
vt 0.651467 0.712344
vt 0.812212 0.722590
vt 0.440472 0.699464
vt 0.505279 0.954605
vt 0.394685 0.910428
vt 0.529494 0.041599
vt 0.440272 0.169217
vt 0.407900 0.015209
vt 0.224689 0.500632
vt 0.298939 0.554231
vt 0.143822 0.628706
vt 0.350796 0.501919
vt 0.236030 0.724989
vt 0.358556 0.714558
vt 0.602122 0.296489
vt 0.527241 0.521298
vt 0.452229 0.375318
s 0
g Cube.011_Material
usemtl Material
f 489/974/763 482/975/763 483/976/763
f 483/976/764 482/975/764 484/977/764
f 487/978/765 484/979/765 481/980/765
f 484/981/766 485/982/766 481/983/766
f 488/984/767 486/985/767 485/986/767
f 485/986/768 486/987/768 481/988/768
f 486/987/769 487/989/769 481/988/769
f 486/987/770 489/974/770 487/978/770
f 489/974/771 483/976/771 487/978/771
f 482/990/772 489/991/772 488/992/772
f 488/992/773 489/974/773 486/987/773
f 483/976/774 484/979/774 487/978/774
f 484/981/775 482/990/775 485/982/775
f 482/990/776 488/992/776 485/982/776
o Cube.006
v 12.260037 1.722408 -8.466694
v 12.255485 1.781613 -8.275480
v 12.261033 1.557135 -8.278632
v 12.347884 1.758936 -8.387861
v 12.333612 1.664838 -8.280993
v 12.373724 1.586493 -8.381405
v 12.212448 1.637950 -8.440927
v 12.167818 1.771823 -8.330687
v 12.174900 1.624091 -8.257021
vn 0.6502 0.0691 -0.7566
vn 0.9530 0.1526 0.2616
vn -0.1373 -0.9025 -0.4083
vn 0.0782 0.9529 -0.2932
vn -0.1279 0.9466 -0.2961
vn -0.9664 -0.1504 -0.2086
vn -0.7593 0.2437 -0.6034
vn -0.5257 0.3593 0.7711
vn 0.1378 0.0455 0.9894
vn 0.1724 -0.0947 0.9805
vn 0.6659 -0.4355 0.6058
vn 0.2067 -0.3902 -0.8972
vn -0.6317 -0.7527 -0.1857
vn 0.7281 0.4633 0.5052
vt 0.423616 0.817668
vt 0.438163 0.985880
vt 0.399025 0.926987
vt 0.584080 0.909473
vt 0.477709 0.045024
vt 0.607265 0.122218
vt 0.441545 0.286085
vt 0.565477 0.549583
vt 0.592013 0.712367
vt 0.289400 0.584684
vt 0.400831 0.754486
vt 0.615924 0.357557
vt 0.551199 0.540629
vt 0.429879 0.509305
vt 0.769145 0.562221
vt 0.604783 0.677624
vt 0.780055 0.741830
vt 0.860509 0.631959
vt 0.567506 0.015179
vt 0.377433 0.096481
s 0
g Cube.006_Material
usemtl Material
f 493/993/777 495/994/777 490/995/777
f 494/996/778 495/994/778 493/993/778
f 495/997/779 492/998/779 496/999/779
f 497/1000/780 491/1001/780 490/1002/780
f 491/1001/781 493/1003/781 490/1002/781
f 496/999/782 498/1004/782 497/1005/782
f 497/1005/783 490/1006/783 496/999/783
f 497/1000/784 498/1007/784 491/1008/784
f 491/1008/785 498/1007/785 494/1009/785
f 498/1007/786 492/1010/786 494/1009/786
f 494/1011/787 492/998/787 495/997/787
f 490/1012/788 495/997/788 496/999/788
f 496/999/789 492/998/789 498/1004/789
f 491/1001/790 494/996/790 493/993/790
o Cube.007
v 11.429197 1.626290 -7.687677
v 11.383200 1.753338 -7.787076
v 11.540140 1.634596 -7.738898
v 11.531264 1.607313 -7.865816
v 11.434015 1.529845 -7.789314
v 11.324582 1.618392 -7.754603
v 11.453015 1.711856 -7.882286
v 11.480550 1.743047 -7.754691
v 11.331461 1.646397 -7.852119
vn -0.9112 0.4086 0.0531
vn -0.2093 0.5544 0.8055
vn -0.4851 0.6136 -0.6230
vn 0.3748 0.3320 0.8656
vn 0.3517 -0.6707 0.6531
vn 0.8748 0.4574 -0.1595
vn -0.1124 -0.2362 -0.9652
vn -0.5142 0.4052 0.7559
vn -0.3543 -0.6867 0.6348
vn -0.6557 -0.7121 -0.2508
vn 0.6710 -0.7331 0.1107
vn 0.7855 0.5404 -0.3016
vn 0.1901 0.9434 -0.2716
vn -0.1678 -0.5780 -0.7986
vt 0.862532 0.586626
vt 0.666025 0.612825
vt 0.793538 0.524739
vt 0.799625 0.742317
vt 0.596159 0.725728
vt 0.676667 0.500000
vt 0.533198 0.702151
vt 0.502729 0.907748
vt 0.315429 0.689365
vt 0.215046 0.717794
vt 0.139986 0.551629
vt 0.365533 0.517965
vt 0.592775 0.342442
vt 0.523296 0.508923
vt 0.395346 0.376049
vt 0.510142 0.020803
vt 0.592582 0.143625
vt 0.414253 0.208459
s 0
g Cube.007_Material
usemtl Material
f 504/1013/791 500/1014/791 507/1015/791
f 500/1014/792 499/1016/792 506/1017/792
f 507/1015/793 500/1014/793 505/1018/793
f 506/1019/794 499/1020/794 501/1021/794
f 501/1021/795 499/1022/795 503/1023/795
f 502/1024/796 506/1019/796 501/1021/796
f 507/1025/797 505/1026/797 502/1027/797
f 504/1013/798 499/1016/798 500/1014/798
f 499/1028/799 504/1029/799 503/1030/799
f 503/1030/800 504/1029/800 507/1025/800
f 503/1023/801 502/1024/801 501/1021/801
f 502/1024/802 505/1026/802 506/1019/802
f 505/1026/803 500/1014/803 506/1019/803
f 503/1030/804 507/1025/804 502/1027/804
o Cube.008
v 10.487054 1.817637 -10.288171
v 10.520518 1.652368 -10.325524
v 10.583362 1.528805 -10.265023
v 10.561804 1.640208 -10.129782
v 10.773504 1.600685 -10.176789
v 10.694480 1.782713 -10.179063
v 10.606550 1.819071 -10.344616
v 10.687822 1.483095 -10.291685
v 10.728119 1.639091 -10.338739
vn -0.9095 -0.3802 0.1682
vn -0.1832 -0.7729 0.6075
vn 0.2356 0.1144 0.9651
vn 0.0720 0.9815 0.1773
vn -0.0683 -0.0786 -0.9946
vn -0.0783 -0.2693 -0.9599
vn 0.9060 0.3913 -0.1611
vn 0.8868 -0.3275 -0.3262
vn -0.4271 -0.5635 -0.7072
vn -0.9538 -0.2353 0.1866
vn 0.0246 -0.7078 0.7060
vn -0.3115 0.5564 0.7703
vn -0.4253 0.1167 -0.8975
vn 0.7935 0.5260 -0.3060
vt 0.551771 0.821043
vt 0.490236 0.981936
vt 0.443965 0.755163
vt 0.609545 0.740303
vt 0.579499 0.265268
vt 0.447677 0.232718
vt 0.490446 0.016300
vt 0.320967 0.499695
vt 0.242238 0.673984
vt 0.142687 0.564850
vt 0.543218 0.480597
vt 0.654480 0.663904
vt 0.651690 0.523626
vt 0.809399 0.589510
vt 0.375000 0.930496
vt 0.603518 0.001237
vt 0.583364 0.169025
vt 0.384386 0.054537
vt 0.382289 0.419599
s 0
g Cube.008_Material
usemtl Material
f 510/1031/805 511/1032/805 509/1033/805
f 510/1031/806 515/1034/806 511/1032/806
f 512/1035/807 513/1036/807 511/1037/807
f 514/1038/808 508/1039/808 513/1040/808
f 516/1041/809 509/1033/809 514/1038/809
f 516/1041/810 515/1042/810 509/1033/810
f 512/1035/811 516/1041/811 513/1036/811
f 516/1043/812 512/1044/812 515/1042/812
f 515/1042/813 510/1031/813 509/1033/813
f 508/1045/814 509/1033/814 511/1032/814
f 515/1046/815 512/1047/815 511/1037/815
f 508/1048/816 511/1037/816 513/1036/816
f 508/1039/817 514/1038/817 509/1033/817
f 514/1049/818 513/1036/818 516/1041/818
o Cube.009
v 12.567614 1.840241 -9.474107
v 12.429801 1.816390 -9.314360
v 12.604630 1.688464 -9.643616
v 12.464929 1.780577 -9.784918
v 12.140869 1.734722 -9.373300
v 12.279375 1.572452 -9.263228
v 12.273006 1.916181 -9.600173
v 12.594635 1.570651 -9.415597
v 12.464446 1.529554 -9.279331
v 12.413742 1.389301 -9.563456
v 12.391171 1.548061 -9.751968
v 12.614726 1.513840 -9.617908
v 12.097818 1.627819 -9.556676
v 12.210922 1.834476 -9.716021
v 12.175879 1.475151 -9.528561
v 12.208504 1.490736 -9.752615
vn 0.1167 0.1343 0.9840
vn 0.7337 0.1690 0.6582
vn 0.5497 -0.7838 0.2888
vn 0.2728 -0.7195 -0.6386
vn -0.8668 -0.4725 -0.1591
vn -0.2713 -0.0501 -0.9612
vn -0.8026 0.5964 0.0095
vn -0.1623 -0.8730 0.4599
vn -0.2533 -0.8721 0.4186
vn -0.8421 -0.3559 0.4052
vn -0.2833 0.3609 0.8885
vn -0.3274 0.8217 0.4665
vn 0.5459 -0.2025 -0.8130
vn 0.0148 0.8133 -0.5816
vn 0.3525 0.8906 -0.2874
vn 0.7374 0.5752 -0.3540
vn 0.1354 0.9562 0.2596
vn 0.9868 0.1220 0.1063
vn 0.6711 0.2209 0.7077
vn 0.9944 0.0692 0.0793
vn 0.5592 -0.7821 0.2751
vn -0.8499 0.0617 -0.5233
vn -0.0298 0.1060 -0.9939
vn -0.8923 0.4484 -0.0519
vn -0.3522 -0.9287 -0.1159
vn -0.8060 -0.3801 0.4538
vn 0.2315 -0.7303 -0.6427
vt 0.875000 0.649805
vt 0.849233 0.683396
vt 0.832712 0.540342
vt 0.580473 0.024703
vt 0.534759 0.188184
vt 0.498710 0.020990
vt 0.437420 0.135101
vt 0.411456 0.342495
vt 0.213804 0.511922
vt 0.337875 0.601179
vt 0.185175 0.619999
vt 0.611440 0.548317
vt 0.438499 0.522151
vt 0.536413 0.434917
vt 0.517900 0.691047
vt 0.378975 0.759339
vt 0.724211 0.603714
vt 0.568883 0.768659
vt 0.609419 0.213408
vt 0.625000 0.382072
vt 0.588498 0.519208
vt 0.209844 0.718096
vt 0.479559 0.953620
vt 0.390901 0.953078
vt 0.565332 0.774863
vt 0.583031 0.973602
vt 0.389658 0.010551
vt 0.376620 0.114133
vt 0.125000 0.581137
vt 0.375000 0.421875
s 0
g Cube.009_Material
usemtl Material
f 525/1050/819 518/1051/819 522/1052/819
f 518/1053/820 525/1054/820 517/1055/820
f 524/1056/821 525/1054/821 526/1057/821
f 526/1058/822 527/1059/822 528/1060/822
f 529/1061/823 532/1062/823 531/1063/823
f 530/1064/824 520/1065/824 527/1059/824
f 521/1066/825 523/1067/825 530/1064/825
f 522/1068/826 526/1057/826 525/1054/826
f 522/1068/827 531/1063/827 526/1057/827
f 531/1063/828 521/1069/828 529/1070/828
f 521/1066/829 522/1052/829 518/1051/829
f 521/1066/830 518/1051/830 523/1067/830
f 519/1071/831 528/1060/831 527/1059/831 520/1065/831
f 520/1065/832 530/1064/832 523/1067/832
f 523/1067/833 517/1072/833 520/1065/833
f 517/1072/834 519/1073/834 520/1065/834
f 523/1074/835 518/1075/835 517/1072/835
f 517/1055/836 524/1056/836 519/1076/836
f 524/1056/837 517/1055/837 525/1054/837
f 519/1076/838 524/1056/838 528/1077/838
f 526/1058/839 528/1060/839 524/1078/839
f 532/1062/840 529/1061/840 530/1064/840
f 532/1062/841 530/1064/841 527/1059/841
f 529/1061/842 521/1066/842 530/1064/842
f 526/1057/843 531/1063/843 532/1062/843
f 522/1068/844 521/1069/844 531/1063/844
f 527/1079/845 526/1057/845 532/1062/845
o Cube.010
v 11.792441 1.542229 -7.896313
v 11.700730 1.590250 -7.786960
v 11.587908 1.735695 -7.774820
v 11.765263 1.657717 -7.995255
v 11.718983 1.418251 -7.967159
v 11.500668 1.615842 -7.832786
v 11.700219 1.827504 -7.836676
v 11.569411 1.705001 -8.016681
v 11.733621 1.517781 -8.071132
vn -0.7254 -0.4434 -0.5266
vn -0.7172 -0.4830 -0.5023
vn -0.6972 0.6518 -0.2984
vn -0.7257 0.6853 0.0610
vn -0.2477 -0.2698 0.9305
vn 0.7525 0.5216 0.4021
vn 0.8890 -0.3867 -0.2450
vn 0.9487 -0.0448 -0.3129
vn -0.2418 -0.7140 0.6570
vn 0.9465 0.0681 0.3153
vn 0.3476 0.1930 0.9176
vn 0.2004 0.4316 -0.8795
vn 0.2437 0.7102 -0.6604
vn 0.4386 -0.6275 0.6434
vt 0.856741 0.527884
vt 0.792799 0.664448
vt 0.661337 0.518959
vt 0.570885 0.667835
vt 0.614877 0.834550
vt 0.495616 0.943630
vt 0.319826 0.718976
vt 0.602263 0.105449
vt 0.455701 0.107225
vt 0.553174 0.006579
vt 0.371255 0.573451
vt 0.135465 0.689951
vt 0.165587 0.530358
vt 0.553103 0.308270
vt 0.565029 0.471740
vt 0.392929 0.256090
vt 0.405598 0.560759
vt 0.171875 0.750000
s 0
g Cube.010_Material
usemtl Material
f 537/1080/846 538/1081/846 541/1082/846
f 541/1082/847 538/1081/847 540/1083/847
f 538/1084/848 535/1085/848 539/1086/848
f 540/1083/849 538/1084/849 539/1086/849
f 538/1087/850 534/1088/850 535/1089/850
f 536/1090/851 534/1091/851 533/1092/851
f 537/1093/852 541/1094/852 533/1095/852
f 541/1094/853 536/1096/853 533/1095/853
f 534/1088/854 538/1087/854 537/1093/854
f 536/1090/855 539/1086/855 534/1091/855
f 534/1091/856 539/1086/856 535/1097/856
f 541/1082/857 540/1083/857 536/1096/857
f 540/1083/858 539/1086/858 536/1096/858
f 533/1095/859 534/1088/859 537/1093/859
o Cube.011
v 11.436267 1.482559 -10.245508
v 11.325242 1.819379 -10.333433
v 11.489668 1.701874 -10.452270
v 11.497947 1.684126 -10.221230
v 11.325773 1.647058 -10.160261
v 11.246457 1.532210 -10.317184
v 11.423997 1.502887 -10.449050
v 11.174017 1.661353 -10.322765
v 11.295617 1.669011 -10.461980
vn -0.0736 0.6564 -0.7508
vn 0.5999 0.7991 0.0399
vn 0.9556 -0.2821 -0.0858
vn 0.3675 -0.2213 0.9033
vn -0.6965 -0.3640 0.6184
vn -0.4137 -0.6223 0.6645
vn -0.2225 -0.9713 -0.0836
vn -0.5701 -0.4918 -0.6582
vn 0.0558 -0.0346 -0.9978
vn -0.6336 0.5711 -0.5220
vn -0.6770 -0.4063 -0.6137
vn 0.9477 -0.3137 -0.0581
vn 0.0966 0.7057 0.7019
vn -0.5678 0.5826 0.5815
vt 0.534218 0.539052
vt 0.807613 0.537738
vt 0.651467 0.712344
vt 0.812212 0.722590
vt 0.440472 0.699464
vt 0.505279 0.954605
vt 0.394685 0.910428
vt 0.529494 0.041599
vt 0.440272 0.169217
vt 0.407900 0.015209
vt 0.224689 0.500632
vt 0.298939 0.554231
vt 0.143822 0.628706
vt 0.350796 0.501919
vt 0.236030 0.724989
vt 0.358556 0.714558
vt 0.602122 0.296489
vt 0.527241 0.521298
vt 0.452229 0.375318
s 0
g Cube.011_Material
usemtl Material
f 550/1098/860 543/1099/860 544/1100/860
f 544/1100/861 543/1099/861 545/1101/861
f 548/1102/862 545/1103/862 542/1104/862
f 545/1105/863 546/1106/863 542/1107/863
f 549/1108/864 547/1109/864 546/1110/864
f 546/1110/865 547/1111/865 542/1112/865
f 547/1111/866 548/1113/866 542/1112/866
f 547/1111/867 550/1098/867 548/1102/867
f 550/1098/868 544/1100/868 548/1102/868
f 543/1114/869 550/1115/869 549/1116/869
f 549/1116/870 550/1098/870 547/1111/870
f 544/1100/871 545/1103/871 548/1102/871
f 545/1105/872 543/1114/872 546/1106/872
f 543/1114/873 549/1116/873 546/1106/873
o Cube.006
v 12.512516 1.657930 -8.996605
v 12.394088 1.501244 -8.970398
v 12.349921 1.648470 -8.809882
v 12.405044 1.625782 -9.045263
v 12.322692 1.613879 -8.930661
v 12.350295 1.743108 -8.931002
v 12.510930 1.674598 -8.898758
v 12.490108 1.502007 -8.933176
v 12.406128 1.554098 -8.802896
vn 0.0977 0.7174 -0.6898
vn -0.8084 0.1712 -0.5631
vn 0.2076 0.7705 0.6027
vn 0.3346 -0.3960 -0.8551
vn 0.4769 -0.4833 -0.7341
vn 0.7808 -0.2114 0.5879
vn 0.9912 -0.1271 0.0377
vn -0.1112 -0.9454 0.3063
vn -0.7799 -0.5786 0.2386
vn -0.8243 -0.4673 0.3197
vn -0.9655 0.2066 0.1585
vn 0.4128 0.8990 -0.1464
vn 0.4196 0.3130 0.8521
vn -0.7653 -0.2808 -0.5791
vt 0.423616 0.817668
vt 0.438163 0.985880
vt 0.399025 0.926987
vt 0.584080 0.909473
vt 0.477709 0.045024
vt 0.607265 0.122218
vt 0.441545 0.286085
vt 0.565477 0.549583
vt 0.592013 0.712367
vt 0.289400 0.584684
vt 0.400831 0.754486
vt 0.615924 0.357557
vt 0.551199 0.540629
vt 0.429879 0.509305
vt 0.769145 0.562221
vt 0.604783 0.677624
vt 0.780055 0.741830
vt 0.860509 0.631959
vt 0.567506 0.015179
vt 0.377433 0.096481
s 0
g Cube.006_Material
usemtl Material
f 554/1117/874 556/1118/874 551/1119/874
f 555/1120/875 556/1118/875 554/1117/875
f 556/1121/876 553/1122/876 557/1123/876
f 558/1124/877 552/1125/877 551/1126/877
f 552/1125/878 554/1127/878 551/1126/878
f 557/1123/879 559/1128/879 558/1129/879
f 558/1129/880 551/1130/880 557/1123/880
f 558/1124/881 559/1131/881 552/1132/881
f 552/1132/882 559/1131/882 555/1133/882
f 559/1131/883 553/1134/883 555/1133/883
f 555/1135/884 553/1122/884 556/1121/884
f 551/1136/885 556/1121/885 557/1123/885
f 557/1123/886 553/1122/886 559/1128/886
f 552/1125/887 555/1120/887 554/1117/887
o Cube.007
v 10.229237 1.584526 -8.134298
v 10.258252 1.732399 -8.203568
v 10.348053 1.563399 -8.144352
v 10.380777 1.561882 -8.268766
v 10.246968 1.510958 -8.250436
v 10.160269 1.623022 -8.228640
v 10.344703 1.686479 -8.279245
v 10.329125 1.685242 -8.147472
v 10.209902 1.662167 -8.306830
vn -0.7254 0.6776 -0.1212
vn -0.3483 0.4528 0.8207
vn -0.0380 0.8345 -0.5498
vn 0.0912 0.0397 0.9950
vn -0.1066 -0.8472 0.5204
vn 0.9559 0.1549 0.2495
vn 0.2044 -0.0231 -0.9786
vn -0.6390 0.4256 0.6408
vn -0.7317 -0.6208 0.2815
vn -0.6714 -0.3978 -0.6253
vn 0.3665 -0.9242 0.1077
vn 0.9515 0.2852 0.1152
vn 0.5143 0.8548 0.0688
vn 0.0042 -0.3485 -0.9373
vt 0.862532 0.586626
vt 0.666025 0.612825
vt 0.793538 0.524739
vt 0.799625 0.742317
vt 0.596159 0.725728
vt 0.676667 0.500000
vt 0.533198 0.702151
vt 0.502729 0.907748
vt 0.315429 0.689365
vt 0.215046 0.717794
vt 0.139986 0.551629
vt 0.365533 0.517965
vt 0.592775 0.342442
vt 0.523296 0.508923
vt 0.395346 0.376049
vt 0.510142 0.020803
vt 0.592582 0.143625
vt 0.414253 0.208459
s 0
g Cube.007_Material
usemtl Material
f 565/1137/888 561/1138/888 568/1139/888
f 561/1138/889 560/1140/889 567/1141/889
f 568/1139/890 561/1138/890 566/1142/890
f 567/1143/891 560/1144/891 562/1145/891
f 562/1145/892 560/1146/892 564/1147/892
f 563/1148/893 567/1143/893 562/1145/893
f 568/1149/894 566/1150/894 563/1151/894
f 565/1137/895 560/1140/895 561/1138/895
f 560/1152/896 565/1153/896 564/1154/896
f 564/1154/897 565/1153/897 568/1149/897
f 564/1147/898 563/1148/898 562/1145/898
f 563/1148/899 566/1150/899 567/1143/899
f 566/1150/900 561/1138/900 567/1143/900
f 564/1154/901 568/1149/901 563/1151/901
o Cube.008
v 10.125275 1.669129 -9.442469
v 10.072255 1.566169 -9.342353
v 9.966834 1.485982 -9.321629
v 9.953992 1.532356 -9.470523
v 9.810675 1.599982 -9.356241
v 9.918418 1.705212 -9.447125
v 10.063860 1.731593 -9.364688
v 9.890474 1.500309 -9.252803
v 9.924366 1.644714 -9.264285
vn 0.5419 -0.7880 -0.2922
vn -0.3865 -0.8895 -0.2437
vn -0.6304 -0.0247 -0.7759
vn 0.1564 0.8267 -0.5404
vn 0.5194 0.1402 0.8429
vn 0.4519 -0.0352 0.8914
vn -0.5392 0.7942 0.2803
vn -0.6637 0.2128 0.7171
vn 0.5217 -0.5089 0.6847
vn 0.6137 -0.6897 -0.3843
vn -0.5842 -0.7609 -0.2824
vn 0.0473 0.1435 -0.9885
vn 0.8230 0.1168 0.5560
vn -0.3350 0.8912 0.3058
vt 0.551771 0.821043
vt 0.490236 0.981936
vt 0.443965 0.755163
vt 0.609545 0.740303
vt 0.579499 0.265268
vt 0.447677 0.232718
vt 0.490446 0.016300
vt 0.320967 0.499695
vt 0.242238 0.673984
vt 0.142687 0.564850
vt 0.543218 0.480597
vt 0.654480 0.663904
vt 0.651690 0.523626
vt 0.809399 0.589510
vt 0.375000 0.930496
vt 0.603518 0.001237
vt 0.583364 0.169025
vt 0.384386 0.054537
vt 0.382289 0.419599
s 0
g Cube.008_Material
usemtl Material
f 571/1155/902 572/1156/902 570/1157/902
f 571/1155/903 576/1158/903 572/1156/903
f 573/1159/904 574/1160/904 572/1161/904
f 575/1162/905 569/1163/905 574/1164/905
f 577/1165/906 570/1157/906 575/1162/906
f 577/1165/907 576/1166/907 570/1157/907
f 573/1159/908 577/1165/908 574/1160/908
f 577/1167/909 573/1168/909 576/1166/909
f 576/1166/910 571/1155/910 570/1157/910
f 569/1169/911 570/1157/911 572/1156/911
f 576/1170/912 573/1171/912 572/1161/912
f 569/1172/913 572/1161/913 574/1160/913
f 569/1163/914 575/1162/914 570/1157/914
f 575/1173/915 574/1160/915 577/1165/915
o Cube.009
v 10.172025 1.749668 -8.880551
v 10.231735 1.567409 -8.835042
v 9.989050 1.800091 -8.979439
v 9.883695 1.834243 -8.808920
v 10.055134 1.390147 -8.700559
v 10.104205 1.342092 -8.912584
v 10.019142 1.674796 -8.626589
v 10.096148 1.616239 -9.087097
v 10.133118 1.444115 -9.054310
v 9.843250 1.510208 -9.073213
v 9.773552 1.670279 -8.923840
v 9.928586 1.715959 -9.106741
v 9.856913 1.419443 -8.717300
v 9.875739 1.666077 -8.624907
v 9.830942 1.384561 -8.872642
v 9.685878 1.535409 -8.848239
vn 0.8816 -0.4495 -0.1437
vn 0.8624 0.1628 -0.4794
vn 0.0225 -0.1824 -0.9830
vn -0.7704 0.2222 -0.5976
vn -0.6726 -0.6900 0.2674
vn -0.8757 0.3747 0.3046
vn 0.0265 -0.2483 0.9683
vn -0.1411 -0.7896 -0.5972
vn -0.2053 -0.8237 -0.5286
vn -0.1618 -0.9567 0.2419
vn 0.7802 -0.5464 0.3044
vn 0.6681 -0.1069 0.7364
vn -0.5473 0.7463 -0.3789
vn -0.0370 0.7385 0.6733
vn 0.3528 0.8184 0.4536
vn 0.2765 0.9608 -0.0216
vn 0.7383 0.3809 0.5567
vn 0.4953 0.6354 -0.5924
vn 0.9055 0.1168 -0.4081
vn 0.4500 0.6317 -0.6312
vn 0.0160 -0.1673 -0.9858
vn -0.6804 -0.2110 0.7018
vn -0.7362 0.6246 0.2605
vn -0.1288 -0.3392 0.9318
vn -0.6884 -0.5949 -0.4149
vn -0.1232 -0.9736 0.1921
vn -0.7938 0.1927 -0.5769
vt 0.875000 0.649805
vt 0.849233 0.683396
vt 0.832712 0.540342
vt 0.580473 0.024703
vt 0.534759 0.188184
vt 0.498710 0.020990
vt 0.437420 0.135101
vt 0.411456 0.342495
vt 0.213804 0.511922
vt 0.337875 0.601179
vt 0.185175 0.619999
vt 0.611440 0.548317
vt 0.438499 0.522151
vt 0.536413 0.434917
vt 0.517900 0.691047
vt 0.378975 0.759339
vt 0.724211 0.603714
vt 0.568883 0.768659
vt 0.609419 0.213408
vt 0.625000 0.382072
vt 0.588498 0.519208
vt 0.209844 0.718096
vt 0.479559 0.953620
vt 0.390901 0.953078
vt 0.565332 0.774863
vt 0.583031 0.973602
vt 0.389658 0.010551
vt 0.376620 0.114133
vt 0.125000 0.581137
vt 0.375000 0.421875
s 0
g Cube.009_Material
usemtl Material
f 586/1174/916 579/1175/916 583/1176/916
f 579/1177/917 586/1178/917 578/1179/917
f 585/1180/918 586/1178/918 587/1181/918
f 587/1182/919 588/1183/919 589/1184/919
f 590/1185/920 593/1186/920 592/1187/920
f 591/1188/921 581/1189/921 588/1183/921
f 582/1190/922 584/1191/922 591/1188/922
f 583/1192/923 587/1181/923 586/1178/923
f 583/1192/924 592/1187/924 587/1181/924
f 592/1187/925 582/1193/925 590/1194/925
f 582/1190/926 583/1176/926 579/1175/926
f 582/1190/927 579/1175/927 584/1191/927
f 580/1195/928 589/1184/928 588/1183/928 581/1189/928
f 581/1189/929 591/1188/929 584/1191/929
f 584/1191/930 578/1196/930 581/1189/930
f 578/1196/931 580/1197/931 581/1189/931
f 584/1198/932 579/1199/932 578/1196/932
f 578/1179/933 585/1180/933 580/1200/933
f 585/1180/934 578/1179/934 586/1178/934
f 580/1200/935 585/1180/935 589/1201/935
f 587/1182/936 589/1184/936 585/1202/936
f 593/1186/937 590/1185/937 591/1188/937
f 593/1186/938 591/1188/938 588/1183/938
f 590/1185/939 582/1190/939 591/1188/939
f 587/1181/940 592/1187/940 593/1186/940
f 583/1192/941 582/1193/941 592/1187/941
f 588/1203/942 587/1181/942 593/1186/942
o Cube.010
v 10.023248 1.483341 -8.759146
v 10.064497 1.606810 -8.799932
v 10.030934 1.760598 -8.743785
v 9.939155 1.526975 -8.656135
v 10.134147 1.424204 -8.685884
v 10.149401 1.716795 -8.674213
v 9.892688 1.726175 -8.733146
v 10.011980 1.656968 -8.548940
v 10.036506 1.432835 -8.598877
vn 0.6607 -0.0643 0.7479
vn 0.6911 -0.0843 0.7178
vn -0.1287 0.7256 0.6759
vn -0.0539 0.9228 0.3816
vn 0.5692 0.3887 -0.7245
vn -0.7649 0.0432 -0.6427
vn -0.3138 -0.9127 -0.2617
vn -0.6236 -0.7589 -0.1876
vn 0.8373 -0.0219 -0.5463
vn -0.5632 -0.4090 -0.7180
vn -0.1495 0.3101 -0.9389
vn -0.6501 -0.2323 0.7234
vn -0.8364 0.0167 0.5479
vn 0.3491 -0.3970 -0.8488
vt 0.856741 0.527884
vt 0.792799 0.664448
vt 0.661337 0.518959
vt 0.570885 0.667835
vt 0.614877 0.834550
vt 0.495616 0.943630
vt 0.319826 0.718976
vt 0.602263 0.105449
vt 0.455701 0.107225
vt 0.553174 0.006579
vt 0.371255 0.573451
vt 0.135465 0.689951
vt 0.165587 0.530358
vt 0.553103 0.308270
vt 0.565029 0.471740
vt 0.392929 0.256090
vt 0.405598 0.560759
vt 0.171875 0.750000
s 0
g Cube.010_Material
usemtl Material
f 598/1204/943 599/1205/943 602/1206/943
f 602/1206/944 599/1205/944 601/1207/944
f 599/1208/945 596/1209/945 600/1210/945
f 601/1207/946 599/1208/946 600/1210/946
f 599/1211/947 595/1212/947 596/1213/947
f 597/1214/948 595/1215/948 594/1216/948
f 598/1217/949 602/1218/949 594/1219/949
f 602/1218/950 597/1220/950 594/1219/950
f 595/1212/951 599/1211/951 598/1217/951
f 597/1214/952 600/1210/952 595/1215/952
f 595/1215/953 600/1210/953 596/1221/953
f 602/1206/954 601/1207/954 597/1220/954
f 601/1207/955 600/1210/955 597/1220/955
f 594/1219/956 595/1212/956 598/1217/956
o Cube.011
v 10.046433 1.448722 -9.047335
v 9.851206 1.660392 -8.934394
v 9.925905 1.511381 -8.826664
v 9.871686 1.467093 -9.010041
v 9.930869 1.577286 -9.106202
v 10.083264 1.620267 -9.025354
v 10.092105 1.493135 -8.885982
v 10.008929 1.720311 -9.011200
v 10.008060 1.649455 -8.871535
vn -0.3042 0.4533 0.8379
vn -0.9183 -0.2248 0.3258
vn -0.0420 -0.9602 0.2762
vn -0.2285 -0.5676 -0.7910
vn 0.3477 0.3797 -0.8573
vn 0.4657 0.0134 -0.8849
vn 0.9587 -0.1773 -0.2225
vn 0.8433 0.4227 0.3321
vn 0.3441 0.0987 0.9337
vn -0.1180 0.8859 0.4487
vn 0.7888 0.5462 0.2820
vn -0.0207 -0.9704 0.2405
vn -0.8882 0.0827 -0.4519
vn -0.5176 0.6512 -0.5550
vt 0.534218 0.539052
vt 0.807613 0.537738
vt 0.651467 0.712344
vt 0.812212 0.722590
vt 0.440472 0.699464
vt 0.505279 0.954605
vt 0.394685 0.910428
vt 0.529494 0.041599
vt 0.440272 0.169217
vt 0.407900 0.015209
vt 0.224689 0.500632
vt 0.298939 0.554231
vt 0.143822 0.628706
vt 0.350796 0.501919
vt 0.236030 0.724989
vt 0.358556 0.714558
vt 0.602122 0.296489
vt 0.527241 0.521298
vt 0.452229 0.375318
s 0
g Cube.011_Material
usemtl Material
f 611/1222/957 604/1223/957 605/1224/957
f 605/1224/958 604/1223/958 606/1225/958
f 609/1226/959 606/1227/959 603/1228/959
f 606/1229/960 607/1230/960 603/1231/960
f 610/1232/961 608/1233/961 607/1234/961
f 607/1234/962 608/1235/962 603/1236/962
f 608/1235/963 609/1237/963 603/1236/963
f 608/1235/964 611/1222/964 609/1226/964
f 611/1222/965 605/1224/965 609/1226/965
f 604/1238/966 611/1239/966 610/1240/966
f 610/1240/967 611/1222/967 608/1235/967
f 605/1224/968 606/1227/968 609/1226/968
f 606/1229/969 604/1238/969 607/1230/969
f 604/1238/970 610/1240/970 607/1230/970
o Cube.006
v 10.139377 1.514059 -9.189612
v 9.951275 1.604751 -9.083474
v 9.921272 1.635769 -9.342640
v 10.016595 1.455826 -9.140323
v 9.900381 1.540491 -9.226101
v 9.973060 1.461617 -9.339685
v 10.126060 1.591066 -9.277163
v 10.053055 1.670093 -9.097392
v 9.952896 1.724983 -9.253357
vn 0.3890 -0.9145 -0.1115
vn -0.6400 -0.7593 0.1177
vn 0.3192 0.0789 -0.9444
vn 0.3354 -0.3349 0.8805
vn 0.4293 -0.1516 0.8903
vn 0.5992 0.7936 -0.1055
vn 0.9026 0.3819 0.1987
vn -0.4079 0.7471 0.5249
vn -0.9341 0.2955 0.2002
vn -0.9579 0.2813 0.0582
vn -0.8852 -0.2697 -0.3791
vn 0.6587 -0.5124 -0.5509
vn 0.3598 0.5932 -0.7202
vn -0.7198 -0.4997 0.4820
vt 0.423616 0.817668
vt 0.438163 0.985880
vt 0.399025 0.926987
vt 0.584080 0.909473
vt 0.477709 0.045024
vt 0.607265 0.122218
vt 0.441545 0.286085
vt 0.565477 0.549583
vt 0.592013 0.712367
vt 0.289400 0.584684
vt 0.400831 0.754486
vt 0.615924 0.357557
vt 0.551199 0.540629
vt 0.429879 0.509305
vt 0.769145 0.562221
vt 0.604783 0.677624
vt 0.780055 0.741830
vt 0.860509 0.631959
vt 0.567506 0.015179
vt 0.377433 0.096481
s 0
g Cube.006_Material
usemtl Material
f 615/1241/971 617/1242/971 612/1243/971
f 616/1244/972 617/1242/972 615/1241/972
f 617/1245/973 614/1246/973 618/1247/973
f 619/1248/974 613/1249/974 612/1250/974
f 613/1249/975 615/1251/975 612/1250/975
f 618/1247/976 620/1252/976 619/1253/976
f 619/1253/977 612/1254/977 618/1247/977
f 619/1248/978 620/1255/978 613/1256/978
f 613/1256/979 620/1255/979 616/1257/979
f 620/1255/980 614/1258/980 616/1257/980
f 616/1259/981 614/1246/981 617/1245/981
f 612/1260/982 617/1245/982 618/1247/982
f 618/1247/983 614/1246/983 620/1252/983
f 613/1249/984 616/1244/984 615/1241/984
o Cube.007
v 9.971716 1.634047 -9.329652
v 10.003641 1.643382 -9.124696
v 9.895509 1.505494 -9.304127
v 9.995768 1.395097 -9.243263
v 10.082542 1.503705 -9.358714
v 10.113381 1.659248 -9.274660
v 10.019845 1.489781 -9.112882
v 9.899744 1.587384 -9.173279
v 10.150461 1.584593 -9.180336
vn 0.4708 0.7724 0.4263
vn -0.4872 0.8726 0.0361
vn 0.3909 0.1115 0.9137
vn -0.8529 0.4546 -0.2569
vn -0.2803 -0.0244 -0.9596
vn -0.7814 -0.5173 0.3490
vn 0.6624 -0.6590 0.3563
vn -0.1681 0.9856 -0.0187
vn 0.2633 0.4177 -0.8696
vn 0.9331 0.0093 -0.3595
vn -0.2254 -0.6193 -0.7521
vn -0.6825 -0.5257 0.5078
vn -0.4338 0.0235 0.9007
vn 0.7762 -0.6304 -0.0097
vt 0.862532 0.586626
vt 0.666025 0.612825
vt 0.793538 0.524739
vt 0.799625 0.742317
vt 0.596159 0.725728
vt 0.676667 0.500000
vt 0.533198 0.702151
vt 0.502729 0.907748
vt 0.315429 0.689365
vt 0.215046 0.717794
vt 0.139986 0.551629
vt 0.365533 0.517965
vt 0.592775 0.342442
vt 0.523296 0.508923
vt 0.395346 0.376049
vt 0.510142 0.020803
vt 0.592582 0.143625
vt 0.414253 0.208459
s 0
g Cube.007_Material
usemtl Material
f 626/1261/985 622/1262/985 629/1263/985
f 622/1262/986 621/1264/986 628/1265/986
f 629/1263/987 622/1262/987 627/1266/987
f 628/1267/988 621/1268/988 623/1269/988
f 623/1269/989 621/1270/989 625/1271/989
f 624/1272/990 628/1267/990 623/1269/990
f 629/1273/991 627/1274/991 624/1275/991
f 626/1261/992 621/1264/992 622/1262/992
f 621/1276/993 626/1277/993 625/1278/993
f 625/1278/994 626/1277/994 629/1273/994
f 625/1271/995 624/1272/995 623/1269/995
f 624/1272/996 627/1274/996 628/1267/996
f 627/1274/997 622/1262/997 628/1267/997
f 625/1278/998 629/1273/998 624/1275/998
o Cube.008
v 11.673033 1.618585 -10.153425
v 11.603154 1.484097 -10.182210
v 11.493266 1.433927 -10.242707
v 11.503461 1.582930 -10.293296
v 11.345249 1.549875 -10.180858
v 11.468355 1.671036 -10.141016
v 11.601721 1.601031 -10.060998
v 11.407323 1.397089 -10.195837
v 11.445971 1.487261 -10.082469
vn 0.5616 -0.3002 -0.7711
vn -0.3660 -0.2766 -0.8885
vn -0.5103 0.6881 -0.5158
vn 0.2518 0.8965 0.3646
vn 0.3933 -0.6594 0.6407
vn 0.3156 -0.7921 0.5225
vn -0.5570 0.3129 0.7693
vn -0.7568 -0.3609 0.5450
vn 0.4046 -0.9142 0.0233
vn 0.6482 -0.1783 -0.7403
vn -0.5530 -0.1442 -0.8206
vn 0.1947 0.8678 -0.4572
vn 0.7350 -0.4836 0.4753
vn -0.3566 0.3227 0.8767
vt 0.551771 0.821043
vt 0.490236 0.981936
vt 0.443965 0.755163
vt 0.609545 0.740303
vt 0.579499 0.265268
vt 0.447677 0.232718
vt 0.490446 0.016300
vt 0.320967 0.499695
vt 0.242238 0.673984
vt 0.142687 0.564850
vt 0.543218 0.480597
vt 0.654480 0.663904
vt 0.651690 0.523626
vt 0.809399 0.589510
vt 0.375000 0.930496
vt 0.603518 0.001237
vt 0.583364 0.169025
vt 0.384386 0.054537
vt 0.382289 0.419599
s 0
g Cube.008_Material
usemtl Material
f 632/1279/999 633/1280/999 631/1281/999
f 632/1279/1000 637/1282/1000 633/1280/1000
f 634/1283/1001 635/1284/1001 633/1285/1001
f 636/1286/1002 630/1287/1002 635/1288/1002
f 638/1289/1003 631/1281/1003 636/1286/1003
f 638/1289/1004 637/1290/1004 631/1281/1004
f 634/1283/1005 638/1289/1005 635/1284/1005
f 638/1291/1006 634/1292/1006 637/1290/1006
f 637/1290/1007 632/1279/1007 631/1281/1007
f 630/1293/1008 631/1281/1008 633/1280/1008
f 637/1294/1009 634/1295/1009 633/1285/1009
f 630/1296/1010 633/1285/1010 635/1284/1010
f 630/1287/1011 636/1286/1011 631/1281/1011
f 636/1297/1012 635/1284/1012 638/1289/1012
o Cube.009
v 10.765141 1.302140 -8.023936
v 10.915617 1.256561 -7.863698
v 10.696465 1.524827 -8.095355
v 10.846753 1.538954 -8.270961
v 11.204034 1.403088 -7.867166
v 11.043910 1.468945 -7.681557
v 11.076430 1.344668 -8.174047
v 10.704611 1.508106 -7.824418
v 10.843459 1.489631 -7.676182
v 10.861527 1.776740 -7.856052
v 10.895197 1.739994 -8.112939
v 10.664307 1.665913 -7.977021
v 11.224345 1.604549 -7.974130
v 11.123930 1.489633 -8.233244
v 11.124043 1.714926 -7.866853
v 11.078914 1.817864 -8.078866
vn -0.0448 -0.6346 0.7715
vn -0.6695 -0.5803 0.4637
vn -0.6267 0.4417 0.6420
vn -0.3953 0.9006 -0.1806
vn 0.7909 0.5995 0.1227
vn 0.2097 0.5725 -0.7926
vn 0.8702 -0.4017 -0.2854
vn 0.0770 0.5258 0.8471
vn 0.1650 0.5586 0.8129
vn 0.8120 0.2077 0.5455
vn 0.3746 -0.7235 0.5798
vn 0.4527 -0.8915 -0.0185
vn -0.6108 0.5149 -0.6015
vn 0.0550 -0.3929 -0.9179
vn -0.2537 -0.6550 -0.7118
vn -0.6780 -0.4057 -0.6129
vn -0.0004 -0.9619 -0.2733
vn -0.9565 -0.2915 0.0108
vn -0.5983 -0.6413 0.4805
vn -0.9721 -0.2340 0.0148
vn -0.6365 0.4459 0.6293
vn 0.8209 0.3313 -0.4651
vn -0.0119 0.4242 -0.9055
vn 0.9372 -0.2326 -0.2600
vn 0.2265 0.8943 0.3860
vn 0.7758 0.1984 0.5989
vn -0.3559 0.9174 -0.1779
vt 0.875000 0.649805
vt 0.849233 0.683396
vt 0.832712 0.540342
vt 0.580473 0.024703
vt 0.534759 0.188184
vt 0.498710 0.020990
vt 0.437420 0.135101
vt 0.411456 0.342495
vt 0.213804 0.511922
vt 0.337875 0.601179
vt 0.185175 0.619999
vt 0.611440 0.548317
vt 0.438499 0.522151
vt 0.536413 0.434917
vt 0.517900 0.691047
vt 0.378975 0.759339
vt 0.724211 0.603714
vt 0.568883 0.768659
vt 0.609419 0.213408
vt 0.625000 0.382072
vt 0.588498 0.519208
vt 0.209844 0.718096
vt 0.479559 0.953620
vt 0.390901 0.953078
vt 0.565332 0.774863
vt 0.583031 0.973602
vt 0.389658 0.010551
vt 0.376620 0.114133
vt 0.125000 0.581137
vt 0.375000 0.421875
s 0
g Cube.009_Material
usemtl Material
f 647/1298/1013 640/1299/1013 644/1300/1013
f 640/1301/1014 647/1302/1014 639/1303/1014
f 646/1304/1015 647/1302/1015 648/1305/1015
f 648/1306/1016 649/1307/1016 650/1308/1016
f 651/1309/1017 654/1310/1017 653/1311/1017
f 652/1312/1018 642/1313/1018 649/1307/1018
f 643/1314/1019 645/1315/1019 652/1312/1019
f 644/1316/1020 648/1305/1020 647/1302/1020
f 644/1316/1021 653/1311/1021 648/1305/1021
f 653/1311/1022 643/1317/1022 651/1318/1022
f 643/1314/1023 644/1300/1023 640/1299/1023
f 643/1314/1024 640/1299/1024 645/1315/1024
f 641/1319/1025 650/1308/1025 649/1307/1025 642/1313/1025
f 642/1313/1026 652/1312/1026 645/1315/1026
f 645/1315/1027 639/1320/1027 642/1313/1027
f 639/1320/1028 641/1321/1028 642/1313/1028
f 645/1322/1029 640/1323/1029 639/1320/1029
f 639/1303/1030 646/1304/1030 641/1324/1030
f 646/1304/1031 639/1303/1031 647/1302/1031
f 641/1324/1032 646/1304/1032 650/1325/1032
f 648/1306/1033 650/1308/1033 646/1326/1033
f 654/1310/1034 651/1309/1034 652/1312/1034
f 654/1310/1035 652/1312/1035 649/1307/1035
f 651/1309/1036 643/1314/1036 652/1312/1036
f 648/1305/1037 653/1311/1037 654/1310/1037
f 644/1316/1038 643/1317/1038 653/1311/1038
f 649/1327/1039 648/1305/1039 654/1310/1039
o Cube.010
v 11.537155 1.483144 -10.219092
v 11.619473 1.592265 -10.205791
v 11.662446 1.685857 -10.072753
v 11.495978 1.476603 -10.084511
v 11.624121 1.365913 -10.231010
v 11.762057 1.580741 -10.082829
v 11.525077 1.687830 -10.030199
v 11.633083 1.494595 -9.961937
v 11.553540 1.345334 -10.121445
vn 0.6836 -0.6575 0.3169
vn 0.6977 -0.6627 0.2722
vn 0.2931 0.1879 0.9374
vn 0.3953 0.4944 0.7741
vn 0.5566 0.5841 -0.5907
vn -0.7690 0.6052 -0.2059
vn -0.7016 -0.4656 -0.5394
vn -0.9035 -0.3141 -0.2917
vn 0.6545 0.0970 -0.7498
vn -0.7881 0.2529 -0.5613
vn -0.1537 0.8308 -0.5348
vn -0.5644 -0.4434 0.6963
vn -0.6555 -0.1021 0.7482
vn 0.0134 0.1110 -0.9937
vt 0.856741 0.527884
vt 0.792799 0.664448
vt 0.661337 0.518959
vt 0.570885 0.667835
vt 0.614877 0.834550
vt 0.495616 0.943630
vt 0.319826 0.718976
vt 0.602263 0.105449
vt 0.455701 0.107225
vt 0.553174 0.006579
vt 0.371255 0.573451
vt 0.135465 0.689951
vt 0.165587 0.530358
vt 0.553103 0.308270
vt 0.565029 0.471740
vt 0.392929 0.256090
vt 0.405598 0.560759
vt 0.171875 0.750000
s 0
g Cube.010_Material
usemtl Material
f 659/1328/1040 660/1329/1040 663/1330/1040
f 663/1330/1041 660/1329/1041 662/1331/1041
f 660/1332/1042 657/1333/1042 661/1334/1042
f 662/1331/1043 660/1332/1043 661/1334/1043
f 660/1335/1044 656/1336/1044 657/1337/1044
f 658/1338/1045 656/1339/1045 655/1340/1045
f 659/1341/1046 663/1342/1046 655/1343/1046
f 663/1342/1047 658/1344/1047 655/1343/1047
f 656/1336/1048 660/1335/1048 659/1341/1048
f 658/1338/1049 661/1334/1049 656/1339/1049
f 656/1339/1050 661/1334/1050 657/1345/1050
f 663/1330/1051 662/1331/1051 658/1344/1051
f 662/1331/1052 661/1334/1052 658/1344/1052
f 655/1343/1053 656/1336/1053 659/1341/1053
o Cube.011
v 10.315471 1.600432 -8.500214
v 10.135127 1.390892 -8.611118
v 10.098756 1.487285 -8.450130
v 10.277982 1.433246 -8.476404
v 10.317696 1.470163 -8.618340
v 10.227506 1.613145 -8.645467
v 10.155637 1.645300 -8.481521
v 10.176414 1.529383 -8.715941
v 10.082073 1.544639 -8.599260
vn -0.9456 -0.3248 -0.0191
vn -0.1903 -0.8606 0.4723
vn 0.1452 0.1075 0.9835
vn 0.9580 -0.1834 0.2203
vn 0.6190 0.2491 -0.7448
vn 0.7934 0.4162 -0.4441
vn 0.2615 0.9624 -0.0741
vn -0.4895 0.7899 -0.3695
vn -0.8963 0.3709 0.2429
vn -0.7724 -0.2206 -0.5957
vn -0.4940 0.7161 -0.4931
vn 0.1816 0.1283 0.9750
vn 0.3908 -0.9116 -0.1278
vn 0.2446 -0.6305 -0.7366
vt 0.534218 0.539052
vt 0.807613 0.537738
vt 0.651467 0.712344
vt 0.812212 0.722590
vt 0.440472 0.699464
vt 0.505279 0.954605
vt 0.394685 0.910428
vt 0.529494 0.041599
vt 0.440272 0.169217
vt 0.407900 0.015209
vt 0.224689 0.500632
vt 0.298939 0.554231
vt 0.143822 0.628706
vt 0.350796 0.501919
vt 0.236030 0.724989
vt 0.358556 0.714558
vt 0.602122 0.296489
vt 0.527241 0.521298
vt 0.452229 0.375318
s 0
g Cube.011_Material
usemtl Material
f 672/1346/1054 665/1347/1054 666/1348/1054
f 666/1348/1055 665/1347/1055 667/1349/1055
f 670/1350/1056 667/1351/1056 664/1352/1056
f 667/1353/1057 668/1354/1057 664/1355/1057
f 671/1356/1058 669/1357/1058 668/1358/1058
f 668/1358/1059 669/1359/1059 664/1360/1059
f 669/1359/1060 670/1361/1060 664/1360/1060
f 669/1359/1061 672/1346/1061 670/1350/1061
f 672/1346/1062 666/1348/1062 670/1350/1062
f 665/1362/1063 672/1363/1063 671/1364/1063
f 671/1364/1064 672/1346/1064 669/1359/1064
f 666/1348/1065 667/1351/1065 670/1350/1065
f 667/1353/1066 665/1362/1066 668/1354/1066
f 665/1362/1067 671/1364/1067 668/1354/1067
o Cube.006
v 11.290591 1.561144 -10.266310
v 11.268012 1.390363 -10.183164
v 11.331165 1.529650 -10.032699
v 11.196423 1.504758 -10.222878
v 11.232960 1.483440 -10.092870
v 11.225005 1.610678 -10.097369
v 11.358068 1.582854 -10.201819
v 11.352833 1.414076 -10.229282
v 11.387823 1.453525 -10.080494
vn -0.6015 0.6728 -0.4308
vn -0.9636 -0.0510 0.2625
vn 0.4358 0.8364 0.3324
vn -0.3623 -0.3688 -0.8560
vn -0.1650 -0.4140 -0.8952
vn 0.9730 0.0074 -0.2308
vn 0.6708 0.0988 -0.7351
vn 0.3470 -0.9236 0.1633
vn -0.1923 -0.7196 0.6672
vn -0.1802 -0.6157 0.7671
vn -0.5216 -0.0024 0.8532
vn -0.0290 0.9561 -0.2916
vn 0.8459 0.4552 0.2778
vn -0.8608 -0.4822 0.1629
vt 0.423616 0.817668
vt 0.438163 0.985880
vt 0.399025 0.926987
vt 0.584080 0.909473
vt 0.477709 0.045024
vt 0.607265 0.122218
vt 0.441545 0.286085
vt 0.565477 0.549583
vt 0.592013 0.712367
vt 0.289400 0.584684
vt 0.400831 0.754486
vt 0.615924 0.357557
vt 0.551199 0.540629
vt 0.429879 0.509305
vt 0.769145 0.562221
vt 0.604783 0.677624
vt 0.780055 0.741830
vt 0.860509 0.631959
vt 0.567506 0.015179
vt 0.377433 0.096481
s 0
g Cube.006_Material
usemtl Material
f 676/1365/1068 678/1366/1068 673/1367/1068
f 677/1368/1069 678/1366/1069 676/1365/1069
f 678/1369/1070 675/1370/1070 679/1371/1070
f 680/1372/1071 674/1373/1071 673/1374/1071
f 674/1373/1072 676/1375/1072 673/1374/1072
f 679/1371/1073 681/1376/1073 680/1377/1073
f 680/1377/1074 673/1378/1074 679/1371/1074
f 680/1372/1075 681/1379/1075 674/1380/1075
f 674/1380/1076 681/1379/1076 677/1381/1076
f 681/1379/1077 675/1382/1077 677/1381/1077
f 677/1383/1078 675/1370/1078 678/1369/1078
f 673/1384/1079 678/1369/1079 679/1371/1079
f 679/1371/1080 675/1370/1080 681/1376/1080
f 674/1373/1081 677/1368/1081 676/1365/1081
o Cube.007
v 10.193343 1.499464 -8.464499
v 10.332847 1.567175 -8.541586
v 10.252161 1.519976 -8.354465
v 10.364061 1.445838 -8.349223
v 10.256439 1.374683 -8.427120
v 10.248944 1.437893 -8.562593
v 10.413545 1.513954 -8.455877
v 10.303494 1.597259 -8.443787
v 10.353569 1.429997 -8.559022
vn 0.0438 0.1325 -0.9902
vn -0.5681 0.7231 -0.3929
vn 0.7714 0.1936 -0.6061
vn -0.6701 0.7069 0.2264
vn -0.8271 -0.2707 0.4926
vn 0.3595 0.5935 0.7201
vn 0.8117 -0.5841 0.0035
vn -0.5915 0.4882 -0.6417
vn -0.8552 -0.4862 -0.1796
vn -0.0541 -0.9060 -0.4198
vn -0.3248 -0.4307 0.8421
vn 0.5165 0.5926 0.6181
vn 0.5976 0.7991 -0.0664
vn 0.5322 -0.8458 0.0372
vt 0.862532 0.586626
vt 0.666025 0.612825
vt 0.793538 0.524739
vt 0.799625 0.742317
vt 0.596159 0.725728
vt 0.676667 0.500000
vt 0.533198 0.702151
vt 0.502729 0.907748
vt 0.315429 0.689365
vt 0.215046 0.717794
vt 0.139986 0.551629
vt 0.365533 0.517965
vt 0.592775 0.342442
vt 0.523296 0.508923
vt 0.395346 0.376049
vt 0.510142 0.020803
vt 0.592582 0.143625
vt 0.414253 0.208459
s 0
g Cube.007_Material
usemtl Material
f 687/1385/1082 683/1386/1082 690/1387/1082
f 683/1386/1083 682/1388/1083 689/1389/1083
f 690/1387/1084 683/1386/1084 688/1390/1084
f 689/1391/1085 682/1392/1085 684/1393/1085
f 684/1393/1086 682/1394/1086 686/1395/1086
f 685/1396/1087 689/1391/1087 684/1393/1087
f 690/1397/1088 688/1398/1088 685/1399/1088
f 687/1385/1089 682/1388/1089 683/1386/1089
f 682/1400/1090 687/1401/1090 686/1402/1090
f 686/1402/1091 687/1401/1091 690/1397/1091
f 686/1395/1092 685/1396/1092 684/1393/1092
f 685/1396/1093 688/1398/1093 689/1391/1093
f 688/1398/1094 683/1386/1094 689/1391/1094
f 686/1402/1095 690/1397/1095 685/1399/1095
o Cube.008
v 12.043443 1.524490 -9.417503
v 12.114761 1.423768 -9.384792
v 12.186275 1.390148 -9.305686
v 12.129458 1.497002 -9.256839
v 12.288519 1.516661 -9.286279
v 12.184964 1.600513 -9.347666
v 12.129274 1.539008 -9.461864
v 12.272244 1.383252 -9.313110
v 12.260937 1.469554 -9.401541
vn -0.7164 -0.5669 0.4067
vn 0.0476 -0.3942 0.9178
vn 0.0629 0.6390 0.7667
vn -0.3184 0.8907 -0.3245
vn 0.0814 -0.5611 -0.8237
vn 0.1389 -0.6998 -0.7007
vn 0.7083 0.5778 -0.4056
vn 0.9763 -0.0786 -0.2015
vn -0.1025 -0.9455 -0.3091
vn -0.8132 -0.4600 0.3567
vn 0.2035 -0.2168 0.9548
vn -0.5827 0.6897 0.4299
vn -0.3313 -0.4954 -0.8030
vn 0.5714 0.5731 -0.5873
vt 0.551771 0.821043
vt 0.490236 0.981936
vt 0.443965 0.755163
vt 0.609545 0.740303
vt 0.579499 0.265268
vt 0.447677 0.232718
vt 0.490446 0.016300
vt 0.320967 0.499695
vt 0.242238 0.673984
vt 0.142687 0.564850
vt 0.543218 0.480597
vt 0.654480 0.663904
vt 0.651690 0.523626
vt 0.809399 0.589510
vt 0.375000 0.930496
vt 0.603518 0.001237
vt 0.583364 0.169025
vt 0.384386 0.054537
vt 0.382289 0.419599
s 0
g Cube.008_Material
usemtl Material
f 693/1403/1096 694/1404/1096 692/1405/1096
f 693/1403/1097 698/1406/1097 694/1404/1097
f 695/1407/1098 696/1408/1098 694/1409/1098
f 697/1410/1099 691/1411/1099 696/1412/1099
f 699/1413/1100 692/1405/1100 697/1410/1100
f 699/1413/1101 698/1414/1101 692/1405/1101
f 695/1407/1102 699/1413/1102 696/1408/1102
f 699/1415/1103 695/1416/1103 698/1414/1103
f 698/1414/1104 693/1403/1104 692/1405/1104
f 691/1417/1105 692/1405/1105 694/1404/1105
f 698/1418/1106 695/1419/1106 694/1409/1106
f 691/1420/1107 694/1409/1107 696/1408/1107
f 691/1411/1108 697/1410/1108 692/1405/1108
f 697/1421/1109 696/1408/1109 699/1413/1109
o Cube.009
v 10.874641 1.248664 -8.063966
v 11.018025 1.317262 -8.116918
v 10.737849 1.337508 -7.983460
v 10.647717 1.363837 -8.128542
v 11.012813 1.515705 -8.254349
v 11.078875 1.535303 -8.077899
v 10.818078 1.360436 -8.291636
v 10.916327 1.393374 -7.905347
v 11.040409 1.470748 -7.947567
v 10.826925 1.606526 -7.937550
v 10.683688 1.538476 -8.051520
v 10.756424 1.436020 -7.886447
v 10.876480 1.618400 -8.245767
v 10.736847 1.451246 -8.299865
v 10.887383 1.669601 -8.119047
v 10.708826 1.664091 -8.131587
vn 0.9476 -0.2889 0.1366
vn 0.5172 -0.6671 0.5362
vn 0.1866 0.2228 0.9568
vn -0.6768 0.4536 0.5798
vn -0.0023 0.9272 -0.3745
vn -0.8976 0.3190 -0.3042
vn 0.1520 0.0465 -0.9873
vn 0.4816 0.7204 0.4990
vn 0.4572 0.7818 0.4240
vn 0.5486 0.7578 -0.3534
vn 0.9247 -0.2001 -0.3240
vn 0.5171 -0.4781 -0.7099
vn -0.8971 -0.0957 0.4313
vn -0.5751 -0.5678 -0.5889
vn -0.3457 -0.8734 -0.3429
vn -0.4796 -0.8661 0.1408
vn 0.2312 -0.8494 -0.4744
vn -0.0709 -0.7275 0.6824
vn 0.5771 -0.6731 0.4625
vn -0.0988 -0.6887 0.7183
vn 0.1715 0.2171 0.9610
vn -0.3638 0.5477 -0.7534
vn -0.9728 0.0506 -0.2260
vn 0.1075 0.2237 -0.9687
vn -0.0512 0.9485 0.3126
vn 0.5899 0.7481 -0.3040
vn -0.6735 0.4884 0.5548
vt 0.875000 0.649805
vt 0.849233 0.683396
vt 0.832712 0.540342
vt 0.580473 0.024703
vt 0.534759 0.188184
vt 0.498710 0.020990
vt 0.437420 0.135101
vt 0.411456 0.342495
vt 0.213804 0.511922
vt 0.337875 0.601179
vt 0.185175 0.619999
vt 0.611440 0.548317
vt 0.438499 0.522151
vt 0.536413 0.434917
vt 0.517900 0.691047
vt 0.378975 0.759339
vt 0.724211 0.603714
vt 0.568883 0.768659
vt 0.609419 0.213408
vt 0.625000 0.382072
vt 0.588498 0.519208
vt 0.209844 0.718096
vt 0.479559 0.953620
vt 0.390901 0.953078
vt 0.565332 0.774863
vt 0.583031 0.973602
vt 0.389658 0.010551
vt 0.376620 0.114133
vt 0.125000 0.581137
vt 0.375000 0.421875
s 0
g Cube.009_Material
usemtl Material
f 708/1422/1110 701/1423/1110 705/1424/1110
f 701/1425/1111 708/1426/1111 700/1427/1111
f 707/1428/1112 708/1426/1112 709/1429/1112
f 709/1430/1113 710/1431/1113 711/1432/1113
f 712/1433/1114 715/1434/1114 714/1435/1114
f 713/1436/1115 703/1437/1115 710/1431/1115
f 704/1438/1116 706/1439/1116 713/1436/1116
f 705/1440/1117 709/1429/1117 708/1426/1117
f 705/1440/1118 714/1435/1118 709/1429/1118
f 714/1435/1119 704/1441/1119 712/1442/1119
f 704/1438/1120 705/1424/1120 701/1423/1120
f 704/1438/1121 701/1423/1121 706/1439/1121
f 702/1443/1122 711/1432/1122 710/1431/1122 703/1437/1122
f 703/1437/1123 713/1436/1123 706/1439/1123
f 706/1439/1124 700/1444/1124 703/1437/1124
f 700/1444/1125 702/1445/1125 703/1437/1125
f 706/1446/1126 701/1447/1126 700/1444/1126
f 700/1427/1127 707/1428/1127 702/1448/1127
f 707/1428/1128 700/1427/1128 708/1426/1128
f 702/1448/1129 707/1428/1129 711/1449/1129
f 709/1430/1130 711/1432/1130 707/1450/1130
f 715/1434/1131 712/1433/1131 713/1436/1131
f 715/1434/1132 713/1436/1132 710/1431/1132
f 712/1433/1133 704/1438/1133 713/1436/1133
f 709/1429/1134 714/1435/1134 715/1434/1134
f 705/1440/1135 704/1441/1135 714/1435/1135
f 710/1451/1136 709/1429/1136 715/1434/1136
o Cube.010
v 11.043998 1.432023 -10.099424
v 10.961707 1.481843 -10.154556
v 10.826554 1.473150 -10.144171
v 10.978428 1.367611 -10.032413
v 11.087245 1.511687 -10.023507
v 10.859575 1.560929 -10.073884
v 10.834851 1.357583 -10.136536
v 10.863303 1.440004 -9.971077
v 11.050649 1.432333 -9.962586
vn -0.0394 0.6198 0.7837
vn -0.0080 0.6476 0.7620
vn -0.8879 -0.0334 0.4589
vn -0.9883 0.0801 0.1300
vn -0.0997 0.6445 -0.7581
vn 0.0170 -0.7291 -0.6842
vn 0.8945 -0.4451 -0.0425
vn 0.6838 -0.7290 -0.0316
vn 0.2841 0.8394 -0.4633
vn 0.4972 -0.5987 -0.6280
vn -0.0719 -0.0709 -0.9949
vn -0.0609 -0.6998 0.7117
vn -0.2795 -0.8394 0.4662
vn 0.6511 0.3077 -0.6938
vt 0.856741 0.527884
vt 0.792799 0.664448
vt 0.661337 0.518959
vt 0.570885 0.667835
vt 0.614877 0.834550
vt 0.495616 0.943630
vt 0.319826 0.718976
vt 0.602263 0.105449
vt 0.455701 0.107225
vt 0.553174 0.006579
vt 0.371255 0.573451
vt 0.135465 0.689951
vt 0.165587 0.530358
vt 0.553103 0.308270
vt 0.565029 0.471740
vt 0.392929 0.256090
vt 0.405598 0.560759
vt 0.171875 0.750000
s 0
g Cube.010_Material
usemtl Material
f 720/1452/1137 721/1453/1137 724/1454/1137
f 724/1454/1138 721/1453/1138 723/1455/1138
f 721/1456/1139 718/1457/1139 722/1458/1139
f 723/1455/1140 721/1456/1140 722/1458/1140
f 721/1459/1141 717/1460/1141 718/1461/1141
f 719/1462/1142 717/1463/1142 716/1464/1142
f 720/1465/1143 724/1466/1143 716/1467/1143
f 724/1466/1144 719/1468/1144 716/1467/1144
f 717/1460/1145 721/1459/1145 720/1465/1145
f 719/1462/1146 722/1458/1146 717/1463/1146
f 717/1463/1147 722/1458/1147 718/1469/1147
f 724/1454/1148 723/1455/1148 719/1468/1148
f 723/1455/1149 722/1458/1149 719/1468/1149
f 716/1467/1150 717/1460/1150 720/1465/1150
o Cube.011
v 11.635171 1.408204 -9.841551
v 11.942864 1.389653 -9.808846
v 11.843523 1.310523 -9.961917
v 11.759905 1.291432 -9.784888
v 11.763813 1.432547 -9.713675
v 11.747572 1.544876 -9.851019
v 11.713746 1.427331 -9.995447
v 11.865827 1.558700 -9.810670
v 11.877652 1.472908 -9.941566
vn 0.8598 -0.1184 -0.4968
vn 0.4823 -0.8656 0.1345
vn -0.5400 -0.7562 -0.3697
vn -0.6315 -0.3353 0.6991
vn -0.2977 0.7214 0.6252
vn -0.6352 0.5593 0.5326
vn -0.7454 0.5917 -0.3070
vn -0.0089 0.7766 -0.6300
vn 0.2975 0.0569 -0.9530
vn 0.8950 0.4059 -0.1852
vn 0.0866 0.8368 -0.5406
vn -0.5746 -0.7392 -0.3511
vn 0.3408 -0.4311 0.8355
vn 0.4996 0.2367 0.8333
vt 0.534218 0.539052
vt 0.807613 0.537738
vt 0.651467 0.712344
vt 0.812212 0.722590
vt 0.440472 0.699464
vt 0.505279 0.954605
vt 0.394685 0.910428
vt 0.529494 0.041599
vt 0.440272 0.169217
vt 0.407900 0.015209
vt 0.224689 0.500632
vt 0.298939 0.554231
vt 0.143822 0.628706
vt 0.350796 0.501919
vt 0.236030 0.724989
vt 0.358556 0.714558
vt 0.602122 0.296489
vt 0.527241 0.521298
vt 0.452229 0.375318
s 0
g Cube.011_Material
usemtl Material
f 733/1470/1151 726/1471/1151 727/1472/1151
f 727/1472/1152 726/1471/1152 728/1473/1152
f 731/1474/1153 728/1475/1153 725/1476/1153
f 728/1477/1154 729/1478/1154 725/1479/1154
f 732/1480/1155 730/1481/1155 729/1482/1155
f 729/1482/1156 730/1483/1156 725/1484/1156
f 730/1483/1157 731/1485/1157 725/1484/1157
f 730/1483/1158 733/1470/1158 731/1474/1158
f 733/1470/1159 727/1472/1159 731/1474/1159
f 726/1486/1160 733/1487/1160 732/1488/1160
f 732/1488/1161 733/1470/1161 730/1483/1161
f 727/1472/1162 728/1475/1162 731/1474/1162
f 728/1477/1163 726/1486/1163 729/1478/1163
f 726/1486/1164 732/1488/1164 729/1478/1164
o Cube.006
v 11.711920 1.510084 -8.192852
v 11.640398 1.326498 -8.112129
v 11.522822 1.368527 -8.315701
v 11.755736 1.386389 -8.199473
v 11.637159 1.313546 -8.261059
v 11.676768 1.399559 -8.366870
v 11.616594 1.526577 -8.237794
v 11.598969 1.423497 -8.078648
v 11.484262 1.380156 -8.204498
vn 0.8645 0.3267 -0.3821
vn 0.6150 -0.7087 -0.3459
vn -0.3601 0.5755 -0.7342
vn 0.6922 0.0470 0.7202
vn 0.5464 0.1495 0.8241
vn -0.6494 0.6691 0.3615
vn -0.1056 0.8399 0.5323
vn -0.5633 -0.4742 0.6767
vn -0.3701 -0.9248 0.0885
vn -0.4139 -0.9090 -0.0485
vn -0.0598 -0.7635 -0.6430
vn 0.3869 0.7410 -0.5488
vn -0.7382 0.5948 -0.3182
vn 0.4979 -0.8649 0.0644
vt 0.423616 0.817668
vt 0.438163 0.985880
vt 0.399025 0.926987
vt 0.584080 0.909473
vt 0.477709 0.045024
vt 0.607265 0.122218
vt 0.441545 0.286085
vt 0.565477 0.549583
vt 0.592013 0.712367
vt 0.289400 0.584684
vt 0.400831 0.754486
vt 0.615924 0.357557
vt 0.551199 0.540629
vt 0.429879 0.509305
vt 0.769145 0.562221
vt 0.604783 0.677624
vt 0.780055 0.741830
vt 0.860509 0.631959
vt 0.567506 0.015179
vt 0.377433 0.096481
s 0
g Cube.006_Material
usemtl Material
f 737/1489/1165 739/1490/1165 734/1491/1165
f 738/1492/1166 739/1490/1166 737/1489/1166
f 739/1493/1167 736/1494/1167 740/1495/1167
f 741/1496/1168 735/1497/1168 734/1498/1168
f 735/1497/1169 737/1499/1169 734/1498/1169
f 740/1495/1170 742/1500/1170 741/1501/1170
f 741/1501/1171 734/1502/1171 740/1495/1171
f 741/1496/1172 742/1503/1172 735/1504/1172
f 735/1504/1173 742/1503/1173 738/1505/1173
f 742/1503/1174 736/1506/1174 738/1505/1174
f 738/1507/1175 736/1494/1175 739/1493/1175
f 734/1508/1176 739/1493/1176 740/1495/1176
f 740/1495/1177 736/1494/1177 742/1500/1177
f 735/1497/1178 738/1492/1178 737/1489/1178
o Cube.007
v 11.305569 1.307825 -8.168346
v 11.482982 1.338120 -8.206030
v 11.283432 1.435609 -8.203107
v 11.352591 1.521855 -8.112964
v 11.303257 1.389316 -8.038063
v 11.401700 1.271335 -8.078697
v 11.478210 1.466120 -8.156912
v 11.400977 1.394501 -8.259630
v 11.480815 1.347052 -8.057840
vn 0.6830 -0.7285 0.0539
vn -0.0282 -0.7100 -0.7037
vn 0.9994 0.0324 0.0127
vn -0.4975 -0.3069 -0.8114
vn -0.9857 -0.1500 0.0763
vn -0.0600 0.7438 -0.6657
vn 0.4845 0.5658 0.6672
vn 0.0618 -0.8996 -0.4324
vn -0.6290 -0.6641 0.4042
vn 0.0350 -0.2992 0.9535
vn -0.8624 0.4510 0.2301
vn 0.1216 0.7690 -0.6276
vn 0.6557 0.2917 -0.6964
vn 0.1995 0.4248 0.8830
vt 0.862532 0.586626
vt 0.666025 0.612825
vt 0.793538 0.524739
vt 0.799625 0.742317
vt 0.596159 0.725728
vt 0.676667 0.500000
vt 0.533198 0.702151
vt 0.502729 0.907748
vt 0.315429 0.689365
vt 0.215046 0.717794
vt 0.139986 0.551629
vt 0.365533 0.517965
vt 0.592775 0.342442
vt 0.523296 0.508923
vt 0.395346 0.376049
vt 0.510142 0.020803
vt 0.592582 0.143625
vt 0.414253 0.208459
s 0
g Cube.007_Material
usemtl Material
f 748/1509/1179 744/1510/1179 751/1511/1179
f 744/1510/1180 743/1512/1180 750/1513/1180
f 751/1511/1181 744/1510/1181 749/1514/1181
f 750/1515/1182 743/1516/1182 745/1517/1182
f 745/1517/1183 743/1518/1183 747/1519/1183
f 746/1520/1184 750/1515/1184 745/1517/1184
f 751/1521/1185 749/1522/1185 746/1523/1185
f 748/1509/1186 743/1512/1186 744/1510/1186
f 743/1524/1187 748/1525/1187 747/1526/1187
f 747/1526/1188 748/1525/1188 751/1521/1188
f 747/1519/1189 746/1520/1189 745/1517/1189
f 746/1520/1190 749/1522/1190 750/1515/1190
f 749/1522/1191 744/1510/1191 750/1515/1191
f 747/1526/1192 751/1521/1192 746/1523/1192
o Cube.008
v 10.353193 1.302500 -8.625762
v 10.497624 1.386941 -8.567094
v 10.603078 1.380404 -8.453321
v 10.517733 1.220637 -8.447655
v 10.480981 1.347851 -8.264168
v 10.330909 1.280790 -8.384515
v 10.306161 1.396936 -8.540461
v 10.609868 1.452404 -8.357304
v 10.440660 1.475047 -8.380608
vn 0.6676 -0.3794 -0.6406
vn 0.8523 -0.4456 0.2739
vn -0.0777 -0.8265 0.5575
vn -0.9272 -0.3555 -0.1176
vn -0.0127 0.9026 -0.4303
vn 0.1737 0.9099 -0.3768
vn -0.6762 0.3692 0.6375
vn -0.0118 0.6732 0.7394
vn 0.5898 0.6255 -0.5108
vn 0.5475 -0.4435 -0.7096
vn 0.7352 -0.4792 0.4795
vn -0.3396 -0.9335 -0.1154
vn -0.0715 0.6487 -0.7576
vn -0.7827 0.4332 0.4469
vt 0.551771 0.821043
vt 0.490236 0.981936
vt 0.443965 0.755163
vt 0.609545 0.740303
vt 0.579499 0.265268
vt 0.447677 0.232718
vt 0.490446 0.016300
vt 0.320967 0.499695
vt 0.242238 0.673984
vt 0.142687 0.564850
vt 0.543218 0.480597
vt 0.654480 0.663904
vt 0.651690 0.523626
vt 0.809399 0.589510
vt 0.375000 0.930496
vt 0.603518 0.001237
vt 0.583364 0.169025
vt 0.384386 0.054537
vt 0.382289 0.419599
s 0
g Cube.008_Material
usemtl Material
f 754/1527/1193 755/1528/1193 753/1529/1193
f 754/1527/1194 759/1530/1194 755/1528/1194
f 756/1531/1195 757/1532/1195 755/1533/1195
f 758/1534/1196 752/1535/1196 757/1536/1196
f 760/1537/1197 753/1529/1197 758/1534/1197
f 760/1537/1198 759/1538/1198 753/1529/1198
f 756/1531/1199 760/1537/1199 757/1532/1199
f 760/1539/1200 756/1540/1200 759/1538/1200
f 759/1538/1201 754/1527/1201 753/1529/1201
f 752/1541/1202 753/1529/1202 755/1528/1202
f 759/1542/1203 756/1543/1203 755/1533/1203
f 752/1544/1204 755/1533/1204 757/1532/1204
f 752/1535/1205 758/1534/1205 753/1529/1205
f 758/1545/1206 757/1532/1206 760/1537/1206
o Cube.009
v 11.979595 1.492341 -9.258438
v 12.129827 1.502823 -9.295506
v 11.863137 1.405729 -9.343817
v 11.874694 1.273128 -9.255062
v 12.246672 1.317559 -9.340007
v 12.214360 1.425273 -9.474557
v 12.079358 1.287826 -9.180410
v 11.971704 1.504876 -9.460368
v 12.104798 1.505053 -9.506606
v 11.978861 1.316421 -9.565756
v 11.910577 1.226068 -9.424847
v 11.855896 1.403823 -9.472741
v 12.169481 1.188719 -9.389714
v 12.047872 1.187240 -9.221283
v 12.129300 1.224788 -9.504579
v 12.002142 1.127205 -9.462255
vn 0.5994 0.7980 -0.0626
vn -0.0651 0.9977 0.0183
vn -0.2922 0.4583 -0.8394
vn -0.7143 -0.3784 -0.5888
vn 0.4658 -0.7845 -0.4093
vn -0.4622 -0.8749 0.1448
vn 0.6567 -0.4511 0.6044
vn 0.3298 0.0749 -0.9411
vn 0.3678 -0.0168 -0.9297
vn 0.8447 -0.3497 -0.4053
vn 0.8504 0.4910 0.1888
vn 0.6486 0.2352 0.7238
vn -0.9713 -0.2316 -0.0552
vn -0.3124 -0.2720 0.9102
vn -0.3485 0.1809 0.9197
vn -0.7088 0.3486 0.6132
vn 0.1881 0.4289 0.8836
vn -0.6289 0.7741 0.0726
vn 0.0199 0.9979 0.0612
vn -0.6588 0.7518 0.0259
vn -0.3081 0.4554 -0.8353
vn 0.2675 -0.9457 0.1848
vn -0.6415 -0.7069 0.2979
vn 0.6629 -0.5799 0.4736
vn 0.0698 -0.4721 -0.8788
vn 0.8487 -0.2943 -0.4394
vn -0.6883 -0.4115 -0.5974
vt 0.875000 0.649805
vt 0.849233 0.683396
vt 0.832712 0.540342
vt 0.580473 0.024703
vt 0.534759 0.188184
vt 0.498710 0.020990
vt 0.437420 0.135101
vt 0.411456 0.342495
vt 0.213804 0.511922
vt 0.337875 0.601179
vt 0.185175 0.619999
vt 0.611440 0.548317
vt 0.438499 0.522151
vt 0.536413 0.434917
vt 0.517900 0.691047
vt 0.378975 0.759339
vt 0.724211 0.603714
vt 0.568883 0.768659
vt 0.609419 0.213408
vt 0.625000 0.382072
vt 0.588498 0.519208
vt 0.209844 0.718096
vt 0.479559 0.953620
vt 0.390901 0.953078
vt 0.565332 0.774863
vt 0.583031 0.973602
vt 0.389658 0.010551
vt 0.376620 0.114133
vt 0.125000 0.581137
vt 0.375000 0.421875
s 0
g Cube.009_Material
usemtl Material
f 769/1546/1207 762/1547/1207 766/1548/1207
f 762/1549/1208 769/1550/1208 761/1551/1208
f 768/1552/1209 769/1550/1209 770/1553/1209
f 770/1554/1210 771/1555/1210 772/1556/1210
f 773/1557/1211 776/1558/1211 775/1559/1211
f 774/1560/1212 764/1561/1212 771/1555/1212
f 765/1562/1213 767/1563/1213 774/1560/1213
f 766/1564/1214 770/1553/1214 769/1550/1214
f 766/1564/1215 775/1559/1215 770/1553/1215
f 775/1559/1216 765/1565/1216 773/1566/1216
f 765/1562/1217 766/1548/1217 762/1547/1217
f 765/1562/1218 762/1547/1218 767/1563/1218
f 763/1567/1219 772/1556/1219 771/1555/1219 764/1561/1219
f 764/1561/1220 774/1560/1220 767/1563/1220
f 767/1563/1221 761/1568/1221 764/1561/1221
f 761/1568/1222 763/1569/1222 764/1561/1222
f 767/1570/1223 762/1571/1223 761/1568/1223
f 761/1551/1224 768/1552/1224 763/1572/1224
f 768/1552/1225 761/1551/1225 769/1550/1225
f 763/1572/1226 768/1552/1226 772/1573/1226
f 770/1554/1227 772/1556/1227 768/1574/1227
f 776/1558/1228 773/1557/1228 774/1560/1228
f 776/1558/1229 774/1560/1229 771/1555/1229
f 773/1557/1230 765/1562/1230 774/1560/1230
f 770/1553/1231 775/1559/1231 776/1558/1231
f 766/1564/1232 765/1565/1232 775/1559/1232
f 771/1575/1233 770/1553/1233 776/1558/1233
o Cube.010
v 11.726830 1.326044 -8.268837
v 11.681686 1.405830 -8.388933
v 11.766425 1.451054 -8.547151
v 11.870728 1.297253 -8.318742
v 11.656779 1.181399 -8.280228
v 11.689264 1.314005 -8.574884
v 11.897416 1.487379 -8.466172
v 11.881746 1.237292 -8.512677
v 11.799401 1.154804 -8.285012
vn -0.1800 -0.8894 -0.4201
vn -0.2237 -0.8877 -0.4025
vn 0.5487 -0.1422 -0.8238
vn 0.3574 0.1491 -0.9220
vn -0.8089 0.5134 -0.2865
vn 0.3200 0.8402 0.4379
vn 0.0172 -0.0868 0.9961
vn 0.3368 0.0539 0.9400
vn -0.9944 0.0732 -0.0767
vn 0.0543 0.6071 0.7928
vn -0.3213 0.9420 0.0972
vn 0.8962 -0.4069 0.1767
vn 0.9938 -0.0772 0.0803
vn -0.7842 0.3388 0.5199
vt 0.856741 0.527884
vt 0.792799 0.664448
vt 0.661337 0.518959
vt 0.570885 0.667835
vt 0.614877 0.834550
vt 0.495616 0.943630
vt 0.319826 0.718976
vt 0.602263 0.105449
vt 0.455701 0.107225
vt 0.553174 0.006579
vt 0.371255 0.573451
vt 0.135465 0.689951
vt 0.165587 0.530358
vt 0.553103 0.308270
vt 0.565029 0.471740
vt 0.392929 0.256090
vt 0.405598 0.560759
vt 0.171875 0.750000
s 0
g Cube.010_Material
usemtl Material
f 781/1576/1234 782/1577/1234 785/1578/1234
f 785/1578/1235 782/1577/1235 784/1579/1235
f 782/1580/1236 779/1581/1236 783/1582/1236
f 784/1579/1237 782/1580/1237 783/1582/1237
f 782/1583/1238 778/1584/1238 779/1585/1238
f 780/1586/1239 778/1587/1239 777/1588/1239
f 781/1589/1240 785/1590/1240 777/1591/1240
f 785/1590/1241 780/1592/1241 777/1591/1241
f 778/1584/1242 782/1583/1242 781/1589/1242
f 780/1586/1243 783/1582/1243 778/1587/1243
f 778/1587/1244 783/1582/1244 779/1593/1244
f 785/1578/1245 784/1579/1245 780/1592/1245
f 784/1579/1246 783/1582/1246 780/1592/1246
f 777/1591/1247 778/1584/1247 781/1589/1247
o Cube.011
v 10.410621 1.124578 -9.412537
v 10.258229 1.430458 -9.494277
v 10.393940 1.402326 -9.316444
v 10.249706 1.237266 -9.357347
v 10.258138 1.198592 -9.532151
v 10.452083 1.235142 -9.575039
v 10.535227 1.273983 -9.381119
v 10.379001 1.338603 -9.640312
v 10.450055 1.416314 -9.496906
vn 0.0745 0.9922 0.1001
vn -0.6763 0.4456 0.5866
vn 0.1171 -0.2969 0.9477
vn -0.5292 -0.8335 0.1589
vn -0.0739 -0.5689 -0.8191
vn 0.0334 -0.8303 -0.5564
vn 0.7720 -0.5995 -0.2109
vn 0.8878 0.1906 -0.4188
vn 0.7123 0.6472 0.2716
vn 0.0570 0.8657 -0.4973
vn 0.8126 0.2385 -0.5318
vn 0.1211 -0.3372 0.9336
vn -0.9987 0.0086 -0.0501
vn -0.7307 0.1103 -0.6737
vt 0.534218 0.539052
vt 0.807613 0.537738
vt 0.651467 0.712344
vt 0.812212 0.722590
vt 0.440472 0.699464
vt 0.505279 0.954605
vt 0.394685 0.910428
vt 0.529494 0.041599
vt 0.440272 0.169217
vt 0.407900 0.015209
vt 0.224689 0.500632
vt 0.298939 0.554231
vt 0.143822 0.628706
vt 0.350796 0.501919
vt 0.236030 0.724989
vt 0.358556 0.714558
vt 0.602122 0.296489
vt 0.527241 0.521298
vt 0.452229 0.375318
s 0
g Cube.011_Material
usemtl Material
f 794/1594/1248 787/1595/1248 788/1596/1248
f 788/1596/1249 787/1595/1249 789/1597/1249
f 792/1598/1250 789/1599/1250 786/1600/1250
f 789/1601/1251 790/1602/1251 786/1603/1251
f 793/1604/1252 791/1605/1252 790/1606/1252
f 790/1606/1253 791/1607/1253 786/1608/1253
f 791/1607/1254 792/1609/1254 786/1608/1254
f 791/1607/1255 794/1594/1255 792/1598/1255
f 794/1594/1256 788/1596/1256 792/1598/1256
f 787/1610/1257 794/1611/1257 793/1612/1257
f 793/1612/1258 794/1594/1258 791/1607/1258
f 788/1596/1259 789/1599/1259 792/1598/1259
f 789/1601/1260 787/1610/1260 790/1602/1260
f 787/1610/1261 793/1612/1261 790/1602/1261
o Cube.006
v 11.213873 1.331781 -9.848355
v 11.361135 1.366557 -10.027752
v 11.418038 1.133396 -9.919648
v 11.202357 1.309731 -9.991029
v 11.329803 1.204888 -10.021068
v 11.236984 1.117548 -9.930223
v 11.296003 1.267075 -9.794578
v 11.384757 1.412454 -9.917235
v 11.483190 1.245842 -9.909379
vn -0.9842 -0.1451 0.1019
vn -0.4728 -0.3421 -0.8120
vn 0.0160 -0.6753 0.7374
vn -0.4923 0.8361 -0.2420
vn -0.3581 0.9267 -0.1143
vn 0.5190 0.3435 0.7827
vn 0.0051 0.6430 0.7658
vn 0.8092 0.4609 -0.3644
vn 0.6078 -0.1500 -0.7798
vn 0.6128 -0.2878 -0.7360
vn 0.1041 -0.7680 -0.6320
vn -0.6835 -0.3238 0.6543
vn 0.4626 -0.3427 0.8177
vn -0.2266 0.0036 -0.9740
vt 0.423616 0.817668
vt 0.438163 0.985880
vt 0.399025 0.926987
vt 0.584080 0.909473
vt 0.477709 0.045024
vt 0.607265 0.122218
vt 0.441545 0.286085
vt 0.565477 0.549583
vt 0.592013 0.712367
vt 0.289400 0.584684
vt 0.400831 0.754486
vt 0.615924 0.357557
vt 0.551199 0.540629
vt 0.429879 0.509305
vt 0.769145 0.562221
vt 0.604783 0.677624
vt 0.780055 0.741830
vt 0.860509 0.631959
vt 0.567506 0.015179
vt 0.377433 0.096481
s 0
g Cube.006_Material
usemtl Material
f 798/1613/1262 800/1614/1262 795/1615/1262
f 799/1616/1263 800/1614/1263 798/1613/1263
f 800/1617/1264 797/1618/1264 801/1619/1264
f 802/1620/1265 796/1621/1265 795/1622/1265
f 796/1621/1266 798/1623/1266 795/1622/1266
f 801/1619/1267 803/1624/1267 802/1625/1267
f 802/1625/1268 795/1626/1268 801/1619/1268
f 802/1620/1269 803/1627/1269 796/1628/1269
f 796/1628/1270 803/1627/1270 799/1629/1270
f 803/1627/1271 797/1630/1271 799/1629/1271
f 799/1631/1272 797/1618/1272 800/1617/1272
f 795/1632/1273 800/1617/1273 801/1619/1273
f 801/1619/1274 797/1618/1274 803/1624/1274
f 796/1621/1275 799/1616/1275 798/1613/1275
o Cube.007
v 12.035460 1.236727 -9.213123
v 12.076448 1.230788 -9.380803
v 11.950905 1.146307 -9.237186
v 11.858378 1.193353 -9.321902
v 11.908331 1.302590 -9.231532
v 12.042530 1.344942 -9.281372
v 11.954209 1.210547 -9.416178
v 12.039948 1.145147 -9.329759
v 11.995096 1.343898 -9.374714
vn 0.7403 0.5530 -0.3824
vn 0.9366 -0.2573 0.2380
vn 0.2371 0.2214 -0.9459
vn 0.5437 -0.6498 0.5311
vn -0.1864 -0.0862 0.9787
vn -0.2589 -0.9363 -0.2373
vn -0.6783 0.3997 -0.6166
vn 0.9686 0.0842 0.2338
vn 0.1480 0.5206 0.8409
vn -0.2579 0.9587 0.1203
vn -0.7172 -0.2193 0.6615
vn -0.2503 -0.8752 -0.4140
vn 0.3135 -0.5812 -0.7509
vn -0.7569 0.5858 -0.2897
vt 0.862532 0.586626
vt 0.666025 0.612825
vt 0.793538 0.524739
vt 0.799625 0.742317
vt 0.596159 0.725728
vt 0.676667 0.500000
vt 0.533198 0.702151
vt 0.502729 0.907748
vt 0.315429 0.689365
vt 0.215046 0.717794
vt 0.139986 0.551629
vt 0.365533 0.517965
vt 0.592775 0.342442
vt 0.523296 0.508923
vt 0.395346 0.376049
vt 0.510142 0.020803
vt 0.592582 0.143625
vt 0.414253 0.208459
s 0
g Cube.007_Material
usemtl Material
f 809/1633/1276 805/1634/1276 812/1635/1276
f 805/1634/1277 804/1636/1277 811/1637/1277
f 812/1635/1278 805/1634/1278 810/1638/1278
f 811/1639/1279 804/1640/1279 806/1641/1279
f 806/1641/1280 804/1642/1280 808/1643/1280
f 807/1644/1281 811/1639/1281 806/1641/1281
f 812/1645/1282 810/1646/1282 807/1647/1282
f 809/1633/1283 804/1636/1283 805/1634/1283
f 804/1648/1284 809/1649/1284 808/1650/1284
f 808/1650/1285 809/1649/1285 812/1645/1285
f 808/1643/1286 807/1644/1286 806/1641/1286
f 807/1644/1287 810/1646/1287 811/1639/1287
f 810/1646/1288 805/1634/1288 811/1639/1288
f 808/1650/1289 812/1645/1289 807/1647/1289
o Cube.008
v 10.538115 1.243962 -8.383018
v 10.649839 1.159146 -8.336419
v 10.774460 1.167050 -8.302314
v 10.725193 1.309862 -8.304384
v 10.854052 1.273794 -8.437361
v 10.697969 1.330597 -8.472832
v 10.589245 1.208688 -8.477544
v 10.853438 1.137353 -8.356386
v 10.768070 1.158291 -8.470000
vn -0.2588 -0.0753 0.9630
vn 0.6061 0.2202 0.7643
vn 0.3287 0.9424 0.0629
vn -0.6150 0.5696 -0.5452
vn -0.2559 -0.9412 -0.2205
vn -0.1152 -0.9887 -0.0956
vn 0.2505 0.0861 -0.9643
vn 0.7126 -0.3604 -0.6019
vn -0.0563 -0.9075 0.4162
vn -0.3867 -0.0027 0.9222
vn 0.7180 0.3529 0.6000
vn -0.3916 0.9034 0.1745
vn -0.5980 -0.8011 -0.0245
vn 0.0424 0.0008 -0.9991
vt 0.551771 0.821043
vt 0.490236 0.981936
vt 0.443965 0.755163
vt 0.609545 0.740303
vt 0.579499 0.265268
vt 0.447677 0.232718
vt 0.490446 0.016300
vt 0.320967 0.499695
vt 0.242238 0.673984
vt 0.142687 0.564850
vt 0.543218 0.480597
vt 0.654480 0.663904
vt 0.651690 0.523626
vt 0.809399 0.589510
vt 0.375000 0.930496
vt 0.603518 0.001237
vt 0.583364 0.169025
vt 0.384386 0.054537
vt 0.382289 0.419599
s 0
g Cube.008_Material
usemtl Material
f 815/1651/1290 816/1652/1290 814/1653/1290
f 815/1651/1291 820/1654/1291 816/1652/1291
f 817/1655/1292 818/1656/1292 816/1657/1292
f 819/1658/1293 813/1659/1293 818/1660/1293
f 821/1661/1294 814/1653/1294 819/1658/1294
f 821/1661/1295 820/1662/1295 814/1653/1295
f 817/1655/1296 821/1661/1296 818/1656/1296
f 821/1663/1297 817/1664/1297 820/1662/1297
f 820/1662/1298 815/1651/1298 814/1653/1298
f 813/1665/1299 814/1653/1299 816/1652/1299
f 820/1666/1300 817/1667/1300 816/1657/1300
f 813/1668/1301 816/1657/1301 818/1656/1301
f 813/1659/1302 819/1658/1302 814/1653/1302
f 819/1669/1303 818/1656/1303 821/1661/1303
o Cube.009
v 10.451668 1.014102 -9.158071
v 10.429172 1.197812 -9.239798
v 10.475233 0.971078 -8.943953
v 10.272780 0.934738 -8.908617
v 10.230445 1.381596 -9.131416
v 10.450284 1.435173 -9.097783
v 10.150021 1.088794 -9.114367
v 10.616630 1.159137 -9.011377
v 10.597526 1.333544 -9.066170
v 10.503802 1.275698 -8.780917
v 10.336980 1.109654 -8.766137
v 10.571560 1.062857 -8.840611
v 10.169765 1.358451 -8.935516
v 10.092615 1.102344 -8.979202
v 10.306788 1.399381 -8.852063
v 10.229298 1.248713 -8.717657
vn 0.4607 0.4252 -0.7791
vn 0.7721 -0.1770 -0.6103
vn 0.9159 0.2081 0.3431
vn 0.2645 -0.1814 0.9472
vn -0.5110 0.7035 0.4940
vn -0.6083 -0.3550 0.7099
vn -0.8895 0.2210 -0.3999
vn 0.4890 0.8095 0.3248
vn 0.4008 0.8438 0.3570
vn -0.2976 0.9545 0.0206
vn 0.0063 0.5130 -0.8584
vn -0.4302 0.0657 -0.9003
vn 0.1534 -0.7181 0.6789
vn -0.6275 -0.7549 -0.1908
vn -0.2757 -0.8411 -0.4653
vn 0.1372 -0.9681 -0.2096
vn -0.2310 -0.4189 -0.8781
vn 0.7440 -0.6345 -0.2094
vn 0.7218 -0.1342 -0.6790
vn 0.7628 -0.6283 -0.1530
vn 0.9163 0.1933 0.3508
vn -0.9098 0.2133 0.3561
vn -0.5114 -0.6078 0.6074
vn -0.9157 0.3178 -0.2461
vn 0.1158 0.6274 0.7700
vn -0.2372 0.9715 0.0030
vn 0.2361 -0.1518 0.9598
vt 0.875000 0.649805
vt 0.849233 0.683396
vt 0.832712 0.540342
vt 0.580473 0.024703
vt 0.534759 0.188184
vt 0.498710 0.020990
vt 0.437420 0.135101
vt 0.411456 0.342495
vt 0.213804 0.511922
vt 0.337875 0.601179
vt 0.185175 0.619999
vt 0.611440 0.548317
vt 0.438499 0.522151
vt 0.536413 0.434917
vt 0.517900 0.691047
vt 0.378975 0.759339
vt 0.724211 0.603714
vt 0.568883 0.768659
vt 0.609419 0.213408
vt 0.625000 0.382072
vt 0.588498 0.519208
vt 0.209844 0.718096
vt 0.479559 0.953620
vt 0.390901 0.953078
vt 0.565332 0.774863
vt 0.583031 0.973602
vt 0.389658 0.010551
vt 0.376620 0.114133
vt 0.125000 0.581137
vt 0.375000 0.421875
s 0
g Cube.009_Material
usemtl Material
f 830/1670/1304 823/1671/1304 827/1672/1304
f 823/1673/1305 830/1674/1305 822/1675/1305
f 829/1676/1306 830/1674/1306 831/1677/1306
f 831/1678/1307 832/1679/1307 833/1680/1307
f 834/1681/1308 837/1682/1308 836/1683/1308
f 835/1684/1309 825/1685/1309 832/1679/1309
f 826/1686/1310 828/1687/1310 835/1684/1310
f 827/1688/1311 831/1677/1311 830/1674/1311
f 827/1688/1312 836/1683/1312 831/1677/1312
f 836/1683/1313 826/1689/1313 834/1690/1313
f 826/1686/1314 827/1672/1314 823/1671/1314
f 826/1686/1315 823/1671/1315 828/1687/1315
f 824/1691/1316 833/1680/1316 832/1679/1316 825/1685/1316
f 825/1685/1317 835/1684/1317 828/1687/1317
f 828/1687/1318 822/1692/1318 825/1685/1318
f 822/1692/1319 824/1693/1319 825/1685/1319
f 828/1694/1320 823/1695/1320 822/1692/1320
f 822/1675/1321 829/1676/1321 824/1696/1321
f 829/1676/1322 822/1675/1322 830/1674/1322
f 824/1696/1323 829/1676/1323 833/1697/1323
f 831/1678/1324 833/1680/1324 829/1698/1324
f 837/1682/1325 834/1681/1325 835/1684/1325
f 837/1682/1326 835/1684/1326 832/1679/1326
f 834/1681/1327 826/1686/1327 835/1684/1327
f 831/1677/1328 836/1683/1328 837/1682/1328
f 827/1688/1329 826/1689/1329 836/1683/1329
f 832/1699/1330 831/1677/1330 837/1682/1330
o Cube.010
v 11.538386 1.288458 -8.403801
v 11.539310 1.182350 -8.276392
v 11.392196 1.073081 -8.188759
v 11.371437 1.280724 -8.435498
v 11.607211 1.202507 -8.542150
v 11.462164 0.971222 -8.313049
v 11.287352 1.211431 -8.193215
v 11.287549 1.073997 -8.436813
v 11.458522 1.239269 -8.585947
vn 0.0301 -0.7129 -0.7006
vn 0.0772 -0.7108 -0.6992
vn -0.7969 -0.6024 0.0451
vn -0.6523 -0.6603 0.3720
vn 0.6590 -0.3559 0.6626
vn -0.1553 0.7585 0.6329
vn 0.3254 0.8672 -0.3769
vn 0.0052 0.9648 -0.2628
vn 0.9076 -0.3670 0.2040
vn 0.2171 0.9160 0.3373
vn 0.3299 0.2791 0.9018
vn -0.7792 0.3196 -0.5391
vn -0.9057 0.3689 -0.2088
vn 0.9129 0.3169 0.2573
vt 0.856741 0.527884
vt 0.792799 0.664448
vt 0.661337 0.518959
vt 0.570885 0.667835
vt 0.614877 0.834550
vt 0.495616 0.943630
vt 0.319826 0.718976
vt 0.602263 0.105449
vt 0.455701 0.107225
vt 0.553174 0.006579
vt 0.371255 0.573451
vt 0.135465 0.689951
vt 0.165587 0.530358
vt 0.553103 0.308270
vt 0.565029 0.471740
vt 0.392929 0.256090
vt 0.405598 0.560759
vt 0.171875 0.750000
s 0
g Cube.010_Material
usemtl Material
f 842/1700/1331 843/1701/1331 846/1702/1331
f 846/1702/1332 843/1701/1332 845/1703/1332
f 843/1704/1333 840/1705/1333 844/1706/1333
f 845/1703/1334 843/1704/1334 844/1706/1334
f 843/1707/1335 839/1708/1335 840/1709/1335
f 841/1710/1336 839/1711/1336 838/1712/1336
f 842/1713/1337 846/1714/1337 838/1715/1337
f 846/1714/1338 841/1716/1338 838/1715/1338
f 839/1708/1339 843/1707/1339 842/1713/1339
f 841/1710/1340 844/1706/1340 839/1711/1340
f 839/1711/1341 844/1706/1341 840/1717/1341
f 846/1702/1342 845/1703/1342 841/1716/1342
f 845/1703/1343 844/1706/1343 841/1716/1343
f 838/1715/1344 839/1708/1344 842/1713/1344
o Cube.011
v 10.512259 0.968451 -9.229941
v 10.235861 1.222395 -8.991324
v 10.496650 1.147020 -8.903274
v 10.346227 0.946686 -9.033287
v 10.258763 1.036545 -9.222348
v 10.439075 1.204026 -9.291574
v 10.638535 1.150449 -9.115251
v 10.299464 1.304294 -9.236896
v 10.447844 1.314605 -9.067804
vn -0.0423 0.6936 0.7191
vn -0.3797 -0.2859 0.8798
vn 0.5947 -0.6814 0.4266
vn -0.2549 -0.9137 -0.3164
vn -0.3619 0.0044 -0.9322
vn -0.1043 -0.2819 -0.9537
vn 0.6639 0.0106 -0.7478
vn 0.5436 0.7438 -0.3889
vn 0.6458 0.6223 0.4423
vn -0.3196 0.9206 0.2243
vn 0.4175 0.8080 -0.4157
vn 0.5977 -0.7011 0.3888
vn -0.8919 -0.3915 0.2265
vn -0.9691 0.1361 -0.2056
vt 0.534218 0.539052
vt 0.807613 0.537738
vt 0.651467 0.712344
vt 0.812212 0.722590
vt 0.440472 0.699464
vt 0.505279 0.954605
vt 0.394685 0.910428
vt 0.529494 0.041599
vt 0.440272 0.169217
vt 0.407900 0.015209
vt 0.224689 0.500632
vt 0.298939 0.554231
vt 0.143822 0.628706
vt 0.350796 0.501919
vt 0.236030 0.724989
vt 0.358556 0.714558
vt 0.602122 0.296489
vt 0.527241 0.521298
vt 0.452229 0.375318
s 0
g Cube.011_Material
usemtl Material
f 855/1718/1345 848/1719/1345 849/1720/1345
f 849/1720/1346 848/1719/1346 850/1721/1346
f 853/1722/1347 850/1723/1347 847/1724/1347
f 850/1725/1348 851/1726/1348 847/1727/1348
f 854/1728/1349 852/1729/1349 851/1730/1349
f 851/1730/1350 852/1731/1350 847/1732/1350
f 852/1731/1351 853/1733/1351 847/1732/1351
f 852/1731/1352 855/1718/1352 853/1722/1352
f 855/1718/1353 849/1720/1353 853/1722/1353
f 848/1734/1354 855/1735/1354 854/1736/1354
f 854/1736/1355 855/1718/1355 852/1731/1355
f 849/1720/1356 850/1723/1356 853/1722/1356
f 850/1725/1357 848/1734/1357 851/1726/1357
f 848/1734/1358 854/1736/1358 851/1726/1358
o Cube.006
v 10.962749 1.092369 -9.883718
v 11.128423 1.052335 -9.846084
v 11.072300 1.196771 -9.726437
v 11.007579 1.016546 -9.821725
v 11.074137 1.084484 -9.740989
v 10.965137 1.114979 -9.713798
v 10.977416 1.174618 -9.857896
v 11.108348 1.110019 -9.913162
v 11.130069 1.201636 -9.804152
vn -0.8838 -0.4621 0.0739
vn -0.0433 -0.7466 0.6639
vn -0.5627 0.7797 0.2747
vn -0.0379 -0.7632 -0.6450
vn 0.0270 -0.6231 -0.7817
vn 0.0962 0.7525 -0.6516
vn -0.2253 0.3282 -0.9174
vn 0.9689 0.0570 -0.2410
vn 0.8598 -0.1468 0.4890
vn 0.8028 -0.0637 0.5928
vn 0.2079 -0.1224 0.9705
vn -0.9839 0.1786 -0.0099
vn -0.1556 0.9863 -0.0539
vn 0.3350 -0.8386 0.4296
vt 0.423616 0.817668
vt 0.438163 0.985880
vt 0.399025 0.926987
vt 0.584080 0.909473
vt 0.477709 0.045024
vt 0.607265 0.122218
vt 0.441545 0.286085
vt 0.565477 0.549583
vt 0.592013 0.712367
vt 0.289400 0.584684
vt 0.400831 0.754486
vt 0.615924 0.357557
vt 0.551199 0.540629
vt 0.429879 0.509305
vt 0.769145 0.562221
vt 0.604783 0.677624
vt 0.780055 0.741830
vt 0.860509 0.631959
vt 0.567506 0.015179
vt 0.377433 0.096481
s 0
g Cube.006_Material
usemtl Material
f 859/1737/1359 861/1738/1359 856/1739/1359
f 860/1740/1360 861/1738/1360 859/1737/1360
f 861/1741/1361 858/1742/1361 862/1743/1361
f 863/1744/1362 857/1745/1362 856/1746/1362
f 857/1745/1363 859/1747/1363 856/1746/1363
f 862/1743/1364 864/1748/1364 863/1749/1364
f 863/1749/1365 856/1750/1365 862/1743/1365
f 863/1744/1366 864/1751/1366 857/1752/1366
f 857/1752/1367 864/1751/1367 860/1753/1367
f 864/1751/1368 858/1754/1368 860/1753/1368
f 860/1755/1369 858/1742/1369 861/1741/1369
f 856/1756/1370 861/1741/1370 862/1743/1370
f 862/1743/1371 858/1742/1371 864/1748/1371
f 857/1745/1372 860/1740/1372 859/1737/1372
o Cube.007
v 11.992356 1.091258 -8.961484
v 11.841828 1.199773 -9.038606
v 11.921561 0.972294 -9.010109
v 11.784364 0.960280 -8.937087
v 11.904773 1.030701 -8.831599
v 11.926191 1.196401 -8.879071
v 11.739182 1.097271 -9.000763
v 11.874410 1.091122 -9.087512
v 11.804382 1.197306 -8.880750
vn 0.0072 0.9998 0.0173
vn 0.6458 0.4659 -0.6049
vn -0.7265 0.6678 -0.1619
vn 0.7216 -0.1534 -0.6751
vn 0.7795 -0.5700 0.2598
vn -0.3327 -0.6038 -0.7244
vn -0.8604 -0.0479 0.5074
vn 0.6578 0.6754 -0.3336
vn 0.8144 0.0601 0.5772
vn -0.0112 0.2767 0.9609
vn 0.2514 -0.9127 0.3223
vn -0.4850 -0.4950 -0.7209
vn -0.5202 0.2159 -0.8263
vn -0.6072 -0.1348 0.7831
vt 0.862532 0.586626
vt 0.666025 0.612825
vt 0.793538 0.524739
vt 0.799625 0.742317
vt 0.596159 0.725728
vt 0.676667 0.500000
vt 0.533198 0.702151
vt 0.502729 0.907748
vt 0.315429 0.689365
vt 0.215046 0.717794
vt 0.139986 0.551629
vt 0.365533 0.517965
vt 0.592775 0.342442
vt 0.523296 0.508923
vt 0.395346 0.376049
vt 0.510142 0.020803
vt 0.592582 0.143625
vt 0.414253 0.208459
s 0
g Cube.007_Material
usemtl Material
f 870/1757/1373 866/1758/1373 873/1759/1373
f 866/1758/1374 865/1760/1374 872/1761/1374
f 873/1759/1375 866/1758/1375 871/1762/1375
f 872/1763/1376 865/1764/1376 867/1765/1376
f 867/1765/1377 865/1766/1377 869/1767/1377
f 868/1768/1378 872/1763/1378 867/1765/1378
f 873/1769/1379 871/1770/1379 868/1771/1379
f 870/1757/1380 865/1760/1380 866/1758/1380
f 865/1772/1381 870/1773/1381 869/1774/1381
f 869/1774/1382 870/1773/1382 873/1769/1382
f 869/1767/1383 868/1768/1383 867/1765/1383
f 868/1768/1384 871/1770/1384 872/1763/1384
f 871/1770/1385 866/1758/1385 872/1763/1385
f 869/1774/1386 873/1769/1386 868/1771/1386
o Cube.008
v 11.683937 1.117901 -9.597372
v 11.549763 0.980596 -9.613092
v 11.441892 0.915263 -9.725124
v 11.565151 1.026070 -9.831398
v 11.334745 1.111791 -9.829893
v 11.507857 1.230256 -9.759278
v 11.557941 1.183301 -9.557688
v 11.312541 0.932934 -9.728565
v 11.348092 1.093332 -9.638841
vn 0.6035 -0.7880 -0.1216
vn -0.0686 -0.6497 -0.7571
vn 0.1287 0.3622 -0.9232
vn 0.4798 0.8733 0.0842
vn -0.2564 -0.2452 0.9349
vn -0.3339 -0.4027 0.8522
vn -0.5932 0.7963 0.1184
vn -0.9818 0.1700 0.0850
vn -0.1249 -0.8000 0.5868
vn 0.7174 -0.6904 -0.0932
vn -0.1797 -0.4679 -0.8653
vn 0.7455 0.3980 -0.5346
vn 0.1611 -0.2663 0.9503
vn -0.4733 0.8247 0.3097
vt 0.551771 0.821043
vt 0.490236 0.981936
vt 0.443965 0.755163
vt 0.609545 0.740303
vt 0.579499 0.265268
vt 0.447677 0.232718
vt 0.490446 0.016300
vt 0.320967 0.499695
vt 0.242238 0.673984
vt 0.142687 0.564850
vt 0.543218 0.480597
vt 0.654480 0.663904
vt 0.651690 0.523626
vt 0.809399 0.589510
vt 0.375000 0.930496
vt 0.603518 0.001237
vt 0.583364 0.169025
vt 0.384386 0.054537
vt 0.382289 0.419599
s 0
g Cube.008_Material
usemtl Material
f 876/1775/1387 877/1776/1387 875/1777/1387
f 876/1775/1388 881/1778/1388 877/1776/1388
f 878/1779/1389 879/1780/1389 877/1781/1389
f 880/1782/1390 874/1783/1390 879/1784/1390
f 882/1785/1391 875/1777/1391 880/1782/1391
f 882/1785/1392 881/1786/1392 875/1777/1392
f 878/1779/1393 882/1785/1393 879/1780/1393
f 882/1787/1394 878/1788/1394 881/1786/1394
f 881/1786/1395 876/1775/1395 875/1777/1395
f 874/1789/1396 875/1777/1396 877/1776/1396
f 881/1790/1397 878/1791/1397 877/1781/1397
f 874/1792/1398 877/1781/1398 879/1780/1398
f 874/1783/1399 880/1782/1399 875/1777/1399
f 880/1793/1400 879/1780/1400 882/1785/1400
o Cube.009
v 11.970827 0.985855 -8.976505
v 11.827271 0.981996 -8.908996
v 12.002844 0.974228 -9.145391
v 12.007708 1.135752 -9.171466
v 11.660356 1.116549 -8.988570
v 11.642771 0.940185 -9.016466
v 11.878257 1.211983 -9.006111
v 11.874002 0.842791 -9.090850
v 11.737540 0.837575 -9.044657
v 11.766589 0.919260 -9.268263
v 11.876485 1.067510 -9.280864
v 11.940473 0.890044 -9.225903
v 11.667850 1.167925 -9.141888
v 11.858779 1.256179 -9.111210
v 11.649871 1.057690 -9.208139
v 11.755599 1.135900 -9.315265
vn -0.3363 -0.5253 0.7816
vn 0.3000 -0.7455 0.5952
vn -0.0833 -0.9325 -0.3515
vn 0.1947 -0.2254 -0.9546
vn -0.7808 0.4104 -0.4710
vn 0.2474 0.6606 -0.7088
vn -0.3362 0.8443 0.4173
vn -0.7389 -0.5962 -0.3138
vn -0.7862 -0.5135 -0.3439
vn -0.9874 0.1582 0.0047
vn -0.4862 -0.0890 0.8693
vn -0.1050 0.4065 0.9076
vn 0.7162 -0.0416 -0.6967
vn 0.6619 0.7269 0.1830
vn 0.8040 0.3881 0.4505
vn 0.9825 0.0005 0.1862
vn 0.4025 0.2789 0.8719
vn 0.7391 -0.6478 0.1847
vn 0.2521 -0.7025 0.6655
vn 0.7343 -0.6666 0.1282
vn -0.0688 -0.9306 -0.3595
vn -0.3495 0.8737 -0.3383
vn 0.5139 0.5998 -0.6134
vn -0.4394 0.8580 0.2660
vn -0.6226 -0.1959 -0.7576
vn -0.9952 0.0958 0.0218
vn 0.1610 -0.2015 -0.9662
vt 0.875000 0.649805
vt 0.849233 0.683396
vt 0.832712 0.540342
vt 0.580473 0.024703
vt 0.534759 0.188184
vt 0.498710 0.020990
vt 0.437420 0.135101
vt 0.411456 0.342495
vt 0.213804 0.511922
vt 0.337875 0.601179
vt 0.185175 0.619999
vt 0.611440 0.548317
vt 0.438499 0.522151
vt 0.536413 0.434917
vt 0.517900 0.691047
vt 0.378975 0.759339
vt 0.724211 0.603714
vt 0.568883 0.768659
vt 0.609419 0.213408
vt 0.625000 0.382072
vt 0.588498 0.519208
vt 0.209844 0.718096
vt 0.479559 0.953620
vt 0.390901 0.953078
vt 0.565332 0.774863
vt 0.583031 0.973602
vt 0.389658 0.010551
vt 0.376620 0.114133
vt 0.125000 0.581137
vt 0.375000 0.421875
s 0
g Cube.009_Material
usemtl Material
f 891/1794/1401 884/1795/1401 888/1796/1401
f 884/1797/1402 891/1798/1402 883/1799/1402
f 890/1800/1403 891/1798/1403 892/1801/1403
f 892/1802/1404 893/1803/1404 894/1804/1404
f 895/1805/1405 898/1806/1405 897/1807/1405
f 896/1808/1406 886/1809/1406 893/1803/1406
f 887/1810/1407 889/1811/1407 896/1808/1407
f 888/1812/1408 892/1801/1408 891/1798/1408
f 888/1812/1409 897/1807/1409 892/1801/1409
f 897/1807/1410 887/1813/1410 895/1814/1410
f 887/1810/1411 888/1796/1411 884/1795/1411
f 887/1810/1412 884/1795/1412 889/1811/1412
f 885/1815/1413 894/1804/1413 893/1803/1413 886/1809/1413
f 886/1809/1414 896/1808/1414 889/1811/1414
f 889/1811/1415 883/1816/1415 886/1809/1415
f 883/1816/1416 885/1817/1416 886/1809/1416
f 889/1818/1417 884/1819/1417 883/1816/1417
f 883/1799/1418 890/1800/1418 885/1820/1418
f 890/1800/1419 883/1799/1419 891/1798/1419
f 885/1820/1420 890/1800/1420 894/1821/1420
f 892/1802/1421 894/1804/1421 890/1822/1421
f 898/1806/1422 895/1805/1422 896/1808/1422
f 898/1806/1423 896/1808/1423 893/1803/1423
f 895/1805/1424 887/1810/1424 896/1808/1424
f 892/1801/1425 897/1807/1425 898/1806/1425
f 888/1812/1426 887/1813/1426 897/1807/1426
f 893/1823/1427 892/1801/1427 898/1806/1427
o Cube.010
v 11.008643 1.049067 -8.358124
v 10.976874 0.947903 -8.389827
v 10.940913 0.897341 -8.510379
v 10.998256 1.098973 -8.459579
v 11.125725 1.045003 -8.343829
v 11.056139 0.879839 -8.500250
v 10.876246 0.991452 -8.530251
v 11.055676 1.020835 -8.572598
v 11.109705 1.116530 -8.420859
vn 0.9466 -0.1130 -0.3018
vn 0.9571 -0.1297 -0.2590
vn 0.0614 -0.1657 -0.9843
vn -0.1339 -0.4528 -0.8815
vn -0.1723 -0.8890 0.4243
vn -0.9495 0.2320 0.2113
vn -0.0586 0.7254 0.6858
vn -0.2885 0.8471 0.4462
vn 0.2720 -0.7196 0.6388
vn -0.6914 0.3812 0.6137
vn -0.7859 -0.4506 0.4234
vn 0.0587 0.8348 -0.5474
vn -0.2686 0.7231 -0.6364
vn -0.1259 -0.2604 0.9572
vt 0.856741 0.527884
vt 0.792799 0.664448
vt 0.661337 0.518959
vt 0.570885 0.667835
vt 0.614877 0.834550
vt 0.495616 0.943630
vt 0.319826 0.718976
vt 0.602263 0.105449
vt 0.455701 0.107225
vt 0.553174 0.006579
vt 0.371255 0.573451
vt 0.135465 0.689951
vt 0.165587 0.530358
vt 0.553103 0.308270
vt 0.565029 0.471740
vt 0.392929 0.256090
vt 0.405598 0.560759
vt 0.171875 0.750000
s 0
g Cube.010_Material
usemtl Material
f 903/1824/1428 904/1825/1428 907/1826/1428
f 907/1826/1429 904/1825/1429 906/1827/1429
f 904/1828/1430 901/1829/1430 905/1830/1430
f 906/1827/1431 904/1828/1431 905/1830/1431
f 904/1831/1432 900/1832/1432 901/1833/1432
f 902/1834/1433 900/1835/1433 899/1836/1433
f 903/1837/1434 907/1838/1434 899/1839/1434
f 907/1838/1435 902/1840/1435 899/1839/1435
f 900/1832/1436 904/1831/1436 903/1837/1436
f 902/1834/1437 905/1830/1437 900/1835/1437
f 900/1835/1438 905/1830/1438 901/1841/1438
f 907/1826/1439 906/1827/1439 902/1840/1439
f 906/1827/1440 905/1830/1440 902/1840/1440
f 899/1839/1441 900/1832/1441 903/1837/1441
o Cube.011
v 10.966639 0.913409 -8.440607
v 10.686695 1.143072 -8.655701
v 10.894338 1.014110 -8.770949
v 10.945470 1.136384 -8.538858
v 10.789833 1.083589 -8.400511
v 10.734016 0.858255 -8.469141
v 10.914264 0.808535 -8.645672
v 10.599438 0.953553 -8.513633
v 10.703238 0.916697 -8.696229
vn -0.4180 0.1304 -0.8990
vn 0.2444 0.8346 -0.4936
vn 0.9705 -0.0139 -0.2407
vn 0.5382 0.3821 0.7512
vn -0.4154 -0.1693 0.8938
vn -0.0514 -0.2793 0.9588
vn 0.1611 -0.8948 0.4165
vn -0.4160 -0.8927 -0.1734
vn -0.0650 -0.5239 -0.8493
vn -0.8668 0.0258 -0.4980
vn -0.5409 -0.8293 -0.1401
vn 0.9792 -0.0277 -0.2011
vn -0.0933 0.9606 0.2616
vn -0.6682 0.6181 0.4141
vt 0.534218 0.539052
vt 0.807613 0.537738
vt 0.651467 0.712344
vt 0.812212 0.722590
vt 0.440472 0.699464
vt 0.505279 0.954605
vt 0.394685 0.910428
vt 0.529494 0.041599
vt 0.440272 0.169217
vt 0.407900 0.015209
vt 0.224689 0.500632
vt 0.298939 0.554231
vt 0.143822 0.628706
vt 0.350796 0.501919
vt 0.236030 0.724989
vt 0.358556 0.714558
vt 0.602122 0.296489
vt 0.527241 0.521298
vt 0.452229 0.375318
s 0
g Cube.011_Material
usemtl Material
f 916/1842/1442 909/1843/1442 910/1844/1442
f 910/1844/1443 909/1843/1443 911/1845/1443
f 914/1846/1444 911/1847/1444 908/1848/1444
f 911/1849/1445 912/1850/1445 908/1851/1445
f 915/1852/1446 913/1853/1446 912/1854/1446
f 912/1854/1447 913/1855/1447 908/1856/1447
f 913/1855/1448 914/1857/1448 908/1856/1448
f 913/1855/1449 916/1842/1449 914/1846/1449
f 916/1842/1450 910/1844/1450 914/1846/1450
f 909/1858/1451 916/1859/1451 915/1860/1451
f 915/1860/1452 916/1842/1452 913/1855/1452
f 910/1844/1453 911/1847/1453 914/1846/1453
f 911/1849/1454 909/1858/1454 912/1850/1454
f 909/1858/1455 915/1860/1455 912/1850/1455
o Cube.006
v 10.980427 0.877889 -9.514478
v 11.034540 0.849436 -9.735269
v 10.957357 1.092390 -9.702962
v 11.102836 0.883255 -9.585008
v 11.073843 1.000356 -9.695728
v 11.068274 1.078850 -9.564766
v 10.903677 0.957798 -9.544436
v 10.926746 0.819891 -9.694213
v 10.894347 0.995520 -9.756257
vn 0.4993 -0.0014 0.8664
vn 0.9814 0.1803 -0.0663
vn -0.4871 0.7402 0.4635
vn 0.3290 -0.9230 0.1996
vn 0.1345 -0.9781 0.1590
vn -0.9841 -0.1774 0.0118
vn -0.7317 -0.5539 0.3973
vn -0.2432 -0.3627 -0.8996
vn 0.3112 0.1642 -0.9360
vn 0.2970 0.3047 -0.9050
vn 0.5836 0.7072 -0.3991
vn -0.0854 0.2768 0.9571
vn -0.8618 0.4915 0.1255
vn 0.9130 -0.1371 -0.3841
vt 0.423616 0.817668
vt 0.438163 0.985880
vt 0.399025 0.926987
vt 0.584080 0.909473
vt 0.477709 0.045024
vt 0.607265 0.122218
vt 0.441545 0.286085
vt 0.565477 0.549583
vt 0.592013 0.712367
vt 0.289400 0.584684
vt 0.400831 0.754486
vt 0.615924 0.357557
vt 0.551199 0.540629
vt 0.429879 0.509305
vt 0.769145 0.562221
vt 0.604783 0.677624
vt 0.780055 0.741830
vt 0.860509 0.631959
vt 0.567506 0.015179
vt 0.377433 0.096481
s 0
g Cube.006_Material
usemtl Material
f 920/1861/1456 922/1862/1456 917/1863/1456
f 921/1864/1457 922/1862/1457 920/1861/1457
f 922/1865/1458 919/1866/1458 923/1867/1458
f 924/1868/1459 918/1869/1459 917/1870/1459
f 918/1869/1460 920/1871/1460 917/1870/1460
f 923/1867/1461 925/1872/1461 924/1873/1461
f 924/1873/1462 917/1874/1462 923/1867/1462
f 924/1868/1463 925/1875/1463 918/1876/1463
f 918/1876/1464 925/1875/1464 921/1877/1464
f 925/1875/1465 919/1878/1465 921/1877/1465
f 921/1879/1466 919/1866/1466 922/1865/1466
f 917/1880/1467 922/1865/1467 923/1867/1467
f 923/1867/1468 919/1866/1468 925/1872/1468
f 918/1869/1469 921/1864/1469 920/1861/1469
o Cube.007
v 11.063230 0.846760 -8.569576
v 11.045536 1.019724 -8.507988
v 10.968631 0.876792 -8.660613
v 10.846000 0.907142 -8.593429
v 10.929208 0.796179 -8.512603
v 11.047410 0.870627 -8.435766
v 10.909644 1.020396 -8.529634
v 11.025851 0.993400 -8.616502
v 10.966747 0.942807 -8.407702
vn 0.5781 0.3616 0.7315
vn 0.9603 0.1754 -0.2168
vn -0.0856 0.8219 0.5631
vn 0.6824 -0.0592 -0.7286
vn 0.1455 -0.8846 -0.4430
vn -0.3310 0.4716 -0.8173
vn -0.8398 0.1843 0.5106
vn 0.9923 0.0638 0.1059
vn 0.4213 -0.8829 0.2073
vn -0.1951 -0.5371 0.8206
vn -0.4613 -0.7218 -0.5160
vn -0.3806 0.6069 -0.6977
vn 0.0435 0.9691 -0.2430
vn -0.8047 -0.1951 0.5607
vt 0.862532 0.586626
vt 0.666025 0.612825
vt 0.793538 0.524739
vt 0.799625 0.742317
vt 0.596159 0.725728
vt 0.676667 0.500000
vt 0.533198 0.702151
vt 0.502729 0.907748
vt 0.315429 0.689365
vt 0.215046 0.717794
vt 0.139986 0.551629
vt 0.365533 0.517965
vt 0.592775 0.342442
vt 0.523296 0.508923
vt 0.395346 0.376049
vt 0.510142 0.020803
vt 0.592582 0.143625
vt 0.414253 0.208459
s 0
g Cube.007_Material
usemtl Material
f 931/1881/1470 927/1882/1470 934/1883/1470
f 927/1882/1471 926/1884/1471 933/1885/1471
f 934/1883/1472 927/1882/1472 932/1886/1472
f 933/1887/1473 926/1888/1473 928/1889/1473
f 928/1889/1474 926/1890/1474 930/1891/1474
f 929/1892/1475 933/1887/1475 928/1889/1475
f 934/1893/1476 932/1894/1476 929/1895/1476
f 931/1881/1477 926/1884/1477 927/1882/1477
f 926/1896/1478 931/1897/1478 930/1898/1478
f 930/1898/1479 931/1897/1479 934/1893/1479
f 930/1891/1480 929/1892/1480 928/1889/1480
f 929/1892/1481 932/1894/1481 933/1887/1481
f 932/1894/1482 927/1882/1482 933/1887/1482
f 930/1898/1483 934/1893/1483 929/1895/1483
o Cube.008
v 10.830693 0.789477 -9.056892
v 10.646699 0.760549 -9.048608
v 10.505523 0.829457 -9.093102
v 10.639488 0.923697 -9.190515
v 10.528115 1.058954 -9.029511
v 10.739936 1.026934 -9.028466
v 10.789470 0.850247 -8.934572
v 10.423282 0.888891 -9.017716
v 10.566761 0.920111 -8.911565
vn -0.0838 -0.6561 -0.7500
vn -0.6310 0.1022 -0.7690
vn 0.1239 0.8003 -0.5866
vn 0.9298 0.3380 0.1455
vn -0.1409 -0.6847 0.7150
vn -0.3168 -0.7043 0.6353
vn 0.0961 0.6598 0.7453
vn -0.5976 0.4159 0.6854
vn -0.4741 -0.8649 0.1647
vn 0.0687 -0.6530 -0.7542
vn -0.6208 0.3335 -0.7095
vn 0.6872 0.3395 -0.6423
vn 0.1572 -0.8623 0.4814
vn 0.2446 0.5076 0.8262
vt 0.551771 0.821043
vt 0.490236 0.981936
vt 0.443965 0.755163
vt 0.609545 0.740303
vt 0.579499 0.265268
vt 0.447677 0.232718
vt 0.490446 0.016300
vt 0.320967 0.499695
vt 0.242238 0.673984
vt 0.142687 0.564850
vt 0.543218 0.480597
vt 0.654480 0.663904
vt 0.651690 0.523626
vt 0.809399 0.589510
vt 0.375000 0.930496
vt 0.603518 0.001237
vt 0.583364 0.169025
vt 0.384386 0.054537
vt 0.382289 0.419599
s 0
g Cube.008_Material
usemtl Material
f 937/1899/1484 938/1900/1484 936/1901/1484
f 937/1899/1485 942/1902/1485 938/1900/1485
f 939/1903/1486 940/1904/1486 938/1905/1486
f 941/1906/1487 935/1907/1487 940/1908/1487
f 943/1909/1488 936/1901/1488 941/1906/1488
f 943/1909/1489 942/1910/1489 936/1901/1489
f 939/1903/1490 943/1909/1490 940/1904/1490
f 943/1911/1491 939/1912/1491 942/1910/1491
f 942/1910/1492 937/1899/1492 936/1901/1492
f 935/1913/1493 936/1901/1493 938/1900/1493
f 942/1914/1494 939/1915/1494 938/1905/1494
f 935/1916/1495 938/1905/1495 940/1904/1495
f 935/1907/1496 941/1906/1496 936/1901/1496
f 941/1917/1497 940/1904/1497 943/1909/1497
o Cube.009
v 11.308762 0.769750 -9.322698
v 11.483624 0.844792 -9.301246
v 11.175694 0.814122 -9.476151
v 11.229058 0.662972 -9.591574
v 11.658933 0.847864 -9.514346
v 11.580050 1.038800 -9.449556
v 11.482827 0.620204 -9.511251
v 11.271305 1.007247 -9.391162
v 11.426490 1.085808 -9.388098
v 11.307001 1.059235 -9.650339
v 11.261287 0.848724 -9.708795
v 11.151231 0.961578 -9.531667
v 11.586835 0.842159 -9.695797
v 11.461092 0.623521 -9.649085
v 11.516178 0.981578 -9.707090
v 11.388468 0.871666 -9.823304
vn 0.4430 0.3950 0.8048
vn -0.2343 0.2799 0.9310
vn -0.4505 0.8853 0.1155
vn -0.6940 0.3286 -0.6406
vn 0.5505 0.2136 -0.8070
vn -0.2870 -0.4751 -0.8318
vn 0.7825 -0.6072 -0.1380
vn 0.2149 0.9570 -0.1949
vn 0.2692 0.9239 -0.2720
vn 0.8470 0.4009 -0.3491
vn 0.7675 0.1023 0.6328
vn 0.6681 -0.5094 0.5423
vn -0.9171 -0.1664 -0.3622
vn -0.1670 -0.9860 0.0026
vn -0.2796 -0.8610 0.4248
vn -0.6927 -0.5760 0.4341
vn 0.1996 -0.6696 0.7154
vn -0.7426 0.0747 0.6656
vn -0.1467 0.2526 0.9564
vn -0.7728 0.1073 0.6255
vn -0.4651 0.8781 0.1121
vn 0.4442 -0.4241 -0.7892
vn -0.4762 -0.5944 -0.6480
vn 0.7976 -0.5229 -0.3005
vn 0.0610 0.6908 -0.7204
vn 0.8379 0.4507 -0.3079
vn -0.6637 0.3305 -0.6710
vt 0.875000 0.649805
vt 0.849233 0.683396
vt 0.832712 0.540342
vt 0.580473 0.024703
vt 0.534759 0.188184
vt 0.498710 0.020990
vt 0.437420 0.135101
vt 0.411456 0.342495
vt 0.213804 0.511922
vt 0.337875 0.601179
vt 0.185175 0.619999
vt 0.611440 0.548317
vt 0.438499 0.522151
vt 0.536413 0.434917
vt 0.517900 0.691047
vt 0.378975 0.759339
vt 0.724211 0.603714
vt 0.568883 0.768659
vt 0.609419 0.213408
vt 0.625000 0.382072
vt 0.588498 0.519208
vt 0.209844 0.718096
vt 0.479559 0.953620
vt 0.390901 0.953078
vt 0.565332 0.774863
vt 0.583031 0.973602
vt 0.389658 0.010551
vt 0.376620 0.114133
vt 0.125000 0.581137
vt 0.375000 0.421875
s 0
g Cube.009_Material
usemtl Material
f 952/1918/1498 945/1919/1498 949/1920/1498
f 945/1921/1499 952/1922/1499 944/1923/1499
f 951/1924/1500 952/1922/1500 953/1925/1500
f 953/1926/1501 954/1927/1501 955/1928/1501
f 956/1929/1502 959/1930/1502 958/1931/1502
f 957/1932/1503 947/1933/1503 954/1927/1503
f 948/1934/1504 950/1935/1504 957/1932/1504
f 949/1936/1505 953/1925/1505 952/1922/1505
f 949/1936/1506 958/1931/1506 953/1925/1506
f 958/1931/1507 948/1937/1507 956/1938/1507
f 948/1934/1508 949/1920/1508 945/1919/1508
f 948/1934/1509 945/1919/1509 950/1935/1509
f 946/1939/1510 955/1928/1510 954/1927/1510 947/1933/1510
f 947/1933/1511 957/1932/1511 950/1935/1511
f 950/1935/1512 944/1940/1512 947/1933/1512
f 944/1940/1513 946/1941/1513 947/1933/1513
f 950/1942/1514 945/1943/1514 944/1940/1514
f 944/1923/1515 951/1924/1515 946/1944/1515
f 951/1924/1516 944/1923/1516 952/1922/1516
f 946/1944/1517 951/1924/1517 955/1945/1517
f 953/1926/1518 955/1928/1518 951/1946/1518
f 959/1930/1519 956/1929/1519 957/1932/1519
f 959/1930/1520 957/1932/1520 954/1927/1520
f 956/1929/1521 948/1934/1521 957/1932/1521
f 953/1925/1522 958/1931/1522 959/1930/1522
f 949/1936/1523 948/1937/1523 958/1931/1523
f 954/1947/1524 953/1925/1524 959/1930/1524
o Cube.010
v 11.589251 0.848359 -9.145787
v 11.723203 0.844619 -9.142204
v 11.831327 0.877525 -9.023059
v 11.570604 0.893152 -9.017103
v 11.544060 0.712965 -9.137919
v 11.803006 0.738964 -9.014252
v 11.758780 0.992951 -8.989559
v 11.670765 0.808119 -8.893524
v 11.495934 0.770517 -9.033232
vn -0.1186 -0.8921 0.4359
vn -0.1180 -0.9119 0.3931
vn 0.3909 -0.0214 0.9202
vn 0.6873 0.0492 0.7247
vn 0.7525 -0.1938 -0.6294
vn 0.0351 0.9454 -0.3240
vn -0.8228 0.2448 -0.5129
vn -0.7974 0.5247 -0.2982
vn 0.4004 -0.5682 -0.7189
vn -0.2891 0.7194 -0.6317
vn 0.5487 0.5320 -0.6449
vn -0.6346 0.2923 0.7154
vn -0.4053 0.5660 0.7179
vn 0.0248 -0.0663 -0.9975
vt 0.856741 0.527884
vt 0.792799 0.664448
vt 0.661337 0.518959
vt 0.570885 0.667835
vt 0.614877 0.834550
vt 0.495616 0.943630
vt 0.319826 0.718976
vt 0.602263 0.105449
vt 0.455701 0.107225
vt 0.553174 0.006579
vt 0.371255 0.573451
vt 0.135465 0.689951
vt 0.165587 0.530358
vt 0.553103 0.308270
vt 0.565029 0.471740
vt 0.392929 0.256090
vt 0.405598 0.560759
vt 0.171875 0.750000
s 0
g Cube.010_Material
usemtl Material
f 964/1948/1525 965/1949/1525 968/1950/1525
f 968/1950/1526 965/1949/1526 967/1951/1526
f 965/1952/1527 962/1953/1527 966/1954/1527
f 967/1951/1528 965/1952/1528 966/1954/1528
f 965/1955/1529 961/1956/1529 962/1957/1529
f 963/1958/1530 961/1959/1530 960/1960/1530
f 964/1961/1531 968/1962/1531 960/1963/1531
f 968/1962/1532 963/1964/1532 960/1963/1532
f 961/1956/1533 965/1955/1533 964/1961/1533
f 963/1958/1534 966/1954/1534 961/1959/1534
f 961/1959/1535 966/1954/1535 962/1965/1535
f 968/1950/1536 967/1951/1536 963/1964/1536
f 967/1951/1537 966/1954/1537 963/1964/1537
f 960/1963/1538 961/1956/1538 964/1961/1538
o Cube.011
v 11.243237 0.980146 -8.663116
v 11.140233 0.674594 -8.480453
v 10.987680 0.818707 -8.592268
v 11.160842 0.923523 -8.472537
v 11.323095 0.837629 -8.517572
v 11.290067 0.781635 -8.720417
v 11.092260 0.881430 -8.766362
v 11.289837 0.652725 -8.643156
v 11.109155 0.686828 -8.680568
vn -0.7109 -0.7001 0.0676
vn -0.5775 0.0219 0.8161
vn -0.5517 0.8340 0.0093
vn 0.5125 0.7371 0.4406
vn 0.9869 -0.0841 -0.1375
vn 0.9301 0.2859 -0.2304
vn 0.3711 0.3373 -0.8652
vn 0.0094 -0.4027 -0.9153
vn -0.7583 -0.3170 -0.5697
vn -0.1789 -0.9833 -0.0323
vn 0.0803 -0.5125 -0.8549
vn -0.5168 0.8561 -0.0020
vn 0.2420 -0.0509 0.9689
vn 0.5911 -0.5232 0.6138
vt 0.534218 0.539052
vt 0.807613 0.537738
vt 0.651467 0.712344
vt 0.812212 0.722590
vt 0.440472 0.699464
vt 0.505279 0.954605
vt 0.394685 0.910428
vt 0.529494 0.041599
vt 0.440272 0.169217
vt 0.407900 0.015209
vt 0.224689 0.500632
vt 0.298939 0.554231
vt 0.143822 0.628706
vt 0.350796 0.501919
vt 0.236030 0.724989
vt 0.358556 0.714558
vt 0.602122 0.296489
vt 0.527241 0.521298
vt 0.452229 0.375318
s 0
g Cube.011_Material
usemtl Material
f 977/1966/1539 970/1967/1539 971/1968/1539
f 971/1968/1540 970/1967/1540 972/1969/1540
f 975/1970/1541 972/1971/1541 969/1972/1541
f 972/1973/1542 973/1974/1542 969/1975/1542
f 976/1976/1543 974/1977/1543 973/1978/1543
f 973/1978/1544 974/1979/1544 969/1980/1544
f 974/1979/1545 975/1981/1545 969/1980/1545
f 974/1979/1546 977/1966/1546 975/1970/1546
f 977/1966/1547 971/1968/1547 975/1970/1547
f 970/1982/1548 977/1983/1548 976/1984/1548
f 976/1984/1549 977/1966/1549 974/1979/1549
f 971/1968/1550 972/1971/1550 975/1970/1550
f 972/1973/1551 970/1982/1551 973/1974/1551
f 970/1982/1552 976/1984/1552 973/1974/1552
o Cube.006
v 11.612171 0.886806 -8.999269
v 11.642330 0.774347 -8.846770
v 11.523733 0.664045 -8.988465
v 11.701794 0.816167 -8.967702
v 11.639771 0.694495 -8.955269
v 11.627715 0.717509 -9.080558
v 11.528674 0.841870 -9.015030
v 11.567657 0.840426 -8.847924
v 11.492824 0.709950 -8.897386
vn 0.5676 0.3981 -0.7206
vn 0.8711 -0.4613 -0.1686
vn -0.6313 -0.0974 -0.7694
vn 0.6067 0.6924 0.3906
vn 0.4339 0.7640 0.4776
vn -0.8804 0.4257 0.2091
vn -0.4881 0.8643 0.1213
vn -0.2205 -0.2326 0.9472
vn 0.1461 -0.7984 0.5841
vn 0.0944 -0.8758 0.4734
vn 0.3019 -0.9321 -0.2003
vn -0.0599 0.4276 -0.9020
vn -0.9498 -0.0202 -0.3121
vn 0.8659 -0.4124 0.2831
vt 0.423616 0.817668
vt 0.438163 0.985880
vt 0.399025 0.926987
vt 0.584080 0.909473
vt 0.477709 0.045024
vt 0.607265 0.122218
vt 0.441545 0.286085
vt 0.565477 0.549583
vt 0.592013 0.712367
vt 0.289400 0.584684
vt 0.400831 0.754486
vt 0.615924 0.357557
vt 0.551199 0.540629
vt 0.429879 0.509305
vt 0.769145 0.562221
vt 0.604783 0.677624
vt 0.780055 0.741830
vt 0.860509 0.631959
vt 0.567506 0.015179
vt 0.377433 0.096481
s 0
g Cube.006_Material
usemtl Material
f 981/1985/1553 983/1986/1553 978/1987/1553
f 982/1988/1554 983/1986/1554 981/1985/1554
f 983/1989/1555 980/1990/1555 984/1991/1555
f 985/1992/1556 979/1993/1556 978/1994/1556
f 979/1993/1557 981/1995/1557 978/1994/1557
f 984/1991/1558 986/1996/1558 985/1997/1558
f 985/1997/1559 978/1998/1559 984/1991/1559
f 985/1992/1560 986/1999/1560 979/2000/1560
f 979/2000/1561 986/1999/1561 982/2001/1561
f 986/1999/1562 980/2002/1562 982/2001/1562
f 982/2003/1563 980/1990/1563 983/1989/1563
f 978/2004/1564 983/1989/1564 984/1991/1564
f 984/1991/1565 980/1990/1565 986/1996/1565
f 979/1993/1566 982/1988/1566 981/1985/1566
o Cube.007
v 11.262492 0.657216 -8.766986
v 11.371737 0.647909 -8.611813
v 11.356976 0.744068 -8.819670
v 11.362554 0.866132 -8.737252
v 11.209186 0.804392 -8.740246
v 11.205481 0.674910 -8.639296
v 11.407682 0.784728 -8.620792
v 11.417613 0.667752 -8.717369
v 11.261832 0.745473 -8.567791
vn -0.2244 -0.5994 0.7683
vn 0.1107 -0.9844 -0.1369
vn 0.3485 -0.0301 0.9368
vn 0.2620 -0.6926 -0.6720
vn -0.4776 -0.0134 -0.8785
vn 0.9019 0.2126 -0.3760
vn -0.0108 0.8176 0.5757
vn -0.1697 -0.9836 0.0605
vn -0.8950 -0.2581 -0.3638
vn -0.8715 0.3167 0.3743
vn -0.2073 0.5539 -0.8064
vn 0.9495 0.2437 -0.1976
vn 0.9097 -0.2157 0.3548
vn -0.3495 0.8488 0.3967
vt 0.862532 0.586626
vt 0.666025 0.612825
vt 0.793538 0.524739
vt 0.799625 0.742317
vt 0.596159 0.725728
vt 0.676667 0.500000
vt 0.533198 0.702151
vt 0.502729 0.907748
vt 0.315429 0.689365
vt 0.215046 0.717794
vt 0.139986 0.551629
vt 0.365533 0.517965
vt 0.592775 0.342442
vt 0.523296 0.508923
vt 0.395346 0.376049
vt 0.510142 0.020803
vt 0.592582 0.143625
vt 0.414253 0.208459
s 0
g Cube.007_Material
usemtl Material
f 992/2005/1567 988/2006/1567 995/2007/1567
f 988/2006/1568 987/2008/1568 994/2009/1568
f 995/2007/1569 988/2006/1569 993/2010/1569
f 994/2011/1570 987/2012/1570 989/2013/1570
f 989/2013/1571 987/2014/1571 991/2015/1571
f 990/2016/1572 994/2011/1572 989/2013/1572
f 995/2017/1573 993/2018/1573 990/2019/1573
f 992/2005/1574 987/2008/1574 988/2006/1574
f 987/2020/1575 992/2021/1575 991/2022/1575
f 991/2022/1576 992/2021/1576 995/2017/1576
f 991/2015/1577 990/2016/1577 989/2013/1577
f 990/2016/1578 993/2018/1578 994/2011/1578
f 993/2018/1579 988/2006/1579 994/2011/1579
f 991/2022/1580 995/2017/1580 990/2019/1580
o Cube.008
v 10.841349 0.513026 -9.087851
v 10.728584 0.613857 -9.015812
v 10.646876 0.732258 -9.044708
v 10.703760 0.679138 -9.197262
v 10.782439 0.869450 -9.139657
v 10.893909 0.717461 -9.178880
v 10.910580 0.605511 -9.032241
v 10.664804 0.838011 -9.007297
v 10.820796 0.792722 -8.995952
vn -0.8076 -0.5814 -0.0987
vn -0.8572 0.2947 -0.4223
vn 0.0374 0.2753 -0.9606
vn 0.8339 -0.3888 -0.3916
vn 0.0820 -0.1516 0.9850
vn -0.0907 -0.0636 0.9938
vn 0.8140 0.5740 0.0892
vn 0.2265 0.8830 0.4110
vn -0.5605 -0.1901 0.8060
vn -0.7106 -0.6874 -0.1501
vn -0.7162 0.4560 -0.5282
vn 0.1735 -0.4375 -0.8823
vn 0.0508 -0.5423 0.8386
vn 0.8983 0.3925 0.1975
vt 0.551771 0.821043
vt 0.490236 0.981936
vt 0.443965 0.755163
vt 0.609545 0.740303
vt 0.579499 0.265268
vt 0.447677 0.232718
vt 0.490446 0.016300
vt 0.320967 0.499695
vt 0.242238 0.673984
vt 0.142687 0.564850
vt 0.543218 0.480597
vt 0.654480 0.663904
vt 0.651690 0.523626
vt 0.809399 0.589510
vt 0.375000 0.930496
vt 0.603518 0.001237
vt 0.583364 0.169025
vt 0.384386 0.054537
vt 0.382289 0.419599
s 0
g Cube.008_Material
usemtl Material
f 998/2023/1581 999/2024/1581 997/2025/1581
f 998/2023/1582 1003/2026/1582 999/2024/1582
f 1000/2027/1583 1001/2028/1583 999/2029/1583
f 1002/2030/1584 996/2031/1584 1001/2032/1584
f 1004/2033/1585 997/2025/1585 1002/2030/1585
f 1004/2033/1586 1003/2034/1586 997/2025/1586
f 1000/2027/1587 1004/2033/1587 1001/2028/1587
f 1004/2035/1588 1000/2036/1588 1003/2034/1588
f 1003/2034/1589 998/2023/1589 997/2025/1589
f 996/2037/1590 997/2025/1590 999/2024/1590
f 1003/2038/1591 1000/2039/1591 999/2029/1591
f 996/2040/1592 999/2029/1592 1001/2028/1592
f 996/2031/1593 1002/2030/1593 997/2025/1593
f 1002/2041/1594 1001/2028/1594 1004/2033/1594
o Cube.009
v 11.706810 0.560019 -8.971147
v 11.705836 0.428184 -9.151607
v 11.635868 0.791976 -8.964873
v 11.420156 0.747097 -8.897050
v 11.441199 0.408026 -9.334074
v 11.641165 0.524923 -9.435079
v 11.378316 0.455463 -9.007500
v 11.792006 0.744584 -9.180441
v 11.782874 0.642985 -9.355989
v 11.563169 0.897731 -9.325682
v 11.403828 0.876999 -9.120634
v 11.676886 0.915680 -9.097710
v 11.292562 0.580868 -9.331768
v 11.257642 0.561358 -9.035082
v 11.387864 0.713940 -9.413381
v 11.261704 0.847095 -9.260339
vn 0.7078 -0.6034 -0.3674
vn 0.9672 -0.2076 0.1464
vn 0.6711 0.6260 -0.3972
vn -0.1396 0.9902 -0.0083
vn -0.7236 0.0994 -0.6830
vn -0.8183 0.4690 0.3323
vn -0.6573 -0.7535 -0.0171
vn 0.2445 0.3198 -0.9154
vn 0.1485 0.3069 -0.9401
vn -0.3534 -0.2920 -0.8887
vn 0.3220 -0.8711 -0.3707
vn -0.0210 -0.9900 0.1398
vn -0.0866 0.8146 0.5736
vn -0.4300 -0.2652 0.8630
vn 0.0097 -0.3554 0.9347
vn 0.2876 0.0621 0.9557
vn 0.1885 -0.7935 0.5787
vn 0.8111 0.2336 0.5362
vn 0.9467 -0.2976 0.1230
vn 0.8042 0.2903 0.5187
vn 0.6694 0.6360 -0.3840
vn -0.9892 -0.0820 -0.1218
vn -0.6680 0.4665 0.5797
vn -0.7525 -0.6454 -0.1310
vn -0.2644 0.6090 -0.7478
vn -0.2926 -0.2875 -0.9120
vn -0.1729 0.9843 -0.0348
vt 0.875000 0.649805
vt 0.849233 0.683396
vt 0.832712 0.540342
vt 0.580473 0.024703
vt 0.534759 0.188184
vt 0.498710 0.020990
vt 0.437420 0.135101
vt 0.411456 0.342495
vt 0.213804 0.511922
vt 0.337875 0.601179
vt 0.185175 0.619999
vt 0.611440 0.548317
vt 0.438499 0.522151
vt 0.536413 0.434917
vt 0.517900 0.691047
vt 0.378975 0.759339
vt 0.724211 0.603714
vt 0.568883 0.768659
vt 0.609419 0.213408
vt 0.625000 0.382072
vt 0.588498 0.519208
vt 0.209844 0.718096
vt 0.479559 0.953620
vt 0.390901 0.953078
vt 0.565332 0.774863
vt 0.583031 0.973602
vt 0.389658 0.010551
vt 0.376620 0.114133
vt 0.125000 0.581137
vt 0.375000 0.421875
s 0
g Cube.009_Material
usemtl Material
f 1013/2042/1595 1006/2043/1595 1010/2044/1595
f 1006/2045/1596 1013/2046/1596 1005/2047/1596
f 1012/2048/1597 1013/2046/1597 1014/2049/1597
f 1014/2050/1598 1015/2051/1598 1016/2052/1598
f 1017/2053/1599 1020/2054/1599 1019/2055/1599
f 1018/2056/1600 1008/2057/1600 1015/2051/1600
f 1009/2058/1601 1011/2059/1601 1018/2056/1601
f 1010/2060/1602 1014/2049/1602 1013/2046/1602
f 1010/2060/1603 1019/2055/1603 1014/2049/1603
f 1019/2055/1604 1009/2061/1604 1017/2062/1604
f 1009/2058/1605 1010/2044/1605 1006/2043/1605
f 1009/2058/1606 1006/2043/1606 1011/2059/1606
f 1007/2063/1607 1016/2052/1607 1015/2051/1607 1008/2057/1607
f 1008/2057/1608 1018/2056/1608 1011/2059/1608
f 1011/2059/1609 1005/2064/1609 1008/2057/1609
f 1005/2064/1610 1007/2065/1610 1008/2057/1610
f 1011/2066/1611 1006/2067/1611 1005/2064/1611
f 1005/2047/1612 1012/2048/1612 1007/2068/1612
f 1012/2048/1613 1005/2047/1613 1013/2046/1613
f 1007/2068/1614 1012/2048/1614 1016/2069/1614
f 1014/2050/1615 1016/2052/1615 1012/2070/1615
f 1020/2054/1616 1017/2053/1616 1018/2056/1616
f 1020/2054/1617 1018/2056/1617 1015/2051/1617
f 1017/2053/1618 1009/2058/1618 1018/2056/1618
f 1014/2049/1619 1019/2055/1619 1020/2054/1619
f 1010/2060/1620 1009/2061/1620 1019/2055/1620
f 1015/2071/1621 1014/2049/1621 1020/2054/1621
o Cube.010
v 10.942608 0.605635 -8.967462
v 10.866681 0.540966 -8.876205
v 10.882608 0.520549 -8.712633
v 11.042079 0.646854 -8.880052
v 10.874901 0.729264 -8.997686
v 10.803637 0.638195 -8.731119
v 11.020253 0.492293 -8.729903
v 10.980409 0.716735 -8.723850
v 10.989280 0.764761 -8.947424
vn -0.3725 0.9041 0.2093
vn -0.4057 0.8968 0.1765
vn 0.1735 0.2655 0.9484
vn -0.0270 -0.0317 0.9991
vn -0.8311 -0.5561 0.0115
vn 0.5058 -0.8442 -0.1775
vn 0.4031 -0.0030 -0.9152
vn 0.6812 -0.1086 -0.7240
vn -0.9398 -0.1553 -0.3043
vn 0.3902 -0.6693 -0.6323
vn -0.2122 -0.9720 -0.1007
vn 0.8732 0.4683 0.1352
vn 0.9405 0.1589 0.3003
vn -0.4998 -0.4540 -0.7376
vt 0.856741 0.527884
vt 0.792799 0.664448
vt 0.661337 0.518959
vt 0.570885 0.667835
vt 0.614877 0.834550
vt 0.495616 0.943630
vt 0.319826 0.718976
vt 0.602263 0.105449
vt 0.455701 0.107225
vt 0.553174 0.006579
vt 0.371255 0.573451
vt 0.135465 0.689951
vt 0.165587 0.530358
vt 0.553103 0.308270
vt 0.565029 0.471740
vt 0.392929 0.256090
vt 0.405598 0.560759
vt 0.171875 0.750000
s 0
g Cube.010_Material
usemtl Material
f 1025/2072/1622 1026/2073/1622 1029/2074/1622
f 1029/2074/1623 1026/2073/1623 1028/2075/1623
f 1026/2076/1624 1023/2077/1624 1027/2078/1624
f 1028/2075/1625 1026/2076/1625 1027/2078/1625
f 1026/2079/1626 1022/2080/1626 1023/2081/1626
f 1024/2082/1627 1022/2083/1627 1021/2084/1627
f 1025/2085/1628 1029/2086/1628 1021/2087/1628
f 1029/2086/1629 1024/2088/1629 1021/2087/1629
f 1022/2080/1630 1026/2079/1630 1025/2085/1630
f 1024/2082/1631 1027/2078/1631 1022/2083/1631
f 1022/2083/1632 1027/2078/1632 1023/2089/1632
f 1029/2074/1633 1028/2075/1633 1024/2088/1633
f 1028/2075/1634 1027/2078/1634 1024/2088/1634
f 1021/2087/1635 1022/2080/1635 1025/2085/1635
o Cube.011
v 11.069880 0.693597 -9.242681
v 10.705443 0.572374 -9.149316
v 10.764697 0.681235 -9.370582
v 10.871487 0.780178 -9.166327
v 10.946033 0.628973 -9.055754
v 11.007084 0.478377 -9.214520
v 10.971470 0.601788 -9.418823
v 10.880615 0.413132 -9.140745
v 10.809334 0.480265 -9.315283
vn -0.8746 -0.2992 -0.3814
vn -0.7732 0.6261 0.1010
vn 0.1621 0.8350 -0.5258
vn 0.5029 0.6579 0.5606
vn 0.6112 -0.4434 0.6556
vn 0.8475 -0.1821 0.4986
vn 0.8903 -0.3041 -0.3389
vn 0.2634 -0.8047 -0.5320
vn -0.3295 -0.3178 -0.8890
vn -0.6724 -0.7402 -0.0101
vn 0.2076 -0.8816 -0.4239
vn 0.2020 0.8358 -0.5105
vn -0.4123 0.3966 0.8202
vn -0.2924 -0.2723 0.9167
vt 0.534218 0.539052
vt 0.807613 0.537738
vt 0.651467 0.712344
vt 0.812212 0.722590
vt 0.440472 0.699464
vt 0.505279 0.954605
vt 0.394685 0.910428
vt 0.529494 0.041599
vt 0.440272 0.169217
vt 0.407900 0.015209
vt 0.224689 0.500632
vt 0.298939 0.554231
vt 0.143822 0.628706
vt 0.350796 0.501919
vt 0.236030 0.724989
vt 0.358556 0.714558
vt 0.602122 0.296489
vt 0.527241 0.521298
vt 0.452229 0.375318
s 0
g Cube.011_Material
usemtl Material
f 1038/2090/1636 1031/2091/1636 1032/2092/1636
f 1032/2092/1637 1031/2091/1637 1033/2093/1637
f 1036/2094/1638 1033/2095/1638 1030/2096/1638
f 1033/2097/1639 1034/2098/1639 1030/2099/1639
f 1037/2100/1640 1035/2101/1640 1034/2102/1640
f 1034/2102/1641 1035/2103/1641 1030/2104/1641
f 1035/2103/1642 1036/2105/1642 1030/2104/1642
f 1035/2103/1643 1038/2090/1643 1036/2094/1643
f 1038/2090/1644 1032/2092/1644 1036/2094/1644
f 1031/2106/1645 1038/2107/1645 1037/2108/1645
f 1037/2108/1646 1038/2090/1646 1035/2103/1646
f 1032/2092/1647 1033/2095/1647 1036/2094/1647
f 1033/2097/1648 1031/2106/1648 1034/2098/1648
f 1031/2106/1649 1037/2108/1649 1034/2098/1649
o Cube.006
v 11.166299 0.596407 -9.498934
v 11.017460 0.617648 -9.342665
v 11.187067 0.461868 -9.264421
v 11.148851 0.686346 -9.401395
v 11.152053 0.597772 -9.274247
v 11.287072 0.583306 -9.323993
v 11.186396 0.495192 -9.464959
v 11.002707 0.544826 -9.427411
v 11.075654 0.438176 -9.303598
vn 0.6819 0.5945 -0.4262
vn 0.2847 0.7899 0.5431
vn 0.7391 -0.6640 -0.1128
vn -0.4574 0.7123 -0.5324
vn -0.5636 0.5546 -0.6122
vn -0.3198 -0.8029 -0.5032
vn -0.2783 -0.3549 -0.8925
vn -0.9115 -0.2199 0.3476
vn -0.4468 0.0496 0.8933
vn -0.3286 -0.0164 0.9443
vn 0.3562 0.1584 0.9209
vn 0.8216 -0.0280 -0.5693
vn 0.2586 -0.9528 -0.1592
vn -0.1687 0.8068 0.5663
vt 0.423616 0.817668
vt 0.438163 0.985880
vt 0.399025 0.926987
vt 0.584080 0.909473
vt 0.477709 0.045024
vt 0.607265 0.122218
vt 0.441545 0.286085
vt 0.565477 0.549583
vt 0.592013 0.712367
vt 0.289400 0.584684
vt 0.400831 0.754486
vt 0.615924 0.357557
vt 0.551199 0.540629
vt 0.429879 0.509305
vt 0.769145 0.562221
vt 0.604783 0.677624
vt 0.780055 0.741830
vt 0.860509 0.631959
vt 0.567506 0.015179
vt 0.377433 0.096481
s 0
g Cube.006_Material
usemtl Material
f 1042/2109/1650 1044/2110/1650 1039/2111/1650
f 1043/2112/1651 1044/2110/1651 1042/2109/1651
f 1044/2113/1652 1041/2114/1652 1045/2115/1652
f 1046/2116/1653 1040/2117/1653 1039/2118/1653
f 1040/2117/1654 1042/2119/1654 1039/2118/1654
f 1045/2115/1655 1047/2120/1655 1046/2121/1655
f 1046/2121/1656 1039/2122/1656 1045/2115/1656
f 1046/2116/1657 1047/2123/1657 1040/2124/1657
f 1040/2124/1658 1047/2123/1658 1043/2125/1658
f 1047/2123/1659 1041/2126/1659 1043/2125/1659
f 1043/2127/1660 1041/2114/1660 1044/2113/1660
f 1039/2128/1661 1044/2113/1661 1045/2115/1661
f 1045/2115/1662 1041/2114/1662 1047/2120/1662
f 1040/2117/1663 1043/2112/1663 1042/2109/1663
o Cube.007
v 11.327043 0.539576 -8.824713
v 11.478248 0.480816 -8.897752
v 11.265298 0.452018 -8.898163
v 11.283951 0.482692 -9.031417
v 11.278928 0.611489 -8.945636
v 11.414341 0.625358 -8.874105
v 11.421265 0.462662 -9.016237
v 11.391708 0.415113 -8.885371
v 11.454395 0.601799 -8.971434
vn 0.8934 0.3487 0.2833
vn 0.3327 -0.2678 0.9042
vn 0.9031 -0.0791 -0.4222
vn -0.2353 -0.5219 0.8199
vn -0.8579 0.2126 0.4678
vn -0.2479 -0.9359 -0.2502
vn 0.1448 0.2719 -0.9514
vn 0.4512 0.0538 0.8908
vn -0.3801 0.7207 0.5798
vn 0.0203 0.9736 -0.2273
vn -0.9907 0.0466 -0.1280
vn -0.0958 -0.9284 -0.3590
vn 0.5827 -0.7972 -0.1581
vn -0.0917 0.5495 -0.8304
vt 0.862532 0.586626
vt 0.666025 0.612825
vt 0.793538 0.524739
vt 0.799625 0.742317
vt 0.596159 0.725728
vt 0.676667 0.500000
vt 0.533198 0.702151
vt 0.502729 0.907748
vt 0.315429 0.689365
vt 0.215046 0.717794
vt 0.139986 0.551629
vt 0.365533 0.517965
vt 0.592775 0.342442
vt 0.523296 0.508923
vt 0.395346 0.376049
vt 0.510142 0.020803
vt 0.592582 0.143625
vt 0.414253 0.208459
s 0
g Cube.007_Material
usemtl Material
f 1053/2129/1664 1049/2130/1664 1056/2131/1664
f 1049/2130/1665 1048/2132/1665 1055/2133/1665
f 1056/2131/1666 1049/2130/1666 1054/2134/1666
f 1055/2135/1667 1048/2136/1667 1050/2137/1667
f 1050/2137/1668 1048/2138/1668 1052/2139/1668
f 1051/2140/1669 1055/2135/1669 1050/2137/1669
f 1056/2141/1670 1054/2142/1670 1051/2143/1670
f 1053/2129/1671 1048/2132/1671 1049/2130/1671
f 1048/2144/1672 1053/2145/1672 1052/2146/1672
f 1052/2146/1673 1053/2145/1673 1056/2141/1673
f 1052/2139/1674 1051/2140/1674 1050/2137/1674
f 1051/2140/1675 1054/2142/1675 1055/2135/1675
f 1054/2142/1676 1049/2130/1676 1055/2135/1676
f 1052/2146/1677 1056/2141/1677 1051/2143/1677
o Cube.008
v 10.943604 0.413128 -9.186486
v 11.002451 0.508384 -9.100233
v 11.033480 0.524121 -8.981446
v 11.006596 0.382806 -8.994816
v 10.888165 0.467914 -8.888652
v 10.844530 0.386114 -9.021995
v 10.860985 0.473093 -9.150764
v 10.988004 0.578569 -8.917023
v 10.877308 0.559014 -8.995958
vn 0.9599 -0.1609 -0.2294
vn 0.7133 -0.1993 0.6719
vn -0.1084 -0.8312 0.5454
vn -0.6413 -0.5953 -0.4841
vn -0.0466 0.8755 -0.4810
vn 0.0852 0.9327 -0.3506
vn -0.9632 0.1489 0.2239
vn -0.5244 0.6222 0.5813
vn 0.5739 0.7788 -0.2531
vn 0.9063 -0.2538 -0.3380
vn 0.5279 -0.2699 0.8053
vn 0.0064 -0.9874 -0.1583
vn 0.1198 0.6247 -0.7716
vn -0.9825 0.1862 0.0002
vt 0.551771 0.821043
vt 0.490236 0.981936
vt 0.443965 0.755163
vt 0.609545 0.740303
vt 0.579499 0.265268
vt 0.447677 0.232718
vt 0.490446 0.016300
vt 0.320967 0.499695
vt 0.242238 0.673984
vt 0.142687 0.564850
vt 0.543218 0.480597
vt 0.654480 0.663904
vt 0.651690 0.523626
vt 0.809399 0.589510
vt 0.375000 0.930496
vt 0.603518 0.001237
vt 0.583364 0.169025
vt 0.384386 0.054537
vt 0.382289 0.419599
s 0
g Cube.008_Material
usemtl Material
f 1059/2147/1678 1060/2148/1678 1058/2149/1678
f 1059/2147/1679 1064/2150/1679 1060/2148/1679
f 1061/2151/1680 1062/2152/1680 1060/2153/1680
f 1063/2154/1681 1057/2155/1681 1062/2156/1681
f 1065/2157/1682 1058/2149/1682 1063/2154/1682
f 1065/2157/1683 1064/2158/1683 1058/2149/1683
f 1061/2151/1684 1065/2157/1684 1062/2152/1684
f 1065/2159/1685 1061/2160/1685 1064/2158/1685
f 1064/2158/1686 1059/2147/1686 1058/2149/1686
f 1057/2161/1687 1058/2149/1687 1060/2148/1687
f 1064/2162/1688 1061/2163/1688 1060/2153/1688
f 1057/2164/1689 1060/2153/1689 1062/2152/1689
f 1057/2155/1690 1063/2154/1690 1058/2149/1690
f 1063/2165/1691 1062/2152/1691 1065/2157/1691
o Cube.009
v 11.000030 0.295151 -9.155758
v 10.844955 0.390977 -9.121892
v 11.182088 0.335743 -9.080062
v 11.167373 0.215672 -8.931924
v 10.776416 0.448527 -8.870125
v 10.837387 0.608693 -8.990861
v 10.908722 0.204869 -8.898434
v 11.082095 0.522851 -9.152871
v 10.951947 0.621252 -9.111022
v 11.158946 0.610623 -8.922449
v 11.202971 0.411527 -8.850818
v 11.239290 0.478579 -9.067369
v 10.911530 0.454844 -8.737929
v 10.983078 0.222106 -8.786906
v 10.990883 0.577189 -8.779860
v 11.139167 0.467797 -8.706895
vn -0.6954 0.3527 -0.6261
vn -0.1445 0.1135 -0.9830
vn 0.4449 0.7775 -0.4445
vn 0.9241 0.2927 0.2456
vn -0.1461 0.4042 0.9029
vn 0.5575 -0.4021 0.7263
vn -0.7101 -0.4486 0.5427
vn -0.0234 0.9964 0.0818
vn -0.0439 0.9829 0.1787
vn -0.5855 0.5755 0.5710
vn -0.9465 0.1417 -0.2900
vn -0.8774 -0.4609 -0.1335
vn 0.9645 -0.2641 -0.0006
vn 0.0564 -0.9917 0.1157
vn -0.0036 -0.9432 -0.3322
vn 0.3940 -0.7328 -0.5548
vn -0.5393 -0.7163 -0.4427
vn 0.4059 -0.1348 -0.9039
vn -0.2370 0.0977 -0.9666
vn 0.4528 -0.1026 -0.8857
vn 0.4589 0.7685 -0.4458
vn -0.1178 -0.2390 0.9638
vn 0.6420 -0.5735 0.5088
vn -0.6488 -0.3425 0.6795
vn 0.3073 0.7801 0.5451
vn -0.5896 0.6172 0.5210
vn 0.9094 0.3035 0.2845
vt 0.875000 0.649805
vt 0.849233 0.683396
vt 0.832712 0.540342
vt 0.580473 0.024703
vt 0.534759 0.188184
vt 0.498710 0.020990
vt 0.437420 0.135101
vt 0.411456 0.342495
vt 0.213804 0.511922
vt 0.337875 0.601179
vt 0.185175 0.619999
vt 0.611440 0.548317
vt 0.438499 0.522151
vt 0.536413 0.434917
vt 0.517900 0.691047
vt 0.378975 0.759339
vt 0.724211 0.603714
vt 0.568883 0.768659
vt 0.609419 0.213408
vt 0.625000 0.382072
vt 0.588498 0.519208
vt 0.209844 0.718096
vt 0.479559 0.953620
vt 0.390901 0.953078
vt 0.565332 0.774863
vt 0.583031 0.973602
vt 0.389658 0.010551
vt 0.376620 0.114133
vt 0.125000 0.581137
vt 0.375000 0.421875
s 0
g Cube.009_Material
usemtl Material
f 1074/2166/1692 1067/2167/1692 1071/2168/1692
f 1067/2169/1693 1074/2170/1693 1066/2171/1693
f 1073/2172/1694 1074/2170/1694 1075/2173/1694
f 1075/2174/1695 1076/2175/1695 1077/2176/1695
f 1078/2177/1696 1081/2178/1696 1080/2179/1696
f 1079/2180/1697 1069/2181/1697 1076/2175/1697
f 1070/2182/1698 1072/2183/1698 1079/2180/1698
f 1071/2184/1699 1075/2173/1699 1074/2170/1699
f 1071/2184/1700 1080/2179/1700 1075/2173/1700
f 1080/2179/1701 1070/2185/1701 1078/2186/1701
f 1070/2182/1702 1071/2168/1702 1067/2167/1702
f 1070/2182/1703 1067/2167/1703 1072/2183/1703
f 1068/2187/1704 1077/2176/1704 1076/2175/1704 1069/2181/1704
f 1069/2181/1705 1079/2180/1705 1072/2183/1705
f 1072/2183/1706 1066/2188/1706 1069/2181/1706
f 1066/2188/1707 1068/2189/1707 1069/2181/1707
f 1072/2190/1708 1067/2191/1708 1066/2188/1708
f 1066/2171/1709 1073/2172/1709 1068/2192/1709
f 1073/2172/1710 1066/2171/1710 1074/2170/1710
f 1068/2192/1711 1073/2172/1711 1077/2193/1711
f 1075/2174/1712 1077/2176/1712 1073/2194/1712
f 1081/2178/1713 1078/2177/1713 1079/2180/1713
f 1081/2178/1714 1079/2180/1714 1076/2175/1714
f 1078/2177/1715 1070/2182/1715 1079/2180/1715
f 1075/2173/1716 1080/2179/1716 1081/2178/1716
f 1071/2184/1717 1070/2185/1717 1080/2179/1717
f 1076/2195/1718 1075/2173/1718 1081/2178/1718
o Cube.010
v 11.148305 0.399311 -9.279180
v 11.251244 0.352844 -9.324158
v 11.394544 0.377176 -9.291714
v 11.201526 0.477952 -9.198323
v 11.097681 0.309151 -9.200985
v 11.356714 0.279164 -9.217718
v 11.372279 0.502491 -9.288748
v 11.323447 0.412616 -9.111016
v 11.119049 0.400835 -9.131854
vn -0.0177 -0.5993 0.8003
vn -0.0427 -0.6304 0.7751
vn 0.8033 0.1290 0.5815
vn 0.9614 0.0203 0.2744
vn 0.2713 -0.6444 -0.7149
vn 0.0146 0.7120 -0.7021
vn -0.9167 0.3537 -0.1857
vn -0.7380 0.6571 -0.1534
vn -0.1314 -0.8713 -0.4729
vn -0.4540 0.5357 -0.7120
vn 0.2106 0.0605 -0.9757
vn -0.1116 0.7146 0.6906
vn 0.1264 0.8708 0.4751
vn -0.5095 -0.3825 -0.7708
vt 0.856741 0.527884
vt 0.792799 0.664448
vt 0.661337 0.518959
vt 0.570885 0.667835
vt 0.614877 0.834550
vt 0.495616 0.943630
vt 0.319826 0.718976
vt 0.602263 0.105449
vt 0.455701 0.107225
vt 0.553174 0.006579
vt 0.371255 0.573451
vt 0.135465 0.689951
vt 0.165587 0.530358
vt 0.553103 0.308270
vt 0.565029 0.471740
vt 0.392929 0.256090
vt 0.405598 0.560759
vt 0.171875 0.750000
s 0
g Cube.010_Material
usemtl Material
f 1086/2196/1719 1087/2197/1719 1090/2198/1719
f 1090/2198/1720 1087/2197/1720 1089/2199/1720
f 1087/2200/1721 1084/2201/1721 1088/2202/1721
f 1089/2199/1722 1087/2200/1722 1088/2202/1722
f 1087/2203/1723 1083/2204/1723 1084/2205/1723
f 1085/2206/1724 1083/2207/1724 1082/2208/1724
f 1086/2209/1725 1090/2210/1725 1082/2211/1725
f 1090/2210/1726 1085/2212/1726 1082/2211/1726
f 1083/2204/1727 1087/2203/1727 1086/2209/1727
f 1085/2206/1728 1088/2202/1728 1083/2207/1728
f 1083/2207/1729 1088/2202/1729 1084/2213/1729
f 1090/2198/1730 1089/2199/1730 1085/2212/1730
f 1089/2199/1731 1088/2202/1731 1085/2212/1731
f 1082/2211/1732 1083/2204/1732 1086/2209/1732
o Cube.011
v 11.249663 0.463662 -9.100411
v 11.291308 0.295082 -8.793045
v 11.099889 0.289587 -8.914036
v 11.203725 0.487737 -8.902069
v 11.378432 0.461013 -8.936543
v 11.373392 0.307355 -9.068971
v 11.162231 0.286131 -9.106649
v 11.427867 0.251852 -8.948768
v 11.259108 0.193180 -8.954076
vn -0.3264 -0.7679 0.5512
vn -0.5251 0.2256 0.8206
vn -0.8644 0.4346 -0.2529
vn 0.1334 0.9871 -0.0889
vn 0.9215 0.2358 -0.3087
vn 0.7062 0.4488 -0.5476
vn 0.1807 -0.0545 -0.9820
vn 0.1847 -0.7828 -0.5942
vn -0.5404 -0.8260 -0.1601
vn 0.2758 -0.8362 0.4740
vn 0.2971 -0.8085 -0.5080
vn -0.8430 0.4587 -0.2811
vn 0.2420 0.5589 0.7932
vn 0.7635 0.1436 0.6296
vt 0.534218 0.539052
vt 0.807613 0.537738
vt 0.651467 0.712344
vt 0.812212 0.722590
vt 0.440472 0.699464
vt 0.505279 0.954605
vt 0.394685 0.910428
vt 0.529494 0.041599
vt 0.440272 0.169217
vt 0.407900 0.015209
vt 0.224689 0.500632
vt 0.298939 0.554231
vt 0.143822 0.628706
vt 0.350796 0.501919
vt 0.236030 0.724989
vt 0.358556 0.714558
vt 0.602122 0.296489
vt 0.527241 0.521298
vt 0.452229 0.375318
s 0
g Cube.011_Material
usemtl Material
f 1099/2214/1733 1092/2215/1733 1093/2216/1733
f 1093/2216/1734 1092/2215/1734 1094/2217/1734
f 1097/2218/1735 1094/2219/1735 1091/2220/1735
f 1094/2221/1736 1095/2222/1736 1091/2223/1736
f 1098/2224/1737 1096/2225/1737 1095/2226/1737
f 1095/2226/1738 1096/2227/1738 1091/2228/1738
f 1096/2227/1739 1097/2229/1739 1091/2228/1739
f 1096/2227/1740 1099/2214/1740 1097/2218/1740
f 1099/2214/1741 1093/2216/1741 1097/2218/1741
f 1092/2230/1742 1099/2231/1742 1098/2232/1742
f 1098/2232/1743 1099/2214/1743 1096/2227/1743
f 1093/2216/1744 1094/2219/1744 1097/2218/1744
f 1094/2221/1745 1092/2230/1745 1095/2222/1745
f 1092/2230/1746 1098/2232/1746 1095/2222/1746
o Cube.006
v 11.378376 0.208534 -9.170741
v 11.166553 0.232370 -9.219214
v 11.219200 0.382910 -9.032987
v 11.313005 0.282298 -9.262845
v 11.218532 0.369619 -9.174181
v 11.350161 0.418307 -9.134730
v 11.356692 0.234720 -9.066636
v 11.201813 0.149411 -9.150055
v 11.158990 0.277494 -9.030452
vn 0.8668 0.1953 -0.4588
vn -0.0391 0.6908 -0.7220
vn 0.5290 0.3116 0.7893
vn 0.1115 -0.6080 -0.7861
vn 0.0639 -0.7563 -0.6511
vn -0.0149 -0.6851 0.7283
vn 0.3343 -0.8952 0.2948
vn -0.9330 -0.3566 0.0479
vn -0.9125 0.3880 -0.1293
vn -0.8680 0.4948 -0.0425
vn -0.3225 0.9425 -0.0872
vn 0.9788 0.1010 0.1785
vn 0.1648 -0.0705 0.9838
vn -0.3871 0.4165 -0.8226
vt 0.423616 0.817668
vt 0.438163 0.985880
vt 0.399025 0.926987
vt 0.584080 0.909473
vt 0.477709 0.045024
vt 0.607265 0.122218
vt 0.441545 0.286085
vt 0.565477 0.549583
vt 0.592013 0.712367
vt 0.289400 0.584684
vt 0.400831 0.754486
vt 0.615924 0.357557
vt 0.551199 0.540629
vt 0.429879 0.509305
vt 0.769145 0.562221
vt 0.604783 0.677624
vt 0.780055 0.741830
vt 0.860509 0.631959
vt 0.567506 0.015179
vt 0.377433 0.096481
s 0
g Cube.006_Material
usemtl Material
f 1103/2233/1747 1105/2234/1747 1100/2235/1747
f 1104/2236/1748 1105/2234/1748 1103/2233/1748
f 1105/2237/1749 1102/2238/1749 1106/2239/1749
f 1107/2240/1750 1101/2241/1750 1100/2242/1750
f 1101/2241/1751 1103/2243/1751 1100/2242/1751
f 1106/2239/1752 1108/2244/1752 1107/2245/1752
f 1107/2245/1753 1100/2246/1753 1106/2239/1753
f 1107/2240/1754 1108/2247/1754 1101/2248/1754
f 1101/2248/1755 1108/2247/1755 1104/2249/1755
f 1108/2247/1756 1102/2250/1756 1104/2249/1756
f 1104/2251/1757 1102/2238/1757 1105/2237/1757
f 1100/2252/1758 1105/2237/1758 1106/2239/1758
f 1106/2239/1759 1102/2238/1759 1108/2244/1759
f 1101/2241/1760 1104/2236/1760 1103/2233/1760
o Cube.007
v 11.274760 0.130042 -9.025366
v 11.165489 0.248939 -8.994053
v 11.359617 0.206919 -8.989112
v 11.362213 0.307329 -9.067805
v 11.326455 0.188212 -9.138700
v 11.190537 0.159196 -9.108721
v 11.241501 0.337019 -9.033080
v 11.252178 0.242193 -8.942448
v 11.177653 0.256543 -9.126092
vn -0.9840 -0.1479 -0.0992
vn -0.4470 -0.5883 0.6739
vn -0.7639 0.6445 -0.0333
vn 0.1659 -0.5645 0.8086
vn 0.6843 -0.7266 -0.0608
vn 0.4782 0.5341 0.6972
vn -0.0019 0.7569 -0.6536
vn -0.6231 -0.6762 0.3931
vn 0.1007 -0.9030 -0.4176
vn -0.1714 -0.1950 -0.9657
vn 0.9656 -0.1755 -0.1921
vn 0.3528 0.6670 0.6563
vn -0.3644 0.6217 0.6934
vn 0.1440 0.4738 -0.8688
vt 0.862532 0.586626
vt 0.666025 0.612825
vt 0.793538 0.524739
vt 0.799625 0.742317
vt 0.596159 0.725728
vt 0.676667 0.500000
vt 0.533198 0.702151
vt 0.502729 0.907748
vt 0.315429 0.689365
vt 0.215046 0.717794
vt 0.139986 0.551629
vt 0.365533 0.517965
vt 0.592775 0.342442
vt 0.523296 0.508923
vt 0.395346 0.376049
vt 0.510142 0.020803
vt 0.592582 0.143625
vt 0.414253 0.208459
s 0
g Cube.007_Material
usemtl Material
f 1114/2253/1761 1110/2254/1761 1117/2255/1761
f 1110/2254/1762 1109/2256/1762 1116/2257/1762
f 1117/2255/1763 1110/2254/1763 1115/2258/1763
f 1116/2259/1764 1109/2260/1764 1111/2261/1764
f 1111/2261/1765 1109/2262/1765 1113/2263/1765
f 1112/2264/1766 1116/2259/1766 1111/2261/1766
f 1117/2265/1767 1115/2266/1767 1112/2267/1767
f 1114/2253/1768 1109/2256/1768 1110/2254/1768
f 1109/2268/1769 1114/2269/1769 1113/2270/1769
f 1113/2270/1770 1114/2269/1770 1117/2265/1770
f 1113/2263/1771 1112/2264/1771 1111/2261/1771
f 1112/2264/1772 1115/2266/1772 1116/2259/1772
f 1115/2266/1773 1110/2254/1773 1116/2259/1773
f 1113/2270/1774 1117/2265/1774 1112/2267/1774
o Cube.008
v 11.225206 0.253197 -8.921550
v 11.248290 0.243502 -9.072332
v 11.180697 0.229829 -9.187059
v 11.072569 0.266259 -9.080333
v 11.052362 0.085820 -9.151672
v 11.075275 0.119056 -8.980742
v 11.238703 0.138942 -8.942628
v 11.173829 0.144306 -9.245182
v 11.200713 0.071380 -9.118596
vn 0.1347 0.9715 -0.1951
vn -0.5105 0.5110 -0.6916
vn -0.9907 0.0633 0.1205
vn -0.1993 -0.2005 0.9592
vn 0.9648 -0.2349 -0.1181
vn 0.9367 -0.1779 -0.3014
vn -0.1404 -0.9682 0.2071
vn 0.0282 -0.8635 -0.5035
vn 0.8114 0.2826 -0.5117
vn 0.1303 0.9905 -0.0438
vn -0.6708 0.3364 -0.6609
vn -0.6349 0.4249 0.6453
vn 0.9854 0.0896 0.1451
vn 0.0317 -0.9354 0.3523
vt 0.551771 0.821043
vt 0.490236 0.981936
vt 0.443965 0.755163
vt 0.609545 0.740303
vt 0.579499 0.265268
vt 0.447677 0.232718
vt 0.490446 0.016300
vt 0.320967 0.499695
vt 0.242238 0.673984
vt 0.142687 0.564850
vt 0.543218 0.480597
vt 0.654480 0.663904
vt 0.651690 0.523626
vt 0.809399 0.589510
vt 0.375000 0.930496
vt 0.603518 0.001237
vt 0.583364 0.169025
vt 0.384386 0.054537
vt 0.382289 0.419599
s 0
g Cube.008_Material
usemtl Material
f 1120/2271/1775 1121/2272/1775 1119/2273/1775
f 1120/2271/1776 1125/2274/1776 1121/2272/1776
f 1122/2275/1777 1123/2276/1777 1121/2277/1777
f 1124/2278/1778 1118/2279/1778 1123/2280/1778
f 1126/2281/1779 1119/2273/1779 1124/2278/1779
f 1126/2281/1780 1125/2282/1780 1119/2273/1780
f 1122/2275/1781 1126/2281/1781 1123/2276/1781
f 1126/2283/1782 1122/2284/1782 1125/2282/1782
f 1125/2282/1783 1120/2271/1783 1119/2273/1783
f 1118/2285/1784 1119/2273/1784 1121/2272/1784
f 1125/2286/1785 1122/2287/1785 1121/2277/1785
f 1118/2288/1786 1121/2277/1786 1123/2276/1786
f 1118/2279/1787 1124/2278/1787 1119/2273/1787
f 1124/2289/1788 1123/2276/1788 1126/2281/1788
o Cube.009
v 11.096029 -0.169483 -9.172194
v 11.059460 -0.149583 -8.957913
v 11.114615 0.009423 -9.326514
v 11.339160 0.022953 -9.316664
v 11.233804 0.048798 -8.787006
v 10.997010 0.109323 -8.821367
v 11.395785 -0.089797 -9.036438
v 10.909161 0.045535 -9.164600
v 10.875498 0.085890 -8.973380
v 11.030084 0.323607 -9.141993
v 11.248344 0.249484 -9.249741
v 11.006283 0.155361 -9.324616
v 11.331838 0.220808 -8.888906
v 11.471863 0.044408 -9.075389
v 11.191579 0.321323 -8.935125
v 11.331034 0.368153 -9.116239
vn -0.6524 -0.4707 0.5940
vn -0.7833 -0.6170 -0.0764
vn -0.8828 0.4035 -0.2406
vn -0.0799 0.7383 -0.6697
vn 0.3896 0.7735 0.5000
vn 0.7678 0.4442 -0.4618
vn 0.7462 -0.2432 0.6197
vn -0.6200 0.6804 0.3907
vn -0.5391 0.7249 0.4289
vn 0.0589 0.4837 0.8732
vn -0.2479 -0.4980 0.8310
vn 0.2734 -0.7544 0.5967
vn 0.1191 0.2416 -0.9630
vn 0.7584 -0.5371 -0.3693
vn 0.4033 -0.8178 -0.4105
vn 0.0725 -0.6557 -0.7515
vn 0.2018 -0.9715 0.1247
vn -0.5909 -0.4909 -0.6403
vn -0.7547 -0.6561 0.0056
vn -0.6025 -0.4386 -0.6668
vn -0.8785 0.4029 -0.2567
vn 0.8717 0.4126 0.2643
vn 0.7215 0.2315 -0.6526
vn 0.7693 -0.0617 0.6360
vn -0.1562 0.9788 0.1328
vn -0.0057 0.4768 0.8790
vn -0.0580 0.7637 -0.6429
vt 0.875000 0.649805
vt 0.849233 0.683396
vt 0.832712 0.540342
vt 0.580473 0.024703
vt 0.534759 0.188184
vt 0.498710 0.020990
vt 0.437420 0.135101
vt 0.411456 0.342495
vt 0.213804 0.511922
vt 0.337875 0.601179
vt 0.185175 0.619999
vt 0.611440 0.548317
vt 0.438499 0.522151
vt 0.536413 0.434917
vt 0.517900 0.691047
vt 0.378975 0.759339
vt 0.724211 0.603714
vt 0.568883 0.768659
vt 0.609419 0.213408
vt 0.625000 0.382072
vt 0.588498 0.519208
vt 0.209844 0.718096
vt 0.479559 0.953620
vt 0.390901 0.953078
vt 0.565332 0.774863
vt 0.583031 0.973602
vt 0.389658 0.010551
vt 0.376620 0.114133
vt 0.125000 0.581137
vt 0.375000 0.421875
s 0
g Cube.009_Material
usemtl Material
f 1135/2290/1789 1128/2291/1789 1132/2292/1789
f 1128/2293/1790 1135/2294/1790 1127/2295/1790
f 1134/2296/1791 1135/2294/1791 1136/2297/1791
f 1136/2298/1792 1137/2299/1792 1138/2300/1792
f 1139/2301/1793 1142/2302/1793 1141/2303/1793
f 1140/2304/1794 1130/2305/1794 1137/2299/1794
f 1131/2306/1795 1133/2307/1795 1140/2304/1795
f 1132/2308/1796 1136/2297/1796 1135/2294/1796
f 1132/2308/1797 1141/2303/1797 1136/2297/1797
f 1141/2303/1798 1131/2309/1798 1139/2310/1798
f 1131/2306/1799 1132/2292/1799 1128/2291/1799
f 1131/2306/1800 1128/2291/1800 1133/2307/1800
f 1129/2311/1801 1138/2300/1801 1137/2299/1801 1130/2305/1801
f 1130/2305/1802 1140/2304/1802 1133/2307/1802
f 1133/2307/1803 1127/2312/1803 1130/2305/1803
f 1127/2312/1804 1129/2313/1804 1130/2305/1804
f 1133/2314/1805 1128/2315/1805 1127/2312/1805
f 1127/2295/1806 1134/2296/1806 1129/2316/1806
f 1134/2296/1807 1127/2295/1807 1135/2294/1807
f 1129/2316/1808 1134/2296/1808 1138/2317/1808
f 1136/2298/1809 1138/2300/1809 1134/2318/1809
f 1142/2302/1810 1139/2301/1810 1140/2304/1810
f 1142/2302/1811 1140/2304/1811 1137/2299/1811
f 1139/2301/1812 1131/2306/1812 1140/2304/1812
f 1136/2297/1813 1141/2303/1813 1142/2302/1813
f 1132/2308/1814 1131/2309/1814 1141/2303/1814
f 1137/2319/1815 1136/2297/1815 1142/2302/1815
o Cube.010
v 11.263599 0.056971 -9.199978
v 11.247476 0.131594 -9.049621
v 11.091272 0.139482 -8.914660
v 11.103433 -0.007901 -9.208153
v 11.363525 -0.090304 -9.174250
v 11.190724 -0.001023 -8.868402
v 10.978729 0.169803 -9.047331
v 11.033080 -0.107745 -9.016936
v 11.221014 -0.144979 -9.228559
vn 0.2025 -0.9033 0.3781
vn 0.2483 -0.8921 0.3775
vn -0.7525 -0.3487 0.5587
vn -0.6671 -0.0492 0.7434
vn 0.5472 0.5845 0.5991
vn -0.3157 0.8360 -0.4488
vn 0.3344 0.0626 -0.9404
vn -0.0068 0.1415 -0.9899
vn 0.8758 0.2154 0.4319
vn 0.0940 0.7035 -0.7044
vn 0.1409 0.9844 0.1055
vn -0.6855 -0.5107 -0.5189
vn -0.8732 -0.2187 -0.4355
vn 0.8287 0.5317 -0.1750
vt 0.856741 0.527884
vt 0.792799 0.664448
vt 0.661337 0.518959
vt 0.570885 0.667835
vt 0.614877 0.834550
vt 0.495616 0.943630
vt 0.319826 0.718976
vt 0.602263 0.105449
vt 0.455701 0.107225
vt 0.553174 0.006579
vt 0.371255 0.573451
vt 0.135465 0.689951
vt 0.165587 0.530358
vt 0.553103 0.308270
vt 0.565029 0.471740
vt 0.392929 0.256090
vt 0.405598 0.560759
vt 0.171875 0.750000
s 0
g Cube.010_Material
usemtl Material
f 1147/2320/1816 1148/2321/1816 1151/2322/1816
f 1151/2322/1817 1148/2321/1817 1150/2323/1817
f 1148/2324/1818 1145/2325/1818 1149/2326/1818
f 1150/2323/1819 1148/2324/1819 1149/2326/1819
f 1148/2327/1820 1144/2328/1820 1145/2329/1820
f 1146/2330/1821 1144/2331/1821 1143/2332/1821
f 1147/2333/1822 1151/2334/1822 1143/2335/1822
f 1151/2334/1823 1146/2336/1823 1143/2335/1823
f 1144/2328/1824 1148/2327/1824 1147/2333/1824
f 1146/2330/1825 1149/2326/1825 1144/2331/1825
f 1144/2331/1826 1149/2326/1826 1145/2337/1826
f 1151/2322/1827 1150/2323/1827 1146/2336/1827
f 1150/2323/1828 1149/2326/1828 1146/2336/1828
f 1143/2335/1829 1144/2328/1829 1147/2333/1829
