# Blender 4.1.0
# www.blender.org
mtllib TornadoEffect20156.mtl
o Plane.002
v 11.165558 0.000000 -9.079000
o Cube.008
v 12.492402 2.080120 -8.559628
v 12.439383 1.977161 -8.459512
v 12.333961 1.896974 -8.438787
v 12.321119 1.943347 -8.587682
v 12.177802 2.010973 -8.473400
v 12.285545 2.116203 -8.564284
v 12.430987 2.142584 -8.481847
v 12.257602 1.911300 -8.369962
v 12.291493 2.055706 -8.381444
vn 0.5419 -0.7880 -0.2922
vn -0.3865 -0.8895 -0.2437
vn -0.6304 -0.0247 -0.7759
vn 0.1564 0.8267 -0.5404
vn 0.5194 0.1402 0.8429
vn 0.4519 -0.0352 0.8914
vn -0.5392 0.7942 0.2803
vn -0.6637 0.2128 0.7171
vn 0.5217 -0.5089 0.6847
vn 0.6137 -0.6897 -0.3843
vn -0.5842 -0.7609 -0.2824
vn 0.0473 0.1435 -0.9885
vn 0.8230 0.1168 0.5560
vn -0.3350 0.8912 0.3058
vt 0.551771 0.821043
vt 0.490236 0.981936
vt 0.443965 0.755163
vt 0.609545 0.740303
vt 0.579499 0.265268
vt 0.447677 0.232718
vt 0.490446 0.016300
vt 0.320967 0.499695
vt 0.242238 0.673984
vt 0.142687 0.564850
vt 0.543218 0.480597
vt 0.654480 0.663904
vt 0.651690 0.523626
vt 0.809399 0.589510
vt 0.375000 0.930496
vt 0.603518 0.001237
vt 0.583364 0.169025
vt 0.384386 0.054537
vt 0.382289 0.419599
s 0
g Cube.008_Material
usemtl Material
f 4/1/1 5/2/1 3/3/1
f 4/1/2 9/4/2 5/2/2
f 6/5/3 7/6/3 5/7/3
f 8/8/4 2/9/4 7/10/4
f 10/11/5 3/3/5 8/8/5
f 10/11/6 9/12/6 3/3/6
f 6/5/7 10/11/7 7/6/7
f 10/13/8 6/14/8 9/12/8
f 9/12/9 4/1/9 3/3/9
f 2/15/10 3/3/10 5/2/10
f 9/16/11 6/17/11 5/7/11
f 2/18/12 5/7/12 7/6/12
f 2/9/13 8/8/13 3/3/13
f 8/19/14 7/6/14 10/11/14
o Cube.009
v 12.701017 2.162713 -9.039986
v 12.760728 1.980453 -8.994476
v 12.518043 2.213136 -9.138873
v 12.412687 2.247288 -8.968354
v 12.584126 1.803192 -8.859993
v 12.633198 1.755137 -9.072019
v 12.548135 2.087841 -8.786023
v 12.625140 2.029284 -9.246531
v 12.662110 1.857160 -9.213744
v 12.372243 1.923253 -9.232647
v 12.302545 2.083324 -9.083274
v 12.457579 2.129004 -9.266175
v 12.385905 1.832488 -8.876735
v 12.404732 2.079122 -8.784341
v 12.359935 1.797606 -9.032076
v 12.214870 1.948454 -9.007673
vn 0.8816 -0.4495 -0.1437
vn 0.8624 0.1628 -0.4794
vn 0.0225 -0.1824 -0.9830
vn -0.7704 0.2222 -0.5976
vn -0.6726 -0.6900 0.2674
vn -0.8757 0.3747 0.3046
vn 0.0265 -0.2483 0.9683
vn -0.1411 -0.7896 -0.5972
vn -0.2053 -0.8237 -0.5286
vn -0.1618 -0.9567 0.2419
vn 0.7802 -0.5464 0.3044
vn 0.6681 -0.1069 0.7364
vn -0.5473 0.7463 -0.3789
vn -0.0370 0.7385 0.6733
vn 0.3528 0.8184 0.4536
vn 0.2765 0.9608 -0.0216
vn 0.7383 0.3809 0.5567
vn 0.4953 0.6354 -0.5924
vn 0.9055 0.1168 -0.4081
vn 0.4500 0.6317 -0.6312
vn 0.0160 -0.1673 -0.9858
vn -0.6804 -0.2110 0.7018
vn -0.7362 0.6246 0.2605
vn -0.1288 -0.3392 0.9318
vn -0.6884 -0.5949 -0.4149
vn -0.1232 -0.9736 0.1921
vn -0.7938 0.1927 -0.5769
vt 0.875000 0.649805
vt 0.849233 0.683396
vt 0.832712 0.540342
vt 0.580473 0.024703
vt 0.534759 0.188184
vt 0.498710 0.020990
vt 0.437420 0.135101
vt 0.411456 0.342495
vt 0.213804 0.511922
vt 0.337875 0.601179
vt 0.185175 0.619999
vt 0.611440 0.548317
vt 0.438499 0.522151
vt 0.536413 0.434917
vt 0.517900 0.691047
vt 0.378975 0.759339
vt 0.724211 0.603714
vt 0.568883 0.768659
vt 0.609419 0.213408
vt 0.625000 0.382072
vt 0.588498 0.519208
vt 0.209844 0.718096
vt 0.479559 0.953620
vt 0.390901 0.953078
vt 0.565332 0.774863
vt 0.583031 0.973602
vt 0.389658 0.010551
vt 0.376620 0.114133
vt 0.125000 0.581137
vt 0.375000 0.421875
s 0
g Cube.009_Material
usemtl Material
f 19/20/15 12/21/15 16/22/15
f 12/23/16 19/24/16 11/25/16
f 18/26/17 19/24/17 20/27/17
f 20/28/18 21/29/18 22/30/18
f 23/31/19 26/32/19 25/33/19
f 24/34/20 14/35/20 21/29/20
f 15/36/21 17/37/21 24/34/21
f 16/38/22 20/27/22 19/24/22
f 16/38/23 25/33/23 20/27/23
f 25/33/24 15/39/24 23/40/24
f 15/36/25 16/22/25 12/21/25
f 15/36/26 12/21/26 17/37/26
f 13/41/27 22/30/27 21/29/27 14/35/27
f 14/35/28 24/34/28 17/37/28
f 17/37/29 11/42/29 14/35/29
f 11/42/30 13/43/30 14/35/30
f 17/44/31 12/45/31 11/42/31
f 11/25/32 18/26/32 13/46/32
f 18/26/33 11/25/33 19/24/33
f 13/46/34 18/26/34 22/47/34
f 20/28/35 22/30/35 18/48/35
f 26/32/36 23/31/36 24/34/36
f 26/32/37 24/34/37 21/29/37
f 23/31/38 15/36/38 24/34/38
f 20/27/39 25/33/39 26/32/39
f 16/38/40 15/39/40 25/33/40
f 21/49/41 20/27/41 26/32/41
o Cube.010
v 12.459240 1.898524 -9.363016
v 12.500489 2.021994 -9.403802
v 12.466927 2.175782 -9.347655
v 12.375147 1.942159 -9.260005
v 12.570139 1.839387 -9.289754
v 12.585393 2.131978 -9.278084
v 12.328680 2.141359 -9.337016
v 12.447972 2.072152 -9.152810
v 12.472498 1.848019 -9.202747
vn 0.6607 -0.0643 0.7479
vn 0.6911 -0.0843 0.7178
vn -0.1287 0.7256 0.6759
vn -0.0539 0.9228 0.3816
vn 0.5692 0.3887 -0.7245
vn -0.7649 0.0432 -0.6427
vn -0.3138 -0.9127 -0.2617
vn -0.6236 -0.7589 -0.1876
vn 0.8373 -0.0219 -0.5463
vn -0.5632 -0.4090 -0.7180
vn -0.1495 0.3101 -0.9389
vn -0.6501 -0.2323 0.7234
vn -0.8364 0.0167 0.5479
vn 0.3491 -0.3970 -0.8488
vt 0.856741 0.527884
vt 0.792799 0.664448
vt 0.661337 0.518959
vt 0.570885 0.667835
vt 0.614877 0.834550
vt 0.495616 0.943630
vt 0.319826 0.718976
vt 0.602263 0.105449
vt 0.455701 0.107225
vt 0.553174 0.006579
vt 0.371255 0.573451
vt 0.135465 0.689951
vt 0.165587 0.530358
vt 0.553103 0.308270
vt 0.565029 0.471740
vt 0.392929 0.256090
vt 0.405598 0.560759
vt 0.171875 0.750000
s 0
g Cube.010_Material
usemtl Material
f 31/50/42 32/51/42 35/52/42
f 35/52/43 32/51/43 34/53/43
f 32/54/44 29/55/44 33/56/44
f 34/53/45 32/54/45 33/56/45
f 32/57/46 28/58/46 29/59/46
f 30/60/47 28/61/47 27/62/47
f 31/63/48 35/64/48 27/65/48
f 35/64/49 30/66/49 27/65/49
f 28/58/50 32/57/50 31/63/50
f 30/60/51 33/56/51 28/61/51
f 28/61/52 33/56/52 29/67/52
f 35/52/53 34/53/53 30/66/53
f 34/53/54 33/56/54 30/66/54
f 27/65/55 28/58/55 31/63/55
o Cube.011
v 12.546130 1.868850 -9.082169
v 12.350903 2.080520 -8.969228
v 12.425602 1.931509 -8.861498
v 12.371383 1.887221 -9.044875
v 12.430566 1.997414 -9.141036
v 12.582961 2.040395 -9.060188
v 12.591802 1.913263 -8.920815
v 12.508626 2.140439 -9.046034
v 12.507757 2.069582 -8.906369
vn -0.3042 0.4533 0.8379
vn -0.9183 -0.2248 0.3258
vn -0.0420 -0.9602 0.2762
vn -0.2285 -0.5676 -0.7910
vn 0.3477 0.3797 -0.8573
vn 0.4657 0.0134 -0.8849
vn 0.9587 -0.1773 -0.2225
vn 0.8433 0.4227 0.3321
vn 0.3441 0.0987 0.9337
vn -0.1180 0.8859 0.4487
vn 0.7888 0.5462 0.2820
vn -0.0207 -0.9704 0.2405
vn -0.8882 0.0827 -0.4519
vn -0.5176 0.6512 -0.5550
vt 0.534218 0.539052
vt 0.807613 0.537738
vt 0.651467 0.712344
vt 0.812212 0.722590
vt 0.440472 0.699464
vt 0.505279 0.954605
vt 0.394685 0.910428
vt 0.529494 0.041599
vt 0.440272 0.169217
vt 0.407900 0.015209
vt 0.224689 0.500632
vt 0.298939 0.554231
vt 0.143822 0.628706
vt 0.350796 0.501919
vt 0.236030 0.724989
vt 0.358556 0.714558
vt 0.602122 0.296489
vt 0.527241 0.521298
vt 0.452229 0.375318
s 0
g Cube.011_Material
usemtl Material
f 44/68/56 37/69/56 38/70/56
f 38/70/57 37/69/57 39/71/57
f 42/72/58 39/73/58 36/74/58
f 39/75/59 40/76/59 36/77/59
f 43/78/60 41/79/60 40/80/60
f 40/80/61 41/81/61 36/82/61
f 41/81/62 42/83/62 36/82/62
f 41/81/63 44/68/63 42/72/63
f 44/68/64 38/70/64 42/72/64
f 37/84/65 44/85/65 43/86/65
f 43/86/66 44/68/66 41/81/66
f 38/70/67 39/73/67 42/72/67
f 39/75/68 37/84/68 40/76/68
f 37/84/69 43/86/69 40/76/69
o Cube.006
v 12.568651 1.937376 -8.749753
v 12.380549 2.028068 -8.643615
v 12.350547 2.059087 -8.902781
v 12.445869 1.879144 -8.700463
v 12.329656 1.963809 -8.786242
v 12.402334 1.884934 -8.899826
v 12.555335 2.014383 -8.837303
v 12.482329 2.093410 -8.657533
v 12.382171 2.148301 -8.813498
vn 0.3890 -0.9145 -0.1115
vn -0.6400 -0.7593 0.1177
vn 0.3192 0.0789 -0.9444
vn 0.3354 -0.3349 0.8805
vn 0.4293 -0.1516 0.8903
vn 0.5992 0.7936 -0.1055
vn 0.9026 0.3819 0.1987
vn -0.4079 0.7471 0.5249
vn -0.9341 0.2955 0.2002
vn -0.9579 0.2813 0.0582
vn -0.8852 -0.2697 -0.3791
vn 0.6587 -0.5124 -0.5509
vn 0.3598 0.5932 -0.7202
vn -0.7198 -0.4997 0.4820
vt 0.423616 0.817668
vt 0.438163 0.985880
vt 0.399025 0.926987
vt 0.584080 0.909473
vt 0.477709 0.045024
vt 0.607265 0.122218
vt 0.441545 0.286085
vt 0.565477 0.549583
vt 0.592013 0.712367
vt 0.289400 0.584684
vt 0.400831 0.754486
vt 0.615924 0.357557
vt 0.551199 0.540629
vt 0.429879 0.509305
vt 0.769145 0.562221
vt 0.604783 0.677624
vt 0.780055 0.741830
vt 0.860509 0.631959
vt 0.567506 0.015179
vt 0.377433 0.096481
s 0
g Cube.006_Material
usemtl Material
f 48/87/70 50/88/70 45/89/70
f 49/90/71 50/88/71 48/87/71
f 50/91/72 47/92/72 51/93/72
f 52/94/73 46/95/73 45/96/73
f 46/95/74 48/97/74 45/96/74
f 51/93/75 53/98/75 52/99/75
f 52/99/76 45/100/76 51/93/76
f 52/94/77 53/101/77 46/102/77
f 46/102/78 53/101/78 49/103/78
f 53/101/79 47/104/79 49/103/79
f 49/105/80 47/92/80 50/91/80
f 45/106/81 50/91/81 51/93/81
f 51/93/82 47/92/82 53/98/82
f 46/95/83 49/90/83 48/87/83
o Cube.007
v 12.414898 2.059304 -8.889404
v 12.446823 2.068638 -8.684448
v 12.338691 1.930750 -8.863879
v 12.438950 1.820354 -8.803016
v 12.525724 1.928961 -8.918467
v 12.556563 2.084504 -8.834413
v 12.463027 1.915037 -8.672634
v 12.342926 2.012641 -8.733031
v 12.593643 2.009850 -8.740088
vn 0.4708 0.7724 0.4263
vn -0.4872 0.8726 0.0361
vn 0.3909 0.1115 0.9137
vn -0.8529 0.4546 -0.2569
vn -0.2803 -0.0244 -0.9596
vn -0.7814 -0.5173 0.3490
vn 0.6624 -0.6590 0.3563
vn -0.1681 0.9856 -0.0187
vn 0.2633 0.4177 -0.8696
vn 0.9331 0.0093 -0.3595
vn -0.2254 -0.6193 -0.7521
vn -0.6825 -0.5257 0.5078
vn -0.4338 0.0235 0.9007
vn 0.7762 -0.6304 -0.0097
vt 0.862532 0.586626
vt 0.666025 0.612825
vt 0.793538 0.524739
vt 0.799625 0.742317
vt 0.596159 0.725728
vt 0.676667 0.500000
vt 0.533198 0.702151
vt 0.502729 0.907748
vt 0.315429 0.689365
vt 0.215046 0.717794
vt 0.139986 0.551629
vt 0.365533 0.517965
vt 0.592775 0.342442
vt 0.523296 0.508923
vt 0.395346 0.376049
vt 0.510142 0.020803
vt 0.592582 0.143625
vt 0.414253 0.208459
s 0
g Cube.007_Material
usemtl Material
f 59/107/84 55/108/84 62/109/84
f 55/108/85 54/110/85 61/111/85
f 62/109/86 55/108/86 60/112/86
f 61/113/87 54/114/87 56/115/87
f 56/115/88 54/116/88 58/117/88
f 57/118/89 61/113/89 56/115/89
f 62/119/90 60/120/90 57/121/90
f 59/107/91 54/110/91 55/108/91
f 54/122/92 59/123/92 58/124/92
f 58/124/93 59/123/93 62/119/93
f 58/117/94 57/118/94 56/115/94
f 57/118/95 60/120/95 61/113/95
f 60/120/96 55/108/96 61/113/96
f 58/124/97 62/119/97 57/121/97
o Cube.008
v 10.898782 2.046296 -7.797050
v 10.828903 1.911808 -7.825834
v 10.719015 1.861638 -7.886332
v 10.729210 2.010642 -7.936920
v 10.570998 1.977587 -7.824481
v 10.694104 2.098747 -7.784641
v 10.827470 2.028743 -7.704623
v 10.633072 1.824800 -7.839461
v 10.671720 1.914972 -7.726093
vn 0.5616 -0.3002 -0.7711
vn -0.3660 -0.2766 -0.8885
vn -0.5103 0.6881 -0.5158
vn 0.2518 0.8965 0.3646
vn 0.3933 -0.6594 0.6407
vn 0.3156 -0.7921 0.5225
vn -0.5570 0.3129 0.7693
vn -0.7568 -0.3609 0.5450
vn 0.4046 -0.9142 0.0233
vn 0.6482 -0.1783 -0.7403
vn -0.5530 -0.1442 -0.8206
vn 0.1947 0.8678 -0.4572
vn 0.7350 -0.4836 0.4753
vn -0.3566 0.3227 0.8767
vt 0.551771 0.821043
vt 0.490236 0.981936
vt 0.443965 0.755163
vt 0.609545 0.740303
vt 0.579499 0.265268
vt 0.447677 0.232718
vt 0.490446 0.016300
vt 0.320967 0.499695
vt 0.242238 0.673984
vt 0.142687 0.564850
vt 0.543218 0.480597
vt 0.654480 0.663904
vt 0.651690 0.523626
vt 0.809399 0.589510
vt 0.375000 0.930496
vt 0.603518 0.001237
vt 0.583364 0.169025
vt 0.384386 0.054537
vt 0.382289 0.419599
s 0
g Cube.008_Material
usemtl Material
f 65/125/98 66/126/98 64/127/98
f 65/125/99 70/128/99 66/126/99
f 67/129/100 68/130/100 66/131/100
f 69/132/101 63/133/101 68/134/101
f 71/135/102 64/127/102 69/132/102
f 71/135/103 70/136/103 64/127/103
f 67/129/104 71/135/104 68/130/104
f 71/137/105 67/138/105 70/136/105
f 70/136/106 65/125/106 64/127/106
f 63/139/107 64/127/107 66/126/107
f 70/140/108 67/141/108 66/131/108
f 63/142/109 66/131/109 68/130/109
f 63/133/110 69/132/110 64/127/110
f 69/143/111 68/130/111 71/135/111
o Cube.009
v 11.254371 1.734128 -10.431278
v 11.404847 1.688549 -10.271040
v 11.185695 1.956815 -10.502696
v 11.335983 1.970942 -10.678303
v 11.693264 1.835076 -10.274508
v 11.533140 1.900933 -10.088898
v 11.565660 1.776656 -10.581388
v 11.193841 1.940094 -10.231760
v 11.332689 1.921619 -10.083523
v 11.350758 2.208728 -10.263393
v 11.384427 2.171982 -10.520280
v 11.153537 2.097901 -10.384363
v 11.713575 2.036537 -10.381471
v 11.613160 1.921621 -10.640586
v 11.613273 2.146914 -10.274195
v 11.568144 2.249852 -10.486207
vn -0.0448 -0.6346 0.7715
vn -0.6695 -0.5803 0.4637
vn -0.6267 0.4417 0.6420
vn -0.3953 0.9006 -0.1806
vn 0.7909 0.5995 0.1227
vn 0.2097 0.5725 -0.7926
vn 0.8702 -0.4017 -0.2854
vn 0.0770 0.5258 0.8471
vn 0.1650 0.5586 0.8129
vn 0.8120 0.2077 0.5455
vn 0.3746 -0.7235 0.5798
vn 0.4527 -0.8915 -0.0185
vn -0.6108 0.5149 -0.6015
vn 0.0550 -0.3929 -0.9179
vn -0.2537 -0.6550 -0.7118
vn -0.6780 -0.4057 -0.6129
vn -0.0004 -0.9619 -0.2733
vn -0.9565 -0.2915 0.0108
vn -0.5983 -0.6413 0.4805
vn -0.9721 -0.2340 0.0148
vn -0.6365 0.4459 0.6293
vn 0.8209 0.3313 -0.4651
vn -0.0119 0.4242 -0.9055
vn 0.9372 -0.2326 -0.2600
vn 0.2265 0.8943 0.3860
vn 0.7758 0.1984 0.5989
vn -0.3559 0.9174 -0.1779
vt 0.875000 0.649805
vt 0.849233 0.683396
vt 0.832712 0.540342
vt 0.580473 0.024703
vt 0.534759 0.188184
vt 0.498710 0.020990
vt 0.437420 0.135101
vt 0.411456 0.342495
vt 0.213804 0.511922
vt 0.337875 0.601179
vt 0.185175 0.619999
vt 0.611440 0.548317
vt 0.438499 0.522151
vt 0.536413 0.434917
vt 0.517900 0.691047
vt 0.378975 0.759339
vt 0.724211 0.603714
vt 0.568883 0.768659
vt 0.609419 0.213408
vt 0.625000 0.382072
vt 0.588498 0.519208
vt 0.209844 0.718096
vt 0.479559 0.953620
vt 0.390901 0.953078
vt 0.565332 0.774863
vt 0.583031 0.973602
vt 0.389658 0.010551
vt 0.376620 0.114133
vt 0.125000 0.581137
vt 0.375000 0.421875
s 0
g Cube.009_Material
usemtl Material
f 80/144/112 73/145/112 77/146/112
f 73/147/113 80/148/113 72/149/113
f 79/150/114 80/148/114 81/151/114
f 81/152/115 82/153/115 83/154/115
f 84/155/116 87/156/116 86/157/116
f 85/158/117 75/159/117 82/153/117
f 76/160/118 78/161/118 85/158/118
f 77/162/119 81/151/119 80/148/119
f 77/162/120 86/157/120 81/151/120
f 86/157/121 76/163/121 84/164/121
f 76/160/122 77/146/122 73/145/122
f 76/160/123 73/145/123 78/161/123
f 74/165/124 83/154/124 82/153/124 75/159/124
f 75/159/125 85/158/125 78/161/125
f 78/161/126 72/166/126 75/159/126
f 72/166/127 74/167/127 75/159/127
f 78/168/128 73/169/128 72/166/128
f 72/149/129 79/150/129 74/170/129
f 79/150/130 72/149/130 80/148/130
f 74/170/131 79/150/131 83/171/131
f 81/152/132 83/154/132 79/172/132
f 87/156/133 84/155/133 85/158/133
f 87/156/134 85/158/134 82/153/134
f 84/155/135 76/160/135 85/158/135
f 81/151/136 86/157/136 87/156/136
f 77/162/137 76/163/137 86/157/137
f 82/173/138 81/151/138 87/156/138
o Cube.010
v 10.596981 1.915982 -7.959178
v 10.679298 2.025103 -7.945877
v 10.722272 2.118695 -7.812839
v 10.555804 1.909441 -7.824597
v 10.683947 1.798751 -7.971097
v 10.821883 2.013579 -7.822915
v 10.584903 2.120668 -7.770285
v 10.692909 1.927433 -7.702023
v 10.613366 1.778172 -7.861531
vn 0.6836 -0.6575 0.3169
vn 0.6977 -0.6627 0.2722
vn 0.2931 0.1879 0.9374
vn 0.3953 0.4944 0.7741
vn 0.5566 0.5841 -0.5907
vn -0.7690 0.6052 -0.2059
vn -0.7016 -0.4656 -0.5394
vn -0.9035 -0.3141 -0.2917
vn 0.6545 0.0970 -0.7498
vn -0.7881 0.2529 -0.5613
vn -0.1537 0.8308 -0.5348
vn -0.5644 -0.4434 0.6963
vn -0.6555 -0.1021 0.7482
vn 0.0134 0.1110 -0.9937
vt 0.856741 0.527884
vt 0.792799 0.664448
vt 0.661337 0.518959
vt 0.570885 0.667835
vt 0.614877 0.834550
vt 0.495616 0.943630
vt 0.319826 0.718976
vt 0.602263 0.105449
vt 0.455701 0.107225
vt 0.553174 0.006579
vt 0.371255 0.573451
vt 0.135465 0.689951
vt 0.165587 0.530358
vt 0.553103 0.308270
vt 0.565029 0.471740
vt 0.392929 0.256090
vt 0.405598 0.560759
vt 0.171875 0.750000
s 0
g Cube.010_Material
usemtl Material
f 92/174/139 93/175/139 96/176/139
f 96/176/140 93/175/140 95/177/140
f 93/178/141 90/179/141 94/180/141
f 95/177/142 93/178/142 94/180/142
f 93/181/143 89/182/143 90/183/143
f 91/184/144 89/185/144 88/186/144
f 92/187/145 96/188/145 88/189/145
f 96/188/146 91/190/146 88/189/146
f 89/182/147 93/181/147 92/187/147
f 91/184/148 94/180/148 89/185/148
f 89/185/149 94/180/149 90/191/149
f 96/176/150 95/177/150 91/190/150
f 95/177/151 94/180/151 91/190/151
f 88/189/152 89/182/152 92/187/152
o Cube.011
v 12.404671 2.041934 -9.694608
v 12.224327 1.832394 -9.805512
v 12.187956 1.928786 -9.644525
v 12.367182 1.874747 -9.670798
v 12.406896 1.911664 -9.812734
v 12.316706 2.054646 -9.839861
v 12.244837 2.086801 -9.675915
v 12.265615 1.970884 -9.910336
v 12.171273 1.986140 -9.793654
vn -0.9456 -0.3248 -0.0191
vn -0.1903 -0.8606 0.4723
vn 0.1452 0.1075 0.9835
vn 0.9580 -0.1834 0.2203
vn 0.6190 0.2491 -0.7448
vn 0.7934 0.4162 -0.4441
vn 0.2615 0.9624 -0.0741
vn -0.4895 0.7899 -0.3695
vn -0.8963 0.3709 0.2429
vn -0.7724 -0.2206 -0.5957
vn -0.4940 0.7161 -0.4931
vn 0.1816 0.1283 0.9750
vn 0.3908 -0.9116 -0.1278
vn 0.2446 -0.6305 -0.7366
vt 0.534218 0.539052
vt 0.807613 0.537738
vt 0.651467 0.712344
vt 0.812212 0.722590
vt 0.440472 0.699464
vt 0.505279 0.954605
vt 0.394685 0.910428
vt 0.529494 0.041599
vt 0.440272 0.169217
vt 0.407900 0.015209
vt 0.224689 0.500632
vt 0.298939 0.554231
vt 0.143822 0.628706
vt 0.350796 0.501919
vt 0.236030 0.724989
vt 0.358556 0.714558
vt 0.602122 0.296489
vt 0.527241 0.521298
vt 0.452229 0.375318
s 0
g Cube.011_Material
usemtl Material
f 105/192/153 98/193/153 99/194/153
f 99/194/154 98/193/154 100/195/154
f 103/196/155 100/197/155 97/198/155
f 100/199/156 101/200/156 97/201/156
f 104/202/157 102/203/157 101/204/157
f 101/204/158 102/205/158 97/206/158
f 102/205/159 103/207/159 97/206/159
f 102/205/160 105/192/160 103/196/160
f 105/192/161 99/194/161 103/196/161
f 98/208/162 105/209/162 104/210/162
f 104/210/163 105/192/163 102/205/163
f 99/194/164 100/197/164 103/196/164
f 100/199/165 98/208/165 101/200/165
f 98/208/166 104/210/166 101/200/166
o Cube.006
v 11.131762 2.005674 -7.855660
v 11.109182 1.834893 -7.772514
v 11.172336 1.974181 -7.622049
v 11.037593 1.949289 -7.812228
v 11.074130 1.927970 -7.682220
v 11.066175 2.055209 -7.686719
v 11.199239 2.027384 -7.791170
v 11.194003 1.858606 -7.818632
v 11.228993 1.898055 -7.669844
vn -0.6015 0.6728 -0.4308
vn -0.9636 -0.0510 0.2625
vn 0.4358 0.8364 0.3324
vn -0.3623 -0.3688 -0.8560
vn -0.1650 -0.4140 -0.8952
vn 0.9730 0.0074 -0.2308
vn 0.6708 0.0988 -0.7351
vn 0.3470 -0.9236 0.1633
vn -0.1923 -0.7196 0.6672
vn -0.1802 -0.6157 0.7671
vn -0.5216 -0.0024 0.8532
vn -0.0290 0.9561 -0.2916
vn 0.8459 0.4552 0.2778
vn -0.8608 -0.4822 0.1629
vt 0.423616 0.817668
vt 0.438163 0.985880
vt 0.399025 0.926987
vt 0.584080 0.909473
vt 0.477709 0.045024
vt 0.607265 0.122218
vt 0.441545 0.286085
vt 0.565477 0.549583
vt 0.592013 0.712367
vt 0.289400 0.584684
vt 0.400831 0.754486
vt 0.615924 0.357557
vt 0.551199 0.540629
vt 0.429879 0.509305
vt 0.769145 0.562221
vt 0.604783 0.677624
vt 0.780055 0.741830
vt 0.860509 0.631959
vt 0.567506 0.015179
vt 0.377433 0.096481
s 0
g Cube.006_Material
usemtl Material
f 109/211/167 111/212/167 106/213/167
f 110/214/168 111/212/168 109/211/168
f 111/215/169 108/216/169 112/217/169
f 113/218/170 107/219/170 106/220/170
f 107/219/171 109/221/171 106/220/171
f 112/217/172 114/222/172 113/223/172
f 113/223/173 106/224/173 112/217/173
f 113/218/174 114/225/174 107/226/174
f 107/226/175 114/225/175 110/227/175
f 114/225/176 108/228/176 110/227/176
f 110/229/177 108/216/177 111/215/177
f 106/230/178 111/215/178 112/217/178
f 112/217/179 108/216/179 114/222/179
f 107/219/180 110/214/180 109/211/180
o Cube.007
v 12.009278 1.942379 -10.031732
v 12.148782 2.010091 -10.108819
v 12.068096 1.962892 -9.921698
v 12.179996 1.888754 -9.916456
v 12.072374 1.817599 -9.994353
v 12.064879 1.880809 -10.129826
v 12.229480 1.956870 -10.023110
v 12.119430 2.040174 -10.011020
v 12.169504 1.872913 -10.126255
vn 0.0438 0.1325 -0.9902
vn -0.5681 0.7231 -0.3929
vn 0.7714 0.1936 -0.6061
vn -0.6701 0.7069 0.2264
vn -0.8271 -0.2707 0.4926
vn 0.3595 0.5935 0.7201
vn 0.8117 -0.5841 0.0035
vn -0.5915 0.4882 -0.6417
vn -0.8552 -0.4862 -0.1796
vn -0.0541 -0.9060 -0.4198
vn -0.3248 -0.4307 0.8421
vn 0.5165 0.5926 0.6181
vn 0.5976 0.7991 -0.0664
vn 0.5322 -0.8458 0.0372
vt 0.862532 0.586626
vt 0.666025 0.612825
vt 0.793538 0.524739
vt 0.799625 0.742317
vt 0.596159 0.725728
vt 0.676667 0.500000
vt 0.533198 0.702151
vt 0.502729 0.907748
vt 0.315429 0.689365
vt 0.215046 0.717794
vt 0.139986 0.551629
vt 0.365533 0.517965
vt 0.592775 0.342442
vt 0.523296 0.508923
vt 0.395346 0.376049
vt 0.510142 0.020803
vt 0.592582 0.143625
vt 0.414253 0.208459
s 0
g Cube.007_Material
usemtl Material
f 120/231/181 116/232/181 123/233/181
f 116/232/182 115/234/182 122/235/182
f 123/233/183 116/232/183 121/236/183
f 122/237/184 115/238/184 117/239/184
f 117/239/185 115/240/185 119/241/185
f 118/242/186 122/237/186 117/239/186
f 123/243/187 121/244/187 118/245/187
f 120/231/188 115/234/188 116/232/188
f 115/246/189 120/247/189 119/248/189
f 119/248/190 120/247/190 123/243/190
f 119/241/191 118/242/191 117/239/191
f 118/242/192 121/244/192 122/237/192
f 121/244/193 116/232/193 122/237/193
f 119/248/194 123/243/194 118/245/194
o Cube.008
v 9.827521 1.982774 -8.560908
v 9.898840 1.882052 -8.528197
v 9.970353 1.848432 -8.449091
v 9.913537 1.955286 -8.400244
v 10.072598 1.974945 -8.429684
v 9.969043 2.058798 -8.491071
v 9.913353 1.997292 -8.605269
v 10.056323 1.841536 -8.456514
v 10.045015 1.927839 -8.544946
vn -0.7164 -0.5669 0.4067
vn 0.0476 -0.3942 0.9178
vn 0.0629 0.6390 0.7667
vn -0.3184 0.8907 -0.3245
vn 0.0814 -0.5611 -0.8237
vn 0.1389 -0.6998 -0.7007
vn 0.7083 0.5778 -0.4056
vn 0.9763 -0.0786 -0.2015
vn -0.1025 -0.9455 -0.3091
vn -0.8132 -0.4600 0.3567
vn 0.2035 -0.2168 0.9548
vn -0.5827 0.6897 0.4299
vn -0.3313 -0.4954 -0.8030
vn 0.5714 0.5731 -0.5873
vt 0.551771 0.821043
vt 0.490236 0.981936
vt 0.443965 0.755163
vt 0.609545 0.740303
vt 0.579499 0.265268
vt 0.447677 0.232718
vt 0.490446 0.016300
vt 0.320967 0.499695
vt 0.242238 0.673984
vt 0.142687 0.564850
vt 0.543218 0.480597
vt 0.654480 0.663904
vt 0.651690 0.523626
vt 0.809399 0.589510
vt 0.375000 0.930496
vt 0.603518 0.001237
vt 0.583364 0.169025
vt 0.384386 0.054537
vt 0.382289 0.419599
s 0
g Cube.008_Material
usemtl Material
f 126/249/195 127/250/195 125/251/195
f 126/249/196 131/252/196 127/250/196
f 128/253/197 129/254/197 127/255/197
f 130/256/198 124/257/198 129/258/198
f 132/259/199 125/251/199 130/256/199
f 132/259/200 131/260/200 125/251/200
f 128/253/201 132/259/201 129/254/201
f 132/261/202 128/262/202 131/260/202
f 131/260/203 126/249/203 125/251/203
f 124/263/204 125/251/204 127/250/204
f 131/264/205 128/265/205 127/255/205
f 124/266/206 127/255/206 129/254/206
f 124/257/207 130/256/207 125/251/207
f 130/267/208 129/254/208 132/259/208
o Cube.009
v 11.320926 1.698398 -10.380589
v 11.464310 1.766996 -10.433540
v 11.184134 1.787241 -10.300083
v 11.094002 1.813570 -10.445165
v 11.459097 1.965438 -10.570971
v 11.525159 1.985036 -10.394522
v 11.264362 1.810169 -10.608259
v 11.362611 1.843108 -10.221971
v 11.486693 1.920481 -10.264191
v 11.273210 2.056259 -10.254172
v 11.129972 1.988209 -10.368143
v 11.202708 1.885754 -10.203071
v 11.322764 2.068133 -10.562389
v 11.183131 1.900979 -10.616488
v 11.333667 2.119334 -10.435670
v 11.155110 2.113824 -10.448210
vn 0.9476 -0.2889 0.1366
vn 0.5172 -0.6671 0.5362
vn 0.1866 0.2228 0.9568
vn -0.6768 0.4536 0.5798
vn -0.0023 0.9272 -0.3745
vn -0.8976 0.3190 -0.3042
vn 0.1520 0.0465 -0.9873
vn 0.4816 0.7204 0.4990
vn 0.4572 0.7818 0.4240
vn 0.5486 0.7578 -0.3534
vn 0.9247 -0.2001 -0.3240
vn 0.5171 -0.4781 -0.7099
vn -0.8971 -0.0957 0.4313
vn -0.5751 -0.5678 -0.5889
vn -0.3457 -0.8734 -0.3429
vn -0.4796 -0.8661 0.1408
vn 0.2312 -0.8494 -0.4744
vn -0.0709 -0.7275 0.6824
vn 0.5771 -0.6731 0.4625
vn -0.0988 -0.6887 0.7183
vn 0.1715 0.2171 0.9610
vn -0.3638 0.5477 -0.7534
vn -0.9728 0.0506 -0.2260
vn 0.1075 0.2237 -0.9687
vn -0.0512 0.9485 0.3126
vn 0.5899 0.7481 -0.3040
vn -0.6735 0.4884 0.5548
vt 0.875000 0.649805
vt 0.849233 0.683396
vt 0.832712 0.540342
vt 0.580473 0.024703
vt 0.534759 0.188184
vt 0.498710 0.020990
vt 0.437420 0.135101
vt 0.411456 0.342495
vt 0.213804 0.511922
vt 0.337875 0.601179
vt 0.185175 0.619999
vt 0.611440 0.548317
vt 0.438499 0.522151
vt 0.536413 0.434917
vt 0.517900 0.691047
vt 0.378975 0.759339
vt 0.724211 0.603714
vt 0.568883 0.768659
vt 0.609419 0.213408
vt 0.625000 0.382072
vt 0.588498 0.519208
vt 0.209844 0.718096
vt 0.479559 0.953620
vt 0.390901 0.953078
vt 0.565332 0.774863
vt 0.583031 0.973602
vt 0.389658 0.010551
vt 0.376620 0.114133
vt 0.125000 0.581137
vt 0.375000 0.421875
s 0
g Cube.009_Material
usemtl Material
f 141/268/209 134/269/209 138/270/209
f 134/271/210 141/272/210 133/273/210
f 140/274/211 141/272/211 142/275/211
f 142/276/212 143/277/212 144/278/212
f 145/279/213 148/280/213 147/281/213
f 146/282/214 136/283/214 143/277/214
f 137/284/215 139/285/215 146/282/215
f 138/286/216 142/275/216 141/272/216
f 138/286/217 147/281/217 142/275/217
f 147/281/218 137/287/218 145/288/218
f 137/284/219 138/270/219 134/269/219
f 137/284/220 134/269/220 139/285/220
f 135/289/221 144/278/221 143/277/221 136/283/221
f 136/283/222 146/282/222 139/285/222
f 139/285/223 133/290/223 136/283/223
f 133/290/224 135/291/224 136/283/224
f 139/292/225 134/293/225 133/290/225
f 133/273/226 140/274/226 135/294/226
f 140/274/227 133/273/227 141/272/227
f 135/294/228 140/274/228 144/295/228
f 142/276/229 144/278/229 140/296/229
f 148/280/230 145/279/230 146/282/230
f 148/280/231 146/282/231 143/277/231
f 145/279/232 137/284/232 146/282/232
f 142/275/233 147/281/233 148/280/233
f 138/286/234 137/287/234 147/281/234
f 143/297/235 142/275/235 148/280/235
o Cube.010
v 11.871734 1.912968 -7.940279
v 11.789443 1.962788 -7.995412
v 11.654290 1.954094 -7.985026
v 11.806164 1.848555 -7.873268
v 11.914981 1.992632 -7.864363
v 11.687311 2.041874 -7.914740
v 11.662587 1.838528 -7.977392
v 11.691039 1.920949 -7.811933
v 11.878385 1.913277 -7.803442
vn -0.0394 0.6198 0.7837
vn -0.0080 0.6476 0.7620
vn -0.8879 -0.0334 0.4589
vn -0.9883 0.0801 0.1300
vn -0.0997 0.6445 -0.7581
vn 0.0170 -0.7291 -0.6842
vn 0.8945 -0.4451 -0.0425
vn 0.6838 -0.7290 -0.0316
vn 0.2841 0.8394 -0.4633
vn 0.4972 -0.5987 -0.6280
vn -0.0719 -0.0709 -0.9949
vn -0.0609 -0.6998 0.7117
vn -0.2795 -0.8394 0.4662
vn 0.6511 0.3077 -0.6938
vt 0.856741 0.527884
vt 0.792799 0.664448
vt 0.661337 0.518959
vt 0.570885 0.667835
vt 0.614877 0.834550
vt 0.495616 0.943630
vt 0.319826 0.718976
vt 0.602263 0.105449
vt 0.455701 0.107225
vt 0.553174 0.006579
vt 0.371255 0.573451
vt 0.135465 0.689951
vt 0.165587 0.530358
vt 0.553103 0.308270
vt 0.565029 0.471740
vt 0.392929 0.256090
vt 0.405598 0.560759
vt 0.171875 0.750000
s 0
g Cube.010_Material
usemtl Material
f 153/298/236 154/299/236 157/300/236
f 157/300/237 154/299/237 156/301/237
f 154/302/238 151/303/238 155/304/238
f 156/301/239 154/302/239 155/304/239
f 154/305/240 150/306/240 151/307/240
f 152/308/241 150/309/241 149/310/241
f 153/311/242 157/312/242 149/313/242
f 157/312/243 152/314/243 149/313/243
f 150/306/244 154/305/244 153/311/244
f 152/308/245 155/304/245 150/309/245
f 150/309/246 155/304/246 151/315/246
f 157/300/247 156/301/247 152/314/247
f 156/301/248 155/304/248 152/314/248
f 149/313/249 150/306/249 153/311/249
o Cube.011
v 10.517736 1.891723 -7.816580
v 10.825430 1.873171 -7.783875
v 10.726089 1.794042 -7.936947
v 10.642470 1.774951 -7.759918
v 10.646379 1.916066 -7.688704
v 10.630137 2.028394 -7.826048
v 10.596312 1.910850 -7.970476
v 10.748392 2.042219 -7.785699
v 10.760218 1.956427 -7.916595
vn 0.8598 -0.1184 -0.4968
vn 0.4823 -0.8656 0.1345
vn -0.5400 -0.7562 -0.3697
vn -0.6315 -0.3353 0.6991
vn -0.2977 0.7214 0.6252
vn -0.6352 0.5593 0.5326
vn -0.7454 0.5917 -0.3070
vn -0.0089 0.7766 -0.6300
vn 0.2975 0.0569 -0.9530
vn 0.8950 0.4059 -0.1852
vn 0.0866 0.8368 -0.5406
vn -0.5746 -0.7392 -0.3511
vn 0.3408 -0.4311 0.8355
vn 0.4996 0.2367 0.8333
vt 0.534218 0.539052
vt 0.807613 0.537738
vt 0.651467 0.712344
vt 0.812212 0.722590
vt 0.440472 0.699464
vt 0.505279 0.954605
vt 0.394685 0.910428
vt 0.529494 0.041599
vt 0.440272 0.169217
vt 0.407900 0.015209
vt 0.224689 0.500632
vt 0.298939 0.554231
vt 0.143822 0.628706
vt 0.350796 0.501919
vt 0.236030 0.724989
vt 0.358556 0.714558
vt 0.602122 0.296489
vt 0.527241 0.521298
vt 0.452229 0.375318
s 0
g Cube.011_Material
usemtl Material
f 166/316/250 159/317/250 160/318/250
f 160/318/251 159/317/251 161/319/251
f 164/320/252 161/321/252 158/322/252
f 161/323/253 162/324/253 158/325/253
f 165/326/254 163/327/254 162/328/254
f 162/328/255 163/329/255 158/330/255
f 163/329/256 164/331/256 158/330/256
f 163/329/257 166/316/257 164/320/257
f 166/316/258 160/318/258 164/320/258
f 159/332/259 166/333/259 165/334/259
f 165/334/260 166/316/260 163/329/260
f 160/318/261 161/321/261 164/320/261
f 161/323/262 159/332/262 162/324/262
f 159/332/263 165/334/263 162/324/263
o Cube.006
v 10.210503 1.997338 -9.926976
v 10.138981 1.813752 -9.846253
v 10.021405 1.855781 -10.049825
v 10.254319 1.873644 -9.933598
v 10.135742 1.800800 -9.995183
v 10.175351 1.886814 -10.100994
v 10.115177 2.013831 -9.971918
v 10.097552 1.910752 -9.812772
v 9.982844 1.867411 -9.938622
vn 0.8645 0.3267 -0.3821
vn 0.6150 -0.7087 -0.3459
vn -0.3601 0.5755 -0.7342
vn 0.6922 0.0470 0.7202
vn 0.5464 0.1495 0.8241
vn -0.6494 0.6691 0.3615
vn -0.1056 0.8399 0.5323
vn -0.5633 -0.4742 0.6767
vn -0.3701 -0.9248 0.0885
vn -0.4139 -0.9090 -0.0485
vn -0.0598 -0.7635 -0.6430
vn 0.3869 0.7410 -0.5488
vn -0.7382 0.5948 -0.3182
vn 0.4979 -0.8649 0.0644
vt 0.423616 0.817668
vt 0.438163 0.985880
vt 0.399025 0.926987
vt 0.584080 0.909473
vt 0.477709 0.045024
vt 0.607265 0.122218
vt 0.441545 0.286085
vt 0.565477 0.549583
vt 0.592013 0.712367
vt 0.289400 0.584684
vt 0.400831 0.754486
vt 0.615924 0.357557
vt 0.551199 0.540629
vt 0.429879 0.509305
vt 0.769145 0.562221
vt 0.604783 0.677624
vt 0.780055 0.741830
vt 0.860509 0.631959
vt 0.567506 0.015179
vt 0.377433 0.096481
s 0
g Cube.006_Material
usemtl Material
f 170/335/264 172/336/264 167/337/264
f 171/338/265 172/336/265 170/335/265
f 172/339/266 169/340/266 173/341/266
f 174/342/267 168/343/267 167/344/267
f 168/343/268 170/345/268 167/344/268
f 173/341/269 175/346/269 174/347/269
f 174/347/270 167/348/270 173/341/270
f 174/342/271 175/349/271 168/350/271
f 168/350/272 175/349/272 171/351/272
f 175/349/273 169/352/273 171/351/273
f 171/353/274 169/340/274 172/339/274
f 167/354/275 172/339/275 173/341/275
f 173/341/276 169/340/276 175/346/276
f 168/343/277 171/338/277 170/335/277
o Cube.007
v 10.277115 1.827604 -10.183381
v 10.454528 1.857899 -10.221065
v 10.254978 1.955387 -10.218142
v 10.324137 2.041634 -10.127998
v 10.274803 1.909095 -10.053098
v 10.373246 1.791114 -10.093732
v 10.449757 1.985899 -10.171947
v 10.372523 1.914280 -10.274665
v 10.452361 1.866830 -10.072875
vn 0.6830 -0.7285 0.0539
vn -0.0282 -0.7100 -0.7037
vn 0.9994 0.0324 0.0127
vn -0.4975 -0.3069 -0.8114
vn -0.9857 -0.1500 0.0763
vn -0.0600 0.7438 -0.6657
vn 0.4845 0.5658 0.6672
vn 0.0618 -0.8996 -0.4324
vn -0.6290 -0.6641 0.4042
vn 0.0350 -0.2992 0.9535
vn -0.8624 0.4510 0.2301
vn 0.1216 0.7690 -0.6276
vn 0.6557 0.2917 -0.6964
vn 0.1995 0.4248 0.8830
vt 0.862532 0.586626
vt 0.666025 0.612825
vt 0.793538 0.524739
vt 0.799625 0.742317
vt 0.596159 0.725728
vt 0.676667 0.500000
vt 0.533198 0.702151
vt 0.502729 0.907748
vt 0.315429 0.689365
vt 0.215046 0.717794
vt 0.139986 0.551629
vt 0.365533 0.517965
vt 0.592775 0.342442
vt 0.523296 0.508923
vt 0.395346 0.376049
vt 0.510142 0.020803
vt 0.592582 0.143625
vt 0.414253 0.208459
s 0
g Cube.007_Material
usemtl Material
f 181/355/278 177/356/278 184/357/278
f 177/356/279 176/358/279 183/359/279
f 184/357/280 177/356/280 182/360/280
f 183/361/281 176/362/281 178/363/281
f 178/363/282 176/364/282 180/365/282
f 179/366/283 183/361/283 178/363/283
f 184/367/284 182/368/284 179/369/284
f 181/355/285 176/358/285 177/356/285
f 176/370/286 181/371/286 180/372/286
f 180/372/287 181/371/287 184/367/287
f 180/365/288 179/366/288 178/363/288
f 179/366/289 182/368/289 183/361/289
f 182/368/290 177/356/290 183/361/290
f 180/372/291 184/367/291 179/369/291
o Cube.008
v 11.582925 1.828061 -10.492676
v 11.727356 1.912502 -10.434008
v 11.832809 1.905965 -10.320234
v 11.747464 1.746198 -10.314569
v 11.710712 1.873412 -10.131082
v 11.560640 1.806351 -10.251429
v 11.535892 1.922497 -10.407374
v 11.839600 1.977965 -10.224217
v 11.670391 2.000608 -10.247521
vn 0.6676 -0.3794 -0.6406
vn 0.8523 -0.4456 0.2739
vn -0.0777 -0.8265 0.5575
vn -0.9272 -0.3555 -0.1176
vn -0.0127 0.9026 -0.4303
vn 0.1737 0.9099 -0.3768
vn -0.6762 0.3692 0.6375
vn -0.0118 0.6732 0.7394
vn 0.5898 0.6255 -0.5108
vn 0.5475 -0.4435 -0.7096
vn 0.7352 -0.4792 0.4795
vn -0.3396 -0.9335 -0.1154
vn -0.0715 0.6487 -0.7576
vn -0.7827 0.4332 0.4469
vt 0.551771 0.821043
vt 0.490236 0.981936
vt 0.443965 0.755163
vt 0.609545 0.740303
vt 0.579499 0.265268
vt 0.447677 0.232718
vt 0.490446 0.016300
vt 0.320967 0.499695
vt 0.242238 0.673984
vt 0.142687 0.564850
vt 0.543218 0.480597
vt 0.654480 0.663904
vt 0.651690 0.523626
vt 0.809399 0.589510
vt 0.375000 0.930496
vt 0.603518 0.001237
vt 0.583364 0.169025
vt 0.384386 0.054537
vt 0.382289 0.419599
s 0
g Cube.008_Material
usemtl Material
f 187/373/292 188/374/292 186/375/292
f 187/373/293 192/376/293 188/374/293
f 189/377/294 190/378/294 188/379/294
f 191/380/295 185/381/295 190/382/295
f 193/383/296 186/375/296 191/380/296
f 193/383/297 192/384/297 186/375/297
f 189/377/298 193/383/298 190/378/298
f 193/385/299 189/386/299 192/384/299
f 192/384/300 187/373/300 186/375/300
f 185/387/301 186/375/301 188/374/301
f 192/388/302 189/389/302 188/379/302
f 185/390/303 188/379/303 190/378/303
f 185/381/304 191/380/304 186/375/304
f 191/391/305 190/378/305 193/383/305
o Cube.009
v 10.212916 2.051065 -7.974820
v 10.363149 2.061547 -8.011889
v 10.096458 1.964453 -8.060199
v 10.108015 1.831853 -7.971445
v 10.479993 1.876283 -8.056389
v 10.447681 1.983997 -8.190939
v 10.312679 1.846550 -7.896792
v 10.205025 2.063600 -8.176750
v 10.338120 2.063777 -8.222988
v 10.212182 1.875145 -8.282138
v 10.143898 1.784792 -8.141229
v 10.089217 1.962547 -8.189123
v 10.402802 1.747443 -8.106096
v 10.281193 1.745964 -7.937665
v 10.362621 1.783512 -8.220961
v 10.235463 1.685929 -8.178637
vn 0.5994 0.7980 -0.0626
vn -0.0651 0.9977 0.0183
vn -0.2922 0.4583 -0.8394
vn -0.7143 -0.3784 -0.5888
vn 0.4658 -0.7845 -0.4093
vn -0.4622 -0.8749 0.1448
vn 0.6567 -0.4511 0.6044
vn 0.3298 0.0749 -0.9411
vn 0.3678 -0.0168 -0.9297
vn 0.8447 -0.3497 -0.4053
vn 0.8504 0.4910 0.1888
vn 0.6486 0.2352 0.7238
vn -0.9713 -0.2316 -0.0552
vn -0.3124 -0.2720 0.9102
vn -0.3485 0.1809 0.9197
vn -0.7088 0.3486 0.6132
vn 0.1881 0.4289 0.8836
vn -0.6289 0.7741 0.0726
vn 0.0199 0.9979 0.0612
vn -0.6588 0.7518 0.0259
vn -0.3081 0.4554 -0.8353
vn 0.2675 -0.9457 0.1848
vn -0.6415 -0.7069 0.2979
vn 0.6629 -0.5799 0.4736
vn 0.0698 -0.4721 -0.8788
vn 0.8487 -0.2943 -0.4394
vn -0.6883 -0.4115 -0.5974
vt 0.875000 0.649805
vt 0.849233 0.683396
vt 0.832712 0.540342
vt 0.580473 0.024703
vt 0.534759 0.188184
vt 0.498710 0.020990
vt 0.437420 0.135101
vt 0.411456 0.342495
vt 0.213804 0.511922
vt 0.337875 0.601179
vt 0.185175 0.619999
vt 0.611440 0.548317
vt 0.438499 0.522151
vt 0.536413 0.434917
vt 0.517900 0.691047
vt 0.378975 0.759339
vt 0.724211 0.603714
vt 0.568883 0.768659
vt 0.609419 0.213408
vt 0.625000 0.382072
vt 0.588498 0.519208
vt 0.209844 0.718096
vt 0.479559 0.953620
vt 0.390901 0.953078
vt 0.565332 0.774863
vt 0.583031 0.973602
vt 0.389658 0.010551
vt 0.376620 0.114133
vt 0.125000 0.581137
vt 0.375000 0.421875
s 0
g Cube.009_Material
usemtl Material
f 202/392/306 195/393/306 199/394/306
f 195/395/307 202/396/307 194/397/307
f 201/398/308 202/396/308 203/399/308
f 203/400/309 204/401/309 205/402/309
f 206/403/310 209/404/310 208/405/310
f 207/406/311 197/407/311 204/401/311
f 198/408/312 200/409/312 207/406/312
f 199/410/313 203/399/313 202/396/313
f 199/410/314 208/405/314 203/399/314
f 208/405/315 198/411/315 206/412/315
f 198/408/316 199/394/316 195/393/316
f 198/408/317 195/393/317 200/409/317
f 196/413/318 205/402/318 204/401/318 197/407/318
f 197/407/319 207/406/319 200/409/319
f 200/409/320 194/414/320 197/407/320
f 194/414/321 196/415/321 197/407/321
f 200/416/322 195/417/322 194/414/322
f 194/397/323 201/398/323 196/418/323
f 201/398/324 194/397/324 202/396/324
f 196/418/325 201/398/325 205/419/325
f 203/400/326 205/402/326 201/420/326
f 209/404/327 206/403/327 207/406/327
f 209/404/328 207/406/328 204/401/328
f 206/403/329 198/408/329 207/406/329
f 203/399/330 208/405/330 209/404/330
f 199/410/331 198/411/331 208/405/331
f 204/421/332 203/399/332 209/404/332
o Cube.010
v 9.825976 1.888537 -9.329942
v 9.780832 1.968324 -9.450038
v 9.865571 2.013548 -9.608255
v 9.969873 1.859747 -9.379847
v 9.755925 1.743892 -9.341332
v 9.788410 1.876498 -9.635989
v 9.996562 2.049873 -9.527277
v 9.980892 1.799786 -9.573782
v 9.898547 1.717297 -9.346117
vn -0.1800 -0.8894 -0.4201
vn -0.2237 -0.8877 -0.4025
vn 0.5487 -0.1422 -0.8238
vn 0.3574 0.1491 -0.9220
vn -0.8089 0.5134 -0.2865
vn 0.3200 0.8402 0.4379
vn 0.0172 -0.0868 0.9961
vn 0.3368 0.0539 0.9400
vn -0.9944 0.0732 -0.0767
vn 0.0543 0.6071 0.7928
vn -0.3213 0.9420 0.0972
vn 0.8962 -0.4069 0.1767
vn 0.9938 -0.0772 0.0803
vn -0.7842 0.3388 0.5199
vt 0.856741 0.527884
vt 0.792799 0.664448
vt 0.661337 0.518959
vt 0.570885 0.667835
vt 0.614877 0.834550
vt 0.495616 0.943630
vt 0.319826 0.718976
vt 0.602263 0.105449
vt 0.455701 0.107225
vt 0.553174 0.006579
vt 0.371255 0.573451
vt 0.135465 0.689951
vt 0.165587 0.530358
vt 0.553103 0.308270
vt 0.565029 0.471740
vt 0.392929 0.256090
vt 0.405598 0.560759
vt 0.171875 0.750000
s 0
g Cube.010_Material
usemtl Material
f 214/422/333 215/423/333 218/424/333
f 218/424/334 215/423/334 217/425/334
f 215/426/335 212/427/335 216/428/335
f 217/425/336 215/426/336 216/428/336
f 215/429/337 211/430/337 212/431/337
f 213/432/338 211/433/338 210/434/338
f 214/435/339 218/436/339 210/437/339
f 218/436/340 213/438/340 210/437/340
f 211/430/341 215/429/341 214/435/341
f 213/432/342 216/428/342 211/433/342
f 211/433/343 216/428/343 212/439/343
f 218/424/344 217/425/344 213/438/344
f 217/425/345 216/428/345 213/438/345
f 210/437/346 211/430/346 214/435/346
o Cube.011
v 12.522184 1.694064 -9.218996
v 12.369793 1.999944 -9.300736
v 12.505504 1.971812 -9.122904
v 12.361270 1.806752 -9.163807
v 12.369701 1.768078 -9.338611
v 12.563646 1.804628 -9.381498
v 12.646791 1.843469 -9.187578
v 12.490564 1.908089 -9.446772
v 12.561619 1.985800 -9.303366
vn 0.0745 0.9922 0.1001
vn -0.6763 0.4456 0.5866
vn 0.1171 -0.2969 0.9477
vn -0.5292 -0.8335 0.1589
vn -0.0739 -0.5689 -0.8191
vn 0.0334 -0.8303 -0.5564
vn 0.7720 -0.5995 -0.2109
vn 0.8878 0.1906 -0.4188
vn 0.7123 0.6472 0.2716
vn 0.0570 0.8657 -0.4973
vn 0.8126 0.2385 -0.5318
vn 0.1211 -0.3372 0.9336
vn -0.9987 0.0086 -0.0501
vn -0.7307 0.1103 -0.6737
vt 0.534218 0.539052
vt 0.807613 0.537738
vt 0.651467 0.712344
vt 0.812212 0.722590
vt 0.440472 0.699464
vt 0.505279 0.954605
vt 0.394685 0.910428
vt 0.529494 0.041599
vt 0.440272 0.169217
vt 0.407900 0.015209
vt 0.224689 0.500632
vt 0.298939 0.554231
vt 0.143822 0.628706
vt 0.350796 0.501919
vt 0.236030 0.724989
vt 0.358556 0.714558
vt 0.602122 0.296489
vt 0.527241 0.521298
vt 0.452229 0.375318
s 0
g Cube.011_Material
usemtl Material
f 227/440/347 220/441/347 221/442/347
f 221/442/348 220/441/348 222/443/348
f 225/444/349 222/445/349 219/446/349
f 222/447/350 223/448/350 219/449/350
f 226/450/351 224/451/351 223/452/351
f 223/452/352 224/453/352 219/454/352
f 224/453/353 225/455/353 219/454/353
f 224/453/354 227/440/354 225/444/354
f 227/440/355 221/442/355 225/444/355
f 220/456/356 227/457/356 226/458/356
f 226/458/357 227/440/357 224/453/357
f 221/442/358 222/445/358 225/444/358
f 222/447/359 220/456/359 223/448/359
f 220/456/360 226/458/360 223/448/360
o Cube.006
v 11.683960 1.932291 -7.797983
v 11.831223 1.967067 -7.977379
v 11.888125 1.733906 -7.869276
v 11.672444 1.910241 -7.940656
v 11.799890 1.805398 -7.970695
v 11.707071 1.718057 -7.879850
v 11.766090 1.867585 -7.744205
v 11.854844 2.012964 -7.866864
v 11.953277 1.846352 -7.859006
vn -0.9842 -0.1451 0.1019
vn -0.4728 -0.3421 -0.8120
vn 0.0160 -0.6753 0.7374
vn -0.4923 0.8361 -0.2420
vn -0.3581 0.9267 -0.1143
vn 0.5190 0.3435 0.7827
vn 0.0051 0.6430 0.7658
vn 0.8092 0.4609 -0.3644
vn 0.6078 -0.1500 -0.7798
vn 0.6128 -0.2878 -0.7360
vn 0.1041 -0.7680 -0.6320
vn -0.6835 -0.3238 0.6543
vn 0.4626 -0.3427 0.8177
vn -0.2266 0.0036 -0.9740
vt 0.423616 0.817668
vt 0.438163 0.985880
vt 0.399025 0.926987
vt 0.584080 0.909473
vt 0.477709 0.045024
vt 0.607265 0.122218
vt 0.441545 0.286085
vt 0.565477 0.549583
vt 0.592013 0.712367
vt 0.289400 0.584684
vt 0.400831 0.754486
vt 0.615924 0.357557
vt 0.551199 0.540629
vt 0.429879 0.509305
vt 0.769145 0.562221
vt 0.604783 0.677624
vt 0.780055 0.741830
vt 0.860509 0.631959
vt 0.567506 0.015179
vt 0.377433 0.096481
s 0
g Cube.006_Material
usemtl Material
f 231/459/361 233/460/361 228/461/361
f 232/462/362 233/460/362 231/459/362
f 233/463/363 230/464/363 234/465/363
f 235/466/364 229/467/364 228/468/364
f 229/467/365 231/469/365 228/468/365
f 234/465/366 236/470/366 235/471/366
f 235/471/367 228/472/367 234/465/367
f 235/466/368 236/473/368 229/474/368
f 229/474/369 236/473/369 232/475/369
f 236/473/370 230/476/370 232/475/370
f 232/477/371 230/464/371 233/463/371
f 228/478/372 233/463/372 234/465/372
f 234/465/373 230/464/373 236/470/373
f 229/467/374 232/462/374 231/459/374
o Cube.007
v 10.457508 1.845583 -7.867859
v 10.498497 1.839644 -8.035539
v 10.372953 1.755163 -7.891922
v 10.280427 1.802209 -7.976638
v 10.330379 1.911447 -7.886268
v 10.464579 1.953799 -7.936107
v 10.376258 1.819403 -8.070913
v 10.461997 1.754004 -7.984494
v 10.417145 1.952754 -8.029449
vn 0.7403 0.5530 -0.3824
vn 0.9366 -0.2573 0.2380
vn 0.2371 0.2214 -0.9459
vn 0.5437 -0.6498 0.5311
vn -0.1864 -0.0862 0.9787
vn -0.2589 -0.9363 -0.2373
vn -0.6783 0.3997 -0.6166
vn 0.9686 0.0842 0.2338
vn 0.1480 0.5206 0.8409
vn -0.2579 0.9587 0.1203
vn -0.7172 -0.2193 0.6615
vn -0.2503 -0.8752 -0.4140
vn 0.3135 -0.5812 -0.7509
vn -0.7569 0.5858 -0.2897
vt 0.862532 0.586626
vt 0.666025 0.612825
vt 0.793538 0.524739
vt 0.799625 0.742317
vt 0.596159 0.725728
vt 0.676667 0.500000
vt 0.533198 0.702151
vt 0.502729 0.907748
vt 0.315429 0.689365
vt 0.215046 0.717794
vt 0.139986 0.551629
vt 0.365533 0.517965
vt 0.592775 0.342442
vt 0.523296 0.508923
vt 0.395346 0.376049
vt 0.510142 0.020803
vt 0.592582 0.143625
vt 0.414253 0.208459
s 0
g Cube.007_Material
usemtl Material
f 242/479/375 238/480/375 245/481/375
f 238/480/376 237/482/376 244/483/376
f 245/481/377 238/480/377 243/484/377
f 244/485/378 237/486/378 239/487/378
f 239/487/379 237/488/379 241/489/379
f 240/490/380 244/485/380 239/487/380
f 245/491/381 243/492/381 240/493/381
f 242/479/382 237/482/382 238/480/382
f 237/494/383 242/495/383 241/496/383
f 241/496/384 242/495/384 245/491/384
f 241/489/385 240/490/385 239/487/385
f 240/490/386 243/492/386 244/485/386
f 243/492/387 238/480/387 244/485/387
f 241/496/388 245/491/388 240/493/388
o Cube.008
v 10.739205 1.886654 -10.377180
v 10.850930 1.801837 -10.330582
v 10.975551 1.809742 -10.296476
v 10.926284 1.952553 -10.298547
v 11.055142 1.916486 -10.431523
v 10.899060 1.973289 -10.466994
v 10.790336 1.851380 -10.471706
v 11.054529 1.780045 -10.350549
v 10.969161 1.800983 -10.464163
vn -0.2588 -0.0753 0.9630
vn 0.6061 0.2202 0.7643
vn 0.3287 0.9424 0.0629
vn -0.6150 0.5696 -0.5452
vn -0.2559 -0.9412 -0.2205
vn -0.1152 -0.9887 -0.0956
vn 0.2505 0.0861 -0.9643
vn 0.7126 -0.3604 -0.6019
vn -0.0563 -0.9075 0.4162
vn -0.3867 -0.0027 0.9222
vn 0.7180 0.3529 0.6000
vn -0.3916 0.9034 0.1745
vn -0.5980 -0.8011 -0.0245
vn 0.0424 0.0008 -0.9991
vt 0.551771 0.821043
vt 0.490236 0.981936
vt 0.443965 0.755163
vt 0.609545 0.740303
vt 0.579499 0.265268
vt 0.447677 0.232718
vt 0.490446 0.016300
vt 0.320967 0.499695
vt 0.242238 0.673984
vt 0.142687 0.564850
vt 0.543218 0.480597
vt 0.654480 0.663904
vt 0.651690 0.523626
vt 0.809399 0.589510
vt 0.375000 0.930496
vt 0.603518 0.001237
vt 0.583364 0.169025
vt 0.384386 0.054537
vt 0.382289 0.419599
s 0
g Cube.008_Material
usemtl Material
f 248/497/389 249/498/389 247/499/389
f 248/497/390 253/500/390 249/498/390
f 250/501/391 251/502/391 249/503/391
f 252/504/392 246/505/392 251/506/392
f 254/507/393 247/499/393 252/504/393
f 254/507/394 253/508/394 247/499/394
f 250/501/395 254/507/395 251/502/395
f 254/509/396 250/510/396 253/508/396
f 253/508/397 248/497/397 247/499/397
f 246/511/398 247/499/398 249/498/398
f 253/512/399 250/513/399 249/503/399
f 246/514/400 249/503/400 251/502/400
f 246/505/401 252/504/401 247/499/401
f 252/515/402 251/502/402 254/507/402
o Cube.009
v 12.022483 1.662725 -10.378700
v 11.999987 1.846435 -10.460427
v 12.046048 1.619700 -10.164582
v 11.843596 1.583360 -10.129247
v 11.801260 2.030218 -10.352046
v 12.021099 2.083796 -10.318413
v 11.720836 1.737417 -10.334996
v 12.187445 1.807760 -10.232007
v 12.168341 1.982166 -10.286799
v 12.074617 1.924320 -10.001547
v 11.907795 1.758277 -9.986767
v 12.142375 1.711479 -10.061240
v 11.740581 2.007073 -10.156146
v 11.663430 1.750967 -10.199832
v 11.877604 2.048003 -10.072693
v 11.800113 1.897335 -9.938286
vn 0.4607 0.4252 -0.7791
vn 0.7721 -0.1770 -0.6103
vn 0.9159 0.2081 0.3431
vn 0.2645 -0.1814 0.9472
vn -0.5110 0.7035 0.4940
vn -0.6083 -0.3550 0.7099
vn -0.8895 0.2210 -0.3999
vn 0.4890 0.8095 0.3248
vn 0.4008 0.8438 0.3570
vn -0.2976 0.9545 0.0206
vn 0.0063 0.5130 -0.8584
vn -0.4302 0.0657 -0.9003
vn 0.1534 -0.7181 0.6789
vn -0.6275 -0.7549 -0.1908
vn -0.2757 -0.8411 -0.4653
vn 0.1372 -0.9681 -0.2096
vn -0.2310 -0.4189 -0.8781
vn 0.7440 -0.6345 -0.2094
vn 0.7218 -0.1342 -0.6790
vn 0.7628 -0.6283 -0.1530
vn 0.9163 0.1933 0.3508
vn -0.9098 0.2133 0.3561
vn -0.5114 -0.6078 0.6074
vn -0.9157 0.3178 -0.2461
vn 0.1158 0.6274 0.7700
vn -0.2372 0.9715 0.0030
vn 0.2361 -0.1518 0.9598
vt 0.875000 0.649805
vt 0.849233 0.683396
vt 0.832712 0.540342
vt 0.580473 0.024703
vt 0.534759 0.188184
vt 0.498710 0.020990
vt 0.437420 0.135101
vt 0.411456 0.342495
vt 0.213804 0.511922
vt 0.337875 0.601179
vt 0.185175 0.619999
vt 0.611440 0.548317
vt 0.438499 0.522151
vt 0.536413 0.434917
vt 0.517900 0.691047
vt 0.378975 0.759339
vt 0.724211 0.603714
vt 0.568883 0.768659
vt 0.609419 0.213408
vt 0.625000 0.382072
vt 0.588498 0.519208
vt 0.209844 0.718096
vt 0.479559 0.953620
vt 0.390901 0.953078
vt 0.565332 0.774863
vt 0.583031 0.973602
vt 0.389658 0.010551
vt 0.376620 0.114133
vt 0.125000 0.581137
vt 0.375000 0.421875
s 0
g Cube.009_Material
usemtl Material
f 263/516/403 256/517/403 260/518/403
f 256/519/404 263/520/404 255/521/404
f 262/522/405 263/520/405 264/523/405
f 264/524/406 265/525/406 266/526/406
f 267/527/407 270/528/407 269/529/407
f 268/530/408 258/531/408 265/525/408
f 259/532/409 261/533/409 268/530/409
f 260/534/410 264/523/410 263/520/410
f 260/534/411 269/529/411 264/523/411
f 269/529/412 259/535/412 267/536/412
f 259/532/413 260/518/413 256/517/413
f 259/532/414 256/517/414 261/533/414
f 257/537/415 266/526/415 265/525/415 258/531/415
f 258/531/416 268/530/416 261/533/416
f 261/533/417 255/538/417 258/531/417
f 255/538/418 257/539/418 258/531/418
f 261/540/419 256/541/419 255/538/419
f 255/521/420 262/522/420 257/542/420
f 262/522/421 255/521/421 263/520/421
f 257/542/422 262/522/422 266/543/422
f 264/524/423 266/526/423 262/544/423
f 270/528/424 267/527/424 268/530/424
f 270/528/425 268/530/425 265/525/425
f 267/527/426 259/532/426 268/530/426
f 264/523/427 269/529/427 270/528/427
f 260/534/428 259/535/428 269/529/428
f 265/545/429 264/523/429 270/528/429
o Cube.010
v 9.936497 1.948059 -9.400127
v 9.937420 1.841950 -9.272718
v 9.790306 1.732682 -9.185085
v 9.769547 1.940325 -9.431825
v 10.005322 1.862108 -9.538477
v 9.860274 1.630823 -9.309376
v 9.685462 1.871032 -9.189542
v 9.685659 1.733598 -9.433140
v 9.856632 1.898870 -9.582273
vn 0.0301 -0.7129 -0.7006
vn 0.0772 -0.7108 -0.6992
vn -0.7969 -0.6024 0.0451
vn -0.6523 -0.6603 0.3720
vn 0.6590 -0.3559 0.6626
vn -0.1553 0.7585 0.6329
vn 0.3254 0.8672 -0.3769
vn 0.0052 0.9648 -0.2628
vn 0.9076 -0.3670 0.2040
vn 0.2171 0.9160 0.3373
vn 0.3299 0.2791 0.9018
vn -0.7792 0.3196 -0.5391
vn -0.9057 0.3689 -0.2088
vn 0.9129 0.3169 0.2573
vt 0.856741 0.527884
vt 0.792799 0.664448
vt 0.661337 0.518959
vt 0.570885 0.667835
vt 0.614877 0.834550
vt 0.495616 0.943630
vt 0.319826 0.718976
vt 0.602263 0.105449
vt 0.455701 0.107225
vt 0.553174 0.006579
vt 0.371255 0.573451
vt 0.135465 0.689951
vt 0.165587 0.530358
vt 0.553103 0.308270
vt 0.565029 0.471740
vt 0.392929 0.256090
vt 0.405598 0.560759
vt 0.171875 0.750000
s 0
g Cube.010_Material
usemtl Material
f 275/546/430 276/547/430 279/548/430
f 279/548/431 276/547/431 278/549/431
f 276/550/432 273/551/432 277/552/432
f 278/549/433 276/550/433 277/552/433
f 276/553/434 272/554/434 273/555/434
f 274/556/435 272/557/435 271/558/435
f 275/559/436 279/560/436 271/561/436
f 279/560/437 274/562/437 271/561/437
f 272/554/438 276/553/438 275/559/438
f 274/556/439 277/552/439 272/557/439
f 272/557/440 277/552/440 273/563/440
f 279/548/441 278/549/441 274/562/441
f 278/549/442 277/552/442 274/562/442
f 271/561/443 272/554/443 275/559/443
o Cube.011
v 12.094920 1.657059 -10.271658
v 11.818522 1.911003 -10.033041
v 12.079311 1.835627 -9.944990
v 11.928888 1.635294 -10.075004
v 11.841425 1.725153 -10.264065
v 12.021737 1.892633 -10.333290
v 12.221197 1.839057 -10.156967
v 11.882126 1.992901 -10.278612
v 12.030505 2.003213 -10.109521
vn -0.0423 0.6936 0.7191
vn -0.3797 -0.2859 0.8798
vn 0.5947 -0.6814 0.4266
vn -0.2549 -0.9137 -0.3164
vn -0.3619 0.0044 -0.9322
vn -0.1043 -0.2819 -0.9537
vn 0.6639 0.0106 -0.7478
vn 0.5436 0.7438 -0.3889
vn 0.6458 0.6223 0.4423
vn -0.3196 0.9206 0.2243
vn 0.4175 0.8080 -0.4157
vn 0.5977 -0.7011 0.3888
vn -0.8919 -0.3915 0.2265
vn -0.9691 0.1361 -0.2056
vt 0.534218 0.539052
vt 0.807613 0.537738
vt 0.651467 0.712344
vt 0.812212 0.722590
vt 0.440472 0.699464
vt 0.505279 0.954605
vt 0.394685 0.910428
vt 0.529494 0.041599
vt 0.440272 0.169217
vt 0.407900 0.015209
vt 0.224689 0.500632
vt 0.298939 0.554231
vt 0.143822 0.628706
vt 0.350796 0.501919
vt 0.236030 0.724989
vt 0.358556 0.714558
vt 0.602122 0.296489
vt 0.527241 0.521298
vt 0.452229 0.375318
s 0
g Cube.011_Material
usemtl Material
f 288/564/444 281/565/444 282/566/444
f 282/566/445 281/565/445 283/567/445
f 286/568/446 283/569/446 280/570/446
f 283/571/447 284/572/447 280/573/447
f 287/574/448 285/575/448 284/576/448
f 284/576/449 285/577/449 280/578/449
f 285/577/450 286/579/450 280/578/450
f 285/577/451 288/564/451 286/568/451
f 288/564/452 282/566/452 286/568/452
f 281/580/453 288/581/453 287/582/453
f 287/582/454 288/564/454 285/577/454
f 282/566/455 283/569/455 286/568/455
f 283/571/456 281/580/456 284/572/456
f 281/580/457 287/582/457 284/572/457
o Cube.006
v 12.329691 1.790260 -8.624438
v 12.495364 1.750226 -8.586803
v 12.439241 1.894662 -8.467156
v 12.374520 1.714437 -8.562445
v 12.441078 1.782376 -8.481709
v 12.332079 1.812870 -8.454517
v 12.344357 1.872509 -8.598616
v 12.475289 1.807910 -8.653882
v 12.497010 1.899527 -8.544871
vn -0.8838 -0.4621 0.0739
vn -0.0433 -0.7466 0.6639
vn -0.5627 0.7797 0.2747
vn -0.0379 -0.7632 -0.6450
vn 0.0270 -0.6231 -0.7817
vn 0.0962 0.7525 -0.6516
vn -0.2253 0.3282 -0.9174
vn 0.9689 0.0570 -0.2410
vn 0.8598 -0.1468 0.4890
vn 0.8028 -0.0637 0.5928
vn 0.2079 -0.1224 0.9705
vn -0.9839 0.1786 -0.0099
vn -0.1556 0.9863 -0.0539
vn 0.3350 -0.8386 0.4296
vt 0.423616 0.817668
vt 0.438163 0.985880
vt 0.399025 0.926987
vt 0.584080 0.909473
vt 0.477709 0.045024
vt 0.607265 0.122218
vt 0.441545 0.286085
vt 0.565477 0.549583
vt 0.592013 0.712367
vt 0.289400 0.584684
vt 0.400831 0.754486
vt 0.615924 0.357557
vt 0.551199 0.540629
vt 0.429879 0.509305
vt 0.769145 0.562221
vt 0.604783 0.677624
vt 0.780055 0.741830
vt 0.860509 0.631959
vt 0.567506 0.015179
vt 0.377433 0.096481
s 0
g Cube.006_Material
usemtl Material
f 292/583/458 294/584/458 289/585/458
f 293/586/459 294/584/459 292/583/459
f 294/587/460 291/588/460 295/589/460
f 296/590/461 290/591/461 289/592/461
f 290/591/462 292/593/462 289/592/462
f 295/589/463 297/594/463 296/595/463
f 296/595/464 289/596/464 295/589/464
f 296/590/465 297/597/465 290/598/465
f 290/598/466 297/597/466 293/599/466
f 297/597/467 291/600/467 293/599/467
f 293/601/468 291/588/468 294/587/468
f 289/602/469 294/587/469 295/589/469
f 295/589/470 291/588/470 297/594/470
f 290/591/471 293/586/471 292/583/471
o Cube.007
v 10.504847 1.797040 -7.958396
v 10.354319 1.905555 -8.035518
v 10.434052 1.678077 -8.007021
v 10.296854 1.666062 -7.934000
v 10.417263 1.736483 -7.828511
v 10.438682 1.902183 -7.875983
v 10.251673 1.803053 -7.997674
v 10.386900 1.796904 -8.084424
v 10.316873 1.903088 -7.877661
vn 0.0072 0.9998 0.0173
vn 0.6458 0.4659 -0.6049
vn -0.7265 0.6678 -0.1619
vn 0.7216 -0.1534 -0.6751
vn 0.7795 -0.5700 0.2598
vn -0.3327 -0.6038 -0.7244
vn -0.8604 -0.0479 0.5074
vn 0.6578 0.6754 -0.3336
vn 0.8144 0.0601 0.5772
vn -0.0112 0.2767 0.9609
vn 0.2514 -0.9127 0.3223
vn -0.4850 -0.4950 -0.7209
vn -0.5202 0.2159 -0.8263
vn -0.6072 -0.1348 0.7831
vt 0.862532 0.586626
vt 0.666025 0.612825
vt 0.793538 0.524739
vt 0.799625 0.742317
vt 0.596159 0.725728
vt 0.676667 0.500000
vt 0.533198 0.702151
vt 0.502729 0.907748
vt 0.315429 0.689365
vt 0.215046 0.717794
vt 0.139986 0.551629
vt 0.365533 0.517965
vt 0.592775 0.342442
vt 0.523296 0.508923
vt 0.395346 0.376049
vt 0.510142 0.020803
vt 0.592582 0.143625
vt 0.414253 0.208459
s 0
g Cube.007_Material
usemtl Material
f 303/603/472 299/604/472 306/605/472
f 299/604/473 298/606/473 305/607/473
f 306/605/474 299/604/474 304/608/474
f 305/609/475 298/610/475 300/611/475
f 300/611/476 298/612/476 302/613/476
f 301/614/477 305/609/477 300/611/477
f 306/615/478 304/616/478 301/617/478
f 303/603/479 298/606/479 299/604/479
f 298/618/480 303/619/480 302/620/480
f 302/620/481 303/619/481 306/615/481
f 302/613/482 301/614/482 300/611/482
f 301/614/483 304/616/483 305/609/483
f 304/616/484 299/604/484 305/609/484
f 302/620/485 306/615/485 301/617/485
o Cube.008
v 12.252355 1.860882 -7.940973
v 12.118180 1.723577 -7.956694
v 12.010309 1.658244 -8.068726
v 12.133569 1.769051 -8.174999
v 11.903163 1.854773 -8.173494
v 12.076275 1.973237 -8.102880
v 12.126359 1.926283 -7.901289
v 11.880959 1.675915 -8.072166
v 11.916510 1.836313 -7.982442
vn 0.6035 -0.7880 -0.1216
vn -0.0686 -0.6497 -0.7571
vn 0.1287 0.3622 -0.9232
vn 0.4798 0.8733 0.0842
vn -0.2564 -0.2452 0.9349
vn -0.3339 -0.4027 0.8522
vn -0.5932 0.7963 0.1184
vn -0.9818 0.1700 0.0850
vn -0.1249 -0.8000 0.5868
vn 0.7174 -0.6904 -0.0932
vn -0.1797 -0.4679 -0.8653
vn 0.7455 0.3980 -0.5346
vn 0.1611 -0.2663 0.9503
vn -0.4733 0.8247 0.3097
vt 0.551771 0.821043
vt 0.490236 0.981936
vt 0.443965 0.755163
vt 0.609545 0.740303
vt 0.579499 0.265268
vt 0.447677 0.232718
vt 0.490446 0.016300
vt 0.320967 0.499695
vt 0.242238 0.673984
vt 0.142687 0.564850
vt 0.543218 0.480597
vt 0.654480 0.663904
vt 0.651690 0.523626
vt 0.809399 0.589510
vt 0.375000 0.930496
vt 0.603518 0.001237
vt 0.583364 0.169025
vt 0.384386 0.054537
vt 0.382289 0.419599
s 0
g Cube.008_Material
usemtl Material
f 309/621/486 310/622/486 308/623/486
f 309/621/487 314/624/487 310/622/487
f 311/625/488 312/626/488 310/627/488
f 313/628/489 307/629/489 312/630/489
f 315/631/490 308/623/490 313/628/490
f 315/631/491 314/632/491 308/623/491
f 311/625/492 315/631/492 312/626/492
f 315/633/493 311/634/493 314/632/493
f 314/632/494 309/621/494 308/623/494
f 307/635/495 308/623/495 310/622/495
f 314/636/496 311/637/496 310/627/496
f 307/638/497 310/627/497 312/626/497
f 307/629/498 313/628/498 308/623/498
f 313/639/499 312/626/499 315/631/499
o Cube.009
v 11.043611 1.740242 -7.590653
v 10.900054 1.736384 -7.523143
v 11.075627 1.728616 -7.759539
v 11.080491 1.890139 -7.785613
v 10.733139 1.870937 -7.602718
v 10.715554 1.694573 -7.630614
v 10.951040 1.966371 -7.620258
v 10.946785 1.597178 -7.704998
v 10.810324 1.591963 -7.658804
v 10.839373 1.673648 -7.882411
v 10.949268 1.821898 -7.895011
v 11.013256 1.644432 -7.840050
v 10.740634 1.922313 -7.756036
v 10.931562 2.010567 -7.725358
v 10.722654 1.812078 -7.822288
v 10.828382 1.890288 -7.929412
vn -0.3363 -0.5253 0.7816
vn 0.3000 -0.7455 0.5952
vn -0.0833 -0.9325 -0.3515
vn 0.1947 -0.2254 -0.9546
vn -0.7808 0.4104 -0.4710
vn 0.2474 0.6606 -0.7088
vn -0.3362 0.8443 0.4173
vn -0.7389 -0.5962 -0.3138
vn -0.7862 -0.5135 -0.3439
vn -0.9874 0.1582 0.0047
vn -0.4862 -0.0890 0.8693
vn -0.1050 0.4065 0.9076
vn 0.7162 -0.0416 -0.6967
vn 0.6619 0.7269 0.1830
vn 0.8040 0.3881 0.4505
vn 0.9825 0.0005 0.1862
vn 0.4025 0.2789 0.8719
vn 0.7391 -0.6478 0.1847
vn 0.2521 -0.7025 0.6655
vn 0.7343 -0.6666 0.1282
vn -0.0688 -0.9306 -0.3595
vn -0.3495 0.8737 -0.3383
vn 0.5139 0.5998 -0.6134
vn -0.4394 0.8580 0.2660
vn -0.6226 -0.1959 -0.7576
vn -0.9952 0.0958 0.0218
vn 0.1610 -0.2015 -0.9662
vt 0.875000 0.649805
vt 0.849233 0.683396
vt 0.832712 0.540342
vt 0.580473 0.024703
vt 0.534759 0.188184
vt 0.498710 0.020990
vt 0.437420 0.135101
vt 0.411456 0.342495
vt 0.213804 0.511922
vt 0.337875 0.601179
vt 0.185175 0.619999
vt 0.611440 0.548317
vt 0.438499 0.522151
vt 0.536413 0.434917
vt 0.517900 0.691047
vt 0.378975 0.759339
vt 0.724211 0.603714
vt 0.568883 0.768659
vt 0.609419 0.213408
vt 0.625000 0.382072
vt 0.588498 0.519208
vt 0.209844 0.718096
vt 0.479559 0.953620
vt 0.390901 0.953078
vt 0.565332 0.774863
vt 0.583031 0.973602
vt 0.389658 0.010551
vt 0.376620 0.114133
vt 0.125000 0.581137
vt 0.375000 0.421875
s 0
g Cube.009_Material
usemtl Material
f 324/640/500 317/641/500 321/642/500
f 317/643/501 324/644/501 316/645/501
f 323/646/502 324/644/502 325/647/502
f 325/648/503 326/649/503 327/650/503
f 328/651/504 331/652/504 330/653/504
f 329/654/505 319/655/505 326/649/505
f 320/656/506 322/657/506 329/654/506
f 321/658/507 325/647/507 324/644/507
f 321/658/508 330/653/508 325/647/508
f 330/653/509 320/659/509 328/660/509
f 320/656/510 321/642/510 317/641/510
f 320/656/511 317/641/511 322/657/511
f 318/661/512 327/650/512 326/649/512 319/655/512
f 319/655/513 329/654/513 322/657/513
f 322/657/514 316/662/514 319/655/514
f 316/662/515 318/663/515 319/655/515
f 322/664/516 317/665/516 316/662/516
f 316/645/517 323/646/517 318/666/517
f 323/646/518 316/645/518 324/644/518
f 318/666/519 323/646/519 327/667/519
f 325/648/520 327/650/520 323/668/520
f 331/652/521 328/651/521 329/654/521
f 331/652/522 329/654/522 326/649/522
f 328/651/523 320/656/523 329/654/523
f 325/647/524 330/653/524 331/652/524
f 321/658/525 320/659/525 330/653/525
f 326/669/526 325/647/526 331/652/526
o Cube.010
v 9.932776 1.835332 -9.595431
v 9.901008 1.734168 -9.627134
v 9.865047 1.683607 -9.747686
v 9.922389 1.885238 -9.696887
v 10.049858 1.831268 -9.581137
v 9.980272 1.666104 -9.737557
v 9.800380 1.777717 -9.767558
v 9.979810 1.807100 -9.809905
v 10.033838 1.902795 -9.658167
vn 0.9466 -0.1130 -0.3018
vn 0.9571 -0.1297 -0.2590
vn 0.0614 -0.1657 -0.9843
vn -0.1339 -0.4528 -0.8815
vn -0.1723 -0.8890 0.4243
vn -0.9495 0.2320 0.2113
vn -0.0586 0.7254 0.6858
vn -0.2885 0.8471 0.4462
vn 0.2720 -0.7196 0.6388
vn -0.6914 0.3812 0.6137
vn -0.7859 -0.4506 0.4234
vn 0.0587 0.8348 -0.5474
vn -0.2686 0.7231 -0.6364
vn -0.1259 -0.2604 0.9572
vt 0.856741 0.527884
vt 0.792799 0.664448
vt 0.661337 0.518959
vt 0.570885 0.667835
vt 0.614877 0.834550
vt 0.495616 0.943630
vt 0.319826 0.718976
vt 0.602263 0.105449
vt 0.455701 0.107225
vt 0.553174 0.006579
vt 0.371255 0.573451
vt 0.135465 0.689951
vt 0.165587 0.530358
vt 0.553103 0.308270
vt 0.565029 0.471740
vt 0.392929 0.256090
vt 0.405598 0.560759
vt 0.171875 0.750000
s 0
g Cube.010_Material
usemtl Material
f 336/670/527 337/671/527 340/672/527
f 340/672/528 337/671/528 339/673/528
f 337/674/529 334/675/529 338/676/529
f 339/673/530 337/674/530 338/676/530
f 337/677/531 333/678/531 334/679/531
f 335/680/532 333/681/532 332/682/532
f 336/683/533 340/684/533 332/685/533
f 340/684/534 335/686/534 332/685/534
f 333/678/535 337/677/535 336/683/535
f 335/680/536 338/676/536 333/681/536
f 333/681/537 338/676/537 334/687/537
f 340/672/538 339/673/538 335/686/538
f 339/673/539 338/676/539 335/686/539
f 332/685/540 333/678/540 336/683/540
o Cube.011
v 10.379485 1.710735 -9.922873
v 10.099542 1.940398 -10.137967
v 10.307184 1.811436 -10.253216
v 10.358316 1.933710 -10.021125
v 10.202680 1.880915 -9.882777
v 10.146863 1.655581 -9.951407
v 10.327110 1.605861 -10.127938
v 10.012284 1.750879 -9.995899
v 10.116085 1.714023 -10.178495
vn -0.4180 0.1304 -0.8990
vn 0.2444 0.8346 -0.4936
vn 0.9705 -0.0139 -0.2407
vn 0.5382 0.3821 0.7512
vn -0.4154 -0.1693 0.8938
vn -0.0514 -0.2793 0.9588
vn 0.1611 -0.8948 0.4165
vn -0.4160 -0.8927 -0.1734
vn -0.0650 -0.5239 -0.8493
vn -0.8668 0.0258 -0.4980
vn -0.5409 -0.8293 -0.1401
vn 0.9792 -0.0277 -0.2011
vn -0.0933 0.9606 0.2616
vn -0.6682 0.6181 0.4141
vt 0.534218 0.539052
vt 0.807613 0.537738
vt 0.651467 0.712344
vt 0.812212 0.722590
vt 0.440472 0.699464
vt 0.505279 0.954605
vt 0.394685 0.910428
vt 0.529494 0.041599
vt 0.440272 0.169217
vt 0.407900 0.015209
vt 0.224689 0.500632
vt 0.298939 0.554231
vt 0.143822 0.628706
vt 0.350796 0.501919
vt 0.236030 0.724989
vt 0.358556 0.714558
vt 0.602122 0.296489
vt 0.527241 0.521298
vt 0.452229 0.375318
s 0
g Cube.011_Material
usemtl Material
f 349/688/541 342/689/541 343/690/541
f 343/690/542 342/689/542 344/691/542
f 347/692/543 344/693/543 341/694/543
f 344/695/544 345/696/544 341/697/544
f 348/698/545 346/699/545 345/700/545
f 345/700/546 346/701/546 341/702/546
f 346/701/547 347/703/547 341/702/547
f 346/701/548 349/688/548 347/692/548
f 349/688/549 343/690/549 347/692/549
f 342/704/550 349/705/550 348/706/550
f 348/706/551 349/688/551 346/701/551
f 343/690/552 344/693/552 347/692/552
f 344/695/553 342/704/553 345/696/553
f 342/704/554 348/706/554 345/696/554
o Cube.006
v 12.468962 1.712539 -9.227131
v 12.523075 1.684087 -9.447922
v 12.445892 1.927040 -9.415615
v 12.591371 1.717905 -9.297661
v 12.562378 1.835006 -9.408381
v 12.556808 1.913500 -9.277419
v 12.392212 1.792448 -9.257090
v 12.415281 1.654541 -9.406866
v 12.382882 1.830170 -9.468910
vn 0.4993 -0.0014 0.8664
vn 0.9814 0.1803 -0.0663
vn -0.4871 0.7402 0.4635
vn 0.3290 -0.9230 0.1996
vn 0.1345 -0.9781 0.1590
vn -0.9841 -0.1774 0.0118
vn -0.7317 -0.5539 0.3973
vn -0.2432 -0.3627 -0.8996
vn 0.3112 0.1642 -0.9360
vn 0.2970 0.3047 -0.9050
vn 0.5836 0.7072 -0.3991
vn -0.0854 0.2768 0.9571
vn -0.8618 0.4915 0.1255
vn 0.9130 -0.1371 -0.3841
vt 0.423616 0.817668
vt 0.438163 0.985880
vt 0.399025 0.926987
vt 0.584080 0.909473
vt 0.477709 0.045024
vt 0.607265 0.122218
vt 0.441545 0.286085
vt 0.565477 0.549583
vt 0.592013 0.712367
vt 0.289400 0.584684
vt 0.400831 0.754486
vt 0.615924 0.357557
vt 0.551199 0.540629
vt 0.429879 0.509305
vt 0.769145 0.562221
vt 0.604783 0.677624
vt 0.780055 0.741830
vt 0.860509 0.631959
vt 0.567506 0.015179
vt 0.377433 0.096481
s 0
g Cube.006_Material
usemtl Material
f 353/707/555 355/708/555 350/709/555
f 354/710/556 355/708/556 353/707/556
f 355/711/557 352/712/557 356/713/557
f 357/714/558 351/715/558 350/716/558
f 351/715/559 353/717/559 350/716/559
f 356/713/560 358/718/560 357/719/560
f 357/719/561 350/720/561 356/713/561
f 357/714/562 358/721/562 351/722/562
f 351/722/563 358/721/563 354/723/563
f 358/721/564 352/724/564 354/723/564
f 354/725/565 352/712/565 355/711/565
f 350/726/566 355/711/566 356/713/566
f 356/713/567 352/712/567 358/718/567
f 351/715/568 354/710/568 353/707/568
o Cube.007
v 9.959249 1.692943 -9.555064
v 9.941555 1.865907 -9.493476
v 9.864650 1.722975 -9.646101
v 9.742019 1.753325 -9.578917
v 9.825227 1.642363 -9.498091
v 9.943429 1.716810 -9.421254
v 9.805663 1.866580 -9.515121
v 9.921870 1.839583 -9.601990
v 9.862766 1.788990 -9.393190
vn 0.5781 0.3616 0.7315
vn 0.9603 0.1754 -0.2168
vn -0.0856 0.8219 0.5631
vn 0.6824 -0.0592 -0.7286
vn 0.1455 -0.8846 -0.4430
vn -0.3310 0.4716 -0.8173
vn -0.8398 0.1843 0.5106
vn 0.9923 0.0638 0.1059
vn 0.4213 -0.8829 0.2073
vn -0.1951 -0.5371 0.8206
vn -0.4613 -0.7218 -0.5160
vn -0.3806 0.6069 -0.6977
vn 0.0435 0.9691 -0.2430
vn -0.8047 -0.1951 0.5607
vt 0.862532 0.586626
vt 0.666025 0.612825
vt 0.793538 0.524739
vt 0.799625 0.742317
vt 0.596159 0.725728
vt 0.676667 0.500000
vt 0.533198 0.702151
vt 0.502729 0.907748
vt 0.315429 0.689365
vt 0.215046 0.717794
vt 0.139986 0.551629
vt 0.365533 0.517965
vt 0.592775 0.342442
vt 0.523296 0.508923
vt 0.395346 0.376049
vt 0.510142 0.020803
vt 0.592582 0.143625
vt 0.414253 0.208459
s 0
g Cube.007_Material
usemtl Material
f 364/727/569 360/728/569 367/729/569
f 360/728/570 359/730/570 366/731/570
f 367/729/571 360/728/571 365/732/571
f 366/733/572 359/734/572 361/735/572
f 361/735/573 359/736/573 363/737/573
f 362/738/574 366/733/574 361/735/574
f 367/739/575 365/740/575 362/741/575
f 364/727/576 359/730/576 360/728/576
f 359/742/577 364/743/577 363/744/577
f 363/744/578 364/743/578 367/739/578
f 363/737/579 362/738/579 361/735/579
f 362/738/580 365/740/580 366/733/580
f 365/740/581 360/728/581 366/733/581
f 363/744/582 367/739/582 362/741/582
o Cube.008
v 11.106412 1.647722 -10.427201
v 10.922418 1.618794 -10.418917
v 10.781241 1.687702 -10.463410
v 10.915207 1.781942 -10.560823
v 10.803834 1.917199 -10.399820
v 11.015655 1.885179 -10.398775
v 11.065188 1.708492 -10.304881
v 10.699000 1.747136 -10.388025
v 10.842480 1.778356 -10.281874
vn -0.0838 -0.6561 -0.7500
vn -0.6310 0.1022 -0.7690
vn 0.1239 0.8003 -0.5866
vn 0.9298 0.3380 0.1455
vn -0.1409 -0.6847 0.7150
vn -0.3168 -0.7043 0.6353
vn 0.0961 0.6598 0.7453
vn -0.5976 0.4159 0.6854
vn -0.4741 -0.8649 0.1647
vn 0.0687 -0.6530 -0.7542
vn -0.6208 0.3335 -0.7095
vn 0.6872 0.3395 -0.6423
vn 0.1572 -0.8623 0.4814
vn 0.2446 0.5076 0.8262
vt 0.551771 0.821043
vt 0.490236 0.981936
vt 0.443965 0.755163
vt 0.609545 0.740303
vt 0.579499 0.265268
vt 0.447677 0.232718
vt 0.490446 0.016300
vt 0.320967 0.499695
vt 0.242238 0.673984
vt 0.142687 0.564850
vt 0.543218 0.480597
vt 0.654480 0.663904
vt 0.651690 0.523626
vt 0.809399 0.589510
vt 0.375000 0.930496
vt 0.603518 0.001237
vt 0.583364 0.169025
vt 0.384386 0.054537
vt 0.382289 0.419599
s 0
g Cube.008_Material
usemtl Material
f 370/745/583 371/746/583 369/747/583
f 370/745/584 375/748/584 371/746/584
f 372/749/585 373/750/585 371/751/585
f 374/752/586 368/753/586 373/754/586
f 376/755/587 369/747/587 374/752/587
f 376/755/588 375/756/588 369/747/588
f 372/749/589 376/755/589 373/750/589
f 376/757/590 372/758/590 375/756/590
f 375/756/591 370/745/591 369/747/591
f 368/759/592 369/747/592 371/746/592
f 375/760/593 372/761/593 371/751/593
f 368/762/594 371/751/594 373/750/594
f 368/753/595 374/752/595 369/747/595
f 374/763/596 373/750/596 376/755/596
o Cube.009
v 12.366506 1.667283 -8.478796
v 12.541368 1.742325 -8.457344
v 12.233438 1.711655 -8.632250
v 12.286802 1.560505 -8.747672
v 12.716677 1.745397 -8.670444
v 12.637794 1.936334 -8.605655
v 12.540571 1.517737 -8.667350
v 12.329049 1.904780 -8.547260
v 12.484234 1.983341 -8.544196
v 12.364745 1.956768 -8.806437
v 12.319031 1.746257 -8.864893
v 12.208975 1.859111 -8.687765
v 12.644579 1.739692 -8.851895
v 12.518836 1.521055 -8.805183
v 12.573922 1.879111 -8.863189
v 12.446213 1.769199 -8.979403
vn 0.4430 0.3950 0.8048
vn -0.2343 0.2799 0.9310
vn -0.4505 0.8853 0.1155
vn -0.6940 0.3286 -0.6406
vn 0.5505 0.2136 -0.8070
vn -0.2870 -0.4751 -0.8318
vn 0.7825 -0.6072 -0.1380
vn 0.2149 0.9570 -0.1949
vn 0.2692 0.9239 -0.2720
vn 0.8470 0.4009 -0.3491
vn 0.7675 0.1023 0.6328
vn 0.6681 -0.5094 0.5423
vn -0.9171 -0.1664 -0.3622
vn -0.1670 -0.9860 0.0026
vn -0.2796 -0.8610 0.4248
vn -0.6927 -0.5760 0.4341
vn 0.1996 -0.6696 0.7154
vn -0.7426 0.0747 0.6656
vn -0.1467 0.2526 0.9564
vn -0.7728 0.1073 0.6255
vn -0.4651 0.8781 0.1121
vn 0.4442 -0.4241 -0.7892
vn -0.4762 -0.5944 -0.6480
vn 0.7976 -0.5229 -0.3005
vn 0.0610 0.6908 -0.7204
vn 0.8379 0.4507 -0.3079
vn -0.6637 0.3305 -0.6710
vt 0.875000 0.649805
vt 0.849233 0.683396
vt 0.832712 0.540342
vt 0.580473 0.024703
vt 0.534759 0.188184
vt 0.498710 0.020990
vt 0.437420 0.135101
vt 0.411456 0.342495
vt 0.213804 0.511922
vt 0.337875 0.601179
vt 0.185175 0.619999
vt 0.611440 0.548317
vt 0.438499 0.522151
vt 0.536413 0.434917
vt 0.517900 0.691047
vt 0.378975 0.759339
vt 0.724211 0.603714
vt 0.568883 0.768659
vt 0.609419 0.213408
vt 0.625000 0.382072
vt 0.588498 0.519208
vt 0.209844 0.718096
vt 0.479559 0.953620
vt 0.390901 0.953078
vt 0.565332 0.774863
vt 0.583031 0.973602
vt 0.389658 0.010551
vt 0.376620 0.114133
vt 0.125000 0.581137
vt 0.375000 0.421875
s 0
g Cube.009_Material
usemtl Material
f 385/764/597 378/765/597 382/766/597
f 378/767/598 385/768/598 377/769/598
f 384/770/599 385/768/599 386/771/599
f 386/772/600 387/773/600 388/774/600
f 389/775/601 392/776/601 391/777/601
f 390/778/602 380/779/602 387/773/602
f 381/780/603 383/781/603 390/778/603
f 382/782/604 386/771/604 385/768/604
f 382/782/605 391/777/605 386/771/605
f 391/777/606 381/783/606 389/784/606
f 381/780/607 382/766/607 378/765/607
f 381/780/608 378/765/608 383/781/608
f 379/785/609 388/774/609 387/773/609 380/779/609
f 380/779/610 390/778/610 383/781/610
f 383/781/611 377/786/611 380/779/611
f 377/786/612 379/787/612 380/779/612
f 383/788/613 378/789/613 377/786/613
f 377/769/614 384/770/614 379/790/614
f 384/770/615 377/769/615 385/768/615
f 379/790/616 384/770/616 388/791/616
f 386/772/617 388/774/617 384/792/617
f 392/776/618 389/775/618 390/778/618
f 392/776/619 390/778/619 387/773/619
f 389/775/620 381/780/620 390/778/620
f 386/771/621 391/777/621 392/776/621
f 382/782/622 381/783/622 391/777/622
f 387/793/623 386/771/623 392/776/623
o Cube.010
v 11.359760 1.754654 -7.845289
v 11.493712 1.750914 -7.841706
v 11.601837 1.783820 -7.722560
v 11.341114 1.799446 -7.716605
v 11.314569 1.619260 -7.837421
v 11.573516 1.645259 -7.713754
v 11.529289 1.899246 -7.689060
v 11.441275 1.714414 -7.593026
v 11.266444 1.676812 -7.732733
vn -0.1186 -0.8921 0.4359
vn -0.1180 -0.9119 0.3931
vn 0.3909 -0.0214 0.9202
vn 0.6873 0.0492 0.7247
vn 0.7525 -0.1938 -0.6294
vn 0.0351 0.9454 -0.3240
vn -0.8228 0.2448 -0.5129
vn -0.7974 0.5247 -0.2982
vn 0.4004 -0.5682 -0.7189
vn -0.2891 0.7194 -0.6317
vn 0.5487 0.5320 -0.6449
vn -0.6346 0.2923 0.7154
vn -0.4053 0.5660 0.7179
vn 0.0248 -0.0663 -0.9975
vt 0.856741 0.527884
vt 0.792799 0.664448
vt 0.661337 0.518959
vt 0.570885 0.667835
vt 0.614877 0.834550
vt 0.495616 0.943630
vt 0.319826 0.718976
vt 0.602263 0.105449
vt 0.455701 0.107225
vt 0.553174 0.006579
vt 0.371255 0.573451
vt 0.135465 0.689951
vt 0.165587 0.530358
vt 0.553103 0.308270
vt 0.565029 0.471740
vt 0.392929 0.256090
vt 0.405598 0.560759
vt 0.171875 0.750000
s 0
g Cube.010_Material
usemtl Material
f 397/794/624 398/795/624 401/796/624
f 401/796/625 398/795/625 400/797/625
f 398/798/626 395/799/626 399/800/626
f 400/797/627 398/798/627 399/800/627
f 398/801/628 394/802/628 395/803/628
f 396/804/629 394/805/629 393/806/629
f 397/807/630 401/808/630 393/809/630
f 401/808/631 396/810/631 393/809/631
f 394/802/632 398/801/632 397/807/632
f 396/804/633 399/800/633 394/805/633
f 394/805/634 399/800/634 395/811/634
f 401/796/635 400/797/635 396/810/635
f 400/797/636 399/800/636 396/810/636
f 393/809/637 394/802/637 397/807/637
o Cube.011
v 10.006812 1.901915 -8.503431
v 9.903809 1.596363 -8.320768
v 9.751256 1.740476 -8.432583
v 9.924417 1.845291 -8.312852
v 10.086671 1.759398 -8.357887
v 10.053642 1.703403 -8.560732
v 9.855836 1.803198 -8.606677
v 10.053412 1.574493 -8.483471
v 9.872730 1.608596 -8.520883
vn -0.7109 -0.7001 0.0676
vn -0.5775 0.0219 0.8161
vn -0.5517 0.8340 0.0093
vn 0.5125 0.7371 0.4406
vn 0.9869 -0.0841 -0.1375
vn 0.9301 0.2859 -0.2304
vn 0.3711 0.3373 -0.8652
vn 0.0094 -0.4027 -0.9153
vn -0.7583 -0.3170 -0.5697
vn -0.1789 -0.9833 -0.0323
vn 0.0803 -0.5125 -0.8549
vn -0.5168 0.8561 -0.0020
vn 0.2420 -0.0509 0.9689
vn 0.5911 -0.5232 0.6138
vt 0.534218 0.539052
vt 0.807613 0.537738
vt 0.651467 0.712344
vt 0.812212 0.722590
vt 0.440472 0.699464
vt 0.505279 0.954605
vt 0.394685 0.910428
vt 0.529494 0.041599
vt 0.440272 0.169217
vt 0.407900 0.015209
vt 0.224689 0.500632
vt 0.298939 0.554231
vt 0.143822 0.628706
vt 0.350796 0.501919
vt 0.236030 0.724989
vt 0.358556 0.714558
vt 0.602122 0.296489
vt 0.527241 0.521298
vt 0.452229 0.375318
s 0
g Cube.011_Material
usemtl Material
f 410/812/638 403/813/638 404/814/638
f 404/814/639 403/813/639 405/815/639
f 408/816/640 405/817/640 402/818/640
f 405/819/641 406/820/641 402/821/641
f 409/822/642 407/823/642 406/824/642
f 406/824/643 407/825/643 402/826/643
f 407/825/644 408/827/644 402/826/644
f 407/825/645 410/812/645 408/816/645
f 410/812/646 404/814/646 408/816/646
f 403/828/647 410/829/647 409/830/647
f 409/830/648 410/812/648 407/825/648
f 404/814/649 405/817/649 408/816/649
f 405/819/650 403/828/650 406/820/650
f 403/828/651 409/830/651 406/820/651
o Cube.006
v 11.477765 1.845840 -7.792147
v 11.507924 1.733381 -7.639650
v 11.389327 1.623079 -7.781344
v 11.567388 1.775201 -7.760581
v 11.505365 1.653530 -7.748148
v 11.493309 1.676543 -7.873437
v 11.394268 1.800904 -7.807909
v 11.433250 1.799460 -7.640803
v 11.358418 1.668984 -7.690265
vn 0.5676 0.3981 -0.7206
vn 0.8711 -0.4613 -0.1686
vn -0.6313 -0.0974 -0.7694
vn 0.6067 0.6924 0.3906
vn 0.4339 0.7640 0.4776
vn -0.8804 0.4257 0.2091
vn -0.4881 0.8643 0.1213
vn -0.2205 -0.2326 0.9472
vn 0.1461 -0.7984 0.5841
vn 0.0944 -0.8758 0.4734
vn 0.3019 -0.9321 -0.2003
vn -0.0599 0.4276 -0.9020
vn -0.9498 -0.0202 -0.3121
vn 0.8659 -0.4124 0.2831
vt 0.423616 0.817668
vt 0.438163 0.985880
vt 0.399025 0.926987
vt 0.584080 0.909473
vt 0.477709 0.045024
vt 0.607265 0.122218
vt 0.441545 0.286085
vt 0.565477 0.549583
vt 0.592013 0.712367
vt 0.289400 0.584684
vt 0.400831 0.754486
vt 0.615924 0.357557
vt 0.551199 0.540629
vt 0.429879 0.509305
vt 0.769145 0.562221
vt 0.604783 0.677624
vt 0.780055 0.741830
vt 0.860509 0.631959
vt 0.567506 0.015179
vt 0.377433 0.096481
s 0
g Cube.006_Material
usemtl Material
f 414/831/652 416/832/652 411/833/652
f 415/834/653 416/832/653 414/831/653
f 416/835/654 413/836/654 417/837/654
f 418/838/655 412/839/655 411/840/655
f 412/839/656 414/841/656 411/840/656
f 417/837/657 419/842/657 418/843/657
f 418/843/658 411/844/658 417/837/658
f 418/838/659 419/845/659 412/846/659
f 412/846/660 419/845/660 415/847/660
f 419/845/661 413/848/661 415/847/661
f 415/849/662 413/836/662 416/835/662
f 411/850/663 416/835/663 417/837/663
f 417/837/664 413/836/664 419/842/664
f 412/839/665 415/834/665 414/831/665
o Cube.007
v 10.361182 1.633593 -8.027966
v 10.470428 1.624287 -7.872792
v 10.455666 1.720446 -8.080649
v 10.461244 1.842510 -7.998232
v 10.307876 1.780769 -8.001225
v 10.304171 1.651288 -7.900275
v 10.506372 1.761105 -7.881772
v 10.516303 1.644130 -7.978349
v 10.360522 1.721851 -7.828771
vn -0.2244 -0.5994 0.7683
vn 0.1107 -0.9844 -0.1369
vn 0.3485 -0.0301 0.9368
vn 0.2620 -0.6926 -0.6720
vn -0.4776 -0.0134 -0.8785
vn 0.9019 0.2126 -0.3760
vn -0.0108 0.8176 0.5757
vn -0.1697 -0.9836 0.0605
vn -0.8950 -0.2581 -0.3638
vn -0.8715 0.3167 0.3743
vn -0.2073 0.5539 -0.8064
vn 0.9495 0.2437 -0.1976
vn 0.9097 -0.2157 0.3548
vn -0.3495 0.8488 0.3967
vt 0.862532 0.586626
vt 0.666025 0.612825
vt 0.793538 0.524739
vt 0.799625 0.742317
vt 0.596159 0.725728
vt 0.676667 0.500000
vt 0.533198 0.702151
vt 0.502729 0.907748
vt 0.315429 0.689365
vt 0.215046 0.717794
vt 0.139986 0.551629
vt 0.365533 0.517965
vt 0.592775 0.342442
vt 0.523296 0.508923
vt 0.395346 0.376049
vt 0.510142 0.020803
vt 0.592582 0.143625
vt 0.414253 0.208459
s 0
g Cube.007_Material
usemtl Material
f 425/851/666 421/852/666 428/853/666
f 421/852/667 420/854/667 427/855/667
f 428/853/668 421/852/668 426/856/668
f 427/857/669 420/858/669 422/859/669
f 422/859/670 420/860/670 424/861/670
f 423/862/671 427/857/671 422/859/671
f 428/863/672 426/864/672 423/865/672
f 425/851/673 420/854/673 421/852/673
f 420/866/674 425/867/674 424/868/674
f 424/868/675 425/867/675 428/863/675
f 424/861/676 423/862/676 422/859/676
f 423/862/677 426/864/677 427/857/677
f 426/864/678 421/852/678 427/857/678
f 424/868/679 428/863/679 423/865/679
o Cube.008
v 10.352286 1.528872 -10.103746
v 10.239522 1.629703 -10.031708
v 10.157814 1.748104 -10.060604
v 10.214698 1.694984 -10.213158
v 10.293377 1.885296 -10.155553
v 10.404847 1.733307 -10.194776
v 10.421517 1.621356 -10.048137
v 10.175742 1.853857 -10.023192
v 10.331734 1.808567 -10.011847
vn -0.8076 -0.5814 -0.0987
vn -0.8572 0.2947 -0.4223
vn 0.0374 0.2753 -0.9606
vn 0.8339 -0.3888 -0.3916
vn 0.0820 -0.1516 0.9850
vn -0.0907 -0.0636 0.9938
vn 0.8140 0.5740 0.0892
vn 0.2265 0.8830 0.4110
vn -0.5605 -0.1901 0.8060
vn -0.7106 -0.6874 -0.1501
vn -0.7162 0.4560 -0.5282
vn 0.1735 -0.4375 -0.8823
vn 0.0508 -0.5423 0.8386
vn 0.8983 0.3925 0.1975
vt 0.551771 0.821043
vt 0.490236 0.981936
vt 0.443965 0.755163
vt 0.609545 0.740303
vt 0.579499 0.265268
vt 0.447677 0.232718
vt 0.490446 0.016300
vt 0.320967 0.499695
vt 0.242238 0.673984
vt 0.142687 0.564850
vt 0.543218 0.480597
vt 0.654480 0.663904
vt 0.651690 0.523626
vt 0.809399 0.589510
vt 0.375000 0.930496
vt 0.603518 0.001237
vt 0.583364 0.169025
vt 0.384386 0.054537
vt 0.382289 0.419599
s 0
g Cube.008_Material
usemtl Material
f 431/869/680 432/870/680 430/871/680
f 431/869/681 436/872/681 432/870/681
f 433/873/682 434/874/682 432/875/682
f 435/876/683 429/877/683 434/878/683
f 437/879/684 430/871/684 435/876/684
f 437/879/685 436/880/685 430/871/685
f 433/873/686 437/879/686 434/874/686
f 437/881/687 433/882/687 436/880/687
f 436/880/688 431/869/688 430/871/688
f 429/883/689 430/871/689 432/870/689
f 436/884/690 433/885/690 432/875/690
f 429/886/691 432/875/691 434/874/691
f 429/877/692 435/876/692 430/871/692
f 435/887/693 434/874/693 437/879/693
o Cube.009
v 12.567942 1.591872 -8.270087
v 12.566968 1.460037 -8.450547
v 12.497000 1.823830 -8.263814
v 12.281288 1.778950 -8.195991
v 12.302331 1.439880 -8.633015
v 12.502296 1.556777 -8.734019
v 12.239448 1.487317 -8.306440
v 12.653138 1.776438 -8.479382
v 12.644006 1.674838 -8.654930
v 12.424300 1.929585 -8.624622
v 12.264959 1.908852 -8.419575
v 12.538017 1.947534 -8.396650
v 12.153694 1.612722 -8.630709
v 12.118773 1.593212 -8.334023
v 12.248996 1.745793 -8.712321
v 12.122836 1.878949 -8.559279
vn 0.7078 -0.6034 -0.3674
vn 0.9672 -0.2076 0.1464
vn 0.6711 0.6260 -0.3972
vn -0.1396 0.9902 -0.0083
vn -0.7236 0.0994 -0.6830
vn -0.8183 0.4690 0.3323
vn -0.6573 -0.7535 -0.0171
vn 0.2445 0.3198 -0.9154
vn 0.1485 0.3069 -0.9401
vn -0.3534 -0.2920 -0.8887
vn 0.3220 -0.8711 -0.3707
vn -0.0210 -0.9900 0.1398
vn -0.0866 0.8146 0.5736
vn -0.4300 -0.2652 0.8630
vn 0.0097 -0.3554 0.9347
vn 0.2876 0.0621 0.9557
vn 0.1885 -0.7935 0.5787
vn 0.8111 0.2336 0.5362
vn 0.9467 -0.2976 0.1230
vn 0.8042 0.2903 0.5187
vn 0.6694 0.6360 -0.3840
vn -0.9892 -0.0820 -0.1218
vn -0.6680 0.4665 0.5797
vn -0.7525 -0.6454 -0.1310
vn -0.2644 0.6090 -0.7478
vn -0.2926 -0.2875 -0.9120
vn -0.1729 0.9843 -0.0348
vt 0.875000 0.649805
vt 0.849233 0.683396
vt 0.832712 0.540342
vt 0.580473 0.024703
vt 0.534759 0.188184
vt 0.498710 0.020990
vt 0.437420 0.135101
vt 0.411456 0.342495
vt 0.213804 0.511922
vt 0.337875 0.601179
vt 0.185175 0.619999
vt 0.611440 0.548317
vt 0.438499 0.522151
vt 0.536413 0.434917
vt 0.517900 0.691047
vt 0.378975 0.759339
vt 0.724211 0.603714
vt 0.568883 0.768659
vt 0.609419 0.213408
vt 0.625000 0.382072
vt 0.588498 0.519208
vt 0.209844 0.718096
vt 0.479559 0.953620
vt 0.390901 0.953078
vt 0.565332 0.774863
vt 0.583031 0.973602
vt 0.389658 0.010551
vt 0.376620 0.114133
vt 0.125000 0.581137
vt 0.375000 0.421875
s 0
g Cube.009_Material
usemtl Material
f 446/888/694 439/889/694 443/890/694
f 439/891/695 446/892/695 438/893/695
f 445/894/696 446/892/696 447/895/696
f 447/896/697 448/897/697 449/898/697
f 450/899/698 453/900/698 452/901/698
f 451/902/699 441/903/699 448/897/699
f 442/904/700 444/905/700 451/902/700
f 443/906/701 447/895/701 446/892/701
f 443/906/702 452/901/702 447/895/702
f 452/901/703 442/907/703 450/908/703
f 442/904/704 443/890/704 439/889/704
f 442/904/705 439/889/705 444/905/705
f 440/909/706 449/898/706 448/897/706 441/903/706
f 441/903/707 451/902/707 444/905/707
f 444/905/708 438/910/708 441/903/708
f 438/910/709 440/911/709 441/903/709
f 444/912/710 439/913/710 438/910/710
f 438/893/711 445/894/711 440/914/711
f 445/894/712 438/893/712 446/892/712
f 440/914/713 445/894/713 449/915/713
f 447/896/714 449/898/714 445/916/714
f 453/900/715 450/899/715 451/902/715
f 453/900/716 451/902/716 448/897/716
f 450/899/717 442/904/717 451/902/717
f 447/895/718 452/901/718 453/900/718
f 443/906/719 442/907/719 452/901/719
f 448/917/720 447/895/720 453/900/720
o Cube.010
v 9.868718 1.685589 -8.908528
v 9.792791 1.620920 -8.817272
v 9.808719 1.600503 -8.653700
v 9.968189 1.726808 -8.821118
v 9.801011 1.809218 -8.938753
v 9.729747 1.718149 -8.672186
v 9.946363 1.572247 -8.670970
v 9.906519 1.796689 -8.664917
v 9.915390 1.844715 -8.888491
vn -0.3725 0.9041 0.2093
vn -0.4057 0.8968 0.1765
vn 0.1735 0.2655 0.9484
vn -0.0270 -0.0317 0.9991
vn -0.8311 -0.5561 0.0115
vn 0.5058 -0.8442 -0.1775
vn 0.4031 -0.0030 -0.9152
vn 0.6812 -0.1086 -0.7240
vn -0.9398 -0.1553 -0.3043
vn 0.3902 -0.6693 -0.6323
vn -0.2122 -0.9720 -0.1007
vn 0.8732 0.4683 0.1352
vn 0.9405 0.1589 0.3003
vn -0.4998 -0.4540 -0.7376
vt 0.856741 0.527884
vt 0.792799 0.664448
vt 0.661337 0.518959
vt 0.570885 0.667835
vt 0.614877 0.834550
vt 0.495616 0.943630
vt 0.319826 0.718976
vt 0.602263 0.105449
vt 0.455701 0.107225
vt 0.553174 0.006579
vt 0.371255 0.573451
vt 0.135465 0.689951
vt 0.165587 0.530358
vt 0.553103 0.308270
vt 0.565029 0.471740
vt 0.392929 0.256090
vt 0.405598 0.560759
vt 0.171875 0.750000
s 0
g Cube.010_Material
usemtl Material
f 458/918/721 459/919/721 462/920/721
f 462/920/722 459/919/722 461/921/722
f 459/922/723 456/923/723 460/924/723
f 461/921/724 459/922/724 460/924/724
f 459/925/725 455/926/725 456/927/725
f 457/928/726 455/929/726 454/930/726
f 458/931/727 462/932/727 454/933/727
f 462/932/728 457/934/728 454/933/728
f 455/926/729 459/925/729 458/931/729
f 457/928/730 460/924/730 455/929/730
f 455/929/731 460/924/731 456/935/731
f 462/920/732 461/921/732 457/934/732
f 461/921/733 460/924/733 457/934/733
f 454/933/734 455/926/734 458/931/734
o Cube.011
v 10.577111 1.790501 -10.192983
v 10.212674 1.669278 -10.099618
v 10.271928 1.778139 -10.320884
v 10.378717 1.877081 -10.116630
v 10.453264 1.725877 -10.006056
v 10.514315 1.575281 -10.164822
v 10.478701 1.698692 -10.369125
v 10.387846 1.510035 -10.091047
v 10.316565 1.577169 -10.265585
vn -0.8746 -0.2992 -0.3814
vn -0.7732 0.6261 0.1010
vn 0.1621 0.8350 -0.5258
vn 0.5029 0.6579 0.5606
vn 0.6112 -0.4434 0.6556
vn 0.8475 -0.1821 0.4986
vn 0.8903 -0.3041 -0.3389
vn 0.2634 -0.8047 -0.5320
vn -0.3295 -0.3178 -0.8890
vn -0.6724 -0.7402 -0.0101
vn 0.2076 -0.8816 -0.4239
vn 0.2020 0.8358 -0.5105
vn -0.4123 0.3966 0.8202
vn -0.2924 -0.2723 0.9167
vt 0.534218 0.539052
vt 0.807613 0.537738
vt 0.651467 0.712344
vt 0.812212 0.722590
vt 0.440472 0.699464
vt 0.505279 0.954605
vt 0.394685 0.910428
vt 0.529494 0.041599
vt 0.440272 0.169217
vt 0.407900 0.015209
vt 0.224689 0.500632
vt 0.298939 0.554231
vt 0.143822 0.628706
vt 0.350796 0.501919
vt 0.236030 0.724989
vt 0.358556 0.714558
vt 0.602122 0.296489
vt 0.527241 0.521298
vt 0.452229 0.375318
s 0
g Cube.011_Material
usemtl Material
f 471/936/735 464/937/735 465/938/735
f 465/938/736 464/937/736 466/939/736
f 469/940/737 466/941/737 463/942/737
f 466/943/738 467/944/738 463/945/738
f 470/946/739 468/947/739 467/948/739
f 467/948/740 468/949/740 463/950/740
f 468/949/741 469/951/741 463/950/741
f 468/949/742 471/936/742 469/940/742
f 471/936/743 465/938/743 469/940/743
f 464/952/744 471/953/744 470/954/744
f 470/954/745 471/936/745 468/949/745
f 465/938/746 466/941/746 469/940/746
f 466/943/747 464/952/747 467/944/747
f 464/952/748 470/954/748 467/944/748
o Cube.006
v 11.477089 1.709840 -10.520550
v 11.328250 1.731081 -10.364281
v 11.497857 1.575301 -10.286036
v 11.459641 1.799779 -10.423011
v 11.462843 1.711205 -10.295863
v 11.597862 1.696739 -10.345609
v 11.497186 1.608625 -10.486575
v 11.313498 1.658259 -10.449027
v 11.386444 1.551609 -10.325214
vn 0.6819 0.5945 -0.4262
vn 0.2847 0.7899 0.5431
vn 0.7391 -0.6640 -0.1128
vn -0.4574 0.7123 -0.5324
vn -0.5636 0.5546 -0.6122
vn -0.3198 -0.8029 -0.5032
vn -0.2783 -0.3549 -0.8925
vn -0.9115 -0.2199 0.3476
vn -0.4468 0.0496 0.8933
vn -0.3286 -0.0164 0.9443
vn 0.3562 0.1584 0.9209
vn 0.8216 -0.0280 -0.5693
vn 0.2586 -0.9528 -0.1592
vn -0.1687 0.8068 0.5663
vt 0.423616 0.817668
vt 0.438163 0.985880
vt 0.399025 0.926987
vt 0.584080 0.909473
vt 0.477709 0.045024
vt 0.607265 0.122218
vt 0.441545 0.286085
vt 0.565477 0.549583
vt 0.592013 0.712367
vt 0.289400 0.584684
vt 0.400831 0.754486
vt 0.615924 0.357557
vt 0.551199 0.540629
vt 0.429879 0.509305
vt 0.769145 0.562221
vt 0.604783 0.677624
vt 0.780055 0.741830
vt 0.860509 0.631959
vt 0.567506 0.015179
vt 0.377433 0.096481
s 0
g Cube.006_Material
usemtl Material
f 475/955/749 477/956/749 472/957/749
f 476/958/750 477/956/750 475/955/750
f 477/959/751 474/960/751 478/961/751
f 479/962/752 473/963/752 472/964/752
f 473/963/753 475/965/753 472/964/753
f 478/961/754 480/966/754 479/967/754
f 479/967/755 472/968/755 478/961/755
f 479/962/756 480/969/756 473/970/756
f 473/970/757 480/969/757 476/971/757
f 480/969/758 474/972/758 476/971/758
f 476/973/759 474/960/759 477/959/759
f 472/974/760 477/959/760 478/961/760
f 478/961/761 474/960/761 480/966/761
f 473/963/762 476/958/762 475/955/762
o Cube.007
v 12.074978 1.704015 -8.060105
v 12.226183 1.645255 -8.133144
v 12.013233 1.616457 -8.133555
v 12.031886 1.647131 -8.266809
v 12.026863 1.775928 -8.181028
v 12.162276 1.789797 -8.109498
v 12.169200 1.627101 -8.251630
v 12.139644 1.579551 -8.120764
v 12.202331 1.766237 -8.206826
vn 0.8934 0.3487 0.2833
vn 0.3327 -0.2678 0.9042
vn 0.9031 -0.0791 -0.4222
vn -0.2353 -0.5219 0.8199
vn -0.8579 0.2126 0.4678
vn -0.2479 -0.9359 -0.2502
vn 0.1448 0.2719 -0.9514
vn 0.4512 0.0538 0.8908
vn -0.3801 0.7207 0.5798
vn 0.0203 0.9736 -0.2273
vn -0.9907 0.0466 -0.1280
vn -0.0958 -0.9284 -0.3590
vn 0.5827 -0.7972 -0.1581
vn -0.0917 0.5495 -0.8304
vt 0.862532 0.586626
vt 0.666025 0.612825
vt 0.793538 0.524739
vt 0.799625 0.742317
vt 0.596159 0.725728
vt 0.676667 0.500000
vt 0.533198 0.702151
vt 0.502729 0.907748
vt 0.315429 0.689365
vt 0.215046 0.717794
vt 0.139986 0.551629
vt 0.365533 0.517965
vt 0.592775 0.342442
vt 0.523296 0.508923
vt 0.395346 0.376049
vt 0.510142 0.020803
vt 0.592582 0.143625
vt 0.414253 0.208459
s 0
g Cube.007_Material
usemtl Material
f 486/975/763 482/976/763 489/977/763
f 482/976/764 481/978/764 488/979/764
f 489/977/765 482/976/765 487/980/765
f 488/981/766 481/982/766 483/983/766
f 483/983/767 481/984/767 485/985/767
f 484/986/768 488/981/768 483/983/768
f 489/987/769 487/988/769 484/989/769
f 486/975/770 481/978/770 482/976/770
f 481/990/771 486/991/771 485/992/771
f 485/992/772 486/991/772 489/987/772
f 485/985/773 484/986/773 483/983/773
f 484/986/774 487/988/774 488/981/774
f 487/988/775 482/976/775 488/981/775
f 485/992/776 489/987/776 484/989/776
o Cube.008
v 9.886350 1.597835 -8.947267
v 9.945196 1.693090 -8.861013
v 9.976225 1.708827 -8.742227
v 9.949341 1.567512 -8.755596
v 9.830911 1.652620 -8.649432
v 9.787275 1.570821 -8.782775
v 9.803730 1.657800 -8.911545
v 9.930749 1.763275 -8.677803
v 9.820053 1.743721 -8.756739
vn 0.9599 -0.1609 -0.2294
vn 0.7133 -0.1993 0.6719
vn -0.1084 -0.8312 0.5454
vn -0.6413 -0.5953 -0.4841
vn -0.0466 0.8755 -0.4810
vn 0.0852 0.9327 -0.3506
vn -0.9632 0.1489 0.2239
vn -0.5244 0.6222 0.5813
vn 0.5739 0.7788 -0.2531
vn 0.9063 -0.2538 -0.3380
vn 0.5279 -0.2699 0.8053
vn 0.0064 -0.9874 -0.1583
vn 0.1198 0.6247 -0.7716
vn -0.9825 0.1862 0.0002
vt 0.551771 0.821043
vt 0.490236 0.981936
vt 0.443965 0.755163
vt 0.609545 0.740303
vt 0.579499 0.265268
vt 0.447677 0.232718
vt 0.490446 0.016300
vt 0.320967 0.499695
vt 0.242238 0.673984
vt 0.142687 0.564850
vt 0.543218 0.480597
vt 0.654480 0.663904
vt 0.651690 0.523626
vt 0.809399 0.589510
vt 0.375000 0.930496
vt 0.603518 0.001237
vt 0.583364 0.169025
vt 0.384386 0.054537
vt 0.382289 0.419599
s 0
g Cube.008_Material
usemtl Material
f 492/993/777 493/994/777 491/995/777
f 492/993/778 497/996/778 493/994/778
f 494/997/779 495/998/779 493/999/779
f 496/1000/780 490/1001/780 495/1002/780
f 498/1003/781 491/995/781 496/1000/781
f 498/1003/782 497/1004/782 491/995/782
f 494/997/783 498/1003/783 495/998/783
f 498/1005/784 494/1006/784 497/1004/784
f 497/1004/785 492/993/785 491/995/785
f 490/1007/786 491/995/786 493/994/786
f 497/1008/787 494/1009/787 493/999/787
f 490/1010/788 493/999/788 495/998/788
f 490/1001/789 496/1000/789 491/995/789
f 496/1011/790 495/998/790 498/1003/790
o Cube.009
v 10.469516 1.533346 -8.175194
v 10.314442 1.629172 -8.141328
v 10.651574 1.573938 -8.099498
v 10.636859 1.453867 -7.951359
v 10.245902 1.686722 -7.889561
v 10.306873 1.846888 -8.010297
v 10.378208 1.443064 -7.917869
v 10.551581 1.761046 -8.172307
v 10.421433 1.859447 -8.130458
v 10.628432 1.848818 -7.941885
v 10.672458 1.649722 -7.870254
v 10.708776 1.716774 -8.086805
v 10.381016 1.693039 -7.757365
v 10.452564 1.460301 -7.806342
v 10.460369 1.815384 -7.799297
v 10.608653 1.705992 -7.726331
vn -0.6954 0.3527 -0.6261
vn -0.1445 0.1135 -0.9830
vn 0.4449 0.7775 -0.4445
vn 0.9241 0.2927 0.2456
vn -0.1461 0.4042 0.9029
vn 0.5575 -0.4021 0.7263
vn -0.7101 -0.4486 0.5427
vn -0.0234 0.9964 0.0818
vn -0.0439 0.9829 0.1787
vn -0.5855 0.5755 0.5710
vn -0.9465 0.1417 -0.2900
vn -0.8774 -0.4609 -0.1335
vn 0.9645 -0.2641 -0.0006
vn 0.0564 -0.9917 0.1157
vn -0.0036 -0.9432 -0.3322
vn 0.3940 -0.7328 -0.5548
vn -0.5393 -0.7163 -0.4427
vn 0.4059 -0.1348 -0.9039
vn -0.2370 0.0977 -0.9666
vn 0.4528 -0.1026 -0.8857
vn 0.4589 0.7685 -0.4458
vn -0.1178 -0.2390 0.9638
vn 0.6420 -0.5735 0.5088
vn -0.6488 -0.3425 0.6795
vn 0.3073 0.7801 0.5451
vn -0.5896 0.6172 0.5210
vn 0.9094 0.3035 0.2845
vt 0.875000 0.649805
vt 0.849233 0.683396
vt 0.832712 0.540342
vt 0.580473 0.024703
vt 0.534759 0.188184
vt 0.498710 0.020990
vt 0.437420 0.135101
vt 0.411456 0.342495
vt 0.213804 0.511922
vt 0.337875 0.601179
vt 0.185175 0.619999
vt 0.611440 0.548317
vt 0.438499 0.522151
vt 0.536413 0.434917
vt 0.517900 0.691047
vt 0.378975 0.759339
vt 0.724211 0.603714
vt 0.568883 0.768659
vt 0.609419 0.213408
vt 0.625000 0.382072
vt 0.588498 0.519208
vt 0.209844 0.718096
vt 0.479559 0.953620
vt 0.390901 0.953078
vt 0.565332 0.774863
vt 0.583031 0.973602
vt 0.389658 0.010551
vt 0.376620 0.114133
vt 0.125000 0.581137
vt 0.375000 0.421875
s 0
g Cube.009_Material
usemtl Material
f 507/1012/791 500/1013/791 504/1014/791
f 500/1015/792 507/1016/792 499/1017/792
f 506/1018/793 507/1016/793 508/1019/793
f 508/1020/794 509/1021/794 510/1022/794
f 511/1023/795 514/1024/795 513/1025/795
f 512/1026/796 502/1027/796 509/1021/796
f 503/1028/797 505/1029/797 512/1026/797
f 504/1030/798 508/1019/798 507/1016/798
f 504/1030/799 513/1025/799 508/1019/799
f 513/1025/800 503/1031/800 511/1032/800
f 503/1028/801 504/1014/801 500/1013/801
f 503/1028/802 500/1013/802 505/1029/802
f 501/1033/803 510/1022/803 509/1021/803 502/1027/803
f 502/1027/804 512/1026/804 505/1029/804
f 505/1029/805 499/1034/805 502/1027/805
f 499/1034/806 501/1035/806 502/1027/806
f 505/1036/807 500/1037/807 499/1034/807
f 499/1017/808 506/1018/808 501/1038/808
f 506/1018/809 499/1017/809 507/1016/809
f 501/1038/810 506/1018/810 510/1039/810
f 508/1020/811 510/1022/811 506/1040/811
f 514/1024/812 511/1023/812 512/1026/812
f 514/1024/813 512/1026/813 509/1021/813
f 511/1023/814 503/1028/814 512/1026/814
f 508/1019/815 513/1025/815 514/1024/815
f 504/1030/816 503/1031/816 513/1025/816
f 509/1041/817 508/1019/817 514/1024/817
o Cube.010
v 11.141150 1.658769 -10.422729
v 11.244089 1.612302 -10.467708
v 11.387389 1.636634 -10.435264
v 11.194371 1.737410 -10.341873
v 11.090527 1.568609 -10.344535
v 11.349560 1.538622 -10.361268
v 11.365125 1.761949 -10.432298
v 11.316293 1.672074 -10.254566
v 11.111895 1.660293 -10.275404
vn -0.0177 -0.5993 0.8003
vn -0.0427 -0.6304 0.7751
vn 0.8033 0.1290 0.5815
vn 0.9614 0.0203 0.2744
vn 0.2713 -0.6444 -0.7149
vn 0.0146 0.7120 -0.7021
vn -0.9167 0.3537 -0.1857
vn -0.7380 0.6571 -0.1534
vn -0.1314 -0.8713 -0.4729
vn -0.4540 0.5357 -0.7120
vn 0.2106 0.0605 -0.9757
vn -0.1116 0.7146 0.6906
vn 0.1264 0.8708 0.4751
vn -0.5095 -0.3825 -0.7708
vt 0.856741 0.527884
vt 0.792799 0.664448
vt 0.661337 0.518959
vt 0.570885 0.667835
vt 0.614877 0.834550
vt 0.495616 0.943630
vt 0.319826 0.718976
vt 0.602263 0.105449
vt 0.455701 0.107225
vt 0.553174 0.006579
vt 0.371255 0.573451
vt 0.135465 0.689951
vt 0.165587 0.530358
vt 0.553103 0.308270
vt 0.565029 0.471740
vt 0.392929 0.256090
vt 0.405598 0.560759
vt 0.171875 0.750000
s 0
g Cube.010_Material
usemtl Material
f 519/1042/818 520/1043/818 523/1044/818
f 523/1044/819 520/1043/819 522/1045/819
f 520/1046/820 517/1047/820 521/1048/820
f 522/1045/821 520/1046/821 521/1048/821
f 520/1049/822 516/1050/822 517/1051/822
f 518/1052/823 516/1053/823 515/1054/823
f 519/1055/824 523/1056/824 515/1057/824
f 523/1056/825 518/1058/825 515/1057/825
f 516/1050/826 520/1049/826 519/1055/826
f 518/1052/827 521/1048/827 516/1053/827
f 516/1053/828 521/1048/828 517/1059/828
f 523/1044/829 522/1045/829 518/1058/829
f 522/1045/830 521/1048/830 518/1058/830
f 515/1057/831 516/1050/831 519/1055/831
o Cube.011
v 12.402707 1.753268 -8.958344
v 12.444352 1.584687 -8.650978
v 12.252933 1.579192 -8.771969
v 12.356769 1.777342 -8.760002
v 12.531476 1.750618 -8.794476
v 12.526436 1.596960 -8.926904
v 12.315275 1.575736 -8.964582
v 12.580911 1.541458 -8.806701
v 12.412151 1.482785 -8.812009
vn -0.3264 -0.7679 0.5512
vn -0.5251 0.2256 0.8206
vn -0.8644 0.4346 -0.2529
vn 0.1334 0.9871 -0.0889
vn 0.9215 0.2358 -0.3087
vn 0.7062 0.4488 -0.5476
vn 0.1807 -0.0545 -0.9820
vn 0.1847 -0.7828 -0.5942
vn -0.5404 -0.8260 -0.1601
vn 0.2758 -0.8362 0.4740
vn 0.2971 -0.8085 -0.5080
vn -0.8430 0.4587 -0.2811
vn 0.2420 0.5589 0.7932
vn 0.7635 0.1436 0.6296
vt 0.534218 0.539052
vt 0.807613 0.537738
vt 0.651467 0.712344
vt 0.812212 0.722590
vt 0.440472 0.699464
vt 0.505279 0.954605
vt 0.394685 0.910428
vt 0.529494 0.041599
vt 0.440272 0.169217
vt 0.407900 0.015209
vt 0.224689 0.500632
vt 0.298939 0.554231
vt 0.143822 0.628706
vt 0.350796 0.501919
vt 0.236030 0.724989
vt 0.358556 0.714558
vt 0.602122 0.296489
vt 0.527241 0.521298
vt 0.452229 0.375318
s 0
g Cube.011_Material
usemtl Material
f 532/1060/832 525/1061/832 526/1062/832
f 526/1062/833 525/1061/833 527/1063/833
f 530/1064/834 527/1065/834 524/1066/834
f 527/1067/835 528/1068/835 524/1069/835
f 531/1070/836 529/1071/836 528/1072/836
f 528/1072/837 529/1073/837 524/1074/837
f 529/1073/838 530/1075/838 524/1074/838
f 529/1073/839 532/1060/839 530/1064/839
f 532/1060/840 526/1062/840 530/1064/840
f 525/1076/841 532/1077/841 531/1078/841
f 531/1078/842 532/1060/842 529/1073/842
f 526/1062/843 527/1065/843 530/1064/843
f 527/1067/844 525/1076/844 528/1068/844
f 525/1076/845 531/1078/845 528/1068/845
o Cube.006
v 11.117453 1.562402 -10.366650
v 10.905630 1.586238 -10.415123
v 10.958277 1.736778 -10.228895
v 11.052082 1.636166 -10.458754
v 10.957608 1.723487 -10.370090
v 11.089237 1.772175 -10.330639
v 11.095769 1.588589 -10.262545
v 10.940889 1.503279 -10.345963
v 10.898067 1.631362 -10.226360
vn 0.8668 0.1953 -0.4588
vn -0.0391 0.6908 -0.7220
vn 0.5290 0.3116 0.7893
vn 0.1115 -0.6080 -0.7861
vn 0.0639 -0.7563 -0.6511
vn -0.0149 -0.6851 0.7283
vn 0.3343 -0.8952 0.2948
vn -0.9330 -0.3566 0.0479
vn -0.9125 0.3880 -0.1293
vn -0.8680 0.4948 -0.0425
vn -0.3225 0.9425 -0.0872
vn 0.9788 0.1010 0.1785
vn 0.1648 -0.0705 0.9838
vn -0.3871 0.4165 -0.8226
vt 0.423616 0.817668
vt 0.438163 0.985880
vt 0.399025 0.926987
vt 0.584080 0.909473
vt 0.477709 0.045024
vt 0.607265 0.122218
vt 0.441545 0.286085
vt 0.565477 0.549583
vt 0.592013 0.712367
vt 0.289400 0.584684
vt 0.400831 0.754486
vt 0.615924 0.357557
vt 0.551199 0.540629
vt 0.429879 0.509305
vt 0.769145 0.562221
vt 0.604783 0.677624
vt 0.780055 0.741830
vt 0.860509 0.631959
vt 0.567506 0.015179
vt 0.377433 0.096481
s 0
g Cube.006_Material
usemtl Material
f 536/1079/846 538/1080/846 533/1081/846
f 537/1082/847 538/1080/847 536/1079/847
f 538/1083/848 535/1084/848 539/1085/848
f 540/1086/849 534/1087/849 533/1088/849
f 534/1087/850 536/1089/850 533/1088/850
f 539/1085/851 541/1090/851 540/1091/851
f 540/1091/852 533/1092/852 539/1085/852
f 540/1086/853 541/1093/853 534/1094/853
f 534/1094/854 541/1093/854 537/1095/854
f 541/1093/855 535/1096/855 537/1095/855
f 537/1097/856 535/1084/856 538/1083/856
f 533/1098/857 538/1083/857 539/1085/857
f 539/1085/858 535/1084/858 541/1090/858
f 534/1087/859 537/1082/859 536/1079/859
o Cube.007
v 11.715819 1.517624 -10.195107
v 11.606548 1.636521 -10.163795
v 11.800676 1.594501 -10.158854
v 11.803272 1.694912 -10.237547
v 11.767514 1.575795 -10.308441
v 11.631597 1.546778 -10.278462
v 11.682560 1.724601 -10.202822
v 11.693237 1.629775 -10.112189
v 11.618712 1.644125 -10.295834
vn -0.9840 -0.1479 -0.0992
vn -0.4470 -0.5883 0.6739
vn -0.7639 0.6445 -0.0333
vn 0.1659 -0.5645 0.8086
vn 0.6843 -0.7266 -0.0608
vn 0.4782 0.5341 0.6972
vn -0.0019 0.7569 -0.6536
vn -0.6231 -0.6762 0.3931
vn 0.1007 -0.9030 -0.4176
vn -0.1714 -0.1950 -0.9657
vn 0.9656 -0.1755 -0.1921
vn 0.3528 0.6670 0.6563
vn -0.3644 0.6217 0.6934
vn 0.1440 0.4738 -0.8688
vt 0.862532 0.586626
vt 0.666025 0.612825
vt 0.793538 0.524739
vt 0.799625 0.742317
vt 0.596159 0.725728
vt 0.676667 0.500000
vt 0.533198 0.702151
vt 0.502729 0.907748
vt 0.315429 0.689365
vt 0.215046 0.717794
vt 0.139986 0.551629
vt 0.365533 0.517965
vt 0.592775 0.342442
vt 0.523296 0.508923
vt 0.395346 0.376049
vt 0.510142 0.020803
vt 0.592582 0.143625
vt 0.414253 0.208459
s 0
g Cube.007_Material
usemtl Material
f 547/1099/860 543/1100/860 550/1101/860
f 543/1100/861 542/1102/861 549/1103/861
f 550/1101/862 543/1100/862 548/1104/862
f 549/1105/863 542/1106/863 544/1107/863
f 544/1107/864 542/1108/864 546/1109/864
f 545/1110/865 549/1105/865 544/1107/865
f 550/1111/866 548/1112/866 545/1113/866
f 547/1099/867 542/1102/867 543/1100/867
f 542/1114/868 547/1115/868 546/1116/868
f 546/1116/869 547/1115/869 550/1111/869
f 546/1109/870 545/1110/870 544/1107/870
f 545/1110/871 548/1112/871 549/1105/871
f 548/1112/872 543/1100/872 549/1105/872
f 546/1116/873 550/1111/873 545/1113/873
o Cube.008
v 12.394421 1.681310 -8.491204
v 12.417504 1.671615 -8.641987
v 12.349912 1.657942 -8.756714
v 12.241783 1.694372 -8.649987
v 12.221577 1.513933 -8.721327
v 12.244490 1.547169 -8.550397
v 12.407917 1.567055 -8.512282
v 12.343043 1.572419 -8.814837
v 12.369927 1.499493 -8.688251
vn 0.1347 0.9715 -0.1951
vn -0.5105 0.5110 -0.6916
vn -0.9907 0.0633 0.1205
vn -0.1993 -0.2005 0.9592
vn 0.9648 -0.2349 -0.1181
vn 0.9367 -0.1779 -0.3014
vn -0.1404 -0.9682 0.2071
vn 0.0282 -0.8635 -0.5035
vn 0.8114 0.2826 -0.5117
vn 0.1303 0.9905 -0.0438
vn -0.6708 0.3364 -0.6609
vn -0.6349 0.4249 0.6453
vn 0.9854 0.0896 0.1451
vn 0.0317 -0.9354 0.3523
vt 0.551771 0.821043
vt 0.490236 0.981936
vt 0.443965 0.755163
vt 0.609545 0.740303
vt 0.579499 0.265268
vt 0.447677 0.232718
vt 0.490446 0.016300
vt 0.320967 0.499695
vt 0.242238 0.673984
vt 0.142687 0.564850
vt 0.543218 0.480597
vt 0.654480 0.663904
vt 0.651690 0.523626
vt 0.809399 0.589510
vt 0.375000 0.930496
vt 0.603518 0.001237
vt 0.583364 0.169025
vt 0.384386 0.054537
vt 0.382289 0.419599
s 0
g Cube.008_Material
usemtl Material
f 553/1117/874 554/1118/874 552/1119/874
f 553/1117/875 558/1120/875 554/1118/875
f 555/1121/876 556/1122/876 554/1123/876
f 557/1124/877 551/1125/877 556/1126/877
f 559/1127/878 552/1119/878 557/1124/878
f 559/1127/879 558/1128/879 552/1119/879
f 555/1121/880 559/1127/880 556/1122/880
f 559/1129/881 555/1130/881 558/1128/881
f 558/1128/882 553/1117/882 552/1119/882
f 551/1131/883 552/1119/883 554/1118/883
f 558/1132/884 555/1133/884 554/1123/884
f 551/1134/885 554/1123/885 556/1122/885
f 551/1125/886 557/1124/886 552/1119/886
f 557/1135/887 556/1122/887 559/1127/887
o Cube.009
v 11.251874 1.336388 -7.948134
v 11.215304 1.356287 -7.733853
v 11.270460 1.515294 -8.102454
v 11.495005 1.528824 -8.092604
v 11.389648 1.554669 -7.562946
v 11.152855 1.615193 -7.597307
v 11.551630 1.416074 -7.812378
v 11.065005 1.551406 -7.940540
v 11.031343 1.591760 -7.749321
v 11.185928 1.829477 -7.917933
v 11.404189 1.755355 -8.025681
v 11.162127 1.661232 -8.100556
v 11.487682 1.726678 -7.664845
v 11.627707 1.550279 -7.851329
v 11.347424 1.827193 -7.711065
v 11.486878 1.874023 -7.892179
vn -0.6524 -0.4707 0.5940
vn -0.7833 -0.6170 -0.0764
vn -0.8828 0.4035 -0.2406
vn -0.0799 0.7383 -0.6697
vn 0.3896 0.7735 0.5000
vn 0.7678 0.4442 -0.4618
vn 0.7462 -0.2432 0.6197
vn -0.6200 0.6804 0.3907
vn -0.5391 0.7249 0.4289
vn 0.0589 0.4837 0.8732
vn -0.2479 -0.4980 0.8310
vn 0.2734 -0.7544 0.5967
vn 0.1191 0.2416 -0.9630
vn 0.7584 -0.5371 -0.3693
vn 0.4033 -0.8178 -0.4105
vn 0.0725 -0.6557 -0.7515
vn 0.2018 -0.9715 0.1247
vn -0.5909 -0.4909 -0.6403
vn -0.7547 -0.6561 0.0056
vn -0.6025 -0.4386 -0.6668
vn -0.8785 0.4029 -0.2567
vn 0.8717 0.4126 0.2643
vn 0.7215 0.2315 -0.6526
vn 0.7693 -0.0617 0.6360
vn -0.1562 0.9788 0.1328
vn -0.0057 0.4768 0.8790
vn -0.0580 0.7637 -0.6429
vt 0.875000 0.649805
vt 0.849233 0.683396
vt 0.832712 0.540342
vt 0.580473 0.024703
vt 0.534759 0.188184
vt 0.498710 0.020990
vt 0.437420 0.135101
vt 0.411456 0.342495
vt 0.213804 0.511922
vt 0.337875 0.601179
vt 0.185175 0.619999
vt 0.611440 0.548317
vt 0.438499 0.522151
vt 0.536413 0.434917
vt 0.517900 0.691047
vt 0.378975 0.759339
vt 0.724211 0.603714
vt 0.568883 0.768659
vt 0.609419 0.213408
vt 0.625000 0.382072
vt 0.588498 0.519208
vt 0.209844 0.718096
vt 0.479559 0.953620
vt 0.390901 0.953078
vt 0.565332 0.774863
vt 0.583031 0.973602
vt 0.389658 0.010551
vt 0.376620 0.114133
vt 0.125000 0.581137
vt 0.375000 0.421875
s 0
g Cube.009_Material
usemtl Material
f 568/1136/888 561/1137/888 565/1138/888
f 561/1139/889 568/1140/889 560/1141/889
f 567/1142/890 568/1140/890 569/1143/890
f 569/1144/891 570/1145/891 571/1146/891
f 572/1147/892 575/1148/892 574/1149/892
f 573/1150/893 563/1151/893 570/1145/893
f 564/1152/894 566/1153/894 573/1150/894
f 565/1154/895 569/1143/895 568/1140/895
f 565/1154/896 574/1149/896 569/1143/896
f 574/1149/897 564/1155/897 572/1156/897
f 564/1152/898 565/1138/898 561/1137/898
f 564/1152/899 561/1137/899 566/1153/899
f 562/1157/900 571/1146/900 570/1145/900 563/1151/900
f 563/1151/901 573/1150/901 566/1153/901
f 566/1153/902 560/1158/902 563/1151/902
f 560/1158/903 562/1159/903 563/1151/903
f 566/1160/904 561/1161/904 560/1158/904
f 560/1141/905 567/1142/905 562/1162/905
f 567/1142/906 560/1141/906 568/1140/906
f 562/1162/907 567/1142/907 571/1163/907
f 569/1144/908 571/1146/908 567/1164/908
f 575/1148/909 572/1147/909 573/1150/909
f 575/1148/910 573/1150/910 570/1145/910
f 572/1147/911 564/1152/911 573/1150/911
f 569/1143/912 574/1149/912 575/1148/912
f 565/1154/913 564/1155/913 574/1149/913
f 570/1165/914 569/1143/914 575/1148/914
o Cube.010
v 10.823003 1.625801 -10.340265
v 10.806879 1.700423 -10.189909
v 10.650676 1.708312 -10.054949
v 10.662836 1.560928 -10.348441
v 10.922929 1.478525 -10.314538
v 10.750128 1.567806 -10.008690
v 10.538133 1.738632 -10.187619
v 10.592484 1.461084 -10.157225
v 10.780417 1.423850 -10.368847
vn 0.2025 -0.9033 0.3781
vn 0.2483 -0.8921 0.3775
vn -0.7525 -0.3487 0.5587
vn -0.6671 -0.0492 0.7434
vn 0.5472 0.5845 0.5991
vn -0.3157 0.8360 -0.4488
vn 0.3344 0.0626 -0.9404
vn -0.0068 0.1415 -0.9899
vn 0.8758 0.2154 0.4319
vn 0.0940 0.7035 -0.7044
vn 0.1409 0.9844 0.1055
vn -0.6855 -0.5107 -0.5189
vn -0.8732 -0.2187 -0.4355
vn 0.8287 0.5317 -0.1750
vt 0.856741 0.527884
vt 0.792799 0.664448
vt 0.661337 0.518959
vt 0.570885 0.667835
vt 0.614877 0.834550
vt 0.495616 0.943630
vt 0.319826 0.718976
vt 0.602263 0.105449
vt 0.455701 0.107225
vt 0.553174 0.006579
vt 0.371255 0.573451
vt 0.135465 0.689951
vt 0.165587 0.530358
vt 0.553103 0.308270
vt 0.565029 0.471740
vt 0.392929 0.256090
vt 0.405598 0.560759
vt 0.171875 0.750000
s 0
g Cube.010_Material
usemtl Material
f 580/1166/915 581/1167/915 584/1168/915
f 584/1168/916 581/1167/916 583/1169/916
f 581/1170/917 578/1171/917 582/1172/917
f 583/1169/918 581/1170/918 582/1172/918
f 581/1173/919 577/1174/919 578/1175/919
f 579/1176/920 577/1177/920 576/1178/920
f 580/1179/921 584/1180/921 576/1181/921
f 584/1180/922 579/1182/922 576/1181/922
f 577/1174/923 581/1173/923 580/1179/923
f 579/1176/924 582/1172/924 577/1177/924
f 577/1177/925 582/1172/925 578/1183/925
f 584/1168/926 583/1169/926 579/1182/926
f 583/1169/927 582/1172/927 579/1182/927
f 576/1181/928 577/1174/928 580/1179/928
o Cube.011
v 11.818132 1.732638 -7.971447
v 11.813850 1.437615 -8.072428
v 11.668925 1.518446 -7.960609
v 11.854490 1.565902 -7.910824
v 11.931859 1.607081 -8.043570
v 11.802057 1.682256 -8.141703
v 11.656248 1.686920 -8.019341
v 11.829140 1.573346 -8.200009
v 11.693008 1.546293 -8.124716
vn -0.5985 -0.7707 -0.2186
vn 0.0361 -0.7871 0.6158
vn -0.3398 0.2550 0.9052
vn 0.7511 0.3640 0.5507
vn 0.6892 0.4677 -0.5534
vn 0.6289 0.7274 -0.2746
vn -0.1897 0.9462 -0.2621
vn -0.5870 0.3816 -0.7140
vn -0.9774 -0.1313 -0.1657
vn -0.2686 -0.6435 -0.7168
vn -0.5066 0.3056 -0.8062
vn -0.3166 0.2909 0.9028
vn 0.7687 -0.5809 0.2678
vn 0.7798 -0.4732 -0.4100
vt 0.534218 0.539052
vt 0.807613 0.537738
vt 0.651467 0.712344
vt 0.812212 0.722590
vt 0.440472 0.699464
vt 0.505279 0.954605
vt 0.394685 0.910428
vt 0.529494 0.041599
vt 0.440272 0.169217
vt 0.407900 0.015209
vt 0.224689 0.500632
vt 0.298939 0.554231
vt 0.143822 0.628706
vt 0.350796 0.501919
vt 0.236030 0.724989
vt 0.358556 0.714558
vt 0.602122 0.296489
vt 0.527241 0.521298
vt 0.452229 0.375318
s 0
g Cube.011_Material
usemtl Material
f 593/1184/929 586/1185/929 587/1186/929
f 587/1186/930 586/1185/930 588/1187/930
f 591/1188/931 588/1189/931 585/1190/931
f 588/1191/932 589/1192/932 585/1193/932
f 592/1194/933 590/1195/933 589/1196/933
f 589/1196/934 590/1197/934 585/1198/934
f 590/1197/935 591/1199/935 585/1198/935
f 590/1197/936 593/1184/936 591/1188/936
f 593/1184/937 587/1186/937 591/1188/937
f 586/1200/938 593/1201/938 592/1202/938
f 592/1202/939 593/1184/939 590/1197/939
f 587/1186/940 588/1189/940 591/1188/940
f 588/1191/941 586/1200/941 589/1192/941
f 586/1200/942 592/1202/942 589/1192/942
o Cube.006
v 11.613654 1.664209 -10.095257
v 11.565059 1.474867 -10.130236
v 11.640274 1.563012 -10.320453
v 11.673505 1.558451 -10.079430
v 11.674854 1.504819 -10.210835
v 11.750193 1.612849 -10.224722
v 11.591980 1.686486 -10.189766
v 11.493873 1.549528 -10.133534
v 11.536276 1.540265 -10.291563
vn 0.6932 0.4736 0.5432
vn 0.8122 -0.5372 0.2276
vn 0.2091 0.7482 -0.6296
vn -0.1842 -0.1326 0.9739
vn -0.3756 -0.0743 0.9238
vn -0.8327 0.4929 -0.2523
vn -0.7072 0.6346 0.3118
vn -0.7121 -0.6856 -0.1509
vn -0.0203 -0.9278 -0.3725
vn 0.0573 -0.8742 -0.4822
vn 0.6790 -0.5378 -0.4997
vn 0.4392 0.8917 0.1095
vn -0.3329 0.6209 -0.7097
vn 0.4703 -0.8154 0.3376
vt 0.423616 0.817668
vt 0.438163 0.985880
vt 0.399025 0.926987
vt 0.584080 0.909473
vt 0.477709 0.045024
vt 0.607265 0.122218
vt 0.441545 0.286085
vt 0.565477 0.549583
vt 0.592013 0.712367
vt 0.289400 0.584684
vt 0.400831 0.754486
vt 0.615924 0.357557
vt 0.551199 0.540629
vt 0.429879 0.509305
vt 0.769145 0.562221
vt 0.604783 0.677624
vt 0.780055 0.741830
vt 0.860509 0.631959
vt 0.567506 0.015179
vt 0.377433 0.096481
s 0
g Cube.006_Material
usemtl Material
f 597/1203/943 599/1204/943 594/1205/943
f 598/1206/944 599/1204/944 597/1203/944
f 599/1207/945 596/1208/945 600/1209/945
f 601/1210/946 595/1211/946 594/1212/946
f 595/1211/947 597/1213/947 594/1212/947
f 600/1209/948 602/1214/948 601/1215/948
f 601/1215/949 594/1216/949 600/1209/949
f 601/1210/950 602/1217/950 595/1218/950
f 595/1218/951 602/1217/951 598/1219/951
f 602/1217/952 596/1220/952 598/1219/952
f 598/1221/953 596/1208/953 599/1207/953
f 594/1222/954 599/1207/954 600/1209/954
f 600/1209/955 596/1208/955 602/1214/955
f 595/1211/956 598/1206/956 597/1203/956
o Cube.007
v 12.172616 1.439051 -8.460749
v 12.301391 1.578555 -8.448360
v 12.149588 1.481497 -8.591003
v 12.095941 1.618974 -8.588963
v 12.045333 1.534247 -8.456010
v 12.171181 1.527044 -8.350399
v 12.222961 1.666988 -8.526939
v 12.277354 1.526770 -8.550429
v 12.181065 1.639359 -8.374712
vn 0.5637 0.1271 0.8161
vn 0.7157 -0.6762 0.1745
vn 0.5689 0.7674 0.2958
vn 0.4093 -0.8437 -0.3473
vn -0.5956 -0.7888 -0.1517
vn 0.2628 0.1168 -0.9578
vn -0.3797 0.9230 0.0630
vn 0.6155 -0.6123 0.4962
vn -0.4915 -0.6840 0.5390
vn -0.6201 0.2177 0.7537
vn -0.8075 -0.3076 -0.5034
vn 0.3336 0.2802 -0.9001
vn 0.8329 0.3890 -0.3935
vn -0.6718 0.7135 0.1990
vt 0.862532 0.586626
vt 0.666025 0.612825
vt 0.793538 0.524739
vt 0.799625 0.742317
vt 0.596159 0.725728
vt 0.676667 0.500000
vt 0.533198 0.702151
vt 0.502729 0.907748
vt 0.315429 0.689365
vt 0.215046 0.717794
vt 0.139986 0.551629
vt 0.365533 0.517965
vt 0.592775 0.342442
vt 0.523296 0.508923
vt 0.395346 0.376049
vt 0.510142 0.020803
vt 0.592582 0.143625
vt 0.414253 0.208459
s 0
g Cube.007_Material
usemtl Material
f 608/1223/957 604/1224/957 611/1225/957
f 604/1224/958 603/1226/958 610/1227/958
f 611/1225/959 604/1224/959 609/1228/959
f 610/1229/960 603/1230/960 605/1231/960
f 605/1231/961 603/1232/961 607/1233/961
f 606/1234/962 610/1229/962 605/1231/962
f 611/1235/963 609/1236/963 606/1237/963
f 608/1223/964 603/1226/964 604/1224/964
f 603/1238/965 608/1239/965 607/1240/965
f 607/1240/966 608/1239/966 611/1235/966
f 607/1233/967 606/1234/967 605/1231/967
f 606/1234/968 609/1236/968 610/1229/968
f 609/1236/969 604/1224/969 610/1229/969
f 607/1240/970 611/1235/970 606/1237/970
o Cube.008
v 10.769498 1.371202 -8.120421
v 10.848259 1.543110 -8.095078
v 10.892317 1.648827 -7.973429
v 10.859515 1.478931 -7.883493
v 10.699767 1.652217 -7.822321
v 10.640140 1.460951 -7.911312
v 10.657196 1.464483 -8.121520
v 10.830915 1.757424 -7.939243
v 10.680331 1.675956 -8.010406
vn 0.9591 -0.2528 -0.1277
vn 0.7279 0.2057 0.6541
vn -0.0831 -0.3990 0.9132
vn -0.6372 -0.7679 -0.0646
vn -0.0717 0.4701 -0.8797
vn 0.0611 0.5902 -0.8049
vn -0.9622 0.2396 0.1297
vn -0.5271 0.8347 0.1598
vn 0.5542 0.5184 -0.6512
vn 0.9055 -0.3903 -0.1666
vn 0.5462 0.2180 0.8088
vn 0.0233 -0.9134 0.4064
vn 0.0948 0.1025 -0.9902
vn -0.9859 0.1486 -0.0775
vt 0.551771 0.821043
vt 0.490236 0.981936
vt 0.443965 0.755163
vt 0.609545 0.740303
vt 0.579499 0.265268
vt 0.447677 0.232718
vt 0.490446 0.016300
vt 0.320967 0.499695
vt 0.242238 0.673984
vt 0.142687 0.564850
vt 0.543218 0.480597
vt 0.654480 0.663904
vt 0.651690 0.523626
vt 0.809399 0.589510
vt 0.375000 0.930496
vt 0.603518 0.001237
vt 0.583364 0.169025
vt 0.384386 0.054537
vt 0.382289 0.419599
s 0
g Cube.008_Material
usemtl Material
f 614/1241/971 615/1242/971 613/1243/971
f 614/1241/972 619/1244/972 615/1242/972
f 616/1245/973 617/1246/973 615/1247/973
f 618/1248/974 612/1249/974 617/1250/974
f 620/1251/975 613/1243/975 618/1248/975
f 620/1251/976 619/1252/976 613/1243/976
f 616/1245/977 620/1251/977 617/1246/977
f 620/1253/978 616/1254/978 619/1252/978
f 619/1252/979 614/1241/979 613/1243/979
f 612/1255/980 613/1243/980 615/1242/980
f 619/1256/981 616/1257/981 615/1247/981
f 612/1258/982 615/1247/982 617/1246/982
f 612/1249/983 618/1248/983 613/1243/983
f 618/1259/984 617/1246/984 620/1251/984
o Cube.009
v 10.424182 1.585039 -9.602879
v 10.498502 1.577472 -9.772620
v 10.230126 1.618618 -9.560976
v 10.181860 1.433892 -9.549077
v 10.385518 1.424849 -9.960687
v 10.372279 1.632532 -9.986377
v 10.361435 1.322583 -9.702479
v 10.304137 1.761318 -9.717471
v 10.354048 1.757955 -9.878353
v 10.085807 1.689119 -9.835171
v 10.058074 1.521549 -9.701452
v 10.143933 1.723675 -9.634323
v 10.201715 1.382653 -9.945744
v 10.233640 1.282459 -9.720678
v 10.136452 1.517762 -9.968544
v 10.006516 1.442178 -9.839314
vn 0.8189 0.4383 -0.3706
vn 0.6720 0.6921 0.2634
vn -0.2626 0.9596 -0.1015
vn -0.9229 0.3217 0.2117
vn -0.5295 -0.3835 -0.7567
vn -0.7618 -0.5822 0.2839
vn 0.3250 -0.8892 -0.3219
vn -0.2754 0.6041 -0.7478
vn -0.3146 0.5234 -0.7919
vn -0.0376 -0.1839 -0.9822
vn 0.8601 -0.0083 -0.5100
vn 0.8612 -0.4949 -0.1157
vn -0.6695 0.1276 0.7318
vn 0.1306 -0.7235 0.6779
vn 0.4332 -0.4085 0.8034
vn 0.2123 0.0075 0.9772
vn 0.8519 -0.3511 0.3886
vn 0.2663 0.6462 0.7152
vn 0.7365 0.6414 0.2151
vn 0.2117 0.6703 0.7113
vn -0.2703 0.9589 -0.0867
vn -0.4300 -0.8459 -0.3156
vn -0.6537 -0.5239 0.5461
vn 0.1703 -0.8910 -0.4208
vn -0.7521 0.2517 -0.6090
vn -0.0148 -0.1237 -0.9922
vn -0.9376 0.2981 0.1790
vt 0.875000 0.649805
vt 0.849233 0.683396
vt 0.832712 0.540342
vt 0.580473 0.024703
vt 0.534759 0.188184
vt 0.498710 0.020990
vt 0.437420 0.135101
vt 0.411456 0.342495
vt 0.213804 0.511922
vt 0.337875 0.601179
vt 0.185175 0.619999
vt 0.611440 0.548317
vt 0.438499 0.522151
vt 0.536413 0.434917
vt 0.517900 0.691047
vt 0.378975 0.759339
vt 0.724211 0.603714
vt 0.568883 0.768659
vt 0.609419 0.213408
vt 0.625000 0.382072
vt 0.588498 0.519208
vt 0.209844 0.718096
vt 0.479559 0.953620
vt 0.390901 0.953078
vt 0.565332 0.774863
vt 0.583031 0.973602
vt 0.389658 0.010551
vt 0.376620 0.114133
vt 0.125000 0.581137
vt 0.375000 0.421875
s 0
g Cube.009_Material
usemtl Material
f 629/1260/985 622/1261/985 626/1262/985
f 622/1263/986 629/1264/986 621/1265/986
f 628/1266/987 629/1264/987 630/1267/987
f 630/1268/988 631/1269/988 632/1270/988
f 633/1271/989 636/1272/989 635/1273/989
f 634/1274/990 624/1275/990 631/1269/990
f 625/1276/991 627/1277/991 634/1274/991
f 626/1278/992 630/1267/992 629/1264/992
f 626/1278/993 635/1273/993 630/1267/993
f 635/1273/994 625/1279/994 633/1280/994
f 625/1276/995 626/1262/995 622/1261/995
f 625/1276/996 622/1261/996 627/1277/996
f 623/1281/997 632/1270/997 631/1269/997 624/1275/997
f 624/1275/998 634/1274/998 627/1277/998
f 627/1277/999 621/1282/999 624/1275/999
f 621/1282/1000 623/1283/1000 624/1275/1000
f 627/1284/1001 622/1285/1001 621/1282/1001
f 621/1265/1002 628/1266/1002 623/1286/1002
f 628/1266/1003 621/1265/1003 629/1264/1003
f 623/1286/1004 628/1266/1004 632/1287/1004
f 630/1268/1005 632/1270/1005 628/1288/1005
f 636/1272/1006 633/1271/1006 634/1274/1006
f 636/1272/1007 634/1274/1007 631/1269/1007
f 633/1271/1008 625/1276/1008 634/1274/1008
f 630/1267/1009 635/1273/1009 636/1272/1009
f 626/1278/1010 625/1279/1010 635/1273/1010
f 631/1289/1011 630/1267/1011 636/1272/1011
o Cube.010
v 11.878262 1.512442 -9.997136
v 11.862157 1.471459 -9.857080
v 11.979074 1.457276 -9.721144
v 12.027093 1.535070 -9.992277
v 11.822513 1.658330 -10.008121
v 11.920385 1.600747 -9.713692
v 12.079797 1.389302 -9.815349
v 12.088993 1.636066 -9.834188
v 11.958726 1.668313 -10.043378
vn -0.0205 0.9799 0.1984
vn -0.0673 0.9789 0.1928
vn 0.7492 0.2752 0.6025
vn 0.5753 0.0409 0.8169
vn -0.7323 -0.3305 0.5954
vn 0.1534 -0.9530 -0.2612
vn -0.2361 -0.1624 -0.9581
vn 0.0796 -0.3211 -0.9437
vn -0.9433 0.0633 0.3259
vn -0.1827 -0.7848 -0.5922
vn -0.3824 -0.8934 0.2357
vn 0.8395 0.2447 -0.4851
vn 0.9420 -0.0603 -0.3303
vn -0.9078 -0.3627 -0.2105
vt 0.856741 0.527884
vt 0.792799 0.664448
vt 0.661337 0.518959
vt 0.570885 0.667835
vt 0.614877 0.834550
vt 0.495616 0.943630
vt 0.319826 0.718976
vt 0.602263 0.105449
vt 0.455701 0.107225
vt 0.553174 0.006579
vt 0.371255 0.573451
vt 0.135465 0.689951
vt 0.165587 0.530358
vt 0.553103 0.308270
vt 0.565029 0.471740
vt 0.392929 0.256090
vt 0.405598 0.560759
vt 0.171875 0.750000
s 0
g Cube.010_Material
usemtl Material
f 641/1290/1012 642/1291/1012 645/1292/1012
f 645/1292/1013 642/1291/1013 644/1293/1013
f 642/1294/1014 639/1295/1014 643/1296/1014
f 644/1293/1015 642/1294/1015 643/1296/1015
f 642/1297/1016 638/1298/1016 639/1299/1016
f 640/1300/1017 638/1301/1017 637/1302/1017
f 641/1303/1018 645/1304/1018 637/1305/1018
f 645/1304/1019 640/1306/1019 637/1305/1019
f 638/1298/1020 642/1297/1020 641/1303/1020
f 640/1300/1021 643/1296/1021 638/1301/1021
f 638/1301/1022 643/1296/1022 639/1307/1022
f 645/1292/1023 644/1293/1023 640/1306/1023
f 644/1293/1024 643/1296/1024 640/1306/1024
f 637/1305/1025 638/1298/1025 641/1303/1025
o Cube.011
v 11.679420 1.315189 -8.061844
v 11.848194 1.726996 -8.055726
v 11.954695 1.514965 -8.214671
v 11.873823 1.446169 -7.952934
v 11.667727 1.534688 -7.917837
v 11.562978 1.523141 -8.150953
v 11.749439 1.383970 -8.291364
v 11.590813 1.698761 -8.119896
v 11.754546 1.638529 -8.262554
vn 0.5345 0.6622 -0.5252
vn 0.9179 0.2076 0.3382
vn 0.5824 -0.8103 -0.0651
vn -0.0947 -0.5496 0.8300
vn -0.9111 0.0726 0.4058
vn -0.8614 -0.3099 0.4024
vn -0.7213 -0.5715 -0.3913
vn -0.5470 0.1050 -0.8305
vn 0.2905 0.1018 -0.9514
vn -0.0032 0.9199 -0.3920
vn -0.5897 0.2304 -0.7741
vn 0.5503 -0.8335 -0.0491
vn 0.3020 0.3519 0.8860
vn -0.2433 0.7056 0.6656
vt 0.534218 0.539052
vt 0.807613 0.537738
vt 0.651467 0.712344
vt 0.812212 0.722590
vt 0.440472 0.699464
vt 0.505279 0.954605
vt 0.394685 0.910428
vt 0.529494 0.041599
vt 0.440272 0.169217
vt 0.407900 0.015209
vt 0.224689 0.500632
vt 0.298939 0.554231
vt 0.143822 0.628706
vt 0.350796 0.501919
vt 0.236030 0.724989
vt 0.358556 0.714558
vt 0.602122 0.296489
vt 0.527241 0.521298
vt 0.452229 0.375318
s 0
g Cube.011_Material
usemtl Material
f 654/1308/1026 647/1309/1026 648/1310/1026
f 648/1310/1027 647/1309/1027 649/1311/1027
f 652/1312/1028 649/1313/1028 646/1314/1028
f 649/1315/1029 650/1316/1029 646/1317/1029
f 653/1318/1030 651/1319/1030 650/1320/1030
f 650/1320/1031 651/1321/1031 646/1322/1031
f 651/1321/1032 652/1323/1032 646/1322/1032
f 651/1321/1033 654/1308/1033 652/1312/1033
f 654/1308/1034 648/1310/1034 652/1312/1034
f 647/1324/1035 654/1325/1035 653/1326/1035
f 653/1326/1036 654/1308/1036 651/1321/1036
f 648/1310/1037 649/1313/1037 652/1312/1037
f 649/1315/1038 647/1324/1038 650/1316/1038
f 647/1324/1039 653/1326/1039 650/1316/1039
o Cube.006
v 10.032993 1.433794 -9.066115
v 9.968474 1.481697 -9.268043
v 10.171709 1.608083 -9.221789
v 10.051285 1.373493 -9.184503
v 10.121066 1.484699 -9.267522
v 10.220378 1.456719 -9.165734
v 10.077361 1.532860 -9.057628
v 9.925396 1.535874 -9.178781
v 10.057695 1.647582 -9.225518
vn 0.3480 -0.8125 0.4676
vn 0.4083 -0.6966 -0.5899
vn 0.6788 0.4369 0.5903
vn -0.7233 -0.6872 0.0681
vn -0.8358 -0.5306 0.1412
vn -0.4201 0.7256 0.5450
vn -0.6075 0.2063 0.7671
vn -0.6285 0.4924 -0.6022
vn -0.0016 0.2491 -0.9685
vn 0.1334 0.2958 -0.9459
vn 0.7111 -0.0315 -0.7024
vn 0.4769 -0.2848 0.8315
vn 0.2637 0.8105 0.5230
vn 0.0146 -0.6040 -0.7968
vt 0.423616 0.817668
vt 0.438163 0.985880
vt 0.399025 0.926987
vt 0.584080 0.909473
vt 0.477709 0.045024
vt 0.607265 0.122218
vt 0.441545 0.286085
vt 0.565477 0.549583
vt 0.592013 0.712367
vt 0.289400 0.584684
vt 0.400831 0.754486
vt 0.615924 0.357557
vt 0.551199 0.540629
vt 0.429879 0.509305
vt 0.769145 0.562221
vt 0.604783 0.677624
vt 0.780055 0.741830
vt 0.860509 0.631959
vt 0.567506 0.015179
vt 0.377433 0.096481
s 0
g Cube.006_Material
usemtl Material
f 658/1327/1040 660/1328/1040 655/1329/1040
f 659/1330/1041 660/1328/1041 658/1327/1041
f 660/1331/1042 657/1332/1042 661/1333/1042
f 662/1334/1043 656/1335/1043 655/1336/1043
f 656/1335/1044 658/1337/1044 655/1336/1044
f 661/1333/1045 663/1338/1045 662/1339/1045
f 662/1339/1046 655/1340/1046 661/1333/1046
f 662/1334/1047 663/1341/1047 656/1342/1047
f 656/1342/1048 663/1341/1048 659/1343/1048
f 663/1341/1049 657/1344/1049 659/1343/1049
f 659/1345/1050 657/1332/1050 660/1331/1050
f 655/1346/1051 660/1331/1051 661/1333/1051
f 661/1333/1052 657/1332/1052 663/1338/1052
f 656/1335/1053 659/1330/1053 658/1327/1053
o Cube.007
v 11.897225 1.457678 -9.957970
v 12.010531 1.564521 -9.894063
v 11.810658 1.533726 -9.915184
v 11.817666 1.538442 -9.784873
v 11.855304 1.405700 -9.834131
v 11.990576 1.414808 -9.886949
v 11.939174 1.589469 -9.793777
v 11.917911 1.597294 -9.926541
v 12.008548 1.465957 -9.800488
vn 0.9829 -0.1369 -0.1233
vn 0.3742 0.1506 -0.9151
vn 0.7864 0.4169 0.4558
vn -0.2459 0.2474 -0.9372
vn -0.7029 -0.5390 -0.4642
vn -0.5102 0.8601 -0.0037
vn 0.0775 -0.0106 0.9969
vn 0.5677 -0.1144 -0.8152
vn -0.1007 -0.9048 -0.4138
vn 0.2365 -0.8570 0.4578
vn -0.9540 -0.2935 0.0619
vn -0.3775 0.9189 0.1146
vn 0.3329 0.9430 0.0023
vn -0.0616 -0.3625 0.9299
vt 0.862532 0.586626
vt 0.666025 0.612825
vt 0.793538 0.524739
vt 0.799625 0.742317
vt 0.596159 0.725728
vt 0.676667 0.500000
vt 0.533198 0.702151
vt 0.502729 0.907748
vt 0.315429 0.689365
vt 0.215046 0.717794
vt 0.139986 0.551629
vt 0.365533 0.517965
vt 0.592775 0.342442
vt 0.523296 0.508923
vt 0.395346 0.376049
vt 0.510142 0.020803
vt 0.592582 0.143625
vt 0.414253 0.208459
s 0
g Cube.007_Material
usemtl Material
f 669/1347/1054 665/1348/1054 672/1349/1054
f 665/1348/1055 664/1350/1055 671/1351/1055
f 672/1349/1056 665/1348/1056 670/1352/1056
f 671/1353/1057 664/1354/1057 666/1355/1057
f 666/1355/1058 664/1356/1058 668/1357/1058
f 667/1358/1059 671/1353/1059 666/1355/1059
f 672/1359/1060 670/1360/1060 667/1361/1060
f 669/1347/1061 664/1350/1061 665/1348/1061
f 664/1362/1062 669/1363/1062 668/1364/1062
f 668/1364/1063 669/1363/1063 672/1359/1063
f 668/1357/1064 667/1358/1064 666/1355/1064
f 667/1358/1065 670/1360/1065 671/1353/1065
f 670/1360/1066 665/1348/1066 671/1353/1066
f 668/1364/1067 672/1359/1067 667/1361/1067
o Cube.008
v 11.901437 1.418075 -8.618567
v 11.939328 1.416331 -8.438927
v 11.999615 1.510343 -8.323252
v 11.965048 1.625961 -8.466980
v 12.193332 1.604526 -8.418634
v 12.110917 1.557503 -8.607061
v 12.033175 1.370013 -8.609893
v 12.112421 1.501560 -8.271351
v 12.160328 1.424230 -8.424852
vn -0.9227 0.1601 0.3507
vn -0.2391 0.7277 0.6429
vn 0.1522 0.9412 -0.3015
vn 0.0619 -0.0106 -0.9980
vn 0.0172 -0.9626 0.2702
vn 0.0032 -0.8927 0.4507
vn 0.9187 -0.1557 -0.3630
vn 0.9098 -0.1794 0.3743
vn -0.3676 -0.6186 0.6944
vn -0.9677 0.1462 0.2055
vn -0.0402 0.8292 0.5576
vn -0.3737 0.6184 -0.6913
vn -0.3457 -0.9362 0.0638
vn 0.8199 -0.3329 -0.4658
vt 0.551771 0.821043
vt 0.490236 0.981936
vt 0.443965 0.755163
vt 0.609545 0.740303
vt 0.579499 0.265268
vt 0.447677 0.232718
vt 0.490446 0.016300
vt 0.320967 0.499695
vt 0.242238 0.673984
vt 0.142687 0.564850
vt 0.543218 0.480597
vt 0.654480 0.663904
vt 0.651690 0.523626
vt 0.809399 0.589510
vt 0.375000 0.930496
vt 0.603518 0.001237
vt 0.583364 0.169025
vt 0.384386 0.054537
vt 0.382289 0.419599
s 0
g Cube.008_Material
usemtl Material
f 675/1365/1068 676/1366/1068 674/1367/1068
f 675/1365/1069 680/1368/1069 676/1366/1069
f 677/1369/1070 678/1370/1070 676/1371/1070
f 679/1372/1071 673/1373/1071 678/1374/1071
f 681/1375/1072 674/1367/1072 679/1372/1072
f 681/1375/1073 680/1376/1073 674/1367/1073
f 677/1369/1074 681/1375/1074 678/1370/1074
f 681/1377/1075 677/1378/1075 680/1376/1075
f 680/1376/1076 675/1365/1076 674/1367/1076
f 673/1379/1077 674/1367/1077 676/1366/1077
f 680/1380/1078 677/1381/1078 676/1371/1078
f 673/1382/1079 676/1371/1079 678/1370/1079
f 673/1373/1080 679/1372/1080 674/1367/1080
f 679/1383/1081 678/1370/1081 681/1375/1081
o Cube.009
v 10.696451 1.445731 -7.980087
v 10.774209 1.584294 -7.881275
v 10.761620 1.377341 -8.159932
v 10.869064 1.234371 -8.087359
v 11.039900 1.583693 -7.835256
v 10.965765 1.732144 -7.966492
v 10.925585 1.327002 -7.847323
v 10.758690 1.603634 -8.155761
v 10.842196 1.731038 -8.080333
v 10.997437 1.572389 -8.255538
v 11.001636 1.360557 -8.203790
v 10.810471 1.470467 -8.274888
v 11.153926 1.488582 -7.955178
v 11.029595 1.274160 -7.917964
v 11.141952 1.571836 -8.083133
v 11.163160 1.390882 -8.165637
vn -0.4156 0.7941 0.4434
vn -0.8837 0.4661 0.0418
vn -0.2381 0.6056 -0.7593
vn 0.2220 -0.2272 -0.9482
vn 0.9924 0.1224 -0.0133
vn 0.5106 -0.8079 -0.2942
vn 0.4571 -0.2438 0.8554
vn 0.3761 0.8278 -0.4163
vn 0.4662 0.7949 -0.3883
vn 0.7749 0.5605 0.2922
vn -0.1328 0.6184 0.7745
vn -0.1705 0.0296 0.9849
vn -0.1813 -0.6389 -0.7477
vn -0.1908 -0.8999 0.3922
vn -0.5950 -0.6928 0.4075
vn -0.7859 -0.6163 -0.0504
vn -0.5757 -0.2354 0.7831
vn -0.9409 -0.0059 -0.3387
vn -0.8631 0.4874 0.1323
vn -0.9190 -0.0046 -0.3943
vn -0.2434 0.5924 -0.7680
vn 0.8561 -0.4534 0.2480
vn 0.2444 -0.9213 -0.3024
vn 0.6119 -0.2231 0.7588
vn 0.7164 0.3572 -0.5993
vn 0.7403 0.6132 0.2755
vn 0.2637 -0.2240 -0.9383
vt 0.875000 0.649805
vt 0.849233 0.683396
vt 0.832712 0.540342
vt 0.580473 0.024703
vt 0.534759 0.188184
vt 0.498710 0.020990
vt 0.437420 0.135101
vt 0.411456 0.342495
vt 0.213804 0.511922
vt 0.337875 0.601179
vt 0.185175 0.619999
vt 0.611440 0.548317
vt 0.438499 0.522151
vt 0.536413 0.434917
vt 0.517900 0.691047
vt 0.378975 0.759339
vt 0.724211 0.603714
vt 0.568883 0.768659
vt 0.609419 0.213408
vt 0.625000 0.382072
vt 0.588498 0.519208
vt 0.209844 0.718096
vt 0.479559 0.953620
vt 0.390901 0.953078
vt 0.565332 0.774863
vt 0.583031 0.973602
vt 0.389658 0.010551
vt 0.376620 0.114133
vt 0.125000 0.581137
vt 0.375000 0.421875
s 0
g Cube.009_Material
usemtl Material
f 690/1384/1082 683/1385/1082 687/1386/1082
f 683/1387/1083 690/1388/1083 682/1389/1083
f 689/1390/1084 690/1388/1084 691/1391/1084
f 691/1392/1085 692/1393/1085 693/1394/1085
f 694/1395/1086 697/1396/1086 696/1397/1086
f 695/1398/1087 685/1399/1087 692/1393/1087
f 686/1400/1088 688/1401/1088 695/1398/1088
f 687/1402/1089 691/1391/1089 690/1388/1089
f 687/1402/1090 696/1397/1090 691/1391/1090
f 696/1397/1091 686/1403/1091 694/1404/1091
f 686/1400/1092 687/1386/1092 683/1385/1092
f 686/1400/1093 683/1385/1093 688/1401/1093
f 684/1405/1094 693/1394/1094 692/1393/1094 685/1399/1094
f 685/1399/1095 695/1398/1095 688/1401/1095
f 688/1401/1096 682/1406/1096 685/1399/1096
f 682/1406/1097 684/1407/1097 685/1399/1097
f 688/1408/1098 683/1409/1098 682/1406/1098
f 682/1389/1099 689/1390/1099 684/1410/1099
f 689/1390/1100 682/1389/1100 690/1388/1100
f 684/1410/1101 689/1390/1101 693/1411/1101
f 691/1392/1102 693/1394/1102 689/1412/1102
f 697/1396/1103 694/1395/1103 695/1398/1103
f 697/1396/1104 695/1398/1104 692/1393/1104
f 694/1395/1105 686/1400/1105 695/1398/1105
f 691/1391/1106 696/1397/1106 697/1396/1106
f 687/1402/1107 686/1403/1107 696/1397/1107
f 692/1413/1108 691/1391/1108 697/1396/1108
o Cube.010
v 12.049911 1.418209 -9.233497
v 12.194524 1.408495 -9.160333
v 12.380507 1.418304 -9.230157
v 12.107324 1.434384 -9.389017
v 11.987754 1.576356 -9.200289
v 12.336468 1.578434 -9.186890
v 12.337092 1.316189 -9.358992
v 12.271372 1.577105 -9.410069
v 12.002088 1.570114 -9.355493
vn -0.0044 0.9992 -0.0406
vn -0.0256 0.9997 0.0015
vn 0.7634 0.3556 -0.5391
vn 0.9434 0.1835 -0.2763
vn 0.3544 -0.1518 0.9227
vn -0.0122 -0.9941 -0.1079
vn -0.9333 -0.3517 -0.0721
vn -0.7815 -0.5213 -0.3427
vn -0.0388 0.1859 0.9818
vn -0.4640 -0.8825 0.0770
vn 0.2482 -0.7981 0.5490
vn -0.2000 0.0860 -0.9760
vn 0.0338 -0.1838 -0.9824
vn -0.4418 -0.3473 0.8271
vt 0.856741 0.527884
vt 0.792799 0.664448
vt 0.661337 0.518959
vt 0.570885 0.667835
vt 0.614877 0.834550
vt 0.495616 0.943630
vt 0.319826 0.718976
vt 0.602263 0.105449
vt 0.455701 0.107225
vt 0.553174 0.006579
vt 0.371255 0.573451
vt 0.135465 0.689951
vt 0.165587 0.530358
vt 0.553103 0.308270
vt 0.565029 0.471740
vt 0.392929 0.256090
vt 0.405598 0.560759
vt 0.171875 0.750000
s 0
g Cube.010_Material
usemtl Material
f 702/1414/1109 703/1415/1109 706/1416/1109
f 706/1416/1110 703/1415/1110 705/1417/1110
f 703/1418/1111 700/1419/1111 704/1420/1111
f 705/1417/1112 703/1418/1112 704/1420/1112
f 703/1421/1113 699/1422/1113 700/1423/1113
f 701/1424/1114 699/1425/1114 698/1426/1114
f 702/1427/1115 706/1428/1115 698/1429/1115
f 706/1428/1116 701/1430/1116 698/1429/1116
f 699/1422/1117 703/1421/1117 702/1427/1117
f 701/1424/1118 704/1420/1118 699/1425/1118
f 699/1425/1119 704/1420/1119 700/1431/1119
f 706/1416/1120 705/1417/1120 701/1430/1120
f 705/1417/1121 704/1420/1121 701/1430/1121
f 698/1429/1122 699/1422/1122 702/1427/1122
o Cube.011
v 10.651970 1.341349 -8.276758
v 10.971825 1.551221 -8.094410
v 10.751512 1.672806 -8.197485
v 10.852551 1.468822 -8.340696
v 10.888914 1.304094 -8.205523
v 10.710462 1.330817 -8.041887
v 10.568887 1.521111 -8.145320
v 10.855067 1.371339 -7.958307
v 10.760427 1.559535 -7.999170
vn 0.2461 0.8464 0.4723
vn 0.5858 0.6396 -0.4977
vn -0.4832 0.3601 -0.7980
vn 0.1387 -0.6097 -0.7804
vn 0.1089 -0.9553 0.2748
vn -0.1535 -0.9881 -0.0061
vn -0.8339 -0.5202 0.1843
vn -0.6044 -0.0167 0.7965
vn -0.4919 0.7463 0.4484
vn 0.3924 0.3793 0.8379
vn -0.4878 -0.0561 0.8712
vn -0.4966 0.3204 -0.8067
vn 0.9087 -0.1259 -0.3979
vn 0.8866 -0.4011 0.2305
vt 0.534218 0.539052
vt 0.807613 0.537738
vt 0.651467 0.712344
vt 0.812212 0.722590
vt 0.440472 0.699464
vt 0.505279 0.954605
vt 0.394685 0.910428
vt 0.529494 0.041599
vt 0.440272 0.169217
vt 0.407900 0.015209
vt 0.224689 0.500632
vt 0.298939 0.554231
vt 0.143822 0.628706
vt 0.350796 0.501919
vt 0.236030 0.724989
vt 0.358556 0.714558
vt 0.602122 0.296489
vt 0.527241 0.521298
vt 0.452229 0.375318
s 0
g Cube.011_Material
usemtl Material
f 715/1432/1123 708/1433/1123 709/1434/1123
f 709/1434/1124 708/1433/1124 710/1435/1124
f 713/1436/1125 710/1437/1125 707/1438/1125
f 710/1439/1126 711/1440/1126 707/1441/1126
f 714/1442/1127 712/1443/1127 711/1444/1127
f 711/1444/1128 712/1445/1128 707/1446/1128
f 712/1445/1129 713/1447/1129 707/1446/1129
f 712/1445/1130 715/1432/1130 713/1436/1130
f 715/1432/1131 709/1434/1131 713/1436/1131
f 708/1448/1132 715/1449/1132 714/1450/1132
f 714/1450/1133 715/1432/1133 712/1445/1133
f 709/1434/1134 710/1437/1134 713/1436/1134
f 710/1439/1135 708/1448/1135 711/1440/1135
f 708/1448/1136 714/1450/1136 711/1440/1136
o Cube.006
v 11.887640 1.418370 -8.302735
v 11.748105 1.342906 -8.303295
v 11.718966 1.512214 -8.257001
v 11.823608 1.397239 -8.373704
v 11.729086 1.447554 -8.336428
v 11.792378 1.530473 -8.354060
v 11.860325 1.467265 -8.246349
v 11.797517 1.340365 -8.237342
v 11.719347 1.440520 -8.205771
vn 0.6771 0.2602 -0.6884
vn -0.3389 0.0590 -0.9390
vn 0.2574 0.8955 0.3631
vn 0.4442 -0.8185 -0.3643
vn 0.4697 -0.8672 -0.1656
vn 0.2890 -0.0753 0.9544
vn 0.7200 -0.3124 0.6197
vn -0.6307 -0.6335 0.4481
vn -0.9754 -0.2038 -0.0837
vn -0.9952 -0.0606 -0.0774
vn -0.7451 0.4676 -0.4756
vn 0.7854 0.6025 -0.1419
vn 0.1228 0.5774 0.8072
vn -0.4969 -0.3427 -0.7973
vt 0.423616 0.817668
vt 0.438163 0.985880
vt 0.399025 0.926987
vt 0.584080 0.909473
vt 0.477709 0.045024
vt 0.607265 0.122218
vt 0.441545 0.286085
vt 0.565477 0.549583
vt 0.592013 0.712367
vt 0.289400 0.584684
vt 0.400831 0.754486
vt 0.615924 0.357557
vt 0.551199 0.540629
vt 0.429879 0.509305
vt 0.769145 0.562221
vt 0.604783 0.677624
vt 0.780055 0.741830
vt 0.860509 0.631959
vt 0.567506 0.015179
vt 0.377433 0.096481
s 0
g Cube.006_Material
usemtl Material
f 719/1451/1137 721/1452/1137 716/1453/1137
f 720/1454/1138 721/1452/1138 719/1451/1138
f 721/1455/1139 718/1456/1139 722/1457/1139
f 723/1458/1140 717/1459/1140 716/1460/1140
f 717/1459/1141 719/1461/1141 716/1460/1141
f 722/1457/1142 724/1462/1142 723/1463/1142
f 723/1463/1143 716/1464/1143 722/1457/1143
f 723/1458/1144 724/1465/1144 717/1466/1144
f 717/1466/1145 724/1465/1145 720/1467/1145
f 724/1465/1146 718/1468/1146 720/1467/1146
f 720/1469/1147 718/1456/1147 721/1455/1147
f 716/1470/1148 721/1455/1148 722/1457/1148
f 722/1457/1149 718/1456/1149 724/1462/1149
f 717/1459/1150 720/1454/1150 719/1451/1150
o Cube.007
v 12.228703 1.336994 -8.885601
v 12.192319 1.520268 -8.856998
v 12.178332 1.354099 -9.012958
v 12.036633 1.390907 -9.004715
v 12.077925 1.289989 -8.881533
v 12.159619 1.377814 -8.770594
v 12.073743 1.515423 -8.933176
v 12.217614 1.479409 -8.962790
v 12.074714 1.453086 -8.786636
vn 0.2471 0.4604 0.8526
vn 0.9716 0.1667 0.1679
vn -0.2786 0.8831 0.3775
vn 0.9151 -0.1347 -0.3800
vn 0.2833 -0.9293 -0.2369
vn 0.0395 0.3607 -0.9319
vn -0.9679 0.2289 0.1038
vn 0.8680 0.0963 0.4872
vn 0.2750 -0.8420 0.4641
vn -0.5246 -0.4359 0.7313
vn -0.2379 -0.7889 -0.5666
vn -0.0496 0.5086 -0.8596
vn 0.1675 0.9325 -0.3201
vn -0.9677 -0.1407 0.2091
vt 0.862532 0.586626
vt 0.666025 0.612825
vt 0.793538 0.524739
vt 0.799625 0.742317
vt 0.596159 0.725728
vt 0.676667 0.500000
vt 0.533198 0.702151
vt 0.502729 0.907748
vt 0.315429 0.689365
vt 0.215046 0.717794
vt 0.139986 0.551629
vt 0.365533 0.517965
vt 0.592775 0.342442
vt 0.523296 0.508923
vt 0.395346 0.376049
vt 0.510142 0.020803
vt 0.592582 0.143625
vt 0.414253 0.208459
s 0
g Cube.007_Material
usemtl Material
f 730/1471/1151 726/1472/1151 733/1473/1151
f 726/1472/1152 725/1474/1152 732/1475/1152
f 733/1473/1153 726/1472/1153 731/1476/1153
f 732/1477/1154 725/1478/1154 727/1479/1154
f 727/1479/1155 725/1480/1155 729/1481/1155
f 728/1482/1156 732/1477/1156 727/1479/1156
f 733/1483/1157 731/1484/1157 728/1485/1157
f 730/1471/1158 725/1474/1158 726/1472/1158
f 725/1486/1159 730/1487/1159 729/1488/1159
f 729/1488/1160 730/1487/1160 733/1483/1160
f 729/1481/1161 728/1482/1161 727/1479/1161
f 728/1482/1162 731/1484/1162 732/1477/1162
f 731/1484/1163 726/1472/1163 732/1477/1163
f 729/1488/1164 733/1483/1164 728/1485/1164
o Cube.008
v 10.487718 1.324152 -8.288258
v 10.400764 1.445781 -8.362331
v 10.308073 1.467507 -8.473188
v 10.313094 1.298332 -8.452128
v 10.395593 1.362217 -8.637773
v 10.495152 1.261697 -8.508376
v 10.566084 1.370801 -8.377623
v 10.331582 1.516250 -8.572536
v 10.483905 1.468302 -8.544358
vn -0.7603 0.0580 0.6470
vn -0.9642 -0.0607 -0.2580
vn -0.3035 -0.8514 -0.4279
vn 0.6735 -0.7048 0.2227
vn 0.4171 0.8591 0.2968
vn 0.2528 0.9394 0.2317
vn 0.7635 -0.0702 -0.6420
vn 0.3025 0.4756 -0.8260
vn -0.2450 0.8921 0.3797
vn -0.6805 -0.0409 0.7316
vn -0.8763 -0.1739 -0.4493
vn -0.1098 -0.9572 0.2679
vn 0.3601 0.6594 0.6600
vn 0.8892 -0.0311 -0.4564
vt 0.551771 0.821043
vt 0.490236 0.981936
vt 0.443965 0.755163
vt 0.609545 0.740303
vt 0.579499 0.265268
vt 0.447677 0.232718
vt 0.490446 0.016300
vt 0.320967 0.499695
vt 0.242238 0.673984
vt 0.142687 0.564850
vt 0.543218 0.480597
vt 0.654480 0.663904
vt 0.651690 0.523626
vt 0.809399 0.589510
vt 0.375000 0.930496
vt 0.603518 0.001237
vt 0.583364 0.169025
vt 0.384386 0.054537
vt 0.382289 0.419599
s 0
g Cube.008_Material
usemtl Material
f 736/1489/1165 737/1490/1165 735/1491/1165
f 736/1489/1166 741/1492/1166 737/1490/1166
f 738/1493/1167 739/1494/1167 737/1495/1167
f 740/1496/1168 734/1497/1168 739/1498/1168
f 742/1499/1169 735/1491/1169 740/1496/1169
f 742/1499/1170 741/1500/1170 735/1491/1170
f 738/1493/1171 742/1499/1171 739/1494/1171
f 742/1501/1172 738/1502/1172 741/1500/1172
f 741/1500/1173 736/1489/1173 735/1491/1173
f 734/1503/1174 735/1491/1174 737/1490/1174
f 741/1504/1175 738/1505/1175 737/1495/1175
f 734/1506/1176 737/1495/1176 739/1494/1176
f 734/1497/1177 740/1496/1177 735/1491/1177
f 740/1507/1178 739/1494/1178 742/1499/1178
o Cube.009
v 12.114732 1.607751 -9.109590
v 11.975763 1.585864 -8.980165
v 12.282395 1.486952 -9.128864
v 12.204845 1.369087 -9.266618
v 11.858480 1.339052 -8.945220
v 11.983077 1.411843 -8.784307
v 11.941617 1.391458 -9.215235
v 12.243747 1.539776 -8.907069
v 12.127677 1.504333 -8.782846
v 12.280320 1.277760 -8.876819
v 12.262012 1.240144 -9.095680
v 12.366193 1.432386 -9.005023
v 11.958726 1.179354 -8.994931
v 11.990094 1.262351 -9.235133
v 12.073334 1.178537 -8.888453
v 12.176022 1.099163 -9.046271
vn -0.4322 0.6661 0.6079
vn 0.1254 0.9473 0.2949
vn 0.6933 0.1774 0.6984
vn 0.8774 -0.4797 0.0091
vn -0.2717 -0.9191 0.2854
vn 0.2668 -0.7244 -0.6357
vn -0.8987 -0.2862 -0.3323
vn 0.1686 -0.2786 0.9455
vn 0.1229 -0.3645 0.9231
vn -0.5712 -0.5486 0.6106
vn -0.7960 0.4375 0.4184
vn -0.8958 0.3976 -0.1987
vn 0.8576 -0.1375 -0.4957
vn -0.1842 0.0818 -0.9795
vn -0.1223 0.5129 -0.8497
vn 0.3527 0.6036 -0.7150
vn -0.5548 0.6789 -0.4809
vn 0.5749 0.8129 -0.0934
vn 0.0305 0.9533 0.3005
vn 0.6217 0.7794 -0.0773
vn 0.7050 0.1777 0.6865
vn -0.3957 -0.8509 -0.3457
vn 0.3633 -0.4976 -0.7876
vn -0.8514 -0.4513 -0.2671
vn 0.3237 -0.7438 0.5847
vn -0.5541 -0.5086 0.6591
vn 0.8563 -0.5163 0.0171
vt 0.875000 0.649805
vt 0.849233 0.683396
vt 0.832712 0.540342
vt 0.580473 0.024703
vt 0.534759 0.188184
vt 0.498710 0.020990
vt 0.437420 0.135101
vt 0.411456 0.342495
vt 0.213804 0.511922
vt 0.337875 0.601179
vt 0.185175 0.619999
vt 0.611440 0.548317
vt 0.438499 0.522151
vt 0.536413 0.434917
vt 0.517900 0.691047
vt 0.378975 0.759339
vt 0.724211 0.603714
vt 0.568883 0.768659
vt 0.609419 0.213408
vt 0.625000 0.382072
vt 0.588498 0.519208
vt 0.209844 0.718096
vt 0.479559 0.953620
vt 0.390901 0.953078
vt 0.565332 0.774863
vt 0.583031 0.973602
vt 0.389658 0.010551
vt 0.376620 0.114133
vt 0.125000 0.581137
vt 0.375000 0.421875
s 0
g Cube.009_Material
usemtl Material
f 751/1508/1179 744/1509/1179 748/1510/1179
f 744/1511/1180 751/1512/1180 743/1513/1180
f 750/1514/1181 751/1512/1181 752/1515/1181
f 752/1516/1182 753/1517/1182 754/1518/1182
f 755/1519/1183 758/1520/1183 757/1521/1183
f 756/1522/1184 746/1523/1184 753/1517/1184
f 747/1524/1185 749/1525/1185 756/1522/1185
f 748/1526/1186 752/1515/1186 751/1512/1186
f 748/1526/1187 757/1521/1187 752/1515/1187
f 757/1521/1188 747/1527/1188 755/1528/1188
f 747/1524/1189 748/1510/1189 744/1509/1189
f 747/1524/1190 744/1509/1190 749/1525/1190
f 745/1529/1191 754/1518/1191 753/1517/1191 746/1523/1191
f 746/1523/1192 756/1522/1192 749/1525/1192
f 749/1525/1193 743/1530/1193 746/1523/1193
f 743/1530/1194 745/1531/1194 746/1523/1194
f 749/1532/1195 744/1533/1195 743/1530/1195
f 743/1513/1196 750/1514/1196 745/1534/1196
f 750/1514/1197 743/1513/1197 751/1512/1197
f 745/1534/1198 750/1514/1198 754/1535/1198
f 752/1516/1199 754/1518/1199 750/1536/1199
f 758/1520/1200 755/1519/1200 756/1522/1200
f 758/1520/1201 756/1522/1201 753/1517/1201
f 755/1519/1202 747/1524/1202 756/1522/1202
f 752/1515/1203 757/1521/1203 758/1520/1203
f 748/1526/1204 747/1527/1204 757/1521/1204
f 753/1537/1205 752/1515/1205 758/1520/1205
o Cube.010
v 10.263002 1.420833 -8.655657
v 10.332372 1.321163 -8.635990
v 10.352548 1.194616 -8.715301
v 10.210204 1.381466 -8.763314
v 10.343810 1.515547 -8.696993
v 10.444124 1.277905 -8.755116
v 10.225450 1.187023 -8.734937
v 10.316588 1.314476 -8.870984
v 10.268234 1.498454 -8.786241
vn 0.6478 0.4276 -0.6305
vn 0.6680 0.4489 -0.5935
vn 0.1590 -0.5626 -0.8113
vn 0.2760 -0.7867 -0.5521
vn 0.6194 -0.3436 0.7059
vn -0.7464 -0.4171 0.5186
vn -0.6119 0.6904 0.3859
vn -0.8487 0.4689 0.2447
vn 0.7482 0.1582 0.6444
vn -0.7096 0.0470 0.7031
vn -0.0970 -0.5396 0.8363
vn -0.6444 0.1737 -0.7447
vn -0.7489 -0.1528 -0.6448
vn 0.1461 0.2884 0.9463
vt 0.856741 0.527884
vt 0.792799 0.664448
vt 0.661337 0.518959
vt 0.570885 0.667835
vt 0.614877 0.834550
vt 0.495616 0.943630
vt 0.319826 0.718976
vt 0.602263 0.105449
vt 0.455701 0.107225
vt 0.553174 0.006579
vt 0.371255 0.573451
vt 0.135465 0.689951
vt 0.165587 0.530358
vt 0.553103 0.308270
vt 0.565029 0.471740
vt 0.392929 0.256090
vt 0.405598 0.560759
vt 0.171875 0.750000
s 0
g Cube.010_Material
usemtl Material
f 763/1538/1206 764/1539/1206 767/1540/1206
f 767/1540/1207 764/1539/1207 766/1541/1207
f 764/1542/1208 761/1543/1208 765/1544/1208
f 766/1541/1209 764/1542/1209 765/1544/1209
f 764/1545/1210 760/1546/1210 761/1547/1210
f 762/1548/1211 760/1549/1211 759/1550/1211
f 763/1551/1212 767/1552/1212 759/1553/1212
f 767/1552/1213 762/1554/1213 759/1553/1213
f 760/1546/1214 764/1545/1214 763/1551/1214
f 762/1548/1215 765/1544/1215 760/1549/1215
f 760/1549/1216 765/1544/1216 761/1555/1216
f 767/1540/1217 766/1541/1217 762/1554/1217
f 766/1541/1218 765/1544/1218 762/1554/1218
f 759/1553/1219 760/1546/1219 763/1551/1219
o Cube.011
v 10.604737 1.230729 -10.011560
v 10.938470 1.488594 -9.888453
v 10.707980 1.446386 -9.731721
v 10.666535 1.478200 -10.005589
v 10.813005 1.347172 -10.113290
v 10.836356 1.151439 -9.955448
v 10.649282 1.204437 -9.770647
v 10.992122 1.237526 -9.946947
v 10.886087 1.292567 -9.759296
vn 0.4653 0.3969 0.7912
vn -0.0932 0.9873 0.1288
vn -0.9515 0.2327 0.2013
vn -0.4986 0.1451 -0.8546
vn 0.3514 -0.5619 -0.7488
vn -0.0274 -0.6295 -0.7765
vn -0.3137 -0.9484 -0.0455
vn 0.2775 -0.8118 0.5137
vn 0.0130 -0.1619 0.9867
vn 0.8776 0.0773 0.4732
vn 0.4095 -0.7866 0.4621
vn -0.9636 0.2065 0.1698
vn 0.2327 0.7595 -0.6075
vn 0.7412 0.2985 -0.6013
vt 0.534218 0.539052
vt 0.807613 0.537738
vt 0.651467 0.712344
vt 0.812212 0.722590
vt 0.440472 0.699464
vt 0.505279 0.954605
vt 0.394685 0.910428
vt 0.529494 0.041599
vt 0.440272 0.169217
vt 0.407900 0.015209
vt 0.224689 0.500632
vt 0.298939 0.554231
vt 0.143822 0.628706
vt 0.350796 0.501919
vt 0.236030 0.724989
vt 0.358556 0.714558
vt 0.602122 0.296489
vt 0.527241 0.521298
vt 0.452229 0.375318
s 0
g Cube.011_Material
usemtl Material
f 776/1556/1220 769/1557/1220 770/1558/1220
f 770/1558/1221 769/1557/1221 771/1559/1221
f 774/1560/1222 771/1561/1222 768/1562/1222
f 771/1563/1223 772/1564/1223 768/1565/1223
f 775/1566/1224 773/1567/1224 772/1568/1224
f 772/1568/1225 773/1569/1225 768/1570/1225
f 773/1569/1226 774/1571/1226 768/1570/1226
f 773/1569/1227 776/1556/1227 774/1560/1227
f 776/1556/1228 770/1558/1228 774/1560/1228
f 769/1572/1229 776/1573/1229 775/1574/1229
f 775/1574/1230 776/1556/1230 773/1569/1230
f 770/1558/1231 771/1561/1231 774/1560/1231
f 771/1563/1232 769/1572/1232 772/1564/1232
f 769/1572/1233 775/1574/1233 772/1564/1233
o Cube.006
v 12.049788 1.332657 -8.838510
v 12.047951 1.417480 -9.042010
v 12.087973 1.174180 -9.060852
v 11.949507 1.362571 -8.925460
v 11.987289 1.275316 -9.051125
v 11.957166 1.172246 -8.950681
v 12.119330 1.253982 -8.872786
v 12.143211 1.418824 -8.978333
v 12.167980 1.265980 -9.073889
vn -0.6709 -0.1239 0.7311
vn -0.9577 -0.0004 -0.2877
vn 0.2927 -0.8968 0.3317
vn -0.2621 0.8899 0.3733
vn -0.0586 0.9213 0.3845
vn 0.9718 0.0101 0.2357
vn 0.6848 0.3200 0.6547
vn 0.4690 0.5216 -0.7127
vn -0.1184 0.1138 -0.9864
vn -0.1265 -0.0306 -0.9915
vn -0.5572 -0.4903 -0.6702
vn -0.1532 -0.5054 0.8492
vn 0.7560 -0.6383 0.1448
vn -0.7886 0.3681 -0.4927
vt 0.423616 0.817668
vt 0.438163 0.985880
vt 0.399025 0.926987
vt 0.584080 0.909473
vt 0.477709 0.045024
vt 0.607265 0.122218
vt 0.441545 0.286085
vt 0.565477 0.549583
vt 0.592013 0.712367
vt 0.289400 0.584684
vt 0.400831 0.754486
vt 0.615924 0.357557
vt 0.551199 0.540629
vt 0.429879 0.509305
vt 0.769145 0.562221
vt 0.604783 0.677624
vt 0.780055 0.741830
vt 0.860509 0.631959
vt 0.567506 0.015179
vt 0.377433 0.096481
s 0
g Cube.006_Material
usemtl Material
f 780/1575/1234 782/1576/1234 777/1577/1234
f 781/1578/1235 782/1576/1235 780/1575/1235
f 782/1579/1236 779/1580/1236 783/1581/1236
f 784/1582/1237 778/1583/1237 777/1584/1237
f 778/1583/1238 780/1585/1238 777/1584/1238
f 783/1581/1239 785/1586/1239 784/1587/1239
f 784/1587/1240 777/1588/1240 783/1581/1240
f 784/1582/1241 785/1589/1241 778/1590/1241
f 778/1590/1242 785/1589/1242 781/1591/1242
f 785/1589/1243 779/1592/1243 781/1591/1243
f 781/1593/1244 779/1580/1244 782/1579/1244
f 777/1594/1245 782/1579/1245 783/1581/1245
f 783/1581/1246 779/1580/1246 785/1586/1246
f 778/1583/1247 781/1578/1247 780/1575/1247
o Cube.007
v 10.361449 1.299482 -8.833084
v 10.334713 1.386673 -9.000718
v 10.406726 1.189445 -8.905593
v 10.296397 1.136878 -8.989133
v 10.237824 1.199664 -8.846968
v 10.238507 1.364041 -8.860666
v 10.292159 1.266469 -9.064035
v 10.418034 1.305276 -8.986820
v 10.191655 1.342550 -8.964241
vn -0.3077 0.9497 -0.0579
vn 0.6505 0.7113 0.2662
vn -0.3595 0.5313 -0.7671
vn 0.9256 0.1526 0.3464
vn 0.2683 -0.4507 0.8514
vn 0.6640 -0.4717 -0.5802
vn -0.7792 -0.3325 -0.5312
vn 0.3600 0.8500 0.3847
vn -0.1767 0.0825 0.9808
vn -0.9134 0.0376 0.4054
vn 0.0969 -0.8951 0.4352
vn 0.5657 -0.3987 -0.7218
vn 0.4314 0.2961 -0.8522
vn -0.8857 -0.4299 -0.1751
vt 0.862532 0.586626
vt 0.666025 0.612825
vt 0.793538 0.524739
vt 0.799625 0.742317
vt 0.596159 0.725728
vt 0.676667 0.500000
vt 0.533198 0.702151
vt 0.502729 0.907748
vt 0.315429 0.689365
vt 0.215046 0.717794
vt 0.139986 0.551629
vt 0.365533 0.517965
vt 0.592775 0.342442
vt 0.523296 0.508923
vt 0.395346 0.376049
vt 0.510142 0.020803
vt 0.592582 0.143625
vt 0.414253 0.208459
s 0
g Cube.007_Material
usemtl Material
f 791/1595/1248 787/1596/1248 794/1597/1248
f 787/1596/1249 786/1598/1249 793/1599/1249
f 794/1597/1250 787/1596/1250 792/1600/1250
f 793/1601/1251 786/1602/1251 788/1603/1251
f 788/1603/1252 786/1604/1252 790/1605/1252
f 789/1606/1253 793/1601/1253 788/1603/1253
f 794/1607/1254 792/1608/1254 789/1609/1254
f 791/1595/1255 786/1598/1255 787/1596/1255
f 786/1610/1256 791/1611/1256 790/1612/1256
f 790/1612/1257 791/1611/1257 794/1607/1257
f 790/1605/1258 789/1606/1258 788/1603/1258
f 789/1606/1259 792/1608/1259 793/1601/1259
f 792/1608/1260 787/1596/1260 793/1601/1260
f 790/1612/1261 794/1607/1261 789/1609/1261
o Cube.008
v 10.858068 1.470036 -9.798572
v 10.784098 1.359608 -9.936276
v 10.698312 1.217057 -9.956583
v 10.682384 1.259290 -9.766233
v 10.810768 1.055984 -9.809242
v 10.892944 1.228809 -9.700886
v 10.965348 1.376739 -9.833729
v 10.745241 1.103420 -9.998082
v 10.908156 1.164802 -9.932617
vn -0.8299 0.5259 -0.1861
vn -0.9232 -0.3842 0.0080
vn -0.3240 -0.3872 0.8632
vn 0.5683 0.3781 0.7308
vn 0.4540 0.2732 -0.8481
vn 0.3082 0.1787 -0.9344
vn 0.8313 -0.5194 0.1980
vn 0.4525 -0.8151 -0.3618
vn -0.2071 0.2590 -0.9434
vn -0.7717 0.6295 -0.0903
vn -0.8220 -0.5502 0.1470
vn -0.2346 0.3355 0.9124
vn 0.3310 0.6414 -0.6921
vn 0.9346 -0.3224 0.1504
vt 0.551771 0.821043
vt 0.490236 0.981936
vt 0.443965 0.755163
vt 0.609545 0.740303
vt 0.579499 0.265268
vt 0.447677 0.232718
vt 0.490446 0.016300
vt 0.320967 0.499695
vt 0.242238 0.673984
vt 0.142687 0.564850
vt 0.543218 0.480597
vt 0.654480 0.663904
vt 0.651690 0.523626
vt 0.809399 0.589510
vt 0.375000 0.930496
vt 0.603518 0.001237
vt 0.583364 0.169025
vt 0.384386 0.054537
vt 0.382289 0.419599
s 0
g Cube.008_Material
usemtl Material
f 797/1613/1262 798/1614/1262 796/1615/1262
f 797/1613/1263 802/1616/1263 798/1614/1263
f 799/1617/1264 800/1618/1264 798/1619/1264
f 801/1620/1265 795/1621/1265 800/1622/1265
f 803/1623/1266 796/1615/1266 801/1620/1266
f 803/1623/1267 802/1624/1267 796/1615/1267
f 799/1617/1268 803/1623/1268 800/1618/1268
f 803/1625/1269 799/1626/1269 802/1624/1269
f 802/1624/1270 797/1613/1270 796/1615/1270
f 795/1627/1271 796/1615/1271 798/1614/1271
f 802/1628/1272 799/1629/1272 798/1619/1272
f 795/1630/1273 798/1619/1273 800/1618/1273
f 795/1621/1274 801/1620/1274 796/1615/1274
f 801/1631/1275 800/1618/1275 803/1623/1275
o Cube.009
v 11.832073 1.405706 -8.944724
v 11.869396 1.487683 -8.769319
v 11.918959 1.224717 -9.019053
v 11.767454 1.103806 -8.957435
v 11.857231 1.329352 -8.533667
v 12.058877 1.399598 -8.597768
v 11.664501 1.247687 -8.743512
v 12.084962 1.364464 -8.919995
v 12.131658 1.423422 -8.757414
v 12.155117 1.129016 -8.797179
v 11.958809 1.026690 -8.858982
v 12.077488 1.186045 -9.000880
v 11.884024 1.130581 -8.548800
v 11.685746 1.107220 -8.721729
v 12.039664 1.120856 -8.590278
v 11.966874 0.954207 -8.696830
vn 0.2206 0.9450 0.2416
vn 0.2316 0.8615 -0.4519
vn 0.9424 0.1174 -0.3132
vn 0.5197 -0.7505 -0.4082
vn 0.1749 -0.5835 0.7931
vn -0.3273 -0.9396 -0.0998
vn -0.7353 -0.0061 0.6777
vn 0.9089 0.0161 0.4168
vn 0.8731 -0.0471 0.4853
vn 0.2550 -0.0392 0.9661
vn -0.1134 0.8274 0.5501
vn -0.6816 0.6232 0.3835
vn 0.0551 -0.6209 -0.7819
vn -0.9285 -0.1899 -0.3191
vn -0.8242 0.1987 -0.5303
vn -0.4646 0.1363 -0.8750
vn -0.7607 0.6349 -0.1349
vn 0.1581 0.4391 -0.8844
vn 0.1850 0.9056 -0.3816
vn 0.1997 0.3976 -0.8956
vn 0.9386 0.1090 -0.3272
vn -0.4275 -0.6905 0.5835
vn -0.4232 -0.8348 -0.3521
vn -0.6408 -0.1438 0.7541
vn 0.7298 -0.5649 0.3850
vn 0.3014 0.0048 0.9535
vn 0.5184 -0.7708 -0.3703
vt 0.875000 0.649805
vt 0.849233 0.683396
vt 0.832712 0.540342
vt 0.580473 0.024703
vt 0.534759 0.188184
vt 0.498710 0.020990
vt 0.437420 0.135101
vt 0.411456 0.342495
vt 0.213804 0.511922
vt 0.337875 0.601179
vt 0.185175 0.619999
vt 0.611440 0.548317
vt 0.438499 0.522151
vt 0.536413 0.434917
vt 0.517900 0.691047
vt 0.378975 0.759339
vt 0.724211 0.603714
vt 0.568883 0.768659
vt 0.609419 0.213408
vt 0.625000 0.382072
vt 0.588498 0.519208
vt 0.209844 0.718096
vt 0.479559 0.953620
vt 0.390901 0.953078
vt 0.565332 0.774863
vt 0.583031 0.973602
vt 0.389658 0.010551
vt 0.376620 0.114133
vt 0.125000 0.581137
vt 0.375000 0.421875
s 0
g Cube.009_Material
usemtl Material
f 812/1632/1276 805/1633/1276 809/1634/1276
f 805/1635/1277 812/1636/1277 804/1637/1277
f 811/1638/1278 812/1636/1278 813/1639/1278
f 813/1640/1279 814/1641/1279 815/1642/1279
f 816/1643/1280 819/1644/1280 818/1645/1280
f 817/1646/1281 807/1647/1281 814/1641/1281
f 808/1648/1282 810/1649/1282 817/1646/1282
f 809/1650/1283 813/1639/1283 812/1636/1283
f 809/1650/1284 818/1645/1284 813/1639/1284
f 818/1645/1285 808/1651/1285 816/1652/1285
f 808/1648/1286 809/1634/1286 805/1633/1286
f 808/1648/1287 805/1633/1287 810/1649/1287
f 806/1653/1288 815/1642/1288 814/1641/1288 807/1647/1288
f 807/1647/1289 817/1646/1289 810/1649/1289
f 810/1649/1290 804/1654/1290 807/1647/1290
f 804/1654/1291 806/1655/1291 807/1647/1291
f 810/1656/1292 805/1657/1292 804/1654/1292
f 804/1637/1293 811/1638/1293 806/1658/1293
f 811/1638/1294 804/1637/1294 812/1636/1294
f 806/1658/1295 811/1638/1295 815/1659/1295
f 813/1640/1296 815/1642/1296 811/1660/1296
f 819/1644/1297 816/1643/1297 817/1646/1297
f 819/1644/1298 817/1646/1298 814/1641/1298
f 816/1643/1299 808/1648/1299 817/1646/1299
f 813/1639/1300 818/1645/1300 819/1644/1300
f 809/1650/1301 808/1651/1301 818/1645/1301
f 814/1661/1302 813/1639/1302 819/1644/1302
o Cube.010
v 10.640477 1.166666 -9.608260
v 10.514830 1.156133 -9.676349
v 10.349640 1.145075 -9.617973
v 10.586891 1.160847 -9.471486
v 10.684744 1.312464 -9.619884
v 10.377955 1.292443 -9.638582
v 10.393212 1.045360 -9.514632
v 10.432504 1.272468 -9.441787
v 10.670601 1.289956 -9.484797
vn -0.0738 0.9849 0.1564
vn -0.0521 0.9920 0.1151
vn -0.7964 0.2312 0.5589
vn -0.9587 0.0781 0.2736
vn -0.3283 -0.0687 -0.9421
vn 0.0878 -0.9961 -0.0080
vn 0.9567 -0.2863 0.0525
vn 0.8147 -0.4975 0.2980
vn 0.0383 0.3024 -0.9524
vn 0.5322 -0.8298 -0.1681
vn -0.1776 -0.7445 -0.6435
vn 0.1788 -0.0145 0.9838
vn -0.0335 -0.3000 0.9534
vn 0.4792 -0.2134 -0.8514
vt 0.856741 0.527884
vt 0.792799 0.664448
vt 0.661337 0.518959
vt 0.570885 0.667835
vt 0.614877 0.834550
vt 0.495616 0.943630
vt 0.319826 0.718976
vt 0.602263 0.105449
vt 0.455701 0.107225
vt 0.553174 0.006579
vt 0.371255 0.573451
vt 0.135465 0.689951
vt 0.165587 0.530358
vt 0.553103 0.308270
vt 0.565029 0.471740
vt 0.392929 0.256090
vt 0.405598 0.560759
vt 0.171875 0.750000
s 0
g Cube.010_Material
usemtl Material
f 824/1662/1303 825/1663/1303 828/1664/1303
f 828/1664/1304 825/1663/1304 827/1665/1304
f 825/1666/1305 822/1667/1305 826/1668/1305
f 827/1665/1306 825/1666/1306 826/1668/1306
f 825/1669/1307 821/1670/1307 822/1671/1307
f 823/1672/1308 821/1673/1308 820/1674/1308
f 824/1675/1309 828/1676/1309 820/1677/1309
f 828/1676/1310 823/1678/1310 820/1677/1310
f 821/1670/1311 825/1669/1311 824/1675/1311
f 823/1672/1312 826/1668/1312 821/1673/1312
f 821/1673/1313 826/1668/1313 822/1679/1313
f 828/1664/1314 827/1665/1314 823/1678/1314
f 827/1665/1315 826/1668/1315 823/1678/1315
f 820/1677/1316 821/1670/1316 824/1675/1316
o Cube.011
v 10.976110 1.305557 -9.968575
v 11.220223 1.062461 -9.687789
v 11.067141 0.950904 -9.900969
v 10.945729 1.160866 -9.757020
v 11.097091 1.328423 -9.736857
v 11.229764 1.308428 -9.954241
v 11.089662 1.120056 -10.090339
v 11.342964 1.255402 -9.824393
v 11.276566 1.065100 -9.924474
vn 0.4852 -0.8680 0.1058
vn -0.3977 -0.6641 0.6331
vn -0.8845 -0.3161 -0.3432
vn -0.7225 0.6146 0.3166
vn 0.3180 0.9420 0.1074
vn -0.0059 0.9954 -0.0952
vn 0.0402 0.5654 -0.8239
vn 0.6695 0.0380 -0.7418
vn 0.3265 -0.7239 -0.6078
vn 0.8851 -0.4172 0.2061
vn 0.7658 0.0691 -0.6394
vn -0.8943 -0.2755 -0.3525
vn -0.2171 0.0790 0.9730
vn 0.4039 0.3434 0.8479
vt 0.534218 0.539052
vt 0.807613 0.537738
vt 0.651467 0.712344
vt 0.812212 0.722590
vt 0.440472 0.699464
vt 0.505279 0.954605
vt 0.394685 0.910428
vt 0.529494 0.041599
vt 0.440272 0.169217
vt 0.407900 0.015209
vt 0.224689 0.500632
vt 0.298939 0.554231
vt 0.143822 0.628706
vt 0.350796 0.501919
vt 0.236030 0.724989
vt 0.358556 0.714558
vt 0.602122 0.296489
vt 0.527241 0.521298
vt 0.452229 0.375318
s 0
g Cube.011_Material
usemtl Material
f 837/1680/1317 830/1681/1317 831/1682/1317
f 831/1682/1318 830/1681/1318 832/1683/1318
f 835/1684/1319 832/1685/1319 829/1686/1319
f 832/1687/1320 833/1688/1320 829/1689/1320
f 836/1690/1321 834/1691/1321 833/1692/1321
f 833/1692/1322 834/1693/1322 829/1694/1322
f 834/1693/1323 835/1695/1323 829/1694/1323
f 834/1693/1324 837/1680/1324 835/1684/1324
f 837/1680/1325 831/1682/1325 835/1684/1325
f 830/1696/1326 837/1697/1326 836/1698/1326
f 836/1698/1327 837/1680/1327 834/1693/1327
f 831/1682/1328 832/1685/1328 835/1684/1328
f 832/1687/1329 830/1696/1329 833/1688/1329
f 830/1696/1330 836/1698/1330 833/1688/1330
o Cube.006
v 11.654507 1.122245 -8.577217
v 11.802218 1.233292 -8.540476
v 11.859030 1.096651 -8.691342
v 11.685289 1.227941 -8.614628
v 11.805995 1.204615 -8.669593
v 11.730025 1.139164 -8.745313
v 11.713631 1.052681 -8.601206
v 11.784175 1.153745 -8.486289
v 11.884895 1.096383 -8.589931
vn -0.9097 0.1247 -0.3961
vn -0.1106 0.8041 -0.5841
vn -0.0639 -0.8525 -0.5189
vn -0.5654 0.5481 0.6164
vn -0.5008 0.4148 0.7597
vn 0.1620 -0.7882 0.5937
vn -0.3743 -0.5703 0.7313
vn 0.7592 0.2399 0.6050
vn 0.8365 0.5396 -0.0954
vn 0.8580 0.4653 -0.2176
vn 0.4616 0.3875 -0.7980
vn -0.7629 -0.5124 -0.3943
vn 0.2508 -0.9657 -0.0665
vn 0.0908 0.9727 -0.2134
vt 0.423616 0.817668
vt 0.438163 0.985880
vt 0.399025 0.926987
vt 0.584080 0.909473
vt 0.477709 0.045024
vt 0.607265 0.122218
vt 0.441545 0.286085
vt 0.565477 0.549583
vt 0.592013 0.712367
vt 0.289400 0.584684
vt 0.400831 0.754486
vt 0.615924 0.357557
vt 0.551199 0.540629
vt 0.429879 0.509305
vt 0.769145 0.562221
vt 0.604783 0.677624
vt 0.780055 0.741830
vt 0.860509 0.631959
vt 0.567506 0.015179
vt 0.377433 0.096481
s 0
g Cube.006_Material
usemtl Material
f 841/1699/1331 843/1700/1331 838/1701/1331
f 842/1702/1332 843/1700/1332 841/1699/1332
f 843/1703/1333 840/1704/1333 844/1705/1333
f 845/1706/1334 839/1707/1334 838/1708/1334
f 839/1707/1335 841/1709/1335 838/1708/1335
f 844/1705/1336 846/1710/1336 845/1711/1336
f 845/1711/1337 838/1712/1337 844/1705/1337
f 845/1706/1338 846/1713/1338 839/1714/1338
f 839/1714/1339 846/1713/1339 842/1715/1339
f 846/1713/1340 840/1716/1340 842/1715/1340
f 842/1717/1341 840/1704/1341 843/1703/1341
f 838/1718/1342 843/1703/1342 844/1705/1342
f 844/1705/1343 840/1704/1343 846/1710/1343
f 839/1707/1344 842/1702/1344 841/1699/1344
o Cube.007
v 10.902086 1.005774 -8.473660
v 10.994702 1.214783 -8.443452
v 10.751998 1.082048 -8.475963
v 10.721975 1.158826 -8.317211
v 10.829531 0.990760 -8.295740
v 11.017056 1.031488 -8.349617
v 10.864934 1.266669 -8.343136
v 10.872972 1.197502 -8.513988
v 10.998282 1.145358 -8.270723
vn 0.9897 0.1387 0.0353
vn 0.5096 -0.1023 -0.8543
vn 0.5462 0.7811 0.3026
vn -0.0963 -0.2189 -0.9710
vn -0.4355 -0.8646 -0.2506
vn -0.6929 0.5890 -0.4159
vn -0.1336 0.3955 0.9087
vn 0.7367 -0.2348 -0.6341
vn 0.2135 -0.9769 0.0046
vn 0.3376 -0.4978 0.7989
vn -0.8439 -0.5279 0.0957
vn -0.6066 0.7266 -0.3227
vn 0.0834 0.9251 -0.3706
vn -0.1649 0.0204 0.9861
vt 0.862532 0.586626
vt 0.666025 0.612825
vt 0.793538 0.524739
vt 0.799625 0.742317
vt 0.596159 0.725728
vt 0.676667 0.500000
vt 0.533198 0.702151
vt 0.502729 0.907748
vt 0.315429 0.689365
vt 0.215046 0.717794
vt 0.139986 0.551629
vt 0.365533 0.517965
vt 0.592775 0.342442
vt 0.523296 0.508923
vt 0.395346 0.376049
vt 0.510142 0.020803
vt 0.592582 0.143625
vt 0.414253 0.208459
s 0
g Cube.007_Material
usemtl Material
f 852/1719/1345 848/1720/1345 855/1721/1345
f 848/1720/1346 847/1722/1346 854/1723/1346
f 855/1721/1347 848/1720/1347 853/1724/1347
f 854/1725/1348 847/1726/1348 849/1727/1348
f 849/1727/1349 847/1728/1349 851/1729/1349
f 850/1730/1350 854/1725/1350 849/1727/1350
f 855/1731/1351 853/1732/1351 850/1733/1351
f 852/1719/1352 847/1722/1352 848/1720/1352
f 847/1734/1353 852/1735/1353 851/1736/1353
f 851/1736/1354 852/1735/1354 855/1731/1354
f 851/1729/1355 850/1730/1355 849/1727/1355
f 850/1730/1356 853/1732/1356 854/1725/1356
f 853/1732/1357 848/1720/1357 854/1725/1357
f 851/1736/1358 855/1731/1358 850/1733/1358
o Cube.008
v 10.612061 1.012914 -9.014255
v 10.541615 1.083535 -9.133129
v 10.453347 1.183577 -9.159008
v 10.496121 1.204471 -9.007700
v 10.305571 1.154727 -9.028727
v 10.420914 1.058716 -8.932430
v 10.511726 0.951656 -9.031054
v 10.352626 1.172881 -9.187481
v 10.360232 1.039713 -9.117109
vn 0.7532 0.5884 -0.2942
vn -0.0723 0.9906 -0.1163
vn -0.2299 0.5376 0.8113
vn 0.2085 -0.5611 0.8011
vn 0.0813 -0.6215 -0.7792
vn 0.0343 -0.4654 -0.8844
vn -0.7469 -0.5902 0.3062
vn -0.9302 -0.2116 -0.2999
vn 0.2728 -0.0081 -0.9620
vn 0.8368 0.5130 -0.1911
vn -0.2560 0.9661 0.0346
vn 0.4290 0.2298 0.8736
vn 0.4755 -0.6033 -0.6402
vn -0.5947 -0.7561 0.2732
vt 0.551771 0.821043
vt 0.490236 0.981936
vt 0.443965 0.755163
vt 0.609545 0.740303
vt 0.579499 0.265268
vt 0.447677 0.232718
vt 0.490446 0.016300
vt 0.320967 0.499695
vt 0.242238 0.673984
vt 0.142687 0.564850
vt 0.543218 0.480597
vt 0.654480 0.663904
vt 0.651690 0.523626
vt 0.809399 0.589510
vt 0.375000 0.930496
vt 0.603518 0.001237
vt 0.583364 0.169025
vt 0.384386 0.054537
vt 0.382289 0.419599
s 0
g Cube.008_Material
usemtl Material
f 858/1737/1359 859/1738/1359 857/1739/1359
f 858/1737/1360 863/1740/1360 859/1738/1360
f 860/1741/1361 861/1742/1361 859/1743/1361
f 862/1744/1362 856/1745/1362 861/1746/1362
f 864/1747/1363 857/1739/1363 862/1744/1363
f 864/1747/1364 863/1748/1364 857/1739/1364
f 860/1741/1365 864/1747/1365 861/1742/1365
f 864/1749/1366 860/1750/1366 863/1748/1366
f 863/1748/1367 858/1737/1367 857/1739/1367
f 856/1751/1368 857/1739/1368 859/1738/1368
f 863/1752/1369 860/1753/1369 859/1743/1369
f 856/1754/1370 859/1743/1370 861/1742/1370
f 856/1745/1371 862/1744/1371 857/1739/1371
f 862/1755/1372 861/1742/1372 864/1747/1372
o Cube.009
v 10.535330 0.836363 -8.940291
v 10.645761 0.930061 -8.836906
v 10.361303 0.894315 -9.000953
v 10.420094 0.960901 -9.161577
v 10.700273 1.173558 -8.896036
v 10.587994 1.142611 -8.731983
v 10.658488 1.016946 -9.108800
v 10.387700 0.936575 -8.791540
v 10.475164 1.034828 -8.697578
v 10.300278 1.158004 -8.860560
v 10.328212 1.116340 -9.061817
v 10.264021 0.965388 -8.914710
v 10.582237 1.267770 -8.996726
v 10.590816 1.107257 -9.172726
v 10.469150 1.281251 -8.905981
v 10.374027 1.269875 -9.070296
vn 0.5056 -0.2675 0.8202
vn 0.0516 -0.7668 0.6398
vn -0.7013 -0.0554 0.7107
vn -0.9561 0.2307 -0.1805
vn 0.0432 0.9946 -0.0939
vn -0.3546 0.3475 -0.8680
vn 0.8443 0.3388 -0.4152
vn -0.3102 0.5681 0.7622
vn -0.2819 0.6472 0.7083
vn 0.3831 0.8546 0.3505
vn 0.8286 -0.0501 0.5576
vn 0.9741 -0.2244 -0.0261
vn -0.8178 -0.2623 -0.5123
vn 0.2869 -0.4009 -0.8701
vn 0.3060 -0.7527 -0.5830
vn -0.1493 -0.8929 -0.4248
vn 0.7280 -0.6622 -0.1775
vn -0.3784 -0.8969 0.2287
vn 0.1447 -0.7481 0.6476
vn -0.4325 -0.8717 0.2304
vn -0.7116 -0.0628 0.6998
vn 0.2364 0.7236 -0.6484
vn -0.3864 0.0645 -0.9201
vn 0.7573 0.5005 -0.4195
vn -0.5265 0.8130 0.2485
vn 0.3705 0.8331 0.4107
vn -0.9441 0.2714 -0.1872
vt 0.875000 0.649805
vt 0.849233 0.683396
vt 0.832712 0.540342
vt 0.580473 0.024703
vt 0.534759 0.188184
vt 0.498710 0.020990
vt 0.437420 0.135101
vt 0.411456 0.342495
vt 0.213804 0.511922
vt 0.337875 0.601179
vt 0.185175 0.619999
vt 0.611440 0.548317
vt 0.438499 0.522151
vt 0.536413 0.434917
vt 0.517900 0.691047
vt 0.378975 0.759339
vt 0.724211 0.603714
vt 0.568883 0.768659
vt 0.609419 0.213408
vt 0.625000 0.382072
vt 0.588498 0.519208
vt 0.209844 0.718096
vt 0.479559 0.953620
vt 0.390901 0.953078
vt 0.565332 0.774863
vt 0.583031 0.973602
vt 0.389658 0.010551
vt 0.376620 0.114133
vt 0.125000 0.581137
vt 0.375000 0.421875
s 0
g Cube.009_Material
usemtl Material
f 873/1756/1373 866/1757/1373 870/1758/1373
f 866/1759/1374 873/1760/1374 865/1761/1374
f 872/1762/1375 873/1760/1375 874/1763/1375
f 874/1764/1376 875/1765/1376 876/1766/1376
f 877/1767/1377 880/1768/1377 879/1769/1377
f 878/1770/1378 868/1771/1378 875/1765/1378
f 869/1772/1379 871/1773/1379 878/1770/1379
f 870/1774/1380 874/1763/1380 873/1760/1380
f 870/1774/1381 879/1769/1381 874/1763/1381
f 879/1769/1382 869/1775/1382 877/1776/1382
f 869/1772/1383 870/1758/1383 866/1757/1383
f 869/1772/1384 866/1757/1384 871/1773/1384
f 867/1777/1385 876/1766/1385 875/1765/1385 868/1771/1385
f 868/1771/1386 878/1770/1386 871/1773/1386
f 871/1773/1387 865/1778/1387 868/1771/1387
f 865/1778/1388 867/1779/1388 868/1771/1388
f 871/1780/1389 866/1781/1389 865/1778/1389
f 865/1761/1390 872/1762/1390 867/1782/1390
f 872/1762/1391 865/1761/1391 873/1760/1391
f 867/1782/1392 872/1762/1392 876/1783/1392
f 874/1764/1393 876/1766/1393 872/1784/1393
f 880/1768/1394 877/1767/1394 878/1770/1394
f 880/1768/1395 878/1770/1395 875/1765/1395
f 877/1767/1396 869/1772/1396 878/1770/1396
f 874/1763/1397 879/1769/1397 880/1768/1397
f 870/1774/1398 869/1775/1398 879/1769/1398
f 875/1785/1399 874/1763/1399 880/1768/1399
o Cube.010
v 11.007416 1.155025 -8.530441
v 10.915590 1.175419 -8.396075
v 10.791030 1.052175 -8.297738
v 10.959846 0.997047 -8.563528
v 11.172297 1.133873 -8.476038
v 10.946949 1.032937 -8.224405
v 10.724126 1.001010 -8.447441
v 10.956938 0.864122 -8.387381
v 11.136120 0.999757 -8.550449
vn 0.7437 -0.4664 0.4790
vn 0.7638 -0.4243 0.4863
vn -0.3060 -0.8506 0.4275
vn -0.5145 -0.6111 0.6015
vn -0.2138 0.7321 0.6467
vn -0.7500 0.3441 -0.5648
vn 0.3333 0.3871 -0.8597
vn 0.0699 0.1843 -0.9804
vn 0.3022 0.7599 0.5755
vn -0.3471 0.5947 -0.7252
vn -0.6803 0.7309 0.0542
vn 0.0568 -0.7974 -0.6008
vn -0.2975 -0.7597 -0.5782
vn 0.1438 0.9882 -0.0517
vt 0.856741 0.527884
vt 0.792799 0.664448
vt 0.661337 0.518959
vt 0.570885 0.667835
vt 0.614877 0.834550
vt 0.495616 0.943630
vt 0.319826 0.718976
vt 0.602263 0.105449
vt 0.455701 0.107225
vt 0.553174 0.006579
vt 0.371255 0.573451
vt 0.135465 0.689951
vt 0.165587 0.530358
vt 0.553103 0.308270
vt 0.565029 0.471740
vt 0.392929 0.256090
vt 0.405598 0.560759
vt 0.171875 0.750000
s 0
g Cube.010_Material
usemtl Material
f 885/1786/1400 886/1787/1400 889/1788/1400
f 889/1788/1401 886/1787/1401 888/1789/1401
f 886/1790/1402 883/1791/1402 887/1792/1402
f 888/1789/1403 886/1790/1403 887/1792/1403
f 886/1793/1404 882/1794/1404 883/1795/1404
f 884/1796/1405 882/1797/1405 881/1798/1405
f 885/1799/1406 889/1800/1406 881/1801/1406
f 889/1800/1407 884/1802/1407 881/1801/1407
f 882/1794/1408 886/1793/1408 885/1799/1408
f 884/1796/1409 887/1792/1409 882/1797/1409
f 882/1797/1410 887/1792/1410 883/1803/1410
f 889/1788/1411 888/1789/1411 884/1802/1411
f 888/1789/1412 887/1792/1412 884/1802/1412
f 881/1801/1413 882/1794/1413 885/1799/1413
o Cube.011
v 11.155361 1.160721 -9.611014
v 11.072506 0.934436 -9.870129
v 11.264291 1.055893 -9.866014
v 11.077760 1.162842 -9.801275
v 10.990140 1.056339 -9.684843
v 11.142670 0.959815 -9.591123
v 11.316507 1.061015 -9.669959
v 11.078454 0.859909 -9.671669
v 11.228592 0.901032 -9.760366
vn 0.3823 -0.5793 -0.7199
vn -0.1623 0.2882 -0.9437
vn 0.4686 0.8646 -0.1815
vn -0.5947 0.7637 0.2511
vn -0.6088 -0.2226 0.7615
vn -0.4655 0.1163 0.8774
vn 0.3793 0.0674 0.9228
vn 0.5936 -0.6177 0.5159
vn 0.9019 -0.3653 -0.2307
vn 0.0478 -0.9346 -0.3524
vn 0.4899 -0.7159 0.4974
vn 0.4542 0.8792 -0.1439
vn -0.8553 0.1675 -0.4904
vn -0.9013 -0.4138 -0.1284
vt 0.534218 0.539052
vt 0.807613 0.537738
vt 0.651467 0.712344
vt 0.812212 0.722590
vt 0.440472 0.699464
vt 0.505279 0.954605
vt 0.394685 0.910428
vt 0.529494 0.041599
vt 0.440272 0.169217
vt 0.407900 0.015209
vt 0.224689 0.500632
vt 0.298939 0.554231
vt 0.143822 0.628706
vt 0.350796 0.501919
vt 0.236030 0.724989
vt 0.358556 0.714558
vt 0.602122 0.296489
vt 0.527241 0.521298
vt 0.452229 0.375318
s 0
g Cube.011_Material
usemtl Material
f 898/1804/1414 891/1805/1414 892/1806/1414
f 892/1806/1415 891/1805/1415 893/1807/1415
f 896/1808/1416 893/1809/1416 890/1810/1416
f 893/1811/1417 894/1812/1417 890/1813/1417
f 897/1814/1418 895/1815/1418 894/1816/1418
f 894/1816/1419 895/1817/1419 890/1818/1419
f 895/1817/1420 896/1819/1420 890/1818/1420
f 895/1817/1421 898/1804/1421 896/1808/1421
f 898/1804/1422 892/1806/1422 896/1808/1422
f 891/1820/1423 898/1821/1423 897/1822/1423
f 897/1822/1424 898/1804/1424 895/1817/1424
f 892/1806/1425 893/1809/1425 896/1808/1425
f 893/1811/1426 891/1820/1426 894/1812/1426
f 891/1820/1427 897/1822/1427 894/1812/1427
o Cube.006
v 11.755355 0.899164 -8.916621
v 11.813587 1.053015 -8.898493
v 11.811715 1.013281 -9.079804
v 11.709770 0.989941 -8.906047
v 11.753279 1.050583 -8.997816
v 11.694220 0.972214 -9.048334
v 11.800918 0.890656 -8.985370
v 11.865503 0.984824 -8.891188
v 11.883637 1.017022 -9.022672
vn -0.8759 -0.4576 0.1527
vn -0.8027 0.5962 0.0134
vn 0.0011 -0.6102 -0.7922
vn -0.1935 -0.0423 0.9802
vn -0.0015 -0.1165 0.9932
vn 0.8338 -0.5517 -0.0201
vn 0.4940 -0.7604 0.4215
vn 0.7568 0.6031 0.2521
vn 0.2182 0.9633 -0.1561
vn 0.1852 0.9375 -0.2945
vn -0.4023 0.6906 -0.6010
vn -0.5020 -0.8339 -0.2295
vn 0.5394 -0.5431 -0.6435
vn -0.5121 0.8081 0.2912
vt 0.423616 0.817668
vt 0.438163 0.985880
vt 0.399025 0.926987
vt 0.584080 0.909473
vt 0.477709 0.045024
vt 0.607265 0.122218
vt 0.441545 0.286085
vt 0.565477 0.549583
vt 0.592013 0.712367
vt 0.289400 0.584684
vt 0.400831 0.754486
vt 0.615924 0.357557
vt 0.551199 0.540629
vt 0.429879 0.509305
vt 0.769145 0.562221
vt 0.604783 0.677624
vt 0.780055 0.741830
vt 0.860509 0.631959
vt 0.567506 0.015179
vt 0.377433 0.096481
s 0
g Cube.006_Material
usemtl Material
f 902/1823/1428 904/1824/1428 899/1825/1428
f 903/1826/1429 904/1824/1429 902/1823/1429
f 904/1827/1430 901/1828/1430 905/1829/1430
f 906/1830/1431 900/1831/1431 899/1832/1431
f 900/1831/1432 902/1833/1432 899/1832/1432
f 905/1829/1433 907/1834/1433 906/1835/1433
f 906/1835/1434 899/1836/1434 905/1829/1434
f 906/1830/1435 907/1837/1435 900/1838/1435
f 900/1838/1436 907/1837/1436 903/1839/1436
f 907/1837/1437 901/1840/1437 903/1839/1437
f 903/1841/1438 901/1828/1438 904/1827/1438
f 899/1842/1439 904/1827/1439 905/1829/1439
f 905/1829/1440 901/1828/1440 907/1834/1440
f 900/1831/1441 903/1826/1441 902/1823/1441
o Cube.007
v 10.805661 0.868817 -8.700878
v 10.705652 0.996663 -8.830288
v 10.669342 0.819635 -8.656465
v 10.588661 0.940770 -8.587555
v 10.765931 0.955836 -8.556131
v 10.842786 1.018198 -8.705795
v 10.591640 1.022150 -8.728623
v 10.655598 0.884430 -8.795917
v 10.746653 1.099403 -8.704358
vn 0.4895 0.5908 -0.6414
vn 0.4479 -0.4384 -0.7792
vn -0.3062 0.7840 -0.5400
vn 0.1796 -0.8853 -0.4290
vn 0.4361 -0.7134 0.5486
vn -0.8594 -0.4908 -0.1434
vn -0.4550 0.7755 0.4377
vn 0.6760 -0.1914 -0.7116
vn 0.9024 -0.2119 0.3751
vn 0.5456 0.6363 0.5453
vn -0.1018 -0.5422 0.8340
vn -0.9220 -0.3266 -0.2079
vn -0.6564 0.0625 -0.7518
vn -0.1824 0.6943 0.6962
vt 0.862532 0.586626
vt 0.666025 0.612825
vt 0.793538 0.524739
vt 0.799625 0.742317
vt 0.596159 0.725728
vt 0.676667 0.500000
vt 0.533198 0.702151
vt 0.502729 0.907748
vt 0.315429 0.689365
vt 0.215046 0.717794
vt 0.139986 0.551629
vt 0.365533 0.517965
vt 0.592775 0.342442
vt 0.523296 0.508923
vt 0.395346 0.376049
vt 0.510142 0.020803
vt 0.592582 0.143625
vt 0.414253 0.208459
s 0
g Cube.007_Material
usemtl Material
f 913/1843/1442 909/1844/1442 916/1845/1442
f 909/1844/1443 908/1846/1443 915/1847/1443
f 916/1845/1444 909/1844/1444 914/1848/1444
f 915/1849/1445 908/1850/1445 910/1851/1445
f 910/1851/1446 908/1852/1446 912/1853/1446
f 911/1854/1447 915/1849/1447 910/1851/1447
f 916/1855/1448 914/1856/1448 911/1857/1448
f 913/1843/1449 908/1846/1449 909/1844/1449
f 908/1858/1450 913/1859/1450 912/1860/1450
f 912/1860/1451 913/1859/1451 916/1855/1451
f 912/1853/1452 911/1854/1452 910/1851/1452
f 911/1854/1453 914/1856/1453 915/1849/1453
f 914/1856/1454 909/1844/1454 915/1849/1454
f 912/1860/1455 916/1855/1455 911/1857/1455
o Cube.008
v 10.469213 0.901537 -9.297392
v 10.499224 0.903009 -9.158113
v 10.569786 0.963611 -9.074937
v 10.572742 1.046533 -9.194629
v 10.734471 0.974220 -9.153596
v 10.658989 0.948432 -9.296571
v 10.552845 0.832515 -9.285998
v 10.650620 0.931176 -9.033148
v 10.662822 0.851498 -9.145738
vn -0.8064 0.4953 0.3232
vn 0.0349 0.8211 0.5697
vn 0.4564 0.8019 -0.3856
vn 0.0344 -0.1220 -0.9919
vn -0.3049 -0.8823 0.3585
vn -0.2907 -0.7956 0.5315
vn 0.8039 -0.4909 -0.3359
vn 0.8023 -0.4428 0.4003
vn -0.5416 -0.3909 0.7442
vn -0.8563 0.4843 0.1794
vn 0.2547 0.8408 0.4778
vn -0.1556 0.6427 -0.7501
vn -0.6415 -0.7531 0.1462
vn 0.6487 -0.6326 -0.4230
vt 0.551771 0.821043
vt 0.490236 0.981936
vt 0.443965 0.755163
vt 0.609545 0.740303
vt 0.579499 0.265268
vt 0.447677 0.232718
vt 0.490446 0.016300
vt 0.320967 0.499695
vt 0.242238 0.673984
vt 0.142687 0.564850
vt 0.543218 0.480597
vt 0.654480 0.663904
vt 0.651690 0.523626
vt 0.809399 0.589510
vt 0.375000 0.930496
vt 0.603518 0.001237
vt 0.583364 0.169025
vt 0.384386 0.054537
vt 0.382289 0.419599
s 0
g Cube.008_Material
usemtl Material
f 919/1861/1456 920/1862/1456 918/1863/1456
f 919/1861/1457 924/1864/1457 920/1862/1457
f 921/1865/1458 922/1866/1458 920/1867/1458
f 923/1868/1459 917/1869/1459 922/1870/1459
f 925/1871/1460 918/1863/1460 923/1868/1460
f 925/1871/1461 924/1872/1461 918/1863/1461
f 921/1865/1462 925/1871/1462 922/1866/1462
f 925/1873/1463 921/1874/1463 924/1872/1463
f 924/1872/1464 919/1861/1464 918/1863/1464
f 917/1875/1465 918/1863/1465 920/1862/1465
f 924/1876/1466 921/1877/1466 920/1867/1466
f 917/1878/1467 920/1867/1467 922/1866/1467
f 917/1869/1468 923/1868/1468 918/1863/1468
f 923/1879/1469 922/1866/1469 925/1871/1469
o Cube.009
v 10.512523 0.728788 -8.989450
v 10.591238 0.774619 -9.113458
v 10.546334 0.771070 -8.831412
v 10.445596 0.893628 -8.826698
v 10.636967 0.989715 -9.141939
v 10.770951 0.884842 -9.105669
v 10.435454 0.949882 -9.035643
v 10.701751 0.723731 -8.922246
v 10.782639 0.773371 -9.024875
v 10.773238 0.905315 -8.833622
v 10.607677 0.957827 -8.788912
v 10.664981 0.776210 -8.783338
v 10.641766 1.083428 -9.016125
v 10.449241 1.033445 -8.962122
v 10.743875 1.041028 -8.955862
v 10.653123 1.083703 -8.825505
vn 0.3549 -0.5240 -0.7743
vn 0.1213 -0.9536 -0.2755
vn 0.7832 -0.4932 0.3787
vn 0.2947 0.1221 0.9478
vn 0.3959 0.9180 -0.0249
vn -0.4058 0.6413 0.6512
vn -0.4563 0.6290 -0.6294
vn 0.9955 0.0932 -0.0154
vn 0.9812 0.1919 -0.0227
vn 0.5680 0.6495 -0.5055
vn 0.1400 -0.1592 -0.9773
vn -0.4636 -0.0187 -0.8859
vn -0.2599 -0.1323 0.9565
vn -0.9924 0.0981 0.0746
vn -0.9403 -0.3372 -0.0451
vn -0.7263 -0.6092 0.3184
vn -0.7149 -0.3728 -0.5916
vn -0.1253 -0.9514 0.2814
vn 0.1048 -0.9251 -0.3648
vn -0.0931 -0.9393 0.3302
vn 0.7743 -0.4964 0.3925
vn -0.2478 0.9687 0.0134
vn -0.5750 0.4129 0.7063
vn -0.3511 0.7573 -0.5507
vn 0.7767 0.5059 0.3751
vn 0.6102 0.6010 -0.5163
vn 0.3050 0.1627 0.9384
vt 0.875000 0.649805
vt 0.849233 0.683396
vt 0.832712 0.540342
vt 0.580473 0.024703
vt 0.534759 0.188184
vt 0.498710 0.020990
vt 0.437420 0.135101
vt 0.411456 0.342495
vt 0.213804 0.511922
vt 0.337875 0.601179
vt 0.185175 0.619999
vt 0.611440 0.548317
vt 0.438499 0.522151
vt 0.536413 0.434917
vt 0.517900 0.691047
vt 0.378975 0.759339
vt 0.724211 0.603714
vt 0.568883 0.768659
vt 0.609419 0.213408
vt 0.625000 0.382072
vt 0.588498 0.519208
vt 0.209844 0.718096
vt 0.479559 0.953620
vt 0.390901 0.953078
vt 0.565332 0.774863
vt 0.583031 0.973602
vt 0.389658 0.010551
vt 0.376620 0.114133
vt 0.125000 0.581137
vt 0.375000 0.421875
s 0
g Cube.009_Material
usemtl Material
f 934/1880/1470 927/1881/1470 931/1882/1470
f 927/1883/1471 934/1884/1471 926/1885/1471
f 933/1886/1472 934/1884/1472 935/1887/1472
f 935/1888/1473 936/1889/1473 937/1890/1473
f 938/1891/1474 941/1892/1474 940/1893/1474
f 939/1894/1475 929/1895/1475 936/1889/1475
f 930/1896/1476 932/1897/1476 939/1894/1476
f 931/1898/1477 935/1887/1477 934/1884/1477
f 931/1898/1478 940/1893/1478 935/1887/1478
f 940/1893/1479 930/1899/1479 938/1900/1479
f 930/1896/1480 931/1882/1480 927/1881/1480
f 930/1896/1481 927/1881/1481 932/1897/1481
f 928/1901/1482 937/1890/1482 936/1889/1482 929/1895/1482
f 929/1895/1483 939/1894/1483 932/1897/1483
f 932/1897/1484 926/1902/1484 929/1895/1484
f 926/1902/1485 928/1903/1485 929/1895/1485
f 932/1904/1486 927/1905/1486 926/1902/1486
f 926/1885/1487 933/1886/1487 928/1906/1487
f 933/1886/1488 926/1885/1488 934/1884/1488
f 928/1906/1489 933/1886/1489 937/1907/1489
f 935/1888/1490 937/1890/1490 933/1908/1490
f 941/1892/1491 938/1891/1491 939/1894/1491
f 941/1892/1492 939/1894/1492 936/1889/1492
f 938/1891/1493 930/1896/1493 939/1894/1493
f 935/1887/1494 940/1893/1494 941/1892/1494
f 931/1898/1495 930/1899/1495 940/1893/1495
f 936/1909/1496 935/1887/1496 941/1892/1496
o Cube.010
v 10.827462 1.001046 -9.491627
v 10.816780 0.867385 -9.410805
v 10.832955 0.683563 -9.463100
v 10.852013 0.934451 -9.635714
v 10.976965 1.066597 -9.456600
v 10.984154 0.732502 -9.416930
v 10.740544 0.713421 -9.595206
v 10.993271 0.778171 -9.636223
v 10.979190 1.040961 -9.604802
vn 0.9997 0.0228 0.0111
vn 0.9976 0.0473 0.0513
vn 0.3972 -0.7955 -0.4576
vn 0.2145 -0.9579 -0.1906
vn -0.1947 -0.2842 0.9388
vn -0.9870 -0.0178 -0.1599
vn -0.3636 0.9170 -0.1641
vn -0.5158 0.7408 -0.4303
vn 0.1325 0.1197 0.9839
vn -0.8933 0.4494 -0.0059
vn -0.8219 -0.2216 0.5248
vn 0.1345 0.1247 -0.9830
vn -0.1304 -0.1147 -0.9848
vn -0.3987 0.4977 0.7703
vt 0.856741 0.527884
vt 0.792799 0.664448
vt 0.661337 0.518959
vt 0.570885 0.667835
vt 0.614877 0.834550
vt 0.495616 0.943630
vt 0.319826 0.718976
vt 0.602263 0.105449
vt 0.455701 0.107225
vt 0.553174 0.006579
vt 0.371255 0.573451
vt 0.135465 0.689951
vt 0.165587 0.530358
vt 0.553103 0.308270
vt 0.565029 0.471740
vt 0.392929 0.256090
vt 0.405598 0.560759
vt 0.171875 0.750000
s 0
g Cube.010_Material
usemtl Material
f 946/1910/1497 947/1911/1497 950/1912/1497
f 950/1912/1498 947/1911/1498 949/1913/1498
f 947/1914/1499 944/1915/1499 948/1916/1499
f 949/1913/1500 947/1914/1500 948/1916/1500
f 947/1917/1501 943/1918/1501 944/1919/1501
f 945/1920/1502 943/1921/1502 942/1922/1502
f 946/1923/1503 950/1924/1503 942/1925/1503
f 950/1924/1504 945/1926/1504 942/1925/1504
f 943/1918/1505 947/1917/1505 946/1923/1505
f 945/1920/1506 948/1916/1506 943/1921/1506
f 943/1921/1507 948/1916/1507 944/1927/1507
f 950/1912/1508 949/1913/1508 945/1926/1508
f 949/1913/1509 948/1916/1509 945/1926/1509
f 942/1925/1510 943/1918/1510 946/1923/1510
o Cube.011
v 10.725608 0.840853 -8.814419
v 10.502443 0.886029 -9.200171
v 10.721598 1.055012 -9.122551
v 10.536768 0.987024 -8.917568
v 10.500113 0.761729 -8.927692
v 10.728107 0.672541 -9.007391
v 10.883955 0.897197 -9.001137
v 10.615394 0.648189 -9.147755
v 10.740791 0.828508 -9.204322
vn 0.0667 0.3438 -0.9367
vn -0.5446 0.8086 -0.2228
vn 0.3289 0.7900 0.5174
vn -0.4583 0.0347 0.8881
vn -0.2345 -0.9085 0.3459
vn -0.0652 -0.7524 0.6554
vn 0.7241 -0.5151 0.4586
vn 0.7696 -0.5237 -0.3652
vn 0.7359 0.2842 -0.6146
vn -0.0770 -0.2493 -0.9654
vn 0.6703 -0.6022 -0.4338
vn 0.3309 0.7652 0.5522
vn -0.9855 0.1575 0.0634
vn -0.8627 -0.4573 -0.2160
vt 0.534218 0.539052
vt 0.807613 0.537738
vt 0.651467 0.712344
vt 0.812212 0.722590
vt 0.440472 0.699464
vt 0.505279 0.954605
vt 0.394685 0.910428
vt 0.529494 0.041599
vt 0.440272 0.169217
vt 0.407900 0.015209
vt 0.224689 0.500632
vt 0.298939 0.554231
vt 0.143822 0.628706
vt 0.350796 0.501919
vt 0.236030 0.724989
vt 0.358556 0.714558
vt 0.602122 0.296489
vt 0.527241 0.521298
vt 0.452229 0.375318
s 0
g Cube.011_Material
usemtl Material
f 959/1928/1511 952/1929/1511 953/1930/1511
f 953/1930/1512 952/1929/1512 954/1931/1512
f 957/1932/1513 954/1933/1513 951/1934/1513
f 954/1935/1514 955/1936/1514 951/1937/1514
f 958/1938/1515 956/1939/1515 955/1940/1515
f 955/1940/1516 956/1941/1516 951/1942/1516
f 956/1941/1517 957/1943/1517 951/1942/1517
f 956/1941/1518 959/1928/1518 957/1932/1518
f 959/1928/1519 953/1930/1519 957/1932/1519
f 952/1944/1520 959/1945/1520 958/1946/1520
f 958/1946/1521 959/1928/1521 956/1941/1521
f 953/1930/1522 954/1933/1522 957/1932/1522
f 954/1935/1523 952/1944/1523 955/1936/1523
f 952/1944/1524 958/1946/1524 955/1936/1524
o Cube.006
v 11.277077 0.667664 -9.543777
v 11.335773 0.850535 -9.656927
v 11.277382 0.919230 -9.423730
v 11.398799 0.724950 -9.572488
v 11.383360 0.870307 -9.509109
v 11.378742 0.783662 -9.388398
v 11.209597 0.729742 -9.480024
v 11.227571 0.809421 -9.661890
v 11.211254 0.933853 -9.527388
vn 0.4639 -0.8281 0.3147
vn 0.9939 0.0678 0.0867
vn -0.4480 -0.1035 0.8880
vn 0.2512 -0.5663 -0.7850
vn 0.0548 -0.5380 -0.8411
vn -0.9943 -0.0164 -0.1055
vn -0.7858 -0.5341 -0.3117
vn -0.2347 0.6992 -0.6753
vn 0.3585 0.9031 -0.2362
vn 0.3536 0.9306 -0.0943
vn 0.6497 0.6055 0.4595
vn -0.1014 -0.7643 0.6369
vn -0.8269 0.1335 0.5463
vn 0.9144 0.2394 -0.3264
vt 0.423616 0.817668
vt 0.438163 0.985880
vt 0.399025 0.926987
vt 0.584080 0.909473
vt 0.477709 0.045024
vt 0.607265 0.122218
vt 0.441545 0.286085
vt 0.565477 0.549583
vt 0.592013 0.712367
vt 0.289400 0.584684
vt 0.400831 0.754486
vt 0.615924 0.357557
vt 0.551199 0.540629
vt 0.429879 0.509305
vt 0.769145 0.562221
vt 0.604783 0.677624
vt 0.780055 0.741830
vt 0.860509 0.631959
vt 0.567506 0.015179
vt 0.377433 0.096481
s 0
g Cube.006_Material
usemtl Material
f 963/1947/1525 965/1948/1525 960/1949/1525
f 964/1950/1526 965/1948/1526 963/1947/1526
f 965/1951/1527 962/1952/1527 966/1953/1527
f 967/1954/1528 961/1955/1528 960/1956/1528
f 961/1955/1529 963/1957/1529 960/1956/1529
f 966/1953/1530 968/1958/1530 967/1959/1530
f 967/1959/1531 960/1960/1531 966/1953/1531
f 967/1954/1532 968/1961/1532 961/1962/1532
f 961/1962/1533 968/1961/1533 964/1963/1533
f 968/1961/1534 962/1964/1534 964/1963/1534
f 964/1965/1535 962/1952/1535 965/1951/1535
f 960/1966/1536 965/1951/1536 966/1953/1536
f 966/1953/1537 962/1952/1537 968/1958/1537
f 961/1955/1538 964/1950/1538 963/1947/1538
o Cube.007
v 11.726201 0.717843 -9.120372
v 11.635446 0.850592 -9.245384
v 11.600831 0.638067 -9.126375
v 11.482294 0.721895 -9.064032
v 11.635242 0.759123 -8.982522
v 11.727683 0.865452 -9.088084
v 11.500080 0.831410 -9.179065
v 11.606550 0.728788 -9.247547
v 11.620002 0.924810 -9.099436
vn 0.4795 0.8017 -0.3569
vn 0.7125 -0.1569 -0.6839
vn -0.3394 0.8234 -0.4547
vn 0.4786 -0.7136 -0.5117
vn 0.4433 -0.7353 0.5127
vn -0.6609 -0.5854 -0.4695
vn -0.7146 0.5585 0.4212
vn 0.8538 0.1031 -0.5104
vn 0.8083 -0.1335 0.5734
vn 0.2342 0.5748 0.7841
vn -0.1723 -0.7330 0.6581
vn -0.7424 -0.4242 -0.5186
vn -0.4506 0.1226 -0.8843
vn -0.5017 0.4675 0.7279
vt 0.862532 0.586626
vt 0.666025 0.612825
vt 0.793538 0.524739
vt 0.799625 0.742317
vt 0.596159 0.725728
vt 0.676667 0.500000
vt 0.533198 0.702151
vt 0.502729 0.907748
vt 0.315429 0.689365
vt 0.215046 0.717794
vt 0.139986 0.551629
vt 0.365533 0.517965
vt 0.592775 0.342442
vt 0.523296 0.508923
vt 0.395346 0.376049
vt 0.510142 0.020803
vt 0.592582 0.143625
vt 0.414253 0.208459
s 0
g Cube.007_Material
usemtl Material
f 974/1967/1539 970/1968/1539 977/1969/1539
f 970/1968/1540 969/1970/1540 976/1971/1540
f 977/1969/1541 970/1968/1541 975/1972/1541
f 976/1973/1542 969/1974/1542 971/1975/1542
f 971/1975/1543 969/1976/1543 973/1977/1543
f 972/1978/1544 976/1973/1544 971/1975/1544
f 977/1979/1545 975/1980/1545 972/1981/1545
f 974/1967/1546 969/1970/1546 970/1968/1546
f 969/1982/1547 974/1983/1547 973/1984/1547
f 973/1984/1548 974/1983/1548 977/1979/1548
f 973/1977/1549 972/1978/1549 971/1975/1549
f 972/1978/1550 975/1980/1550 976/1973/1550
f 975/1980/1551 970/1968/1551 976/1973/1551
f 973/1984/1552 977/1979/1552 972/1981/1552
o Cube.008
v 11.752950 0.612030 -9.123503
v 11.713609 0.786556 -9.069629
v 11.635936 0.868340 -8.951088
v 11.652050 0.689619 -8.885720
v 11.426327 0.754541 -8.926933
v 11.518783 0.585989 -9.022506
v 11.628998 0.643231 -9.187572
v 11.523829 0.926633 -8.960116
v 11.490463 0.808310 -9.093747
vn 0.8792 0.2316 0.4163
vn 0.1071 0.3500 0.9306
vn -0.3063 -0.5911 0.7462
vn -0.0503 -0.9327 -0.3570
vn 0.1432 0.5771 -0.8040
vn 0.1435 0.7229 -0.6759
vn -0.8759 -0.2448 -0.4157
vn -0.8697 0.4567 -0.1872
vn 0.4606 0.8425 -0.2795
vn 0.9272 0.0974 0.3617
vn -0.1053 0.2455 0.9637
vn 0.2700 -0.8757 0.4003
vn 0.4983 0.3563 -0.7904
vn -0.7477 -0.2871 -0.5988
vt 0.551771 0.821043
vt 0.490236 0.981936
vt 0.443965 0.755163
vt 0.609545 0.740303
vt 0.579499 0.265268
vt 0.447677 0.232718
vt 0.490446 0.016300
vt 0.320967 0.499695
vt 0.242238 0.673984
vt 0.142687 0.564850
vt 0.543218 0.480597
vt 0.654480 0.663904
vt 0.651690 0.523626
vt 0.809399 0.589510
vt 0.375000 0.930496
vt 0.603518 0.001237
vt 0.583364 0.169025
vt 0.384386 0.054537
vt 0.382289 0.419599
s 0
g Cube.008_Material
usemtl Material
f 980/1985/1553 981/1986/1553 979/1987/1553
f 980/1985/1554 985/1988/1554 981/1986/1554
f 982/1989/1555 983/1990/1555 981/1991/1555
f 984/1992/1556 978/1993/1556 983/1994/1556
f 986/1995/1557 979/1987/1557 984/1992/1557
f 986/1995/1558 985/1996/1558 979/1987/1558
f 982/1989/1559 986/1995/1559 983/1990/1559
f 986/1997/1560 982/1998/1560 985/1996/1560
f 985/1996/1561 980/1985/1561 979/1987/1561
f 978/1999/1562 979/1987/1562 981/1986/1562
f 985/2000/1563 982/2001/1563 981/1991/1563
f 978/2002/1564 981/1991/1564 983/1990/1564
f 978/1993/1565 984/1992/1565 979/1987/1565
f 984/2003/1566 983/1990/1566 986/1995/1566
o Cube.009
v 10.741895 0.627906 -8.696610
v 10.896544 0.592759 -8.702393
v 10.664234 0.754525 -8.783925
v 10.618257 0.660637 -8.909897
v 11.000322 0.568459 -8.904741
v 11.045188 0.712216 -8.807183
v 10.772174 0.498793 -8.903981
v 10.827922 0.816203 -8.704813
v 10.969901 0.796739 -8.720605
v 10.859262 0.897928 -8.907808
v 10.722199 0.795936 -8.978740
v 10.715947 0.875188 -8.799030
v 10.937002 0.641965 -9.034331
v 10.749831 0.544746 -9.007759
v 10.957031 0.767272 -9.006686
v 10.810332 0.781893 -9.090601
vn 0.6554 -0.1700 0.7359
vn 0.0531 0.0698 0.9961
vn 0.1675 0.9053 0.3903
vn -0.4184 0.8256 -0.3786
vn 0.5017 0.1091 -0.8581
vn -0.5791 0.0304 -0.8147
vn 0.2613 -0.8605 -0.4373
vn 0.7194 0.6927 -0.0507
vn 0.7372 0.6603 -0.1435
vn 0.8883 -0.0411 -0.4574
vn 0.7302 -0.5248 0.4375
vn 0.2831 -0.9243 0.2562
vn -0.8658 0.4752 -0.1566
vn -0.7138 -0.6843 -0.1493
vn -0.6959 -0.6508 0.3036
vn -0.8600 -0.2054 0.4670
vn -0.1738 -0.8472 0.5021
vn -0.4985 0.2637 0.8258
vn 0.1096 -0.0068 0.9939
vn -0.5070 0.3176 0.8013
vn 0.1512 0.9087 0.3892
vn 0.0428 -0.3392 -0.9397
vn -0.7863 -0.0151 -0.6176
vn 0.3095 -0.7542 -0.5791
vn 0.3955 0.7238 -0.5654
vn 0.9137 -0.0094 -0.4063
vn -0.3954 0.8197 -0.4145
vt 0.875000 0.649805
vt 0.849233 0.683396
vt 0.832712 0.540342
vt 0.580473 0.024703
vt 0.534759 0.188184
vt 0.498710 0.020990
vt 0.437420 0.135101
vt 0.411456 0.342495
vt 0.213804 0.511922
vt 0.337875 0.601179
vt 0.185175 0.619999
vt 0.611440 0.548317
vt 0.438499 0.522151
vt 0.536413 0.434917
vt 0.517900 0.691047
vt 0.378975 0.759339
vt 0.724211 0.603714
vt 0.568883 0.768659
vt 0.609419 0.213408
vt 0.625000 0.382072
vt 0.588498 0.519208
vt 0.209844 0.718096
vt 0.479559 0.953620
vt 0.390901 0.953078
vt 0.565332 0.774863
vt 0.583031 0.973602
vt 0.389658 0.010551
vt 0.376620 0.114133
vt 0.125000 0.581137
vt 0.375000 0.421875
s 0
g Cube.009_Material
usemtl Material
f 995/2004/1567 988/2005/1567 992/2006/1567
f 988/2007/1568 995/2008/1568 987/2009/1568
f 994/2010/1569 995/2008/1569 996/2011/1569
f 996/2012/1570 997/2013/1570 998/2014/1570
f 999/2015/1571 1002/2016/1571 1001/2017/1571
f 1000/2018/1572 990/2019/1572 997/2013/1572
f 991/2020/1573 993/2021/1573 1000/2018/1573
f 992/2022/1574 996/2011/1574 995/2008/1574
f 992/2022/1575 1001/2017/1575 996/2011/1575
f 1001/2017/1576 991/2023/1576 999/2024/1576
f 991/2020/1577 992/2006/1577 988/2005/1577
f 991/2020/1578 988/2005/1578 993/2021/1578
f 989/2025/1579 998/2014/1579 997/2013/1579 990/2019/1579
f 990/2019/1580 1000/2018/1580 993/2021/1580
f 993/2021/1581 987/2026/1581 990/2019/1581
f 987/2026/1582 989/2027/1582 990/2019/1582
f 993/2028/1583 988/2029/1583 987/2026/1583
f 987/2009/1584 994/2010/1584 989/2030/1584
f 994/2010/1585 987/2009/1585 995/2008/1585
f 989/2030/1586 994/2010/1586 998/2031/1586
f 996/2012/1587 998/2014/1587 994/2032/1587
f 1002/2016/1588 999/2015/1588 1000/2018/1588
f 1002/2016/1589 1000/2018/1589 997/2013/1589
f 999/2015/1590 991/2020/1590 1000/2018/1590
f 996/2011/1591 1001/2017/1591 1002/2016/1591
f 992/2022/1592 991/2023/1592 1001/2017/1592
f 997/2033/1593 996/2011/1593 1002/2016/1593
o Cube.010
v 10.915621 0.776489 -9.378531
v 10.872421 0.770642 -9.252934
v 10.770621 0.668758 -9.176888
v 10.843424 0.670752 -9.425547
v 11.047870 0.725398 -9.378642
v 10.899657 0.615595 -9.160384
v 10.683330 0.675712 -9.285132
v 10.846913 0.526332 -9.320043
v 10.981703 0.646576 -9.454302
vn 0.6999 -0.7039 0.1212
vn 0.7304 -0.6699 0.1333
vn -0.3961 -0.8798 0.2629
vn -0.5004 -0.6747 0.5425
vn 0.1076 0.5234 0.8453
vn -0.7529 0.6165 -0.2303
vn 0.2206 0.5727 -0.7895
vn -0.1025 0.4617 -0.8811
vn 0.5880 0.4882 0.6449
vn -0.3472 0.8358 -0.4254
vn -0.4630 0.7787 0.4234
vn -0.2617 -0.5735 -0.7763
vn -0.5840 -0.4880 -0.6487
vn 0.3555 0.9200 0.1651
vt 0.856741 0.527884
vt 0.792799 0.664448
vt 0.661337 0.518959
vt 0.570885 0.667835
vt 0.614877 0.834550
vt 0.495616 0.943630
vt 0.319826 0.718976
vt 0.602263 0.105449
vt 0.455701 0.107225
vt 0.553174 0.006579
vt 0.371255 0.573451
vt 0.135465 0.689951
vt 0.165587 0.530358
vt 0.553103 0.308270
vt 0.565029 0.471740
vt 0.392929 0.256090
vt 0.405598 0.560759
vt 0.171875 0.750000
s 0
g Cube.010_Material
usemtl Material
f 1007/2034/1594 1008/2035/1594 1011/2036/1594
f 1011/2036/1595 1008/2035/1595 1010/2037/1595
f 1008/2038/1596 1005/2039/1596 1009/2040/1596
f 1010/2037/1597 1008/2038/1597 1009/2040/1597
f 1008/2041/1598 1004/2042/1598 1005/2043/1598
f 1006/2044/1599 1004/2045/1599 1003/2046/1599
f 1007/2047/1600 1011/2048/1600 1003/2049/1600
f 1011/2048/1601 1006/2050/1601 1003/2049/1601
f 1004/2042/1602 1008/2041/1602 1007/2047/1602
f 1006/2044/1603 1009/2040/1603 1004/2045/1603
f 1004/2045/1604 1009/2040/1604 1005/2051/1604
f 1011/2036/1605 1010/2037/1605 1006/2050/1605
f 1010/2037/1606 1009/2040/1606 1006/2050/1606
f 1003/2049/1607 1004/2042/1607 1007/2047/1607
o Cube.011
v 11.282669 0.681356 -9.591686
v 11.352772 0.494844 -9.209326
v 11.553227 0.605215 -9.364803
v 11.361390 0.462832 -9.498180
v 11.164794 0.529089 -9.425194
v 11.205128 0.768288 -9.374467
v 11.448907 0.804863 -9.466849
v 11.184767 0.690949 -9.218973
v 11.399712 0.724484 -9.237220
vn 0.6237 -0.0326 0.7810
vn 0.5427 -0.8329 0.1085
vn 0.6417 -0.0945 -0.7611
vn -0.4431 -0.4828 -0.7553
vn -0.9837 0.1748 -0.0419
vn -0.8817 0.2354 -0.4089
vn -0.2952 0.8460 -0.4440
vn -0.0179 0.9449 0.3269
vn 0.7399 0.5696 0.3579
vn 0.0676 0.1067 0.9920
vn -0.1031 0.8959 0.4321
vn 0.6101 -0.0839 -0.7879
vn -0.2853 -0.9535 0.0972
vn -0.6709 -0.5503 0.4969
vt 0.534218 0.539052
vt 0.807613 0.537738
vt 0.651467 0.712344
vt 0.812212 0.722590
vt 0.440472 0.699464
vt 0.505279 0.954605
vt 0.394685 0.910428
vt 0.529494 0.041599
vt 0.440272 0.169217
vt 0.407900 0.015209
vt 0.224689 0.500632
vt 0.298939 0.554231
vt 0.143822 0.628706
vt 0.350796 0.501919
vt 0.236030 0.724989
vt 0.358556 0.714558
vt 0.602122 0.296489
vt 0.527241 0.521298
vt 0.452229 0.375318
s 0
g Cube.011_Material
usemtl Material
f 1020/2052/1608 1013/2053/1608 1014/2054/1608
f 1014/2054/1609 1013/2053/1609 1015/2055/1609
f 1018/2056/1610 1015/2057/1610 1012/2058/1610
f 1015/2059/1611 1016/2060/1611 1012/2061/1611
f 1019/2062/1612 1017/2063/1612 1016/2064/1612
f 1016/2064/1613 1017/2065/1613 1012/2066/1613
f 1017/2065/1614 1018/2067/1614 1012/2066/1614
f 1017/2065/1615 1020/2052/1615 1018/2056/1615
f 1020/2052/1616 1014/2054/1616 1018/2056/1616
f 1013/2068/1617 1020/2069/1617 1019/2070/1617
f 1019/2070/1618 1020/2052/1618 1017/2065/1618
f 1014/2054/1619 1015/2057/1619 1018/2056/1619
f 1015/2059/1620 1013/2068/1620 1016/2060/1620
f 1013/2068/1621 1019/2070/1621 1016/2060/1621
o Cube.006
v 11.339201 0.473440 -9.263398
v 11.473933 0.647566 -9.213858
v 11.369023 0.691533 -9.439971
v 11.320899 0.588907 -9.187729
v 11.350858 0.705258 -9.295344
v 11.226136 0.642494 -9.351516
v 11.358325 0.490994 -9.373436
v 11.516732 0.550170 -9.263245
v 11.486172 0.655382 -9.413841
vn -0.8500 -0.3763 0.3687
vn -0.5595 0.6358 0.5317
vn -0.4417 -0.2612 -0.8583
vn 0.1664 -0.3868 0.9070
vn 0.3238 -0.4822 0.8141
vn 0.5965 -0.5960 -0.5375
vn 0.3956 -0.9152 -0.0772
vn 0.9260 0.3708 0.0712
vn 0.3909 0.9185 0.0598
vn 0.3050 0.9509 -0.0519
vn -0.3958 0.9082 -0.1359
vn -0.7496 -0.6209 -0.2293
vn 0.1117 -0.3183 -0.9414
vn -0.1443 0.6917 0.7076
vt 0.423616 0.817668
vt 0.438163 0.985880
vt 0.399025 0.926987
vt 0.584080 0.909473
vt 0.477709 0.045024
vt 0.607265 0.122218
vt 0.441545 0.286085
vt 0.565477 0.549583
vt 0.592013 0.712367
vt 0.289400 0.584684
vt 0.400831 0.754486
vt 0.615924 0.357557
vt 0.551199 0.540629
vt 0.429879 0.509305
vt 0.769145 0.562221
vt 0.604783 0.677624
vt 0.780055 0.741830
vt 0.860509 0.631959
vt 0.567506 0.015179
vt 0.377433 0.096481
s 0
g Cube.006_Material
usemtl Material
f 1024/2071/1622 1026/2072/1622 1021/2073/1622
f 1025/2074/1623 1026/2072/1623 1024/2071/1623
f 1026/2075/1624 1023/2076/1624 1027/2077/1624
f 1028/2078/1625 1022/2079/1625 1021/2080/1625
f 1022/2079/1626 1024/2081/1626 1021/2080/1626
f 1027/2077/1627 1029/2082/1627 1028/2083/1627
f 1028/2083/1628 1021/2084/1628 1027/2077/1628
f 1028/2078/1629 1029/2085/1629 1022/2086/1629
f 1022/2086/1630 1029/2085/1630 1025/2087/1630
f 1029/2085/1631 1023/2088/1631 1025/2087/1631
f 1025/2089/1632 1023/2076/1632 1026/2075/1632
f 1021/2090/1633 1026/2075/1633 1027/2077/1633
f 1027/2077/1634 1023/2076/1634 1029/2082/1634
f 1022/2079/1635 1025/2074/1635 1024/2071/1635
o Cube.007
v 11.089333 0.682365 -9.287009
v 11.200149 0.534609 -9.419257
v 11.031662 0.551278 -9.203341
v 10.931562 0.453157 -9.310129
v 10.916770 0.644728 -9.356658
v 11.079232 0.695082 -9.454746
v 11.073412 0.422250 -9.413538
v 11.171975 0.505615 -9.285603
v 11.055437 0.578016 -9.523258
vn 0.6144 0.3017 -0.7290
vn 0.8708 0.4093 0.2724
vn 0.4042 -0.4951 -0.7691
vn 0.5503 0.2636 0.7923
vn -0.4071 0.6119 0.6781
vn 0.1074 -0.7802 0.6162
vn -0.5756 -0.5143 -0.6358
vn 0.7989 0.6014 -0.0025
vn -0.2460 0.9653 0.0880
vn -0.5558 0.5011 -0.6633
vn -0.7682 0.0945 0.6332
vn 0.1443 -0.8762 0.4598
vn 0.6626 -0.7486 -0.0227
vn -0.7910 -0.2014 -0.5777
vt 0.862532 0.586626
vt 0.666025 0.612825
vt 0.793538 0.524739
vt 0.799625 0.742317
vt 0.596159 0.725728
vt 0.676667 0.500000
vt 0.533198 0.702151
vt 0.502729 0.907748
vt 0.315429 0.689365
vt 0.215046 0.717794
vt 0.139986 0.551629
vt 0.365533 0.517965
vt 0.592775 0.342442
vt 0.523296 0.508923
vt 0.395346 0.376049
vt 0.510142 0.020803
vt 0.592582 0.143625
vt 0.414253 0.208459
s 0
g Cube.007_Material
usemtl Material
f 1035/2091/1636 1031/2092/1636 1038/2093/1636
f 1031/2092/1637 1030/2094/1637 1037/2095/1637
f 1038/2093/1638 1031/2092/1638 1036/2096/1638
f 1037/2097/1639 1030/2098/1639 1032/2099/1639
f 1032/2099/1640 1030/2100/1640 1034/2101/1640
f 1033/2102/1641 1037/2097/1641 1032/2099/1641
f 1038/2103/1642 1036/2104/1642 1033/2105/1642
f 1035/2091/1643 1030/2094/1643 1031/2092/1643
f 1030/2106/1644 1035/2107/1644 1034/2108/1644
f 1034/2108/1645 1035/2107/1645 1038/2103/1645
f 1034/2101/1646 1033/2102/1646 1032/2099/1646
f 1033/2102/1647 1036/2104/1647 1037/2097/1647
f 1036/2104/1648 1031/2092/1648 1037/2097/1648
f 1034/2108/1649 1038/2103/1649 1033/2105/1649
o Cube.008
v 11.350826 0.377495 -9.435429
v 11.383207 0.493138 -9.312215
v 11.318105 0.558105 -9.192861
v 11.215529 0.420617 -9.231662
v 11.116527 0.614046 -9.263369
v 11.140285 0.480440 -9.407144
v 11.312787 0.492795 -9.486363
v 11.276103 0.666767 -9.186781
v 11.257987 0.653814 -9.352502
vn 0.5427 -0.5771 0.6102
vn -0.1943 -0.1295 0.9724
vn -0.8800 -0.4116 0.2370
vn -0.3399 -0.4716 -0.8137
vn 0.7848 0.5318 -0.3184
vn 0.7976 0.5882 -0.1332
vn -0.5475 0.5660 -0.6164
vn -0.2950 0.9545 -0.0424
vn 0.8929 0.3279 0.3086
vn 0.5347 -0.6817 0.4993
vn -0.4147 -0.0635 0.9077
vn -0.4485 -0.8870 -0.1101
vn 0.9180 0.1388 -0.3715
vn -0.3895 0.5068 -0.7691
vt 0.551771 0.821043
vt 0.490236 0.981936
vt 0.443965 0.755163
vt 0.609545 0.740303
vt 0.579499 0.265268
vt 0.447677 0.232718
vt 0.490446 0.016300
vt 0.320967 0.499695
vt 0.242238 0.673984
vt 0.142687 0.564850
vt 0.543218 0.480597
vt 0.654480 0.663904
vt 0.651690 0.523626
vt 0.809399 0.589510
vt 0.375000 0.930496
vt 0.603518 0.001237
vt 0.583364 0.169025
vt 0.384386 0.054537
vt 0.382289 0.419599
s 0
g Cube.008_Material
usemtl Material
f 1041/2109/1650 1042/2110/1650 1040/2111/1650
f 1041/2109/1651 1046/2112/1651 1042/2110/1651
f 1043/2113/1652 1044/2114/1652 1042/2115/1652
f 1045/2116/1653 1039/2117/1653 1044/2118/1653
f 1047/2119/1654 1040/2111/1654 1045/2116/1654
f 1047/2119/1655 1046/2120/1655 1040/2111/1655
f 1043/2113/1656 1047/2119/1656 1044/2114/1656
f 1047/2121/1657 1043/2122/1657 1046/2120/1657
f 1046/2120/1658 1041/2109/1658 1040/2111/1658
f 1039/2123/1659 1040/2111/1659 1042/2110/1659
f 1046/2124/1660 1043/2125/1660 1042/2115/1660
f 1039/2126/1661 1042/2115/1661 1044/2114/1661
f 1039/2117/1662 1045/2116/1662 1040/2111/1662
f 1045/2127/1663 1044/2114/1663 1047/2119/1663
o Cube.009
v 11.319454 0.300162 -8.958971
v 11.483868 0.214337 -9.092804
v 11.247165 0.537632 -8.952446
v 11.069736 0.511285 -9.105689
v 11.483746 0.280299 -9.415738
v 11.671671 0.387847 -9.274355
v 11.169638 0.258126 -9.277767
v 11.523172 0.518376 -8.953142
v 11.675385 0.462346 -9.083003
v 11.493739 0.739897 -9.180211
v 11.232169 0.695297 -9.205991
v 11.368118 0.684636 -8.957782
v 11.375967 0.472944 -9.491248
v 11.110492 0.387816 -9.364219
v 11.484869 0.608232 -9.421461
v 11.268975 0.722038 -9.407141
vn 0.7680 -0.6017 0.2194
vn 0.4547 -0.3829 0.8041
vn 0.6384 0.5907 0.4935
vn -0.1798 0.9736 0.1403
vn 0.1328 0.3678 -0.9204
vn -0.7879 0.4981 -0.3621
vn -0.2794 -0.6175 -0.7353
vn 0.8503 0.4846 -0.2052
vn 0.8171 0.4929 -0.2991
vn 0.5539 -0.0164 -0.8325
vn 0.5797 -0.7983 -0.1633
vn -0.0187 -0.9796 -0.2001
vn -0.6045 0.6599 0.4461
vn -0.9193 -0.3913 0.0420
vn -0.7172 -0.5626 0.4112
vn -0.6211 -0.2098 0.7552
vn -0.2780 -0.9267 0.2528
vn 0.0006 -0.0273 0.9996
vn 0.4719 -0.4606 0.7518
vn 0.0048 0.0323 0.9995
vn 0.6256 0.5974 0.5017
vn -0.4559 0.1027 -0.8841
vn -0.9035 0.4143 -0.1102
vn -0.2526 -0.4723 -0.8445
vn 0.3924 0.8012 -0.4517
vn 0.6069 -0.0159 -0.7946
vn -0.1766 0.9794 0.0979
vt 0.875000 0.649805
vt 0.849233 0.683396
vt 0.832712 0.540342
vt 0.580473 0.024703
vt 0.534759 0.188184
vt 0.498710 0.020990
vt 0.437420 0.135101
vt 0.411456 0.342495
vt 0.213804 0.511922
vt 0.337875 0.601179
vt 0.185175 0.619999
vt 0.611440 0.548317
vt 0.438499 0.522151
vt 0.536413 0.434917
vt 0.517900 0.691047
vt 0.378975 0.759339
vt 0.724211 0.603714
vt 0.568883 0.768659
vt 0.609419 0.213408
vt 0.625000 0.382072
vt 0.588498 0.519208
vt 0.209844 0.718096
vt 0.479559 0.953620
vt 0.390901 0.953078
vt 0.565332 0.774863
vt 0.583031 0.973602
vt 0.389658 0.010551
vt 0.376620 0.114133
vt 0.125000 0.581137
vt 0.375000 0.421875
s 0
g Cube.009_Material
usemtl Material
f 1056/2128/1664 1049/2129/1664 1053/2130/1664
f 1049/2131/1665 1056/2132/1665 1048/2133/1665
f 1055/2134/1666 1056/2132/1666 1057/2135/1666
f 1057/2136/1667 1058/2137/1667 1059/2138/1667
f 1060/2139/1668 1063/2140/1668 1062/2141/1668
f 1061/2142/1669 1051/2143/1669 1058/2137/1669
f 1052/2144/1670 1054/2145/1670 1061/2142/1670
f 1053/2146/1671 1057/2135/1671 1056/2132/1671
f 1053/2146/1672 1062/2141/1672 1057/2135/1672
f 1062/2141/1673 1052/2147/1673 1060/2148/1673
f 1052/2144/1674 1053/2130/1674 1049/2129/1674
f 1052/2144/1675 1049/2129/1675 1054/2145/1675
f 1050/2149/1676 1059/2138/1676 1058/2137/1676 1051/2143/1676
f 1051/2143/1677 1061/2142/1677 1054/2145/1677
f 1054/2145/1678 1048/2150/1678 1051/2143/1678
f 1048/2150/1679 1050/2151/1679 1051/2143/1679
f 1054/2152/1680 1049/2153/1680 1048/2150/1680
f 1048/2133/1681 1055/2134/1681 1050/2154/1681
f 1055/2134/1682 1048/2133/1682 1056/2132/1682
f 1050/2154/1683 1055/2134/1683 1059/2155/1683
f 1057/2136/1684 1059/2138/1684 1055/2156/1684
f 1063/2140/1685 1060/2139/1685 1061/2142/1685
f 1063/2140/1686 1061/2142/1686 1058/2137/1686
f 1060/2139/1687 1052/2144/1687 1061/2142/1687
f 1057/2135/1688 1062/2141/1688 1063/2140/1688
f 1053/2146/1689 1052/2147/1689 1062/2141/1689
f 1058/2157/1690 1057/2135/1690 1063/2140/1690
o Cube.010
v 11.419848 0.345382 -9.224429
v 11.461480 0.468493 -9.172639
v 11.380437 0.618116 -9.152184
v 11.286673 0.385716 -9.259603
v 11.396226 0.255462 -9.107752
v 11.361564 0.542843 -9.026302
v 11.323398 0.605186 -9.286515
v 11.198035 0.485167 -9.126610
v 11.276861 0.265838 -9.168670
vn -0.4547 -0.2932 0.8410
vn -0.4141 -0.3127 0.8548
vn -0.7445 0.6162 0.2568
vn -0.4634 0.8440 0.2702
vn 0.8380 0.4037 0.3671
vn 0.3220 0.2725 -0.9067
vn 0.2204 -0.7937 -0.5670
vn 0.0267 -0.6055 -0.7954
vn 0.8073 -0.0688 0.5861
vn 0.5074 -0.1880 -0.8409
vn 0.7899 0.4800 -0.3816
vn -0.8809 -0.2382 -0.4090
vn -0.8079 0.0634 -0.5859
vn 0.9517 -0.3042 -0.0418
vt 0.856741 0.527884
vt 0.792799 0.664448
vt 0.661337 0.518959
vt 0.570885 0.667835
vt 0.614877 0.834550
vt 0.495616 0.943630
vt 0.319826 0.718976
vt 0.602263 0.105449
vt 0.455701 0.107225
vt 0.553174 0.006579
vt 0.371255 0.573451
vt 0.135465 0.689951
vt 0.165587 0.530358
vt 0.553103 0.308270
vt 0.565029 0.471740
vt 0.392929 0.256090
vt 0.405598 0.560759
vt 0.171875 0.750000
s 0
g Cube.010_Material
usemtl Material
f 1068/2158/1691 1069/2159/1691 1072/2160/1691
f 1072/2160/1692 1069/2159/1692 1071/2161/1692
f 1069/2162/1693 1066/2163/1693 1070/2164/1693
f 1071/2161/1694 1069/2162/1694 1070/2164/1694
f 1069/2165/1695 1065/2166/1695 1066/2167/1695
f 1067/2168/1696 1065/2169/1696 1064/2170/1696
f 1068/2171/1697 1072/2172/1697 1064/2173/1697
f 1072/2172/1698 1067/2174/1698 1064/2173/1698
f 1065/2166/1699 1069/2165/1699 1068/2171/1699
f 1067/2168/1700 1070/2164/1700 1065/2169/1700
f 1065/2169/1701 1070/2164/1701 1066/2175/1701
f 1072/2160/1702 1071/2161/1702 1067/2174/1702
f 1071/2161/1703 1070/2164/1703 1067/2174/1703
f 1064/2173/1704 1065/2166/1704 1068/2171/1704
o Cube.011
v 11.304605 0.476676 -8.959984
v 11.368164 0.255825 -9.235875
v 11.165422 0.358970 -9.199283
v 11.271971 0.278152 -9.014791
v 11.446775 0.332298 -9.022308
v 11.432088 0.515552 -9.116102
v 11.215140 0.545244 -9.126863
v 11.495711 0.427672 -9.213228
v 11.323997 0.444195 -9.270631
vn -0.2888 -0.2388 -0.9271
vn -0.4668 -0.8769 -0.1145
vn -0.8790 0.0129 0.4766
vn 0.1287 -0.2835 0.9503
vn 0.8983 0.2551 0.3577
vn 0.6674 0.3810 0.6399
vn 0.1123 0.9388 0.3255
vn 0.1419 0.8572 -0.4951
vn -0.5516 0.4260 -0.7171
vn 0.3065 -0.1027 -0.9463
vn 0.2599 0.7946 -0.5487
vn -0.8596 0.0311 0.5101
vn 0.2972 -0.9284 0.2231
vn 0.8054 -0.5864 -0.0865
vt 0.534218 0.539052
vt 0.807613 0.537738
vt 0.651467 0.712344
vt 0.812212 0.722590
vt 0.440472 0.699464
vt 0.505279 0.954605
vt 0.394685 0.910428
vt 0.529494 0.041599
vt 0.440272 0.169217
vt 0.407900 0.015209
vt 0.224689 0.500632
vt 0.298939 0.554231
vt 0.143822 0.628706
vt 0.350796 0.501919
vt 0.236030 0.724989
vt 0.358556 0.714558
vt 0.602122 0.296489
vt 0.527241 0.521298
vt 0.452229 0.375318
s 0
g Cube.011_Material
usemtl Material
f 1081/2176/1705 1074/2177/1705 1075/2178/1705
f 1075/2178/1706 1074/2177/1706 1076/2179/1706
f 1079/2180/1707 1076/2181/1707 1073/2182/1707
f 1076/2183/1708 1077/2184/1708 1073/2185/1708
f 1080/2186/1709 1078/2187/1709 1077/2188/1709
f 1077/2188/1710 1078/2189/1710 1073/2190/1710
f 1078/2189/1711 1079/2191/1711 1073/2190/1711
f 1078/2189/1712 1081/2176/1712 1079/2180/1712
f 1081/2176/1713 1075/2178/1713 1079/2180/1713
f 1074/2192/1714 1081/2193/1714 1080/2194/1714
f 1080/2194/1715 1081/2176/1715 1078/2189/1715
f 1075/2178/1716 1076/2181/1716 1079/2180/1716
f 1076/2183/1717 1074/2192/1717 1077/2184/1717
f 1074/2192/1718 1080/2194/1718 1077/2184/1718
o Cube.006
v 11.141031 0.310587 -8.951039
v 11.286955 0.323410 -9.036449
v 11.303837 0.423613 -8.875684
v 11.225574 0.249236 -8.957194
v 11.313914 0.323635 -8.920460
v 11.251690 0.313277 -8.826604
v 11.154763 0.387315 -8.917262
v 11.219110 0.376790 -9.054186
v 11.291360 0.455184 -8.963543
vn -0.4993 -0.7343 0.4599
vn 0.5490 -0.7886 0.2769
vn -0.3442 0.5126 0.7866
vn -0.3382 -0.6545 -0.6761
vn -0.4091 -0.4864 -0.7720
vn -0.5039 0.8103 -0.2991
vn -0.8421 0.3363 -0.4216
vn 0.5143 0.4019 -0.7576
vn 0.9698 0.0924 -0.2256
vn 0.9861 0.1396 -0.0899
vn 0.8312 -0.1553 0.5339
vn -0.7362 -0.1580 0.6581
vn -0.3143 0.8783 0.3602
vn 0.6733 -0.7229 -0.1551
vt 0.423616 0.817668
vt 0.438163 0.985880
vt 0.399025 0.926987
vt 0.584080 0.909473
vt 0.477709 0.045024
vt 0.607265 0.122218
vt 0.441545 0.286085
vt 0.565477 0.549583
vt 0.592013 0.712367
vt 0.289400 0.584684
vt 0.400831 0.754486
vt 0.615924 0.357557
vt 0.551199 0.540629
vt 0.429879 0.509305
vt 0.769145 0.562221
vt 0.604783 0.677624
vt 0.780055 0.741830
vt 0.860509 0.631959
vt 0.567506 0.015179
vt 0.377433 0.096481
s 0
g Cube.006_Material
usemtl Material
f 1085/2195/1719 1087/2196/1719 1082/2197/1719
f 1086/2198/1720 1087/2196/1720 1085/2195/1720
f 1087/2199/1721 1084/2200/1721 1088/2201/1721
f 1089/2202/1722 1083/2203/1722 1082/2204/1722
f 1083/2203/1723 1085/2205/1723 1082/2204/1723
f 1088/2201/1724 1090/2206/1724 1089/2207/1724
f 1089/2207/1725 1082/2208/1725 1088/2201/1725
f 1089/2202/1726 1090/2209/1726 1083/2210/1726
f 1083/2210/1727 1090/2209/1727 1086/2211/1727
f 1090/2209/1728 1084/2212/1728 1086/2211/1728
f 1086/2213/1729 1084/2200/1729 1087/2199/1729
f 1082/2214/1730 1087/2199/1730 1088/2201/1730
f 1088/2201/1731 1084/2200/1731 1090/2206/1731
f 1083/2203/1732 1086/2198/1732 1085/2195/1732
o Cube.007
v 11.265393 0.384173 -9.075795
v 11.328216 0.346011 -9.268002
v 11.275934 0.236327 -9.051165
v 11.171917 0.159476 -9.144740
v 11.107403 0.319267 -9.095971
v 11.189142 0.442915 -9.194290
v 11.249767 0.214242 -9.275170
v 11.363526 0.272444 -9.171349
v 11.164325 0.364534 -9.288118
vn 0.1638 0.7353 -0.6576
vn 0.8022 0.5786 0.1473
vn 0.1199 -0.0174 -0.9926
vn 0.7750 0.1572 0.6121
vn -0.1851 0.1486 0.9714
vn 0.5166 -0.8475 0.1218
vn -0.6796 -0.4371 -0.5892
vn 0.5817 0.8129 0.0287
vn -0.3697 0.7156 0.5926
vn -0.8757 0.4585 -0.1514
vn -0.4191 -0.4156 0.8072
vn 0.5002 -0.8635 -0.0640
vn 0.7211 -0.3985 -0.5668
vn -0.9058 -0.2648 -0.3307
vt 0.862532 0.586626
vt 0.666025 0.612825
vt 0.793538 0.524739
vt 0.799625 0.742317
vt 0.596159 0.725728
vt 0.676667 0.500000
vt 0.533198 0.702151
vt 0.502729 0.907748
vt 0.315429 0.689365
vt 0.215046 0.717794
vt 0.139986 0.551629
vt 0.365533 0.517965
vt 0.592775 0.342442
vt 0.523296 0.508923
vt 0.395346 0.376049
vt 0.510142 0.020803
vt 0.592582 0.143625
vt 0.414253 0.208459
s 0
g Cube.007_Material
usemtl Material
f 1096/2215/1733 1092/2216/1733 1099/2217/1733
f 1092/2216/1734 1091/2218/1734 1098/2219/1734
f 1099/2217/1735 1092/2216/1735 1097/2220/1735
f 1098/2221/1736 1091/2222/1736 1093/2223/1736
f 1093/2223/1737 1091/2224/1737 1095/2225/1737
f 1094/2226/1738 1098/2221/1738 1093/2223/1738
f 1099/2227/1739 1097/2228/1739 1094/2229/1739
f 1096/2215/1740 1091/2218/1740 1092/2216/1740
f 1091/2230/1741 1096/2231/1741 1095/2232/1741
f 1095/2232/1742 1096/2231/1742 1099/2227/1742
f 1095/2225/1743 1094/2226/1743 1093/2223/1743
f 1094/2226/1744 1097/2228/1744 1098/2221/1744
f 1097/2228/1745 1092/2216/1745 1098/2221/1745
f 1095/2232/1746 1099/2227/1746 1094/2229/1746
o Cube.008
v 11.304255 0.331260 -9.042734
v 11.200080 0.193447 -8.955199
v 11.063015 0.096602 -8.979703
v 11.104606 0.172828 -9.157601
v 10.890207 0.253573 -9.064814
v 11.057059 0.389840 -9.120617
v 11.202367 0.404692 -8.964055
v 10.945271 0.111400 -8.923494
v 10.994039 0.292367 -8.906264
vn 0.5890 -0.7835 -0.1980
vn -0.3137 -0.8440 -0.4350
vn -0.3717 0.0762 -0.9252
vn 0.3258 0.8638 -0.3843
vn 0.2481 0.0379 0.9680
vn 0.1658 -0.1377 0.9765
vn -0.5827 0.7906 0.1882
vn -0.8426 0.1787 0.5081
vn 0.2848 -0.5935 0.7528
vn 0.6868 -0.6808 -0.2546
vn -0.4885 -0.7030 -0.5169
vn 0.3416 0.2301 -0.9112
vn 0.6227 0.0260 0.7820
vn -0.3935 0.8750 0.2822
vt 0.551771 0.821043
vt 0.490236 0.981936
vt 0.443965 0.755163
vt 0.609545 0.740303
vt 0.579499 0.265268
vt 0.447677 0.232718
vt 0.490446 0.016300
vt 0.320967 0.499695
vt 0.242238 0.673984
vt 0.142687 0.564850
vt 0.543218 0.480597
vt 0.654480 0.663904
vt 0.651690 0.523626
vt 0.809399 0.589510
vt 0.375000 0.930496
vt 0.603518 0.001237
vt 0.583364 0.169025
vt 0.384386 0.054537
vt 0.382289 0.419599
s 0
g Cube.008_Material
usemtl Material
f 1102/2233/1747 1103/2234/1747 1101/2235/1747
f 1102/2233/1748 1107/2236/1748 1103/2234/1748
f 1104/2237/1749 1105/2238/1749 1103/2239/1749
f 1106/2240/1750 1100/2241/1750 1105/2242/1750
f 1108/2243/1751 1101/2235/1751 1106/2240/1751
f 1108/2243/1752 1107/2244/1752 1101/2235/1752
f 1104/2237/1753 1108/2243/1753 1105/2238/1753
f 1108/2245/1754 1104/2246/1754 1107/2244/1754
f 1107/2244/1755 1102/2233/1755 1101/2235/1755
f 1100/2247/1756 1101/2235/1756 1103/2234/1756
f 1107/2248/1757 1104/2249/1757 1103/2239/1757
f 1100/2250/1758 1103/2239/1758 1105/2238/1758
f 1100/2241/1759 1106/2240/1759 1101/2235/1759
f 1106/2251/1760 1105/2238/1760 1108/2243/1760
o Cube.009
v 11.382900 -0.012952 -9.133673
v 11.464153 0.159794 -9.018705
v 11.149501 -0.074664 -9.149650
v 11.110198 0.039013 -9.345542
v 11.334382 0.451305 -9.055024
v 11.297176 0.336642 -8.833767
v 11.328259 0.264224 -9.332821
v 11.216506 -0.016631 -8.895056
v 11.268582 0.144801 -8.784536
v 10.956374 0.152035 -8.910649
v 10.946027 0.132816 -9.169490
v 11.032553 -0.071638 -9.005615
v 11.119246 0.467451 -9.126649
v 11.178304 0.311143 -9.374013
v 11.026943 0.399668 -8.984717
v 10.885169 0.324115 -9.160594
vn 0.7649 0.0508 0.6421
vn 0.6244 -0.6146 0.4821
vn -0.3429 -0.4528 0.8230
vn -0.9362 -0.3457 0.0631
vn -0.5277 0.8472 0.0614
vn -0.7001 0.1013 -0.7068
vn 0.3820 0.7626 -0.5220
vn -0.3538 0.2816 0.8919
vn -0.3881 0.3639 0.8467
vn -0.0632 0.9159 0.3963
vn 0.8362 0.4167 0.3566
vn 0.8927 0.3644 -0.2651
vn -0.6468 -0.6693 -0.3656
vn 0.2163 -0.1550 -0.9639
vn 0.4974 -0.4394 -0.7480
vn 0.2512 -0.8145 -0.5230
vn 0.8927 -0.1334 -0.4305
vn 0.2427 -0.9577 0.1544
vn 0.6907 -0.5468 0.4732
vn 0.1862 -0.9674 0.1715
vn -0.3500 -0.4646 0.8134
vn -0.3732 0.7415 -0.5576
vn -0.5863 -0.1495 -0.7962
vn 0.2240 0.8471 -0.4818
vn -0.7945 0.3704 0.4813
vn -0.0458 0.8900 0.4536
vn -0.9504 -0.3052 0.0607
vt 0.875000 0.649805
vt 0.849233 0.683396
vt 0.832712 0.540342
vt 0.580473 0.024703
vt 0.534759 0.188184
vt 0.498710 0.020990
vt 0.437420 0.135101
vt 0.411456 0.342495
vt 0.213804 0.511922
vt 0.337875 0.601179
vt 0.185175 0.619999
vt 0.611440 0.548317
vt 0.438499 0.522151
vt 0.536413 0.434917
vt 0.517900 0.691047
vt 0.378975 0.759339
vt 0.724211 0.603714
vt 0.568883 0.768659
vt 0.609419 0.213408
vt 0.625000 0.382072
vt 0.588498 0.519208
vt 0.209844 0.718096
vt 0.479559 0.953620
vt 0.390901 0.953078
vt 0.565332 0.774863
vt 0.583031 0.973602
vt 0.389658 0.010551
vt 0.376620 0.114133
vt 0.125000 0.581137
vt 0.375000 0.421875
s 0
g Cube.009_Material
usemtl Material
f 1117/2252/1761 1110/2253/1761 1114/2254/1761
f 1110/2255/1762 1117/2256/1762 1109/2257/1762
f 1116/2258/1763 1117/2256/1763 1118/2259/1763
f 1118/2260/1764 1119/2261/1764 1120/2262/1764
f 1121/2263/1765 1124/2264/1765 1123/2265/1765
f 1122/2266/1766 1112/2267/1766 1119/2261/1766
f 1113/2268/1767 1115/2269/1767 1122/2266/1767
f 1114/2270/1768 1118/2259/1768 1117/2256/1768
f 1114/2270/1769 1123/2265/1769 1118/2259/1769
f 1123/2265/1770 1113/2271/1770 1121/2272/1770
f 1113/2268/1771 1114/2254/1771 1110/2253/1771
f 1113/2268/1772 1110/2253/1772 1115/2269/1772
f 1111/2273/1773 1120/2262/1773 1119/2261/1773 1112/2267/1773
f 1112/2267/1774 1122/2266/1774 1115/2269/1774
f 1115/2269/1775 1109/2274/1775 1112/2267/1775
f 1109/2274/1776 1111/2275/1776 1112/2267/1776
f 1115/2276/1777 1110/2277/1777 1109/2274/1777
f 1109/2257/1778 1116/2258/1778 1111/2278/1778
f 1116/2258/1779 1109/2257/1779 1117/2256/1779
f 1111/2278/1780 1116/2258/1780 1120/2279/1780
f 1118/2260/1781 1120/2262/1781 1116/2280/1781
f 1124/2264/1782 1121/2263/1782 1122/2266/1782
f 1124/2264/1783 1122/2266/1783 1119/2261/1783
f 1121/2263/1784 1113/2268/1784 1122/2266/1784
f 1118/2259/1785 1123/2265/1785 1124/2264/1785
f 1114/2270/1786 1113/2271/1786 1123/2265/1786
f 1119/2281/1787 1118/2259/1787 1124/2264/1787
o Cube.010
v 11.257583 0.103292 -9.179519
v 11.139706 0.185944 -9.183090
v 10.988542 0.180759 -9.092274
v 11.209502 0.008374 -9.077017
v 11.364829 0.182479 -9.103282
v 11.082175 0.272353 -9.014711
v 10.982522 0.031297 -9.111521
v 11.124727 0.092034 -8.924172
v 11.344029 0.068285 -9.027977
vn 0.3947 0.4546 0.7984
vn 0.4166 0.4845 0.7692
vn -0.5884 -0.0799 0.8046
vn -0.8079 0.1008 0.5806
vn -0.3385 0.7852 -0.5186
vn -0.3850 -0.5801 -0.7178
vn 0.7150 -0.4710 -0.5167
vn 0.4953 -0.7408 -0.4537
vn 0.1583 0.8994 -0.4075
vn 0.0830 -0.4868 -0.8696
vn -0.5139 0.1299 -0.8480
vn 0.1682 -0.8224 0.5434
vn -0.1529 -0.9001 0.4079
vn 0.3109 0.4062 -0.8593
vt 0.856741 0.527884
vt 0.792799 0.664448
vt 0.661337 0.518959
vt 0.570885 0.667835
vt 0.614877 0.834550
vt 0.495616 0.943630
vt 0.319826 0.718976
vt 0.602263 0.105449
vt 0.455701 0.107225
vt 0.553174 0.006579
vt 0.371255 0.573451
vt 0.135465 0.689951
vt 0.165587 0.530358
vt 0.553103 0.308270
vt 0.565029 0.471740
vt 0.392929 0.256090
vt 0.405598 0.560759
vt 0.171875 0.750000
s 0
g Cube.010_Material
usemtl Material
f 1129/2282/1788 1130/2283/1788 1133/2284/1788
f 1133/2284/1789 1130/2283/1789 1132/2285/1789
f 1130/2286/1790 1127/2287/1790 1131/2288/1790
f 1132/2285/1791 1130/2286/1791 1131/2288/1791
f 1130/2289/1792 1126/2290/1792 1127/2291/1792
f 1128/2292/1793 1126/2293/1793 1125/2294/1793
f 1129/2295/1794 1133/2296/1794 1125/2297/1794
f 1133/2296/1795 1128/2298/1795 1125/2297/1795
f 1126/2290/1796 1130/2289/1796 1129/2295/1796
f 1128/2292/1797 1131/2288/1797 1126/2293/1797
f 1126/2293/1798 1131/2288/1798 1127/2299/1798
f 1133/2284/1799 1132/2285/1799 1128/2298/1799
f 1132/2285/1800 1131/2288/1800 1128/2298/1800
f 1125/2297/1801 1126/2290/1801 1129/2295/1801
o Cube.011
v 10.968623 0.021606 -9.026615
v 11.359024 -0.021730 -9.067247
v 11.192188 -0.076140 -9.250028
v 11.127497 -0.143517 -9.017488
v 11.161378 0.013317 -8.895720
v 11.118760 0.190122 -9.031523
v 11.032432 0.083109 -9.229583
v 11.277134 0.192235 -9.007853
v 11.253775 0.119483 -9.192622
vn 0.7437 -0.0383 -0.6674
vn 0.4383 -0.8886 -0.1355
vn -0.6493 -0.6468 -0.4001
vn -0.5138 -0.4541 0.7279
vn -0.1275 0.5847 0.8012
vn -0.4867 0.4553 0.7455
vn -0.7467 0.6643 -0.0335
vn -0.0712 0.8902 -0.4500
vn 0.1205 0.2444 -0.9622
vn 0.8714 0.4088 -0.2711
vn 0.0430 0.9277 -0.3707
vn -0.6787 -0.6331 -0.3722
vn 0.4581 -0.6048 0.6514
vn 0.6592 0.0439 0.7506
vt 0.534218 0.539052
vt 0.807613 0.537738
vt 0.651467 0.712344
vt 0.812212 0.722590
vt 0.440472 0.699464
vt 0.505279 0.954605
vt 0.394685 0.910428
vt 0.529494 0.041599
vt 0.440272 0.169217
vt 0.407900 0.015209
vt 0.224689 0.500632
vt 0.298939 0.554231
vt 0.143822 0.628706
vt 0.350796 0.501919
vt 0.236030 0.724989
vt 0.358556 0.714558
vt 0.602122 0.296489
vt 0.527241 0.521298
vt 0.452229 0.375318
s 0
g Cube.011_Material
usemtl Material
f 1142/2300/1802 1135/2301/1802 1136/2302/1802
f 1136/2302/1803 1135/2301/1803 1137/2303/1803
f 1140/2304/1804 1137/2305/1804 1134/2306/1804
f 1137/2307/1805 1138/2308/1805 1134/2309/1805
f 1141/2310/1806 1139/2311/1806 1138/2312/1806
f 1138/2312/1807 1139/2313/1807 1134/2314/1807
f 1139/2313/1808 1140/2315/1808 1134/2314/1808
f 1139/2313/1809 1142/2300/1809 1140/2304/1809
f 1142/2300/1810 1136/2302/1810 1140/2304/1810
f 1135/2316/1811 1142/2317/1811 1141/2318/1811
f 1141/2318/1812 1142/2300/1812 1139/2313/1812
f 1136/2302/1813 1137/2305/1813 1140/2304/1813
f 1137/2307/1814 1135/2316/1814 1138/2308/1814
f 1135/2316/1815 1141/2318/1815 1138/2308/1815
